din_instante;nom_subsistema_origem;nom_subsistema_destino;val_intercambiomwmed
2024-01-01 00:00:00;NORTE;SUDESTE/CENTRO-OESTE;-3760.924
2024-01-01 01:00:00;NORTE;SUDESTE/CENTRO-OESTE;-3717.566
2024-01-01 02:00:00;NORTE;SUDESTE/CENTRO-OESTE;-3779.421
2024-01-01 03:00:00;NORTE;SUDESTE/CENTRO-OESTE;-3657.991
2024-01-01 04:00:00;NORTE;SUDESTE/CENTRO-OESTE;-3611.318
2024-01-01 05:00:00;NORTE;SUDESTE/CENTRO-OESTE;-3580.115
2024-01-01 06:00:00;NORTE;SUDESTE/CENTRO-OESTE;-3406.35
2024-01-01 07:00:00;NORTE;SUDESTE/CENTRO-OESTE;-2898.352
2024-01-01 08:00:00;NORTE;SUDESTE/CENTRO-OESTE;-2307.81
2024-01-01 09:00:00;NORTE;SUDESTE/CENTRO-OESTE;-1433.69
2024-01-01 10:00:00;NORTE;SUDESTE/CENTRO-OESTE;-1298.205
2024-01-01 11:00:00;NORTE;SUDESTE/CENTRO-OESTE;-936.311
2024-01-01 12:00:00;NORTE;SUDESTE/CENTRO-OESTE;-1030.645
2024-01-01 13:00:00;NORTE;SUDESTE/CENTRO-OESTE;-1177.688
2024-01-01 14:00:00;NORTE;SUDESTE/CENTRO-OESTE;-1000.299
2024-01-01 15:00:00;NORTE;SUDESTE/CENTRO-OESTE;-1201.486
2024-01-01 16:00:00;NORTE;SUDESTE/CENTRO-OESTE;-1654.951
2024-01-01 17:00:00;NORTE;SUDESTE/CENTRO-OESTE;-2204.224
2024-01-01 18:00:00;NORTE;SUDESTE/CENTRO-OESTE;-2629.681
2024-01-01 19:00:00;NORTE;SUDESTE/CENTRO-OESTE;-3424.848
2024-01-01 20:00:00;NORTE;SUDESTE/CENTRO-OESTE;-3459.963
2024-01-01 21:00:00;NORTE;SUDESTE/CENTRO-OESTE;-3631.262
2024-01-01 22:00:00;NORTE;SUDESTE/CENTRO-OESTE;-3960.874
2024-01-01 23:00:00;NORTE;SUDESTE/CENTRO-OESTE;-4065.92
2024-01-02 00:00:00;NORTE;SUDESTE/CENTRO-OESTE;-4459.185
2024-01-02 01:00:00;NORTE;SUDESTE/CENTRO-OESTE;-4488.799
2024-01-02 02:00:00;NORTE;SUDESTE/CENTRO-OESTE;-4471.542
2024-01-02 03:00:00;NORTE;SUDESTE/CENTRO-OESTE;-4394.576
2024-01-02 04:00:00;NORTE;SUDESTE/CENTRO-OESTE;-4395.48899999
2024-01-02 05:00:00;NORTE;SUDESTE/CENTRO-OESTE;-4221.30599999
2024-01-02 06:00:00;NORTE;SUDESTE/CENTRO-OESTE;-3711.906
2024-01-02 07:00:00;NORTE;SUDESTE/CENTRO-OESTE;-2922.487
2024-01-02 08:00:00;NORTE;SUDESTE/CENTRO-OESTE;-2800.424
2024-01-02 09:00:00;NORTE;SUDESTE/CENTRO-OESTE;-2641.969
2024-01-02 10:00:00;NORTE;SUDESTE/CENTRO-OESTE;-2423.60399999
2024-01-02 11:00:00;NORTE;SUDESTE/CENTRO-OESTE;-2196.473
2024-01-02 12:00:00;NORTE;SUDESTE/CENTRO-OESTE;-1833.801
2024-01-02 13:00:00;NORTE;SUDESTE/CENTRO-OESTE;-1723.372
2024-01-02 14:00:00;NORTE;SUDESTE/CENTRO-OESTE;-1491.416
2024-01-02 15:00:00;NORTE;SUDESTE/CENTRO-OESTE;-1680.294
2024-01-02 16:00:00;NORTE;SUDESTE/CENTRO-OESTE;-2158.89
2024-01-02 17:00:00;NORTE;SUDESTE/CENTRO-OESTE;-2259.168
2024-01-02 18:00:00;NORTE;SUDESTE/CENTRO-OESTE;-1957.653
2024-01-02 19:00:00;NORTE;SUDESTE/CENTRO-OESTE;-1921.943
2024-01-02 20:00:00;NORTE;SUDESTE/CENTRO-OESTE;-2002.172
2024-01-02 21:00:00;NORTE;SUDESTE/CENTRO-OESTE;-2120.786
2024-01-02 22:00:00;NORTE;SUDESTE/CENTRO-OESTE;-2433.722
2024-01-02 23:00:00;NORTE;SUDESTE/CENTRO-OESTE;-3207.046
2024-01-03 00:00:00;NORTE;SUDESTE/CENTRO-OESTE;-4226.48899999
2024-01-03 01:00:00;NORTE;SUDESTE/CENTRO-OESTE;-4617.75
2024-01-03 02:00:00;NORTE;SUDESTE/CENTRO-OESTE;-4470.923
2024-01-03 03:00:00;NORTE;SUDESTE/CENTRO-OESTE;-4400.81099999
2024-01-03 04:00:00;NORTE;SUDESTE/CENTRO-OESTE;-4198.143
2024-01-03 05:00:00;NORTE;SUDESTE/CENTRO-OESTE;-3851.844
2024-01-03 06:00:00;NORTE;SUDESTE/CENTRO-OESTE;-3035.347
2024-01-03 07:00:00;NORTE;SUDESTE/CENTRO-OESTE;-2395.415
2024-01-03 08:00:00;NORTE;SUDESTE/CENTRO-OESTE;-2055.654
2024-01-03 09:00:00;NORTE;SUDESTE/CENTRO-OESTE;-1460.887
2024-01-03 10:00:00;NORTE;SUDESTE/CENTRO-OESTE;-1080.94
2024-01-03 11:00:00;NORTE;SUDESTE/CENTRO-OESTE;-1003.115
2024-01-03 12:00:00;NORTE;SUDESTE/CENTRO-OESTE;-778.47
2024-01-03 13:00:00;NORTE;SUDESTE/CENTRO-OESTE;-643.727
2024-01-03 14:00:00;NORTE;SUDESTE/CENTRO-OESTE;-980.654
2024-01-03 15:00:00;NORTE;SUDESTE/CENTRO-OESTE;-848.688
2024-01-03 16:00:00;NORTE;SUDESTE/CENTRO-OESTE;-1134.69699999
2024-01-03 17:00:00;NORTE;SUDESTE/CENTRO-OESTE;-1535.896
2024-01-03 18:00:00;NORTE;SUDESTE/CENTRO-OESTE;-1673.866
2024-01-03 19:00:00;NORTE;SUDESTE/CENTRO-OESTE;-1619.376
2024-01-03 20:00:00;NORTE;SUDESTE/CENTRO-OESTE;-1457.022
2024-01-03 21:00:00;NORTE;SUDESTE/CENTRO-OESTE;-1871.535
2024-01-03 22:00:00;NORTE;SUDESTE/CENTRO-OESTE;-2496.236
2024-01-03 23:00:00;NORTE;SUDESTE/CENTRO-OESTE;-3786.108
2024-01-04 00:00:00;NORTE;SUDESTE/CENTRO-OESTE;-4328.501
2024-01-04 01:00:00;NORTE;SUDESTE/CENTRO-OESTE;-4291.353
2024-01-04 02:00:00;NORTE;SUDESTE/CENTRO-OESTE;-4345.157
2024-01-04 03:00:00;NORTE;SUDESTE/CENTRO-OESTE;-4286.207
2024-01-04 04:00:00;NORTE;SUDESTE/CENTRO-OESTE;-4298.734
2024-01-04 05:00:00;NORTE;SUDESTE/CENTRO-OESTE;-4073.855
2024-01-04 06:00:00;NORTE;SUDESTE/CENTRO-OESTE;-3356.896
2024-01-04 07:00:00;NORTE;SUDESTE/CENTRO-OESTE;-2378.458
2024-01-04 08:00:00;NORTE;SUDESTE/CENTRO-OESTE;-1607.229
2024-01-04 09:00:00;NORTE;SUDESTE/CENTRO-OESTE;-1232.621
2024-01-04 10:00:00;NORTE;SUDESTE/CENTRO-OESTE;-926.658
2024-01-04 11:00:00;NORTE;SUDESTE/CENTRO-OESTE;-518.652
2024-01-04 12:00:00;NORTE;SUDESTE/CENTRO-OESTE;-165.237
2024-01-04 13:00:00;NORTE;SUDESTE/CENTRO-OESTE;-400.05
2024-01-04 14:00:00;NORTE;SUDESTE/CENTRO-OESTE;-952.474
2024-01-04 15:00:00;NORTE;SUDESTE/CENTRO-OESTE;-1221.518
2024-01-04 16:00:00;NORTE;SUDESTE/CENTRO-OESTE;-1338.414
2024-01-04 17:00:00;NORTE;SUDESTE/CENTRO-OESTE;-1498.45
2024-01-04 18:00:00;NORTE;SUDESTE/CENTRO-OESTE;-1338.874
2024-01-04 19:00:00;NORTE;SUDESTE/CENTRO-OESTE;-801.104
2024-01-04 20:00:00;NORTE;SUDESTE/CENTRO-OESTE;-256.514
2024-01-04 21:00:00;NORTE;SUDESTE/CENTRO-OESTE;-739.719
2024-01-04 22:00:00;NORTE;SUDESTE/CENTRO-OESTE;-1587.737
2024-01-04 23:00:00;NORTE;SUDESTE/CENTRO-OESTE;-2903.892
2024-01-05 00:00:00;NORTE;SUDESTE/CENTRO-OESTE;-3601.936
2024-01-05 01:00:00;NORTE;SUDESTE/CENTRO-OESTE;-3898.08
2024-01-05 02:00:00;NORTE;SUDESTE/CENTRO-OESTE;-4083.715
2024-01-05 03:00:00;NORTE;SUDESTE/CENTRO-OESTE;-3700.856
2024-01-05 04:00:00;NORTE;SUDESTE/CENTRO-OESTE;-3453.255
2024-01-05 05:00:00;NORTE;SUDESTE/CENTRO-OESTE;-3377.037
2024-01-05 06:00:00;NORTE;SUDESTE/CENTRO-OESTE;-2604.80499999
2024-01-05 07:00:00;NORTE;SUDESTE/CENTRO-OESTE;-2043.184
2024-01-05 08:00:00;NORTE;SUDESTE/CENTRO-OESTE;-1631.195
2024-01-05 09:00:00;NORTE;SUDESTE/CENTRO-OESTE;-1054.346
2024-01-05 10:00:00;NORTE;SUDESTE/CENTRO-OESTE;-705.025
2024-01-05 11:00:00;NORTE;SUDESTE/CENTRO-OESTE;-419.617
2024-01-05 12:00:00;NORTE;SUDESTE/CENTRO-OESTE;-312.886
2024-01-05 13:00:00;NORTE;SUDESTE/CENTRO-OESTE;-638.7
2024-01-05 14:00:00;NORTE;SUDESTE/CENTRO-OESTE;-1067.896
2024-01-05 15:00:00;NORTE;SUDESTE/CENTRO-OESTE;-1164.60899999
2024-01-05 16:00:00;NORTE;SUDESTE/CENTRO-OESTE;-1391.374
2024-01-05 17:00:00;NORTE;SUDESTE/CENTRO-OESTE;-1504.472
2024-01-05 18:00:00;NORTE;SUDESTE/CENTRO-OESTE;-1321.05199999
2024-01-05 19:00:00;NORTE;SUDESTE/CENTRO-OESTE;-590.071
2024-01-05 20:00:00;NORTE;SUDESTE/CENTRO-OESTE;-242.258
2024-01-05 21:00:00;NORTE;SUDESTE/CENTRO-OESTE;-776.437
2024-01-05 22:00:00;NORTE;SUDESTE/CENTRO-OESTE;-1433.79299999
2024-01-05 23:00:00;NORTE;SUDESTE/CENTRO-OESTE;-2538.353
2024-01-06 00:00:00;NORTE;SUDESTE/CENTRO-OESTE;-3983.176
2024-01-06 01:00:00;NORTE;SUDESTE/CENTRO-OESTE;-4533.32399999
2024-01-06 02:00:00;NORTE;SUDESTE/CENTRO-OESTE;-4714.572
2024-01-06 03:00:00;NORTE;SUDESTE/CENTRO-OESTE;-4700.35499999
2024-01-06 04:00:00;NORTE;SUDESTE/CENTRO-OESTE;-4648.69899999
2024-01-06 05:00:00;NORTE;SUDESTE/CENTRO-OESTE;-4072.138
2024-01-06 06:00:00;NORTE;SUDESTE/CENTRO-OESTE;-2546.121
2024-01-06 07:00:00;NORTE;SUDESTE/CENTRO-OESTE;-1044.724
2024-01-06 08:00:00;NORTE;SUDESTE/CENTRO-OESTE;-263.915
2024-01-06 09:00:00;NORTE;SUDESTE/CENTRO-OESTE;372.783
2024-01-06 10:00:00;NORTE;SUDESTE/CENTRO-OESTE;839.526
2024-01-06 11:00:00;NORTE;SUDESTE/CENTRO-OESTE;823.075
2024-01-06 12:00:00;NORTE;SUDESTE/CENTRO-OESTE;787.554
2024-01-06 13:00:00;NORTE;SUDESTE/CENTRO-OESTE;549.831
2024-01-06 14:00:00;NORTE;SUDESTE/CENTRO-OESTE;226.374
2024-01-06 15:00:00;NORTE;SUDESTE/CENTRO-OESTE;101.848
2024-01-06 16:00:00;NORTE;SUDESTE/CENTRO-OESTE;-142.03299999
2024-01-06 17:00:00;NORTE;SUDESTE/CENTRO-OESTE;-824.819
2024-01-06 18:00:00;NORTE;SUDESTE/CENTRO-OESTE;-864.47
2024-01-06 19:00:00;NORTE;SUDESTE/CENTRO-OESTE;-307.663
2024-01-06 20:00:00;NORTE;SUDESTE/CENTRO-OESTE;-493.825
2024-01-06 21:00:00;NORTE;SUDESTE/CENTRO-OESTE;-1000.941
2024-01-06 22:00:00;NORTE;SUDESTE/CENTRO-OESTE;-1434.675
2024-01-06 23:00:00;NORTE;SUDESTE/CENTRO-OESTE;-2052.114
2024-01-07 00:00:00;NORTE;SUDESTE/CENTRO-OESTE;-3283.998
2024-01-07 01:00:00;NORTE;SUDESTE/CENTRO-OESTE;-4148.968
2024-01-07 02:00:00;NORTE;SUDESTE/CENTRO-OESTE;-4441.666
2024-01-07 03:00:00;NORTE;SUDESTE/CENTRO-OESTE;-4386.719
2024-01-07 04:00:00;NORTE;SUDESTE/CENTRO-OESTE;-4311.615
2024-01-07 05:00:00;NORTE;SUDESTE/CENTRO-OESTE;-4055.345
2024-01-07 06:00:00;NORTE;SUDESTE/CENTRO-OESTE;-2852.601
2024-01-07 07:00:00;NORTE;SUDESTE/CENTRO-OESTE;-1088.084
2024-01-07 08:00:00;NORTE;SUDESTE/CENTRO-OESTE;-330.951
2024-01-07 09:00:00;NORTE;SUDESTE/CENTRO-OESTE;-91.411
2024-01-07 10:00:00;NORTE;SUDESTE/CENTRO-OESTE;-16.252
2024-01-07 11:00:00;NORTE;SUDESTE/CENTRO-OESTE;201.866
2024-01-07 12:00:00;NORTE;SUDESTE/CENTRO-OESTE;241.511
2024-01-07 13:00:00;NORTE;SUDESTE/CENTRO-OESTE;224.365
2024-01-07 14:00:00;NORTE;SUDESTE/CENTRO-OESTE;130.59899999
2024-01-07 15:00:00;NORTE;SUDESTE/CENTRO-OESTE;-31.809
2024-01-07 16:00:00;NORTE;SUDESTE/CENTRO-OESTE;-403.799
2024-01-07 17:00:00;NORTE;SUDESTE/CENTRO-OESTE;-1277.46
2024-01-07 18:00:00;NORTE;SUDESTE/CENTRO-OESTE;-1608.518
2024-01-07 19:00:00;NORTE;SUDESTE/CENTRO-OESTE;-1532.165
2024-01-07 20:00:00;NORTE;SUDESTE/CENTRO-OESTE;-1302.74
2024-01-07 21:00:00;NORTE;SUDESTE/CENTRO-OESTE;-1122.57199999
2024-01-07 22:00:00;NORTE;SUDESTE/CENTRO-OESTE;-1655.948
2024-01-07 23:00:00;NORTE;SUDESTE/CENTRO-OESTE;-2438.297
2024-01-08 00:00:00;NORTE;SUDESTE/CENTRO-OESTE;-2896.684
2024-01-08 01:00:00;NORTE;SUDESTE/CENTRO-OESTE;-3251.989
2024-01-08 02:00:00;NORTE;SUDESTE/CENTRO-OESTE;-3807.481
2024-01-08 03:00:00;NORTE;SUDESTE/CENTRO-OESTE;-3919.796
2024-01-08 04:00:00;NORTE;SUDESTE/CENTRO-OESTE;-3878.787
2024-01-08 05:00:00;NORTE;SUDESTE/CENTRO-OESTE;-3570.813
2024-01-08 06:00:00;NORTE;SUDESTE/CENTRO-OESTE;-2863.636
2024-01-08 07:00:00;NORTE;SUDESTE/CENTRO-OESTE;-2227.52599999
2024-01-08 08:00:00;NORTE;SUDESTE/CENTRO-OESTE;-2038.515
2024-01-08 09:00:00;NORTE;SUDESTE/CENTRO-OESTE;-1904.893
2024-01-08 10:00:00;NORTE;SUDESTE/CENTRO-OESTE;-1757.194
2024-01-08 11:00:00;NORTE;SUDESTE/CENTRO-OESTE;-1429.6
2024-01-08 12:00:00;NORTE;SUDESTE/CENTRO-OESTE;-1352.432
2024-01-08 13:00:00;NORTE;SUDESTE/CENTRO-OESTE;-1546.541
2024-01-08 14:00:00;NORTE;SUDESTE/CENTRO-OESTE;-1643.959
2024-01-08 15:00:00;NORTE;SUDESTE/CENTRO-OESTE;-1671.863
2024-01-08 16:00:00;NORTE;SUDESTE/CENTRO-OESTE;-1750.956
2024-01-08 17:00:00;NORTE;SUDESTE/CENTRO-OESTE;-1819.257
2024-01-08 18:00:00;NORTE;SUDESTE/CENTRO-OESTE;-1825.142
2024-01-08 19:00:00;NORTE;SUDESTE/CENTRO-OESTE;-1174.617
2024-01-08 20:00:00;NORTE;SUDESTE/CENTRO-OESTE;-855.074
2024-01-08 21:00:00;NORTE;SUDESTE/CENTRO-OESTE;-1023.313
2024-01-08 22:00:00;NORTE;SUDESTE/CENTRO-OESTE;-1425.646
2024-01-08 23:00:00;NORTE;SUDESTE/CENTRO-OESTE;-2294.583
2024-01-09 00:00:00;NORTE;SUDESTE/CENTRO-OESTE;-3050.13
2024-01-09 01:00:00;NORTE;SUDESTE/CENTRO-OESTE;-3447.979
2024-01-09 02:00:00;NORTE;SUDESTE/CENTRO-OESTE;-3495.306
2024-01-09 03:00:00;NORTE;SUDESTE/CENTRO-OESTE;-3194.215
2024-01-09 04:00:00;NORTE;SUDESTE/CENTRO-OESTE;-2819.096
2024-01-09 05:00:00;NORTE;SUDESTE/CENTRO-OESTE;-2154.783
2024-01-09 06:00:00;NORTE;SUDESTE/CENTRO-OESTE;-1077.909
2024-01-09 07:00:00;NORTE;SUDESTE/CENTRO-OESTE;100.19799999
2024-01-09 08:00:00;NORTE;SUDESTE/CENTRO-OESTE;534.676
2024-01-09 09:00:00;NORTE;SUDESTE/CENTRO-OESTE;235.316
2024-01-09 10:00:00;NORTE;SUDESTE/CENTRO-OESTE;118.882
2024-01-09 11:00:00;NORTE;SUDESTE/CENTRO-OESTE;43.761
2024-01-09 12:00:00;NORTE;SUDESTE/CENTRO-OESTE;345.523
2024-01-09 13:00:00;NORTE;SUDESTE/CENTRO-OESTE;308.707
2024-01-09 14:00:00;NORTE;SUDESTE/CENTRO-OESTE;398.912
2024-01-09 15:00:00;NORTE;SUDESTE/CENTRO-OESTE;619.892
2024-01-09 16:00:00;NORTE;SUDESTE/CENTRO-OESTE;479.436
2024-01-09 17:00:00;NORTE;SUDESTE/CENTRO-OESTE;121.5
2024-01-09 18:00:00;NORTE;SUDESTE/CENTRO-OESTE;128.07499999
2024-01-09 19:00:00;NORTE;SUDESTE/CENTRO-OESTE;579.765
2024-01-09 20:00:00;NORTE;SUDESTE/CENTRO-OESTE;752.644
2024-01-09 21:00:00;NORTE;SUDESTE/CENTRO-OESTE;520.09799999
2024-01-09 22:00:00;NORTE;SUDESTE/CENTRO-OESTE;438.486
2024-01-09 23:00:00;NORTE;SUDESTE/CENTRO-OESTE;-386.194
2024-01-10 00:00:00;NORTE;SUDESTE/CENTRO-OESTE;-749.294
2024-01-10 01:00:00;NORTE;SUDESTE/CENTRO-OESTE;-1004.151
2024-01-10 02:00:00;NORTE;SUDESTE/CENTRO-OESTE;-1279.584
2024-01-10 03:00:00;NORTE;SUDESTE/CENTRO-OESTE;-1161.17699999
2024-01-10 04:00:00;NORTE;SUDESTE/CENTRO-OESTE;-1078.728
2024-01-10 05:00:00;NORTE;SUDESTE/CENTRO-OESTE;-962.205
2024-01-10 06:00:00;NORTE;SUDESTE/CENTRO-OESTE;-70.3
2024-01-10 07:00:00;NORTE;SUDESTE/CENTRO-OESTE;520.638
2024-01-10 08:00:00;NORTE;SUDESTE/CENTRO-OESTE;249.357
2024-01-10 09:00:00;NORTE;SUDESTE/CENTRO-OESTE;-108.147
2024-01-10 10:00:00;NORTE;SUDESTE/CENTRO-OESTE;-171.383
2024-01-10 11:00:00;NORTE;SUDESTE/CENTRO-OESTE;37.301
2024-01-10 12:00:00;NORTE;SUDESTE/CENTRO-OESTE;156.872
2024-01-10 13:00:00;NORTE;SUDESTE/CENTRO-OESTE;267.16199999
2024-01-10 14:00:00;NORTE;SUDESTE/CENTRO-OESTE;5.72
2024-01-10 15:00:00;NORTE;SUDESTE/CENTRO-OESTE;625.544
2024-01-10 16:00:00;NORTE;SUDESTE/CENTRO-OESTE;1365.43699999
2024-01-10 17:00:00;NORTE;SUDESTE/CENTRO-OESTE;982.935
2024-01-10 18:00:00;NORTE;SUDESTE/CENTRO-OESTE;711.66099999
2024-01-10 19:00:00;NORTE;SUDESTE/CENTRO-OESTE;1098.683
2024-01-10 20:00:00;NORTE;SUDESTE/CENTRO-OESTE;1824.131
2024-01-10 21:00:00;NORTE;SUDESTE/CENTRO-OESTE;1663.203
2024-01-10 22:00:00;NORTE;SUDESTE/CENTRO-OESTE;550.784
2024-01-10 23:00:00;NORTE;SUDESTE/CENTRO-OESTE;-529.928
2024-01-11 00:00:00;NORTE;SUDESTE/CENTRO-OESTE;-829.241
2024-01-11 01:00:00;NORTE;SUDESTE/CENTRO-OESTE;-1162.33
2024-01-11 02:00:00;NORTE;SUDESTE/CENTRO-OESTE;-1324.375
2024-01-11 03:00:00;NORTE;SUDESTE/CENTRO-OESTE;-1446.27399999
2024-01-11 04:00:00;NORTE;SUDESTE/CENTRO-OESTE;-1524.733
2024-01-11 05:00:00;NORTE;SUDESTE/CENTRO-OESTE;-1176.791
2024-01-11 06:00:00;NORTE;SUDESTE/CENTRO-OESTE;-281.785
2024-01-11 07:00:00;NORTE;SUDESTE/CENTRO-OESTE;607.399
2024-01-11 08:00:00;NORTE;SUDESTE/CENTRO-OESTE;621.12199999
2024-01-11 09:00:00;NORTE;SUDESTE/CENTRO-OESTE;901.341
2024-01-11 10:00:00;NORTE;SUDESTE/CENTRO-OESTE;1800.317
2024-01-11 11:00:00;NORTE;SUDESTE/CENTRO-OESTE;1874.019
2024-01-11 12:00:00;NORTE;SUDESTE/CENTRO-OESTE;1789.118
2024-01-11 13:00:00;NORTE;SUDESTE/CENTRO-OESTE;1306.365
2024-01-11 14:00:00;NORTE;SUDESTE/CENTRO-OESTE;1094.134
2024-01-11 15:00:00;NORTE;SUDESTE/CENTRO-OESTE;908.511
2024-01-11 16:00:00;NORTE;SUDESTE/CENTRO-OESTE;1540.319
2024-01-11 17:00:00;NORTE;SUDESTE/CENTRO-OESTE;1355.319
2024-01-11 18:00:00;NORTE;SUDESTE/CENTRO-OESTE;1343.065
2024-01-11 19:00:00;NORTE;SUDESTE/CENTRO-OESTE;1637.515
2024-01-11 20:00:00;NORTE;SUDESTE/CENTRO-OESTE;1586.068
2024-01-11 21:00:00;NORTE;SUDESTE/CENTRO-OESTE;1220.267
2024-01-11 22:00:00;NORTE;SUDESTE/CENTRO-OESTE;285.35199999
2024-01-11 23:00:00;NORTE;SUDESTE/CENTRO-OESTE;-1033.751
2024-01-12 00:00:00;NORTE;SUDESTE/CENTRO-OESTE;-1031.462
2024-01-12 01:00:00;NORTE;SUDESTE/CENTRO-OESTE;-1131.71
2024-01-12 02:00:00;NORTE;SUDESTE/CENTRO-OESTE;-997.258
2024-01-12 03:00:00;NORTE;SUDESTE/CENTRO-OESTE;-819.5
2024-01-12 04:00:00;NORTE;SUDESTE/CENTRO-OESTE;-770.348
2024-01-12 05:00:00;NORTE;SUDESTE/CENTRO-OESTE;-846.414
2024-01-12 06:00:00;NORTE;SUDESTE/CENTRO-OESTE;-799.78599999
2024-01-12 07:00:00;NORTE;SUDESTE/CENTRO-OESTE;194.816
2024-01-12 08:00:00;NORTE;SUDESTE/CENTRO-OESTE;447.198
2024-01-12 09:00:00;NORTE;SUDESTE/CENTRO-OESTE;549.461
2024-01-12 10:00:00;NORTE;SUDESTE/CENTRO-OESTE;1027.423
2024-01-12 11:00:00;NORTE;SUDESTE/CENTRO-OESTE;1031.602
2024-01-12 12:00:00;NORTE;SUDESTE/CENTRO-OESTE;1274.541
2024-01-12 13:00:00;NORTE;SUDESTE/CENTRO-OESTE;1355.919
2024-01-12 14:00:00;NORTE;SUDESTE/CENTRO-OESTE;1346.516
2024-01-12 15:00:00;NORTE;SUDESTE/CENTRO-OESTE;1374.325
2024-01-12 16:00:00;NORTE;SUDESTE/CENTRO-OESTE;1195.713
2024-01-12 17:00:00;NORTE;SUDESTE/CENTRO-OESTE;775.556
2024-01-12 18:00:00;NORTE;SUDESTE/CENTRO-OESTE;741.7
2024-01-12 19:00:00;NORTE;SUDESTE/CENTRO-OESTE;1742.93
2024-01-12 20:00:00;NORTE;SUDESTE/CENTRO-OESTE;1985.317
2024-01-12 21:00:00;NORTE;SUDESTE/CENTRO-OESTE;1670.821
2024-01-12 22:00:00;NORTE;SUDESTE/CENTRO-OESTE;750.799
2024-01-12 23:00:00;NORTE;SUDESTE/CENTRO-OESTE;-18.797
2024-01-13 00:00:00;NORTE;SUDESTE/CENTRO-OESTE;-1111.79299999
2024-01-13 01:00:00;NORTE;SUDESTE/CENTRO-OESTE;-1255.866
2024-01-13 02:00:00;NORTE;SUDESTE/CENTRO-OESTE;-1440.901
2024-01-13 03:00:00;NORTE;SUDESTE/CENTRO-OESTE;-1370.637
2024-01-13 04:00:00;NORTE;SUDESTE/CENTRO-OESTE;-1395.67
2024-01-13 05:00:00;NORTE;SUDESTE/CENTRO-OESTE;-1211.383
2024-01-13 06:00:00;NORTE;SUDESTE/CENTRO-OESTE;-563.763
2024-01-13 07:00:00;NORTE;SUDESTE/CENTRO-OESTE;100.221
2024-01-13 08:00:00;NORTE;SUDESTE/CENTRO-OESTE;553.04499999
2024-01-13 09:00:00;NORTE;SUDESTE/CENTRO-OESTE;654.516
2024-01-13 10:00:00;NORTE;SUDESTE/CENTRO-OESTE;779.139
2024-01-13 11:00:00;NORTE;SUDESTE/CENTRO-OESTE;728.621
2024-01-13 12:00:00;NORTE;SUDESTE/CENTRO-OESTE;710.978
2024-01-13 13:00:00;NORTE;SUDESTE/CENTRO-OESTE;257.605
2024-01-13 14:00:00;NORTE;SUDESTE/CENTRO-OESTE;-50.051
2024-01-13 15:00:00;NORTE;SUDESTE/CENTRO-OESTE;-220.404
2024-01-13 16:00:00;NORTE;SUDESTE/CENTRO-OESTE;182.189
2024-01-13 17:00:00;NORTE;SUDESTE/CENTRO-OESTE;443.673
2024-01-13 18:00:00;NORTE;SUDESTE/CENTRO-OESTE;1132.074
2024-01-13 19:00:00;NORTE;SUDESTE/CENTRO-OESTE;1534.448
2024-01-13 20:00:00;NORTE;SUDESTE/CENTRO-OESTE;1518.836
2024-01-13 21:00:00;NORTE;SUDESTE/CENTRO-OESTE;650.451
2024-01-13 22:00:00;NORTE;SUDESTE/CENTRO-OESTE;-226.554
2024-01-13 23:00:00;NORTE;SUDESTE/CENTRO-OESTE;-602.469
2024-01-14 00:00:00;NORTE;SUDESTE/CENTRO-OESTE;-498.334
2024-01-14 01:00:00;NORTE;SUDESTE/CENTRO-OESTE;-924.571
2024-01-14 02:00:00;NORTE;SUDESTE/CENTRO-OESTE;-1247.77299999
2024-01-14 03:00:00;NORTE;SUDESTE/CENTRO-OESTE;-1003.641
2024-01-14 04:00:00;NORTE;SUDESTE/CENTRO-OESTE;-752.719
2024-01-14 05:00:00;NORTE;SUDESTE/CENTRO-OESTE;-333.183
2024-01-14 06:00:00;NORTE;SUDESTE/CENTRO-OESTE;517.62199999
2024-01-14 07:00:00;NORTE;SUDESTE/CENTRO-OESTE;1038.839
2024-01-14 08:00:00;NORTE;SUDESTE/CENTRO-OESTE;1486.339
2024-01-14 09:00:00;NORTE;SUDESTE/CENTRO-OESTE;1661.661
2024-01-14 10:00:00;NORTE;SUDESTE/CENTRO-OESTE;1577.69
2024-01-14 11:00:00;NORTE;SUDESTE/CENTRO-OESTE;1619.39899999
2024-01-14 12:00:00;NORTE;SUDESTE/CENTRO-OESTE;1689.675
2024-01-14 13:00:00;NORTE;SUDESTE/CENTRO-OESTE;1739.156
2024-01-14 14:00:00;NORTE;SUDESTE/CENTRO-OESTE;1640.893
2024-01-14 15:00:00;NORTE;SUDESTE/CENTRO-OESTE;1880.756
2024-01-14 16:00:00;NORTE;SUDESTE/CENTRO-OESTE;2030.773
2024-01-14 17:00:00;NORTE;SUDESTE/CENTRO-OESTE;2144.436
2024-01-14 18:00:00;NORTE;SUDESTE/CENTRO-OESTE;2088.215
2024-01-14 19:00:00;NORTE;SUDESTE/CENTRO-OESTE;2337.8
2024-01-14 20:00:00;NORTE;SUDESTE/CENTRO-OESTE;3026.974
2024-01-14 21:00:00;NORTE;SUDESTE/CENTRO-OESTE;2993.135
2024-01-14 22:00:00;NORTE;SUDESTE/CENTRO-OESTE;2070.155
2024-01-14 23:00:00;NORTE;SUDESTE/CENTRO-OESTE;1511.559
2024-01-15 00:00:00;NORTE;SUDESTE/CENTRO-OESTE;250.829
2024-01-15 01:00:00;NORTE;SUDESTE/CENTRO-OESTE;-606.541
2024-01-15 02:00:00;NORTE;SUDESTE/CENTRO-OESTE;-893.695
2024-01-15 03:00:00;NORTE;SUDESTE/CENTRO-OESTE;-919.202
2024-01-15 04:00:00;NORTE;SUDESTE/CENTRO-OESTE;-802.953
2024-01-15 05:00:00;NORTE;SUDESTE/CENTRO-OESTE;-368.149
2024-01-15 06:00:00;NORTE;SUDESTE/CENTRO-OESTE;493.68
2024-01-15 07:00:00;NORTE;SUDESTE/CENTRO-OESTE;1662.857
2024-01-15 08:00:00;NORTE;SUDESTE/CENTRO-OESTE;2365.93199999
2024-01-15 09:00:00;NORTE;SUDESTE/CENTRO-OESTE;2575.635
2024-01-15 10:00:00;NORTE;SUDESTE/CENTRO-OESTE;2515.39399999
2024-01-15 11:00:00;NORTE;SUDESTE/CENTRO-OESTE;2311.369
2024-01-15 12:00:00;NORTE;SUDESTE/CENTRO-OESTE;2300.193
2024-01-15 13:00:00;NORTE;SUDESTE/CENTRO-OESTE;2243.77599999
2024-01-15 14:00:00;NORTE;SUDESTE/CENTRO-OESTE;2018.607
2024-01-15 15:00:00;NORTE;SUDESTE/CENTRO-OESTE;1590.053
2024-01-15 16:00:00;NORTE;SUDESTE/CENTRO-OESTE;2128.766
2024-01-15 17:00:00;NORTE;SUDESTE/CENTRO-OESTE;2124.966
2024-01-15 18:00:00;NORTE;SUDESTE/CENTRO-OESTE;1965.874
2024-01-15 19:00:00;NORTE;SUDESTE/CENTRO-OESTE;2646.925
2024-01-15 20:00:00;NORTE;SUDESTE/CENTRO-OESTE;3215.755
2024-01-15 21:00:00;NORTE;SUDESTE/CENTRO-OESTE;3247.599
2024-01-15 22:00:00;NORTE;SUDESTE/CENTRO-OESTE;2767.895
2024-01-15 23:00:00;NORTE;SUDESTE/CENTRO-OESTE;1015.241
2024-01-16 00:00:00;NORTE;SUDESTE/CENTRO-OESTE;-422.723
2024-01-16 01:00:00;NORTE;SUDESTE/CENTRO-OESTE;-782.67
2024-01-16 02:00:00;NORTE;SUDESTE/CENTRO-OESTE;-249.384
2024-01-16 03:00:00;NORTE;SUDESTE/CENTRO-OESTE;175.675
2024-01-16 04:00:00;NORTE;SUDESTE/CENTRO-OESTE;421.424
2024-01-16 05:00:00;NORTE;SUDESTE/CENTRO-OESTE;788.056
2024-01-16 06:00:00;NORTE;SUDESTE/CENTRO-OESTE;1449.102
2024-01-16 07:00:00;NORTE;SUDESTE/CENTRO-OESTE;2369.608
2024-01-16 08:00:00;NORTE;SUDESTE/CENTRO-OESTE;2649.808
2024-01-16 09:00:00;NORTE;SUDESTE/CENTRO-OESTE;2983.979
2024-01-16 10:00:00;NORTE;SUDESTE/CENTRO-OESTE;3420.847
2024-01-16 11:00:00;NORTE;SUDESTE/CENTRO-OESTE;3490.469
2024-01-16 12:00:00;NORTE;SUDESTE/CENTRO-OESTE;3285.828
2024-01-16 13:00:00;NORTE;SUDESTE/CENTRO-OESTE;2666.033
2024-01-16 14:00:00;NORTE;SUDESTE/CENTRO-OESTE;2869.161
2024-01-16 15:00:00;NORTE;SUDESTE/CENTRO-OESTE;3427.606
2024-01-16 16:00:00;NORTE;SUDESTE/CENTRO-OESTE;3300.799
2024-01-16 17:00:00;NORTE;SUDESTE/CENTRO-OESTE;3197.179
2024-01-16 18:00:00;NORTE;SUDESTE/CENTRO-OESTE;3459.843
2024-01-16 19:00:00;NORTE;SUDESTE/CENTRO-OESTE;4198.444
2024-01-16 20:00:00;NORTE;SUDESTE/CENTRO-OESTE;4603.544
2024-01-16 21:00:00;NORTE;SUDESTE/CENTRO-OESTE;4742.206
2024-01-16 22:00:00;NORTE;SUDESTE/CENTRO-OESTE;4061.04
2024-01-16 23:00:00;NORTE;SUDESTE/CENTRO-OESTE;3355.985
2024-01-17 00:00:00;NORTE;SUDESTE/CENTRO-OESTE;2093.877
2024-01-17 01:00:00;NORTE;SUDESTE/CENTRO-OESTE;1136.59099999
2024-01-17 02:00:00;NORTE;SUDESTE/CENTRO-OESTE;876.026
2024-01-17 03:00:00;NORTE;SUDESTE/CENTRO-OESTE;1102.134
2024-01-17 04:00:00;NORTE;SUDESTE/CENTRO-OESTE;974.064
2024-01-17 05:00:00;NORTE;SUDESTE/CENTRO-OESTE;1101.473
2024-01-17 06:00:00;NORTE;SUDESTE/CENTRO-OESTE;1794.555
2024-01-17 07:00:00;NORTE;SUDESTE/CENTRO-OESTE;3325.544
2024-01-17 08:00:00;NORTE;SUDESTE/CENTRO-OESTE;3805.123
2024-01-17 09:00:00;NORTE;SUDESTE/CENTRO-OESTE;3648.401
2024-01-17 10:00:00;NORTE;SUDESTE/CENTRO-OESTE;3183.232
2024-01-17 11:00:00;NORTE;SUDESTE/CENTRO-OESTE;2898.826
2024-01-17 12:00:00;NORTE;SUDESTE/CENTRO-OESTE;2468.397
2024-01-17 13:00:00;NORTE;SUDESTE/CENTRO-OESTE;2160.06599999
2024-01-17 14:00:00;NORTE;SUDESTE/CENTRO-OESTE;2037.786
2024-01-17 15:00:00;NORTE;SUDESTE/CENTRO-OESTE;2220.717
2024-01-17 16:00:00;NORTE;SUDESTE/CENTRO-OESTE;2582.623
2024-01-17 17:00:00;NORTE;SUDESTE/CENTRO-OESTE;2613.668
2024-01-17 18:00:00;NORTE;SUDESTE/CENTRO-OESTE;2797.281
2024-01-17 19:00:00;NORTE;SUDESTE/CENTRO-OESTE;3756.105
2024-01-17 20:00:00;NORTE;SUDESTE/CENTRO-OESTE;4406.258
2024-01-17 21:00:00;NORTE;SUDESTE/CENTRO-OESTE;4207.139
2024-01-17 22:00:00;NORTE;SUDESTE/CENTRO-OESTE;3089.437
2024-01-17 23:00:00;NORTE;SUDESTE/CENTRO-OESTE;1146.452
2024-01-18 00:00:00;NORTE;SUDESTE/CENTRO-OESTE;-577.885
2024-01-18 01:00:00;NORTE;SUDESTE/CENTRO-OESTE;-883.527
2024-01-18 02:00:00;NORTE;SUDESTE/CENTRO-OESTE;-620.91999999
2024-01-18 03:00:00;NORTE;SUDESTE/CENTRO-OESTE;-243.788
2024-01-18 04:00:00;NORTE;SUDESTE/CENTRO-OESTE;-113.955
2024-01-18 05:00:00;NORTE;SUDESTE/CENTRO-OESTE;12.884
2024-01-18 06:00:00;NORTE;SUDESTE/CENTRO-OESTE;832.941
2024-01-18 07:00:00;NORTE;SUDESTE/CENTRO-OESTE;1541.49499999
2024-01-18 08:00:00;NORTE;SUDESTE/CENTRO-OESTE;2072.335
2024-01-18 09:00:00;NORTE;SUDESTE/CENTRO-OESTE;2119.439
2024-01-18 10:00:00;NORTE;SUDESTE/CENTRO-OESTE;1762.287
2024-01-18 11:00:00;NORTE;SUDESTE/CENTRO-OESTE;1679.346
2024-01-18 12:00:00;NORTE;SUDESTE/CENTRO-OESTE;1767.484
2024-01-18 13:00:00;NORTE;SUDESTE/CENTRO-OESTE;1296.704
2024-01-18 14:00:00;NORTE;SUDESTE/CENTRO-OESTE;1239.535
2024-01-18 15:00:00;NORTE;SUDESTE/CENTRO-OESTE;1308.339
2024-01-18 16:00:00;NORTE;SUDESTE/CENTRO-OESTE;1601.817
2024-01-18 17:00:00;NORTE;SUDESTE/CENTRO-OESTE;1598.089
2024-01-18 18:00:00;NORTE;SUDESTE/CENTRO-OESTE;2014.353
2024-01-18 19:00:00;NORTE;SUDESTE/CENTRO-OESTE;2569.36499999
2024-01-18 20:00:00;NORTE;SUDESTE/CENTRO-OESTE;3162.962
2024-01-18 21:00:00;NORTE;SUDESTE/CENTRO-OESTE;2887.007
2024-01-18 22:00:00;NORTE;SUDESTE/CENTRO-OESTE;2097.17999999
2024-01-18 23:00:00;NORTE;SUDESTE/CENTRO-OESTE;1251.182
2024-01-19 00:00:00;NORTE;SUDESTE/CENTRO-OESTE;-14.989
2024-01-19 01:00:00;NORTE;SUDESTE/CENTRO-OESTE;-983.195
2024-01-19 02:00:00;NORTE;SUDESTE/CENTRO-OESTE;-1207.403
2024-01-19 03:00:00;NORTE;SUDESTE/CENTRO-OESTE;-1114.846
2024-01-19 04:00:00;NORTE;SUDESTE/CENTRO-OESTE;-760.022
2024-01-19 05:00:00;NORTE;SUDESTE/CENTRO-OESTE;-452.641
2024-01-19 06:00:00;NORTE;SUDESTE/CENTRO-OESTE;393.789
2024-01-19 07:00:00;NORTE;SUDESTE/CENTRO-OESTE;1311.51399999
2024-01-19 08:00:00;NORTE;SUDESTE/CENTRO-OESTE;1338.865
2024-01-19 09:00:00;NORTE;SUDESTE/CENTRO-OESTE;1005.196
2024-01-19 10:00:00;NORTE;SUDESTE/CENTRO-OESTE;722.972
2024-01-19 11:00:00;NORTE;SUDESTE/CENTRO-OESTE;495.975
2024-01-19 12:00:00;NORTE;SUDESTE/CENTRO-OESTE;539.312
2024-01-19 13:00:00;NORTE;SUDESTE/CENTRO-OESTE;605.431
2024-01-19 14:00:00;NORTE;SUDESTE/CENTRO-OESTE;1131.27399999
2024-01-19 15:00:00;NORTE;SUDESTE/CENTRO-OESTE;1651.51
2024-01-19 16:00:00;NORTE;SUDESTE/CENTRO-OESTE;1686.79
2024-01-19 17:00:00;NORTE;SUDESTE/CENTRO-OESTE;1028.029
2024-01-19 18:00:00;NORTE;SUDESTE/CENTRO-OESTE;878.749
2024-01-19 19:00:00;NORTE;SUDESTE/CENTRO-OESTE;1787.329
2024-01-19 20:00:00;NORTE;SUDESTE/CENTRO-OESTE;2499.602
2024-01-19 21:00:00;NORTE;SUDESTE/CENTRO-OESTE;2718.06599999
2024-01-19 22:00:00;NORTE;SUDESTE/CENTRO-OESTE;2424.457
2024-01-19 23:00:00;NORTE;SUDESTE/CENTRO-OESTE;898.722
2024-01-20 00:00:00;NORTE;SUDESTE/CENTRO-OESTE;-460.261
2024-01-20 01:00:00;NORTE;SUDESTE/CENTRO-OESTE;-1743.579
2024-01-20 02:00:00;NORTE;SUDESTE/CENTRO-OESTE;-2273.821
2024-01-20 03:00:00;NORTE;SUDESTE/CENTRO-OESTE;-1851.395
2024-01-20 04:00:00;NORTE;SUDESTE/CENTRO-OESTE;-1434.561
2024-01-20 05:00:00;NORTE;SUDESTE/CENTRO-OESTE;-1495.553
2024-01-20 06:00:00;NORTE;SUDESTE/CENTRO-OESTE;-1116.54199999
2024-01-20 07:00:00;NORTE;SUDESTE/CENTRO-OESTE;-671.669
2024-01-20 08:00:00;NORTE;SUDESTE/CENTRO-OESTE;-121.205
2024-01-20 09:00:00;NORTE;SUDESTE/CENTRO-OESTE;543.85299999
2024-01-20 10:00:00;NORTE;SUDESTE/CENTRO-OESTE;701.01199999
2024-01-20 11:00:00;NORTE;SUDESTE/CENTRO-OESTE;614.538
2024-01-20 12:00:00;NORTE;SUDESTE/CENTRO-OESTE;794.582
2024-01-20 13:00:00;NORTE;SUDESTE/CENTRO-OESTE;826.346
2024-01-20 14:00:00;NORTE;SUDESTE/CENTRO-OESTE;603.224
2024-01-20 15:00:00;NORTE;SUDESTE/CENTRO-OESTE;379.636
2024-01-20 16:00:00;NORTE;SUDESTE/CENTRO-OESTE;61.645
2024-01-20 17:00:00;NORTE;SUDESTE/CENTRO-OESTE;-187.587
2024-01-20 18:00:00;NORTE;SUDESTE/CENTRO-OESTE;249.266
2024-01-20 19:00:00;NORTE;SUDESTE/CENTRO-OESTE;1130.11999999
2024-01-20 20:00:00;NORTE;SUDESTE/CENTRO-OESTE;1364.14899999
2024-01-20 21:00:00;NORTE;SUDESTE/CENTRO-OESTE;1005.222
2024-01-20 22:00:00;NORTE;SUDESTE/CENTRO-OESTE;260.742
2024-01-20 23:00:00;NORTE;SUDESTE/CENTRO-OESTE;-504.33
2024-01-21 00:00:00;NORTE;SUDESTE/CENTRO-OESTE;-1601.21599999
2024-01-21 01:00:00;NORTE;SUDESTE/CENTRO-OESTE;-1713.667
2024-01-21 02:00:00;NORTE;SUDESTE/CENTRO-OESTE;-2137.052
2024-01-21 03:00:00;NORTE;SUDESTE/CENTRO-OESTE;-2564.725
2024-01-21 04:00:00;NORTE;SUDESTE/CENTRO-OESTE;-2647.942
2024-01-21 05:00:00;NORTE;SUDESTE/CENTRO-OESTE;-2483.19999999
2024-01-21 06:00:00;NORTE;SUDESTE/CENTRO-OESTE;-1894.163
2024-01-21 07:00:00;NORTE;SUDESTE/CENTRO-OESTE;-994.157
2024-01-21 08:00:00;NORTE;SUDESTE/CENTRO-OESTE;-307.449
2024-01-21 09:00:00;NORTE;SUDESTE/CENTRO-OESTE;126.109
2024-01-21 10:00:00;NORTE;SUDESTE/CENTRO-OESTE;459.227
2024-01-21 11:00:00;NORTE;SUDESTE/CENTRO-OESTE;407.084
2024-01-21 12:00:00;NORTE;SUDESTE/CENTRO-OESTE;275.108
2024-01-21 13:00:00;NORTE;SUDESTE/CENTRO-OESTE;157.029
2024-01-21 14:00:00;NORTE;SUDESTE/CENTRO-OESTE;179.101
2024-01-21 15:00:00;NORTE;SUDESTE/CENTRO-OESTE;410.898
2024-01-21 16:00:00;NORTE;SUDESTE/CENTRO-OESTE;249.03
2024-01-21 17:00:00;NORTE;SUDESTE/CENTRO-OESTE;-656.822
2024-01-21 18:00:00;NORTE;SUDESTE/CENTRO-OESTE;-1208.208
2024-01-21 19:00:00;NORTE;SUDESTE/CENTRO-OESTE;-1034.70599999
2024-01-21 20:00:00;NORTE;SUDESTE/CENTRO-OESTE;-700.825
2024-01-21 21:00:00;NORTE;SUDESTE/CENTRO-OESTE;-1035.448
2024-01-21 22:00:00;NORTE;SUDESTE/CENTRO-OESTE;-1366.371
2024-01-21 23:00:00;NORTE;SUDESTE/CENTRO-OESTE;-1916.891
2024-01-22 00:00:00;NORTE;SUDESTE/CENTRO-OESTE;-2525.962
2024-01-22 01:00:00;NORTE;SUDESTE/CENTRO-OESTE;-3207.217
2024-01-22 02:00:00;NORTE;SUDESTE/CENTRO-OESTE;-3400.982
2024-01-22 03:00:00;NORTE;SUDESTE/CENTRO-OESTE;-3067.686
2024-01-22 04:00:00;NORTE;SUDESTE/CENTRO-OESTE;-2838.655
2024-01-22 05:00:00;NORTE;SUDESTE/CENTRO-OESTE;-2688.38299999
2024-01-22 06:00:00;NORTE;SUDESTE/CENTRO-OESTE;-2390.636
2024-01-22 07:00:00;NORTE;SUDESTE/CENTRO-OESTE;-1465.939
2024-01-22 08:00:00;NORTE;SUDESTE/CENTRO-OESTE;-1122.126
2024-01-22 09:00:00;NORTE;SUDESTE/CENTRO-OESTE;-853.038
2024-01-22 10:00:00;NORTE;SUDESTE/CENTRO-OESTE;-483.494
2024-01-22 11:00:00;NORTE;SUDESTE/CENTRO-OESTE;-236.496
2024-01-22 12:00:00;NORTE;SUDESTE/CENTRO-OESTE;-37.926
2024-01-22 13:00:00;NORTE;SUDESTE/CENTRO-OESTE;-220.577
2024-01-22 14:00:00;NORTE;SUDESTE/CENTRO-OESTE;-105.363
2024-01-22 15:00:00;NORTE;SUDESTE/CENTRO-OESTE;-322.535
2024-01-22 16:00:00;NORTE;SUDESTE/CENTRO-OESTE;11.128
2024-01-22 17:00:00;NORTE;SUDESTE/CENTRO-OESTE;-122.688
2024-01-22 18:00:00;NORTE;SUDESTE/CENTRO-OESTE;6.065
2024-01-22 19:00:00;NORTE;SUDESTE/CENTRO-OESTE;495.12
2024-01-22 20:00:00;NORTE;SUDESTE/CENTRO-OESTE;1105.191
2024-01-22 21:00:00;NORTE;SUDESTE/CENTRO-OESTE;426.746
2024-01-22 22:00:00;NORTE;SUDESTE/CENTRO-OESTE;-432.567
2024-01-22 23:00:00;NORTE;SUDESTE/CENTRO-OESTE;-1409.48
2024-01-23 00:00:00;NORTE;SUDESTE/CENTRO-OESTE;-2067.007
2024-01-23 01:00:00;NORTE;SUDESTE/CENTRO-OESTE;-3335.952
2024-01-23 02:00:00;NORTE;SUDESTE/CENTRO-OESTE;-3708.988
2024-01-23 03:00:00;NORTE;SUDESTE/CENTRO-OESTE;-3701.348
2024-01-23 04:00:00;NORTE;SUDESTE/CENTRO-OESTE;-3628.19
2024-01-23 05:00:00;NORTE;SUDESTE/CENTRO-OESTE;-3110.883
2024-01-23 06:00:00;NORTE;SUDESTE/CENTRO-OESTE;-2083.152
2024-01-23 07:00:00;NORTE;SUDESTE/CENTRO-OESTE;-1220.647
2024-01-23 08:00:00;NORTE;SUDESTE/CENTRO-OESTE;-789.716
2024-01-23 09:00:00;NORTE;SUDESTE/CENTRO-OESTE;-665.67499999
2024-01-23 10:00:00;NORTE;SUDESTE/CENTRO-OESTE;-370.638
2024-01-23 11:00:00;NORTE;SUDESTE/CENTRO-OESTE;82.474
2024-01-23 12:00:00;NORTE;SUDESTE/CENTRO-OESTE;701.603
2024-01-23 13:00:00;NORTE;SUDESTE/CENTRO-OESTE;437.492
2024-01-23 14:00:00;NORTE;SUDESTE/CENTRO-OESTE;205.788
2024-01-23 15:00:00;NORTE;SUDESTE/CENTRO-OESTE;101.528
2024-01-23 16:00:00;NORTE;SUDESTE/CENTRO-OESTE;373.842
2024-01-23 17:00:00;NORTE;SUDESTE/CENTRO-OESTE;-61.615
2024-01-23 18:00:00;NORTE;SUDESTE/CENTRO-OESTE;495.004
2024-01-23 19:00:00;NORTE;SUDESTE/CENTRO-OESTE;1239.651
2024-01-23 20:00:00;NORTE;SUDESTE/CENTRO-OESTE;1259.707
2024-01-23 21:00:00;NORTE;SUDESTE/CENTRO-OESTE;539.577
2024-01-23 22:00:00;NORTE;SUDESTE/CENTRO-OESTE;-900.068
2024-01-23 23:00:00;NORTE;SUDESTE/CENTRO-OESTE;-1968.751
2024-01-24 00:00:00;NORTE;SUDESTE/CENTRO-OESTE;-2874.817
2024-01-24 01:00:00;NORTE;SUDESTE/CENTRO-OESTE;-3154.572
2024-01-24 02:00:00;NORTE;SUDESTE/CENTRO-OESTE;-3338.604
2024-01-24 03:00:00;NORTE;SUDESTE/CENTRO-OESTE;-3825.276
2024-01-24 04:00:00;NORTE;SUDESTE/CENTRO-OESTE;-3780.187
2024-01-24 05:00:00;NORTE;SUDESTE/CENTRO-OESTE;-3554.559
2024-01-24 06:00:00;NORTE;SUDESTE/CENTRO-OESTE;-2515.71099999
2024-01-24 07:00:00;NORTE;SUDESTE/CENTRO-OESTE;-1433.679
2024-01-24 08:00:00;NORTE;SUDESTE/CENTRO-OESTE;-579.886
2024-01-24 09:00:00;NORTE;SUDESTE/CENTRO-OESTE;-366.194
2024-01-24 10:00:00;NORTE;SUDESTE/CENTRO-OESTE;111.353
2024-01-24 11:00:00;NORTE;SUDESTE/CENTRO-OESTE;196.601
2024-01-24 12:00:00;NORTE;SUDESTE/CENTRO-OESTE;-17.488
2024-01-24 13:00:00;NORTE;SUDESTE/CENTRO-OESTE;-392.274
2024-01-24 14:00:00;NORTE;SUDESTE/CENTRO-OESTE;-754.991
2024-01-24 15:00:00;NORTE;SUDESTE/CENTRO-OESTE;-853.956
2024-01-24 16:00:00;NORTE;SUDESTE/CENTRO-OESTE;-887.578
2024-01-24 17:00:00;NORTE;SUDESTE/CENTRO-OESTE;-952.854
2024-01-24 18:00:00;NORTE;SUDESTE/CENTRO-OESTE;-915.373
2024-01-24 19:00:00;NORTE;SUDESTE/CENTRO-OESTE;-405.757
2024-01-24 20:00:00;NORTE;SUDESTE/CENTRO-OESTE;14.065
2024-01-24 21:00:00;NORTE;SUDESTE/CENTRO-OESTE;46.148
2024-01-24 22:00:00;NORTE;SUDESTE/CENTRO-OESTE;-482.719
2024-01-24 23:00:00;NORTE;SUDESTE/CENTRO-OESTE;-1782.382
2024-01-25 00:00:00;NORTE;SUDESTE/CENTRO-OESTE;-3749.446
2024-01-25 01:00:00;NORTE;SUDESTE/CENTRO-OESTE;-4750.491
2024-01-25 02:00:00;NORTE;SUDESTE/CENTRO-OESTE;-4812.104
2024-01-25 03:00:00;NORTE;SUDESTE/CENTRO-OESTE;-4764.006
2024-01-25 04:00:00;NORTE;SUDESTE/CENTRO-OESTE;-4608.628
2024-01-25 05:00:00;NORTE;SUDESTE/CENTRO-OESTE;-4292.456
2024-01-25 06:00:00;NORTE;SUDESTE/CENTRO-OESTE;-3371.262
2024-01-25 07:00:00;NORTE;SUDESTE/CENTRO-OESTE;-2320.31599999
2024-01-25 08:00:00;NORTE;SUDESTE/CENTRO-OESTE;-1560.779
2024-01-25 09:00:00;NORTE;SUDESTE/CENTRO-OESTE;-1108.084
2024-01-25 10:00:00;NORTE;SUDESTE/CENTRO-OESTE;-445.56
2024-01-25 11:00:00;NORTE;SUDESTE/CENTRO-OESTE;-309.50099999
2024-01-25 12:00:00;NORTE;SUDESTE/CENTRO-OESTE;-114.353
2024-01-25 13:00:00;NORTE;SUDESTE/CENTRO-OESTE;-711.096
2024-01-25 14:00:00;NORTE;SUDESTE/CENTRO-OESTE;-986.005
2024-01-25 15:00:00;NORTE;SUDESTE/CENTRO-OESTE;-750.77
2024-01-25 16:00:00;NORTE;SUDESTE/CENTRO-OESTE;-786.691
2024-01-25 17:00:00;NORTE;SUDESTE/CENTRO-OESTE;-610.118
2024-01-25 18:00:00;NORTE;SUDESTE/CENTRO-OESTE;-352.52999999
2024-01-25 19:00:00;NORTE;SUDESTE/CENTRO-OESTE;253.416
2024-01-25 20:00:00;NORTE;SUDESTE/CENTRO-OESTE;212.282
2024-01-25 21:00:00;NORTE;SUDESTE/CENTRO-OESTE;-258.51
2024-01-25 22:00:00;NORTE;SUDESTE/CENTRO-OESTE;-1595.155
2024-01-25 23:00:00;NORTE;SUDESTE/CENTRO-OESTE;-2566.241
2024-01-26 00:00:00;NORTE;SUDESTE/CENTRO-OESTE;-3733.422
2024-01-26 01:00:00;NORTE;SUDESTE/CENTRO-OESTE;-4127.81
2024-01-26 02:00:00;NORTE;SUDESTE/CENTRO-OESTE;-4165.675
2024-01-26 03:00:00;NORTE;SUDESTE/CENTRO-OESTE;-4060.8
2024-01-26 04:00:00;NORTE;SUDESTE/CENTRO-OESTE;-3816.393
2024-01-26 05:00:00;NORTE;SUDESTE/CENTRO-OESTE;-3361.811
2024-01-26 06:00:00;NORTE;SUDESTE/CENTRO-OESTE;-2706.164
2024-01-26 07:00:00;NORTE;SUDESTE/CENTRO-OESTE;-1641.378
2024-01-26 08:00:00;NORTE;SUDESTE/CENTRO-OESTE;-671.001
2024-01-26 09:00:00;NORTE;SUDESTE/CENTRO-OESTE;153.75899999
2024-01-26 10:00:00;NORTE;SUDESTE/CENTRO-OESTE;614.309
2024-01-26 11:00:00;NORTE;SUDESTE/CENTRO-OESTE;941.087
2024-01-26 12:00:00;NORTE;SUDESTE/CENTRO-OESTE;1417.475
2024-01-26 13:00:00;NORTE;SUDESTE/CENTRO-OESTE;1005.767
2024-01-26 14:00:00;NORTE;SUDESTE/CENTRO-OESTE;518.32
2024-01-26 15:00:00;NORTE;SUDESTE/CENTRO-OESTE;81.24599999
2024-01-26 16:00:00;NORTE;SUDESTE/CENTRO-OESTE;114.05
2024-01-26 17:00:00;NORTE;SUDESTE/CENTRO-OESTE;485.132
2024-01-26 18:00:00;NORTE;SUDESTE/CENTRO-OESTE;783.447
2024-01-26 19:00:00;NORTE;SUDESTE/CENTRO-OESTE;1352.04
2024-01-26 20:00:00;NORTE;SUDESTE/CENTRO-OESTE;1301.029
2024-01-26 21:00:00;NORTE;SUDESTE/CENTRO-OESTE;530.88
2024-01-26 22:00:00;NORTE;SUDESTE/CENTRO-OESTE;-778.682
2024-01-26 23:00:00;NORTE;SUDESTE/CENTRO-OESTE;-2131.534
2024-01-27 00:00:00;NORTE;SUDESTE/CENTRO-OESTE;-2555.727
2024-01-27 01:00:00;NORTE;SUDESTE/CENTRO-OESTE;-2952.689
2024-01-27 02:00:00;NORTE;SUDESTE/CENTRO-OESTE;-3355.572
2024-01-27 03:00:00;NORTE;SUDESTE/CENTRO-OESTE;-3037.11499999
2024-01-27 04:00:00;NORTE;SUDESTE/CENTRO-OESTE;-2902.206
2024-01-27 05:00:00;NORTE;SUDESTE/CENTRO-OESTE;-2654.705
2024-01-27 06:00:00;NORTE;SUDESTE/CENTRO-OESTE;-2061.132
2024-01-27 07:00:00;NORTE;SUDESTE/CENTRO-OESTE;-655.118
2024-01-27 08:00:00;NORTE;SUDESTE/CENTRO-OESTE;592.859
2024-01-27 09:00:00;NORTE;SUDESTE/CENTRO-OESTE;1041.083
2024-01-27 10:00:00;NORTE;SUDESTE/CENTRO-OESTE;1517.614
2024-01-27 11:00:00;NORTE;SUDESTE/CENTRO-OESTE;1658.993
2024-01-27 12:00:00;NORTE;SUDESTE/CENTRO-OESTE;1830.133
2024-01-27 13:00:00;NORTE;SUDESTE/CENTRO-OESTE;1821.325
2024-01-27 14:00:00;NORTE;SUDESTE/CENTRO-OESTE;1666.82199999
2024-01-27 15:00:00;NORTE;SUDESTE/CENTRO-OESTE;929.749
2024-01-27 16:00:00;NORTE;SUDESTE/CENTRO-OESTE;220.943
2024-01-27 17:00:00;NORTE;SUDESTE/CENTRO-OESTE;647.849
2024-01-27 18:00:00;NORTE;SUDESTE/CENTRO-OESTE;932.796
2024-01-27 19:00:00;NORTE;SUDESTE/CENTRO-OESTE;1356.111
2024-01-27 20:00:00;NORTE;SUDESTE/CENTRO-OESTE;1567.565
2024-01-27 21:00:00;NORTE;SUDESTE/CENTRO-OESTE;1365.424
2024-01-27 22:00:00;NORTE;SUDESTE/CENTRO-OESTE;251.508
2024-01-27 23:00:00;NORTE;SUDESTE/CENTRO-OESTE;-1188.76399999
2024-01-28 00:00:00;NORTE;SUDESTE/CENTRO-OESTE;-1707.73
2024-01-28 01:00:00;NORTE;SUDESTE/CENTRO-OESTE;-1648.361
2024-01-28 02:00:00;NORTE;SUDESTE/CENTRO-OESTE;-1496.107
2024-01-28 03:00:00;NORTE;SUDESTE/CENTRO-OESTE;-1149.23499999
2024-01-28 04:00:00;NORTE;SUDESTE/CENTRO-OESTE;-985.529
2024-01-28 05:00:00;NORTE;SUDESTE/CENTRO-OESTE;-1148.88799999
2024-01-28 06:00:00;NORTE;SUDESTE/CENTRO-OESTE;-1011.455
2024-01-28 07:00:00;NORTE;SUDESTE/CENTRO-OESTE;322.93
2024-01-28 08:00:00;NORTE;SUDESTE/CENTRO-OESTE;1227.38799999
2024-01-28 09:00:00;NORTE;SUDESTE/CENTRO-OESTE;1502.521
2024-01-28 10:00:00;NORTE;SUDESTE/CENTRO-OESTE;1873.159
2024-01-28 11:00:00;NORTE;SUDESTE/CENTRO-OESTE;2077.382
2024-01-28 12:00:00;NORTE;SUDESTE/CENTRO-OESTE;2150.39
2024-01-28 13:00:00;NORTE;SUDESTE/CENTRO-OESTE;2134.337
2024-01-28 14:00:00;NORTE;SUDESTE/CENTRO-OESTE;1638.992
2024-01-28 15:00:00;NORTE;SUDESTE/CENTRO-OESTE;1169.476
2024-01-28 16:00:00;NORTE;SUDESTE/CENTRO-OESTE;446.795
2024-01-28 17:00:00;NORTE;SUDESTE/CENTRO-OESTE;426.049
2024-01-28 18:00:00;NORTE;SUDESTE/CENTRO-OESTE;474.957
2024-01-28 19:00:00;NORTE;SUDESTE/CENTRO-OESTE;1288.089
2024-01-28 20:00:00;NORTE;SUDESTE/CENTRO-OESTE;1495.674
2024-01-28 21:00:00;NORTE;SUDESTE/CENTRO-OESTE;1404.03
2024-01-28 22:00:00;NORTE;SUDESTE/CENTRO-OESTE;604.977
2024-01-28 23:00:00;NORTE;SUDESTE/CENTRO-OESTE;86.78
2024-01-29 00:00:00;NORTE;SUDESTE/CENTRO-OESTE;-93.78
2024-01-29 01:00:00;NORTE;SUDESTE/CENTRO-OESTE;-109.557
2024-01-29 02:00:00;NORTE;SUDESTE/CENTRO-OESTE;35.09599999
2024-01-29 03:00:00;NORTE;SUDESTE/CENTRO-OESTE;-383.544
2024-01-29 04:00:00;NORTE;SUDESTE/CENTRO-OESTE;-276.033
2024-01-29 05:00:00;NORTE;SUDESTE/CENTRO-OESTE;-57.461
2024-01-29 06:00:00;NORTE;SUDESTE/CENTRO-OESTE;730.301
2024-01-29 07:00:00;NORTE;SUDESTE/CENTRO-OESTE;1586.401
2024-01-29 08:00:00;NORTE;SUDESTE/CENTRO-OESTE;2913.106
2024-01-29 09:00:00;NORTE;SUDESTE/CENTRO-OESTE;3578.679
2024-01-29 10:00:00;NORTE;SUDESTE/CENTRO-OESTE;3718.907
2024-01-29 11:00:00;NORTE;SUDESTE/CENTRO-OESTE;3663.964
2024-01-29 12:00:00;NORTE;SUDESTE/CENTRO-OESTE;3706.729
2024-01-29 13:00:00;NORTE;SUDESTE/CENTRO-OESTE;3369.382
2024-01-29 14:00:00;NORTE;SUDESTE/CENTRO-OESTE;3034.732
2024-01-29 15:00:00;NORTE;SUDESTE/CENTRO-OESTE;3031.195
2024-01-29 16:00:00;NORTE;SUDESTE/CENTRO-OESTE;2938.114
2024-01-29 17:00:00;NORTE;SUDESTE/CENTRO-OESTE;3148.795
2024-01-29 18:00:00;NORTE;SUDESTE/CENTRO-OESTE;3280.614
2024-01-29 19:00:00;NORTE;SUDESTE/CENTRO-OESTE;3411.745
2024-01-29 20:00:00;NORTE;SUDESTE/CENTRO-OESTE;3454.895
2024-01-29 21:00:00;NORTE;SUDESTE/CENTRO-OESTE;3330.98
2024-01-29 22:00:00;NORTE;SUDESTE/CENTRO-OESTE;2928.835
2024-01-29 23:00:00;NORTE;SUDESTE/CENTRO-OESTE;2070.271
2024-01-30 00:00:00;NORTE;SUDESTE/CENTRO-OESTE;931.064
2024-01-30 01:00:00;NORTE;SUDESTE/CENTRO-OESTE;-204.237
2024-01-30 02:00:00;NORTE;SUDESTE/CENTRO-OESTE;-332.827
2024-01-30 03:00:00;NORTE;SUDESTE/CENTRO-OESTE;-215.044
2024-01-30 04:00:00;NORTE;SUDESTE/CENTRO-OESTE;-364.588
2024-01-30 05:00:00;NORTE;SUDESTE/CENTRO-OESTE;-195.043
2024-01-30 06:00:00;NORTE;SUDESTE/CENTRO-OESTE;647.141
2024-01-30 07:00:00;NORTE;SUDESTE/CENTRO-OESTE;1653.239
2024-01-30 08:00:00;NORTE;SUDESTE/CENTRO-OESTE;2213.11499999
2024-01-30 09:00:00;NORTE;SUDESTE/CENTRO-OESTE;2192.041
2024-01-30 10:00:00;NORTE;SUDESTE/CENTRO-OESTE;2237.012
2024-01-30 11:00:00;NORTE;SUDESTE/CENTRO-OESTE;2218.09499999
2024-01-30 12:00:00;NORTE;SUDESTE/CENTRO-OESTE;2217.12399999
2024-01-30 13:00:00;NORTE;SUDESTE/CENTRO-OESTE;1760.246
2024-01-30 14:00:00;NORTE;SUDESTE/CENTRO-OESTE;2158.186
2024-01-30 15:00:00;NORTE;SUDESTE/CENTRO-OESTE;2374.445
2024-01-30 16:00:00;NORTE;SUDESTE/CENTRO-OESTE;3251.306
2024-01-30 17:00:00;NORTE;SUDESTE/CENTRO-OESTE;3015.533
2024-01-30 18:00:00;NORTE;SUDESTE/CENTRO-OESTE;2951.286
2024-01-30 19:00:00;NORTE;SUDESTE/CENTRO-OESTE;3861.506
2024-01-30 20:00:00;NORTE;SUDESTE/CENTRO-OESTE;4051.213
2024-01-30 21:00:00;NORTE;SUDESTE/CENTRO-OESTE;3749.683
2024-01-30 22:00:00;NORTE;SUDESTE/CENTRO-OESTE;2974.825
2024-01-30 23:00:00;NORTE;SUDESTE/CENTRO-OESTE;2109.995
2024-01-31 00:00:00;NORTE;SUDESTE/CENTRO-OESTE;1439.417
2024-01-31 01:00:00;NORTE;SUDESTE/CENTRO-OESTE;909.894
2024-01-31 02:00:00;NORTE;SUDESTE/CENTRO-OESTE;240.763
2024-01-31 03:00:00;NORTE;SUDESTE/CENTRO-OESTE;-9.864
2024-01-31 04:00:00;NORTE;SUDESTE/CENTRO-OESTE;420.705
2024-01-31 05:00:00;NORTE;SUDESTE/CENTRO-OESTE;286.19099999
2024-01-31 06:00:00;NORTE;SUDESTE/CENTRO-OESTE;1193.546
2024-01-31 07:00:00;NORTE;SUDESTE/CENTRO-OESTE;2309.447
2024-01-31 08:00:00;NORTE;SUDESTE/CENTRO-OESTE;2629.574
2024-01-31 09:00:00;NORTE;SUDESTE/CENTRO-OESTE;2507.054
2024-01-31 10:00:00;NORTE;SUDESTE/CENTRO-OESTE;2353.088
2024-01-31 11:00:00;NORTE;SUDESTE/CENTRO-OESTE;2244.841
2024-01-31 12:00:00;NORTE;SUDESTE/CENTRO-OESTE;2238.013
2024-01-31 13:00:00;NORTE;SUDESTE/CENTRO-OESTE;2080.407
2024-01-31 14:00:00;NORTE;SUDESTE/CENTRO-OESTE;2768.687
2024-01-31 15:00:00;NORTE;SUDESTE/CENTRO-OESTE;3093.242
2024-01-31 16:00:00;NORTE;SUDESTE/CENTRO-OESTE;3635.554
2024-01-31 17:00:00;NORTE;SUDESTE/CENTRO-OESTE;4160.442
2024-01-31 18:00:00;NORTE;SUDESTE/CENTRO-OESTE;4582.219
2024-01-31 19:00:00;NORTE;SUDESTE/CENTRO-OESTE;5104.26
2024-01-31 20:00:00;NORTE;SUDESTE/CENTRO-OESTE;5085.104
2024-01-31 21:00:00;NORTE;SUDESTE/CENTRO-OESTE;4676.822
2024-01-31 22:00:00;NORTE;SUDESTE/CENTRO-OESTE;3831.778
2024-01-31 23:00:00;NORTE;SUDESTE/CENTRO-OESTE;2611.545
2024-02-01 00:00:00;NORTE;SUDESTE/CENTRO-OESTE;2524.109
2024-02-01 01:00:00;NORTE;SUDESTE/CENTRO-OESTE;2076.003
2024-02-01 02:00:00;NORTE;SUDESTE/CENTRO-OESTE;1519.102
2024-02-01 03:00:00;NORTE;SUDESTE/CENTRO-OESTE;1143.48499999
2024-02-01 04:00:00;NORTE;SUDESTE/CENTRO-OESTE;961.059
2024-02-01 05:00:00;NORTE;SUDESTE/CENTRO-OESTE;1214.669
2024-02-01 06:00:00;NORTE;SUDESTE/CENTRO-OESTE;1806.878
2024-02-01 07:00:00;NORTE;SUDESTE/CENTRO-OESTE;2596.01899999
2024-02-01 08:00:00;NORTE;SUDESTE/CENTRO-OESTE;3828.526
2024-02-01 09:00:00;NORTE;SUDESTE/CENTRO-OESTE;3955.526
2024-02-01 10:00:00;NORTE;SUDESTE/CENTRO-OESTE;3994.373
2024-02-01 11:00:00;NORTE;SUDESTE/CENTRO-OESTE;4300.479
2024-02-01 12:00:00;NORTE;SUDESTE/CENTRO-OESTE;4249.954
2024-02-01 13:00:00;NORTE;SUDESTE/CENTRO-OESTE;4200.562
2024-02-01 14:00:00;NORTE;SUDESTE/CENTRO-OESTE;4735.006
2024-02-01 15:00:00;NORTE;SUDESTE/CENTRO-OESTE;5886.015
2024-02-01 16:00:00;NORTE;SUDESTE/CENTRO-OESTE;6480.76
2024-02-01 17:00:00;NORTE;SUDESTE/CENTRO-OESTE;6095.51
2024-02-01 18:00:00;NORTE;SUDESTE/CENTRO-OESTE;5580.00699999
2024-02-01 19:00:00;NORTE;SUDESTE/CENTRO-OESTE;5822.613
2024-02-01 20:00:00;NORTE;SUDESTE/CENTRO-OESTE;6108.678
2024-02-01 21:00:00;NORTE;SUDESTE/CENTRO-OESTE;5516.85499999
2024-02-01 22:00:00;NORTE;SUDESTE/CENTRO-OESTE;4153.492
2024-02-01 23:00:00;NORTE;SUDESTE/CENTRO-OESTE;3405.804
2024-02-02 00:00:00;NORTE;SUDESTE/CENTRO-OESTE;2851.714
2024-02-02 01:00:00;NORTE;SUDESTE/CENTRO-OESTE;2462.471
2024-02-02 02:00:00;NORTE;SUDESTE/CENTRO-OESTE;2356.71799999
2024-02-02 03:00:00;NORTE;SUDESTE/CENTRO-OESTE;2350.982
2024-02-02 04:00:00;NORTE;SUDESTE/CENTRO-OESTE;2104.821
2024-02-02 05:00:00;NORTE;SUDESTE/CENTRO-OESTE;2295.46799999
2024-02-02 06:00:00;NORTE;SUDESTE/CENTRO-OESTE;3019.991
2024-02-02 07:00:00;NORTE;SUDESTE/CENTRO-OESTE;4087.092
2024-02-02 08:00:00;NORTE;SUDESTE/CENTRO-OESTE;4465.10999999
2024-02-02 09:00:00;NORTE;SUDESTE/CENTRO-OESTE;4690.655
2024-02-02 10:00:00;NORTE;SUDESTE/CENTRO-OESTE;5680.546
2024-02-02 11:00:00;NORTE;SUDESTE/CENTRO-OESTE;5865.738
2024-02-02 12:00:00;NORTE;SUDESTE/CENTRO-OESTE;5837.95
2024-02-02 13:00:00;NORTE;SUDESTE/CENTRO-OESTE;6127.079
2024-02-02 14:00:00;NORTE;SUDESTE/CENTRO-OESTE;6038.336
2024-02-02 15:00:00;NORTE;SUDESTE/CENTRO-OESTE;5676.156
2024-02-02 16:00:00;NORTE;SUDESTE/CENTRO-OESTE;5534.266
2024-02-02 17:00:00;NORTE;SUDESTE/CENTRO-OESTE;5298.634
2024-02-02 18:00:00;NORTE;SUDESTE/CENTRO-OESTE;4919.363
2024-02-02 19:00:00;NORTE;SUDESTE/CENTRO-OESTE;5748.36
2024-02-02 20:00:00;NORTE;SUDESTE/CENTRO-OESTE;6331.276
2024-02-02 21:00:00;NORTE;SUDESTE/CENTRO-OESTE;6005.376
2024-02-02 22:00:00;NORTE;SUDESTE/CENTRO-OESTE;5278.751
2024-02-02 23:00:00;NORTE;SUDESTE/CENTRO-OESTE;4217.997
2024-02-03 00:00:00;NORTE;SUDESTE/CENTRO-OESTE;3159.611
2024-02-03 01:00:00;NORTE;SUDESTE/CENTRO-OESTE;3178.379
2024-02-03 02:00:00;NORTE;SUDESTE/CENTRO-OESTE;3179.863
2024-02-03 03:00:00;NORTE;SUDESTE/CENTRO-OESTE;3162.046
2024-02-03 04:00:00;NORTE;SUDESTE/CENTRO-OESTE;3402.386
2024-02-03 05:00:00;NORTE;SUDESTE/CENTRO-OESTE;3699.653
2024-02-03 06:00:00;NORTE;SUDESTE/CENTRO-OESTE;4383.853
2024-02-03 07:00:00;NORTE;SUDESTE/CENTRO-OESTE;5464.18099999
2024-02-03 08:00:00;NORTE;SUDESTE/CENTRO-OESTE;5465.117
2024-02-03 09:00:00;NORTE;SUDESTE/CENTRO-OESTE;5364.501
2024-02-03 10:00:00;NORTE;SUDESTE/CENTRO-OESTE;5572.585
2024-02-03 11:00:00;NORTE;SUDESTE/CENTRO-OESTE;5762.575
2024-02-03 12:00:00;NORTE;SUDESTE/CENTRO-OESTE;5790.992
2024-02-03 13:00:00;NORTE;SUDESTE/CENTRO-OESTE;5790.104
2024-02-03 14:00:00;NORTE;SUDESTE/CENTRO-OESTE;5820.533
2024-02-03 15:00:00;NORTE;SUDESTE/CENTRO-OESTE;6017.437
2024-02-03 16:00:00;NORTE;SUDESTE/CENTRO-OESTE;6283.988
2024-02-03 17:00:00;NORTE;SUDESTE/CENTRO-OESTE;5881.011
2024-02-03 18:00:00;NORTE;SUDESTE/CENTRO-OESTE;5402.267
2024-02-03 19:00:00;NORTE;SUDESTE/CENTRO-OESTE;6185.289
2024-02-03 20:00:00;NORTE;SUDESTE/CENTRO-OESTE;7290.145
2024-02-03 21:00:00;NORTE;SUDESTE/CENTRO-OESTE;7520.63299999
2024-02-03 22:00:00;NORTE;SUDESTE/CENTRO-OESTE;7136.234
2024-02-03 23:00:00;NORTE;SUDESTE/CENTRO-OESTE;6550.052
2024-02-04 00:00:00;NORTE;SUDESTE/CENTRO-OESTE;6157.99
2024-02-04 01:00:00;NORTE;SUDESTE/CENTRO-OESTE;5845.005
2024-02-04 02:00:00;NORTE;SUDESTE/CENTRO-OESTE;5402.13199999
2024-02-04 03:00:00;NORTE;SUDESTE/CENTRO-OESTE;5099.825
2024-02-04 04:00:00;NORTE;SUDESTE/CENTRO-OESTE;4890.404
2024-02-04 05:00:00;NORTE;SUDESTE/CENTRO-OESTE;4966.21
2024-02-04 06:00:00;NORTE;SUDESTE/CENTRO-OESTE;4074.677
2024-02-04 07:00:00;NORTE;SUDESTE/CENTRO-OESTE;4239.508
2024-02-04 08:00:00;NORTE;SUDESTE/CENTRO-OESTE;4382.675
2024-02-04 09:00:00;NORTE;SUDESTE/CENTRO-OESTE;4253.643
2024-02-04 10:00:00;NORTE;SUDESTE/CENTRO-OESTE;4204.223
2024-02-04 11:00:00;NORTE;SUDESTE/CENTRO-OESTE;4143.778
2024-02-04 12:00:00;NORTE;SUDESTE/CENTRO-OESTE;4251.203
2024-02-04 13:00:00;NORTE;SUDESTE/CENTRO-OESTE;4268.502
2024-02-04 14:00:00;NORTE;SUDESTE/CENTRO-OESTE;4731.578
2024-02-04 15:00:00;NORTE;SUDESTE/CENTRO-OESTE;4632.714
2024-02-04 16:00:00;NORTE;SUDESTE/CENTRO-OESTE;5539.512
2024-02-04 17:00:00;NORTE;SUDESTE/CENTRO-OESTE;5860.231
2024-02-04 18:00:00;NORTE;SUDESTE/CENTRO-OESTE;6311.794
2024-02-04 19:00:00;NORTE;SUDESTE/CENTRO-OESTE;7709.77499999
2024-02-04 20:00:00;NORTE;SUDESTE/CENTRO-OESTE;7877.81299999
2024-02-04 21:00:00;NORTE;SUDESTE/CENTRO-OESTE;7690.394
2024-02-04 22:00:00;NORTE;SUDESTE/CENTRO-OESTE;7282.062
2024-02-04 23:00:00;NORTE;SUDESTE/CENTRO-OESTE;7100.11
2024-02-05 00:00:00;NORTE;SUDESTE/CENTRO-OESTE;6537.074
2024-02-05 01:00:00;NORTE;SUDESTE/CENTRO-OESTE;5808.904
2024-02-05 02:00:00;NORTE;SUDESTE/CENTRO-OESTE;5376.673
2024-02-05 03:00:00;NORTE;SUDESTE/CENTRO-OESTE;5133.664
2024-02-05 04:00:00;NORTE;SUDESTE/CENTRO-OESTE;5226.156
2024-02-05 05:00:00;NORTE;SUDESTE/CENTRO-OESTE;5445.804
2024-02-05 06:00:00;NORTE;SUDESTE/CENTRO-OESTE;6340.458
2024-02-05 07:00:00;NORTE;SUDESTE/CENTRO-OESTE;7226.695
2024-02-05 08:00:00;NORTE;SUDESTE/CENTRO-OESTE;7465.336
2024-02-05 09:00:00;NORTE;SUDESTE/CENTRO-OESTE;7317.38
2024-02-05 10:00:00;NORTE;SUDESTE/CENTRO-OESTE;7421.5
2024-02-05 11:00:00;NORTE;SUDESTE/CENTRO-OESTE;7535.902
2024-02-05 12:00:00;NORTE;SUDESTE/CENTRO-OESTE;6732.686
2024-02-05 13:00:00;NORTE;SUDESTE/CENTRO-OESTE;6733.933
2024-02-05 14:00:00;NORTE;SUDESTE/CENTRO-OESTE;7693.12
2024-02-05 15:00:00;NORTE;SUDESTE/CENTRO-OESTE;8177.88
2024-02-05 16:00:00;NORTE;SUDESTE/CENTRO-OESTE;8204.524
2024-02-05 17:00:00;NORTE;SUDESTE/CENTRO-OESTE;8041.69099999
2024-02-05 18:00:00;NORTE;SUDESTE/CENTRO-OESTE;7625.642
2024-02-05 19:00:00;NORTE;SUDESTE/CENTRO-OESTE;7775.632
2024-02-05 20:00:00;NORTE;SUDESTE/CENTRO-OESTE;7555.868
2024-02-05 21:00:00;NORTE;SUDESTE/CENTRO-OESTE;7174.619
2024-02-05 22:00:00;NORTE;SUDESTE/CENTRO-OESTE;6748.06499999
2024-02-05 23:00:00;NORTE;SUDESTE/CENTRO-OESTE;6705.04699999
2024-02-06 00:00:00;NORTE;SUDESTE/CENTRO-OESTE;6474.10499999
2024-02-06 01:00:00;NORTE;SUDESTE/CENTRO-OESTE;4527.953
2024-02-06 02:00:00;NORTE;SUDESTE/CENTRO-OESTE;3657.911
2024-02-06 03:00:00;NORTE;SUDESTE/CENTRO-OESTE;3449.026
2024-02-06 04:00:00;NORTE;SUDESTE/CENTRO-OESTE;3472.885
2024-02-06 05:00:00;NORTE;SUDESTE/CENTRO-OESTE;3783.525
2024-02-06 06:00:00;NORTE;SUDESTE/CENTRO-OESTE;4850.394
2024-02-06 07:00:00;NORTE;SUDESTE/CENTRO-OESTE;6263.737
2024-02-06 08:00:00;NORTE;SUDESTE/CENTRO-OESTE;7093.532
2024-02-06 09:00:00;NORTE;SUDESTE/CENTRO-OESTE;7292.352
2024-02-06 10:00:00;NORTE;SUDESTE/CENTRO-OESTE;7099.541
2024-02-06 11:00:00;NORTE;SUDESTE/CENTRO-OESTE;7193.353
2024-02-06 12:00:00;NORTE;SUDESTE/CENTRO-OESTE;7454.898
2024-02-06 13:00:00;NORTE;SUDESTE/CENTRO-OESTE;7831.45
2024-02-06 14:00:00;NORTE;SUDESTE/CENTRO-OESTE;7620.398
2024-02-06 15:00:00;NORTE;SUDESTE/CENTRO-OESTE;7657.729
2024-02-06 16:00:00;NORTE;SUDESTE/CENTRO-OESTE;8692.938
2024-02-06 17:00:00;NORTE;SUDESTE/CENTRO-OESTE;8988.677
2024-02-06 18:00:00;NORTE;SUDESTE/CENTRO-OESTE;8942.158
2024-02-06 19:00:00;NORTE;SUDESTE/CENTRO-OESTE;9116.864
2024-02-06 20:00:00;NORTE;SUDESTE/CENTRO-OESTE;8878.235
2024-02-06 21:00:00;NORTE;SUDESTE/CENTRO-OESTE;8728.236
2024-02-06 22:00:00;NORTE;SUDESTE/CENTRO-OESTE;8163.939
2024-02-06 23:00:00;NORTE;SUDESTE/CENTRO-OESTE;7909.871
2024-02-07 00:00:00;NORTE;SUDESTE/CENTRO-OESTE;8005.849
2024-02-07 01:00:00;NORTE;SUDESTE/CENTRO-OESTE;7404.70499999
2024-02-07 02:00:00;NORTE;SUDESTE/CENTRO-OESTE;6890.131
2024-02-07 03:00:00;NORTE;SUDESTE/CENTRO-OESTE;6237.766
2024-02-07 04:00:00;NORTE;SUDESTE/CENTRO-OESTE;5978.369
2024-02-07 05:00:00;NORTE;SUDESTE/CENTRO-OESTE;5501.341
2024-02-07 06:00:00;NORTE;SUDESTE/CENTRO-OESTE;5650.74799999
2024-02-07 07:00:00;NORTE;SUDESTE/CENTRO-OESTE;6697.537
2024-02-07 08:00:00;NORTE;SUDESTE/CENTRO-OESTE;7415.768
2024-02-07 09:00:00;NORTE;SUDESTE/CENTRO-OESTE;7759.668
2024-02-07 10:00:00;NORTE;SUDESTE/CENTRO-OESTE;7510.715
2024-02-07 11:00:00;NORTE;SUDESTE/CENTRO-OESTE;7264.59
2024-02-07 12:00:00;NORTE;SUDESTE/CENTRO-OESTE;7218.037
2024-02-07 13:00:00;NORTE;SUDESTE/CENTRO-OESTE;7579.55
2024-02-07 14:00:00;NORTE;SUDESTE/CENTRO-OESTE;7558.72
2024-02-07 15:00:00;NORTE;SUDESTE/CENTRO-OESTE;7411.762
2024-02-07 16:00:00;NORTE;SUDESTE/CENTRO-OESTE;8293.034
2024-02-07 17:00:00;NORTE;SUDESTE/CENTRO-OESTE;8498.527
2024-02-07 18:00:00;NORTE;SUDESTE/CENTRO-OESTE;8423.984
2024-02-07 19:00:00;NORTE;SUDESTE/CENTRO-OESTE;8925.458
2024-02-07 20:00:00;NORTE;SUDESTE/CENTRO-OESTE;8894.887
2024-02-07 21:00:00;NORTE;SUDESTE/CENTRO-OESTE;8919.02899999
2024-02-07 22:00:00;NORTE;SUDESTE/CENTRO-OESTE;8937.447
2024-02-07 23:00:00;NORTE;SUDESTE/CENTRO-OESTE;8307.415
2024-02-08 00:00:00;NORTE;SUDESTE/CENTRO-OESTE;7558.072
2024-02-08 01:00:00;NORTE;SUDESTE/CENTRO-OESTE;6226.869
2024-02-08 02:00:00;NORTE;SUDESTE/CENTRO-OESTE;5169.253
2024-02-08 03:00:00;NORTE;SUDESTE/CENTRO-OESTE;4599.005
2024-02-08 04:00:00;NORTE;SUDESTE/CENTRO-OESTE;4478.55599999
2024-02-08 05:00:00;NORTE;SUDESTE/CENTRO-OESTE;4811.723
2024-02-08 06:00:00;NORTE;SUDESTE/CENTRO-OESTE;5665.352
2024-02-08 07:00:00;NORTE;SUDESTE/CENTRO-OESTE;6707.18999999
2024-02-08 08:00:00;NORTE;SUDESTE/CENTRO-OESTE;7288.502
2024-02-08 09:00:00;NORTE;SUDESTE/CENTRO-OESTE;7212.797
2024-02-08 10:00:00;NORTE;SUDESTE/CENTRO-OESTE;5321.446
2024-02-08 11:00:00;NORTE;SUDESTE/CENTRO-OESTE;6974.59599999
2024-02-08 12:00:00;NORTE;SUDESTE/CENTRO-OESTE;7139.162
2024-02-08 13:00:00;NORTE;SUDESTE/CENTRO-OESTE;6885.154
2024-02-08 14:00:00;NORTE;SUDESTE/CENTRO-OESTE;6936.638
2024-02-08 15:00:00;NORTE;SUDESTE/CENTRO-OESTE;6821.55599999
2024-02-08 16:00:00;NORTE;SUDESTE/CENTRO-OESTE;5960.024
2024-02-08 17:00:00;NORTE;SUDESTE/CENTRO-OESTE;6311.294
2024-02-08 18:00:00;NORTE;SUDESTE/CENTRO-OESTE;6725.145
2024-02-08 19:00:00;NORTE;SUDESTE/CENTRO-OESTE;7250.439
2024-02-08 20:00:00;NORTE;SUDESTE/CENTRO-OESTE;7237.96
2024-02-08 21:00:00;NORTE;SUDESTE/CENTRO-OESTE;7046.56
2024-02-08 22:00:00;NORTE;SUDESTE/CENTRO-OESTE;7123.922
2024-02-08 23:00:00;NORTE;SUDESTE/CENTRO-OESTE;6952.644
2024-02-09 00:00:00;NORTE;SUDESTE/CENTRO-OESTE;6955.80599999
2024-02-09 01:00:00;NORTE;SUDESTE/CENTRO-OESTE;6015.247
2024-02-09 02:00:00;NORTE;SUDESTE/CENTRO-OESTE;4302.99799999
2024-02-09 03:00:00;NORTE;SUDESTE/CENTRO-OESTE;3198.87399999
2024-02-09 04:00:00;NORTE;SUDESTE/CENTRO-OESTE;2707.57
2024-02-09 05:00:00;NORTE;SUDESTE/CENTRO-OESTE;2692.858
2024-02-09 06:00:00;NORTE;SUDESTE/CENTRO-OESTE;3547.301
2024-02-09 07:00:00;NORTE;SUDESTE/CENTRO-OESTE;5030.629
2024-02-09 08:00:00;NORTE;SUDESTE/CENTRO-OESTE;6127.18099999
2024-02-09 09:00:00;NORTE;SUDESTE/CENTRO-OESTE;6360.335
2024-02-09 10:00:00;NORTE;SUDESTE/CENTRO-OESTE;6677.104
2024-02-09 11:00:00;NORTE;SUDESTE/CENTRO-OESTE;6970.992
2024-02-09 12:00:00;NORTE;SUDESTE/CENTRO-OESTE;7114.469
2024-02-09 13:00:00;NORTE;SUDESTE/CENTRO-OESTE;7116.787
2024-02-09 14:00:00;NORTE;SUDESTE/CENTRO-OESTE;7000.302
2024-02-09 15:00:00;NORTE;SUDESTE/CENTRO-OESTE;7275.343
2024-02-09 16:00:00;NORTE;SUDESTE/CENTRO-OESTE;7868.638
2024-02-09 17:00:00;NORTE;SUDESTE/CENTRO-OESTE;8741.343
2024-02-09 18:00:00;NORTE;SUDESTE/CENTRO-OESTE;9346.71699999
2024-02-09 19:00:00;NORTE;SUDESTE/CENTRO-OESTE;9521.73299999
2024-02-09 20:00:00;NORTE;SUDESTE/CENTRO-OESTE;9375.288
2024-02-09 21:00:00;NORTE;SUDESTE/CENTRO-OESTE;9485.232
2024-02-09 22:00:00;NORTE;SUDESTE/CENTRO-OESTE;9352.786
2024-02-09 23:00:00;NORTE;SUDESTE/CENTRO-OESTE;9246.95
2024-02-10 00:00:00;NORTE;SUDESTE/CENTRO-OESTE;8608.954
2024-02-10 01:00:00;NORTE;SUDESTE/CENTRO-OESTE;7717.154
2024-02-10 02:00:00;NORTE;SUDESTE/CENTRO-OESTE;7897.49499999
2024-02-10 03:00:00;NORTE;SUDESTE/CENTRO-OESTE;7956.012
2024-02-10 04:00:00;NORTE;SUDESTE/CENTRO-OESTE;8282.808
2024-02-10 05:00:00;NORTE;SUDESTE/CENTRO-OESTE;8089.904
2024-02-10 06:00:00;NORTE;SUDESTE/CENTRO-OESTE;7421.88299999
2024-02-10 07:00:00;NORTE;SUDESTE/CENTRO-OESTE;7150.646
2024-02-10 08:00:00;NORTE;SUDESTE/CENTRO-OESTE;5935.321
2024-02-10 09:00:00;NORTE;SUDESTE/CENTRO-OESTE;5151.711
2024-02-10 10:00:00;NORTE;SUDESTE/CENTRO-OESTE;4847.073
2024-02-10 11:00:00;NORTE;SUDESTE/CENTRO-OESTE;4703.658
2024-02-10 12:00:00;NORTE;SUDESTE/CENTRO-OESTE;4496.223
2024-02-10 13:00:00;NORTE;SUDESTE/CENTRO-OESTE;4163.009
2024-02-10 14:00:00;NORTE;SUDESTE/CENTRO-OESTE;4053.287
2024-02-10 15:00:00;NORTE;SUDESTE/CENTRO-OESTE;4102.575
2024-02-10 16:00:00;NORTE;SUDESTE/CENTRO-OESTE;4284.74399999
2024-02-10 17:00:00;NORTE;SUDESTE/CENTRO-OESTE;5701.21
2024-02-10 18:00:00;NORTE;SUDESTE/CENTRO-OESTE;6756.383
2024-02-10 19:00:00;NORTE;SUDESTE/CENTRO-OESTE;7408.248
2024-02-10 20:00:00;NORTE;SUDESTE/CENTRO-OESTE;7397.315
2024-02-10 21:00:00;NORTE;SUDESTE/CENTRO-OESTE;7337.648
2024-02-10 22:00:00;NORTE;SUDESTE/CENTRO-OESTE;7281.626
2024-02-10 23:00:00;NORTE;SUDESTE/CENTRO-OESTE;7366.131
2024-02-11 00:00:00;NORTE;SUDESTE/CENTRO-OESTE;7247.646
2024-02-11 01:00:00;NORTE;SUDESTE/CENTRO-OESTE;6948.75
2024-02-11 02:00:00;NORTE;SUDESTE/CENTRO-OESTE;6644.406
2024-02-11 03:00:00;NORTE;SUDESTE/CENTRO-OESTE;6147.847
2024-02-11 04:00:00;NORTE;SUDESTE/CENTRO-OESTE;5411.11399999
2024-02-11 05:00:00;NORTE;SUDESTE/CENTRO-OESTE;5174.707
2024-02-11 06:00:00;NORTE;SUDESTE/CENTRO-OESTE;5109.55
2024-02-11 07:00:00;NORTE;SUDESTE/CENTRO-OESTE;5373.366
2024-02-11 08:00:00;NORTE;SUDESTE/CENTRO-OESTE;5809.09
2024-02-11 09:00:00;NORTE;SUDESTE/CENTRO-OESTE;5512.162
2024-02-11 10:00:00;NORTE;SUDESTE/CENTRO-OESTE;5480.673
2024-02-11 11:00:00;NORTE;SUDESTE/CENTRO-OESTE;5627.63199999
2024-02-11 12:00:00;NORTE;SUDESTE/CENTRO-OESTE;5594.791
2024-02-11 13:00:00;NORTE;SUDESTE/CENTRO-OESTE;5669.098
2024-02-11 14:00:00;NORTE;SUDESTE/CENTRO-OESTE;5491.262
2024-02-11 15:00:00;NORTE;SUDESTE/CENTRO-OESTE;5566.671
2024-02-11 16:00:00;NORTE;SUDESTE/CENTRO-OESTE;6374.53799999
2024-02-11 17:00:00;NORTE;SUDESTE/CENTRO-OESTE;8262.395
2024-02-11 18:00:00;NORTE;SUDESTE/CENTRO-OESTE;8812.924
2024-02-11 19:00:00;NORTE;SUDESTE/CENTRO-OESTE;8695.31699999
2024-02-11 20:00:00;NORTE;SUDESTE/CENTRO-OESTE;8891.716
2024-02-11 21:00:00;NORTE;SUDESTE/CENTRO-OESTE;9134.901
2024-02-11 22:00:00;NORTE;SUDESTE/CENTRO-OESTE;9038.64799999
2024-02-11 23:00:00;NORTE;SUDESTE/CENTRO-OESTE;9035.123
2024-02-12 00:00:00;NORTE;SUDESTE/CENTRO-OESTE;8949.458
2024-02-12 01:00:00;NORTE;SUDESTE/CENTRO-OESTE;8911.31699999
2024-02-12 02:00:00;NORTE;SUDESTE/CENTRO-OESTE;8889.464
2024-02-12 03:00:00;NORTE;SUDESTE/CENTRO-OESTE;8747.93399999
2024-02-12 04:00:00;NORTE;SUDESTE/CENTRO-OESTE;8145.936
2024-02-12 05:00:00;NORTE;SUDESTE/CENTRO-OESTE;8119.74099999
2024-02-12 06:00:00;NORTE;SUDESTE/CENTRO-OESTE;7979.671
2024-02-12 07:00:00;NORTE;SUDESTE/CENTRO-OESTE;8196.819
2024-02-12 08:00:00;NORTE;SUDESTE/CENTRO-OESTE;7922.56099999
2024-02-12 09:00:00;NORTE;SUDESTE/CENTRO-OESTE;8182.885
2024-02-12 10:00:00;NORTE;SUDESTE/CENTRO-OESTE;8216.893
2024-02-12 11:00:00;NORTE;SUDESTE/CENTRO-OESTE;8053.6
2024-02-12 12:00:00;NORTE;SUDESTE/CENTRO-OESTE;7913.658
2024-02-12 13:00:00;NORTE;SUDESTE/CENTRO-OESTE;7935.323
2024-02-12 14:00:00;NORTE;SUDESTE/CENTRO-OESTE;7903.881
2024-02-12 15:00:00;NORTE;SUDESTE/CENTRO-OESTE;7493.868
2024-02-12 16:00:00;NORTE;SUDESTE/CENTRO-OESTE;7926.116
2024-02-12 17:00:00;NORTE;SUDESTE/CENTRO-OESTE;8815.938
2024-02-12 18:00:00;NORTE;SUDESTE/CENTRO-OESTE;9592.53699999
2024-02-12 19:00:00;NORTE;SUDESTE/CENTRO-OESTE;9972.972
2024-02-12 20:00:00;NORTE;SUDESTE/CENTRO-OESTE;9839.69
2024-02-12 21:00:00;NORTE;SUDESTE/CENTRO-OESTE;9781.403
2024-02-12 22:00:00;NORTE;SUDESTE/CENTRO-OESTE;9812.65
2024-02-12 23:00:00;NORTE;SUDESTE/CENTRO-OESTE;9665.293
2024-02-13 00:00:00;NORTE;SUDESTE/CENTRO-OESTE;9118.661
2024-02-13 01:00:00;NORTE;SUDESTE/CENTRO-OESTE;8999.176
2024-02-13 02:00:00;NORTE;SUDESTE/CENTRO-OESTE;9214.11699999
2024-02-13 03:00:00;NORTE;SUDESTE/CENTRO-OESTE;8889.248
2024-02-13 04:00:00;NORTE;SUDESTE/CENTRO-OESTE;7491.262
2024-02-13 05:00:00;NORTE;SUDESTE/CENTRO-OESTE;7114.326
2024-02-13 06:00:00;NORTE;SUDESTE/CENTRO-OESTE;7082.277
2024-02-13 07:00:00;NORTE;SUDESTE/CENTRO-OESTE;7063.337
2024-02-13 08:00:00;NORTE;SUDESTE/CENTRO-OESTE;7054.177
2024-02-13 09:00:00;NORTE;SUDESTE/CENTRO-OESTE;7192.493
2024-02-13 10:00:00;NORTE;SUDESTE/CENTRO-OESTE;6998.50699999
2024-02-13 11:00:00;NORTE;SUDESTE/CENTRO-OESTE;6938.327
2024-02-13 12:00:00;NORTE;SUDESTE/CENTRO-OESTE;6768.653
2024-02-13 13:00:00;NORTE;SUDESTE/CENTRO-OESTE;7093.521
2024-02-13 14:00:00;NORTE;SUDESTE/CENTRO-OESTE;7002.607
2024-02-13 15:00:00;NORTE;SUDESTE/CENTRO-OESTE;6650.392
2024-02-13 16:00:00;NORTE;SUDESTE/CENTRO-OESTE;6537.31
2024-02-13 17:00:00;NORTE;SUDESTE/CENTRO-OESTE;6558.235
2024-02-13 18:00:00;NORTE;SUDESTE/CENTRO-OESTE;7041.425
2024-02-13 19:00:00;NORTE;SUDESTE/CENTRO-OESTE;7537.524
2024-02-13 20:00:00;NORTE;SUDESTE/CENTRO-OESTE;7509.392
2024-02-13 21:00:00;NORTE;SUDESTE/CENTRO-OESTE;7290.664
2024-02-13 22:00:00;NORTE;SUDESTE/CENTRO-OESTE;7091.588
2024-02-13 23:00:00;NORTE;SUDESTE/CENTRO-OESTE;6800.189
2024-02-14 00:00:00;NORTE;SUDESTE/CENTRO-OESTE;6292.883
2024-02-14 01:00:00;NORTE;SUDESTE/CENTRO-OESTE;5807.75
2024-02-14 02:00:00;NORTE;SUDESTE/CENTRO-OESTE;5766.678
2024-02-14 03:00:00;NORTE;SUDESTE/CENTRO-OESTE;5451.12
2024-02-14 04:00:00;NORTE;SUDESTE/CENTRO-OESTE;4649.336
2024-02-14 05:00:00;NORTE;SUDESTE/CENTRO-OESTE;4421.56
2024-02-14 06:00:00;NORTE;SUDESTE/CENTRO-OESTE;4842.18599999
2024-02-14 07:00:00;NORTE;SUDESTE/CENTRO-OESTE;5900.645
2024-02-14 08:00:00;NORTE;SUDESTE/CENTRO-OESTE;6914.841
2024-02-14 09:00:00;NORTE;SUDESTE/CENTRO-OESTE;6545.688
2024-02-14 10:00:00;NORTE;SUDESTE/CENTRO-OESTE;5942.841
2024-02-14 11:00:00;NORTE;SUDESTE/CENTRO-OESTE;5251.22
2024-02-14 12:00:00;NORTE;SUDESTE/CENTRO-OESTE;4882.756
2024-02-14 13:00:00;NORTE;SUDESTE/CENTRO-OESTE;4887.25699999
2024-02-14 14:00:00;NORTE;SUDESTE/CENTRO-OESTE;4475.653
2024-02-14 15:00:00;NORTE;SUDESTE/CENTRO-OESTE;4542.63
2024-02-14 16:00:00;NORTE;SUDESTE/CENTRO-OESTE;5021.068
2024-02-14 17:00:00;NORTE;SUDESTE/CENTRO-OESTE;5186.377
2024-02-14 18:00:00;NORTE;SUDESTE/CENTRO-OESTE;5360.301
2024-02-14 19:00:00;NORTE;SUDESTE/CENTRO-OESTE;6044.837
2024-02-14 20:00:00;NORTE;SUDESTE/CENTRO-OESTE;6036.3
2024-02-14 21:00:00;NORTE;SUDESTE/CENTRO-OESTE;5781.728
2024-02-14 22:00:00;NORTE;SUDESTE/CENTRO-OESTE;5343.857
2024-02-14 23:00:00;NORTE;SUDESTE/CENTRO-OESTE;4495.687
2024-02-15 00:00:00;NORTE;SUDESTE/CENTRO-OESTE;3986.158
2024-02-15 01:00:00;NORTE;SUDESTE/CENTRO-OESTE;4037.016
2024-02-15 02:00:00;NORTE;SUDESTE/CENTRO-OESTE;3939.123
2024-02-15 03:00:00;NORTE;SUDESTE/CENTRO-OESTE;4016.055
2024-02-15 04:00:00;NORTE;SUDESTE/CENTRO-OESTE;4181.76599999
2024-02-15 05:00:00;NORTE;SUDESTE/CENTRO-OESTE;3989.204
2024-02-15 06:00:00;NORTE;SUDESTE/CENTRO-OESTE;3757.537
2024-02-15 07:00:00;NORTE;SUDESTE/CENTRO-OESTE;3814.919
2024-02-15 08:00:00;NORTE;SUDESTE/CENTRO-OESTE;3586.95
2024-02-15 09:00:00;NORTE;SUDESTE/CENTRO-OESTE;3974.379
2024-02-15 10:00:00;NORTE;SUDESTE/CENTRO-OESTE;4238.983
2024-02-15 11:00:00;NORTE;SUDESTE/CENTRO-OESTE;4146.937
2024-02-15 12:00:00;NORTE;SUDESTE/CENTRO-OESTE;4415.747
2024-02-15 13:00:00;NORTE;SUDESTE/CENTRO-OESTE;5081.82399999
2024-02-15 14:00:00;NORTE;SUDESTE/CENTRO-OESTE;5339.045
2024-02-15 15:00:00;NORTE;SUDESTE/CENTRO-OESTE;5567.557
2024-02-15 16:00:00;NORTE;SUDESTE/CENTRO-OESTE;6084.716
2024-02-15 17:00:00;NORTE;SUDESTE/CENTRO-OESTE;6430.022
2024-02-15 18:00:00;NORTE;SUDESTE/CENTRO-OESTE;6573.031
2024-02-15 19:00:00;NORTE;SUDESTE/CENTRO-OESTE;6113.635
2024-02-15 20:00:00;NORTE;SUDESTE/CENTRO-OESTE;5606.997
2024-02-15 21:00:00;NORTE;SUDESTE/CENTRO-OESTE;4894.133
2024-02-15 22:00:00;NORTE;SUDESTE/CENTRO-OESTE;4078.789
2024-02-15 23:00:00;NORTE;SUDESTE/CENTRO-OESTE;3150.092
2024-02-16 00:00:00;NORTE;SUDESTE/CENTRO-OESTE;2832.054
2024-02-16 01:00:00;NORTE;SUDESTE/CENTRO-OESTE;3116.438
2024-02-16 02:00:00;NORTE;SUDESTE/CENTRO-OESTE;3096.958
2024-02-16 03:00:00;NORTE;SUDESTE/CENTRO-OESTE;3050.247
2024-02-16 04:00:00;NORTE;SUDESTE/CENTRO-OESTE;3382.946
2024-02-16 05:00:00;NORTE;SUDESTE/CENTRO-OESTE;4116.97999999
2024-02-16 06:00:00;NORTE;SUDESTE/CENTRO-OESTE;5369.124
2024-02-16 07:00:00;NORTE;SUDESTE/CENTRO-OESTE;5993.376
2024-02-16 08:00:00;NORTE;SUDESTE/CENTRO-OESTE;5345.70799999
2024-02-16 09:00:00;NORTE;SUDESTE/CENTRO-OESTE;4334.3
2024-02-16 10:00:00;NORTE;SUDESTE/CENTRO-OESTE;3848.556
2024-02-16 11:00:00;NORTE;SUDESTE/CENTRO-OESTE;3988.432
2024-02-16 12:00:00;NORTE;SUDESTE/CENTRO-OESTE;3875.076
2024-02-16 13:00:00;NORTE;SUDESTE/CENTRO-OESTE;3588.568
2024-02-16 14:00:00;NORTE;SUDESTE/CENTRO-OESTE;3989.093
2024-02-16 15:00:00;NORTE;SUDESTE/CENTRO-OESTE;4665.84
2024-02-16 16:00:00;NORTE;SUDESTE/CENTRO-OESTE;5861.859
2024-02-16 17:00:00;NORTE;SUDESTE/CENTRO-OESTE;5739.292
2024-02-16 18:00:00;NORTE;SUDESTE/CENTRO-OESTE;6203.051
2024-02-16 19:00:00;NORTE;SUDESTE/CENTRO-OESTE;6933.862
2024-02-16 20:00:00;NORTE;SUDESTE/CENTRO-OESTE;6926.771
2024-02-16 21:00:00;NORTE;SUDESTE/CENTRO-OESTE;6452.251
2024-02-16 22:00:00;NORTE;SUDESTE/CENTRO-OESTE;4976.216
2024-02-16 23:00:00;NORTE;SUDESTE/CENTRO-OESTE;3116.18
2024-02-17 00:00:00;NORTE;SUDESTE/CENTRO-OESTE;1831.108
2024-02-17 01:00:00;NORTE;SUDESTE/CENTRO-OESTE;1115.179
2024-02-17 02:00:00;NORTE;SUDESTE/CENTRO-OESTE;725.05499999
2024-02-17 03:00:00;NORTE;SUDESTE/CENTRO-OESTE;864.724
2024-02-17 04:00:00;NORTE;SUDESTE/CENTRO-OESTE;1009.4
2024-02-17 05:00:00;NORTE;SUDESTE/CENTRO-OESTE;1211.586
2024-02-17 06:00:00;NORTE;SUDESTE/CENTRO-OESTE;1242.42699999
2024-02-17 07:00:00;NORTE;SUDESTE/CENTRO-OESTE;1768.798
2024-02-17 08:00:00;NORTE;SUDESTE/CENTRO-OESTE;2678.702
2024-02-17 09:00:00;NORTE;SUDESTE/CENTRO-OESTE;3174.154
2024-02-17 10:00:00;NORTE;SUDESTE/CENTRO-OESTE;2563.179
2024-02-17 11:00:00;NORTE;SUDESTE/CENTRO-OESTE;2202.21
2024-02-17 12:00:00;NORTE;SUDESTE/CENTRO-OESTE;2381.98799999
2024-02-17 13:00:00;NORTE;SUDESTE/CENTRO-OESTE;2173.047
2024-02-17 14:00:00;NORTE;SUDESTE/CENTRO-OESTE;2376.818
2024-02-17 15:00:00;NORTE;SUDESTE/CENTRO-OESTE;3032.463
2024-02-17 16:00:00;NORTE;SUDESTE/CENTRO-OESTE;3455.655
2024-02-17 17:00:00;NORTE;SUDESTE/CENTRO-OESTE;4544.555
2024-02-17 18:00:00;NORTE;SUDESTE/CENTRO-OESTE;5539.295
2024-02-17 19:00:00;NORTE;SUDESTE/CENTRO-OESTE;6777.113
2024-02-17 20:00:00;NORTE;SUDESTE/CENTRO-OESTE;6681.136
2024-02-17 21:00:00;NORTE;SUDESTE/CENTRO-OESTE;5510.225
2024-02-17 22:00:00;NORTE;SUDESTE/CENTRO-OESTE;4662.009
2024-02-17 23:00:00;NORTE;SUDESTE/CENTRO-OESTE;3992.093
2024-02-18 00:00:00;NORTE;SUDESTE/CENTRO-OESTE;2440.716
2024-02-18 01:00:00;NORTE;SUDESTE/CENTRO-OESTE;575.226
2024-02-18 02:00:00;NORTE;SUDESTE/CENTRO-OESTE;-86.182
2024-02-18 03:00:00;NORTE;SUDESTE/CENTRO-OESTE;59.682
2024-02-18 04:00:00;NORTE;SUDESTE/CENTRO-OESTE;267.261
2024-02-18 05:00:00;NORTE;SUDESTE/CENTRO-OESTE;522.638
2024-02-18 06:00:00;NORTE;SUDESTE/CENTRO-OESTE;640.725
2024-02-18 07:00:00;NORTE;SUDESTE/CENTRO-OESTE;1212.815
2024-02-18 08:00:00;NORTE;SUDESTE/CENTRO-OESTE;1898.191
2024-02-18 09:00:00;NORTE;SUDESTE/CENTRO-OESTE;2380.30499999
2024-02-18 10:00:00;NORTE;SUDESTE/CENTRO-OESTE;2510.257
2024-02-18 11:00:00;NORTE;SUDESTE/CENTRO-OESTE;2911.299
2024-02-18 12:00:00;NORTE;SUDESTE/CENTRO-OESTE;2908.537
2024-02-18 13:00:00;NORTE;SUDESTE/CENTRO-OESTE;2775.282
2024-02-18 14:00:00;NORTE;SUDESTE/CENTRO-OESTE;3035.814
2024-02-18 15:00:00;NORTE;SUDESTE/CENTRO-OESTE;3509.969
2024-02-18 16:00:00;NORTE;SUDESTE/CENTRO-OESTE;3858.267
2024-02-18 17:00:00;NORTE;SUDESTE/CENTRO-OESTE;4540.443
2024-02-18 18:00:00;NORTE;SUDESTE/CENTRO-OESTE;4222.805
2024-02-18 19:00:00;NORTE;SUDESTE/CENTRO-OESTE;4138.814
2024-02-18 20:00:00;NORTE;SUDESTE/CENTRO-OESTE;4144.233
2024-02-18 21:00:00;NORTE;SUDESTE/CENTRO-OESTE;3924.622
2024-02-18 22:00:00;NORTE;SUDESTE/CENTRO-OESTE;4133.362
2024-02-18 23:00:00;NORTE;SUDESTE/CENTRO-OESTE;3704.294
2024-02-19 00:00:00;NORTE;SUDESTE/CENTRO-OESTE;3331.614
2024-02-19 01:00:00;NORTE;SUDESTE/CENTRO-OESTE;2727.05499999
2024-02-19 02:00:00;NORTE;SUDESTE/CENTRO-OESTE;2038.345
2024-02-19 03:00:00;NORTE;SUDESTE/CENTRO-OESTE;2196.134
2024-02-19 04:00:00;NORTE;SUDESTE/CENTRO-OESTE;2103.888
2024-02-19 05:00:00;NORTE;SUDESTE/CENTRO-OESTE;2325.293
2024-02-19 06:00:00;NORTE;SUDESTE/CENTRO-OESTE;2751.163
2024-02-19 07:00:00;NORTE;SUDESTE/CENTRO-OESTE;3340.803
2024-02-19 08:00:00;NORTE;SUDESTE/CENTRO-OESTE;3349.625
2024-02-19 09:00:00;NORTE;SUDESTE/CENTRO-OESTE;3177.934
2024-02-19 10:00:00;NORTE;SUDESTE/CENTRO-OESTE;3843.981
2024-02-19 11:00:00;NORTE;SUDESTE/CENTRO-OESTE;5344.713
2024-02-19 12:00:00;NORTE;SUDESTE/CENTRO-OESTE;6334.494
2024-02-19 13:00:00;NORTE;SUDESTE/CENTRO-OESTE;7444.059
2024-02-19 14:00:00;NORTE;SUDESTE/CENTRO-OESTE;9032.792
2024-02-19 15:00:00;NORTE;SUDESTE/CENTRO-OESTE;8809.456
2024-02-19 16:00:00;NORTE;SUDESTE/CENTRO-OESTE;8139.14
2024-02-19 17:00:00;NORTE;SUDESTE/CENTRO-OESTE;7681.86499999
2024-02-19 18:00:00;NORTE;SUDESTE/CENTRO-OESTE;7493.082
2024-02-19 19:00:00;NORTE;SUDESTE/CENTRO-OESTE;7382.027
2024-02-19 20:00:00;NORTE;SUDESTE/CENTRO-OESTE;7177.097
2024-02-19 21:00:00;NORTE;SUDESTE/CENTRO-OESTE;6802.88
2024-02-19 22:00:00;NORTE;SUDESTE/CENTRO-OESTE;6445.09
2024-02-19 23:00:00;NORTE;SUDESTE/CENTRO-OESTE;5875.331
2024-02-20 00:00:00;NORTE;SUDESTE/CENTRO-OESTE;5619.121
2024-02-20 01:00:00;NORTE;SUDESTE/CENTRO-OESTE;4648.609
2024-02-20 02:00:00;NORTE;SUDESTE/CENTRO-OESTE;3702.331
2024-02-20 03:00:00;NORTE;SUDESTE/CENTRO-OESTE;3603.688
2024-02-20 04:00:00;NORTE;SUDESTE/CENTRO-OESTE;3699.096
2024-02-20 05:00:00;NORTE;SUDESTE/CENTRO-OESTE;3838.088
2024-02-20 06:00:00;NORTE;SUDESTE/CENTRO-OESTE;4132.975
2024-02-20 07:00:00;NORTE;SUDESTE/CENTRO-OESTE;4019.525
2024-02-20 08:00:00;NORTE;SUDESTE/CENTRO-OESTE;3542.239
2024-02-20 09:00:00;NORTE;SUDESTE/CENTRO-OESTE;3498.265
2024-02-20 10:00:00;NORTE;SUDESTE/CENTRO-OESTE;3956.459
2024-02-20 11:00:00;NORTE;SUDESTE/CENTRO-OESTE;4389.765
2024-02-20 12:00:00;NORTE;SUDESTE/CENTRO-OESTE;4622.316
2024-02-20 13:00:00;NORTE;SUDESTE/CENTRO-OESTE;5266.705
2024-02-20 14:00:00;NORTE;SUDESTE/CENTRO-OESTE;5320.821
2024-02-20 15:00:00;NORTE;SUDESTE/CENTRO-OESTE;5127.204
2024-02-20 16:00:00;NORTE;SUDESTE/CENTRO-OESTE;4817.023
2024-02-20 17:00:00;NORTE;SUDESTE/CENTRO-OESTE;4874.403
2024-02-20 18:00:00;NORTE;SUDESTE/CENTRO-OESTE;4646.711
2024-02-20 19:00:00;NORTE;SUDESTE/CENTRO-OESTE;5572.298
2024-02-20 20:00:00;NORTE;SUDESTE/CENTRO-OESTE;5633.482
2024-02-20 21:00:00;NORTE;SUDESTE/CENTRO-OESTE;5212.78799999
2024-02-20 22:00:00;NORTE;SUDESTE/CENTRO-OESTE;4602.00699999
2024-02-20 23:00:00;NORTE;SUDESTE/CENTRO-OESTE;3429.281
2024-02-21 00:00:00;NORTE;SUDESTE/CENTRO-OESTE;2760.224
2024-02-21 01:00:00;NORTE;SUDESTE/CENTRO-OESTE;2082.454
2024-02-21 02:00:00;NORTE;SUDESTE/CENTRO-OESTE;2031.067
2024-02-21 03:00:00;NORTE;SUDESTE/CENTRO-OESTE;2043.869
2024-02-21 04:00:00;NORTE;SUDESTE/CENTRO-OESTE;2160.813
2024-02-21 05:00:00;NORTE;SUDESTE/CENTRO-OESTE;2423.462
2024-02-21 06:00:00;NORTE;SUDESTE/CENTRO-OESTE;3046.351
2024-02-21 07:00:00;NORTE;SUDESTE/CENTRO-OESTE;3631.811
2024-02-21 08:00:00;NORTE;SUDESTE/CENTRO-OESTE;3888.538
2024-02-21 09:00:00;NORTE;SUDESTE/CENTRO-OESTE;4024.248
2024-02-21 10:00:00;NORTE;SUDESTE/CENTRO-OESTE;4300.384
2024-02-21 11:00:00;NORTE;SUDESTE/CENTRO-OESTE;4685.682
2024-02-21 12:00:00;NORTE;SUDESTE/CENTRO-OESTE;5078.722
2024-02-21 13:00:00;NORTE;SUDESTE/CENTRO-OESTE;5541.526
2024-02-21 14:00:00;NORTE;SUDESTE/CENTRO-OESTE;5965.944
2024-02-21 15:00:00;NORTE;SUDESTE/CENTRO-OESTE;5972.773
2024-02-21 16:00:00;NORTE;SUDESTE/CENTRO-OESTE;5701.73899999
2024-02-21 17:00:00;NORTE;SUDESTE/CENTRO-OESTE;5351.124
2024-02-21 18:00:00;NORTE;SUDESTE/CENTRO-OESTE;5424.77
2024-02-21 19:00:00;NORTE;SUDESTE/CENTRO-OESTE;5787.966
2024-02-21 20:00:00;NORTE;SUDESTE/CENTRO-OESTE;5667.49799999
2024-02-21 21:00:00;NORTE;SUDESTE/CENTRO-OESTE;5352.966
2024-02-21 22:00:00;NORTE;SUDESTE/CENTRO-OESTE;4831.901
2024-02-21 23:00:00;NORTE;SUDESTE/CENTRO-OESTE;3784.842
2024-02-22 00:00:00;NORTE;SUDESTE/CENTRO-OESTE;2319.064
2024-02-22 01:00:00;NORTE;SUDESTE/CENTRO-OESTE;1536.93
2024-02-22 02:00:00;NORTE;SUDESTE/CENTRO-OESTE;685.317
2024-02-22 03:00:00;NORTE;SUDESTE/CENTRO-OESTE;48.795
2024-02-22 04:00:00;NORTE;SUDESTE/CENTRO-OESTE;-3.688
2024-02-22 05:00:00;NORTE;SUDESTE/CENTRO-OESTE;252.712
2024-02-22 06:00:00;NORTE;SUDESTE/CENTRO-OESTE;735.471
2024-02-22 07:00:00;NORTE;SUDESTE/CENTRO-OESTE;1275.33099999
2024-02-22 08:00:00;NORTE;SUDESTE/CENTRO-OESTE;1305.957
2024-02-22 09:00:00;NORTE;SUDESTE/CENTRO-OESTE;1290.76399999
2024-02-22 10:00:00;NORTE;SUDESTE/CENTRO-OESTE;1533.964
2024-02-22 11:00:00;NORTE;SUDESTE/CENTRO-OESTE;1864.876
2024-02-22 12:00:00;NORTE;SUDESTE/CENTRO-OESTE;2105.98
2024-02-22 13:00:00;NORTE;SUDESTE/CENTRO-OESTE;2572.669
2024-02-22 14:00:00;NORTE;SUDESTE/CENTRO-OESTE;3464.569
2024-02-22 15:00:00;NORTE;SUDESTE/CENTRO-OESTE;3828.339
2024-02-22 16:00:00;NORTE;SUDESTE/CENTRO-OESTE;3576.809
2024-02-22 17:00:00;NORTE;SUDESTE/CENTRO-OESTE;3226.753
2024-02-22 18:00:00;NORTE;SUDESTE/CENTRO-OESTE;3526.458
2024-02-22 19:00:00;NORTE;SUDESTE/CENTRO-OESTE;4320.644
2024-02-22 20:00:00;NORTE;SUDESTE/CENTRO-OESTE;4578.129
2024-02-22 21:00:00;NORTE;SUDESTE/CENTRO-OESTE;4400.603
2024-02-22 22:00:00;NORTE;SUDESTE/CENTRO-OESTE;3481.666
2024-02-22 23:00:00;NORTE;SUDESTE/CENTRO-OESTE;1619.76399999
2024-02-23 00:00:00;NORTE;SUDESTE/CENTRO-OESTE;1615.498
2024-02-23 01:00:00;NORTE;SUDESTE/CENTRO-OESTE;846.901
2024-02-23 02:00:00;NORTE;SUDESTE/CENTRO-OESTE;641.994
2024-02-23 03:00:00;NORTE;SUDESTE/CENTRO-OESTE;603.38199999
2024-02-23 04:00:00;NORTE;SUDESTE/CENTRO-OESTE;901.668
2024-02-23 05:00:00;NORTE;SUDESTE/CENTRO-OESTE;1061.652
2024-02-23 06:00:00;NORTE;SUDESTE/CENTRO-OESTE;1560.305
2024-02-23 07:00:00;NORTE;SUDESTE/CENTRO-OESTE;1966.867
2024-02-23 08:00:00;NORTE;SUDESTE/CENTRO-OESTE;2145.30699999
2024-02-23 09:00:00;NORTE;SUDESTE/CENTRO-OESTE;2332.065
2024-02-23 10:00:00;NORTE;SUDESTE/CENTRO-OESTE;2899.812
2024-02-23 11:00:00;NORTE;SUDESTE/CENTRO-OESTE;3237.401
2024-02-23 12:00:00;NORTE;SUDESTE/CENTRO-OESTE;3133.328
2024-02-23 13:00:00;NORTE;SUDESTE/CENTRO-OESTE;3140.035
2024-02-23 14:00:00;NORTE;SUDESTE/CENTRO-OESTE;2912.768
2024-02-23 15:00:00;NORTE;SUDESTE/CENTRO-OESTE;2983.92299999
2024-02-23 16:00:00;NORTE;SUDESTE/CENTRO-OESTE;3139.912
2024-02-23 17:00:00;NORTE;SUDESTE/CENTRO-OESTE;3073.806
2024-02-23 18:00:00;NORTE;SUDESTE/CENTRO-OESTE;3809.535
2024-02-23 19:00:00;NORTE;SUDESTE/CENTRO-OESTE;5446.367
2024-02-23 20:00:00;NORTE;SUDESTE/CENTRO-OESTE;6173.814
2024-02-23 21:00:00;NORTE;SUDESTE/CENTRO-OESTE;6191.028
2024-02-23 22:00:00;NORTE;SUDESTE/CENTRO-OESTE;5881.951
2024-02-23 23:00:00;NORTE;SUDESTE/CENTRO-OESTE;4938.403
2024-02-24 00:00:00;NORTE;SUDESTE/CENTRO-OESTE;4776.417
2024-02-24 01:00:00;NORTE;SUDESTE/CENTRO-OESTE;4420.743
2024-02-24 02:00:00;NORTE;SUDESTE/CENTRO-OESTE;4013.472
2024-02-24 03:00:00;NORTE;SUDESTE/CENTRO-OESTE;3880.626
2024-02-24 04:00:00;NORTE;SUDESTE/CENTRO-OESTE;3862.036
2024-02-24 05:00:00;NORTE;SUDESTE/CENTRO-OESTE;3167.125
2024-02-24 06:00:00;NORTE;SUDESTE/CENTRO-OESTE;3607.08
2024-02-24 07:00:00;NORTE;SUDESTE/CENTRO-OESTE;4336.506
2024-02-24 08:00:00;NORTE;SUDESTE/CENTRO-OESTE;4631.44899999
2024-02-24 09:00:00;NORTE;SUDESTE/CENTRO-OESTE;5264.023
2024-02-24 10:00:00;NORTE;SUDESTE/CENTRO-OESTE;5567.022
2024-02-24 11:00:00;NORTE;SUDESTE/CENTRO-OESTE;5616.421
2024-02-24 12:00:00;NORTE;SUDESTE/CENTRO-OESTE;5908.169
2024-02-24 13:00:00;NORTE;SUDESTE/CENTRO-OESTE;6072.468
2024-02-24 14:00:00;NORTE;SUDESTE/CENTRO-OESTE;6079.325
2024-02-24 15:00:00;NORTE;SUDESTE/CENTRO-OESTE;5894.75699999
2024-02-24 16:00:00;NORTE;SUDESTE/CENTRO-OESTE;6555.38199999
2024-02-24 17:00:00;NORTE;SUDESTE/CENTRO-OESTE;6555.136
2024-02-24 18:00:00;NORTE;SUDESTE/CENTRO-OESTE;6836.263
2024-02-24 19:00:00;NORTE;SUDESTE/CENTRO-OESTE;7322.269
2024-02-24 20:00:00;NORTE;SUDESTE/CENTRO-OESTE;7117.899
2024-02-24 21:00:00;NORTE;SUDESTE/CENTRO-OESTE;6790.574
2024-02-24 22:00:00;NORTE;SUDESTE/CENTRO-OESTE;6360.64
2024-02-24 23:00:00;NORTE;SUDESTE/CENTRO-OESTE;5714.615
2024-02-25 00:00:00;NORTE;SUDESTE/CENTRO-OESTE;5697.627
2024-02-25 01:00:00;NORTE;SUDESTE/CENTRO-OESTE;4827.664
2024-02-25 02:00:00;NORTE;SUDESTE/CENTRO-OESTE;4364.43999999
2024-02-25 03:00:00;NORTE;SUDESTE/CENTRO-OESTE;3741.837
2024-02-25 04:00:00;NORTE;SUDESTE/CENTRO-OESTE;3463.952
2024-02-25 05:00:00;NORTE;SUDESTE/CENTRO-OESTE;3242.203
2024-02-25 06:00:00;NORTE;SUDESTE/CENTRO-OESTE;4126.579
2024-02-25 07:00:00;NORTE;SUDESTE/CENTRO-OESTE;4621.771
2024-02-25 08:00:00;NORTE;SUDESTE/CENTRO-OESTE;4511.644
2024-02-25 09:00:00;NORTE;SUDESTE/CENTRO-OESTE;4604.385
2024-02-25 10:00:00;NORTE;SUDESTE/CENTRO-OESTE;4465.33299999
2024-02-25 11:00:00;NORTE;SUDESTE/CENTRO-OESTE;4281.736
2024-02-25 12:00:00;NORTE;SUDESTE/CENTRO-OESTE;4524.78799999
2024-02-25 13:00:00;NORTE;SUDESTE/CENTRO-OESTE;4399.765
2024-02-25 14:00:00;NORTE;SUDESTE/CENTRO-OESTE;4338.358
2024-02-25 15:00:00;NORTE;SUDESTE/CENTRO-OESTE;4583.003
2024-02-25 16:00:00;NORTE;SUDESTE/CENTRO-OESTE;5352.35999999
2024-02-25 17:00:00;NORTE;SUDESTE/CENTRO-OESTE;5189.504
2024-02-25 18:00:00;NORTE;SUDESTE/CENTRO-OESTE;4465.782
2024-02-25 19:00:00;NORTE;SUDESTE/CENTRO-OESTE;4780.36399999
2024-02-25 20:00:00;NORTE;SUDESTE/CENTRO-OESTE;5195.973
2024-02-25 21:00:00;NORTE;SUDESTE/CENTRO-OESTE;4907.20799999
2024-02-25 22:00:00;NORTE;SUDESTE/CENTRO-OESTE;4930.541
2024-02-25 23:00:00;NORTE;SUDESTE/CENTRO-OESTE;4788.368
2024-02-26 00:00:00;NORTE;SUDESTE/CENTRO-OESTE;5051.662
2024-02-26 01:00:00;NORTE;SUDESTE/CENTRO-OESTE;5564.731
2024-02-26 02:00:00;NORTE;SUDESTE/CENTRO-OESTE;5915.583
2024-02-26 03:00:00;NORTE;SUDESTE/CENTRO-OESTE;6487.93
2024-02-26 04:00:00;NORTE;SUDESTE/CENTRO-OESTE;6667.754
2024-02-26 05:00:00;NORTE;SUDESTE/CENTRO-OESTE;6824.854
2024-02-26 06:00:00;NORTE;SUDESTE/CENTRO-OESTE;7859.772
2024-02-26 07:00:00;NORTE;SUDESTE/CENTRO-OESTE;8529.028
2024-02-26 08:00:00;NORTE;SUDESTE/CENTRO-OESTE;8194.868
2024-02-26 09:00:00;NORTE;SUDESTE/CENTRO-OESTE;8117.88899999
2024-02-26 10:00:00;NORTE;SUDESTE/CENTRO-OESTE;8171.613
2024-02-26 11:00:00;NORTE;SUDESTE/CENTRO-OESTE;8304.614
2024-02-26 12:00:00;NORTE;SUDESTE/CENTRO-OESTE;8365.947
2024-02-26 13:00:00;NORTE;SUDESTE/CENTRO-OESTE;8495.545
2024-02-26 14:00:00;NORTE;SUDESTE/CENTRO-OESTE;8862.21099999
2024-02-26 15:00:00;NORTE;SUDESTE/CENTRO-OESTE;8700.834
2024-02-26 16:00:00;NORTE;SUDESTE/CENTRO-OESTE;8585.035
2024-02-26 17:00:00;NORTE;SUDESTE/CENTRO-OESTE;8321.347
2024-02-26 18:00:00;NORTE;SUDESTE/CENTRO-OESTE;8252.127
2024-02-26 19:00:00;NORTE;SUDESTE/CENTRO-OESTE;8327.706
2024-02-26 20:00:00;NORTE;SUDESTE/CENTRO-OESTE;8539.694
2024-02-26 21:00:00;NORTE;SUDESTE/CENTRO-OESTE;8479.819
2024-02-26 22:00:00;NORTE;SUDESTE/CENTRO-OESTE;7751.548
2024-02-26 23:00:00;NORTE;SUDESTE/CENTRO-OESTE;6913.339
2024-02-27 00:00:00;NORTE;SUDESTE/CENTRO-OESTE;6610.301
2024-02-27 01:00:00;NORTE;SUDESTE/CENTRO-OESTE;6256.43099999
2024-02-27 02:00:00;NORTE;SUDESTE/CENTRO-OESTE;6569.696
2024-02-27 03:00:00;NORTE;SUDESTE/CENTRO-OESTE;6952.71
2024-02-27 04:00:00;NORTE;SUDESTE/CENTRO-OESTE;7421.756
2024-02-27 05:00:00;NORTE;SUDESTE/CENTRO-OESTE;7838.341
2024-02-27 06:00:00;NORTE;SUDESTE/CENTRO-OESTE;8095.30299999
2024-02-27 07:00:00;NORTE;SUDESTE/CENTRO-OESTE;7501.32099999
2024-02-27 08:00:00;NORTE;SUDESTE/CENTRO-OESTE;7812.14
2024-02-27 09:00:00;NORTE;SUDESTE/CENTRO-OESTE;8769.019
2024-02-27 10:00:00;NORTE;SUDESTE/CENTRO-OESTE;8888.935
2024-02-27 11:00:00;NORTE;SUDESTE/CENTRO-OESTE;8754.623
2024-02-27 12:00:00;NORTE;SUDESTE/CENTRO-OESTE;8272.222
2024-02-27 13:00:00;NORTE;SUDESTE/CENTRO-OESTE;8889.55899999
2024-02-27 14:00:00;NORTE;SUDESTE/CENTRO-OESTE;9062.661
2024-02-27 15:00:00;NORTE;SUDESTE/CENTRO-OESTE;9018.786
2024-02-27 16:00:00;NORTE;SUDESTE/CENTRO-OESTE;8307.68399999
2024-02-27 17:00:00;NORTE;SUDESTE/CENTRO-OESTE;8750.84099999
2024-02-27 18:00:00;NORTE;SUDESTE/CENTRO-OESTE;8861.784
2024-02-27 19:00:00;NORTE;SUDESTE/CENTRO-OESTE;9492.02299999
2024-02-27 20:00:00;NORTE;SUDESTE/CENTRO-OESTE;9223.07599999
2024-02-27 21:00:00;NORTE;SUDESTE/CENTRO-OESTE;9006.563
2024-02-27 22:00:00;NORTE;SUDESTE/CENTRO-OESTE;8891.42499999
2024-02-27 23:00:00;NORTE;SUDESTE/CENTRO-OESTE;8782.883
2024-02-28 00:00:00;NORTE;SUDESTE/CENTRO-OESTE;8924.801
2024-02-28 01:00:00;NORTE;SUDESTE/CENTRO-OESTE;8267.267
2024-02-28 02:00:00;NORTE;SUDESTE/CENTRO-OESTE;6954.808
2024-02-28 03:00:00;NORTE;SUDESTE/CENTRO-OESTE;5089.282
2024-02-28 04:00:00;NORTE;SUDESTE/CENTRO-OESTE;4431.118
2024-02-28 05:00:00;NORTE;SUDESTE/CENTRO-OESTE;4528.54
2024-02-28 06:00:00;NORTE;SUDESTE/CENTRO-OESTE;4772.5
2024-02-28 07:00:00;NORTE;SUDESTE/CENTRO-OESTE;5010.145
2024-02-28 08:00:00;NORTE;SUDESTE/CENTRO-OESTE;5229.352
2024-02-28 09:00:00;NORTE;SUDESTE/CENTRO-OESTE;5162.323
2024-02-28 10:00:00;NORTE;SUDESTE/CENTRO-OESTE;4853.12299999
2024-02-28 11:00:00;NORTE;SUDESTE/CENTRO-OESTE;4635.785
2024-02-28 12:00:00;NORTE;SUDESTE/CENTRO-OESTE;4802.71699999
2024-02-28 13:00:00;NORTE;SUDESTE/CENTRO-OESTE;4976.701
2024-02-28 14:00:00;NORTE;SUDESTE/CENTRO-OESTE;5485.398
2024-02-28 15:00:00;NORTE;SUDESTE/CENTRO-OESTE;5851.146
2024-02-28 16:00:00;NORTE;SUDESTE/CENTRO-OESTE;6135.705
2024-02-28 17:00:00;NORTE;SUDESTE/CENTRO-OESTE;5750.839
2024-02-28 18:00:00;NORTE;SUDESTE/CENTRO-OESTE;5850.289
2024-02-28 19:00:00;NORTE;SUDESTE/CENTRO-OESTE;6565.868
2024-02-28 20:00:00;NORTE;SUDESTE/CENTRO-OESTE;6693.37299999
2024-02-28 21:00:00;NORTE;SUDESTE/CENTRO-OESTE;6480.516
2024-02-28 22:00:00;NORTE;SUDESTE/CENTRO-OESTE;5963.963
2024-02-28 23:00:00;NORTE;SUDESTE/CENTRO-OESTE;4345.867
2024-02-29 00:00:00;NORTE;SUDESTE/CENTRO-OESTE;2829.304
2024-02-29 01:00:00;NORTE;SUDESTE/CENTRO-OESTE;1579.09099999
2024-02-29 02:00:00;NORTE;SUDESTE/CENTRO-OESTE;1047.451
2024-02-29 03:00:00;NORTE;SUDESTE/CENTRO-OESTE;815.051
2024-02-29 04:00:00;NORTE;SUDESTE/CENTRO-OESTE;942.302
2024-02-29 05:00:00;NORTE;SUDESTE/CENTRO-OESTE;1177.18
2024-02-29 06:00:00;NORTE;SUDESTE/CENTRO-OESTE;1919.167
2024-02-29 07:00:00;NORTE;SUDESTE/CENTRO-OESTE;3120.107
2024-02-29 08:00:00;NORTE;SUDESTE/CENTRO-OESTE;3530.449
2024-02-29 09:00:00;NORTE;SUDESTE/CENTRO-OESTE;3161.562
2024-02-29 10:00:00;NORTE;SUDESTE/CENTRO-OESTE;3167.093
2024-02-29 11:00:00;NORTE;SUDESTE/CENTRO-OESTE;3272.034
2024-02-29 12:00:00;NORTE;SUDESTE/CENTRO-OESTE;3615.738
2024-02-29 13:00:00;NORTE;SUDESTE/CENTRO-OESTE;4694.946
2024-02-29 14:00:00;NORTE;SUDESTE/CENTRO-OESTE;5560.152
2024-02-29 15:00:00;NORTE;SUDESTE/CENTRO-OESTE;5875.949
2024-02-29 16:00:00;NORTE;SUDESTE/CENTRO-OESTE;5236.469
2024-02-29 17:00:00;NORTE;SUDESTE/CENTRO-OESTE;5209.028
2024-02-29 18:00:00;NORTE;SUDESTE/CENTRO-OESTE;5181.548
2024-02-29 19:00:00;NORTE;SUDESTE/CENTRO-OESTE;5654.314
2024-02-29 20:00:00;NORTE;SUDESTE/CENTRO-OESTE;5760.575
2024-02-29 21:00:00;NORTE;SUDESTE/CENTRO-OESTE;6261.771
2024-02-29 22:00:00;NORTE;SUDESTE/CENTRO-OESTE;5294.996
2024-02-29 23:00:00;NORTE;SUDESTE/CENTRO-OESTE;3561.048
2024-03-01 00:00:00;NORTE;SUDESTE/CENTRO-OESTE;2333.05
2024-03-01 01:00:00;NORTE;SUDESTE/CENTRO-OESTE;1897.678
2024-03-01 02:00:00;NORTE;SUDESTE/CENTRO-OESTE;1437.879
2024-03-01 03:00:00;NORTE;SUDESTE/CENTRO-OESTE;1261.589
2024-03-01 04:00:00;NORTE;SUDESTE/CENTRO-OESTE;1277.765
2024-03-01 05:00:00;NORTE;SUDESTE/CENTRO-OESTE;1418.661
2024-03-01 06:00:00;NORTE;SUDESTE/CENTRO-OESTE;1875.277
2024-03-01 07:00:00;NORTE;SUDESTE/CENTRO-OESTE;2906.561
2024-03-01 08:00:00;NORTE;SUDESTE/CENTRO-OESTE;3328.133
2024-03-01 09:00:00;NORTE;SUDESTE/CENTRO-OESTE;3831.945
2024-03-01 10:00:00;NORTE;SUDESTE/CENTRO-OESTE;4802.125
2024-03-01 11:00:00;NORTE;SUDESTE/CENTRO-OESTE;5117.24399999
2024-03-01 12:00:00;NORTE;SUDESTE/CENTRO-OESTE;5194.03
2024-03-01 13:00:00;NORTE;SUDESTE/CENTRO-OESTE;5128.447
2024-03-01 14:00:00;NORTE;SUDESTE/CENTRO-OESTE;5191.234
2024-03-01 15:00:00;NORTE;SUDESTE/CENTRO-OESTE;5664.334
2024-03-01 16:00:00;NORTE;SUDESTE/CENTRO-OESTE;4949.361
2024-03-01 17:00:00;NORTE;SUDESTE/CENTRO-OESTE;4781.464
2024-03-01 18:00:00;NORTE;SUDESTE/CENTRO-OESTE;4965.425
2024-03-01 19:00:00;NORTE;SUDESTE/CENTRO-OESTE;5712.437
2024-03-01 20:00:00;NORTE;SUDESTE/CENTRO-OESTE;6128.683
2024-03-01 21:00:00;NORTE;SUDESTE/CENTRO-OESTE;5993.997
2024-03-01 22:00:00;NORTE;SUDESTE/CENTRO-OESTE;5665.034
2024-03-01 23:00:00;NORTE;SUDESTE/CENTRO-OESTE;4690.91299999
2024-03-02 00:00:00;NORTE;SUDESTE/CENTRO-OESTE;3868.633
2024-03-02 01:00:00;NORTE;SUDESTE/CENTRO-OESTE;3172.106
2024-03-02 02:00:00;NORTE;SUDESTE/CENTRO-OESTE;2936.121
2024-03-02 03:00:00;NORTE;SUDESTE/CENTRO-OESTE;1704.008
2024-03-02 04:00:00;NORTE;SUDESTE/CENTRO-OESTE;1358.395
2024-03-02 05:00:00;NORTE;SUDESTE/CENTRO-OESTE;748.59
2024-03-02 06:00:00;NORTE;SUDESTE/CENTRO-OESTE;1426.557
2024-03-02 07:00:00;NORTE;SUDESTE/CENTRO-OESTE;2467.002
2024-03-02 08:00:00;NORTE;SUDESTE/CENTRO-OESTE;3089.599
2024-03-02 09:00:00;NORTE;SUDESTE/CENTRO-OESTE;3493.829
2024-03-02 10:00:00;NORTE;SUDESTE/CENTRO-OESTE;4017.533
2024-03-02 11:00:00;NORTE;SUDESTE/CENTRO-OESTE;4430.60999999
2024-03-02 12:00:00;NORTE;SUDESTE/CENTRO-OESTE;4455.457
2024-03-02 13:00:00;NORTE;SUDESTE/CENTRO-OESTE;4648.036
2024-03-02 14:00:00;NORTE;SUDESTE/CENTRO-OESTE;4933.607
2024-03-02 15:00:00;NORTE;SUDESTE/CENTRO-OESTE;4820.825
2024-03-02 16:00:00;NORTE;SUDESTE/CENTRO-OESTE;4773.44899999
2024-03-02 17:00:00;NORTE;SUDESTE/CENTRO-OESTE;4126.428
2024-03-02 18:00:00;NORTE;SUDESTE/CENTRO-OESTE;3756.627
2024-03-02 19:00:00;NORTE;SUDESTE/CENTRO-OESTE;4011.389
2024-03-02 20:00:00;NORTE;SUDESTE/CENTRO-OESTE;4281.741
2024-03-02 21:00:00;NORTE;SUDESTE/CENTRO-OESTE;3993.669
2024-03-02 22:00:00;NORTE;SUDESTE/CENTRO-OESTE;3313.205
2024-03-02 23:00:00;NORTE;SUDESTE/CENTRO-OESTE;2558.355
2024-03-03 00:00:00;NORTE;SUDESTE/CENTRO-OESTE;1706.282
2024-03-03 01:00:00;NORTE;SUDESTE/CENTRO-OESTE;1465.683
2024-03-03 02:00:00;NORTE;SUDESTE/CENTRO-OESTE;1629.02399999
2024-03-03 03:00:00;NORTE;SUDESTE/CENTRO-OESTE;1004.155
2024-03-03 04:00:00;NORTE;SUDESTE/CENTRO-OESTE;548.99699999
2024-03-03 05:00:00;NORTE;SUDESTE/CENTRO-OESTE;673.89
2024-03-03 06:00:00;NORTE;SUDESTE/CENTRO-OESTE;1157.45
2024-03-03 07:00:00;NORTE;SUDESTE/CENTRO-OESTE;1782.244
2024-03-03 08:00:00;NORTE;SUDESTE/CENTRO-OESTE;1743.732
2024-03-03 09:00:00;NORTE;SUDESTE/CENTRO-OESTE;2086.46
2024-03-03 10:00:00;NORTE;SUDESTE/CENTRO-OESTE;2176.812
2024-03-03 11:00:00;NORTE;SUDESTE/CENTRO-OESTE;2426.656
2024-03-03 12:00:00;NORTE;SUDESTE/CENTRO-OESTE;2545.1
2024-03-03 13:00:00;NORTE;SUDESTE/CENTRO-OESTE;2614.598
2024-03-03 14:00:00;NORTE;SUDESTE/CENTRO-OESTE;3493.733
2024-03-03 15:00:00;NORTE;SUDESTE/CENTRO-OESTE;3935.464
2024-03-03 16:00:00;NORTE;SUDESTE/CENTRO-OESTE;4183.567
2024-03-03 17:00:00;NORTE;SUDESTE/CENTRO-OESTE;5120.557
2024-03-03 18:00:00;NORTE;SUDESTE/CENTRO-OESTE;5089.495
2024-03-03 19:00:00;NORTE;SUDESTE/CENTRO-OESTE;4944.76599999
2024-03-03 20:00:00;NORTE;SUDESTE/CENTRO-OESTE;4926.545
2024-03-03 21:00:00;NORTE;SUDESTE/CENTRO-OESTE;4424.188
2024-03-03 22:00:00;NORTE;SUDESTE/CENTRO-OESTE;4179.594
2024-03-03 23:00:00;NORTE;SUDESTE/CENTRO-OESTE;3169.851
2024-03-04 00:00:00;NORTE;SUDESTE/CENTRO-OESTE;2929.996
2024-03-04 01:00:00;NORTE;SUDESTE/CENTRO-OESTE;2752.025
2024-03-04 02:00:00;NORTE;SUDESTE/CENTRO-OESTE;2648.126
2024-03-04 03:00:00;NORTE;SUDESTE/CENTRO-OESTE;2865.603
2024-03-04 04:00:00;NORTE;SUDESTE/CENTRO-OESTE;2950.43
2024-03-04 05:00:00;NORTE;SUDESTE/CENTRO-OESTE;3242.986
2024-03-04 06:00:00;NORTE;SUDESTE/CENTRO-OESTE;4013.336
2024-03-04 07:00:00;NORTE;SUDESTE/CENTRO-OESTE;4213.41
2024-03-04 08:00:00;NORTE;SUDESTE/CENTRO-OESTE;3883.578
2024-03-04 09:00:00;NORTE;SUDESTE/CENTRO-OESTE;3905.461
2024-03-04 10:00:00;NORTE;SUDESTE/CENTRO-OESTE;4217.318
2024-03-04 11:00:00;NORTE;SUDESTE/CENTRO-OESTE;4341.892
2024-03-04 12:00:00;NORTE;SUDESTE/CENTRO-OESTE;4558.214
2024-03-04 13:00:00;NORTE;SUDESTE/CENTRO-OESTE;5024.977
2024-03-04 14:00:00;NORTE;SUDESTE/CENTRO-OESTE;5120.703
2024-03-04 15:00:00;NORTE;SUDESTE/CENTRO-OESTE;5059.589
2024-03-04 16:00:00;NORTE;SUDESTE/CENTRO-OESTE;5319.93599999
2024-03-04 17:00:00;NORTE;SUDESTE/CENTRO-OESTE;5495.669
2024-03-04 18:00:00;NORTE;SUDESTE/CENTRO-OESTE;6357.557
2024-03-04 19:00:00;NORTE;SUDESTE/CENTRO-OESTE;6845.421
2024-03-04 20:00:00;NORTE;SUDESTE/CENTRO-OESTE;6814.486
2024-03-04 21:00:00;NORTE;SUDESTE/CENTRO-OESTE;6723.868
2024-03-04 22:00:00;NORTE;SUDESTE/CENTRO-OESTE;5947.934
2024-03-04 23:00:00;NORTE;SUDESTE/CENTRO-OESTE;4748.066
2024-03-05 00:00:00;NORTE;SUDESTE/CENTRO-OESTE;4631.446
2024-03-05 01:00:00;NORTE;SUDESTE/CENTRO-OESTE;4649.28799999
2024-03-05 02:00:00;NORTE;SUDESTE/CENTRO-OESTE;4687.22
2024-03-05 03:00:00;NORTE;SUDESTE/CENTRO-OESTE;4647.184
2024-03-05 04:00:00;NORTE;SUDESTE/CENTRO-OESTE;4774.414
2024-03-05 05:00:00;NORTE;SUDESTE/CENTRO-OESTE;4966.809
2024-03-05 06:00:00;NORTE;SUDESTE/CENTRO-OESTE;6046.446
2024-03-05 07:00:00;NORTE;SUDESTE/CENTRO-OESTE;6462.89
2024-03-05 08:00:00;NORTE;SUDESTE/CENTRO-OESTE;6999.17
2024-03-05 09:00:00;NORTE;SUDESTE/CENTRO-OESTE;7817.962
2024-03-05 10:00:00;NORTE;SUDESTE/CENTRO-OESTE;8033.023
2024-03-05 11:00:00;NORTE;SUDESTE/CENTRO-OESTE;7947.269
2024-03-05 12:00:00;NORTE;SUDESTE/CENTRO-OESTE;7751.04299999
2024-03-05 13:00:00;NORTE;SUDESTE/CENTRO-OESTE;8031.088
2024-03-05 14:00:00;NORTE;SUDESTE/CENTRO-OESTE;7796.48099999
2024-03-05 15:00:00;NORTE;SUDESTE/CENTRO-OESTE;7651.37
2024-03-05 16:00:00;NORTE;SUDESTE/CENTRO-OESTE;7436.60099999
2024-03-05 17:00:00;NORTE;SUDESTE/CENTRO-OESTE;7192.552
2024-03-05 18:00:00;NORTE;SUDESTE/CENTRO-OESTE;7135.128
2024-03-05 19:00:00;NORTE;SUDESTE/CENTRO-OESTE;7955.105
2024-03-05 20:00:00;NORTE;SUDESTE/CENTRO-OESTE;8233.54899999
2024-03-05 21:00:00;NORTE;SUDESTE/CENTRO-OESTE;8031.286
2024-03-05 22:00:00;NORTE;SUDESTE/CENTRO-OESTE;6975.449
2024-03-05 23:00:00;NORTE;SUDESTE/CENTRO-OESTE;6786.633
2024-03-06 00:00:00;NORTE;SUDESTE/CENTRO-OESTE;6388.329
2024-03-06 01:00:00;NORTE;SUDESTE/CENTRO-OESTE;6416.823
2024-03-06 02:00:00;NORTE;SUDESTE/CENTRO-OESTE;6448.85
2024-03-06 03:00:00;NORTE;SUDESTE/CENTRO-OESTE;6419.849
2024-03-06 04:00:00;NORTE;SUDESTE/CENTRO-OESTE;6383.137
2024-03-06 05:00:00;NORTE;SUDESTE/CENTRO-OESTE;6575.93
2024-03-06 06:00:00;NORTE;SUDESTE/CENTRO-OESTE;7976.305
2024-03-06 07:00:00;NORTE;SUDESTE/CENTRO-OESTE;7653.502
2024-03-06 08:00:00;NORTE;SUDESTE/CENTRO-OESTE;7352.988
2024-03-06 09:00:00;NORTE;SUDESTE/CENTRO-OESTE;8078.87
2024-03-06 10:00:00;NORTE;SUDESTE/CENTRO-OESTE;8242.991
2024-03-06 11:00:00;NORTE;SUDESTE/CENTRO-OESTE;8384.18099999
2024-03-06 12:00:00;NORTE;SUDESTE/CENTRO-OESTE;8029.646
2024-03-06 13:00:00;NORTE;SUDESTE/CENTRO-OESTE;8710.731
2024-03-06 14:00:00;NORTE;SUDESTE/CENTRO-OESTE;8438.917
2024-03-06 15:00:00;NORTE;SUDESTE/CENTRO-OESTE;8251.851
2024-03-06 16:00:00;NORTE;SUDESTE/CENTRO-OESTE;8466.528
2024-03-06 17:00:00;NORTE;SUDESTE/CENTRO-OESTE;8406.09499999
2024-03-06 18:00:00;NORTE;SUDESTE/CENTRO-OESTE;8405.91299999
2024-03-06 19:00:00;NORTE;SUDESTE/CENTRO-OESTE;8995.80899999
2024-03-06 20:00:00;NORTE;SUDESTE/CENTRO-OESTE;9022.36299999
2024-03-06 21:00:00;NORTE;SUDESTE/CENTRO-OESTE;8815.32699999
2024-03-06 22:00:00;NORTE;SUDESTE/CENTRO-OESTE;7962.844
2024-03-06 23:00:00;NORTE;SUDESTE/CENTRO-OESTE;6933.866
2024-03-07 00:00:00;NORTE;SUDESTE/CENTRO-OESTE;6046.865
2024-03-07 01:00:00;NORTE;SUDESTE/CENTRO-OESTE;5705.557
2024-03-07 02:00:00;NORTE;SUDESTE/CENTRO-OESTE;5342.423
2024-03-07 03:00:00;NORTE;SUDESTE/CENTRO-OESTE;5302.996
2024-03-07 04:00:00;NORTE;SUDESTE/CENTRO-OESTE;5454.92199999
2024-03-07 05:00:00;NORTE;SUDESTE/CENTRO-OESTE;5785.574
2024-03-07 06:00:00;NORTE;SUDESTE/CENTRO-OESTE;7352.807
2024-03-07 07:00:00;NORTE;SUDESTE/CENTRO-OESTE;8262.538
2024-03-07 08:00:00;NORTE;SUDESTE/CENTRO-OESTE;9019.60399999
2024-03-07 09:00:00;NORTE;SUDESTE/CENTRO-OESTE;9078.172
2024-03-07 10:00:00;NORTE;SUDESTE/CENTRO-OESTE;8804.718
2024-03-07 11:00:00;NORTE;SUDESTE/CENTRO-OESTE;8675.63899999
2024-03-07 12:00:00;NORTE;SUDESTE/CENTRO-OESTE;8665.53699999
2024-03-07 13:00:00;NORTE;SUDESTE/CENTRO-OESTE;8594.981
2024-03-07 14:00:00;NORTE;SUDESTE/CENTRO-OESTE;8695.652
2024-03-07 15:00:00;NORTE;SUDESTE/CENTRO-OESTE;8912.343
2024-03-07 16:00:00;NORTE;SUDESTE/CENTRO-OESTE;8509.948
2024-03-07 17:00:00;NORTE;SUDESTE/CENTRO-OESTE;8185.762
2024-03-07 18:00:00;NORTE;SUDESTE/CENTRO-OESTE;8405.438
2024-03-07 19:00:00;NORTE;SUDESTE/CENTRO-OESTE;8656.566
2024-03-07 20:00:00;NORTE;SUDESTE/CENTRO-OESTE;8579.894
2024-03-07 21:00:00;NORTE;SUDESTE/CENTRO-OESTE;8238.545
2024-03-07 22:00:00;NORTE;SUDESTE/CENTRO-OESTE;8333.60099999
2024-03-07 23:00:00;NORTE;SUDESTE/CENTRO-OESTE;8332.635
2024-03-08 00:00:00;NORTE;SUDESTE/CENTRO-OESTE;8279.43399999
2024-03-08 01:00:00;NORTE;SUDESTE/CENTRO-OESTE;8409.196
2024-03-08 02:00:00;NORTE;SUDESTE/CENTRO-OESTE;8326.395
2024-03-08 03:00:00;NORTE;SUDESTE/CENTRO-OESTE;8333.044
2024-03-08 04:00:00;NORTE;SUDESTE/CENTRO-OESTE;8008.104
2024-03-08 05:00:00;NORTE;SUDESTE/CENTRO-OESTE;8074.50899999
2024-03-08 06:00:00;NORTE;SUDESTE/CENTRO-OESTE;8217.28199999
2024-03-08 07:00:00;NORTE;SUDESTE/CENTRO-OESTE;8173.008
2024-03-08 08:00:00;NORTE;SUDESTE/CENTRO-OESTE;8013.48499999
2024-03-08 09:00:00;NORTE;SUDESTE/CENTRO-OESTE;7947.222
2024-03-08 10:00:00;NORTE;SUDESTE/CENTRO-OESTE;8065.688
2024-03-08 11:00:00;NORTE;SUDESTE/CENTRO-OESTE;8132.97299999
2024-03-08 12:00:00;NORTE;SUDESTE/CENTRO-OESTE;8144.316
2024-03-08 13:00:00;NORTE;SUDESTE/CENTRO-OESTE;7766.987
2024-03-08 14:00:00;NORTE;SUDESTE/CENTRO-OESTE;8499.31299999
2024-03-08 15:00:00;NORTE;SUDESTE/CENTRO-OESTE;8761.074
2024-03-08 16:00:00;NORTE;SUDESTE/CENTRO-OESTE;8841.468
2024-03-08 17:00:00;NORTE;SUDESTE/CENTRO-OESTE;8700.832
2024-03-08 18:00:00;NORTE;SUDESTE/CENTRO-OESTE;8517.506
2024-03-08 19:00:00;NORTE;SUDESTE/CENTRO-OESTE;8506.757
2024-03-08 20:00:00;NORTE;SUDESTE/CENTRO-OESTE;8249.79
2024-03-08 21:00:00;NORTE;SUDESTE/CENTRO-OESTE;8090.447
2024-03-08 22:00:00;NORTE;SUDESTE/CENTRO-OESTE;8031.028
2024-03-08 23:00:00;NORTE;SUDESTE/CENTRO-OESTE;7770.004
2024-03-09 00:00:00;NORTE;SUDESTE/CENTRO-OESTE;7947.08899999
2024-03-09 01:00:00;NORTE;SUDESTE/CENTRO-OESTE;7676.493
2024-03-09 02:00:00;NORTE;SUDESTE/CENTRO-OESTE;5624.616
2024-03-09 03:00:00;NORTE;SUDESTE/CENTRO-OESTE;4448.603
2024-03-09 04:00:00;NORTE;SUDESTE/CENTRO-OESTE;4793.12299999
2024-03-09 05:00:00;NORTE;SUDESTE/CENTRO-OESTE;5258.379
2024-03-09 06:00:00;NORTE;SUDESTE/CENTRO-OESTE;6318.02
2024-03-09 07:00:00;NORTE;SUDESTE/CENTRO-OESTE;8092.764
2024-03-09 08:00:00;NORTE;SUDESTE/CENTRO-OESTE;8797.91
2024-03-09 09:00:00;NORTE;SUDESTE/CENTRO-OESTE;8513.867
2024-03-09 10:00:00;NORTE;SUDESTE/CENTRO-OESTE;8021.134
2024-03-09 11:00:00;NORTE;SUDESTE/CENTRO-OESTE;7734.97
2024-03-09 12:00:00;NORTE;SUDESTE/CENTRO-OESTE;7937.004
2024-03-09 13:00:00;NORTE;SUDESTE/CENTRO-OESTE;7870.059
2024-03-09 14:00:00;NORTE;SUDESTE/CENTRO-OESTE;7507.988
2024-03-09 15:00:00;NORTE;SUDESTE/CENTRO-OESTE;7545.892
2024-03-09 16:00:00;NORTE;SUDESTE/CENTRO-OESTE;7731.728
2024-03-09 17:00:00;NORTE;SUDESTE/CENTRO-OESTE;7574.761
2024-03-09 18:00:00;NORTE;SUDESTE/CENTRO-OESTE;7949.407
2024-03-09 19:00:00;NORTE;SUDESTE/CENTRO-OESTE;8408.368
2024-03-09 20:00:00;NORTE;SUDESTE/CENTRO-OESTE;8699.033
2024-03-09 21:00:00;NORTE;SUDESTE/CENTRO-OESTE;8246.888
2024-03-09 22:00:00;NORTE;SUDESTE/CENTRO-OESTE;7175.243
2024-03-09 23:00:00;NORTE;SUDESTE/CENTRO-OESTE;6053.727
2024-03-10 00:00:00;NORTE;SUDESTE/CENTRO-OESTE;4783.464
2024-03-10 01:00:00;NORTE;SUDESTE/CENTRO-OESTE;3769.76
2024-03-10 02:00:00;NORTE;SUDESTE/CENTRO-OESTE;2570.439
2024-03-10 03:00:00;NORTE;SUDESTE/CENTRO-OESTE;2335.827
2024-03-10 04:00:00;NORTE;SUDESTE/CENTRO-OESTE;2501.126
2024-03-10 05:00:00;NORTE;SUDESTE/CENTRO-OESTE;2522.58599999
2024-03-10 06:00:00;NORTE;SUDESTE/CENTRO-OESTE;3117.48999999
2024-03-10 07:00:00;NORTE;SUDESTE/CENTRO-OESTE;3531.718
2024-03-10 08:00:00;NORTE;SUDESTE/CENTRO-OESTE;3926.997
2024-03-10 09:00:00;NORTE;SUDESTE/CENTRO-OESTE;4235.675
2024-03-10 10:00:00;NORTE;SUDESTE/CENTRO-OESTE;4095.092
2024-03-10 11:00:00;NORTE;SUDESTE/CENTRO-OESTE;4179.896
2024-03-10 12:00:00;NORTE;SUDESTE/CENTRO-OESTE;4238.23499999
2024-03-10 13:00:00;NORTE;SUDESTE/CENTRO-OESTE;4232.53799999
2024-03-10 14:00:00;NORTE;SUDESTE/CENTRO-OESTE;3946.02
2024-03-10 15:00:00;NORTE;SUDESTE/CENTRO-OESTE;3954.599
2024-03-10 16:00:00;NORTE;SUDESTE/CENTRO-OESTE;4056.66
2024-03-10 17:00:00;NORTE;SUDESTE/CENTRO-OESTE;4197.211
2024-03-10 18:00:00;NORTE;SUDESTE/CENTRO-OESTE;4229.93999999
2024-03-10 19:00:00;NORTE;SUDESTE/CENTRO-OESTE;4757.43999999
2024-03-10 20:00:00;NORTE;SUDESTE/CENTRO-OESTE;4996.621
2024-03-10 21:00:00;NORTE;SUDESTE/CENTRO-OESTE;4982.421
2024-03-10 22:00:00;NORTE;SUDESTE/CENTRO-OESTE;4530.223
2024-03-10 23:00:00;NORTE;SUDESTE/CENTRO-OESTE;4448.022
2024-03-11 00:00:00;NORTE;SUDESTE/CENTRO-OESTE;4473.395
2024-03-11 01:00:00;NORTE;SUDESTE/CENTRO-OESTE;4222.423
2024-03-11 02:00:00;NORTE;SUDESTE/CENTRO-OESTE;4365.249
2024-03-11 03:00:00;NORTE;SUDESTE/CENTRO-OESTE;4334.848
2024-03-11 04:00:00;NORTE;SUDESTE/CENTRO-OESTE;4538.502
2024-03-11 05:00:00;NORTE;SUDESTE/CENTRO-OESTE;5188.837
2024-03-11 06:00:00;NORTE;SUDESTE/CENTRO-OESTE;6230.766
2024-03-11 07:00:00;NORTE;SUDESTE/CENTRO-OESTE;7007.915
2024-03-11 08:00:00;NORTE;SUDESTE/CENTRO-OESTE;7272.045
2024-03-11 09:00:00;NORTE;SUDESTE/CENTRO-OESTE;6878.871
2024-03-11 10:00:00;NORTE;SUDESTE/CENTRO-OESTE;6922.464
2024-03-11 11:00:00;NORTE;SUDESTE/CENTRO-OESTE;7073.243
2024-03-11 12:00:00;NORTE;SUDESTE/CENTRO-OESTE;7198.735
2024-03-11 13:00:00;NORTE;SUDESTE/CENTRO-OESTE;7711.399
2024-03-11 14:00:00;NORTE;SUDESTE/CENTRO-OESTE;8402.367
2024-03-11 15:00:00;NORTE;SUDESTE/CENTRO-OESTE;8658.821
2024-03-11 16:00:00;NORTE;SUDESTE/CENTRO-OESTE;8132.62899999
2024-03-11 17:00:00;NORTE;SUDESTE/CENTRO-OESTE;8220.312
2024-03-11 18:00:00;NORTE;SUDESTE/CENTRO-OESTE;8305.685
2024-03-11 19:00:00;NORTE;SUDESTE/CENTRO-OESTE;8643.391
2024-03-11 20:00:00;NORTE;SUDESTE/CENTRO-OESTE;8528.583
2024-03-11 21:00:00;NORTE;SUDESTE/CENTRO-OESTE;8249.713
2024-03-11 22:00:00;NORTE;SUDESTE/CENTRO-OESTE;7084.21
2024-03-11 23:00:00;NORTE;SUDESTE/CENTRO-OESTE;5812.113
2024-03-12 00:00:00;NORTE;SUDESTE/CENTRO-OESTE;5682.842
2024-03-12 01:00:00;NORTE;SUDESTE/CENTRO-OESTE;4814.245
2024-03-12 02:00:00;NORTE;SUDESTE/CENTRO-OESTE;4910.34599999
2024-03-12 03:00:00;NORTE;SUDESTE/CENTRO-OESTE;4956.27
2024-03-12 04:00:00;NORTE;SUDESTE/CENTRO-OESTE;5339.689
2024-03-12 05:00:00;NORTE;SUDESTE/CENTRO-OESTE;5932.892
2024-03-12 06:00:00;NORTE;SUDESTE/CENTRO-OESTE;6504.639
2024-03-12 07:00:00;NORTE;SUDESTE/CENTRO-OESTE;6850.341
2024-03-12 08:00:00;NORTE;SUDESTE/CENTRO-OESTE;6684.01
2024-03-12 09:00:00;NORTE;SUDESTE/CENTRO-OESTE;6761.616
2024-03-12 10:00:00;NORTE;SUDESTE/CENTRO-OESTE;6941.011
2024-03-12 11:00:00;NORTE;SUDESTE/CENTRO-OESTE;6792.482
2024-03-12 12:00:00;NORTE;SUDESTE/CENTRO-OESTE;6944.528
2024-03-12 13:00:00;NORTE;SUDESTE/CENTRO-OESTE;7436.926
2024-03-12 14:00:00;NORTE;SUDESTE/CENTRO-OESTE;7887.78899999
2024-03-12 15:00:00;NORTE;SUDESTE/CENTRO-OESTE;8080.453
2024-03-12 16:00:00;NORTE;SUDESTE/CENTRO-OESTE;8104.698
2024-03-12 17:00:00;NORTE;SUDESTE/CENTRO-OESTE;8250.02
2024-03-12 18:00:00;NORTE;SUDESTE/CENTRO-OESTE;8126.238
2024-03-12 19:00:00;NORTE;SUDESTE/CENTRO-OESTE;8217.587
2024-03-12 20:00:00;NORTE;SUDESTE/CENTRO-OESTE;8286.86
2024-03-12 21:00:00;NORTE;SUDESTE/CENTRO-OESTE;8132.05299999
2024-03-12 22:00:00;NORTE;SUDESTE/CENTRO-OESTE;7863.55299999
2024-03-12 23:00:00;NORTE;SUDESTE/CENTRO-OESTE;6350.441
2024-03-13 00:00:00;NORTE;SUDESTE/CENTRO-OESTE;5369.283
2024-03-13 01:00:00;NORTE;SUDESTE/CENTRO-OESTE;4526.665
2024-03-13 02:00:00;NORTE;SUDESTE/CENTRO-OESTE;4117.883
2024-03-13 03:00:00;NORTE;SUDESTE/CENTRO-OESTE;3738.849
2024-03-13 04:00:00;NORTE;SUDESTE/CENTRO-OESTE;3837.777
2024-03-13 05:00:00;NORTE;SUDESTE/CENTRO-OESTE;3980.998
2024-03-13 06:00:00;NORTE;SUDESTE/CENTRO-OESTE;4682.67
2024-03-13 07:00:00;NORTE;SUDESTE/CENTRO-OESTE;5405.74799999
2024-03-13 08:00:00;NORTE;SUDESTE/CENTRO-OESTE;5526.628
2024-03-13 09:00:00;NORTE;SUDESTE/CENTRO-OESTE;5783.607
2024-03-13 10:00:00;NORTE;SUDESTE/CENTRO-OESTE;6023.066
2024-03-13 11:00:00;NORTE;SUDESTE/CENTRO-OESTE;6001.817
2024-03-13 12:00:00;NORTE;SUDESTE/CENTRO-OESTE;5944.217
2024-03-13 13:00:00;NORTE;SUDESTE/CENTRO-OESTE;6468.298
2024-03-13 14:00:00;NORTE;SUDESTE/CENTRO-OESTE;7422.547
2024-03-13 15:00:00;NORTE;SUDESTE/CENTRO-OESTE;8353.552
2024-03-13 16:00:00;NORTE;SUDESTE/CENTRO-OESTE;9227.837
2024-03-13 17:00:00;NORTE;SUDESTE/CENTRO-OESTE;9202.786
2024-03-13 18:00:00;NORTE;SUDESTE/CENTRO-OESTE;9089.84899999
2024-03-13 19:00:00;NORTE;SUDESTE/CENTRO-OESTE;9340.06799999
2024-03-13 20:00:00;NORTE;SUDESTE/CENTRO-OESTE;9457.669
2024-03-13 21:00:00;NORTE;SUDESTE/CENTRO-OESTE;9217.534
2024-03-13 22:00:00;NORTE;SUDESTE/CENTRO-OESTE;8922.95699999
2024-03-13 23:00:00;NORTE;SUDESTE/CENTRO-OESTE;8196.714
2024-03-14 00:00:00;NORTE;SUDESTE/CENTRO-OESTE;7452.359
2024-03-14 01:00:00;NORTE;SUDESTE/CENTRO-OESTE;6354.731
2024-03-14 02:00:00;NORTE;SUDESTE/CENTRO-OESTE;5101.12299999
2024-03-14 03:00:00;NORTE;SUDESTE/CENTRO-OESTE;4231.37299999
2024-03-14 04:00:00;NORTE;SUDESTE/CENTRO-OESTE;4058.465
2024-03-14 05:00:00;NORTE;SUDESTE/CENTRO-OESTE;4012.192
2024-03-14 06:00:00;NORTE;SUDESTE/CENTRO-OESTE;5120.438
2024-03-14 07:00:00;NORTE;SUDESTE/CENTRO-OESTE;5795.025
2024-03-14 08:00:00;NORTE;SUDESTE/CENTRO-OESTE;6091.16299999
2024-03-14 09:00:00;NORTE;SUDESTE/CENTRO-OESTE;6451.804
2024-03-14 10:00:00;NORTE;SUDESTE/CENTRO-OESTE;6394.867
2024-03-14 11:00:00;NORTE;SUDESTE/CENTRO-OESTE;6491.195
2024-03-14 12:00:00;NORTE;SUDESTE/CENTRO-OESTE;6555.109
2024-03-14 13:00:00;NORTE;SUDESTE/CENTRO-OESTE;6338.883
2024-03-14 14:00:00;NORTE;SUDESTE/CENTRO-OESTE;7311.693
2024-03-14 15:00:00;NORTE;SUDESTE/CENTRO-OESTE;8584.10099999
2024-03-14 16:00:00;NORTE;SUDESTE/CENTRO-OESTE;9432.65
2024-03-14 17:00:00;NORTE;SUDESTE/CENTRO-OESTE;9484.136
2024-03-14 18:00:00;NORTE;SUDESTE/CENTRO-OESTE;9535.039
2024-03-14 19:00:00;NORTE;SUDESTE/CENTRO-OESTE;9638.494
2024-03-14 20:00:00;NORTE;SUDESTE/CENTRO-OESTE;9564.51399999
2024-03-14 21:00:00;NORTE;SUDESTE/CENTRO-OESTE;9541.301
2024-03-14 22:00:00;NORTE;SUDESTE/CENTRO-OESTE;9453.552
2024-03-14 23:00:00;NORTE;SUDESTE/CENTRO-OESTE;8920.876
2024-03-15 00:00:00;NORTE;SUDESTE/CENTRO-OESTE;7643.82899999
2024-03-15 01:00:00;NORTE;SUDESTE/CENTRO-OESTE;5579.783
2024-03-15 02:00:00;NORTE;SUDESTE/CENTRO-OESTE;4672.011
2024-03-15 03:00:00;NORTE;SUDESTE/CENTRO-OESTE;4326.057
2024-03-15 04:00:00;NORTE;SUDESTE/CENTRO-OESTE;4241.35099999
2024-03-15 05:00:00;NORTE;SUDESTE/CENTRO-OESTE;4275.914
2024-03-15 06:00:00;NORTE;SUDESTE/CENTRO-OESTE;4833.55
2024-03-15 07:00:00;NORTE;SUDESTE/CENTRO-OESTE;5819.68
2024-03-15 08:00:00;NORTE;SUDESTE/CENTRO-OESTE;6501.573
2024-03-15 09:00:00;NORTE;SUDESTE/CENTRO-OESTE;6626.578
2024-03-15 10:00:00;NORTE;SUDESTE/CENTRO-OESTE;6453.517
2024-03-15 11:00:00;NORTE;SUDESTE/CENTRO-OESTE;6693.071
2024-03-15 12:00:00;NORTE;SUDESTE/CENTRO-OESTE;6740.232
2024-03-15 13:00:00;NORTE;SUDESTE/CENTRO-OESTE;6998.767
2024-03-15 14:00:00;NORTE;SUDESTE/CENTRO-OESTE;8380.22799999
2024-03-15 15:00:00;NORTE;SUDESTE/CENTRO-OESTE;8813.276
2024-03-15 16:00:00;NORTE;SUDESTE/CENTRO-OESTE;8775.03699999
2024-03-15 17:00:00;NORTE;SUDESTE/CENTRO-OESTE;9476.922
2024-03-15 18:00:00;NORTE;SUDESTE/CENTRO-OESTE;9660.874
2024-03-15 19:00:00;NORTE;SUDESTE/CENTRO-OESTE;9694.116
2024-03-15 20:00:00;NORTE;SUDESTE/CENTRO-OESTE;9489.146
2024-03-15 21:00:00;NORTE;SUDESTE/CENTRO-OESTE;9383.119
2024-03-15 22:00:00;NORTE;SUDESTE/CENTRO-OESTE;9166.19199999
2024-03-15 23:00:00;NORTE;SUDESTE/CENTRO-OESTE;8913.34399999
2024-03-16 00:00:00;NORTE;SUDESTE/CENTRO-OESTE;8036.60699999
2024-03-16 01:00:00;NORTE;SUDESTE/CENTRO-OESTE;6713.08
2024-03-16 02:00:00;NORTE;SUDESTE/CENTRO-OESTE;5365.979
2024-03-16 03:00:00;NORTE;SUDESTE/CENTRO-OESTE;4525.546
2024-03-16 04:00:00;NORTE;SUDESTE/CENTRO-OESTE;4503.125
2024-03-16 05:00:00;NORTE;SUDESTE/CENTRO-OESTE;4928.734
2024-03-16 06:00:00;NORTE;SUDESTE/CENTRO-OESTE;6096.818
2024-03-16 07:00:00;NORTE;SUDESTE/CENTRO-OESTE;7211.002
2024-03-16 08:00:00;NORTE;SUDESTE/CENTRO-OESTE;7381.122
2024-03-16 09:00:00;NORTE;SUDESTE/CENTRO-OESTE;7039.174
2024-03-16 10:00:00;NORTE;SUDESTE/CENTRO-OESTE;6715.802
2024-03-16 11:00:00;NORTE;SUDESTE/CENTRO-OESTE;6884.34
2024-03-16 12:00:00;NORTE;SUDESTE/CENTRO-OESTE;7365.299
2024-03-16 13:00:00;NORTE;SUDESTE/CENTRO-OESTE;7118.273
2024-03-16 14:00:00;NORTE;SUDESTE/CENTRO-OESTE;6881.511
2024-03-16 15:00:00;NORTE;SUDESTE/CENTRO-OESTE;8000.57
2024-03-16 16:00:00;NORTE;SUDESTE/CENTRO-OESTE;8495.9
2024-03-16 17:00:00;NORTE;SUDESTE/CENTRO-OESTE;8352.878
2024-03-16 18:00:00;NORTE;SUDESTE/CENTRO-OESTE;9004.36199999
2024-03-16 19:00:00;NORTE;SUDESTE/CENTRO-OESTE;9518.948
2024-03-16 20:00:00;NORTE;SUDESTE/CENTRO-OESTE;9320.931
2024-03-16 21:00:00;NORTE;SUDESTE/CENTRO-OESTE;8520.46099999
2024-03-16 22:00:00;NORTE;SUDESTE/CENTRO-OESTE;7300.24
2024-03-16 23:00:00;NORTE;SUDESTE/CENTRO-OESTE;6910.147
2024-03-17 00:00:00;NORTE;SUDESTE/CENTRO-OESTE;6117.318
2024-03-17 01:00:00;NORTE;SUDESTE/CENTRO-OESTE;4467.968
2024-03-17 02:00:00;NORTE;SUDESTE/CENTRO-OESTE;3022.003
2024-03-17 03:00:00;NORTE;SUDESTE/CENTRO-OESTE;1764.612
2024-03-17 04:00:00;NORTE;SUDESTE/CENTRO-OESTE;1688.167
2024-03-17 05:00:00;NORTE;SUDESTE/CENTRO-OESTE;2232.938
2024-03-17 06:00:00;NORTE;SUDESTE/CENTRO-OESTE;4324.893
2024-03-17 07:00:00;NORTE;SUDESTE/CENTRO-OESTE;5781.67199999
2024-03-17 08:00:00;NORTE;SUDESTE/CENTRO-OESTE;6300.275
2024-03-17 09:00:00;NORTE;SUDESTE/CENTRO-OESTE;6177.467
2024-03-17 10:00:00;NORTE;SUDESTE/CENTRO-OESTE;5940.356
2024-03-17 11:00:00;NORTE;SUDESTE/CENTRO-OESTE;5917.527
2024-03-17 12:00:00;NORTE;SUDESTE/CENTRO-OESTE;5667.682
2024-03-17 13:00:00;NORTE;SUDESTE/CENTRO-OESTE;5550.56499999
2024-03-17 14:00:00;NORTE;SUDESTE/CENTRO-OESTE;5250.892
2024-03-17 15:00:00;NORTE;SUDESTE/CENTRO-OESTE;5052.555
2024-03-17 16:00:00;NORTE;SUDESTE/CENTRO-OESTE;4950.137
2024-03-17 17:00:00;NORTE;SUDESTE/CENTRO-OESTE;4741.928
2024-03-17 18:00:00;NORTE;SUDESTE/CENTRO-OESTE;5553.49799999
2024-03-17 19:00:00;NORTE;SUDESTE/CENTRO-OESTE;6779.961
2024-03-17 20:00:00;NORTE;SUDESTE/CENTRO-OESTE;7160.215
2024-03-17 21:00:00;NORTE;SUDESTE/CENTRO-OESTE;7072.602
2024-03-17 22:00:00;NORTE;SUDESTE/CENTRO-OESTE;6984.862
2024-03-17 23:00:00;NORTE;SUDESTE/CENTRO-OESTE;5886.99799999
2024-03-18 00:00:00;NORTE;SUDESTE/CENTRO-OESTE;4297.0
2024-03-18 01:00:00;NORTE;SUDESTE/CENTRO-OESTE;3429.563
2024-03-18 02:00:00;NORTE;SUDESTE/CENTRO-OESTE;3066.246
2024-03-18 03:00:00;NORTE;SUDESTE/CENTRO-OESTE;2742.597
2024-03-18 04:00:00;NORTE;SUDESTE/CENTRO-OESTE;2548.429
2024-03-18 05:00:00;NORTE;SUDESTE/CENTRO-OESTE;3366.296
2024-03-18 06:00:00;NORTE;SUDESTE/CENTRO-OESTE;5088.893
2024-03-18 07:00:00;NORTE;SUDESTE/CENTRO-OESTE;5861.691
2024-03-18 08:00:00;NORTE;SUDESTE/CENTRO-OESTE;6721.854
2024-03-18 09:00:00;NORTE;SUDESTE/CENTRO-OESTE;7163.753
2024-03-18 10:00:00;NORTE;SUDESTE/CENTRO-OESTE;7380.047
2024-03-18 11:00:00;NORTE;SUDESTE/CENTRO-OESTE;7315.199
2024-03-18 12:00:00;NORTE;SUDESTE/CENTRO-OESTE;7093.336
2024-03-18 13:00:00;NORTE;SUDESTE/CENTRO-OESTE;7354.199
2024-03-18 14:00:00;NORTE;SUDESTE/CENTRO-OESTE;7740.12899999
2024-03-18 15:00:00;NORTE;SUDESTE/CENTRO-OESTE;8504.57599999
2024-03-18 16:00:00;NORTE;SUDESTE/CENTRO-OESTE;9119.66
2024-03-18 17:00:00;NORTE;SUDESTE/CENTRO-OESTE;9040.278
2024-03-18 18:00:00;NORTE;SUDESTE/CENTRO-OESTE;9460.155
2024-03-18 19:00:00;NORTE;SUDESTE/CENTRO-OESTE;9291.365
2024-03-18 20:00:00;NORTE;SUDESTE/CENTRO-OESTE;9274.9
2024-03-18 21:00:00;NORTE;SUDESTE/CENTRO-OESTE;9087.254
2024-03-18 22:00:00;NORTE;SUDESTE/CENTRO-OESTE;9003.454
2024-03-18 23:00:00;NORTE;SUDESTE/CENTRO-OESTE;8057.442
2024-03-19 00:00:00;NORTE;SUDESTE/CENTRO-OESTE;6184.833
2024-03-19 01:00:00;NORTE;SUDESTE/CENTRO-OESTE;4561.501
2024-03-19 02:00:00;NORTE;SUDESTE/CENTRO-OESTE;4315.144
2024-03-19 03:00:00;NORTE;SUDESTE/CENTRO-OESTE;4393.774
2024-03-19 04:00:00;NORTE;SUDESTE/CENTRO-OESTE;4369.103
2024-03-19 05:00:00;NORTE;SUDESTE/CENTRO-OESTE;4759.743
2024-03-19 06:00:00;NORTE;SUDESTE/CENTRO-OESTE;6394.259
2024-03-19 07:00:00;NORTE;SUDESTE/CENTRO-OESTE;7634.65899999
2024-03-19 08:00:00;NORTE;SUDESTE/CENTRO-OESTE;8078.298
2024-03-19 09:00:00;NORTE;SUDESTE/CENTRO-OESTE;7839.0
2024-03-19 10:00:00;NORTE;SUDESTE/CENTRO-OESTE;7764.53
2024-03-19 11:00:00;NORTE;SUDESTE/CENTRO-OESTE;7741.11499999
2024-03-19 12:00:00;NORTE;SUDESTE/CENTRO-OESTE;7742.726
2024-03-19 13:00:00;NORTE;SUDESTE/CENTRO-OESTE;8019.84
2024-03-19 14:00:00;NORTE;SUDESTE/CENTRO-OESTE;8678.80499999
2024-03-19 15:00:00;NORTE;SUDESTE/CENTRO-OESTE;9444.42
2024-03-19 16:00:00;NORTE;SUDESTE/CENTRO-OESTE;9258.935
2024-03-19 17:00:00;NORTE;SUDESTE/CENTRO-OESTE;9121.2
2024-03-19 18:00:00;NORTE;SUDESTE/CENTRO-OESTE;9344.688
2024-03-19 19:00:00;NORTE;SUDESTE/CENTRO-OESTE;9413.63899999
2024-03-19 20:00:00;NORTE;SUDESTE/CENTRO-OESTE;9265.616
2024-03-19 21:00:00;NORTE;SUDESTE/CENTRO-OESTE;8830.244
2024-03-19 22:00:00;NORTE;SUDESTE/CENTRO-OESTE;8212.97799999
2024-03-19 23:00:00;NORTE;SUDESTE/CENTRO-OESTE;6973.349
2024-03-20 00:00:00;NORTE;SUDESTE/CENTRO-OESTE;5366.941
2024-03-20 01:00:00;NORTE;SUDESTE/CENTRO-OESTE;3825.0
2024-03-20 02:00:00;NORTE;SUDESTE/CENTRO-OESTE;3047.677
2024-03-20 03:00:00;NORTE;SUDESTE/CENTRO-OESTE;2991.322
2024-03-20 04:00:00;NORTE;SUDESTE/CENTRO-OESTE;3195.23999999
2024-03-20 05:00:00;NORTE;SUDESTE/CENTRO-OESTE;4264.314
2024-03-20 06:00:00;NORTE;SUDESTE/CENTRO-OESTE;5453.224
2024-03-20 07:00:00;NORTE;SUDESTE/CENTRO-OESTE;5909.07
2024-03-20 08:00:00;NORTE;SUDESTE/CENTRO-OESTE;6037.137
2024-03-20 09:00:00;NORTE;SUDESTE/CENTRO-OESTE;5576.638
2024-03-20 10:00:00;NORTE;SUDESTE/CENTRO-OESTE;5334.152
2024-03-20 11:00:00;NORTE;SUDESTE/CENTRO-OESTE;5155.93099999
2024-03-20 12:00:00;NORTE;SUDESTE/CENTRO-OESTE;5107.375
2024-03-20 13:00:00;NORTE;SUDESTE/CENTRO-OESTE;5389.162
2024-03-20 14:00:00;NORTE;SUDESTE/CENTRO-OESTE;6274.407
2024-03-20 15:00:00;NORTE;SUDESTE/CENTRO-OESTE;7854.874
2024-03-20 16:00:00;NORTE;SUDESTE/CENTRO-OESTE;8840.687
2024-03-20 17:00:00;NORTE;SUDESTE/CENTRO-OESTE;8620.672
2024-03-20 18:00:00;NORTE;SUDESTE/CENTRO-OESTE;9036.596
2024-03-20 19:00:00;NORTE;SUDESTE/CENTRO-OESTE;9233.632
2024-03-20 20:00:00;NORTE;SUDESTE/CENTRO-OESTE;9264.39699999
2024-03-20 21:00:00;NORTE;SUDESTE/CENTRO-OESTE;9236.06799999
2024-03-20 22:00:00;NORTE;SUDESTE/CENTRO-OESTE;8954.13699999
2024-03-20 23:00:00;NORTE;SUDESTE/CENTRO-OESTE;8271.966
2024-03-21 00:00:00;NORTE;SUDESTE/CENTRO-OESTE;6596.17199999
2024-03-21 01:00:00;NORTE;SUDESTE/CENTRO-OESTE;4948.097
2024-03-21 02:00:00;NORTE;SUDESTE/CENTRO-OESTE;4128.504
2024-03-21 03:00:00;NORTE;SUDESTE/CENTRO-OESTE;4095.932
2024-03-21 04:00:00;NORTE;SUDESTE/CENTRO-OESTE;4080.138
2024-03-21 05:00:00;NORTE;SUDESTE/CENTRO-OESTE;3975.353
2024-03-21 06:00:00;NORTE;SUDESTE/CENTRO-OESTE;4630.18
2024-03-21 07:00:00;NORTE;SUDESTE/CENTRO-OESTE;5507.1
2024-03-21 08:00:00;NORTE;SUDESTE/CENTRO-OESTE;6160.337
2024-03-21 09:00:00;NORTE;SUDESTE/CENTRO-OESTE;6766.124
2024-03-21 10:00:00;NORTE;SUDESTE/CENTRO-OESTE;6839.588
2024-03-21 11:00:00;NORTE;SUDESTE/CENTRO-OESTE;7098.414
2024-03-21 12:00:00;NORTE;SUDESTE/CENTRO-OESTE;6590.253
2024-03-21 13:00:00;NORTE;SUDESTE/CENTRO-OESTE;6696.984
2024-03-21 14:00:00;NORTE;SUDESTE/CENTRO-OESTE;7148.959
2024-03-21 15:00:00;NORTE;SUDESTE/CENTRO-OESTE;7369.145
2024-03-21 16:00:00;NORTE;SUDESTE/CENTRO-OESTE;7555.344
2024-03-21 17:00:00;NORTE;SUDESTE/CENTRO-OESTE;7092.645
2024-03-21 18:00:00;NORTE;SUDESTE/CENTRO-OESTE;8048.104
2024-03-21 19:00:00;NORTE;SUDESTE/CENTRO-OESTE;9323.38899999
2024-03-21 20:00:00;NORTE;SUDESTE/CENTRO-OESTE;9202.208
2024-03-21 21:00:00;NORTE;SUDESTE/CENTRO-OESTE;9030.395
2024-03-21 22:00:00;NORTE;SUDESTE/CENTRO-OESTE;7634.768
2024-03-21 23:00:00;NORTE;SUDESTE/CENTRO-OESTE;6635.451
2024-03-22 00:00:00;NORTE;SUDESTE/CENTRO-OESTE;5535.333
2024-03-22 01:00:00;NORTE;SUDESTE/CENTRO-OESTE;4378.906
2024-03-22 02:00:00;NORTE;SUDESTE/CENTRO-OESTE;3721.202
2024-03-22 03:00:00;NORTE;SUDESTE/CENTRO-OESTE;3148.2
2024-03-22 04:00:00;NORTE;SUDESTE/CENTRO-OESTE;3005.076
2024-03-22 05:00:00;NORTE;SUDESTE/CENTRO-OESTE;3393.41
2024-03-22 06:00:00;NORTE;SUDESTE/CENTRO-OESTE;4580.532
2024-03-22 07:00:00;NORTE;SUDESTE/CENTRO-OESTE;5636.064
2024-03-22 08:00:00;NORTE;SUDESTE/CENTRO-OESTE;5889.137
2024-03-22 09:00:00;NORTE;SUDESTE/CENTRO-OESTE;5615.205
2024-03-22 10:00:00;NORTE;SUDESTE/CENTRO-OESTE;5206.62
2024-03-22 11:00:00;NORTE;SUDESTE/CENTRO-OESTE;5035.2
2024-03-22 12:00:00;NORTE;SUDESTE/CENTRO-OESTE;5103.68
2024-03-22 13:00:00;NORTE;SUDESTE/CENTRO-OESTE;5598.171
2024-03-22 14:00:00;NORTE;SUDESTE/CENTRO-OESTE;7182.461
2024-03-22 15:00:00;NORTE;SUDESTE/CENTRO-OESTE;8139.94499999
2024-03-22 16:00:00;NORTE;SUDESTE/CENTRO-OESTE;8729.703
2024-03-22 17:00:00;NORTE;SUDESTE/CENTRO-OESTE;7879.077
2024-03-22 18:00:00;NORTE;SUDESTE/CENTRO-OESTE;8339.438
2024-03-22 19:00:00;NORTE;SUDESTE/CENTRO-OESTE;8919.563
2024-03-22 20:00:00;NORTE;SUDESTE/CENTRO-OESTE;8132.381
2024-03-22 21:00:00;NORTE;SUDESTE/CENTRO-OESTE;6868.679
2024-03-22 22:00:00;NORTE;SUDESTE/CENTRO-OESTE;5337.127
2024-03-22 23:00:00;NORTE;SUDESTE/CENTRO-OESTE;4217.567
2024-03-23 00:00:00;NORTE;SUDESTE/CENTRO-OESTE;3659.987
2024-03-23 01:00:00;NORTE;SUDESTE/CENTRO-OESTE;3286.329
2024-03-23 02:00:00;NORTE;SUDESTE/CENTRO-OESTE;3198.45
2024-03-23 03:00:00;NORTE;SUDESTE/CENTRO-OESTE;2887.148
2024-03-23 04:00:00;NORTE;SUDESTE/CENTRO-OESTE;3116.262
2024-03-23 05:00:00;NORTE;SUDESTE/CENTRO-OESTE;3407.54799999
2024-03-23 06:00:00;NORTE;SUDESTE/CENTRO-OESTE;3997.012
2024-03-23 07:00:00;NORTE;SUDESTE/CENTRO-OESTE;5312.344
2024-03-23 08:00:00;NORTE;SUDESTE/CENTRO-OESTE;5984.911
2024-03-23 09:00:00;NORTE;SUDESTE/CENTRO-OESTE;5626.883
2024-03-23 10:00:00;NORTE;SUDESTE/CENTRO-OESTE;5487.839
2024-03-23 11:00:00;NORTE;SUDESTE/CENTRO-OESTE;5380.821
2024-03-23 12:00:00;NORTE;SUDESTE/CENTRO-OESTE;4607.947
2024-03-23 13:00:00;NORTE;SUDESTE/CENTRO-OESTE;4156.27
2024-03-23 14:00:00;NORTE;SUDESTE/CENTRO-OESTE;4056.988
2024-03-23 15:00:00;NORTE;SUDESTE/CENTRO-OESTE;3963.448
2024-03-23 16:00:00;NORTE;SUDESTE/CENTRO-OESTE;4229.004
2024-03-23 17:00:00;NORTE;SUDESTE/CENTRO-OESTE;4070.345
2024-03-23 18:00:00;NORTE;SUDESTE/CENTRO-OESTE;4207.80599999
2024-03-23 19:00:00;NORTE;SUDESTE/CENTRO-OESTE;4476.98899999
2024-03-23 20:00:00;NORTE;SUDESTE/CENTRO-OESTE;5110.097
2024-03-23 21:00:00;NORTE;SUDESTE/CENTRO-OESTE;5436.212
2024-03-23 22:00:00;NORTE;SUDESTE/CENTRO-OESTE;4695.691
2024-03-23 23:00:00;NORTE;SUDESTE/CENTRO-OESTE;3608.943
2024-03-24 00:00:00;NORTE;SUDESTE/CENTRO-OESTE;2772.967
2024-03-24 01:00:00;NORTE;SUDESTE/CENTRO-OESTE;2339.74699999
2024-03-24 02:00:00;NORTE;SUDESTE/CENTRO-OESTE;2706.044
2024-03-24 03:00:00;NORTE;SUDESTE/CENTRO-OESTE;3042.828
2024-03-24 04:00:00;NORTE;SUDESTE/CENTRO-OESTE;3316.625
2024-03-24 05:00:00;NORTE;SUDESTE/CENTRO-OESTE;3672.663
2024-03-24 06:00:00;NORTE;SUDESTE/CENTRO-OESTE;4406.78
2024-03-24 07:00:00;NORTE;SUDESTE/CENTRO-OESTE;4435.832
2024-03-24 08:00:00;NORTE;SUDESTE/CENTRO-OESTE;4055.823
2024-03-24 09:00:00;NORTE;SUDESTE/CENTRO-OESTE;3806.379
2024-03-24 10:00:00;NORTE;SUDESTE/CENTRO-OESTE;3837.601
2024-03-24 11:00:00;NORTE;SUDESTE/CENTRO-OESTE;4069.011
2024-03-24 12:00:00;NORTE;SUDESTE/CENTRO-OESTE;4447.085
2024-03-24 13:00:00;NORTE;SUDESTE/CENTRO-OESTE;4295.28
2024-03-24 14:00:00;NORTE;SUDESTE/CENTRO-OESTE;4266.804
2024-03-24 15:00:00;NORTE;SUDESTE/CENTRO-OESTE;4081.516
2024-03-24 16:00:00;NORTE;SUDESTE/CENTRO-OESTE;4888.316
2024-03-24 17:00:00;NORTE;SUDESTE/CENTRO-OESTE;5495.27
2024-03-24 18:00:00;NORTE;SUDESTE/CENTRO-OESTE;6219.493
2024-03-24 19:00:00;NORTE;SUDESTE/CENTRO-OESTE;6504.969
2024-03-24 20:00:00;NORTE;SUDESTE/CENTRO-OESTE;6751.655
2024-03-24 21:00:00;NORTE;SUDESTE/CENTRO-OESTE;6541.222
2024-03-24 22:00:00;NORTE;SUDESTE/CENTRO-OESTE;5722.861
2024-03-24 23:00:00;NORTE;SUDESTE/CENTRO-OESTE;4782.255
2024-03-25 00:00:00;NORTE;SUDESTE/CENTRO-OESTE;4734.979
2024-03-25 01:00:00;NORTE;SUDESTE/CENTRO-OESTE;4906.82
2024-03-25 02:00:00;NORTE;SUDESTE/CENTRO-OESTE;4954.954
2024-03-25 03:00:00;NORTE;SUDESTE/CENTRO-OESTE;4804.506
2024-03-25 04:00:00;NORTE;SUDESTE/CENTRO-OESTE;5037.52
2024-03-25 05:00:00;NORTE;SUDESTE/CENTRO-OESTE;5936.952
2024-03-25 06:00:00;NORTE;SUDESTE/CENTRO-OESTE;7122.545
2024-03-25 07:00:00;NORTE;SUDESTE/CENTRO-OESTE;7292.684
2024-03-25 08:00:00;NORTE;SUDESTE/CENTRO-OESTE;6933.795
2024-03-25 09:00:00;NORTE;SUDESTE/CENTRO-OESTE;6485.18099999
2024-03-25 10:00:00;NORTE;SUDESTE/CENTRO-OESTE;6486.95
2024-03-25 11:00:00;NORTE;SUDESTE/CENTRO-OESTE;6645.984
2024-03-25 12:00:00;NORTE;SUDESTE/CENTRO-OESTE;6595.177
2024-03-25 13:00:00;NORTE;SUDESTE/CENTRO-OESTE;7330.874
2024-03-25 14:00:00;NORTE;SUDESTE/CENTRO-OESTE;8299.12199999
2024-03-25 15:00:00;NORTE;SUDESTE/CENTRO-OESTE;9350.11699999
2024-03-25 16:00:00;NORTE;SUDESTE/CENTRO-OESTE;9361.045
2024-03-25 17:00:00;NORTE;SUDESTE/CENTRO-OESTE;9295.491
2024-03-25 18:00:00;NORTE;SUDESTE/CENTRO-OESTE;9513.566
2024-03-25 19:00:00;NORTE;SUDESTE/CENTRO-OESTE;9470.58599999
2024-03-25 20:00:00;NORTE;SUDESTE/CENTRO-OESTE;9782.902
2024-03-25 21:00:00;NORTE;SUDESTE/CENTRO-OESTE;9428.879
2024-03-25 22:00:00;NORTE;SUDESTE/CENTRO-OESTE;9291.384
2024-03-25 23:00:00;NORTE;SUDESTE/CENTRO-OESTE;8632.4
2024-03-26 00:00:00;NORTE;SUDESTE/CENTRO-OESTE;6148.472
2024-03-26 01:00:00;NORTE;SUDESTE/CENTRO-OESTE;4302.838
2024-03-26 02:00:00;NORTE;SUDESTE/CENTRO-OESTE;3212.401
2024-03-26 03:00:00;NORTE;SUDESTE/CENTRO-OESTE;3165.515
2024-03-26 04:00:00;NORTE;SUDESTE/CENTRO-OESTE;3035.427
2024-03-26 05:00:00;NORTE;SUDESTE/CENTRO-OESTE;3337.508
2024-03-26 06:00:00;NORTE;SUDESTE/CENTRO-OESTE;4114.68
2024-03-26 07:00:00;NORTE;SUDESTE/CENTRO-OESTE;6191.116
2024-03-26 08:00:00;NORTE;SUDESTE/CENTRO-OESTE;7071.709
2024-03-26 09:00:00;NORTE;SUDESTE/CENTRO-OESTE;7063.898
2024-03-26 10:00:00;NORTE;SUDESTE/CENTRO-OESTE;7517.326
2024-03-26 11:00:00;NORTE;SUDESTE/CENTRO-OESTE;7986.577
2024-03-26 12:00:00;NORTE;SUDESTE/CENTRO-OESTE;7665.786
2024-03-26 13:00:00;NORTE;SUDESTE/CENTRO-OESTE;7710.496
2024-03-26 14:00:00;NORTE;SUDESTE/CENTRO-OESTE;7839.51
2024-03-26 15:00:00;NORTE;SUDESTE/CENTRO-OESTE;8226.446
2024-03-26 16:00:00;NORTE;SUDESTE/CENTRO-OESTE;7964.722
2024-03-26 17:00:00;NORTE;SUDESTE/CENTRO-OESTE;7407.363
2024-03-26 18:00:00;NORTE;SUDESTE/CENTRO-OESTE;6646.249
2024-03-26 19:00:00;NORTE;SUDESTE/CENTRO-OESTE;6819.497
2024-03-26 20:00:00;NORTE;SUDESTE/CENTRO-OESTE;7117.62
2024-03-26 21:00:00;NORTE;SUDESTE/CENTRO-OESTE;7197.5
2024-03-26 22:00:00;NORTE;SUDESTE/CENTRO-OESTE;7331.634
2024-03-26 23:00:00;NORTE;SUDESTE/CENTRO-OESTE;7403.114
2024-03-27 00:00:00;NORTE;SUDESTE/CENTRO-OESTE;7231.815
2024-03-27 01:00:00;NORTE;SUDESTE/CENTRO-OESTE;6032.714
2024-03-27 02:00:00;NORTE;SUDESTE/CENTRO-OESTE;5094.719
2024-03-27 03:00:00;NORTE;SUDESTE/CENTRO-OESTE;5165.158
2024-03-27 04:00:00;NORTE;SUDESTE/CENTRO-OESTE;5636.454
2024-03-27 05:00:00;NORTE;SUDESTE/CENTRO-OESTE;5967.791
2024-03-27 06:00:00;NORTE;SUDESTE/CENTRO-OESTE;6638.29699999
2024-03-27 07:00:00;NORTE;SUDESTE/CENTRO-OESTE;6231.848
2024-03-27 08:00:00;NORTE;SUDESTE/CENTRO-OESTE;6268.972
2024-03-27 09:00:00;NORTE;SUDESTE/CENTRO-OESTE;6016.714
2024-03-27 10:00:00;NORTE;SUDESTE/CENTRO-OESTE;6092.889
2024-03-27 11:00:00;NORTE;SUDESTE/CENTRO-OESTE;5965.723
2024-03-27 12:00:00;NORTE;SUDESTE/CENTRO-OESTE;5730.869
2024-03-27 13:00:00;NORTE;SUDESTE/CENTRO-OESTE;5751.78
2024-03-27 14:00:00;NORTE;SUDESTE/CENTRO-OESTE;7244.222
2024-03-27 15:00:00;NORTE;SUDESTE/CENTRO-OESTE;8423.415
2024-03-27 16:00:00;NORTE;SUDESTE/CENTRO-OESTE;8365.86
2024-03-27 17:00:00;NORTE;SUDESTE/CENTRO-OESTE;8447.453
2024-03-27 18:00:00;NORTE;SUDESTE/CENTRO-OESTE;8624.70899999
2024-03-27 19:00:00;NORTE;SUDESTE/CENTRO-OESTE;8916.727
2024-03-27 20:00:00;NORTE;SUDESTE/CENTRO-OESTE;9523.21899999
2024-03-27 21:00:00;NORTE;SUDESTE/CENTRO-OESTE;9410.48699999
2024-03-27 22:00:00;NORTE;SUDESTE/CENTRO-OESTE;9070.226
2024-03-27 23:00:00;NORTE;SUDESTE/CENTRO-OESTE;7219.502
2024-03-28 00:00:00;NORTE;SUDESTE/CENTRO-OESTE;6056.098
2024-03-28 01:00:00;NORTE;SUDESTE/CENTRO-OESTE;6033.213
2024-03-28 02:00:00;NORTE;SUDESTE/CENTRO-OESTE;6042.988
2024-03-28 03:00:00;NORTE;SUDESTE/CENTRO-OESTE;5885.046
2024-03-28 04:00:00;NORTE;SUDESTE/CENTRO-OESTE;5985.358
2024-03-28 05:00:00;NORTE;SUDESTE/CENTRO-OESTE;6599.219
2024-03-28 06:00:00;NORTE;SUDESTE/CENTRO-OESTE;8371.766
2024-03-28 07:00:00;NORTE;SUDESTE/CENTRO-OESTE;8300.616
2024-03-28 08:00:00;NORTE;SUDESTE/CENTRO-OESTE;8068.501
2024-03-28 09:00:00;NORTE;SUDESTE/CENTRO-OESTE;7701.358
2024-03-28 10:00:00;NORTE;SUDESTE/CENTRO-OESTE;7572.49499999
2024-03-28 11:00:00;NORTE;SUDESTE/CENTRO-OESTE;7205.131
2024-03-28 12:00:00;NORTE;SUDESTE/CENTRO-OESTE;6984.088
2024-03-28 13:00:00;NORTE;SUDESTE/CENTRO-OESTE;7636.78099999
2024-03-28 14:00:00;NORTE;SUDESTE/CENTRO-OESTE;8846.918
2024-03-28 15:00:00;NORTE;SUDESTE/CENTRO-OESTE;9377.386
2024-03-28 16:00:00;NORTE;SUDESTE/CENTRO-OESTE;9370.69699999
2024-03-28 17:00:00;NORTE;SUDESTE/CENTRO-OESTE;8991.69
2024-03-28 18:00:00;NORTE;SUDESTE/CENTRO-OESTE;9326.68
2024-03-28 19:00:00;NORTE;SUDESTE/CENTRO-OESTE;9301.716
2024-03-28 20:00:00;NORTE;SUDESTE/CENTRO-OESTE;9012.199
2024-03-28 21:00:00;NORTE;SUDESTE/CENTRO-OESTE;8552.65
2024-03-28 22:00:00;NORTE;SUDESTE/CENTRO-OESTE;7918.547
2024-03-28 23:00:00;NORTE;SUDESTE/CENTRO-OESTE;6520.005
2024-03-29 00:00:00;NORTE;SUDESTE/CENTRO-OESTE;5560.732
2024-03-29 01:00:00;NORTE;SUDESTE/CENTRO-OESTE;5869.128
2024-03-29 02:00:00;NORTE;SUDESTE/CENTRO-OESTE;5681.929
2024-03-29 03:00:00;NORTE;SUDESTE/CENTRO-OESTE;5368.216
2024-03-29 04:00:00;NORTE;SUDESTE/CENTRO-OESTE;5062.532
2024-03-29 05:00:00;NORTE;SUDESTE/CENTRO-OESTE;5266.92699999
2024-03-29 06:00:00;NORTE;SUDESTE/CENTRO-OESTE;5270.876
2024-03-29 07:00:00;NORTE;SUDESTE/CENTRO-OESTE;4534.325
2024-03-29 08:00:00;NORTE;SUDESTE/CENTRO-OESTE;4519.433
2024-03-29 09:00:00;NORTE;SUDESTE/CENTRO-OESTE;4558.568
2024-03-29 10:00:00;NORTE;SUDESTE/CENTRO-OESTE;4435.416
2024-03-29 11:00:00;NORTE;SUDESTE/CENTRO-OESTE;4547.345
2024-03-29 12:00:00;NORTE;SUDESTE/CENTRO-OESTE;4640.445
2024-03-29 13:00:00;NORTE;SUDESTE/CENTRO-OESTE;4482.929
2024-03-29 14:00:00;NORTE;SUDESTE/CENTRO-OESTE;4448.808
2024-03-29 15:00:00;NORTE;SUDESTE/CENTRO-OESTE;4856.01599999
2024-03-29 16:00:00;NORTE;SUDESTE/CENTRO-OESTE;5332.62299999
2024-03-29 17:00:00;NORTE;SUDESTE/CENTRO-OESTE;6177.392
2024-03-29 18:00:00;NORTE;SUDESTE/CENTRO-OESTE;6935.165
2024-03-29 19:00:00;NORTE;SUDESTE/CENTRO-OESTE;8018.90899999
2024-03-29 20:00:00;NORTE;SUDESTE/CENTRO-OESTE;8386.741
2024-03-29 21:00:00;NORTE;SUDESTE/CENTRO-OESTE;8622.908
2024-03-29 22:00:00;NORTE;SUDESTE/CENTRO-OESTE;8398.998
2024-03-29 23:00:00;NORTE;SUDESTE/CENTRO-OESTE;7439.00299999
2024-03-30 00:00:00;NORTE;SUDESTE/CENTRO-OESTE;6441.6
2024-03-30 01:00:00;NORTE;SUDESTE/CENTRO-OESTE;5100.308
2024-03-30 02:00:00;NORTE;SUDESTE/CENTRO-OESTE;4608.0
2024-03-30 03:00:00;NORTE;SUDESTE/CENTRO-OESTE;4541.925
2024-03-30 04:00:00;NORTE;SUDESTE/CENTRO-OESTE;4700.191
2024-03-30 05:00:00;NORTE;SUDESTE/CENTRO-OESTE;5055.036
2024-03-30 06:00:00;NORTE;SUDESTE/CENTRO-OESTE;4990.087
2024-03-30 07:00:00;NORTE;SUDESTE/CENTRO-OESTE;3737.196
2024-03-30 08:00:00;NORTE;SUDESTE/CENTRO-OESTE;3191.822
2024-03-30 09:00:00;NORTE;SUDESTE/CENTRO-OESTE;3351.254
2024-03-30 10:00:00;NORTE;SUDESTE/CENTRO-OESTE;3324.228
2024-03-30 11:00:00;NORTE;SUDESTE/CENTRO-OESTE;3478.17
2024-03-30 12:00:00;NORTE;SUDESTE/CENTRO-OESTE;3235.592
2024-03-30 13:00:00;NORTE;SUDESTE/CENTRO-OESTE;2901.58599999
2024-03-30 14:00:00;NORTE;SUDESTE/CENTRO-OESTE;2539.012
2024-03-30 15:00:00;NORTE;SUDESTE/CENTRO-OESTE;2874.718
2024-03-30 16:00:00;NORTE;SUDESTE/CENTRO-OESTE;4015.513
2024-03-30 17:00:00;NORTE;SUDESTE/CENTRO-OESTE;5628.705
2024-03-30 18:00:00;NORTE;SUDESTE/CENTRO-OESTE;6867.869
2024-03-30 19:00:00;NORTE;SUDESTE/CENTRO-OESTE;6745.372
2024-03-30 20:00:00;NORTE;SUDESTE/CENTRO-OESTE;6802.685
2024-03-30 21:00:00;NORTE;SUDESTE/CENTRO-OESTE;6796.791
2024-03-30 22:00:00;NORTE;SUDESTE/CENTRO-OESTE;6699.61399999
2024-03-30 23:00:00;NORTE;SUDESTE/CENTRO-OESTE;6345.079
2024-03-31 00:00:00;NORTE;SUDESTE/CENTRO-OESTE;6356.914
2024-03-31 01:00:00;NORTE;SUDESTE/CENTRO-OESTE;6417.291
2024-03-31 02:00:00;NORTE;SUDESTE/CENTRO-OESTE;6530.847
2024-03-31 03:00:00;NORTE;SUDESTE/CENTRO-OESTE;6572.389
2024-03-31 04:00:00;NORTE;SUDESTE/CENTRO-OESTE;6362.561
2024-03-31 05:00:00;NORTE;SUDESTE/CENTRO-OESTE;6281.79
2024-03-31 06:00:00;NORTE;SUDESTE/CENTRO-OESTE;5943.549
2024-03-31 07:00:00;NORTE;SUDESTE/CENTRO-OESTE;4428.464
2024-03-31 08:00:00;NORTE;SUDESTE/CENTRO-OESTE;3429.008
2024-03-31 09:00:00;NORTE;SUDESTE/CENTRO-OESTE;2883.609
2024-03-31 10:00:00;NORTE;SUDESTE/CENTRO-OESTE;2939.166
2024-03-31 11:00:00;NORTE;SUDESTE/CENTRO-OESTE;3058.636
2024-03-31 12:00:00;NORTE;SUDESTE/CENTRO-OESTE;3112.669
2024-03-31 13:00:00;NORTE;SUDESTE/CENTRO-OESTE;3173.801
2024-03-31 14:00:00;NORTE;SUDESTE/CENTRO-OESTE;3718.401
2024-03-31 15:00:00;NORTE;SUDESTE/CENTRO-OESTE;4609.902
2024-03-31 16:00:00;NORTE;SUDESTE/CENTRO-OESTE;5146.752
2024-03-31 17:00:00;NORTE;SUDESTE/CENTRO-OESTE;6579.463
2024-03-31 18:00:00;NORTE;SUDESTE/CENTRO-OESTE;8008.466
2024-03-31 19:00:00;NORTE;SUDESTE/CENTRO-OESTE;8453.055
2024-03-31 20:00:00;NORTE;SUDESTE/CENTRO-OESTE;8217.74599999
2024-03-31 21:00:00;NORTE;SUDESTE/CENTRO-OESTE;7881.855
2024-03-31 22:00:00;NORTE;SUDESTE/CENTRO-OESTE;7538.738
2024-03-31 23:00:00;NORTE;SUDESTE/CENTRO-OESTE;7263.223
2024-04-01 00:00:00;NORTE;SUDESTE/CENTRO-OESTE;7082.82
2024-04-01 01:00:00;NORTE;SUDESTE/CENTRO-OESTE;5539.97099999
2024-04-01 02:00:00;NORTE;SUDESTE/CENTRO-OESTE;3963.315
2024-04-01 03:00:00;NORTE;SUDESTE/CENTRO-OESTE;2305.471
2024-04-01 04:00:00;NORTE;SUDESTE/CENTRO-OESTE;1613.782
2024-04-01 05:00:00;NORTE;SUDESTE/CENTRO-OESTE;1070.836
2024-04-01 06:00:00;NORTE;SUDESTE/CENTRO-OESTE;650.02599999
2024-04-01 07:00:00;NORTE;SUDESTE/CENTRO-OESTE;1434.584
2024-04-01 08:00:00;NORTE;SUDESTE/CENTRO-OESTE;1420.666
2024-04-01 09:00:00;NORTE;SUDESTE/CENTRO-OESTE;1701.404
2024-04-01 10:00:00;NORTE;SUDESTE/CENTRO-OESTE;1987.949
2024-04-01 11:00:00;NORTE;SUDESTE/CENTRO-OESTE;2153.944
2024-04-01 12:00:00;NORTE;SUDESTE/CENTRO-OESTE;2367.458
2024-04-01 13:00:00;NORTE;SUDESTE/CENTRO-OESTE;3520.266
2024-04-01 14:00:00;NORTE;SUDESTE/CENTRO-OESTE;5111.658
2024-04-01 15:00:00;NORTE;SUDESTE/CENTRO-OESTE;6554.175
2024-04-01 16:00:00;NORTE;SUDESTE/CENTRO-OESTE;7613.29899999
2024-04-01 17:00:00;NORTE;SUDESTE/CENTRO-OESTE;7393.71299999
2024-04-01 18:00:00;NORTE;SUDESTE/CENTRO-OESTE;7159.708
2024-04-01 19:00:00;NORTE;SUDESTE/CENTRO-OESTE;7037.34
2024-04-01 20:00:00;NORTE;SUDESTE/CENTRO-OESTE;6697.56499999
2024-04-01 21:00:00;NORTE;SUDESTE/CENTRO-OESTE;5921.958
2024-04-01 22:00:00;NORTE;SUDESTE/CENTRO-OESTE;4507.88199999
2024-04-01 23:00:00;NORTE;SUDESTE/CENTRO-OESTE;3048.327
2024-04-02 00:00:00;NORTE;SUDESTE/CENTRO-OESTE;2093.733
2024-04-02 01:00:00;NORTE;SUDESTE/CENTRO-OESTE;1311.266
2024-04-02 02:00:00;NORTE;SUDESTE/CENTRO-OESTE;502.707
2024-04-02 03:00:00;NORTE;SUDESTE/CENTRO-OESTE;62.99
2024-04-02 04:00:00;NORTE;SUDESTE/CENTRO-OESTE;88.019
2024-04-02 05:00:00;NORTE;SUDESTE/CENTRO-OESTE;311.87099999
2024-04-02 06:00:00;NORTE;SUDESTE/CENTRO-OESTE;1265.26399999
2024-04-02 07:00:00;NORTE;SUDESTE/CENTRO-OESTE;2177.621
2024-04-02 08:00:00;NORTE;SUDESTE/CENTRO-OESTE;2528.915
2024-04-02 09:00:00;NORTE;SUDESTE/CENTRO-OESTE;2289.217
2024-04-02 10:00:00;NORTE;SUDESTE/CENTRO-OESTE;2372.649
2024-04-02 11:00:00;NORTE;SUDESTE/CENTRO-OESTE;3828.718
2024-04-02 12:00:00;NORTE;SUDESTE/CENTRO-OESTE;5357.402
2024-04-02 13:00:00;NORTE;SUDESTE/CENTRO-OESTE;6370.557
2024-04-02 14:00:00;NORTE;SUDESTE/CENTRO-OESTE;6711.542
2024-04-02 15:00:00;NORTE;SUDESTE/CENTRO-OESTE;7775.96899999
2024-04-02 16:00:00;NORTE;SUDESTE/CENTRO-OESTE;7895.952
2024-04-02 17:00:00;NORTE;SUDESTE/CENTRO-OESTE;7863.007
2024-04-02 18:00:00;NORTE;SUDESTE/CENTRO-OESTE;7798.587
2024-04-02 19:00:00;NORTE;SUDESTE/CENTRO-OESTE;7704.304
2024-04-02 20:00:00;NORTE;SUDESTE/CENTRO-OESTE;7665.86499999
2024-04-02 21:00:00;NORTE;SUDESTE/CENTRO-OESTE;7368.825
2024-04-02 22:00:00;NORTE;SUDESTE/CENTRO-OESTE;6181.955
2024-04-02 23:00:00;NORTE;SUDESTE/CENTRO-OESTE;4587.647
2024-04-03 00:00:00;NORTE;SUDESTE/CENTRO-OESTE;2648.69
2024-04-03 01:00:00;NORTE;SUDESTE/CENTRO-OESTE;1332.353
2024-04-03 02:00:00;NORTE;SUDESTE/CENTRO-OESTE;71.297
2024-04-03 03:00:00;NORTE;SUDESTE/CENTRO-OESTE;-240.997
2024-04-03 04:00:00;NORTE;SUDESTE/CENTRO-OESTE;-49.72999999
2024-04-03 05:00:00;NORTE;SUDESTE/CENTRO-OESTE;420.026
2024-04-03 06:00:00;NORTE;SUDESTE/CENTRO-OESTE;1538.73499999
2024-04-03 07:00:00;NORTE;SUDESTE/CENTRO-OESTE;2385.288
2024-04-03 08:00:00;NORTE;SUDESTE/CENTRO-OESTE;2502.989
2024-04-03 09:00:00;NORTE;SUDESTE/CENTRO-OESTE;2615.551
2024-04-03 10:00:00;NORTE;SUDESTE/CENTRO-OESTE;2637.031
2024-04-03 11:00:00;NORTE;SUDESTE/CENTRO-OESTE;3576.014
2024-04-03 12:00:00;NORTE;SUDESTE/CENTRO-OESTE;4815.117
2024-04-03 13:00:00;NORTE;SUDESTE/CENTRO-OESTE;6141.6
2024-04-03 14:00:00;NORTE;SUDESTE/CENTRO-OESTE;7121.563
2024-04-03 15:00:00;NORTE;SUDESTE/CENTRO-OESTE;8130.606
2024-04-03 16:00:00;NORTE;SUDESTE/CENTRO-OESTE;7985.76299999
2024-04-03 17:00:00;NORTE;SUDESTE/CENTRO-OESTE;7676.328
2024-04-03 18:00:00;NORTE;SUDESTE/CENTRO-OESTE;7344.341
2024-04-03 19:00:00;NORTE;SUDESTE/CENTRO-OESTE;7203.215
2024-04-03 20:00:00;NORTE;SUDESTE/CENTRO-OESTE;7166.415
2024-04-03 21:00:00;NORTE;SUDESTE/CENTRO-OESTE;6692.135
2024-04-03 22:00:00;NORTE;SUDESTE/CENTRO-OESTE;6209.746
2024-04-03 23:00:00;NORTE;SUDESTE/CENTRO-OESTE;3776.999
2024-04-04 00:00:00;NORTE;SUDESTE/CENTRO-OESTE;2236.167
2024-04-04 01:00:00;NORTE;SUDESTE/CENTRO-OESTE;1015.628
2024-04-04 02:00:00;NORTE;SUDESTE/CENTRO-OESTE;183.534
2024-04-04 03:00:00;NORTE;SUDESTE/CENTRO-OESTE;-188.195
2024-04-04 04:00:00;NORTE;SUDESTE/CENTRO-OESTE;40.933
2024-04-04 05:00:00;NORTE;SUDESTE/CENTRO-OESTE;358.084
2024-04-04 06:00:00;NORTE;SUDESTE/CENTRO-OESTE;1673.035
2024-04-04 07:00:00;NORTE;SUDESTE/CENTRO-OESTE;1730.529
2024-04-04 08:00:00;NORTE;SUDESTE/CENTRO-OESTE;1454.331
2024-04-04 09:00:00;NORTE;SUDESTE/CENTRO-OESTE;1601.802
2024-04-04 10:00:00;NORTE;SUDESTE/CENTRO-OESTE;1802.451
2024-04-04 11:00:00;NORTE;SUDESTE/CENTRO-OESTE;2196.812
2024-04-04 12:00:00;NORTE;SUDESTE/CENTRO-OESTE;2974.792
2024-04-04 13:00:00;NORTE;SUDESTE/CENTRO-OESTE;4204.251
2024-04-04 14:00:00;NORTE;SUDESTE/CENTRO-OESTE;4460.46
2024-04-04 15:00:00;NORTE;SUDESTE/CENTRO-OESTE;5604.857
2024-04-04 16:00:00;NORTE;SUDESTE/CENTRO-OESTE;6660.006
2024-04-04 17:00:00;NORTE;SUDESTE/CENTRO-OESTE;6796.656
2024-04-04 18:00:00;NORTE;SUDESTE/CENTRO-OESTE;7522.40099999
2024-04-04 19:00:00;NORTE;SUDESTE/CENTRO-OESTE;7906.194
2024-04-04 20:00:00;NORTE;SUDESTE/CENTRO-OESTE;7802.38299999
2024-04-04 21:00:00;NORTE;SUDESTE/CENTRO-OESTE;7522.552
2024-04-04 22:00:00;NORTE;SUDESTE/CENTRO-OESTE;5961.106
2024-04-04 23:00:00;NORTE;SUDESTE/CENTRO-OESTE;4492.429
2024-04-05 00:00:00;NORTE;SUDESTE/CENTRO-OESTE;3915.583
2024-04-05 01:00:00;NORTE;SUDESTE/CENTRO-OESTE;3347.039
2024-04-05 02:00:00;NORTE;SUDESTE/CENTRO-OESTE;2184.916
2024-04-05 03:00:00;NORTE;SUDESTE/CENTRO-OESTE;1436.329
2024-04-05 04:00:00;NORTE;SUDESTE/CENTRO-OESTE;1013.738
2024-04-05 05:00:00;NORTE;SUDESTE/CENTRO-OESTE;962.346
2024-04-05 06:00:00;NORTE;SUDESTE/CENTRO-OESTE;1468.766
2024-04-05 07:00:00;NORTE;SUDESTE/CENTRO-OESTE;1603.054
2024-04-05 08:00:00;NORTE;SUDESTE/CENTRO-OESTE;2146.736
2024-04-05 09:00:00;NORTE;SUDESTE/CENTRO-OESTE;2967.936
2024-04-05 10:00:00;NORTE;SUDESTE/CENTRO-OESTE;3542.199
2024-04-05 11:00:00;NORTE;SUDESTE/CENTRO-OESTE;3515.431
2024-04-05 12:00:00;NORTE;SUDESTE/CENTRO-OESTE;3708.323
2024-04-05 13:00:00;NORTE;SUDESTE/CENTRO-OESTE;4061.611
2024-04-05 14:00:00;NORTE;SUDESTE/CENTRO-OESTE;4785.773
2024-04-05 15:00:00;NORTE;SUDESTE/CENTRO-OESTE;4933.853
2024-04-05 16:00:00;NORTE;SUDESTE/CENTRO-OESTE;5942.56499999
2024-04-05 17:00:00;NORTE;SUDESTE/CENTRO-OESTE;7387.911
2024-04-05 18:00:00;NORTE;SUDESTE/CENTRO-OESTE;8674.722
2024-04-05 19:00:00;NORTE;SUDESTE/CENTRO-OESTE;8472.17
2024-04-05 20:00:00;NORTE;SUDESTE/CENTRO-OESTE;7467.00499999
2024-04-05 21:00:00;NORTE;SUDESTE/CENTRO-OESTE;6921.593
2024-04-05 22:00:00;NORTE;SUDESTE/CENTRO-OESTE;5452.416
2024-04-05 23:00:00;NORTE;SUDESTE/CENTRO-OESTE;4055.766
2024-04-06 00:00:00;NORTE;SUDESTE/CENTRO-OESTE;2631.822
2024-04-06 01:00:00;NORTE;SUDESTE/CENTRO-OESTE;863.588
2024-04-06 02:00:00;NORTE;SUDESTE/CENTRO-OESTE;191.42599999
2024-04-06 03:00:00;NORTE;SUDESTE/CENTRO-OESTE;407.159
2024-04-06 04:00:00;NORTE;SUDESTE/CENTRO-OESTE;447.499
2024-04-06 05:00:00;NORTE;SUDESTE/CENTRO-OESTE;811.374
2024-04-06 06:00:00;NORTE;SUDESTE/CENTRO-OESTE;1629.218
2024-04-06 07:00:00;NORTE;SUDESTE/CENTRO-OESTE;2493.57499999
2024-04-06 08:00:00;NORTE;SUDESTE/CENTRO-OESTE;3077.635
2024-04-06 09:00:00;NORTE;SUDESTE/CENTRO-OESTE;3269.224
2024-04-06 10:00:00;NORTE;SUDESTE/CENTRO-OESTE;3552.804
2024-04-06 11:00:00;NORTE;SUDESTE/CENTRO-OESTE;3168.302
2024-04-06 12:00:00;NORTE;SUDESTE/CENTRO-OESTE;3080.522
2024-04-06 13:00:00;NORTE;SUDESTE/CENTRO-OESTE;3100.047
2024-04-06 14:00:00;NORTE;SUDESTE/CENTRO-OESTE;3663.011
2024-04-06 15:00:00;NORTE;SUDESTE/CENTRO-OESTE;4803.55
2024-04-06 16:00:00;NORTE;SUDESTE/CENTRO-OESTE;5792.68099999
2024-04-06 17:00:00;NORTE;SUDESTE/CENTRO-OESTE;6754.266
2024-04-06 18:00:00;NORTE;SUDESTE/CENTRO-OESTE;8290.78899999
2024-04-06 19:00:00;NORTE;SUDESTE/CENTRO-OESTE;8502.064
2024-04-06 20:00:00;NORTE;SUDESTE/CENTRO-OESTE;6947.699
2024-04-06 21:00:00;NORTE;SUDESTE/CENTRO-OESTE;5532.275
2024-04-06 22:00:00;NORTE;SUDESTE/CENTRO-OESTE;3928.385
2024-04-06 23:00:00;NORTE;SUDESTE/CENTRO-OESTE;2879.229
2024-04-07 00:00:00;NORTE;SUDESTE/CENTRO-OESTE;2002.012
2024-04-07 01:00:00;NORTE;SUDESTE/CENTRO-OESTE;2016.72
2024-04-07 02:00:00;NORTE;SUDESTE/CENTRO-OESTE;1827.714
2024-04-07 03:00:00;NORTE;SUDESTE/CENTRO-OESTE;1437.368
2024-04-07 04:00:00;NORTE;SUDESTE/CENTRO-OESTE;1318.659
2024-04-07 05:00:00;NORTE;SUDESTE/CENTRO-OESTE;1463.049
2024-04-07 06:00:00;NORTE;SUDESTE/CENTRO-OESTE;2345.838
2024-04-07 07:00:00;NORTE;SUDESTE/CENTRO-OESTE;3072.978
2024-04-07 08:00:00;NORTE;SUDESTE/CENTRO-OESTE;3592.439
2024-04-07 09:00:00;NORTE;SUDESTE/CENTRO-OESTE;3643.487
2024-04-07 10:00:00;NORTE;SUDESTE/CENTRO-OESTE;3453.088
2024-04-07 11:00:00;NORTE;SUDESTE/CENTRO-OESTE;2920.136
2024-04-07 12:00:00;NORTE;SUDESTE/CENTRO-OESTE;2657.774
2024-04-07 13:00:00;NORTE;SUDESTE/CENTRO-OESTE;2646.564
2024-04-07 14:00:00;NORTE;SUDESTE/CENTRO-OESTE;3483.605
2024-04-07 15:00:00;NORTE;SUDESTE/CENTRO-OESTE;3856.786
2024-04-07 16:00:00;NORTE;SUDESTE/CENTRO-OESTE;4694.249
2024-04-07 17:00:00;NORTE;SUDESTE/CENTRO-OESTE;5960.376
2024-04-07 18:00:00;NORTE;SUDESTE/CENTRO-OESTE;7725.989
2024-04-07 19:00:00;NORTE;SUDESTE/CENTRO-OESTE;9090.986
2024-04-07 20:00:00;NORTE;SUDESTE/CENTRO-OESTE;9212.606
2024-04-07 21:00:00;NORTE;SUDESTE/CENTRO-OESTE;9061.21099999
2024-04-07 22:00:00;NORTE;SUDESTE/CENTRO-OESTE;8556.036
2024-04-07 23:00:00;NORTE;SUDESTE/CENTRO-OESTE;7687.806
2024-04-08 00:00:00;NORTE;SUDESTE/CENTRO-OESTE;6213.955
2024-04-08 01:00:00;NORTE;SUDESTE/CENTRO-OESTE;5673.488
2024-04-08 02:00:00;NORTE;SUDESTE/CENTRO-OESTE;5466.857
2024-04-08 03:00:00;NORTE;SUDESTE/CENTRO-OESTE;5658.385
2024-04-08 04:00:00;NORTE;SUDESTE/CENTRO-OESTE;5703.709
2024-04-08 05:00:00;NORTE;SUDESTE/CENTRO-OESTE;5627.798
2024-04-08 06:00:00;NORTE;SUDESTE/CENTRO-OESTE;6264.26
2024-04-08 07:00:00;NORTE;SUDESTE/CENTRO-OESTE;6726.983
2024-04-08 08:00:00;NORTE;SUDESTE/CENTRO-OESTE;6901.463
2024-04-08 09:00:00;NORTE;SUDESTE/CENTRO-OESTE;6850.993
2024-04-08 10:00:00;NORTE;SUDESTE/CENTRO-OESTE;6761.796
2024-04-08 11:00:00;NORTE;SUDESTE/CENTRO-OESTE;7406.142
2024-04-08 12:00:00;NORTE;SUDESTE/CENTRO-OESTE;7362.95
2024-04-08 13:00:00;NORTE;SUDESTE/CENTRO-OESTE;7648.5
2024-04-08 14:00:00;NORTE;SUDESTE/CENTRO-OESTE;8184.796
2024-04-08 15:00:00;NORTE;SUDESTE/CENTRO-OESTE;8406.816
2024-04-08 16:00:00;NORTE;SUDESTE/CENTRO-OESTE;8325.646
2024-04-08 17:00:00;NORTE;SUDESTE/CENTRO-OESTE;8207.056
2024-04-08 18:00:00;NORTE;SUDESTE/CENTRO-OESTE;8528.72799999
2024-04-08 19:00:00;NORTE;SUDESTE/CENTRO-OESTE;9238.10899999
2024-04-08 20:00:00;NORTE;SUDESTE/CENTRO-OESTE;9279.46499999
2024-04-08 21:00:00;NORTE;SUDESTE/CENTRO-OESTE;8793.108
2024-04-08 22:00:00;NORTE;SUDESTE/CENTRO-OESTE;8086.938
2024-04-08 23:00:00;NORTE;SUDESTE/CENTRO-OESTE;6660.03
2024-04-09 00:00:00;NORTE;SUDESTE/CENTRO-OESTE;5041.93599999
2024-04-09 01:00:00;NORTE;SUDESTE/CENTRO-OESTE;4548.21
2024-04-09 02:00:00;NORTE;SUDESTE/CENTRO-OESTE;4385.28399999
2024-04-09 03:00:00;NORTE;SUDESTE/CENTRO-OESTE;4479.09
2024-04-09 04:00:00;NORTE;SUDESTE/CENTRO-OESTE;4759.559
2024-04-09 05:00:00;NORTE;SUDESTE/CENTRO-OESTE;5050.60499999
2024-04-09 06:00:00;NORTE;SUDESTE/CENTRO-OESTE;6001.768
2024-04-09 07:00:00;NORTE;SUDESTE/CENTRO-OESTE;6330.494
2024-04-09 08:00:00;NORTE;SUDESTE/CENTRO-OESTE;6308.05
2024-04-09 09:00:00;NORTE;SUDESTE/CENTRO-OESTE;6147.253
2024-04-09 10:00:00;NORTE;SUDESTE/CENTRO-OESTE;6094.773
2024-04-09 11:00:00;NORTE;SUDESTE/CENTRO-OESTE;6921.561
2024-04-09 12:00:00;NORTE;SUDESTE/CENTRO-OESTE;7469.53499999
2024-04-09 13:00:00;NORTE;SUDESTE/CENTRO-OESTE;8766.055
2024-04-09 14:00:00;NORTE;SUDESTE/CENTRO-OESTE;8415.998
2024-04-09 15:00:00;NORTE;SUDESTE/CENTRO-OESTE;7507.888
2024-04-09 16:00:00;NORTE;SUDESTE/CENTRO-OESTE;7834.211
2024-04-09 17:00:00;NORTE;SUDESTE/CENTRO-OESTE;7738.74099999
2024-04-09 18:00:00;NORTE;SUDESTE/CENTRO-OESTE;8400.28199999
2024-04-09 19:00:00;NORTE;SUDESTE/CENTRO-OESTE;8424.47899999
2024-04-09 20:00:00;NORTE;SUDESTE/CENTRO-OESTE;8500.218
2024-04-09 21:00:00;NORTE;SUDESTE/CENTRO-OESTE;8231.084
2024-04-09 22:00:00;NORTE;SUDESTE/CENTRO-OESTE;8133.31699999
2024-04-09 23:00:00;NORTE;SUDESTE/CENTRO-OESTE;7854.333
2024-04-10 00:00:00;NORTE;SUDESTE/CENTRO-OESTE;7000.155
2024-04-10 01:00:00;NORTE;SUDESTE/CENTRO-OESTE;5180.702
2024-04-10 02:00:00;NORTE;SUDESTE/CENTRO-OESTE;4030.998
2024-04-10 03:00:00;NORTE;SUDESTE/CENTRO-OESTE;2240.51
2024-04-10 04:00:00;NORTE;SUDESTE/CENTRO-OESTE;973.532
2024-04-10 05:00:00;NORTE;SUDESTE/CENTRO-OESTE;571.407
2024-04-10 06:00:00;NORTE;SUDESTE/CENTRO-OESTE;831.117
2024-04-10 07:00:00;NORTE;SUDESTE/CENTRO-OESTE;793.019
2024-04-10 08:00:00;NORTE;SUDESTE/CENTRO-OESTE;742.649
2024-04-10 09:00:00;NORTE;SUDESTE/CENTRO-OESTE;933.126
2024-04-10 10:00:00;NORTE;SUDESTE/CENTRO-OESTE;1075.621
2024-04-10 11:00:00;NORTE;SUDESTE/CENTRO-OESTE;1231.807
2024-04-10 12:00:00;NORTE;SUDESTE/CENTRO-OESTE;1260.646
2024-04-10 13:00:00;NORTE;SUDESTE/CENTRO-OESTE;1044.967
2024-04-10 14:00:00;NORTE;SUDESTE/CENTRO-OESTE;2382.025
2024-04-10 15:00:00;NORTE;SUDESTE/CENTRO-OESTE;2353.52599999
2024-04-10 16:00:00;NORTE;SUDESTE/CENTRO-OESTE;2809.956
2024-04-10 17:00:00;NORTE;SUDESTE/CENTRO-OESTE;3949.201
2024-04-10 18:00:00;NORTE;SUDESTE/CENTRO-OESTE;6106.548
2024-04-10 19:00:00;NORTE;SUDESTE/CENTRO-OESTE;6571.451
2024-04-10 20:00:00;NORTE;SUDESTE/CENTRO-OESTE;6635.72
2024-04-10 21:00:00;NORTE;SUDESTE/CENTRO-OESTE;6464.032
2024-04-10 22:00:00;NORTE;SUDESTE/CENTRO-OESTE;5051.081
2024-04-10 23:00:00;NORTE;SUDESTE/CENTRO-OESTE;3875.852
2024-04-11 00:00:00;NORTE;SUDESTE/CENTRO-OESTE;2642.616
2024-04-11 01:00:00;NORTE;SUDESTE/CENTRO-OESTE;661.123
2024-04-11 02:00:00;NORTE;SUDESTE/CENTRO-OESTE;-351.507
2024-04-11 03:00:00;NORTE;SUDESTE/CENTRO-OESTE;-840.883
2024-04-11 04:00:00;NORTE;SUDESTE/CENTRO-OESTE;-930.105
2024-04-11 05:00:00;NORTE;SUDESTE/CENTRO-OESTE;-1037.69599999
2024-04-11 06:00:00;NORTE;SUDESTE/CENTRO-OESTE;-267.194
2024-04-11 07:00:00;NORTE;SUDESTE/CENTRO-OESTE;585.625
2024-04-11 08:00:00;NORTE;SUDESTE/CENTRO-OESTE;719.389
2024-04-11 09:00:00;NORTE;SUDESTE/CENTRO-OESTE;1017.65
2024-04-11 10:00:00;NORTE;SUDESTE/CENTRO-OESTE;1044.0
2024-04-11 11:00:00;NORTE;SUDESTE/CENTRO-OESTE;1033.22
2024-04-11 12:00:00;NORTE;SUDESTE/CENTRO-OESTE;1487.525
2024-04-11 13:00:00;NORTE;SUDESTE/CENTRO-OESTE;1895.491
2024-04-11 14:00:00;NORTE;SUDESTE/CENTRO-OESTE;3483.594
2024-04-11 15:00:00;NORTE;SUDESTE/CENTRO-OESTE;5768.919
2024-04-11 16:00:00;NORTE;SUDESTE/CENTRO-OESTE;7047.327
2024-04-11 17:00:00;NORTE;SUDESTE/CENTRO-OESTE;7165.187
2024-04-11 18:00:00;NORTE;SUDESTE/CENTRO-OESTE;8431.37699999
2024-04-11 19:00:00;NORTE;SUDESTE/CENTRO-OESTE;8806.348
2024-04-11 20:00:00;NORTE;SUDESTE/CENTRO-OESTE;7698.056
2024-04-11 21:00:00;NORTE;SUDESTE/CENTRO-OESTE;6972.86399999
2024-04-11 22:00:00;NORTE;SUDESTE/CENTRO-OESTE;5007.206
2024-04-11 23:00:00;NORTE;SUDESTE/CENTRO-OESTE;3289.291
2024-04-12 00:00:00;NORTE;SUDESTE/CENTRO-OESTE;2596.547
2024-04-12 01:00:00;NORTE;SUDESTE/CENTRO-OESTE;2617.353
2024-04-12 02:00:00;NORTE;SUDESTE/CENTRO-OESTE;2098.81599999
2024-04-12 03:00:00;NORTE;SUDESTE/CENTRO-OESTE;1650.358
2024-04-12 04:00:00;NORTE;SUDESTE/CENTRO-OESTE;1449.311
2024-04-12 05:00:00;NORTE;SUDESTE/CENTRO-OESTE;1272.69
2024-04-12 06:00:00;NORTE;SUDESTE/CENTRO-OESTE;1999.115
2024-04-12 07:00:00;NORTE;SUDESTE/CENTRO-OESTE;2299.668
2024-04-12 08:00:00;NORTE;SUDESTE/CENTRO-OESTE;3126.864
2024-04-12 09:00:00;NORTE;SUDESTE/CENTRO-OESTE;3730.318
2024-04-12 10:00:00;NORTE;SUDESTE/CENTRO-OESTE;4375.954
2024-04-12 11:00:00;NORTE;SUDESTE/CENTRO-OESTE;5640.112
2024-04-12 12:00:00;NORTE;SUDESTE/CENTRO-OESTE;6718.574
2024-04-12 13:00:00;NORTE;SUDESTE/CENTRO-OESTE;7337.216
2024-04-12 14:00:00;NORTE;SUDESTE/CENTRO-OESTE;8390.235
2024-04-12 15:00:00;NORTE;SUDESTE/CENTRO-OESTE;8347.275
2024-04-12 16:00:00;NORTE;SUDESTE/CENTRO-OESTE;8366.249
2024-04-12 17:00:00;NORTE;SUDESTE/CENTRO-OESTE;8410.17
2024-04-12 18:00:00;NORTE;SUDESTE/CENTRO-OESTE;9162.509
2024-04-12 19:00:00;NORTE;SUDESTE/CENTRO-OESTE;9064.627
2024-04-12 20:00:00;NORTE;SUDESTE/CENTRO-OESTE;7880.67299999
2024-04-12 21:00:00;NORTE;SUDESTE/CENTRO-OESTE;7022.549
2024-04-12 22:00:00;NORTE;SUDESTE/CENTRO-OESTE;5921.017
2024-04-12 23:00:00;NORTE;SUDESTE/CENTRO-OESTE;4338.384
2024-04-13 00:00:00;NORTE;SUDESTE/CENTRO-OESTE;2676.377
2024-04-13 01:00:00;NORTE;SUDESTE/CENTRO-OESTE;1669.531
2024-04-13 02:00:00;NORTE;SUDESTE/CENTRO-OESTE;1838.652
2024-04-13 03:00:00;NORTE;SUDESTE/CENTRO-OESTE;2125.481
2024-04-13 04:00:00;NORTE;SUDESTE/CENTRO-OESTE;2169.588
2024-04-13 05:00:00;NORTE;SUDESTE/CENTRO-OESTE;2330.26
2024-04-13 06:00:00;NORTE;SUDESTE/CENTRO-OESTE;3063.649
2024-04-13 07:00:00;NORTE;SUDESTE/CENTRO-OESTE;4386.736
2024-04-13 08:00:00;NORTE;SUDESTE/CENTRO-OESTE;4788.701
2024-04-13 09:00:00;NORTE;SUDESTE/CENTRO-OESTE;5050.001
2024-04-13 10:00:00;NORTE;SUDESTE/CENTRO-OESTE;4750.712
2024-04-13 11:00:00;NORTE;SUDESTE/CENTRO-OESTE;4683.125
2024-04-13 12:00:00;NORTE;SUDESTE/CENTRO-OESTE;4403.697
2024-04-13 13:00:00;NORTE;SUDESTE/CENTRO-OESTE;4552.578
2024-04-13 14:00:00;NORTE;SUDESTE/CENTRO-OESTE;5474.303
2024-04-13 15:00:00;NORTE;SUDESTE/CENTRO-OESTE;6697.318
2024-04-13 16:00:00;NORTE;SUDESTE/CENTRO-OESTE;7192.456
2024-04-13 17:00:00;NORTE;SUDESTE/CENTRO-OESTE;7152.92
2024-04-13 18:00:00;NORTE;SUDESTE/CENTRO-OESTE;7767.8
2024-04-13 19:00:00;NORTE;SUDESTE/CENTRO-OESTE;8464.074
2024-04-13 20:00:00;NORTE;SUDESTE/CENTRO-OESTE;7931.20099999
2024-04-13 21:00:00;NORTE;SUDESTE/CENTRO-OESTE;7040.853
2024-04-13 22:00:00;NORTE;SUDESTE/CENTRO-OESTE;5806.79699999
2024-04-13 23:00:00;NORTE;SUDESTE/CENTRO-OESTE;4810.039
2024-04-14 00:00:00;NORTE;SUDESTE/CENTRO-OESTE;2987.271
2024-04-14 01:00:00;NORTE;SUDESTE/CENTRO-OESTE;2469.617
2024-04-14 02:00:00;NORTE;SUDESTE/CENTRO-OESTE;2538.831
2024-04-14 03:00:00;NORTE;SUDESTE/CENTRO-OESTE;2444.475
2024-04-14 04:00:00;NORTE;SUDESTE/CENTRO-OESTE;2340.574
2024-04-14 05:00:00;NORTE;SUDESTE/CENTRO-OESTE;2381.235
2024-04-14 06:00:00;NORTE;SUDESTE/CENTRO-OESTE;3302.676
2024-04-14 07:00:00;NORTE;SUDESTE/CENTRO-OESTE;4323.47999999
2024-04-14 08:00:00;NORTE;SUDESTE/CENTRO-OESTE;4703.178
2024-04-14 09:00:00;NORTE;SUDESTE/CENTRO-OESTE;4681.444
2024-04-14 10:00:00;NORTE;SUDESTE/CENTRO-OESTE;4583.428
2024-04-14 11:00:00;NORTE;SUDESTE/CENTRO-OESTE;4586.087
2024-04-14 12:00:00;NORTE;SUDESTE/CENTRO-OESTE;4332.629
2024-04-14 13:00:00;NORTE;SUDESTE/CENTRO-OESTE;4197.174
2024-04-14 14:00:00;NORTE;SUDESTE/CENTRO-OESTE;3944.512
2024-04-14 15:00:00;NORTE;SUDESTE/CENTRO-OESTE;3775.64
2024-04-14 16:00:00;NORTE;SUDESTE/CENTRO-OESTE;4141.41799999
2024-04-14 17:00:00;NORTE;SUDESTE/CENTRO-OESTE;5586.615
2024-04-14 18:00:00;NORTE;SUDESTE/CENTRO-OESTE;5964.129
2024-04-14 19:00:00;NORTE;SUDESTE/CENTRO-OESTE;6319.868
2024-04-14 20:00:00;NORTE;SUDESTE/CENTRO-OESTE;6485.215
2024-04-14 21:00:00;NORTE;SUDESTE/CENTRO-OESTE;6137.137
2024-04-14 22:00:00;NORTE;SUDESTE/CENTRO-OESTE;4304.24399999
2024-04-14 23:00:00;NORTE;SUDESTE/CENTRO-OESTE;3105.651
2024-04-15 00:00:00;NORTE;SUDESTE/CENTRO-OESTE;2820.462
2024-04-15 01:00:00;NORTE;SUDESTE/CENTRO-OESTE;4406.51
2024-04-15 02:00:00;NORTE;SUDESTE/CENTRO-OESTE;6686.453
2024-04-15 03:00:00;NORTE;SUDESTE/CENTRO-OESTE;7309.278
2024-04-15 04:00:00;NORTE;SUDESTE/CENTRO-OESTE;7570.953
2024-04-15 05:00:00;NORTE;SUDESTE/CENTRO-OESTE;7696.17699999
2024-04-15 06:00:00;NORTE;SUDESTE/CENTRO-OESTE;7056.462
2024-04-15 07:00:00;NORTE;SUDESTE/CENTRO-OESTE;6966.631
2024-04-15 08:00:00;NORTE;SUDESTE/CENTRO-OESTE;7106.565
2024-04-15 09:00:00;NORTE;SUDESTE/CENTRO-OESTE;7566.92
2024-04-15 10:00:00;NORTE;SUDESTE/CENTRO-OESTE;8159.739
2024-04-15 11:00:00;NORTE;SUDESTE/CENTRO-OESTE;8646.96999999
2024-04-15 12:00:00;NORTE;SUDESTE/CENTRO-OESTE;8414.155
2024-04-15 13:00:00;NORTE;SUDESTE/CENTRO-OESTE;8918.643
2024-04-15 14:00:00;NORTE;SUDESTE/CENTRO-OESTE;9500.33
2024-04-15 15:00:00;NORTE;SUDESTE/CENTRO-OESTE;9232.60099999
2024-04-15 16:00:00;NORTE;SUDESTE/CENTRO-OESTE;8938.51399999
2024-04-15 17:00:00;NORTE;SUDESTE/CENTRO-OESTE;8738.19
2024-04-15 18:00:00;NORTE;SUDESTE/CENTRO-OESTE;9473.61
2024-04-15 19:00:00;NORTE;SUDESTE/CENTRO-OESTE;9355.94099999
2024-04-15 20:00:00;NORTE;SUDESTE/CENTRO-OESTE;9105.04999999
2024-04-15 21:00:00;NORTE;SUDESTE/CENTRO-OESTE;9130.12199999
2024-04-15 22:00:00;NORTE;SUDESTE/CENTRO-OESTE;8855.10099999
2024-04-15 23:00:00;NORTE;SUDESTE/CENTRO-OESTE;8493.97699999
2024-04-16 00:00:00;NORTE;SUDESTE/CENTRO-OESTE;8391.50099999
2024-04-16 01:00:00;NORTE;SUDESTE/CENTRO-OESTE;8583.641
2024-04-16 02:00:00;NORTE;SUDESTE/CENTRO-OESTE;8485.27
2024-04-16 03:00:00;NORTE;SUDESTE/CENTRO-OESTE;8416.352
2024-04-16 04:00:00;NORTE;SUDESTE/CENTRO-OESTE;8345.68099999
2024-04-16 05:00:00;NORTE;SUDESTE/CENTRO-OESTE;8136.907
2024-04-16 06:00:00;NORTE;SUDESTE/CENTRO-OESTE;7859.262
2024-04-16 07:00:00;NORTE;SUDESTE/CENTRO-OESTE;8078.642
2024-04-16 08:00:00;NORTE;SUDESTE/CENTRO-OESTE;7546.626
2024-04-16 09:00:00;NORTE;SUDESTE/CENTRO-OESTE;7802.475
2024-04-16 10:00:00;NORTE;SUDESTE/CENTRO-OESTE;8232.94
2024-04-16 11:00:00;NORTE;SUDESTE/CENTRO-OESTE;8326.061
2024-04-16 12:00:00;NORTE;SUDESTE/CENTRO-OESTE;8500.373
2024-04-16 13:00:00;NORTE;SUDESTE/CENTRO-OESTE;8739.11
2024-04-16 14:00:00;NORTE;SUDESTE/CENTRO-OESTE;9223.62899999
2024-04-16 15:00:00;NORTE;SUDESTE/CENTRO-OESTE;9420.908
2024-04-16 16:00:00;NORTE;SUDESTE/CENTRO-OESTE;9001.502
2024-04-16 17:00:00;NORTE;SUDESTE/CENTRO-OESTE;9023.72899999
2024-04-16 18:00:00;NORTE;SUDESTE/CENTRO-OESTE;9455.64799999
2024-04-16 19:00:00;NORTE;SUDESTE/CENTRO-OESTE;9237.04
2024-04-16 20:00:00;NORTE;SUDESTE/CENTRO-OESTE;8929.474
2024-04-16 21:00:00;NORTE;SUDESTE/CENTRO-OESTE;8822.275
2024-04-16 22:00:00;NORTE;SUDESTE/CENTRO-OESTE;8790.632
2024-04-16 23:00:00;NORTE;SUDESTE/CENTRO-OESTE;8154.276
2024-04-17 00:00:00;NORTE;SUDESTE/CENTRO-OESTE;6716.338
2024-04-17 01:00:00;NORTE;SUDESTE/CENTRO-OESTE;6325.159
2024-04-17 02:00:00;NORTE;SUDESTE/CENTRO-OESTE;6261.215
2024-04-17 03:00:00;NORTE;SUDESTE/CENTRO-OESTE;6552.032
2024-04-17 04:00:00;NORTE;SUDESTE/CENTRO-OESTE;6643.389
2024-04-17 05:00:00;NORTE;SUDESTE/CENTRO-OESTE;6901.978
2024-04-17 06:00:00;NORTE;SUDESTE/CENTRO-OESTE;7000.768
2024-04-17 07:00:00;NORTE;SUDESTE/CENTRO-OESTE;6370.523
2024-04-17 08:00:00;NORTE;SUDESTE/CENTRO-OESTE;6320.203
2024-04-17 09:00:00;NORTE;SUDESTE/CENTRO-OESTE;6175.276
2024-04-17 10:00:00;NORTE;SUDESTE/CENTRO-OESTE;6085.742
2024-04-17 11:00:00;NORTE;SUDESTE/CENTRO-OESTE;6708.402
2024-04-17 12:00:00;NORTE;SUDESTE/CENTRO-OESTE;7245.867
2024-04-17 13:00:00;NORTE;SUDESTE/CENTRO-OESTE;7352.574
2024-04-17 14:00:00;NORTE;SUDESTE/CENTRO-OESTE;7548.199
2024-04-17 15:00:00;NORTE;SUDESTE/CENTRO-OESTE;7442.29299999
2024-04-17 16:00:00;NORTE;SUDESTE/CENTRO-OESTE;7571.544
2024-04-17 17:00:00;NORTE;SUDESTE/CENTRO-OESTE;7780.605
2024-04-17 18:00:00;NORTE;SUDESTE/CENTRO-OESTE;9005.44299999
2024-04-17 19:00:00;NORTE;SUDESTE/CENTRO-OESTE;8814.939
2024-04-17 20:00:00;NORTE;SUDESTE/CENTRO-OESTE;7944.012
2024-04-17 21:00:00;NORTE;SUDESTE/CENTRO-OESTE;7559.798
2024-04-17 22:00:00;NORTE;SUDESTE/CENTRO-OESTE;6709.401
2024-04-17 23:00:00;NORTE;SUDESTE/CENTRO-OESTE;6120.783
2024-04-18 00:00:00;NORTE;SUDESTE/CENTRO-OESTE;6069.636
2024-04-18 01:00:00;NORTE;SUDESTE/CENTRO-OESTE;6025.24799999
2024-04-18 02:00:00;NORTE;SUDESTE/CENTRO-OESTE;6030.685
2024-04-18 03:00:00;NORTE;SUDESTE/CENTRO-OESTE;5945.963
2024-04-18 04:00:00;NORTE;SUDESTE/CENTRO-OESTE;5937.549
2024-04-18 05:00:00;NORTE;SUDESTE/CENTRO-OESTE;6294.859
2024-04-18 06:00:00;NORTE;SUDESTE/CENTRO-OESTE;6854.97999999
2024-04-18 07:00:00;NORTE;SUDESTE/CENTRO-OESTE;6730.165
2024-04-18 08:00:00;NORTE;SUDESTE/CENTRO-OESTE;6657.709
2024-04-18 09:00:00;NORTE;SUDESTE/CENTRO-OESTE;6203.695
2024-04-18 10:00:00;NORTE;SUDESTE/CENTRO-OESTE;5586.219
2024-04-18 11:00:00;NORTE;SUDESTE/CENTRO-OESTE;5717.424
2024-04-18 12:00:00;NORTE;SUDESTE/CENTRO-OESTE;5802.551
2024-04-18 13:00:00;NORTE;SUDESTE/CENTRO-OESTE;6289.276
2024-04-18 14:00:00;NORTE;SUDESTE/CENTRO-OESTE;7231.029
2024-04-18 15:00:00;NORTE;SUDESTE/CENTRO-OESTE;7325.548
2024-04-18 16:00:00;NORTE;SUDESTE/CENTRO-OESTE;6901.078
2024-04-18 17:00:00;NORTE;SUDESTE/CENTRO-OESTE;6441.408
2024-04-18 18:00:00;NORTE;SUDESTE/CENTRO-OESTE;7253.398
2024-04-18 19:00:00;NORTE;SUDESTE/CENTRO-OESTE;6275.762
2024-04-18 20:00:00;NORTE;SUDESTE/CENTRO-OESTE;5299.644
2024-04-18 21:00:00;NORTE;SUDESTE/CENTRO-OESTE;5158.742
2024-04-18 22:00:00;NORTE;SUDESTE/CENTRO-OESTE;4828.425
2024-04-18 23:00:00;NORTE;SUDESTE/CENTRO-OESTE;4684.52
2024-04-19 00:00:00;NORTE;SUDESTE/CENTRO-OESTE;5204.84199999
2024-04-19 01:00:00;NORTE;SUDESTE/CENTRO-OESTE;5239.361
2024-04-19 02:00:00;NORTE;SUDESTE/CENTRO-OESTE;5504.002
2024-04-19 03:00:00;NORTE;SUDESTE/CENTRO-OESTE;5584.023
2024-04-19 04:00:00;NORTE;SUDESTE/CENTRO-OESTE;5750.499
2024-04-19 05:00:00;NORTE;SUDESTE/CENTRO-OESTE;6668.082
2024-04-19 06:00:00;NORTE;SUDESTE/CENTRO-OESTE;7676.667
2024-04-19 07:00:00;NORTE;SUDESTE/CENTRO-OESTE;7584.787
2024-04-19 08:00:00;NORTE;SUDESTE/CENTRO-OESTE;6775.66
2024-04-19 09:00:00;NORTE;SUDESTE/CENTRO-OESTE;5784.199
2024-04-19 10:00:00;NORTE;SUDESTE/CENTRO-OESTE;5598.979
2024-04-19 11:00:00;NORTE;SUDESTE/CENTRO-OESTE;5429.048
2024-04-19 12:00:00;NORTE;SUDESTE/CENTRO-OESTE;4854.977
2024-04-19 13:00:00;NORTE;SUDESTE/CENTRO-OESTE;5478.046
2024-04-19 14:00:00;NORTE;SUDESTE/CENTRO-OESTE;5936.237
2024-04-19 15:00:00;NORTE;SUDESTE/CENTRO-OESTE;5887.827
2024-04-19 16:00:00;NORTE;SUDESTE/CENTRO-OESTE;6635.467
2024-04-19 17:00:00;NORTE;SUDESTE/CENTRO-OESTE;7093.525
2024-04-19 18:00:00;NORTE;SUDESTE/CENTRO-OESTE;8202.708
2024-04-19 19:00:00;NORTE;SUDESTE/CENTRO-OESTE;8617.36099999
2024-04-19 20:00:00;NORTE;SUDESTE/CENTRO-OESTE;8396.59399999
2024-04-19 21:00:00;NORTE;SUDESTE/CENTRO-OESTE;8283.68099999
2024-04-19 22:00:00;NORTE;SUDESTE/CENTRO-OESTE;7983.942
2024-04-19 23:00:00;NORTE;SUDESTE/CENTRO-OESTE;7643.86499999
2024-04-20 00:00:00;NORTE;SUDESTE/CENTRO-OESTE;6183.711
2024-04-20 01:00:00;NORTE;SUDESTE/CENTRO-OESTE;5748.119
2024-04-20 02:00:00;NORTE;SUDESTE/CENTRO-OESTE;5752.869
2024-04-20 03:00:00;NORTE;SUDESTE/CENTRO-OESTE;5853.576
2024-04-20 04:00:00;NORTE;SUDESTE/CENTRO-OESTE;5936.921
2024-04-20 05:00:00;NORTE;SUDESTE/CENTRO-OESTE;5915.764
2024-04-20 06:00:00;NORTE;SUDESTE/CENTRO-OESTE;6528.441
2024-04-20 07:00:00;NORTE;SUDESTE/CENTRO-OESTE;5623.017
2024-04-20 08:00:00;NORTE;SUDESTE/CENTRO-OESTE;3878.679
2024-04-20 09:00:00;NORTE;SUDESTE/CENTRO-OESTE;3619.226
2024-04-20 10:00:00;NORTE;SUDESTE/CENTRO-OESTE;3392.737
2024-04-20 11:00:00;NORTE;SUDESTE/CENTRO-OESTE;3117.727
2024-04-20 12:00:00;NORTE;SUDESTE/CENTRO-OESTE;3066.104
2024-04-20 13:00:00;NORTE;SUDESTE/CENTRO-OESTE;3217.166
2024-04-20 14:00:00;NORTE;SUDESTE/CENTRO-OESTE;3224.671
2024-04-20 15:00:00;NORTE;SUDESTE/CENTRO-OESTE;4354.59199999
2024-04-20 16:00:00;NORTE;SUDESTE/CENTRO-OESTE;5688.937
2024-04-20 17:00:00;NORTE;SUDESTE/CENTRO-OESTE;6253.354
2024-04-20 18:00:00;NORTE;SUDESTE/CENTRO-OESTE;7146.354
2024-04-20 19:00:00;NORTE;SUDESTE/CENTRO-OESTE;6381.203
2024-04-20 20:00:00;NORTE;SUDESTE/CENTRO-OESTE;6212.987
2024-04-20 21:00:00;NORTE;SUDESTE/CENTRO-OESTE;6312.063
2024-04-20 22:00:00;NORTE;SUDESTE/CENTRO-OESTE;6035.369
2024-04-20 23:00:00;NORTE;SUDESTE/CENTRO-OESTE;5056.336
2024-04-21 00:00:00;NORTE;SUDESTE/CENTRO-OESTE;4431.071
2024-04-21 01:00:00;NORTE;SUDESTE/CENTRO-OESTE;4425.93099999
2024-04-21 02:00:00;NORTE;SUDESTE/CENTRO-OESTE;3956.152
2024-04-21 03:00:00;NORTE;SUDESTE/CENTRO-OESTE;3503.575
2024-04-21 04:00:00;NORTE;SUDESTE/CENTRO-OESTE;3298.121
2024-04-21 05:00:00;NORTE;SUDESTE/CENTRO-OESTE;3291.568
2024-04-21 06:00:00;NORTE;SUDESTE/CENTRO-OESTE;3277.674
2024-04-21 07:00:00;NORTE;SUDESTE/CENTRO-OESTE;3220.533
2024-04-21 08:00:00;NORTE;SUDESTE/CENTRO-OESTE;2702.139
2024-04-21 09:00:00;NORTE;SUDESTE/CENTRO-OESTE;1978.59
2024-04-21 10:00:00;NORTE;SUDESTE/CENTRO-OESTE;1792.406
2024-04-21 11:00:00;NORTE;SUDESTE/CENTRO-OESTE;1727.428
2024-04-21 12:00:00;NORTE;SUDESTE/CENTRO-OESTE;1695.373
2024-04-21 13:00:00;NORTE;SUDESTE/CENTRO-OESTE;1594.564
2024-04-21 14:00:00;NORTE;SUDESTE/CENTRO-OESTE;1971.02
2024-04-21 15:00:00;NORTE;SUDESTE/CENTRO-OESTE;2880.547
2024-04-21 16:00:00;NORTE;SUDESTE/CENTRO-OESTE;4422.202
2024-04-21 17:00:00;NORTE;SUDESTE/CENTRO-OESTE;7179.642
2024-04-21 18:00:00;NORTE;SUDESTE/CENTRO-OESTE;9167.08499999
2024-04-21 19:00:00;NORTE;SUDESTE/CENTRO-OESTE;9619.538
2024-04-21 20:00:00;NORTE;SUDESTE/CENTRO-OESTE;9397.506
2024-04-21 21:00:00;NORTE;SUDESTE/CENTRO-OESTE;9130.937
2024-04-21 22:00:00;NORTE;SUDESTE/CENTRO-OESTE;8278.803
2024-04-21 23:00:00;NORTE;SUDESTE/CENTRO-OESTE;7305.955
2024-04-22 00:00:00;NORTE;SUDESTE/CENTRO-OESTE;7046.009
2024-04-22 01:00:00;NORTE;SUDESTE/CENTRO-OESTE;7094.543
2024-04-22 02:00:00;NORTE;SUDESTE/CENTRO-OESTE;7159.851
2024-04-22 03:00:00;NORTE;SUDESTE/CENTRO-OESTE;6628.785
2024-04-22 04:00:00;NORTE;SUDESTE/CENTRO-OESTE;7031.09599999
2024-04-22 05:00:00;NORTE;SUDESTE/CENTRO-OESTE;7418.236
2024-04-22 06:00:00;NORTE;SUDESTE/CENTRO-OESTE;8071.639
2024-04-22 07:00:00;NORTE;SUDESTE/CENTRO-OESTE;7609.966
2024-04-22 08:00:00;NORTE;SUDESTE/CENTRO-OESTE;7859.603
2024-04-22 09:00:00;NORTE;SUDESTE/CENTRO-OESTE;7886.766
2024-04-22 10:00:00;NORTE;SUDESTE/CENTRO-OESTE;8174.06099999
2024-04-22 11:00:00;NORTE;SUDESTE/CENTRO-OESTE;8085.58899999
2024-04-22 12:00:00;NORTE;SUDESTE/CENTRO-OESTE;7980.992
2024-04-22 13:00:00;NORTE;SUDESTE/CENTRO-OESTE;8407.43399999
2024-04-22 14:00:00;NORTE;SUDESTE/CENTRO-OESTE;8803.277
2024-04-22 15:00:00;NORTE;SUDESTE/CENTRO-OESTE;9134.664
2024-04-22 16:00:00;NORTE;SUDESTE/CENTRO-OESTE;9208.602
2024-04-22 17:00:00;NORTE;SUDESTE/CENTRO-OESTE;9537.32499999
2024-04-22 18:00:00;NORTE;SUDESTE/CENTRO-OESTE;9948.704
2024-04-22 19:00:00;NORTE;SUDESTE/CENTRO-OESTE;9824.418
2024-04-22 20:00:00;NORTE;SUDESTE/CENTRO-OESTE;9746.091
2024-04-22 21:00:00;NORTE;SUDESTE/CENTRO-OESTE;9602.355
2024-04-22 22:00:00;NORTE;SUDESTE/CENTRO-OESTE;9581.99599999
2024-04-22 23:00:00;NORTE;SUDESTE/CENTRO-OESTE;9515.01
2024-04-23 00:00:00;NORTE;SUDESTE/CENTRO-OESTE;9174.24699999
2024-04-23 01:00:00;NORTE;SUDESTE/CENTRO-OESTE;8990.715
2024-04-23 02:00:00;NORTE;SUDESTE/CENTRO-OESTE;8963.72899999
2024-04-23 03:00:00;NORTE;SUDESTE/CENTRO-OESTE;8929.873
2024-04-23 04:00:00;NORTE;SUDESTE/CENTRO-OESTE;8711.494
2024-04-23 05:00:00;NORTE;SUDESTE/CENTRO-OESTE;8772.84
2024-04-23 06:00:00;NORTE;SUDESTE/CENTRO-OESTE;9157.198
2024-04-23 07:00:00;NORTE;SUDESTE/CENTRO-OESTE;9148.994
2024-04-23 08:00:00;NORTE;SUDESTE/CENTRO-OESTE;8520.06
2024-04-23 09:00:00;NORTE;SUDESTE/CENTRO-OESTE;7796.45
2024-04-23 10:00:00;NORTE;SUDESTE/CENTRO-OESTE;8005.108
2024-04-23 11:00:00;NORTE;SUDESTE/CENTRO-OESTE;8090.528
2024-04-23 12:00:00;NORTE;SUDESTE/CENTRO-OESTE;7779.92
2024-04-23 13:00:00;NORTE;SUDESTE/CENTRO-OESTE;7551.166
2024-04-23 14:00:00;NORTE;SUDESTE/CENTRO-OESTE;8321.198
2024-04-23 15:00:00;NORTE;SUDESTE/CENTRO-OESTE;8458.343
2024-04-23 16:00:00;NORTE;SUDESTE/CENTRO-OESTE;7883.55
2024-04-23 17:00:00;NORTE;SUDESTE/CENTRO-OESTE;8219.206
2024-04-23 18:00:00;NORTE;SUDESTE/CENTRO-OESTE;9225.132
2024-04-23 19:00:00;NORTE;SUDESTE/CENTRO-OESTE;9814.38499999
2024-04-23 20:00:00;NORTE;SUDESTE/CENTRO-OESTE;9681.399
2024-04-23 21:00:00;NORTE;SUDESTE/CENTRO-OESTE;9461.772
2024-04-23 22:00:00;NORTE;SUDESTE/CENTRO-OESTE;9350.105
2024-04-23 23:00:00;NORTE;SUDESTE/CENTRO-OESTE;9613.79699999
2024-04-24 00:00:00;NORTE;SUDESTE/CENTRO-OESTE;9461.531
2024-04-24 01:00:00;NORTE;SUDESTE/CENTRO-OESTE;9185.919
2024-04-24 02:00:00;NORTE;SUDESTE/CENTRO-OESTE;9050.339
2024-04-24 03:00:00;NORTE;SUDESTE/CENTRO-OESTE;8989.151
2024-04-24 04:00:00;NORTE;SUDESTE/CENTRO-OESTE;9018.33299999
2024-04-24 05:00:00;NORTE;SUDESTE/CENTRO-OESTE;9254.688
2024-04-24 06:00:00;NORTE;SUDESTE/CENTRO-OESTE;9214.119
2024-04-24 07:00:00;NORTE;SUDESTE/CENTRO-OESTE;9279.707
2024-04-24 08:00:00;NORTE;SUDESTE/CENTRO-OESTE;9010.298
2024-04-24 09:00:00;NORTE;SUDESTE/CENTRO-OESTE;8620.151
2024-04-24 10:00:00;NORTE;SUDESTE/CENTRO-OESTE;8735.95
2024-04-24 11:00:00;NORTE;SUDESTE/CENTRO-OESTE;9000.734
2024-04-24 12:00:00;NORTE;SUDESTE/CENTRO-OESTE;8716.636
2024-04-24 13:00:00;NORTE;SUDESTE/CENTRO-OESTE;9500.535
2024-04-24 14:00:00;NORTE;SUDESTE/CENTRO-OESTE;9641.11299999
2024-04-24 15:00:00;NORTE;SUDESTE/CENTRO-OESTE;9362.05699999
2024-04-24 16:00:00;NORTE;SUDESTE/CENTRO-OESTE;8807.558
2024-04-24 17:00:00;NORTE;SUDESTE/CENTRO-OESTE;9084.866
2024-04-24 18:00:00;NORTE;SUDESTE/CENTRO-OESTE;9669.806
2024-04-24 19:00:00;NORTE;SUDESTE/CENTRO-OESTE;10085.504
2024-04-24 20:00:00;NORTE;SUDESTE/CENTRO-OESTE;9906.87999999
2024-04-24 21:00:00;NORTE;SUDESTE/CENTRO-OESTE;9681.359
2024-04-24 22:00:00;NORTE;SUDESTE/CENTRO-OESTE;9735.03
2024-04-24 23:00:00;NORTE;SUDESTE/CENTRO-OESTE;9830.516
2024-04-25 00:00:00;NORTE;SUDESTE/CENTRO-OESTE;9719.99
2024-04-25 01:00:00;NORTE;SUDESTE/CENTRO-OESTE;9704.278
2024-04-25 02:00:00;NORTE;SUDESTE/CENTRO-OESTE;9595.632
2024-04-25 03:00:00;NORTE;SUDESTE/CENTRO-OESTE;9681.09299999
2024-04-25 04:00:00;NORTE;SUDESTE/CENTRO-OESTE;9627.32599999
2024-04-25 05:00:00;NORTE;SUDESTE/CENTRO-OESTE;9798.342
2024-04-25 06:00:00;NORTE;SUDESTE/CENTRO-OESTE;9770.801
2024-04-25 07:00:00;NORTE;SUDESTE/CENTRO-OESTE;9527.459
2024-04-25 08:00:00;NORTE;SUDESTE/CENTRO-OESTE;9012.316
2024-04-25 09:00:00;NORTE;SUDESTE/CENTRO-OESTE;8793.379
2024-04-25 10:00:00;NORTE;SUDESTE/CENTRO-OESTE;8505.061
2024-04-25 11:00:00;NORTE;SUDESTE/CENTRO-OESTE;8391.77
2024-04-25 12:00:00;NORTE;SUDESTE/CENTRO-OESTE;7519.234
2024-04-25 13:00:00;NORTE;SUDESTE/CENTRO-OESTE;8291.428
2024-04-25 14:00:00;NORTE;SUDESTE/CENTRO-OESTE;9593.512
2024-04-25 15:00:00;NORTE;SUDESTE/CENTRO-OESTE;9502.878
2024-04-25 16:00:00;NORTE;SUDESTE/CENTRO-OESTE;9117.18399999
2024-04-25 17:00:00;NORTE;SUDESTE/CENTRO-OESTE;9097.33299999
2024-04-25 18:00:00;NORTE;SUDESTE/CENTRO-OESTE;9731.16499999
2024-04-25 19:00:00;NORTE;SUDESTE/CENTRO-OESTE;9601.24699999
2024-04-25 20:00:00;NORTE;SUDESTE/CENTRO-OESTE;9382.6
2024-04-25 21:00:00;NORTE;SUDESTE/CENTRO-OESTE;9338.948
2024-04-25 22:00:00;NORTE;SUDESTE/CENTRO-OESTE;9402.36899999
2024-04-25 23:00:00;NORTE;SUDESTE/CENTRO-OESTE;9186.31299999
2024-04-26 00:00:00;NORTE;SUDESTE/CENTRO-OESTE;9024.986
2024-04-26 01:00:00;NORTE;SUDESTE/CENTRO-OESTE;9148.658
2024-04-26 02:00:00;NORTE;SUDESTE/CENTRO-OESTE;8964.221
2024-04-26 03:00:00;NORTE;SUDESTE/CENTRO-OESTE;8894.569
2024-04-26 04:00:00;NORTE;SUDESTE/CENTRO-OESTE;8824.26099999
2024-04-26 05:00:00;NORTE;SUDESTE/CENTRO-OESTE;9336.37
2024-04-26 06:00:00;NORTE;SUDESTE/CENTRO-OESTE;9467.644
2024-04-26 07:00:00;NORTE;SUDESTE/CENTRO-OESTE;9122.47699999
2024-04-26 08:00:00;NORTE;SUDESTE/CENTRO-OESTE;8492.547
2024-04-26 09:00:00;NORTE;SUDESTE/CENTRO-OESTE;8024.92
2024-04-26 10:00:00;NORTE;SUDESTE/CENTRO-OESTE;7609.088
2024-04-26 11:00:00;NORTE;SUDESTE/CENTRO-OESTE;7030.325
2024-04-26 12:00:00;NORTE;SUDESTE/CENTRO-OESTE;6654.098
2024-04-26 13:00:00;NORTE;SUDESTE/CENTRO-OESTE;8927.685
2024-04-26 14:00:00;NORTE;SUDESTE/CENTRO-OESTE;9674.96999999
2024-04-26 15:00:00;NORTE;SUDESTE/CENTRO-OESTE;9650.605
2024-04-26 16:00:00;NORTE;SUDESTE/CENTRO-OESTE;9656.64499999
2024-04-26 17:00:00;NORTE;SUDESTE/CENTRO-OESTE;9676.483
2024-04-26 18:00:00;NORTE;SUDESTE/CENTRO-OESTE;9708.931
2024-04-26 19:00:00;NORTE;SUDESTE/CENTRO-OESTE;9649.031
2024-04-26 20:00:00;NORTE;SUDESTE/CENTRO-OESTE;9358.252
2024-04-26 21:00:00;NORTE;SUDESTE/CENTRO-OESTE;9293.796
2024-04-26 22:00:00;NORTE;SUDESTE/CENTRO-OESTE;9356.76399999
2024-04-26 23:00:00;NORTE;SUDESTE/CENTRO-OESTE;9225.879
2024-04-27 00:00:00;NORTE;SUDESTE/CENTRO-OESTE;9426.52299999
2024-04-27 01:00:00;NORTE;SUDESTE/CENTRO-OESTE;8997.432
2024-04-27 02:00:00;NORTE;SUDESTE/CENTRO-OESTE;8872.584
2024-04-27 03:00:00;NORTE;SUDESTE/CENTRO-OESTE;8734.79099999
2024-04-27 04:00:00;NORTE;SUDESTE/CENTRO-OESTE;8547.098
2024-04-27 05:00:00;NORTE;SUDESTE/CENTRO-OESTE;8488.70099999
2024-04-27 06:00:00;NORTE;SUDESTE/CENTRO-OESTE;7391.65499999
2024-04-27 07:00:00;NORTE;SUDESTE/CENTRO-OESTE;6680.227
2024-04-27 08:00:00;NORTE;SUDESTE/CENTRO-OESTE;6172.045
2024-04-27 09:00:00;NORTE;SUDESTE/CENTRO-OESTE;5598.539
2024-04-27 10:00:00;NORTE;SUDESTE/CENTRO-OESTE;5208.617
2024-04-27 11:00:00;NORTE;SUDESTE/CENTRO-OESTE;4935.363
2024-04-27 12:00:00;NORTE;SUDESTE/CENTRO-OESTE;5066.546
2024-04-27 13:00:00;NORTE;SUDESTE/CENTRO-OESTE;5028.131
2024-04-27 14:00:00;NORTE;SUDESTE/CENTRO-OESTE;5835.432
2024-04-27 15:00:00;NORTE;SUDESTE/CENTRO-OESTE;6827.385
2024-04-27 16:00:00;NORTE;SUDESTE/CENTRO-OESTE;7745.308
2024-04-27 17:00:00;NORTE;SUDESTE/CENTRO-OESTE;8740.811
2024-04-27 18:00:00;NORTE;SUDESTE/CENTRO-OESTE;9769.241
2024-04-27 19:00:00;NORTE;SUDESTE/CENTRO-OESTE;9696.67299999
2024-04-27 20:00:00;NORTE;SUDESTE/CENTRO-OESTE;9475.29699999
2024-04-27 21:00:00;NORTE;SUDESTE/CENTRO-OESTE;8653.31299999
2024-04-27 22:00:00;NORTE;SUDESTE/CENTRO-OESTE;7777.754
2024-04-27 23:00:00;NORTE;SUDESTE/CENTRO-OESTE;7509.432
2024-04-28 00:00:00;NORTE;SUDESTE/CENTRO-OESTE;7152.823
2024-04-28 01:00:00;NORTE;SUDESTE/CENTRO-OESTE;6782.503
2024-04-28 02:00:00;NORTE;SUDESTE/CENTRO-OESTE;6638.403
2024-04-28 03:00:00;NORTE;SUDESTE/CENTRO-OESTE;5613.854
2024-04-28 04:00:00;NORTE;SUDESTE/CENTRO-OESTE;5288.8
2024-04-28 05:00:00;NORTE;SUDESTE/CENTRO-OESTE;5172.423
2024-04-28 06:00:00;NORTE;SUDESTE/CENTRO-OESTE;4974.817
2024-04-28 07:00:00;NORTE;SUDESTE/CENTRO-OESTE;4820.805
2024-04-28 08:00:00;NORTE;SUDESTE/CENTRO-OESTE;4287.593
2024-04-28 09:00:00;NORTE;SUDESTE/CENTRO-OESTE;4175.701
2024-04-28 10:00:00;NORTE;SUDESTE/CENTRO-OESTE;4204.893
2024-04-28 11:00:00;NORTE;SUDESTE/CENTRO-OESTE;4302.029
2024-04-28 12:00:00;NORTE;SUDESTE/CENTRO-OESTE;4205.252
2024-04-28 13:00:00;NORTE;SUDESTE/CENTRO-OESTE;4463.689
2024-04-28 14:00:00;NORTE;SUDESTE/CENTRO-OESTE;4750.005
2024-04-28 15:00:00;NORTE;SUDESTE/CENTRO-OESTE;5389.706
2024-04-28 16:00:00;NORTE;SUDESTE/CENTRO-OESTE;6642.578
2024-04-28 17:00:00;NORTE;SUDESTE/CENTRO-OESTE;8400.258
2024-04-28 18:00:00;NORTE;SUDESTE/CENTRO-OESTE;9427.02
2024-04-28 19:00:00;NORTE;SUDESTE/CENTRO-OESTE;9521.29
2024-04-28 20:00:00;NORTE;SUDESTE/CENTRO-OESTE;9267.574
2024-04-28 21:00:00;NORTE;SUDESTE/CENTRO-OESTE;9225.87699999
2024-04-28 22:00:00;NORTE;SUDESTE/CENTRO-OESTE;8696.266
2024-04-28 23:00:00;NORTE;SUDESTE/CENTRO-OESTE;8034.844
2024-04-29 00:00:00;NORTE;SUDESTE/CENTRO-OESTE;7342.787
2024-04-29 01:00:00;NORTE;SUDESTE/CENTRO-OESTE;7144.735
2024-04-29 02:00:00;NORTE;SUDESTE/CENTRO-OESTE;7581.852
2024-04-29 03:00:00;NORTE;SUDESTE/CENTRO-OESTE;7583.274
2024-04-29 04:00:00;NORTE;SUDESTE/CENTRO-OESTE;7599.439
2024-04-29 05:00:00;NORTE;SUDESTE/CENTRO-OESTE;8444.089
2024-04-29 06:00:00;NORTE;SUDESTE/CENTRO-OESTE;9570.607
2024-04-29 07:00:00;NORTE;SUDESTE/CENTRO-OESTE;9304.46899999
2024-04-29 08:00:00;NORTE;SUDESTE/CENTRO-OESTE;9730.455
2024-04-29 09:00:00;NORTE;SUDESTE/CENTRO-OESTE;9818.312
2024-04-29 10:00:00;NORTE;SUDESTE/CENTRO-OESTE;9751.787
2024-04-29 11:00:00;NORTE;SUDESTE/CENTRO-OESTE;9767.364
2024-04-29 12:00:00;NORTE;SUDESTE/CENTRO-OESTE;9902.664
2024-04-29 13:00:00;NORTE;SUDESTE/CENTRO-OESTE;9912.43299999
2024-04-29 14:00:00;NORTE;SUDESTE/CENTRO-OESTE;9386.4
2024-04-29 15:00:00;NORTE;SUDESTE/CENTRO-OESTE;9305.94299999
2024-04-29 16:00:00;NORTE;SUDESTE/CENTRO-OESTE;9353.08
2024-04-29 17:00:00;NORTE;SUDESTE/CENTRO-OESTE;9786.40699999
2024-04-29 18:00:00;NORTE;SUDESTE/CENTRO-OESTE;10004.16599999
2024-04-29 19:00:00;NORTE;SUDESTE/CENTRO-OESTE;9705.748
2024-04-29 20:00:00;NORTE;SUDESTE/CENTRO-OESTE;9639.19
2024-04-29 21:00:00;NORTE;SUDESTE/CENTRO-OESTE;9561.677
2024-04-29 22:00:00;NORTE;SUDESTE/CENTRO-OESTE;9634.136
2024-04-29 23:00:00;NORTE;SUDESTE/CENTRO-OESTE;9754.43299999
2024-04-30 00:00:00;NORTE;SUDESTE/CENTRO-OESTE;9815.072
2024-04-30 01:00:00;NORTE;SUDESTE/CENTRO-OESTE;9586.70899999
2024-04-30 02:00:00;NORTE;SUDESTE/CENTRO-OESTE;9469.82
2024-04-30 03:00:00;NORTE;SUDESTE/CENTRO-OESTE;9786.026
2024-04-30 04:00:00;NORTE;SUDESTE/CENTRO-OESTE;9549.226
2024-04-30 05:00:00;NORTE;SUDESTE/CENTRO-OESTE;9559.706
2024-04-30 06:00:00;NORTE;SUDESTE/CENTRO-OESTE;9758.672
2024-04-30 07:00:00;NORTE;SUDESTE/CENTRO-OESTE;9875.12
2024-04-30 08:00:00;NORTE;SUDESTE/CENTRO-OESTE;9555.831
2024-04-30 09:00:00;NORTE;SUDESTE/CENTRO-OESTE;9530.95
2024-04-30 10:00:00;NORTE;SUDESTE/CENTRO-OESTE;9698.563
2024-04-30 11:00:00;NORTE;SUDESTE/CENTRO-OESTE;9337.19299999
2024-04-30 12:00:00;NORTE;SUDESTE/CENTRO-OESTE;9295.796
2024-04-30 13:00:00;NORTE;SUDESTE/CENTRO-OESTE;9630.839
2024-04-30 14:00:00;NORTE;SUDESTE/CENTRO-OESTE;9629.654
2024-04-30 15:00:00;NORTE;SUDESTE/CENTRO-OESTE;9474.73799999
2024-04-30 16:00:00;NORTE;SUDESTE/CENTRO-OESTE;8951.912
2024-04-30 17:00:00;NORTE;SUDESTE/CENTRO-OESTE;8455.67299999
2024-04-30 18:00:00;NORTE;SUDESTE/CENTRO-OESTE;8579.11699999
2024-04-30 19:00:00;NORTE;SUDESTE/CENTRO-OESTE;9429.981
2024-04-30 20:00:00;NORTE;SUDESTE/CENTRO-OESTE;9819.174
2024-04-30 21:00:00;NORTE;SUDESTE/CENTRO-OESTE;9576.775
2024-04-30 22:00:00;NORTE;SUDESTE/CENTRO-OESTE;9446.625
2024-04-30 23:00:00;NORTE;SUDESTE/CENTRO-OESTE;9376.96499999
2024-05-01 00:00:00;NORTE;SUDESTE/CENTRO-OESTE;9563.79
2024-05-01 01:00:00;NORTE;SUDESTE/CENTRO-OESTE;9282.83299999
2024-05-01 02:00:00;NORTE;SUDESTE/CENTRO-OESTE;9012.089
2024-05-01 03:00:00;NORTE;SUDESTE/CENTRO-OESTE;8614.718
2024-05-01 04:00:00;NORTE;SUDESTE/CENTRO-OESTE;8080.482
2024-05-01 05:00:00;NORTE;SUDESTE/CENTRO-OESTE;8006.15499999
2024-05-01 06:00:00;NORTE;SUDESTE/CENTRO-OESTE;6965.30599999
2024-05-01 07:00:00;NORTE;SUDESTE/CENTRO-OESTE;6312.281
2024-05-01 08:00:00;NORTE;SUDESTE/CENTRO-OESTE;6196.98899999
2024-05-01 09:00:00;NORTE;SUDESTE/CENTRO-OESTE;6014.554
2024-05-01 10:00:00;NORTE;SUDESTE/CENTRO-OESTE;6223.302
2024-05-01 11:00:00;NORTE;SUDESTE/CENTRO-OESTE;5966.323
2024-05-01 12:00:00;NORTE;SUDESTE/CENTRO-OESTE;5615.265
2024-05-01 13:00:00;NORTE;SUDESTE/CENTRO-OESTE;5807.97099999
2024-05-01 14:00:00;NORTE;SUDESTE/CENTRO-OESTE;6621.533
2024-05-01 15:00:00;NORTE;SUDESTE/CENTRO-OESTE;8034.519
2024-05-01 16:00:00;NORTE;SUDESTE/CENTRO-OESTE;9643.771
2024-05-01 17:00:00;NORTE;SUDESTE/CENTRO-OESTE;9191.927
2024-05-01 18:00:00;NORTE;SUDESTE/CENTRO-OESTE;9248.499
2024-05-01 19:00:00;NORTE;SUDESTE/CENTRO-OESTE;9312.30899999
2024-05-01 20:00:00;NORTE;SUDESTE/CENTRO-OESTE;9531.53199999
2024-05-01 21:00:00;NORTE;SUDESTE/CENTRO-OESTE;9510.88899999
2024-05-01 22:00:00;NORTE;SUDESTE/CENTRO-OESTE;9632.194
2024-05-01 23:00:00;NORTE;SUDESTE/CENTRO-OESTE;9383.162
2024-05-02 00:00:00;NORTE;SUDESTE/CENTRO-OESTE;9605.588
2024-05-02 01:00:00;NORTE;SUDESTE/CENTRO-OESTE;9576.311
2024-05-02 02:00:00;NORTE;SUDESTE/CENTRO-OESTE;9756.677
2024-05-02 03:00:00;NORTE;SUDESTE/CENTRO-OESTE;9608.102
2024-05-02 04:00:00;NORTE;SUDESTE/CENTRO-OESTE;9683.424
2024-05-02 05:00:00;NORTE;SUDESTE/CENTRO-OESTE;9703.11699999
2024-05-02 06:00:00;NORTE;SUDESTE/CENTRO-OESTE;9886.242
2024-05-02 07:00:00;NORTE;SUDESTE/CENTRO-OESTE;10204.306
2024-05-02 08:00:00;NORTE;SUDESTE/CENTRO-OESTE;10300.169
2024-05-02 09:00:00;NORTE;SUDESTE/CENTRO-OESTE;10080.803
2024-05-02 10:00:00;NORTE;SUDESTE/CENTRO-OESTE;9715.679
2024-05-02 11:00:00;NORTE;SUDESTE/CENTRO-OESTE;9599.111
2024-05-02 12:00:00;NORTE;SUDESTE/CENTRO-OESTE;9589.43299999
2024-05-02 13:00:00;NORTE;SUDESTE/CENTRO-OESTE;10067.02299999
2024-05-02 14:00:00;NORTE;SUDESTE/CENTRO-OESTE;10017.448
2024-05-02 15:00:00;NORTE;SUDESTE/CENTRO-OESTE;9553.906
2024-05-02 16:00:00;NORTE;SUDESTE/CENTRO-OESTE;9519.11199999
2024-05-02 17:00:00;NORTE;SUDESTE/CENTRO-OESTE;9486.53
2024-05-02 18:00:00;NORTE;SUDESTE/CENTRO-OESTE;9721.98699999
2024-05-02 19:00:00;NORTE;SUDESTE/CENTRO-OESTE;9393.45
2024-05-02 20:00:00;NORTE;SUDESTE/CENTRO-OESTE;9324.414
2024-05-02 21:00:00;NORTE;SUDESTE/CENTRO-OESTE;9223.579
2024-05-02 22:00:00;NORTE;SUDESTE/CENTRO-OESTE;9033.65699999
2024-05-02 23:00:00;NORTE;SUDESTE/CENTRO-OESTE;9088.272
2024-05-03 00:00:00;NORTE;SUDESTE/CENTRO-OESTE;9375.546
2024-05-03 01:00:00;NORTE;SUDESTE/CENTRO-OESTE;9304.422
2024-05-03 02:00:00;NORTE;SUDESTE/CENTRO-OESTE;9396.64499999
2024-05-03 03:00:00;NORTE;SUDESTE/CENTRO-OESTE;9426.99699999
2024-05-03 04:00:00;NORTE;SUDESTE/CENTRO-OESTE;9335.67299999
2024-05-03 05:00:00;NORTE;SUDESTE/CENTRO-OESTE;9659.19299999
2024-05-03 06:00:00;NORTE;SUDESTE/CENTRO-OESTE;9649.564
2024-05-03 07:00:00;NORTE;SUDESTE/CENTRO-OESTE;10112.347
2024-05-03 08:00:00;NORTE;SUDESTE/CENTRO-OESTE;10011.683
2024-05-03 09:00:00;NORTE;SUDESTE/CENTRO-OESTE;9812.583
2024-05-03 10:00:00;NORTE;SUDESTE/CENTRO-OESTE;9692.476
2024-05-03 11:00:00;NORTE;SUDESTE/CENTRO-OESTE;9700.29699999
2024-05-03 12:00:00;NORTE;SUDESTE/CENTRO-OESTE;9446.20099999
2024-05-03 13:00:00;NORTE;SUDESTE/CENTRO-OESTE;9563.718
2024-05-03 14:00:00;NORTE;SUDESTE/CENTRO-OESTE;9400.828
2024-05-03 15:00:00;NORTE;SUDESTE/CENTRO-OESTE;9588.881
2024-05-03 16:00:00;NORTE;SUDESTE/CENTRO-OESTE;9095.61
2024-05-03 17:00:00;NORTE;SUDESTE/CENTRO-OESTE;9084.954
2024-05-03 18:00:00;NORTE;SUDESTE/CENTRO-OESTE;9756.531
2024-05-03 19:00:00;NORTE;SUDESTE/CENTRO-OESTE;9262.60099999
2024-05-03 20:00:00;NORTE;SUDESTE/CENTRO-OESTE;9002.128
2024-05-03 21:00:00;NORTE;SUDESTE/CENTRO-OESTE;9190.09
2024-05-03 22:00:00;NORTE;SUDESTE/CENTRO-OESTE;9143.232
2024-05-03 23:00:00;NORTE;SUDESTE/CENTRO-OESTE;9142.09399999
2024-05-04 00:00:00;NORTE;SUDESTE/CENTRO-OESTE;9126.251
2024-05-04 01:00:00;NORTE;SUDESTE/CENTRO-OESTE;8745.589
2024-05-04 02:00:00;NORTE;SUDESTE/CENTRO-OESTE;8690.188
2024-05-04 03:00:00;NORTE;SUDESTE/CENTRO-OESTE;8559.44299999
2024-05-04 04:00:00;NORTE;SUDESTE/CENTRO-OESTE;8457.21099999
2024-05-04 05:00:00;NORTE;SUDESTE/CENTRO-OESTE;8345.903
2024-05-04 06:00:00;NORTE;SUDESTE/CENTRO-OESTE;7873.02499999
2024-05-04 07:00:00;NORTE;SUDESTE/CENTRO-OESTE;6437.552
2024-05-04 08:00:00;NORTE;SUDESTE/CENTRO-OESTE;6676.469
2024-05-04 09:00:00;NORTE;SUDESTE/CENTRO-OESTE;6607.06499999
2024-05-04 10:00:00;NORTE;SUDESTE/CENTRO-OESTE;6436.224
2024-05-04 11:00:00;NORTE;SUDESTE/CENTRO-OESTE;6343.266
2024-05-04 12:00:00;NORTE;SUDESTE/CENTRO-OESTE;6124.606
2024-05-04 13:00:00;NORTE;SUDESTE/CENTRO-OESTE;6121.35499999
2024-05-04 14:00:00;NORTE;SUDESTE/CENTRO-OESTE;6749.55599999
2024-05-04 15:00:00;NORTE;SUDESTE/CENTRO-OESTE;7477.954
2024-05-04 16:00:00;NORTE;SUDESTE/CENTRO-OESTE;8355.655
2024-05-04 17:00:00;NORTE;SUDESTE/CENTRO-OESTE;9522.679
2024-05-04 18:00:00;NORTE;SUDESTE/CENTRO-OESTE;9636.31
2024-05-04 19:00:00;NORTE;SUDESTE/CENTRO-OESTE;9361.56499999
2024-05-04 20:00:00;NORTE;SUDESTE/CENTRO-OESTE;8804.15
2024-05-04 21:00:00;NORTE;SUDESTE/CENTRO-OESTE;8083.662
2024-05-04 22:00:00;NORTE;SUDESTE/CENTRO-OESTE;7949.774
2024-05-04 23:00:00;NORTE;SUDESTE/CENTRO-OESTE;7496.206
2024-05-05 00:00:00;NORTE;SUDESTE/CENTRO-OESTE;6886.237
2024-05-05 01:00:00;NORTE;SUDESTE/CENTRO-OESTE;6872.279
2024-05-05 02:00:00;NORTE;SUDESTE/CENTRO-OESTE;6515.737
2024-05-05 03:00:00;NORTE;SUDESTE/CENTRO-OESTE;5654.496
2024-05-05 04:00:00;NORTE;SUDESTE/CENTRO-OESTE;4891.716
2024-05-05 05:00:00;NORTE;SUDESTE/CENTRO-OESTE;4787.393
2024-05-05 06:00:00;NORTE;SUDESTE/CENTRO-OESTE;4912.317
2024-05-05 07:00:00;NORTE;SUDESTE/CENTRO-OESTE;4492.202
2024-05-05 08:00:00;NORTE;SUDESTE/CENTRO-OESTE;4348.138
2024-05-05 09:00:00;NORTE;SUDESTE/CENTRO-OESTE;3982.29
2024-05-05 10:00:00;NORTE;SUDESTE/CENTRO-OESTE;3789.044
2024-05-05 11:00:00;NORTE;SUDESTE/CENTRO-OESTE;3710.387
2024-05-05 12:00:00;NORTE;SUDESTE/CENTRO-OESTE;3817.607
2024-05-05 13:00:00;NORTE;SUDESTE/CENTRO-OESTE;3813.515
2024-05-05 14:00:00;NORTE;SUDESTE/CENTRO-OESTE;4260.655
2024-05-05 15:00:00;NORTE;SUDESTE/CENTRO-OESTE;5478.765
2024-05-05 16:00:00;NORTE;SUDESTE/CENTRO-OESTE;7453.833
2024-05-05 17:00:00;NORTE;SUDESTE/CENTRO-OESTE;8204.429
2024-05-05 18:00:00;NORTE;SUDESTE/CENTRO-OESTE;9609.084
2024-05-05 19:00:00;NORTE;SUDESTE/CENTRO-OESTE;9292.355
2024-05-05 20:00:00;NORTE;SUDESTE/CENTRO-OESTE;9320.21999999
2024-05-05 21:00:00;NORTE;SUDESTE/CENTRO-OESTE;9245.18899999
2024-05-05 22:00:00;NORTE;SUDESTE/CENTRO-OESTE;8970.331
2024-05-05 23:00:00;NORTE;SUDESTE/CENTRO-OESTE;8588.338
2024-05-06 00:00:00;NORTE;SUDESTE/CENTRO-OESTE;8562.136
2024-05-06 01:00:00;NORTE;SUDESTE/CENTRO-OESTE;8581.08499999
2024-05-06 02:00:00;NORTE;SUDESTE/CENTRO-OESTE;8871.285
2024-05-06 03:00:00;NORTE;SUDESTE/CENTRO-OESTE;8725.963
2024-05-06 04:00:00;NORTE;SUDESTE/CENTRO-OESTE;9156.749
2024-05-06 05:00:00;NORTE;SUDESTE/CENTRO-OESTE;9437.05899999
2024-05-06 06:00:00;NORTE;SUDESTE/CENTRO-OESTE;8960.66499999
2024-05-06 07:00:00;NORTE;SUDESTE/CENTRO-OESTE;8870.186
2024-05-06 08:00:00;NORTE;SUDESTE/CENTRO-OESTE;8720.683
2024-05-06 09:00:00;NORTE;SUDESTE/CENTRO-OESTE;8166.726
2024-05-06 10:00:00;NORTE;SUDESTE/CENTRO-OESTE;8215.183
2024-05-06 11:00:00;NORTE;SUDESTE/CENTRO-OESTE;8519.519
2024-05-06 12:00:00;NORTE;SUDESTE/CENTRO-OESTE;8451.422
2024-05-06 13:00:00;NORTE;SUDESTE/CENTRO-OESTE;8808.294
2024-05-06 14:00:00;NORTE;SUDESTE/CENTRO-OESTE;9542.008
2024-05-06 15:00:00;NORTE;SUDESTE/CENTRO-OESTE;9487.59
2024-05-06 16:00:00;NORTE;SUDESTE/CENTRO-OESTE;9344.188
2024-05-06 17:00:00;NORTE;SUDESTE/CENTRO-OESTE;9441.45699999
2024-05-06 18:00:00;NORTE;SUDESTE/CENTRO-OESTE;9605.959
2024-05-06 19:00:00;NORTE;SUDESTE/CENTRO-OESTE;9441.61199999
2024-05-06 20:00:00;NORTE;SUDESTE/CENTRO-OESTE;9398.587
2024-05-06 21:00:00;NORTE;SUDESTE/CENTRO-OESTE;9008.154
2024-05-06 22:00:00;NORTE;SUDESTE/CENTRO-OESTE;9000.419
2024-05-06 23:00:00;NORTE;SUDESTE/CENTRO-OESTE;8879.231
2024-05-07 00:00:00;NORTE;SUDESTE/CENTRO-OESTE;9010.78199999
2024-05-07 01:00:00;NORTE;SUDESTE/CENTRO-OESTE;9214.831
2024-05-07 02:00:00;NORTE;SUDESTE/CENTRO-OESTE;9255.98
2024-05-07 03:00:00;NORTE;SUDESTE/CENTRO-OESTE;9094.108
2024-05-07 04:00:00;NORTE;SUDESTE/CENTRO-OESTE;9051.22499999
2024-05-07 05:00:00;NORTE;SUDESTE/CENTRO-OESTE;9577.955
2024-05-07 06:00:00;NORTE;SUDESTE/CENTRO-OESTE;9712.301
2024-05-07 07:00:00;NORTE;SUDESTE/CENTRO-OESTE;9945.784
2024-05-07 08:00:00;NORTE;SUDESTE/CENTRO-OESTE;9762.896
2024-05-07 09:00:00;NORTE;SUDESTE/CENTRO-OESTE;9580.545
2024-05-07 10:00:00;NORTE;SUDESTE/CENTRO-OESTE;9483.998
2024-05-07 11:00:00;NORTE;SUDESTE/CENTRO-OESTE;9473.611
2024-05-07 12:00:00;NORTE;SUDESTE/CENTRO-OESTE;9466.19699999
2024-05-07 13:00:00;NORTE;SUDESTE/CENTRO-OESTE;9949.31299999
2024-05-07 14:00:00;NORTE;SUDESTE/CENTRO-OESTE;10156.396
2024-05-07 15:00:00;NORTE;SUDESTE/CENTRO-OESTE;10035.87999999
2024-05-07 16:00:00;NORTE;SUDESTE/CENTRO-OESTE;9960.418
2024-05-07 17:00:00;NORTE;SUDESTE/CENTRO-OESTE;9889.231
2024-05-07 18:00:00;NORTE;SUDESTE/CENTRO-OESTE;9812.914
2024-05-07 19:00:00;NORTE;SUDESTE/CENTRO-OESTE;9552.078
2024-05-07 20:00:00;NORTE;SUDESTE/CENTRO-OESTE;9502.11199999
2024-05-07 21:00:00;NORTE;SUDESTE/CENTRO-OESTE;9317.23
2024-05-07 22:00:00;NORTE;SUDESTE/CENTRO-OESTE;9211.187
2024-05-07 23:00:00;NORTE;SUDESTE/CENTRO-OESTE;9405.064
2024-05-08 00:00:00;NORTE;SUDESTE/CENTRO-OESTE;9642.52
2024-05-08 01:00:00;NORTE;SUDESTE/CENTRO-OESTE;9321.843
2024-05-08 02:00:00;NORTE;SUDESTE/CENTRO-OESTE;9099.713
2024-05-08 03:00:00;NORTE;SUDESTE/CENTRO-OESTE;9026.944
2024-05-08 04:00:00;NORTE;SUDESTE/CENTRO-OESTE;9023.125
2024-05-08 05:00:00;NORTE;SUDESTE/CENTRO-OESTE;9596.06
2024-05-08 06:00:00;NORTE;SUDESTE/CENTRO-OESTE;9655.776
2024-05-08 07:00:00;NORTE;SUDESTE/CENTRO-OESTE;9612.602
2024-05-08 08:00:00;NORTE;SUDESTE/CENTRO-OESTE;9690.929
2024-05-08 09:00:00;NORTE;SUDESTE/CENTRO-OESTE;9111.91599999
2024-05-08 10:00:00;NORTE;SUDESTE/CENTRO-OESTE;8787.33
2024-05-08 11:00:00;NORTE;SUDESTE/CENTRO-OESTE;8663.31299999
2024-05-08 12:00:00;NORTE;SUDESTE/CENTRO-OESTE;8261.712
2024-05-08 13:00:00;NORTE;SUDESTE/CENTRO-OESTE;8533.11699999
2024-05-08 14:00:00;NORTE;SUDESTE/CENTRO-OESTE;9280.111
2024-05-08 15:00:00;NORTE;SUDESTE/CENTRO-OESTE;9406.37199999
2024-05-08 16:00:00;NORTE;SUDESTE/CENTRO-OESTE;9261.972
2024-05-08 17:00:00;NORTE;SUDESTE/CENTRO-OESTE;9102.578
2024-05-08 18:00:00;NORTE;SUDESTE/CENTRO-OESTE;9532.83499999
2024-05-08 19:00:00;NORTE;SUDESTE/CENTRO-OESTE;9778.65699999
2024-05-08 20:00:00;NORTE;SUDESTE/CENTRO-OESTE;9488.221
2024-05-08 21:00:00;NORTE;SUDESTE/CENTRO-OESTE;9484.44299999
2024-05-08 22:00:00;NORTE;SUDESTE/CENTRO-OESTE;9528.127
2024-05-08 23:00:00;NORTE;SUDESTE/CENTRO-OESTE;9412.694
2024-05-09 00:00:00;NORTE;SUDESTE/CENTRO-OESTE;9396.97799999
2024-05-09 01:00:00;NORTE;SUDESTE/CENTRO-OESTE;9406.08099999
2024-05-09 02:00:00;NORTE;SUDESTE/CENTRO-OESTE;9001.466
2024-05-09 03:00:00;NORTE;SUDESTE/CENTRO-OESTE;8934.38499999
2024-05-09 04:00:00;NORTE;SUDESTE/CENTRO-OESTE;8919.726
2024-05-09 05:00:00;NORTE;SUDESTE/CENTRO-OESTE;9355.99599999
2024-05-09 06:00:00;NORTE;SUDESTE/CENTRO-OESTE;9218.20899999
2024-05-09 07:00:00;NORTE;SUDESTE/CENTRO-OESTE;8880.605
2024-05-09 08:00:00;NORTE;SUDESTE/CENTRO-OESTE;8879.379
2024-05-09 09:00:00;NORTE;SUDESTE/CENTRO-OESTE;8160.908
2024-05-09 10:00:00;NORTE;SUDESTE/CENTRO-OESTE;8024.954
2024-05-09 11:00:00;NORTE;SUDESTE/CENTRO-OESTE;7961.95899999
2024-05-09 12:00:00;NORTE;SUDESTE/CENTRO-OESTE;7373.251
2024-05-09 13:00:00;NORTE;SUDESTE/CENTRO-OESTE;7394.852
2024-05-09 14:00:00;NORTE;SUDESTE/CENTRO-OESTE;7934.76299999
2024-05-09 15:00:00;NORTE;SUDESTE/CENTRO-OESTE;8603.831
2024-05-09 16:00:00;NORTE;SUDESTE/CENTRO-OESTE;9381.551
2024-05-09 17:00:00;NORTE;SUDESTE/CENTRO-OESTE;9316.401
2024-05-09 18:00:00;NORTE;SUDESTE/CENTRO-OESTE;9379.214
2024-05-09 19:00:00;NORTE;SUDESTE/CENTRO-OESTE;9399.62899999
2024-05-09 20:00:00;NORTE;SUDESTE/CENTRO-OESTE;9382.07299999
2024-05-09 21:00:00;NORTE;SUDESTE/CENTRO-OESTE;9414.221
2024-05-09 22:00:00;NORTE;SUDESTE/CENTRO-OESTE;9424.144
2024-05-09 23:00:00;NORTE;SUDESTE/CENTRO-OESTE;9260.01
2024-05-10 00:00:00;NORTE;SUDESTE/CENTRO-OESTE;9376.162
2024-05-10 01:00:00;NORTE;SUDESTE/CENTRO-OESTE;9191.045
2024-05-10 02:00:00;NORTE;SUDESTE/CENTRO-OESTE;9280.70899999
2024-05-10 03:00:00;NORTE;SUDESTE/CENTRO-OESTE;9455.78099999
2024-05-10 04:00:00;NORTE;SUDESTE/CENTRO-OESTE;9425.435
2024-05-10 05:00:00;NORTE;SUDESTE/CENTRO-OESTE;9654.258
2024-05-10 06:00:00;NORTE;SUDESTE/CENTRO-OESTE;9510.96899999
2024-05-10 07:00:00;NORTE;SUDESTE/CENTRO-OESTE;9514.258
2024-05-10 08:00:00;NORTE;SUDESTE/CENTRO-OESTE;9313.736
2024-05-10 09:00:00;NORTE;SUDESTE/CENTRO-OESTE;9104.179
2024-05-10 10:00:00;NORTE;SUDESTE/CENTRO-OESTE;8900.03
2024-05-10 11:00:00;NORTE;SUDESTE/CENTRO-OESTE;8890.296
2024-05-10 12:00:00;NORTE;SUDESTE/CENTRO-OESTE;8731.792
2024-05-10 13:00:00;NORTE;SUDESTE/CENTRO-OESTE;9226.064
2024-05-10 14:00:00;NORTE;SUDESTE/CENTRO-OESTE;9551.749
2024-05-10 15:00:00;NORTE;SUDESTE/CENTRO-OESTE;9790.37999999
2024-05-10 16:00:00;NORTE;SUDESTE/CENTRO-OESTE;8652.395
2024-05-10 17:00:00;NORTE;SUDESTE/CENTRO-OESTE;8459.307
2024-05-10 18:00:00;NORTE;SUDESTE/CENTRO-OESTE;8611.607
2024-05-10 19:00:00;NORTE;SUDESTE/CENTRO-OESTE;8995.32499999
2024-05-10 20:00:00;NORTE;SUDESTE/CENTRO-OESTE;9034.16
2024-05-10 21:00:00;NORTE;SUDESTE/CENTRO-OESTE;9172.555
2024-05-10 22:00:00;NORTE;SUDESTE/CENTRO-OESTE;9568.126
2024-05-10 23:00:00;NORTE;SUDESTE/CENTRO-OESTE;9619.81299999
2024-05-11 00:00:00;NORTE;SUDESTE/CENTRO-OESTE;8271.74499999
2024-05-11 01:00:00;NORTE;SUDESTE/CENTRO-OESTE;7683.54
2024-05-11 02:00:00;NORTE;SUDESTE/CENTRO-OESTE;6293.606
2024-05-11 03:00:00;NORTE;SUDESTE/CENTRO-OESTE;5437.09599999
2024-05-11 04:00:00;NORTE;SUDESTE/CENTRO-OESTE;5273.042
2024-05-11 05:00:00;NORTE;SUDESTE/CENTRO-OESTE;5525.55599999
2024-05-11 06:00:00;NORTE;SUDESTE/CENTRO-OESTE;6197.466
2024-05-11 07:00:00;NORTE;SUDESTE/CENTRO-OESTE;6139.462
2024-05-11 08:00:00;NORTE;SUDESTE/CENTRO-OESTE;5150.68599999
2024-05-11 09:00:00;NORTE;SUDESTE/CENTRO-OESTE;4659.211
2024-05-11 10:00:00;NORTE;SUDESTE/CENTRO-OESTE;4466.215
2024-05-11 11:00:00;NORTE;SUDESTE/CENTRO-OESTE;3931.626
2024-05-11 12:00:00;NORTE;SUDESTE/CENTRO-OESTE;4029.47
2024-05-11 13:00:00;NORTE;SUDESTE/CENTRO-OESTE;3979.096
2024-05-11 14:00:00;NORTE;SUDESTE/CENTRO-OESTE;3921.219
2024-05-11 15:00:00;NORTE;SUDESTE/CENTRO-OESTE;5285.571
2024-05-11 16:00:00;NORTE;SUDESTE/CENTRO-OESTE;6847.941
2024-05-11 17:00:00;NORTE;SUDESTE/CENTRO-OESTE;8000.156
2024-05-11 18:00:00;NORTE;SUDESTE/CENTRO-OESTE;9477.76
2024-05-11 19:00:00;NORTE;SUDESTE/CENTRO-OESTE;9328.72499999
2024-05-11 20:00:00;NORTE;SUDESTE/CENTRO-OESTE;8803.25
2024-05-11 21:00:00;NORTE;SUDESTE/CENTRO-OESTE;8118.822
2024-05-11 22:00:00;NORTE;SUDESTE/CENTRO-OESTE;6875.819
2024-05-11 23:00:00;NORTE;SUDESTE/CENTRO-OESTE;6313.524
2024-05-12 00:00:00;NORTE;SUDESTE/CENTRO-OESTE;6053.551
2024-05-12 01:00:00;NORTE;SUDESTE/CENTRO-OESTE;5742.828
2024-05-12 02:00:00;NORTE;SUDESTE/CENTRO-OESTE;5475.853
2024-05-12 03:00:00;NORTE;SUDESTE/CENTRO-OESTE;4671.48899999
2024-05-12 04:00:00;NORTE;SUDESTE/CENTRO-OESTE;4231.384
2024-05-12 05:00:00;NORTE;SUDESTE/CENTRO-OESTE;4295.887
2024-05-12 06:00:00;NORTE;SUDESTE/CENTRO-OESTE;4188.767
2024-05-12 07:00:00;NORTE;SUDESTE/CENTRO-OESTE;4071.726
2024-05-12 08:00:00;NORTE;SUDESTE/CENTRO-OESTE;3350.843
2024-05-12 09:00:00;NORTE;SUDESTE/CENTRO-OESTE;3235.29799999
2024-05-12 10:00:00;NORTE;SUDESTE/CENTRO-OESTE;3080.071
2024-05-12 11:00:00;NORTE;SUDESTE/CENTRO-OESTE;3081.17299999
2024-05-12 12:00:00;NORTE;SUDESTE/CENTRO-OESTE;2749.929
2024-05-12 13:00:00;NORTE;SUDESTE/CENTRO-OESTE;2607.375
2024-05-12 14:00:00;NORTE;SUDESTE/CENTRO-OESTE;2712.716
2024-05-12 15:00:00;NORTE;SUDESTE/CENTRO-OESTE;3729.006
2024-05-12 16:00:00;NORTE;SUDESTE/CENTRO-OESTE;5450.04
2024-05-12 17:00:00;NORTE;SUDESTE/CENTRO-OESTE;6794.89
2024-05-12 18:00:00;NORTE;SUDESTE/CENTRO-OESTE;8110.938
2024-05-12 19:00:00;NORTE;SUDESTE/CENTRO-OESTE;8647.575
2024-05-12 20:00:00;NORTE;SUDESTE/CENTRO-OESTE;8851.842
2024-05-12 21:00:00;NORTE;SUDESTE/CENTRO-OESTE;7750.466
2024-05-12 22:00:00;NORTE;SUDESTE/CENTRO-OESTE;6535.035
2024-05-12 23:00:00;NORTE;SUDESTE/CENTRO-OESTE;6243.61399999
2024-05-13 00:00:00;NORTE;SUDESTE/CENTRO-OESTE;6685.796
2024-05-13 01:00:00;NORTE;SUDESTE/CENTRO-OESTE;6839.871
2024-05-13 02:00:00;NORTE;SUDESTE/CENTRO-OESTE;6916.74799999
2024-05-13 03:00:00;NORTE;SUDESTE/CENTRO-OESTE;6774.88199999
2024-05-13 04:00:00;NORTE;SUDESTE/CENTRO-OESTE;7043.101
2024-05-13 05:00:00;NORTE;SUDESTE/CENTRO-OESTE;8560.644
2024-05-13 06:00:00;NORTE;SUDESTE/CENTRO-OESTE;10215.912
2024-05-13 07:00:00;NORTE;SUDESTE/CENTRO-OESTE;9656.999
2024-05-13 08:00:00;NORTE;SUDESTE/CENTRO-OESTE;8479.489
2024-05-13 09:00:00;NORTE;SUDESTE/CENTRO-OESTE;8425.842
2024-05-13 10:00:00;NORTE;SUDESTE/CENTRO-OESTE;8878.86199999
2024-05-13 11:00:00;NORTE;SUDESTE/CENTRO-OESTE;9845.90699999
2024-05-13 12:00:00;NORTE;SUDESTE/CENTRO-OESTE;9582.634
2024-05-13 13:00:00;NORTE;SUDESTE/CENTRO-OESTE;9932.591
2024-05-13 14:00:00;NORTE;SUDESTE/CENTRO-OESTE;10117.54999999
2024-05-13 15:00:00;NORTE;SUDESTE/CENTRO-OESTE;9712.08599999
2024-05-13 16:00:00;NORTE;SUDESTE/CENTRO-OESTE;9082.17299999
2024-05-13 17:00:00;NORTE;SUDESTE/CENTRO-OESTE;8838.417
2024-05-13 18:00:00;NORTE;SUDESTE/CENTRO-OESTE;9398.837
2024-05-13 19:00:00;NORTE;SUDESTE/CENTRO-OESTE;9275.332
2024-05-13 20:00:00;NORTE;SUDESTE/CENTRO-OESTE;9090.07299999
2024-05-13 21:00:00;NORTE;SUDESTE/CENTRO-OESTE;8720.94
2024-05-13 22:00:00;NORTE;SUDESTE/CENTRO-OESTE;8396.18399999
2024-05-13 23:00:00;NORTE;SUDESTE/CENTRO-OESTE;7668.912
2024-05-14 00:00:00;NORTE;SUDESTE/CENTRO-OESTE;7274.567
2024-05-14 01:00:00;NORTE;SUDESTE/CENTRO-OESTE;7321.083
2024-05-14 02:00:00;NORTE;SUDESTE/CENTRO-OESTE;7660.684
2024-05-14 03:00:00;NORTE;SUDESTE/CENTRO-OESTE;7660.124
2024-05-14 04:00:00;NORTE;SUDESTE/CENTRO-OESTE;7641.412
2024-05-14 05:00:00;NORTE;SUDESTE/CENTRO-OESTE;8188.056
2024-05-14 06:00:00;NORTE;SUDESTE/CENTRO-OESTE;9615.396
2024-05-14 07:00:00;NORTE;SUDESTE/CENTRO-OESTE;10168.538
2024-05-14 08:00:00;NORTE;SUDESTE/CENTRO-OESTE;9614.283
2024-05-14 09:00:00;NORTE;SUDESTE/CENTRO-OESTE;9323.437
2024-05-14 10:00:00;NORTE;SUDESTE/CENTRO-OESTE;9244.936
2024-05-14 11:00:00;NORTE;SUDESTE/CENTRO-OESTE;8964.039
2024-05-14 12:00:00;NORTE;SUDESTE/CENTRO-OESTE;8513.49299999
2024-05-14 13:00:00;NORTE;SUDESTE/CENTRO-OESTE;9102.71699999
2024-05-14 14:00:00;NORTE;SUDESTE/CENTRO-OESTE;9857.893
2024-05-14 15:00:00;NORTE;SUDESTE/CENTRO-OESTE;9835.564
2024-05-14 16:00:00;NORTE;SUDESTE/CENTRO-OESTE;9239.525
2024-05-14 17:00:00;NORTE;SUDESTE/CENTRO-OESTE;9177.787
2024-05-14 18:00:00;NORTE;SUDESTE/CENTRO-OESTE;9726.865
2024-05-14 19:00:00;NORTE;SUDESTE/CENTRO-OESTE;10094.429
2024-05-14 20:00:00;NORTE;SUDESTE/CENTRO-OESTE;9893.18
2024-05-14 21:00:00;NORTE;SUDESTE/CENTRO-OESTE;9790.614
2024-05-14 22:00:00;NORTE;SUDESTE/CENTRO-OESTE;9446.169
2024-05-14 23:00:00;NORTE;SUDESTE/CENTRO-OESTE;9234.51399999
2024-05-15 00:00:00;NORTE;SUDESTE/CENTRO-OESTE;8095.22699999
2024-05-15 01:00:00;NORTE;SUDESTE/CENTRO-OESTE;7436.778
2024-05-15 02:00:00;NORTE;SUDESTE/CENTRO-OESTE;7068.287
2024-05-15 03:00:00;NORTE;SUDESTE/CENTRO-OESTE;7126.652
2024-05-15 04:00:00;NORTE;SUDESTE/CENTRO-OESTE;7357.231
2024-05-15 05:00:00;NORTE;SUDESTE/CENTRO-OESTE;8038.371
2024-05-15 06:00:00;NORTE;SUDESTE/CENTRO-OESTE;9497.204
2024-05-15 07:00:00;NORTE;SUDESTE/CENTRO-OESTE;9112.293
2024-05-15 08:00:00;NORTE;SUDESTE/CENTRO-OESTE;9220.98799999
2024-05-15 09:00:00;NORTE;SUDESTE/CENTRO-OESTE;8962.403
2024-05-15 10:00:00;NORTE;SUDESTE/CENTRO-OESTE;7807.259
2024-05-15 11:00:00;NORTE;SUDESTE/CENTRO-OESTE;7559.765
2024-05-15 12:00:00;NORTE;SUDESTE/CENTRO-OESTE;6665.886
2024-05-15 13:00:00;NORTE;SUDESTE/CENTRO-OESTE;6359.501
2024-05-15 14:00:00;NORTE;SUDESTE/CENTRO-OESTE;6965.497
2024-05-15 15:00:00;NORTE;SUDESTE/CENTRO-OESTE;7903.44
2024-05-15 16:00:00;NORTE;SUDESTE/CENTRO-OESTE;9779.752
2024-05-15 17:00:00;NORTE;SUDESTE/CENTRO-OESTE;10184.652
2024-05-15 18:00:00;NORTE;SUDESTE/CENTRO-OESTE;9846.57599999
2024-05-15 19:00:00;NORTE;SUDESTE/CENTRO-OESTE;9211.302
2024-05-15 20:00:00;NORTE;SUDESTE/CENTRO-OESTE;8191.721
2024-05-15 21:00:00;NORTE;SUDESTE/CENTRO-OESTE;7921.324
2024-05-15 22:00:00;NORTE;SUDESTE/CENTRO-OESTE;7859.388
2024-05-15 23:00:00;NORTE;SUDESTE/CENTRO-OESTE;7854.528
2024-05-16 00:00:00;NORTE;SUDESTE/CENTRO-OESTE;8040.515
2024-05-16 01:00:00;NORTE;SUDESTE/CENTRO-OESTE;8072.312
2024-05-16 02:00:00;NORTE;SUDESTE/CENTRO-OESTE;8031.94499999
2024-05-16 03:00:00;NORTE;SUDESTE/CENTRO-OESTE;8006.866
2024-05-16 04:00:00;NORTE;SUDESTE/CENTRO-OESTE;8070.152
2024-05-16 05:00:00;NORTE;SUDESTE/CENTRO-OESTE;8239.562
2024-05-16 06:00:00;NORTE;SUDESTE/CENTRO-OESTE;8034.511
2024-05-16 07:00:00;NORTE;SUDESTE/CENTRO-OESTE;7176.834
2024-05-16 08:00:00;NORTE;SUDESTE/CENTRO-OESTE;7163.268
2024-05-16 09:00:00;NORTE;SUDESTE/CENTRO-OESTE;7188.577
2024-05-16 10:00:00;NORTE;SUDESTE/CENTRO-OESTE;6730.631
2024-05-16 11:00:00;NORTE;SUDESTE/CENTRO-OESTE;6748.563
2024-05-16 12:00:00;NORTE;SUDESTE/CENTRO-OESTE;6529.143
2024-05-16 13:00:00;NORTE;SUDESTE/CENTRO-OESTE;7380.768
2024-05-16 14:00:00;NORTE;SUDESTE/CENTRO-OESTE;8685.134
2024-05-16 15:00:00;NORTE;SUDESTE/CENTRO-OESTE;9284.278
2024-05-16 16:00:00;NORTE;SUDESTE/CENTRO-OESTE;10018.216
2024-05-16 17:00:00;NORTE;SUDESTE/CENTRO-OESTE;10491.994
2024-05-16 18:00:00;NORTE;SUDESTE/CENTRO-OESTE;9908.064
2024-05-16 19:00:00;NORTE;SUDESTE/CENTRO-OESTE;9128.232
2024-05-16 20:00:00;NORTE;SUDESTE/CENTRO-OESTE;8411.006
2024-05-16 21:00:00;NORTE;SUDESTE/CENTRO-OESTE;8272.75299999
2024-05-16 22:00:00;NORTE;SUDESTE/CENTRO-OESTE;8330.15
2024-05-16 23:00:00;NORTE;SUDESTE/CENTRO-OESTE;8229.18099999
2024-05-17 00:00:00;NORTE;SUDESTE/CENTRO-OESTE;8169.186
2024-05-17 01:00:00;NORTE;SUDESTE/CENTRO-OESTE;8006.43299999
2024-05-17 02:00:00;NORTE;SUDESTE/CENTRO-OESTE;7379.4
2024-05-17 03:00:00;NORTE;SUDESTE/CENTRO-OESTE;7218.947
2024-05-17 04:00:00;NORTE;SUDESTE/CENTRO-OESTE;7438.482
2024-05-17 05:00:00;NORTE;SUDESTE/CENTRO-OESTE;8289.279
2024-05-17 06:00:00;NORTE;SUDESTE/CENTRO-OESTE;8314.52899999
2024-05-17 07:00:00;NORTE;SUDESTE/CENTRO-OESTE;7843.73699999
2024-05-17 08:00:00;NORTE;SUDESTE/CENTRO-OESTE;7749.399
2024-05-17 09:00:00;NORTE;SUDESTE/CENTRO-OESTE;7572.18699999
2024-05-17 10:00:00;NORTE;SUDESTE/CENTRO-OESTE;7502.094
2024-05-17 11:00:00;NORTE;SUDESTE/CENTRO-OESTE;7840.931
2024-05-17 12:00:00;NORTE;SUDESTE/CENTRO-OESTE;8093.994
2024-05-17 13:00:00;NORTE;SUDESTE/CENTRO-OESTE;8680.02099999
2024-05-17 14:00:00;NORTE;SUDESTE/CENTRO-OESTE;9307.15299999
2024-05-17 15:00:00;NORTE;SUDESTE/CENTRO-OESTE;9734.44
2024-05-17 16:00:00;NORTE;SUDESTE/CENTRO-OESTE;10127.262
2024-05-17 17:00:00;NORTE;SUDESTE/CENTRO-OESTE;10322.671
2024-05-17 18:00:00;NORTE;SUDESTE/CENTRO-OESTE;9981.785
2024-05-17 19:00:00;NORTE;SUDESTE/CENTRO-OESTE;9656.71099999
2024-05-17 20:00:00;NORTE;SUDESTE/CENTRO-OESTE;9606.63899999
2024-05-17 21:00:00;NORTE;SUDESTE/CENTRO-OESTE;9490.28099999
2024-05-17 22:00:00;NORTE;SUDESTE/CENTRO-OESTE;9417.279
2024-05-17 23:00:00;NORTE;SUDESTE/CENTRO-OESTE;9537.92099999
2024-05-18 00:00:00;NORTE;SUDESTE/CENTRO-OESTE;8660.21899999
2024-05-18 01:00:00;NORTE;SUDESTE/CENTRO-OESTE;7148.313
2024-05-18 02:00:00;NORTE;SUDESTE/CENTRO-OESTE;6104.086
2024-05-18 03:00:00;NORTE;SUDESTE/CENTRO-OESTE;5658.295
2024-05-18 04:00:00;NORTE;SUDESTE/CENTRO-OESTE;5490.222
2024-05-18 05:00:00;NORTE;SUDESTE/CENTRO-OESTE;5693.193
2024-05-18 06:00:00;NORTE;SUDESTE/CENTRO-OESTE;6047.326
2024-05-18 07:00:00;NORTE;SUDESTE/CENTRO-OESTE;6085.842
2024-05-18 08:00:00;NORTE;SUDESTE/CENTRO-OESTE;6179.5
2024-05-18 09:00:00;NORTE;SUDESTE/CENTRO-OESTE;6502.729
2024-05-18 10:00:00;NORTE;SUDESTE/CENTRO-OESTE;6453.531
2024-05-18 11:00:00;NORTE;SUDESTE/CENTRO-OESTE;6297.174
2024-05-18 12:00:00;NORTE;SUDESTE/CENTRO-OESTE;6099.323
2024-05-18 13:00:00;NORTE;SUDESTE/CENTRO-OESTE;5912.285
2024-05-18 14:00:00;NORTE;SUDESTE/CENTRO-OESTE;6127.572
2024-05-18 15:00:00;NORTE;SUDESTE/CENTRO-OESTE;6730.99799999
2024-05-18 16:00:00;NORTE;SUDESTE/CENTRO-OESTE;6756.74799999
2024-05-18 17:00:00;NORTE;SUDESTE/CENTRO-OESTE;6669.048
2024-05-18 18:00:00;NORTE;SUDESTE/CENTRO-OESTE;7243.052
2024-05-18 19:00:00;NORTE;SUDESTE/CENTRO-OESTE;7482.831
2024-05-18 20:00:00;NORTE;SUDESTE/CENTRO-OESTE;7307.368
2024-05-18 21:00:00;NORTE;SUDESTE/CENTRO-OESTE;6701.347
2024-05-18 22:00:00;NORTE;SUDESTE/CENTRO-OESTE;6453.584
2024-05-18 23:00:00;NORTE;SUDESTE/CENTRO-OESTE;5233.642
2024-05-19 00:00:00;NORTE;SUDESTE/CENTRO-OESTE;4307.091
2024-05-19 01:00:00;NORTE;SUDESTE/CENTRO-OESTE;3201.649
2024-05-19 02:00:00;NORTE;SUDESTE/CENTRO-OESTE;2551.405
2024-05-19 03:00:00;NORTE;SUDESTE/CENTRO-OESTE;2047.698
2024-05-19 04:00:00;NORTE;SUDESTE/CENTRO-OESTE;2137.744
2024-05-19 05:00:00;NORTE;SUDESTE/CENTRO-OESTE;2309.856
2024-05-19 06:00:00;NORTE;SUDESTE/CENTRO-OESTE;2591.551
2024-05-19 07:00:00;NORTE;SUDESTE/CENTRO-OESTE;3121.284
2024-05-19 08:00:00;NORTE;SUDESTE/CENTRO-OESTE;3261.897
2024-05-19 09:00:00;NORTE;SUDESTE/CENTRO-OESTE;3506.0
2024-05-19 10:00:00;NORTE;SUDESTE/CENTRO-OESTE;3061.323
2024-05-19 11:00:00;NORTE;SUDESTE/CENTRO-OESTE;2654.858
2024-05-19 12:00:00;NORTE;SUDESTE/CENTRO-OESTE;2704.39199999
2024-05-19 13:00:00;NORTE;SUDESTE/CENTRO-OESTE;2585.327
2024-05-19 14:00:00;NORTE;SUDESTE/CENTRO-OESTE;2890.705
2024-05-19 15:00:00;NORTE;SUDESTE/CENTRO-OESTE;3015.81
2024-05-19 16:00:00;NORTE;SUDESTE/CENTRO-OESTE;4549.73899999
2024-05-19 17:00:00;NORTE;SUDESTE/CENTRO-OESTE;6519.742
2024-05-19 18:00:00;NORTE;SUDESTE/CENTRO-OESTE;7415.634
2024-05-19 19:00:00;NORTE;SUDESTE/CENTRO-OESTE;7533.442
2024-05-19 20:00:00;NORTE;SUDESTE/CENTRO-OESTE;7524.808
2024-05-19 21:00:00;NORTE;SUDESTE/CENTRO-OESTE;6957.648
2024-05-19 22:00:00;NORTE;SUDESTE/CENTRO-OESTE;6016.485
2024-05-19 23:00:00;NORTE;SUDESTE/CENTRO-OESTE;5525.84
2024-05-20 00:00:00;NORTE;SUDESTE/CENTRO-OESTE;5547.337
2024-05-20 01:00:00;NORTE;SUDESTE/CENTRO-OESTE;5564.72999999
2024-05-20 02:00:00;NORTE;SUDESTE/CENTRO-OESTE;5718.761
2024-05-20 03:00:00;NORTE;SUDESTE/CENTRO-OESTE;5777.72
2024-05-20 04:00:00;NORTE;SUDESTE/CENTRO-OESTE;5928.54699999
2024-05-20 05:00:00;NORTE;SUDESTE/CENTRO-OESTE;6477.372
2024-05-20 06:00:00;NORTE;SUDESTE/CENTRO-OESTE;7654.518
2024-05-20 07:00:00;NORTE;SUDESTE/CENTRO-OESTE;7859.563
2024-05-20 08:00:00;NORTE;SUDESTE/CENTRO-OESTE;7859.01699999
2024-05-20 09:00:00;NORTE;SUDESTE/CENTRO-OESTE;7350.757
2024-05-20 10:00:00;NORTE;SUDESTE/CENTRO-OESTE;6742.179
2024-05-20 11:00:00;NORTE;SUDESTE/CENTRO-OESTE;6343.188
2024-05-20 12:00:00;NORTE;SUDESTE/CENTRO-OESTE;5974.935
2024-05-20 13:00:00;NORTE;SUDESTE/CENTRO-OESTE;6739.752
2024-05-20 14:00:00;NORTE;SUDESTE/CENTRO-OESTE;7566.27499999
2024-05-20 15:00:00;NORTE;SUDESTE/CENTRO-OESTE;8292.892
2024-05-20 16:00:00;NORTE;SUDESTE/CENTRO-OESTE;8488.176
2024-05-20 17:00:00;NORTE;SUDESTE/CENTRO-OESTE;8870.58099999
2024-05-20 18:00:00;NORTE;SUDESTE/CENTRO-OESTE;10078.599
2024-05-20 19:00:00;NORTE;SUDESTE/CENTRO-OESTE;9709.68399999
2024-05-20 20:00:00;NORTE;SUDESTE/CENTRO-OESTE;9509.982
2024-05-20 21:00:00;NORTE;SUDESTE/CENTRO-OESTE;9174.95199999
2024-05-20 22:00:00;NORTE;SUDESTE/CENTRO-OESTE;8281.829
2024-05-20 23:00:00;NORTE;SUDESTE/CENTRO-OESTE;7363.905
2024-05-21 00:00:00;NORTE;SUDESTE/CENTRO-OESTE;7056.035
2024-05-21 01:00:00;NORTE;SUDESTE/CENTRO-OESTE;7052.225
2024-05-21 02:00:00;NORTE;SUDESTE/CENTRO-OESTE;7126.982
2024-05-21 03:00:00;NORTE;SUDESTE/CENTRO-OESTE;6853.717
2024-05-21 04:00:00;NORTE;SUDESTE/CENTRO-OESTE;6878.753
2024-05-21 05:00:00;NORTE;SUDESTE/CENTRO-OESTE;7426.23099999
2024-05-21 06:00:00;NORTE;SUDESTE/CENTRO-OESTE;8029.48099999
2024-05-21 07:00:00;NORTE;SUDESTE/CENTRO-OESTE;7902.586
2024-05-21 08:00:00;NORTE;SUDESTE/CENTRO-OESTE;7369.619
2024-05-21 09:00:00;NORTE;SUDESTE/CENTRO-OESTE;7566.77699999
2024-05-21 10:00:00;NORTE;SUDESTE/CENTRO-OESTE;7176.557
2024-05-21 11:00:00;NORTE;SUDESTE/CENTRO-OESTE;6526.111
2024-05-21 12:00:00;NORTE;SUDESTE/CENTRO-OESTE;5884.691
2024-05-21 13:00:00;NORTE;SUDESTE/CENTRO-OESTE;6132.469
2024-05-21 14:00:00;NORTE;SUDESTE/CENTRO-OESTE;6325.638
2024-05-21 15:00:00;NORTE;SUDESTE/CENTRO-OESTE;7377.669
2024-05-21 16:00:00;NORTE;SUDESTE/CENTRO-OESTE;9357.43
2024-05-21 17:00:00;NORTE;SUDESTE/CENTRO-OESTE;9776.90499999
2024-05-21 18:00:00;NORTE;SUDESTE/CENTRO-OESTE;9554.946
2024-05-21 19:00:00;NORTE;SUDESTE/CENTRO-OESTE;9660.534
2024-05-21 20:00:00;NORTE;SUDESTE/CENTRO-OESTE;9580.119
2024-05-21 21:00:00;NORTE;SUDESTE/CENTRO-OESTE;9181.294
2024-05-21 22:00:00;NORTE;SUDESTE/CENTRO-OESTE;8491.822
2024-05-21 23:00:00;NORTE;SUDESTE/CENTRO-OESTE;8109.108
2024-05-22 00:00:00;NORTE;SUDESTE/CENTRO-OESTE;7187.319
2024-05-22 01:00:00;NORTE;SUDESTE/CENTRO-OESTE;6085.041
2024-05-22 02:00:00;NORTE;SUDESTE/CENTRO-OESTE;5070.904
2024-05-22 03:00:00;NORTE;SUDESTE/CENTRO-OESTE;4646.018
2024-05-22 04:00:00;NORTE;SUDESTE/CENTRO-OESTE;4861.104
2024-05-22 05:00:00;NORTE;SUDESTE/CENTRO-OESTE;5587.175
2024-05-22 06:00:00;NORTE;SUDESTE/CENTRO-OESTE;6910.629
2024-05-22 07:00:00;NORTE;SUDESTE/CENTRO-OESTE;7312.89
2024-05-22 08:00:00;NORTE;SUDESTE/CENTRO-OESTE;6211.823
2024-05-22 09:00:00;NORTE;SUDESTE/CENTRO-OESTE;5917.462
2024-05-22 10:00:00;NORTE;SUDESTE/CENTRO-OESTE;5828.412
2024-05-22 11:00:00;NORTE;SUDESTE/CENTRO-OESTE;5835.305
2024-05-22 12:00:00;NORTE;SUDESTE/CENTRO-OESTE;5484.496
2024-05-22 13:00:00;NORTE;SUDESTE/CENTRO-OESTE;5995.878
2024-05-22 14:00:00;NORTE;SUDESTE/CENTRO-OESTE;6950.693
2024-05-22 15:00:00;NORTE;SUDESTE/CENTRO-OESTE;7770.084
2024-05-22 16:00:00;NORTE;SUDESTE/CENTRO-OESTE;8331.806
2024-05-22 17:00:00;NORTE;SUDESTE/CENTRO-OESTE;8459.23699999
2024-05-22 18:00:00;NORTE;SUDESTE/CENTRO-OESTE;8864.94299999
2024-05-22 19:00:00;NORTE;SUDESTE/CENTRO-OESTE;8628.42499999
2024-05-22 20:00:00;NORTE;SUDESTE/CENTRO-OESTE;8316.587
2024-05-22 21:00:00;NORTE;SUDESTE/CENTRO-OESTE;8194.524
2024-05-22 22:00:00;NORTE;SUDESTE/CENTRO-OESTE;7523.54899999
2024-05-22 23:00:00;NORTE;SUDESTE/CENTRO-OESTE;7136.332
2024-05-23 00:00:00;NORTE;SUDESTE/CENTRO-OESTE;6678.602
2024-05-23 01:00:00;NORTE;SUDESTE/CENTRO-OESTE;5482.167
2024-05-23 02:00:00;NORTE;SUDESTE/CENTRO-OESTE;5089.086
2024-05-23 03:00:00;NORTE;SUDESTE/CENTRO-OESTE;5139.718
2024-05-23 04:00:00;NORTE;SUDESTE/CENTRO-OESTE;5216.56099999
2024-05-23 05:00:00;NORTE;SUDESTE/CENTRO-OESTE;5519.781
2024-05-23 06:00:00;NORTE;SUDESTE/CENTRO-OESTE;6525.4
2024-05-23 07:00:00;NORTE;SUDESTE/CENTRO-OESTE;7332.008
2024-05-23 08:00:00;NORTE;SUDESTE/CENTRO-OESTE;6301.403
2024-05-23 09:00:00;NORTE;SUDESTE/CENTRO-OESTE;5978.61399999
2024-05-23 10:00:00;NORTE;SUDESTE/CENTRO-OESTE;5985.358
2024-05-23 11:00:00;NORTE;SUDESTE/CENTRO-OESTE;6202.64
2024-05-23 12:00:00;NORTE;SUDESTE/CENTRO-OESTE;6195.236
2024-05-23 13:00:00;NORTE;SUDESTE/CENTRO-OESTE;6594.035
2024-05-23 14:00:00;NORTE;SUDESTE/CENTRO-OESTE;7366.423
2024-05-23 15:00:00;NORTE;SUDESTE/CENTRO-OESTE;8464.52299999
2024-05-23 16:00:00;NORTE;SUDESTE/CENTRO-OESTE;9603.891
2024-05-23 17:00:00;NORTE;SUDESTE/CENTRO-OESTE;9792.45
2024-05-23 18:00:00;NORTE;SUDESTE/CENTRO-OESTE;9385.976
2024-05-23 19:00:00;NORTE;SUDESTE/CENTRO-OESTE;8949.958
2024-05-23 20:00:00;NORTE;SUDESTE/CENTRO-OESTE;8633.42
2024-05-23 21:00:00;NORTE;SUDESTE/CENTRO-OESTE;8061.518
2024-05-23 22:00:00;NORTE;SUDESTE/CENTRO-OESTE;7495.044
2024-05-23 23:00:00;NORTE;SUDESTE/CENTRO-OESTE;7045.145
2024-05-24 00:00:00;NORTE;SUDESTE/CENTRO-OESTE;7185.027
2024-05-24 01:00:00;NORTE;SUDESTE/CENTRO-OESTE;5830.128
2024-05-24 02:00:00;NORTE;SUDESTE/CENTRO-OESTE;4774.76599999
2024-05-24 03:00:00;NORTE;SUDESTE/CENTRO-OESTE;3994.1
2024-05-24 04:00:00;NORTE;SUDESTE/CENTRO-OESTE;4112.414
2024-05-24 05:00:00;NORTE;SUDESTE/CENTRO-OESTE;4219.059
2024-05-24 06:00:00;NORTE;SUDESTE/CENTRO-OESTE;4915.063
2024-05-24 07:00:00;NORTE;SUDESTE/CENTRO-OESTE;6096.715
2024-05-24 08:00:00;NORTE;SUDESTE/CENTRO-OESTE;6498.119
2024-05-24 09:00:00;NORTE;SUDESTE/CENTRO-OESTE;6727.438
2024-05-24 10:00:00;NORTE;SUDESTE/CENTRO-OESTE;6994.325
2024-05-24 11:00:00;NORTE;SUDESTE/CENTRO-OESTE;7379.68299999
2024-05-24 12:00:00;NORTE;SUDESTE/CENTRO-OESTE;7146.184
2024-05-24 13:00:00;NORTE;SUDESTE/CENTRO-OESTE;7729.596
2024-05-24 14:00:00;NORTE;SUDESTE/CENTRO-OESTE;9355.53699999
2024-05-24 15:00:00;NORTE;SUDESTE/CENTRO-OESTE;9593.097
2024-05-24 16:00:00;NORTE;SUDESTE/CENTRO-OESTE;9589.49299999
2024-05-24 17:00:00;NORTE;SUDESTE/CENTRO-OESTE;9770.616
2024-05-24 18:00:00;NORTE;SUDESTE/CENTRO-OESTE;9574.492
2024-05-24 19:00:00;NORTE;SUDESTE/CENTRO-OESTE;9104.216
2024-05-24 20:00:00;NORTE;SUDESTE/CENTRO-OESTE;8706.868
2024-05-24 21:00:00;NORTE;SUDESTE/CENTRO-OESTE;8309.49699999
2024-05-24 22:00:00;NORTE;SUDESTE/CENTRO-OESTE;8299.108
2024-05-24 23:00:00;NORTE;SUDESTE/CENTRO-OESTE;8036.07099999
2024-05-25 00:00:00;NORTE;SUDESTE/CENTRO-OESTE;7248.863
2024-05-25 01:00:00;NORTE;SUDESTE/CENTRO-OESTE;4607.253
2024-05-25 02:00:00;NORTE;SUDESTE/CENTRO-OESTE;3565.116
2024-05-25 03:00:00;NORTE;SUDESTE/CENTRO-OESTE;2585.28699999
2024-05-25 04:00:00;NORTE;SUDESTE/CENTRO-OESTE;2275.54799999
2024-05-25 05:00:00;NORTE;SUDESTE/CENTRO-OESTE;2207.056
2024-05-25 06:00:00;NORTE;SUDESTE/CENTRO-OESTE;2692.0
2024-05-25 07:00:00;NORTE;SUDESTE/CENTRO-OESTE;2700.313
2024-05-25 08:00:00;NORTE;SUDESTE/CENTRO-OESTE;2977.073
2024-05-25 09:00:00;NORTE;SUDESTE/CENTRO-OESTE;2989.225
2024-05-25 10:00:00;NORTE;SUDESTE/CENTRO-OESTE;2783.724
2024-05-25 11:00:00;NORTE;SUDESTE/CENTRO-OESTE;2799.935
2024-05-25 12:00:00;NORTE;SUDESTE/CENTRO-OESTE;2625.44
2024-05-25 13:00:00;NORTE;SUDESTE/CENTRO-OESTE;2547.073
2024-05-25 14:00:00;NORTE;SUDESTE/CENTRO-OESTE;2803.906
2024-05-25 15:00:00;NORTE;SUDESTE/CENTRO-OESTE;3212.892
2024-05-25 16:00:00;NORTE;SUDESTE/CENTRO-OESTE;4721.224
2024-05-25 17:00:00;NORTE;SUDESTE/CENTRO-OESTE;6450.886
2024-05-25 18:00:00;NORTE;SUDESTE/CENTRO-OESTE;7274.223
2024-05-25 19:00:00;NORTE;SUDESTE/CENTRO-OESTE;7035.818
2024-05-25 20:00:00;NORTE;SUDESTE/CENTRO-OESTE;5324.612
2024-05-25 21:00:00;NORTE;SUDESTE/CENTRO-OESTE;4470.062
2024-05-25 22:00:00;NORTE;SUDESTE/CENTRO-OESTE;3428.678
2024-05-25 23:00:00;NORTE;SUDESTE/CENTRO-OESTE;2638.068
2024-05-26 00:00:00;NORTE;SUDESTE/CENTRO-OESTE;1667.206
2024-05-26 01:00:00;NORTE;SUDESTE/CENTRO-OESTE;1110.592
2024-05-26 02:00:00;NORTE;SUDESTE/CENTRO-OESTE;813.973
2024-05-26 03:00:00;NORTE;SUDESTE/CENTRO-OESTE;796.942
2024-05-26 04:00:00;NORTE;SUDESTE/CENTRO-OESTE;530.592
2024-05-26 05:00:00;NORTE;SUDESTE/CENTRO-OESTE;661.22799999
2024-05-26 06:00:00;NORTE;SUDESTE/CENTRO-OESTE;1343.60999999
2024-05-26 07:00:00;NORTE;SUDESTE/CENTRO-OESTE;1363.72499999
2024-05-26 08:00:00;NORTE;SUDESTE/CENTRO-OESTE;1780.498
2024-05-26 09:00:00;NORTE;SUDESTE/CENTRO-OESTE;2542.083
2024-05-26 10:00:00;NORTE;SUDESTE/CENTRO-OESTE;2690.239
2024-05-26 11:00:00;NORTE;SUDESTE/CENTRO-OESTE;2750.841
2024-05-26 12:00:00;NORTE;SUDESTE/CENTRO-OESTE;2779.297
2024-05-26 13:00:00;NORTE;SUDESTE/CENTRO-OESTE;2610.827
2024-05-26 14:00:00;NORTE;SUDESTE/CENTRO-OESTE;2558.369
2024-05-26 15:00:00;NORTE;SUDESTE/CENTRO-OESTE;2794.013
2024-05-26 16:00:00;NORTE;SUDESTE/CENTRO-OESTE;3839.635
2024-05-26 17:00:00;NORTE;SUDESTE/CENTRO-OESTE;6311.30599999
2024-05-26 18:00:00;NORTE;SUDESTE/CENTRO-OESTE;8580.284
2024-05-26 19:00:00;NORTE;SUDESTE/CENTRO-OESTE;6965.964
2024-05-26 20:00:00;NORTE;SUDESTE/CENTRO-OESTE;6032.934
2024-05-26 21:00:00;NORTE;SUDESTE/CENTRO-OESTE;5504.698
2024-05-26 22:00:00;NORTE;SUDESTE/CENTRO-OESTE;3748.177
2024-05-26 23:00:00;NORTE;SUDESTE/CENTRO-OESTE;2580.429
2024-05-27 00:00:00;NORTE;SUDESTE/CENTRO-OESTE;1742.754
2024-05-27 01:00:00;NORTE;SUDESTE/CENTRO-OESTE;1760.432
2024-05-27 02:00:00;NORTE;SUDESTE/CENTRO-OESTE;1984.348
2024-05-27 03:00:00;NORTE;SUDESTE/CENTRO-OESTE;2141.643
2024-05-27 04:00:00;NORTE;SUDESTE/CENTRO-OESTE;2341.32499999
2024-05-27 05:00:00;NORTE;SUDESTE/CENTRO-OESTE;3121.4
2024-05-27 06:00:00;NORTE;SUDESTE/CENTRO-OESTE;4555.209
2024-05-27 07:00:00;NORTE;SUDESTE/CENTRO-OESTE;5872.705
2024-05-27 08:00:00;NORTE;SUDESTE/CENTRO-OESTE;6101.305
2024-05-27 09:00:00;NORTE;SUDESTE/CENTRO-OESTE;6140.968
2024-05-27 10:00:00;NORTE;SUDESTE/CENTRO-OESTE;6645.813
2024-05-27 11:00:00;NORTE;SUDESTE/CENTRO-OESTE;6933.284
2024-05-27 12:00:00;NORTE;SUDESTE/CENTRO-OESTE;7031.912
2024-05-27 13:00:00;NORTE;SUDESTE/CENTRO-OESTE;7513.058
2024-05-27 14:00:00;NORTE;SUDESTE/CENTRO-OESTE;8292.37099999
2024-05-27 15:00:00;NORTE;SUDESTE/CENTRO-OESTE;9610.07699999
2024-05-27 16:00:00;NORTE;SUDESTE/CENTRO-OESTE;9535.241
2024-05-27 17:00:00;NORTE;SUDESTE/CENTRO-OESTE;9604.571
2024-05-27 18:00:00;NORTE;SUDESTE/CENTRO-OESTE;9695.991
2024-05-27 19:00:00;NORTE;SUDESTE/CENTRO-OESTE;9119.561
2024-05-27 20:00:00;NORTE;SUDESTE/CENTRO-OESTE;8638.504
2024-05-27 21:00:00;NORTE;SUDESTE/CENTRO-OESTE;8126.748
2024-05-27 22:00:00;NORTE;SUDESTE/CENTRO-OESTE;6895.124
2024-05-27 23:00:00;NORTE;SUDESTE/CENTRO-OESTE;5298.229
2024-05-28 00:00:00;NORTE;SUDESTE/CENTRO-OESTE;3067.723
2024-05-28 01:00:00;NORTE;SUDESTE/CENTRO-OESTE;1724.759
2024-05-28 02:00:00;NORTE;SUDESTE/CENTRO-OESTE;1714.996
2024-05-28 03:00:00;NORTE;SUDESTE/CENTRO-OESTE;1757.832
2024-05-28 04:00:00;NORTE;SUDESTE/CENTRO-OESTE;1793.077
2024-05-28 05:00:00;NORTE;SUDESTE/CENTRO-OESTE;2023.544
2024-05-28 06:00:00;NORTE;SUDESTE/CENTRO-OESTE;3357.419
2024-05-28 07:00:00;NORTE;SUDESTE/CENTRO-OESTE;3729.435
2024-05-28 08:00:00;NORTE;SUDESTE/CENTRO-OESTE;4178.923
2024-05-28 09:00:00;NORTE;SUDESTE/CENTRO-OESTE;4282.179
2024-05-28 10:00:00;NORTE;SUDESTE/CENTRO-OESTE;4052.234
2024-05-28 11:00:00;NORTE;SUDESTE/CENTRO-OESTE;3458.097
2024-05-28 12:00:00;NORTE;SUDESTE/CENTRO-OESTE;3034.524
2024-05-28 13:00:00;NORTE;SUDESTE/CENTRO-OESTE;2952.435
2024-05-28 14:00:00;NORTE;SUDESTE/CENTRO-OESTE;3327.533
2024-05-28 15:00:00;NORTE;SUDESTE/CENTRO-OESTE;4176.64
2024-05-28 16:00:00;NORTE;SUDESTE/CENTRO-OESTE;5089.267
2024-05-28 17:00:00;NORTE;SUDESTE/CENTRO-OESTE;5774.149
2024-05-28 18:00:00;NORTE;SUDESTE/CENTRO-OESTE;8474.14
2024-05-28 19:00:00;NORTE;SUDESTE/CENTRO-OESTE;8542.82699999
2024-05-28 20:00:00;NORTE;SUDESTE/CENTRO-OESTE;8313.928
2024-05-28 21:00:00;NORTE;SUDESTE/CENTRO-OESTE;8138.706
2024-05-28 22:00:00;NORTE;SUDESTE/CENTRO-OESTE;7774.269
2024-05-28 23:00:00;NORTE;SUDESTE/CENTRO-OESTE;6236.686
2024-05-29 00:00:00;NORTE;SUDESTE/CENTRO-OESTE;3347.578
2024-05-29 01:00:00;NORTE;SUDESTE/CENTRO-OESTE;2100.522
2024-05-29 02:00:00;NORTE;SUDESTE/CENTRO-OESTE;1194.455
2024-05-29 03:00:00;NORTE;SUDESTE/CENTRO-OESTE;1258.573
2024-05-29 04:00:00;NORTE;SUDESTE/CENTRO-OESTE;1268.791
2024-05-29 05:00:00;NORTE;SUDESTE/CENTRO-OESTE;2015.935
2024-05-29 06:00:00;NORTE;SUDESTE/CENTRO-OESTE;4708.261
2024-05-29 07:00:00;NORTE;SUDESTE/CENTRO-OESTE;5186.044
2024-05-29 08:00:00;NORTE;SUDESTE/CENTRO-OESTE;5023.945
2024-05-29 09:00:00;NORTE;SUDESTE/CENTRO-OESTE;4355.68599999
2024-05-29 10:00:00;NORTE;SUDESTE/CENTRO-OESTE;3981.648
2024-05-29 11:00:00;NORTE;SUDESTE/CENTRO-OESTE;3403.663
2024-05-29 12:00:00;NORTE;SUDESTE/CENTRO-OESTE;2111.0
2024-05-29 13:00:00;NORTE;SUDESTE/CENTRO-OESTE;1808.797
2024-05-29 14:00:00;NORTE;SUDESTE/CENTRO-OESTE;1986.783
2024-05-29 15:00:00;NORTE;SUDESTE/CENTRO-OESTE;2601.8
2024-05-29 16:00:00;NORTE;SUDESTE/CENTRO-OESTE;3435.013
2024-05-29 17:00:00;NORTE;SUDESTE/CENTRO-OESTE;5974.062
2024-05-29 18:00:00;NORTE;SUDESTE/CENTRO-OESTE;8456.218
2024-05-29 19:00:00;NORTE;SUDESTE/CENTRO-OESTE;8796.777
2024-05-29 20:00:00;NORTE;SUDESTE/CENTRO-OESTE;8374.84499999
2024-05-29 21:00:00;NORTE;SUDESTE/CENTRO-OESTE;8255.293
2024-05-29 22:00:00;NORTE;SUDESTE/CENTRO-OESTE;7948.432
2024-05-29 23:00:00;NORTE;SUDESTE/CENTRO-OESTE;6252.97999999
2024-05-30 00:00:00;NORTE;SUDESTE/CENTRO-OESTE;4905.722
2024-05-30 01:00:00;NORTE;SUDESTE/CENTRO-OESTE;3534.921
2024-05-30 02:00:00;NORTE;SUDESTE/CENTRO-OESTE;2255.65
2024-05-30 03:00:00;NORTE;SUDESTE/CENTRO-OESTE;1927.739
2024-05-30 04:00:00;NORTE;SUDESTE/CENTRO-OESTE;1657.92
2024-05-30 05:00:00;NORTE;SUDESTE/CENTRO-OESTE;1854.508
2024-05-30 06:00:00;NORTE;SUDESTE/CENTRO-OESTE;2412.908
2024-05-30 07:00:00;NORTE;SUDESTE/CENTRO-OESTE;2856.665
2024-05-30 08:00:00;NORTE;SUDESTE/CENTRO-OESTE;2693.32499999
2024-05-30 09:00:00;NORTE;SUDESTE/CENTRO-OESTE;2393.23
2024-05-30 10:00:00;NORTE;SUDESTE/CENTRO-OESTE;2152.062
2024-05-30 11:00:00;NORTE;SUDESTE/CENTRO-OESTE;1894.18
2024-05-30 12:00:00;NORTE;SUDESTE/CENTRO-OESTE;1982.605
2024-05-30 13:00:00;NORTE;SUDESTE/CENTRO-OESTE;2200.024
2024-05-30 14:00:00;NORTE;SUDESTE/CENTRO-OESTE;1965.108
2024-05-30 15:00:00;NORTE;SUDESTE/CENTRO-OESTE;2412.802
2024-05-30 16:00:00;NORTE;SUDESTE/CENTRO-OESTE;3656.754
2024-05-30 17:00:00;NORTE;SUDESTE/CENTRO-OESTE;6708.001
2024-05-30 18:00:00;NORTE;SUDESTE/CENTRO-OESTE;8333.75
2024-05-30 19:00:00;NORTE;SUDESTE/CENTRO-OESTE;8476.368
2024-05-30 20:00:00;NORTE;SUDESTE/CENTRO-OESTE;8026.759
2024-05-30 21:00:00;NORTE;SUDESTE/CENTRO-OESTE;7324.622
2024-05-30 22:00:00;NORTE;SUDESTE/CENTRO-OESTE;5931.245
2024-05-30 23:00:00;NORTE;SUDESTE/CENTRO-OESTE;5073.362
2024-05-31 00:00:00;NORTE;SUDESTE/CENTRO-OESTE;4167.37
2024-05-31 01:00:00;NORTE;SUDESTE/CENTRO-OESTE;3996.327
2024-05-31 02:00:00;NORTE;SUDESTE/CENTRO-OESTE;3882.41
2024-05-31 03:00:00;NORTE;SUDESTE/CENTRO-OESTE;3836.776
2024-05-31 04:00:00;NORTE;SUDESTE/CENTRO-OESTE;4071.674
2024-05-31 05:00:00;NORTE;SUDESTE/CENTRO-OESTE;4199.5
2024-05-31 06:00:00;NORTE;SUDESTE/CENTRO-OESTE;5519.63199999
2024-05-31 07:00:00;NORTE;SUDESTE/CENTRO-OESTE;6710.203
2024-05-31 08:00:00;NORTE;SUDESTE/CENTRO-OESTE;6859.64
2024-05-31 09:00:00;NORTE;SUDESTE/CENTRO-OESTE;6532.042
2024-05-31 10:00:00;NORTE;SUDESTE/CENTRO-OESTE;5855.069
2024-05-31 11:00:00;NORTE;SUDESTE/CENTRO-OESTE;5486.194
2024-05-31 12:00:00;NORTE;SUDESTE/CENTRO-OESTE;4839.644
2024-05-31 13:00:00;NORTE;SUDESTE/CENTRO-OESTE;4738.104
2024-05-31 14:00:00;NORTE;SUDESTE/CENTRO-OESTE;4342.036
2024-05-31 15:00:00;NORTE;SUDESTE/CENTRO-OESTE;4822.555
2024-05-31 16:00:00;NORTE;SUDESTE/CENTRO-OESTE;6961.599
2024-05-31 17:00:00;NORTE;SUDESTE/CENTRO-OESTE;8207.251
2024-05-31 18:00:00;NORTE;SUDESTE/CENTRO-OESTE;8122.862
2024-05-31 19:00:00;NORTE;SUDESTE/CENTRO-OESTE;7857.868
2024-05-31 20:00:00;NORTE;SUDESTE/CENTRO-OESTE;7164.502
2024-05-31 21:00:00;NORTE;SUDESTE/CENTRO-OESTE;6185.63199999
2024-05-31 22:00:00;NORTE;SUDESTE/CENTRO-OESTE;4768.76599999
2024-05-31 23:00:00;NORTE;SUDESTE/CENTRO-OESTE;4553.946
2024-06-01 00:00:00;NORTE;SUDESTE/CENTRO-OESTE;4575.236
2024-06-01 01:00:00;NORTE;SUDESTE/CENTRO-OESTE;4165.61399999
2024-06-01 02:00:00;NORTE;SUDESTE/CENTRO-OESTE;3536.136
2024-06-01 03:00:00;NORTE;SUDESTE/CENTRO-OESTE;3399.651
2024-06-01 04:00:00;NORTE;SUDESTE/CENTRO-OESTE;3159.928
2024-06-01 05:00:00;NORTE;SUDESTE/CENTRO-OESTE;3351.606
2024-06-01 06:00:00;NORTE;SUDESTE/CENTRO-OESTE;3764.458
2024-06-01 07:00:00;NORTE;SUDESTE/CENTRO-OESTE;3224.435
2024-06-01 08:00:00;NORTE;SUDESTE/CENTRO-OESTE;2790.279
2024-06-01 09:00:00;NORTE;SUDESTE/CENTRO-OESTE;2519.141
2024-06-01 10:00:00;NORTE;SUDESTE/CENTRO-OESTE;2666.09299999
2024-06-01 11:00:00;NORTE;SUDESTE/CENTRO-OESTE;2705.284
2024-06-01 12:00:00;NORTE;SUDESTE/CENTRO-OESTE;3018.334
2024-06-01 13:00:00;NORTE;SUDESTE/CENTRO-OESTE;3078.147
2024-06-01 14:00:00;NORTE;SUDESTE/CENTRO-OESTE;2923.324
2024-06-01 15:00:00;NORTE;SUDESTE/CENTRO-OESTE;3209.64
2024-06-01 16:00:00;NORTE;SUDESTE/CENTRO-OESTE;4806.82399999
2024-06-01 17:00:00;NORTE;SUDESTE/CENTRO-OESTE;6649.953
2024-06-01 18:00:00;NORTE;SUDESTE/CENTRO-OESTE;8711.936
2024-06-01 19:00:00;NORTE;SUDESTE/CENTRO-OESTE;7380.447
2024-06-01 20:00:00;NORTE;SUDESTE/CENTRO-OESTE;6600.706
2024-06-01 21:00:00;NORTE;SUDESTE/CENTRO-OESTE;5280.145
2024-06-01 22:00:00;NORTE;SUDESTE/CENTRO-OESTE;4327.15899999
2024-06-01 23:00:00;NORTE;SUDESTE/CENTRO-OESTE;4152.13199999
2024-06-02 00:00:00;NORTE;SUDESTE/CENTRO-OESTE;4149.192
2024-06-02 01:00:00;NORTE;SUDESTE/CENTRO-OESTE;3601.671
2024-06-02 02:00:00;NORTE;SUDESTE/CENTRO-OESTE;3202.958
2024-06-02 03:00:00;NORTE;SUDESTE/CENTRO-OESTE;2706.704
2024-06-02 04:00:00;NORTE;SUDESTE/CENTRO-OESTE;2278.349
2024-06-02 05:00:00;NORTE;SUDESTE/CENTRO-OESTE;2217.592
2024-06-02 06:00:00;NORTE;SUDESTE/CENTRO-OESTE;2049.911
2024-06-02 07:00:00;NORTE;SUDESTE/CENTRO-OESTE;2365.141
2024-06-02 08:00:00;NORTE;SUDESTE/CENTRO-OESTE;2337.84499999
2024-06-02 09:00:00;NORTE;SUDESTE/CENTRO-OESTE;2125.926
2024-06-02 10:00:00;NORTE;SUDESTE/CENTRO-OESTE;1934.664
2024-06-02 11:00:00;NORTE;SUDESTE/CENTRO-OESTE;2000.868
2024-06-02 12:00:00;NORTE;SUDESTE/CENTRO-OESTE;1923.533
2024-06-02 13:00:00;NORTE;SUDESTE/CENTRO-OESTE;1684.792
2024-06-02 14:00:00;NORTE;SUDESTE/CENTRO-OESTE;1322.718
2024-06-02 15:00:00;NORTE;SUDESTE/CENTRO-OESTE;1713.741
2024-06-02 16:00:00;NORTE;SUDESTE/CENTRO-OESTE;2807.135
2024-06-02 17:00:00;NORTE;SUDESTE/CENTRO-OESTE;5757.447
2024-06-02 18:00:00;NORTE;SUDESTE/CENTRO-OESTE;7970.586
2024-06-02 19:00:00;NORTE;SUDESTE/CENTRO-OESTE;7957.59699999
2024-06-02 20:00:00;NORTE;SUDESTE/CENTRO-OESTE;6644.859
2024-06-02 21:00:00;NORTE;SUDESTE/CENTRO-OESTE;5103.83
2024-06-02 22:00:00;NORTE;SUDESTE/CENTRO-OESTE;4191.303
2024-06-02 23:00:00;NORTE;SUDESTE/CENTRO-OESTE;3538.087
2024-06-03 00:00:00;NORTE;SUDESTE/CENTRO-OESTE;2652.73999999
2024-06-03 01:00:00;NORTE;SUDESTE/CENTRO-OESTE;2049.344
2024-06-03 02:00:00;NORTE;SUDESTE/CENTRO-OESTE;2069.536
2024-06-03 03:00:00;NORTE;SUDESTE/CENTRO-OESTE;2137.346
2024-06-03 04:00:00;NORTE;SUDESTE/CENTRO-OESTE;2193.204
2024-06-03 05:00:00;NORTE;SUDESTE/CENTRO-OESTE;2669.03
2024-06-03 06:00:00;NORTE;SUDESTE/CENTRO-OESTE;3893.16
2024-06-03 07:00:00;NORTE;SUDESTE/CENTRO-OESTE;5117.133
2024-06-03 08:00:00;NORTE;SUDESTE/CENTRO-OESTE;4558.704
2024-06-03 09:00:00;NORTE;SUDESTE/CENTRO-OESTE;4442.768
2024-06-03 10:00:00;NORTE;SUDESTE/CENTRO-OESTE;4333.25
2024-06-03 11:00:00;NORTE;SUDESTE/CENTRO-OESTE;4176.122
2024-06-03 12:00:00;NORTE;SUDESTE/CENTRO-OESTE;3883.415
2024-06-03 13:00:00;NORTE;SUDESTE/CENTRO-OESTE;3627.622
2024-06-03 14:00:00;NORTE;SUDESTE/CENTRO-OESTE;4168.242
2024-06-03 15:00:00;NORTE;SUDESTE/CENTRO-OESTE;5841.948
2024-06-03 16:00:00;NORTE;SUDESTE/CENTRO-OESTE;7338.269
2024-06-03 17:00:00;NORTE;SUDESTE/CENTRO-OESTE;7742.19099999
2024-06-03 18:00:00;NORTE;SUDESTE/CENTRO-OESTE;8224.873
2024-06-03 19:00:00;NORTE;SUDESTE/CENTRO-OESTE;7469.047
2024-06-03 20:00:00;NORTE;SUDESTE/CENTRO-OESTE;7146.259
2024-06-03 21:00:00;NORTE;SUDESTE/CENTRO-OESTE;6107.617
2024-06-03 22:00:00;NORTE;SUDESTE/CENTRO-OESTE;5501.255
2024-06-03 23:00:00;NORTE;SUDESTE/CENTRO-OESTE;3836.698
2024-06-04 00:00:00;NORTE;SUDESTE/CENTRO-OESTE;1856.824
2024-06-04 01:00:00;NORTE;SUDESTE/CENTRO-OESTE;1094.693
2024-06-04 02:00:00;NORTE;SUDESTE/CENTRO-OESTE;574.04999999
2024-06-04 03:00:00;NORTE;SUDESTE/CENTRO-OESTE;399.952
2024-06-04 04:00:00;NORTE;SUDESTE/CENTRO-OESTE;595.676
2024-06-04 05:00:00;NORTE;SUDESTE/CENTRO-OESTE;1061.13899999
2024-06-04 06:00:00;NORTE;SUDESTE/CENTRO-OESTE;2528.35
2024-06-04 07:00:00;NORTE;SUDESTE/CENTRO-OESTE;3971.867
2024-06-04 08:00:00;NORTE;SUDESTE/CENTRO-OESTE;3930.529
2024-06-04 09:00:00;NORTE;SUDESTE/CENTRO-OESTE;3306.259
2024-06-04 10:00:00;NORTE;SUDESTE/CENTRO-OESTE;2993.11
2024-06-04 11:00:00;NORTE;SUDESTE/CENTRO-OESTE;2622.085
2024-06-04 12:00:00;NORTE;SUDESTE/CENTRO-OESTE;2297.05499999
2024-06-04 13:00:00;NORTE;SUDESTE/CENTRO-OESTE;2080.248
2024-06-04 14:00:00;NORTE;SUDESTE/CENTRO-OESTE;3234.768
2024-06-04 15:00:00;NORTE;SUDESTE/CENTRO-OESTE;4293.99799999
2024-06-04 16:00:00;NORTE;SUDESTE/CENTRO-OESTE;5190.225
2024-06-04 17:00:00;NORTE;SUDESTE/CENTRO-OESTE;5525.715
2024-06-04 18:00:00;NORTE;SUDESTE/CENTRO-OESTE;7583.486
2024-06-04 19:00:00;NORTE;SUDESTE/CENTRO-OESTE;7995.56099999
2024-06-04 20:00:00;NORTE;SUDESTE/CENTRO-OESTE;7482.675
2024-06-04 21:00:00;NORTE;SUDESTE/CENTRO-OESTE;6610.619
2024-06-04 22:00:00;NORTE;SUDESTE/CENTRO-OESTE;5432.832
2024-06-04 23:00:00;NORTE;SUDESTE/CENTRO-OESTE;4658.522
2024-06-05 00:00:00;NORTE;SUDESTE/CENTRO-OESTE;2365.329
2024-06-05 01:00:00;NORTE;SUDESTE/CENTRO-OESTE;358.799
2024-06-05 02:00:00;NORTE;SUDESTE/CENTRO-OESTE;216.822
2024-06-05 03:00:00;NORTE;SUDESTE/CENTRO-OESTE;87.031
2024-06-05 04:00:00;NORTE;SUDESTE/CENTRO-OESTE;347.435
2024-06-05 05:00:00;NORTE;SUDESTE/CENTRO-OESTE;689.849
2024-06-05 06:00:00;NORTE;SUDESTE/CENTRO-OESTE;1389.176
2024-06-05 07:00:00;NORTE;SUDESTE/CENTRO-OESTE;2266.129
2024-06-05 08:00:00;NORTE;SUDESTE/CENTRO-OESTE;3630.499
2024-06-05 09:00:00;NORTE;SUDESTE/CENTRO-OESTE;3667.633
2024-06-05 10:00:00;NORTE;SUDESTE/CENTRO-OESTE;3421.448
2024-06-05 11:00:00;NORTE;SUDESTE/CENTRO-OESTE;3296.694
2024-06-05 12:00:00;NORTE;SUDESTE/CENTRO-OESTE;3114.94
2024-06-05 13:00:00;NORTE;SUDESTE/CENTRO-OESTE;3302.628
2024-06-05 14:00:00;NORTE;SUDESTE/CENTRO-OESTE;3259.279
2024-06-05 15:00:00;NORTE;SUDESTE/CENTRO-OESTE;3750.542
2024-06-05 16:00:00;NORTE;SUDESTE/CENTRO-OESTE;5653.552
2024-06-05 17:00:00;NORTE;SUDESTE/CENTRO-OESTE;7127.031
2024-06-05 18:00:00;NORTE;SUDESTE/CENTRO-OESTE;8166.292
2024-06-05 19:00:00;NORTE;SUDESTE/CENTRO-OESTE;7023.80599999
2024-06-05 20:00:00;NORTE;SUDESTE/CENTRO-OESTE;6072.822
2024-06-05 21:00:00;NORTE;SUDESTE/CENTRO-OESTE;4903.741
2024-06-05 22:00:00;NORTE;SUDESTE/CENTRO-OESTE;3743.295
2024-06-05 23:00:00;NORTE;SUDESTE/CENTRO-OESTE;2380.55
2024-06-06 00:00:00;NORTE;SUDESTE/CENTRO-OESTE;868.171
2024-06-06 01:00:00;NORTE;SUDESTE/CENTRO-OESTE;348.673
2024-06-06 02:00:00;NORTE;SUDESTE/CENTRO-OESTE;624.235
2024-06-06 03:00:00;NORTE;SUDESTE/CENTRO-OESTE;763.594
2024-06-06 04:00:00;NORTE;SUDESTE/CENTRO-OESTE;971.484
2024-06-06 05:00:00;NORTE;SUDESTE/CENTRO-OESTE;1295.877
2024-06-06 06:00:00;NORTE;SUDESTE/CENTRO-OESTE;1881.774
2024-06-06 07:00:00;NORTE;SUDESTE/CENTRO-OESTE;2868.439
2024-06-06 08:00:00;NORTE;SUDESTE/CENTRO-OESTE;3538.672
2024-06-06 09:00:00;NORTE;SUDESTE/CENTRO-OESTE;3692.627
2024-06-06 10:00:00;NORTE;SUDESTE/CENTRO-OESTE;3654.29
2024-06-06 11:00:00;NORTE;SUDESTE/CENTRO-OESTE;3601.228
2024-06-06 12:00:00;NORTE;SUDESTE/CENTRO-OESTE;3352.608
2024-06-06 13:00:00;NORTE;SUDESTE/CENTRO-OESTE;3174.77
2024-06-06 14:00:00;NORTE;SUDESTE/CENTRO-OESTE;3461.892
2024-06-06 15:00:00;NORTE;SUDESTE/CENTRO-OESTE;4571.356
2024-06-06 16:00:00;NORTE;SUDESTE/CENTRO-OESTE;6552.949
2024-06-06 17:00:00;NORTE;SUDESTE/CENTRO-OESTE;7914.214
2024-06-06 18:00:00;NORTE;SUDESTE/CENTRO-OESTE;8477.185
2024-06-06 19:00:00;NORTE;SUDESTE/CENTRO-OESTE;7877.932
2024-06-06 20:00:00;NORTE;SUDESTE/CENTRO-OESTE;5781.666
2024-06-06 21:00:00;NORTE;SUDESTE/CENTRO-OESTE;4432.34599999
2024-06-06 22:00:00;NORTE;SUDESTE/CENTRO-OESTE;3878.723
2024-06-06 23:00:00;NORTE;SUDESTE/CENTRO-OESTE;3117.218
2024-06-07 00:00:00;NORTE;SUDESTE/CENTRO-OESTE;2225.6
2024-06-07 01:00:00;NORTE;SUDESTE/CENTRO-OESTE;1678.967
2024-06-07 02:00:00;NORTE;SUDESTE/CENTRO-OESTE;992.253
2024-06-07 03:00:00;NORTE;SUDESTE/CENTRO-OESTE;716.393
2024-06-07 04:00:00;NORTE;SUDESTE/CENTRO-OESTE;796.473
2024-06-07 05:00:00;NORTE;SUDESTE/CENTRO-OESTE;1743.248
2024-06-07 06:00:00;NORTE;SUDESTE/CENTRO-OESTE;3663.496
2024-06-07 07:00:00;NORTE;SUDESTE/CENTRO-OESTE;4634.511
2024-06-07 08:00:00;NORTE;SUDESTE/CENTRO-OESTE;4498.03799999
2024-06-07 09:00:00;NORTE;SUDESTE/CENTRO-OESTE;3750.437
2024-06-07 10:00:00;NORTE;SUDESTE/CENTRO-OESTE;3610.394
2024-06-07 11:00:00;NORTE;SUDESTE/CENTRO-OESTE;3513.742
2024-06-07 12:00:00;NORTE;SUDESTE/CENTRO-OESTE;3265.819
2024-06-07 13:00:00;NORTE;SUDESTE/CENTRO-OESTE;3325.43199999
2024-06-07 14:00:00;NORTE;SUDESTE/CENTRO-OESTE;3294.261
2024-06-07 15:00:00;NORTE;SUDESTE/CENTRO-OESTE;3876.947
2024-06-07 16:00:00;NORTE;SUDESTE/CENTRO-OESTE;5306.809
2024-06-07 17:00:00;NORTE;SUDESTE/CENTRO-OESTE;6929.752
2024-06-07 18:00:00;NORTE;SUDESTE/CENTRO-OESTE;8261.924
2024-06-07 19:00:00;NORTE;SUDESTE/CENTRO-OESTE;7575.692
2024-06-07 20:00:00;NORTE;SUDESTE/CENTRO-OESTE;6880.014
2024-06-07 21:00:00;NORTE;SUDESTE/CENTRO-OESTE;6534.627
2024-06-07 22:00:00;NORTE;SUDESTE/CENTRO-OESTE;4991.12299999
2024-06-07 23:00:00;NORTE;SUDESTE/CENTRO-OESTE;3616.557
2024-06-08 00:00:00;NORTE;SUDESTE/CENTRO-OESTE;1602.238
2024-06-08 01:00:00;NORTE;SUDESTE/CENTRO-OESTE;126.309
2024-06-08 02:00:00;NORTE;SUDESTE/CENTRO-OESTE;-395.675
2024-06-08 03:00:00;NORTE;SUDESTE/CENTRO-OESTE;-918.671
2024-06-08 04:00:00;NORTE;SUDESTE/CENTRO-OESTE;-629.69399999
2024-06-08 05:00:00;NORTE;SUDESTE/CENTRO-OESTE;-815.13
2024-06-08 06:00:00;NORTE;SUDESTE/CENTRO-OESTE;62.141
2024-06-08 07:00:00;NORTE;SUDESTE/CENTRO-OESTE;1530.056
2024-06-08 08:00:00;NORTE;SUDESTE/CENTRO-OESTE;2235.588
2024-06-08 09:00:00;NORTE;SUDESTE/CENTRO-OESTE;2272.611
2024-06-08 10:00:00;NORTE;SUDESTE/CENTRO-OESTE;2144.581
2024-06-08 11:00:00;NORTE;SUDESTE/CENTRO-OESTE;1992.055
2024-06-08 12:00:00;NORTE;SUDESTE/CENTRO-OESTE;1818.455
2024-06-08 13:00:00;NORTE;SUDESTE/CENTRO-OESTE;1478.638
2024-06-08 14:00:00;NORTE;SUDESTE/CENTRO-OESTE;1559.44699999
2024-06-08 15:00:00;NORTE;SUDESTE/CENTRO-OESTE;2183.693
2024-06-08 16:00:00;NORTE;SUDESTE/CENTRO-OESTE;3560.737
2024-06-08 17:00:00;NORTE;SUDESTE/CENTRO-OESTE;5395.736
2024-06-08 18:00:00;NORTE;SUDESTE/CENTRO-OESTE;7093.934
2024-06-08 19:00:00;NORTE;SUDESTE/CENTRO-OESTE;6547.664
2024-06-08 20:00:00;NORTE;SUDESTE/CENTRO-OESTE;4172.152
2024-06-08 21:00:00;NORTE;SUDESTE/CENTRO-OESTE;2053.228
2024-06-08 22:00:00;NORTE;SUDESTE/CENTRO-OESTE;955.833
2024-06-08 23:00:00;NORTE;SUDESTE/CENTRO-OESTE;327.544
2024-06-09 00:00:00;NORTE;SUDESTE/CENTRO-OESTE;-122.195
2024-06-09 01:00:00;NORTE;SUDESTE/CENTRO-OESTE;-326.338
2024-06-09 02:00:00;NORTE;SUDESTE/CENTRO-OESTE;-181.935
2024-06-09 03:00:00;NORTE;SUDESTE/CENTRO-OESTE;264.166
2024-06-09 04:00:00;NORTE;SUDESTE/CENTRO-OESTE;682.195
2024-06-09 05:00:00;NORTE;SUDESTE/CENTRO-OESTE;515.527
2024-06-09 06:00:00;NORTE;SUDESTE/CENTRO-OESTE;635.061
2024-06-09 07:00:00;NORTE;SUDESTE/CENTRO-OESTE;1560.542
2024-06-09 08:00:00;NORTE;SUDESTE/CENTRO-OESTE;1619.115
2024-06-09 09:00:00;NORTE;SUDESTE/CENTRO-OESTE;1237.91
2024-06-09 10:00:00;NORTE;SUDESTE/CENTRO-OESTE;1301.871
2024-06-09 11:00:00;NORTE;SUDESTE/CENTRO-OESTE;1316.85999999
2024-06-09 12:00:00;NORTE;SUDESTE/CENTRO-OESTE;1126.874
2024-06-09 13:00:00;NORTE;SUDESTE/CENTRO-OESTE;976.298
2024-06-09 14:00:00;NORTE;SUDESTE/CENTRO-OESTE;937.029
2024-06-09 15:00:00;NORTE;SUDESTE/CENTRO-OESTE;1939.585
2024-06-09 16:00:00;NORTE;SUDESTE/CENTRO-OESTE;2957.758
2024-06-09 17:00:00;NORTE;SUDESTE/CENTRO-OESTE;5799.475
2024-06-09 18:00:00;NORTE;SUDESTE/CENTRO-OESTE;6586.419
2024-06-09 19:00:00;NORTE;SUDESTE/CENTRO-OESTE;6145.016
2024-06-09 20:00:00;NORTE;SUDESTE/CENTRO-OESTE;5535.529
2024-06-09 21:00:00;NORTE;SUDESTE/CENTRO-OESTE;3983.589
2024-06-09 22:00:00;NORTE;SUDESTE/CENTRO-OESTE;2820.828
2024-06-09 23:00:00;NORTE;SUDESTE/CENTRO-OESTE;2014.053
2024-06-10 00:00:00;NORTE;SUDESTE/CENTRO-OESTE;113.337
2024-06-10 01:00:00;NORTE;SUDESTE/CENTRO-OESTE;-431.639
2024-06-10 02:00:00;NORTE;SUDESTE/CENTRO-OESTE;-211.329
2024-06-10 03:00:00;NORTE;SUDESTE/CENTRO-OESTE;37.561
2024-06-10 04:00:00;NORTE;SUDESTE/CENTRO-OESTE;167.99199999
2024-06-10 05:00:00;NORTE;SUDESTE/CENTRO-OESTE;302.455
2024-06-10 06:00:00;NORTE;SUDESTE/CENTRO-OESTE;1144.38
2024-06-10 07:00:00;NORTE;SUDESTE/CENTRO-OESTE;1942.573
2024-06-10 08:00:00;NORTE;SUDESTE/CENTRO-OESTE;2300.71
2024-06-10 09:00:00;NORTE;SUDESTE/CENTRO-OESTE;2303.283
2024-06-10 10:00:00;NORTE;SUDESTE/CENTRO-OESTE;2339.864
2024-06-10 11:00:00;NORTE;SUDESTE/CENTRO-OESTE;2241.17099999
2024-06-10 12:00:00;NORTE;SUDESTE/CENTRO-OESTE;2780.38
2024-06-10 13:00:00;NORTE;SUDESTE/CENTRO-OESTE;3160.768
2024-06-10 14:00:00;NORTE;SUDESTE/CENTRO-OESTE;3865.045
2024-06-10 15:00:00;NORTE;SUDESTE/CENTRO-OESTE;4787.066
2024-06-10 16:00:00;NORTE;SUDESTE/CENTRO-OESTE;7740.64
2024-06-10 17:00:00;NORTE;SUDESTE/CENTRO-OESTE;9324.141
2024-06-10 18:00:00;NORTE;SUDESTE/CENTRO-OESTE;9181.09399999
2024-06-10 19:00:00;NORTE;SUDESTE/CENTRO-OESTE;8595.71699999
2024-06-10 20:00:00;NORTE;SUDESTE/CENTRO-OESTE;6187.362
2024-06-10 21:00:00;NORTE;SUDESTE/CENTRO-OESTE;4174.836
2024-06-10 22:00:00;NORTE;SUDESTE/CENTRO-OESTE;2334.023
2024-06-10 23:00:00;NORTE;SUDESTE/CENTRO-OESTE;773.691
2024-06-11 00:00:00;NORTE;SUDESTE/CENTRO-OESTE;-138.379
2024-06-11 01:00:00;NORTE;SUDESTE/CENTRO-OESTE;-392.536
2024-06-11 02:00:00;NORTE;SUDESTE/CENTRO-OESTE;-419.576
2024-06-11 03:00:00;NORTE;SUDESTE/CENTRO-OESTE;-494.556
2024-06-11 04:00:00;NORTE;SUDESTE/CENTRO-OESTE;-37.444
2024-06-11 05:00:00;NORTE;SUDESTE/CENTRO-OESTE;284.133
2024-06-11 06:00:00;NORTE;SUDESTE/CENTRO-OESTE;1374.468
2024-06-11 07:00:00;NORTE;SUDESTE/CENTRO-OESTE;2439.444
2024-06-11 08:00:00;NORTE;SUDESTE/CENTRO-OESTE;2448.592
2024-06-11 09:00:00;NORTE;SUDESTE/CENTRO-OESTE;2873.928
2024-06-11 10:00:00;NORTE;SUDESTE/CENTRO-OESTE;3226.756
2024-06-11 11:00:00;NORTE;SUDESTE/CENTRO-OESTE;3249.758
2024-06-11 12:00:00;NORTE;SUDESTE/CENTRO-OESTE;3193.734
2024-06-11 13:00:00;NORTE;SUDESTE/CENTRO-OESTE;2890.84499999
2024-06-11 14:00:00;NORTE;SUDESTE/CENTRO-OESTE;3380.642
2024-06-11 15:00:00;NORTE;SUDESTE/CENTRO-OESTE;4002.714
2024-06-11 16:00:00;NORTE;SUDESTE/CENTRO-OESTE;5806.097
2024-06-11 17:00:00;NORTE;SUDESTE/CENTRO-OESTE;7529.498
2024-06-11 18:00:00;NORTE;SUDESTE/CENTRO-OESTE;9145.453
2024-06-11 19:00:00;NORTE;SUDESTE/CENTRO-OESTE;8392.919
2024-06-11 20:00:00;NORTE;SUDESTE/CENTRO-OESTE;6386.732
2024-06-11 21:00:00;NORTE;SUDESTE/CENTRO-OESTE;3997.243
2024-06-11 22:00:00;NORTE;SUDESTE/CENTRO-OESTE;2428.425
2024-06-11 23:00:00;NORTE;SUDESTE/CENTRO-OESTE;940.233
2024-06-12 00:00:00;NORTE;SUDESTE/CENTRO-OESTE;-202.856
2024-06-12 01:00:00;NORTE;SUDESTE/CENTRO-OESTE;-1070.642
2024-06-12 02:00:00;NORTE;SUDESTE/CENTRO-OESTE;-1083.729
2024-06-12 03:00:00;NORTE;SUDESTE/CENTRO-OESTE;-1151.67699999
2024-06-12 04:00:00;NORTE;SUDESTE/CENTRO-OESTE;-870.80499999
2024-06-12 05:00:00;NORTE;SUDESTE/CENTRO-OESTE;-499.432
2024-06-12 06:00:00;NORTE;SUDESTE/CENTRO-OESTE;470.679
2024-06-12 07:00:00;NORTE;SUDESTE/CENTRO-OESTE;1670.176
2024-06-12 08:00:00;NORTE;SUDESTE/CENTRO-OESTE;2365.766
2024-06-12 09:00:00;NORTE;SUDESTE/CENTRO-OESTE;2263.16199999
2024-06-12 10:00:00;NORTE;SUDESTE/CENTRO-OESTE;2073.154
2024-06-12 11:00:00;NORTE;SUDESTE/CENTRO-OESTE;2329.545
2024-06-12 12:00:00;NORTE;SUDESTE/CENTRO-OESTE;2503.54799999
2024-06-12 13:00:00;NORTE;SUDESTE/CENTRO-OESTE;2764.381
2024-06-12 14:00:00;NORTE;SUDESTE/CENTRO-OESTE;2909.084
2024-06-12 15:00:00;NORTE;SUDESTE/CENTRO-OESTE;3925.783
2024-06-12 16:00:00;NORTE;SUDESTE/CENTRO-OESTE;5301.648
2024-06-12 17:00:00;NORTE;SUDESTE/CENTRO-OESTE;6320.073
2024-06-12 18:00:00;NORTE;SUDESTE/CENTRO-OESTE;7435.052
2024-06-12 19:00:00;NORTE;SUDESTE/CENTRO-OESTE;6743.537
2024-06-12 20:00:00;NORTE;SUDESTE/CENTRO-OESTE;4456.338
2024-06-12 21:00:00;NORTE;SUDESTE/CENTRO-OESTE;2947.218
2024-06-12 22:00:00;NORTE;SUDESTE/CENTRO-OESTE;2220.443
2024-06-12 23:00:00;NORTE;SUDESTE/CENTRO-OESTE;1211.099
2024-06-13 00:00:00;NORTE;SUDESTE/CENTRO-OESTE;210.559
2024-06-13 01:00:00;NORTE;SUDESTE/CENTRO-OESTE;-53.447
2024-06-13 02:00:00;NORTE;SUDESTE/CENTRO-OESTE;-308.8
2024-06-13 03:00:00;NORTE;SUDESTE/CENTRO-OESTE;-118.261
2024-06-13 04:00:00;NORTE;SUDESTE/CENTRO-OESTE;141.848
2024-06-13 05:00:00;NORTE;SUDESTE/CENTRO-OESTE;489.081
2024-06-13 06:00:00;NORTE;SUDESTE/CENTRO-OESTE;1684.714
2024-06-13 07:00:00;NORTE;SUDESTE/CENTRO-OESTE;3094.992
2024-06-13 08:00:00;NORTE;SUDESTE/CENTRO-OESTE;3032.44099999
2024-06-13 09:00:00;NORTE;SUDESTE/CENTRO-OESTE;3164.558
2024-06-13 10:00:00;NORTE;SUDESTE/CENTRO-OESTE;3193.076
2024-06-13 11:00:00;NORTE;SUDESTE/CENTRO-OESTE;3125.171
2024-06-13 12:00:00;NORTE;SUDESTE/CENTRO-OESTE;2865.725
2024-06-13 13:00:00;NORTE;SUDESTE/CENTRO-OESTE;2561.531
2024-06-13 14:00:00;NORTE;SUDESTE/CENTRO-OESTE;2532.024
2024-06-13 15:00:00;NORTE;SUDESTE/CENTRO-OESTE;3486.732
2024-06-13 16:00:00;NORTE;SUDESTE/CENTRO-OESTE;5026.48899999
2024-06-13 17:00:00;NORTE;SUDESTE/CENTRO-OESTE;6584.478
2024-06-13 18:00:00;NORTE;SUDESTE/CENTRO-OESTE;7632.211
2024-06-13 19:00:00;NORTE;SUDESTE/CENTRO-OESTE;7199.991
2024-06-13 20:00:00;NORTE;SUDESTE/CENTRO-OESTE;6057.46
2024-06-13 21:00:00;NORTE;SUDESTE/CENTRO-OESTE;4758.878
2024-06-13 22:00:00;NORTE;SUDESTE/CENTRO-OESTE;3135.80699999
2024-06-13 23:00:00;NORTE;SUDESTE/CENTRO-OESTE;1660.816
2024-06-14 00:00:00;NORTE;SUDESTE/CENTRO-OESTE;81.385
2024-06-14 01:00:00;NORTE;SUDESTE/CENTRO-OESTE;-370.807
2024-06-14 02:00:00;NORTE;SUDESTE/CENTRO-OESTE;-676.903
2024-06-14 03:00:00;NORTE;SUDESTE/CENTRO-OESTE;-625.48299999
2024-06-14 04:00:00;NORTE;SUDESTE/CENTRO-OESTE;-417.415
2024-06-14 05:00:00;NORTE;SUDESTE/CENTRO-OESTE;-56.238
2024-06-14 06:00:00;NORTE;SUDESTE/CENTRO-OESTE;837.133
2024-06-14 07:00:00;NORTE;SUDESTE/CENTRO-OESTE;1826.45
2024-06-14 08:00:00;NORTE;SUDESTE/CENTRO-OESTE;2104.188
2024-06-14 09:00:00;NORTE;SUDESTE/CENTRO-OESTE;1897.869
2024-06-14 10:00:00;NORTE;SUDESTE/CENTRO-OESTE;1989.9
2024-06-14 11:00:00;NORTE;SUDESTE/CENTRO-OESTE;2020.111
2024-06-14 12:00:00;NORTE;SUDESTE/CENTRO-OESTE;1973.211
2024-06-14 13:00:00;NORTE;SUDESTE/CENTRO-OESTE;2249.594
2024-06-14 14:00:00;NORTE;SUDESTE/CENTRO-OESTE;2695.54
2024-06-14 15:00:00;NORTE;SUDESTE/CENTRO-OESTE;3464.914
2024-06-14 16:00:00;NORTE;SUDESTE/CENTRO-OESTE;4729.33299999
2024-06-14 17:00:00;NORTE;SUDESTE/CENTRO-OESTE;5851.008
2024-06-14 18:00:00;NORTE;SUDESTE/CENTRO-OESTE;6724.281
2024-06-14 19:00:00;NORTE;SUDESTE/CENTRO-OESTE;6653.578
2024-06-14 20:00:00;NORTE;SUDESTE/CENTRO-OESTE;4193.76599999
2024-06-14 21:00:00;NORTE;SUDESTE/CENTRO-OESTE;3183.152
2024-06-14 22:00:00;NORTE;SUDESTE/CENTRO-OESTE;2473.887
2024-06-14 23:00:00;NORTE;SUDESTE/CENTRO-OESTE;1252.31
2024-06-15 00:00:00;NORTE;SUDESTE/CENTRO-OESTE;703.325
2024-06-15 01:00:00;NORTE;SUDESTE/CENTRO-OESTE;-129.63
2024-06-15 02:00:00;NORTE;SUDESTE/CENTRO-OESTE;-547.416
2024-06-15 03:00:00;NORTE;SUDESTE/CENTRO-OESTE;-645.36
2024-06-15 04:00:00;NORTE;SUDESTE/CENTRO-OESTE;-556.519
2024-06-15 05:00:00;NORTE;SUDESTE/CENTRO-OESTE;-407.809
2024-06-15 06:00:00;NORTE;SUDESTE/CENTRO-OESTE;246.632
2024-06-15 07:00:00;NORTE;SUDESTE/CENTRO-OESTE;1294.09999999
2024-06-15 08:00:00;NORTE;SUDESTE/CENTRO-OESTE;1887.807
2024-06-15 09:00:00;NORTE;SUDESTE/CENTRO-OESTE;2105.995
2024-06-15 10:00:00;NORTE;SUDESTE/CENTRO-OESTE;2067.487
2024-06-15 11:00:00;NORTE;SUDESTE/CENTRO-OESTE;1863.698
2024-06-15 12:00:00;NORTE;SUDESTE/CENTRO-OESTE;1931.205
2024-06-15 13:00:00;NORTE;SUDESTE/CENTRO-OESTE;1917.011
2024-06-15 14:00:00;NORTE;SUDESTE/CENTRO-OESTE;2078.35
2024-06-15 15:00:00;NORTE;SUDESTE/CENTRO-OESTE;2839.231
2024-06-15 16:00:00;NORTE;SUDESTE/CENTRO-OESTE;4105.337
2024-06-15 17:00:00;NORTE;SUDESTE/CENTRO-OESTE;5327.939
2024-06-15 18:00:00;NORTE;SUDESTE/CENTRO-OESTE;6674.12299999
2024-06-15 19:00:00;NORTE;SUDESTE/CENTRO-OESTE;6367.443
2024-06-15 20:00:00;NORTE;SUDESTE/CENTRO-OESTE;5198.977
2024-06-15 21:00:00;NORTE;SUDESTE/CENTRO-OESTE;3272.86
2024-06-15 22:00:00;NORTE;SUDESTE/CENTRO-OESTE;2255.434
2024-06-15 23:00:00;NORTE;SUDESTE/CENTRO-OESTE;1444.045
2024-06-16 00:00:00;NORTE;SUDESTE/CENTRO-OESTE;-90.31999999
2024-06-16 01:00:00;NORTE;SUDESTE/CENTRO-OESTE;-748.902
2024-06-16 02:00:00;NORTE;SUDESTE/CENTRO-OESTE;-898.68
2024-06-16 03:00:00;NORTE;SUDESTE/CENTRO-OESTE;-752.223
2024-06-16 04:00:00;NORTE;SUDESTE/CENTRO-OESTE;-402.998
2024-06-16 05:00:00;NORTE;SUDESTE/CENTRO-OESTE;-274.43599999
2024-06-16 06:00:00;NORTE;SUDESTE/CENTRO-OESTE;172.698
2024-06-16 07:00:00;NORTE;SUDESTE/CENTRO-OESTE;719.773
2024-06-16 08:00:00;NORTE;SUDESTE/CENTRO-OESTE;882.124
2024-06-16 09:00:00;NORTE;SUDESTE/CENTRO-OESTE;1184.157
2024-06-16 10:00:00;NORTE;SUDESTE/CENTRO-OESTE;1264.814
2024-06-16 11:00:00;NORTE;SUDESTE/CENTRO-OESTE;1313.837
2024-06-16 12:00:00;NORTE;SUDESTE/CENTRO-OESTE;1179.262
2024-06-16 13:00:00;NORTE;SUDESTE/CENTRO-OESTE;822.317
2024-06-16 14:00:00;NORTE;SUDESTE/CENTRO-OESTE;549.38199999
2024-06-16 15:00:00;NORTE;SUDESTE/CENTRO-OESTE;661.841
2024-06-16 16:00:00;NORTE;SUDESTE/CENTRO-OESTE;2232.942
2024-06-16 17:00:00;NORTE;SUDESTE/CENTRO-OESTE;3443.984
2024-06-16 18:00:00;NORTE;SUDESTE/CENTRO-OESTE;4766.817
2024-06-16 19:00:00;NORTE;SUDESTE/CENTRO-OESTE;4682.131
2024-06-16 20:00:00;NORTE;SUDESTE/CENTRO-OESTE;4134.22
2024-06-16 21:00:00;NORTE;SUDESTE/CENTRO-OESTE;2686.281
2024-06-16 22:00:00;NORTE;SUDESTE/CENTRO-OESTE;1432.811
2024-06-16 23:00:00;NORTE;SUDESTE/CENTRO-OESTE;964.331
2024-06-17 00:00:00;NORTE;SUDESTE/CENTRO-OESTE;539.415
2024-06-17 01:00:00;NORTE;SUDESTE/CENTRO-OESTE;-128.645
2024-06-17 02:00:00;NORTE;SUDESTE/CENTRO-OESTE;-507.268
2024-06-17 03:00:00;NORTE;SUDESTE/CENTRO-OESTE;-550.182
2024-06-17 04:00:00;NORTE;SUDESTE/CENTRO-OESTE;-513.394
2024-06-17 05:00:00;NORTE;SUDESTE/CENTRO-OESTE;-339.076
2024-06-17 06:00:00;NORTE;SUDESTE/CENTRO-OESTE;1180.43599999
2024-06-17 07:00:00;NORTE;SUDESTE/CENTRO-OESTE;2105.789
2024-06-17 08:00:00;NORTE;SUDESTE/CENTRO-OESTE;2500.51
2024-06-17 09:00:00;NORTE;SUDESTE/CENTRO-OESTE;3218.092
2024-06-17 10:00:00;NORTE;SUDESTE/CENTRO-OESTE;3132.337
2024-06-17 11:00:00;NORTE;SUDESTE/CENTRO-OESTE;2891.089
2024-06-17 12:00:00;NORTE;SUDESTE/CENTRO-OESTE;2583.621
2024-06-17 13:00:00;NORTE;SUDESTE/CENTRO-OESTE;2560.179
2024-06-17 14:00:00;NORTE;SUDESTE/CENTRO-OESTE;2806.175
2024-06-17 15:00:00;NORTE;SUDESTE/CENTRO-OESTE;3313.355
2024-06-17 16:00:00;NORTE;SUDESTE/CENTRO-OESTE;4278.935
2024-06-17 17:00:00;NORTE;SUDESTE/CENTRO-OESTE;5532.522
2024-06-17 18:00:00;NORTE;SUDESTE/CENTRO-OESTE;6761.261
2024-06-17 19:00:00;NORTE;SUDESTE/CENTRO-OESTE;5545.411
2024-06-17 20:00:00;NORTE;SUDESTE/CENTRO-OESTE;4453.036
2024-06-17 21:00:00;NORTE;SUDESTE/CENTRO-OESTE;3340.604
2024-06-17 22:00:00;NORTE;SUDESTE/CENTRO-OESTE;2575.132
2024-06-17 23:00:00;NORTE;SUDESTE/CENTRO-OESTE;1516.626
2024-06-18 00:00:00;NORTE;SUDESTE/CENTRO-OESTE;151.756
2024-06-18 01:00:00;NORTE;SUDESTE/CENTRO-OESTE;-532.29
2024-06-18 02:00:00;NORTE;SUDESTE/CENTRO-OESTE;-667.28099999
2024-06-18 03:00:00;NORTE;SUDESTE/CENTRO-OESTE;-584.647
2024-06-18 04:00:00;NORTE;SUDESTE/CENTRO-OESTE;-341.991
2024-06-18 05:00:00;NORTE;SUDESTE/CENTRO-OESTE;295.997
2024-06-18 06:00:00;NORTE;SUDESTE/CENTRO-OESTE;1570.213
2024-06-18 07:00:00;NORTE;SUDESTE/CENTRO-OESTE;2126.764
2024-06-18 08:00:00;NORTE;SUDESTE/CENTRO-OESTE;2317.223
2024-06-18 09:00:00;NORTE;SUDESTE/CENTRO-OESTE;2350.041
2024-06-18 10:00:00;NORTE;SUDESTE/CENTRO-OESTE;2260.659
2024-06-18 11:00:00;NORTE;SUDESTE/CENTRO-OESTE;2406.78699999
2024-06-18 12:00:00;NORTE;SUDESTE/CENTRO-OESTE;2540.58
2024-06-18 13:00:00;NORTE;SUDESTE/CENTRO-OESTE;3061.061
2024-06-18 14:00:00;NORTE;SUDESTE/CENTRO-OESTE;3675.743
2024-06-18 15:00:00;NORTE;SUDESTE/CENTRO-OESTE;5182.65899999
2024-06-18 16:00:00;NORTE;SUDESTE/CENTRO-OESTE;5987.044
2024-06-18 17:00:00;NORTE;SUDESTE/CENTRO-OESTE;6153.566
2024-06-18 18:00:00;NORTE;SUDESTE/CENTRO-OESTE;6226.568
2024-06-18 19:00:00;NORTE;SUDESTE/CENTRO-OESTE;4590.386
2024-06-18 20:00:00;NORTE;SUDESTE/CENTRO-OESTE;2972.482
2024-06-18 21:00:00;NORTE;SUDESTE/CENTRO-OESTE;1934.572
2024-06-18 22:00:00;NORTE;SUDESTE/CENTRO-OESTE;1657.294
2024-06-18 23:00:00;NORTE;SUDESTE/CENTRO-OESTE;1219.102
2024-06-19 00:00:00;NORTE;SUDESTE/CENTRO-OESTE;468.808
2024-06-19 01:00:00;NORTE;SUDESTE/CENTRO-OESTE;-22.278
2024-06-19 02:00:00;NORTE;SUDESTE/CENTRO-OESTE;-429.52999999
2024-06-19 03:00:00;NORTE;SUDESTE/CENTRO-OESTE;-676.179
2024-06-19 04:00:00;NORTE;SUDESTE/CENTRO-OESTE;-437.31599999
2024-06-19 05:00:00;NORTE;SUDESTE/CENTRO-OESTE;8.662
2024-06-19 06:00:00;NORTE;SUDESTE/CENTRO-OESTE;937.189
2024-06-19 07:00:00;NORTE;SUDESTE/CENTRO-OESTE;2031.31
2024-06-19 08:00:00;NORTE;SUDESTE/CENTRO-OESTE;2228.414
2024-06-19 09:00:00;NORTE;SUDESTE/CENTRO-OESTE;2227.236
2024-06-19 10:00:00;NORTE;SUDESTE/CENTRO-OESTE;2385.116
2024-06-19 11:00:00;NORTE;SUDESTE/CENTRO-OESTE;2331.088
2024-06-19 12:00:00;NORTE;SUDESTE/CENTRO-OESTE;2351.852
2024-06-19 13:00:00;NORTE;SUDESTE/CENTRO-OESTE;2360.574
2024-06-19 14:00:00;NORTE;SUDESTE/CENTRO-OESTE;1852.305
2024-06-19 15:00:00;NORTE;SUDESTE/CENTRO-OESTE;1722.909
2024-06-19 16:00:00;NORTE;SUDESTE/CENTRO-OESTE;3032.78
2024-06-19 17:00:00;NORTE;SUDESTE/CENTRO-OESTE;4581.326
2024-06-19 18:00:00;NORTE;SUDESTE/CENTRO-OESTE;6692.821
2024-06-19 19:00:00;NORTE;SUDESTE/CENTRO-OESTE;6314.665
2024-06-19 20:00:00;NORTE;SUDESTE/CENTRO-OESTE;4049.549
2024-06-19 21:00:00;NORTE;SUDESTE/CENTRO-OESTE;2936.552
2024-06-19 22:00:00;NORTE;SUDESTE/CENTRO-OESTE;1828.122
2024-06-19 23:00:00;NORTE;SUDESTE/CENTRO-OESTE;672.506
2024-06-20 00:00:00;NORTE;SUDESTE/CENTRO-OESTE;-4.801
2024-06-20 01:00:00;NORTE;SUDESTE/CENTRO-OESTE;-552.75699999
2024-06-20 02:00:00;NORTE;SUDESTE/CENTRO-OESTE;-483.767
2024-06-20 03:00:00;NORTE;SUDESTE/CENTRO-OESTE;-127.072
2024-06-20 04:00:00;NORTE;SUDESTE/CENTRO-OESTE;-23.975
2024-06-20 05:00:00;NORTE;SUDESTE/CENTRO-OESTE;36.336
2024-06-20 06:00:00;NORTE;SUDESTE/CENTRO-OESTE;609.323
2024-06-20 07:00:00;NORTE;SUDESTE/CENTRO-OESTE;1331.932
2024-06-20 08:00:00;NORTE;SUDESTE/CENTRO-OESTE;2093.25799999
2024-06-20 09:00:00;NORTE;SUDESTE/CENTRO-OESTE;2076.051
2024-06-20 10:00:00;NORTE;SUDESTE/CENTRO-OESTE;2083.025
2024-06-20 11:00:00;NORTE;SUDESTE/CENTRO-OESTE;2177.52599999
2024-06-20 12:00:00;NORTE;SUDESTE/CENTRO-OESTE;2350.86299999
2024-06-20 13:00:00;NORTE;SUDESTE/CENTRO-OESTE;2002.42
2024-06-20 14:00:00;NORTE;SUDESTE/CENTRO-OESTE;1837.776
2024-06-20 15:00:00;NORTE;SUDESTE/CENTRO-OESTE;2049.09299999
2024-06-20 16:00:00;NORTE;SUDESTE/CENTRO-OESTE;2892.971
2024-06-20 17:00:00;NORTE;SUDESTE/CENTRO-OESTE;3783.143
2024-06-20 18:00:00;NORTE;SUDESTE/CENTRO-OESTE;5244.952
2024-06-20 19:00:00;NORTE;SUDESTE/CENTRO-OESTE;5110.952
2024-06-20 20:00:00;NORTE;SUDESTE/CENTRO-OESTE;3782.963
2024-06-20 21:00:00;NORTE;SUDESTE/CENTRO-OESTE;2929.388
2024-06-20 22:00:00;NORTE;SUDESTE/CENTRO-OESTE;1532.544
2024-06-20 23:00:00;NORTE;SUDESTE/CENTRO-OESTE;923.297
2024-06-21 00:00:00;NORTE;SUDESTE/CENTRO-OESTE;176.471
2024-06-21 01:00:00;NORTE;SUDESTE/CENTRO-OESTE;-411.068
2024-06-21 02:00:00;NORTE;SUDESTE/CENTRO-OESTE;-416.582
2024-06-21 03:00:00;NORTE;SUDESTE/CENTRO-OESTE;-119.447
2024-06-21 04:00:00;NORTE;SUDESTE/CENTRO-OESTE;92.94
2024-06-21 05:00:00;NORTE;SUDESTE/CENTRO-OESTE;42.92199999
2024-06-21 06:00:00;NORTE;SUDESTE/CENTRO-OESTE;696.728
2024-06-21 07:00:00;NORTE;SUDESTE/CENTRO-OESTE;1881.883
2024-06-21 08:00:00;NORTE;SUDESTE/CENTRO-OESTE;1826.545
2024-06-21 09:00:00;NORTE;SUDESTE/CENTRO-OESTE;1756.056
2024-06-21 10:00:00;NORTE;SUDESTE/CENTRO-OESTE;2219.858
2024-06-21 11:00:00;NORTE;SUDESTE/CENTRO-OESTE;2379.293
2024-06-21 12:00:00;NORTE;SUDESTE/CENTRO-OESTE;1813.886
2024-06-21 13:00:00;NORTE;SUDESTE/CENTRO-OESTE;1604.07199999
2024-06-21 14:00:00;NORTE;SUDESTE/CENTRO-OESTE;1801.09
2024-06-21 15:00:00;NORTE;SUDESTE/CENTRO-OESTE;2070.859
2024-06-21 16:00:00;NORTE;SUDESTE/CENTRO-OESTE;2218.14399999
2024-06-21 17:00:00;NORTE;SUDESTE/CENTRO-OESTE;3179.547
2024-06-21 18:00:00;NORTE;SUDESTE/CENTRO-OESTE;5213.728
2024-06-21 19:00:00;NORTE;SUDESTE/CENTRO-OESTE;4712.687
2024-06-21 20:00:00;NORTE;SUDESTE/CENTRO-OESTE;3019.814
2024-06-21 21:00:00;NORTE;SUDESTE/CENTRO-OESTE;1341.72
2024-06-21 22:00:00;NORTE;SUDESTE/CENTRO-OESTE;895.38
2024-06-21 23:00:00;NORTE;SUDESTE/CENTRO-OESTE;728.416
2024-06-22 00:00:00;NORTE;SUDESTE/CENTRO-OESTE;-78.622
2024-06-22 01:00:00;NORTE;SUDESTE/CENTRO-OESTE;-609.83
2024-06-22 02:00:00;NORTE;SUDESTE/CENTRO-OESTE;-994.741
2024-06-22 03:00:00;NORTE;SUDESTE/CENTRO-OESTE;-941.946
2024-06-22 04:00:00;NORTE;SUDESTE/CENTRO-OESTE;-794.558
2024-06-22 05:00:00;NORTE;SUDESTE/CENTRO-OESTE;-683.88199999
2024-06-22 06:00:00;NORTE;SUDESTE/CENTRO-OESTE;198.706
2024-06-22 07:00:00;NORTE;SUDESTE/CENTRO-OESTE;1662.046
2024-06-22 08:00:00;NORTE;SUDESTE/CENTRO-OESTE;2490.71
2024-06-22 09:00:00;NORTE;SUDESTE/CENTRO-OESTE;2654.137
2024-06-22 10:00:00;NORTE;SUDESTE/CENTRO-OESTE;2549.574
2024-06-22 11:00:00;NORTE;SUDESTE/CENTRO-OESTE;2402.76899999
2024-06-22 12:00:00;NORTE;SUDESTE/CENTRO-OESTE;2291.264
2024-06-22 13:00:00;NORTE;SUDESTE/CENTRO-OESTE;2105.683
2024-06-22 14:00:00;NORTE;SUDESTE/CENTRO-OESTE;1777.3
2024-06-22 15:00:00;NORTE;SUDESTE/CENTRO-OESTE;1708.959
2024-06-22 16:00:00;NORTE;SUDESTE/CENTRO-OESTE;2217.603
2024-06-22 17:00:00;NORTE;SUDESTE/CENTRO-OESTE;3860.734
2024-06-22 18:00:00;NORTE;SUDESTE/CENTRO-OESTE;5759.564
2024-06-22 19:00:00;NORTE;SUDESTE/CENTRO-OESTE;4972.412
2024-06-22 20:00:00;NORTE;SUDESTE/CENTRO-OESTE;3628.592
2024-06-22 21:00:00;NORTE;SUDESTE/CENTRO-OESTE;2048.737
2024-06-22 22:00:00;NORTE;SUDESTE/CENTRO-OESTE;476.061
2024-06-22 23:00:00;NORTE;SUDESTE/CENTRO-OESTE;-60.662
2024-06-23 00:00:00;NORTE;SUDESTE/CENTRO-OESTE;-623.135
2024-06-23 01:00:00;NORTE;SUDESTE/CENTRO-OESTE;-923.677
2024-06-23 02:00:00;NORTE;SUDESTE/CENTRO-OESTE;-871.621
2024-06-23 03:00:00;NORTE;SUDESTE/CENTRO-OESTE;-838.48
2024-06-23 04:00:00;NORTE;SUDESTE/CENTRO-OESTE;-761.516
2024-06-23 05:00:00;NORTE;SUDESTE/CENTRO-OESTE;-554.226
2024-06-23 06:00:00;NORTE;SUDESTE/CENTRO-OESTE;164.485
2024-06-23 07:00:00;NORTE;SUDESTE/CENTRO-OESTE;1375.842
2024-06-23 08:00:00;NORTE;SUDESTE/CENTRO-OESTE;2174.897
2024-06-23 09:00:00;NORTE;SUDESTE/CENTRO-OESTE;2120.034
2024-06-23 10:00:00;NORTE;SUDESTE/CENTRO-OESTE;1961.791
2024-06-23 11:00:00;NORTE;SUDESTE/CENTRO-OESTE;1981.97
2024-06-23 12:00:00;NORTE;SUDESTE/CENTRO-OESTE;1643.32199999
2024-06-23 13:00:00;NORTE;SUDESTE/CENTRO-OESTE;1310.77
2024-06-23 14:00:00;NORTE;SUDESTE/CENTRO-OESTE;1182.444
2024-06-23 15:00:00;NORTE;SUDESTE/CENTRO-OESTE;951.928
2024-06-23 16:00:00;NORTE;SUDESTE/CENTRO-OESTE;1822.645
2024-06-23 17:00:00;NORTE;SUDESTE/CENTRO-OESTE;2723.118
2024-06-23 18:00:00;NORTE;SUDESTE/CENTRO-OESTE;3982.325
2024-06-23 19:00:00;NORTE;SUDESTE/CENTRO-OESTE;3720.069
2024-06-23 20:00:00;NORTE;SUDESTE/CENTRO-OESTE;1794.424
2024-06-23 21:00:00;NORTE;SUDESTE/CENTRO-OESTE;1389.238
2024-06-23 22:00:00;NORTE;SUDESTE/CENTRO-OESTE;1085.519
2024-06-23 23:00:00;NORTE;SUDESTE/CENTRO-OESTE;287.646
2024-06-24 00:00:00;NORTE;SUDESTE/CENTRO-OESTE;-325.60199999
2024-06-24 01:00:00;NORTE;SUDESTE/CENTRO-OESTE;-598.663
2024-06-24 02:00:00;NORTE;SUDESTE/CENTRO-OESTE;-462.593
2024-06-24 03:00:00;NORTE;SUDESTE/CENTRO-OESTE;-345.188
2024-06-24 04:00:00;NORTE;SUDESTE/CENTRO-OESTE;-308.553
2024-06-24 05:00:00;NORTE;SUDESTE/CENTRO-OESTE;162.951
2024-06-24 06:00:00;NORTE;SUDESTE/CENTRO-OESTE;1141.38
2024-06-24 07:00:00;NORTE;SUDESTE/CENTRO-OESTE;1863.27
2024-06-24 08:00:00;NORTE;SUDESTE/CENTRO-OESTE;1990.846
2024-06-24 09:00:00;NORTE;SUDESTE/CENTRO-OESTE;2104.849
2024-06-24 10:00:00;NORTE;SUDESTE/CENTRO-OESTE;2338.15299999
2024-06-24 11:00:00;NORTE;SUDESTE/CENTRO-OESTE;1972.275
2024-06-24 12:00:00;NORTE;SUDESTE/CENTRO-OESTE;1756.873
2024-06-24 13:00:00;NORTE;SUDESTE/CENTRO-OESTE;1869.499
2024-06-24 14:00:00;NORTE;SUDESTE/CENTRO-OESTE;1923.982
2024-06-24 15:00:00;NORTE;SUDESTE/CENTRO-OESTE;2358.913
2024-06-24 16:00:00;NORTE;SUDESTE/CENTRO-OESTE;3732.888
2024-06-24 17:00:00;NORTE;SUDESTE/CENTRO-OESTE;4603.366
2024-06-24 18:00:00;NORTE;SUDESTE/CENTRO-OESTE;5738.183
2024-06-24 19:00:00;NORTE;SUDESTE/CENTRO-OESTE;4683.387
2024-06-24 20:00:00;NORTE;SUDESTE/CENTRO-OESTE;3749.068
2024-06-24 21:00:00;NORTE;SUDESTE/CENTRO-OESTE;2427.389
2024-06-24 22:00:00;NORTE;SUDESTE/CENTRO-OESTE;2012.687
2024-06-24 23:00:00;NORTE;SUDESTE/CENTRO-OESTE;1521.993
2024-06-25 00:00:00;NORTE;SUDESTE/CENTRO-OESTE;970.929
2024-06-25 01:00:00;NORTE;SUDESTE/CENTRO-OESTE;155.37
2024-06-25 02:00:00;NORTE;SUDESTE/CENTRO-OESTE;-127.2
2024-06-25 03:00:00;NORTE;SUDESTE/CENTRO-OESTE;9.49
2024-06-25 04:00:00;NORTE;SUDESTE/CENTRO-OESTE;82.70399999
2024-06-25 05:00:00;NORTE;SUDESTE/CENTRO-OESTE;304.914
2024-06-25 06:00:00;NORTE;SUDESTE/CENTRO-OESTE;882.388
2024-06-25 07:00:00;NORTE;SUDESTE/CENTRO-OESTE;1893.37
2024-06-25 08:00:00;NORTE;SUDESTE/CENTRO-OESTE;2498.358
2024-06-25 09:00:00;NORTE;SUDESTE/CENTRO-OESTE;2845.89
2024-06-25 10:00:00;NORTE;SUDESTE/CENTRO-OESTE;2878.072
2024-06-25 11:00:00;NORTE;SUDESTE/CENTRO-OESTE;2726.931
2024-06-25 12:00:00;NORTE;SUDESTE/CENTRO-OESTE;2509.886
2024-06-25 13:00:00;NORTE;SUDESTE/CENTRO-OESTE;2392.588
2024-06-25 14:00:00;NORTE;SUDESTE/CENTRO-OESTE;2289.827
2024-06-25 15:00:00;NORTE;SUDESTE/CENTRO-OESTE;2914.539
2024-06-25 16:00:00;NORTE;SUDESTE/CENTRO-OESTE;3769.103
2024-06-25 17:00:00;NORTE;SUDESTE/CENTRO-OESTE;5227.13
2024-06-25 18:00:00;NORTE;SUDESTE/CENTRO-OESTE;6940.086
2024-06-25 19:00:00;NORTE;SUDESTE/CENTRO-OESTE;6292.451
2024-06-25 20:00:00;NORTE;SUDESTE/CENTRO-OESTE;4452.05199999
2024-06-25 21:00:00;NORTE;SUDESTE/CENTRO-OESTE;3381.877
2024-06-25 22:00:00;NORTE;SUDESTE/CENTRO-OESTE;2639.634
2024-06-25 23:00:00;NORTE;SUDESTE/CENTRO-OESTE;2224.65099999
2024-06-26 00:00:00;NORTE;SUDESTE/CENTRO-OESTE;1499.731
2024-06-26 01:00:00;NORTE;SUDESTE/CENTRO-OESTE;377.846
2024-06-26 02:00:00;NORTE;SUDESTE/CENTRO-OESTE;503.3
2024-06-26 03:00:00;NORTE;SUDESTE/CENTRO-OESTE;649.681
2024-06-26 04:00:00;NORTE;SUDESTE/CENTRO-OESTE;758.095
2024-06-26 05:00:00;NORTE;SUDESTE/CENTRO-OESTE;810.379
2024-06-26 06:00:00;NORTE;SUDESTE/CENTRO-OESTE;1510.416
2024-06-26 07:00:00;NORTE;SUDESTE/CENTRO-OESTE;2196.197
2024-06-26 08:00:00;NORTE;SUDESTE/CENTRO-OESTE;2860.577
2024-06-26 09:00:00;NORTE;SUDESTE/CENTRO-OESTE;3102.803
2024-06-26 10:00:00;NORTE;SUDESTE/CENTRO-OESTE;2867.638
2024-06-26 11:00:00;NORTE;SUDESTE/CENTRO-OESTE;2678.064
2024-06-26 12:00:00;NORTE;SUDESTE/CENTRO-OESTE;2456.929
2024-06-26 13:00:00;NORTE;SUDESTE/CENTRO-OESTE;2031.619
2024-06-26 14:00:00;NORTE;SUDESTE/CENTRO-OESTE;1782.23
2024-06-26 15:00:00;NORTE;SUDESTE/CENTRO-OESTE;2689.264
2024-06-26 16:00:00;NORTE;SUDESTE/CENTRO-OESTE;3572.279
2024-06-26 17:00:00;NORTE;SUDESTE/CENTRO-OESTE;5167.001
2024-06-26 18:00:00;NORTE;SUDESTE/CENTRO-OESTE;6489.223
2024-06-26 19:00:00;NORTE;SUDESTE/CENTRO-OESTE;5097.701
2024-06-26 20:00:00;NORTE;SUDESTE/CENTRO-OESTE;3375.515
2024-06-26 21:00:00;NORTE;SUDESTE/CENTRO-OESTE;2503.14
2024-06-26 22:00:00;NORTE;SUDESTE/CENTRO-OESTE;2112.945
2024-06-26 23:00:00;NORTE;SUDESTE/CENTRO-OESTE;1431.076
2024-06-27 00:00:00;NORTE;SUDESTE/CENTRO-OESTE;1085.914
2024-06-27 01:00:00;NORTE;SUDESTE/CENTRO-OESTE;117.578
2024-06-27 02:00:00;NORTE;SUDESTE/CENTRO-OESTE;-476.993
2024-06-27 03:00:00;NORTE;SUDESTE/CENTRO-OESTE;-769.265
2024-06-27 04:00:00;NORTE;SUDESTE/CENTRO-OESTE;-546.27099999
2024-06-27 05:00:00;NORTE;SUDESTE/CENTRO-OESTE;96.436
2024-06-27 06:00:00;NORTE;SUDESTE/CENTRO-OESTE;1622.145
2024-06-27 07:00:00;NORTE;SUDESTE/CENTRO-OESTE;2361.451
2024-06-27 08:00:00;NORTE;SUDESTE/CENTRO-OESTE;2497.837
2024-06-27 09:00:00;NORTE;SUDESTE/CENTRO-OESTE;2013.864
2024-06-27 10:00:00;NORTE;SUDESTE/CENTRO-OESTE;1693.515
2024-06-27 11:00:00;NORTE;SUDESTE/CENTRO-OESTE;1520.707
2024-06-27 12:00:00;NORTE;SUDESTE/CENTRO-OESTE;1318.016
2024-06-27 13:00:00;NORTE;SUDESTE/CENTRO-OESTE;1093.421
2024-06-27 14:00:00;NORTE;SUDESTE/CENTRO-OESTE;815.565
2024-06-27 15:00:00;NORTE;SUDESTE/CENTRO-OESTE;1238.576
2024-06-27 16:00:00;NORTE;SUDESTE/CENTRO-OESTE;1847.744
2024-06-27 17:00:00;NORTE;SUDESTE/CENTRO-OESTE;3429.356
2024-06-27 18:00:00;NORTE;SUDESTE/CENTRO-OESTE;5761.947
2024-06-27 19:00:00;NORTE;SUDESTE/CENTRO-OESTE;4773.395
2024-06-27 20:00:00;NORTE;SUDESTE/CENTRO-OESTE;3308.877
2024-06-27 21:00:00;NORTE;SUDESTE/CENTRO-OESTE;2488.158
2024-06-27 22:00:00;NORTE;SUDESTE/CENTRO-OESTE;2122.43199999
2024-06-27 23:00:00;NORTE;SUDESTE/CENTRO-OESTE;1641.423
2024-06-28 00:00:00;NORTE;SUDESTE/CENTRO-OESTE;1137.367
2024-06-28 01:00:00;NORTE;SUDESTE/CENTRO-OESTE;806.176
2024-06-28 02:00:00;NORTE;SUDESTE/CENTRO-OESTE;598.78099999
2024-06-28 03:00:00;NORTE;SUDESTE/CENTRO-OESTE;584.47799999
2024-06-28 04:00:00;NORTE;SUDESTE/CENTRO-OESTE;579.61699999
2024-06-28 05:00:00;NORTE;SUDESTE/CENTRO-OESTE;729.071
2024-06-28 06:00:00;NORTE;SUDESTE/CENTRO-OESTE;2006.124
2024-06-28 07:00:00;NORTE;SUDESTE/CENTRO-OESTE;2662.478
2024-06-28 08:00:00;NORTE;SUDESTE/CENTRO-OESTE;2900.046
2024-06-28 09:00:00;NORTE;SUDESTE/CENTRO-OESTE;2826.744
2024-06-28 10:00:00;NORTE;SUDESTE/CENTRO-OESTE;2649.631
2024-06-28 11:00:00;NORTE;SUDESTE/CENTRO-OESTE;2451.164
2024-06-28 12:00:00;NORTE;SUDESTE/CENTRO-OESTE;2453.328
2024-06-28 13:00:00;NORTE;SUDESTE/CENTRO-OESTE;2573.141
2024-06-28 14:00:00;NORTE;SUDESTE/CENTRO-OESTE;2345.463
2024-06-28 15:00:00;NORTE;SUDESTE/CENTRO-OESTE;2319.108
2024-06-28 16:00:00;NORTE;SUDESTE/CENTRO-OESTE;2728.284
2024-06-28 17:00:00;NORTE;SUDESTE/CENTRO-OESTE;3484.311
2024-06-28 18:00:00;NORTE;SUDESTE/CENTRO-OESTE;5096.492
2024-06-28 19:00:00;NORTE;SUDESTE/CENTRO-OESTE;4148.585
2024-06-28 20:00:00;NORTE;SUDESTE/CENTRO-OESTE;2991.325
2024-06-28 21:00:00;NORTE;SUDESTE/CENTRO-OESTE;2332.132
2024-06-28 22:00:00;NORTE;SUDESTE/CENTRO-OESTE;2242.081
2024-06-28 23:00:00;NORTE;SUDESTE/CENTRO-OESTE;2177.81
2024-06-29 00:00:00;NORTE;SUDESTE/CENTRO-OESTE;2020.105
2024-06-29 01:00:00;NORTE;SUDESTE/CENTRO-OESTE;1644.055
2024-06-29 02:00:00;NORTE;SUDESTE/CENTRO-OESTE;1025.492
2024-06-29 03:00:00;NORTE;SUDESTE/CENTRO-OESTE;371.649
2024-06-29 04:00:00;NORTE;SUDESTE/CENTRO-OESTE;378.074
2024-06-29 05:00:00;NORTE;SUDESTE/CENTRO-OESTE;400.314
2024-06-29 06:00:00;NORTE;SUDESTE/CENTRO-OESTE;1113.788
2024-06-29 07:00:00;NORTE;SUDESTE/CENTRO-OESTE;2543.322
2024-06-29 08:00:00;NORTE;SUDESTE/CENTRO-OESTE;3046.962
2024-06-29 09:00:00;NORTE;SUDESTE/CENTRO-OESTE;3122.752
2024-06-29 10:00:00;NORTE;SUDESTE/CENTRO-OESTE;2890.122
2024-06-29 11:00:00;NORTE;SUDESTE/CENTRO-OESTE;2479.425
2024-06-29 12:00:00;NORTE;SUDESTE/CENTRO-OESTE;2176.06
2024-06-29 13:00:00;NORTE;SUDESTE/CENTRO-OESTE;1590.18699999
2024-06-29 14:00:00;NORTE;SUDESTE/CENTRO-OESTE;1252.027
2024-06-29 15:00:00;NORTE;SUDESTE/CENTRO-OESTE;698.534
2024-06-29 16:00:00;NORTE;SUDESTE/CENTRO-OESTE;1251.691
2024-06-29 17:00:00;NORTE;SUDESTE/CENTRO-OESTE;3070.375
2024-06-29 18:00:00;NORTE;SUDESTE/CENTRO-OESTE;4373.10499999
2024-06-29 19:00:00;NORTE;SUDESTE/CENTRO-OESTE;4341.223
2024-06-29 20:00:00;NORTE;SUDESTE/CENTRO-OESTE;3178.02
2024-06-29 21:00:00;NORTE;SUDESTE/CENTRO-OESTE;1958.475
2024-06-29 22:00:00;NORTE;SUDESTE/CENTRO-OESTE;1057.255
2024-06-29 23:00:00;NORTE;SUDESTE/CENTRO-OESTE;450.634
2024-06-30 00:00:00;NORTE;SUDESTE/CENTRO-OESTE;345.764
2024-06-30 01:00:00;NORTE;SUDESTE/CENTRO-OESTE;155.588
2024-06-30 02:00:00;NORTE;SUDESTE/CENTRO-OESTE;-44.935
2024-06-30 03:00:00;NORTE;SUDESTE/CENTRO-OESTE;-191.958
2024-06-30 04:00:00;NORTE;SUDESTE/CENTRO-OESTE;-79.627
2024-06-30 05:00:00;NORTE;SUDESTE/CENTRO-OESTE;-37.05599999
2024-06-30 06:00:00;NORTE;SUDESTE/CENTRO-OESTE;770.869
2024-06-30 07:00:00;NORTE;SUDESTE/CENTRO-OESTE;1654.665
2024-06-30 08:00:00;NORTE;SUDESTE/CENTRO-OESTE;1922.759
2024-06-30 09:00:00;NORTE;SUDESTE/CENTRO-OESTE;1842.339
2024-06-30 10:00:00;NORTE;SUDESTE/CENTRO-OESTE;1628.815
2024-06-30 11:00:00;NORTE;SUDESTE/CENTRO-OESTE;1400.155
2024-06-30 12:00:00;NORTE;SUDESTE/CENTRO-OESTE;1156.604
2024-06-30 13:00:00;NORTE;SUDESTE/CENTRO-OESTE;927.329
2024-06-30 14:00:00;NORTE;SUDESTE/CENTRO-OESTE;1166.47499999
2024-06-30 15:00:00;NORTE;SUDESTE/CENTRO-OESTE;1793.975
2024-06-30 16:00:00;NORTE;SUDESTE/CENTRO-OESTE;1594.338
2024-06-30 17:00:00;NORTE;SUDESTE/CENTRO-OESTE;2247.207
2024-06-30 18:00:00;NORTE;SUDESTE/CENTRO-OESTE;3277.09
2024-06-30 19:00:00;NORTE;SUDESTE/CENTRO-OESTE;3043.64399999
2024-06-30 20:00:00;NORTE;SUDESTE/CENTRO-OESTE;2443.9
2024-06-30 21:00:00;NORTE;SUDESTE/CENTRO-OESTE;2046.055
2024-06-30 22:00:00;NORTE;SUDESTE/CENTRO-OESTE;1334.546
2024-06-30 23:00:00;NORTE;SUDESTE/CENTRO-OESTE;948.381
2024-07-01 00:00:00;NORTE;SUDESTE/CENTRO-OESTE;290.829
2024-07-01 01:00:00;NORTE;SUDESTE/CENTRO-OESTE;103.232
2024-07-01 02:00:00;NORTE;SUDESTE/CENTRO-OESTE;237.486
2024-07-01 03:00:00;NORTE;SUDESTE/CENTRO-OESTE;418.515
2024-07-01 04:00:00;NORTE;SUDESTE/CENTRO-OESTE;592.839
2024-07-01 05:00:00;NORTE;SUDESTE/CENTRO-OESTE;677.84
2024-07-01 06:00:00;NORTE;SUDESTE/CENTRO-OESTE;1606.088
2024-07-01 07:00:00;NORTE;SUDESTE/CENTRO-OESTE;2512.54799999
2024-07-01 08:00:00;NORTE;SUDESTE/CENTRO-OESTE;3224.044
2024-07-01 09:00:00;NORTE;SUDESTE/CENTRO-OESTE;3362.378
2024-07-01 10:00:00;NORTE;SUDESTE/CENTRO-OESTE;3248.088
2024-07-01 11:00:00;NORTE;SUDESTE/CENTRO-OESTE;3218.73
2024-07-01 12:00:00;NORTE;SUDESTE/CENTRO-OESTE;2870.75
2024-07-01 13:00:00;NORTE;SUDESTE/CENTRO-OESTE;2343.937
2024-07-01 14:00:00;NORTE;SUDESTE/CENTRO-OESTE;1762.681
2024-07-01 15:00:00;NORTE;SUDESTE/CENTRO-OESTE;1759.998
2024-07-01 16:00:00;NORTE;SUDESTE/CENTRO-OESTE;1933.716
2024-07-01 17:00:00;NORTE;SUDESTE/CENTRO-OESTE;2799.169
2024-07-01 18:00:00;NORTE;SUDESTE/CENTRO-OESTE;4982.558
2024-07-01 19:00:00;NORTE;SUDESTE/CENTRO-OESTE;4327.589
2024-07-01 20:00:00;NORTE;SUDESTE/CENTRO-OESTE;3376.513
2024-07-01 21:00:00;NORTE;SUDESTE/CENTRO-OESTE;2314.044
2024-07-01 22:00:00;NORTE;SUDESTE/CENTRO-OESTE;1670.637
2024-07-01 23:00:00;NORTE;SUDESTE/CENTRO-OESTE;1340.239
2024-07-02 00:00:00;NORTE;SUDESTE/CENTRO-OESTE;934.855
2024-07-02 01:00:00;NORTE;SUDESTE/CENTRO-OESTE;878.557
2024-07-02 02:00:00;NORTE;SUDESTE/CENTRO-OESTE;1038.425
2024-07-02 03:00:00;NORTE;SUDESTE/CENTRO-OESTE;1208.84099999
2024-07-02 04:00:00;NORTE;SUDESTE/CENTRO-OESTE;1388.363
2024-07-02 05:00:00;NORTE;SUDESTE/CENTRO-OESTE;1866.282
2024-07-02 06:00:00;NORTE;SUDESTE/CENTRO-OESTE;2735.867
2024-07-02 07:00:00;NORTE;SUDESTE/CENTRO-OESTE;2975.636
2024-07-02 08:00:00;NORTE;SUDESTE/CENTRO-OESTE;3080.413
2024-07-02 09:00:00;NORTE;SUDESTE/CENTRO-OESTE;3236.87399999
2024-07-02 10:00:00;NORTE;SUDESTE/CENTRO-OESTE;3205.118
2024-07-02 11:00:00;NORTE;SUDESTE/CENTRO-OESTE;3110.712
2024-07-02 12:00:00;NORTE;SUDESTE/CENTRO-OESTE;3027.649
2024-07-02 13:00:00;NORTE;SUDESTE/CENTRO-OESTE;2800.40299999
2024-07-02 14:00:00;NORTE;SUDESTE/CENTRO-OESTE;2486.477
2024-07-02 15:00:00;NORTE;SUDESTE/CENTRO-OESTE;2972.996
2024-07-02 16:00:00;NORTE;SUDESTE/CENTRO-OESTE;3399.721
2024-07-02 17:00:00;NORTE;SUDESTE/CENTRO-OESTE;4403.586
2024-07-02 18:00:00;NORTE;SUDESTE/CENTRO-OESTE;5411.404
2024-07-02 19:00:00;NORTE;SUDESTE/CENTRO-OESTE;4642.354
2024-07-02 20:00:00;NORTE;SUDESTE/CENTRO-OESTE;2847.608
2024-07-02 21:00:00;NORTE;SUDESTE/CENTRO-OESTE;1755.796
2024-07-02 22:00:00;NORTE;SUDESTE/CENTRO-OESTE;1132.767
2024-07-02 23:00:00;NORTE;SUDESTE/CENTRO-OESTE;618.32
2024-07-03 00:00:00;NORTE;SUDESTE/CENTRO-OESTE;430.117
2024-07-03 01:00:00;NORTE;SUDESTE/CENTRO-OESTE;476.421
2024-07-03 02:00:00;NORTE;SUDESTE/CENTRO-OESTE;825.877
2024-07-03 03:00:00;NORTE;SUDESTE/CENTRO-OESTE;1016.084
2024-07-03 04:00:00;NORTE;SUDESTE/CENTRO-OESTE;1189.45
2024-07-03 05:00:00;NORTE;SUDESTE/CENTRO-OESTE;1396.324
2024-07-03 06:00:00;NORTE;SUDESTE/CENTRO-OESTE;1951.017
2024-07-03 07:00:00;NORTE;SUDESTE/CENTRO-OESTE;2665.504
2024-07-03 08:00:00;NORTE;SUDESTE/CENTRO-OESTE;2988.502
2024-07-03 09:00:00;NORTE;SUDESTE/CENTRO-OESTE;3112.79799999
2024-07-03 10:00:00;NORTE;SUDESTE/CENTRO-OESTE;3036.66
2024-07-03 11:00:00;NORTE;SUDESTE/CENTRO-OESTE;3018.723
2024-07-03 12:00:00;NORTE;SUDESTE/CENTRO-OESTE;2573.506
2024-07-03 13:00:00;NORTE;SUDESTE/CENTRO-OESTE;2541.985
2024-07-03 14:00:00;NORTE;SUDESTE/CENTRO-OESTE;1963.117
2024-07-03 15:00:00;NORTE;SUDESTE/CENTRO-OESTE;1367.665
2024-07-03 16:00:00;NORTE;SUDESTE/CENTRO-OESTE;2706.86299999
2024-07-03 17:00:00;NORTE;SUDESTE/CENTRO-OESTE;4059.429
2024-07-03 18:00:00;NORTE;SUDESTE/CENTRO-OESTE;5923.707
2024-07-03 19:00:00;NORTE;SUDESTE/CENTRO-OESTE;4812.183
2024-07-03 20:00:00;NORTE;SUDESTE/CENTRO-OESTE;2895.209
2024-07-03 21:00:00;NORTE;SUDESTE/CENTRO-OESTE;2211.23999999
2024-07-03 22:00:00;NORTE;SUDESTE/CENTRO-OESTE;1752.095
2024-07-03 23:00:00;NORTE;SUDESTE/CENTRO-OESTE;1242.102
2024-07-04 00:00:00;NORTE;SUDESTE/CENTRO-OESTE;47.616
2024-07-04 01:00:00;NORTE;SUDESTE/CENTRO-OESTE;-5.69
2024-07-04 02:00:00;NORTE;SUDESTE/CENTRO-OESTE;350.196
2024-07-04 03:00:00;NORTE;SUDESTE/CENTRO-OESTE;671.01199999
2024-07-04 04:00:00;NORTE;SUDESTE/CENTRO-OESTE;918.86
2024-07-04 05:00:00;NORTE;SUDESTE/CENTRO-OESTE;1193.357
2024-07-04 06:00:00;NORTE;SUDESTE/CENTRO-OESTE;1786.444
2024-07-04 07:00:00;NORTE;SUDESTE/CENTRO-OESTE;2410.659
2024-07-04 08:00:00;NORTE;SUDESTE/CENTRO-OESTE;3159.469
2024-07-04 09:00:00;NORTE;SUDESTE/CENTRO-OESTE;3314.31
2024-07-04 10:00:00;NORTE;SUDESTE/CENTRO-OESTE;3343.944
2024-07-04 11:00:00;NORTE;SUDESTE/CENTRO-OESTE;3409.222
2024-07-04 12:00:00;NORTE;SUDESTE/CENTRO-OESTE;3372.843
2024-07-04 13:00:00;NORTE;SUDESTE/CENTRO-OESTE;3117.641
2024-07-04 14:00:00;NORTE;SUDESTE/CENTRO-OESTE;2866.075
2024-07-04 15:00:00;NORTE;SUDESTE/CENTRO-OESTE;2431.989
2024-07-04 16:00:00;NORTE;SUDESTE/CENTRO-OESTE;2570.056
2024-07-04 17:00:00;NORTE;SUDESTE/CENTRO-OESTE;3169.55
2024-07-04 18:00:00;NORTE;SUDESTE/CENTRO-OESTE;4196.562
2024-07-04 19:00:00;NORTE;SUDESTE/CENTRO-OESTE;3476.544
2024-07-04 20:00:00;NORTE;SUDESTE/CENTRO-OESTE;2425.953
2024-07-04 21:00:00;NORTE;SUDESTE/CENTRO-OESTE;1746.807
2024-07-04 22:00:00;NORTE;SUDESTE/CENTRO-OESTE;1193.151
2024-07-04 23:00:00;NORTE;SUDESTE/CENTRO-OESTE;891.725
2024-07-05 00:00:00;NORTE;SUDESTE/CENTRO-OESTE;412.368
2024-07-05 01:00:00;NORTE;SUDESTE/CENTRO-OESTE;267.427
2024-07-05 02:00:00;NORTE;SUDESTE/CENTRO-OESTE;399.573
2024-07-05 03:00:00;NORTE;SUDESTE/CENTRO-OESTE;635.577
2024-07-05 04:00:00;NORTE;SUDESTE/CENTRO-OESTE;657.361
2024-07-05 05:00:00;NORTE;SUDESTE/CENTRO-OESTE;409.983
2024-07-05 06:00:00;NORTE;SUDESTE/CENTRO-OESTE;585.711
2024-07-05 07:00:00;NORTE;SUDESTE/CENTRO-OESTE;1626.276
2024-07-05 08:00:00;NORTE;SUDESTE/CENTRO-OESTE;2521.169
2024-07-05 09:00:00;NORTE;SUDESTE/CENTRO-OESTE;2690.828
2024-07-05 10:00:00;NORTE;SUDESTE/CENTRO-OESTE;2298.868
2024-07-05 11:00:00;NORTE;SUDESTE/CENTRO-OESTE;2016.911
2024-07-05 12:00:00;NORTE;SUDESTE/CENTRO-OESTE;1916.795
2024-07-05 13:00:00;NORTE;SUDESTE/CENTRO-OESTE;1633.029
2024-07-05 14:00:00;NORTE;SUDESTE/CENTRO-OESTE;1478.762
2024-07-05 15:00:00;NORTE;SUDESTE/CENTRO-OESTE;1172.469
2024-07-05 16:00:00;NORTE;SUDESTE/CENTRO-OESTE;1296.654
2024-07-05 17:00:00;NORTE;SUDESTE/CENTRO-OESTE;2345.303
2024-07-05 18:00:00;NORTE;SUDESTE/CENTRO-OESTE;3735.601
2024-07-05 19:00:00;NORTE;SUDESTE/CENTRO-OESTE;3732.226
2024-07-05 20:00:00;NORTE;SUDESTE/CENTRO-OESTE;2283.48999999
2024-07-05 21:00:00;NORTE;SUDESTE/CENTRO-OESTE;1435.363
2024-07-05 22:00:00;NORTE;SUDESTE/CENTRO-OESTE;1413.395
2024-07-05 23:00:00;NORTE;SUDESTE/CENTRO-OESTE;1025.442
2024-07-06 00:00:00;NORTE;SUDESTE/CENTRO-OESTE;-379.742
2024-07-06 01:00:00;NORTE;SUDESTE/CENTRO-OESTE;-1060.556
2024-07-06 02:00:00;NORTE;SUDESTE/CENTRO-OESTE;-1396.173
2024-07-06 03:00:00;NORTE;SUDESTE/CENTRO-OESTE;-1387.546
2024-07-06 04:00:00;NORTE;SUDESTE/CENTRO-OESTE;-1288.42
2024-07-06 05:00:00;NORTE;SUDESTE/CENTRO-OESTE;-879.111
2024-07-06 06:00:00;NORTE;SUDESTE/CENTRO-OESTE;-544.139
2024-07-06 07:00:00;NORTE;SUDESTE/CENTRO-OESTE;131.645
2024-07-06 08:00:00;NORTE;SUDESTE/CENTRO-OESTE;1186.88899999
2024-07-06 09:00:00;NORTE;SUDESTE/CENTRO-OESTE;1544.68
2024-07-06 10:00:00;NORTE;SUDESTE/CENTRO-OESTE;1976.368
2024-07-06 11:00:00;NORTE;SUDESTE/CENTRO-OESTE;2444.348
2024-07-06 12:00:00;NORTE;SUDESTE/CENTRO-OESTE;2323.66
2024-07-06 13:00:00;NORTE;SUDESTE/CENTRO-OESTE;1775.047
2024-07-06 14:00:00;NORTE;SUDESTE/CENTRO-OESTE;1247.27299999
2024-07-06 15:00:00;NORTE;SUDESTE/CENTRO-OESTE;980.534
2024-07-06 16:00:00;NORTE;SUDESTE/CENTRO-OESTE;716.368
2024-07-06 17:00:00;NORTE;SUDESTE/CENTRO-OESTE;1041.007
2024-07-06 18:00:00;NORTE;SUDESTE/CENTRO-OESTE;2645.582
2024-07-06 19:00:00;NORTE;SUDESTE/CENTRO-OESTE;1789.169
2024-07-06 20:00:00;NORTE;SUDESTE/CENTRO-OESTE;515.952
2024-07-06 21:00:00;NORTE;SUDESTE/CENTRO-OESTE;46.235
2024-07-06 22:00:00;NORTE;SUDESTE/CENTRO-OESTE;-598.70899999
2024-07-06 23:00:00;NORTE;SUDESTE/CENTRO-OESTE;-1037.438
2024-07-07 00:00:00;NORTE;SUDESTE/CENTRO-OESTE;-1652.356
2024-07-07 01:00:00;NORTE;SUDESTE/CENTRO-OESTE;-1527.567
2024-07-07 02:00:00;NORTE;SUDESTE/CENTRO-OESTE;-1228.29299999
2024-07-07 03:00:00;NORTE;SUDESTE/CENTRO-OESTE;-904.367
2024-07-07 04:00:00;NORTE;SUDESTE/CENTRO-OESTE;-581.30499999
2024-07-07 05:00:00;NORTE;SUDESTE/CENTRO-OESTE;-123.431
2024-07-07 06:00:00;NORTE;SUDESTE/CENTRO-OESTE;61.631
2024-07-07 07:00:00;NORTE;SUDESTE/CENTRO-OESTE;687.511
2024-07-07 08:00:00;NORTE;SUDESTE/CENTRO-OESTE;1218.416
2024-07-07 09:00:00;NORTE;SUDESTE/CENTRO-OESTE;1379.93
2024-07-07 10:00:00;NORTE;SUDESTE/CENTRO-OESTE;1407.835
2024-07-07 11:00:00;NORTE;SUDESTE/CENTRO-OESTE;1355.708
2024-07-07 12:00:00;NORTE;SUDESTE/CENTRO-OESTE;1345.961
2024-07-07 13:00:00;NORTE;SUDESTE/CENTRO-OESTE;1313.415
2024-07-07 14:00:00;NORTE;SUDESTE/CENTRO-OESTE;1478.999
2024-07-07 15:00:00;NORTE;SUDESTE/CENTRO-OESTE;1980.398
2024-07-07 16:00:00;NORTE;SUDESTE/CENTRO-OESTE;1916.052
2024-07-07 17:00:00;NORTE;SUDESTE/CENTRO-OESTE;3030.755
2024-07-07 18:00:00;NORTE;SUDESTE/CENTRO-OESTE;3928.607
2024-07-07 19:00:00;NORTE;SUDESTE/CENTRO-OESTE;2150.781
2024-07-07 20:00:00;NORTE;SUDESTE/CENTRO-OESTE;1173.579
2024-07-07 21:00:00;NORTE;SUDESTE/CENTRO-OESTE;597.64
2024-07-07 22:00:00;NORTE;SUDESTE/CENTRO-OESTE;-50.824
2024-07-07 23:00:00;NORTE;SUDESTE/CENTRO-OESTE;-413.372
2024-07-08 00:00:00;NORTE;SUDESTE/CENTRO-OESTE;-843.519
2024-07-08 01:00:00;NORTE;SUDESTE/CENTRO-OESTE;-749.676
2024-07-08 02:00:00;NORTE;SUDESTE/CENTRO-OESTE;-347.497
2024-07-08 03:00:00;NORTE;SUDESTE/CENTRO-OESTE;-93.868
2024-07-08 04:00:00;NORTE;SUDESTE/CENTRO-OESTE;32.447
2024-07-08 05:00:00;NORTE;SUDESTE/CENTRO-OESTE;280.635
2024-07-08 06:00:00;NORTE;SUDESTE/CENTRO-OESTE;1106.978
2024-07-08 07:00:00;NORTE;SUDESTE/CENTRO-OESTE;1986.186
2024-07-08 08:00:00;NORTE;SUDESTE/CENTRO-OESTE;2648.84299999
2024-07-08 09:00:00;NORTE;SUDESTE/CENTRO-OESTE;2640.11499999
2024-07-08 10:00:00;NORTE;SUDESTE/CENTRO-OESTE;2613.726
2024-07-08 11:00:00;NORTE;SUDESTE/CENTRO-OESTE;2518.399
2024-07-08 12:00:00;NORTE;SUDESTE/CENTRO-OESTE;2429.189
2024-07-08 13:00:00;NORTE;SUDESTE/CENTRO-OESTE;2402.58599999
2024-07-08 14:00:00;NORTE;SUDESTE/CENTRO-OESTE;1994.501
2024-07-08 15:00:00;NORTE;SUDESTE/CENTRO-OESTE;1783.829
2024-07-08 16:00:00;NORTE;SUDESTE/CENTRO-OESTE;1511.488
2024-07-08 17:00:00;NORTE;SUDESTE/CENTRO-OESTE;2498.079
2024-07-08 18:00:00;NORTE;SUDESTE/CENTRO-OESTE;3883.106
2024-07-08 19:00:00;NORTE;SUDESTE/CENTRO-OESTE;3237.652
2024-07-08 20:00:00;NORTE;SUDESTE/CENTRO-OESTE;2026.385
2024-07-08 21:00:00;NORTE;SUDESTE/CENTRO-OESTE;1106.61999999
2024-07-08 22:00:00;NORTE;SUDESTE/CENTRO-OESTE;591.874
2024-07-08 23:00:00;NORTE;SUDESTE/CENTRO-OESTE;444.961
2024-07-09 00:00:00;NORTE;SUDESTE/CENTRO-OESTE;294.576
2024-07-09 01:00:00;NORTE;SUDESTE/CENTRO-OESTE;155.96199999
2024-07-09 02:00:00;NORTE;SUDESTE/CENTRO-OESTE;222.216
2024-07-09 03:00:00;NORTE;SUDESTE/CENTRO-OESTE;-128.584
2024-07-09 04:00:00;NORTE;SUDESTE/CENTRO-OESTE;-54.172
2024-07-09 05:00:00;NORTE;SUDESTE/CENTRO-OESTE;262.98
2024-07-09 06:00:00;NORTE;SUDESTE/CENTRO-OESTE;987.501
2024-07-09 07:00:00;NORTE;SUDESTE/CENTRO-OESTE;2056.76699999
2024-07-09 08:00:00;NORTE;SUDESTE/CENTRO-OESTE;2352.706
2024-07-09 09:00:00;NORTE;SUDESTE/CENTRO-OESTE;2314.241
2024-07-09 10:00:00;NORTE;SUDESTE/CENTRO-OESTE;2067.041
2024-07-09 11:00:00;NORTE;SUDESTE/CENTRO-OESTE;1868.585
2024-07-09 12:00:00;NORTE;SUDESTE/CENTRO-OESTE;1952.376
2024-07-09 13:00:00;NORTE;SUDESTE/CENTRO-OESTE;1612.359
2024-07-09 14:00:00;NORTE;SUDESTE/CENTRO-OESTE;1429.849
2024-07-09 15:00:00;NORTE;SUDESTE/CENTRO-OESTE;1130.492
2024-07-09 16:00:00;NORTE;SUDESTE/CENTRO-OESTE;910.449
2024-07-09 17:00:00;NORTE;SUDESTE/CENTRO-OESTE;1242.16799999
2024-07-09 18:00:00;NORTE;SUDESTE/CENTRO-OESTE;2718.876
2024-07-09 19:00:00;NORTE;SUDESTE/CENTRO-OESTE;2315.702
2024-07-09 20:00:00;NORTE;SUDESTE/CENTRO-OESTE;1484.299
2024-07-09 21:00:00;NORTE;SUDESTE/CENTRO-OESTE;841.827
2024-07-09 22:00:00;NORTE;SUDESTE/CENTRO-OESTE;411.44
2024-07-09 23:00:00;NORTE;SUDESTE/CENTRO-OESTE;52.373
2024-07-10 00:00:00;NORTE;SUDESTE/CENTRO-OESTE;-537.996
2024-07-10 01:00:00;NORTE;SUDESTE/CENTRO-OESTE;-365.786
2024-07-10 02:00:00;NORTE;SUDESTE/CENTRO-OESTE;-176.931
2024-07-10 03:00:00;NORTE;SUDESTE/CENTRO-OESTE;-266.645
2024-07-10 04:00:00;NORTE;SUDESTE/CENTRO-OESTE;-18.43499999
2024-07-10 05:00:00;NORTE;SUDESTE/CENTRO-OESTE;283.901
2024-07-10 06:00:00;NORTE;SUDESTE/CENTRO-OESTE;1284.529
2024-07-10 07:00:00;NORTE;SUDESTE/CENTRO-OESTE;2513.06
2024-07-10 08:00:00;NORTE;SUDESTE/CENTRO-OESTE;3005.489
2024-07-10 09:00:00;NORTE;SUDESTE/CENTRO-OESTE;3000.314
2024-07-10 10:00:00;NORTE;SUDESTE/CENTRO-OESTE;3085.949
2024-07-10 11:00:00;NORTE;SUDESTE/CENTRO-OESTE;2931.46
2024-07-10 12:00:00;NORTE;SUDESTE/CENTRO-OESTE;2689.603
2024-07-10 13:00:00;NORTE;SUDESTE/CENTRO-OESTE;2782.797
2024-07-10 14:00:00;NORTE;SUDESTE/CENTRO-OESTE;2545.919
2024-07-10 15:00:00;NORTE;SUDESTE/CENTRO-OESTE;2242.80699999
2024-07-10 16:00:00;NORTE;SUDESTE/CENTRO-OESTE;2616.72899999
2024-07-10 17:00:00;NORTE;SUDESTE/CENTRO-OESTE;3359.384
2024-07-10 18:00:00;NORTE;SUDESTE/CENTRO-OESTE;5154.97099999
2024-07-10 19:00:00;NORTE;SUDESTE/CENTRO-OESTE;4741.594
2024-07-10 20:00:00;NORTE;SUDESTE/CENTRO-OESTE;3164.343
2024-07-10 21:00:00;NORTE;SUDESTE/CENTRO-OESTE;2083.108
2024-07-10 22:00:00;NORTE;SUDESTE/CENTRO-OESTE;1286.84999999
2024-07-10 23:00:00;NORTE;SUDESTE/CENTRO-OESTE;1044.84099999
2024-07-11 00:00:00;NORTE;SUDESTE/CENTRO-OESTE;584.761
2024-07-11 01:00:00;NORTE;SUDESTE/CENTRO-OESTE;194.313
2024-07-11 02:00:00;NORTE;SUDESTE/CENTRO-OESTE;368.366
2024-07-11 03:00:00;NORTE;SUDESTE/CENTRO-OESTE;568.667
2024-07-11 04:00:00;NORTE;SUDESTE/CENTRO-OESTE;760.062
2024-07-11 05:00:00;NORTE;SUDESTE/CENTRO-OESTE;940.871
2024-07-11 06:00:00;NORTE;SUDESTE/CENTRO-OESTE;1981.023
2024-07-11 07:00:00;NORTE;SUDESTE/CENTRO-OESTE;2844.221
2024-07-11 08:00:00;NORTE;SUDESTE/CENTRO-OESTE;3286.443
2024-07-11 09:00:00;NORTE;SUDESTE/CENTRO-OESTE;3481.199
2024-07-11 10:00:00;NORTE;SUDESTE/CENTRO-OESTE;3405.565
2024-07-11 11:00:00;NORTE;SUDESTE/CENTRO-OESTE;3374.885
2024-07-11 12:00:00;NORTE;SUDESTE/CENTRO-OESTE;3356.063
2024-07-11 13:00:00;NORTE;SUDESTE/CENTRO-OESTE;3267.869
2024-07-11 14:00:00;NORTE;SUDESTE/CENTRO-OESTE;2632.054
2024-07-11 15:00:00;NORTE;SUDESTE/CENTRO-OESTE;2005.169
2024-07-11 16:00:00;NORTE;SUDESTE/CENTRO-OESTE;2144.33399999
2024-07-11 17:00:00;NORTE;SUDESTE/CENTRO-OESTE;3285.716
2024-07-11 18:00:00;NORTE;SUDESTE/CENTRO-OESTE;4076.542
2024-07-11 19:00:00;NORTE;SUDESTE/CENTRO-OESTE;3811.593
2024-07-11 20:00:00;NORTE;SUDESTE/CENTRO-OESTE;2902.4
2024-07-11 21:00:00;NORTE;SUDESTE/CENTRO-OESTE;2365.002
2024-07-11 22:00:00;NORTE;SUDESTE/CENTRO-OESTE;1847.694
2024-07-11 23:00:00;NORTE;SUDESTE/CENTRO-OESTE;1401.694
2024-07-12 00:00:00;NORTE;SUDESTE/CENTRO-OESTE;740.918
2024-07-12 01:00:00;NORTE;SUDESTE/CENTRO-OESTE;185.838
2024-07-12 02:00:00;NORTE;SUDESTE/CENTRO-OESTE;21.589
2024-07-12 03:00:00;NORTE;SUDESTE/CENTRO-OESTE;195.456
2024-07-12 04:00:00;NORTE;SUDESTE/CENTRO-OESTE;515.514
2024-07-12 05:00:00;NORTE;SUDESTE/CENTRO-OESTE;1058.325
2024-07-12 06:00:00;NORTE;SUDESTE/CENTRO-OESTE;2239.864
2024-07-12 07:00:00;NORTE;SUDESTE/CENTRO-OESTE;3201.169
2024-07-12 08:00:00;NORTE;SUDESTE/CENTRO-OESTE;3209.408
2024-07-12 09:00:00;NORTE;SUDESTE/CENTRO-OESTE;3131.824
2024-07-12 10:00:00;NORTE;SUDESTE/CENTRO-OESTE;3053.284
2024-07-12 11:00:00;NORTE;SUDESTE/CENTRO-OESTE;3210.7
2024-07-12 12:00:00;NORTE;SUDESTE/CENTRO-OESTE;3310.853
2024-07-12 13:00:00;NORTE;SUDESTE/CENTRO-OESTE;3318.52
2024-07-12 14:00:00;NORTE;SUDESTE/CENTRO-OESTE;2951.436
2024-07-12 15:00:00;NORTE;SUDESTE/CENTRO-OESTE;2980.494
2024-07-12 16:00:00;NORTE;SUDESTE/CENTRO-OESTE;2945.935
2024-07-12 17:00:00;NORTE;SUDESTE/CENTRO-OESTE;3049.151
2024-07-12 18:00:00;NORTE;SUDESTE/CENTRO-OESTE;4098.636
2024-07-12 19:00:00;NORTE;SUDESTE/CENTRO-OESTE;3477.844
2024-07-12 20:00:00;NORTE;SUDESTE/CENTRO-OESTE;2833.849
2024-07-12 21:00:00;NORTE;SUDESTE/CENTRO-OESTE;2057.523
2024-07-12 22:00:00;NORTE;SUDESTE/CENTRO-OESTE;1974.655
2024-07-12 23:00:00;NORTE;SUDESTE/CENTRO-OESTE;1947.982
2024-07-13 00:00:00;NORTE;SUDESTE/CENTRO-OESTE;1485.233
2024-07-13 01:00:00;NORTE;SUDESTE/CENTRO-OESTE;671.148
2024-07-13 02:00:00;NORTE;SUDESTE/CENTRO-OESTE;485.667
2024-07-13 03:00:00;NORTE;SUDESTE/CENTRO-OESTE;804.541
2024-07-13 04:00:00;NORTE;SUDESTE/CENTRO-OESTE;1100.454
2024-07-13 05:00:00;NORTE;SUDESTE/CENTRO-OESTE;1244.153
2024-07-13 06:00:00;NORTE;SUDESTE/CENTRO-OESTE;1571.575
2024-07-13 07:00:00;NORTE;SUDESTE/CENTRO-OESTE;2058.406
2024-07-13 08:00:00;NORTE;SUDESTE/CENTRO-OESTE;2583.841
2024-07-13 09:00:00;NORTE;SUDESTE/CENTRO-OESTE;2883.77
2024-07-13 10:00:00;NORTE;SUDESTE/CENTRO-OESTE;2976.13
2024-07-13 11:00:00;NORTE;SUDESTE/CENTRO-OESTE;3079.44
2024-07-13 12:00:00;NORTE;SUDESTE/CENTRO-OESTE;3066.087
2024-07-13 13:00:00;NORTE;SUDESTE/CENTRO-OESTE;2961.014
2024-07-13 14:00:00;NORTE;SUDESTE/CENTRO-OESTE;3265.944
2024-07-13 15:00:00;NORTE;SUDESTE/CENTRO-OESTE;2949.877
2024-07-13 16:00:00;NORTE;SUDESTE/CENTRO-OESTE;2880.354
2024-07-13 17:00:00;NORTE;SUDESTE/CENTRO-OESTE;3411.919
2024-07-13 18:00:00;NORTE;SUDESTE/CENTRO-OESTE;4374.885
2024-07-13 19:00:00;NORTE;SUDESTE/CENTRO-OESTE;3735.4
2024-07-13 20:00:00;NORTE;SUDESTE/CENTRO-OESTE;2671.36499999
2024-07-13 21:00:00;NORTE;SUDESTE/CENTRO-OESTE;2472.607
2024-07-13 22:00:00;NORTE;SUDESTE/CENTRO-OESTE;1989.121
2024-07-13 23:00:00;NORTE;SUDESTE/CENTRO-OESTE;1326.983
2024-07-14 00:00:00;NORTE;SUDESTE/CENTRO-OESTE;178.36
2024-07-14 01:00:00;NORTE;SUDESTE/CENTRO-OESTE;-135.822
2024-07-14 02:00:00;NORTE;SUDESTE/CENTRO-OESTE;79.433
2024-07-14 03:00:00;NORTE;SUDESTE/CENTRO-OESTE;219.118
2024-07-14 04:00:00;NORTE;SUDESTE/CENTRO-OESTE;579.16999999
2024-07-14 05:00:00;NORTE;SUDESTE/CENTRO-OESTE;950.048
2024-07-14 06:00:00;NORTE;SUDESTE/CENTRO-OESTE;1889.979
2024-07-14 07:00:00;NORTE;SUDESTE/CENTRO-OESTE;2721.049
2024-07-14 08:00:00;NORTE;SUDESTE/CENTRO-OESTE;2553.088
2024-07-14 09:00:00;NORTE;SUDESTE/CENTRO-OESTE;2315.45899999
2024-07-14 10:00:00;NORTE;SUDESTE/CENTRO-OESTE;2897.987
2024-07-14 11:00:00;NORTE;SUDESTE/CENTRO-OESTE;2988.949
2024-07-14 12:00:00;NORTE;SUDESTE/CENTRO-OESTE;2851.667
2024-07-14 13:00:00;NORTE;SUDESTE/CENTRO-OESTE;2720.05499999
2024-07-14 14:00:00;NORTE;SUDESTE/CENTRO-OESTE;2823.145
2024-07-14 15:00:00;NORTE;SUDESTE/CENTRO-OESTE;3093.399
2024-07-14 16:00:00;NORTE;SUDESTE/CENTRO-OESTE;3191.535
2024-07-14 17:00:00;NORTE;SUDESTE/CENTRO-OESTE;3460.402
2024-07-14 18:00:00;NORTE;SUDESTE/CENTRO-OESTE;3975.311
2024-07-14 19:00:00;NORTE;SUDESTE/CENTRO-OESTE;4160.78399999
2024-07-14 20:00:00;NORTE;SUDESTE/CENTRO-OESTE;3315.29799999
2024-07-14 21:00:00;NORTE;SUDESTE/CENTRO-OESTE;2065.457
2024-07-14 22:00:00;NORTE;SUDESTE/CENTRO-OESTE;1151.18599999
2024-07-14 23:00:00;NORTE;SUDESTE/CENTRO-OESTE;1082.381
2024-07-15 00:00:00;NORTE;SUDESTE/CENTRO-OESTE;756.367
2024-07-15 01:00:00;NORTE;SUDESTE/CENTRO-OESTE;52.97
2024-07-15 02:00:00;NORTE;SUDESTE/CENTRO-OESTE;-97.83499999
2024-07-15 03:00:00;NORTE;SUDESTE/CENTRO-OESTE;160.68
2024-07-15 04:00:00;NORTE;SUDESTE/CENTRO-OESTE;502.03
2024-07-15 05:00:00;NORTE;SUDESTE/CENTRO-OESTE;845.445
2024-07-15 06:00:00;NORTE;SUDESTE/CENTRO-OESTE;1553.44
2024-07-15 07:00:00;NORTE;SUDESTE/CENTRO-OESTE;2444.50799999
2024-07-15 08:00:00;NORTE;SUDESTE/CENTRO-OESTE;2742.013
2024-07-15 09:00:00;NORTE;SUDESTE/CENTRO-OESTE;2944.815
2024-07-15 10:00:00;NORTE;SUDESTE/CENTRO-OESTE;2886.626
2024-07-15 11:00:00;NORTE;SUDESTE/CENTRO-OESTE;2964.485
2024-07-15 12:00:00;NORTE;SUDESTE/CENTRO-OESTE;3159.339
2024-07-15 13:00:00;NORTE;SUDESTE/CENTRO-OESTE;2989.609
2024-07-15 14:00:00;NORTE;SUDESTE/CENTRO-OESTE;2717.828
2024-07-15 15:00:00;NORTE;SUDESTE/CENTRO-OESTE;2892.62
2024-07-15 16:00:00;NORTE;SUDESTE/CENTRO-OESTE;2431.081
2024-07-15 17:00:00;NORTE;SUDESTE/CENTRO-OESTE;3045.177
2024-07-15 18:00:00;NORTE;SUDESTE/CENTRO-OESTE;4154.218
2024-07-15 19:00:00;NORTE;SUDESTE/CENTRO-OESTE;3659.809
2024-07-15 20:00:00;NORTE;SUDESTE/CENTRO-OESTE;2556.065
2024-07-15 21:00:00;NORTE;SUDESTE/CENTRO-OESTE;2017.475
2024-07-15 22:00:00;NORTE;SUDESTE/CENTRO-OESTE;1381.537
2024-07-15 23:00:00;NORTE;SUDESTE/CENTRO-OESTE;171.124
2024-07-16 00:00:00;NORTE;SUDESTE/CENTRO-OESTE;-110.146
2024-07-16 01:00:00;NORTE;SUDESTE/CENTRO-OESTE;29.987
2024-07-16 02:00:00;NORTE;SUDESTE/CENTRO-OESTE;229.329
2024-07-16 03:00:00;NORTE;SUDESTE/CENTRO-OESTE;398.865
2024-07-16 04:00:00;NORTE;SUDESTE/CENTRO-OESTE;343.637
2024-07-16 05:00:00;NORTE;SUDESTE/CENTRO-OESTE;699.997
2024-07-16 06:00:00;NORTE;SUDESTE/CENTRO-OESTE;1714.198
2024-07-16 07:00:00;NORTE;SUDESTE/CENTRO-OESTE;2227.96
2024-07-16 08:00:00;NORTE;SUDESTE/CENTRO-OESTE;2581.719
2024-07-16 09:00:00;NORTE;SUDESTE/CENTRO-OESTE;2745.607
2024-07-16 10:00:00;NORTE;SUDESTE/CENTRO-OESTE;2921.183
2024-07-16 11:00:00;NORTE;SUDESTE/CENTRO-OESTE;2917.073
2024-07-16 12:00:00;NORTE;SUDESTE/CENTRO-OESTE;3048.454
2024-07-16 13:00:00;NORTE;SUDESTE/CENTRO-OESTE;2784.746
2024-07-16 14:00:00;NORTE;SUDESTE/CENTRO-OESTE;2404.735
2024-07-16 15:00:00;NORTE;SUDESTE/CENTRO-OESTE;2578.58599999
2024-07-16 16:00:00;NORTE;SUDESTE/CENTRO-OESTE;2381.919
2024-07-16 17:00:00;NORTE;SUDESTE/CENTRO-OESTE;3006.905
2024-07-16 18:00:00;NORTE;SUDESTE/CENTRO-OESTE;3944.323
2024-07-16 19:00:00;NORTE;SUDESTE/CENTRO-OESTE;3623.928
2024-07-16 20:00:00;NORTE;SUDESTE/CENTRO-OESTE;2802.215
2024-07-16 21:00:00;NORTE;SUDESTE/CENTRO-OESTE;1796.02
2024-07-16 22:00:00;NORTE;SUDESTE/CENTRO-OESTE;987.497
2024-07-16 23:00:00;NORTE;SUDESTE/CENTRO-OESTE;305.64999999
2024-07-17 00:00:00;NORTE;SUDESTE/CENTRO-OESTE;-76.449
2024-07-17 01:00:00;NORTE;SUDESTE/CENTRO-OESTE;-387.934
2024-07-17 02:00:00;NORTE;SUDESTE/CENTRO-OESTE;-173.038
2024-07-17 03:00:00;NORTE;SUDESTE/CENTRO-OESTE;263.361
2024-07-17 04:00:00;NORTE;SUDESTE/CENTRO-OESTE;526.317
2024-07-17 05:00:00;NORTE;SUDESTE/CENTRO-OESTE;828.475
2024-07-17 06:00:00;NORTE;SUDESTE/CENTRO-OESTE;1637.776
2024-07-17 07:00:00;NORTE;SUDESTE/CENTRO-OESTE;2570.684
2024-07-17 08:00:00;NORTE;SUDESTE/CENTRO-OESTE;2979.596
2024-07-17 09:00:00;NORTE;SUDESTE/CENTRO-OESTE;3064.487
2024-07-17 10:00:00;NORTE;SUDESTE/CENTRO-OESTE;3117.93
2024-07-17 11:00:00;NORTE;SUDESTE/CENTRO-OESTE;3216.134
2024-07-17 12:00:00;NORTE;SUDESTE/CENTRO-OESTE;3444.147
2024-07-17 13:00:00;NORTE;SUDESTE/CENTRO-OESTE;3529.138
2024-07-17 14:00:00;NORTE;SUDESTE/CENTRO-OESTE;2941.266
2024-07-17 15:00:00;NORTE;SUDESTE/CENTRO-OESTE;2460.248
2024-07-17 16:00:00;NORTE;SUDESTE/CENTRO-OESTE;2254.935
2024-07-17 17:00:00;NORTE;SUDESTE/CENTRO-OESTE;2930.588
2024-07-17 18:00:00;NORTE;SUDESTE/CENTRO-OESTE;4441.569
2024-07-17 19:00:00;NORTE;SUDESTE/CENTRO-OESTE;3979.115
2024-07-17 20:00:00;NORTE;SUDESTE/CENTRO-OESTE;2397.23
2024-07-17 21:00:00;NORTE;SUDESTE/CENTRO-OESTE;1614.57
2024-07-17 22:00:00;NORTE;SUDESTE/CENTRO-OESTE;1150.86999999
2024-07-17 23:00:00;NORTE;SUDESTE/CENTRO-OESTE;940.934
2024-07-18 00:00:00;NORTE;SUDESTE/CENTRO-OESTE;346.567
2024-07-18 01:00:00;NORTE;SUDESTE/CENTRO-OESTE;-98.745
2024-07-18 02:00:00;NORTE;SUDESTE/CENTRO-OESTE;-249.435
2024-07-18 03:00:00;NORTE;SUDESTE/CENTRO-OESTE;-66.397
2024-07-18 04:00:00;NORTE;SUDESTE/CENTRO-OESTE;207.476
2024-07-18 05:00:00;NORTE;SUDESTE/CENTRO-OESTE;455.882
2024-07-18 06:00:00;NORTE;SUDESTE/CENTRO-OESTE;1461.35999999
2024-07-18 07:00:00;NORTE;SUDESTE/CENTRO-OESTE;2519.732
2024-07-18 08:00:00;NORTE;SUDESTE/CENTRO-OESTE;3058.372
2024-07-18 09:00:00;NORTE;SUDESTE/CENTRO-OESTE;3148.716
2024-07-18 10:00:00;NORTE;SUDESTE/CENTRO-OESTE;2940.632
2024-07-18 11:00:00;NORTE;SUDESTE/CENTRO-OESTE;2669.076
2024-07-18 12:00:00;NORTE;SUDESTE/CENTRO-OESTE;3147.02
2024-07-18 13:00:00;NORTE;SUDESTE/CENTRO-OESTE;2694.12399999
2024-07-18 14:00:00;NORTE;SUDESTE/CENTRO-OESTE;2053.878
2024-07-18 15:00:00;NORTE;SUDESTE/CENTRO-OESTE;1574.932
2024-07-18 16:00:00;NORTE;SUDESTE/CENTRO-OESTE;1373.102
2024-07-18 17:00:00;NORTE;SUDESTE/CENTRO-OESTE;1976.039
2024-07-18 18:00:00;NORTE;SUDESTE/CENTRO-OESTE;3950.848
2024-07-18 19:00:00;NORTE;SUDESTE/CENTRO-OESTE;4011.815
2024-07-18 20:00:00;NORTE;SUDESTE/CENTRO-OESTE;3092.585
2024-07-18 21:00:00;NORTE;SUDESTE/CENTRO-OESTE;2084.777
2024-07-18 22:00:00;NORTE;SUDESTE/CENTRO-OESTE;1471.715
2024-07-18 23:00:00;NORTE;SUDESTE/CENTRO-OESTE;1284.94
2024-07-19 00:00:00;NORTE;SUDESTE/CENTRO-OESTE;1095.893
2024-07-19 01:00:00;NORTE;SUDESTE/CENTRO-OESTE;717.745
2024-07-19 02:00:00;NORTE;SUDESTE/CENTRO-OESTE;355.606
2024-07-19 03:00:00;NORTE;SUDESTE/CENTRO-OESTE;394.954
2024-07-19 04:00:00;NORTE;SUDESTE/CENTRO-OESTE;561.681
2024-07-19 05:00:00;NORTE;SUDESTE/CENTRO-OESTE;973.289
2024-07-19 06:00:00;NORTE;SUDESTE/CENTRO-OESTE;1830.714
2024-07-19 07:00:00;NORTE;SUDESTE/CENTRO-OESTE;2640.289
2024-07-19 08:00:00;NORTE;SUDESTE/CENTRO-OESTE;2762.357
2024-07-19 09:00:00;NORTE;SUDESTE/CENTRO-OESTE;2850.236
2024-07-19 10:00:00;NORTE;SUDESTE/CENTRO-OESTE;2799.693
2024-07-19 11:00:00;NORTE;SUDESTE/CENTRO-OESTE;2740.85
2024-07-19 12:00:00;NORTE;SUDESTE/CENTRO-OESTE;2524.007
2024-07-19 13:00:00;NORTE;SUDESTE/CENTRO-OESTE;2220.62199999
2024-07-19 14:00:00;NORTE;SUDESTE/CENTRO-OESTE;2123.902
2024-07-19 15:00:00;NORTE;SUDESTE/CENTRO-OESTE;2103.48
2024-07-19 16:00:00;NORTE;SUDESTE/CENTRO-OESTE;1947.655
2024-07-19 17:00:00;NORTE;SUDESTE/CENTRO-OESTE;3088.712
2024-07-19 18:00:00;NORTE;SUDESTE/CENTRO-OESTE;4364.069
2024-07-19 19:00:00;NORTE;SUDESTE/CENTRO-OESTE;3746.371
2024-07-19 20:00:00;NORTE;SUDESTE/CENTRO-OESTE;2867.161
2024-07-19 21:00:00;NORTE;SUDESTE/CENTRO-OESTE;2113.515
2024-07-19 22:00:00;NORTE;SUDESTE/CENTRO-OESTE;1666.019
2024-07-19 23:00:00;NORTE;SUDESTE/CENTRO-OESTE;1023.06
2024-07-20 00:00:00;NORTE;SUDESTE/CENTRO-OESTE;317.201
2024-07-20 01:00:00;NORTE;SUDESTE/CENTRO-OESTE;288.632
2024-07-20 02:00:00;NORTE;SUDESTE/CENTRO-OESTE;443.685
2024-07-20 03:00:00;NORTE;SUDESTE/CENTRO-OESTE;735.015
2024-07-20 04:00:00;NORTE;SUDESTE/CENTRO-OESTE;645.2
2024-07-20 05:00:00;NORTE;SUDESTE/CENTRO-OESTE;853.16099999
2024-07-20 06:00:00;NORTE;SUDESTE/CENTRO-OESTE;1573.301
2024-07-20 07:00:00;NORTE;SUDESTE/CENTRO-OESTE;2900.104
2024-07-20 08:00:00;NORTE;SUDESTE/CENTRO-OESTE;2589.33
2024-07-20 09:00:00;NORTE;SUDESTE/CENTRO-OESTE;2213.949
2024-07-20 10:00:00;NORTE;SUDESTE/CENTRO-OESTE;1681.031
2024-07-20 11:00:00;NORTE;SUDESTE/CENTRO-OESTE;1267.291
2024-07-20 12:00:00;NORTE;SUDESTE/CENTRO-OESTE;1076.669
2024-07-20 13:00:00;NORTE;SUDESTE/CENTRO-OESTE;920.258
2024-07-20 14:00:00;NORTE;SUDESTE/CENTRO-OESTE;1134.382
2024-07-20 15:00:00;NORTE;SUDESTE/CENTRO-OESTE;1489.6
2024-07-20 16:00:00;NORTE;SUDESTE/CENTRO-OESTE;1871.501
2024-07-20 17:00:00;NORTE;SUDESTE/CENTRO-OESTE;2753.48
2024-07-20 18:00:00;NORTE;SUDESTE/CENTRO-OESTE;3907.749
2024-07-20 19:00:00;NORTE;SUDESTE/CENTRO-OESTE;2579.013
2024-07-20 20:00:00;NORTE;SUDESTE/CENTRO-OESTE;1422.927
2024-07-20 21:00:00;NORTE;SUDESTE/CENTRO-OESTE;1141.76399999
2024-07-20 22:00:00;NORTE;SUDESTE/CENTRO-OESTE;576.596
2024-07-20 23:00:00;NORTE;SUDESTE/CENTRO-OESTE;-2.025
2024-07-21 00:00:00;NORTE;SUDESTE/CENTRO-OESTE;-110.289
2024-07-21 01:00:00;NORTE;SUDESTE/CENTRO-OESTE;-211.114
2024-07-21 02:00:00;NORTE;SUDESTE/CENTRO-OESTE;210.04
2024-07-21 03:00:00;NORTE;SUDESTE/CENTRO-OESTE;441.895
2024-07-21 04:00:00;NORTE;SUDESTE/CENTRO-OESTE;789.415
2024-07-21 05:00:00;NORTE;SUDESTE/CENTRO-OESTE;1000.214
2024-07-21 06:00:00;NORTE;SUDESTE/CENTRO-OESTE;1144.724
2024-07-21 07:00:00;NORTE;SUDESTE/CENTRO-OESTE;1406.742
2024-07-21 08:00:00;NORTE;SUDESTE/CENTRO-OESTE;1307.669
2024-07-21 09:00:00;NORTE;SUDESTE/CENTRO-OESTE;905.238
2024-07-21 10:00:00;NORTE;SUDESTE/CENTRO-OESTE;762.138
2024-07-21 11:00:00;NORTE;SUDESTE/CENTRO-OESTE;730.875
2024-07-21 12:00:00;NORTE;SUDESTE/CENTRO-OESTE;489.478
2024-07-21 13:00:00;NORTE;SUDESTE/CENTRO-OESTE;340.58
2024-07-21 14:00:00;NORTE;SUDESTE/CENTRO-OESTE;520.44
2024-07-21 15:00:00;NORTE;SUDESTE/CENTRO-OESTE;996.808
2024-07-21 16:00:00;NORTE;SUDESTE/CENTRO-OESTE;1445.355
2024-07-21 17:00:00;NORTE;SUDESTE/CENTRO-OESTE;2527.064
2024-07-21 18:00:00;NORTE;SUDESTE/CENTRO-OESTE;4367.053
2024-07-21 19:00:00;NORTE;SUDESTE/CENTRO-OESTE;3253.553
2024-07-21 20:00:00;NORTE;SUDESTE/CENTRO-OESTE;1963.535
2024-07-21 21:00:00;NORTE;SUDESTE/CENTRO-OESTE;1674.647
2024-07-21 22:00:00;NORTE;SUDESTE/CENTRO-OESTE;1343.691
2024-07-21 23:00:00;NORTE;SUDESTE/CENTRO-OESTE;818.213
2024-07-22 00:00:00;NORTE;SUDESTE/CENTRO-OESTE;579.662
2024-07-22 01:00:00;NORTE;SUDESTE/CENTRO-OESTE;431.122
2024-07-22 02:00:00;NORTE;SUDESTE/CENTRO-OESTE;584.662
2024-07-22 03:00:00;NORTE;SUDESTE/CENTRO-OESTE;812.254
2024-07-22 04:00:00;NORTE;SUDESTE/CENTRO-OESTE;1048.845
2024-07-22 05:00:00;NORTE;SUDESTE/CENTRO-OESTE;1312.568
2024-07-22 06:00:00;NORTE;SUDESTE/CENTRO-OESTE;2180.204
2024-07-22 07:00:00;NORTE;SUDESTE/CENTRO-OESTE;2963.956
2024-07-22 08:00:00;NORTE;SUDESTE/CENTRO-OESTE;3151.585
2024-07-22 09:00:00;NORTE;SUDESTE/CENTRO-OESTE;3398.225
2024-07-22 10:00:00;NORTE;SUDESTE/CENTRO-OESTE;3409.158
2024-07-22 11:00:00;NORTE;SUDESTE/CENTRO-OESTE;3377.54
2024-07-22 12:00:00;NORTE;SUDESTE/CENTRO-OESTE;3330.477
2024-07-22 13:00:00;NORTE;SUDESTE/CENTRO-OESTE;2942.96099999
2024-07-22 14:00:00;NORTE;SUDESTE/CENTRO-OESTE;2874.51899999
2024-07-22 15:00:00;NORTE;SUDESTE/CENTRO-OESTE;2634.5
2024-07-22 16:00:00;NORTE;SUDESTE/CENTRO-OESTE;2735.837
2024-07-22 17:00:00;NORTE;SUDESTE/CENTRO-OESTE;3180.405
2024-07-22 18:00:00;NORTE;SUDESTE/CENTRO-OESTE;4506.941
2024-07-22 19:00:00;NORTE;SUDESTE/CENTRO-OESTE;4381.658
2024-07-22 20:00:00;NORTE;SUDESTE/CENTRO-OESTE;3455.689
2024-07-22 21:00:00;NORTE;SUDESTE/CENTRO-OESTE;2632.266
2024-07-22 22:00:00;NORTE;SUDESTE/CENTRO-OESTE;2152.404
2024-07-22 23:00:00;NORTE;SUDESTE/CENTRO-OESTE;1392.482
2024-07-23 00:00:00;NORTE;SUDESTE/CENTRO-OESTE;1176.08099999
2024-07-23 01:00:00;NORTE;SUDESTE/CENTRO-OESTE;1075.31199999
2024-07-23 02:00:00;NORTE;SUDESTE/CENTRO-OESTE;1071.52299999
2024-07-23 03:00:00;NORTE;SUDESTE/CENTRO-OESTE;1331.977
2024-07-23 04:00:00;NORTE;SUDESTE/CENTRO-OESTE;1741.93699999
2024-07-23 05:00:00;NORTE;SUDESTE/CENTRO-OESTE;1811.088
2024-07-23 06:00:00;NORTE;SUDESTE/CENTRO-OESTE;2382.253
2024-07-23 07:00:00;NORTE;SUDESTE/CENTRO-OESTE;2883.617
2024-07-23 08:00:00;NORTE;SUDESTE/CENTRO-OESTE;3038.236
2024-07-23 09:00:00;NORTE;SUDESTE/CENTRO-OESTE;3159.813
2024-07-23 10:00:00;NORTE;SUDESTE/CENTRO-OESTE;3146.596
2024-07-23 11:00:00;NORTE;SUDESTE/CENTRO-OESTE;3040.037
2024-07-23 12:00:00;NORTE;SUDESTE/CENTRO-OESTE;2939.479
2024-07-23 13:00:00;NORTE;SUDESTE/CENTRO-OESTE;2451.911
2024-07-23 14:00:00;NORTE;SUDESTE/CENTRO-OESTE;2346.878
2024-07-23 15:00:00;NORTE;SUDESTE/CENTRO-OESTE;2925.677
2024-07-23 16:00:00;NORTE;SUDESTE/CENTRO-OESTE;2712.617
2024-07-23 17:00:00;NORTE;SUDESTE/CENTRO-OESTE;3140.38
2024-07-23 18:00:00;NORTE;SUDESTE/CENTRO-OESTE;5348.821
2024-07-23 19:00:00;NORTE;SUDESTE/CENTRO-OESTE;4688.765
2024-07-23 20:00:00;NORTE;SUDESTE/CENTRO-OESTE;3557.003
2024-07-23 21:00:00;NORTE;SUDESTE/CENTRO-OESTE;2853.786
2024-07-23 22:00:00;NORTE;SUDESTE/CENTRO-OESTE;2448.594
2024-07-23 23:00:00;NORTE;SUDESTE/CENTRO-OESTE;1591.459
2024-07-24 00:00:00;NORTE;SUDESTE/CENTRO-OESTE;852.62
2024-07-24 01:00:00;NORTE;SUDESTE/CENTRO-OESTE;829.298
2024-07-24 02:00:00;NORTE;SUDESTE/CENTRO-OESTE;785.946
2024-07-24 03:00:00;NORTE;SUDESTE/CENTRO-OESTE;900.793
2024-07-24 04:00:00;NORTE;SUDESTE/CENTRO-OESTE;926.033
2024-07-24 05:00:00;NORTE;SUDESTE/CENTRO-OESTE;1010.447
2024-07-24 06:00:00;NORTE;SUDESTE/CENTRO-OESTE;1642.633
2024-07-24 07:00:00;NORTE;SUDESTE/CENTRO-OESTE;2316.484
2024-07-24 08:00:00;NORTE;SUDESTE/CENTRO-OESTE;2537.981
2024-07-24 09:00:00;NORTE;SUDESTE/CENTRO-OESTE;2726.619
2024-07-24 10:00:00;NORTE;SUDESTE/CENTRO-OESTE;2664.542
2024-07-24 11:00:00;NORTE;SUDESTE/CENTRO-OESTE;2997.783
2024-07-24 12:00:00;NORTE;SUDESTE/CENTRO-OESTE;3030.834
2024-07-24 13:00:00;NORTE;SUDESTE/CENTRO-OESTE;2709.942
2024-07-24 14:00:00;NORTE;SUDESTE/CENTRO-OESTE;2705.743
2024-07-24 15:00:00;NORTE;SUDESTE/CENTRO-OESTE;2758.376
2024-07-24 16:00:00;NORTE;SUDESTE/CENTRO-OESTE;2641.132
2024-07-24 17:00:00;NORTE;SUDESTE/CENTRO-OESTE;3256.459
2024-07-24 18:00:00;NORTE;SUDESTE/CENTRO-OESTE;4835.22
2024-07-24 19:00:00;NORTE;SUDESTE/CENTRO-OESTE;4252.359
2024-07-24 20:00:00;NORTE;SUDESTE/CENTRO-OESTE;2782.224
2024-07-24 21:00:00;NORTE;SUDESTE/CENTRO-OESTE;1875.145
2024-07-24 22:00:00;NORTE;SUDESTE/CENTRO-OESTE;1530.048
2024-07-24 23:00:00;NORTE;SUDESTE/CENTRO-OESTE;1268.351
2024-07-25 00:00:00;NORTE;SUDESTE/CENTRO-OESTE;401.451
2024-07-25 01:00:00;NORTE;SUDESTE/CENTRO-OESTE;45.363
2024-07-25 02:00:00;NORTE;SUDESTE/CENTRO-OESTE;83.843
2024-07-25 03:00:00;NORTE;SUDESTE/CENTRO-OESTE;135.144
2024-07-25 04:00:00;NORTE;SUDESTE/CENTRO-OESTE;376.185
2024-07-25 05:00:00;NORTE;SUDESTE/CENTRO-OESTE;519.067
2024-07-25 06:00:00;NORTE;SUDESTE/CENTRO-OESTE;1436.63
2024-07-25 07:00:00;NORTE;SUDESTE/CENTRO-OESTE;2544.91
2024-07-25 08:00:00;NORTE;SUDESTE/CENTRO-OESTE;2907.043
2024-07-25 09:00:00;NORTE;SUDESTE/CENTRO-OESTE;3190.828
2024-07-25 10:00:00;NORTE;SUDESTE/CENTRO-OESTE;3154.948
2024-07-25 11:00:00;NORTE;SUDESTE/CENTRO-OESTE;3424.724
2024-07-25 12:00:00;NORTE;SUDESTE/CENTRO-OESTE;3371.981
2024-07-25 13:00:00;NORTE;SUDESTE/CENTRO-OESTE;2892.34499999
2024-07-25 14:00:00;NORTE;SUDESTE/CENTRO-OESTE;3030.553
2024-07-25 15:00:00;NORTE;SUDESTE/CENTRO-OESTE;2868.838
2024-07-25 16:00:00;NORTE;SUDESTE/CENTRO-OESTE;2526.43199999
2024-07-25 17:00:00;NORTE;SUDESTE/CENTRO-OESTE;2550.675
2024-07-25 18:00:00;NORTE;SUDESTE/CENTRO-OESTE;3978.956
2024-07-25 19:00:00;NORTE;SUDESTE/CENTRO-OESTE;4313.886
2024-07-25 20:00:00;NORTE;SUDESTE/CENTRO-OESTE;3573.916
2024-07-25 21:00:00;NORTE;SUDESTE/CENTRO-OESTE;2471.388
2024-07-25 22:00:00;NORTE;SUDESTE/CENTRO-OESTE;2011.119
2024-07-25 23:00:00;NORTE;SUDESTE/CENTRO-OESTE;1512.105
2024-07-26 00:00:00;NORTE;SUDESTE/CENTRO-OESTE;990.905
2024-07-26 01:00:00;NORTE;SUDESTE/CENTRO-OESTE;876.347
2024-07-26 02:00:00;NORTE;SUDESTE/CENTRO-OESTE;961.639
2024-07-26 03:00:00;NORTE;SUDESTE/CENTRO-OESTE;999.136
2024-07-26 04:00:00;NORTE;SUDESTE/CENTRO-OESTE;1132.76399999
2024-07-26 05:00:00;NORTE;SUDESTE/CENTRO-OESTE;1270.166
2024-07-26 06:00:00;NORTE;SUDESTE/CENTRO-OESTE;2293.322
2024-07-26 07:00:00;NORTE;SUDESTE/CENTRO-OESTE;3153.712
2024-07-26 08:00:00;NORTE;SUDESTE/CENTRO-OESTE;3260.253
2024-07-26 09:00:00;NORTE;SUDESTE/CENTRO-OESTE;3349.284
2024-07-26 10:00:00;NORTE;SUDESTE/CENTRO-OESTE;3340.905
2024-07-26 11:00:00;NORTE;SUDESTE/CENTRO-OESTE;3390.656
2024-07-26 12:00:00;NORTE;SUDESTE/CENTRO-OESTE;3467.154
2024-07-26 13:00:00;NORTE;SUDESTE/CENTRO-OESTE;3181.649
2024-07-26 14:00:00;NORTE;SUDESTE/CENTRO-OESTE;3035.455
2024-07-26 15:00:00;NORTE;SUDESTE/CENTRO-OESTE;3061.472
2024-07-26 16:00:00;NORTE;SUDESTE/CENTRO-OESTE;2951.131
2024-07-26 17:00:00;NORTE;SUDESTE/CENTRO-OESTE;3155.524
2024-07-26 18:00:00;NORTE;SUDESTE/CENTRO-OESTE;4847.31499999
2024-07-26 19:00:00;NORTE;SUDESTE/CENTRO-OESTE;4117.203
2024-07-26 20:00:00;NORTE;SUDESTE/CENTRO-OESTE;3043.405
2024-07-26 21:00:00;NORTE;SUDESTE/CENTRO-OESTE;2366.654
2024-07-26 22:00:00;NORTE;SUDESTE/CENTRO-OESTE;1664.833
2024-07-26 23:00:00;NORTE;SUDESTE/CENTRO-OESTE;1278.983
2024-07-27 00:00:00;NORTE;SUDESTE/CENTRO-OESTE;724.017
2024-07-27 01:00:00;NORTE;SUDESTE/CENTRO-OESTE;580.53099999
2024-07-27 02:00:00;NORTE;SUDESTE/CENTRO-OESTE;675.58
2024-07-27 03:00:00;NORTE;SUDESTE/CENTRO-OESTE;805.503
2024-07-27 04:00:00;NORTE;SUDESTE/CENTRO-OESTE;906.019
2024-07-27 05:00:00;NORTE;SUDESTE/CENTRO-OESTE;1088.471
2024-07-27 06:00:00;NORTE;SUDESTE/CENTRO-OESTE;1827.051
2024-07-27 07:00:00;NORTE;SUDESTE/CENTRO-OESTE;2500.723
2024-07-27 08:00:00;NORTE;SUDESTE/CENTRO-OESTE;2839.809
2024-07-27 09:00:00;NORTE;SUDESTE/CENTRO-OESTE;3106.105
2024-07-27 10:00:00;NORTE;SUDESTE/CENTRO-OESTE;3101.188
2024-07-27 11:00:00;NORTE;SUDESTE/CENTRO-OESTE;3208.94
2024-07-27 12:00:00;NORTE;SUDESTE/CENTRO-OESTE;3232.946
2024-07-27 13:00:00;NORTE;SUDESTE/CENTRO-OESTE;2966.869
2024-07-27 14:00:00;NORTE;SUDESTE/CENTRO-OESTE;2767.292
2024-07-27 15:00:00;NORTE;SUDESTE/CENTRO-OESTE;2827.774
2024-07-27 16:00:00;NORTE;SUDESTE/CENTRO-OESTE;2802.896
2024-07-27 17:00:00;NORTE;SUDESTE/CENTRO-OESTE;3146.68199999
2024-07-27 18:00:00;NORTE;SUDESTE/CENTRO-OESTE;4344.03399999
2024-07-27 19:00:00;NORTE;SUDESTE/CENTRO-OESTE;3883.019
2024-07-27 20:00:00;NORTE;SUDESTE/CENTRO-OESTE;2573.253
2024-07-27 21:00:00;NORTE;SUDESTE/CENTRO-OESTE;1844.966
2024-07-27 22:00:00;NORTE;SUDESTE/CENTRO-OESTE;1333.38799999
2024-07-27 23:00:00;NORTE;SUDESTE/CENTRO-OESTE;597.563
2024-07-28 00:00:00;NORTE;SUDESTE/CENTRO-OESTE;514.114
2024-07-28 01:00:00;NORTE;SUDESTE/CENTRO-OESTE;492.096
2024-07-28 02:00:00;NORTE;SUDESTE/CENTRO-OESTE;541.664
2024-07-28 03:00:00;NORTE;SUDESTE/CENTRO-OESTE;717.633
2024-07-28 04:00:00;NORTE;SUDESTE/CENTRO-OESTE;715.266
2024-07-28 05:00:00;NORTE;SUDESTE/CENTRO-OESTE;418.69099999
2024-07-28 06:00:00;NORTE;SUDESTE/CENTRO-OESTE;541.65099999
2024-07-28 07:00:00;NORTE;SUDESTE/CENTRO-OESTE;1591.944
2024-07-28 08:00:00;NORTE;SUDESTE/CENTRO-OESTE;2252.288
2024-07-28 09:00:00;NORTE;SUDESTE/CENTRO-OESTE;2578.005
2024-07-28 10:00:00;NORTE;SUDESTE/CENTRO-OESTE;2581.17299999
2024-07-28 11:00:00;NORTE;SUDESTE/CENTRO-OESTE;2512.958
2024-07-28 12:00:00;NORTE;SUDESTE/CENTRO-OESTE;2509.94
2024-07-28 13:00:00;NORTE;SUDESTE/CENTRO-OESTE;2379.829
2024-07-28 14:00:00;NORTE;SUDESTE/CENTRO-OESTE;2612.398
2024-07-28 15:00:00;NORTE;SUDESTE/CENTRO-OESTE;2692.694
2024-07-28 16:00:00;NORTE;SUDESTE/CENTRO-OESTE;2309.966
2024-07-28 17:00:00;NORTE;SUDESTE/CENTRO-OESTE;3112.563
2024-07-28 18:00:00;NORTE;SUDESTE/CENTRO-OESTE;4642.977
2024-07-28 19:00:00;NORTE;SUDESTE/CENTRO-OESTE;3641.298
2024-07-28 20:00:00;NORTE;SUDESTE/CENTRO-OESTE;2548.029
2024-07-28 21:00:00;NORTE;SUDESTE/CENTRO-OESTE;1859.742
2024-07-28 22:00:00;NORTE;SUDESTE/CENTRO-OESTE;1129.618
2024-07-28 23:00:00;NORTE;SUDESTE/CENTRO-OESTE;210.399
2024-07-29 00:00:00;NORTE;SUDESTE/CENTRO-OESTE;21.444
2024-07-29 01:00:00;NORTE;SUDESTE/CENTRO-OESTE;-269.25
2024-07-29 02:00:00;NORTE;SUDESTE/CENTRO-OESTE;-118.051
2024-07-29 03:00:00;NORTE;SUDESTE/CENTRO-OESTE;90.763
2024-07-29 04:00:00;NORTE;SUDESTE/CENTRO-OESTE;533.259
2024-07-29 05:00:00;NORTE;SUDESTE/CENTRO-OESTE;665.586
2024-07-29 06:00:00;NORTE;SUDESTE/CENTRO-OESTE;1693.24499999
2024-07-29 07:00:00;NORTE;SUDESTE/CENTRO-OESTE;2697.987
2024-07-29 08:00:00;NORTE;SUDESTE/CENTRO-OESTE;2819.043
2024-07-29 09:00:00;NORTE;SUDESTE/CENTRO-OESTE;2879.161
2024-07-29 10:00:00;NORTE;SUDESTE/CENTRO-OESTE;3224.817
2024-07-29 11:00:00;NORTE;SUDESTE/CENTRO-OESTE;3151.463
2024-07-29 12:00:00;NORTE;SUDESTE/CENTRO-OESTE;2958.42
2024-07-29 13:00:00;NORTE;SUDESTE/CENTRO-OESTE;2655.295
2024-07-29 14:00:00;NORTE;SUDESTE/CENTRO-OESTE;2195.728
2024-07-29 15:00:00;NORTE;SUDESTE/CENTRO-OESTE;2285.36
2024-07-29 16:00:00;NORTE;SUDESTE/CENTRO-OESTE;2717.484
2024-07-29 17:00:00;NORTE;SUDESTE/CENTRO-OESTE;3231.531
2024-07-29 18:00:00;NORTE;SUDESTE/CENTRO-OESTE;4258.843
2024-07-29 19:00:00;NORTE;SUDESTE/CENTRO-OESTE;3357.58
2024-07-29 20:00:00;NORTE;SUDESTE/CENTRO-OESTE;2403.222
2024-07-29 21:00:00;NORTE;SUDESTE/CENTRO-OESTE;1521.419
2024-07-29 22:00:00;NORTE;SUDESTE/CENTRO-OESTE;1310.873
2024-07-29 23:00:00;NORTE;SUDESTE/CENTRO-OESTE;1070.351
2024-07-30 00:00:00;NORTE;SUDESTE/CENTRO-OESTE;410.424
2024-07-30 01:00:00;NORTE;SUDESTE/CENTRO-OESTE;-63.457
2024-07-30 02:00:00;NORTE;SUDESTE/CENTRO-OESTE;213.587
2024-07-30 03:00:00;NORTE;SUDESTE/CENTRO-OESTE;295.91199999
2024-07-30 04:00:00;NORTE;SUDESTE/CENTRO-OESTE;412.665
2024-07-30 05:00:00;NORTE;SUDESTE/CENTRO-OESTE;597.263
2024-07-30 06:00:00;NORTE;SUDESTE/CENTRO-OESTE;1728.472
2024-07-30 07:00:00;NORTE;SUDESTE/CENTRO-OESTE;2538.582
2024-07-30 08:00:00;NORTE;SUDESTE/CENTRO-OESTE;2645.655
2024-07-30 09:00:00;NORTE;SUDESTE/CENTRO-OESTE;2585.814
2024-07-30 10:00:00;NORTE;SUDESTE/CENTRO-OESTE;2504.694
2024-07-30 11:00:00;NORTE;SUDESTE/CENTRO-OESTE;2360.27
2024-07-30 12:00:00;NORTE;SUDESTE/CENTRO-OESTE;2351.887
2024-07-30 13:00:00;NORTE;SUDESTE/CENTRO-OESTE;2127.125
2024-07-30 14:00:00;NORTE;SUDESTE/CENTRO-OESTE;1315.673
2024-07-30 15:00:00;NORTE;SUDESTE/CENTRO-OESTE;1121.979
2024-07-30 16:00:00;NORTE;SUDESTE/CENTRO-OESTE;1620.507
2024-07-30 17:00:00;NORTE;SUDESTE/CENTRO-OESTE;2637.158
2024-07-30 18:00:00;NORTE;SUDESTE/CENTRO-OESTE;4842.95799999
2024-07-30 19:00:00;NORTE;SUDESTE/CENTRO-OESTE;4345.715
2024-07-30 20:00:00;NORTE;SUDESTE/CENTRO-OESTE;2769.247
2024-07-30 21:00:00;NORTE;SUDESTE/CENTRO-OESTE;1981.289
2024-07-30 22:00:00;NORTE;SUDESTE/CENTRO-OESTE;1582.535
2024-07-30 23:00:00;NORTE;SUDESTE/CENTRO-OESTE;1044.198
2024-07-31 00:00:00;NORTE;SUDESTE/CENTRO-OESTE;582.517
2024-07-31 01:00:00;NORTE;SUDESTE/CENTRO-OESTE;212.206
2024-07-31 02:00:00;NORTE;SUDESTE/CENTRO-OESTE;515.297
2024-07-31 03:00:00;NORTE;SUDESTE/CENTRO-OESTE;687.444
2024-07-31 04:00:00;NORTE;SUDESTE/CENTRO-OESTE;764.194
2024-07-31 05:00:00;NORTE;SUDESTE/CENTRO-OESTE;1020.719
2024-07-31 06:00:00;NORTE;SUDESTE/CENTRO-OESTE;2040.844
2024-07-31 07:00:00;NORTE;SUDESTE/CENTRO-OESTE;2727.74699999
2024-07-31 08:00:00;NORTE;SUDESTE/CENTRO-OESTE;2852.822
2024-07-31 09:00:00;NORTE;SUDESTE/CENTRO-OESTE;2773.198
2024-07-31 10:00:00;NORTE;SUDESTE/CENTRO-OESTE;2964.42
2024-07-31 11:00:00;NORTE;SUDESTE/CENTRO-OESTE;3043.224
2024-07-31 12:00:00;NORTE;SUDESTE/CENTRO-OESTE;2927.718
2024-07-31 13:00:00;NORTE;SUDESTE/CENTRO-OESTE;2534.799
2024-07-31 14:00:00;NORTE;SUDESTE/CENTRO-OESTE;2545.873
2024-07-31 15:00:00;NORTE;SUDESTE/CENTRO-OESTE;2649.734
2024-07-31 16:00:00;NORTE;SUDESTE/CENTRO-OESTE;2565.36499999
2024-07-31 17:00:00;NORTE;SUDESTE/CENTRO-OESTE;3309.553
2024-07-31 18:00:00;NORTE;SUDESTE/CENTRO-OESTE;5121.72
2024-07-31 19:00:00;NORTE;SUDESTE/CENTRO-OESTE;3837.392
2024-07-31 20:00:00;NORTE;SUDESTE/CENTRO-OESTE;1844.663
2024-07-31 21:00:00;NORTE;SUDESTE/CENTRO-OESTE;1453.481
2024-07-31 22:00:00;NORTE;SUDESTE/CENTRO-OESTE;1371.672
2024-07-31 23:00:00;NORTE;SUDESTE/CENTRO-OESTE;1029.817
2024-08-01 00:00:00;NORTE;SUDESTE/CENTRO-OESTE;667.80499999
2024-08-01 01:00:00;NORTE;SUDESTE/CENTRO-OESTE;540.649
2024-08-01 02:00:00;NORTE;SUDESTE/CENTRO-OESTE;593.97
2024-08-01 03:00:00;NORTE;SUDESTE/CENTRO-OESTE;680.871
2024-08-01 04:00:00;NORTE;SUDESTE/CENTRO-OESTE;1037.457
2024-08-01 05:00:00;NORTE;SUDESTE/CENTRO-OESTE;1810.357
2024-08-01 06:00:00;NORTE;SUDESTE/CENTRO-OESTE;2719.532
2024-08-01 07:00:00;NORTE;SUDESTE/CENTRO-OESTE;2765.093
2024-08-01 08:00:00;NORTE;SUDESTE/CENTRO-OESTE;2660.822
2024-08-01 09:00:00;NORTE;SUDESTE/CENTRO-OESTE;2637.446
2024-08-01 10:00:00;NORTE;SUDESTE/CENTRO-OESTE;2947.339
2024-08-01 11:00:00;NORTE;SUDESTE/CENTRO-OESTE;3130.567
2024-08-01 12:00:00;NORTE;SUDESTE/CENTRO-OESTE;3062.447
2024-08-01 13:00:00;NORTE;SUDESTE/CENTRO-OESTE;2839.329
2024-08-01 14:00:00;NORTE;SUDESTE/CENTRO-OESTE;3001.117
2024-08-01 15:00:00;NORTE;SUDESTE/CENTRO-OESTE;2692.36
2024-08-01 16:00:00;NORTE;SUDESTE/CENTRO-OESTE;2976.935
2024-08-01 17:00:00;NORTE;SUDESTE/CENTRO-OESTE;3835.01
2024-08-01 18:00:00;NORTE;SUDESTE/CENTRO-OESTE;4947.094
2024-08-01 19:00:00;NORTE;SUDESTE/CENTRO-OESTE;4101.959
2024-08-01 20:00:00;NORTE;SUDESTE/CENTRO-OESTE;2604.204
2024-08-01 21:00:00;NORTE;SUDESTE/CENTRO-OESTE;2387.17299999
2024-08-01 22:00:00;NORTE;SUDESTE/CENTRO-OESTE;2224.164
2024-08-01 23:00:00;NORTE;SUDESTE/CENTRO-OESTE;1950.889
2024-08-02 00:00:00;NORTE;SUDESTE/CENTRO-OESTE;1085.395
2024-08-02 01:00:00;NORTE;SUDESTE/CENTRO-OESTE;284.736
2024-08-02 02:00:00;NORTE;SUDESTE/CENTRO-OESTE;119.271
2024-08-02 03:00:00;NORTE;SUDESTE/CENTRO-OESTE;420.641
2024-08-02 04:00:00;NORTE;SUDESTE/CENTRO-OESTE;1067.459
2024-08-02 05:00:00;NORTE;SUDESTE/CENTRO-OESTE;1337.89
2024-08-02 06:00:00;NORTE;SUDESTE/CENTRO-OESTE;1945.717
2024-08-02 07:00:00;NORTE;SUDESTE/CENTRO-OESTE;2217.83399999
2024-08-02 08:00:00;NORTE;SUDESTE/CENTRO-OESTE;2405.148
2024-08-02 09:00:00;NORTE;SUDESTE/CENTRO-OESTE;2624.17
2024-08-02 10:00:00;NORTE;SUDESTE/CENTRO-OESTE;2640.926
2024-08-02 11:00:00;NORTE;SUDESTE/CENTRO-OESTE;2745.136
2024-08-02 12:00:00;NORTE;SUDESTE/CENTRO-OESTE;2788.757
2024-08-02 13:00:00;NORTE;SUDESTE/CENTRO-OESTE;2433.69099999
2024-08-02 14:00:00;NORTE;SUDESTE/CENTRO-OESTE;2557.708
2024-08-02 15:00:00;NORTE;SUDESTE/CENTRO-OESTE;2710.072
2024-08-02 16:00:00;NORTE;SUDESTE/CENTRO-OESTE;2731.04
2024-08-02 17:00:00;NORTE;SUDESTE/CENTRO-OESTE;3584.324
2024-08-02 18:00:00;NORTE;SUDESTE/CENTRO-OESTE;4950.684
2024-08-02 19:00:00;NORTE;SUDESTE/CENTRO-OESTE;4475.461
2024-08-02 20:00:00;NORTE;SUDESTE/CENTRO-OESTE;3074.866
2024-08-02 21:00:00;NORTE;SUDESTE/CENTRO-OESTE;2359.256
2024-08-02 22:00:00;NORTE;SUDESTE/CENTRO-OESTE;2122.815
2024-08-02 23:00:00;NORTE;SUDESTE/CENTRO-OESTE;1467.581
2024-08-03 00:00:00;NORTE;SUDESTE/CENTRO-OESTE;943.163
2024-08-03 01:00:00;NORTE;SUDESTE/CENTRO-OESTE;652.408
2024-08-03 02:00:00;NORTE;SUDESTE/CENTRO-OESTE;593.981
2024-08-03 03:00:00;NORTE;SUDESTE/CENTRO-OESTE;792.278
2024-08-03 04:00:00;NORTE;SUDESTE/CENTRO-OESTE;927.079
2024-08-03 05:00:00;NORTE;SUDESTE/CENTRO-OESTE;1156.713
2024-08-03 06:00:00;NORTE;SUDESTE/CENTRO-OESTE;2198.656
2024-08-03 07:00:00;NORTE;SUDESTE/CENTRO-OESTE;2722.446
2024-08-03 08:00:00;NORTE;SUDESTE/CENTRO-OESTE;3135.06
2024-08-03 09:00:00;NORTE;SUDESTE/CENTRO-OESTE;3065.786
2024-08-03 10:00:00;NORTE;SUDESTE/CENTRO-OESTE;2900.71099999
2024-08-03 11:00:00;NORTE;SUDESTE/CENTRO-OESTE;3024.696
2024-08-03 12:00:00;NORTE;SUDESTE/CENTRO-OESTE;3033.987
2024-08-03 13:00:00;NORTE;SUDESTE/CENTRO-OESTE;2925.68
2024-08-03 14:00:00;NORTE;SUDESTE/CENTRO-OESTE;2501.429
2024-08-03 15:00:00;NORTE;SUDESTE/CENTRO-OESTE;2413.839
2024-08-03 16:00:00;NORTE;SUDESTE/CENTRO-OESTE;2554.031
2024-08-03 17:00:00;NORTE;SUDESTE/CENTRO-OESTE;3175.732
2024-08-03 18:00:00;NORTE;SUDESTE/CENTRO-OESTE;4777.88
2024-08-03 19:00:00;NORTE;SUDESTE/CENTRO-OESTE;3763.779
2024-08-03 20:00:00;NORTE;SUDESTE/CENTRO-OESTE;1958.823
2024-08-03 21:00:00;NORTE;SUDESTE/CENTRO-OESTE;1442.672
2024-08-03 22:00:00;NORTE;SUDESTE/CENTRO-OESTE;1100.836
2024-08-03 23:00:00;NORTE;SUDESTE/CENTRO-OESTE;1052.503
2024-08-04 00:00:00;NORTE;SUDESTE/CENTRO-OESTE;740.807
2024-08-04 01:00:00;NORTE;SUDESTE/CENTRO-OESTE;635.657
2024-08-04 02:00:00;NORTE;SUDESTE/CENTRO-OESTE;903.246
2024-08-04 03:00:00;NORTE;SUDESTE/CENTRO-OESTE;1002.842
2024-08-04 04:00:00;NORTE;SUDESTE/CENTRO-OESTE;1115.685
2024-08-04 05:00:00;NORTE;SUDESTE/CENTRO-OESTE;982.187
2024-08-04 06:00:00;NORTE;SUDESTE/CENTRO-OESTE;1599.478
2024-08-04 07:00:00;NORTE;SUDESTE/CENTRO-OESTE;2045.422
2024-08-04 08:00:00;NORTE;SUDESTE/CENTRO-OESTE;2438.554
2024-08-04 09:00:00;NORTE;SUDESTE/CENTRO-OESTE;2457.885
2024-08-04 10:00:00;NORTE;SUDESTE/CENTRO-OESTE;2494.422
2024-08-04 11:00:00;NORTE;SUDESTE/CENTRO-OESTE;2534.971
2024-08-04 12:00:00;NORTE;SUDESTE/CENTRO-OESTE;2763.205
2024-08-04 13:00:00;NORTE;SUDESTE/CENTRO-OESTE;3008.315
2024-08-04 14:00:00;NORTE;SUDESTE/CENTRO-OESTE;3047.748
2024-08-04 15:00:00;NORTE;SUDESTE/CENTRO-OESTE;3231.472
2024-08-04 16:00:00;NORTE;SUDESTE/CENTRO-OESTE;3518.031
2024-08-04 17:00:00;NORTE;SUDESTE/CENTRO-OESTE;3341.035
2024-08-04 18:00:00;NORTE;SUDESTE/CENTRO-OESTE;3643.701
2024-08-04 19:00:00;NORTE;SUDESTE/CENTRO-OESTE;2617.73999999
2024-08-04 20:00:00;NORTE;SUDESTE/CENTRO-OESTE;2148.741
2024-08-04 21:00:00;NORTE;SUDESTE/CENTRO-OESTE;1898.566
2024-08-04 22:00:00;NORTE;SUDESTE/CENTRO-OESTE;1036.65
2024-08-04 23:00:00;NORTE;SUDESTE/CENTRO-OESTE;844.308
2024-08-05 00:00:00;NORTE;SUDESTE/CENTRO-OESTE;1094.208
2024-08-05 01:00:00;NORTE;SUDESTE/CENTRO-OESTE;1025.805
2024-08-05 02:00:00;NORTE;SUDESTE/CENTRO-OESTE;1200.775
2024-08-05 03:00:00;NORTE;SUDESTE/CENTRO-OESTE;1329.981
2024-08-05 04:00:00;NORTE;SUDESTE/CENTRO-OESTE;1526.155
2024-08-05 05:00:00;NORTE;SUDESTE/CENTRO-OESTE;1708.589
2024-08-05 06:00:00;NORTE;SUDESTE/CENTRO-OESTE;2430.355
2024-08-05 07:00:00;NORTE;SUDESTE/CENTRO-OESTE;2731.467
2024-08-05 08:00:00;NORTE;SUDESTE/CENTRO-OESTE;2674.87199999
2024-08-05 09:00:00;NORTE;SUDESTE/CENTRO-OESTE;2843.715
2024-08-05 10:00:00;NORTE;SUDESTE/CENTRO-OESTE;2797.853
2024-08-05 11:00:00;NORTE;SUDESTE/CENTRO-OESTE;2740.703
2024-08-05 12:00:00;NORTE;SUDESTE/CENTRO-OESTE;2875.161
2024-08-05 13:00:00;NORTE;SUDESTE/CENTRO-OESTE;2702.592
2024-08-05 14:00:00;NORTE;SUDESTE/CENTRO-OESTE;2838.026
2024-08-05 15:00:00;NORTE;SUDESTE/CENTRO-OESTE;2638.39199999
2024-08-05 16:00:00;NORTE;SUDESTE/CENTRO-OESTE;2475.80699999
2024-08-05 17:00:00;NORTE;SUDESTE/CENTRO-OESTE;3097.108
2024-08-05 18:00:00;NORTE;SUDESTE/CENTRO-OESTE;4156.506
2024-08-05 19:00:00;NORTE;SUDESTE/CENTRO-OESTE;3951.476
2024-08-05 20:00:00;NORTE;SUDESTE/CENTRO-OESTE;2691.03699999
2024-08-05 21:00:00;NORTE;SUDESTE/CENTRO-OESTE;2411.887
2024-08-05 22:00:00;NORTE;SUDESTE/CENTRO-OESTE;2135.936
2024-08-05 23:00:00;NORTE;SUDESTE/CENTRO-OESTE;1467.787
2024-08-06 00:00:00;NORTE;SUDESTE/CENTRO-OESTE;1205.338
2024-08-06 01:00:00;NORTE;SUDESTE/CENTRO-OESTE;1376.21
2024-08-06 02:00:00;NORTE;SUDESTE/CENTRO-OESTE;1781.45
2024-08-06 03:00:00;NORTE;SUDESTE/CENTRO-OESTE;2054.638
2024-08-06 04:00:00;NORTE;SUDESTE/CENTRO-OESTE;2122.882
2024-08-06 05:00:00;NORTE;SUDESTE/CENTRO-OESTE;2347.41
2024-08-06 06:00:00;NORTE;SUDESTE/CENTRO-OESTE;2651.13
2024-08-06 07:00:00;NORTE;SUDESTE/CENTRO-OESTE;2897.256
2024-08-06 08:00:00;NORTE;SUDESTE/CENTRO-OESTE;3053.308
2024-08-06 09:00:00;NORTE;SUDESTE/CENTRO-OESTE;3019.993
2024-08-06 10:00:00;NORTE;SUDESTE/CENTRO-OESTE;2836.416
2024-08-06 11:00:00;NORTE;SUDESTE/CENTRO-OESTE;3035.829
2024-08-06 12:00:00;NORTE;SUDESTE/CENTRO-OESTE;3002.906
2024-08-06 13:00:00;NORTE;SUDESTE/CENTRO-OESTE;2666.462
2024-08-06 14:00:00;NORTE;SUDESTE/CENTRO-OESTE;2719.641
2024-08-06 15:00:00;NORTE;SUDESTE/CENTRO-OESTE;2597.552
2024-08-06 16:00:00;NORTE;SUDESTE/CENTRO-OESTE;2543.996
2024-08-06 17:00:00;NORTE;SUDESTE/CENTRO-OESTE;3102.855
2024-08-06 18:00:00;NORTE;SUDESTE/CENTRO-OESTE;4296.089
2024-08-06 19:00:00;NORTE;SUDESTE/CENTRO-OESTE;3878.977
2024-08-06 20:00:00;NORTE;SUDESTE/CENTRO-OESTE;2664.207
2024-08-06 21:00:00;NORTE;SUDESTE/CENTRO-OESTE;2798.876
2024-08-06 22:00:00;NORTE;SUDESTE/CENTRO-OESTE;2757.908
2024-08-06 23:00:00;NORTE;SUDESTE/CENTRO-OESTE;2368.984
2024-08-07 00:00:00;NORTE;SUDESTE/CENTRO-OESTE;1808.895
2024-08-07 01:00:00;NORTE;SUDESTE/CENTRO-OESTE;1431.936
2024-08-07 02:00:00;NORTE;SUDESTE/CENTRO-OESTE;1365.71599999
2024-08-07 03:00:00;NORTE;SUDESTE/CENTRO-OESTE;1645.498
2024-08-07 04:00:00;NORTE;SUDESTE/CENTRO-OESTE;2030.654
2024-08-07 05:00:00;NORTE;SUDESTE/CENTRO-OESTE;2314.77599999
2024-08-07 06:00:00;NORTE;SUDESTE/CENTRO-OESTE;2871.206
2024-08-07 07:00:00;NORTE;SUDESTE/CENTRO-OESTE;3377.983
2024-08-07 08:00:00;NORTE;SUDESTE/CENTRO-OESTE;3388.986
2024-08-07 09:00:00;NORTE;SUDESTE/CENTRO-OESTE;3208.49899999
2024-08-07 10:00:00;NORTE;SUDESTE/CENTRO-OESTE;3175.722
2024-08-07 11:00:00;NORTE;SUDESTE/CENTRO-OESTE;3415.215
2024-08-07 12:00:00;NORTE;SUDESTE/CENTRO-OESTE;3939.973
2024-08-07 13:00:00;NORTE;SUDESTE/CENTRO-OESTE;3406.734
2024-08-07 14:00:00;NORTE;SUDESTE/CENTRO-OESTE;3011.561
2024-08-07 15:00:00;NORTE;SUDESTE/CENTRO-OESTE;2519.995
2024-08-07 16:00:00;NORTE;SUDESTE/CENTRO-OESTE;2268.937
2024-08-07 17:00:00;NORTE;SUDESTE/CENTRO-OESTE;3096.489
2024-08-07 18:00:00;NORTE;SUDESTE/CENTRO-OESTE;4765.52499999
2024-08-07 19:00:00;NORTE;SUDESTE/CENTRO-OESTE;4594.939
2024-08-07 20:00:00;NORTE;SUDESTE/CENTRO-OESTE;3574.071
2024-08-07 21:00:00;NORTE;SUDESTE/CENTRO-OESTE;3090.694
2024-08-07 22:00:00;NORTE;SUDESTE/CENTRO-OESTE;2943.353
2024-08-07 23:00:00;NORTE;SUDESTE/CENTRO-OESTE;2686.30499999
2024-08-08 00:00:00;NORTE;SUDESTE/CENTRO-OESTE;2254.71
2024-08-08 01:00:00;NORTE;SUDESTE/CENTRO-OESTE;2035.622
2024-08-08 02:00:00;NORTE;SUDESTE/CENTRO-OESTE;1656.633
2024-08-08 03:00:00;NORTE;SUDESTE/CENTRO-OESTE;1691.771
2024-08-08 04:00:00;NORTE;SUDESTE/CENTRO-OESTE;1855.788
2024-08-08 05:00:00;NORTE;SUDESTE/CENTRO-OESTE;2073.559
2024-08-08 06:00:00;NORTE;SUDESTE/CENTRO-OESTE;2569.79599999
2024-08-08 07:00:00;NORTE;SUDESTE/CENTRO-OESTE;3162.49899999
2024-08-08 08:00:00;NORTE;SUDESTE/CENTRO-OESTE;3418.138
2024-08-08 09:00:00;NORTE;SUDESTE/CENTRO-OESTE;3465.884
2024-08-08 10:00:00;NORTE;SUDESTE/CENTRO-OESTE;3448.86499999
2024-08-08 11:00:00;NORTE;SUDESTE/CENTRO-OESTE;3547.151
2024-08-08 12:00:00;NORTE;SUDESTE/CENTRO-OESTE;3609.312
2024-08-08 13:00:00;NORTE;SUDESTE/CENTRO-OESTE;3492.292
2024-08-08 14:00:00;NORTE;SUDESTE/CENTRO-OESTE;3571.573
2024-08-08 15:00:00;NORTE;SUDESTE/CENTRO-OESTE;3248.956
2024-08-08 16:00:00;NORTE;SUDESTE/CENTRO-OESTE;3130.833
2024-08-08 17:00:00;NORTE;SUDESTE/CENTRO-OESTE;3783.941
2024-08-08 18:00:00;NORTE;SUDESTE/CENTRO-OESTE;5349.54299999
2024-08-08 19:00:00;NORTE;SUDESTE/CENTRO-OESTE;4831.975
2024-08-08 20:00:00;NORTE;SUDESTE/CENTRO-OESTE;3747.273
2024-08-08 21:00:00;NORTE;SUDESTE/CENTRO-OESTE;3076.857
2024-08-08 22:00:00;NORTE;SUDESTE/CENTRO-OESTE;2824.907
2024-08-08 23:00:00;NORTE;SUDESTE/CENTRO-OESTE;1908.652
2024-08-09 00:00:00;NORTE;SUDESTE/CENTRO-OESTE;1929.264
2024-08-09 01:00:00;NORTE;SUDESTE/CENTRO-OESTE;1326.99399999
2024-08-09 02:00:00;NORTE;SUDESTE/CENTRO-OESTE;1576.359
2024-08-09 03:00:00;NORTE;SUDESTE/CENTRO-OESTE;1763.868
2024-08-09 04:00:00;NORTE;SUDESTE/CENTRO-OESTE;1845.137
2024-08-09 05:00:00;NORTE;SUDESTE/CENTRO-OESTE;1941.591
2024-08-09 06:00:00;NORTE;SUDESTE/CENTRO-OESTE;2887.515
2024-08-09 07:00:00;NORTE;SUDESTE/CENTRO-OESTE;3164.094
2024-08-09 08:00:00;NORTE;SUDESTE/CENTRO-OESTE;3211.671
2024-08-09 09:00:00;NORTE;SUDESTE/CENTRO-OESTE;2983.604
2024-08-09 10:00:00;NORTE;SUDESTE/CENTRO-OESTE;2716.246
2024-08-09 11:00:00;NORTE;SUDESTE/CENTRO-OESTE;3127.097
2024-08-09 12:00:00;NORTE;SUDESTE/CENTRO-OESTE;3237.051
2024-08-09 13:00:00;NORTE;SUDESTE/CENTRO-OESTE;3145.714
2024-08-09 14:00:00;NORTE;SUDESTE/CENTRO-OESTE;2536.742
2024-08-09 15:00:00;NORTE;SUDESTE/CENTRO-OESTE;2088.714
2024-08-09 16:00:00;NORTE;SUDESTE/CENTRO-OESTE;1442.06
2024-08-09 17:00:00;NORTE;SUDESTE/CENTRO-OESTE;1754.973
2024-08-09 18:00:00;NORTE;SUDESTE/CENTRO-OESTE;3807.937
2024-08-09 19:00:00;NORTE;SUDESTE/CENTRO-OESTE;3865.441
2024-08-09 20:00:00;NORTE;SUDESTE/CENTRO-OESTE;3086.111
2024-08-09 21:00:00;NORTE;SUDESTE/CENTRO-OESTE;2888.991
2024-08-09 22:00:00;NORTE;SUDESTE/CENTRO-OESTE;2557.47899999
2024-08-09 23:00:00;NORTE;SUDESTE/CENTRO-OESTE;2207.79799999
2024-08-10 00:00:00;NORTE;SUDESTE/CENTRO-OESTE;1908.416
2024-08-10 01:00:00;NORTE;SUDESTE/CENTRO-OESTE;1582.259
2024-08-10 02:00:00;NORTE;SUDESTE/CENTRO-OESTE;1374.104
2024-08-10 03:00:00;NORTE;SUDESTE/CENTRO-OESTE;1429.247
2024-08-10 04:00:00;NORTE;SUDESTE/CENTRO-OESTE;1566.569
2024-08-10 05:00:00;NORTE;SUDESTE/CENTRO-OESTE;1638.32199999
2024-08-10 06:00:00;NORTE;SUDESTE/CENTRO-OESTE;2222.71999999
2024-08-10 07:00:00;NORTE;SUDESTE/CENTRO-OESTE;2955.419
2024-08-10 08:00:00;NORTE;SUDESTE/CENTRO-OESTE;2960.556
2024-08-10 09:00:00;NORTE;SUDESTE/CENTRO-OESTE;2723.012
2024-08-10 10:00:00;NORTE;SUDESTE/CENTRO-OESTE;2849.05
2024-08-10 11:00:00;NORTE;SUDESTE/CENTRO-OESTE;2889.12399999
2024-08-10 12:00:00;NORTE;SUDESTE/CENTRO-OESTE;2973.869
2024-08-10 13:00:00;NORTE;SUDESTE/CENTRO-OESTE;2725.721
2024-08-10 14:00:00;NORTE;SUDESTE/CENTRO-OESTE;2527.658
2024-08-10 15:00:00;NORTE;SUDESTE/CENTRO-OESTE;2208.184
2024-08-10 16:00:00;NORTE;SUDESTE/CENTRO-OESTE;1305.191
2024-08-10 17:00:00;NORTE;SUDESTE/CENTRO-OESTE;1098.469
2024-08-10 18:00:00;NORTE;SUDESTE/CENTRO-OESTE;2575.021
2024-08-10 19:00:00;NORTE;SUDESTE/CENTRO-OESTE;2222.387
2024-08-10 20:00:00;NORTE;SUDESTE/CENTRO-OESTE;1500.833
2024-08-10 21:00:00;NORTE;SUDESTE/CENTRO-OESTE;862.844
2024-08-10 22:00:00;NORTE;SUDESTE/CENTRO-OESTE;454.995
2024-08-10 23:00:00;NORTE;SUDESTE/CENTRO-OESTE;523.477
2024-08-11 00:00:00;NORTE;SUDESTE/CENTRO-OESTE;-54.213
2024-08-11 01:00:00;NORTE;SUDESTE/CENTRO-OESTE;-629.851
2024-08-11 02:00:00;NORTE;SUDESTE/CENTRO-OESTE;-930.099
2024-08-11 03:00:00;NORTE;SUDESTE/CENTRO-OESTE;-887.66
2024-08-11 04:00:00;NORTE;SUDESTE/CENTRO-OESTE;-945.115
2024-08-11 05:00:00;NORTE;SUDESTE/CENTRO-OESTE;-1031.083
2024-08-11 06:00:00;NORTE;SUDESTE/CENTRO-OESTE;-213.627
2024-08-11 07:00:00;NORTE;SUDESTE/CENTRO-OESTE;1206.391
2024-08-11 08:00:00;NORTE;SUDESTE/CENTRO-OESTE;1485.265
2024-08-11 09:00:00;NORTE;SUDESTE/CENTRO-OESTE;1373.23
2024-08-11 10:00:00;NORTE;SUDESTE/CENTRO-OESTE;1146.46499999
2024-08-11 11:00:00;NORTE;SUDESTE/CENTRO-OESTE;1052.18599999
2024-08-11 12:00:00;NORTE;SUDESTE/CENTRO-OESTE;705.184
2024-08-11 13:00:00;NORTE;SUDESTE/CENTRO-OESTE;406.35
2024-08-11 14:00:00;NORTE;SUDESTE/CENTRO-OESTE;122.605
2024-08-11 15:00:00;NORTE;SUDESTE/CENTRO-OESTE;20.816
2024-08-11 16:00:00;NORTE;SUDESTE/CENTRO-OESTE;252.404
2024-08-11 17:00:00;NORTE;SUDESTE/CENTRO-OESTE;1303.33999999
2024-08-11 18:00:00;NORTE;SUDESTE/CENTRO-OESTE;2719.371
2024-08-11 19:00:00;NORTE;SUDESTE/CENTRO-OESTE;2468.867
2024-08-11 20:00:00;NORTE;SUDESTE/CENTRO-OESTE;1830.457
2024-08-11 21:00:00;NORTE;SUDESTE/CENTRO-OESTE;1659.383
2024-08-11 22:00:00;NORTE;SUDESTE/CENTRO-OESTE;1656.827
2024-08-11 23:00:00;NORTE;SUDESTE/CENTRO-OESTE;1547.227
2024-08-12 00:00:00;NORTE;SUDESTE/CENTRO-OESTE;1510.25
2024-08-12 01:00:00;NORTE;SUDESTE/CENTRO-OESTE;1580.981
2024-08-12 02:00:00;NORTE;SUDESTE/CENTRO-OESTE;1707.31199999
2024-08-12 03:00:00;NORTE;SUDESTE/CENTRO-OESTE;2007.827
2024-08-12 04:00:00;NORTE;SUDESTE/CENTRO-OESTE;1980.801
2024-08-12 05:00:00;NORTE;SUDESTE/CENTRO-OESTE;1785.786
2024-08-12 06:00:00;NORTE;SUDESTE/CENTRO-OESTE;2217.225
2024-08-12 07:00:00;NORTE;SUDESTE/CENTRO-OESTE;2738.481
2024-08-12 08:00:00;NORTE;SUDESTE/CENTRO-OESTE;3060.546
2024-08-12 09:00:00;NORTE;SUDESTE/CENTRO-OESTE;2992.665
2024-08-12 10:00:00;NORTE;SUDESTE/CENTRO-OESTE;2925.947
2024-08-12 11:00:00;NORTE;SUDESTE/CENTRO-OESTE;2982.051
2024-08-12 12:00:00;NORTE;SUDESTE/CENTRO-OESTE;2805.804
2024-08-12 13:00:00;NORTE;SUDESTE/CENTRO-OESTE;2128.16199999
2024-08-12 14:00:00;NORTE;SUDESTE/CENTRO-OESTE;1424.959
2024-08-12 15:00:00;NORTE;SUDESTE/CENTRO-OESTE;717.21
2024-08-12 16:00:00;NORTE;SUDESTE/CENTRO-OESTE;258.926
2024-08-12 17:00:00;NORTE;SUDESTE/CENTRO-OESTE;858.691
2024-08-12 18:00:00;NORTE;SUDESTE/CENTRO-OESTE;2399.63
2024-08-12 19:00:00;NORTE;SUDESTE/CENTRO-OESTE;2217.568
2024-08-12 20:00:00;NORTE;SUDESTE/CENTRO-OESTE;1630.268
2024-08-12 21:00:00;NORTE;SUDESTE/CENTRO-OESTE;1421.086
2024-08-12 22:00:00;NORTE;SUDESTE/CENTRO-OESTE;1039.666
2024-08-12 23:00:00;NORTE;SUDESTE/CENTRO-OESTE;708.604
2024-08-13 00:00:00;NORTE;SUDESTE/CENTRO-OESTE;109.994
2024-08-13 01:00:00;NORTE;SUDESTE/CENTRO-OESTE;-142.821
2024-08-13 02:00:00;NORTE;SUDESTE/CENTRO-OESTE;-339.332
2024-08-13 03:00:00;NORTE;SUDESTE/CENTRO-OESTE;-408.77999999
2024-08-13 04:00:00;NORTE;SUDESTE/CENTRO-OESTE;-413.084
2024-08-13 05:00:00;NORTE;SUDESTE/CENTRO-OESTE;-263.819
2024-08-13 06:00:00;NORTE;SUDESTE/CENTRO-OESTE;697.73
2024-08-13 07:00:00;NORTE;SUDESTE/CENTRO-OESTE;1994.873
2024-08-13 08:00:00;NORTE;SUDESTE/CENTRO-OESTE;2182.564
2024-08-13 09:00:00;NORTE;SUDESTE/CENTRO-OESTE;2193.077
2024-08-13 10:00:00;NORTE;SUDESTE/CENTRO-OESTE;2393.263
2024-08-13 11:00:00;NORTE;SUDESTE/CENTRO-OESTE;2628.41199999
2024-08-13 12:00:00;NORTE;SUDESTE/CENTRO-OESTE;2688.989
2024-08-13 13:00:00;NORTE;SUDESTE/CENTRO-OESTE;2261.637
2024-08-13 14:00:00;NORTE;SUDESTE/CENTRO-OESTE;1764.815
2024-08-13 15:00:00;NORTE;SUDESTE/CENTRO-OESTE;1437.24499999
2024-08-13 16:00:00;NORTE;SUDESTE/CENTRO-OESTE;1372.547
2024-08-13 17:00:00;NORTE;SUDESTE/CENTRO-OESTE;2371.998
2024-08-13 18:00:00;NORTE;SUDESTE/CENTRO-OESTE;3491.575
2024-08-13 19:00:00;NORTE;SUDESTE/CENTRO-OESTE;2442.02599999
2024-08-13 20:00:00;NORTE;SUDESTE/CENTRO-OESTE;1342.563
2024-08-13 21:00:00;NORTE;SUDESTE/CENTRO-OESTE;791.166
2024-08-13 22:00:00;NORTE;SUDESTE/CENTRO-OESTE;359.189
2024-08-13 23:00:00;NORTE;SUDESTE/CENTRO-OESTE;335.611
2024-08-14 00:00:00;NORTE;SUDESTE/CENTRO-OESTE;670.313
2024-08-14 01:00:00;NORTE;SUDESTE/CENTRO-OESTE;1367.876
2024-08-14 02:00:00;NORTE;SUDESTE/CENTRO-OESTE;1686.294
2024-08-14 03:00:00;NORTE;SUDESTE/CENTRO-OESTE;1916.944
2024-08-14 04:00:00;NORTE;SUDESTE/CENTRO-OESTE;2092.906
2024-08-14 05:00:00;NORTE;SUDESTE/CENTRO-OESTE;2208.839
2024-08-14 06:00:00;NORTE;SUDESTE/CENTRO-OESTE;2516.065
2024-08-14 07:00:00;NORTE;SUDESTE/CENTRO-OESTE;2829.06599999
2024-08-14 08:00:00;NORTE;SUDESTE/CENTRO-OESTE;2977.771
2024-08-14 09:00:00;NORTE;SUDESTE/CENTRO-OESTE;3132.192
2024-08-14 10:00:00;NORTE;SUDESTE/CENTRO-OESTE;3260.689
2024-08-14 11:00:00;NORTE;SUDESTE/CENTRO-OESTE;3310.652
2024-08-14 12:00:00;NORTE;SUDESTE/CENTRO-OESTE;3473.54
2024-08-14 13:00:00;NORTE;SUDESTE/CENTRO-OESTE;2921.983
2024-08-14 14:00:00;NORTE;SUDESTE/CENTRO-OESTE;2373.30499999
2024-08-14 15:00:00;NORTE;SUDESTE/CENTRO-OESTE;2328.437
2024-08-14 16:00:00;NORTE;SUDESTE/CENTRO-OESTE;2373.683
2024-08-14 17:00:00;NORTE;SUDESTE/CENTRO-OESTE;3104.458
2024-08-14 18:00:00;NORTE;SUDESTE/CENTRO-OESTE;3821.599
2024-08-14 19:00:00;NORTE;SUDESTE/CENTRO-OESTE;3481.855
2024-08-14 20:00:00;NORTE;SUDESTE/CENTRO-OESTE;2589.934
2024-08-14 21:00:00;NORTE;SUDESTE/CENTRO-OESTE;1993.992
2024-08-14 22:00:00;NORTE;SUDESTE/CENTRO-OESTE;1486.645
2024-08-14 23:00:00;NORTE;SUDESTE/CENTRO-OESTE;1216.498
2024-08-15 00:00:00;NORTE;SUDESTE/CENTRO-OESTE;1370.772
2024-08-15 01:00:00;NORTE;SUDESTE/CENTRO-OESTE;1459.02
2024-08-15 02:00:00;NORTE;SUDESTE/CENTRO-OESTE;1517.904
2024-08-15 03:00:00;NORTE;SUDESTE/CENTRO-OESTE;1691.101
2024-08-15 04:00:00;NORTE;SUDESTE/CENTRO-OESTE;1918.508
2024-08-15 05:00:00;NORTE;SUDESTE/CENTRO-OESTE;2269.462
2024-08-15 06:00:00;NORTE;SUDESTE/CENTRO-OESTE;2821.611
2024-08-15 07:00:00;NORTE;SUDESTE/CENTRO-OESTE;3084.831
2024-08-15 08:00:00;NORTE;SUDESTE/CENTRO-OESTE;3292.96099999
2024-08-15 09:00:00;NORTE;SUDESTE/CENTRO-OESTE;3437.736
2024-08-15 10:00:00;NORTE;SUDESTE/CENTRO-OESTE;3430.408
2024-08-15 11:00:00;NORTE;SUDESTE/CENTRO-OESTE;3632.424
2024-08-15 12:00:00;NORTE;SUDESTE/CENTRO-OESTE;3635.125
2024-08-15 13:00:00;NORTE;SUDESTE/CENTRO-OESTE;3202.418
2024-08-15 14:00:00;NORTE;SUDESTE/CENTRO-OESTE;2904.043
2024-08-15 15:00:00;NORTE;SUDESTE/CENTRO-OESTE;2428.66
2024-08-15 16:00:00;NORTE;SUDESTE/CENTRO-OESTE;1997.137
2024-08-15 17:00:00;NORTE;SUDESTE/CENTRO-OESTE;2934.281
2024-08-15 18:00:00;NORTE;SUDESTE/CENTRO-OESTE;3360.197
2024-08-15 19:00:00;NORTE;SUDESTE/CENTRO-OESTE;3009.272
2024-08-15 20:00:00;NORTE;SUDESTE/CENTRO-OESTE;2010.013
2024-08-15 21:00:00;NORTE;SUDESTE/CENTRO-OESTE;1420.565
2024-08-15 22:00:00;NORTE;SUDESTE/CENTRO-OESTE;879.644
2024-08-15 23:00:00;NORTE;SUDESTE/CENTRO-OESTE;679.631
2024-08-16 00:00:00;NORTE;SUDESTE/CENTRO-OESTE;760.811
2024-08-16 01:00:00;NORTE;SUDESTE/CENTRO-OESTE;879.517
2024-08-16 02:00:00;NORTE;SUDESTE/CENTRO-OESTE;965.352
2024-08-16 03:00:00;NORTE;SUDESTE/CENTRO-OESTE;1156.565
2024-08-16 04:00:00;NORTE;SUDESTE/CENTRO-OESTE;1533.414
2024-08-16 05:00:00;NORTE;SUDESTE/CENTRO-OESTE;1683.271
2024-08-16 06:00:00;NORTE;SUDESTE/CENTRO-OESTE;2316.529
2024-08-16 07:00:00;NORTE;SUDESTE/CENTRO-OESTE;2521.40099999
2024-08-16 08:00:00;NORTE;SUDESTE/CENTRO-OESTE;2996.642
2024-08-16 09:00:00;NORTE;SUDESTE/CENTRO-OESTE;3135.752
2024-08-16 10:00:00;NORTE;SUDESTE/CENTRO-OESTE;3134.912
2024-08-16 11:00:00;NORTE;SUDESTE/CENTRO-OESTE;3223.146
2024-08-16 12:00:00;NORTE;SUDESTE/CENTRO-OESTE;3339.818
2024-08-16 13:00:00;NORTE;SUDESTE/CENTRO-OESTE;2822.822
2024-08-16 14:00:00;NORTE;SUDESTE/CENTRO-OESTE;2448.762
2024-08-16 15:00:00;NORTE;SUDESTE/CENTRO-OESTE;1902.089
2024-08-16 16:00:00;NORTE;SUDESTE/CENTRO-OESTE;1796.052
2024-08-16 17:00:00;NORTE;SUDESTE/CENTRO-OESTE;2390.213
2024-08-16 18:00:00;NORTE;SUDESTE/CENTRO-OESTE;2919.13
2024-08-16 19:00:00;NORTE;SUDESTE/CENTRO-OESTE;2234.433
2024-08-16 20:00:00;NORTE;SUDESTE/CENTRO-OESTE;1403.949
2024-08-16 21:00:00;NORTE;SUDESTE/CENTRO-OESTE;1082.959
2024-08-16 22:00:00;NORTE;SUDESTE/CENTRO-OESTE;749.987
2024-08-16 23:00:00;NORTE;SUDESTE/CENTRO-OESTE;116.709
2024-08-17 00:00:00;NORTE;SUDESTE/CENTRO-OESTE;503.436
2024-08-17 01:00:00;NORTE;SUDESTE/CENTRO-OESTE;862.601
2024-08-17 02:00:00;NORTE;SUDESTE/CENTRO-OESTE;1120.18
2024-08-17 03:00:00;NORTE;SUDESTE/CENTRO-OESTE;1094.69599999
2024-08-17 04:00:00;NORTE;SUDESTE/CENTRO-OESTE;1008.77
2024-08-17 05:00:00;NORTE;SUDESTE/CENTRO-OESTE;1040.2
2024-08-17 06:00:00;NORTE;SUDESTE/CENTRO-OESTE;1496.479
2024-08-17 07:00:00;NORTE;SUDESTE/CENTRO-OESTE;2263.864
2024-08-17 08:00:00;NORTE;SUDESTE/CENTRO-OESTE;3230.633
2024-08-17 09:00:00;NORTE;SUDESTE/CENTRO-OESTE;3384.099
2024-08-17 10:00:00;NORTE;SUDESTE/CENTRO-OESTE;3282.779
2024-08-17 11:00:00;NORTE;SUDESTE/CENTRO-OESTE;2999.588
2024-08-17 12:00:00;NORTE;SUDESTE/CENTRO-OESTE;2640.56
2024-08-17 13:00:00;NORTE;SUDESTE/CENTRO-OESTE;2455.498
2024-08-17 14:00:00;NORTE;SUDESTE/CENTRO-OESTE;2338.248
2024-08-17 15:00:00;NORTE;SUDESTE/CENTRO-OESTE;2372.542
2024-08-17 16:00:00;NORTE;SUDESTE/CENTRO-OESTE;1860.074
2024-08-17 17:00:00;NORTE;SUDESTE/CENTRO-OESTE;1746.505
2024-08-17 18:00:00;NORTE;SUDESTE/CENTRO-OESTE;1827.339
2024-08-17 19:00:00;NORTE;SUDESTE/CENTRO-OESTE;1146.019
2024-08-17 20:00:00;NORTE;SUDESTE/CENTRO-OESTE;222.21
2024-08-17 21:00:00;NORTE;SUDESTE/CENTRO-OESTE;-88.291
2024-08-17 22:00:00;NORTE;SUDESTE/CENTRO-OESTE;-516.69
2024-08-17 23:00:00;NORTE;SUDESTE/CENTRO-OESTE;-936.79
2024-08-18 00:00:00;NORTE;SUDESTE/CENTRO-OESTE;-1000.28
2024-08-18 01:00:00;NORTE;SUDESTE/CENTRO-OESTE;-1175.40799999
2024-08-18 02:00:00;NORTE;SUDESTE/CENTRO-OESTE;-1383.456
2024-08-18 03:00:00;NORTE;SUDESTE/CENTRO-OESTE;-1243.895
2024-08-18 04:00:00;NORTE;SUDESTE/CENTRO-OESTE;-647.41099999
2024-08-18 05:00:00;NORTE;SUDESTE/CENTRO-OESTE;-235.056
2024-08-18 06:00:00;NORTE;SUDESTE/CENTRO-OESTE;640.03099999
2024-08-18 07:00:00;NORTE;SUDESTE/CENTRO-OESTE;1708.667
2024-08-18 08:00:00;NORTE;SUDESTE/CENTRO-OESTE;1534.552
2024-08-18 09:00:00;NORTE;SUDESTE/CENTRO-OESTE;1477.502
2024-08-18 10:00:00;NORTE;SUDESTE/CENTRO-OESTE;1265.935
2024-08-18 11:00:00;NORTE;SUDESTE/CENTRO-OESTE;1031.545
2024-08-18 12:00:00;NORTE;SUDESTE/CENTRO-OESTE;874.929
2024-08-18 13:00:00;NORTE;SUDESTE/CENTRO-OESTE;767.225
2024-08-18 14:00:00;NORTE;SUDESTE/CENTRO-OESTE;847.063
2024-08-18 15:00:00;NORTE;SUDESTE/CENTRO-OESTE;913.462
2024-08-18 16:00:00;NORTE;SUDESTE/CENTRO-OESTE;1111.842
2024-08-18 17:00:00;NORTE;SUDESTE/CENTRO-OESTE;1203.08
2024-08-18 18:00:00;NORTE;SUDESTE/CENTRO-OESTE;1509.828
2024-08-18 19:00:00;NORTE;SUDESTE/CENTRO-OESTE;683.448
2024-08-18 20:00:00;NORTE;SUDESTE/CENTRO-OESTE;-244.599
2024-08-18 21:00:00;NORTE;SUDESTE/CENTRO-OESTE;-356.38
2024-08-18 22:00:00;NORTE;SUDESTE/CENTRO-OESTE;-435.913
2024-08-18 23:00:00;NORTE;SUDESTE/CENTRO-OESTE;-480.719
2024-08-19 00:00:00;NORTE;SUDESTE/CENTRO-OESTE;-246.73
2024-08-19 01:00:00;NORTE;SUDESTE/CENTRO-OESTE;115.757
2024-08-19 02:00:00;NORTE;SUDESTE/CENTRO-OESTE;239.168
2024-08-19 03:00:00;NORTE;SUDESTE/CENTRO-OESTE;646.285
2024-08-19 04:00:00;NORTE;SUDESTE/CENTRO-OESTE;905.555
2024-08-19 05:00:00;NORTE;SUDESTE/CENTRO-OESTE;1106.193
2024-08-19 06:00:00;NORTE;SUDESTE/CENTRO-OESTE;2088.65299999
2024-08-19 07:00:00;NORTE;SUDESTE/CENTRO-OESTE;2972.469
2024-08-19 08:00:00;NORTE;SUDESTE/CENTRO-OESTE;3374.213
2024-08-19 09:00:00;NORTE;SUDESTE/CENTRO-OESTE;3436.867
2024-08-19 10:00:00;NORTE;SUDESTE/CENTRO-OESTE;3426.126
2024-08-19 11:00:00;NORTE;SUDESTE/CENTRO-OESTE;3408.793
2024-08-19 12:00:00;NORTE;SUDESTE/CENTRO-OESTE;3216.5
2024-08-19 13:00:00;NORTE;SUDESTE/CENTRO-OESTE;2898.754
2024-08-19 14:00:00;NORTE;SUDESTE/CENTRO-OESTE;2470.212
2024-08-19 15:00:00;NORTE;SUDESTE/CENTRO-OESTE;1839.33
2024-08-19 16:00:00;NORTE;SUDESTE/CENTRO-OESTE;1702.726
2024-08-19 17:00:00;NORTE;SUDESTE/CENTRO-OESTE;2670.725
2024-08-19 18:00:00;NORTE;SUDESTE/CENTRO-OESTE;3344.904
2024-08-19 19:00:00;NORTE;SUDESTE/CENTRO-OESTE;3201.456
2024-08-19 20:00:00;NORTE;SUDESTE/CENTRO-OESTE;2374.367
2024-08-19 21:00:00;NORTE;SUDESTE/CENTRO-OESTE;1918.532
2024-08-19 22:00:00;NORTE;SUDESTE/CENTRO-OESTE;1511.579
2024-08-19 23:00:00;NORTE;SUDESTE/CENTRO-OESTE;1530.981
2024-08-20 00:00:00;NORTE;SUDESTE/CENTRO-OESTE;1573.769
2024-08-20 01:00:00;NORTE;SUDESTE/CENTRO-OESTE;1852.058
2024-08-20 02:00:00;NORTE;SUDESTE/CENTRO-OESTE;2031.181
2024-08-20 03:00:00;NORTE;SUDESTE/CENTRO-OESTE;2091.58599999
2024-08-20 04:00:00;NORTE;SUDESTE/CENTRO-OESTE;2097.597
2024-08-20 05:00:00;NORTE;SUDESTE/CENTRO-OESTE;2248.215
2024-08-20 06:00:00;NORTE;SUDESTE/CENTRO-OESTE;2538.67099999
2024-08-20 07:00:00;NORTE;SUDESTE/CENTRO-OESTE;3115.284
2024-08-20 08:00:00;NORTE;SUDESTE/CENTRO-OESTE;3499.361
2024-08-20 09:00:00;NORTE;SUDESTE/CENTRO-OESTE;3573.878
2024-08-20 10:00:00;NORTE;SUDESTE/CENTRO-OESTE;3552.945
2024-08-20 11:00:00;NORTE;SUDESTE/CENTRO-OESTE;3525.947
2024-08-20 12:00:00;NORTE;SUDESTE/CENTRO-OESTE;3033.945
2024-08-20 13:00:00;NORTE;SUDESTE/CENTRO-OESTE;2469.763
2024-08-20 14:00:00;NORTE;SUDESTE/CENTRO-OESTE;1943.448
2024-08-20 15:00:00;NORTE;SUDESTE/CENTRO-OESTE;1665.01399999
2024-08-20 16:00:00;NORTE;SUDESTE/CENTRO-OESTE;1544.101
2024-08-20 17:00:00;NORTE;SUDESTE/CENTRO-OESTE;2069.242
2024-08-20 18:00:00;NORTE;SUDESTE/CENTRO-OESTE;2712.46
2024-08-20 19:00:00;NORTE;SUDESTE/CENTRO-OESTE;2117.54
2024-08-20 20:00:00;NORTE;SUDESTE/CENTRO-OESTE;1594.79
2024-08-20 21:00:00;NORTE;SUDESTE/CENTRO-OESTE;1269.857
2024-08-20 22:00:00;NORTE;SUDESTE/CENTRO-OESTE;1271.289
2024-08-20 23:00:00;NORTE;SUDESTE/CENTRO-OESTE;1346.544
2024-08-21 00:00:00;NORTE;SUDESTE/CENTRO-OESTE;1491.248
2024-08-21 01:00:00;NORTE;SUDESTE/CENTRO-OESTE;1636.357
2024-08-21 02:00:00;NORTE;SUDESTE/CENTRO-OESTE;1769.688
2024-08-21 03:00:00;NORTE;SUDESTE/CENTRO-OESTE;1833.297
2024-08-21 04:00:00;NORTE;SUDESTE/CENTRO-OESTE;1871.25
2024-08-21 05:00:00;NORTE;SUDESTE/CENTRO-OESTE;1976.684
2024-08-21 06:00:00;NORTE;SUDESTE/CENTRO-OESTE;2470.409
2024-08-21 07:00:00;NORTE;SUDESTE/CENTRO-OESTE;3032.846
2024-08-21 08:00:00;NORTE;SUDESTE/CENTRO-OESTE;2838.505
2024-08-21 09:00:00;NORTE;SUDESTE/CENTRO-OESTE;2906.618
2024-08-21 10:00:00;NORTE;SUDESTE/CENTRO-OESTE;2939.291
2024-08-21 11:00:00;NORTE;SUDESTE/CENTRO-OESTE;3077.803
2024-08-21 12:00:00;NORTE;SUDESTE/CENTRO-OESTE;2948.518
2024-08-21 13:00:00;NORTE;SUDESTE/CENTRO-OESTE;2405.618
2024-08-21 14:00:00;NORTE;SUDESTE/CENTRO-OESTE;1673.587
2024-08-21 15:00:00;NORTE;SUDESTE/CENTRO-OESTE;1277.712
2024-08-21 16:00:00;NORTE;SUDESTE/CENTRO-OESTE;1371.29199999
2024-08-21 17:00:00;NORTE;SUDESTE/CENTRO-OESTE;1856.121
2024-08-21 18:00:00;NORTE;SUDESTE/CENTRO-OESTE;3107.522
2024-08-21 19:00:00;NORTE;SUDESTE/CENTRO-OESTE;2802.726
2024-08-21 20:00:00;NORTE;SUDESTE/CENTRO-OESTE;1263.03299999
2024-08-21 21:00:00;NORTE;SUDESTE/CENTRO-OESTE;693.41099999
2024-08-21 22:00:00;NORTE;SUDESTE/CENTRO-OESTE;815.25699999
2024-08-21 23:00:00;NORTE;SUDESTE/CENTRO-OESTE;882.343
2024-08-22 00:00:00;NORTE;SUDESTE/CENTRO-OESTE;1212.46499999
2024-08-22 01:00:00;NORTE;SUDESTE/CENTRO-OESTE;1436.278
2024-08-22 02:00:00;NORTE;SUDESTE/CENTRO-OESTE;1611.704
2024-08-22 03:00:00;NORTE;SUDESTE/CENTRO-OESTE;1651.873
2024-08-22 04:00:00;NORTE;SUDESTE/CENTRO-OESTE;1757.722
2024-08-22 05:00:00;NORTE;SUDESTE/CENTRO-OESTE;1943.938
2024-08-22 06:00:00;NORTE;SUDESTE/CENTRO-OESTE;2216.46999999
2024-08-22 07:00:00;NORTE;SUDESTE/CENTRO-OESTE;2641.273
2024-08-22 08:00:00;NORTE;SUDESTE/CENTRO-OESTE;2820.031
2024-08-22 09:00:00;NORTE;SUDESTE/CENTRO-OESTE;2931.279
2024-08-22 10:00:00;NORTE;SUDESTE/CENTRO-OESTE;2986.064
2024-08-22 11:00:00;NORTE;SUDESTE/CENTRO-OESTE;3073.419
2024-08-22 12:00:00;NORTE;SUDESTE/CENTRO-OESTE;2958.064
2024-08-22 13:00:00;NORTE;SUDESTE/CENTRO-OESTE;2850.512
2024-08-22 14:00:00;NORTE;SUDESTE/CENTRO-OESTE;2755.071
2024-08-22 15:00:00;NORTE;SUDESTE/CENTRO-OESTE;2404.367
2024-08-22 16:00:00;NORTE;SUDESTE/CENTRO-OESTE;1907.292
2024-08-22 17:00:00;NORTE;SUDESTE/CENTRO-OESTE;2955.087
2024-08-22 18:00:00;NORTE;SUDESTE/CENTRO-OESTE;3853.439
2024-08-22 19:00:00;NORTE;SUDESTE/CENTRO-OESTE;3811.093
2024-08-22 20:00:00;NORTE;SUDESTE/CENTRO-OESTE;2414.771
2024-08-22 21:00:00;NORTE;SUDESTE/CENTRO-OESTE;1327.424
2024-08-22 22:00:00;NORTE;SUDESTE/CENTRO-OESTE;1209.517
2024-08-22 23:00:00;NORTE;SUDESTE/CENTRO-OESTE;1110.954
2024-08-23 00:00:00;NORTE;SUDESTE/CENTRO-OESTE;1120.04299999
2024-08-23 01:00:00;NORTE;SUDESTE/CENTRO-OESTE;948.703
2024-08-23 02:00:00;NORTE;SUDESTE/CENTRO-OESTE;1213.262
2024-08-23 03:00:00;NORTE;SUDESTE/CENTRO-OESTE;1450.4
2024-08-23 04:00:00;NORTE;SUDESTE/CENTRO-OESTE;1672.407
2024-08-23 05:00:00;NORTE;SUDESTE/CENTRO-OESTE;2037.105
2024-08-23 06:00:00;NORTE;SUDESTE/CENTRO-OESTE;2075.145
2024-08-23 07:00:00;NORTE;SUDESTE/CENTRO-OESTE;2358.573
2024-08-23 08:00:00;NORTE;SUDESTE/CENTRO-OESTE;2568.23799999
2024-08-23 09:00:00;NORTE;SUDESTE/CENTRO-OESTE;2820.627
2024-08-23 10:00:00;NORTE;SUDESTE/CENTRO-OESTE;2863.116
2024-08-23 11:00:00;NORTE;SUDESTE/CENTRO-OESTE;3087.819
2024-08-23 12:00:00;NORTE;SUDESTE/CENTRO-OESTE;3095.254
2024-08-23 13:00:00;NORTE;SUDESTE/CENTRO-OESTE;2673.439
2024-08-23 14:00:00;NORTE;SUDESTE/CENTRO-OESTE;2231.107
2024-08-23 15:00:00;NORTE;SUDESTE/CENTRO-OESTE;1940.038
2024-08-23 16:00:00;NORTE;SUDESTE/CENTRO-OESTE;1600.173
2024-08-23 17:00:00;NORTE;SUDESTE/CENTRO-OESTE;2099.493
2024-08-23 18:00:00;NORTE;SUDESTE/CENTRO-OESTE;3182.577
2024-08-23 19:00:00;NORTE;SUDESTE/CENTRO-OESTE;3397.347
2024-08-23 20:00:00;NORTE;SUDESTE/CENTRO-OESTE;2913.855
2024-08-23 21:00:00;NORTE;SUDESTE/CENTRO-OESTE;1986.983
2024-08-23 22:00:00;NORTE;SUDESTE/CENTRO-OESTE;1813.068
2024-08-23 23:00:00;NORTE;SUDESTE/CENTRO-OESTE;1334.40799999
2024-08-24 00:00:00;NORTE;SUDESTE/CENTRO-OESTE;705.699
2024-08-24 01:00:00;NORTE;SUDESTE/CENTRO-OESTE;689.30999999
2024-08-24 02:00:00;NORTE;SUDESTE/CENTRO-OESTE;754.692
2024-08-24 03:00:00;NORTE;SUDESTE/CENTRO-OESTE;988.406
2024-08-24 04:00:00;NORTE;SUDESTE/CENTRO-OESTE;991.161
2024-08-24 05:00:00;NORTE;SUDESTE/CENTRO-OESTE;1043.69
2024-08-24 06:00:00;NORTE;SUDESTE/CENTRO-OESTE;2023.231
2024-08-24 07:00:00;NORTE;SUDESTE/CENTRO-OESTE;2967.288
2024-08-24 08:00:00;NORTE;SUDESTE/CENTRO-OESTE;2701.541
2024-08-24 09:00:00;NORTE;SUDESTE/CENTRO-OESTE;2982.743
2024-08-24 10:00:00;NORTE;SUDESTE/CENTRO-OESTE;3013.708
2024-08-24 11:00:00;NORTE;SUDESTE/CENTRO-OESTE;2904.155
2024-08-24 12:00:00;NORTE;SUDESTE/CENTRO-OESTE;2797.74899999
2024-08-24 13:00:00;NORTE;SUDESTE/CENTRO-OESTE;2457.455
2024-08-24 14:00:00;NORTE;SUDESTE/CENTRO-OESTE;1979.904
2024-08-24 15:00:00;NORTE;SUDESTE/CENTRO-OESTE;1637.287
2024-08-24 16:00:00;NORTE;SUDESTE/CENTRO-OESTE;930.938
2024-08-24 17:00:00;NORTE;SUDESTE/CENTRO-OESTE;376.781
2024-08-24 18:00:00;NORTE;SUDESTE/CENTRO-OESTE;617.491
2024-08-24 19:00:00;NORTE;SUDESTE/CENTRO-OESTE;722.715
2024-08-24 20:00:00;NORTE;SUDESTE/CENTRO-OESTE;558.654
2024-08-24 21:00:00;NORTE;SUDESTE/CENTRO-OESTE;241.021
2024-08-24 22:00:00;NORTE;SUDESTE/CENTRO-OESTE;-86.218
2024-08-24 23:00:00;NORTE;SUDESTE/CENTRO-OESTE;122.079
2024-08-25 00:00:00;NORTE;SUDESTE/CENTRO-OESTE;612.665
2024-08-25 01:00:00;NORTE;SUDESTE/CENTRO-OESTE;808.359
2024-08-25 02:00:00;NORTE;SUDESTE/CENTRO-OESTE;1084.131
2024-08-25 03:00:00;NORTE;SUDESTE/CENTRO-OESTE;1396.343
2024-08-25 04:00:00;NORTE;SUDESTE/CENTRO-OESTE;1859.608
2024-08-25 05:00:00;NORTE;SUDESTE/CENTRO-OESTE;1591.356
2024-08-25 06:00:00;NORTE;SUDESTE/CENTRO-OESTE;1766.438
2024-08-25 07:00:00;NORTE;SUDESTE/CENTRO-OESTE;2189.096
2024-08-25 08:00:00;NORTE;SUDESTE/CENTRO-OESTE;2411.515
2024-08-25 09:00:00;NORTE;SUDESTE/CENTRO-OESTE;2671.756
2024-08-25 10:00:00;NORTE;SUDESTE/CENTRO-OESTE;2908.155
2024-08-25 11:00:00;NORTE;SUDESTE/CENTRO-OESTE;3108.578
2024-08-25 12:00:00;NORTE;SUDESTE/CENTRO-OESTE;2917.029
2024-08-25 13:00:00;NORTE;SUDESTE/CENTRO-OESTE;2573.472
2024-08-25 14:00:00;NORTE;SUDESTE/CENTRO-OESTE;2126.71799999
2024-08-25 15:00:00;NORTE;SUDESTE/CENTRO-OESTE;1835.744
2024-08-25 16:00:00;NORTE;SUDESTE/CENTRO-OESTE;1158.383
2024-08-25 17:00:00;NORTE;SUDESTE/CENTRO-OESTE;261.14999999
2024-08-25 18:00:00;NORTE;SUDESTE/CENTRO-OESTE;901.611
2024-08-25 19:00:00;NORTE;SUDESTE/CENTRO-OESTE;1086.865
2024-08-25 20:00:00;NORTE;SUDESTE/CENTRO-OESTE;1051.56099999
2024-08-25 21:00:00;NORTE;SUDESTE/CENTRO-OESTE;883.261
2024-08-25 22:00:00;NORTE;SUDESTE/CENTRO-OESTE;836.192
2024-08-25 23:00:00;NORTE;SUDESTE/CENTRO-OESTE;1087.695
2024-08-26 00:00:00;NORTE;SUDESTE/CENTRO-OESTE;1283.25399999
2024-08-26 01:00:00;NORTE;SUDESTE/CENTRO-OESTE;1339.885
2024-08-26 02:00:00;NORTE;SUDESTE/CENTRO-OESTE;1718.79
2024-08-26 03:00:00;NORTE;SUDESTE/CENTRO-OESTE;1753.347
2024-08-26 04:00:00;NORTE;SUDESTE/CENTRO-OESTE;1998.762
2024-08-26 05:00:00;NORTE;SUDESTE/CENTRO-OESTE;2015.552
2024-08-26 06:00:00;NORTE;SUDESTE/CENTRO-OESTE;2440.431
2024-08-26 07:00:00;NORTE;SUDESTE/CENTRO-OESTE;2641.627
2024-08-26 08:00:00;NORTE;SUDESTE/CENTRO-OESTE;2765.756
2024-08-26 09:00:00;NORTE;SUDESTE/CENTRO-OESTE;2964.277
2024-08-26 10:00:00;NORTE;SUDESTE/CENTRO-OESTE;2823.456
2024-08-26 11:00:00;NORTE;SUDESTE/CENTRO-OESTE;2646.58599999
2024-08-26 12:00:00;NORTE;SUDESTE/CENTRO-OESTE;2313.822
2024-08-26 13:00:00;NORTE;SUDESTE/CENTRO-OESTE;1746.354
2024-08-26 14:00:00;NORTE;SUDESTE/CENTRO-OESTE;1192.712
2024-08-26 15:00:00;NORTE;SUDESTE/CENTRO-OESTE;500.718
2024-08-26 16:00:00;NORTE;SUDESTE/CENTRO-OESTE;74.61499999
2024-08-26 17:00:00;NORTE;SUDESTE/CENTRO-OESTE;178.34
2024-08-26 18:00:00;NORTE;SUDESTE/CENTRO-OESTE;1089.842
2024-08-26 19:00:00;NORTE;SUDESTE/CENTRO-OESTE;1497.184
2024-08-26 20:00:00;NORTE;SUDESTE/CENTRO-OESTE;1184.723
2024-08-26 21:00:00;NORTE;SUDESTE/CENTRO-OESTE;914.9
2024-08-26 22:00:00;NORTE;SUDESTE/CENTRO-OESTE;826.558
2024-08-26 23:00:00;NORTE;SUDESTE/CENTRO-OESTE;814.695
2024-08-27 00:00:00;NORTE;SUDESTE/CENTRO-OESTE;1048.79299999
2024-08-27 01:00:00;NORTE;SUDESTE/CENTRO-OESTE;1203.318
2024-08-27 02:00:00;NORTE;SUDESTE/CENTRO-OESTE;1181.378
2024-08-27 03:00:00;NORTE;SUDESTE/CENTRO-OESTE;1172.501
2024-08-27 04:00:00;NORTE;SUDESTE/CENTRO-OESTE;1185.756
2024-08-27 05:00:00;NORTE;SUDESTE/CENTRO-OESTE;1358.205
2024-08-27 06:00:00;NORTE;SUDESTE/CENTRO-OESTE;2160.395
2024-08-27 07:00:00;NORTE;SUDESTE/CENTRO-OESTE;2563.79
2024-08-27 08:00:00;NORTE;SUDESTE/CENTRO-OESTE;2529.207
2024-08-27 09:00:00;NORTE;SUDESTE/CENTRO-OESTE;2601.37199999
2024-08-27 10:00:00;NORTE;SUDESTE/CENTRO-OESTE;2830.823
2024-08-27 11:00:00;NORTE;SUDESTE/CENTRO-OESTE;3038.823
2024-08-27 12:00:00;NORTE;SUDESTE/CENTRO-OESTE;2906.244
2024-08-27 13:00:00;NORTE;SUDESTE/CENTRO-OESTE;2390.447
2024-08-27 14:00:00;NORTE;SUDESTE/CENTRO-OESTE;1847.271
2024-08-27 15:00:00;NORTE;SUDESTE/CENTRO-OESTE;1065.554
2024-08-27 16:00:00;NORTE;SUDESTE/CENTRO-OESTE;466.213
2024-08-27 17:00:00;NORTE;SUDESTE/CENTRO-OESTE;1077.173
2024-08-27 18:00:00;NORTE;SUDESTE/CENTRO-OESTE;2249.292
2024-08-27 19:00:00;NORTE;SUDESTE/CENTRO-OESTE;2061.338
2024-08-27 20:00:00;NORTE;SUDESTE/CENTRO-OESTE;1397.414
2024-08-27 21:00:00;NORTE;SUDESTE/CENTRO-OESTE;1318.459
2024-08-27 22:00:00;NORTE;SUDESTE/CENTRO-OESTE;1073.275
2024-08-27 23:00:00;NORTE;SUDESTE/CENTRO-OESTE;767.462
2024-08-28 00:00:00;NORTE;SUDESTE/CENTRO-OESTE;937.642
2024-08-28 01:00:00;NORTE;SUDESTE/CENTRO-OESTE;1222.257
2024-08-28 02:00:00;NORTE;SUDESTE/CENTRO-OESTE;1434.759
2024-08-28 03:00:00;NORTE;SUDESTE/CENTRO-OESTE;1559.99
2024-08-28 04:00:00;NORTE;SUDESTE/CENTRO-OESTE;1668.571
2024-08-28 05:00:00;NORTE;SUDESTE/CENTRO-OESTE;1810.032
2024-08-28 06:00:00;NORTE;SUDESTE/CENTRO-OESTE;2374.619
2024-08-28 07:00:00;NORTE;SUDESTE/CENTRO-OESTE;2533.762
2024-08-28 08:00:00;NORTE;SUDESTE/CENTRO-OESTE;2707.466
2024-08-28 09:00:00;NORTE;SUDESTE/CENTRO-OESTE;2595.458
2024-08-28 10:00:00;NORTE;SUDESTE/CENTRO-OESTE;2596.699
2024-08-28 11:00:00;NORTE;SUDESTE/CENTRO-OESTE;2667.106
2024-08-28 12:00:00;NORTE;SUDESTE/CENTRO-OESTE;2638.208
2024-08-28 13:00:00;NORTE;SUDESTE/CENTRO-OESTE;2505.49699999
2024-08-28 14:00:00;NORTE;SUDESTE/CENTRO-OESTE;1864.26
2024-08-28 15:00:00;NORTE;SUDESTE/CENTRO-OESTE;1370.21
2024-08-28 16:00:00;NORTE;SUDESTE/CENTRO-OESTE;930.525
2024-08-28 17:00:00;NORTE;SUDESTE/CENTRO-OESTE;1219.228
2024-08-28 18:00:00;NORTE;SUDESTE/CENTRO-OESTE;2168.614
2024-08-28 19:00:00;NORTE;SUDESTE/CENTRO-OESTE;2092.513
2024-08-28 20:00:00;NORTE;SUDESTE/CENTRO-OESTE;1497.505
2024-08-28 21:00:00;NORTE;SUDESTE/CENTRO-OESTE;1173.242
2024-08-28 22:00:00;NORTE;SUDESTE/CENTRO-OESTE;892.594
2024-08-28 23:00:00;NORTE;SUDESTE/CENTRO-OESTE;1040.80199999
2024-08-29 00:00:00;NORTE;SUDESTE/CENTRO-OESTE;1300.867
2024-08-29 01:00:00;NORTE;SUDESTE/CENTRO-OESTE;1423.534
2024-08-29 02:00:00;NORTE;SUDESTE/CENTRO-OESTE;1529.637
2024-08-29 03:00:00;NORTE;SUDESTE/CENTRO-OESTE;1610.636
2024-08-29 04:00:00;NORTE;SUDESTE/CENTRO-OESTE;1637.428
2024-08-29 05:00:00;NORTE;SUDESTE/CENTRO-OESTE;1653.89899999
2024-08-29 06:00:00;NORTE;SUDESTE/CENTRO-OESTE;2298.743
2024-08-29 07:00:00;NORTE;SUDESTE/CENTRO-OESTE;2382.746
2024-08-29 08:00:00;NORTE;SUDESTE/CENTRO-OESTE;2488.628
2024-08-29 09:00:00;NORTE;SUDESTE/CENTRO-OESTE;2595.381
2024-08-29 10:00:00;NORTE;SUDESTE/CENTRO-OESTE;2664.498
2024-08-29 11:00:00;NORTE;SUDESTE/CENTRO-OESTE;2733.453
2024-08-29 12:00:00;NORTE;SUDESTE/CENTRO-OESTE;2568.339
2024-08-29 13:00:00;NORTE;SUDESTE/CENTRO-OESTE;2165.34499999
2024-08-29 14:00:00;NORTE;SUDESTE/CENTRO-OESTE;1687.333
2024-08-29 15:00:00;NORTE;SUDESTE/CENTRO-OESTE;1258.938
2024-08-29 16:00:00;NORTE;SUDESTE/CENTRO-OESTE;485.225
2024-08-29 17:00:00;NORTE;SUDESTE/CENTRO-OESTE;853.045
2024-08-29 18:00:00;NORTE;SUDESTE/CENTRO-OESTE;2231.491
2024-08-29 19:00:00;NORTE;SUDESTE/CENTRO-OESTE;2861.602
2024-08-29 20:00:00;NORTE;SUDESTE/CENTRO-OESTE;2333.712
2024-08-29 21:00:00;NORTE;SUDESTE/CENTRO-OESTE;1083.951
2024-08-29 22:00:00;NORTE;SUDESTE/CENTRO-OESTE;554.066
2024-08-29 23:00:00;NORTE;SUDESTE/CENTRO-OESTE;331.889
2024-08-30 00:00:00;NORTE;SUDESTE/CENTRO-OESTE;555.306
2024-08-30 01:00:00;NORTE;SUDESTE/CENTRO-OESTE;908.895
2024-08-30 02:00:00;NORTE;SUDESTE/CENTRO-OESTE;1136.56199999
2024-08-30 03:00:00;NORTE;SUDESTE/CENTRO-OESTE;1209.009
2024-08-30 04:00:00;NORTE;SUDESTE/CENTRO-OESTE;1351.75
2024-08-30 05:00:00;NORTE;SUDESTE/CENTRO-OESTE;1446.141
2024-08-30 06:00:00;NORTE;SUDESTE/CENTRO-OESTE;2106.715
2024-08-30 07:00:00;NORTE;SUDESTE/CENTRO-OESTE;2419.155
2024-08-30 08:00:00;NORTE;SUDESTE/CENTRO-OESTE;2683.396
2024-08-30 09:00:00;NORTE;SUDESTE/CENTRO-OESTE;2756.552
2024-08-30 10:00:00;NORTE;SUDESTE/CENTRO-OESTE;2719.689
2024-08-30 11:00:00;NORTE;SUDESTE/CENTRO-OESTE;2800.013
2024-08-30 12:00:00;NORTE;SUDESTE/CENTRO-OESTE;2746.106
2024-08-30 13:00:00;NORTE;SUDESTE/CENTRO-OESTE;2317.46999999
2024-08-30 14:00:00;NORTE;SUDESTE/CENTRO-OESTE;2029.408
2024-08-30 15:00:00;NORTE;SUDESTE/CENTRO-OESTE;1492.69699999
2024-08-30 16:00:00;NORTE;SUDESTE/CENTRO-OESTE;971.51
2024-08-30 17:00:00;NORTE;SUDESTE/CENTRO-OESTE;788.857
2024-08-30 18:00:00;NORTE;SUDESTE/CENTRO-OESTE;1920.216
2024-08-30 19:00:00;NORTE;SUDESTE/CENTRO-OESTE;2161.581
2024-08-30 20:00:00;NORTE;SUDESTE/CENTRO-OESTE;1330.381
2024-08-30 21:00:00;NORTE;SUDESTE/CENTRO-OESTE;375.596
2024-08-30 22:00:00;NORTE;SUDESTE/CENTRO-OESTE;-4.659
2024-08-30 23:00:00;NORTE;SUDESTE/CENTRO-OESTE;-209.682
2024-08-31 00:00:00;NORTE;SUDESTE/CENTRO-OESTE;-311.925
2024-08-31 01:00:00;NORTE;SUDESTE/CENTRO-OESTE;-193.764
2024-08-31 02:00:00;NORTE;SUDESTE/CENTRO-OESTE;181.121
2024-08-31 03:00:00;NORTE;SUDESTE/CENTRO-OESTE;447.928
2024-08-31 04:00:00;NORTE;SUDESTE/CENTRO-OESTE;532.89
2024-08-31 05:00:00;NORTE;SUDESTE/CENTRO-OESTE;747.824
2024-08-31 06:00:00;NORTE;SUDESTE/CENTRO-OESTE;1575.285
2024-08-31 07:00:00;NORTE;SUDESTE/CENTRO-OESTE;3130.214
2024-08-31 08:00:00;NORTE;SUDESTE/CENTRO-OESTE;3262.446
2024-08-31 09:00:00;NORTE;SUDESTE/CENTRO-OESTE;3291.259
2024-08-31 10:00:00;NORTE;SUDESTE/CENTRO-OESTE;3359.369
2024-08-31 11:00:00;NORTE;SUDESTE/CENTRO-OESTE;3348.717
2024-08-31 12:00:00;NORTE;SUDESTE/CENTRO-OESTE;3350.135
2024-08-31 13:00:00;NORTE;SUDESTE/CENTRO-OESTE;3149.176
2024-08-31 14:00:00;NORTE;SUDESTE/CENTRO-OESTE;2811.954
2024-08-31 15:00:00;NORTE;SUDESTE/CENTRO-OESTE;2453.435
2024-08-31 16:00:00;NORTE;SUDESTE/CENTRO-OESTE;1787.465
2024-08-31 17:00:00;NORTE;SUDESTE/CENTRO-OESTE;862.495
2024-08-31 18:00:00;NORTE;SUDESTE/CENTRO-OESTE;1303.271
2024-08-31 19:00:00;NORTE;SUDESTE/CENTRO-OESTE;1536.584
2024-08-31 20:00:00;NORTE;SUDESTE/CENTRO-OESTE;872.545
2024-08-31 21:00:00;NORTE;SUDESTE/CENTRO-OESTE;67.137
2024-08-31 22:00:00;NORTE;SUDESTE/CENTRO-OESTE;280.411
2024-08-31 23:00:00;NORTE;SUDESTE/CENTRO-OESTE;311.29199999
2024-09-01 00:00:00;NORTE;SUDESTE/CENTRO-OESTE;139.629
2024-09-01 01:00:00;NORTE;SUDESTE/CENTRO-OESTE;275.425
2024-09-01 02:00:00;NORTE;SUDESTE/CENTRO-OESTE;507.99
2024-09-01 03:00:00;NORTE;SUDESTE/CENTRO-OESTE;647.29999999
2024-09-01 04:00:00;NORTE;SUDESTE/CENTRO-OESTE;932.091
2024-09-01 05:00:00;NORTE;SUDESTE/CENTRO-OESTE;1318.442
2024-09-01 06:00:00;NORTE;SUDESTE/CENTRO-OESTE;1910.212
2024-09-01 07:00:00;NORTE;SUDESTE/CENTRO-OESTE;2695.605
2024-09-01 08:00:00;NORTE;SUDESTE/CENTRO-OESTE;2747.864
2024-09-01 09:00:00;NORTE;SUDESTE/CENTRO-OESTE;2571.462
2024-09-01 10:00:00;NORTE;SUDESTE/CENTRO-OESTE;2306.244
2024-09-01 11:00:00;NORTE;SUDESTE/CENTRO-OESTE;2267.116
2024-09-01 12:00:00;NORTE;SUDESTE/CENTRO-OESTE;2144.40099999
2024-09-01 13:00:00;NORTE;SUDESTE/CENTRO-OESTE;1770.734
2024-09-01 14:00:00;NORTE;SUDESTE/CENTRO-OESTE;1715.748
2024-09-01 15:00:00;NORTE;SUDESTE/CENTRO-OESTE;1891.437
2024-09-01 16:00:00;NORTE;SUDESTE/CENTRO-OESTE;1406.153
2024-09-01 17:00:00;NORTE;SUDESTE/CENTRO-OESTE;1377.971
2024-09-01 18:00:00;NORTE;SUDESTE/CENTRO-OESTE;2051.465
2024-09-01 19:00:00;NORTE;SUDESTE/CENTRO-OESTE;1994.244
2024-09-01 20:00:00;NORTE;SUDESTE/CENTRO-OESTE;1166.556
2024-09-01 21:00:00;NORTE;SUDESTE/CENTRO-OESTE;587.808
2024-09-01 22:00:00;NORTE;SUDESTE/CENTRO-OESTE;581.097
2024-09-01 23:00:00;NORTE;SUDESTE/CENTRO-OESTE;546.743
2024-09-02 00:00:00;NORTE;SUDESTE/CENTRO-OESTE;432.762
2024-09-02 01:00:00;NORTE;SUDESTE/CENTRO-OESTE;640.97299999
2024-09-02 02:00:00;NORTE;SUDESTE/CENTRO-OESTE;887.222
2024-09-02 03:00:00;NORTE;SUDESTE/CENTRO-OESTE;956.574
2024-09-02 04:00:00;NORTE;SUDESTE/CENTRO-OESTE;1255.844
2024-09-02 05:00:00;NORTE;SUDESTE/CENTRO-OESTE;1479.898
2024-09-02 06:00:00;NORTE;SUDESTE/CENTRO-OESTE;2110.991
2024-09-02 07:00:00;NORTE;SUDESTE/CENTRO-OESTE;2444.05
2024-09-02 08:00:00;NORTE;SUDESTE/CENTRO-OESTE;2724.985
2024-09-02 09:00:00;NORTE;SUDESTE/CENTRO-OESTE;2695.599
2024-09-02 10:00:00;NORTE;SUDESTE/CENTRO-OESTE;2714.389
2024-09-02 11:00:00;NORTE;SUDESTE/CENTRO-OESTE;2641.072
2024-09-02 12:00:00;NORTE;SUDESTE/CENTRO-OESTE;2609.319
2024-09-02 13:00:00;NORTE;SUDESTE/CENTRO-OESTE;2177.64
2024-09-02 14:00:00;NORTE;SUDESTE/CENTRO-OESTE;1643.307
2024-09-02 15:00:00;NORTE;SUDESTE/CENTRO-OESTE;1134.009
2024-09-02 16:00:00;NORTE;SUDESTE/CENTRO-OESTE;754.035
2024-09-02 17:00:00;NORTE;SUDESTE/CENTRO-OESTE;785.738
2024-09-02 18:00:00;NORTE;SUDESTE/CENTRO-OESTE;2282.312
2024-09-02 19:00:00;NORTE;SUDESTE/CENTRO-OESTE;2162.181
2024-09-02 20:00:00;NORTE;SUDESTE/CENTRO-OESTE;1507.256
2024-09-02 21:00:00;NORTE;SUDESTE/CENTRO-OESTE;704.29
2024-09-02 22:00:00;NORTE;SUDESTE/CENTRO-OESTE;258.839
2024-09-02 23:00:00;NORTE;SUDESTE/CENTRO-OESTE;178.535
2024-09-03 00:00:00;NORTE;SUDESTE/CENTRO-OESTE;206.084
2024-09-03 01:00:00;NORTE;SUDESTE/CENTRO-OESTE;413.541
2024-09-03 02:00:00;NORTE;SUDESTE/CENTRO-OESTE;560.625
2024-09-03 03:00:00;NORTE;SUDESTE/CENTRO-OESTE;551.254
2024-09-03 04:00:00;NORTE;SUDESTE/CENTRO-OESTE;500.766
2024-09-03 05:00:00;NORTE;SUDESTE/CENTRO-OESTE;572.9
2024-09-03 06:00:00;NORTE;SUDESTE/CENTRO-OESTE;1669.452
2024-09-03 07:00:00;NORTE;SUDESTE/CENTRO-OESTE;3051.939
2024-09-03 08:00:00;NORTE;SUDESTE/CENTRO-OESTE;3316.015
2024-09-03 09:00:00;NORTE;SUDESTE/CENTRO-OESTE;3021.309
2024-09-03 10:00:00;NORTE;SUDESTE/CENTRO-OESTE;2942.93
2024-09-03 11:00:00;NORTE;SUDESTE/CENTRO-OESTE;2836.188
2024-09-03 12:00:00;NORTE;SUDESTE/CENTRO-OESTE;2858.39
2024-09-03 13:00:00;NORTE;SUDESTE/CENTRO-OESTE;2387.51
2024-09-03 14:00:00;NORTE;SUDESTE/CENTRO-OESTE;1804.44699999
2024-09-03 15:00:00;NORTE;SUDESTE/CENTRO-OESTE;1342.89
2024-09-03 16:00:00;NORTE;SUDESTE/CENTRO-OESTE;756.163
2024-09-03 17:00:00;NORTE;SUDESTE/CENTRO-OESTE;1325.224
2024-09-03 18:00:00;NORTE;SUDESTE/CENTRO-OESTE;2686.045
2024-09-03 19:00:00;NORTE;SUDESTE/CENTRO-OESTE;2734.314
2024-09-03 20:00:00;NORTE;SUDESTE/CENTRO-OESTE;1663.42
2024-09-03 21:00:00;NORTE;SUDESTE/CENTRO-OESTE;1016.321
2024-09-03 22:00:00;NORTE;SUDESTE/CENTRO-OESTE;374.418
2024-09-03 23:00:00;NORTE;SUDESTE/CENTRO-OESTE;-107.032
2024-09-04 00:00:00;NORTE;SUDESTE/CENTRO-OESTE;231.934
2024-09-04 01:00:00;NORTE;SUDESTE/CENTRO-OESTE;477.024
2024-09-04 02:00:00;NORTE;SUDESTE/CENTRO-OESTE;789.968
2024-09-04 03:00:00;NORTE;SUDESTE/CENTRO-OESTE;884.447
2024-09-04 04:00:00;NORTE;SUDESTE/CENTRO-OESTE;1017.386
2024-09-04 05:00:00;NORTE;SUDESTE/CENTRO-OESTE;1208.428
2024-09-04 06:00:00;NORTE;SUDESTE/CENTRO-OESTE;2225.806
2024-09-04 07:00:00;NORTE;SUDESTE/CENTRO-OESTE;3228.68
2024-09-04 08:00:00;NORTE;SUDESTE/CENTRO-OESTE;3092.725
2024-09-04 09:00:00;NORTE;SUDESTE/CENTRO-OESTE;2733.39
2024-09-04 10:00:00;NORTE;SUDESTE/CENTRO-OESTE;2760.799
2024-09-04 11:00:00;NORTE;SUDESTE/CENTRO-OESTE;2686.408
2024-09-04 12:00:00;NORTE;SUDESTE/CENTRO-OESTE;2781.092
2024-09-04 13:00:00;NORTE;SUDESTE/CENTRO-OESTE;2363.337
2024-09-04 14:00:00;NORTE;SUDESTE/CENTRO-OESTE;1910.79
2024-09-04 15:00:00;NORTE;SUDESTE/CENTRO-OESTE;1791.313
2024-09-04 16:00:00;NORTE;SUDESTE/CENTRO-OESTE;2046.479
2024-09-04 17:00:00;NORTE;SUDESTE/CENTRO-OESTE;2275.041
2024-09-04 18:00:00;NORTE;SUDESTE/CENTRO-OESTE;3931.072
2024-09-04 19:00:00;NORTE;SUDESTE/CENTRO-OESTE;3713.429
2024-09-04 20:00:00;NORTE;SUDESTE/CENTRO-OESTE;2352.542
2024-09-04 21:00:00;NORTE;SUDESTE/CENTRO-OESTE;1497.182
2024-09-04 22:00:00;NORTE;SUDESTE/CENTRO-OESTE;1018.608
2024-09-04 23:00:00;NORTE;SUDESTE/CENTRO-OESTE;718.844
2024-09-05 00:00:00;NORTE;SUDESTE/CENTRO-OESTE;904.271
2024-09-05 01:00:00;NORTE;SUDESTE/CENTRO-OESTE;1020.622
2024-09-05 02:00:00;NORTE;SUDESTE/CENTRO-OESTE;1164.846
2024-09-05 03:00:00;NORTE;SUDESTE/CENTRO-OESTE;1239.97
2024-09-05 04:00:00;NORTE;SUDESTE/CENTRO-OESTE;1316.01399999
2024-09-05 05:00:00;NORTE;SUDESTE/CENTRO-OESTE;1598.642
2024-09-05 06:00:00;NORTE;SUDESTE/CENTRO-OESTE;2071.64199999
2024-09-05 07:00:00;NORTE;SUDESTE/CENTRO-OESTE;2625.856
2024-09-05 08:00:00;NORTE;SUDESTE/CENTRO-OESTE;2839.422
2024-09-05 09:00:00;NORTE;SUDESTE/CENTRO-OESTE;2968.954
2024-09-05 10:00:00;NORTE;SUDESTE/CENTRO-OESTE;2919.914
2024-09-05 11:00:00;NORTE;SUDESTE/CENTRO-OESTE;3016.328
2024-09-05 12:00:00;NORTE;SUDESTE/CENTRO-OESTE;2986.94099999
2024-09-05 13:00:00;NORTE;SUDESTE/CENTRO-OESTE;2571.632
2024-09-05 14:00:00;NORTE;SUDESTE/CENTRO-OESTE;2125.09499999
2024-09-05 15:00:00;NORTE;SUDESTE/CENTRO-OESTE;1800.761
2024-09-05 16:00:00;NORTE;SUDESTE/CENTRO-OESTE;1443.574
2024-09-05 17:00:00;NORTE;SUDESTE/CENTRO-OESTE;1487.174
2024-09-05 18:00:00;NORTE;SUDESTE/CENTRO-OESTE;2477.794
2024-09-05 19:00:00;NORTE;SUDESTE/CENTRO-OESTE;2477.831
2024-09-05 20:00:00;NORTE;SUDESTE/CENTRO-OESTE;1731.595
2024-09-05 21:00:00;NORTE;SUDESTE/CENTRO-OESTE;939.125
2024-09-05 22:00:00;NORTE;SUDESTE/CENTRO-OESTE;870.88199999
2024-09-05 23:00:00;NORTE;SUDESTE/CENTRO-OESTE;639.292
2024-09-06 00:00:00;NORTE;SUDESTE/CENTRO-OESTE;565.792
2024-09-06 01:00:00;NORTE;SUDESTE/CENTRO-OESTE;691.517
2024-09-06 02:00:00;NORTE;SUDESTE/CENTRO-OESTE;1026.332
2024-09-06 03:00:00;NORTE;SUDESTE/CENTRO-OESTE;1350.589
2024-09-06 04:00:00;NORTE;SUDESTE/CENTRO-OESTE;1547.128
2024-09-06 05:00:00;NORTE;SUDESTE/CENTRO-OESTE;1563.69
2024-09-06 06:00:00;NORTE;SUDESTE/CENTRO-OESTE;2229.273
2024-09-06 07:00:00;NORTE;SUDESTE/CENTRO-OESTE;2800.795
2024-09-06 08:00:00;NORTE;SUDESTE/CENTRO-OESTE;3187.43
2024-09-06 09:00:00;NORTE;SUDESTE/CENTRO-OESTE;3382.02799999
2024-09-06 10:00:00;NORTE;SUDESTE/CENTRO-OESTE;3280.159
2024-09-06 11:00:00;NORTE;SUDESTE/CENTRO-OESTE;2976.799
2024-09-06 12:00:00;NORTE;SUDESTE/CENTRO-OESTE;3020.232
2024-09-06 13:00:00;NORTE;SUDESTE/CENTRO-OESTE;2674.28
2024-09-06 14:00:00;NORTE;SUDESTE/CENTRO-OESTE;1951.597
2024-09-06 15:00:00;NORTE;SUDESTE/CENTRO-OESTE;1565.675
2024-09-06 16:00:00;NORTE;SUDESTE/CENTRO-OESTE;988.812
2024-09-06 17:00:00;NORTE;SUDESTE/CENTRO-OESTE;705.277
2024-09-06 18:00:00;NORTE;SUDESTE/CENTRO-OESTE;2000.838
2024-09-06 19:00:00;NORTE;SUDESTE/CENTRO-OESTE;2352.96999999
2024-09-06 20:00:00;NORTE;SUDESTE/CENTRO-OESTE;1926.643
2024-09-06 21:00:00;NORTE;SUDESTE/CENTRO-OESTE;1167.835
2024-09-06 22:00:00;NORTE;SUDESTE/CENTRO-OESTE;725.785
2024-09-06 23:00:00;NORTE;SUDESTE/CENTRO-OESTE;696.047
2024-09-07 00:00:00;NORTE;SUDESTE/CENTRO-OESTE;661.04499999
2024-09-07 01:00:00;NORTE;SUDESTE/CENTRO-OESTE;928.702
2024-09-07 02:00:00;NORTE;SUDESTE/CENTRO-OESTE;1173.97499999
2024-09-07 03:00:00;NORTE;SUDESTE/CENTRO-OESTE;1375.269
2024-09-07 04:00:00;NORTE;SUDESTE/CENTRO-OESTE;1462.493
2024-09-07 05:00:00;NORTE;SUDESTE/CENTRO-OESTE;1704.541
2024-09-07 06:00:00;NORTE;SUDESTE/CENTRO-OESTE;2458.908
2024-09-07 07:00:00;NORTE;SUDESTE/CENTRO-OESTE;3252.063
2024-09-07 08:00:00;NORTE;SUDESTE/CENTRO-OESTE;3436.328
2024-09-07 09:00:00;NORTE;SUDESTE/CENTRO-OESTE;3285.85
2024-09-07 10:00:00;NORTE;SUDESTE/CENTRO-OESTE;3055.523
2024-09-07 11:00:00;NORTE;SUDESTE/CENTRO-OESTE;2942.7
2024-09-07 12:00:00;NORTE;SUDESTE/CENTRO-OESTE;2759.517
2024-09-07 13:00:00;NORTE;SUDESTE/CENTRO-OESTE;2576.667
2024-09-07 14:00:00;NORTE;SUDESTE/CENTRO-OESTE;2403.949
2024-09-07 15:00:00;NORTE;SUDESTE/CENTRO-OESTE;2307.424
2024-09-07 16:00:00;NORTE;SUDESTE/CENTRO-OESTE;2129.509
2024-09-07 17:00:00;NORTE;SUDESTE/CENTRO-OESTE;1933.789
2024-09-07 18:00:00;NORTE;SUDESTE/CENTRO-OESTE;2364.39
2024-09-07 19:00:00;NORTE;SUDESTE/CENTRO-OESTE;2559.851
2024-09-07 20:00:00;NORTE;SUDESTE/CENTRO-OESTE;1886.58
2024-09-07 21:00:00;NORTE;SUDESTE/CENTRO-OESTE;1106.60999999
2024-09-07 22:00:00;NORTE;SUDESTE/CENTRO-OESTE;1147.961
2024-09-07 23:00:00;NORTE;SUDESTE/CENTRO-OESTE;1151.69
2024-09-08 00:00:00;NORTE;SUDESTE/CENTRO-OESTE;1282.223
2024-09-08 01:00:00;NORTE;SUDESTE/CENTRO-OESTE;1547.489
2024-09-08 02:00:00;NORTE;SUDESTE/CENTRO-OESTE;1792.423
2024-09-08 03:00:00;NORTE;SUDESTE/CENTRO-OESTE;1811.242
2024-09-08 04:00:00;NORTE;SUDESTE/CENTRO-OESTE;1673.877
2024-09-08 05:00:00;NORTE;SUDESTE/CENTRO-OESTE;1630.173
2024-09-08 06:00:00;NORTE;SUDESTE/CENTRO-OESTE;2347.841
2024-09-08 07:00:00;NORTE;SUDESTE/CENTRO-OESTE;2903.14399999
2024-09-08 08:00:00;NORTE;SUDESTE/CENTRO-OESTE;1969.43
2024-09-08 09:00:00;NORTE;SUDESTE/CENTRO-OESTE;1560.491
2024-09-08 10:00:00;NORTE;SUDESTE/CENTRO-OESTE;1453.91
2024-09-08 11:00:00;NORTE;SUDESTE/CENTRO-OESTE;1385.64
2024-09-08 12:00:00;NORTE;SUDESTE/CENTRO-OESTE;1459.742
2024-09-08 13:00:00;NORTE;SUDESTE/CENTRO-OESTE;1686.827
2024-09-08 14:00:00;NORTE;SUDESTE/CENTRO-OESTE;1672.996
2024-09-08 15:00:00;NORTE;SUDESTE/CENTRO-OESTE;1908.473
2024-09-08 16:00:00;NORTE;SUDESTE/CENTRO-OESTE;2258.618
2024-09-08 17:00:00;NORTE;SUDESTE/CENTRO-OESTE;2380.511
2024-09-08 18:00:00;NORTE;SUDESTE/CENTRO-OESTE;2575.92999999
2024-09-08 19:00:00;NORTE;SUDESTE/CENTRO-OESTE;2561.876
2024-09-08 20:00:00;NORTE;SUDESTE/CENTRO-OESTE;1660.586
2024-09-08 21:00:00;NORTE;SUDESTE/CENTRO-OESTE;640.981
2024-09-08 22:00:00;NORTE;SUDESTE/CENTRO-OESTE;261.801
2024-09-08 23:00:00;NORTE;SUDESTE/CENTRO-OESTE;551.746
2024-09-09 00:00:00;NORTE;SUDESTE/CENTRO-OESTE;986.125
2024-09-09 01:00:00;NORTE;SUDESTE/CENTRO-OESTE;1306.229
2024-09-09 02:00:00;NORTE;SUDESTE/CENTRO-OESTE;1512.397
2024-09-09 03:00:00;NORTE;SUDESTE/CENTRO-OESTE;1480.554
2024-09-09 04:00:00;NORTE;SUDESTE/CENTRO-OESTE;1489.707
2024-09-09 05:00:00;NORTE;SUDESTE/CENTRO-OESTE;1619.725
2024-09-09 06:00:00;NORTE;SUDESTE/CENTRO-OESTE;2170.89
2024-09-09 07:00:00;NORTE;SUDESTE/CENTRO-OESTE;2630.85
2024-09-09 08:00:00;NORTE;SUDESTE/CENTRO-OESTE;2984.916
2024-09-09 09:00:00;NORTE;SUDESTE/CENTRO-OESTE;3031.047
2024-09-09 10:00:00;NORTE;SUDESTE/CENTRO-OESTE;2857.975
2024-09-09 11:00:00;NORTE;SUDESTE/CENTRO-OESTE;2951.77799999
2024-09-09 12:00:00;NORTE;SUDESTE/CENTRO-OESTE;2951.034
2024-09-09 13:00:00;NORTE;SUDESTE/CENTRO-OESTE;2517.945
2024-09-09 14:00:00;NORTE;SUDESTE/CENTRO-OESTE;2114.916
2024-09-09 15:00:00;NORTE;SUDESTE/CENTRO-OESTE;1837.618
2024-09-09 16:00:00;NORTE;SUDESTE/CENTRO-OESTE;2021.109
2024-09-09 17:00:00;NORTE;SUDESTE/CENTRO-OESTE;2874.352
2024-09-09 18:00:00;NORTE;SUDESTE/CENTRO-OESTE;4166.14999999
2024-09-09 19:00:00;NORTE;SUDESTE/CENTRO-OESTE;3967.016
2024-09-09 20:00:00;NORTE;SUDESTE/CENTRO-OESTE;2545.386
2024-09-09 21:00:00;NORTE;SUDESTE/CENTRO-OESTE;1411.138
2024-09-09 22:00:00;NORTE;SUDESTE/CENTRO-OESTE;1198.953
2024-09-09 23:00:00;NORTE;SUDESTE/CENTRO-OESTE;871.518
2024-09-10 00:00:00;NORTE;SUDESTE/CENTRO-OESTE;1056.401
2024-09-10 01:00:00;NORTE;SUDESTE/CENTRO-OESTE;1272.14899999
2024-09-10 02:00:00;NORTE;SUDESTE/CENTRO-OESTE;1374.287
2024-09-10 03:00:00;NORTE;SUDESTE/CENTRO-OESTE;1225.23
2024-09-10 04:00:00;NORTE;SUDESTE/CENTRO-OESTE;1239.316
2024-09-10 05:00:00;NORTE;SUDESTE/CENTRO-OESTE;1472.145
2024-09-10 06:00:00;NORTE;SUDESTE/CENTRO-OESTE;2287.63
2024-09-10 07:00:00;NORTE;SUDESTE/CENTRO-OESTE;2821.284
2024-09-10 08:00:00;NORTE;SUDESTE/CENTRO-OESTE;2977.439
2024-09-10 09:00:00;NORTE;SUDESTE/CENTRO-OESTE;3166.14
2024-09-10 10:00:00;NORTE;SUDESTE/CENTRO-OESTE;3062.924
2024-09-10 11:00:00;NORTE;SUDESTE/CENTRO-OESTE;2732.516
2024-09-10 12:00:00;NORTE;SUDESTE/CENTRO-OESTE;2448.799
2024-09-10 13:00:00;NORTE;SUDESTE/CENTRO-OESTE;2418.569
2024-09-10 14:00:00;NORTE;SUDESTE/CENTRO-OESTE;2129.896
2024-09-10 15:00:00;NORTE;SUDESTE/CENTRO-OESTE;2047.84
2024-09-10 16:00:00;NORTE;SUDESTE/CENTRO-OESTE;1866.703
2024-09-10 17:00:00;NORTE;SUDESTE/CENTRO-OESTE;2634.53
2024-09-10 18:00:00;NORTE;SUDESTE/CENTRO-OESTE;3948.022
2024-09-10 19:00:00;NORTE;SUDESTE/CENTRO-OESTE;4448.67699999
2024-09-10 20:00:00;NORTE;SUDESTE/CENTRO-OESTE;3375.046
2024-09-10 21:00:00;NORTE;SUDESTE/CENTRO-OESTE;2021.79
2024-09-10 22:00:00;NORTE;SUDESTE/CENTRO-OESTE;1511.865
2024-09-10 23:00:00;NORTE;SUDESTE/CENTRO-OESTE;1395.582
2024-09-11 00:00:00;NORTE;SUDESTE/CENTRO-OESTE;1609.784
2024-09-11 01:00:00;NORTE;SUDESTE/CENTRO-OESTE;1569.948
2024-09-11 02:00:00;NORTE;SUDESTE/CENTRO-OESTE;1772.5
2024-09-11 03:00:00;NORTE;SUDESTE/CENTRO-OESTE;1626.324
2024-09-11 04:00:00;NORTE;SUDESTE/CENTRO-OESTE;1523.86999999
2024-09-11 05:00:00;NORTE;SUDESTE/CENTRO-OESTE;1721.703
2024-09-11 06:00:00;NORTE;SUDESTE/CENTRO-OESTE;2324.80699999
2024-09-11 07:00:00;NORTE;SUDESTE/CENTRO-OESTE;3057.608
2024-09-11 08:00:00;NORTE;SUDESTE/CENTRO-OESTE;3000.867
2024-09-11 09:00:00;NORTE;SUDESTE/CENTRO-OESTE;2853.901
2024-09-11 10:00:00;NORTE;SUDESTE/CENTRO-OESTE;2825.784
2024-09-11 11:00:00;NORTE;SUDESTE/CENTRO-OESTE;2929.116
2024-09-11 12:00:00;NORTE;SUDESTE/CENTRO-OESTE;2712.117
2024-09-11 13:00:00;NORTE;SUDESTE/CENTRO-OESTE;2170.052
2024-09-11 14:00:00;NORTE;SUDESTE/CENTRO-OESTE;1848.851
2024-09-11 15:00:00;NORTE;SUDESTE/CENTRO-OESTE;1831.642
2024-09-11 16:00:00;NORTE;SUDESTE/CENTRO-OESTE;1539.581
2024-09-11 17:00:00;NORTE;SUDESTE/CENTRO-OESTE;2178.175
2024-09-11 18:00:00;NORTE;SUDESTE/CENTRO-OESTE;3005.826
2024-09-11 19:00:00;NORTE;SUDESTE/CENTRO-OESTE;3007.869
2024-09-11 20:00:00;NORTE;SUDESTE/CENTRO-OESTE;2413.90299999
2024-09-11 21:00:00;NORTE;SUDESTE/CENTRO-OESTE;1612.97
2024-09-11 22:00:00;NORTE;SUDESTE/CENTRO-OESTE;1072.953
2024-09-11 23:00:00;NORTE;SUDESTE/CENTRO-OESTE;1030.719
2024-09-12 00:00:00;NORTE;SUDESTE/CENTRO-OESTE;1264.721
2024-09-12 01:00:00;NORTE;SUDESTE/CENTRO-OESTE;1316.852
2024-09-12 02:00:00;NORTE;SUDESTE/CENTRO-OESTE;1351.252
2024-09-12 03:00:00;NORTE;SUDESTE/CENTRO-OESTE;1228.671
2024-09-12 04:00:00;NORTE;SUDESTE/CENTRO-OESTE;1216.805
2024-09-12 05:00:00;NORTE;SUDESTE/CENTRO-OESTE;1720.237
2024-09-12 06:00:00;NORTE;SUDESTE/CENTRO-OESTE;2449.689
2024-09-12 07:00:00;NORTE;SUDESTE/CENTRO-OESTE;3391.708
2024-09-12 08:00:00;NORTE;SUDESTE/CENTRO-OESTE;2956.81599999
2024-09-12 09:00:00;NORTE;SUDESTE/CENTRO-OESTE;2982.198
2024-09-12 10:00:00;NORTE;SUDESTE/CENTRO-OESTE;2711.018
2024-09-12 11:00:00;NORTE;SUDESTE/CENTRO-OESTE;2824.538
2024-09-12 12:00:00;NORTE;SUDESTE/CENTRO-OESTE;2851.887
2024-09-12 13:00:00;NORTE;SUDESTE/CENTRO-OESTE;2403.139
2024-09-12 14:00:00;NORTE;SUDESTE/CENTRO-OESTE;2064.28
2024-09-12 15:00:00;NORTE;SUDESTE/CENTRO-OESTE;1984.387
2024-09-12 16:00:00;NORTE;SUDESTE/CENTRO-OESTE;1652.265
2024-09-12 17:00:00;NORTE;SUDESTE/CENTRO-OESTE;2186.559
2024-09-12 18:00:00;NORTE;SUDESTE/CENTRO-OESTE;3555.796
2024-09-12 19:00:00;NORTE;SUDESTE/CENTRO-OESTE;3514.515
2024-09-12 20:00:00;NORTE;SUDESTE/CENTRO-OESTE;2620.84499999
2024-09-12 21:00:00;NORTE;SUDESTE/CENTRO-OESTE;1471.979
2024-09-12 22:00:00;NORTE;SUDESTE/CENTRO-OESTE;1268.441
2024-09-12 23:00:00;NORTE;SUDESTE/CENTRO-OESTE;1300.097
2024-09-13 00:00:00;NORTE;SUDESTE/CENTRO-OESTE;1309.681
2024-09-13 01:00:00;NORTE;SUDESTE/CENTRO-OESTE;1476.355
2024-09-13 02:00:00;NORTE;SUDESTE/CENTRO-OESTE;1524.51399999
2024-09-13 03:00:00;NORTE;SUDESTE/CENTRO-OESTE;1552.388
2024-09-13 04:00:00;NORTE;SUDESTE/CENTRO-OESTE;1581.874
2024-09-13 05:00:00;NORTE;SUDESTE/CENTRO-OESTE;1636.779
2024-09-13 06:00:00;NORTE;SUDESTE/CENTRO-OESTE;2196.061
2024-09-13 07:00:00;NORTE;SUDESTE/CENTRO-OESTE;2977.008
2024-09-13 08:00:00;NORTE;SUDESTE/CENTRO-OESTE;2786.838
2024-09-13 09:00:00;NORTE;SUDESTE/CENTRO-OESTE;2782.102
2024-09-13 10:00:00;NORTE;SUDESTE/CENTRO-OESTE;2938.977
2024-09-13 11:00:00;NORTE;SUDESTE/CENTRO-OESTE;2932.361
2024-09-13 12:00:00;NORTE;SUDESTE/CENTRO-OESTE;2755.455
2024-09-13 13:00:00;NORTE;SUDESTE/CENTRO-OESTE;2269.21099999
2024-09-13 14:00:00;NORTE;SUDESTE/CENTRO-OESTE;2032.219
2024-09-13 15:00:00;NORTE;SUDESTE/CENTRO-OESTE;1928.562
2024-09-13 16:00:00;NORTE;SUDESTE/CENTRO-OESTE;2135.159
2024-09-13 17:00:00;NORTE;SUDESTE/CENTRO-OESTE;2038.14
2024-09-13 18:00:00;NORTE;SUDESTE/CENTRO-OESTE;3254.951
2024-09-13 19:00:00;NORTE;SUDESTE/CENTRO-OESTE;3140.806
2024-09-13 20:00:00;NORTE;SUDESTE/CENTRO-OESTE;2240.31
2024-09-13 21:00:00;NORTE;SUDESTE/CENTRO-OESTE;1330.307
2024-09-13 22:00:00;NORTE;SUDESTE/CENTRO-OESTE;947.26
2024-09-13 23:00:00;NORTE;SUDESTE/CENTRO-OESTE;613.556
2024-09-14 00:00:00;NORTE;SUDESTE/CENTRO-OESTE;547.229
2024-09-14 01:00:00;NORTE;SUDESTE/CENTRO-OESTE;938.029
2024-09-14 02:00:00;NORTE;SUDESTE/CENTRO-OESTE;1150.473
2024-09-14 03:00:00;NORTE;SUDESTE/CENTRO-OESTE;1140.404
2024-09-14 04:00:00;NORTE;SUDESTE/CENTRO-OESTE;1162.59999999
2024-09-14 05:00:00;NORTE;SUDESTE/CENTRO-OESTE;1362.191
2024-09-14 06:00:00;NORTE;SUDESTE/CENTRO-OESTE;2195.001
2024-09-14 07:00:00;NORTE;SUDESTE/CENTRO-OESTE;2749.973
2024-09-14 08:00:00;NORTE;SUDESTE/CENTRO-OESTE;2759.18
2024-09-14 09:00:00;NORTE;SUDESTE/CENTRO-OESTE;2853.815
2024-09-14 10:00:00;NORTE;SUDESTE/CENTRO-OESTE;2959.685
2024-09-14 11:00:00;NORTE;SUDESTE/CENTRO-OESTE;3102.424
2024-09-14 12:00:00;NORTE;SUDESTE/CENTRO-OESTE;2985.726
2024-09-14 13:00:00;NORTE;SUDESTE/CENTRO-OESTE;2810.277
2024-09-14 14:00:00;NORTE;SUDESTE/CENTRO-OESTE;2497.891
2024-09-14 15:00:00;NORTE;SUDESTE/CENTRO-OESTE;2043.717
2024-09-14 16:00:00;NORTE;SUDESTE/CENTRO-OESTE;1992.293
2024-09-14 17:00:00;NORTE;SUDESTE/CENTRO-OESTE;1698.96
2024-09-14 18:00:00;NORTE;SUDESTE/CENTRO-OESTE;2412.64199999
2024-09-14 19:00:00;NORTE;SUDESTE/CENTRO-OESTE;2872.819
2024-09-14 20:00:00;NORTE;SUDESTE/CENTRO-OESTE;2273.408
2024-09-14 21:00:00;NORTE;SUDESTE/CENTRO-OESTE;1679.905
2024-09-14 22:00:00;NORTE;SUDESTE/CENTRO-OESTE;1517.076
2024-09-14 23:00:00;NORTE;SUDESTE/CENTRO-OESTE;1555.873
2024-09-15 00:00:00;NORTE;SUDESTE/CENTRO-OESTE;1238.063
2024-09-15 01:00:00;NORTE;SUDESTE/CENTRO-OESTE;1211.492
2024-09-15 02:00:00;NORTE;SUDESTE/CENTRO-OESTE;1342.017
2024-09-15 03:00:00;NORTE;SUDESTE/CENTRO-OESTE;1530.255
2024-09-15 04:00:00;NORTE;SUDESTE/CENTRO-OESTE;1773.927
2024-09-15 05:00:00;NORTE;SUDESTE/CENTRO-OESTE;1545.523
2024-09-15 06:00:00;NORTE;SUDESTE/CENTRO-OESTE;1808.345
2024-09-15 07:00:00;NORTE;SUDESTE/CENTRO-OESTE;1968.562
2024-09-15 08:00:00;NORTE;SUDESTE/CENTRO-OESTE;2279.96
2024-09-15 09:00:00;NORTE;SUDESTE/CENTRO-OESTE;2498.451
2024-09-15 10:00:00;NORTE;SUDESTE/CENTRO-OESTE;2361.944
2024-09-15 11:00:00;NORTE;SUDESTE/CENTRO-OESTE;2283.244
2024-09-15 12:00:00;NORTE;SUDESTE/CENTRO-OESTE;2112.996
2024-09-15 13:00:00;NORTE;SUDESTE/CENTRO-OESTE;1942.05
2024-09-15 14:00:00;NORTE;SUDESTE/CENTRO-OESTE;2198.00799999
2024-09-15 15:00:00;NORTE;SUDESTE/CENTRO-OESTE;2003.376
2024-09-15 16:00:00;NORTE;SUDESTE/CENTRO-OESTE;1135.093
2024-09-15 17:00:00;NORTE;SUDESTE/CENTRO-OESTE;1158.315
2024-09-15 18:00:00;NORTE;SUDESTE/CENTRO-OESTE;2305.33
2024-09-15 19:00:00;NORTE;SUDESTE/CENTRO-OESTE;2841.039
2024-09-15 20:00:00;NORTE;SUDESTE/CENTRO-OESTE;2145.665
2024-09-15 21:00:00;NORTE;SUDESTE/CENTRO-OESTE;1213.073
2024-09-15 22:00:00;NORTE;SUDESTE/CENTRO-OESTE;1264.905
2024-09-15 23:00:00;NORTE;SUDESTE/CENTRO-OESTE;1238.047
2024-09-16 00:00:00;NORTE;SUDESTE/CENTRO-OESTE;1151.349
2024-09-16 01:00:00;NORTE;SUDESTE/CENTRO-OESTE;1123.24499999
2024-09-16 02:00:00;NORTE;SUDESTE/CENTRO-OESTE;1285.91799999
2024-09-16 03:00:00;NORTE;SUDESTE/CENTRO-OESTE;1370.009
2024-09-16 04:00:00;NORTE;SUDESTE/CENTRO-OESTE;1432.79
2024-09-16 05:00:00;NORTE;SUDESTE/CENTRO-OESTE;1643.61999999
2024-09-16 06:00:00;NORTE;SUDESTE/CENTRO-OESTE;2236.715
2024-09-16 07:00:00;NORTE;SUDESTE/CENTRO-OESTE;2512.433
2024-09-16 08:00:00;NORTE;SUDESTE/CENTRO-OESTE;2438.858
2024-09-16 09:00:00;NORTE;SUDESTE/CENTRO-OESTE;2559.359
2024-09-16 10:00:00;NORTE;SUDESTE/CENTRO-OESTE;2579.158
2024-09-16 11:00:00;NORTE;SUDESTE/CENTRO-OESTE;2527.693
2024-09-16 12:00:00;NORTE;SUDESTE/CENTRO-OESTE;2426.752
2024-09-16 13:00:00;NORTE;SUDESTE/CENTRO-OESTE;2295.703
2024-09-16 14:00:00;NORTE;SUDESTE/CENTRO-OESTE;1327.646
2024-09-16 15:00:00;NORTE;SUDESTE/CENTRO-OESTE;948.503
2024-09-16 16:00:00;NORTE;SUDESTE/CENTRO-OESTE;519.152
2024-09-16 17:00:00;NORTE;SUDESTE/CENTRO-OESTE;724.30499999
2024-09-16 18:00:00;NORTE;SUDESTE/CENTRO-OESTE;2086.38
2024-09-16 19:00:00;NORTE;SUDESTE/CENTRO-OESTE;2634.054
2024-09-16 20:00:00;NORTE;SUDESTE/CENTRO-OESTE;2069.524
2024-09-16 21:00:00;NORTE;SUDESTE/CENTRO-OESTE;1186.766
2024-09-16 22:00:00;NORTE;SUDESTE/CENTRO-OESTE;1015.293
2024-09-16 23:00:00;NORTE;SUDESTE/CENTRO-OESTE;1027.368
2024-09-17 00:00:00;NORTE;SUDESTE/CENTRO-OESTE;949.821
2024-09-17 01:00:00;NORTE;SUDESTE/CENTRO-OESTE;1061.846
2024-09-17 02:00:00;NORTE;SUDESTE/CENTRO-OESTE;1086.769
2024-09-17 03:00:00;NORTE;SUDESTE/CENTRO-OESTE;1247.961
2024-09-17 04:00:00;NORTE;SUDESTE/CENTRO-OESTE;1273.47
2024-09-17 05:00:00;NORTE;SUDESTE/CENTRO-OESTE;1442.123
2024-09-17 06:00:00;NORTE;SUDESTE/CENTRO-OESTE;1940.22
2024-09-17 07:00:00;NORTE;SUDESTE/CENTRO-OESTE;2610.097
2024-09-17 08:00:00;NORTE;SUDESTE/CENTRO-OESTE;2516.733
2024-09-17 09:00:00;NORTE;SUDESTE/CENTRO-OESTE;2470.313
2024-09-17 10:00:00;NORTE;SUDESTE/CENTRO-OESTE;2532.38299999
2024-09-17 11:00:00;NORTE;SUDESTE/CENTRO-OESTE;2401.477
2024-09-17 12:00:00;NORTE;SUDESTE/CENTRO-OESTE;2387.31
2024-09-17 13:00:00;NORTE;SUDESTE/CENTRO-OESTE;1713.885
2024-09-17 14:00:00;NORTE;SUDESTE/CENTRO-OESTE;1214.827
2024-09-17 15:00:00;NORTE;SUDESTE/CENTRO-OESTE;947.907
2024-09-17 16:00:00;NORTE;SUDESTE/CENTRO-OESTE;573.945
2024-09-17 17:00:00;NORTE;SUDESTE/CENTRO-OESTE;951.793
2024-09-17 18:00:00;NORTE;SUDESTE/CENTRO-OESTE;2408.433
2024-09-17 19:00:00;NORTE;SUDESTE/CENTRO-OESTE;3292.959
2024-09-17 20:00:00;NORTE;SUDESTE/CENTRO-OESTE;2049.216
2024-09-17 21:00:00;NORTE;SUDESTE/CENTRO-OESTE;1039.022
2024-09-17 22:00:00;NORTE;SUDESTE/CENTRO-OESTE;883.431
2024-09-17 23:00:00;NORTE;SUDESTE/CENTRO-OESTE;710.379
2024-09-18 00:00:00;NORTE;SUDESTE/CENTRO-OESTE;752.554
2024-09-18 01:00:00;NORTE;SUDESTE/CENTRO-OESTE;1059.406
2024-09-18 02:00:00;NORTE;SUDESTE/CENTRO-OESTE;1256.74399999
2024-09-18 03:00:00;NORTE;SUDESTE/CENTRO-OESTE;1407.486
2024-09-18 04:00:00;NORTE;SUDESTE/CENTRO-OESTE;1501.371
2024-09-18 05:00:00;NORTE;SUDESTE/CENTRO-OESTE;1640.236
2024-09-18 06:00:00;NORTE;SUDESTE/CENTRO-OESTE;1983.106
2024-09-18 07:00:00;NORTE;SUDESTE/CENTRO-OESTE;2499.887
2024-09-18 08:00:00;NORTE;SUDESTE/CENTRO-OESTE;2191.683
2024-09-18 09:00:00;NORTE;SUDESTE/CENTRO-OESTE;2600.265
2024-09-18 10:00:00;NORTE;SUDESTE/CENTRO-OESTE;2577.742
2024-09-18 11:00:00;NORTE;SUDESTE/CENTRO-OESTE;2639.88
2024-09-18 12:00:00;NORTE;SUDESTE/CENTRO-OESTE;2459.27599999
2024-09-18 13:00:00;NORTE;SUDESTE/CENTRO-OESTE;1812.137
2024-09-18 14:00:00;NORTE;SUDESTE/CENTRO-OESTE;1595.07
2024-09-18 15:00:00;NORTE;SUDESTE/CENTRO-OESTE;1338.415
2024-09-18 16:00:00;NORTE;SUDESTE/CENTRO-OESTE;1042.33099999
2024-09-18 17:00:00;NORTE;SUDESTE/CENTRO-OESTE;1040.813
2024-09-18 18:00:00;NORTE;SUDESTE/CENTRO-OESTE;2473.84499999
2024-09-18 19:00:00;NORTE;SUDESTE/CENTRO-OESTE;2954.638
2024-09-18 20:00:00;NORTE;SUDESTE/CENTRO-OESTE;1670.652
2024-09-18 21:00:00;NORTE;SUDESTE/CENTRO-OESTE;1002.714
2024-09-18 22:00:00;NORTE;SUDESTE/CENTRO-OESTE;797.394
2024-09-18 23:00:00;NORTE;SUDESTE/CENTRO-OESTE;659.315
2024-09-19 00:00:00;NORTE;SUDESTE/CENTRO-OESTE;666.31899999
2024-09-19 01:00:00;NORTE;SUDESTE/CENTRO-OESTE;1094.308
2024-09-19 02:00:00;NORTE;SUDESTE/CENTRO-OESTE;1229.45
2024-09-19 03:00:00;NORTE;SUDESTE/CENTRO-OESTE;1332.02399999
2024-09-19 04:00:00;NORTE;SUDESTE/CENTRO-OESTE;1298.14
2024-09-19 05:00:00;NORTE;SUDESTE/CENTRO-OESTE;1488.791
2024-09-19 06:00:00;NORTE;SUDESTE/CENTRO-OESTE;1979.38
2024-09-19 07:00:00;NORTE;SUDESTE/CENTRO-OESTE;2368.427
2024-09-19 08:00:00;NORTE;SUDESTE/CENTRO-OESTE;2695.33399999
2024-09-19 09:00:00;NORTE;SUDESTE/CENTRO-OESTE;2841.901
2024-09-19 10:00:00;NORTE;SUDESTE/CENTRO-OESTE;2638.376
2024-09-19 11:00:00;NORTE;SUDESTE/CENTRO-OESTE;2755.169
2024-09-19 12:00:00;NORTE;SUDESTE/CENTRO-OESTE;2646.669
2024-09-19 13:00:00;NORTE;SUDESTE/CENTRO-OESTE;2071.102
2024-09-19 14:00:00;NORTE;SUDESTE/CENTRO-OESTE;1502.803
2024-09-19 15:00:00;NORTE;SUDESTE/CENTRO-OESTE;1045.303
2024-09-19 16:00:00;NORTE;SUDESTE/CENTRO-OESTE;812.551
2024-09-19 17:00:00;NORTE;SUDESTE/CENTRO-OESTE;1305.977
2024-09-19 18:00:00;NORTE;SUDESTE/CENTRO-OESTE;2814.14
2024-09-19 19:00:00;NORTE;SUDESTE/CENTRO-OESTE;3550.676
2024-09-19 20:00:00;NORTE;SUDESTE/CENTRO-OESTE;2149.041
2024-09-19 21:00:00;NORTE;SUDESTE/CENTRO-OESTE;1298.82199999
2024-09-19 22:00:00;NORTE;SUDESTE/CENTRO-OESTE;709.745
2024-09-19 23:00:00;NORTE;SUDESTE/CENTRO-OESTE;878.677
2024-09-20 00:00:00;NORTE;SUDESTE/CENTRO-OESTE;1007.317
2024-09-20 01:00:00;NORTE;SUDESTE/CENTRO-OESTE;1081.755
2024-09-20 02:00:00;NORTE;SUDESTE/CENTRO-OESTE;1214.472
2024-09-20 03:00:00;NORTE;SUDESTE/CENTRO-OESTE;1421.758
2024-09-20 04:00:00;NORTE;SUDESTE/CENTRO-OESTE;1533.654
2024-09-20 05:00:00;NORTE;SUDESTE/CENTRO-OESTE;1731.215
2024-09-20 06:00:00;NORTE;SUDESTE/CENTRO-OESTE;2226.86
2024-09-20 07:00:00;NORTE;SUDESTE/CENTRO-OESTE;2847.338
2024-09-20 08:00:00;NORTE;SUDESTE/CENTRO-OESTE;2897.236
2024-09-20 09:00:00;NORTE;SUDESTE/CENTRO-OESTE;2878.266
2024-09-20 10:00:00;NORTE;SUDESTE/CENTRO-OESTE;2643.866
2024-09-20 11:00:00;NORTE;SUDESTE/CENTRO-OESTE;2505.445
2024-09-20 12:00:00;NORTE;SUDESTE/CENTRO-OESTE;2351.706
2024-09-20 13:00:00;NORTE;SUDESTE/CENTRO-OESTE;1938.521
2024-09-20 14:00:00;NORTE;SUDESTE/CENTRO-OESTE;1936.97
2024-09-20 15:00:00;NORTE;SUDESTE/CENTRO-OESTE;1393.863
2024-09-20 16:00:00;NORTE;SUDESTE/CENTRO-OESTE;1042.488
2024-09-20 17:00:00;NORTE;SUDESTE/CENTRO-OESTE;1691.83
2024-09-20 18:00:00;NORTE;SUDESTE/CENTRO-OESTE;3041.723
2024-09-20 19:00:00;NORTE;SUDESTE/CENTRO-OESTE;3424.077
2024-09-20 20:00:00;NORTE;SUDESTE/CENTRO-OESTE;2607.044
2024-09-20 21:00:00;NORTE;SUDESTE/CENTRO-OESTE;1317.42
2024-09-20 22:00:00;NORTE;SUDESTE/CENTRO-OESTE;983.075
2024-09-20 23:00:00;NORTE;SUDESTE/CENTRO-OESTE;742.739
2024-09-21 00:00:00;NORTE;SUDESTE/CENTRO-OESTE;410.956
2024-09-21 01:00:00;NORTE;SUDESTE/CENTRO-OESTE;398.364
2024-09-21 02:00:00;NORTE;SUDESTE/CENTRO-OESTE;667.806
2024-09-21 03:00:00;NORTE;SUDESTE/CENTRO-OESTE;973.979
2024-09-21 04:00:00;NORTE;SUDESTE/CENTRO-OESTE;1100.895
2024-09-21 05:00:00;NORTE;SUDESTE/CENTRO-OESTE;1298.797
2024-09-21 06:00:00;NORTE;SUDESTE/CENTRO-OESTE;1920.579
2024-09-21 07:00:00;NORTE;SUDESTE/CENTRO-OESTE;2364.73799999
2024-09-21 08:00:00;NORTE;SUDESTE/CENTRO-OESTE;2799.382
2024-09-21 09:00:00;NORTE;SUDESTE/CENTRO-OESTE;2954.986
2024-09-21 10:00:00;NORTE;SUDESTE/CENTRO-OESTE;2986.096
2024-09-21 11:00:00;NORTE;SUDESTE/CENTRO-OESTE;2679.95899999
2024-09-21 12:00:00;NORTE;SUDESTE/CENTRO-OESTE;2309.74899999
2024-09-21 13:00:00;NORTE;SUDESTE/CENTRO-OESTE;1691.629
2024-09-21 14:00:00;NORTE;SUDESTE/CENTRO-OESTE;1361.162
2024-09-21 15:00:00;NORTE;SUDESTE/CENTRO-OESTE;854.899
2024-09-21 16:00:00;NORTE;SUDESTE/CENTRO-OESTE;-165.823
2024-09-21 17:00:00;NORTE;SUDESTE/CENTRO-OESTE;-425.25599999
2024-09-21 18:00:00;NORTE;SUDESTE/CENTRO-OESTE;656.322
2024-09-21 19:00:00;NORTE;SUDESTE/CENTRO-OESTE;1027.017
2024-09-21 20:00:00;NORTE;SUDESTE/CENTRO-OESTE;743.873
2024-09-21 21:00:00;NORTE;SUDESTE/CENTRO-OESTE;763.45899999
2024-09-21 22:00:00;NORTE;SUDESTE/CENTRO-OESTE;688.98299999
2024-09-21 23:00:00;NORTE;SUDESTE/CENTRO-OESTE;655.792
2024-09-22 00:00:00;NORTE;SUDESTE/CENTRO-OESTE;646.28
2024-09-22 01:00:00;NORTE;SUDESTE/CENTRO-OESTE;877.694
2024-09-22 02:00:00;NORTE;SUDESTE/CENTRO-OESTE;1074.29299999
2024-09-22 03:00:00;NORTE;SUDESTE/CENTRO-OESTE;1157.527
2024-09-22 04:00:00;NORTE;SUDESTE/CENTRO-OESTE;961.998
2024-09-22 05:00:00;NORTE;SUDESTE/CENTRO-OESTE;1284.185
2024-09-22 06:00:00;NORTE;SUDESTE/CENTRO-OESTE;2054.924
2024-09-22 07:00:00;NORTE;SUDESTE/CENTRO-OESTE;2220.503
2024-09-22 08:00:00;NORTE;SUDESTE/CENTRO-OESTE;2557.812
2024-09-22 09:00:00;NORTE;SUDESTE/CENTRO-OESTE;2421.664
2024-09-22 10:00:00;NORTE;SUDESTE/CENTRO-OESTE;2281.547
2024-09-22 11:00:00;NORTE;SUDESTE/CENTRO-OESTE;2105.56599999
2024-09-22 12:00:00;NORTE;SUDESTE/CENTRO-OESTE;1768.691
2024-09-22 13:00:00;NORTE;SUDESTE/CENTRO-OESTE;1293.81
2024-09-22 14:00:00;NORTE;SUDESTE/CENTRO-OESTE;858.63
2024-09-22 15:00:00;NORTE;SUDESTE/CENTRO-OESTE;946.596
2024-09-22 16:00:00;NORTE;SUDESTE/CENTRO-OESTE;786.309
2024-09-22 17:00:00;NORTE;SUDESTE/CENTRO-OESTE;-4.688
2024-09-22 18:00:00;NORTE;SUDESTE/CENTRO-OESTE;605.17499999
2024-09-22 19:00:00;NORTE;SUDESTE/CENTRO-OESTE;1113.736
2024-09-22 20:00:00;NORTE;SUDESTE/CENTRO-OESTE;1139.08999999
2024-09-22 21:00:00;NORTE;SUDESTE/CENTRO-OESTE;786.029
2024-09-22 22:00:00;NORTE;SUDESTE/CENTRO-OESTE;836.092
2024-09-22 23:00:00;NORTE;SUDESTE/CENTRO-OESTE;856.282
2024-09-23 00:00:00;NORTE;SUDESTE/CENTRO-OESTE;891.621
2024-09-23 01:00:00;NORTE;SUDESTE/CENTRO-OESTE;977.809
2024-09-23 02:00:00;NORTE;SUDESTE/CENTRO-OESTE;1146.26
2024-09-23 03:00:00;NORTE;SUDESTE/CENTRO-OESTE;1205.29199999
2024-09-23 04:00:00;NORTE;SUDESTE/CENTRO-OESTE;1176.77299999
2024-09-23 05:00:00;NORTE;SUDESTE/CENTRO-OESTE;1342.409
2024-09-23 06:00:00;NORTE;SUDESTE/CENTRO-OESTE;1944.65
2024-09-23 07:00:00;NORTE;SUDESTE/CENTRO-OESTE;2528.645
2024-09-23 08:00:00;NORTE;SUDESTE/CENTRO-OESTE;2258.677
2024-09-23 09:00:00;NORTE;SUDESTE/CENTRO-OESTE;2362.75799999
2024-09-23 10:00:00;NORTE;SUDESTE/CENTRO-OESTE;2262.608
2024-09-23 11:00:00;NORTE;SUDESTE/CENTRO-OESTE;1845.684
2024-09-23 12:00:00;NORTE;SUDESTE/CENTRO-OESTE;1647.847
2024-09-23 13:00:00;NORTE;SUDESTE/CENTRO-OESTE;1506.911
2024-09-23 14:00:00;NORTE;SUDESTE/CENTRO-OESTE;1814.616
2024-09-23 15:00:00;NORTE;SUDESTE/CENTRO-OESTE;1836.939
2024-09-23 16:00:00;NORTE;SUDESTE/CENTRO-OESTE;1843.647
2024-09-23 17:00:00;NORTE;SUDESTE/CENTRO-OESTE;2159.091
2024-09-23 18:00:00;NORTE;SUDESTE/CENTRO-OESTE;3005.689
2024-09-23 19:00:00;NORTE;SUDESTE/CENTRO-OESTE;2517.192
2024-09-23 20:00:00;NORTE;SUDESTE/CENTRO-OESTE;1688.826
2024-09-23 21:00:00;NORTE;SUDESTE/CENTRO-OESTE;971.951
2024-09-23 22:00:00;NORTE;SUDESTE/CENTRO-OESTE;1119.27299999
2024-09-23 23:00:00;NORTE;SUDESTE/CENTRO-OESTE;1136.723
2024-09-24 00:00:00;NORTE;SUDESTE/CENTRO-OESTE;1089.08099999
2024-09-24 01:00:00;NORTE;SUDESTE/CENTRO-OESTE;1219.49399999
2024-09-24 02:00:00;NORTE;SUDESTE/CENTRO-OESTE;1158.96499999
2024-09-24 03:00:00;NORTE;SUDESTE/CENTRO-OESTE;1269.029
2024-09-24 04:00:00;NORTE;SUDESTE/CENTRO-OESTE;1250.049
2024-09-24 05:00:00;NORTE;SUDESTE/CENTRO-OESTE;1285.999
2024-09-24 06:00:00;NORTE;SUDESTE/CENTRO-OESTE;1868.186
2024-09-24 07:00:00;NORTE;SUDESTE/CENTRO-OESTE;2324.335
2024-09-24 08:00:00;NORTE;SUDESTE/CENTRO-OESTE;2244.036
2024-09-24 09:00:00;NORTE;SUDESTE/CENTRO-OESTE;2434.919
2024-09-24 10:00:00;NORTE;SUDESTE/CENTRO-OESTE;2336.08399999
2024-09-24 11:00:00;NORTE;SUDESTE/CENTRO-OESTE;2321.234
2024-09-24 12:00:00;NORTE;SUDESTE/CENTRO-OESTE;2394.572
2024-09-24 13:00:00;NORTE;SUDESTE/CENTRO-OESTE;2028.175
2024-09-24 14:00:00;NORTE;SUDESTE/CENTRO-OESTE;2167.085
2024-09-24 15:00:00;NORTE;SUDESTE/CENTRO-OESTE;1664.082
2024-09-24 16:00:00;NORTE;SUDESTE/CENTRO-OESTE;2259.895
2024-09-24 17:00:00;NORTE;SUDESTE/CENTRO-OESTE;2621.591
2024-09-24 18:00:00;NORTE;SUDESTE/CENTRO-OESTE;3290.065
2024-09-24 19:00:00;NORTE;SUDESTE/CENTRO-OESTE;3644.762
2024-09-24 20:00:00;NORTE;SUDESTE/CENTRO-OESTE;3025.0
2024-09-24 21:00:00;NORTE;SUDESTE/CENTRO-OESTE;2520.55
2024-09-24 22:00:00;NORTE;SUDESTE/CENTRO-OESTE;2394.058
2024-09-24 23:00:00;NORTE;SUDESTE/CENTRO-OESTE;1633.703
2024-09-25 00:00:00;NORTE;SUDESTE/CENTRO-OESTE;1561.355
2024-09-25 01:00:00;NORTE;SUDESTE/CENTRO-OESTE;1873.443
2024-09-25 02:00:00;NORTE;SUDESTE/CENTRO-OESTE;1963.364
2024-09-25 03:00:00;NORTE;SUDESTE/CENTRO-OESTE;2121.672
2024-09-25 04:00:00;NORTE;SUDESTE/CENTRO-OESTE;2184.454
2024-09-25 05:00:00;NORTE;SUDESTE/CENTRO-OESTE;2369.66199999
2024-09-25 06:00:00;NORTE;SUDESTE/CENTRO-OESTE;2876.334
2024-09-25 07:00:00;NORTE;SUDESTE/CENTRO-OESTE;3467.609
2024-09-25 08:00:00;NORTE;SUDESTE/CENTRO-OESTE;3637.134
2024-09-25 09:00:00;NORTE;SUDESTE/CENTRO-OESTE;3360.885
2024-09-25 10:00:00;NORTE;SUDESTE/CENTRO-OESTE;3069.933
2024-09-25 11:00:00;NORTE;SUDESTE/CENTRO-OESTE;3291.313
2024-09-25 12:00:00;NORTE;SUDESTE/CENTRO-OESTE;2712.22899999
2024-09-25 13:00:00;NORTE;SUDESTE/CENTRO-OESTE;2166.75799999
2024-09-25 14:00:00;NORTE;SUDESTE/CENTRO-OESTE;2182.487
2024-09-25 15:00:00;NORTE;SUDESTE/CENTRO-OESTE;2286.813
2024-09-25 16:00:00;NORTE;SUDESTE/CENTRO-OESTE;2467.30699999
2024-09-25 17:00:00;NORTE;SUDESTE/CENTRO-OESTE;2574.81599999
2024-09-25 18:00:00;NORTE;SUDESTE/CENTRO-OESTE;3336.963
2024-09-25 19:00:00;NORTE;SUDESTE/CENTRO-OESTE;3220.382
2024-09-25 20:00:00;NORTE;SUDESTE/CENTRO-OESTE;2339.667
2024-09-25 21:00:00;NORTE;SUDESTE/CENTRO-OESTE;1846.897
2024-09-25 22:00:00;NORTE;SUDESTE/CENTRO-OESTE;1773.758
2024-09-25 23:00:00;NORTE;SUDESTE/CENTRO-OESTE;1756.476
2024-09-26 00:00:00;NORTE;SUDESTE/CENTRO-OESTE;1318.4
2024-09-26 01:00:00;NORTE;SUDESTE/CENTRO-OESTE;1466.602
2024-09-26 02:00:00;NORTE;SUDESTE/CENTRO-OESTE;1467.119
2024-09-26 03:00:00;NORTE;SUDESTE/CENTRO-OESTE;1385.439
2024-09-26 04:00:00;NORTE;SUDESTE/CENTRO-OESTE;1249.63799999
2024-09-26 05:00:00;NORTE;SUDESTE/CENTRO-OESTE;1418.986
2024-09-26 06:00:00;NORTE;SUDESTE/CENTRO-OESTE;1961.834
2024-09-26 07:00:00;NORTE;SUDESTE/CENTRO-OESTE;2478.054
2024-09-26 08:00:00;NORTE;SUDESTE/CENTRO-OESTE;2361.016
2024-09-26 09:00:00;NORTE;SUDESTE/CENTRO-OESTE;2154.33399999
2024-09-26 10:00:00;NORTE;SUDESTE/CENTRO-OESTE;1842.021
2024-09-26 11:00:00;NORTE;SUDESTE/CENTRO-OESTE;1876.864
2024-09-26 12:00:00;NORTE;SUDESTE/CENTRO-OESTE;1669.955
2024-09-26 13:00:00;NORTE;SUDESTE/CENTRO-OESTE;1980.749
2024-09-26 14:00:00;NORTE;SUDESTE/CENTRO-OESTE;2469.413
2024-09-26 15:00:00;NORTE;SUDESTE/CENTRO-OESTE;2366.443
2024-09-26 16:00:00;NORTE;SUDESTE/CENTRO-OESTE;2295.664
2024-09-26 17:00:00;NORTE;SUDESTE/CENTRO-OESTE;2400.464
2024-09-26 18:00:00;NORTE;SUDESTE/CENTRO-OESTE;3438.505
2024-09-26 19:00:00;NORTE;SUDESTE/CENTRO-OESTE;3934.222
2024-09-26 20:00:00;NORTE;SUDESTE/CENTRO-OESTE;3005.437
2024-09-26 21:00:00;NORTE;SUDESTE/CENTRO-OESTE;2493.13299999
2024-09-26 22:00:00;NORTE;SUDESTE/CENTRO-OESTE;2464.369
2024-09-26 23:00:00;NORTE;SUDESTE/CENTRO-OESTE;2211.942
2024-09-27 00:00:00;NORTE;SUDESTE/CENTRO-OESTE;1985.265
2024-09-27 01:00:00;NORTE;SUDESTE/CENTRO-OESTE;1784.282
2024-09-27 02:00:00;NORTE;SUDESTE/CENTRO-OESTE;1820.36
2024-09-27 03:00:00;NORTE;SUDESTE/CENTRO-OESTE;1822.083
2024-09-27 04:00:00;NORTE;SUDESTE/CENTRO-OESTE;1729.548
2024-09-27 05:00:00;NORTE;SUDESTE/CENTRO-OESTE;1772.153
2024-09-27 06:00:00;NORTE;SUDESTE/CENTRO-OESTE;2584.535
2024-09-27 07:00:00;NORTE;SUDESTE/CENTRO-OESTE;3232.658
2024-09-27 08:00:00;NORTE;SUDESTE/CENTRO-OESTE;3046.386
2024-09-27 09:00:00;NORTE;SUDESTE/CENTRO-OESTE;2803.383
2024-09-27 10:00:00;NORTE;SUDESTE/CENTRO-OESTE;2381.331
2024-09-27 11:00:00;NORTE;SUDESTE/CENTRO-OESTE;2629.429
2024-09-27 12:00:00;NORTE;SUDESTE/CENTRO-OESTE;2679.762
2024-09-27 13:00:00;NORTE;SUDESTE/CENTRO-OESTE;1955.212
2024-09-27 14:00:00;NORTE;SUDESTE/CENTRO-OESTE;1652.986
2024-09-27 15:00:00;NORTE;SUDESTE/CENTRO-OESTE;1487.212
2024-09-27 16:00:00;NORTE;SUDESTE/CENTRO-OESTE;877.867
2024-09-27 17:00:00;NORTE;SUDESTE/CENTRO-OESTE;932.721
2024-09-27 18:00:00;NORTE;SUDESTE/CENTRO-OESTE;2122.458
2024-09-27 19:00:00;NORTE;SUDESTE/CENTRO-OESTE;2230.26699999
2024-09-27 20:00:00;NORTE;SUDESTE/CENTRO-OESTE;1873.227
2024-09-27 21:00:00;NORTE;SUDESTE/CENTRO-OESTE;1613.345
2024-09-27 22:00:00;NORTE;SUDESTE/CENTRO-OESTE;1721.971
2024-09-27 23:00:00;NORTE;SUDESTE/CENTRO-OESTE;1694.749
2024-09-28 00:00:00;NORTE;SUDESTE/CENTRO-OESTE;1223.679
2024-09-28 01:00:00;NORTE;SUDESTE/CENTRO-OESTE;804.867
2024-09-28 02:00:00;NORTE;SUDESTE/CENTRO-OESTE;1019.613
2024-09-28 03:00:00;NORTE;SUDESTE/CENTRO-OESTE;1074.556
2024-09-28 04:00:00;NORTE;SUDESTE/CENTRO-OESTE;1037.401
2024-09-28 05:00:00;NORTE;SUDESTE/CENTRO-OESTE;1158.636
2024-09-28 06:00:00;NORTE;SUDESTE/CENTRO-OESTE;2121.021
2024-09-28 07:00:00;NORTE;SUDESTE/CENTRO-OESTE;2660.779
2024-09-28 08:00:00;NORTE;SUDESTE/CENTRO-OESTE;2761.17
2024-09-28 09:00:00;NORTE;SUDESTE/CENTRO-OESTE;2489.294
2024-09-28 10:00:00;NORTE;SUDESTE/CENTRO-OESTE;2391.111
2024-09-28 11:00:00;NORTE;SUDESTE/CENTRO-OESTE;2274.911
2024-09-28 12:00:00;NORTE;SUDESTE/CENTRO-OESTE;2228.963
2024-09-28 13:00:00;NORTE;SUDESTE/CENTRO-OESTE;2204.23999999
2024-09-28 14:00:00;NORTE;SUDESTE/CENTRO-OESTE;2004.914
2024-09-28 15:00:00;NORTE;SUDESTE/CENTRO-OESTE;1541.564
2024-09-28 16:00:00;NORTE;SUDESTE/CENTRO-OESTE;955.54
2024-09-28 17:00:00;NORTE;SUDESTE/CENTRO-OESTE;998.869
2024-09-28 18:00:00;NORTE;SUDESTE/CENTRO-OESTE;2429.678
2024-09-28 19:00:00;NORTE;SUDESTE/CENTRO-OESTE;3157.237
2024-09-28 20:00:00;NORTE;SUDESTE/CENTRO-OESTE;1986.98
2024-09-28 21:00:00;NORTE;SUDESTE/CENTRO-OESTE;1677.387
2024-09-28 22:00:00;NORTE;SUDESTE/CENTRO-OESTE;1097.713
2024-09-28 23:00:00;NORTE;SUDESTE/CENTRO-OESTE;859.68499999
2024-09-29 00:00:00;NORTE;SUDESTE/CENTRO-OESTE;1009.322
2024-09-29 01:00:00;NORTE;SUDESTE/CENTRO-OESTE;988.195
2024-09-29 02:00:00;NORTE;SUDESTE/CENTRO-OESTE;1153.464
2024-09-29 03:00:00;NORTE;SUDESTE/CENTRO-OESTE;1235.895
2024-09-29 04:00:00;NORTE;SUDESTE/CENTRO-OESTE;1290.08099999
2024-09-29 05:00:00;NORTE;SUDESTE/CENTRO-OESTE;1428.828
2024-09-29 06:00:00;NORTE;SUDESTE/CENTRO-OESTE;1609.613
2024-09-29 07:00:00;NORTE;SUDESTE/CENTRO-OESTE;1540.504
2024-09-29 08:00:00;NORTE;SUDESTE/CENTRO-OESTE;824.026
2024-09-29 09:00:00;NORTE;SUDESTE/CENTRO-OESTE;-31.28
2024-09-29 10:00:00;NORTE;SUDESTE/CENTRO-OESTE;-351.903
2024-09-29 11:00:00;NORTE;SUDESTE/CENTRO-OESTE;-333.625
2024-09-29 12:00:00;NORTE;SUDESTE/CENTRO-OESTE;-375.741
2024-09-29 13:00:00;NORTE;SUDESTE/CENTRO-OESTE;-463.976
2024-09-29 14:00:00;NORTE;SUDESTE/CENTRO-OESTE;-358.005
2024-09-29 15:00:00;NORTE;SUDESTE/CENTRO-OESTE;25.839
2024-09-29 16:00:00;NORTE;SUDESTE/CENTRO-OESTE;445.102
2024-09-29 17:00:00;NORTE;SUDESTE/CENTRO-OESTE;1290.60899999
2024-09-29 18:00:00;NORTE;SUDESTE/CENTRO-OESTE;2279.482
2024-09-29 19:00:00;NORTE;SUDESTE/CENTRO-OESTE;2586.723
2024-09-29 20:00:00;NORTE;SUDESTE/CENTRO-OESTE;1884.442
2024-09-29 21:00:00;NORTE;SUDESTE/CENTRO-OESTE;1354.26
2024-09-29 22:00:00;NORTE;SUDESTE/CENTRO-OESTE;1035.24
2024-09-29 23:00:00;NORTE;SUDESTE/CENTRO-OESTE;1086.366
2024-09-30 00:00:00;NORTE;SUDESTE/CENTRO-OESTE;1130.498
2024-09-30 01:00:00;NORTE;SUDESTE/CENTRO-OESTE;1122.281
2024-09-30 02:00:00;NORTE;SUDESTE/CENTRO-OESTE;1260.268
2024-09-30 03:00:00;NORTE;SUDESTE/CENTRO-OESTE;1420.954
2024-09-30 04:00:00;NORTE;SUDESTE/CENTRO-OESTE;1480.926
2024-09-30 05:00:00;NORTE;SUDESTE/CENTRO-OESTE;1756.503
2024-09-30 06:00:00;NORTE;SUDESTE/CENTRO-OESTE;2523.079
2024-09-30 07:00:00;NORTE;SUDESTE/CENTRO-OESTE;3053.833
2024-09-30 08:00:00;NORTE;SUDESTE/CENTRO-OESTE;3415.96099999
2024-09-30 09:00:00;NORTE;SUDESTE/CENTRO-OESTE;3603.004
2024-09-30 10:00:00;NORTE;SUDESTE/CENTRO-OESTE;3631.63
2024-09-30 11:00:00;NORTE;SUDESTE/CENTRO-OESTE;3567.134
2024-09-30 12:00:00;NORTE;SUDESTE/CENTRO-OESTE;3565.886
2024-09-30 13:00:00;NORTE;SUDESTE/CENTRO-OESTE;3043.608
2024-09-30 14:00:00;NORTE;SUDESTE/CENTRO-OESTE;2657.59499999
2024-09-30 15:00:00;NORTE;SUDESTE/CENTRO-OESTE;2297.672
2024-09-30 16:00:00;NORTE;SUDESTE/CENTRO-OESTE;2273.17299999
2024-09-30 17:00:00;NORTE;SUDESTE/CENTRO-OESTE;2654.996
2024-09-30 18:00:00;NORTE;SUDESTE/CENTRO-OESTE;3248.53
2024-09-30 19:00:00;NORTE;SUDESTE/CENTRO-OESTE;3110.93
2024-09-30 20:00:00;NORTE;SUDESTE/CENTRO-OESTE;2769.42
2024-09-30 21:00:00;NORTE;SUDESTE/CENTRO-OESTE;2081.041
2024-09-30 22:00:00;NORTE;SUDESTE/CENTRO-OESTE;2013.675
2024-09-30 23:00:00;NORTE;SUDESTE/CENTRO-OESTE;2049.094
2024-10-01 00:00:00;NORTE;SUDESTE/CENTRO-OESTE;1193.382
2024-10-01 01:00:00;NORTE;SUDESTE/CENTRO-OESTE;1207.858
2024-10-01 02:00:00;NORTE;SUDESTE/CENTRO-OESTE;1319.79299999
2024-10-01 03:00:00;NORTE;SUDESTE/CENTRO-OESTE;1532.367
2024-10-01 04:00:00;NORTE;SUDESTE/CENTRO-OESTE;1693.065
2024-10-01 05:00:00;NORTE;SUDESTE/CENTRO-OESTE;1826.856
2024-10-01 06:00:00;NORTE;SUDESTE/CENTRO-OESTE;2515.859
2024-10-01 07:00:00;NORTE;SUDESTE/CENTRO-OESTE;2547.09299999
2024-10-01 08:00:00;NORTE;SUDESTE/CENTRO-OESTE;3369.467
2024-10-01 09:00:00;NORTE;SUDESTE/CENTRO-OESTE;3563.445
2024-10-01 10:00:00;NORTE;SUDESTE/CENTRO-OESTE;3473.505
2024-10-01 11:00:00;NORTE;SUDESTE/CENTRO-OESTE;3269.17299999
2024-10-01 12:00:00;NORTE;SUDESTE/CENTRO-OESTE;3298.257
2024-10-01 13:00:00;NORTE;SUDESTE/CENTRO-OESTE;3430.99899999
2024-10-01 14:00:00;NORTE;SUDESTE/CENTRO-OESTE;3258.17299999
2024-10-01 15:00:00;NORTE;SUDESTE/CENTRO-OESTE;2612.977
2024-10-01 16:00:00;NORTE;SUDESTE/CENTRO-OESTE;2339.24699999
2024-10-01 17:00:00;NORTE;SUDESTE/CENTRO-OESTE;1872.378
2024-10-01 18:00:00;NORTE;SUDESTE/CENTRO-OESTE;2738.041
2024-10-01 19:00:00;NORTE;SUDESTE/CENTRO-OESTE;3462.194
2024-10-01 20:00:00;NORTE;SUDESTE/CENTRO-OESTE;2844.87
2024-10-01 21:00:00;NORTE;SUDESTE/CENTRO-OESTE;2111.609
2024-10-01 22:00:00;NORTE;SUDESTE/CENTRO-OESTE;2094.406
2024-10-01 23:00:00;NORTE;SUDESTE/CENTRO-OESTE;2310.351
2024-10-02 00:00:00;NORTE;SUDESTE/CENTRO-OESTE;2240.969
2024-10-02 01:00:00;NORTE;SUDESTE/CENTRO-OESTE;1818.403
2024-10-02 02:00:00;NORTE;SUDESTE/CENTRO-OESTE;1668.055
2024-10-02 03:00:00;NORTE;SUDESTE/CENTRO-OESTE;1728.33
2024-10-02 04:00:00;NORTE;SUDESTE/CENTRO-OESTE;1681.387
2024-10-02 05:00:00;NORTE;SUDESTE/CENTRO-OESTE;1988.952
2024-10-02 06:00:00;NORTE;SUDESTE/CENTRO-OESTE;2763.219
2024-10-02 07:00:00;NORTE;SUDESTE/CENTRO-OESTE;2766.952
2024-10-02 08:00:00;NORTE;SUDESTE/CENTRO-OESTE;3072.246
2024-10-02 09:00:00;NORTE;SUDESTE/CENTRO-OESTE;3605.11
2024-10-02 10:00:00;NORTE;SUDESTE/CENTRO-OESTE;3704.866
2024-10-02 11:00:00;NORTE;SUDESTE/CENTRO-OESTE;3811.505
2024-10-02 12:00:00;NORTE;SUDESTE/CENTRO-OESTE;4333.86899999
2024-10-02 13:00:00;NORTE;SUDESTE/CENTRO-OESTE;4184.265
2024-10-02 14:00:00;NORTE;SUDESTE/CENTRO-OESTE;3972.651
2024-10-02 15:00:00;NORTE;SUDESTE/CENTRO-OESTE;3268.398
2024-10-02 16:00:00;NORTE;SUDESTE/CENTRO-OESTE;2675.73799999
2024-10-02 17:00:00;NORTE;SUDESTE/CENTRO-OESTE;2791.228
2024-10-02 18:00:00;NORTE;SUDESTE/CENTRO-OESTE;3300.49899999
2024-10-02 19:00:00;NORTE;SUDESTE/CENTRO-OESTE;3389.05699999
2024-10-02 20:00:00;NORTE;SUDESTE/CENTRO-OESTE;3221.369
2024-10-02 21:00:00;NORTE;SUDESTE/CENTRO-OESTE;2692.286
2024-10-02 22:00:00;NORTE;SUDESTE/CENTRO-OESTE;2579.347
2024-10-02 23:00:00;NORTE;SUDESTE/CENTRO-OESTE;2539.76699999
2024-10-03 00:00:00;NORTE;SUDESTE/CENTRO-OESTE;2663.10399999
2024-10-03 01:00:00;NORTE;SUDESTE/CENTRO-OESTE;2224.955
2024-10-03 02:00:00;NORTE;SUDESTE/CENTRO-OESTE;2444.531
2024-10-03 03:00:00;NORTE;SUDESTE/CENTRO-OESTE;2409.809
2024-10-03 04:00:00;NORTE;SUDESTE/CENTRO-OESTE;1949.558
2024-10-03 05:00:00;NORTE;SUDESTE/CENTRO-OESTE;2087.66
2024-10-03 06:00:00;NORTE;SUDESTE/CENTRO-OESTE;2706.698
2024-10-03 07:00:00;NORTE;SUDESTE/CENTRO-OESTE;2962.36
2024-10-03 08:00:00;NORTE;SUDESTE/CENTRO-OESTE;3115.924
2024-10-03 09:00:00;NORTE;SUDESTE/CENTRO-OESTE;3319.568
2024-10-03 10:00:00;NORTE;SUDESTE/CENTRO-OESTE;3422.011
2024-10-03 11:00:00;NORTE;SUDESTE/CENTRO-OESTE;3437.626
2024-10-03 12:00:00;NORTE;SUDESTE/CENTRO-OESTE;3359.833
2024-10-03 13:00:00;NORTE;SUDESTE/CENTRO-OESTE;2950.347
2024-10-03 14:00:00;NORTE;SUDESTE/CENTRO-OESTE;2738.458
2024-10-03 15:00:00;NORTE;SUDESTE/CENTRO-OESTE;2299.478
2024-10-03 16:00:00;NORTE;SUDESTE/CENTRO-OESTE;1933.452
2024-10-03 17:00:00;NORTE;SUDESTE/CENTRO-OESTE;1867.11
2024-10-03 18:00:00;NORTE;SUDESTE/CENTRO-OESTE;3004.94
2024-10-03 19:00:00;NORTE;SUDESTE/CENTRO-OESTE;3556.834
2024-10-03 20:00:00;NORTE;SUDESTE/CENTRO-OESTE;3552.951
2024-10-03 21:00:00;NORTE;SUDESTE/CENTRO-OESTE;3161.443
2024-10-03 22:00:00;NORTE;SUDESTE/CENTRO-OESTE;2604.78699999
2024-10-03 23:00:00;NORTE;SUDESTE/CENTRO-OESTE;2211.28
2024-10-04 00:00:00;NORTE;SUDESTE/CENTRO-OESTE;1832.048
2024-10-04 01:00:00;NORTE;SUDESTE/CENTRO-OESTE;1594.008
2024-10-04 02:00:00;NORTE;SUDESTE/CENTRO-OESTE;1737.585
2024-10-04 03:00:00;NORTE;SUDESTE/CENTRO-OESTE;1678.967
2024-10-04 04:00:00;NORTE;SUDESTE/CENTRO-OESTE;1707.574
2024-10-04 05:00:00;NORTE;SUDESTE/CENTRO-OESTE;1942.333
2024-10-04 06:00:00;NORTE;SUDESTE/CENTRO-OESTE;2581.48999999
2024-10-04 07:00:00;NORTE;SUDESTE/CENTRO-OESTE;2827.61499999
2024-10-04 08:00:00;NORTE;SUDESTE/CENTRO-OESTE;2977.868
2024-10-04 09:00:00;NORTE;SUDESTE/CENTRO-OESTE;3169.514
2024-10-04 10:00:00;NORTE;SUDESTE/CENTRO-OESTE;2975.052
2024-10-04 11:00:00;NORTE;SUDESTE/CENTRO-OESTE;2583.234
2024-10-04 12:00:00;NORTE;SUDESTE/CENTRO-OESTE;2331.704
2024-10-04 13:00:00;NORTE;SUDESTE/CENTRO-OESTE;2120.054
2024-10-04 14:00:00;NORTE;SUDESTE/CENTRO-OESTE;1826.267
2024-10-04 15:00:00;NORTE;SUDESTE/CENTRO-OESTE;1674.547
2024-10-04 16:00:00;NORTE;SUDESTE/CENTRO-OESTE;1698.785
2024-10-04 17:00:00;NORTE;SUDESTE/CENTRO-OESTE;1710.423
2024-10-04 18:00:00;NORTE;SUDESTE/CENTRO-OESTE;2898.045
2024-10-04 19:00:00;NORTE;SUDESTE/CENTRO-OESTE;2997.137
2024-10-04 20:00:00;NORTE;SUDESTE/CENTRO-OESTE;2787.228
2024-10-04 21:00:00;NORTE;SUDESTE/CENTRO-OESTE;2243.65099999
2024-10-04 22:00:00;NORTE;SUDESTE/CENTRO-OESTE;1848.944
2024-10-04 23:00:00;NORTE;SUDESTE/CENTRO-OESTE;1588.867
2024-10-05 00:00:00;NORTE;SUDESTE/CENTRO-OESTE;1453.48499999
2024-10-05 01:00:00;NORTE;SUDESTE/CENTRO-OESTE;1101.009
2024-10-05 02:00:00;NORTE;SUDESTE/CENTRO-OESTE;1024.603
2024-10-05 03:00:00;NORTE;SUDESTE/CENTRO-OESTE;1009.288
2024-10-05 04:00:00;NORTE;SUDESTE/CENTRO-OESTE;998.482
2024-10-05 05:00:00;NORTE;SUDESTE/CENTRO-OESTE;1373.199
2024-10-05 06:00:00;NORTE;SUDESTE/CENTRO-OESTE;2321.234
2024-10-05 07:00:00;NORTE;SUDESTE/CENTRO-OESTE;2531.315
2024-10-05 08:00:00;NORTE;SUDESTE/CENTRO-OESTE;2163.49899999
2024-10-05 09:00:00;NORTE;SUDESTE/CENTRO-OESTE;1688.005
2024-10-05 10:00:00;NORTE;SUDESTE/CENTRO-OESTE;1330.568
2024-10-05 11:00:00;NORTE;SUDESTE/CENTRO-OESTE;1119.519
2024-10-05 12:00:00;NORTE;SUDESTE/CENTRO-OESTE;1278.688
2024-10-05 13:00:00;NORTE;SUDESTE/CENTRO-OESTE;1383.35
2024-10-05 14:00:00;NORTE;SUDESTE/CENTRO-OESTE;1682.241
2024-10-05 15:00:00;NORTE;SUDESTE/CENTRO-OESTE;1927.185
2024-10-05 16:00:00;NORTE;SUDESTE/CENTRO-OESTE;1578.393
2024-10-05 17:00:00;NORTE;SUDESTE/CENTRO-OESTE;1818.553
2024-10-05 18:00:00;NORTE;SUDESTE/CENTRO-OESTE;3057.463
2024-10-05 19:00:00;NORTE;SUDESTE/CENTRO-OESTE;3211.825
2024-10-05 20:00:00;NORTE;SUDESTE/CENTRO-OESTE;2022.537
2024-10-05 21:00:00;NORTE;SUDESTE/CENTRO-OESTE;1896.607
2024-10-05 22:00:00;NORTE;SUDESTE/CENTRO-OESTE;1440.11999999
2024-10-05 23:00:00;NORTE;SUDESTE/CENTRO-OESTE;1289.116
2024-10-06 00:00:00;NORTE;SUDESTE/CENTRO-OESTE;1158.006
2024-10-06 01:00:00;NORTE;SUDESTE/CENTRO-OESTE;1306.204
2024-10-06 02:00:00;NORTE;SUDESTE/CENTRO-OESTE;1493.829
2024-10-06 03:00:00;NORTE;SUDESTE/CENTRO-OESTE;1492.24
2024-10-06 04:00:00;NORTE;SUDESTE/CENTRO-OESTE;1504.994
2024-10-06 05:00:00;NORTE;SUDESTE/CENTRO-OESTE;1651.942
2024-10-06 06:00:00;NORTE;SUDESTE/CENTRO-OESTE;2095.137
2024-10-06 07:00:00;NORTE;SUDESTE/CENTRO-OESTE;1838.395
2024-10-06 08:00:00;NORTE;SUDESTE/CENTRO-OESTE;1462.021
2024-10-06 09:00:00;NORTE;SUDESTE/CENTRO-OESTE;1063.69699999
2024-10-06 10:00:00;NORTE;SUDESTE/CENTRO-OESTE;697.892
2024-10-06 11:00:00;NORTE;SUDESTE/CENTRO-OESTE;673.441
2024-10-06 12:00:00;NORTE;SUDESTE/CENTRO-OESTE;654.47799999
2024-10-06 13:00:00;NORTE;SUDESTE/CENTRO-OESTE;722.513
2024-10-06 14:00:00;NORTE;SUDESTE/CENTRO-OESTE;1093.56099999
2024-10-06 15:00:00;NORTE;SUDESTE/CENTRO-OESTE;2165.232
2024-10-06 16:00:00;NORTE;SUDESTE/CENTRO-OESTE;2814.482
2024-10-06 17:00:00;NORTE;SUDESTE/CENTRO-OESTE;1793.902
2024-10-06 18:00:00;NORTE;SUDESTE/CENTRO-OESTE;2141.163
2024-10-06 19:00:00;NORTE;SUDESTE/CENTRO-OESTE;2343.679
2024-10-06 20:00:00;NORTE;SUDESTE/CENTRO-OESTE;1921.532
2024-10-06 21:00:00;NORTE;SUDESTE/CENTRO-OESTE;1558.334
2024-10-06 22:00:00;NORTE;SUDESTE/CENTRO-OESTE;1625.984
2024-10-06 23:00:00;NORTE;SUDESTE/CENTRO-OESTE;1267.401
2024-10-07 00:00:00;NORTE;SUDESTE/CENTRO-OESTE;1161.797
2024-10-07 01:00:00;NORTE;SUDESTE/CENTRO-OESTE;818.978
2024-10-07 02:00:00;NORTE;SUDESTE/CENTRO-OESTE;773.67
2024-10-07 03:00:00;NORTE;SUDESTE/CENTRO-OESTE;762.13699999
2024-10-07 04:00:00;NORTE;SUDESTE/CENTRO-OESTE;917.953
2024-10-07 05:00:00;NORTE;SUDESTE/CENTRO-OESTE;1017.224
2024-10-07 06:00:00;NORTE;SUDESTE/CENTRO-OESTE;2083.10399999
2024-10-07 07:00:00;NORTE;SUDESTE/CENTRO-OESTE;3261.911
2024-10-07 08:00:00;NORTE;SUDESTE/CENTRO-OESTE;2960.48
2024-10-07 09:00:00;NORTE;SUDESTE/CENTRO-OESTE;2565.79
2024-10-07 10:00:00;NORTE;SUDESTE/CENTRO-OESTE;2602.05699999
2024-10-07 11:00:00;NORTE;SUDESTE/CENTRO-OESTE;2582.754
2024-10-07 12:00:00;NORTE;SUDESTE/CENTRO-OESTE;2630.64199999
2024-10-07 13:00:00;NORTE;SUDESTE/CENTRO-OESTE;2779.62399999
2024-10-07 14:00:00;NORTE;SUDESTE/CENTRO-OESTE;2415.21799999
2024-10-07 15:00:00;NORTE;SUDESTE/CENTRO-OESTE;2351.62399999
2024-10-07 16:00:00;NORTE;SUDESTE/CENTRO-OESTE;2257.62
2024-10-07 17:00:00;NORTE;SUDESTE/CENTRO-OESTE;3202.238
2024-10-07 18:00:00;NORTE;SUDESTE/CENTRO-OESTE;4120.926
2024-10-07 19:00:00;NORTE;SUDESTE/CENTRO-OESTE;4144.575
2024-10-07 20:00:00;NORTE;SUDESTE/CENTRO-OESTE;3110.26899999
2024-10-07 21:00:00;NORTE;SUDESTE/CENTRO-OESTE;2086.15299999
2024-10-07 22:00:00;NORTE;SUDESTE/CENTRO-OESTE;1911.629
2024-10-07 23:00:00;NORTE;SUDESTE/CENTRO-OESTE;1789.607
2024-10-08 00:00:00;NORTE;SUDESTE/CENTRO-OESTE;1752.78
2024-10-08 01:00:00;NORTE;SUDESTE/CENTRO-OESTE;1879.91
2024-10-08 02:00:00;NORTE;SUDESTE/CENTRO-OESTE;1554.125
2024-10-08 03:00:00;NORTE;SUDESTE/CENTRO-OESTE;1083.634
2024-10-08 04:00:00;NORTE;SUDESTE/CENTRO-OESTE;735.892
2024-10-08 05:00:00;NORTE;SUDESTE/CENTRO-OESTE;917.597
2024-10-08 06:00:00;NORTE;SUDESTE/CENTRO-OESTE;1877.284
2024-10-08 07:00:00;NORTE;SUDESTE/CENTRO-OESTE;2930.726
2024-10-08 08:00:00;NORTE;SUDESTE/CENTRO-OESTE;2771.842
2024-10-08 09:00:00;NORTE;SUDESTE/CENTRO-OESTE;2605.756
2024-10-08 10:00:00;NORTE;SUDESTE/CENTRO-OESTE;2172.88299999
2024-10-08 11:00:00;NORTE;SUDESTE/CENTRO-OESTE;2375.32499999
2024-10-08 12:00:00;NORTE;SUDESTE/CENTRO-OESTE;2739.14
2024-10-08 13:00:00;NORTE;SUDESTE/CENTRO-OESTE;2677.87
2024-10-08 14:00:00;NORTE;SUDESTE/CENTRO-OESTE;2589.806
2024-10-08 15:00:00;NORTE;SUDESTE/CENTRO-OESTE;1926.471
2024-10-08 16:00:00;NORTE;SUDESTE/CENTRO-OESTE;1833.244
2024-10-08 17:00:00;NORTE;SUDESTE/CENTRO-OESTE;2185.119
2024-10-08 18:00:00;NORTE;SUDESTE/CENTRO-OESTE;2913.668
2024-10-08 19:00:00;NORTE;SUDESTE/CENTRO-OESTE;3262.598
2024-10-08 20:00:00;NORTE;SUDESTE/CENTRO-OESTE;2220.184
2024-10-08 21:00:00;NORTE;SUDESTE/CENTRO-OESTE;1794.18
2024-10-08 22:00:00;NORTE;SUDESTE/CENTRO-OESTE;1197.232
2024-10-08 23:00:00;NORTE;SUDESTE/CENTRO-OESTE;704.011
2024-10-09 00:00:00;NORTE;SUDESTE/CENTRO-OESTE;-17.561
2024-10-09 01:00:00;NORTE;SUDESTE/CENTRO-OESTE;-141.266
2024-10-09 02:00:00;NORTE;SUDESTE/CENTRO-OESTE;-9.55899999
2024-10-09 03:00:00;NORTE;SUDESTE/CENTRO-OESTE;-32.999
2024-10-09 04:00:00;NORTE;SUDESTE/CENTRO-OESTE;69.59999999
2024-10-09 05:00:00;NORTE;SUDESTE/CENTRO-OESTE;512.261
2024-10-09 06:00:00;NORTE;SUDESTE/CENTRO-OESTE;1443.546
2024-10-09 07:00:00;NORTE;SUDESTE/CENTRO-OESTE;1704.279
2024-10-09 08:00:00;NORTE;SUDESTE/CENTRO-OESTE;1803.363
2024-10-09 09:00:00;NORTE;SUDESTE/CENTRO-OESTE;1656.933
2024-10-09 10:00:00;NORTE;SUDESTE/CENTRO-OESTE;1381.315
2024-10-09 11:00:00;NORTE;SUDESTE/CENTRO-OESTE;1586.516
2024-10-09 12:00:00;NORTE;SUDESTE/CENTRO-OESTE;1633.79
2024-10-09 13:00:00;NORTE;SUDESTE/CENTRO-OESTE;1403.002
2024-10-09 14:00:00;NORTE;SUDESTE/CENTRO-OESTE;970.5
2024-10-09 15:00:00;NORTE;SUDESTE/CENTRO-OESTE;1084.991
2024-10-09 16:00:00;NORTE;SUDESTE/CENTRO-OESTE;1612.589
2024-10-09 17:00:00;NORTE;SUDESTE/CENTRO-OESTE;1411.076
2024-10-09 18:00:00;NORTE;SUDESTE/CENTRO-OESTE;2914.763
2024-10-09 19:00:00;NORTE;SUDESTE/CENTRO-OESTE;3008.484
2024-10-09 20:00:00;NORTE;SUDESTE/CENTRO-OESTE;2367.93199999
2024-10-09 21:00:00;NORTE;SUDESTE/CENTRO-OESTE;1399.41799999
2024-10-09 22:00:00;NORTE;SUDESTE/CENTRO-OESTE;426.199
2024-10-09 23:00:00;NORTE;SUDESTE/CENTRO-OESTE;-248.226
2024-10-10 00:00:00;NORTE;SUDESTE/CENTRO-OESTE;-1170.96599999
2024-10-10 01:00:00;NORTE;SUDESTE/CENTRO-OESTE;-1803.472
2024-10-10 02:00:00;NORTE;SUDESTE/CENTRO-OESTE;-2136.924
2024-10-10 03:00:00;NORTE;SUDESTE/CENTRO-OESTE;-1683.619
2024-10-10 04:00:00;NORTE;SUDESTE/CENTRO-OESTE;-1386.307
2024-10-10 05:00:00;NORTE;SUDESTE/CENTRO-OESTE;-708.307
2024-10-10 06:00:00;NORTE;SUDESTE/CENTRO-OESTE;603.102
2024-10-10 07:00:00;NORTE;SUDESTE/CENTRO-OESTE;1918.887
2024-10-10 08:00:00;NORTE;SUDESTE/CENTRO-OESTE;2540.198
2024-10-10 09:00:00;NORTE;SUDESTE/CENTRO-OESTE;2736.32499999
2024-10-10 10:00:00;NORTE;SUDESTE/CENTRO-OESTE;2736.893
2024-10-10 11:00:00;NORTE;SUDESTE/CENTRO-OESTE;2512.851
2024-10-10 12:00:00;NORTE;SUDESTE/CENTRO-OESTE;2265.628
2024-10-10 13:00:00;NORTE;SUDESTE/CENTRO-OESTE;2065.387
2024-10-10 14:00:00;NORTE;SUDESTE/CENTRO-OESTE;1942.908
2024-10-10 15:00:00;NORTE;SUDESTE/CENTRO-OESTE;1626.089
2024-10-10 16:00:00;NORTE;SUDESTE/CENTRO-OESTE;1424.778
2024-10-10 17:00:00;NORTE;SUDESTE/CENTRO-OESTE;1472.476
2024-10-10 18:00:00;NORTE;SUDESTE/CENTRO-OESTE;3238.856
2024-10-10 19:00:00;NORTE;SUDESTE/CENTRO-OESTE;3463.687
2024-10-10 20:00:00;NORTE;SUDESTE/CENTRO-OESTE;2418.598
2024-10-10 21:00:00;NORTE;SUDESTE/CENTRO-OESTE;1818.09099999
2024-10-10 22:00:00;NORTE;SUDESTE/CENTRO-OESTE;1782.935
2024-10-10 23:00:00;NORTE;SUDESTE/CENTRO-OESTE;1573.109
2024-10-11 00:00:00;NORTE;SUDESTE/CENTRO-OESTE;1138.759
2024-10-11 01:00:00;NORTE;SUDESTE/CENTRO-OESTE;1173.413
2024-10-11 02:00:00;NORTE;SUDESTE/CENTRO-OESTE;1306.344
2024-10-11 03:00:00;NORTE;SUDESTE/CENTRO-OESTE;1353.53
2024-10-11 04:00:00;NORTE;SUDESTE/CENTRO-OESTE;1315.328
2024-10-11 05:00:00;NORTE;SUDESTE/CENTRO-OESTE;1386.645
2024-10-11 06:00:00;NORTE;SUDESTE/CENTRO-OESTE;2094.04599999
2024-10-11 07:00:00;NORTE;SUDESTE/CENTRO-OESTE;2681.59
2024-10-11 08:00:00;NORTE;SUDESTE/CENTRO-OESTE;2760.959
2024-10-11 09:00:00;NORTE;SUDESTE/CENTRO-OESTE;2819.646
2024-10-11 10:00:00;NORTE;SUDESTE/CENTRO-OESTE;2991.188
2024-10-11 11:00:00;NORTE;SUDESTE/CENTRO-OESTE;2842.702
2024-10-11 12:00:00;NORTE;SUDESTE/CENTRO-OESTE;2412.60399999
2024-10-11 13:00:00;NORTE;SUDESTE/CENTRO-OESTE;2368.451
2024-10-11 14:00:00;NORTE;SUDESTE/CENTRO-OESTE;2586.268
2024-10-11 15:00:00;NORTE;SUDESTE/CENTRO-OESTE;2160.877
2024-10-11 16:00:00;NORTE;SUDESTE/CENTRO-OESTE;1704.459
2024-10-11 17:00:00;NORTE;SUDESTE/CENTRO-OESTE;1604.777
2024-10-11 18:00:00;NORTE;SUDESTE/CENTRO-OESTE;2443.20899999
2024-10-11 19:00:00;NORTE;SUDESTE/CENTRO-OESTE;2516.257
2024-10-11 20:00:00;NORTE;SUDESTE/CENTRO-OESTE;1516.432
2024-10-11 21:00:00;NORTE;SUDESTE/CENTRO-OESTE;1363.443
2024-10-11 22:00:00;NORTE;SUDESTE/CENTRO-OESTE;1007.953
2024-10-11 23:00:00;NORTE;SUDESTE/CENTRO-OESTE;881.928
2024-10-12 00:00:00;NORTE;SUDESTE/CENTRO-OESTE;762.056
2024-10-12 01:00:00;NORTE;SUDESTE/CENTRO-OESTE;818.275
2024-10-12 02:00:00;NORTE;SUDESTE/CENTRO-OESTE;1174.77399999
2024-10-12 03:00:00;NORTE;SUDESTE/CENTRO-OESTE;1187.012
2024-10-12 04:00:00;NORTE;SUDESTE/CENTRO-OESTE;1264.28299999
2024-10-12 05:00:00;NORTE;SUDESTE/CENTRO-OESTE;1717.781
2024-10-12 06:00:00;NORTE;SUDESTE/CENTRO-OESTE;2135.579
2024-10-12 07:00:00;NORTE;SUDESTE/CENTRO-OESTE;1927.124
2024-10-12 08:00:00;NORTE;SUDESTE/CENTRO-OESTE;2030.269
2024-10-12 09:00:00;NORTE;SUDESTE/CENTRO-OESTE;1937.699
2024-10-12 10:00:00;NORTE;SUDESTE/CENTRO-OESTE;1788.999
2024-10-12 11:00:00;NORTE;SUDESTE/CENTRO-OESTE;1684.884
2024-10-12 12:00:00;NORTE;SUDESTE/CENTRO-OESTE;1573.96
2024-10-12 13:00:00;NORTE;SUDESTE/CENTRO-OESTE;1478.857
2024-10-12 14:00:00;NORTE;SUDESTE/CENTRO-OESTE;1380.623
2024-10-12 15:00:00;NORTE;SUDESTE/CENTRO-OESTE;1414.284
2024-10-12 16:00:00;NORTE;SUDESTE/CENTRO-OESTE;823.78099999
2024-10-12 17:00:00;NORTE;SUDESTE/CENTRO-OESTE;604.516
2024-10-12 18:00:00;NORTE;SUDESTE/CENTRO-OESTE;1259.47
2024-10-12 19:00:00;NORTE;SUDESTE/CENTRO-OESTE;1784.065
2024-10-12 20:00:00;NORTE;SUDESTE/CENTRO-OESTE;1526.955
2024-10-12 21:00:00;NORTE;SUDESTE/CENTRO-OESTE;1195.38899999
2024-10-12 22:00:00;NORTE;SUDESTE/CENTRO-OESTE;967.47
2024-10-12 23:00:00;NORTE;SUDESTE/CENTRO-OESTE;947.988
2024-10-13 00:00:00;NORTE;SUDESTE/CENTRO-OESTE;1064.592
2024-10-13 01:00:00;NORTE;SUDESTE/CENTRO-OESTE;1231.04299999
2024-10-13 02:00:00;NORTE;SUDESTE/CENTRO-OESTE;1486.497
2024-10-13 03:00:00;NORTE;SUDESTE/CENTRO-OESTE;1681.215
2024-10-13 04:00:00;NORTE;SUDESTE/CENTRO-OESTE;1730.9
2024-10-13 05:00:00;NORTE;SUDESTE/CENTRO-OESTE;1792.736
2024-10-13 06:00:00;NORTE;SUDESTE/CENTRO-OESTE;1563.236
2024-10-13 07:00:00;NORTE;SUDESTE/CENTRO-OESTE;861.563
2024-10-13 08:00:00;NORTE;SUDESTE/CENTRO-OESTE;403.004
2024-10-13 09:00:00;NORTE;SUDESTE/CENTRO-OESTE;8.185
2024-10-13 10:00:00;NORTE;SUDESTE/CENTRO-OESTE;-69.677
2024-10-13 11:00:00;NORTE;SUDESTE/CENTRO-OESTE;35.881
2024-10-13 12:00:00;NORTE;SUDESTE/CENTRO-OESTE;204.89599999
2024-10-13 13:00:00;NORTE;SUDESTE/CENTRO-OESTE;132.425
2024-10-13 14:00:00;NORTE;SUDESTE/CENTRO-OESTE;76.915
2024-10-13 15:00:00;NORTE;SUDESTE/CENTRO-OESTE;462.609
2024-10-13 16:00:00;NORTE;SUDESTE/CENTRO-OESTE;233.522
2024-10-13 17:00:00;NORTE;SUDESTE/CENTRO-OESTE;191.066
2024-10-13 18:00:00;NORTE;SUDESTE/CENTRO-OESTE;933.927
2024-10-13 19:00:00;NORTE;SUDESTE/CENTRO-OESTE;1476.9
2024-10-13 20:00:00;NORTE;SUDESTE/CENTRO-OESTE;923.535
2024-10-13 21:00:00;NORTE;SUDESTE/CENTRO-OESTE;526.114
2024-10-13 22:00:00;NORTE;SUDESTE/CENTRO-OESTE;480.711
2024-10-13 23:00:00;NORTE;SUDESTE/CENTRO-OESTE;417.82
2024-10-14 00:00:00;NORTE;SUDESTE/CENTRO-OESTE;392.239
2024-10-14 01:00:00;NORTE;SUDESTE/CENTRO-OESTE;461.88
2024-10-14 02:00:00;NORTE;SUDESTE/CENTRO-OESTE;930.712
2024-10-14 03:00:00;NORTE;SUDESTE/CENTRO-OESTE;1122.903
2024-10-14 04:00:00;NORTE;SUDESTE/CENTRO-OESTE;1357.157
2024-10-14 05:00:00;NORTE;SUDESTE/CENTRO-OESTE;1744.228
2024-10-14 06:00:00;NORTE;SUDESTE/CENTRO-OESTE;2507.371
2024-10-14 07:00:00;NORTE;SUDESTE/CENTRO-OESTE;2889.195
2024-10-14 08:00:00;NORTE;SUDESTE/CENTRO-OESTE;2670.871
2024-10-14 09:00:00;NORTE;SUDESTE/CENTRO-OESTE;2590.447
2024-10-14 10:00:00;NORTE;SUDESTE/CENTRO-OESTE;2498.821
2024-10-14 11:00:00;NORTE;SUDESTE/CENTRO-OESTE;2460.102
2024-10-14 12:00:00;NORTE;SUDESTE/CENTRO-OESTE;2194.123
2024-10-14 13:00:00;NORTE;SUDESTE/CENTRO-OESTE;2187.228
2024-10-14 14:00:00;NORTE;SUDESTE/CENTRO-OESTE;1927.0
2024-10-14 15:00:00;NORTE;SUDESTE/CENTRO-OESTE;1555.64
2024-10-14 16:00:00;NORTE;SUDESTE/CENTRO-OESTE;1432.798
2024-10-14 17:00:00;NORTE;SUDESTE/CENTRO-OESTE;1406.909
2024-10-14 18:00:00;NORTE;SUDESTE/CENTRO-OESTE;2152.91
2024-10-14 19:00:00;NORTE;SUDESTE/CENTRO-OESTE;2091.527
2024-10-14 20:00:00;NORTE;SUDESTE/CENTRO-OESTE;1205.036
2024-10-14 21:00:00;NORTE;SUDESTE/CENTRO-OESTE;739.295
2024-10-14 22:00:00;NORTE;SUDESTE/CENTRO-OESTE;685.686
2024-10-14 23:00:00;NORTE;SUDESTE/CENTRO-OESTE;379.382
2024-10-15 00:00:00;NORTE;SUDESTE/CENTRO-OESTE;-5.377
2024-10-15 01:00:00;NORTE;SUDESTE/CENTRO-OESTE;61.841
2024-10-15 02:00:00;NORTE;SUDESTE/CENTRO-OESTE;160.041
2024-10-15 03:00:00;NORTE;SUDESTE/CENTRO-OESTE;171.57499999
2024-10-15 04:00:00;NORTE;SUDESTE/CENTRO-OESTE;171.63999999
2024-10-15 05:00:00;NORTE;SUDESTE/CENTRO-OESTE;487.011
2024-10-15 06:00:00;NORTE;SUDESTE/CENTRO-OESTE;1950.976
2024-10-15 07:00:00;NORTE;SUDESTE/CENTRO-OESTE;2745.621
2024-10-15 08:00:00;NORTE;SUDESTE/CENTRO-OESTE;2873.351
2024-10-15 09:00:00;NORTE;SUDESTE/CENTRO-OESTE;2974.137
2024-10-15 10:00:00;NORTE;SUDESTE/CENTRO-OESTE;2580.396
2024-10-15 11:00:00;NORTE;SUDESTE/CENTRO-OESTE;2649.471
2024-10-15 12:00:00;NORTE;SUDESTE/CENTRO-OESTE;2389.978
2024-10-15 13:00:00;NORTE;SUDESTE/CENTRO-OESTE;2045.787
2024-10-15 14:00:00;NORTE;SUDESTE/CENTRO-OESTE;1503.126
2024-10-15 15:00:00;NORTE;SUDESTE/CENTRO-OESTE;875.453
2024-10-15 16:00:00;NORTE;SUDESTE/CENTRO-OESTE;616.926
2024-10-15 17:00:00;NORTE;SUDESTE/CENTRO-OESTE;1063.402
2024-10-15 18:00:00;NORTE;SUDESTE/CENTRO-OESTE;1870.013
2024-10-15 19:00:00;NORTE;SUDESTE/CENTRO-OESTE;2158.073
2024-10-15 20:00:00;NORTE;SUDESTE/CENTRO-OESTE;1069.19599999
2024-10-15 21:00:00;NORTE;SUDESTE/CENTRO-OESTE;678.655
2024-10-15 22:00:00;NORTE;SUDESTE/CENTRO-OESTE;209.923
2024-10-15 23:00:00;NORTE;SUDESTE/CENTRO-OESTE;-137.417
2024-10-16 00:00:00;NORTE;SUDESTE/CENTRO-OESTE;-226.792
2024-10-16 01:00:00;NORTE;SUDESTE/CENTRO-OESTE;-169.733
2024-10-16 02:00:00;NORTE;SUDESTE/CENTRO-OESTE;-31.158
2024-10-16 03:00:00;NORTE;SUDESTE/CENTRO-OESTE;-118.595
2024-10-16 04:00:00;NORTE;SUDESTE/CENTRO-OESTE;-249.674
2024-10-16 05:00:00;NORTE;SUDESTE/CENTRO-OESTE;-196.129
2024-10-16 06:00:00;NORTE;SUDESTE/CENTRO-OESTE;422.249
2024-10-16 07:00:00;NORTE;SUDESTE/CENTRO-OESTE;970.958
2024-10-16 08:00:00;NORTE;SUDESTE/CENTRO-OESTE;910.287
2024-10-16 09:00:00;NORTE;SUDESTE/CENTRO-OESTE;638.571
2024-10-16 10:00:00;NORTE;SUDESTE/CENTRO-OESTE;513.008
2024-10-16 11:00:00;NORTE;SUDESTE/CENTRO-OESTE;645.039
2024-10-16 12:00:00;NORTE;SUDESTE/CENTRO-OESTE;886.591
2024-10-16 13:00:00;NORTE;SUDESTE/CENTRO-OESTE;1045.954
2024-10-16 14:00:00;NORTE;SUDESTE/CENTRO-OESTE;811.602
2024-10-16 15:00:00;NORTE;SUDESTE/CENTRO-OESTE;857.734
2024-10-16 16:00:00;NORTE;SUDESTE/CENTRO-OESTE;893.511
2024-10-16 17:00:00;NORTE;SUDESTE/CENTRO-OESTE;1178.183
2024-10-16 18:00:00;NORTE;SUDESTE/CENTRO-OESTE;2274.52
2024-10-16 19:00:00;NORTE;SUDESTE/CENTRO-OESTE;2547.214
2024-10-16 20:00:00;NORTE;SUDESTE/CENTRO-OESTE;1801.595
2024-10-16 21:00:00;NORTE;SUDESTE/CENTRO-OESTE;1648.939
2024-10-16 22:00:00;NORTE;SUDESTE/CENTRO-OESTE;1183.939
2024-10-16 23:00:00;NORTE;SUDESTE/CENTRO-OESTE;228.219
2024-10-17 00:00:00;NORTE;SUDESTE/CENTRO-OESTE;-157.751
2024-10-17 01:00:00;NORTE;SUDESTE/CENTRO-OESTE;-338.834
2024-10-17 02:00:00;NORTE;SUDESTE/CENTRO-OESTE;-85.102
2024-10-17 03:00:00;NORTE;SUDESTE/CENTRO-OESTE;2.71
2024-10-17 04:00:00;NORTE;SUDESTE/CENTRO-OESTE;65.43899999
2024-10-17 05:00:00;NORTE;SUDESTE/CENTRO-OESTE;375.897
2024-10-17 06:00:00;NORTE;SUDESTE/CENTRO-OESTE;1431.635
2024-10-17 07:00:00;NORTE;SUDESTE/CENTRO-OESTE;2195.76
2024-10-17 08:00:00;NORTE;SUDESTE/CENTRO-OESTE;1860.48
2024-10-17 09:00:00;NORTE;SUDESTE/CENTRO-OESTE;1300.46499999
2024-10-17 10:00:00;NORTE;SUDESTE/CENTRO-OESTE;1022.17
2024-10-17 11:00:00;NORTE;SUDESTE/CENTRO-OESTE;1043.036
2024-10-17 12:00:00;NORTE;SUDESTE/CENTRO-OESTE;771.094
2024-10-17 13:00:00;NORTE;SUDESTE/CENTRO-OESTE;56.121
2024-10-17 14:00:00;NORTE;SUDESTE/CENTRO-OESTE;119.955
2024-10-17 15:00:00;NORTE;SUDESTE/CENTRO-OESTE;318.654
2024-10-17 16:00:00;NORTE;SUDESTE/CENTRO-OESTE;866.4
2024-10-17 17:00:00;NORTE;SUDESTE/CENTRO-OESTE;1697.518
2024-10-17 18:00:00;NORTE;SUDESTE/CENTRO-OESTE;2695.605
2024-10-17 19:00:00;NORTE;SUDESTE/CENTRO-OESTE;2769.371
2024-10-17 20:00:00;NORTE;SUDESTE/CENTRO-OESTE;1982.286
2024-10-17 21:00:00;NORTE;SUDESTE/CENTRO-OESTE;1728.268
2024-10-17 22:00:00;NORTE;SUDESTE/CENTRO-OESTE;1665.817
2024-10-17 23:00:00;NORTE;SUDESTE/CENTRO-OESTE;1178.153
2024-10-18 00:00:00;NORTE;SUDESTE/CENTRO-OESTE;636.013
2024-10-18 01:00:00;NORTE;SUDESTE/CENTRO-OESTE;-337.733
2024-10-18 02:00:00;NORTE;SUDESTE/CENTRO-OESTE;-751.015
2024-10-18 03:00:00;NORTE;SUDESTE/CENTRO-OESTE;-904.356
2024-10-18 04:00:00;NORTE;SUDESTE/CENTRO-OESTE;-662.03099999
2024-10-18 05:00:00;NORTE;SUDESTE/CENTRO-OESTE;-54.644
2024-10-18 06:00:00;NORTE;SUDESTE/CENTRO-OESTE;534.447
2024-10-18 07:00:00;NORTE;SUDESTE/CENTRO-OESTE;723.503
2024-10-18 08:00:00;NORTE;SUDESTE/CENTRO-OESTE;243.988
2024-10-18 09:00:00;NORTE;SUDESTE/CENTRO-OESTE;165.26499999
2024-10-18 10:00:00;NORTE;SUDESTE/CENTRO-OESTE;185.419
2024-10-18 11:00:00;NORTE;SUDESTE/CENTRO-OESTE;533.16099999
2024-10-18 12:00:00;NORTE;SUDESTE/CENTRO-OESTE;631.109
2024-10-18 13:00:00;NORTE;SUDESTE/CENTRO-OESTE;609.645
2024-10-18 14:00:00;NORTE;SUDESTE/CENTRO-OESTE;620.585
2024-10-18 15:00:00;NORTE;SUDESTE/CENTRO-OESTE;752.259
2024-10-18 16:00:00;NORTE;SUDESTE/CENTRO-OESTE;1177.116
2024-10-18 17:00:00;NORTE;SUDESTE/CENTRO-OESTE;1811.598
2024-10-18 18:00:00;NORTE;SUDESTE/CENTRO-OESTE;2429.454
2024-10-18 19:00:00;NORTE;SUDESTE/CENTRO-OESTE;2177.814
2024-10-18 20:00:00;NORTE;SUDESTE/CENTRO-OESTE;1516.749
2024-10-18 21:00:00;NORTE;SUDESTE/CENTRO-OESTE;952.374
2024-10-18 22:00:00;NORTE;SUDESTE/CENTRO-OESTE;692.72
2024-10-18 23:00:00;NORTE;SUDESTE/CENTRO-OESTE;-46.042
2024-10-19 00:00:00;NORTE;SUDESTE/CENTRO-OESTE;-538.798
2024-10-19 01:00:00;NORTE;SUDESTE/CENTRO-OESTE;-817.67999999
2024-10-19 02:00:00;NORTE;SUDESTE/CENTRO-OESTE;-617.861
2024-10-19 03:00:00;NORTE;SUDESTE/CENTRO-OESTE;-434.33
2024-10-19 04:00:00;NORTE;SUDESTE/CENTRO-OESTE;-164.052
2024-10-19 05:00:00;NORTE;SUDESTE/CENTRO-OESTE;-32.86399999
2024-10-19 06:00:00;NORTE;SUDESTE/CENTRO-OESTE;451.909
2024-10-19 07:00:00;NORTE;SUDESTE/CENTRO-OESTE;1256.834
2024-10-19 08:00:00;NORTE;SUDESTE/CENTRO-OESTE;1561.873
2024-10-19 09:00:00;NORTE;SUDESTE/CENTRO-OESTE;1926.806
2024-10-19 10:00:00;NORTE;SUDESTE/CENTRO-OESTE;2013.516
2024-10-19 11:00:00;NORTE;SUDESTE/CENTRO-OESTE;2063.02799999
2024-10-19 12:00:00;NORTE;SUDESTE/CENTRO-OESTE;2340.518
2024-10-19 13:00:00;NORTE;SUDESTE/CENTRO-OESTE;2174.132
2024-10-19 14:00:00;NORTE;SUDESTE/CENTRO-OESTE;1748.171
2024-10-19 15:00:00;NORTE;SUDESTE/CENTRO-OESTE;1201.228
2024-10-19 16:00:00;NORTE;SUDESTE/CENTRO-OESTE;358.744
2024-10-19 17:00:00;NORTE;SUDESTE/CENTRO-OESTE;434.814
2024-10-19 18:00:00;NORTE;SUDESTE/CENTRO-OESTE;1171.652
2024-10-19 19:00:00;NORTE;SUDESTE/CENTRO-OESTE;1534.16799999
2024-10-19 20:00:00;NORTE;SUDESTE/CENTRO-OESTE;525.97799999
2024-10-19 21:00:00;NORTE;SUDESTE/CENTRO-OESTE;200.472
2024-10-19 22:00:00;NORTE;SUDESTE/CENTRO-OESTE;195.236
2024-10-19 23:00:00;NORTE;SUDESTE/CENTRO-OESTE;476.161
2024-10-20 00:00:00;NORTE;SUDESTE/CENTRO-OESTE;367.267
2024-10-20 01:00:00;NORTE;SUDESTE/CENTRO-OESTE;423.0
2024-10-20 02:00:00;NORTE;SUDESTE/CENTRO-OESTE;446.465
2024-10-20 03:00:00;NORTE;SUDESTE/CENTRO-OESTE;275.548
2024-10-20 04:00:00;NORTE;SUDESTE/CENTRO-OESTE;143.675
2024-10-20 05:00:00;NORTE;SUDESTE/CENTRO-OESTE;480.89
2024-10-20 06:00:00;NORTE;SUDESTE/CENTRO-OESTE;487.967
2024-10-20 07:00:00;NORTE;SUDESTE/CENTRO-OESTE;609.717
2024-10-20 08:00:00;NORTE;SUDESTE/CENTRO-OESTE;645.508
2024-10-20 09:00:00;NORTE;SUDESTE/CENTRO-OESTE;846.6
2024-10-20 10:00:00;NORTE;SUDESTE/CENTRO-OESTE;1231.851
2024-10-20 11:00:00;NORTE;SUDESTE/CENTRO-OESTE;1289.921
2024-10-20 12:00:00;NORTE;SUDESTE/CENTRO-OESTE;1226.989
2024-10-20 13:00:00;NORTE;SUDESTE/CENTRO-OESTE;1137.875
2024-10-20 14:00:00;NORTE;SUDESTE/CENTRO-OESTE;1312.449
2024-10-20 15:00:00;NORTE;SUDESTE/CENTRO-OESTE;1470.742
2024-10-20 16:00:00;NORTE;SUDESTE/CENTRO-OESTE;1301.54299999
2024-10-20 17:00:00;NORTE;SUDESTE/CENTRO-OESTE;803.014
2024-10-20 18:00:00;NORTE;SUDESTE/CENTRO-OESTE;1432.631
2024-10-20 19:00:00;NORTE;SUDESTE/CENTRO-OESTE;1518.278
2024-10-20 20:00:00;NORTE;SUDESTE/CENTRO-OESTE;917.436
2024-10-20 21:00:00;NORTE;SUDESTE/CENTRO-OESTE;862.143
2024-10-20 22:00:00;NORTE;SUDESTE/CENTRO-OESTE;616.85799999
2024-10-20 23:00:00;NORTE;SUDESTE/CENTRO-OESTE;579.667
2024-10-21 00:00:00;NORTE;SUDESTE/CENTRO-OESTE;488.814
2024-10-21 01:00:00;NORTE;SUDESTE/CENTRO-OESTE;407.055
2024-10-21 02:00:00;NORTE;SUDESTE/CENTRO-OESTE;565.123
2024-10-21 03:00:00;NORTE;SUDESTE/CENTRO-OESTE;605.477
2024-10-21 04:00:00;NORTE;SUDESTE/CENTRO-OESTE;793.45899999
2024-10-21 05:00:00;NORTE;SUDESTE/CENTRO-OESTE;1321.355
2024-10-21 06:00:00;NORTE;SUDESTE/CENTRO-OESTE;2309.35399999
2024-10-21 07:00:00;NORTE;SUDESTE/CENTRO-OESTE;2833.088
2024-10-21 08:00:00;NORTE;SUDESTE/CENTRO-OESTE;2775.934
2024-10-21 09:00:00;NORTE;SUDESTE/CENTRO-OESTE;2754.258
2024-10-21 10:00:00;NORTE;SUDESTE/CENTRO-OESTE;2533.632
2024-10-21 11:00:00;NORTE;SUDESTE/CENTRO-OESTE;2431.14
2024-10-21 12:00:00;NORTE;SUDESTE/CENTRO-OESTE;2203.302
2024-10-21 13:00:00;NORTE;SUDESTE/CENTRO-OESTE;2011.375
2024-10-21 14:00:00;NORTE;SUDESTE/CENTRO-OESTE;1606.936
2024-10-21 15:00:00;NORTE;SUDESTE/CENTRO-OESTE;1141.26399999
2024-10-21 16:00:00;NORTE;SUDESTE/CENTRO-OESTE;533.195
2024-10-21 17:00:00;NORTE;SUDESTE/CENTRO-OESTE;890.811
2024-10-21 18:00:00;NORTE;SUDESTE/CENTRO-OESTE;1943.606
2024-10-21 19:00:00;NORTE;SUDESTE/CENTRO-OESTE;3038.564
2024-10-21 20:00:00;NORTE;SUDESTE/CENTRO-OESTE;1999.228
2024-10-21 21:00:00;NORTE;SUDESTE/CENTRO-OESTE;1125.41
2024-10-21 22:00:00;NORTE;SUDESTE/CENTRO-OESTE;800.645
2024-10-21 23:00:00;NORTE;SUDESTE/CENTRO-OESTE;765.538
2024-10-22 00:00:00;NORTE;SUDESTE/CENTRO-OESTE;612.97299999
2024-10-22 01:00:00;NORTE;SUDESTE/CENTRO-OESTE;615.226
2024-10-22 02:00:00;NORTE;SUDESTE/CENTRO-OESTE;976.652
2024-10-22 03:00:00;NORTE;SUDESTE/CENTRO-OESTE;1173.932
2024-10-22 04:00:00;NORTE;SUDESTE/CENTRO-OESTE;1290.724
2024-10-22 05:00:00;NORTE;SUDESTE/CENTRO-OESTE;1574.432
2024-10-22 06:00:00;NORTE;SUDESTE/CENTRO-OESTE;2028.33
2024-10-22 07:00:00;NORTE;SUDESTE/CENTRO-OESTE;2697.793
2024-10-22 08:00:00;NORTE;SUDESTE/CENTRO-OESTE;2790.148
2024-10-22 09:00:00;NORTE;SUDESTE/CENTRO-OESTE;2869.674
2024-10-22 10:00:00;NORTE;SUDESTE/CENTRO-OESTE;2927.44099999
2024-10-22 11:00:00;NORTE;SUDESTE/CENTRO-OESTE;3049.123
2024-10-22 12:00:00;NORTE;SUDESTE/CENTRO-OESTE;3167.955
2024-10-22 13:00:00;NORTE;SUDESTE/CENTRO-OESTE;3125.527
2024-10-22 14:00:00;NORTE;SUDESTE/CENTRO-OESTE;3043.636
2024-10-22 15:00:00;NORTE;SUDESTE/CENTRO-OESTE;2577.803
2024-10-22 16:00:00;NORTE;SUDESTE/CENTRO-OESTE;2295.963
2024-10-22 17:00:00;NORTE;SUDESTE/CENTRO-OESTE;2329.081
2024-10-22 18:00:00;NORTE;SUDESTE/CENTRO-OESTE;3068.29799999
2024-10-22 19:00:00;NORTE;SUDESTE/CENTRO-OESTE;3008.37
2024-10-22 20:00:00;NORTE;SUDESTE/CENTRO-OESTE;2827.569
2024-10-22 21:00:00;NORTE;SUDESTE/CENTRO-OESTE;2417.324
2024-10-22 22:00:00;NORTE;SUDESTE/CENTRO-OESTE;2036.291
2024-10-22 23:00:00;NORTE;SUDESTE/CENTRO-OESTE;1747.842
2024-10-23 00:00:00;NORTE;SUDESTE/CENTRO-OESTE;999.022
2024-10-23 01:00:00;NORTE;SUDESTE/CENTRO-OESTE;1138.084
2024-10-23 02:00:00;NORTE;SUDESTE/CENTRO-OESTE;1332.4
2024-10-23 03:00:00;NORTE;SUDESTE/CENTRO-OESTE;1445.386
2024-10-23 04:00:00;NORTE;SUDESTE/CENTRO-OESTE;1481.448
2024-10-23 05:00:00;NORTE;SUDESTE/CENTRO-OESTE;1732.324
2024-10-23 06:00:00;NORTE;SUDESTE/CENTRO-OESTE;2474.667
2024-10-23 07:00:00;NORTE;SUDESTE/CENTRO-OESTE;3597.391
2024-10-23 08:00:00;NORTE;SUDESTE/CENTRO-OESTE;3719.7
2024-10-23 09:00:00;NORTE;SUDESTE/CENTRO-OESTE;3623.224
2024-10-23 10:00:00;NORTE;SUDESTE/CENTRO-OESTE;3756.41
2024-10-23 11:00:00;NORTE;SUDESTE/CENTRO-OESTE;3694.969
2024-10-23 12:00:00;NORTE;SUDESTE/CENTRO-OESTE;3388.555
2024-10-23 13:00:00;NORTE;SUDESTE/CENTRO-OESTE;3527.589
2024-10-23 14:00:00;NORTE;SUDESTE/CENTRO-OESTE;3591.463
2024-10-23 15:00:00;NORTE;SUDESTE/CENTRO-OESTE;2690.96099999
2024-10-23 16:00:00;NORTE;SUDESTE/CENTRO-OESTE;1831.724
2024-10-23 17:00:00;NORTE;SUDESTE/CENTRO-OESTE;1767.845
2024-10-23 18:00:00;NORTE;SUDESTE/CENTRO-OESTE;2955.52
2024-10-23 19:00:00;NORTE;SUDESTE/CENTRO-OESTE;2926.574
2024-10-23 20:00:00;NORTE;SUDESTE/CENTRO-OESTE;2751.053
2024-10-23 21:00:00;NORTE;SUDESTE/CENTRO-OESTE;2009.503
2024-10-23 22:00:00;NORTE;SUDESTE/CENTRO-OESTE;1522.825
2024-10-23 23:00:00;NORTE;SUDESTE/CENTRO-OESTE;1709.878
2024-10-24 00:00:00;NORTE;SUDESTE/CENTRO-OESTE;1694.672
2024-10-24 01:00:00;NORTE;SUDESTE/CENTRO-OESTE;1473.573
2024-10-24 02:00:00;NORTE;SUDESTE/CENTRO-OESTE;1001.779
2024-10-24 03:00:00;NORTE;SUDESTE/CENTRO-OESTE;939.233
2024-10-24 04:00:00;NORTE;SUDESTE/CENTRO-OESTE;989.933
2024-10-24 05:00:00;NORTE;SUDESTE/CENTRO-OESTE;1416.441
2024-10-24 06:00:00;NORTE;SUDESTE/CENTRO-OESTE;2845.988
2024-10-24 07:00:00;NORTE;SUDESTE/CENTRO-OESTE;3274.592
2024-10-24 08:00:00;NORTE;SUDESTE/CENTRO-OESTE;3119.306
2024-10-24 09:00:00;NORTE;SUDESTE/CENTRO-OESTE;3523.379
2024-10-24 10:00:00;NORTE;SUDESTE/CENTRO-OESTE;3632.808
2024-10-24 11:00:00;NORTE;SUDESTE/CENTRO-OESTE;3389.169
2024-10-24 12:00:00;NORTE;SUDESTE/CENTRO-OESTE;3224.318
2024-10-24 13:00:00;NORTE;SUDESTE/CENTRO-OESTE;2714.451
2024-10-24 14:00:00;NORTE;SUDESTE/CENTRO-OESTE;2339.823
2024-10-24 15:00:00;NORTE;SUDESTE/CENTRO-OESTE;2348.702
2024-10-24 16:00:00;NORTE;SUDESTE/CENTRO-OESTE;1910.008
2024-10-24 17:00:00;NORTE;SUDESTE/CENTRO-OESTE;2090.319
2024-10-24 18:00:00;NORTE;SUDESTE/CENTRO-OESTE;3260.93
2024-10-24 19:00:00;NORTE;SUDESTE/CENTRO-OESTE;3382.304
2024-10-24 20:00:00;NORTE;SUDESTE/CENTRO-OESTE;1979.959
2024-10-24 21:00:00;NORTE;SUDESTE/CENTRO-OESTE;1094.07
2024-10-24 22:00:00;NORTE;SUDESTE/CENTRO-OESTE;795.675
2024-10-24 23:00:00;NORTE;SUDESTE/CENTRO-OESTE;874.25699999
2024-10-25 00:00:00;NORTE;SUDESTE/CENTRO-OESTE;945.586
2024-10-25 01:00:00;NORTE;SUDESTE/CENTRO-OESTE;1090.772
2024-10-25 02:00:00;NORTE;SUDESTE/CENTRO-OESTE;1173.662
2024-10-25 03:00:00;NORTE;SUDESTE/CENTRO-OESTE;1320.665
2024-10-25 04:00:00;NORTE;SUDESTE/CENTRO-OESTE;1439.213
2024-10-25 05:00:00;NORTE;SUDESTE/CENTRO-OESTE;1754.357
2024-10-25 06:00:00;NORTE;SUDESTE/CENTRO-OESTE;2616.674
2024-10-25 07:00:00;NORTE;SUDESTE/CENTRO-OESTE;3091.629
2024-10-25 08:00:00;NORTE;SUDESTE/CENTRO-OESTE;3200.213
2024-10-25 09:00:00;NORTE;SUDESTE/CENTRO-OESTE;2996.864
2024-10-25 10:00:00;NORTE;SUDESTE/CENTRO-OESTE;2945.292
2024-10-25 11:00:00;NORTE;SUDESTE/CENTRO-OESTE;2873.325
2024-10-25 12:00:00;NORTE;SUDESTE/CENTRO-OESTE;2874.87
2024-10-25 13:00:00;NORTE;SUDESTE/CENTRO-OESTE;2874.87
2024-10-25 14:00:00;NORTE;SUDESTE/CENTRO-OESTE;2874.87
2024-10-25 15:00:00;NORTE;SUDESTE/CENTRO-OESTE;2603.313
2024-10-25 16:00:00;NORTE;SUDESTE/CENTRO-OESTE;1875.374
2024-10-25 17:00:00;NORTE;SUDESTE/CENTRO-OESTE;1861.334
2024-10-25 18:00:00;NORTE;SUDESTE/CENTRO-OESTE;2401.333
2024-10-25 19:00:00;NORTE;SUDESTE/CENTRO-OESTE;3404.033
2024-10-25 20:00:00;NORTE;SUDESTE/CENTRO-OESTE;2637.934
2024-10-25 21:00:00;NORTE;SUDESTE/CENTRO-OESTE;1837.562
2024-10-25 22:00:00;NORTE;SUDESTE/CENTRO-OESTE;1775.68
2024-10-25 23:00:00;NORTE;SUDESTE/CENTRO-OESTE;1924.416
2024-10-26 00:00:00;NORTE;SUDESTE/CENTRO-OESTE;1724.0
2024-10-26 01:00:00;NORTE;SUDESTE/CENTRO-OESTE;1234.28
2024-10-26 02:00:00;NORTE;SUDESTE/CENTRO-OESTE;769.335
2024-10-26 03:00:00;NORTE;SUDESTE/CENTRO-OESTE;676.402
2024-10-26 04:00:00;NORTE;SUDESTE/CENTRO-OESTE;638.788
2024-10-26 05:00:00;NORTE;SUDESTE/CENTRO-OESTE;1124.951
2024-10-26 06:00:00;NORTE;SUDESTE/CENTRO-OESTE;2601.097
2024-10-26 07:00:00;NORTE;SUDESTE/CENTRO-OESTE;3327.358
2024-10-26 08:00:00;NORTE;SUDESTE/CENTRO-OESTE;3215.151
2024-10-26 09:00:00;NORTE;SUDESTE/CENTRO-OESTE;3520.395
2024-10-26 10:00:00;NORTE;SUDESTE/CENTRO-OESTE;3510.089
2024-10-26 11:00:00;NORTE;SUDESTE/CENTRO-OESTE;3653.884
2024-10-26 12:00:00;NORTE;SUDESTE/CENTRO-OESTE;3541.574
2024-10-26 13:00:00;NORTE;SUDESTE/CENTRO-OESTE;3184.851
2024-10-26 14:00:00;NORTE;SUDESTE/CENTRO-OESTE;2716.67299999
2024-10-26 15:00:00;NORTE;SUDESTE/CENTRO-OESTE;2475.79599999
2024-10-26 16:00:00;NORTE;SUDESTE/CENTRO-OESTE;2346.125
2024-10-26 17:00:00;NORTE;SUDESTE/CENTRO-OESTE;2499.332
2024-10-26 18:00:00;NORTE;SUDESTE/CENTRO-OESTE;3136.852
2024-10-26 19:00:00;NORTE;SUDESTE/CENTRO-OESTE;3381.416
2024-10-26 20:00:00;NORTE;SUDESTE/CENTRO-OESTE;2534.15299999
2024-10-26 21:00:00;NORTE;SUDESTE/CENTRO-OESTE;1935.491
2024-10-26 22:00:00;NORTE;SUDESTE/CENTRO-OESTE;1473.015
2024-10-26 23:00:00;NORTE;SUDESTE/CENTRO-OESTE;1073.8
2024-10-27 00:00:00;NORTE;SUDESTE/CENTRO-OESTE;846.104
2024-10-27 01:00:00;NORTE;SUDESTE/CENTRO-OESTE;616.292
2024-10-27 02:00:00;NORTE;SUDESTE/CENTRO-OESTE;325.97
2024-10-27 03:00:00;NORTE;SUDESTE/CENTRO-OESTE;188.866
2024-10-27 04:00:00;NORTE;SUDESTE/CENTRO-OESTE;159.573
2024-10-27 05:00:00;NORTE;SUDESTE/CENTRO-OESTE;354.509
2024-10-27 06:00:00;NORTE;SUDESTE/CENTRO-OESTE;850.192
2024-10-27 07:00:00;NORTE;SUDESTE/CENTRO-OESTE;1002.506
2024-10-27 08:00:00;NORTE;SUDESTE/CENTRO-OESTE;587.96799999
2024-10-27 09:00:00;NORTE;SUDESTE/CENTRO-OESTE;507.725
2024-10-27 10:00:00;NORTE;SUDESTE/CENTRO-OESTE;667.072
2024-10-27 11:00:00;NORTE;SUDESTE/CENTRO-OESTE;966.037
2024-10-27 12:00:00;NORTE;SUDESTE/CENTRO-OESTE;809.061
2024-10-27 13:00:00;NORTE;SUDESTE/CENTRO-OESTE;837.582
2024-10-27 14:00:00;NORTE;SUDESTE/CENTRO-OESTE;876.821
2024-10-27 15:00:00;NORTE;SUDESTE/CENTRO-OESTE;885.788
2024-10-27 16:00:00;NORTE;SUDESTE/CENTRO-OESTE;1008.541
2024-10-27 17:00:00;NORTE;SUDESTE/CENTRO-OESTE;1170.425
2024-10-27 18:00:00;NORTE;SUDESTE/CENTRO-OESTE;2061.536
2024-10-27 19:00:00;NORTE;SUDESTE/CENTRO-OESTE;2246.964
2024-10-27 20:00:00;NORTE;SUDESTE/CENTRO-OESTE;1626.471
2024-10-27 21:00:00;NORTE;SUDESTE/CENTRO-OESTE;1087.122
2024-10-27 22:00:00;NORTE;SUDESTE/CENTRO-OESTE;980.273
2024-10-27 23:00:00;NORTE;SUDESTE/CENTRO-OESTE;594.277
2024-10-28 00:00:00;NORTE;SUDESTE/CENTRO-OESTE;277.789
2024-10-28 01:00:00;NORTE;SUDESTE/CENTRO-OESTE;-92.331
2024-10-28 02:00:00;NORTE;SUDESTE/CENTRO-OESTE;-54.435
2024-10-28 03:00:00;NORTE;SUDESTE/CENTRO-OESTE;628.126
2024-10-28 04:00:00;NORTE;SUDESTE/CENTRO-OESTE;621.859
2024-10-28 05:00:00;NORTE;SUDESTE/CENTRO-OESTE;1406.622
2024-10-28 06:00:00;NORTE;SUDESTE/CENTRO-OESTE;2642.3
2024-10-28 07:00:00;NORTE;SUDESTE/CENTRO-OESTE;3285.452
2024-10-28 08:00:00;NORTE;SUDESTE/CENTRO-OESTE;3268.064
2024-10-28 09:00:00;NORTE;SUDESTE/CENTRO-OESTE;3244.842
2024-10-28 10:00:00;NORTE;SUDESTE/CENTRO-OESTE;3067.233
2024-10-28 11:00:00;NORTE;SUDESTE/CENTRO-OESTE;2963.627
2024-10-28 12:00:00;NORTE;SUDESTE/CENTRO-OESTE;2847.702
2024-10-28 13:00:00;NORTE;SUDESTE/CENTRO-OESTE;2709.76699999
2024-10-28 14:00:00;NORTE;SUDESTE/CENTRO-OESTE;2154.539
2024-10-28 15:00:00;NORTE;SUDESTE/CENTRO-OESTE;1713.263
2024-10-28 16:00:00;NORTE;SUDESTE/CENTRO-OESTE;964.969
2024-10-28 17:00:00;NORTE;SUDESTE/CENTRO-OESTE;498.897
2024-10-28 18:00:00;NORTE;SUDESTE/CENTRO-OESTE;1455.703
2024-10-28 19:00:00;NORTE;SUDESTE/CENTRO-OESTE;1520.414
2024-10-28 20:00:00;NORTE;SUDESTE/CENTRO-OESTE;859.193
2024-10-28 21:00:00;NORTE;SUDESTE/CENTRO-OESTE;421.32
2024-10-28 22:00:00;NORTE;SUDESTE/CENTRO-OESTE;441.471
2024-10-28 23:00:00;NORTE;SUDESTE/CENTRO-OESTE;213.025
2024-10-29 00:00:00;NORTE;SUDESTE/CENTRO-OESTE;293.589
2024-10-29 01:00:00;NORTE;SUDESTE/CENTRO-OESTE;520.903
2024-10-29 02:00:00;NORTE;SUDESTE/CENTRO-OESTE;655.01
2024-10-29 03:00:00;NORTE;SUDESTE/CENTRO-OESTE;634.5
2024-10-29 04:00:00;NORTE;SUDESTE/CENTRO-OESTE;875.837
2024-10-29 05:00:00;NORTE;SUDESTE/CENTRO-OESTE;1272.59999999
2024-10-29 06:00:00;NORTE;SUDESTE/CENTRO-OESTE;2063.453
2024-10-29 07:00:00;NORTE;SUDESTE/CENTRO-OESTE;2941.494
2024-10-29 08:00:00;NORTE;SUDESTE/CENTRO-OESTE;2912.52
2024-10-29 09:00:00;NORTE;SUDESTE/CENTRO-OESTE;2910.971
2024-10-29 10:00:00;NORTE;SUDESTE/CENTRO-OESTE;3078.683
2024-10-29 11:00:00;NORTE;SUDESTE/CENTRO-OESTE;3217.247
2024-10-29 12:00:00;NORTE;SUDESTE/CENTRO-OESTE;2877.459
2024-10-29 13:00:00;NORTE;SUDESTE/CENTRO-OESTE;1861.402
2024-10-29 14:00:00;NORTE;SUDESTE/CENTRO-OESTE;451.077
2024-10-29 15:00:00;NORTE;SUDESTE/CENTRO-OESTE;89.336
2024-10-29 16:00:00;NORTE;SUDESTE/CENTRO-OESTE;179.52099999
2024-10-29 17:00:00;NORTE;SUDESTE/CENTRO-OESTE;729.956
2024-10-29 18:00:00;NORTE;SUDESTE/CENTRO-OESTE;1882.211
2024-10-29 19:00:00;NORTE;SUDESTE/CENTRO-OESTE;2167.801
2024-10-29 20:00:00;NORTE;SUDESTE/CENTRO-OESTE;1578.281
2024-10-29 21:00:00;NORTE;SUDESTE/CENTRO-OESTE;1071.39799999
2024-10-29 22:00:00;NORTE;SUDESTE/CENTRO-OESTE;1049.431
2024-10-29 23:00:00;NORTE;SUDESTE/CENTRO-OESTE;47.241
2024-10-30 00:00:00;NORTE;SUDESTE/CENTRO-OESTE;-30.466
2024-10-30 01:00:00;NORTE;SUDESTE/CENTRO-OESTE;521.69399999
2024-10-30 02:00:00;NORTE;SUDESTE/CENTRO-OESTE;936.487
2024-10-30 03:00:00;NORTE;SUDESTE/CENTRO-OESTE;1187.051
2024-10-30 04:00:00;NORTE;SUDESTE/CENTRO-OESTE;1330.318
2024-10-30 05:00:00;NORTE;SUDESTE/CENTRO-OESTE;1781.53
2024-10-30 06:00:00;NORTE;SUDESTE/CENTRO-OESTE;2472.248
2024-10-30 07:00:00;NORTE;SUDESTE/CENTRO-OESTE;2951.613
2024-10-30 08:00:00;NORTE;SUDESTE/CENTRO-OESTE;3051.817
2024-10-30 09:00:00;NORTE;SUDESTE/CENTRO-OESTE;2975.299
2024-10-30 10:00:00;NORTE;SUDESTE/CENTRO-OESTE;2701.956
2024-10-30 11:00:00;NORTE;SUDESTE/CENTRO-OESTE;2452.4
2024-10-30 12:00:00;NORTE;SUDESTE/CENTRO-OESTE;2343.05499999
2024-10-30 13:00:00;NORTE;SUDESTE/CENTRO-OESTE;2013.679
2024-10-30 14:00:00;NORTE;SUDESTE/CENTRO-OESTE;1481.2
2024-10-30 15:00:00;NORTE;SUDESTE/CENTRO-OESTE;951.391
2024-10-30 16:00:00;NORTE;SUDESTE/CENTRO-OESTE;873.399
2024-10-30 17:00:00;NORTE;SUDESTE/CENTRO-OESTE;1041.077
2024-10-30 18:00:00;NORTE;SUDESTE/CENTRO-OESTE;1882.265
2024-10-30 19:00:00;NORTE;SUDESTE/CENTRO-OESTE;2310.01
2024-10-30 20:00:00;NORTE;SUDESTE/CENTRO-OESTE;2204.335
2024-10-30 21:00:00;NORTE;SUDESTE/CENTRO-OESTE;2179.969
2024-10-30 22:00:00;NORTE;SUDESTE/CENTRO-OESTE;1529.303
2024-10-30 23:00:00;NORTE;SUDESTE/CENTRO-OESTE;889.093
2024-10-31 00:00:00;NORTE;SUDESTE/CENTRO-OESTE;518.624
2024-10-31 01:00:00;NORTE;SUDESTE/CENTRO-OESTE;697.519
2024-10-31 02:00:00;NORTE;SUDESTE/CENTRO-OESTE;559.484
2024-10-31 03:00:00;NORTE;SUDESTE/CENTRO-OESTE;508.53
2024-10-31 04:00:00;NORTE;SUDESTE/CENTRO-OESTE;602.393
2024-10-31 05:00:00;NORTE;SUDESTE/CENTRO-OESTE;1052.976
2024-10-31 06:00:00;NORTE;SUDESTE/CENTRO-OESTE;2299.808
2024-10-31 07:00:00;NORTE;SUDESTE/CENTRO-OESTE;2871.132
2024-10-31 08:00:00;NORTE;SUDESTE/CENTRO-OESTE;2976.056
2024-10-31 09:00:00;NORTE;SUDESTE/CENTRO-OESTE;2631.112
2024-10-31 10:00:00;NORTE;SUDESTE/CENTRO-OESTE;2241.612
2024-10-31 11:00:00;NORTE;SUDESTE/CENTRO-OESTE;2422.027
2024-10-31 12:00:00;NORTE;SUDESTE/CENTRO-OESTE;2294.99699999
2024-10-31 13:00:00;NORTE;SUDESTE/CENTRO-OESTE;1778.427
2024-10-31 14:00:00;NORTE;SUDESTE/CENTRO-OESTE;1218.396
2024-10-31 15:00:00;NORTE;SUDESTE/CENTRO-OESTE;711.675
2024-10-31 16:00:00;NORTE;SUDESTE/CENTRO-OESTE;591.23
2024-10-31 17:00:00;NORTE;SUDESTE/CENTRO-OESTE;1104.924
2024-10-31 18:00:00;NORTE;SUDESTE/CENTRO-OESTE;2492.588
2024-10-31 19:00:00;NORTE;SUDESTE/CENTRO-OESTE;3409.349
2024-10-31 20:00:00;NORTE;SUDESTE/CENTRO-OESTE;2426.335
2024-10-31 21:00:00;NORTE;SUDESTE/CENTRO-OESTE;1542.96
2024-10-31 22:00:00;NORTE;SUDESTE/CENTRO-OESTE;921.471
2024-10-31 23:00:00;NORTE;SUDESTE/CENTRO-OESTE;605.667
2024-11-01 00:00:00;NORTE;SUDESTE/CENTRO-OESTE;139.767
2024-11-01 01:00:00;NORTE;SUDESTE/CENTRO-OESTE;444.04
2024-11-01 02:00:00;NORTE;SUDESTE/CENTRO-OESTE;669.553
2024-11-01 03:00:00;NORTE;SUDESTE/CENTRO-OESTE;843.946
2024-11-01 04:00:00;NORTE;SUDESTE/CENTRO-OESTE;832.313
2024-11-01 05:00:00;NORTE;SUDESTE/CENTRO-OESTE;1332.955
2024-11-01 06:00:00;NORTE;SUDESTE/CENTRO-OESTE;2349.049
2024-11-01 07:00:00;NORTE;SUDESTE/CENTRO-OESTE;2739.702
2024-11-01 08:00:00;NORTE;SUDESTE/CENTRO-OESTE;2838.702
2024-11-01 09:00:00;NORTE;SUDESTE/CENTRO-OESTE;2696.944
2024-11-01 10:00:00;NORTE;SUDESTE/CENTRO-OESTE;2528.991
2024-11-01 11:00:00;NORTE;SUDESTE/CENTRO-OESTE;2574.635
2024-11-01 12:00:00;NORTE;SUDESTE/CENTRO-OESTE;2341.759
2024-11-01 13:00:00;NORTE;SUDESTE/CENTRO-OESTE;1608.698
2024-11-01 14:00:00;NORTE;SUDESTE/CENTRO-OESTE;397.123
2024-11-01 15:00:00;NORTE;SUDESTE/CENTRO-OESTE;245.014
2024-11-01 16:00:00;NORTE;SUDESTE/CENTRO-OESTE;208.945
2024-11-01 17:00:00;NORTE;SUDESTE/CENTRO-OESTE;351.592
2024-11-01 18:00:00;NORTE;SUDESTE/CENTRO-OESTE;1538.547
2024-11-01 19:00:00;NORTE;SUDESTE/CENTRO-OESTE;1412.099
2024-11-01 20:00:00;NORTE;SUDESTE/CENTRO-OESTE;955.278
2024-11-01 21:00:00;NORTE;SUDESTE/CENTRO-OESTE;764.016
2024-11-01 22:00:00;NORTE;SUDESTE/CENTRO-OESTE;833.195
2024-11-01 23:00:00;NORTE;SUDESTE/CENTRO-OESTE;665.642
2024-11-02 00:00:00;NORTE;SUDESTE/CENTRO-OESTE;744.714
2024-11-02 01:00:00;NORTE;SUDESTE/CENTRO-OESTE;1078.84999999
2024-11-02 02:00:00;NORTE;SUDESTE/CENTRO-OESTE;1393.081
2024-11-02 03:00:00;NORTE;SUDESTE/CENTRO-OESTE;1362.94699999
2024-11-02 04:00:00;NORTE;SUDESTE/CENTRO-OESTE;1432.555
2024-11-02 05:00:00;NORTE;SUDESTE/CENTRO-OESTE;2111.55
2024-11-02 06:00:00;NORTE;SUDESTE/CENTRO-OESTE;2957.05
2024-11-02 07:00:00;NORTE;SUDESTE/CENTRO-OESTE;2968.899
2024-11-02 08:00:00;NORTE;SUDESTE/CENTRO-OESTE;3429.619
2024-11-02 09:00:00;NORTE;SUDESTE/CENTRO-OESTE;3882.794
2024-11-02 10:00:00;NORTE;SUDESTE/CENTRO-OESTE;3984.863
2024-11-02 11:00:00;NORTE;SUDESTE/CENTRO-OESTE;3920.393
2024-11-02 12:00:00;NORTE;SUDESTE/CENTRO-OESTE;3824.338
2024-11-02 13:00:00;NORTE;SUDESTE/CENTRO-OESTE;3354.472
2024-11-02 14:00:00;NORTE;SUDESTE/CENTRO-OESTE;3024.327
2024-11-02 15:00:00;NORTE;SUDESTE/CENTRO-OESTE;2934.617
2024-11-02 16:00:00;NORTE;SUDESTE/CENTRO-OESTE;2461.311
2024-11-02 17:00:00;NORTE;SUDESTE/CENTRO-OESTE;1785.775
2024-11-02 18:00:00;NORTE;SUDESTE/CENTRO-OESTE;2411.414
2024-11-02 19:00:00;NORTE;SUDESTE/CENTRO-OESTE;2660.23
2024-11-02 20:00:00;NORTE;SUDESTE/CENTRO-OESTE;1797.959
2024-11-02 21:00:00;NORTE;SUDESTE/CENTRO-OESTE;1380.26
2024-11-02 22:00:00;NORTE;SUDESTE/CENTRO-OESTE;1248.171
2024-11-02 23:00:00;NORTE;SUDESTE/CENTRO-OESTE;1236.96
2024-11-03 00:00:00;NORTE;SUDESTE/CENTRO-OESTE;1265.135
2024-11-03 01:00:00;NORTE;SUDESTE/CENTRO-OESTE;1224.63899999
2024-11-03 02:00:00;NORTE;SUDESTE/CENTRO-OESTE;1229.691
2024-11-03 03:00:00;NORTE;SUDESTE/CENTRO-OESTE;931.117
2024-11-03 04:00:00;NORTE;SUDESTE/CENTRO-OESTE;856.673
2024-11-03 05:00:00;NORTE;SUDESTE/CENTRO-OESTE;1223.044
2024-11-03 06:00:00;NORTE;SUDESTE/CENTRO-OESTE;1597.268
2024-11-03 07:00:00;NORTE;SUDESTE/CENTRO-OESTE;1517.56
2024-11-03 08:00:00;NORTE;SUDESTE/CENTRO-OESTE;1698.228
2024-11-03 09:00:00;NORTE;SUDESTE/CENTRO-OESTE;1715.425
2024-11-03 10:00:00;NORTE;SUDESTE/CENTRO-OESTE;1711.734
2024-11-03 11:00:00;NORTE;SUDESTE/CENTRO-OESTE;1537.132
2024-11-03 12:00:00;NORTE;SUDESTE/CENTRO-OESTE;1335.09099999
2024-11-03 13:00:00;NORTE;SUDESTE/CENTRO-OESTE;1076.81099999
2024-11-03 14:00:00;NORTE;SUDESTE/CENTRO-OESTE;1111.902
2024-11-03 15:00:00;NORTE;SUDESTE/CENTRO-OESTE;1154.714
2024-11-03 16:00:00;NORTE;SUDESTE/CENTRO-OESTE;924.474
2024-11-03 17:00:00;NORTE;SUDESTE/CENTRO-OESTE;501.087
2024-11-03 18:00:00;NORTE;SUDESTE/CENTRO-OESTE;977.591
2024-11-03 19:00:00;NORTE;SUDESTE/CENTRO-OESTE;1569.611
2024-11-03 20:00:00;NORTE;SUDESTE/CENTRO-OESTE;1046.416
2024-11-03 21:00:00;NORTE;SUDESTE/CENTRO-OESTE;554.075
2024-11-03 22:00:00;NORTE;SUDESTE/CENTRO-OESTE;633.423
2024-11-03 23:00:00;NORTE;SUDESTE/CENTRO-OESTE;804.374
2024-11-04 00:00:00;NORTE;SUDESTE/CENTRO-OESTE;713.936
2024-11-04 01:00:00;NORTE;SUDESTE/CENTRO-OESTE;959.072
2024-11-04 02:00:00;NORTE;SUDESTE/CENTRO-OESTE;1175.286
2024-11-04 03:00:00;NORTE;SUDESTE/CENTRO-OESTE;1308.654
2024-11-04 04:00:00;NORTE;SUDESTE/CENTRO-OESTE;1293.422
2024-11-04 05:00:00;NORTE;SUDESTE/CENTRO-OESTE;1652.195
2024-11-04 06:00:00;NORTE;SUDESTE/CENTRO-OESTE;3144.651
2024-11-04 07:00:00;NORTE;SUDESTE/CENTRO-OESTE;3685.543
2024-11-04 08:00:00;NORTE;SUDESTE/CENTRO-OESTE;3618.867
2024-11-04 09:00:00;NORTE;SUDESTE/CENTRO-OESTE;3536.257
2024-11-04 10:00:00;NORTE;SUDESTE/CENTRO-OESTE;3669.587
2024-11-04 11:00:00;NORTE;SUDESTE/CENTRO-OESTE;3606.275
2024-11-04 12:00:00;NORTE;SUDESTE/CENTRO-OESTE;3336.46
2024-11-04 13:00:00;NORTE;SUDESTE/CENTRO-OESTE;2602.643
2024-11-04 14:00:00;NORTE;SUDESTE/CENTRO-OESTE;1712.706
2024-11-04 15:00:00;NORTE;SUDESTE/CENTRO-OESTE;1487.69699999
2024-11-04 16:00:00;NORTE;SUDESTE/CENTRO-OESTE;1223.72
2024-11-04 17:00:00;NORTE;SUDESTE/CENTRO-OESTE;1320.211
2024-11-04 18:00:00;NORTE;SUDESTE/CENTRO-OESTE;2226.89199999
2024-11-04 19:00:00;NORTE;SUDESTE/CENTRO-OESTE;3230.922
2024-11-04 20:00:00;NORTE;SUDESTE/CENTRO-OESTE;2657.311
2024-11-04 21:00:00;NORTE;SUDESTE/CENTRO-OESTE;2043.753
2024-11-04 22:00:00;NORTE;SUDESTE/CENTRO-OESTE;1232.525
2024-11-04 23:00:00;NORTE;SUDESTE/CENTRO-OESTE;589.111
2024-11-05 00:00:00;NORTE;SUDESTE/CENTRO-OESTE;239.498
2024-11-05 01:00:00;NORTE;SUDESTE/CENTRO-OESTE;521.648
2024-11-05 02:00:00;NORTE;SUDESTE/CENTRO-OESTE;757.058
2024-11-05 03:00:00;NORTE;SUDESTE/CENTRO-OESTE;857.535
2024-11-05 04:00:00;NORTE;SUDESTE/CENTRO-OESTE;867.134
2024-11-05 05:00:00;NORTE;SUDESTE/CENTRO-OESTE;1525.362
2024-11-05 06:00:00;NORTE;SUDESTE/CENTRO-OESTE;3116.454
2024-11-05 07:00:00;NORTE;SUDESTE/CENTRO-OESTE;3483.772
2024-11-05 08:00:00;NORTE;SUDESTE/CENTRO-OESTE;3272.116
2024-11-05 09:00:00;NORTE;SUDESTE/CENTRO-OESTE;3278.286
2024-11-05 10:00:00;NORTE;SUDESTE/CENTRO-OESTE;3259.835
2024-11-05 11:00:00;NORTE;SUDESTE/CENTRO-OESTE;3055.94099999
2024-11-05 12:00:00;NORTE;SUDESTE/CENTRO-OESTE;2754.082
2024-11-05 13:00:00;NORTE;SUDESTE/CENTRO-OESTE;1897.957
2024-11-05 14:00:00;NORTE;SUDESTE/CENTRO-OESTE;1266.982
2024-11-05 15:00:00;NORTE;SUDESTE/CENTRO-OESTE;1230.791
2024-11-05 16:00:00;NORTE;SUDESTE/CENTRO-OESTE;860.72
2024-11-05 17:00:00;NORTE;SUDESTE/CENTRO-OESTE;949.806
2024-11-05 18:00:00;NORTE;SUDESTE/CENTRO-OESTE;2370.855
2024-11-05 19:00:00;NORTE;SUDESTE/CENTRO-OESTE;3248.759
2024-11-05 20:00:00;NORTE;SUDESTE/CENTRO-OESTE;2231.515
2024-11-05 21:00:00;NORTE;SUDESTE/CENTRO-OESTE;1608.708
2024-11-05 22:00:00;NORTE;SUDESTE/CENTRO-OESTE;1338.511
2024-11-05 23:00:00;NORTE;SUDESTE/CENTRO-OESTE;458.946
2024-11-06 00:00:00;NORTE;SUDESTE/CENTRO-OESTE;343.844
2024-11-06 01:00:00;NORTE;SUDESTE/CENTRO-OESTE;693.347
2024-11-06 02:00:00;NORTE;SUDESTE/CENTRO-OESTE;866.08
2024-11-06 03:00:00;NORTE;SUDESTE/CENTRO-OESTE;862.853
2024-11-06 04:00:00;NORTE;SUDESTE/CENTRO-OESTE;1143.86899999
2024-11-06 05:00:00;NORTE;SUDESTE/CENTRO-OESTE;1684.91799999
2024-11-06 06:00:00;NORTE;SUDESTE/CENTRO-OESTE;2980.437
2024-11-06 07:00:00;NORTE;SUDESTE/CENTRO-OESTE;3425.69099999
2024-11-06 08:00:00;NORTE;SUDESTE/CENTRO-OESTE;3276.296
2024-11-06 09:00:00;NORTE;SUDESTE/CENTRO-OESTE;3137.17299999
2024-11-06 10:00:00;NORTE;SUDESTE/CENTRO-OESTE;3094.681
2024-11-06 11:00:00;NORTE;SUDESTE/CENTRO-OESTE;3273.927
2024-11-06 12:00:00;NORTE;SUDESTE/CENTRO-OESTE;3230.89
2024-11-06 13:00:00;NORTE;SUDESTE/CENTRO-OESTE;2454.848
2024-11-06 14:00:00;NORTE;SUDESTE/CENTRO-OESTE;2206.344
2024-11-06 15:00:00;NORTE;SUDESTE/CENTRO-OESTE;2391.813
2024-11-06 16:00:00;NORTE;SUDESTE/CENTRO-OESTE;1914.683
2024-11-06 17:00:00;NORTE;SUDESTE/CENTRO-OESTE;2000.996
2024-11-06 18:00:00;NORTE;SUDESTE/CENTRO-OESTE;2988.585
2024-11-06 19:00:00;NORTE;SUDESTE/CENTRO-OESTE;3491.684
2024-11-06 20:00:00;NORTE;SUDESTE/CENTRO-OESTE;2729.409
2024-11-06 21:00:00;NORTE;SUDESTE/CENTRO-OESTE;1934.189
2024-11-06 22:00:00;NORTE;SUDESTE/CENTRO-OESTE;1732.72
2024-11-06 23:00:00;NORTE;SUDESTE/CENTRO-OESTE;1553.738
2024-11-07 00:00:00;NORTE;SUDESTE/CENTRO-OESTE;1202.945
2024-11-07 01:00:00;NORTE;SUDESTE/CENTRO-OESTE;1228.435
2024-11-07 02:00:00;NORTE;SUDESTE/CENTRO-OESTE;1180.251
2024-11-07 03:00:00;NORTE;SUDESTE/CENTRO-OESTE;1247.137
2024-11-07 04:00:00;NORTE;SUDESTE/CENTRO-OESTE;1255.565
2024-11-07 05:00:00;NORTE;SUDESTE/CENTRO-OESTE;1767.186
2024-11-07 06:00:00;NORTE;SUDESTE/CENTRO-OESTE;2873.494
2024-11-07 07:00:00;NORTE;SUDESTE/CENTRO-OESTE;3494.592
2024-11-07 08:00:00;NORTE;SUDESTE/CENTRO-OESTE;3508.616
2024-11-07 09:00:00;NORTE;SUDESTE/CENTRO-OESTE;3497.103
2024-11-07 10:00:00;NORTE;SUDESTE/CENTRO-OESTE;3547.841
2024-11-07 11:00:00;NORTE;SUDESTE/CENTRO-OESTE;3288.382
2024-11-07 12:00:00;NORTE;SUDESTE/CENTRO-OESTE;2980.33
2024-11-07 13:00:00;NORTE;SUDESTE/CENTRO-OESTE;2317.265
2024-11-07 14:00:00;NORTE;SUDESTE/CENTRO-OESTE;2069.259
2024-11-07 15:00:00;NORTE;SUDESTE/CENTRO-OESTE;2164.857
2024-11-07 16:00:00;NORTE;SUDESTE/CENTRO-OESTE;1495.154
2024-11-07 17:00:00;NORTE;SUDESTE/CENTRO-OESTE;1517.405
2024-11-07 18:00:00;NORTE;SUDESTE/CENTRO-OESTE;2281.636
2024-11-07 19:00:00;NORTE;SUDESTE/CENTRO-OESTE;2487.69099999
2024-11-07 20:00:00;NORTE;SUDESTE/CENTRO-OESTE;1579.548
2024-11-07 21:00:00;NORTE;SUDESTE/CENTRO-OESTE;1192.47
2024-11-07 22:00:00;NORTE;SUDESTE/CENTRO-OESTE;1044.391
2024-11-07 23:00:00;NORTE;SUDESTE/CENTRO-OESTE;694.80999999
2024-11-08 00:00:00;NORTE;SUDESTE/CENTRO-OESTE;308.882
2024-11-08 01:00:00;NORTE;SUDESTE/CENTRO-OESTE;51.69
2024-11-08 02:00:00;NORTE;SUDESTE/CENTRO-OESTE;16.076
2024-11-08 03:00:00;NORTE;SUDESTE/CENTRO-OESTE;-120.194
2024-11-08 04:00:00;NORTE;SUDESTE/CENTRO-OESTE;-305.284
2024-11-08 05:00:00;NORTE;SUDESTE/CENTRO-OESTE;-168.363
2024-11-08 06:00:00;NORTE;SUDESTE/CENTRO-OESTE;1205.26299999
2024-11-08 07:00:00;NORTE;SUDESTE/CENTRO-OESTE;2614.88
2024-11-08 08:00:00;NORTE;SUDESTE/CENTRO-OESTE;2224.724
2024-11-08 09:00:00;NORTE;SUDESTE/CENTRO-OESTE;1697.519
2024-11-08 10:00:00;NORTE;SUDESTE/CENTRO-OESTE;1490.791
2024-11-08 11:00:00;NORTE;SUDESTE/CENTRO-OESTE;1403.597
2024-11-08 12:00:00;NORTE;SUDESTE/CENTRO-OESTE;1394.516
2024-11-08 13:00:00;NORTE;SUDESTE/CENTRO-OESTE;1230.692
2024-11-08 14:00:00;NORTE;SUDESTE/CENTRO-OESTE;1165.968
2024-11-08 15:00:00;NORTE;SUDESTE/CENTRO-OESTE;886.722
2024-11-08 16:00:00;NORTE;SUDESTE/CENTRO-OESTE;903.232
2024-11-08 17:00:00;NORTE;SUDESTE/CENTRO-OESTE;810.832
2024-11-08 18:00:00;NORTE;SUDESTE/CENTRO-OESTE;2060.851
2024-11-08 19:00:00;NORTE;SUDESTE/CENTRO-OESTE;2317.061
2024-11-08 20:00:00;NORTE;SUDESTE/CENTRO-OESTE;2031.648
2024-11-08 21:00:00;NORTE;SUDESTE/CENTRO-OESTE;2031.648
2024-11-08 22:00:00;NORTE;SUDESTE/CENTRO-OESTE;2031.648
2024-11-08 23:00:00;NORTE;SUDESTE/CENTRO-OESTE;2031.648
2024-11-09 00:00:00;NORTE;SUDESTE/CENTRO-OESTE;-463.997
2024-11-09 01:00:00;NORTE;SUDESTE/CENTRO-OESTE;-667.016
2024-11-09 02:00:00;NORTE;SUDESTE/CENTRO-OESTE;-408.36
2024-11-09 03:00:00;NORTE;SUDESTE/CENTRO-OESTE;101.288
2024-11-09 04:00:00;NORTE;SUDESTE/CENTRO-OESTE;330.69
2024-11-09 05:00:00;NORTE;SUDESTE/CENTRO-OESTE;698.87
2024-11-09 06:00:00;NORTE;SUDESTE/CENTRO-OESTE;1970.64
2024-11-09 07:00:00;NORTE;SUDESTE/CENTRO-OESTE;3076.46
2024-11-09 08:00:00;NORTE;SUDESTE/CENTRO-OESTE;3032.35
2024-11-09 09:00:00;NORTE;SUDESTE/CENTRO-OESTE;3070.71999999
2024-11-09 10:00:00;NORTE;SUDESTE/CENTRO-OESTE;3122.78
2024-11-09 11:00:00;NORTE;SUDESTE/CENTRO-OESTE;3087.6
2024-11-09 12:00:00;NORTE;SUDESTE/CENTRO-OESTE;3130.38
2024-11-09 13:00:00;NORTE;SUDESTE/CENTRO-OESTE;2884.03
2024-11-09 14:00:00;NORTE;SUDESTE/CENTRO-OESTE;2437.92
2024-11-09 15:00:00;NORTE;SUDESTE/CENTRO-OESTE;1653.01
2024-11-09 16:00:00;NORTE;SUDESTE/CENTRO-OESTE;664.04
2024-11-09 17:00:00;NORTE;SUDESTE/CENTRO-OESTE;211.8
2024-11-09 18:00:00;NORTE;SUDESTE/CENTRO-OESTE;575.46
2024-11-09 19:00:00;NORTE;SUDESTE/CENTRO-OESTE;936.56
2024-11-09 20:00:00;NORTE;SUDESTE/CENTRO-OESTE;456.51
2024-11-09 21:00:00;NORTE;SUDESTE/CENTRO-OESTE;232.1
2024-11-09 22:00:00;NORTE;SUDESTE/CENTRO-OESTE;55.65
2024-11-09 23:00:00;NORTE;SUDESTE/CENTRO-OESTE;141.65
2024-11-10 00:00:00;NORTE;SUDESTE/CENTRO-OESTE;-99.88
2024-11-10 01:00:00;NORTE;SUDESTE/CENTRO-OESTE;134.59
2024-11-10 02:00:00;NORTE;SUDESTE/CENTRO-OESTE;549.47
2024-11-10 03:00:00;NORTE;SUDESTE/CENTRO-OESTE;103.26
2024-11-10 04:00:00;NORTE;SUDESTE/CENTRO-OESTE;317.36
2024-11-10 05:00:00;NORTE;SUDESTE/CENTRO-OESTE;549.73
2024-11-10 06:00:00;NORTE;SUDESTE/CENTRO-OESTE;760.55999999
2024-11-10 07:00:00;NORTE;SUDESTE/CENTRO-OESTE;995.74
2024-11-10 08:00:00;NORTE;SUDESTE/CENTRO-OESTE;434.73
2024-11-10 09:00:00;NORTE;SUDESTE/CENTRO-OESTE;176.15
2024-11-10 10:00:00;NORTE;SUDESTE/CENTRO-OESTE;143.38999999
2024-11-10 11:00:00;NORTE;SUDESTE/CENTRO-OESTE;358.33
2024-11-10 12:00:00;NORTE;SUDESTE/CENTRO-OESTE;305.57
2024-11-10 13:00:00;NORTE;SUDESTE/CENTRO-OESTE;109.69
2024-11-10 14:00:00;NORTE;SUDESTE/CENTRO-OESTE;-80.15
2024-11-10 15:00:00;NORTE;SUDESTE/CENTRO-OESTE;-221.22
2024-11-10 16:00:00;NORTE;SUDESTE/CENTRO-OESTE;-35.65
2024-11-10 17:00:00;NORTE;SUDESTE/CENTRO-OESTE;416.92
2024-11-10 18:00:00;NORTE;SUDESTE/CENTRO-OESTE;1383.68
2024-11-10 19:00:00;NORTE;SUDESTE/CENTRO-OESTE;1545.46
2024-11-10 20:00:00;NORTE;SUDESTE/CENTRO-OESTE;711.29
2024-11-10 21:00:00;NORTE;SUDESTE/CENTRO-OESTE;218.16
2024-11-10 22:00:00;NORTE;SUDESTE/CENTRO-OESTE;53.7
2024-11-10 23:00:00;NORTE;SUDESTE/CENTRO-OESTE;-407.27
2024-11-11 00:00:00;NORTE;SUDESTE/CENTRO-OESTE;-1420.056
2024-11-11 01:00:00;NORTE;SUDESTE/CENTRO-OESTE;-1796.817
2024-11-11 02:00:00;NORTE;SUDESTE/CENTRO-OESTE;-1546.377
2024-11-11 03:00:00;NORTE;SUDESTE/CENTRO-OESTE;-1399.063
2024-11-11 04:00:00;NORTE;SUDESTE/CENTRO-OESTE;-1537.24499999
2024-11-11 05:00:00;NORTE;SUDESTE/CENTRO-OESTE;-1308.52399999
2024-11-11 06:00:00;NORTE;SUDESTE/CENTRO-OESTE;-186.997
2024-11-11 07:00:00;NORTE;SUDESTE/CENTRO-OESTE;1278.97
2024-11-11 08:00:00;NORTE;SUDESTE/CENTRO-OESTE;1314.871
2024-11-11 09:00:00;NORTE;SUDESTE/CENTRO-OESTE;1167.797
2024-11-11 10:00:00;NORTE;SUDESTE/CENTRO-OESTE;1227.43
2024-11-11 11:00:00;NORTE;SUDESTE/CENTRO-OESTE;1127.931
2024-11-11 12:00:00;NORTE;SUDESTE/CENTRO-OESTE;921.405
2024-11-11 13:00:00;NORTE;SUDESTE/CENTRO-OESTE;649.02599999
2024-11-11 14:00:00;NORTE;SUDESTE/CENTRO-OESTE;663.874
2024-11-11 15:00:00;NORTE;SUDESTE/CENTRO-OESTE;355.39299999
2024-11-11 16:00:00;NORTE;SUDESTE/CENTRO-OESTE;-3.594
2024-11-11 17:00:00;NORTE;SUDESTE/CENTRO-OESTE;233.844
2024-11-11 18:00:00;NORTE;SUDESTE/CENTRO-OESTE;834.11
2024-11-11 19:00:00;NORTE;SUDESTE/CENTRO-OESTE;1123.326
2024-11-11 20:00:00;NORTE;SUDESTE/CENTRO-OESTE;810.837
2024-11-11 21:00:00;NORTE;SUDESTE/CENTRO-OESTE;222.337
2024-11-11 22:00:00;NORTE;SUDESTE/CENTRO-OESTE;-516.72299999
2024-11-11 23:00:00;NORTE;SUDESTE/CENTRO-OESTE;-953.194
2024-11-12 00:00:00;NORTE;SUDESTE/CENTRO-OESTE;-2159.393
2024-11-12 01:00:00;NORTE;SUDESTE/CENTRO-OESTE;-2349.42999999
2024-11-12 02:00:00;NORTE;SUDESTE/CENTRO-OESTE;-2956.721
2024-11-12 03:00:00;NORTE;SUDESTE/CENTRO-OESTE;-3107.31
2024-11-12 04:00:00;NORTE;SUDESTE/CENTRO-OESTE;-2908.187
2024-11-12 05:00:00;NORTE;SUDESTE/CENTRO-OESTE;-2453.885
2024-11-12 06:00:00;NORTE;SUDESTE/CENTRO-OESTE;-1729.919
2024-11-12 07:00:00;NORTE;SUDESTE/CENTRO-OESTE;-955.106
2024-11-12 08:00:00;NORTE;SUDESTE/CENTRO-OESTE;-826.083
2024-11-12 09:00:00;NORTE;SUDESTE/CENTRO-OESTE;-510.824
2024-11-12 10:00:00;NORTE;SUDESTE/CENTRO-OESTE;-195.959
2024-11-12 11:00:00;NORTE;SUDESTE/CENTRO-OESTE;273.784
2024-11-12 12:00:00;NORTE;SUDESTE/CENTRO-OESTE;894.798
2024-11-12 13:00:00;NORTE;SUDESTE/CENTRO-OESTE;242.982
2024-11-12 14:00:00;NORTE;SUDESTE/CENTRO-OESTE;38.759
2024-11-12 15:00:00;NORTE;SUDESTE/CENTRO-OESTE;-256.469
2024-11-12 16:00:00;NORTE;SUDESTE/CENTRO-OESTE;-359.108
2024-11-12 17:00:00;NORTE;SUDESTE/CENTRO-OESTE;52.81
2024-11-12 18:00:00;NORTE;SUDESTE/CENTRO-OESTE;725.272
2024-11-12 19:00:00;NORTE;SUDESTE/CENTRO-OESTE;1150.613
2024-11-12 20:00:00;NORTE;SUDESTE/CENTRO-OESTE;1093.34999999
2024-11-12 21:00:00;NORTE;SUDESTE/CENTRO-OESTE;855.926
2024-11-12 22:00:00;NORTE;SUDESTE/CENTRO-OESTE;182.162
2024-11-12 23:00:00;NORTE;SUDESTE/CENTRO-OESTE;-535.062
2024-11-13 00:00:00;NORTE;SUDESTE/CENTRO-OESTE;-1199.839
2024-11-13 01:00:00;NORTE;SUDESTE/CENTRO-OESTE;-1184.88899999
2024-11-13 02:00:00;NORTE;SUDESTE/CENTRO-OESTE;-1042.901
2024-11-13 03:00:00;NORTE;SUDESTE/CENTRO-OESTE;-759.327
2024-11-13 04:00:00;NORTE;SUDESTE/CENTRO-OESTE;-511.845
2024-11-13 05:00:00;NORTE;SUDESTE/CENTRO-OESTE;-271.89999999
2024-11-13 06:00:00;NORTE;SUDESTE/CENTRO-OESTE;1418.025
2024-11-13 07:00:00;NORTE;SUDESTE/CENTRO-OESTE;3131.472
2024-11-13 08:00:00;NORTE;SUDESTE/CENTRO-OESTE;3351.506
2024-11-13 09:00:00;NORTE;SUDESTE/CENTRO-OESTE;3235.83599999
2024-11-13 10:00:00;NORTE;SUDESTE/CENTRO-OESTE;3004.295
2024-11-13 11:00:00;NORTE;SUDESTE/CENTRO-OESTE;3075.579
2024-11-13 12:00:00;NORTE;SUDESTE/CENTRO-OESTE;3066.596
2024-11-13 13:00:00;NORTE;SUDESTE/CENTRO-OESTE;2337.71999999
2024-11-13 14:00:00;NORTE;SUDESTE/CENTRO-OESTE;1615.027
2024-11-13 15:00:00;NORTE;SUDESTE/CENTRO-OESTE;1670.04
2024-11-13 16:00:00;NORTE;SUDESTE/CENTRO-OESTE;1400.176
2024-11-13 17:00:00;NORTE;SUDESTE/CENTRO-OESTE;1897.382
2024-11-13 18:00:00;NORTE;SUDESTE/CENTRO-OESTE;2240.967
2024-11-13 19:00:00;NORTE;SUDESTE/CENTRO-OESTE;2663.092
2024-11-13 20:00:00;NORTE;SUDESTE/CENTRO-OESTE;2019.405
2024-11-13 21:00:00;NORTE;SUDESTE/CENTRO-OESTE;1327.693
2024-11-13 22:00:00;NORTE;SUDESTE/CENTRO-OESTE;740.225
2024-11-13 23:00:00;NORTE;SUDESTE/CENTRO-OESTE;177.458
2024-11-14 00:00:00;NORTE;SUDESTE/CENTRO-OESTE;-622.32899999
2024-11-14 01:00:00;NORTE;SUDESTE/CENTRO-OESTE;-856.073
2024-11-14 02:00:00;NORTE;SUDESTE/CENTRO-OESTE;-417.424
2024-11-14 03:00:00;NORTE;SUDESTE/CENTRO-OESTE;181.334
2024-11-14 04:00:00;NORTE;SUDESTE/CENTRO-OESTE;174.251
2024-11-14 05:00:00;NORTE;SUDESTE/CENTRO-OESTE;810.124
2024-11-14 06:00:00;NORTE;SUDESTE/CENTRO-OESTE;2160.177
2024-11-14 07:00:00;NORTE;SUDESTE/CENTRO-OESTE;3176.04
2024-11-14 08:00:00;NORTE;SUDESTE/CENTRO-OESTE;3422.6
2024-11-14 09:00:00;NORTE;SUDESTE/CENTRO-OESTE;3441.077
2024-11-14 10:00:00;NORTE;SUDESTE/CENTRO-OESTE;3415.208
2024-11-14 11:00:00;NORTE;SUDESTE/CENTRO-OESTE;3316.977
2024-11-14 12:00:00;NORTE;SUDESTE/CENTRO-OESTE;3372.492
2024-11-14 13:00:00;NORTE;SUDESTE/CENTRO-OESTE;2574.089
2024-11-14 14:00:00;NORTE;SUDESTE/CENTRO-OESTE;2100.054
2024-11-14 15:00:00;NORTE;SUDESTE/CENTRO-OESTE;1373.377
2024-11-14 16:00:00;NORTE;SUDESTE/CENTRO-OESTE;1295.22
2024-11-14 17:00:00;NORTE;SUDESTE/CENTRO-OESTE;1580.45
2024-11-14 18:00:00;NORTE;SUDESTE/CENTRO-OESTE;1977.984
2024-11-14 19:00:00;NORTE;SUDESTE/CENTRO-OESTE;2456.187
2024-11-14 20:00:00;NORTE;SUDESTE/CENTRO-OESTE;1813.27
2024-11-14 21:00:00;NORTE;SUDESTE/CENTRO-OESTE;1492.309
2024-11-14 22:00:00;NORTE;SUDESTE/CENTRO-OESTE;1423.451
2024-11-14 23:00:00;NORTE;SUDESTE/CENTRO-OESTE;1425.99
2024-11-15 00:00:00;NORTE;SUDESTE/CENTRO-OESTE;1003.591
2024-11-15 01:00:00;NORTE;SUDESTE/CENTRO-OESTE;1055.21
2024-11-15 02:00:00;NORTE;SUDESTE/CENTRO-OESTE;1201.094
2024-11-15 03:00:00;NORTE;SUDESTE/CENTRO-OESTE;1204.526
2024-11-15 04:00:00;NORTE;SUDESTE/CENTRO-OESTE;1138.001
2024-11-15 05:00:00;NORTE;SUDESTE/CENTRO-OESTE;1270.12899999
2024-11-15 06:00:00;NORTE;SUDESTE/CENTRO-OESTE;2071.91
2024-11-15 07:00:00;NORTE;SUDESTE/CENTRO-OESTE;1994.071
2024-11-15 08:00:00;NORTE;SUDESTE/CENTRO-OESTE;2069.985
2024-11-15 09:00:00;NORTE;SUDESTE/CENTRO-OESTE;2205.487
2024-11-15 10:00:00;NORTE;SUDESTE/CENTRO-OESTE;2547.614
2024-11-15 11:00:00;NORTE;SUDESTE/CENTRO-OESTE;2580.79799999
2024-11-15 12:00:00;NORTE;SUDESTE/CENTRO-OESTE;2455.84499999
2024-11-15 13:00:00;NORTE;SUDESTE/CENTRO-OESTE;2585.505
2024-11-15 14:00:00;NORTE;SUDESTE/CENTRO-OESTE;2508.86
2024-11-15 15:00:00;NORTE;SUDESTE/CENTRO-OESTE;2171.785
2024-11-15 16:00:00;NORTE;SUDESTE/CENTRO-OESTE;1884.889
2024-11-15 17:00:00;NORTE;SUDESTE/CENTRO-OESTE;1309.636
2024-11-15 18:00:00;NORTE;SUDESTE/CENTRO-OESTE;1702.42
2024-11-15 19:00:00;NORTE;SUDESTE/CENTRO-OESTE;2920.801
2024-11-15 20:00:00;NORTE;SUDESTE/CENTRO-OESTE;2431.25799999
2024-11-15 21:00:00;NORTE;SUDESTE/CENTRO-OESTE;1847.711
2024-11-15 22:00:00;NORTE;SUDESTE/CENTRO-OESTE;1787.647
2024-11-15 23:00:00;NORTE;SUDESTE/CENTRO-OESTE;1474.885
2024-11-16 00:00:00;NORTE;SUDESTE/CENTRO-OESTE;1440.396
2024-11-16 01:00:00;NORTE;SUDESTE/CENTRO-OESTE;1725.034
2024-11-16 02:00:00;NORTE;SUDESTE/CENTRO-OESTE;1819.64899999
2024-11-16 03:00:00;NORTE;SUDESTE/CENTRO-OESTE;1945.496
2024-11-16 04:00:00;NORTE;SUDESTE/CENTRO-OESTE;2031.792
2024-11-16 05:00:00;NORTE;SUDESTE/CENTRO-OESTE;2463.813
2024-11-16 06:00:00;NORTE;SUDESTE/CENTRO-OESTE;3361.896
2024-11-16 07:00:00;NORTE;SUDESTE/CENTRO-OESTE;3455.95
2024-11-16 08:00:00;NORTE;SUDESTE/CENTRO-OESTE;3642.442
2024-11-16 09:00:00;NORTE;SUDESTE/CENTRO-OESTE;4176.011
2024-11-16 10:00:00;NORTE;SUDESTE/CENTRO-OESTE;3650.038
2024-11-16 11:00:00;NORTE;SUDESTE/CENTRO-OESTE;3652.429
2024-11-16 12:00:00;NORTE;SUDESTE/CENTRO-OESTE;3739.889
2024-11-16 13:00:00;NORTE;SUDESTE/CENTRO-OESTE;3657.629
2024-11-16 14:00:00;NORTE;SUDESTE/CENTRO-OESTE;3419.08599999
2024-11-16 15:00:00;NORTE;SUDESTE/CENTRO-OESTE;2828.814
2024-11-16 16:00:00;NORTE;SUDESTE/CENTRO-OESTE;1972.859
2024-11-16 17:00:00;NORTE;SUDESTE/CENTRO-OESTE;1442.586
2024-11-16 18:00:00;NORTE;SUDESTE/CENTRO-OESTE;1744.123
2024-11-16 19:00:00;NORTE;SUDESTE/CENTRO-OESTE;2676.704
2024-11-16 20:00:00;NORTE;SUDESTE/CENTRO-OESTE;2486.946
2024-11-16 21:00:00;NORTE;SUDESTE/CENTRO-OESTE;1985.696
2024-11-16 22:00:00;NORTE;SUDESTE/CENTRO-OESTE;1798.739
2024-11-16 23:00:00;NORTE;SUDESTE/CENTRO-OESTE;1618.935
2024-11-17 00:00:00;NORTE;SUDESTE/CENTRO-OESTE;1595.146
2024-11-17 01:00:00;NORTE;SUDESTE/CENTRO-OESTE;1379.503
2024-11-17 02:00:00;NORTE;SUDESTE/CENTRO-OESTE;1494.27
2024-11-17 03:00:00;NORTE;SUDESTE/CENTRO-OESTE;1758.059
2024-11-17 04:00:00;NORTE;SUDESTE/CENTRO-OESTE;1942.219
2024-11-17 05:00:00;NORTE;SUDESTE/CENTRO-OESTE;2333.36499999
2024-11-17 06:00:00;NORTE;SUDESTE/CENTRO-OESTE;2392.36299999
2024-11-17 07:00:00;NORTE;SUDESTE/CENTRO-OESTE;1659.755
2024-11-17 08:00:00;NORTE;SUDESTE/CENTRO-OESTE;1220.259
2024-11-17 09:00:00;NORTE;SUDESTE/CENTRO-OESTE;962.909
2024-11-17 10:00:00;NORTE;SUDESTE/CENTRO-OESTE;913.274
2024-11-17 11:00:00;NORTE;SUDESTE/CENTRO-OESTE;841.899
2024-11-17 12:00:00;NORTE;SUDESTE/CENTRO-OESTE;669.844
2024-11-17 13:00:00;NORTE;SUDESTE/CENTRO-OESTE;712.951
2024-11-17 14:00:00;NORTE;SUDESTE/CENTRO-OESTE;757.945
2024-11-17 15:00:00;NORTE;SUDESTE/CENTRO-OESTE;1127.38799999
2024-11-17 16:00:00;NORTE;SUDESTE/CENTRO-OESTE;1051.409
2024-11-17 17:00:00;NORTE;SUDESTE/CENTRO-OESTE;768.856
2024-11-17 18:00:00;NORTE;SUDESTE/CENTRO-OESTE;1386.045
2024-11-17 19:00:00;NORTE;SUDESTE/CENTRO-OESTE;2263.172
2024-11-17 20:00:00;NORTE;SUDESTE/CENTRO-OESTE;1919.572
2024-11-17 21:00:00;NORTE;SUDESTE/CENTRO-OESTE;1468.976
2024-11-17 22:00:00;NORTE;SUDESTE/CENTRO-OESTE;744.914
2024-11-17 23:00:00;NORTE;SUDESTE/CENTRO-OESTE;475.813
2024-11-18 00:00:00;NORTE;SUDESTE/CENTRO-OESTE;637.00699999
2024-11-18 01:00:00;NORTE;SUDESTE/CENTRO-OESTE;914.366
2024-11-18 02:00:00;NORTE;SUDESTE/CENTRO-OESTE;1165.67
2024-11-18 03:00:00;NORTE;SUDESTE/CENTRO-OESTE;1304.765
2024-11-18 04:00:00;NORTE;SUDESTE/CENTRO-OESTE;1465.817
2024-11-18 05:00:00;NORTE;SUDESTE/CENTRO-OESTE;1647.483
2024-11-18 06:00:00;NORTE;SUDESTE/CENTRO-OESTE;2672.337
2024-11-18 07:00:00;NORTE;SUDESTE/CENTRO-OESTE;3581.025
2024-11-18 08:00:00;NORTE;SUDESTE/CENTRO-OESTE;3579.351
2024-11-18 09:00:00;NORTE;SUDESTE/CENTRO-OESTE;3474.985
2024-11-18 10:00:00;NORTE;SUDESTE/CENTRO-OESTE;3219.892
2024-11-18 11:00:00;NORTE;SUDESTE/CENTRO-OESTE;3015.444
2024-11-18 12:00:00;NORTE;SUDESTE/CENTRO-OESTE;2590.085
2024-11-18 13:00:00;NORTE;SUDESTE/CENTRO-OESTE;1912.456
2024-11-18 14:00:00;NORTE;SUDESTE/CENTRO-OESTE;950.557
2024-11-18 15:00:00;NORTE;SUDESTE/CENTRO-OESTE;629.28599999
2024-11-18 16:00:00;NORTE;SUDESTE/CENTRO-OESTE;466.506
2024-11-18 17:00:00;NORTE;SUDESTE/CENTRO-OESTE;545.45
2024-11-18 18:00:00;NORTE;SUDESTE/CENTRO-OESTE;1371.432
2024-11-18 19:00:00;NORTE;SUDESTE/CENTRO-OESTE;2551.701
2024-11-18 20:00:00;NORTE;SUDESTE/CENTRO-OESTE;2156.772
2024-11-18 21:00:00;NORTE;SUDESTE/CENTRO-OESTE;1154.768
2024-11-18 22:00:00;NORTE;SUDESTE/CENTRO-OESTE;1047.419
2024-11-18 23:00:00;NORTE;SUDESTE/CENTRO-OESTE;654.15599999
2024-11-19 00:00:00;NORTE;SUDESTE/CENTRO-OESTE;495.181
2024-11-19 01:00:00;NORTE;SUDESTE/CENTRO-OESTE;465.521
2024-11-19 02:00:00;NORTE;SUDESTE/CENTRO-OESTE;579.048
2024-11-19 03:00:00;NORTE;SUDESTE/CENTRO-OESTE;690.493
2024-11-19 04:00:00;NORTE;SUDESTE/CENTRO-OESTE;705.321
2024-11-19 05:00:00;NORTE;SUDESTE/CENTRO-OESTE;992.93
2024-11-19 06:00:00;NORTE;SUDESTE/CENTRO-OESTE;1944.173
2024-11-19 07:00:00;NORTE;SUDESTE/CENTRO-OESTE;3094.262
2024-11-19 08:00:00;NORTE;SUDESTE/CENTRO-OESTE;2821.65
2024-11-19 09:00:00;NORTE;SUDESTE/CENTRO-OESTE;2389.439
2024-11-19 10:00:00;NORTE;SUDESTE/CENTRO-OESTE;1794.791
2024-11-19 11:00:00;NORTE;SUDESTE/CENTRO-OESTE;1371.60899999
2024-11-19 12:00:00;NORTE;SUDESTE/CENTRO-OESTE;1003.915
2024-11-19 13:00:00;NORTE;SUDESTE/CENTRO-OESTE;502.982
2024-11-19 14:00:00;NORTE;SUDESTE/CENTRO-OESTE;489.301
2024-11-19 15:00:00;NORTE;SUDESTE/CENTRO-OESTE;812.034
2024-11-19 16:00:00;NORTE;SUDESTE/CENTRO-OESTE;879.947
2024-11-19 17:00:00;NORTE;SUDESTE/CENTRO-OESTE;966.314
2024-11-19 18:00:00;NORTE;SUDESTE/CENTRO-OESTE;1445.137
2024-11-19 19:00:00;NORTE;SUDESTE/CENTRO-OESTE;2177.27
2024-11-19 20:00:00;NORTE;SUDESTE/CENTRO-OESTE;1588.775
2024-11-19 21:00:00;NORTE;SUDESTE/CENTRO-OESTE;600.69
2024-11-19 22:00:00;NORTE;SUDESTE/CENTRO-OESTE;348.809
2024-11-19 23:00:00;NORTE;SUDESTE/CENTRO-OESTE;-39.613
2024-11-20 00:00:00;NORTE;SUDESTE/CENTRO-OESTE;-297.482
2024-11-20 01:00:00;NORTE;SUDESTE/CENTRO-OESTE;-152.816
2024-11-20 02:00:00;NORTE;SUDESTE/CENTRO-OESTE;433.302
2024-11-20 03:00:00;NORTE;SUDESTE/CENTRO-OESTE;274.274
2024-11-20 04:00:00;NORTE;SUDESTE/CENTRO-OESTE;404.189
2024-11-20 05:00:00;NORTE;SUDESTE/CENTRO-OESTE;645.104
2024-11-20 06:00:00;NORTE;SUDESTE/CENTRO-OESTE;1918.221
2024-11-20 07:00:00;NORTE;SUDESTE/CENTRO-OESTE;2808.475
2024-11-20 08:00:00;NORTE;SUDESTE/CENTRO-OESTE;2881.4
2024-11-20 09:00:00;NORTE;SUDESTE/CENTRO-OESTE;2646.034
2024-11-20 10:00:00;NORTE;SUDESTE/CENTRO-OESTE;2465.417
2024-11-20 11:00:00;NORTE;SUDESTE/CENTRO-OESTE;2741.467
2024-11-20 12:00:00;NORTE;SUDESTE/CENTRO-OESTE;2464.828
2024-11-20 13:00:00;NORTE;SUDESTE/CENTRO-OESTE;1691.994
2024-11-20 14:00:00;NORTE;SUDESTE/CENTRO-OESTE;1195.43
2024-11-20 15:00:00;NORTE;SUDESTE/CENTRO-OESTE;1151.29
2024-11-20 16:00:00;NORTE;SUDESTE/CENTRO-OESTE;1120.438
2024-11-20 17:00:00;NORTE;SUDESTE/CENTRO-OESTE;681.11699999
2024-11-20 18:00:00;NORTE;SUDESTE/CENTRO-OESTE;1348.604
2024-11-20 19:00:00;NORTE;SUDESTE/CENTRO-OESTE;2286.286
2024-11-20 20:00:00;NORTE;SUDESTE/CENTRO-OESTE;1712.853
2024-11-20 21:00:00;NORTE;SUDESTE/CENTRO-OESTE;786.246
2024-11-20 22:00:00;NORTE;SUDESTE/CENTRO-OESTE;694.275
2024-11-20 23:00:00;NORTE;SUDESTE/CENTRO-OESTE;294.47
2024-11-21 00:00:00;NORTE;SUDESTE/CENTRO-OESTE;-224.391
2024-11-21 01:00:00;NORTE;SUDESTE/CENTRO-OESTE;-864.142
2024-11-21 02:00:00;NORTE;SUDESTE/CENTRO-OESTE;-947.703
2024-11-21 03:00:00;NORTE;SUDESTE/CENTRO-OESTE;-923.813
2024-11-21 04:00:00;NORTE;SUDESTE/CENTRO-OESTE;-1046.229
2024-11-21 05:00:00;NORTE;SUDESTE/CENTRO-OESTE;-756.542
2024-11-21 06:00:00;NORTE;SUDESTE/CENTRO-OESTE;360.50599999
2024-11-21 07:00:00;NORTE;SUDESTE/CENTRO-OESTE;1130.54299999
2024-11-21 08:00:00;NORTE;SUDESTE/CENTRO-OESTE;924.534
2024-11-21 09:00:00;NORTE;SUDESTE/CENTRO-OESTE;775.212
2024-11-21 10:00:00;NORTE;SUDESTE/CENTRO-OESTE;694.449
2024-11-21 11:00:00;NORTE;SUDESTE/CENTRO-OESTE;692.545
2024-11-21 12:00:00;NORTE;SUDESTE/CENTRO-OESTE;674.352
2024-11-21 13:00:00;NORTE;SUDESTE/CENTRO-OESTE;368.625
2024-11-21 14:00:00;NORTE;SUDESTE/CENTRO-OESTE;-137.917
2024-11-21 15:00:00;NORTE;SUDESTE/CENTRO-OESTE;-422.02
2024-11-21 16:00:00;NORTE;SUDESTE/CENTRO-OESTE;-89.417
2024-11-21 17:00:00;NORTE;SUDESTE/CENTRO-OESTE;-311.56
2024-11-21 18:00:00;NORTE;SUDESTE/CENTRO-OESTE;255.238
2024-11-21 19:00:00;NORTE;SUDESTE/CENTRO-OESTE;818.384
2024-11-21 20:00:00;NORTE;SUDESTE/CENTRO-OESTE;210.493
2024-11-21 21:00:00;NORTE;SUDESTE/CENTRO-OESTE;-736.277
2024-11-21 22:00:00;NORTE;SUDESTE/CENTRO-OESTE;-1212.107
2024-11-21 23:00:00;NORTE;SUDESTE/CENTRO-OESTE;-1699.743
2024-11-22 00:00:00;NORTE;SUDESTE/CENTRO-OESTE;-2534.70899999
2024-11-22 01:00:00;NORTE;SUDESTE/CENTRO-OESTE;-2725.677
2024-11-22 02:00:00;NORTE;SUDESTE/CENTRO-OESTE;-2777.708
2024-11-22 03:00:00;NORTE;SUDESTE/CENTRO-OESTE;-2938.106
2024-11-22 04:00:00;NORTE;SUDESTE/CENTRO-OESTE;-2736.915
2024-11-22 05:00:00;NORTE;SUDESTE/CENTRO-OESTE;-2450.52799999
2024-11-22 06:00:00;NORTE;SUDESTE/CENTRO-OESTE;-1706.504
2024-11-22 07:00:00;NORTE;SUDESTE/CENTRO-OESTE;-866.808
2024-11-22 08:00:00;NORTE;SUDESTE/CENTRO-OESTE;-285.645
2024-11-22 09:00:00;NORTE;SUDESTE/CENTRO-OESTE;128.477
2024-11-22 10:00:00;NORTE;SUDESTE/CENTRO-OESTE;204.982
2024-11-22 11:00:00;NORTE;SUDESTE/CENTRO-OESTE;185.077
2024-11-22 12:00:00;NORTE;SUDESTE/CENTRO-OESTE;-104.262
2024-11-22 13:00:00;NORTE;SUDESTE/CENTRO-OESTE;-559.053
2024-11-22 14:00:00;NORTE;SUDESTE/CENTRO-OESTE;-655.095
2024-11-22 15:00:00;NORTE;SUDESTE/CENTRO-OESTE;-655.118
2024-11-22 16:00:00;NORTE;SUDESTE/CENTRO-OESTE;-910.518
2024-11-22 17:00:00;NORTE;SUDESTE/CENTRO-OESTE;-914.45
2024-11-22 18:00:00;NORTE;SUDESTE/CENTRO-OESTE;3.52
2024-11-22 19:00:00;NORTE;SUDESTE/CENTRO-OESTE;568.222
2024-11-22 20:00:00;NORTE;SUDESTE/CENTRO-OESTE;94.177
2024-11-22 21:00:00;NORTE;SUDESTE/CENTRO-OESTE;-654.419
2024-11-22 22:00:00;NORTE;SUDESTE/CENTRO-OESTE;-1321.74499999
2024-11-22 23:00:00;NORTE;SUDESTE/CENTRO-OESTE;-2548.88
2024-11-23 00:00:00;NORTE;SUDESTE/CENTRO-OESTE;-3022.123
2024-11-23 01:00:00;NORTE;SUDESTE/CENTRO-OESTE;-3223.919
2024-11-23 02:00:00;NORTE;SUDESTE/CENTRO-OESTE;-3078.433
2024-11-23 03:00:00;NORTE;SUDESTE/CENTRO-OESTE;-3063.998
2024-11-23 04:00:00;NORTE;SUDESTE/CENTRO-OESTE;-3449.543
2024-11-23 05:00:00;NORTE;SUDESTE/CENTRO-OESTE;-3136.53
2024-11-23 06:00:00;NORTE;SUDESTE/CENTRO-OESTE;-2031.034
2024-11-23 07:00:00;NORTE;SUDESTE/CENTRO-OESTE;-1445.924
2024-11-23 08:00:00;NORTE;SUDESTE/CENTRO-OESTE;-1237.882
2024-11-23 09:00:00;NORTE;SUDESTE/CENTRO-OESTE;-741.968
2024-11-23 10:00:00;NORTE;SUDESTE/CENTRO-OESTE;-417.629
2024-11-23 11:00:00;NORTE;SUDESTE/CENTRO-OESTE;-437.249
2024-11-23 12:00:00;NORTE;SUDESTE/CENTRO-OESTE;-413.492
2024-11-23 13:00:00;NORTE;SUDESTE/CENTRO-OESTE;-643.6
2024-11-23 14:00:00;NORTE;SUDESTE/CENTRO-OESTE;-532.422
2024-11-23 15:00:00;NORTE;SUDESTE/CENTRO-OESTE;-929.232
2024-11-23 16:00:00;NORTE;SUDESTE/CENTRO-OESTE;-1228.267
2024-11-23 17:00:00;NORTE;SUDESTE/CENTRO-OESTE;-1346.006
2024-11-23 18:00:00;NORTE;SUDESTE/CENTRO-OESTE;-1164.154
2024-11-23 19:00:00;NORTE;SUDESTE/CENTRO-OESTE;-850.346
2024-11-23 20:00:00;NORTE;SUDESTE/CENTRO-OESTE;-1039.373
2024-11-23 21:00:00;NORTE;SUDESTE/CENTRO-OESTE;-1108.923
2024-11-23 22:00:00;NORTE;SUDESTE/CENTRO-OESTE;-1649.19699999
2024-11-23 23:00:00;NORTE;SUDESTE/CENTRO-OESTE;-2471.155
2024-11-24 00:00:00;NORTE;SUDESTE/CENTRO-OESTE;-3336.274
2024-11-24 01:00:00;NORTE;SUDESTE/CENTRO-OESTE;-3444.591
2024-11-24 02:00:00;NORTE;SUDESTE/CENTRO-OESTE;-3601.459
2024-11-24 03:00:00;NORTE;SUDESTE/CENTRO-OESTE;-3544.92
2024-11-24 04:00:00;NORTE;SUDESTE/CENTRO-OESTE;-3548.424
2024-11-24 05:00:00;NORTE;SUDESTE/CENTRO-OESTE;-3693.408
2024-11-24 06:00:00;NORTE;SUDESTE/CENTRO-OESTE;-3070.559
2024-11-24 07:00:00;NORTE;SUDESTE/CENTRO-OESTE;-1414.547
2024-11-24 08:00:00;NORTE;SUDESTE/CENTRO-OESTE;-1343.16799999
2024-11-24 09:00:00;NORTE;SUDESTE/CENTRO-OESTE;-1249.57199999
2024-11-24 10:00:00;NORTE;SUDESTE/CENTRO-OESTE;-989.098
2024-11-24 11:00:00;NORTE;SUDESTE/CENTRO-OESTE;-893.663
2024-11-24 12:00:00;NORTE;SUDESTE/CENTRO-OESTE;-919.736
2024-11-24 13:00:00;NORTE;SUDESTE/CENTRO-OESTE;-1010.183
2024-11-24 14:00:00;NORTE;SUDESTE/CENTRO-OESTE;-1043.075
2024-11-24 15:00:00;NORTE;SUDESTE/CENTRO-OESTE;-1239.699
2024-11-24 16:00:00;NORTE;SUDESTE/CENTRO-OESTE;-1190.703
2024-11-24 17:00:00;NORTE;SUDESTE/CENTRO-OESTE;-1110.941
2024-11-24 18:00:00;NORTE;SUDESTE/CENTRO-OESTE;-653.631
2024-11-24 19:00:00;NORTE;SUDESTE/CENTRO-OESTE;-81.646
2024-11-24 20:00:00;NORTE;SUDESTE/CENTRO-OESTE;-521.817
2024-11-24 21:00:00;NORTE;SUDESTE/CENTRO-OESTE;-948.653
2024-11-24 22:00:00;NORTE;SUDESTE/CENTRO-OESTE;-1357.002
2024-11-24 23:00:00;NORTE;SUDESTE/CENTRO-OESTE;-1564.43
2024-11-25 00:00:00;NORTE;SUDESTE/CENTRO-OESTE;-2051.635
2024-11-25 01:00:00;NORTE;SUDESTE/CENTRO-OESTE;-2598.955
2024-11-25 02:00:00;NORTE;SUDESTE/CENTRO-OESTE;-2544.311
2024-11-25 03:00:00;NORTE;SUDESTE/CENTRO-OESTE;-2424.93199999
2024-11-25 04:00:00;NORTE;SUDESTE/CENTRO-OESTE;-2238.819
2024-11-25 05:00:00;NORTE;SUDESTE/CENTRO-OESTE;-1792.938
2024-11-25 06:00:00;NORTE;SUDESTE/CENTRO-OESTE;-543.23
2024-11-25 07:00:00;NORTE;SUDESTE/CENTRO-OESTE;629.97299999
2024-11-25 08:00:00;NORTE;SUDESTE/CENTRO-OESTE;990.469
2024-11-25 09:00:00;NORTE;SUDESTE/CENTRO-OESTE;1066.538
2024-11-25 10:00:00;NORTE;SUDESTE/CENTRO-OESTE;496.916
2024-11-25 11:00:00;NORTE;SUDESTE/CENTRO-OESTE;231.116
2024-11-25 12:00:00;NORTE;SUDESTE/CENTRO-OESTE;67.05
2024-11-25 13:00:00;NORTE;SUDESTE/CENTRO-OESTE;168.89599999
2024-11-25 14:00:00;NORTE;SUDESTE/CENTRO-OESTE;1.19
2024-11-25 15:00:00;NORTE;SUDESTE/CENTRO-OESTE;-524.893
2024-11-25 16:00:00;NORTE;SUDESTE/CENTRO-OESTE;-734.234
2024-11-25 17:00:00;NORTE;SUDESTE/CENTRO-OESTE;-468.169
2024-11-25 18:00:00;NORTE;SUDESTE/CENTRO-OESTE;377.4
2024-11-25 19:00:00;NORTE;SUDESTE/CENTRO-OESTE;1562.192
2024-11-25 20:00:00;NORTE;SUDESTE/CENTRO-OESTE;1348.786
2024-11-25 21:00:00;NORTE;SUDESTE/CENTRO-OESTE;867.042
2024-11-25 22:00:00;NORTE;SUDESTE/CENTRO-OESTE;229.857
2024-11-25 23:00:00;NORTE;SUDESTE/CENTRO-OESTE;-329.891
2024-11-26 00:00:00;NORTE;SUDESTE/CENTRO-OESTE;-792.53599999
2024-11-26 01:00:00;NORTE;SUDESTE/CENTRO-OESTE;-967.237
2024-11-26 02:00:00;NORTE;SUDESTE/CENTRO-OESTE;-675.446
2024-11-26 03:00:00;NORTE;SUDESTE/CENTRO-OESTE;-473.215
2024-11-26 04:00:00;NORTE;SUDESTE/CENTRO-OESTE;-326.90499999
2024-11-26 05:00:00;NORTE;SUDESTE/CENTRO-OESTE;-45.305
2024-11-26 06:00:00;NORTE;SUDESTE/CENTRO-OESTE;834.937
2024-11-26 07:00:00;NORTE;SUDESTE/CENTRO-OESTE;2494.819
2024-11-26 08:00:00;NORTE;SUDESTE/CENTRO-OESTE;3157.579
2024-11-26 09:00:00;NORTE;SUDESTE/CENTRO-OESTE;3414.963
2024-11-26 10:00:00;NORTE;SUDESTE/CENTRO-OESTE;3420.414
2024-11-26 11:00:00;NORTE;SUDESTE/CENTRO-OESTE;3154.457
2024-11-26 12:00:00;NORTE;SUDESTE/CENTRO-OESTE;2938.787
2024-11-26 13:00:00;NORTE;SUDESTE/CENTRO-OESTE;2417.71799999
2024-11-26 14:00:00;NORTE;SUDESTE/CENTRO-OESTE;2009.002
2024-11-26 15:00:00;NORTE;SUDESTE/CENTRO-OESTE;2189.435
2024-11-26 16:00:00;NORTE;SUDESTE/CENTRO-OESTE;1934.338
2024-11-26 17:00:00;NORTE;SUDESTE/CENTRO-OESTE;1993.312
2024-11-26 18:00:00;NORTE;SUDESTE/CENTRO-OESTE;2676.939
2024-11-26 19:00:00;NORTE;SUDESTE/CENTRO-OESTE;3702.506
2024-11-26 20:00:00;NORTE;SUDESTE/CENTRO-OESTE;2998.915
2024-11-26 21:00:00;NORTE;SUDESTE/CENTRO-OESTE;2309.793
2024-11-26 22:00:00;NORTE;SUDESTE/CENTRO-OESTE;2400.256
2024-11-26 23:00:00;NORTE;SUDESTE/CENTRO-OESTE;1539.819
2024-11-27 00:00:00;NORTE;SUDESTE/CENTRO-OESTE;751.386
2024-11-27 01:00:00;NORTE;SUDESTE/CENTRO-OESTE;206.979
2024-11-27 02:00:00;NORTE;SUDESTE/CENTRO-OESTE;36.61399999
2024-11-27 03:00:00;NORTE;SUDESTE/CENTRO-OESTE;171.07
2024-11-27 04:00:00;NORTE;SUDESTE/CENTRO-OESTE;54.21
2024-11-27 05:00:00;NORTE;SUDESTE/CENTRO-OESTE;642.45
2024-11-27 06:00:00;NORTE;SUDESTE/CENTRO-OESTE;2278.035
2024-11-27 07:00:00;NORTE;SUDESTE/CENTRO-OESTE;3058.692
2024-11-27 08:00:00;NORTE;SUDESTE/CENTRO-OESTE;3622.05
2024-11-27 09:00:00;NORTE;SUDESTE/CENTRO-OESTE;3638.454
2024-11-27 10:00:00;NORTE;SUDESTE/CENTRO-OESTE;3468.61499999
2024-11-27 11:00:00;NORTE;SUDESTE/CENTRO-OESTE;3371.846
2024-11-27 12:00:00;NORTE;SUDESTE/CENTRO-OESTE;3319.585
2024-11-27 13:00:00;NORTE;SUDESTE/CENTRO-OESTE;3005.808
2024-11-27 14:00:00;NORTE;SUDESTE/CENTRO-OESTE;2555.862
2024-11-27 15:00:00;NORTE;SUDESTE/CENTRO-OESTE;2779.375
2024-11-27 16:00:00;NORTE;SUDESTE/CENTRO-OESTE;2574.245
2024-11-27 17:00:00;NORTE;SUDESTE/CENTRO-OESTE;2430.585
2024-11-27 18:00:00;NORTE;SUDESTE/CENTRO-OESTE;2879.214
2024-11-27 19:00:00;NORTE;SUDESTE/CENTRO-OESTE;3743.092
2024-11-27 20:00:00;NORTE;SUDESTE/CENTRO-OESTE;2698.639
2024-11-27 21:00:00;NORTE;SUDESTE/CENTRO-OESTE;2109.494
2024-11-27 22:00:00;NORTE;SUDESTE/CENTRO-OESTE;1984.903
2024-11-27 23:00:00;NORTE;SUDESTE/CENTRO-OESTE;1828.3
2024-11-28 00:00:00;NORTE;SUDESTE/CENTRO-OESTE;1501.614
2024-11-28 01:00:00;NORTE;SUDESTE/CENTRO-OESTE;1392.561
2024-11-28 02:00:00;NORTE;SUDESTE/CENTRO-OESTE;1277.179
2024-11-28 03:00:00;NORTE;SUDESTE/CENTRO-OESTE;1055.086
2024-11-28 04:00:00;NORTE;SUDESTE/CENTRO-OESTE;931.838
2024-11-28 05:00:00;NORTE;SUDESTE/CENTRO-OESTE;1498.275
2024-11-28 06:00:00;NORTE;SUDESTE/CENTRO-OESTE;2937.453
2024-11-28 07:00:00;NORTE;SUDESTE/CENTRO-OESTE;3233.136
2024-11-28 08:00:00;NORTE;SUDESTE/CENTRO-OESTE;3563.808
2024-11-28 09:00:00;NORTE;SUDESTE/CENTRO-OESTE;3817.781
2024-11-28 10:00:00;NORTE;SUDESTE/CENTRO-OESTE;3981.038
2024-11-28 11:00:00;NORTE;SUDESTE/CENTRO-OESTE;4156.609
2024-11-28 12:00:00;NORTE;SUDESTE/CENTRO-OESTE;3762.238
2024-11-28 13:00:00;NORTE;SUDESTE/CENTRO-OESTE;2970.969
2024-11-28 14:00:00;NORTE;SUDESTE/CENTRO-OESTE;1990.587
2024-11-28 15:00:00;NORTE;SUDESTE/CENTRO-OESTE;2150.852
2024-11-28 16:00:00;NORTE;SUDESTE/CENTRO-OESTE;2577.397
2024-11-28 17:00:00;NORTE;SUDESTE/CENTRO-OESTE;2236.661
2024-11-28 18:00:00;NORTE;SUDESTE/CENTRO-OESTE;2852.175
2024-11-28 19:00:00;NORTE;SUDESTE/CENTRO-OESTE;3890.755
2024-11-28 20:00:00;NORTE;SUDESTE/CENTRO-OESTE;3332.991
2024-11-28 21:00:00;NORTE;SUDESTE/CENTRO-OESTE;2380.905
2024-11-28 22:00:00;NORTE;SUDESTE/CENTRO-OESTE;1835.006
2024-11-28 23:00:00;NORTE;SUDESTE/CENTRO-OESTE;1111.439
2024-11-29 00:00:00;NORTE;SUDESTE/CENTRO-OESTE;1242.194
2024-11-29 01:00:00;NORTE;SUDESTE/CENTRO-OESTE;933.62
2024-11-29 02:00:00;NORTE;SUDESTE/CENTRO-OESTE;586.913
2024-11-29 03:00:00;NORTE;SUDESTE/CENTRO-OESTE;210.126
2024-11-29 04:00:00;NORTE;SUDESTE/CENTRO-OESTE;293.014
2024-11-29 05:00:00;NORTE;SUDESTE/CENTRO-OESTE;946.292
2024-11-29 06:00:00;NORTE;SUDESTE/CENTRO-OESTE;2030.811
2024-11-29 07:00:00;NORTE;SUDESTE/CENTRO-OESTE;3565.997
2024-11-29 08:00:00;NORTE;SUDESTE/CENTRO-OESTE;2679.071
2024-11-29 09:00:00;NORTE;SUDESTE/CENTRO-OESTE;2236.839
2024-11-29 10:00:00;NORTE;SUDESTE/CENTRO-OESTE;2659.689
2024-11-29 11:00:00;NORTE;SUDESTE/CENTRO-OESTE;3054.005
2024-11-29 12:00:00;NORTE;SUDESTE/CENTRO-OESTE;2862.553
2024-11-29 13:00:00;NORTE;SUDESTE/CENTRO-OESTE;2192.577
2024-11-29 14:00:00;NORTE;SUDESTE/CENTRO-OESTE;1824.878
2024-11-29 15:00:00;NORTE;SUDESTE/CENTRO-OESTE;1434.295
2024-11-29 16:00:00;NORTE;SUDESTE/CENTRO-OESTE;1019.66
2024-11-29 17:00:00;NORTE;SUDESTE/CENTRO-OESTE;1053.58999999
2024-11-29 18:00:00;NORTE;SUDESTE/CENTRO-OESTE;1718.194
2024-11-29 19:00:00;NORTE;SUDESTE/CENTRO-OESTE;2375.292
2024-11-29 20:00:00;NORTE;SUDESTE/CENTRO-OESTE;2414.973
2024-11-29 21:00:00;NORTE;SUDESTE/CENTRO-OESTE;1695.008
2024-11-29 22:00:00;NORTE;SUDESTE/CENTRO-OESTE;1252.172
2024-11-29 23:00:00;NORTE;SUDESTE/CENTRO-OESTE;1028.758
2024-11-30 00:00:00;NORTE;SUDESTE/CENTRO-OESTE;712.32899999
2024-11-30 01:00:00;NORTE;SUDESTE/CENTRO-OESTE;628.586
2024-11-30 02:00:00;NORTE;SUDESTE/CENTRO-OESTE;416.332
2024-11-30 03:00:00;NORTE;SUDESTE/CENTRO-OESTE;403.605
2024-11-30 04:00:00;NORTE;SUDESTE/CENTRO-OESTE;153.08099999
2024-11-30 05:00:00;NORTE;SUDESTE/CENTRO-OESTE;542.236
2024-11-30 06:00:00;NORTE;SUDESTE/CENTRO-OESTE;2171.09
2024-11-30 07:00:00;NORTE;SUDESTE/CENTRO-OESTE;3514.567
2024-11-30 08:00:00;NORTE;SUDESTE/CENTRO-OESTE;3634.418
2024-11-30 09:00:00;NORTE;SUDESTE/CENTRO-OESTE;3883.08
2024-11-30 10:00:00;NORTE;SUDESTE/CENTRO-OESTE;3846.478
2024-11-30 11:00:00;NORTE;SUDESTE/CENTRO-OESTE;3896.666
2024-11-30 12:00:00;NORTE;SUDESTE/CENTRO-OESTE;3771.262
2024-11-30 13:00:00;NORTE;SUDESTE/CENTRO-OESTE;3399.608
2024-11-30 14:00:00;NORTE;SUDESTE/CENTRO-OESTE;3115.392
2024-11-30 15:00:00;NORTE;SUDESTE/CENTRO-OESTE;2576.695
2024-11-30 16:00:00;NORTE;SUDESTE/CENTRO-OESTE;1268.299
2024-11-30 17:00:00;NORTE;SUDESTE/CENTRO-OESTE;1091.355
2024-11-30 18:00:00;NORTE;SUDESTE/CENTRO-OESTE;2232.253
2024-11-30 19:00:00;NORTE;SUDESTE/CENTRO-OESTE;3001.841
2024-11-30 20:00:00;NORTE;SUDESTE/CENTRO-OESTE;2385.481
2024-11-30 21:00:00;NORTE;SUDESTE/CENTRO-OESTE;1512.212
2024-11-30 22:00:00;NORTE;SUDESTE/CENTRO-OESTE;416.536
2024-11-30 23:00:00;NORTE;SUDESTE/CENTRO-OESTE;-257.862
2024-12-01 00:00:00;NORTE;SUDESTE/CENTRO-OESTE;-539.851
2024-12-01 01:00:00;NORTE;SUDESTE/CENTRO-OESTE;-659.52099999
2024-12-01 02:00:00;NORTE;SUDESTE/CENTRO-OESTE;-820.288
2024-12-01 03:00:00;NORTE;SUDESTE/CENTRO-OESTE;-989.283
2024-12-01 04:00:00;NORTE;SUDESTE/CENTRO-OESTE;-899.42
2024-12-01 05:00:00;NORTE;SUDESTE/CENTRO-OESTE;-195.987
2024-12-01 06:00:00;NORTE;SUDESTE/CENTRO-OESTE;995.106
2024-12-01 07:00:00;NORTE;SUDESTE/CENTRO-OESTE;2085.292
2024-12-01 08:00:00;NORTE;SUDESTE/CENTRO-OESTE;2001.002
2024-12-01 09:00:00;NORTE;SUDESTE/CENTRO-OESTE;1660.39
2024-12-01 10:00:00;NORTE;SUDESTE/CENTRO-OESTE;1438.07
2024-12-01 11:00:00;NORTE;SUDESTE/CENTRO-OESTE;1498.366
2024-12-01 12:00:00;NORTE;SUDESTE/CENTRO-OESTE;1524.92
2024-12-01 13:00:00;NORTE;SUDESTE/CENTRO-OESTE;1514.237
2024-12-01 14:00:00;NORTE;SUDESTE/CENTRO-OESTE;1657.396
2024-12-01 15:00:00;NORTE;SUDESTE/CENTRO-OESTE;1542.673
2024-12-01 16:00:00;NORTE;SUDESTE/CENTRO-OESTE;1456.746
2024-12-01 17:00:00;NORTE;SUDESTE/CENTRO-OESTE;1099.414
2024-12-01 18:00:00;NORTE;SUDESTE/CENTRO-OESTE;1984.347
2024-12-01 19:00:00;NORTE;SUDESTE/CENTRO-OESTE;2365.60399999
2024-12-01 20:00:00;NORTE;SUDESTE/CENTRO-OESTE;2224.379
2024-12-01 21:00:00;NORTE;SUDESTE/CENTRO-OESTE;1747.74499999
2024-12-01 22:00:00;NORTE;SUDESTE/CENTRO-OESTE;697.194
2024-12-01 23:00:00;NORTE;SUDESTE/CENTRO-OESTE;-73.348
2024-12-02 00:00:00;NORTE;SUDESTE/CENTRO-OESTE;-650.2
2024-12-02 01:00:00;NORTE;SUDESTE/CENTRO-OESTE;-718.91
2024-12-02 02:00:00;NORTE;SUDESTE/CENTRO-OESTE;-857.564
2024-12-02 03:00:00;NORTE;SUDESTE/CENTRO-OESTE;-852.326
2024-12-02 04:00:00;NORTE;SUDESTE/CENTRO-OESTE;-757.978
2024-12-02 05:00:00;NORTE;SUDESTE/CENTRO-OESTE;-58.416
2024-12-02 06:00:00;NORTE;SUDESTE/CENTRO-OESTE;1363.17
2024-12-02 07:00:00;NORTE;SUDESTE/CENTRO-OESTE;1948.493
2024-12-02 08:00:00;NORTE;SUDESTE/CENTRO-OESTE;2029.143
2024-12-02 09:00:00;NORTE;SUDESTE/CENTRO-OESTE;1941.065
2024-12-02 10:00:00;NORTE;SUDESTE/CENTRO-OESTE;1408.34
2024-12-02 11:00:00;NORTE;SUDESTE/CENTRO-OESTE;1585.084
2024-12-02 12:00:00;NORTE;SUDESTE/CENTRO-OESTE;2232.359
2024-12-02 13:00:00;NORTE;SUDESTE/CENTRO-OESTE;2016.714
2024-12-02 14:00:00;NORTE;SUDESTE/CENTRO-OESTE;2189.33
2024-12-02 15:00:00;NORTE;SUDESTE/CENTRO-OESTE;1796.949
2024-12-02 16:00:00;NORTE;SUDESTE/CENTRO-OESTE;1322.251
2024-12-02 17:00:00;NORTE;SUDESTE/CENTRO-OESTE;670.70399999
2024-12-02 18:00:00;NORTE;SUDESTE/CENTRO-OESTE;1204.16799999
2024-12-02 19:00:00;NORTE;SUDESTE/CENTRO-OESTE;1917.058
2024-12-02 20:00:00;NORTE;SUDESTE/CENTRO-OESTE;1540.108
2024-12-02 21:00:00;NORTE;SUDESTE/CENTRO-OESTE;1264.839
2024-12-02 22:00:00;NORTE;SUDESTE/CENTRO-OESTE;693.024
2024-12-02 23:00:00;NORTE;SUDESTE/CENTRO-OESTE;-387.295
2024-12-03 00:00:00;NORTE;SUDESTE/CENTRO-OESTE;-203.707
2024-12-03 01:00:00;NORTE;SUDESTE/CENTRO-OESTE;-7.571
2024-12-03 02:00:00;NORTE;SUDESTE/CENTRO-OESTE;-653.035
2024-12-03 03:00:00;NORTE;SUDESTE/CENTRO-OESTE;-510.287
2024-12-03 04:00:00;NORTE;SUDESTE/CENTRO-OESTE;-363.513
2024-12-03 05:00:00;NORTE;SUDESTE/CENTRO-OESTE;-276.069
2024-12-03 06:00:00;NORTE;SUDESTE/CENTRO-OESTE;265.35899999
2024-12-03 07:00:00;NORTE;SUDESTE/CENTRO-OESTE;1007.813
2024-12-03 08:00:00;NORTE;SUDESTE/CENTRO-OESTE;948.746
2024-12-03 09:00:00;NORTE;SUDESTE/CENTRO-OESTE;1165.358
2024-12-03 10:00:00;NORTE;SUDESTE/CENTRO-OESTE;1087.563
2024-12-03 11:00:00;NORTE;SUDESTE/CENTRO-OESTE;889.614
2024-12-03 12:00:00;NORTE;SUDESTE/CENTRO-OESTE;1166.663
2024-12-03 13:00:00;NORTE;SUDESTE/CENTRO-OESTE;1150.722
2024-12-03 14:00:00;NORTE;SUDESTE/CENTRO-OESTE;1021.904
2024-12-03 15:00:00;NORTE;SUDESTE/CENTRO-OESTE;1024.647
2024-12-03 16:00:00;NORTE;SUDESTE/CENTRO-OESTE;685.624
2024-12-03 17:00:00;NORTE;SUDESTE/CENTRO-OESTE;609.241
2024-12-03 18:00:00;NORTE;SUDESTE/CENTRO-OESTE;1119.188
2024-12-03 19:00:00;NORTE;SUDESTE/CENTRO-OESTE;1867.135
2024-12-03 20:00:00;NORTE;SUDESTE/CENTRO-OESTE;1653.192
2024-12-03 21:00:00;NORTE;SUDESTE/CENTRO-OESTE;1503.14899999
2024-12-03 22:00:00;NORTE;SUDESTE/CENTRO-OESTE;542.72
2024-12-03 23:00:00;NORTE;SUDESTE/CENTRO-OESTE;-1023.247
2024-12-04 00:00:00;NORTE;SUDESTE/CENTRO-OESTE;-1776.573
2024-12-04 01:00:00;NORTE;SUDESTE/CENTRO-OESTE;-1767.929
2024-12-04 02:00:00;NORTE;SUDESTE/CENTRO-OESTE;-1619.163
2024-12-04 03:00:00;NORTE;SUDESTE/CENTRO-OESTE;-1367.26
2024-12-04 04:00:00;NORTE;SUDESTE/CENTRO-OESTE;-1427.836
2024-12-04 05:00:00;NORTE;SUDESTE/CENTRO-OESTE;-1165.297
2024-12-04 06:00:00;NORTE;SUDESTE/CENTRO-OESTE;13.959
2024-12-04 07:00:00;NORTE;SUDESTE/CENTRO-OESTE;918.082
2024-12-04 08:00:00;NORTE;SUDESTE/CENTRO-OESTE;1163.15799999
2024-12-04 09:00:00;NORTE;SUDESTE/CENTRO-OESTE;1100.421
2024-12-04 10:00:00;NORTE;SUDESTE/CENTRO-OESTE;1219.84099999
2024-12-04 11:00:00;NORTE;SUDESTE/CENTRO-OESTE;1669.883
2024-12-04 12:00:00;NORTE;SUDESTE/CENTRO-OESTE;2043.588
2024-12-04 13:00:00;NORTE;SUDESTE/CENTRO-OESTE;1608.69
2024-12-04 14:00:00;NORTE;SUDESTE/CENTRO-OESTE;1117.18599999
2024-12-04 15:00:00;NORTE;SUDESTE/CENTRO-OESTE;717.107
2024-12-04 16:00:00;NORTE;SUDESTE/CENTRO-OESTE;611.03599999
2024-12-04 17:00:00;NORTE;SUDESTE/CENTRO-OESTE;438.575
2024-12-04 18:00:00;NORTE;SUDESTE/CENTRO-OESTE;941.989
2024-12-04 19:00:00;NORTE;SUDESTE/CENTRO-OESTE;2065.472
2024-12-04 20:00:00;NORTE;SUDESTE/CENTRO-OESTE;2392.833
2024-12-04 21:00:00;NORTE;SUDESTE/CENTRO-OESTE;1612.983
2024-12-04 22:00:00;NORTE;SUDESTE/CENTRO-OESTE;772.647
2024-12-04 23:00:00;NORTE;SUDESTE/CENTRO-OESTE;-274.519
2024-12-05 00:00:00;NORTE;SUDESTE/CENTRO-OESTE;-837.69
2024-12-05 01:00:00;NORTE;SUDESTE/CENTRO-OESTE;-733.715
2024-12-05 02:00:00;NORTE;SUDESTE/CENTRO-OESTE;-851.504
2024-12-05 03:00:00;NORTE;SUDESTE/CENTRO-OESTE;-1034.133
2024-12-05 04:00:00;NORTE;SUDESTE/CENTRO-OESTE;-906.771
2024-12-05 05:00:00;NORTE;SUDESTE/CENTRO-OESTE;-668.662
2024-12-05 06:00:00;NORTE;SUDESTE/CENTRO-OESTE;840.282
2024-12-05 07:00:00;NORTE;SUDESTE/CENTRO-OESTE;2338.77799999
2024-12-05 08:00:00;NORTE;SUDESTE/CENTRO-OESTE;2917.838
2024-12-05 09:00:00;NORTE;SUDESTE/CENTRO-OESTE;2831.043
2024-12-05 10:00:00;NORTE;SUDESTE/CENTRO-OESTE;3075.48
2024-12-05 11:00:00;NORTE;SUDESTE/CENTRO-OESTE;3100.71999999
2024-12-05 12:00:00;NORTE;SUDESTE/CENTRO-OESTE;3087.233
2024-12-05 13:00:00;NORTE;SUDESTE/CENTRO-OESTE;3056.718
2024-12-05 14:00:00;NORTE;SUDESTE/CENTRO-OESTE;3000.266
2024-12-05 15:00:00;NORTE;SUDESTE/CENTRO-OESTE;2433.878
2024-12-05 16:00:00;NORTE;SUDESTE/CENTRO-OESTE;1939.316
2024-12-05 17:00:00;NORTE;SUDESTE/CENTRO-OESTE;2247.573
2024-12-05 18:00:00;NORTE;SUDESTE/CENTRO-OESTE;3168.822
2024-12-05 19:00:00;NORTE;SUDESTE/CENTRO-OESTE;3992.705
2024-12-05 20:00:00;NORTE;SUDESTE/CENTRO-OESTE;3652.738
2024-12-05 21:00:00;NORTE;SUDESTE/CENTRO-OESTE;2837.965
2024-12-05 22:00:00;NORTE;SUDESTE/CENTRO-OESTE;1904.473
2024-12-05 23:00:00;NORTE;SUDESTE/CENTRO-OESTE;1252.42
2024-12-06 00:00:00;NORTE;SUDESTE/CENTRO-OESTE;1145.816
2024-12-06 01:00:00;NORTE;SUDESTE/CENTRO-OESTE;1150.209
2024-12-06 02:00:00;NORTE;SUDESTE/CENTRO-OESTE;1092.78299999
2024-12-06 03:00:00;NORTE;SUDESTE/CENTRO-OESTE;1051.509
2024-12-06 04:00:00;NORTE;SUDESTE/CENTRO-OESTE;1025.04
2024-12-06 05:00:00;NORTE;SUDESTE/CENTRO-OESTE;1322.805
2024-12-06 06:00:00;NORTE;SUDESTE/CENTRO-OESTE;2628.635
2024-12-06 07:00:00;NORTE;SUDESTE/CENTRO-OESTE;3371.206
2024-12-06 08:00:00;NORTE;SUDESTE/CENTRO-OESTE;3407.089
2024-12-06 09:00:00;NORTE;SUDESTE/CENTRO-OESTE;3489.708
2024-12-06 10:00:00;NORTE;SUDESTE/CENTRO-OESTE;3440.79
2024-12-06 11:00:00;NORTE;SUDESTE/CENTRO-OESTE;3180.623
2024-12-06 12:00:00;NORTE;SUDESTE/CENTRO-OESTE;2883.358
2024-12-06 13:00:00;NORTE;SUDESTE/CENTRO-OESTE;2249.792
2024-12-06 14:00:00;NORTE;SUDESTE/CENTRO-OESTE;2276.98
2024-12-06 15:00:00;NORTE;SUDESTE/CENTRO-OESTE;2667.384
2024-12-06 16:00:00;NORTE;SUDESTE/CENTRO-OESTE;3481.297
2024-12-06 17:00:00;NORTE;SUDESTE/CENTRO-OESTE;3912.24
2024-12-06 18:00:00;NORTE;SUDESTE/CENTRO-OESTE;3991.218
2024-12-06 19:00:00;NORTE;SUDESTE/CENTRO-OESTE;4412.844
2024-12-06 20:00:00;NORTE;SUDESTE/CENTRO-OESTE;4181.68999999
2024-12-06 21:00:00;NORTE;SUDESTE/CENTRO-OESTE;3259.514
2024-12-06 22:00:00;NORTE;SUDESTE/CENTRO-OESTE;2316.236
2024-12-06 23:00:00;NORTE;SUDESTE/CENTRO-OESTE;1710.236
2024-12-07 00:00:00;NORTE;SUDESTE/CENTRO-OESTE;1144.858
2024-12-07 01:00:00;NORTE;SUDESTE/CENTRO-OESTE;1142.05199999
2024-12-07 02:00:00;NORTE;SUDESTE/CENTRO-OESTE;1482.757
2024-12-07 03:00:00;NORTE;SUDESTE/CENTRO-OESTE;1564.637
2024-12-07 04:00:00;NORTE;SUDESTE/CENTRO-OESTE;1558.76399999
2024-12-07 05:00:00;NORTE;SUDESTE/CENTRO-OESTE;1588.571
2024-12-07 06:00:00;NORTE;SUDESTE/CENTRO-OESTE;2431.556
2024-12-07 07:00:00;NORTE;SUDESTE/CENTRO-OESTE;2977.562
2024-12-07 08:00:00;NORTE;SUDESTE/CENTRO-OESTE;3204.37399999
2024-12-07 09:00:00;NORTE;SUDESTE/CENTRO-OESTE;3292.17299999
2024-12-07 10:00:00;NORTE;SUDESTE/CENTRO-OESTE;2942.561
2024-12-07 11:00:00;NORTE;SUDESTE/CENTRO-OESTE;2612.764
2024-12-07 12:00:00;NORTE;SUDESTE/CENTRO-OESTE;2526.884
2024-12-07 13:00:00;NORTE;SUDESTE/CENTRO-OESTE;2387.179
2024-12-07 14:00:00;NORTE;SUDESTE/CENTRO-OESTE;2347.59299999
2024-12-07 15:00:00;NORTE;SUDESTE/CENTRO-OESTE;2173.66
2024-12-07 16:00:00;NORTE;SUDESTE/CENTRO-OESTE;2799.793
2024-12-07 17:00:00;NORTE;SUDESTE/CENTRO-OESTE;2488.37199999
2024-12-07 18:00:00;NORTE;SUDESTE/CENTRO-OESTE;3237.384
2024-12-07 19:00:00;NORTE;SUDESTE/CENTRO-OESTE;3743.43
2024-12-07 20:00:00;NORTE;SUDESTE/CENTRO-OESTE;2958.03
2024-12-07 21:00:00;NORTE;SUDESTE/CENTRO-OESTE;2026.955
2024-12-07 22:00:00;NORTE;SUDESTE/CENTRO-OESTE;1028.808
2024-12-07 23:00:00;NORTE;SUDESTE/CENTRO-OESTE;88.388
2024-12-08 00:00:00;NORTE;SUDESTE/CENTRO-OESTE;-189.221
2024-12-08 01:00:00;NORTE;SUDESTE/CENTRO-OESTE;-314.132
2024-12-08 02:00:00;NORTE;SUDESTE/CENTRO-OESTE;-170.33099999
2024-12-08 03:00:00;NORTE;SUDESTE/CENTRO-OESTE;96.904
2024-12-08 04:00:00;NORTE;SUDESTE/CENTRO-OESTE;157.637
2024-12-08 05:00:00;NORTE;SUDESTE/CENTRO-OESTE;410.118
2024-12-08 06:00:00;NORTE;SUDESTE/CENTRO-OESTE;1385.599
2024-12-08 07:00:00;NORTE;SUDESTE/CENTRO-OESTE;1889.666
2024-12-08 08:00:00;NORTE;SUDESTE/CENTRO-OESTE;2078.724
2024-12-08 09:00:00;NORTE;SUDESTE/CENTRO-OESTE;1885.007
2024-12-08 10:00:00;NORTE;SUDESTE/CENTRO-OESTE;1786.813
2024-12-08 11:00:00;NORTE;SUDESTE/CENTRO-OESTE;1790.496
2024-12-08 12:00:00;NORTE;SUDESTE/CENTRO-OESTE;1698.089
2024-12-08 13:00:00;NORTE;SUDESTE/CENTRO-OESTE;1484.499
2024-12-08 14:00:00;NORTE;SUDESTE/CENTRO-OESTE;1398.494
2024-12-08 15:00:00;NORTE;SUDESTE/CENTRO-OESTE;1073.757
2024-12-08 16:00:00;NORTE;SUDESTE/CENTRO-OESTE;614.133
2024-12-08 17:00:00;NORTE;SUDESTE/CENTRO-OESTE;468.231
2024-12-08 18:00:00;NORTE;SUDESTE/CENTRO-OESTE;1378.52
2024-12-08 19:00:00;NORTE;SUDESTE/CENTRO-OESTE;2918.631
2024-12-08 20:00:00;NORTE;SUDESTE/CENTRO-OESTE;3364.579
2024-12-08 21:00:00;NORTE;SUDESTE/CENTRO-OESTE;2850.44099999
2024-12-08 22:00:00;NORTE;SUDESTE/CENTRO-OESTE;1839.478
2024-12-08 23:00:00;NORTE;SUDESTE/CENTRO-OESTE;837.715
2024-12-09 00:00:00;NORTE;SUDESTE/CENTRO-OESTE;856.609
2024-12-09 01:00:00;NORTE;SUDESTE/CENTRO-OESTE;1014.697
2024-12-09 02:00:00;NORTE;SUDESTE/CENTRO-OESTE;1528.508
2024-12-09 03:00:00;NORTE;SUDESTE/CENTRO-OESTE;1733.775
2024-12-09 04:00:00;NORTE;SUDESTE/CENTRO-OESTE;1497.269
2024-12-09 05:00:00;NORTE;SUDESTE/CENTRO-OESTE;1443.026
2024-12-09 06:00:00;NORTE;SUDESTE/CENTRO-OESTE;2317.414
2024-12-09 07:00:00;NORTE;SUDESTE/CENTRO-OESTE;3445.636
2024-12-09 08:00:00;NORTE;SUDESTE/CENTRO-OESTE;3325.367
2024-12-09 09:00:00;NORTE;SUDESTE/CENTRO-OESTE;3284.811
2024-12-09 10:00:00;NORTE;SUDESTE/CENTRO-OESTE;2965.56599999
2024-12-09 11:00:00;NORTE;SUDESTE/CENTRO-OESTE;2956.061
2024-12-09 12:00:00;NORTE;SUDESTE/CENTRO-OESTE;2984.766
2024-12-09 13:00:00;NORTE;SUDESTE/CENTRO-OESTE;2423.838
2024-12-09 14:00:00;NORTE;SUDESTE/CENTRO-OESTE;2011.525
2024-12-09 15:00:00;NORTE;SUDESTE/CENTRO-OESTE;1990.534
2024-12-09 16:00:00;NORTE;SUDESTE/CENTRO-OESTE;2396.592
2024-12-09 17:00:00;NORTE;SUDESTE/CENTRO-OESTE;2535.623
2024-12-09 18:00:00;NORTE;SUDESTE/CENTRO-OESTE;2777.312
2024-12-09 19:00:00;NORTE;SUDESTE/CENTRO-OESTE;3534.958
2024-12-09 20:00:00;NORTE;SUDESTE/CENTRO-OESTE;3913.597
2024-12-09 21:00:00;NORTE;SUDESTE/CENTRO-OESTE;3286.535
2024-12-09 22:00:00;NORTE;SUDESTE/CENTRO-OESTE;2748.39
2024-12-09 23:00:00;NORTE;SUDESTE/CENTRO-OESTE;1660.547
2024-12-10 00:00:00;NORTE;SUDESTE/CENTRO-OESTE;1595.576
2024-12-10 01:00:00;NORTE;SUDESTE/CENTRO-OESTE;1999.205
2024-12-10 02:00:00;NORTE;SUDESTE/CENTRO-OESTE;1840.105
2024-12-10 03:00:00;NORTE;SUDESTE/CENTRO-OESTE;1831.124
2024-12-10 04:00:00;NORTE;SUDESTE/CENTRO-OESTE;1610.028
2024-12-10 05:00:00;NORTE;SUDESTE/CENTRO-OESTE;2325.567
2024-12-10 06:00:00;NORTE;SUDESTE/CENTRO-OESTE;3199.114
2024-12-10 07:00:00;NORTE;SUDESTE/CENTRO-OESTE;4309.465
2024-12-10 08:00:00;NORTE;SUDESTE/CENTRO-OESTE;4512.919
2024-12-10 09:00:00;NORTE;SUDESTE/CENTRO-OESTE;4506.652
2024-12-10 10:00:00;NORTE;SUDESTE/CENTRO-OESTE;4295.896
2024-12-10 11:00:00;NORTE;SUDESTE/CENTRO-OESTE;3914.509
2024-12-10 12:00:00;NORTE;SUDESTE/CENTRO-OESTE;3515.149
2024-12-10 13:00:00;NORTE;SUDESTE/CENTRO-OESTE;3458.026
2024-12-10 14:00:00;NORTE;SUDESTE/CENTRO-OESTE;3274.378
2024-12-10 15:00:00;NORTE;SUDESTE/CENTRO-OESTE;3459.643
2024-12-10 16:00:00;NORTE;SUDESTE/CENTRO-OESTE;3929.54
2024-12-10 17:00:00;NORTE;SUDESTE/CENTRO-OESTE;4378.553
2024-12-10 18:00:00;NORTE;SUDESTE/CENTRO-OESTE;4941.033
2024-12-10 19:00:00;NORTE;SUDESTE/CENTRO-OESTE;5554.928
2024-12-10 20:00:00;NORTE;SUDESTE/CENTRO-OESTE;5541.505
2024-12-10 21:00:00;NORTE;SUDESTE/CENTRO-OESTE;4992.23899999
2024-12-10 22:00:00;NORTE;SUDESTE/CENTRO-OESTE;3779.325
2024-12-10 23:00:00;NORTE;SUDESTE/CENTRO-OESTE;2756.942
2024-12-11 00:00:00;NORTE;SUDESTE/CENTRO-OESTE;2040.599
2024-12-11 01:00:00;NORTE;SUDESTE/CENTRO-OESTE;1447.463
2024-12-11 02:00:00;NORTE;SUDESTE/CENTRO-OESTE;1230.328
2024-12-11 03:00:00;NORTE;SUDESTE/CENTRO-OESTE;1760.018
2024-12-11 04:00:00;NORTE;SUDESTE/CENTRO-OESTE;2064.308
2024-12-11 05:00:00;NORTE;SUDESTE/CENTRO-OESTE;2476.068
2024-12-11 06:00:00;NORTE;SUDESTE/CENTRO-OESTE;3787.215
2024-12-11 07:00:00;NORTE;SUDESTE/CENTRO-OESTE;5356.249
2024-12-11 08:00:00;NORTE;SUDESTE/CENTRO-OESTE;5063.143
2024-12-11 09:00:00;NORTE;SUDESTE/CENTRO-OESTE;4608.621
2024-12-11 10:00:00;NORTE;SUDESTE/CENTRO-OESTE;4514.329
2024-12-11 11:00:00;NORTE;SUDESTE/CENTRO-OESTE;4692.313
2024-12-11 12:00:00;NORTE;SUDESTE/CENTRO-OESTE;4680.582
2024-12-11 13:00:00;NORTE;SUDESTE/CENTRO-OESTE;4478.43099999
2024-12-11 14:00:00;NORTE;SUDESTE/CENTRO-OESTE;4068.289
2024-12-11 15:00:00;NORTE;SUDESTE/CENTRO-OESTE;3601.672
2024-12-11 16:00:00;NORTE;SUDESTE/CENTRO-OESTE;3106.507
2024-12-11 17:00:00;NORTE;SUDESTE/CENTRO-OESTE;2639.819
2024-12-11 18:00:00;NORTE;SUDESTE/CENTRO-OESTE;3004.936
2024-12-11 19:00:00;NORTE;SUDESTE/CENTRO-OESTE;4334.523
2024-12-11 20:00:00;NORTE;SUDESTE/CENTRO-OESTE;4649.29
2024-12-11 21:00:00;NORTE;SUDESTE/CENTRO-OESTE;4239.88199999
2024-12-11 22:00:00;NORTE;SUDESTE/CENTRO-OESTE;2842.476
2024-12-11 23:00:00;NORTE;SUDESTE/CENTRO-OESTE;1874.287
2024-12-12 00:00:00;NORTE;SUDESTE/CENTRO-OESTE;894.91
2024-12-12 01:00:00;NORTE;SUDESTE/CENTRO-OESTE;-284.046
2024-12-12 02:00:00;NORTE;SUDESTE/CENTRO-OESTE;-640.349
2024-12-12 03:00:00;NORTE;SUDESTE/CENTRO-OESTE;-230.915
2024-12-12 04:00:00;NORTE;SUDESTE/CENTRO-OESTE;-41.13
2024-12-12 05:00:00;NORTE;SUDESTE/CENTRO-OESTE;215.792
2024-12-12 06:00:00;NORTE;SUDESTE/CENTRO-OESTE;1387.854
2024-12-12 07:00:00;NORTE;SUDESTE/CENTRO-OESTE;1882.109
2024-12-12 08:00:00;NORTE;SUDESTE/CENTRO-OESTE;1938.422
2024-12-12 09:00:00;NORTE;SUDESTE/CENTRO-OESTE;2193.823
2024-12-12 10:00:00;NORTE;SUDESTE/CENTRO-OESTE;1988.249
2024-12-12 11:00:00;NORTE;SUDESTE/CENTRO-OESTE;2143.09
2024-12-12 12:00:00;NORTE;SUDESTE/CENTRO-OESTE;2093.831
2024-12-12 13:00:00;NORTE;SUDESTE/CENTRO-OESTE;1644.422
2024-12-12 14:00:00;NORTE;SUDESTE/CENTRO-OESTE;1344.605
2024-12-12 15:00:00;NORTE;SUDESTE/CENTRO-OESTE;732.878
2024-12-12 16:00:00;NORTE;SUDESTE/CENTRO-OESTE;624.279
2024-12-12 17:00:00;NORTE;SUDESTE/CENTRO-OESTE;832.816
2024-12-12 18:00:00;NORTE;SUDESTE/CENTRO-OESTE;1841.413
2024-12-12 19:00:00;NORTE;SUDESTE/CENTRO-OESTE;3348.678
2024-12-12 20:00:00;NORTE;SUDESTE/CENTRO-OESTE;4650.523
2024-12-12 21:00:00;NORTE;SUDESTE/CENTRO-OESTE;5007.957
2024-12-12 22:00:00;NORTE;SUDESTE/CENTRO-OESTE;2991.261
2024-12-12 23:00:00;NORTE;SUDESTE/CENTRO-OESTE;1862.454
2024-12-13 00:00:00;NORTE;SUDESTE/CENTRO-OESTE;2032.291
2024-12-13 01:00:00;NORTE;SUDESTE/CENTRO-OESTE;1983.458
2024-12-13 02:00:00;NORTE;SUDESTE/CENTRO-OESTE;1869.073
2024-12-13 03:00:00;NORTE;SUDESTE/CENTRO-OESTE;1536.153
2024-12-13 04:00:00;NORTE;SUDESTE/CENTRO-OESTE;1433.535
2024-12-13 05:00:00;NORTE;SUDESTE/CENTRO-OESTE;1585.525
2024-12-13 06:00:00;NORTE;SUDESTE/CENTRO-OESTE;2304.773
2024-12-13 07:00:00;NORTE;SUDESTE/CENTRO-OESTE;2741.127
2024-12-13 08:00:00;NORTE;SUDESTE/CENTRO-OESTE;2924.402
2024-12-13 09:00:00;NORTE;SUDESTE/CENTRO-OESTE;3185.48
2024-12-13 10:00:00;NORTE;SUDESTE/CENTRO-OESTE;3351.246
2024-12-13 11:00:00;NORTE;SUDESTE/CENTRO-OESTE;3729.086
2024-12-13 12:00:00;NORTE;SUDESTE/CENTRO-OESTE;3463.142
2024-12-13 13:00:00;NORTE;SUDESTE/CENTRO-OESTE;3443.25
2024-12-13 14:00:00;NORTE;SUDESTE/CENTRO-OESTE;2841.685
2024-12-13 15:00:00;NORTE;SUDESTE/CENTRO-OESTE;2870.006
2024-12-13 16:00:00;NORTE;SUDESTE/CENTRO-OESTE;3392.868
2024-12-13 17:00:00;NORTE;SUDESTE/CENTRO-OESTE;4330.082
2024-12-13 18:00:00;NORTE;SUDESTE/CENTRO-OESTE;5243.83299999
2024-12-13 19:00:00;NORTE;SUDESTE/CENTRO-OESTE;7020.43099999
2024-12-13 20:00:00;NORTE;SUDESTE/CENTRO-OESTE;6543.421
2024-12-13 21:00:00;NORTE;SUDESTE/CENTRO-OESTE;6163.311
2024-12-13 22:00:00;NORTE;SUDESTE/CENTRO-OESTE;4665.478
2024-12-13 23:00:00;NORTE;SUDESTE/CENTRO-OESTE;3172.247
2024-12-14 00:00:00;NORTE;SUDESTE/CENTRO-OESTE;1599.503
2024-12-14 01:00:00;NORTE;SUDESTE/CENTRO-OESTE;999.272
2024-12-14 02:00:00;NORTE;SUDESTE/CENTRO-OESTE;970.815
2024-12-14 03:00:00;NORTE;SUDESTE/CENTRO-OESTE;964.405
2024-12-14 04:00:00;NORTE;SUDESTE/CENTRO-OESTE;978.89
2024-12-14 05:00:00;NORTE;SUDESTE/CENTRO-OESTE;1139.519
2024-12-14 06:00:00;NORTE;SUDESTE/CENTRO-OESTE;1370.297
2024-12-14 07:00:00;NORTE;SUDESTE/CENTRO-OESTE;1938.503
2024-12-14 08:00:00;NORTE;SUDESTE/CENTRO-OESTE;2524.40099999
2024-12-14 09:00:00;NORTE;SUDESTE/CENTRO-OESTE;2376.21099999
2024-12-14 10:00:00;NORTE;SUDESTE/CENTRO-OESTE;2210.733
2024-12-14 11:00:00;NORTE;SUDESTE/CENTRO-OESTE;2080.321
2024-12-14 12:00:00;NORTE;SUDESTE/CENTRO-OESTE;1932.212
2024-12-14 13:00:00;NORTE;SUDESTE/CENTRO-OESTE;1785.43
2024-12-14 14:00:00;NORTE;SUDESTE/CENTRO-OESTE;1898.777
2024-12-14 15:00:00;NORTE;SUDESTE/CENTRO-OESTE;1761.542
2024-12-14 16:00:00;NORTE;SUDESTE/CENTRO-OESTE;888.858
2024-12-14 17:00:00;NORTE;SUDESTE/CENTRO-OESTE;565.534
2024-12-14 18:00:00;NORTE;SUDESTE/CENTRO-OESTE;656.181
2024-12-14 19:00:00;NORTE;SUDESTE/CENTRO-OESTE;1197.791
2024-12-14 20:00:00;NORTE;SUDESTE/CENTRO-OESTE;1374.864
2024-12-14 21:00:00;NORTE;SUDESTE/CENTRO-OESTE;424.426
2024-12-14 22:00:00;NORTE;SUDESTE/CENTRO-OESTE;-90.899
2024-12-14 23:00:00;NORTE;SUDESTE/CENTRO-OESTE;-22.504
2024-12-15 00:00:00;NORTE;SUDESTE/CENTRO-OESTE;-155.276
2024-12-15 01:00:00;NORTE;SUDESTE/CENTRO-OESTE;-375.011
2024-12-15 02:00:00;NORTE;SUDESTE/CENTRO-OESTE;-575.426
2024-12-15 03:00:00;NORTE;SUDESTE/CENTRO-OESTE;-530.544
2024-12-15 04:00:00;NORTE;SUDESTE/CENTRO-OESTE;-616.378
2024-12-15 05:00:00;NORTE;SUDESTE/CENTRO-OESTE;-290.3
2024-12-15 06:00:00;NORTE;SUDESTE/CENTRO-OESTE;239.029
2024-12-15 07:00:00;NORTE;SUDESTE/CENTRO-OESTE;757.046
2024-12-15 08:00:00;NORTE;SUDESTE/CENTRO-OESTE;968.8
2024-12-15 09:00:00;NORTE;SUDESTE/CENTRO-OESTE;779.063
2024-12-15 10:00:00;NORTE;SUDESTE/CENTRO-OESTE;536.245
2024-12-15 11:00:00;NORTE;SUDESTE/CENTRO-OESTE;605.705
2024-12-15 12:00:00;NORTE;SUDESTE/CENTRO-OESTE;576.291
2024-12-15 13:00:00;NORTE;SUDESTE/CENTRO-OESTE;413.843
2024-12-15 14:00:00;NORTE;SUDESTE/CENTRO-OESTE;397.574
2024-12-15 15:00:00;NORTE;SUDESTE/CENTRO-OESTE;277.587
2024-12-15 16:00:00;NORTE;SUDESTE/CENTRO-OESTE;8.199
2024-12-15 17:00:00;NORTE;SUDESTE/CENTRO-OESTE;-107.401
2024-12-15 18:00:00;NORTE;SUDESTE/CENTRO-OESTE;-158.38999999
2024-12-15 19:00:00;NORTE;SUDESTE/CENTRO-OESTE;983.622
2024-12-15 20:00:00;NORTE;SUDESTE/CENTRO-OESTE;1384.06199999
2024-12-15 21:00:00;NORTE;SUDESTE/CENTRO-OESTE;1553.766
2024-12-15 22:00:00;NORTE;SUDESTE/CENTRO-OESTE;1027.678
2024-12-15 23:00:00;NORTE;SUDESTE/CENTRO-OESTE;771.475
2024-12-16 00:00:00;NORTE;SUDESTE/CENTRO-OESTE;975.535
2024-12-16 01:00:00;NORTE;SUDESTE/CENTRO-OESTE;843.976
2024-12-16 02:00:00;NORTE;SUDESTE/CENTRO-OESTE;767.239
2024-12-16 03:00:00;NORTE;SUDESTE/CENTRO-OESTE;944.5
2024-12-16 04:00:00;NORTE;SUDESTE/CENTRO-OESTE;1106.7
2024-12-16 05:00:00;NORTE;SUDESTE/CENTRO-OESTE;1424.269
2024-12-16 06:00:00;NORTE;SUDESTE/CENTRO-OESTE;2159.506
2024-12-16 07:00:00;NORTE;SUDESTE/CENTRO-OESTE;3321.774
2024-12-16 08:00:00;NORTE;SUDESTE/CENTRO-OESTE;3836.826
2024-12-16 09:00:00;NORTE;SUDESTE/CENTRO-OESTE;3831.345
2024-12-16 10:00:00;NORTE;SUDESTE/CENTRO-OESTE;3411.404
2024-12-16 11:00:00;NORTE;SUDESTE/CENTRO-OESTE;3276.614
2024-12-16 12:00:00;NORTE;SUDESTE/CENTRO-OESTE;2820.944
2024-12-16 13:00:00;NORTE;SUDESTE/CENTRO-OESTE;2690.297
2024-12-16 14:00:00;NORTE;SUDESTE/CENTRO-OESTE;2599.322
2024-12-16 15:00:00;NORTE;SUDESTE/CENTRO-OESTE;3133.957
2024-12-16 16:00:00;NORTE;SUDESTE/CENTRO-OESTE;3939.166
2024-12-16 17:00:00;NORTE;SUDESTE/CENTRO-OESTE;4144.238
2024-12-16 18:00:00;NORTE;SUDESTE/CENTRO-OESTE;4157.814
2024-12-16 19:00:00;NORTE;SUDESTE/CENTRO-OESTE;5470.908
2024-12-16 20:00:00;NORTE;SUDESTE/CENTRO-OESTE;5551.886
2024-12-16 21:00:00;NORTE;SUDESTE/CENTRO-OESTE;5359.371
2024-12-16 22:00:00;NORTE;SUDESTE/CENTRO-OESTE;4632.687
2024-12-16 23:00:00;NORTE;SUDESTE/CENTRO-OESTE;2902.16
2024-12-17 00:00:00;NORTE;SUDESTE/CENTRO-OESTE;2039.386
2024-12-17 01:00:00;NORTE;SUDESTE/CENTRO-OESTE;1395.703
2024-12-17 02:00:00;NORTE;SUDESTE/CENTRO-OESTE;1475.227
2024-12-17 03:00:00;NORTE;SUDESTE/CENTRO-OESTE;1609.455
2024-12-17 04:00:00;NORTE;SUDESTE/CENTRO-OESTE;1473.097
2024-12-17 05:00:00;NORTE;SUDESTE/CENTRO-OESTE;1700.816
2024-12-17 06:00:00;NORTE;SUDESTE/CENTRO-OESTE;2725.559
2024-12-17 07:00:00;NORTE;SUDESTE/CENTRO-OESTE;3632.972
2024-12-17 08:00:00;NORTE;SUDESTE/CENTRO-OESTE;3424.212
2024-12-17 09:00:00;NORTE;SUDESTE/CENTRO-OESTE;3484.677
2024-12-17 10:00:00;NORTE;SUDESTE/CENTRO-OESTE;4123.195
2024-12-17 11:00:00;NORTE;SUDESTE/CENTRO-OESTE;4316.928
2024-12-17 12:00:00;NORTE;SUDESTE/CENTRO-OESTE;4071.604
2024-12-17 13:00:00;NORTE;SUDESTE/CENTRO-OESTE;4297.832
2024-12-17 14:00:00;NORTE;SUDESTE/CENTRO-OESTE;4680.457
2024-12-17 15:00:00;NORTE;SUDESTE/CENTRO-OESTE;5294.728
2024-12-17 16:00:00;NORTE;SUDESTE/CENTRO-OESTE;5463.799
2024-12-17 17:00:00;NORTE;SUDESTE/CENTRO-OESTE;5082.339
2024-12-17 18:00:00;NORTE;SUDESTE/CENTRO-OESTE;5203.861
2024-12-17 19:00:00;NORTE;SUDESTE/CENTRO-OESTE;5612.455
2024-12-17 20:00:00;NORTE;SUDESTE/CENTRO-OESTE;5898.917
2024-12-17 21:00:00;NORTE;SUDESTE/CENTRO-OESTE;5425.741
2024-12-17 22:00:00;NORTE;SUDESTE/CENTRO-OESTE;4617.482
2024-12-17 23:00:00;NORTE;SUDESTE/CENTRO-OESTE;3830.157
2024-12-18 00:00:00;NORTE;SUDESTE/CENTRO-OESTE;2621.606
2024-12-18 01:00:00;NORTE;SUDESTE/CENTRO-OESTE;1559.694
2024-12-18 02:00:00;NORTE;SUDESTE/CENTRO-OESTE;1155.89
2024-12-18 03:00:00;NORTE;SUDESTE/CENTRO-OESTE;821.787
2024-12-18 04:00:00;NORTE;SUDESTE/CENTRO-OESTE;721.357
2024-12-18 05:00:00;NORTE;SUDESTE/CENTRO-OESTE;1051.467
2024-12-18 06:00:00;NORTE;SUDESTE/CENTRO-OESTE;1751.66799999
2024-12-18 07:00:00;NORTE;SUDESTE/CENTRO-OESTE;2630.77
2024-12-18 08:00:00;NORTE;SUDESTE/CENTRO-OESTE;2491.335
2024-12-18 09:00:00;NORTE;SUDESTE/CENTRO-OESTE;2346.96999999
2024-12-18 10:00:00;NORTE;SUDESTE/CENTRO-OESTE;2264.757
2024-12-18 11:00:00;NORTE;SUDESTE/CENTRO-OESTE;2285.799
2024-12-18 12:00:00;NORTE;SUDESTE/CENTRO-OESTE;2532.038
2024-12-18 13:00:00;NORTE;SUDESTE/CENTRO-OESTE;2453.982
2024-12-18 14:00:00;NORTE;SUDESTE/CENTRO-OESTE;3153.652
2024-12-18 15:00:00;NORTE;SUDESTE/CENTRO-OESTE;3971.047
2024-12-18 16:00:00;NORTE;SUDESTE/CENTRO-OESTE;4774.28399999
2024-12-18 17:00:00;NORTE;SUDESTE/CENTRO-OESTE;4713.445
2024-12-18 18:00:00;NORTE;SUDESTE/CENTRO-OESTE;4884.89999999
2024-12-18 19:00:00;NORTE;SUDESTE/CENTRO-OESTE;5677.704
2024-12-18 20:00:00;NORTE;SUDESTE/CENTRO-OESTE;6005.574
2024-12-18 21:00:00;NORTE;SUDESTE/CENTRO-OESTE;5856.256
2024-12-18 22:00:00;NORTE;SUDESTE/CENTRO-OESTE;5317.455
2024-12-18 23:00:00;NORTE;SUDESTE/CENTRO-OESTE;4098.716
2024-12-19 00:00:00;NORTE;SUDESTE/CENTRO-OESTE;2890.605
2024-12-19 01:00:00;NORTE;SUDESTE/CENTRO-OESTE;1913.819
2024-12-19 02:00:00;NORTE;SUDESTE/CENTRO-OESTE;1701.435
2024-12-19 03:00:00;NORTE;SUDESTE/CENTRO-OESTE;1465.465
2024-12-19 04:00:00;NORTE;SUDESTE/CENTRO-OESTE;1441.915
2024-12-19 05:00:00;NORTE;SUDESTE/CENTRO-OESTE;1723.406
2024-12-19 06:00:00;NORTE;SUDESTE/CENTRO-OESTE;2596.72899999
2024-12-19 07:00:00;NORTE;SUDESTE/CENTRO-OESTE;2867.183
2024-12-19 08:00:00;NORTE;SUDESTE/CENTRO-OESTE;2677.674
2024-12-19 09:00:00;NORTE;SUDESTE/CENTRO-OESTE;2735.76899999
2024-12-19 10:00:00;NORTE;SUDESTE/CENTRO-OESTE;2608.14399999
2024-12-19 11:00:00;NORTE;SUDESTE/CENTRO-OESTE;2712.635
2024-12-19 12:00:00;NORTE;SUDESTE/CENTRO-OESTE;3026.164
2024-12-19 13:00:00;NORTE;SUDESTE/CENTRO-OESTE;4265.908
2024-12-19 14:00:00;NORTE;SUDESTE/CENTRO-OESTE;5250.822
2024-12-19 15:00:00;NORTE;SUDESTE/CENTRO-OESTE;5746.843
2024-12-19 16:00:00;NORTE;SUDESTE/CENTRO-OESTE;6152.906
2024-12-19 17:00:00;NORTE;SUDESTE/CENTRO-OESTE;5932.468
2024-12-19 18:00:00;NORTE;SUDESTE/CENTRO-OESTE;6005.005
2024-12-19 19:00:00;NORTE;SUDESTE/CENTRO-OESTE;6482.179
2024-12-19 20:00:00;NORTE;SUDESTE/CENTRO-OESTE;6460.839
2024-12-19 21:00:00;NORTE;SUDESTE/CENTRO-OESTE;6051.594
2024-12-19 22:00:00;NORTE;SUDESTE/CENTRO-OESTE;5878.143
2024-12-19 23:00:00;NORTE;SUDESTE/CENTRO-OESTE;4597.756
2024-12-20 00:00:00;NORTE;SUDESTE/CENTRO-OESTE;3340.381
2024-12-20 01:00:00;NORTE;SUDESTE/CENTRO-OESTE;2110.745
2024-12-20 02:00:00;NORTE;SUDESTE/CENTRO-OESTE;1095.919
2024-12-20 03:00:00;NORTE;SUDESTE/CENTRO-OESTE;719.921
2024-12-20 04:00:00;NORTE;SUDESTE/CENTRO-OESTE;745.123
2024-12-20 05:00:00;NORTE;SUDESTE/CENTRO-OESTE;801.71
2024-12-20 06:00:00;NORTE;SUDESTE/CENTRO-OESTE;1612.313
2024-12-20 07:00:00;NORTE;SUDESTE/CENTRO-OESTE;1967.166
2024-12-20 08:00:00;NORTE;SUDESTE/CENTRO-OESTE;2476.751
2024-12-20 09:00:00;NORTE;SUDESTE/CENTRO-OESTE;2626.535
2024-12-20 10:00:00;NORTE;SUDESTE/CENTRO-OESTE;2489.731
2024-12-20 11:00:00;NORTE;SUDESTE/CENTRO-OESTE;2964.462
2024-12-20 12:00:00;NORTE;SUDESTE/CENTRO-OESTE;3310.692
2024-12-20 13:00:00;NORTE;SUDESTE/CENTRO-OESTE;3937.072
2024-12-20 14:00:00;NORTE;SUDESTE/CENTRO-OESTE;4884.066
2024-12-20 15:00:00;NORTE;SUDESTE/CENTRO-OESTE;5870.019
2024-12-20 16:00:00;NORTE;SUDESTE/CENTRO-OESTE;5677.166
2024-12-20 17:00:00;NORTE;SUDESTE/CENTRO-OESTE;4860.396
2024-12-20 18:00:00;NORTE;SUDESTE/CENTRO-OESTE;4348.429
2024-12-20 19:00:00;NORTE;SUDESTE/CENTRO-OESTE;5381.386
2024-12-20 20:00:00;NORTE;SUDESTE/CENTRO-OESTE;5672.919
2024-12-20 21:00:00;NORTE;SUDESTE/CENTRO-OESTE;5630.772
2024-12-20 22:00:00;NORTE;SUDESTE/CENTRO-OESTE;4961.004
2024-12-20 23:00:00;NORTE;SUDESTE/CENTRO-OESTE;4268.89
2024-12-21 00:00:00;NORTE;SUDESTE/CENTRO-OESTE;3033.13
2024-12-21 01:00:00;NORTE;SUDESTE/CENTRO-OESTE;1864.008
2024-12-21 02:00:00;NORTE;SUDESTE/CENTRO-OESTE;801.823
2024-12-21 03:00:00;NORTE;SUDESTE/CENTRO-OESTE;446.064
2024-12-21 04:00:00;NORTE;SUDESTE/CENTRO-OESTE;454.313
2024-12-21 05:00:00;NORTE;SUDESTE/CENTRO-OESTE;734.415
2024-12-21 06:00:00;NORTE;SUDESTE/CENTRO-OESTE;1278.515
2024-12-21 07:00:00;NORTE;SUDESTE/CENTRO-OESTE;2350.393
2024-12-21 08:00:00;NORTE;SUDESTE/CENTRO-OESTE;2457.08399999
2024-12-21 09:00:00;NORTE;SUDESTE/CENTRO-OESTE;2332.86499999
2024-12-21 10:00:00;NORTE;SUDESTE/CENTRO-OESTE;2193.306
2024-12-21 11:00:00;NORTE;SUDESTE/CENTRO-OESTE;2105.341
2024-12-21 12:00:00;NORTE;SUDESTE/CENTRO-OESTE;1937.871
2024-12-21 13:00:00;NORTE;SUDESTE/CENTRO-OESTE;1769.227
2024-12-21 14:00:00;NORTE;SUDESTE/CENTRO-OESTE;2076.44
2024-12-21 15:00:00;NORTE;SUDESTE/CENTRO-OESTE;2574.216
2024-12-21 16:00:00;NORTE;SUDESTE/CENTRO-OESTE;3005.009
2024-12-21 17:00:00;NORTE;SUDESTE/CENTRO-OESTE;3625.428
2024-12-21 18:00:00;NORTE;SUDESTE/CENTRO-OESTE;4279.575
2024-12-21 19:00:00;NORTE;SUDESTE/CENTRO-OESTE;5343.035
2024-12-21 20:00:00;NORTE;SUDESTE/CENTRO-OESTE;5227.648
2024-12-21 21:00:00;NORTE;SUDESTE/CENTRO-OESTE;3971.016
2024-12-21 22:00:00;NORTE;SUDESTE/CENTRO-OESTE;2939.223
2024-12-21 23:00:00;NORTE;SUDESTE/CENTRO-OESTE;2495.143
2024-12-22 00:00:00;NORTE;SUDESTE/CENTRO-OESTE;1439.912
2024-12-22 01:00:00;NORTE;SUDESTE/CENTRO-OESTE;693.058
2024-12-22 02:00:00;NORTE;SUDESTE/CENTRO-OESTE;84.038
2024-12-22 03:00:00;NORTE;SUDESTE/CENTRO-OESTE;-34.18
2024-12-22 04:00:00;NORTE;SUDESTE/CENTRO-OESTE;5.154
2024-12-22 05:00:00;NORTE;SUDESTE/CENTRO-OESTE;219.41999999
2024-12-22 06:00:00;NORTE;SUDESTE/CENTRO-OESTE;805.212
2024-12-22 07:00:00;NORTE;SUDESTE/CENTRO-OESTE;1539.723
2024-12-22 08:00:00;NORTE;SUDESTE/CENTRO-OESTE;1833.629
2024-12-22 09:00:00;NORTE;SUDESTE/CENTRO-OESTE;1889.706
2024-12-22 10:00:00;NORTE;SUDESTE/CENTRO-OESTE;1731.4
2024-12-22 11:00:00;NORTE;SUDESTE/CENTRO-OESTE;1784.877
2024-12-22 12:00:00;NORTE;SUDESTE/CENTRO-OESTE;1611.379
2024-12-22 13:00:00;NORTE;SUDESTE/CENTRO-OESTE;1339.954
2024-12-22 14:00:00;NORTE;SUDESTE/CENTRO-OESTE;1078.824
2024-12-22 15:00:00;NORTE;SUDESTE/CENTRO-OESTE;1066.708
2024-12-22 16:00:00;NORTE;SUDESTE/CENTRO-OESTE;1078.309
2024-12-22 17:00:00;NORTE;SUDESTE/CENTRO-OESTE;1419.592
2024-12-22 18:00:00;NORTE;SUDESTE/CENTRO-OESTE;1954.412
2024-12-22 19:00:00;NORTE;SUDESTE/CENTRO-OESTE;3400.083
2024-12-22 20:00:00;NORTE;SUDESTE/CENTRO-OESTE;4731.852
2024-12-22 21:00:00;NORTE;SUDESTE/CENTRO-OESTE;4578.848
2024-12-22 22:00:00;NORTE;SUDESTE/CENTRO-OESTE;3816.511
2024-12-22 23:00:00;NORTE;SUDESTE/CENTRO-OESTE;2359.08599999
2024-12-23 00:00:00;NORTE;SUDESTE/CENTRO-OESTE;1800.601
2024-12-23 01:00:00;NORTE;SUDESTE/CENTRO-OESTE;1979.255
2024-12-23 02:00:00;NORTE;SUDESTE/CENTRO-OESTE;1854.268
2024-12-23 03:00:00;NORTE;SUDESTE/CENTRO-OESTE;1517.846
2024-12-23 04:00:00;NORTE;SUDESTE/CENTRO-OESTE;1248.179
2024-12-23 05:00:00;NORTE;SUDESTE/CENTRO-OESTE;1279.334
2024-12-23 06:00:00;NORTE;SUDESTE/CENTRO-OESTE;2193.685
2024-12-23 07:00:00;NORTE;SUDESTE/CENTRO-OESTE;2918.746
2024-12-23 08:00:00;NORTE;SUDESTE/CENTRO-OESTE;2638.243
2024-12-23 09:00:00;NORTE;SUDESTE/CENTRO-OESTE;2205.13
2024-12-23 10:00:00;NORTE;SUDESTE/CENTRO-OESTE;1774.243
2024-12-23 11:00:00;NORTE;SUDESTE/CENTRO-OESTE;1651.43
2024-12-23 12:00:00;NORTE;SUDESTE/CENTRO-OESTE;1617.891
2024-12-23 13:00:00;NORTE;SUDESTE/CENTRO-OESTE;1709.071
2024-12-23 14:00:00;NORTE;SUDESTE/CENTRO-OESTE;1497.709
2024-12-23 15:00:00;NORTE;SUDESTE/CENTRO-OESTE;1833.541
2024-12-23 16:00:00;NORTE;SUDESTE/CENTRO-OESTE;2660.014
2024-12-23 17:00:00;NORTE;SUDESTE/CENTRO-OESTE;3280.371
2024-12-23 18:00:00;NORTE;SUDESTE/CENTRO-OESTE;3882.187
2024-12-23 19:00:00;NORTE;SUDESTE/CENTRO-OESTE;4265.10099999
2024-12-23 20:00:00;NORTE;SUDESTE/CENTRO-OESTE;4236.28399999
2024-12-23 21:00:00;NORTE;SUDESTE/CENTRO-OESTE;3435.05699999
2024-12-23 22:00:00;NORTE;SUDESTE/CENTRO-OESTE;2475.87399999
2024-12-23 23:00:00;NORTE;SUDESTE/CENTRO-OESTE;1411.702
2024-12-24 00:00:00;NORTE;SUDESTE/CENTRO-OESTE;902.911
2024-12-24 01:00:00;NORTE;SUDESTE/CENTRO-OESTE;320.493
2024-12-24 02:00:00;NORTE;SUDESTE/CENTRO-OESTE;-171.281
2024-12-24 03:00:00;NORTE;SUDESTE/CENTRO-OESTE;-335.65499999
2024-12-24 04:00:00;NORTE;SUDESTE/CENTRO-OESTE;-564.63699999
2024-12-24 05:00:00;NORTE;SUDESTE/CENTRO-OESTE;-478.181
2024-12-24 06:00:00;NORTE;SUDESTE/CENTRO-OESTE;470.27
2024-12-24 07:00:00;NORTE;SUDESTE/CENTRO-OESTE;905.128
2024-12-24 08:00:00;NORTE;SUDESTE/CENTRO-OESTE;861.352
2024-12-24 09:00:00;NORTE;SUDESTE/CENTRO-OESTE;659.49199999
2024-12-24 10:00:00;NORTE;SUDESTE/CENTRO-OESTE;442.278
2024-12-24 11:00:00;NORTE;SUDESTE/CENTRO-OESTE;417.72
2024-12-24 12:00:00;NORTE;SUDESTE/CENTRO-OESTE;567.412
2024-12-24 13:00:00;NORTE;SUDESTE/CENTRO-OESTE;610.937
2024-12-24 14:00:00;NORTE;SUDESTE/CENTRO-OESTE;505.741
2024-12-24 15:00:00;NORTE;SUDESTE/CENTRO-OESTE;794.01
2024-12-24 16:00:00;NORTE;SUDESTE/CENTRO-OESTE;1834.906
2024-12-24 17:00:00;NORTE;SUDESTE/CENTRO-OESTE;2359.071
2024-12-24 18:00:00;NORTE;SUDESTE/CENTRO-OESTE;2919.466
2024-12-24 19:00:00;NORTE;SUDESTE/CENTRO-OESTE;4063.436
2024-12-24 20:00:00;NORTE;SUDESTE/CENTRO-OESTE;4115.606
2024-12-24 21:00:00;NORTE;SUDESTE/CENTRO-OESTE;2821.296
2024-12-24 22:00:00;NORTE;SUDESTE/CENTRO-OESTE;1757.2
2024-12-24 23:00:00;NORTE;SUDESTE/CENTRO-OESTE;1346.85999999
2024-12-25 00:00:00;NORTE;SUDESTE/CENTRO-OESTE;1111.516
2024-12-25 01:00:00;NORTE;SUDESTE/CENTRO-OESTE;878.703
2024-12-25 02:00:00;NORTE;SUDESTE/CENTRO-OESTE;825.582
2024-12-25 03:00:00;NORTE;SUDESTE/CENTRO-OESTE;4.612
2024-12-25 04:00:00;NORTE;SUDESTE/CENTRO-OESTE;-278.896
2024-12-25 05:00:00;NORTE;SUDESTE/CENTRO-OESTE;-531.1
2024-12-25 06:00:00;NORTE;SUDESTE/CENTRO-OESTE;-322.007
2024-12-25 07:00:00;NORTE;SUDESTE/CENTRO-OESTE;489.277
2024-12-25 08:00:00;NORTE;SUDESTE/CENTRO-OESTE;451.795
2024-12-25 09:00:00;NORTE;SUDESTE/CENTRO-OESTE;226.782
2024-12-25 10:00:00;NORTE;SUDESTE/CENTRO-OESTE;103.487
2024-12-25 11:00:00;NORTE;SUDESTE/CENTRO-OESTE;103.872
2024-12-25 12:00:00;NORTE;SUDESTE/CENTRO-OESTE;-10.70299999
2024-12-25 13:00:00;NORTE;SUDESTE/CENTRO-OESTE;-299.66
2024-12-25 14:00:00;NORTE;SUDESTE/CENTRO-OESTE;-331.89999999
2024-12-25 15:00:00;NORTE;SUDESTE/CENTRO-OESTE;63.389
2024-12-25 16:00:00;NORTE;SUDESTE/CENTRO-OESTE;482.975
2024-12-25 17:00:00;NORTE;SUDESTE/CENTRO-OESTE;754.766
2024-12-25 18:00:00;NORTE;SUDESTE/CENTRO-OESTE;1734.041
2024-12-25 19:00:00;NORTE;SUDESTE/CENTRO-OESTE;3283.849
2024-12-25 20:00:00;NORTE;SUDESTE/CENTRO-OESTE;4343.316
2024-12-25 21:00:00;NORTE;SUDESTE/CENTRO-OESTE;4888.616
2024-12-25 22:00:00;NORTE;SUDESTE/CENTRO-OESTE;4507.018
2024-12-25 23:00:00;NORTE;SUDESTE/CENTRO-OESTE;3760.593
2024-12-26 00:00:00;NORTE;SUDESTE/CENTRO-OESTE;3001.233
2024-12-26 01:00:00;NORTE;SUDESTE/CENTRO-OESTE;1680.201
2024-12-26 02:00:00;NORTE;SUDESTE/CENTRO-OESTE;1092.665
2024-12-26 03:00:00;NORTE;SUDESTE/CENTRO-OESTE;873.109
2024-12-26 04:00:00;NORTE;SUDESTE/CENTRO-OESTE;1111.364
2024-12-26 05:00:00;NORTE;SUDESTE/CENTRO-OESTE;1160.248
2024-12-26 06:00:00;NORTE;SUDESTE/CENTRO-OESTE;1798.202
2024-12-26 07:00:00;NORTE;SUDESTE/CENTRO-OESTE;3009.076
2024-12-26 08:00:00;NORTE;SUDESTE/CENTRO-OESTE;2983.627
2024-12-26 09:00:00;NORTE;SUDESTE/CENTRO-OESTE;2688.917
2024-12-26 10:00:00;NORTE;SUDESTE/CENTRO-OESTE;2453.419
2024-12-26 11:00:00;NORTE;SUDESTE/CENTRO-OESTE;2150.879
2024-12-26 12:00:00;NORTE;SUDESTE/CENTRO-OESTE;2087.051
2024-12-26 13:00:00;NORTE;SUDESTE/CENTRO-OESTE;2422.359
2024-12-26 14:00:00;NORTE;SUDESTE/CENTRO-OESTE;2995.337
2024-12-26 15:00:00;NORTE;SUDESTE/CENTRO-OESTE;4587.522
2024-12-26 16:00:00;NORTE;SUDESTE/CENTRO-OESTE;4861.742
2024-12-26 17:00:00;NORTE;SUDESTE/CENTRO-OESTE;4638.966
2024-12-26 18:00:00;NORTE;SUDESTE/CENTRO-OESTE;5403.656
2024-12-26 19:00:00;NORTE;SUDESTE/CENTRO-OESTE;6492.273
2024-12-26 20:00:00;NORTE;SUDESTE/CENTRO-OESTE;6617.768
2024-12-26 21:00:00;NORTE;SUDESTE/CENTRO-OESTE;6314.35
2024-12-26 22:00:00;NORTE;SUDESTE/CENTRO-OESTE;5587.976
2024-12-26 23:00:00;NORTE;SUDESTE/CENTRO-OESTE;4485.17
2024-12-27 00:00:00;NORTE;SUDESTE/CENTRO-OESTE;3497.823
2024-12-27 01:00:00;NORTE;SUDESTE/CENTRO-OESTE;3189.411
2024-12-27 02:00:00;NORTE;SUDESTE/CENTRO-OESTE;2638.621
2024-12-27 03:00:00;NORTE;SUDESTE/CENTRO-OESTE;1414.201
2024-12-27 04:00:00;NORTE;SUDESTE/CENTRO-OESTE;1424.488
2024-12-27 05:00:00;NORTE;SUDESTE/CENTRO-OESTE;1322.133
2024-12-27 06:00:00;NORTE;SUDESTE/CENTRO-OESTE;1922.745
2024-12-27 07:00:00;NORTE;SUDESTE/CENTRO-OESTE;2335.292
2024-12-27 08:00:00;NORTE;SUDESTE/CENTRO-OESTE;2414.692
2024-12-27 09:00:00;NORTE;SUDESTE/CENTRO-OESTE;2401.175
2024-12-27 10:00:00;NORTE;SUDESTE/CENTRO-OESTE;2240.822
2024-12-27 11:00:00;NORTE;SUDESTE/CENTRO-OESTE;2206.282
2024-12-27 12:00:00;NORTE;SUDESTE/CENTRO-OESTE;1843.41
2024-12-27 13:00:00;NORTE;SUDESTE/CENTRO-OESTE;1395.213
2024-12-27 14:00:00;NORTE;SUDESTE/CENTRO-OESTE;1169.689
2024-12-27 15:00:00;NORTE;SUDESTE/CENTRO-OESTE;1597.761
2024-12-27 16:00:00;NORTE;SUDESTE/CENTRO-OESTE;2608.503
2024-12-27 17:00:00;NORTE;SUDESTE/CENTRO-OESTE;4101.47599999
2024-12-27 18:00:00;NORTE;SUDESTE/CENTRO-OESTE;5892.938
2024-12-27 19:00:00;NORTE;SUDESTE/CENTRO-OESTE;6781.303
2024-12-27 20:00:00;NORTE;SUDESTE/CENTRO-OESTE;7666.581
2024-12-27 21:00:00;NORTE;SUDESTE/CENTRO-OESTE;7182.249
2024-12-27 22:00:00;NORTE;SUDESTE/CENTRO-OESTE;5379.676
2024-12-27 23:00:00;NORTE;SUDESTE/CENTRO-OESTE;4202.866
2024-12-28 00:00:00;NORTE;SUDESTE/CENTRO-OESTE;3523.58
2024-12-28 01:00:00;NORTE;SUDESTE/CENTRO-OESTE;2568.26
2024-12-28 02:00:00;NORTE;SUDESTE/CENTRO-OESTE;1691.352
2024-12-28 03:00:00;NORTE;SUDESTE/CENTRO-OESTE;1560.38
2024-12-28 04:00:00;NORTE;SUDESTE/CENTRO-OESTE;1546.28
2024-12-28 05:00:00;NORTE;SUDESTE/CENTRO-OESTE;1391.161
2024-12-28 06:00:00;NORTE;SUDESTE/CENTRO-OESTE;1809.79
2024-12-28 07:00:00;NORTE;SUDESTE/CENTRO-OESTE;2202.983
2024-12-28 08:00:00;NORTE;SUDESTE/CENTRO-OESTE;1981.988
2024-12-28 09:00:00;NORTE;SUDESTE/CENTRO-OESTE;1576.213
2024-12-28 10:00:00;NORTE;SUDESTE/CENTRO-OESTE;1482.19
2024-12-28 11:00:00;NORTE;SUDESTE/CENTRO-OESTE;1451.307
2024-12-28 12:00:00;NORTE;SUDESTE/CENTRO-OESTE;1298.549
2024-12-28 13:00:00;NORTE;SUDESTE/CENTRO-OESTE;1012.099
2024-12-28 14:00:00;NORTE;SUDESTE/CENTRO-OESTE;1111.832
2024-12-28 15:00:00;NORTE;SUDESTE/CENTRO-OESTE;2266.49699999
2024-12-28 16:00:00;NORTE;SUDESTE/CENTRO-OESTE;2770.375
2024-12-28 17:00:00;NORTE;SUDESTE/CENTRO-OESTE;4082.812
2024-12-28 18:00:00;NORTE;SUDESTE/CENTRO-OESTE;5768.159
2024-12-28 19:00:00;NORTE;SUDESTE/CENTRO-OESTE;7514.443
2024-12-28 20:00:00;NORTE;SUDESTE/CENTRO-OESTE;8161.902
2024-12-28 21:00:00;NORTE;SUDESTE/CENTRO-OESTE;7153.821
2024-12-28 22:00:00;NORTE;SUDESTE/CENTRO-OESTE;5571.542
2024-12-28 23:00:00;NORTE;SUDESTE/CENTRO-OESTE;4790.368
2024-12-29 00:00:00;NORTE;SUDESTE/CENTRO-OESTE;4673.362
2024-12-29 01:00:00;NORTE;SUDESTE/CENTRO-OESTE;3519.206
2024-12-29 02:00:00;NORTE;SUDESTE/CENTRO-OESTE;2403.655
2024-12-29 03:00:00;NORTE;SUDESTE/CENTRO-OESTE;2176.933
2024-12-29 04:00:00;NORTE;SUDESTE/CENTRO-OESTE;2059.314
2024-12-29 05:00:00;NORTE;SUDESTE/CENTRO-OESTE;1682.56199999
2024-12-29 06:00:00;NORTE;SUDESTE/CENTRO-OESTE;1557.645
2024-12-29 07:00:00;NORTE;SUDESTE/CENTRO-OESTE;1746.706
2024-12-29 08:00:00;NORTE;SUDESTE/CENTRO-OESTE;1392.143
2024-12-29 09:00:00;NORTE;SUDESTE/CENTRO-OESTE;770.351
2024-12-29 10:00:00;NORTE;SUDESTE/CENTRO-OESTE;434.406
2024-12-29 11:00:00;NORTE;SUDESTE/CENTRO-OESTE;587.999
2024-12-29 12:00:00;NORTE;SUDESTE/CENTRO-OESTE;868.936
2024-12-29 13:00:00;NORTE;SUDESTE/CENTRO-OESTE;1041.18699999
2024-12-29 14:00:00;NORTE;SUDESTE/CENTRO-OESTE;1227.78
2024-12-29 15:00:00;NORTE;SUDESTE/CENTRO-OESTE;1590.508
2024-12-29 16:00:00;NORTE;SUDESTE/CENTRO-OESTE;1931.606
2024-12-29 17:00:00;NORTE;SUDESTE/CENTRO-OESTE;2459.36299999
2024-12-29 18:00:00;NORTE;SUDESTE/CENTRO-OESTE;3499.964
2024-12-29 19:00:00;NORTE;SUDESTE/CENTRO-OESTE;4905.367
2024-12-29 20:00:00;NORTE;SUDESTE/CENTRO-OESTE;5751.738
2024-12-29 21:00:00;NORTE;SUDESTE/CENTRO-OESTE;5306.29699999
2024-12-29 22:00:00;NORTE;SUDESTE/CENTRO-OESTE;4757.647
2024-12-29 23:00:00;NORTE;SUDESTE/CENTRO-OESTE;4432.661
2024-12-30 00:00:00;NORTE;SUDESTE/CENTRO-OESTE;3437.933
2024-12-30 01:00:00;NORTE;SUDESTE/CENTRO-OESTE;2196.572
2024-12-30 02:00:00;NORTE;SUDESTE/CENTRO-OESTE;1588.519
2024-12-30 03:00:00;NORTE;SUDESTE/CENTRO-OESTE;1450.219
2024-12-30 04:00:00;NORTE;SUDESTE/CENTRO-OESTE;1343.852
2024-12-30 05:00:00;NORTE;SUDESTE/CENTRO-OESTE;1182.755
2024-12-30 06:00:00;NORTE;SUDESTE/CENTRO-OESTE;1462.659
2024-12-30 07:00:00;NORTE;SUDESTE/CENTRO-OESTE;1665.962
2024-12-30 08:00:00;NORTE;SUDESTE/CENTRO-OESTE;1582.611
2024-12-30 09:00:00;NORTE;SUDESTE/CENTRO-OESTE;1440.025
2024-12-30 10:00:00;NORTE;SUDESTE/CENTRO-OESTE;862.931
2024-12-30 11:00:00;NORTE;SUDESTE/CENTRO-OESTE;781.106
2024-12-30 12:00:00;NORTE;SUDESTE/CENTRO-OESTE;820.961
2024-12-30 13:00:00;NORTE;SUDESTE/CENTRO-OESTE;975.924
2024-12-30 14:00:00;NORTE;SUDESTE/CENTRO-OESTE;1483.917
2024-12-30 15:00:00;NORTE;SUDESTE/CENTRO-OESTE;1910.215
2024-12-30 16:00:00;NORTE;SUDESTE/CENTRO-OESTE;2091.466
2024-12-30 17:00:00;NORTE;SUDESTE/CENTRO-OESTE;2099.631
2024-12-30 18:00:00;NORTE;SUDESTE/CENTRO-OESTE;3243.094
2024-12-30 19:00:00;NORTE;SUDESTE/CENTRO-OESTE;4955.396
2024-12-30 20:00:00;NORTE;SUDESTE/CENTRO-OESTE;5512.595
2024-12-30 21:00:00;NORTE;SUDESTE/CENTRO-OESTE;5409.024
2024-12-30 22:00:00;NORTE;SUDESTE/CENTRO-OESTE;4986.183
2024-12-30 23:00:00;NORTE;SUDESTE/CENTRO-OESTE;3650.526
2024-12-31 00:00:00;NORTE;SUDESTE/CENTRO-OESTE;2310.03699999
2024-12-31 01:00:00;NORTE;SUDESTE/CENTRO-OESTE;1445.516
2024-12-31 02:00:00;NORTE;SUDESTE/CENTRO-OESTE;894.605
2024-12-31 03:00:00;NORTE;SUDESTE/CENTRO-OESTE;669.455
2024-12-31 04:00:00;NORTE;SUDESTE/CENTRO-OESTE;115.167
2024-12-31 05:00:00;NORTE;SUDESTE/CENTRO-OESTE;-306.298
2024-12-31 06:00:00;NORTE;SUDESTE/CENTRO-OESTE;552.399
2024-12-31 07:00:00;NORTE;SUDESTE/CENTRO-OESTE;1551.959
2024-12-31 08:00:00;NORTE;SUDESTE/CENTRO-OESTE;1308.855
2024-12-31 09:00:00;NORTE;SUDESTE/CENTRO-OESTE;1109.044
2024-12-31 10:00:00;NORTE;SUDESTE/CENTRO-OESTE;915.571
2024-12-31 11:00:00;NORTE;SUDESTE/CENTRO-OESTE;934.238
2024-12-31 12:00:00;NORTE;SUDESTE/CENTRO-OESTE;1041.704
2024-12-31 13:00:00;NORTE;SUDESTE/CENTRO-OESTE;1471.98499999
2024-12-31 14:00:00;NORTE;SUDESTE/CENTRO-OESTE;1823.127
2024-12-31 15:00:00;NORTE;SUDESTE/CENTRO-OESTE;2052.69099999
2024-12-31 16:00:00;NORTE;SUDESTE/CENTRO-OESTE;2183.827
2024-12-31 17:00:00;NORTE;SUDESTE/CENTRO-OESTE;2052.07
2024-12-31 18:00:00;NORTE;SUDESTE/CENTRO-OESTE;2819.31599999
2024-12-31 19:00:00;NORTE;SUDESTE/CENTRO-OESTE;3300.852
2024-12-31 20:00:00;NORTE;SUDESTE/CENTRO-OESTE;3736.9
2024-12-31 21:00:00;NORTE;SUDESTE/CENTRO-OESTE;3882.905
2024-12-31 22:00:00;NORTE;SUDESTE/CENTRO-OESTE;3459.887
2024-12-31 23:00:00;NORTE;SUDESTE/CENTRO-OESTE;3311.447
2025-01-01 00:00:00;NORTE;SUDESTE/CENTRO-OESTE;3305.342
2025-01-01 01:00:00;NORTE;SUDESTE/CENTRO-OESTE;3284.561
2025-01-01 02:00:00;NORTE;SUDESTE/CENTRO-OESTE;3309.182
2025-01-01 03:00:00;NORTE;SUDESTE/CENTRO-OESTE;3264.83
2025-01-01 04:00:00;NORTE;SUDESTE/CENTRO-OESTE;3405.295
2025-01-01 05:00:00;NORTE;SUDESTE/CENTRO-OESTE;3143.202
2025-01-01 06:00:00;NORTE;SUDESTE/CENTRO-OESTE;2437.934
2025-01-01 07:00:00;NORTE;SUDESTE/CENTRO-OESTE;1950.551
2025-01-01 08:00:00;NORTE;SUDESTE/CENTRO-OESTE;1101.89799999
2025-01-01 09:00:00;NORTE;SUDESTE/CENTRO-OESTE;530.191
2025-01-01 10:00:00;NORTE;SUDESTE/CENTRO-OESTE;313.06599999
2025-01-01 11:00:00;NORTE;SUDESTE/CENTRO-OESTE;491.089
2025-01-01 12:00:00;NORTE;SUDESTE/CENTRO-OESTE;613.142
2025-01-01 13:00:00;NORTE;SUDESTE/CENTRO-OESTE;676.92499999
2025-01-01 14:00:00;NORTE;SUDESTE/CENTRO-OESTE;946.792
2025-01-01 15:00:00;NORTE;SUDESTE/CENTRO-OESTE;1297.483
2025-01-01 16:00:00;NORTE;SUDESTE/CENTRO-OESTE;1482.127
2025-01-01 17:00:00;NORTE;SUDESTE/CENTRO-OESTE;1647.025
2025-01-01 18:00:00;NORTE;SUDESTE/CENTRO-OESTE;2668.299
2025-01-01 19:00:00;NORTE;SUDESTE/CENTRO-OESTE;4747.088
2025-01-01 20:00:00;NORTE;SUDESTE/CENTRO-OESTE;5371.331
2025-01-01 21:00:00;NORTE;SUDESTE/CENTRO-OESTE;5156.937
2025-01-01 22:00:00;NORTE;SUDESTE/CENTRO-OESTE;5022.521
2025-01-01 23:00:00;NORTE;SUDESTE/CENTRO-OESTE;4798.566
2025-01-02 00:00:00;NORTE;SUDESTE/CENTRO-OESTE;3548.933
2025-01-02 01:00:00;NORTE;SUDESTE/CENTRO-OESTE;1812.316
2025-01-02 02:00:00;NORTE;SUDESTE/CENTRO-OESTE;1219.082
2025-01-02 03:00:00;NORTE;SUDESTE/CENTRO-OESTE;1237.223
2025-01-02 04:00:00;NORTE;SUDESTE/CENTRO-OESTE;1223.079
2025-01-02 05:00:00;NORTE;SUDESTE/CENTRO-OESTE;1339.736
2025-01-02 06:00:00;NORTE;SUDESTE/CENTRO-OESTE;1750.193
2025-01-02 07:00:00;NORTE;SUDESTE/CENTRO-OESTE;2437.87199999
2025-01-02 08:00:00;NORTE;SUDESTE/CENTRO-OESTE;2402.23
2025-01-02 09:00:00;NORTE;SUDESTE/CENTRO-OESTE;1935.631
2025-01-02 10:00:00;NORTE;SUDESTE/CENTRO-OESTE;1831.001
2025-01-02 11:00:00;NORTE;SUDESTE/CENTRO-OESTE;1608.35
2025-01-02 12:00:00;NORTE;SUDESTE/CENTRO-OESTE;1497.331
2025-01-02 13:00:00;NORTE;SUDESTE/CENTRO-OESTE;1629.692
2025-01-02 14:00:00;NORTE;SUDESTE/CENTRO-OESTE;2369.86299999
2025-01-02 15:00:00;NORTE;SUDESTE/CENTRO-OESTE;2919.634
2025-01-02 16:00:00;NORTE;SUDESTE/CENTRO-OESTE;3603.774
2025-01-02 17:00:00;NORTE;SUDESTE/CENTRO-OESTE;4618.924
2025-01-02 18:00:00;NORTE;SUDESTE/CENTRO-OESTE;5516.294
2025-01-02 19:00:00;NORTE;SUDESTE/CENTRO-OESTE;8001.293
2025-01-02 20:00:00;NORTE;SUDESTE/CENTRO-OESTE;8629.038
2025-01-02 21:00:00;NORTE;SUDESTE/CENTRO-OESTE;8305.422
2025-01-02 22:00:00;NORTE;SUDESTE/CENTRO-OESTE;7552.337
2025-01-02 23:00:00;NORTE;SUDESTE/CENTRO-OESTE;7296.513
2025-01-03 00:00:00;NORTE;SUDESTE/CENTRO-OESTE;7457.179
2025-01-03 01:00:00;NORTE;SUDESTE/CENTRO-OESTE;6843.356
2025-01-03 02:00:00;NORTE;SUDESTE/CENTRO-OESTE;5406.044
2025-01-03 03:00:00;NORTE;SUDESTE/CENTRO-OESTE;4597.156
2025-01-03 04:00:00;NORTE;SUDESTE/CENTRO-OESTE;4440.482
2025-01-03 05:00:00;NORTE;SUDESTE/CENTRO-OESTE;3704.896
2025-01-03 06:00:00;NORTE;SUDESTE/CENTRO-OESTE;2728.321
2025-01-03 07:00:00;NORTE;SUDESTE/CENTRO-OESTE;2792.095
2025-01-03 08:00:00;NORTE;SUDESTE/CENTRO-OESTE;2864.008
2025-01-03 09:00:00;NORTE;SUDESTE/CENTRO-OESTE;2622.639
2025-01-03 10:00:00;NORTE;SUDESTE/CENTRO-OESTE;2267.543
2025-01-03 11:00:00;NORTE;SUDESTE/CENTRO-OESTE;1999.844
2025-01-03 12:00:00;NORTE;SUDESTE/CENTRO-OESTE;1934.431
2025-01-03 13:00:00;NORTE;SUDESTE/CENTRO-OESTE;2356.279
2025-01-03 14:00:00;NORTE;SUDESTE/CENTRO-OESTE;2412.876
2025-01-03 15:00:00;NORTE;SUDESTE/CENTRO-OESTE;2890.542
2025-01-03 16:00:00;NORTE;SUDESTE/CENTRO-OESTE;3079.551
2025-01-03 17:00:00;NORTE;SUDESTE/CENTRO-OESTE;3477.012
2025-01-03 18:00:00;NORTE;SUDESTE/CENTRO-OESTE;4738.403
2025-01-03 19:00:00;NORTE;SUDESTE/CENTRO-OESTE;6845.127
2025-01-03 20:00:00;NORTE;SUDESTE/CENTRO-OESTE;7204.043
2025-01-03 21:00:00;NORTE;SUDESTE/CENTRO-OESTE;6959.987
2025-01-03 22:00:00;NORTE;SUDESTE/CENTRO-OESTE;6596.569
2025-01-03 23:00:00;NORTE;SUDESTE/CENTRO-OESTE;6397.332
2025-01-04 00:00:00;NORTE;SUDESTE/CENTRO-OESTE;6093.176
2025-01-04 01:00:00;NORTE;SUDESTE/CENTRO-OESTE;5122.915
2025-01-04 02:00:00;NORTE;SUDESTE/CENTRO-OESTE;4291.773
2025-01-04 03:00:00;NORTE;SUDESTE/CENTRO-OESTE;3781.788
2025-01-04 04:00:00;NORTE;SUDESTE/CENTRO-OESTE;3549.003
2025-01-04 05:00:00;NORTE;SUDESTE/CENTRO-OESTE;3170.293
2025-01-04 06:00:00;NORTE;SUDESTE/CENTRO-OESTE;2997.873
2025-01-04 07:00:00;NORTE;SUDESTE/CENTRO-OESTE;2563.034
2025-01-04 08:00:00;NORTE;SUDESTE/CENTRO-OESTE;2105.75
2025-01-04 09:00:00;NORTE;SUDESTE/CENTRO-OESTE;1963.04
2025-01-04 10:00:00;NORTE;SUDESTE/CENTRO-OESTE;2404.455
2025-01-04 11:00:00;NORTE;SUDESTE/CENTRO-OESTE;2363.813
2025-01-04 12:00:00;NORTE;SUDESTE/CENTRO-OESTE;2254.156
2025-01-04 13:00:00;NORTE;SUDESTE/CENTRO-OESTE;2110.054
2025-01-04 14:00:00;NORTE;SUDESTE/CENTRO-OESTE;2183.65099999
2025-01-04 15:00:00;NORTE;SUDESTE/CENTRO-OESTE;2075.599
2025-01-04 16:00:00;NORTE;SUDESTE/CENTRO-OESTE;2568.411
2025-01-04 17:00:00;NORTE;SUDESTE/CENTRO-OESTE;3861.236
2025-01-04 18:00:00;NORTE;SUDESTE/CENTRO-OESTE;5000.779
2025-01-04 19:00:00;NORTE;SUDESTE/CENTRO-OESTE;6825.025
2025-01-04 20:00:00;NORTE;SUDESTE/CENTRO-OESTE;7144.384
2025-01-04 21:00:00;NORTE;SUDESTE/CENTRO-OESTE;6659.699
2025-01-04 22:00:00;NORTE;SUDESTE/CENTRO-OESTE;5487.21
2025-01-04 23:00:00;NORTE;SUDESTE/CENTRO-OESTE;4892.502
2025-01-05 00:00:00;NORTE;SUDESTE/CENTRO-OESTE;4025.598
2025-01-05 01:00:00;NORTE;SUDESTE/CENTRO-OESTE;2884.69
2025-01-05 02:00:00;NORTE;SUDESTE/CENTRO-OESTE;2668.829
2025-01-05 03:00:00;NORTE;SUDESTE/CENTRO-OESTE;2632.73
2025-01-05 04:00:00;NORTE;SUDESTE/CENTRO-OESTE;1889.712
2025-01-05 05:00:00;NORTE;SUDESTE/CENTRO-OESTE;840.606
2025-01-05 06:00:00;NORTE;SUDESTE/CENTRO-OESTE;891.673
2025-01-05 07:00:00;NORTE;SUDESTE/CENTRO-OESTE;1138.079
2025-01-05 08:00:00;NORTE;SUDESTE/CENTRO-OESTE;1169.788
2025-01-05 09:00:00;NORTE;SUDESTE/CENTRO-OESTE;935.351
2025-01-05 10:00:00;NORTE;SUDESTE/CENTRO-OESTE;797.3
2025-01-05 11:00:00;NORTE;SUDESTE/CENTRO-OESTE;929.739
2025-01-05 12:00:00;NORTE;SUDESTE/CENTRO-OESTE;996.85
2025-01-05 13:00:00;NORTE;SUDESTE/CENTRO-OESTE;1128.962
2025-01-05 14:00:00;NORTE;SUDESTE/CENTRO-OESTE;1215.815
2025-01-05 15:00:00;NORTE;SUDESTE/CENTRO-OESTE;1539.917
2025-01-05 16:00:00;NORTE;SUDESTE/CENTRO-OESTE;1482.982
2025-01-05 17:00:00;NORTE;SUDESTE/CENTRO-OESTE;1943.312
2025-01-05 18:00:00;NORTE;SUDESTE/CENTRO-OESTE;3676.226
2025-01-05 19:00:00;NORTE;SUDESTE/CENTRO-OESTE;5406.039
2025-01-05 20:00:00;NORTE;SUDESTE/CENTRO-OESTE;6193.182
2025-01-05 21:00:00;NORTE;SUDESTE/CENTRO-OESTE;5861.822
2025-01-05 22:00:00;NORTE;SUDESTE/CENTRO-OESTE;5149.93999999
2025-01-05 23:00:00;NORTE;SUDESTE/CENTRO-OESTE;3240.09
2025-01-06 00:00:00;NORTE;SUDESTE/CENTRO-OESTE;2250.81599999
2025-01-06 01:00:00;NORTE;SUDESTE/CENTRO-OESTE;1405.239
2025-01-06 02:00:00;NORTE;SUDESTE/CENTRO-OESTE;843.1
2025-01-06 03:00:00;NORTE;SUDESTE/CENTRO-OESTE;366.033
2025-01-06 04:00:00;NORTE;SUDESTE/CENTRO-OESTE;395.983
2025-01-06 05:00:00;NORTE;SUDESTE/CENTRO-OESTE;680.713
2025-01-06 06:00:00;NORTE;SUDESTE/CENTRO-OESTE;902.53
2025-01-06 07:00:00;NORTE;SUDESTE/CENTRO-OESTE;1273.394
2025-01-06 08:00:00;NORTE;SUDESTE/CENTRO-OESTE;1363.24399999
2025-01-06 09:00:00;NORTE;SUDESTE/CENTRO-OESTE;1322.94699999
2025-01-06 10:00:00;NORTE;SUDESTE/CENTRO-OESTE;1554.268
2025-01-06 11:00:00;NORTE;SUDESTE/CENTRO-OESTE;1698.553
2025-01-06 12:00:00;NORTE;SUDESTE/CENTRO-OESTE;1617.323
2025-01-06 13:00:00;NORTE;SUDESTE/CENTRO-OESTE;1685.23
2025-01-06 14:00:00;NORTE;SUDESTE/CENTRO-OESTE;2290.40299999
2025-01-06 15:00:00;NORTE;SUDESTE/CENTRO-OESTE;2529.08399999
2025-01-06 16:00:00;NORTE;SUDESTE/CENTRO-OESTE;3039.361
2025-01-06 17:00:00;NORTE;SUDESTE/CENTRO-OESTE;2993.804
2025-01-06 18:00:00;NORTE;SUDESTE/CENTRO-OESTE;4019.478
2025-01-06 19:00:00;NORTE;SUDESTE/CENTRO-OESTE;5696.39
2025-01-06 20:00:00;NORTE;SUDESTE/CENTRO-OESTE;6174.45
2025-01-06 21:00:00;NORTE;SUDESTE/CENTRO-OESTE;5798.84
2025-01-06 22:00:00;NORTE;SUDESTE/CENTRO-OESTE;4925.484
2025-01-06 23:00:00;NORTE;SUDESTE/CENTRO-OESTE;2981.467
2025-01-07 00:00:00;NORTE;SUDESTE/CENTRO-OESTE;1727.437
2025-01-07 01:00:00;NORTE;SUDESTE/CENTRO-OESTE;1379.825
2025-01-07 02:00:00;NORTE;SUDESTE/CENTRO-OESTE;1692.488
2025-01-07 03:00:00;NORTE;SUDESTE/CENTRO-OESTE;1722.494
2025-01-07 04:00:00;NORTE;SUDESTE/CENTRO-OESTE;1752.475
2025-01-07 05:00:00;NORTE;SUDESTE/CENTRO-OESTE;1777.518
2025-01-07 06:00:00;NORTE;SUDESTE/CENTRO-OESTE;1845.445
2025-01-07 07:00:00;NORTE;SUDESTE/CENTRO-OESTE;2387.148
2025-01-07 08:00:00;NORTE;SUDESTE/CENTRO-OESTE;2614.741
2025-01-07 09:00:00;NORTE;SUDESTE/CENTRO-OESTE;3105.131
2025-01-07 10:00:00;NORTE;SUDESTE/CENTRO-OESTE;3188.06
2025-01-07 11:00:00;NORTE;SUDESTE/CENTRO-OESTE;3119.522
2025-01-07 12:00:00;NORTE;SUDESTE/CENTRO-OESTE;3228.167
2025-01-07 13:00:00;NORTE;SUDESTE/CENTRO-OESTE;3821.85
2025-01-07 14:00:00;NORTE;SUDESTE/CENTRO-OESTE;3493.759
2025-01-07 15:00:00;NORTE;SUDESTE/CENTRO-OESTE;3163.466
2025-01-07 16:00:00;NORTE;SUDESTE/CENTRO-OESTE;3122.002
2025-01-07 17:00:00;NORTE;SUDESTE/CENTRO-OESTE;3922.908
2025-01-07 18:00:00;NORTE;SUDESTE/CENTRO-OESTE;5168.46
2025-01-07 19:00:00;NORTE;SUDESTE/CENTRO-OESTE;7109.628
2025-01-07 20:00:00;NORTE;SUDESTE/CENTRO-OESTE;6776.065
2025-01-07 21:00:00;NORTE;SUDESTE/CENTRO-OESTE;6138.195
2025-01-07 22:00:00;NORTE;SUDESTE/CENTRO-OESTE;5078.541
2025-01-07 23:00:00;NORTE;SUDESTE/CENTRO-OESTE;3885.591
2025-01-08 00:00:00;NORTE;SUDESTE/CENTRO-OESTE;2665.40299999
2025-01-08 01:00:00;NORTE;SUDESTE/CENTRO-OESTE;2162.866
2025-01-08 02:00:00;NORTE;SUDESTE/CENTRO-OESTE;2043.302
2025-01-08 03:00:00;NORTE;SUDESTE/CENTRO-OESTE;2087.233
2025-01-08 04:00:00;NORTE;SUDESTE/CENTRO-OESTE;1934.4
2025-01-08 05:00:00;NORTE;SUDESTE/CENTRO-OESTE;1871.808
2025-01-08 06:00:00;NORTE;SUDESTE/CENTRO-OESTE;1768.715
2025-01-08 07:00:00;NORTE;SUDESTE/CENTRO-OESTE;2588.40299999
2025-01-08 08:00:00;NORTE;SUDESTE/CENTRO-OESTE;3127.533
2025-01-08 09:00:00;NORTE;SUDESTE/CENTRO-OESTE;3135.531
2025-01-08 10:00:00;NORTE;SUDESTE/CENTRO-OESTE;3517.866
2025-01-08 11:00:00;NORTE;SUDESTE/CENTRO-OESTE;3834.959
2025-01-08 12:00:00;NORTE;SUDESTE/CENTRO-OESTE;3714.832
2025-01-08 13:00:00;NORTE;SUDESTE/CENTRO-OESTE;3966.661
2025-01-08 14:00:00;NORTE;SUDESTE/CENTRO-OESTE;3981.757
2025-01-08 15:00:00;NORTE;SUDESTE/CENTRO-OESTE;3880.735
2025-01-08 16:00:00;NORTE;SUDESTE/CENTRO-OESTE;3670.842
2025-01-08 17:00:00;NORTE;SUDESTE/CENTRO-OESTE;3978.83
2025-01-08 18:00:00;NORTE;SUDESTE/CENTRO-OESTE;5210.765
2025-01-08 19:00:00;NORTE;SUDESTE/CENTRO-OESTE;6799.4
2025-01-08 20:00:00;NORTE;SUDESTE/CENTRO-OESTE;6814.413
2025-01-08 21:00:00;NORTE;SUDESTE/CENTRO-OESTE;6235.622
2025-01-08 22:00:00;NORTE;SUDESTE/CENTRO-OESTE;5249.662
2025-01-08 23:00:00;NORTE;SUDESTE/CENTRO-OESTE;4220.874
2025-01-09 00:00:00;NORTE;SUDESTE/CENTRO-OESTE;2366.62
2025-01-09 01:00:00;NORTE;SUDESTE/CENTRO-OESTE;1497.121
2025-01-09 02:00:00;NORTE;SUDESTE/CENTRO-OESTE;931.225
2025-01-09 03:00:00;NORTE;SUDESTE/CENTRO-OESTE;1028.41
2025-01-09 04:00:00;NORTE;SUDESTE/CENTRO-OESTE;1414.189
2025-01-09 05:00:00;NORTE;SUDESTE/CENTRO-OESTE;2057.82
2025-01-09 06:00:00;NORTE;SUDESTE/CENTRO-OESTE;2615.947
2025-01-09 07:00:00;NORTE;SUDESTE/CENTRO-OESTE;4005.939
2025-01-09 08:00:00;NORTE;SUDESTE/CENTRO-OESTE;4883.178
2025-01-09 09:00:00;NORTE;SUDESTE/CENTRO-OESTE;4739.729
2025-01-09 10:00:00;NORTE;SUDESTE/CENTRO-OESTE;4250.37
2025-01-09 11:00:00;NORTE;SUDESTE/CENTRO-OESTE;4287.45799999
2025-01-09 12:00:00;NORTE;SUDESTE/CENTRO-OESTE;4075.049
2025-01-09 13:00:00;NORTE;SUDESTE/CENTRO-OESTE;4048.399
2025-01-09 14:00:00;NORTE;SUDESTE/CENTRO-OESTE;4586.937
2025-01-09 15:00:00;NORTE;SUDESTE/CENTRO-OESTE;4955.003
2025-01-09 16:00:00;NORTE;SUDESTE/CENTRO-OESTE;4740.935
2025-01-09 17:00:00;NORTE;SUDESTE/CENTRO-OESTE;4797.76
2025-01-09 18:00:00;NORTE;SUDESTE/CENTRO-OESTE;5235.265
2025-01-09 19:00:00;NORTE;SUDESTE/CENTRO-OESTE;5777.562
2025-01-09 20:00:00;NORTE;SUDESTE/CENTRO-OESTE;6104.86
2025-01-09 21:00:00;NORTE;SUDESTE/CENTRO-OESTE;5505.82
2025-01-09 22:00:00;NORTE;SUDESTE/CENTRO-OESTE;4757.848
2025-01-09 23:00:00;NORTE;SUDESTE/CENTRO-OESTE;3305.737
2025-01-10 00:00:00;NORTE;SUDESTE/CENTRO-OESTE;2382.081
2025-01-10 01:00:00;NORTE;SUDESTE/CENTRO-OESTE;1546.013
2025-01-10 02:00:00;NORTE;SUDESTE/CENTRO-OESTE;1543.699
2025-01-10 03:00:00;NORTE;SUDESTE/CENTRO-OESTE;1501.607
2025-01-10 04:00:00;NORTE;SUDESTE/CENTRO-OESTE;1481.629
2025-01-10 05:00:00;NORTE;SUDESTE/CENTRO-OESTE;1681.012
2025-01-10 06:00:00;NORTE;SUDESTE/CENTRO-OESTE;2254.456
2025-01-10 07:00:00;NORTE;SUDESTE/CENTRO-OESTE;2965.322
2025-01-10 08:00:00;NORTE;SUDESTE/CENTRO-OESTE;3210.998
2025-01-10 09:00:00;NORTE;SUDESTE/CENTRO-OESTE;2746.369
2025-01-10 10:00:00;NORTE;SUDESTE/CENTRO-OESTE;3176.353
2025-01-10 11:00:00;NORTE;SUDESTE/CENTRO-OESTE;3456.778
2025-01-10 12:00:00;NORTE;SUDESTE/CENTRO-OESTE;3719.871
2025-01-10 13:00:00;NORTE;SUDESTE/CENTRO-OESTE;3698.519
2025-01-10 14:00:00;NORTE;SUDESTE/CENTRO-OESTE;3687.084
2025-01-10 15:00:00;NORTE;SUDESTE/CENTRO-OESTE;4018.391
2025-01-10 16:00:00;NORTE;SUDESTE/CENTRO-OESTE;4669.518
2025-01-10 17:00:00;NORTE;SUDESTE/CENTRO-OESTE;5604.35
2025-01-10 18:00:00;NORTE;SUDESTE/CENTRO-OESTE;7079.56
2025-01-10 19:00:00;NORTE;SUDESTE/CENTRO-OESTE;7553.916
2025-01-10 20:00:00;NORTE;SUDESTE/CENTRO-OESTE;7588.761
2025-01-10 21:00:00;NORTE;SUDESTE/CENTRO-OESTE;7119.872
2025-01-10 22:00:00;NORTE;SUDESTE/CENTRO-OESTE;5697.124
2025-01-10 23:00:00;NORTE;SUDESTE/CENTRO-OESTE;4454.197
2025-01-11 00:00:00;NORTE;SUDESTE/CENTRO-OESTE;2865.977
2025-01-11 01:00:00;NORTE;SUDESTE/CENTRO-OESTE;2905.052
2025-01-11 02:00:00;NORTE;SUDESTE/CENTRO-OESTE;3078.407
2025-01-11 03:00:00;NORTE;SUDESTE/CENTRO-OESTE;3014.91
2025-01-11 04:00:00;NORTE;SUDESTE/CENTRO-OESTE;2629.712
2025-01-11 05:00:00;NORTE;SUDESTE/CENTRO-OESTE;2490.848
2025-01-11 06:00:00;NORTE;SUDESTE/CENTRO-OESTE;2277.397
2025-01-11 07:00:00;NORTE;SUDESTE/CENTRO-OESTE;1559.947
2025-01-11 08:00:00;NORTE;SUDESTE/CENTRO-OESTE;1566.161
2025-01-11 09:00:00;NORTE;SUDESTE/CENTRO-OESTE;2152.294
2025-01-11 10:00:00;NORTE;SUDESTE/CENTRO-OESTE;3135.661
2025-01-11 11:00:00;NORTE;SUDESTE/CENTRO-OESTE;3377.146
2025-01-11 12:00:00;NORTE;SUDESTE/CENTRO-OESTE;3329.772
2025-01-11 13:00:00;NORTE;SUDESTE/CENTRO-OESTE;3047.759
2025-01-11 14:00:00;NORTE;SUDESTE/CENTRO-OESTE;2737.6
2025-01-11 15:00:00;NORTE;SUDESTE/CENTRO-OESTE;2426.297
2025-01-11 16:00:00;NORTE;SUDESTE/CENTRO-OESTE;2425.744
2025-01-11 17:00:00;NORTE;SUDESTE/CENTRO-OESTE;2983.083
2025-01-11 18:00:00;NORTE;SUDESTE/CENTRO-OESTE;3257.578
2025-01-11 19:00:00;NORTE;SUDESTE/CENTRO-OESTE;3873.077
2025-01-11 20:00:00;NORTE;SUDESTE/CENTRO-OESTE;4336.74799999
2025-01-11 21:00:00;NORTE;SUDESTE/CENTRO-OESTE;3849.608
2025-01-11 22:00:00;NORTE;SUDESTE/CENTRO-OESTE;2773.63
2025-01-11 23:00:00;NORTE;SUDESTE/CENTRO-OESTE;2496.338
2025-01-12 00:00:00;NORTE;SUDESTE/CENTRO-OESTE;1858.007
2025-01-12 01:00:00;NORTE;SUDESTE/CENTRO-OESTE;1766.857
2025-01-12 02:00:00;NORTE;SUDESTE/CENTRO-OESTE;1646.731
2025-01-12 03:00:00;NORTE;SUDESTE/CENTRO-OESTE;2003.138
2025-01-12 04:00:00;NORTE;SUDESTE/CENTRO-OESTE;2190.804
2025-01-12 05:00:00;NORTE;SUDESTE/CENTRO-OESTE;1552.967
2025-01-12 06:00:00;NORTE;SUDESTE/CENTRO-OESTE;850.394
2025-01-12 07:00:00;NORTE;SUDESTE/CENTRO-OESTE;911.441
2025-01-12 08:00:00;NORTE;SUDESTE/CENTRO-OESTE;1792.825
2025-01-12 09:00:00;NORTE;SUDESTE/CENTRO-OESTE;1673.701
2025-01-12 10:00:00;NORTE;SUDESTE/CENTRO-OESTE;1823.542
2025-01-12 11:00:00;NORTE;SUDESTE/CENTRO-OESTE;2078.402
2025-01-12 12:00:00;NORTE;SUDESTE/CENTRO-OESTE;2214.253
2025-01-12 13:00:00;NORTE;SUDESTE/CENTRO-OESTE;1842.395
2025-01-12 14:00:00;NORTE;SUDESTE/CENTRO-OESTE;1825.704
2025-01-12 15:00:00;NORTE;SUDESTE/CENTRO-OESTE;1274.351
2025-01-12 16:00:00;NORTE;SUDESTE/CENTRO-OESTE;1175.89
2025-01-12 17:00:00;NORTE;SUDESTE/CENTRO-OESTE;2128.33599999
2025-01-12 18:00:00;NORTE;SUDESTE/CENTRO-OESTE;2645.934
2025-01-12 19:00:00;NORTE;SUDESTE/CENTRO-OESTE;2971.72
2025-01-12 20:00:00;NORTE;SUDESTE/CENTRO-OESTE;3018.258
2025-01-12 21:00:00;NORTE;SUDESTE/CENTRO-OESTE;2571.073
2025-01-12 22:00:00;NORTE;SUDESTE/CENTRO-OESTE;2269.597
2025-01-12 23:00:00;NORTE;SUDESTE/CENTRO-OESTE;2029.243
2025-01-13 00:00:00;NORTE;SUDESTE/CENTRO-OESTE;2638.235
2025-01-13 01:00:00;NORTE;SUDESTE/CENTRO-OESTE;4781.941
2025-01-13 02:00:00;NORTE;SUDESTE/CENTRO-OESTE;5776.626
2025-01-13 03:00:00;NORTE;SUDESTE/CENTRO-OESTE;5643.484
2025-01-13 04:00:00;NORTE;SUDESTE/CENTRO-OESTE;5682.016
2025-01-13 05:00:00;NORTE;SUDESTE/CENTRO-OESTE;6090.728
2025-01-13 06:00:00;NORTE;SUDESTE/CENTRO-OESTE;6447.7
2025-01-13 07:00:00;NORTE;SUDESTE/CENTRO-OESTE;6784.322
2025-01-13 08:00:00;NORTE;SUDESTE/CENTRO-OESTE;6086.563
2025-01-13 09:00:00;NORTE;SUDESTE/CENTRO-OESTE;4666.863
2025-01-13 10:00:00;NORTE;SUDESTE/CENTRO-OESTE;4521.531
2025-01-13 11:00:00;NORTE;SUDESTE/CENTRO-OESTE;4746.437
2025-01-13 12:00:00;NORTE;SUDESTE/CENTRO-OESTE;4733.587
2025-01-13 13:00:00;NORTE;SUDESTE/CENTRO-OESTE;4999.126
2025-01-13 14:00:00;NORTE;SUDESTE/CENTRO-OESTE;5198.188
2025-01-13 15:00:00;NORTE;SUDESTE/CENTRO-OESTE;6376.414
2025-01-13 16:00:00;NORTE;SUDESTE/CENTRO-OESTE;6473.937
2025-01-13 17:00:00;NORTE;SUDESTE/CENTRO-OESTE;7002.916
2025-01-13 18:00:00;NORTE;SUDESTE/CENTRO-OESTE;6824.233
2025-01-13 19:00:00;NORTE;SUDESTE/CENTRO-OESTE;6570.518
2025-01-13 20:00:00;NORTE;SUDESTE/CENTRO-OESTE;6307.252
2025-01-13 21:00:00;NORTE;SUDESTE/CENTRO-OESTE;6069.489
2025-01-13 22:00:00;NORTE;SUDESTE/CENTRO-OESTE;5523.567
2025-01-13 23:00:00;NORTE;SUDESTE/CENTRO-OESTE;5475.731
2025-01-14 00:00:00;NORTE;SUDESTE/CENTRO-OESTE;5073.128
2025-01-14 01:00:00;NORTE;SUDESTE/CENTRO-OESTE;4545.327
2025-01-14 02:00:00;NORTE;SUDESTE/CENTRO-OESTE;4624.179
2025-01-14 03:00:00;NORTE;SUDESTE/CENTRO-OESTE;4410.66
2025-01-14 04:00:00;NORTE;SUDESTE/CENTRO-OESTE;4348.164
2025-01-14 05:00:00;NORTE;SUDESTE/CENTRO-OESTE;4175.189
2025-01-14 06:00:00;NORTE;SUDESTE/CENTRO-OESTE;3964.272
2025-01-14 07:00:00;NORTE;SUDESTE/CENTRO-OESTE;4118.831
2025-01-14 08:00:00;NORTE;SUDESTE/CENTRO-OESTE;4021.999
2025-01-14 09:00:00;NORTE;SUDESTE/CENTRO-OESTE;3757.572
2025-01-14 10:00:00;NORTE;SUDESTE/CENTRO-OESTE;4884.383
2025-01-14 11:00:00;NORTE;SUDESTE/CENTRO-OESTE;4872.97999999
2025-01-14 12:00:00;NORTE;SUDESTE/CENTRO-OESTE;5290.984
2025-01-14 13:00:00;NORTE;SUDESTE/CENTRO-OESTE;5131.405
2025-01-14 14:00:00;NORTE;SUDESTE/CENTRO-OESTE;4947.822
2025-01-14 15:00:00;NORTE;SUDESTE/CENTRO-OESTE;5357.388
2025-01-14 16:00:00;NORTE;SUDESTE/CENTRO-OESTE;6802.88
2025-01-14 17:00:00;NORTE;SUDESTE/CENTRO-OESTE;6764.77
2025-01-14 18:00:00;NORTE;SUDESTE/CENTRO-OESTE;6611.464
2025-01-14 19:00:00;NORTE;SUDESTE/CENTRO-OESTE;6702.662
2025-01-14 20:00:00;NORTE;SUDESTE/CENTRO-OESTE;6609.284
2025-01-14 21:00:00;NORTE;SUDESTE/CENTRO-OESTE;6498.124
2025-01-14 22:00:00;NORTE;SUDESTE/CENTRO-OESTE;6342.046
2025-01-14 23:00:00;NORTE;SUDESTE/CENTRO-OESTE;5997.621
2025-01-15 00:00:00;NORTE;SUDESTE/CENTRO-OESTE;5433.627
2025-01-15 01:00:00;NORTE;SUDESTE/CENTRO-OESTE;5395.89999999
2025-01-15 02:00:00;NORTE;SUDESTE/CENTRO-OESTE;5283.435
2025-01-15 03:00:00;NORTE;SUDESTE/CENTRO-OESTE;4882.761
2025-01-15 04:00:00;NORTE;SUDESTE/CENTRO-OESTE;4952.446
2025-01-15 05:00:00;NORTE;SUDESTE/CENTRO-OESTE;4871.206
2025-01-15 06:00:00;NORTE;SUDESTE/CENTRO-OESTE;5325.585
2025-01-15 07:00:00;NORTE;SUDESTE/CENTRO-OESTE;5363.081
2025-01-15 08:00:00;NORTE;SUDESTE/CENTRO-OESTE;4957.935
2025-01-15 09:00:00;NORTE;SUDESTE/CENTRO-OESTE;4362.559
2025-01-15 10:00:00;NORTE;SUDESTE/CENTRO-OESTE;4227.071
2025-01-15 11:00:00;NORTE;SUDESTE/CENTRO-OESTE;4563.335
2025-01-15 12:00:00;NORTE;SUDESTE/CENTRO-OESTE;4171.8
2025-01-15 13:00:00;NORTE;SUDESTE/CENTRO-OESTE;4052.131
2025-01-15 14:00:00;NORTE;SUDESTE/CENTRO-OESTE;5525.806
2025-01-15 15:00:00;NORTE;SUDESTE/CENTRO-OESTE;6199.411
2025-01-15 16:00:00;NORTE;SUDESTE/CENTRO-OESTE;5507.066
2025-01-15 17:00:00;NORTE;SUDESTE/CENTRO-OESTE;5354.955
2025-01-15 18:00:00;NORTE;SUDESTE/CENTRO-OESTE;6028.93
2025-01-15 19:00:00;NORTE;SUDESTE/CENTRO-OESTE;6287.718
2025-01-15 20:00:00;NORTE;SUDESTE/CENTRO-OESTE;6269.498
2025-01-15 21:00:00;NORTE;SUDESTE/CENTRO-OESTE;5914.799
2025-01-15 22:00:00;NORTE;SUDESTE/CENTRO-OESTE;5548.051
2025-01-15 23:00:00;NORTE;SUDESTE/CENTRO-OESTE;5574.872
2025-01-16 00:00:00;NORTE;SUDESTE/CENTRO-OESTE;5499.114
2025-01-16 01:00:00;NORTE;SUDESTE/CENTRO-OESTE;5590.955
2025-01-16 02:00:00;NORTE;SUDESTE/CENTRO-OESTE;5534.104
2025-01-16 03:00:00;NORTE;SUDESTE/CENTRO-OESTE;4948.24799999
2025-01-16 04:00:00;NORTE;SUDESTE/CENTRO-OESTE;5263.791
2025-01-16 05:00:00;NORTE;SUDESTE/CENTRO-OESTE;5769.162
2025-01-16 06:00:00;NORTE;SUDESTE/CENTRO-OESTE;6218.808
2025-01-16 07:00:00;NORTE;SUDESTE/CENTRO-OESTE;6664.226
2025-01-16 08:00:00;NORTE;SUDESTE/CENTRO-OESTE;6505.617
2025-01-16 09:00:00;NORTE;SUDESTE/CENTRO-OESTE;6494.875
2025-01-16 10:00:00;NORTE;SUDESTE/CENTRO-OESTE;6102.769
2025-01-16 11:00:00;NORTE;SUDESTE/CENTRO-OESTE;5188.493
2025-01-16 12:00:00;NORTE;SUDESTE/CENTRO-OESTE;4333.49799999
2025-01-16 13:00:00;NORTE;SUDESTE/CENTRO-OESTE;4394.375
2025-01-16 14:00:00;NORTE;SUDESTE/CENTRO-OESTE;4881.843
2025-01-16 15:00:00;NORTE;SUDESTE/CENTRO-OESTE;5433.483
2025-01-16 16:00:00;NORTE;SUDESTE/CENTRO-OESTE;7234.048
2025-01-16 17:00:00;NORTE;SUDESTE/CENTRO-OESTE;8100.732
2025-01-16 18:00:00;NORTE;SUDESTE/CENTRO-OESTE;8062.692
2025-01-16 19:00:00;NORTE;SUDESTE/CENTRO-OESTE;9121.82599999
2025-01-16 20:00:00;NORTE;SUDESTE/CENTRO-OESTE;8865.941
2025-01-16 21:00:00;NORTE;SUDESTE/CENTRO-OESTE;7623.801
2025-01-16 22:00:00;NORTE;SUDESTE/CENTRO-OESTE;7591.451
2025-01-16 23:00:00;NORTE;SUDESTE/CENTRO-OESTE;6754.674
2025-01-17 00:00:00;NORTE;SUDESTE/CENTRO-OESTE;6548.96
2025-01-17 01:00:00;NORTE;SUDESTE/CENTRO-OESTE;6478.494
2025-01-17 02:00:00;NORTE;SUDESTE/CENTRO-OESTE;6556.296
2025-01-17 03:00:00;NORTE;SUDESTE/CENTRO-OESTE;6225.282
2025-01-17 04:00:00;NORTE;SUDESTE/CENTRO-OESTE;6368.287
2025-01-17 05:00:00;NORTE;SUDESTE/CENTRO-OESTE;6688.22
2025-01-17 06:00:00;NORTE;SUDESTE/CENTRO-OESTE;6292.664
2025-01-17 07:00:00;NORTE;SUDESTE/CENTRO-OESTE;5041.944
2025-01-17 08:00:00;NORTE;SUDESTE/CENTRO-OESTE;4126.796
2025-01-17 09:00:00;NORTE;SUDESTE/CENTRO-OESTE;4024.86
2025-01-17 10:00:00;NORTE;SUDESTE/CENTRO-OESTE;3645.768
2025-01-17 11:00:00;NORTE;SUDESTE/CENTRO-OESTE;3098.782
2025-01-17 12:00:00;NORTE;SUDESTE/CENTRO-OESTE;2771.334
2025-01-17 13:00:00;NORTE;SUDESTE/CENTRO-OESTE;3978.815
2025-01-17 14:00:00;NORTE;SUDESTE/CENTRO-OESTE;5040.28799999
2025-01-17 15:00:00;NORTE;SUDESTE/CENTRO-OESTE;6358.233
2025-01-17 16:00:00;NORTE;SUDESTE/CENTRO-OESTE;7100.629
2025-01-17 17:00:00;NORTE;SUDESTE/CENTRO-OESTE;7339.682
2025-01-17 18:00:00;NORTE;SUDESTE/CENTRO-OESTE;7889.151
2025-01-17 19:00:00;NORTE;SUDESTE/CENTRO-OESTE;8347.812
2025-01-17 20:00:00;NORTE;SUDESTE/CENTRO-OESTE;8109.358
2025-01-17 21:00:00;NORTE;SUDESTE/CENTRO-OESTE;8062.001
2025-01-17 22:00:00;NORTE;SUDESTE/CENTRO-OESTE;7973.532
2025-01-17 23:00:00;NORTE;SUDESTE/CENTRO-OESTE;7645.321
2025-01-18 00:00:00;NORTE;SUDESTE/CENTRO-OESTE;7723.761
2025-01-18 01:00:00;NORTE;SUDESTE/CENTRO-OESTE;7847.655
2025-01-18 02:00:00;NORTE;SUDESTE/CENTRO-OESTE;7887.791
2025-01-18 03:00:00;NORTE;SUDESTE/CENTRO-OESTE;7244.355
2025-01-18 04:00:00;NORTE;SUDESTE/CENTRO-OESTE;6488.547
2025-01-18 05:00:00;NORTE;SUDESTE/CENTRO-OESTE;6018.829
2025-01-18 06:00:00;NORTE;SUDESTE/CENTRO-OESTE;6595.769
2025-01-18 07:00:00;NORTE;SUDESTE/CENTRO-OESTE;6572.025
2025-01-18 08:00:00;NORTE;SUDESTE/CENTRO-OESTE;5142.392
2025-01-18 09:00:00;NORTE;SUDESTE/CENTRO-OESTE;4171.048
2025-01-18 10:00:00;NORTE;SUDESTE/CENTRO-OESTE;3936.384
2025-01-18 11:00:00;NORTE;SUDESTE/CENTRO-OESTE;3893.228
2025-01-18 12:00:00;NORTE;SUDESTE/CENTRO-OESTE;3426.752
2025-01-18 13:00:00;NORTE;SUDESTE/CENTRO-OESTE;3345.372
2025-01-18 14:00:00;NORTE;SUDESTE/CENTRO-OESTE;2740.165
2025-01-18 15:00:00;NORTE;SUDESTE/CENTRO-OESTE;2897.882
2025-01-18 16:00:00;NORTE;SUDESTE/CENTRO-OESTE;4649.117
2025-01-18 17:00:00;NORTE;SUDESTE/CENTRO-OESTE;6807.652
2025-01-18 18:00:00;NORTE;SUDESTE/CENTRO-OESTE;8458.132
2025-01-18 19:00:00;NORTE;SUDESTE/CENTRO-OESTE;8875.427
2025-01-18 20:00:00;NORTE;SUDESTE/CENTRO-OESTE;8495.606
2025-01-18 21:00:00;NORTE;SUDESTE/CENTRO-OESTE;7867.235
2025-01-18 22:00:00;NORTE;SUDESTE/CENTRO-OESTE;7429.145
2025-01-18 23:00:00;NORTE;SUDESTE/CENTRO-OESTE;6883.082
2025-01-19 00:00:00;NORTE;SUDESTE/CENTRO-OESTE;5245.764
2025-01-19 01:00:00;NORTE;SUDESTE/CENTRO-OESTE;3204.401
2025-01-19 02:00:00;NORTE;SUDESTE/CENTRO-OESTE;1849.106
2025-01-19 03:00:00;NORTE;SUDESTE/CENTRO-OESTE;1017.342
2025-01-19 04:00:00;NORTE;SUDESTE/CENTRO-OESTE;804.01
2025-01-19 05:00:00;NORTE;SUDESTE/CENTRO-OESTE;813.902
2025-01-19 06:00:00;NORTE;SUDESTE/CENTRO-OESTE;735.126
2025-01-19 07:00:00;NORTE;SUDESTE/CENTRO-OESTE;1511.179
2025-01-19 08:00:00;NORTE;SUDESTE/CENTRO-OESTE;2048.313
2025-01-19 09:00:00;NORTE;SUDESTE/CENTRO-OESTE;2218.522
2025-01-19 10:00:00;NORTE;SUDESTE/CENTRO-OESTE;2903.699
2025-01-19 11:00:00;NORTE;SUDESTE/CENTRO-OESTE;3352.494
2025-01-19 12:00:00;NORTE;SUDESTE/CENTRO-OESTE;3593.048
2025-01-19 13:00:00;NORTE;SUDESTE/CENTRO-OESTE;3547.831
2025-01-19 14:00:00;NORTE;SUDESTE/CENTRO-OESTE;3215.259
2025-01-19 15:00:00;NORTE;SUDESTE/CENTRO-OESTE;3799.642
2025-01-19 16:00:00;NORTE;SUDESTE/CENTRO-OESTE;4246.327
2025-01-19 17:00:00;NORTE;SUDESTE/CENTRO-OESTE;4330.068
2025-01-19 18:00:00;NORTE;SUDESTE/CENTRO-OESTE;5070.518
2025-01-19 19:00:00;NORTE;SUDESTE/CENTRO-OESTE;6647.169
2025-01-19 20:00:00;NORTE;SUDESTE/CENTRO-OESTE;6842.619
2025-01-19 21:00:00;NORTE;SUDESTE/CENTRO-OESTE;6662.582
2025-01-19 22:00:00;NORTE;SUDESTE/CENTRO-OESTE;6027.487
2025-01-19 23:00:00;NORTE;SUDESTE/CENTRO-OESTE;5666.062
2025-01-20 00:00:00;NORTE;SUDESTE/CENTRO-OESTE;5726.391
2025-01-20 01:00:00;NORTE;SUDESTE/CENTRO-OESTE;5766.694
2025-01-20 02:00:00;NORTE;SUDESTE/CENTRO-OESTE;5860.046
2025-01-20 03:00:00;NORTE;SUDESTE/CENTRO-OESTE;5991.271
2025-01-20 04:00:00;NORTE;SUDESTE/CENTRO-OESTE;6017.823
2025-01-20 05:00:00;NORTE;SUDESTE/CENTRO-OESTE;6179.981
2025-01-20 06:00:00;NORTE;SUDESTE/CENTRO-OESTE;6823.231
2025-01-20 07:00:00;NORTE;SUDESTE/CENTRO-OESTE;7166.193
2025-01-20 08:00:00;NORTE;SUDESTE/CENTRO-OESTE;6400.94
2025-01-20 09:00:00;NORTE;SUDESTE/CENTRO-OESTE;6374.707
2025-01-20 10:00:00;NORTE;SUDESTE/CENTRO-OESTE;6690.901
2025-01-20 11:00:00;NORTE;SUDESTE/CENTRO-OESTE;6656.799
2025-01-20 12:00:00;NORTE;SUDESTE/CENTRO-OESTE;6471.054
2025-01-20 13:00:00;NORTE;SUDESTE/CENTRO-OESTE;6622.16
2025-01-20 14:00:00;NORTE;SUDESTE/CENTRO-OESTE;6707.167
2025-01-20 15:00:00;NORTE;SUDESTE/CENTRO-OESTE;7637.131
2025-01-20 16:00:00;NORTE;SUDESTE/CENTRO-OESTE;8140.088
2025-01-20 17:00:00;NORTE;SUDESTE/CENTRO-OESTE;8159.507
2025-01-20 18:00:00;NORTE;SUDESTE/CENTRO-OESTE;7934.199
2025-01-20 19:00:00;NORTE;SUDESTE/CENTRO-OESTE;7741.922
2025-01-20 20:00:00;NORTE;SUDESTE/CENTRO-OESTE;7687.981
2025-01-20 21:00:00;NORTE;SUDESTE/CENTRO-OESTE;7510.821
2025-01-20 22:00:00;NORTE;SUDESTE/CENTRO-OESTE;7237.666
2025-01-20 23:00:00;NORTE;SUDESTE/CENTRO-OESTE;6658.395
2025-01-21 00:00:00;NORTE;SUDESTE/CENTRO-OESTE;5872.813
2025-01-21 01:00:00;NORTE;SUDESTE/CENTRO-OESTE;5720.717
2025-01-21 02:00:00;NORTE;SUDESTE/CENTRO-OESTE;5752.976
2025-01-21 03:00:00;NORTE;SUDESTE/CENTRO-OESTE;5832.025
2025-01-21 04:00:00;NORTE;SUDESTE/CENTRO-OESTE;5919.312
2025-01-21 05:00:00;NORTE;SUDESTE/CENTRO-OESTE;6099.517
2025-01-21 06:00:00;NORTE;SUDESTE/CENTRO-OESTE;6545.229
2025-01-21 07:00:00;NORTE;SUDESTE/CENTRO-OESTE;6505.654
2025-01-21 08:00:00;NORTE;SUDESTE/CENTRO-OESTE;5222.66299999
2025-01-21 09:00:00;NORTE;SUDESTE/CENTRO-OESTE;5543.735
2025-01-21 10:00:00;NORTE;SUDESTE/CENTRO-OESTE;5653.556
2025-01-21 11:00:00;NORTE;SUDESTE/CENTRO-OESTE;5711.819
2025-01-21 12:00:00;NORTE;SUDESTE/CENTRO-OESTE;5412.62299999
2025-01-21 13:00:00;NORTE;SUDESTE/CENTRO-OESTE;6145.464
2025-01-21 14:00:00;NORTE;SUDESTE/CENTRO-OESTE;7001.193
2025-01-21 15:00:00;NORTE;SUDESTE/CENTRO-OESTE;7604.715
2025-01-21 16:00:00;NORTE;SUDESTE/CENTRO-OESTE;8475.373
2025-01-21 17:00:00;NORTE;SUDESTE/CENTRO-OESTE;8566.145
2025-01-21 18:00:00;NORTE;SUDESTE/CENTRO-OESTE;8255.21099999
2025-01-21 19:00:00;NORTE;SUDESTE/CENTRO-OESTE;8264.492
2025-01-21 20:00:00;NORTE;SUDESTE/CENTRO-OESTE;8361.274
2025-01-21 21:00:00;NORTE;SUDESTE/CENTRO-OESTE;8112.806
2025-01-21 22:00:00;NORTE;SUDESTE/CENTRO-OESTE;7958.887
2025-01-21 23:00:00;NORTE;SUDESTE/CENTRO-OESTE;7954.688
2025-01-22 00:00:00;NORTE;SUDESTE/CENTRO-OESTE;7570.471
2025-01-22 01:00:00;NORTE;SUDESTE/CENTRO-OESTE;7617.018
2025-01-22 02:00:00;NORTE;SUDESTE/CENTRO-OESTE;7787.835
2025-01-22 03:00:00;NORTE;SUDESTE/CENTRO-OESTE;7734.965
2025-01-22 04:00:00;NORTE;SUDESTE/CENTRO-OESTE;7786.617
2025-01-22 05:00:00;NORTE;SUDESTE/CENTRO-OESTE;7874.066
2025-01-22 06:00:00;NORTE;SUDESTE/CENTRO-OESTE;8557.582
2025-01-22 07:00:00;NORTE;SUDESTE/CENTRO-OESTE;7455.737
2025-01-22 08:00:00;NORTE;SUDESTE/CENTRO-OESTE;6612.854
2025-01-22 09:00:00;NORTE;SUDESTE/CENTRO-OESTE;5756.69
2025-01-22 10:00:00;NORTE;SUDESTE/CENTRO-OESTE;5916.241
2025-01-22 11:00:00;NORTE;SUDESTE/CENTRO-OESTE;6167.0
2025-01-22 12:00:00;NORTE;SUDESTE/CENTRO-OESTE;6395.32
2025-01-22 13:00:00;NORTE;SUDESTE/CENTRO-OESTE;7076.263
2025-01-22 14:00:00;NORTE;SUDESTE/CENTRO-OESTE;7264.462
2025-01-22 15:00:00;NORTE;SUDESTE/CENTRO-OESTE;7333.934
2025-01-22 16:00:00;NORTE;SUDESTE/CENTRO-OESTE;7414.675
2025-01-22 17:00:00;NORTE;SUDESTE/CENTRO-OESTE;8103.894
2025-01-22 18:00:00;NORTE;SUDESTE/CENTRO-OESTE;8688.658
2025-01-22 19:00:00;NORTE;SUDESTE/CENTRO-OESTE;8803.123
2025-01-22 20:00:00;NORTE;SUDESTE/CENTRO-OESTE;8955.573
2025-01-22 21:00:00;NORTE;SUDESTE/CENTRO-OESTE;9017.266
2025-01-22 22:00:00;NORTE;SUDESTE/CENTRO-OESTE;7267.45
2025-01-22 23:00:00;NORTE;SUDESTE/CENTRO-OESTE;4237.374
2025-01-23 00:00:00;NORTE;SUDESTE/CENTRO-OESTE;4442.161
2025-01-23 01:00:00;NORTE;SUDESTE/CENTRO-OESTE;4622.338
2025-01-23 02:00:00;NORTE;SUDESTE/CENTRO-OESTE;4377.63199999
2025-01-23 03:00:00;NORTE;SUDESTE/CENTRO-OESTE;4435.371
2025-01-23 04:00:00;NORTE;SUDESTE/CENTRO-OESTE;4294.376
2025-01-23 05:00:00;NORTE;SUDESTE/CENTRO-OESTE;4305.886
2025-01-23 06:00:00;NORTE;SUDESTE/CENTRO-OESTE;4184.66299999
2025-01-23 07:00:00;NORTE;SUDESTE/CENTRO-OESTE;4313.122
2025-01-23 08:00:00;NORTE;SUDESTE/CENTRO-OESTE;4397.1
2025-01-23 09:00:00;NORTE;SUDESTE/CENTRO-OESTE;4308.578
2025-01-23 10:00:00;NORTE;SUDESTE/CENTRO-OESTE;4238.959
2025-01-23 11:00:00;NORTE;SUDESTE/CENTRO-OESTE;4674.307
2025-01-23 12:00:00;NORTE;SUDESTE/CENTRO-OESTE;4773.329
2025-01-23 13:00:00;NORTE;SUDESTE/CENTRO-OESTE;4682.916
2025-01-23 14:00:00;NORTE;SUDESTE/CENTRO-OESTE;4848.04299999
2025-01-23 15:00:00;NORTE;SUDESTE/CENTRO-OESTE;4854.407
2025-01-23 16:00:00;NORTE;SUDESTE/CENTRO-OESTE;5196.117
2025-01-23 17:00:00;NORTE;SUDESTE/CENTRO-OESTE;5011.817
2025-01-23 18:00:00;NORTE;SUDESTE/CENTRO-OESTE;5050.09
2025-01-23 19:00:00;NORTE;SUDESTE/CENTRO-OESTE;5251.772
2025-01-23 20:00:00;NORTE;SUDESTE/CENTRO-OESTE;4983.35
2025-01-23 21:00:00;NORTE;SUDESTE/CENTRO-OESTE;4840.741
2025-01-23 22:00:00;NORTE;SUDESTE/CENTRO-OESTE;4863.928
2025-01-23 23:00:00;NORTE;SUDESTE/CENTRO-OESTE;4843.142
2025-01-24 00:00:00;NORTE;SUDESTE/CENTRO-OESTE;4364.20799999
2025-01-24 01:00:00;NORTE;SUDESTE/CENTRO-OESTE;4261.13
2025-01-24 02:00:00;NORTE;SUDESTE/CENTRO-OESTE;4258.22099999
2025-01-24 03:00:00;NORTE;SUDESTE/CENTRO-OESTE;4693.176
2025-01-24 04:00:00;NORTE;SUDESTE/CENTRO-OESTE;4898.66
2025-01-24 05:00:00;NORTE;SUDESTE/CENTRO-OESTE;4945.014
2025-01-24 06:00:00;NORTE;SUDESTE/CENTRO-OESTE;5043.176
2025-01-24 07:00:00;NORTE;SUDESTE/CENTRO-OESTE;4622.99799999
2025-01-24 08:00:00;NORTE;SUDESTE/CENTRO-OESTE;4702.67699999
2025-01-24 09:00:00;NORTE;SUDESTE/CENTRO-OESTE;4664.862
2025-01-24 10:00:00;NORTE;SUDESTE/CENTRO-OESTE;4915.576
2025-01-24 11:00:00;NORTE;SUDESTE/CENTRO-OESTE;5056.829
2025-01-24 12:00:00;NORTE;SUDESTE/CENTRO-OESTE;5204.544
2025-01-24 13:00:00;NORTE;SUDESTE/CENTRO-OESTE;5349.75699999
2025-01-24 14:00:00;NORTE;SUDESTE/CENTRO-OESTE;5206.242
2025-01-24 15:00:00;NORTE;SUDESTE/CENTRO-OESTE;5451.506
2025-01-24 16:00:00;NORTE;SUDESTE/CENTRO-OESTE;5409.728
2025-01-24 17:00:00;NORTE;SUDESTE/CENTRO-OESTE;5580.893
2025-01-24 18:00:00;NORTE;SUDESTE/CENTRO-OESTE;6295.405
2025-01-24 19:00:00;NORTE;SUDESTE/CENTRO-OESTE;6123.302
2025-01-24 20:00:00;NORTE;SUDESTE/CENTRO-OESTE;6005.625
2025-01-24 21:00:00;NORTE;SUDESTE/CENTRO-OESTE;5949.314
2025-01-24 22:00:00;NORTE;SUDESTE/CENTRO-OESTE;5812.925
2025-01-24 23:00:00;NORTE;SUDESTE/CENTRO-OESTE;5676.427
2025-01-25 00:00:00;NORTE;SUDESTE/CENTRO-OESTE;4980.818
2025-01-25 01:00:00;NORTE;SUDESTE/CENTRO-OESTE;4549.35499999
2025-01-25 02:00:00;NORTE;SUDESTE/CENTRO-OESTE;4821.758
2025-01-25 03:00:00;NORTE;SUDESTE/CENTRO-OESTE;4954.14999999
2025-01-25 04:00:00;NORTE;SUDESTE/CENTRO-OESTE;4823.511
2025-01-25 05:00:00;NORTE;SUDESTE/CENTRO-OESTE;4489.06499999
2025-01-25 06:00:00;NORTE;SUDESTE/CENTRO-OESTE;3942.518
2025-01-25 07:00:00;NORTE;SUDESTE/CENTRO-OESTE;3984.131
2025-01-25 08:00:00;NORTE;SUDESTE/CENTRO-OESTE;4341.683
2025-01-25 09:00:00;NORTE;SUDESTE/CENTRO-OESTE;4288.857
2025-01-25 10:00:00;NORTE;SUDESTE/CENTRO-OESTE;4438.037
2025-01-25 11:00:00;NORTE;SUDESTE/CENTRO-OESTE;4608.128
2025-01-25 12:00:00;NORTE;SUDESTE/CENTRO-OESTE;4760.443
2025-01-25 13:00:00;NORTE;SUDESTE/CENTRO-OESTE;5016.492
2025-01-25 14:00:00;NORTE;SUDESTE/CENTRO-OESTE;4885.853
2025-01-25 15:00:00;NORTE;SUDESTE/CENTRO-OESTE;4679.03399999
2025-01-25 16:00:00;NORTE;SUDESTE/CENTRO-OESTE;4402.924
2025-01-25 17:00:00;NORTE;SUDESTE/CENTRO-OESTE;5104.898
2025-01-25 18:00:00;NORTE;SUDESTE/CENTRO-OESTE;4672.215
2025-01-25 19:00:00;NORTE;SUDESTE/CENTRO-OESTE;4879.674
2025-01-25 20:00:00;NORTE;SUDESTE/CENTRO-OESTE;4944.26599999
2025-01-25 21:00:00;NORTE;SUDESTE/CENTRO-OESTE;4785.585
2025-01-25 22:00:00;NORTE;SUDESTE/CENTRO-OESTE;4821.454
2025-01-25 23:00:00;NORTE;SUDESTE/CENTRO-OESTE;4696.414
2025-01-26 00:00:00;NORTE;SUDESTE/CENTRO-OESTE;4732.116
2025-01-26 01:00:00;NORTE;SUDESTE/CENTRO-OESTE;4832.22599999
2025-01-26 02:00:00;NORTE;SUDESTE/CENTRO-OESTE;5014.009
2025-01-26 03:00:00;NORTE;SUDESTE/CENTRO-OESTE;5281.21699999
2025-01-26 04:00:00;NORTE;SUDESTE/CENTRO-OESTE;5145.461
2025-01-26 05:00:00;NORTE;SUDESTE/CENTRO-OESTE;4841.98899999
2025-01-26 06:00:00;NORTE;SUDESTE/CENTRO-OESTE;4363.63
2025-01-26 07:00:00;NORTE;SUDESTE/CENTRO-OESTE;4733.334
2025-01-26 08:00:00;NORTE;SUDESTE/CENTRO-OESTE;4288.113
2025-01-26 09:00:00;NORTE;SUDESTE/CENTRO-OESTE;4068.026
2025-01-26 10:00:00;NORTE;SUDESTE/CENTRO-OESTE;3699.362
2025-01-26 11:00:00;NORTE;SUDESTE/CENTRO-OESTE;3531.575
2025-01-26 12:00:00;NORTE;SUDESTE/CENTRO-OESTE;3512.145
2025-01-26 13:00:00;NORTE;SUDESTE/CENTRO-OESTE;3704.549
2025-01-26 14:00:00;NORTE;SUDESTE/CENTRO-OESTE;3672.823
2025-01-26 15:00:00;NORTE;SUDESTE/CENTRO-OESTE;3679.131
2025-01-26 16:00:00;NORTE;SUDESTE/CENTRO-OESTE;3972.184
2025-01-26 17:00:00;NORTE;SUDESTE/CENTRO-OESTE;3875.523
2025-01-26 18:00:00;NORTE;SUDESTE/CENTRO-OESTE;3924.774
2025-01-26 19:00:00;NORTE;SUDESTE/CENTRO-OESTE;4286.01599999
2025-01-26 20:00:00;NORTE;SUDESTE/CENTRO-OESTE;4614.96
2025-01-26 21:00:00;NORTE;SUDESTE/CENTRO-OESTE;4702.227
2025-01-26 22:00:00;NORTE;SUDESTE/CENTRO-OESTE;4548.83299999
2025-01-26 23:00:00;NORTE;SUDESTE/CENTRO-OESTE;4345.229
2025-01-27 00:00:00;NORTE;SUDESTE/CENTRO-OESTE;4581.225
2025-01-27 01:00:00;NORTE;SUDESTE/CENTRO-OESTE;5241.27499999
2025-01-27 02:00:00;NORTE;SUDESTE/CENTRO-OESTE;5320.914
2025-01-27 03:00:00;NORTE;SUDESTE/CENTRO-OESTE;5423.01599999
2025-01-27 04:00:00;NORTE;SUDESTE/CENTRO-OESTE;5472.392
2025-01-27 05:00:00;NORTE;SUDESTE/CENTRO-OESTE;5509.652
2025-01-27 06:00:00;NORTE;SUDESTE/CENTRO-OESTE;5562.173
2025-01-27 07:00:00;NORTE;SUDESTE/CENTRO-OESTE;5064.93099999
2025-01-27 08:00:00;NORTE;SUDESTE/CENTRO-OESTE;4723.44899999
2025-01-27 09:00:00;NORTE;SUDESTE/CENTRO-OESTE;4588.742
2025-01-27 10:00:00;NORTE;SUDESTE/CENTRO-OESTE;4575.839
2025-01-27 11:00:00;NORTE;SUDESTE/CENTRO-OESTE;4773.566
2025-01-27 12:00:00;NORTE;SUDESTE/CENTRO-OESTE;4799.696
2025-01-27 13:00:00;NORTE;SUDESTE/CENTRO-OESTE;4482.933
2025-01-27 14:00:00;NORTE;SUDESTE/CENTRO-OESTE;4516.831
2025-01-27 15:00:00;NORTE;SUDESTE/CENTRO-OESTE;4430.655
2025-01-27 16:00:00;NORTE;SUDESTE/CENTRO-OESTE;5049.849
2025-01-27 17:00:00;NORTE;SUDESTE/CENTRO-OESTE;5017.999
2025-01-27 18:00:00;NORTE;SUDESTE/CENTRO-OESTE;5041.268
2025-01-27 19:00:00;NORTE;SUDESTE/CENTRO-OESTE;5333.43
2025-01-27 20:00:00;NORTE;SUDESTE/CENTRO-OESTE;5823.272
2025-01-27 21:00:00;NORTE;SUDESTE/CENTRO-OESTE;5392.238
2025-01-27 22:00:00;NORTE;SUDESTE/CENTRO-OESTE;5148.787
2025-01-27 23:00:00;NORTE;SUDESTE/CENTRO-OESTE;4884.933
2025-01-28 00:00:00;NORTE;SUDESTE/CENTRO-OESTE;4517.657
2025-01-28 01:00:00;NORTE;SUDESTE/CENTRO-OESTE;4528.12
2025-01-28 02:00:00;NORTE;SUDESTE/CENTRO-OESTE;4706.367
2025-01-28 03:00:00;NORTE;SUDESTE/CENTRO-OESTE;4913.169
2025-01-28 04:00:00;NORTE;SUDESTE/CENTRO-OESTE;4894.978
2025-01-28 05:00:00;NORTE;SUDESTE/CENTRO-OESTE;5013.015
2025-01-28 06:00:00;NORTE;SUDESTE/CENTRO-OESTE;5308.442
2025-01-28 07:00:00;NORTE;SUDESTE/CENTRO-OESTE;5209.814
2025-01-28 08:00:00;NORTE;SUDESTE/CENTRO-OESTE;4759.06099999
2025-01-28 09:00:00;NORTE;SUDESTE/CENTRO-OESTE;4748.241
2025-01-28 10:00:00;NORTE;SUDESTE/CENTRO-OESTE;4831.523
2025-01-28 11:00:00;NORTE;SUDESTE/CENTRO-OESTE;4888.263
2025-01-28 12:00:00;NORTE;SUDESTE/CENTRO-OESTE;4807.176
2025-01-28 13:00:00;NORTE;SUDESTE/CENTRO-OESTE;4671.156
2025-01-28 14:00:00;NORTE;SUDESTE/CENTRO-OESTE;4488.652
2025-01-28 15:00:00;NORTE;SUDESTE/CENTRO-OESTE;4692.625
2025-01-28 16:00:00;NORTE;SUDESTE/CENTRO-OESTE;5269.303
2025-01-28 17:00:00;NORTE;SUDESTE/CENTRO-OESTE;5749.824
2025-01-28 18:00:00;NORTE;SUDESTE/CENTRO-OESTE;5906.34
2025-01-28 19:00:00;NORTE;SUDESTE/CENTRO-OESTE;6030.261
2025-01-28 20:00:00;NORTE;SUDESTE/CENTRO-OESTE;6060.382
2025-01-28 21:00:00;NORTE;SUDESTE/CENTRO-OESTE;5709.58
2025-01-28 22:00:00;NORTE;SUDESTE/CENTRO-OESTE;5058.745
2025-01-28 23:00:00;NORTE;SUDESTE/CENTRO-OESTE;4961.362
2025-01-29 00:00:00;NORTE;SUDESTE/CENTRO-OESTE;5117.174
2025-01-29 01:00:00;NORTE;SUDESTE/CENTRO-OESTE;5283.20799999
2025-01-29 02:00:00;NORTE;SUDESTE/CENTRO-OESTE;5349.572
2025-01-29 03:00:00;NORTE;SUDESTE/CENTRO-OESTE;5414.142
2025-01-29 04:00:00;NORTE;SUDESTE/CENTRO-OESTE;5074.974
2025-01-29 05:00:00;NORTE;SUDESTE/CENTRO-OESTE;5206.2
2025-01-29 06:00:00;NORTE;SUDESTE/CENTRO-OESTE;5403.27499999
2025-01-29 07:00:00;NORTE;SUDESTE/CENTRO-OESTE;4978.617
2025-01-29 08:00:00;NORTE;SUDESTE/CENTRO-OESTE;4922.542
2025-01-29 09:00:00;NORTE;SUDESTE/CENTRO-OESTE;4861.428
2025-01-29 10:00:00;NORTE;SUDESTE/CENTRO-OESTE;4799.838
2025-01-29 11:00:00;NORTE;SUDESTE/CENTRO-OESTE;4995.575
2025-01-29 12:00:00;NORTE;SUDESTE/CENTRO-OESTE;5096.595
2025-01-29 13:00:00;NORTE;SUDESTE/CENTRO-OESTE;4755.233
2025-01-29 14:00:00;NORTE;SUDESTE/CENTRO-OESTE;4803.77
2025-01-29 15:00:00;NORTE;SUDESTE/CENTRO-OESTE;5001.318
2025-01-29 16:00:00;NORTE;SUDESTE/CENTRO-OESTE;5549.079
2025-01-29 17:00:00;NORTE;SUDESTE/CENTRO-OESTE;5694.422
2025-01-29 18:00:00;NORTE;SUDESTE/CENTRO-OESTE;5637.198
2025-01-29 19:00:00;NORTE;SUDESTE/CENTRO-OESTE;5659.149
2025-01-29 20:00:00;NORTE;SUDESTE/CENTRO-OESTE;5434.616
2025-01-29 21:00:00;NORTE;SUDESTE/CENTRO-OESTE;5502.872
2025-01-29 22:00:00;NORTE;SUDESTE/CENTRO-OESTE;5344.598
2025-01-29 23:00:00;NORTE;SUDESTE/CENTRO-OESTE;5448.531
2025-01-30 00:00:00;NORTE;SUDESTE/CENTRO-OESTE;5515.283
2025-01-30 01:00:00;NORTE;SUDESTE/CENTRO-OESTE;5468.363
2025-01-30 02:00:00;NORTE;SUDESTE/CENTRO-OESTE;5526.681
2025-01-30 03:00:00;NORTE;SUDESTE/CENTRO-OESTE;5622.646
2025-01-30 04:00:00;NORTE;SUDESTE/CENTRO-OESTE;5671.747
2025-01-30 05:00:00;NORTE;SUDESTE/CENTRO-OESTE;5487.249
2025-01-30 06:00:00;NORTE;SUDESTE/CENTRO-OESTE;5697.786
2025-01-30 07:00:00;NORTE;SUDESTE/CENTRO-OESTE;5782.438
2025-01-30 08:00:00;NORTE;SUDESTE/CENTRO-OESTE;5445.945
2025-01-30 09:00:00;NORTE;SUDESTE/CENTRO-OESTE;5062.39099999
2025-01-30 10:00:00;NORTE;SUDESTE/CENTRO-OESTE;4930.309
2025-01-30 11:00:00;NORTE;SUDESTE/CENTRO-OESTE;5031.445
2025-01-30 12:00:00;NORTE;SUDESTE/CENTRO-OESTE;5011.098
2025-01-30 13:00:00;NORTE;SUDESTE/CENTRO-OESTE;4895.033
2025-01-30 14:00:00;NORTE;SUDESTE/CENTRO-OESTE;4579.575
2025-01-30 15:00:00;NORTE;SUDESTE/CENTRO-OESTE;4748.243
2025-01-30 16:00:00;NORTE;SUDESTE/CENTRO-OESTE;5545.053
2025-01-30 17:00:00;NORTE;SUDESTE/CENTRO-OESTE;5658.792
2025-01-30 18:00:00;NORTE;SUDESTE/CENTRO-OESTE;5426.621
2025-01-30 19:00:00;NORTE;SUDESTE/CENTRO-OESTE;5483.803
2025-01-30 20:00:00;NORTE;SUDESTE/CENTRO-OESTE;5505.699
2025-01-30 21:00:00;NORTE;SUDESTE/CENTRO-OESTE;5280.147
2025-01-30 22:00:00;NORTE;SUDESTE/CENTRO-OESTE;5379.482
2025-01-30 23:00:00;NORTE;SUDESTE/CENTRO-OESTE;5346.664
2025-01-31 00:00:00;NORTE;SUDESTE/CENTRO-OESTE;5604.8
2025-01-31 01:00:00;NORTE;SUDESTE/CENTRO-OESTE;5765.938
2025-01-31 02:00:00;NORTE;SUDESTE/CENTRO-OESTE;5519.169
2025-01-31 03:00:00;NORTE;SUDESTE/CENTRO-OESTE;5423.58
2025-01-31 04:00:00;NORTE;SUDESTE/CENTRO-OESTE;5625.937
2025-01-31 05:00:00;NORTE;SUDESTE/CENTRO-OESTE;5861.032
2025-01-31 06:00:00;NORTE;SUDESTE/CENTRO-OESTE;5875.811
2025-01-31 07:00:00;NORTE;SUDESTE/CENTRO-OESTE;5639.867
2025-01-31 08:00:00;NORTE;SUDESTE/CENTRO-OESTE;5339.801
2025-01-31 09:00:00;NORTE;SUDESTE/CENTRO-OESTE;5182.103
2025-01-31 10:00:00;NORTE;SUDESTE/CENTRO-OESTE;4920.705
2025-01-31 11:00:00;NORTE;SUDESTE/CENTRO-OESTE;4987.28799999
2025-01-31 12:00:00;NORTE;SUDESTE/CENTRO-OESTE;4902.216
2025-01-31 13:00:00;NORTE;SUDESTE/CENTRO-OESTE;4620.232
2025-01-31 14:00:00;NORTE;SUDESTE/CENTRO-OESTE;4932.81499999
2025-01-31 15:00:00;NORTE;SUDESTE/CENTRO-OESTE;5134.027
2025-01-31 16:00:00;NORTE;SUDESTE/CENTRO-OESTE;5415.60499999
2025-01-31 17:00:00;NORTE;SUDESTE/CENTRO-OESTE;5584.871
2025-01-31 18:00:00;NORTE;SUDESTE/CENTRO-OESTE;5671.07
2025-01-31 19:00:00;NORTE;SUDESTE/CENTRO-OESTE;5788.426
2025-01-31 20:00:00;NORTE;SUDESTE/CENTRO-OESTE;5527.926
2025-01-31 21:00:00;NORTE;SUDESTE/CENTRO-OESTE;5221.012
2025-01-31 22:00:00;NORTE;SUDESTE/CENTRO-OESTE;5266.238
2025-01-31 23:00:00;NORTE;SUDESTE/CENTRO-OESTE;5310.563
2025-02-01 00:00:00;NORTE;SUDESTE/CENTRO-OESTE;5201.582
2025-02-01 01:00:00;NORTE;SUDESTE/CENTRO-OESTE;5158.254
2025-02-01 02:00:00;NORTE;SUDESTE/CENTRO-OESTE;5025.722
2025-02-01 03:00:00;NORTE;SUDESTE/CENTRO-OESTE;4857.983
2025-02-01 04:00:00;NORTE;SUDESTE/CENTRO-OESTE;4953.379
2025-02-01 05:00:00;NORTE;SUDESTE/CENTRO-OESTE;5031.285
2025-02-01 06:00:00;NORTE;SUDESTE/CENTRO-OESTE;5544.57
2025-02-01 07:00:00;NORTE;SUDESTE/CENTRO-OESTE;5656.442
2025-02-01 08:00:00;NORTE;SUDESTE/CENTRO-OESTE;5505.831
2025-02-01 09:00:00;NORTE;SUDESTE/CENTRO-OESTE;5102.673
2025-02-01 10:00:00;NORTE;SUDESTE/CENTRO-OESTE;4614.008
2025-02-01 11:00:00;NORTE;SUDESTE/CENTRO-OESTE;4592.34
2025-02-01 12:00:00;NORTE;SUDESTE/CENTRO-OESTE;4500.78399999
2025-02-01 13:00:00;NORTE;SUDESTE/CENTRO-OESTE;4203.451
2025-02-01 14:00:00;NORTE;SUDESTE/CENTRO-OESTE;4039.703
2025-02-01 15:00:00;NORTE;SUDESTE/CENTRO-OESTE;4400.81
2025-02-01 16:00:00;NORTE;SUDESTE/CENTRO-OESTE;4395.85499999
2025-02-01 17:00:00;NORTE;SUDESTE/CENTRO-OESTE;4804.367
2025-02-01 18:00:00;NORTE;SUDESTE/CENTRO-OESTE;4969.97099999
2025-02-01 19:00:00;NORTE;SUDESTE/CENTRO-OESTE;5213.716
2025-02-01 20:00:00;NORTE;SUDESTE/CENTRO-OESTE;4538.56099999
2025-02-01 21:00:00;NORTE;SUDESTE/CENTRO-OESTE;4127.327
2025-02-01 22:00:00;NORTE;SUDESTE/CENTRO-OESTE;3978.785
2025-02-01 23:00:00;NORTE;SUDESTE/CENTRO-OESTE;4284.223
2025-02-02 00:00:00;NORTE;SUDESTE/CENTRO-OESTE;4350.791
2025-02-02 01:00:00;NORTE;SUDESTE/CENTRO-OESTE;4462.549
2025-02-02 02:00:00;NORTE;SUDESTE/CENTRO-OESTE;4600.423
2025-02-02 03:00:00;NORTE;SUDESTE/CENTRO-OESTE;4652.537
2025-02-02 04:00:00;NORTE;SUDESTE/CENTRO-OESTE;4955.131
2025-02-02 05:00:00;NORTE;SUDESTE/CENTRO-OESTE;4947.92
2025-02-02 06:00:00;NORTE;SUDESTE/CENTRO-OESTE;4659.569
2025-02-02 07:00:00;NORTE;SUDESTE/CENTRO-OESTE;4396.15899999
2025-02-02 08:00:00;NORTE;SUDESTE/CENTRO-OESTE;3964.442
2025-02-02 09:00:00;NORTE;SUDESTE/CENTRO-OESTE;3498.222
2025-02-02 10:00:00;NORTE;SUDESTE/CENTRO-OESTE;3222.064
2025-02-02 11:00:00;NORTE;SUDESTE/CENTRO-OESTE;3658.872
2025-02-02 12:00:00;NORTE;SUDESTE/CENTRO-OESTE;4123.625
2025-02-02 13:00:00;NORTE;SUDESTE/CENTRO-OESTE;4111.705
2025-02-02 14:00:00;NORTE;SUDESTE/CENTRO-OESTE;4311.339
2025-02-02 15:00:00;NORTE;SUDESTE/CENTRO-OESTE;4544.042
2025-02-02 16:00:00;NORTE;SUDESTE/CENTRO-OESTE;4532.55599999
2025-02-02 17:00:00;NORTE;SUDESTE/CENTRO-OESTE;5094.068
2025-02-02 18:00:00;NORTE;SUDESTE/CENTRO-OESTE;5871.403
2025-02-02 19:00:00;NORTE;SUDESTE/CENTRO-OESTE;5781.762
2025-02-02 20:00:00;NORTE;SUDESTE/CENTRO-OESTE;5548.972
2025-02-02 21:00:00;NORTE;SUDESTE/CENTRO-OESTE;4841.488
2025-02-02 22:00:00;NORTE;SUDESTE/CENTRO-OESTE;4578.318
2025-02-02 23:00:00;NORTE;SUDESTE/CENTRO-OESTE;4442.05599999
2025-02-03 00:00:00;NORTE;SUDESTE/CENTRO-OESTE;4484.442
2025-02-03 01:00:00;NORTE;SUDESTE/CENTRO-OESTE;4733.97
2025-02-03 02:00:00;NORTE;SUDESTE/CENTRO-OESTE;5538.369
2025-02-03 03:00:00;NORTE;SUDESTE/CENTRO-OESTE;5727.957
2025-02-03 04:00:00;NORTE;SUDESTE/CENTRO-OESTE;5643.841
2025-02-03 05:00:00;NORTE;SUDESTE/CENTRO-OESTE;5609.649
2025-02-03 06:00:00;NORTE;SUDESTE/CENTRO-OESTE;5445.253
2025-02-03 07:00:00;NORTE;SUDESTE/CENTRO-OESTE;5627.781
2025-02-03 08:00:00;NORTE;SUDESTE/CENTRO-OESTE;5466.555
2025-02-03 09:00:00;NORTE;SUDESTE/CENTRO-OESTE;5321.82
2025-02-03 10:00:00;NORTE;SUDESTE/CENTRO-OESTE;5290.13199999
2025-02-03 11:00:00;NORTE;SUDESTE/CENTRO-OESTE;5308.049
2025-02-03 12:00:00;NORTE;SUDESTE/CENTRO-OESTE;5074.856
2025-02-03 13:00:00;NORTE;SUDESTE/CENTRO-OESTE;5182.517
2025-02-03 14:00:00;NORTE;SUDESTE/CENTRO-OESTE;5092.48899999
2025-02-03 15:00:00;NORTE;SUDESTE/CENTRO-OESTE;5076.165
2025-02-03 16:00:00;NORTE;SUDESTE/CENTRO-OESTE;4973.93599999
2025-02-03 17:00:00;NORTE;SUDESTE/CENTRO-OESTE;5187.143
2025-02-03 18:00:00;NORTE;SUDESTE/CENTRO-OESTE;5758.768
2025-02-03 19:00:00;NORTE;SUDESTE/CENTRO-OESTE;5593.319
2025-02-03 20:00:00;NORTE;SUDESTE/CENTRO-OESTE;5438.327
2025-02-03 21:00:00;NORTE;SUDESTE/CENTRO-OESTE;5068.313
2025-02-03 22:00:00;NORTE;SUDESTE/CENTRO-OESTE;5483.02
2025-02-03 23:00:00;NORTE;SUDESTE/CENTRO-OESTE;5294.63199999
2025-02-04 00:00:00;NORTE;SUDESTE/CENTRO-OESTE;5161.615
2025-02-04 01:00:00;NORTE;SUDESTE/CENTRO-OESTE;5332.615
2025-02-04 02:00:00;NORTE;SUDESTE/CENTRO-OESTE;5568.693
2025-02-04 03:00:00;NORTE;SUDESTE/CENTRO-OESTE;5546.339
2025-02-04 04:00:00;NORTE;SUDESTE/CENTRO-OESTE;5511.453
2025-02-04 05:00:00;NORTE;SUDESTE/CENTRO-OESTE;5827.963
2025-02-04 06:00:00;NORTE;SUDESTE/CENTRO-OESTE;5823.715
2025-02-04 07:00:00;NORTE;SUDESTE/CENTRO-OESTE;5247.298
2025-02-04 08:00:00;NORTE;SUDESTE/CENTRO-OESTE;5004.34199999
2025-02-04 09:00:00;NORTE;SUDESTE/CENTRO-OESTE;4991.90899999
2025-02-04 10:00:00;NORTE;SUDESTE/CENTRO-OESTE;4977.463
2025-02-04 11:00:00;NORTE;SUDESTE/CENTRO-OESTE;4919.219
2025-02-04 12:00:00;NORTE;SUDESTE/CENTRO-OESTE;4579.09
2025-02-04 13:00:00;NORTE;SUDESTE/CENTRO-OESTE;4192.111
2025-02-04 14:00:00;NORTE;SUDESTE/CENTRO-OESTE;4457.01
2025-02-04 15:00:00;NORTE;SUDESTE/CENTRO-OESTE;4800.789
2025-02-04 16:00:00;NORTE;SUDESTE/CENTRO-OESTE;4810.897
2025-02-04 17:00:00;NORTE;SUDESTE/CENTRO-OESTE;4950.606
2025-02-04 18:00:00;NORTE;SUDESTE/CENTRO-OESTE;5402.923
2025-02-04 19:00:00;NORTE;SUDESTE/CENTRO-OESTE;5215.383
2025-02-04 20:00:00;NORTE;SUDESTE/CENTRO-OESTE;5517.989
2025-02-04 21:00:00;NORTE;SUDESTE/CENTRO-OESTE;5406.996
2025-02-04 22:00:00;NORTE;SUDESTE/CENTRO-OESTE;5443.529
2025-02-04 23:00:00;NORTE;SUDESTE/CENTRO-OESTE;5353.969
2025-02-05 00:00:00;NORTE;SUDESTE/CENTRO-OESTE;5336.852
2025-02-05 01:00:00;NORTE;SUDESTE/CENTRO-OESTE;5357.898
2025-02-05 02:00:00;NORTE;SUDESTE/CENTRO-OESTE;5253.224
2025-02-05 03:00:00;NORTE;SUDESTE/CENTRO-OESTE;5080.36399999
2025-02-05 04:00:00;NORTE;SUDESTE/CENTRO-OESTE;5179.073
2025-02-05 05:00:00;NORTE;SUDESTE/CENTRO-OESTE;5414.704
2025-02-05 06:00:00;NORTE;SUDESTE/CENTRO-OESTE;5711.417
2025-02-05 07:00:00;NORTE;SUDESTE/CENTRO-OESTE;5552.724
2025-02-05 08:00:00;NORTE;SUDESTE/CENTRO-OESTE;5083.162
2025-02-05 09:00:00;NORTE;SUDESTE/CENTRO-OESTE;4845.38199999
2025-02-05 10:00:00;NORTE;SUDESTE/CENTRO-OESTE;4781.127
2025-02-05 11:00:00;NORTE;SUDESTE/CENTRO-OESTE;4741.121
2025-02-05 12:00:00;NORTE;SUDESTE/CENTRO-OESTE;4875.724
2025-02-05 13:00:00;NORTE;SUDESTE/CENTRO-OESTE;4961.782
2025-02-05 14:00:00;NORTE;SUDESTE/CENTRO-OESTE;4846.42699999
2025-02-05 15:00:00;NORTE;SUDESTE/CENTRO-OESTE;4811.09199999
2025-02-05 16:00:00;NORTE;SUDESTE/CENTRO-OESTE;4812.75699999
2025-02-05 17:00:00;NORTE;SUDESTE/CENTRO-OESTE;4833.396
2025-02-05 18:00:00;NORTE;SUDESTE/CENTRO-OESTE;5114.432
2025-02-05 19:00:00;NORTE;SUDESTE/CENTRO-OESTE;4954.042
2025-02-05 20:00:00;NORTE;SUDESTE/CENTRO-OESTE;5108.433
2025-02-05 21:00:00;NORTE;SUDESTE/CENTRO-OESTE;5064.095
2025-02-05 22:00:00;NORTE;SUDESTE/CENTRO-OESTE;5004.103
2025-02-05 23:00:00;NORTE;SUDESTE/CENTRO-OESTE;5075.1
2025-02-06 00:00:00;NORTE;SUDESTE/CENTRO-OESTE;5081.243
2025-02-06 01:00:00;NORTE;SUDESTE/CENTRO-OESTE;5283.541
2025-02-06 02:00:00;NORTE;SUDESTE/CENTRO-OESTE;5460.62299999
2025-02-06 03:00:00;NORTE;SUDESTE/CENTRO-OESTE;5484.49399999
2025-02-06 04:00:00;NORTE;SUDESTE/CENTRO-OESTE;5378.502
2025-02-06 05:00:00;NORTE;SUDESTE/CENTRO-OESTE;5248.81499999
2025-02-06 06:00:00;NORTE;SUDESTE/CENTRO-OESTE;5500.241
2025-02-06 07:00:00;NORTE;SUDESTE/CENTRO-OESTE;5712.265
2025-02-06 08:00:00;NORTE;SUDESTE/CENTRO-OESTE;5487.582
2025-02-06 09:00:00;NORTE;SUDESTE/CENTRO-OESTE;5323.68
2025-02-06 10:00:00;NORTE;SUDESTE/CENTRO-OESTE;5068.924
2025-02-06 11:00:00;NORTE;SUDESTE/CENTRO-OESTE;4681.367
2025-02-06 12:00:00;NORTE;SUDESTE/CENTRO-OESTE;4397.86899999
2025-02-06 13:00:00;NORTE;SUDESTE/CENTRO-OESTE;4359.319
2025-02-06 14:00:00;NORTE;SUDESTE/CENTRO-OESTE;4438.852
2025-02-06 15:00:00;NORTE;SUDESTE/CENTRO-OESTE;3970.509
2025-02-06 16:00:00;NORTE;SUDESTE/CENTRO-OESTE;4694.371
2025-02-06 17:00:00;NORTE;SUDESTE/CENTRO-OESTE;4845.20799999
2025-02-06 18:00:00;NORTE;SUDESTE/CENTRO-OESTE;5009.807
2025-02-06 19:00:00;NORTE;SUDESTE/CENTRO-OESTE;5178.51
2025-02-06 20:00:00;NORTE;SUDESTE/CENTRO-OESTE;5278.749
2025-02-06 21:00:00;NORTE;SUDESTE/CENTRO-OESTE;5116.51
2025-02-06 22:00:00;NORTE;SUDESTE/CENTRO-OESTE;4860.80599999
2025-02-06 23:00:00;NORTE;SUDESTE/CENTRO-OESTE;5088.255
2025-02-07 00:00:00;NORTE;SUDESTE/CENTRO-OESTE;5017.396
2025-02-07 01:00:00;NORTE;SUDESTE/CENTRO-OESTE;5251.696
2025-02-07 02:00:00;NORTE;SUDESTE/CENTRO-OESTE;5382.75
2025-02-07 03:00:00;NORTE;SUDESTE/CENTRO-OESTE;5243.695
2025-02-07 04:00:00;NORTE;SUDESTE/CENTRO-OESTE;5446.982
2025-02-07 05:00:00;NORTE;SUDESTE/CENTRO-OESTE;5646.499
2025-02-07 06:00:00;NORTE;SUDESTE/CENTRO-OESTE;6027.194
2025-02-07 07:00:00;NORTE;SUDESTE/CENTRO-OESTE;5865.999
2025-02-07 08:00:00;NORTE;SUDESTE/CENTRO-OESTE;5350.928
2025-02-07 09:00:00;NORTE;SUDESTE/CENTRO-OESTE;5087.41
2025-02-07 10:00:00;NORTE;SUDESTE/CENTRO-OESTE;5039.425
2025-02-07 11:00:00;NORTE;SUDESTE/CENTRO-OESTE;4825.434
2025-02-07 12:00:00;NORTE;SUDESTE/CENTRO-OESTE;4615.01599999
2025-02-07 13:00:00;NORTE;SUDESTE/CENTRO-OESTE;4656.42199999
2025-02-07 14:00:00;NORTE;SUDESTE/CENTRO-OESTE;4678.93
2025-02-07 15:00:00;NORTE;SUDESTE/CENTRO-OESTE;4868.575
2025-02-07 16:00:00;NORTE;SUDESTE/CENTRO-OESTE;5131.069
2025-02-07 17:00:00;NORTE;SUDESTE/CENTRO-OESTE;5291.131
2025-02-07 18:00:00;NORTE;SUDESTE/CENTRO-OESTE;5741.2
2025-02-07 19:00:00;NORTE;SUDESTE/CENTRO-OESTE;5650.326
2025-02-07 20:00:00;NORTE;SUDESTE/CENTRO-OESTE;5337.73499999
2025-02-07 21:00:00;NORTE;SUDESTE/CENTRO-OESTE;5340.608
2025-02-07 22:00:00;NORTE;SUDESTE/CENTRO-OESTE;5335.249
2025-02-07 23:00:00;NORTE;SUDESTE/CENTRO-OESTE;5417.366
2025-02-08 00:00:00;NORTE;SUDESTE/CENTRO-OESTE;5428.076
2025-02-08 01:00:00;NORTE;SUDESTE/CENTRO-OESTE;5569.391
2025-02-08 02:00:00;NORTE;SUDESTE/CENTRO-OESTE;5557.379
2025-02-08 03:00:00;NORTE;SUDESTE/CENTRO-OESTE;5374.349
2025-02-08 04:00:00;NORTE;SUDESTE/CENTRO-OESTE;5512.629
2025-02-08 05:00:00;NORTE;SUDESTE/CENTRO-OESTE;5584.936
2025-02-08 06:00:00;NORTE;SUDESTE/CENTRO-OESTE;5414.609
2025-02-08 07:00:00;NORTE;SUDESTE/CENTRO-OESTE;5236.106
2025-02-08 08:00:00;NORTE;SUDESTE/CENTRO-OESTE;4724.291
2025-02-08 09:00:00;NORTE;SUDESTE/CENTRO-OESTE;4858.10099999
2025-02-08 10:00:00;NORTE;SUDESTE/CENTRO-OESTE;4869.841
2025-02-08 11:00:00;NORTE;SUDESTE/CENTRO-OESTE;4758.854
2025-02-08 12:00:00;NORTE;SUDESTE/CENTRO-OESTE;4679.099
2025-02-08 13:00:00;NORTE;SUDESTE/CENTRO-OESTE;4715.679
2025-02-08 14:00:00;NORTE;SUDESTE/CENTRO-OESTE;4578.139
2025-02-08 15:00:00;NORTE;SUDESTE/CENTRO-OESTE;4758.727
2025-02-08 16:00:00;NORTE;SUDESTE/CENTRO-OESTE;5668.324
2025-02-08 17:00:00;NORTE;SUDESTE/CENTRO-OESTE;5486.79299999
2025-02-08 18:00:00;NORTE;SUDESTE/CENTRO-OESTE;5395.28799999
2025-02-08 19:00:00;NORTE;SUDESTE/CENTRO-OESTE;5383.68599999
2025-02-08 20:00:00;NORTE;SUDESTE/CENTRO-OESTE;5382.856
2025-02-08 21:00:00;NORTE;SUDESTE/CENTRO-OESTE;5199.392
2025-02-08 22:00:00;NORTE;SUDESTE/CENTRO-OESTE;5159.713
2025-02-08 23:00:00;NORTE;SUDESTE/CENTRO-OESTE;5197.698
2025-02-09 00:00:00;NORTE;SUDESTE/CENTRO-OESTE;5354.356
2025-02-09 01:00:00;NORTE;SUDESTE/CENTRO-OESTE;5729.092
2025-02-09 02:00:00;NORTE;SUDESTE/CENTRO-OESTE;5859.412
2025-02-09 03:00:00;NORTE;SUDESTE/CENTRO-OESTE;5935.321
2025-02-09 04:00:00;NORTE;SUDESTE/CENTRO-OESTE;5726.596
2025-02-09 05:00:00;NORTE;SUDESTE/CENTRO-OESTE;5255.17
2025-02-09 06:00:00;NORTE;SUDESTE/CENTRO-OESTE;5062.579
2025-02-09 07:00:00;NORTE;SUDESTE/CENTRO-OESTE;5084.727
2025-02-09 08:00:00;NORTE;SUDESTE/CENTRO-OESTE;4767.845
2025-02-09 09:00:00;NORTE;SUDESTE/CENTRO-OESTE;4455.442
2025-02-09 10:00:00;NORTE;SUDESTE/CENTRO-OESTE;3982.835
2025-02-09 11:00:00;NORTE;SUDESTE/CENTRO-OESTE;3975.278
2025-02-09 12:00:00;NORTE;SUDESTE/CENTRO-OESTE;3930.359
2025-02-09 13:00:00;NORTE;SUDESTE/CENTRO-OESTE;4169.658
2025-02-09 14:00:00;NORTE;SUDESTE/CENTRO-OESTE;4248.058
2025-02-09 15:00:00;NORTE;SUDESTE/CENTRO-OESTE;4437.054
2025-02-09 16:00:00;NORTE;SUDESTE/CENTRO-OESTE;4674.005
2025-02-09 17:00:00;NORTE;SUDESTE/CENTRO-OESTE;5334.595
2025-02-09 18:00:00;NORTE;SUDESTE/CENTRO-OESTE;5827.665
2025-02-09 19:00:00;NORTE;SUDESTE/CENTRO-OESTE;6070.412
2025-02-09 20:00:00;NORTE;SUDESTE/CENTRO-OESTE;6054.877
2025-02-09 21:00:00;NORTE;SUDESTE/CENTRO-OESTE;6134.931
2025-02-09 22:00:00;NORTE;SUDESTE/CENTRO-OESTE;6153.278
2025-02-09 23:00:00;NORTE;SUDESTE/CENTRO-OESTE;6236.33
2025-02-10 00:00:00;NORTE;SUDESTE/CENTRO-OESTE;6121.355
2025-02-10 01:00:00;NORTE;SUDESTE/CENTRO-OESTE;6013.866
2025-02-10 02:00:00;NORTE;SUDESTE/CENTRO-OESTE;5868.644
2025-02-10 03:00:00;NORTE;SUDESTE/CENTRO-OESTE;5928.414
2025-02-10 04:00:00;NORTE;SUDESTE/CENTRO-OESTE;5704.88
2025-02-10 05:00:00;NORTE;SUDESTE/CENTRO-OESTE;5895.928
2025-02-10 06:00:00;NORTE;SUDESTE/CENTRO-OESTE;6066.283
2025-02-10 07:00:00;NORTE;SUDESTE/CENTRO-OESTE;5876.292
2025-02-10 08:00:00;NORTE;SUDESTE/CENTRO-OESTE;5580.986
2025-02-10 09:00:00;NORTE;SUDESTE/CENTRO-OESTE;5588.536
2025-02-10 10:00:00;NORTE;SUDESTE/CENTRO-OESTE;5420.576
2025-02-10 11:00:00;NORTE;SUDESTE/CENTRO-OESTE;5515.384
2025-02-10 12:00:00;NORTE;SUDESTE/CENTRO-OESTE;5492.367
2025-02-10 13:00:00;NORTE;SUDESTE/CENTRO-OESTE;5485.704
2025-02-10 14:00:00;NORTE;SUDESTE/CENTRO-OESTE;5560.522
2025-02-10 15:00:00;NORTE;SUDESTE/CENTRO-OESTE;5460.31099999
2025-02-10 16:00:00;NORTE;SUDESTE/CENTRO-OESTE;5250.06
2025-02-10 17:00:00;NORTE;SUDESTE/CENTRO-OESTE;5801.76
2025-02-10 18:00:00;NORTE;SUDESTE/CENTRO-OESTE;5892.427
2025-02-10 19:00:00;NORTE;SUDESTE/CENTRO-OESTE;5770.456
2025-02-10 20:00:00;NORTE;SUDESTE/CENTRO-OESTE;5643.023
2025-02-10 21:00:00;NORTE;SUDESTE/CENTRO-OESTE;5508.5
2025-02-10 22:00:00;NORTE;SUDESTE/CENTRO-OESTE;5591.967
2025-02-10 23:00:00;NORTE;SUDESTE/CENTRO-OESTE;5636.602
2025-02-11 00:00:00;NORTE;SUDESTE/CENTRO-OESTE;5514.89
2025-02-11 01:00:00;NORTE;SUDESTE/CENTRO-OESTE;5247.428
2025-02-11 02:00:00;NORTE;SUDESTE/CENTRO-OESTE;4965.22
2025-02-11 03:00:00;NORTE;SUDESTE/CENTRO-OESTE;4841.63199999
2025-02-11 04:00:00;NORTE;SUDESTE/CENTRO-OESTE;4960.01599999
2025-02-11 05:00:00;NORTE;SUDESTE/CENTRO-OESTE;5179.164
2025-02-11 06:00:00;NORTE;SUDESTE/CENTRO-OESTE;5585.757
2025-02-11 07:00:00;NORTE;SUDESTE/CENTRO-OESTE;5432.66
2025-02-11 08:00:00;NORTE;SUDESTE/CENTRO-OESTE;5177.715
2025-02-11 09:00:00;NORTE;SUDESTE/CENTRO-OESTE;4788.113
2025-02-11 10:00:00;NORTE;SUDESTE/CENTRO-OESTE;4870.197
2025-02-11 11:00:00;NORTE;SUDESTE/CENTRO-OESTE;4862.261
2025-02-11 12:00:00;NORTE;SUDESTE/CENTRO-OESTE;5315.079
2025-02-11 13:00:00;NORTE;SUDESTE/CENTRO-OESTE;5218.169
2025-02-11 14:00:00;NORTE;SUDESTE/CENTRO-OESTE;5175.307
2025-02-11 15:00:00;NORTE;SUDESTE/CENTRO-OESTE;5543.859
2025-02-11 16:00:00;NORTE;SUDESTE/CENTRO-OESTE;5634.962
2025-02-11 17:00:00;NORTE;SUDESTE/CENTRO-OESTE;5864.741
2025-02-11 18:00:00;NORTE;SUDESTE/CENTRO-OESTE;6047.692
2025-02-11 19:00:00;NORTE;SUDESTE/CENTRO-OESTE;6054.563
2025-02-11 20:00:00;NORTE;SUDESTE/CENTRO-OESTE;5965.6
2025-02-11 21:00:00;NORTE;SUDESTE/CENTRO-OESTE;5992.236
2025-02-11 22:00:00;NORTE;SUDESTE/CENTRO-OESTE;6009.814
2025-02-11 23:00:00;NORTE;SUDESTE/CENTRO-OESTE;5908.815
2025-02-12 00:00:00;NORTE;SUDESTE/CENTRO-OESTE;5718.967
2025-02-12 01:00:00;NORTE;SUDESTE/CENTRO-OESTE;5927.872
2025-02-12 02:00:00;NORTE;SUDESTE/CENTRO-OESTE;5933.236
2025-02-12 03:00:00;NORTE;SUDESTE/CENTRO-OESTE;6043.307
2025-02-12 04:00:00;NORTE;SUDESTE/CENTRO-OESTE;5929.105
2025-02-12 05:00:00;NORTE;SUDESTE/CENTRO-OESTE;5600.339
2025-02-12 06:00:00;NORTE;SUDESTE/CENTRO-OESTE;5519.99
2025-02-12 07:00:00;NORTE;SUDESTE/CENTRO-OESTE;5323.30599999
2025-02-12 08:00:00;NORTE;SUDESTE/CENTRO-OESTE;5130.769
2025-02-12 09:00:00;NORTE;SUDESTE/CENTRO-OESTE;5068.597
2025-02-12 10:00:00;NORTE;SUDESTE/CENTRO-OESTE;4985.47599999
2025-02-12 11:00:00;NORTE;SUDESTE/CENTRO-OESTE;5088.938
2025-02-12 12:00:00;NORTE;SUDESTE/CENTRO-OESTE;5218.60499999
2025-02-12 13:00:00;NORTE;SUDESTE/CENTRO-OESTE;5149.044
2025-02-12 14:00:00;NORTE;SUDESTE/CENTRO-OESTE;4930.919
2025-02-12 15:00:00;NORTE;SUDESTE/CENTRO-OESTE;4890.653
2025-02-12 16:00:00;NORTE;SUDESTE/CENTRO-OESTE;5128.646
2025-02-12 17:00:00;NORTE;SUDESTE/CENTRO-OESTE;5438.474
2025-02-12 18:00:00;NORTE;SUDESTE/CENTRO-OESTE;5956.661
2025-02-12 19:00:00;NORTE;SUDESTE/CENTRO-OESTE;6302.601
2025-02-12 20:00:00;NORTE;SUDESTE/CENTRO-OESTE;6258.443
2025-02-12 21:00:00;NORTE;SUDESTE/CENTRO-OESTE;6010.087
2025-02-12 22:00:00;NORTE;SUDESTE/CENTRO-OESTE;5907.029
2025-02-12 23:00:00;NORTE;SUDESTE/CENTRO-OESTE;5982.316
2025-02-13 00:00:00;NORTE;SUDESTE/CENTRO-OESTE;5949.105
2025-02-13 01:00:00;NORTE;SUDESTE/CENTRO-OESTE;6046.682
2025-02-13 02:00:00;NORTE;SUDESTE/CENTRO-OESTE;6084.53
2025-02-13 03:00:00;NORTE;SUDESTE/CENTRO-OESTE;6153.707
2025-02-13 04:00:00;NORTE;SUDESTE/CENTRO-OESTE;6133.816
2025-02-13 05:00:00;NORTE;SUDESTE/CENTRO-OESTE;6055.978
2025-02-13 06:00:00;NORTE;SUDESTE/CENTRO-OESTE;5835.501
2025-02-13 07:00:00;NORTE;SUDESTE/CENTRO-OESTE;5233.40899999
2025-02-13 08:00:00;NORTE;SUDESTE/CENTRO-OESTE;4818.193
2025-02-13 09:00:00;NORTE;SUDESTE/CENTRO-OESTE;4595.961
2025-02-13 10:00:00;NORTE;SUDESTE/CENTRO-OESTE;4658.828
2025-02-13 11:00:00;NORTE;SUDESTE/CENTRO-OESTE;4741.098
2025-02-13 12:00:00;NORTE;SUDESTE/CENTRO-OESTE;4834.059
2025-02-13 13:00:00;NORTE;SUDESTE/CENTRO-OESTE;6041.849
2025-02-13 14:00:00;NORTE;SUDESTE/CENTRO-OESTE;9238.324
2025-02-13 15:00:00;NORTE;SUDESTE/CENTRO-OESTE;9397.879
2025-02-13 16:00:00;NORTE;SUDESTE/CENTRO-OESTE;9567.87199999
2025-02-13 17:00:00;NORTE;SUDESTE/CENTRO-OESTE;9705.591
2025-02-13 18:00:00;NORTE;SUDESTE/CENTRO-OESTE;9650.297
2025-02-13 19:00:00;NORTE;SUDESTE/CENTRO-OESTE;9587.645
2025-02-13 20:00:00;NORTE;SUDESTE/CENTRO-OESTE;9444.36299999
2025-02-13 21:00:00;NORTE;SUDESTE/CENTRO-OESTE;9355.208
2025-02-13 22:00:00;NORTE;SUDESTE/CENTRO-OESTE;9201.37
2025-02-13 23:00:00;NORTE;SUDESTE/CENTRO-OESTE;9213.85399999
2025-02-14 00:00:00;NORTE;SUDESTE/CENTRO-OESTE;9173.965
2025-02-14 01:00:00;NORTE;SUDESTE/CENTRO-OESTE;9126.561
2025-02-14 02:00:00;NORTE;SUDESTE/CENTRO-OESTE;9156.062
2025-02-14 03:00:00;NORTE;SUDESTE/CENTRO-OESTE;9213.16
2025-02-14 04:00:00;NORTE;SUDESTE/CENTRO-OESTE;9254.119
2025-02-14 05:00:00;NORTE;SUDESTE/CENTRO-OESTE;9387.187
2025-02-14 06:00:00;NORTE;SUDESTE/CENTRO-OESTE;9392.37999999
2025-02-14 07:00:00;NORTE;SUDESTE/CENTRO-OESTE;8880.983
2025-02-14 08:00:00;NORTE;SUDESTE/CENTRO-OESTE;8121.553
2025-02-14 09:00:00;NORTE;SUDESTE/CENTRO-OESTE;8362.932
2025-02-14 10:00:00;NORTE;SUDESTE/CENTRO-OESTE;8429.316
2025-02-14 11:00:00;NORTE;SUDESTE/CENTRO-OESTE;8812.779
2025-02-14 12:00:00;NORTE;SUDESTE/CENTRO-OESTE;9104.993
2025-02-14 13:00:00;NORTE;SUDESTE/CENTRO-OESTE;9422.697
2025-02-14 14:00:00;NORTE;SUDESTE/CENTRO-OESTE;9558.681
2025-02-14 15:00:00;NORTE;SUDESTE/CENTRO-OESTE;9312.548
2025-02-14 16:00:00;NORTE;SUDESTE/CENTRO-OESTE;9435.30899999
2025-02-14 17:00:00;NORTE;SUDESTE/CENTRO-OESTE;9722.87
2025-02-14 18:00:00;NORTE;SUDESTE/CENTRO-OESTE;9487.19199999
2025-02-14 19:00:00;NORTE;SUDESTE/CENTRO-OESTE;9744.546
2025-02-14 20:00:00;NORTE;SUDESTE/CENTRO-OESTE;9481.102
2025-02-14 21:00:00;NORTE;SUDESTE/CENTRO-OESTE;9512.727
2025-02-14 22:00:00;NORTE;SUDESTE/CENTRO-OESTE;9593.33599999
2025-02-14 23:00:00;NORTE;SUDESTE/CENTRO-OESTE;9438.195
2025-02-15 00:00:00;NORTE;SUDESTE/CENTRO-OESTE;9238.522
2025-02-15 01:00:00;NORTE;SUDESTE/CENTRO-OESTE;8083.841
2025-02-15 02:00:00;NORTE;SUDESTE/CENTRO-OESTE;8121.203
2025-02-15 03:00:00;NORTE;SUDESTE/CENTRO-OESTE;8106.457
2025-02-15 04:00:00;NORTE;SUDESTE/CENTRO-OESTE;8294.274
2025-02-15 05:00:00;NORTE;SUDESTE/CENTRO-OESTE;8738.83
2025-02-15 06:00:00;NORTE;SUDESTE/CENTRO-OESTE;8902.435
2025-02-15 07:00:00;NORTE;SUDESTE/CENTRO-OESTE;8698.554
2025-02-15 08:00:00;NORTE;SUDESTE/CENTRO-OESTE;8277.903
2025-02-15 09:00:00;NORTE;SUDESTE/CENTRO-OESTE;7516.127
2025-02-15 10:00:00;NORTE;SUDESTE/CENTRO-OESTE;6221.172
2025-02-15 11:00:00;NORTE;SUDESTE/CENTRO-OESTE;6053.993
2025-02-15 12:00:00;NORTE;SUDESTE/CENTRO-OESTE;6177.015
2025-02-15 13:00:00;NORTE;SUDESTE/CENTRO-OESTE;6501.381
2025-02-15 14:00:00;NORTE;SUDESTE/CENTRO-OESTE;6412.698
2025-02-15 15:00:00;NORTE;SUDESTE/CENTRO-OESTE;6137.011
2025-02-15 16:00:00;NORTE;SUDESTE/CENTRO-OESTE;7075.828
2025-02-15 17:00:00;NORTE;SUDESTE/CENTRO-OESTE;7513.641
2025-02-15 18:00:00;NORTE;SUDESTE/CENTRO-OESTE;9166.629
2025-02-15 19:00:00;NORTE;SUDESTE/CENTRO-OESTE;8677.959
2025-02-15 20:00:00;NORTE;SUDESTE/CENTRO-OESTE;8485.24699999
2025-02-15 21:00:00;NORTE;SUDESTE/CENTRO-OESTE;8489.084
2025-02-15 22:00:00;NORTE;SUDESTE/CENTRO-OESTE;8661.909
2025-02-15 23:00:00;NORTE;SUDESTE/CENTRO-OESTE;8509.574
2025-02-16 00:00:00;NORTE;SUDESTE/CENTRO-OESTE;7642.75
2025-02-16 01:00:00;NORTE;SUDESTE/CENTRO-OESTE;7469.182
2025-02-16 02:00:00;NORTE;SUDESTE/CENTRO-OESTE;7490.615
2025-02-16 03:00:00;NORTE;SUDESTE/CENTRO-OESTE;7463.627
2025-02-16 04:00:00;NORTE;SUDESTE/CENTRO-OESTE;7468.218
2025-02-16 05:00:00;NORTE;SUDESTE/CENTRO-OESTE;8020.813
2025-02-16 06:00:00;NORTE;SUDESTE/CENTRO-OESTE;7944.238
2025-02-16 07:00:00;NORTE;SUDESTE/CENTRO-OESTE;7051.2
2025-02-16 08:00:00;NORTE;SUDESTE/CENTRO-OESTE;6306.58
2025-02-16 09:00:00;NORTE;SUDESTE/CENTRO-OESTE;6170.725
2025-02-16 10:00:00;NORTE;SUDESTE/CENTRO-OESTE;5913.309
2025-02-16 11:00:00;NORTE;SUDESTE/CENTRO-OESTE;6017.705
2025-02-16 12:00:00;NORTE;SUDESTE/CENTRO-OESTE;6429.125
2025-02-16 13:00:00;NORTE;SUDESTE/CENTRO-OESTE;6757.452
2025-02-16 14:00:00;NORTE;SUDESTE/CENTRO-OESTE;6617.388
2025-02-16 15:00:00;NORTE;SUDESTE/CENTRO-OESTE;6431.419
2025-02-16 16:00:00;NORTE;SUDESTE/CENTRO-OESTE;6306.099
2025-02-16 17:00:00;NORTE;SUDESTE/CENTRO-OESTE;7660.468
2025-02-16 18:00:00;NORTE;SUDESTE/CENTRO-OESTE;8669.808
2025-02-16 19:00:00;NORTE;SUDESTE/CENTRO-OESTE;9044.572
2025-02-16 20:00:00;NORTE;SUDESTE/CENTRO-OESTE;9132.029
2025-02-16 21:00:00;NORTE;SUDESTE/CENTRO-OESTE;8970.75
2025-02-16 22:00:00;NORTE;SUDESTE/CENTRO-OESTE;8723.422
2025-02-16 23:00:00;NORTE;SUDESTE/CENTRO-OESTE;8418.691
2025-02-17 00:00:00;NORTE;SUDESTE/CENTRO-OESTE;8911.686
2025-02-17 01:00:00;NORTE;SUDESTE/CENTRO-OESTE;8929.66599999
2025-02-17 02:00:00;NORTE;SUDESTE/CENTRO-OESTE;9037.116
2025-02-17 03:00:00;NORTE;SUDESTE/CENTRO-OESTE;9115.179
2025-02-17 04:00:00;NORTE;SUDESTE/CENTRO-OESTE;9185.87199999
2025-02-17 05:00:00;NORTE;SUDESTE/CENTRO-OESTE;8560.092
2025-02-17 06:00:00;NORTE;SUDESTE/CENTRO-OESTE;8097.75
2025-02-17 07:00:00;NORTE;SUDESTE/CENTRO-OESTE;7904.254
2025-02-17 08:00:00;NORTE;SUDESTE/CENTRO-OESTE;8055.777
2025-02-17 09:00:00;NORTE;SUDESTE/CENTRO-OESTE;8145.871
2025-02-17 10:00:00;NORTE;SUDESTE/CENTRO-OESTE;8161.042
2025-02-17 11:00:00;NORTE;SUDESTE/CENTRO-OESTE;8110.786
2025-02-17 12:00:00;NORTE;SUDESTE/CENTRO-OESTE;8379.227
2025-02-17 13:00:00;NORTE;SUDESTE/CENTRO-OESTE;8318.716
2025-02-17 14:00:00;NORTE;SUDESTE/CENTRO-OESTE;8968.70099999
2025-02-17 15:00:00;NORTE;SUDESTE/CENTRO-OESTE;8751.885
2025-02-17 16:00:00;NORTE;SUDESTE/CENTRO-OESTE;9068.092
2025-02-17 17:00:00;NORTE;SUDESTE/CENTRO-OESTE;8917.882
2025-02-17 18:00:00;NORTE;SUDESTE/CENTRO-OESTE;8971.152
2025-02-17 19:00:00;NORTE;SUDESTE/CENTRO-OESTE;9049.70999999
2025-02-17 20:00:00;NORTE;SUDESTE/CENTRO-OESTE;8964.314
2025-02-17 21:00:00;NORTE;SUDESTE/CENTRO-OESTE;8928.09499999
2025-02-17 22:00:00;NORTE;SUDESTE/CENTRO-OESTE;9017.799
2025-02-17 23:00:00;NORTE;SUDESTE/CENTRO-OESTE;8986.86199999
2025-02-18 00:00:00;NORTE;SUDESTE/CENTRO-OESTE;9512.806
2025-02-18 01:00:00;NORTE;SUDESTE/CENTRO-OESTE;9511.189
2025-02-18 02:00:00;NORTE;SUDESTE/CENTRO-OESTE;9554.35
2025-02-18 03:00:00;NORTE;SUDESTE/CENTRO-OESTE;9622.058
2025-02-18 04:00:00;NORTE;SUDESTE/CENTRO-OESTE;9513.096
2025-02-18 05:00:00;NORTE;SUDESTE/CENTRO-OESTE;9234.226
2025-02-18 06:00:00;NORTE;SUDESTE/CENTRO-OESTE;8867.924
2025-02-18 07:00:00;NORTE;SUDESTE/CENTRO-OESTE;8749.812
2025-02-18 08:00:00;NORTE;SUDESTE/CENTRO-OESTE;8249.411
2025-02-18 09:00:00;NORTE;SUDESTE/CENTRO-OESTE;8038.264
2025-02-18 10:00:00;NORTE;SUDESTE/CENTRO-OESTE;7997.021
2025-02-18 11:00:00;NORTE;SUDESTE/CENTRO-OESTE;7918.029
2025-02-18 12:00:00;NORTE;SUDESTE/CENTRO-OESTE;7744.141
2025-02-18 13:00:00;NORTE;SUDESTE/CENTRO-OESTE;8004.97
2025-02-18 14:00:00;NORTE;SUDESTE/CENTRO-OESTE;8765.312
2025-02-18 15:00:00;NORTE;SUDESTE/CENTRO-OESTE;9683.144
2025-02-18 16:00:00;NORTE;SUDESTE/CENTRO-OESTE;8817.624
2025-02-18 17:00:00;NORTE;SUDESTE/CENTRO-OESTE;8865.11299999
2025-02-18 18:00:00;NORTE;SUDESTE/CENTRO-OESTE;8904.049
2025-02-18 19:00:00;NORTE;SUDESTE/CENTRO-OESTE;8547.10299999
2025-02-18 20:00:00;NORTE;SUDESTE/CENTRO-OESTE;8355.49
2025-02-18 21:00:00;NORTE;SUDESTE/CENTRO-OESTE;8296.294
2025-02-18 22:00:00;NORTE;SUDESTE/CENTRO-OESTE;8266.76
2025-02-18 23:00:00;NORTE;SUDESTE/CENTRO-OESTE;8586.62999999
2025-02-19 00:00:00;NORTE;SUDESTE/CENTRO-OESTE;8917.825
2025-02-19 01:00:00;NORTE;SUDESTE/CENTRO-OESTE;9106.673
2025-02-19 02:00:00;NORTE;SUDESTE/CENTRO-OESTE;9019.091
2025-02-19 03:00:00;NORTE;SUDESTE/CENTRO-OESTE;8974.082
2025-02-19 04:00:00;NORTE;SUDESTE/CENTRO-OESTE;9032.526
2025-02-19 05:00:00;NORTE;SUDESTE/CENTRO-OESTE;9009.968
2025-02-19 06:00:00;NORTE;SUDESTE/CENTRO-OESTE;8772.056
2025-02-19 07:00:00;NORTE;SUDESTE/CENTRO-OESTE;8223.248
2025-02-19 08:00:00;NORTE;SUDESTE/CENTRO-OESTE;7956.095
2025-02-19 09:00:00;NORTE;SUDESTE/CENTRO-OESTE;7875.983
2025-02-19 10:00:00;NORTE;SUDESTE/CENTRO-OESTE;7781.579
2025-02-19 11:00:00;NORTE;SUDESTE/CENTRO-OESTE;7814.097
2025-02-19 12:00:00;NORTE;SUDESTE/CENTRO-OESTE;7731.461
2025-02-19 13:00:00;NORTE;SUDESTE/CENTRO-OESTE;7873.438
2025-02-19 14:00:00;NORTE;SUDESTE/CENTRO-OESTE;8503.533
2025-02-19 15:00:00;NORTE;SUDESTE/CENTRO-OESTE;8176.536
2025-02-19 16:00:00;NORTE;SUDESTE/CENTRO-OESTE;8364.047
2025-02-19 17:00:00;NORTE;SUDESTE/CENTRO-OESTE;8484.364
2025-02-19 18:00:00;NORTE;SUDESTE/CENTRO-OESTE;8601.305
2025-02-19 19:00:00;NORTE;SUDESTE/CENTRO-OESTE;8046.47
2025-02-19 20:00:00;NORTE;SUDESTE/CENTRO-OESTE;7866.055
2025-02-19 21:00:00;NORTE;SUDESTE/CENTRO-OESTE;7649.541
2025-02-19 22:00:00;NORTE;SUDESTE/CENTRO-OESTE;7622.08
2025-02-19 23:00:00;NORTE;SUDESTE/CENTRO-OESTE;7997.54
2025-02-20 00:00:00;NORTE;SUDESTE/CENTRO-OESTE;8630.977
2025-02-20 01:00:00;NORTE;SUDESTE/CENTRO-OESTE;8596.00499999
2025-02-20 02:00:00;NORTE;SUDESTE/CENTRO-OESTE;8859.937
2025-02-20 03:00:00;NORTE;SUDESTE/CENTRO-OESTE;8868.088
2025-02-20 04:00:00;NORTE;SUDESTE/CENTRO-OESTE;8705.471
2025-02-20 05:00:00;NORTE;SUDESTE/CENTRO-OESTE;8344.364
2025-02-20 06:00:00;NORTE;SUDESTE/CENTRO-OESTE;8013.037
2025-02-20 07:00:00;NORTE;SUDESTE/CENTRO-OESTE;8456.244
2025-02-20 08:00:00;NORTE;SUDESTE/CENTRO-OESTE;8483.774
2025-02-20 09:00:00;NORTE;SUDESTE/CENTRO-OESTE;8162.619
2025-02-20 10:00:00;NORTE;SUDESTE/CENTRO-OESTE;8171.127
2025-02-20 11:00:00;NORTE;SUDESTE/CENTRO-OESTE;8321.438
2025-02-20 12:00:00;NORTE;SUDESTE/CENTRO-OESTE;8047.746
2025-02-20 13:00:00;NORTE;SUDESTE/CENTRO-OESTE;8762.39
2025-02-20 14:00:00;NORTE;SUDESTE/CENTRO-OESTE;9091.945
2025-02-20 15:00:00;NORTE;SUDESTE/CENTRO-OESTE;8834.908
2025-02-20 16:00:00;NORTE;SUDESTE/CENTRO-OESTE;8743.226
2025-02-20 17:00:00;NORTE;SUDESTE/CENTRO-OESTE;8456.57
2025-02-20 18:00:00;NORTE;SUDESTE/CENTRO-OESTE;8723.127
2025-02-20 19:00:00;NORTE;SUDESTE/CENTRO-OESTE;8500.29099999
2025-02-20 20:00:00;NORTE;SUDESTE/CENTRO-OESTE;8258.698
2025-02-20 21:00:00;NORTE;SUDESTE/CENTRO-OESTE;8133.362
2025-02-20 22:00:00;NORTE;SUDESTE/CENTRO-OESTE;8047.96
2025-02-20 23:00:00;NORTE;SUDESTE/CENTRO-OESTE;8228.51
2025-02-21 00:00:00;NORTE;SUDESTE/CENTRO-OESTE;8318.09499999
2025-02-21 01:00:00;NORTE;SUDESTE/CENTRO-OESTE;8405.673
2025-02-21 02:00:00;NORTE;SUDESTE/CENTRO-OESTE;8077.742
2025-02-21 03:00:00;NORTE;SUDESTE/CENTRO-OESTE;8123.893
2025-02-21 04:00:00;NORTE;SUDESTE/CENTRO-OESTE;8191.83
2025-02-21 05:00:00;NORTE;SUDESTE/CENTRO-OESTE;8180.215
2025-02-21 06:00:00;NORTE;SUDESTE/CENTRO-OESTE;8345.31699999
2025-02-21 07:00:00;NORTE;SUDESTE/CENTRO-OESTE;8621.61199999
2025-02-21 08:00:00;NORTE;SUDESTE/CENTRO-OESTE;8513.62199999
2025-02-21 09:00:00;NORTE;SUDESTE/CENTRO-OESTE;8693.58499999
2025-02-21 10:00:00;NORTE;SUDESTE/CENTRO-OESTE;8690.439
2025-02-21 11:00:00;NORTE;SUDESTE/CENTRO-OESTE;8621.908
2025-02-21 12:00:00;NORTE;SUDESTE/CENTRO-OESTE;8395.216
2025-02-21 13:00:00;NORTE;SUDESTE/CENTRO-OESTE;8686.793
2025-02-21 14:00:00;NORTE;SUDESTE/CENTRO-OESTE;8935.53
2025-02-21 15:00:00;NORTE;SUDESTE/CENTRO-OESTE;8940.502
2025-02-21 16:00:00;NORTE;SUDESTE/CENTRO-OESTE;8930.334
2025-02-21 17:00:00;NORTE;SUDESTE/CENTRO-OESTE;8601.088
2025-02-21 18:00:00;NORTE;SUDESTE/CENTRO-OESTE;8553.147
2025-02-21 19:00:00;NORTE;SUDESTE/CENTRO-OESTE;8157.942
2025-02-21 20:00:00;NORTE;SUDESTE/CENTRO-OESTE;7661.906
2025-02-21 21:00:00;NORTE;SUDESTE/CENTRO-OESTE;7646.61
2025-02-21 22:00:00;NORTE;SUDESTE/CENTRO-OESTE;7670.963
2025-02-21 23:00:00;NORTE;SUDESTE/CENTRO-OESTE;7647.0
2025-02-22 00:00:00;NORTE;SUDESTE/CENTRO-OESTE;7926.74
2025-02-22 01:00:00;NORTE;SUDESTE/CENTRO-OESTE;8373.536
2025-02-22 02:00:00;NORTE;SUDESTE/CENTRO-OESTE;8390.23799999
2025-02-22 03:00:00;NORTE;SUDESTE/CENTRO-OESTE;8373.295
2025-02-22 04:00:00;NORTE;SUDESTE/CENTRO-OESTE;8465.6
2025-02-22 05:00:00;NORTE;SUDESTE/CENTRO-OESTE;8385.953
2025-02-22 06:00:00;NORTE;SUDESTE/CENTRO-OESTE;7871.339
2025-02-22 07:00:00;NORTE;SUDESTE/CENTRO-OESTE;8141.526
2025-02-22 08:00:00;NORTE;SUDESTE/CENTRO-OESTE;8015.796
2025-02-22 09:00:00;NORTE;SUDESTE/CENTRO-OESTE;7173.286
2025-02-22 10:00:00;NORTE;SUDESTE/CENTRO-OESTE;7000.082
2025-02-22 11:00:00;NORTE;SUDESTE/CENTRO-OESTE;6807.437
2025-02-22 12:00:00;NORTE;SUDESTE/CENTRO-OESTE;6626.432
2025-02-22 13:00:00;NORTE;SUDESTE/CENTRO-OESTE;6501.859
2025-02-22 14:00:00;NORTE;SUDESTE/CENTRO-OESTE;6738.478
2025-02-22 15:00:00;NORTE;SUDESTE/CENTRO-OESTE;7313.154
2025-02-22 16:00:00;NORTE;SUDESTE/CENTRO-OESTE;7424.294
2025-02-22 17:00:00;NORTE;SUDESTE/CENTRO-OESTE;7819.292
2025-02-22 18:00:00;NORTE;SUDESTE/CENTRO-OESTE;7827.281
2025-02-22 19:00:00;NORTE;SUDESTE/CENTRO-OESTE;8627.399
2025-02-22 20:00:00;NORTE;SUDESTE/CENTRO-OESTE;8637.83499999
2025-02-22 21:00:00;NORTE;SUDESTE/CENTRO-OESTE;8106.62
2025-02-22 22:00:00;NORTE;SUDESTE/CENTRO-OESTE;7704.006
2025-02-22 23:00:00;NORTE;SUDESTE/CENTRO-OESTE;7599.402
2025-02-23 00:00:00;NORTE;SUDESTE/CENTRO-OESTE;7718.22
2025-02-23 01:00:00;NORTE;SUDESTE/CENTRO-OESTE;8103.832
2025-02-23 02:00:00;NORTE;SUDESTE/CENTRO-OESTE;8042.268
2025-02-23 03:00:00;NORTE;SUDESTE/CENTRO-OESTE;8094.783
2025-02-23 04:00:00;NORTE;SUDESTE/CENTRO-OESTE;8011.834
2025-02-23 05:00:00;NORTE;SUDESTE/CENTRO-OESTE;7475.637
2025-02-23 06:00:00;NORTE;SUDESTE/CENTRO-OESTE;6451.565
2025-02-23 07:00:00;NORTE;SUDESTE/CENTRO-OESTE;5942.888
2025-02-23 08:00:00;NORTE;SUDESTE/CENTRO-OESTE;5364.43
2025-02-23 09:00:00;NORTE;SUDESTE/CENTRO-OESTE;5054.555
2025-02-23 10:00:00;NORTE;SUDESTE/CENTRO-OESTE;4802.579
2025-02-23 11:00:00;NORTE;SUDESTE/CENTRO-OESTE;4895.166
2025-02-23 12:00:00;NORTE;SUDESTE/CENTRO-OESTE;5004.14999999
2025-02-23 13:00:00;NORTE;SUDESTE/CENTRO-OESTE;5369.58299999
2025-02-23 14:00:00;NORTE;SUDESTE/CENTRO-OESTE;5486.26
2025-02-23 15:00:00;NORTE;SUDESTE/CENTRO-OESTE;5581.757
2025-02-23 16:00:00;NORTE;SUDESTE/CENTRO-OESTE;5433.941
2025-02-23 17:00:00;NORTE;SUDESTE/CENTRO-OESTE;5488.799
2025-02-23 18:00:00;NORTE;SUDESTE/CENTRO-OESTE;6402.576
2025-02-23 19:00:00;NORTE;SUDESTE/CENTRO-OESTE;8025.356
2025-02-23 20:00:00;NORTE;SUDESTE/CENTRO-OESTE;8254.195
2025-02-23 21:00:00;NORTE;SUDESTE/CENTRO-OESTE;8170.701
2025-02-23 22:00:00;NORTE;SUDESTE/CENTRO-OESTE;7769.734
2025-02-23 23:00:00;NORTE;SUDESTE/CENTRO-OESTE;7308.315
2025-02-24 00:00:00;NORTE;SUDESTE/CENTRO-OESTE;7594.175
2025-02-24 01:00:00;NORTE;SUDESTE/CENTRO-OESTE;7848.317
2025-02-24 02:00:00;NORTE;SUDESTE/CENTRO-OESTE;8109.29
2025-02-24 03:00:00;NORTE;SUDESTE/CENTRO-OESTE;8095.359
2025-02-24 04:00:00;NORTE;SUDESTE/CENTRO-OESTE;8048.044
2025-02-24 05:00:00;NORTE;SUDESTE/CENTRO-OESTE;8203.051
2025-02-24 06:00:00;NORTE;SUDESTE/CENTRO-OESTE;8252.42
2025-02-24 07:00:00;NORTE;SUDESTE/CENTRO-OESTE;8446.044
2025-02-24 08:00:00;NORTE;SUDESTE/CENTRO-OESTE;8556.643
2025-02-24 09:00:00;NORTE;SUDESTE/CENTRO-OESTE;8726.468
2025-02-24 10:00:00;NORTE;SUDESTE/CENTRO-OESTE;8785.288
2025-02-24 11:00:00;NORTE;SUDESTE/CENTRO-OESTE;9082.23799999
2025-02-24 12:00:00;NORTE;SUDESTE/CENTRO-OESTE;8953.97799999
2025-02-24 13:00:00;NORTE;SUDESTE/CENTRO-OESTE;9045.816
2025-02-24 14:00:00;NORTE;SUDESTE/CENTRO-OESTE;8967.936
2025-02-24 15:00:00;NORTE;SUDESTE/CENTRO-OESTE;9344.6
2025-02-24 16:00:00;NORTE;SUDESTE/CENTRO-OESTE;10042.203
2025-02-24 17:00:00;NORTE;SUDESTE/CENTRO-OESTE;9903.76
2025-02-24 18:00:00;NORTE;SUDESTE/CENTRO-OESTE;9991.028
2025-02-24 19:00:00;NORTE;SUDESTE/CENTRO-OESTE;9865.145
2025-02-24 20:00:00;NORTE;SUDESTE/CENTRO-OESTE;9581.006
2025-02-24 21:00:00;NORTE;SUDESTE/CENTRO-OESTE;9593.744
2025-02-24 22:00:00;NORTE;SUDESTE/CENTRO-OESTE;9559.042
2025-02-24 23:00:00;NORTE;SUDESTE/CENTRO-OESTE;9360.271
2025-02-25 00:00:00;NORTE;SUDESTE/CENTRO-OESTE;9337.896
2025-02-25 01:00:00;NORTE;SUDESTE/CENTRO-OESTE;9217.244
2025-02-25 02:00:00;NORTE;SUDESTE/CENTRO-OESTE;9215.37199999
2025-02-25 03:00:00;NORTE;SUDESTE/CENTRO-OESTE;9411.411
2025-02-25 04:00:00;NORTE;SUDESTE/CENTRO-OESTE;9418.526
2025-02-25 05:00:00;NORTE;SUDESTE/CENTRO-OESTE;9115.68399999
2025-02-25 06:00:00;NORTE;SUDESTE/CENTRO-OESTE;9104.457
2025-02-25 07:00:00;NORTE;SUDESTE/CENTRO-OESTE;8289.463
2025-02-25 08:00:00;NORTE;SUDESTE/CENTRO-OESTE;8397.671
2025-02-25 09:00:00;NORTE;SUDESTE/CENTRO-OESTE;8158.438
2025-02-25 10:00:00;NORTE;SUDESTE/CENTRO-OESTE;8184.608
2025-02-25 11:00:00;NORTE;SUDESTE/CENTRO-OESTE;8254.528
2025-02-25 12:00:00;NORTE;SUDESTE/CENTRO-OESTE;8119.67
2025-02-25 13:00:00;NORTE;SUDESTE/CENTRO-OESTE;8367.312
2025-02-25 14:00:00;NORTE;SUDESTE/CENTRO-OESTE;8376.32699999
2025-02-25 15:00:00;NORTE;SUDESTE/CENTRO-OESTE;8378.243
2025-02-25 16:00:00;NORTE;SUDESTE/CENTRO-OESTE;8399.56799999
2025-02-25 17:00:00;NORTE;SUDESTE/CENTRO-OESTE;8875.224
2025-02-25 18:00:00;NORTE;SUDESTE/CENTRO-OESTE;9190.763
2025-02-25 19:00:00;NORTE;SUDESTE/CENTRO-OESTE;9113.493
2025-02-25 20:00:00;NORTE;SUDESTE/CENTRO-OESTE;9092.70199999
2025-02-25 21:00:00;NORTE;SUDESTE/CENTRO-OESTE;9006.19299999
2025-02-25 22:00:00;NORTE;SUDESTE/CENTRO-OESTE;8957.989
2025-02-25 23:00:00;NORTE;SUDESTE/CENTRO-OESTE;8523.125
2025-02-26 00:00:00;NORTE;SUDESTE/CENTRO-OESTE;8421.725
2025-02-26 01:00:00;NORTE;SUDESTE/CENTRO-OESTE;8432.116
2025-02-26 02:00:00;NORTE;SUDESTE/CENTRO-OESTE;8469.15699999
2025-02-26 03:00:00;NORTE;SUDESTE/CENTRO-OESTE;8555.296
2025-02-26 04:00:00;NORTE;SUDESTE/CENTRO-OESTE;8438.114
2025-02-26 05:00:00;NORTE;SUDESTE/CENTRO-OESTE;8270.343
2025-02-26 06:00:00;NORTE;SUDESTE/CENTRO-OESTE;8159.214
2025-02-26 07:00:00;NORTE;SUDESTE/CENTRO-OESTE;8060.8
2025-02-26 08:00:00;NORTE;SUDESTE/CENTRO-OESTE;7878.215
2025-02-26 09:00:00;NORTE;SUDESTE/CENTRO-OESTE;7993.525
2025-02-26 10:00:00;NORTE;SUDESTE/CENTRO-OESTE;7767.496
2025-02-26 11:00:00;NORTE;SUDESTE/CENTRO-OESTE;7496.352
2025-02-26 12:00:00;NORTE;SUDESTE/CENTRO-OESTE;7560.057
2025-02-26 13:00:00;NORTE;SUDESTE/CENTRO-OESTE;7858.368
2025-02-26 14:00:00;NORTE;SUDESTE/CENTRO-OESTE;7789.136
2025-02-26 15:00:00;NORTE;SUDESTE/CENTRO-OESTE;8128.028
2025-02-26 16:00:00;NORTE;SUDESTE/CENTRO-OESTE;8921.837
2025-02-26 17:00:00;NORTE;SUDESTE/CENTRO-OESTE;8285.678
2025-02-26 18:00:00;NORTE;SUDESTE/CENTRO-OESTE;8344.21999999
2025-02-26 19:00:00;NORTE;SUDESTE/CENTRO-OESTE;8181.412
2025-02-26 20:00:00;NORTE;SUDESTE/CENTRO-OESTE;7978.843
2025-02-26 21:00:00;NORTE;SUDESTE/CENTRO-OESTE;8001.512
2025-02-26 22:00:00;NORTE;SUDESTE/CENTRO-OESTE;8162.095
2025-02-26 23:00:00;NORTE;SUDESTE/CENTRO-OESTE;8589.494
2025-02-27 00:00:00;NORTE;SUDESTE/CENTRO-OESTE;8724.524
2025-02-27 01:00:00;NORTE;SUDESTE/CENTRO-OESTE;8727.141
2025-02-27 02:00:00;NORTE;SUDESTE/CENTRO-OESTE;8701.49699999
2025-02-27 03:00:00;NORTE;SUDESTE/CENTRO-OESTE;8653.473
2025-02-27 04:00:00;NORTE;SUDESTE/CENTRO-OESTE;8717.86199999
2025-02-27 05:00:00;NORTE;SUDESTE/CENTRO-OESTE;8754.402
2025-02-27 06:00:00;NORTE;SUDESTE/CENTRO-OESTE;8356.762
2025-02-27 07:00:00;NORTE;SUDESTE/CENTRO-OESTE;8255.651
2025-02-27 08:00:00;NORTE;SUDESTE/CENTRO-OESTE;8026.916
2025-02-27 09:00:00;NORTE;SUDESTE/CENTRO-OESTE;7863.37
2025-02-27 10:00:00;NORTE;SUDESTE/CENTRO-OESTE;7959.673
2025-02-27 11:00:00;NORTE;SUDESTE/CENTRO-OESTE;7752.308
2025-02-27 12:00:00;NORTE;SUDESTE/CENTRO-OESTE;7756.991
2025-02-27 13:00:00;NORTE;SUDESTE/CENTRO-OESTE;8678.337
2025-02-27 14:00:00;NORTE;SUDESTE/CENTRO-OESTE;9487.901
2025-02-27 15:00:00;NORTE;SUDESTE/CENTRO-OESTE;9541.58
2025-02-27 16:00:00;NORTE;SUDESTE/CENTRO-OESTE;9532.784
2025-02-27 17:00:00;NORTE;SUDESTE/CENTRO-OESTE;9461.88899999
2025-02-27 18:00:00;NORTE;SUDESTE/CENTRO-OESTE;9288.805
2025-02-27 19:00:00;NORTE;SUDESTE/CENTRO-OESTE;9181.985
2025-02-27 20:00:00;NORTE;SUDESTE/CENTRO-OESTE;8865.376
2025-02-27 21:00:00;NORTE;SUDESTE/CENTRO-OESTE;8710.571
2025-02-27 22:00:00;NORTE;SUDESTE/CENTRO-OESTE;8833.154
2025-02-27 23:00:00;NORTE;SUDESTE/CENTRO-OESTE;8397.527
2025-02-28 00:00:00;NORTE;SUDESTE/CENTRO-OESTE;7390.826
2025-02-28 01:00:00;NORTE;SUDESTE/CENTRO-OESTE;7125.796
2025-02-28 02:00:00;NORTE;SUDESTE/CENTRO-OESTE;7179.684
2025-02-28 03:00:00;NORTE;SUDESTE/CENTRO-OESTE;7310.304
2025-02-28 04:00:00;NORTE;SUDESTE/CENTRO-OESTE;7331.248
2025-02-28 05:00:00;NORTE;SUDESTE/CENTRO-OESTE;7256.774
2025-02-28 06:00:00;NORTE;SUDESTE/CENTRO-OESTE;8285.127
2025-02-28 07:00:00;NORTE;SUDESTE/CENTRO-OESTE;7587.212
2025-02-28 08:00:00;NORTE;SUDESTE/CENTRO-OESTE;7691.892
2025-02-28 09:00:00;NORTE;SUDESTE/CENTRO-OESTE;7796.3
2025-02-28 10:00:00;NORTE;SUDESTE/CENTRO-OESTE;7870.818
2025-02-28 11:00:00;NORTE;SUDESTE/CENTRO-OESTE;7936.068
2025-02-28 12:00:00;NORTE;SUDESTE/CENTRO-OESTE;8090.673
2025-02-28 13:00:00;NORTE;SUDESTE/CENTRO-OESTE;8124.989
2025-02-28 14:00:00;NORTE;SUDESTE/CENTRO-OESTE;7936.776
2025-02-28 15:00:00;NORTE;SUDESTE/CENTRO-OESTE;8016.855
2025-02-28 16:00:00;NORTE;SUDESTE/CENTRO-OESTE;8148.717
2025-02-28 17:00:00;NORTE;SUDESTE/CENTRO-OESTE;8228.06799999
2025-02-28 18:00:00;NORTE;SUDESTE/CENTRO-OESTE;7988.443
2025-02-28 19:00:00;NORTE;SUDESTE/CENTRO-OESTE;7579.218
2025-02-28 20:00:00;NORTE;SUDESTE/CENTRO-OESTE;7528.878
2025-02-28 21:00:00;NORTE;SUDESTE/CENTRO-OESTE;7713.752
2025-02-28 22:00:00;NORTE;SUDESTE/CENTRO-OESTE;7969.639
2025-02-28 23:00:00;NORTE;SUDESTE/CENTRO-OESTE;8515.46099999
2025-03-01 00:00:00;NORTE;SUDESTE/CENTRO-OESTE;9155.628
2025-03-01 01:00:00;NORTE;SUDESTE/CENTRO-OESTE;9013.168
2025-03-01 02:00:00;NORTE;SUDESTE/CENTRO-OESTE;9066.663
2025-03-01 03:00:00;NORTE;SUDESTE/CENTRO-OESTE;8731.41599999
2025-03-01 04:00:00;NORTE;SUDESTE/CENTRO-OESTE;8821.566
2025-03-01 05:00:00;NORTE;SUDESTE/CENTRO-OESTE;8987.248
2025-03-01 06:00:00;NORTE;SUDESTE/CENTRO-OESTE;8034.123
2025-03-01 07:00:00;NORTE;SUDESTE/CENTRO-OESTE;7894.289
2025-03-01 08:00:00;NORTE;SUDESTE/CENTRO-OESTE;6854.649
2025-03-01 09:00:00;NORTE;SUDESTE/CENTRO-OESTE;6003.058
2025-03-01 10:00:00;NORTE;SUDESTE/CENTRO-OESTE;5241.441
2025-03-01 11:00:00;NORTE;SUDESTE/CENTRO-OESTE;4727.506
2025-03-01 12:00:00;NORTE;SUDESTE/CENTRO-OESTE;4514.723
2025-03-01 13:00:00;NORTE;SUDESTE/CENTRO-OESTE;4703.508
2025-03-01 14:00:00;NORTE;SUDESTE/CENTRO-OESTE;4796.93599999
2025-03-01 15:00:00;NORTE;SUDESTE/CENTRO-OESTE;4914.185
2025-03-01 16:00:00;NORTE;SUDESTE/CENTRO-OESTE;5404.575
2025-03-01 17:00:00;NORTE;SUDESTE/CENTRO-OESTE;6680.052
2025-03-01 18:00:00;NORTE;SUDESTE/CENTRO-OESTE;8052.983
2025-03-01 19:00:00;NORTE;SUDESTE/CENTRO-OESTE;8040.419
2025-03-01 20:00:00;NORTE;SUDESTE/CENTRO-OESTE;7959.596
2025-03-01 21:00:00;NORTE;SUDESTE/CENTRO-OESTE;7862.694
2025-03-01 22:00:00;NORTE;SUDESTE/CENTRO-OESTE;7961.317
2025-03-01 23:00:00;NORTE;SUDESTE/CENTRO-OESTE;8012.107
2025-03-02 00:00:00;NORTE;SUDESTE/CENTRO-OESTE;8000.781
2025-03-02 01:00:00;NORTE;SUDESTE/CENTRO-OESTE;8045.189
2025-03-02 02:00:00;NORTE;SUDESTE/CENTRO-OESTE;7740.513
2025-03-02 03:00:00;NORTE;SUDESTE/CENTRO-OESTE;7924.258
2025-03-02 04:00:00;NORTE;SUDESTE/CENTRO-OESTE;7655.489
2025-03-02 05:00:00;NORTE;SUDESTE/CENTRO-OESTE;7563.566
2025-03-02 06:00:00;NORTE;SUDESTE/CENTRO-OESTE;7680.264
2025-03-02 07:00:00;NORTE;SUDESTE/CENTRO-OESTE;6291.877
2025-03-02 08:00:00;NORTE;SUDESTE/CENTRO-OESTE;5530.413
2025-03-02 09:00:00;NORTE;SUDESTE/CENTRO-OESTE;4806.72099999
2025-03-02 10:00:00;NORTE;SUDESTE/CENTRO-OESTE;4506.194
2025-03-02 11:00:00;NORTE;SUDESTE/CENTRO-OESTE;4147.70799999
2025-03-02 12:00:00;NORTE;SUDESTE/CENTRO-OESTE;4002.999
2025-03-02 13:00:00;NORTE;SUDESTE/CENTRO-OESTE;4125.452
2025-03-02 14:00:00;NORTE;SUDESTE/CENTRO-OESTE;4890.138
2025-03-02 15:00:00;NORTE;SUDESTE/CENTRO-OESTE;5559.668
2025-03-02 16:00:00;NORTE;SUDESTE/CENTRO-OESTE;6299.237
2025-03-02 17:00:00;NORTE;SUDESTE/CENTRO-OESTE;7723.953
2025-03-02 18:00:00;NORTE;SUDESTE/CENTRO-OESTE;8113.255
2025-03-02 19:00:00;NORTE;SUDESTE/CENTRO-OESTE;8259.37999999
2025-03-02 20:00:00;NORTE;SUDESTE/CENTRO-OESTE;8325.518
2025-03-02 21:00:00;NORTE;SUDESTE/CENTRO-OESTE;8360.227
2025-03-02 22:00:00;NORTE;SUDESTE/CENTRO-OESTE;8272.65
2025-03-02 23:00:00;NORTE;SUDESTE/CENTRO-OESTE;8175.26
2025-03-03 00:00:00;NORTE;SUDESTE/CENTRO-OESTE;7935.82
2025-03-03 01:00:00;NORTE;SUDESTE/CENTRO-OESTE;7916.273
2025-03-03 02:00:00;NORTE;SUDESTE/CENTRO-OESTE;7904.566
2025-03-03 03:00:00;NORTE;SUDESTE/CENTRO-OESTE;7840.523
2025-03-03 04:00:00;NORTE;SUDESTE/CENTRO-OESTE;7836.671
2025-03-03 05:00:00;NORTE;SUDESTE/CENTRO-OESTE;7817.737
2025-03-03 06:00:00;NORTE;SUDESTE/CENTRO-OESTE;6811.071
2025-03-03 07:00:00;NORTE;SUDESTE/CENTRO-OESTE;6736.106
2025-03-03 08:00:00;NORTE;SUDESTE/CENTRO-OESTE;6191.257
2025-03-03 09:00:00;NORTE;SUDESTE/CENTRO-OESTE;6147.738
2025-03-03 10:00:00;NORTE;SUDESTE/CENTRO-OESTE;5879.583
2025-03-03 11:00:00;NORTE;SUDESTE/CENTRO-OESTE;5815.058
2025-03-03 12:00:00;NORTE;SUDESTE/CENTRO-OESTE;5877.784
2025-03-03 13:00:00;NORTE;SUDESTE/CENTRO-OESTE;6917.781
2025-03-03 14:00:00;NORTE;SUDESTE/CENTRO-OESTE;7870.495
2025-03-03 15:00:00;NORTE;SUDESTE/CENTRO-OESTE;8270.33599999
2025-03-03 16:00:00;NORTE;SUDESTE/CENTRO-OESTE;8443.563
2025-03-03 17:00:00;NORTE;SUDESTE/CENTRO-OESTE;8557.591
2025-03-03 18:00:00;NORTE;SUDESTE/CENTRO-OESTE;8643.09
2025-03-03 19:00:00;NORTE;SUDESTE/CENTRO-OESTE;8506.71999999
2025-03-03 20:00:00;NORTE;SUDESTE/CENTRO-OESTE;8481.333
2025-03-03 21:00:00;NORTE;SUDESTE/CENTRO-OESTE;8592.039
2025-03-03 22:00:00;NORTE;SUDESTE/CENTRO-OESTE;8709.619
2025-03-03 23:00:00;NORTE;SUDESTE/CENTRO-OESTE;8445.632
2025-03-04 00:00:00;NORTE;SUDESTE/CENTRO-OESTE;8187.045
2025-03-04 01:00:00;NORTE;SUDESTE/CENTRO-OESTE;8102.56
2025-03-04 02:00:00;NORTE;SUDESTE/CENTRO-OESTE;8083.567
2025-03-04 03:00:00;NORTE;SUDESTE/CENTRO-OESTE;8228.066
2025-03-04 04:00:00;NORTE;SUDESTE/CENTRO-OESTE;8260.412
2025-03-04 05:00:00;NORTE;SUDESTE/CENTRO-OESTE;7854.34
2025-03-04 06:00:00;NORTE;SUDESTE/CENTRO-OESTE;6884.296
2025-03-04 07:00:00;NORTE;SUDESTE/CENTRO-OESTE;6663.641
2025-03-04 08:00:00;NORTE;SUDESTE/CENTRO-OESTE;6148.416
2025-03-04 09:00:00;NORTE;SUDESTE/CENTRO-OESTE;5767.81
2025-03-04 10:00:00;NORTE;SUDESTE/CENTRO-OESTE;5371.042
2025-03-04 11:00:00;NORTE;SUDESTE/CENTRO-OESTE;5451.55599999
2025-03-04 12:00:00;NORTE;SUDESTE/CENTRO-OESTE;5494.679
2025-03-04 13:00:00;NORTE;SUDESTE/CENTRO-OESTE;5991.949
2025-03-04 14:00:00;NORTE;SUDESTE/CENTRO-OESTE;6695.401
2025-03-04 15:00:00;NORTE;SUDESTE/CENTRO-OESTE;6863.637
2025-03-04 16:00:00;NORTE;SUDESTE/CENTRO-OESTE;6637.604
2025-03-04 17:00:00;NORTE;SUDESTE/CENTRO-OESTE;7293.633
2025-03-04 18:00:00;NORTE;SUDESTE/CENTRO-OESTE;8081.778
2025-03-04 19:00:00;NORTE;SUDESTE/CENTRO-OESTE;9254.332
2025-03-04 20:00:00;NORTE;SUDESTE/CENTRO-OESTE;9494.525
2025-03-04 21:00:00;NORTE;SUDESTE/CENTRO-OESTE;9180.343
2025-03-04 22:00:00;NORTE;SUDESTE/CENTRO-OESTE;9204.17
2025-03-04 23:00:00;NORTE;SUDESTE/CENTRO-OESTE;8629.436
2025-03-05 00:00:00;NORTE;SUDESTE/CENTRO-OESTE;8371.565
2025-03-05 01:00:00;NORTE;SUDESTE/CENTRO-OESTE;8465.274
2025-03-05 02:00:00;NORTE;SUDESTE/CENTRO-OESTE;8441.741
2025-03-05 03:00:00;NORTE;SUDESTE/CENTRO-OESTE;8448.19299999
2025-03-05 04:00:00;NORTE;SUDESTE/CENTRO-OESTE;8430.851
2025-03-05 05:00:00;NORTE;SUDESTE/CENTRO-OESTE;7954.465
2025-03-05 06:00:00;NORTE;SUDESTE/CENTRO-OESTE;7455.971
2025-03-05 07:00:00;NORTE;SUDESTE/CENTRO-OESTE;7773.763
2025-03-05 08:00:00;NORTE;SUDESTE/CENTRO-OESTE;7502.04
2025-03-05 09:00:00;NORTE;SUDESTE/CENTRO-OESTE;7688.926
2025-03-05 10:00:00;NORTE;SUDESTE/CENTRO-OESTE;7895.804
2025-03-05 11:00:00;NORTE;SUDESTE/CENTRO-OESTE;7882.586
2025-03-05 12:00:00;NORTE;SUDESTE/CENTRO-OESTE;7751.17
2025-03-05 13:00:00;NORTE;SUDESTE/CENTRO-OESTE;8026.188
2025-03-05 14:00:00;NORTE;SUDESTE/CENTRO-OESTE;7934.178
2025-03-05 15:00:00;NORTE;SUDESTE/CENTRO-OESTE;8314.022
2025-03-05 16:00:00;NORTE;SUDESTE/CENTRO-OESTE;8102.937
2025-03-05 17:00:00;NORTE;SUDESTE/CENTRO-OESTE;7774.688
2025-03-05 18:00:00;NORTE;SUDESTE/CENTRO-OESTE;8047.547
2025-03-05 19:00:00;NORTE;SUDESTE/CENTRO-OESTE;8846.694
2025-03-05 20:00:00;NORTE;SUDESTE/CENTRO-OESTE;8520.801
2025-03-05 21:00:00;NORTE;SUDESTE/CENTRO-OESTE;8468.752
2025-03-05 22:00:00;NORTE;SUDESTE/CENTRO-OESTE;8530.964
2025-03-05 23:00:00;NORTE;SUDESTE/CENTRO-OESTE;8519.027
2025-03-06 00:00:00;NORTE;SUDESTE/CENTRO-OESTE;8700.32699999
2025-03-06 01:00:00;NORTE;SUDESTE/CENTRO-OESTE;8788.161
2025-03-06 02:00:00;NORTE;SUDESTE/CENTRO-OESTE;8847.133
2025-03-06 03:00:00;NORTE;SUDESTE/CENTRO-OESTE;9000.572
2025-03-06 04:00:00;NORTE;SUDESTE/CENTRO-OESTE;8991.136
2025-03-06 05:00:00;NORTE;SUDESTE/CENTRO-OESTE;8892.197
2025-03-06 06:00:00;NORTE;SUDESTE/CENTRO-OESTE;8610.328
2025-03-06 07:00:00;NORTE;SUDESTE/CENTRO-OESTE;8355.029
2025-03-06 08:00:00;NORTE;SUDESTE/CENTRO-OESTE;7724.981
2025-03-06 09:00:00;NORTE;SUDESTE/CENTRO-OESTE;7755.441
2025-03-06 10:00:00;NORTE;SUDESTE/CENTRO-OESTE;7616.009
2025-03-06 11:00:00;NORTE;SUDESTE/CENTRO-OESTE;7605.714
2025-03-06 12:00:00;NORTE;SUDESTE/CENTRO-OESTE;7720.253
2025-03-06 13:00:00;NORTE;SUDESTE/CENTRO-OESTE;7773.474
2025-03-06 14:00:00;NORTE;SUDESTE/CENTRO-OESTE;8343.1
2025-03-06 15:00:00;NORTE;SUDESTE/CENTRO-OESTE;8488.555
2025-03-06 16:00:00;NORTE;SUDESTE/CENTRO-OESTE;8664.54999999
2025-03-06 17:00:00;NORTE;SUDESTE/CENTRO-OESTE;8841.999
2025-03-06 18:00:00;NORTE;SUDESTE/CENTRO-OESTE;8840.333
2025-03-06 19:00:00;NORTE;SUDESTE/CENTRO-OESTE;8757.194
2025-03-06 20:00:00;NORTE;SUDESTE/CENTRO-OESTE;8715.172
2025-03-06 21:00:00;NORTE;SUDESTE/CENTRO-OESTE;8581.946
2025-03-06 22:00:00;NORTE;SUDESTE/CENTRO-OESTE;8692.802
2025-03-06 23:00:00;NORTE;SUDESTE/CENTRO-OESTE;8717.494
2025-03-07 00:00:00;NORTE;SUDESTE/CENTRO-OESTE;8631.266
2025-03-07 01:00:00;NORTE;SUDESTE/CENTRO-OESTE;8720.17499999
2025-03-07 02:00:00;NORTE;SUDESTE/CENTRO-OESTE;8575.04999999
2025-03-07 03:00:00;NORTE;SUDESTE/CENTRO-OESTE;8585.688
2025-03-07 04:00:00;NORTE;SUDESTE/CENTRO-OESTE;8466.60299999
2025-03-07 05:00:00;NORTE;SUDESTE/CENTRO-OESTE;8404.417
2025-03-07 06:00:00;NORTE;SUDESTE/CENTRO-OESTE;8454.102
2025-03-07 07:00:00;NORTE;SUDESTE/CENTRO-OESTE;7963.772
2025-03-07 08:00:00;NORTE;SUDESTE/CENTRO-OESTE;7227.86
2025-03-07 09:00:00;NORTE;SUDESTE/CENTRO-OESTE;7132.813
2025-03-07 10:00:00;NORTE;SUDESTE/CENTRO-OESTE;7267.009
2025-03-07 11:00:00;NORTE;SUDESTE/CENTRO-OESTE;7665.668
2025-03-07 12:00:00;NORTE;SUDESTE/CENTRO-OESTE;7804.036
2025-03-07 13:00:00;NORTE;SUDESTE/CENTRO-OESTE;7773.727
2025-03-07 14:00:00;NORTE;SUDESTE/CENTRO-OESTE;8580.06799999
2025-03-07 15:00:00;NORTE;SUDESTE/CENTRO-OESTE;8666.489
2025-03-07 16:00:00;NORTE;SUDESTE/CENTRO-OESTE;8483.106
2025-03-07 17:00:00;NORTE;SUDESTE/CENTRO-OESTE;8279.349
2025-03-07 18:00:00;NORTE;SUDESTE/CENTRO-OESTE;8422.936
2025-03-07 19:00:00;NORTE;SUDESTE/CENTRO-OESTE;8438.297
2025-03-07 20:00:00;NORTE;SUDESTE/CENTRO-OESTE;8207.732
2025-03-07 21:00:00;NORTE;SUDESTE/CENTRO-OESTE;8282.493
2025-03-07 22:00:00;NORTE;SUDESTE/CENTRO-OESTE;8206.511
2025-03-07 23:00:00;NORTE;SUDESTE/CENTRO-OESTE;8289.66
2025-03-08 00:00:00;NORTE;SUDESTE/CENTRO-OESTE;8452.356
2025-03-08 01:00:00;NORTE;SUDESTE/CENTRO-OESTE;8531.33
2025-03-08 02:00:00;NORTE;SUDESTE/CENTRO-OESTE;8678.708
2025-03-08 03:00:00;NORTE;SUDESTE/CENTRO-OESTE;8642.68
2025-03-08 04:00:00;NORTE;SUDESTE/CENTRO-OESTE;8382.035
2025-03-08 05:00:00;NORTE;SUDESTE/CENTRO-OESTE;8064.744
2025-03-08 06:00:00;NORTE;SUDESTE/CENTRO-OESTE;8364.493
2025-03-08 07:00:00;NORTE;SUDESTE/CENTRO-OESTE;7785.943
2025-03-08 08:00:00;NORTE;SUDESTE/CENTRO-OESTE;7392.216
2025-03-08 09:00:00;NORTE;SUDESTE/CENTRO-OESTE;7029.779
2025-03-08 10:00:00;NORTE;SUDESTE/CENTRO-OESTE;6863.783
2025-03-08 11:00:00;NORTE;SUDESTE/CENTRO-OESTE;6805.028
2025-03-08 12:00:00;NORTE;SUDESTE/CENTRO-OESTE;6685.807
2025-03-08 13:00:00;NORTE;SUDESTE/CENTRO-OESTE;7124.342
2025-03-08 14:00:00;NORTE;SUDESTE/CENTRO-OESTE;7095.103
2025-03-08 15:00:00;NORTE;SUDESTE/CENTRO-OESTE;7138.922
2025-03-08 16:00:00;NORTE;SUDESTE/CENTRO-OESTE;7805.131
2025-03-08 17:00:00;NORTE;SUDESTE/CENTRO-OESTE;8278.03
2025-03-08 18:00:00;NORTE;SUDESTE/CENTRO-OESTE;8279.578
2025-03-08 19:00:00;NORTE;SUDESTE/CENTRO-OESTE;8151.747
2025-03-08 20:00:00;NORTE;SUDESTE/CENTRO-OESTE;8037.894
2025-03-08 21:00:00;NORTE;SUDESTE/CENTRO-OESTE;8269.24699999
2025-03-08 22:00:00;NORTE;SUDESTE/CENTRO-OESTE;8298.1
2025-03-08 23:00:00;NORTE;SUDESTE/CENTRO-OESTE;8183.366
2025-03-09 00:00:00;NORTE;SUDESTE/CENTRO-OESTE;8106.809
2025-03-09 01:00:00;NORTE;SUDESTE/CENTRO-OESTE;8072.173
2025-03-09 02:00:00;NORTE;SUDESTE/CENTRO-OESTE;7862.094
2025-03-09 03:00:00;NORTE;SUDESTE/CENTRO-OESTE;7796.324
2025-03-09 04:00:00;NORTE;SUDESTE/CENTRO-OESTE;7952.537
2025-03-09 05:00:00;NORTE;SUDESTE/CENTRO-OESTE;7639.418
2025-03-09 06:00:00;NORTE;SUDESTE/CENTRO-OESTE;6917.757
2025-03-09 07:00:00;NORTE;SUDESTE/CENTRO-OESTE;6640.645
2025-03-09 08:00:00;NORTE;SUDESTE/CENTRO-OESTE;5523.765
2025-03-09 09:00:00;NORTE;SUDESTE/CENTRO-OESTE;4936.419
2025-03-09 10:00:00;NORTE;SUDESTE/CENTRO-OESTE;4656.442
2025-03-09 11:00:00;NORTE;SUDESTE/CENTRO-OESTE;4675.327
2025-03-09 12:00:00;NORTE;SUDESTE/CENTRO-OESTE;4571.349
2025-03-09 13:00:00;NORTE;SUDESTE/CENTRO-OESTE;4277.64
2025-03-09 14:00:00;NORTE;SUDESTE/CENTRO-OESTE;3897.055
2025-03-09 15:00:00;NORTE;SUDESTE/CENTRO-OESTE;4404.223
2025-03-09 16:00:00;NORTE;SUDESTE/CENTRO-OESTE;6770.859
2025-03-09 17:00:00;NORTE;SUDESTE/CENTRO-OESTE;8432.819
2025-03-09 18:00:00;NORTE;SUDESTE/CENTRO-OESTE;8327.745
2025-03-09 19:00:00;NORTE;SUDESTE/CENTRO-OESTE;8374.179
2025-03-09 20:00:00;NORTE;SUDESTE/CENTRO-OESTE;8672.705
2025-03-09 21:00:00;NORTE;SUDESTE/CENTRO-OESTE;8577.986
2025-03-09 22:00:00;NORTE;SUDESTE/CENTRO-OESTE;8501.601
2025-03-09 23:00:00;NORTE;SUDESTE/CENTRO-OESTE;8367.313
2025-03-10 00:00:00;NORTE;SUDESTE/CENTRO-OESTE;8394.695
2025-03-10 01:00:00;NORTE;SUDESTE/CENTRO-OESTE;8551.847
2025-03-10 02:00:00;NORTE;SUDESTE/CENTRO-OESTE;8749.051
2025-03-10 03:00:00;NORTE;SUDESTE/CENTRO-OESTE;8785.59499999
2025-03-10 04:00:00;NORTE;SUDESTE/CENTRO-OESTE;8619.118
2025-03-10 05:00:00;NORTE;SUDESTE/CENTRO-OESTE;8824.52
2025-03-10 06:00:00;NORTE;SUDESTE/CENTRO-OESTE;8518.76
2025-03-10 07:00:00;NORTE;SUDESTE/CENTRO-OESTE;7805.505
2025-03-10 08:00:00;NORTE;SUDESTE/CENTRO-OESTE;8136.902
2025-03-10 09:00:00;NORTE;SUDESTE/CENTRO-OESTE;8340.769
2025-03-10 10:00:00;NORTE;SUDESTE/CENTRO-OESTE;7849.024
2025-03-10 11:00:00;NORTE;SUDESTE/CENTRO-OESTE;8009.146
2025-03-10 12:00:00;NORTE;SUDESTE/CENTRO-OESTE;8411.902
2025-03-10 13:00:00;NORTE;SUDESTE/CENTRO-OESTE;8754.713
2025-03-10 14:00:00;NORTE;SUDESTE/CENTRO-OESTE;8439.535
2025-03-10 15:00:00;NORTE;SUDESTE/CENTRO-OESTE;8395.073
2025-03-10 16:00:00;NORTE;SUDESTE/CENTRO-OESTE;8058.668
2025-03-10 17:00:00;NORTE;SUDESTE/CENTRO-OESTE;8103.101
2025-03-10 18:00:00;NORTE;SUDESTE/CENTRO-OESTE;8508.109
2025-03-10 19:00:00;NORTE;SUDESTE/CENTRO-OESTE;9013.53199999
2025-03-10 20:00:00;NORTE;SUDESTE/CENTRO-OESTE;8628.539
2025-03-10 21:00:00;NORTE;SUDESTE/CENTRO-OESTE;8426.992
2025-03-10 22:00:00;NORTE;SUDESTE/CENTRO-OESTE;8329.797
2025-03-10 23:00:00;NORTE;SUDESTE/CENTRO-OESTE;8314.5
2025-03-11 00:00:00;NORTE;SUDESTE/CENTRO-OESTE;8455.297
2025-03-11 01:00:00;NORTE;SUDESTE/CENTRO-OESTE;8467.001
2025-03-11 02:00:00;NORTE;SUDESTE/CENTRO-OESTE;8512.307
2025-03-11 03:00:00;NORTE;SUDESTE/CENTRO-OESTE;8571.358
2025-03-11 04:00:00;NORTE;SUDESTE/CENTRO-OESTE;8653.534
2025-03-11 05:00:00;NORTE;SUDESTE/CENTRO-OESTE;8699.20099999
2025-03-11 06:00:00;NORTE;SUDESTE/CENTRO-OESTE;8549.557
2025-03-11 07:00:00;NORTE;SUDESTE/CENTRO-OESTE;8131.943
2025-03-11 08:00:00;NORTE;SUDESTE/CENTRO-OESTE;8152.916
2025-03-11 09:00:00;NORTE;SUDESTE/CENTRO-OESTE;8211.256
2025-03-11 10:00:00;NORTE;SUDESTE/CENTRO-OESTE;8107.586
2025-03-11 11:00:00;NORTE;SUDESTE/CENTRO-OESTE;8193.706
2025-03-11 12:00:00;NORTE;SUDESTE/CENTRO-OESTE;8285.149
2025-03-11 13:00:00;NORTE;SUDESTE/CENTRO-OESTE;8798.231
2025-03-11 14:00:00;NORTE;SUDESTE/CENTRO-OESTE;9264.698
2025-03-11 15:00:00;NORTE;SUDESTE/CENTRO-OESTE;8983.299
2025-03-11 16:00:00;NORTE;SUDESTE/CENTRO-OESTE;8415.248
2025-03-11 17:00:00;NORTE;SUDESTE/CENTRO-OESTE;8619.107
2025-03-11 18:00:00;NORTE;SUDESTE/CENTRO-OESTE;8973.83599999
2025-03-11 19:00:00;NORTE;SUDESTE/CENTRO-OESTE;8929.342
2025-03-11 20:00:00;NORTE;SUDESTE/CENTRO-OESTE;8594.861
2025-03-11 21:00:00;NORTE;SUDESTE/CENTRO-OESTE;8210.132
2025-03-11 22:00:00;NORTE;SUDESTE/CENTRO-OESTE;8264.253
2025-03-11 23:00:00;NORTE;SUDESTE/CENTRO-OESTE;8145.499
2025-03-12 00:00:00;NORTE;SUDESTE/CENTRO-OESTE;8245.776
2025-03-12 01:00:00;NORTE;SUDESTE/CENTRO-OESTE;8367.777
2025-03-12 02:00:00;NORTE;SUDESTE/CENTRO-OESTE;8353.206
2025-03-12 03:00:00;NORTE;SUDESTE/CENTRO-OESTE;8410.098
2025-03-12 04:00:00;NORTE;SUDESTE/CENTRO-OESTE;8565.435
2025-03-12 05:00:00;NORTE;SUDESTE/CENTRO-OESTE;8690.21099999
2025-03-12 06:00:00;NORTE;SUDESTE/CENTRO-OESTE;8284.11199999
2025-03-12 07:00:00;NORTE;SUDESTE/CENTRO-OESTE;8329.95199999
2025-03-12 08:00:00;NORTE;SUDESTE/CENTRO-OESTE;8239.027
2025-03-12 09:00:00;NORTE;SUDESTE/CENTRO-OESTE;8458.985
2025-03-12 10:00:00;NORTE;SUDESTE/CENTRO-OESTE;8332.891
2025-03-12 11:00:00;NORTE;SUDESTE/CENTRO-OESTE;8409.781
2025-03-12 12:00:00;NORTE;SUDESTE/CENTRO-OESTE;8254.02
2025-03-12 13:00:00;NORTE;SUDESTE/CENTRO-OESTE;8777.001
2025-03-12 14:00:00;NORTE;SUDESTE/CENTRO-OESTE;9234.49699999
2025-03-12 15:00:00;NORTE;SUDESTE/CENTRO-OESTE;9193.628
2025-03-12 16:00:00;NORTE;SUDESTE/CENTRO-OESTE;8908.63899999
2025-03-12 17:00:00;NORTE;SUDESTE/CENTRO-OESTE;8565.977
2025-03-12 18:00:00;NORTE;SUDESTE/CENTRO-OESTE;8418.935
2025-03-12 19:00:00;NORTE;SUDESTE/CENTRO-OESTE;8321.994
2025-03-12 20:00:00;NORTE;SUDESTE/CENTRO-OESTE;8382.838
2025-03-12 21:00:00;NORTE;SUDESTE/CENTRO-OESTE;8588.396
2025-03-12 22:00:00;NORTE;SUDESTE/CENTRO-OESTE;8600.429
2025-03-12 23:00:00;NORTE;SUDESTE/CENTRO-OESTE;8596.781
2025-03-13 00:00:00;NORTE;SUDESTE/CENTRO-OESTE;8550.011
2025-03-13 01:00:00;NORTE;SUDESTE/CENTRO-OESTE;8326.70099999
2025-03-13 02:00:00;NORTE;SUDESTE/CENTRO-OESTE;8300.653
2025-03-13 03:00:00;NORTE;SUDESTE/CENTRO-OESTE;8312.19199999
2025-03-13 04:00:00;NORTE;SUDESTE/CENTRO-OESTE;8211.819
2025-03-13 05:00:00;NORTE;SUDESTE/CENTRO-OESTE;8588.54999999
2025-03-13 06:00:00;NORTE;SUDESTE/CENTRO-OESTE;8116.582
2025-03-13 07:00:00;NORTE;SUDESTE/CENTRO-OESTE;8110.419
2025-03-13 08:00:00;NORTE;SUDESTE/CENTRO-OESTE;8103.854
2025-03-13 09:00:00;NORTE;SUDESTE/CENTRO-OESTE;7936.001
2025-03-13 10:00:00;NORTE;SUDESTE/CENTRO-OESTE;7562.181
2025-03-13 11:00:00;NORTE;SUDESTE/CENTRO-OESTE;7614.188
2025-03-13 12:00:00;NORTE;SUDESTE/CENTRO-OESTE;7366.852
2025-03-13 13:00:00;NORTE;SUDESTE/CENTRO-OESTE;7788.325
2025-03-13 14:00:00;NORTE;SUDESTE/CENTRO-OESTE;8428.564
2025-03-13 15:00:00;NORTE;SUDESTE/CENTRO-OESTE;8240.517
2025-03-13 16:00:00;NORTE;SUDESTE/CENTRO-OESTE;7959.501
2025-03-13 17:00:00;NORTE;SUDESTE/CENTRO-OESTE;7582.144
2025-03-13 18:00:00;NORTE;SUDESTE/CENTRO-OESTE;7970.664
2025-03-13 19:00:00;NORTE;SUDESTE/CENTRO-OESTE;8173.767
2025-03-13 20:00:00;NORTE;SUDESTE/CENTRO-OESTE;8032.053
2025-03-13 21:00:00;NORTE;SUDESTE/CENTRO-OESTE;7877.772
2025-03-13 22:00:00;NORTE;SUDESTE/CENTRO-OESTE;7659.895
2025-03-13 23:00:00;NORTE;SUDESTE/CENTRO-OESTE;7414.325
2025-03-14 00:00:00;NORTE;SUDESTE/CENTRO-OESTE;7833.017
2025-03-14 01:00:00;NORTE;SUDESTE/CENTRO-OESTE;8179.144
2025-03-14 02:00:00;NORTE;SUDESTE/CENTRO-OESTE;8201.861
2025-03-14 03:00:00;NORTE;SUDESTE/CENTRO-OESTE;8116.759
2025-03-14 04:00:00;NORTE;SUDESTE/CENTRO-OESTE;7984.13
2025-03-14 05:00:00;NORTE;SUDESTE/CENTRO-OESTE;8249.159
2025-03-14 06:00:00;NORTE;SUDESTE/CENTRO-OESTE;8274.858
2025-03-14 07:00:00;NORTE;SUDESTE/CENTRO-OESTE;7487.666
2025-03-14 08:00:00;NORTE;SUDESTE/CENTRO-OESTE;7156.849
2025-03-14 09:00:00;NORTE;SUDESTE/CENTRO-OESTE;7327.769
2025-03-14 10:00:00;NORTE;SUDESTE/CENTRO-OESTE;7069.315
2025-03-14 11:00:00;NORTE;SUDESTE/CENTRO-OESTE;7132.255
2025-03-14 12:00:00;NORTE;SUDESTE/CENTRO-OESTE;6839.005
2025-03-14 13:00:00;NORTE;SUDESTE/CENTRO-OESTE;7063.46
2025-03-14 14:00:00;NORTE;SUDESTE/CENTRO-OESTE;8062.61
2025-03-14 15:00:00;NORTE;SUDESTE/CENTRO-OESTE;8412.165
2025-03-14 16:00:00;NORTE;SUDESTE/CENTRO-OESTE;8080.043
2025-03-14 17:00:00;NORTE;SUDESTE/CENTRO-OESTE;8076.471
2025-03-14 18:00:00;NORTE;SUDESTE/CENTRO-OESTE;8401.287
2025-03-14 19:00:00;NORTE;SUDESTE/CENTRO-OESTE;8488.98799999
2025-03-14 20:00:00;NORTE;SUDESTE/CENTRO-OESTE;8647.38899999
2025-03-14 21:00:00;NORTE;SUDESTE/CENTRO-OESTE;8473.471
2025-03-14 22:00:00;NORTE;SUDESTE/CENTRO-OESTE;7920.493
2025-03-14 23:00:00;NORTE;SUDESTE/CENTRO-OESTE;7528.757
2025-03-15 00:00:00;NORTE;SUDESTE/CENTRO-OESTE;7610.101
2025-03-15 01:00:00;NORTE;SUDESTE/CENTRO-OESTE;7956.59
2025-03-15 02:00:00;NORTE;SUDESTE/CENTRO-OESTE;8474.959
2025-03-15 03:00:00;NORTE;SUDESTE/CENTRO-OESTE;8994.37199999
2025-03-15 04:00:00;NORTE;SUDESTE/CENTRO-OESTE;9275.44199999
2025-03-15 05:00:00;NORTE;SUDESTE/CENTRO-OESTE;9486.438
2025-03-15 06:00:00;NORTE;SUDESTE/CENTRO-OESTE;8419.596
2025-03-15 07:00:00;NORTE;SUDESTE/CENTRO-OESTE;7669.868
2025-03-15 08:00:00;NORTE;SUDESTE/CENTRO-OESTE;6507.844
2025-03-15 09:00:00;NORTE;SUDESTE/CENTRO-OESTE;6160.599
2025-03-15 10:00:00;NORTE;SUDESTE/CENTRO-OESTE;5636.655
2025-03-15 11:00:00;NORTE;SUDESTE/CENTRO-OESTE;5463.975
2025-03-15 12:00:00;NORTE;SUDESTE/CENTRO-OESTE;5750.1
2025-03-15 13:00:00;NORTE;SUDESTE/CENTRO-OESTE;6189.261
2025-03-15 14:00:00;NORTE;SUDESTE/CENTRO-OESTE;6737.809
2025-03-15 15:00:00;NORTE;SUDESTE/CENTRO-OESTE;7097.304
2025-03-15 16:00:00;NORTE;SUDESTE/CENTRO-OESTE;8062.469
2025-03-15 17:00:00;NORTE;SUDESTE/CENTRO-OESTE;8605.171
2025-03-15 18:00:00;NORTE;SUDESTE/CENTRO-OESTE;8853.036
2025-03-15 19:00:00;NORTE;SUDESTE/CENTRO-OESTE;9486.929
2025-03-15 20:00:00;NORTE;SUDESTE/CENTRO-OESTE;9608.973
2025-03-15 21:00:00;NORTE;SUDESTE/CENTRO-OESTE;9211.21999999
2025-03-15 22:00:00;NORTE;SUDESTE/CENTRO-OESTE;9226.131
2025-03-15 23:00:00;NORTE;SUDESTE/CENTRO-OESTE;9017.712
2025-03-16 00:00:00;NORTE;SUDESTE/CENTRO-OESTE;9104.34399999
2025-03-16 01:00:00;NORTE;SUDESTE/CENTRO-OESTE;9281.924
2025-03-16 02:00:00;NORTE;SUDESTE/CENTRO-OESTE;9018.535
2025-03-16 03:00:00;NORTE;SUDESTE/CENTRO-OESTE;8613.61299999
2025-03-16 04:00:00;NORTE;SUDESTE/CENTRO-OESTE;8343.592
2025-03-16 05:00:00;NORTE;SUDESTE/CENTRO-OESTE;8317.544
2025-03-16 06:00:00;NORTE;SUDESTE/CENTRO-OESTE;8012.654
2025-03-16 07:00:00;NORTE;SUDESTE/CENTRO-OESTE;6319.621
2025-03-16 08:00:00;NORTE;SUDESTE/CENTRO-OESTE;5103.71699999
2025-03-16 09:00:00;NORTE;SUDESTE/CENTRO-OESTE;4603.198
2025-03-16 10:00:00;NORTE;SUDESTE/CENTRO-OESTE;4383.22099999
2025-03-16 11:00:00;NORTE;SUDESTE/CENTRO-OESTE;4284.84599999
2025-03-16 12:00:00;NORTE;SUDESTE/CENTRO-OESTE;4257.652
2025-03-16 13:00:00;NORTE;SUDESTE/CENTRO-OESTE;4082.176
2025-03-16 14:00:00;NORTE;SUDESTE/CENTRO-OESTE;4130.948
2025-03-16 15:00:00;NORTE;SUDESTE/CENTRO-OESTE;5973.461
2025-03-16 16:00:00;NORTE;SUDESTE/CENTRO-OESTE;7360.86
2025-03-16 17:00:00;NORTE;SUDESTE/CENTRO-OESTE;7362.211
2025-03-16 18:00:00;NORTE;SUDESTE/CENTRO-OESTE;7634.068
2025-03-16 19:00:00;NORTE;SUDESTE/CENTRO-OESTE;7866.024
2025-03-16 20:00:00;NORTE;SUDESTE/CENTRO-OESTE;7804.345
2025-03-16 21:00:00;NORTE;SUDESTE/CENTRO-OESTE;7869.871
2025-03-16 22:00:00;NORTE;SUDESTE/CENTRO-OESTE;7814.148
2025-03-16 23:00:00;NORTE;SUDESTE/CENTRO-OESTE;7679.939
2025-03-17 00:00:00;NORTE;SUDESTE/CENTRO-OESTE;8590.735
2025-03-17 01:00:00;NORTE;SUDESTE/CENTRO-OESTE;8739.687
2025-03-17 02:00:00;NORTE;SUDESTE/CENTRO-OESTE;9018.409
2025-03-17 03:00:00;NORTE;SUDESTE/CENTRO-OESTE;9455.54
2025-03-17 04:00:00;NORTE;SUDESTE/CENTRO-OESTE;8996.73699999
2025-03-17 05:00:00;NORTE;SUDESTE/CENTRO-OESTE;8457.71099999
2025-03-17 06:00:00;NORTE;SUDESTE/CENTRO-OESTE;8553.153
2025-03-17 07:00:00;NORTE;SUDESTE/CENTRO-OESTE;7681.434
2025-03-17 08:00:00;NORTE;SUDESTE/CENTRO-OESTE;7565.029
2025-03-17 09:00:00;NORTE;SUDESTE/CENTRO-OESTE;7678.339
2025-03-17 10:00:00;NORTE;SUDESTE/CENTRO-OESTE;7487.763
2025-03-17 11:00:00;NORTE;SUDESTE/CENTRO-OESTE;7880.405
2025-03-17 12:00:00;NORTE;SUDESTE/CENTRO-OESTE;7711.973
2025-03-17 13:00:00;NORTE;SUDESTE/CENTRO-OESTE;8122.21
2025-03-17 14:00:00;NORTE;SUDESTE/CENTRO-OESTE;9145.739
2025-03-17 15:00:00;NORTE;SUDESTE/CENTRO-OESTE;9102.253
2025-03-17 16:00:00;NORTE;SUDESTE/CENTRO-OESTE;8873.056
2025-03-17 17:00:00;NORTE;SUDESTE/CENTRO-OESTE;8752.554
2025-03-17 18:00:00;NORTE;SUDESTE/CENTRO-OESTE;9496.971
2025-03-17 19:00:00;NORTE;SUDESTE/CENTRO-OESTE;10087.351
2025-03-17 20:00:00;NORTE;SUDESTE/CENTRO-OESTE;9579.54
2025-03-17 21:00:00;NORTE;SUDESTE/CENTRO-OESTE;8641.905
2025-03-17 22:00:00;NORTE;SUDESTE/CENTRO-OESTE;8448.051
2025-03-17 23:00:00;NORTE;SUDESTE/CENTRO-OESTE;9156.458
2025-03-18 00:00:00;NORTE;SUDESTE/CENTRO-OESTE;9611.745
2025-03-18 01:00:00;NORTE;SUDESTE/CENTRO-OESTE;9501.618
2025-03-18 02:00:00;NORTE;SUDESTE/CENTRO-OESTE;9243.82599999
2025-03-18 03:00:00;NORTE;SUDESTE/CENTRO-OESTE;9279.6
2025-03-18 04:00:00;NORTE;SUDESTE/CENTRO-OESTE;9222.388
2025-03-18 05:00:00;NORTE;SUDESTE/CENTRO-OESTE;8152.356
2025-03-18 06:00:00;NORTE;SUDESTE/CENTRO-OESTE;8001.908
2025-03-18 07:00:00;NORTE;SUDESTE/CENTRO-OESTE;6987.374
2025-03-18 08:00:00;NORTE;SUDESTE/CENTRO-OESTE;7215.8
2025-03-18 09:00:00;NORTE;SUDESTE/CENTRO-OESTE;7687.93
2025-03-18 10:00:00;NORTE;SUDESTE/CENTRO-OESTE;7763.328
2025-03-18 11:00:00;NORTE;SUDESTE/CENTRO-OESTE;7923.645
2025-03-18 12:00:00;NORTE;SUDESTE/CENTRO-OESTE;7984.256
2025-03-18 13:00:00;NORTE;SUDESTE/CENTRO-OESTE;7963.456
2025-03-18 14:00:00;NORTE;SUDESTE/CENTRO-OESTE;7677.968
2025-03-18 15:00:00;NORTE;SUDESTE/CENTRO-OESTE;8654.537
2025-03-18 16:00:00;NORTE;SUDESTE/CENTRO-OESTE;8755.137
2025-03-18 17:00:00;NORTE;SUDESTE/CENTRO-OESTE;8253.811
2025-03-18 18:00:00;NORTE;SUDESTE/CENTRO-OESTE;8464.956
2025-03-18 19:00:00;NORTE;SUDESTE/CENTRO-OESTE;8822.061
2025-03-18 20:00:00;NORTE;SUDESTE/CENTRO-OESTE;8873.036
2025-03-18 21:00:00;NORTE;SUDESTE/CENTRO-OESTE;8712.011
2025-03-18 22:00:00;NORTE;SUDESTE/CENTRO-OESTE;9073.64
2025-03-18 23:00:00;NORTE;SUDESTE/CENTRO-OESTE;9094.287
2025-03-19 00:00:00;NORTE;SUDESTE/CENTRO-OESTE;9205.534
2025-03-19 01:00:00;NORTE;SUDESTE/CENTRO-OESTE;9585.114
2025-03-19 02:00:00;NORTE;SUDESTE/CENTRO-OESTE;9568.84
2025-03-19 03:00:00;NORTE;SUDESTE/CENTRO-OESTE;9615.384
2025-03-19 04:00:00;NORTE;SUDESTE/CENTRO-OESTE;9268.31799999
2025-03-19 05:00:00;NORTE;SUDESTE/CENTRO-OESTE;8825.278
2025-03-19 06:00:00;NORTE;SUDESTE/CENTRO-OESTE;8854.256
2025-03-19 07:00:00;NORTE;SUDESTE/CENTRO-OESTE;8204.795
2025-03-19 08:00:00;NORTE;SUDESTE/CENTRO-OESTE;7714.039
2025-03-19 09:00:00;NORTE;SUDESTE/CENTRO-OESTE;7348.391
2025-03-19 10:00:00;NORTE;SUDESTE/CENTRO-OESTE;7220.095
2025-03-19 11:00:00;NORTE;SUDESTE/CENTRO-OESTE;7203.9
2025-03-19 12:00:00;NORTE;SUDESTE/CENTRO-OESTE;6957.46
2025-03-19 13:00:00;NORTE;SUDESTE/CENTRO-OESTE;7117.588
2025-03-19 14:00:00;NORTE;SUDESTE/CENTRO-OESTE;7730.468
2025-03-19 15:00:00;NORTE;SUDESTE/CENTRO-OESTE;8486.323
2025-03-19 16:00:00;NORTE;SUDESTE/CENTRO-OESTE;9137.002
2025-03-19 17:00:00;NORTE;SUDESTE/CENTRO-OESTE;8917.196
2025-03-19 18:00:00;NORTE;SUDESTE/CENTRO-OESTE;9373.35
2025-03-19 19:00:00;NORTE;SUDESTE/CENTRO-OESTE;9782.967
2025-03-19 20:00:00;NORTE;SUDESTE/CENTRO-OESTE;9913.494
2025-03-19 21:00:00;NORTE;SUDESTE/CENTRO-OESTE;9746.985
2025-03-19 22:00:00;NORTE;SUDESTE/CENTRO-OESTE;9775.706
2025-03-19 23:00:00;NORTE;SUDESTE/CENTRO-OESTE;9292.79
2025-03-20 00:00:00;NORTE;SUDESTE/CENTRO-OESTE;9234.03
2025-03-20 01:00:00;NORTE;SUDESTE/CENTRO-OESTE;8947.967
2025-03-20 02:00:00;NORTE;SUDESTE/CENTRO-OESTE;8539.771
2025-03-20 03:00:00;NORTE;SUDESTE/CENTRO-OESTE;8333.691
2025-03-20 04:00:00;NORTE;SUDESTE/CENTRO-OESTE;8234.896
2025-03-20 05:00:00;NORTE;SUDESTE/CENTRO-OESTE;8281.798
2025-03-20 06:00:00;NORTE;SUDESTE/CENTRO-OESTE;8754.075
2025-03-20 07:00:00;NORTE;SUDESTE/CENTRO-OESTE;7089.874
2025-03-20 08:00:00;NORTE;SUDESTE/CENTRO-OESTE;6178.833
2025-03-20 09:00:00;NORTE;SUDESTE/CENTRO-OESTE;6328.822
2025-03-20 10:00:00;NORTE;SUDESTE/CENTRO-OESTE;6475.511
2025-03-20 11:00:00;NORTE;SUDESTE/CENTRO-OESTE;6750.96
2025-03-20 12:00:00;NORTE;SUDESTE/CENTRO-OESTE;6785.321
2025-03-20 13:00:00;NORTE;SUDESTE/CENTRO-OESTE;7374.061
2025-03-20 14:00:00;NORTE;SUDESTE/CENTRO-OESTE;7554.989
2025-03-20 15:00:00;NORTE;SUDESTE/CENTRO-OESTE;7965.075
2025-03-20 16:00:00;NORTE;SUDESTE/CENTRO-OESTE;8766.681
2025-03-20 17:00:00;NORTE;SUDESTE/CENTRO-OESTE;8835.406
2025-03-20 18:00:00;NORTE;SUDESTE/CENTRO-OESTE;9143.876
2025-03-20 19:00:00;NORTE;SUDESTE/CENTRO-OESTE;9266.822
2025-03-20 20:00:00;NORTE;SUDESTE/CENTRO-OESTE;8999.293
2025-03-20 21:00:00;NORTE;SUDESTE/CENTRO-OESTE;8555.173
2025-03-20 22:00:00;NORTE;SUDESTE/CENTRO-OESTE;8414.256
2025-03-20 23:00:00;NORTE;SUDESTE/CENTRO-OESTE;8127.94
2025-03-21 00:00:00;NORTE;SUDESTE/CENTRO-OESTE;8036.087
2025-03-21 01:00:00;NORTE;SUDESTE/CENTRO-OESTE;8996.895
2025-03-21 02:00:00;NORTE;SUDESTE/CENTRO-OESTE;8923.508
2025-03-21 03:00:00;NORTE;SUDESTE/CENTRO-OESTE;8939.511
2025-03-21 04:00:00;NORTE;SUDESTE/CENTRO-OESTE;8870.388
2025-03-21 05:00:00;NORTE;SUDESTE/CENTRO-OESTE;9163.19199999
2025-03-21 06:00:00;NORTE;SUDESTE/CENTRO-OESTE;8626.74699999
2025-03-21 07:00:00;NORTE;SUDESTE/CENTRO-OESTE;7656.472
2025-03-21 08:00:00;NORTE;SUDESTE/CENTRO-OESTE;7155.414
2025-03-21 09:00:00;NORTE;SUDESTE/CENTRO-OESTE;6887.744
2025-03-21 10:00:00;NORTE;SUDESTE/CENTRO-OESTE;6999.851
2025-03-21 11:00:00;NORTE;SUDESTE/CENTRO-OESTE;7368.996
2025-03-21 12:00:00;NORTE;SUDESTE/CENTRO-OESTE;7267.737
2025-03-21 13:00:00;NORTE;SUDESTE/CENTRO-OESTE;7560.285
2025-03-21 14:00:00;NORTE;SUDESTE/CENTRO-OESTE;8133.031
2025-03-21 15:00:00;NORTE;SUDESTE/CENTRO-OESTE;8523.315
2025-03-21 16:00:00;NORTE;SUDESTE/CENTRO-OESTE;8598.231
2025-03-21 17:00:00;NORTE;SUDESTE/CENTRO-OESTE;8511.409
2025-03-21 18:00:00;NORTE;SUDESTE/CENTRO-OESTE;8940.903
2025-03-21 19:00:00;NORTE;SUDESTE/CENTRO-OESTE;8754.19
2025-03-21 20:00:00;NORTE;SUDESTE/CENTRO-OESTE;8654.99
2025-03-21 21:00:00;NORTE;SUDESTE/CENTRO-OESTE;8562.56799999
2025-03-21 22:00:00;NORTE;SUDESTE/CENTRO-OESTE;8294.98799999
2025-03-21 23:00:00;NORTE;SUDESTE/CENTRO-OESTE;8062.964
2025-03-22 00:00:00;NORTE;SUDESTE/CENTRO-OESTE;8788.777
2025-03-22 01:00:00;NORTE;SUDESTE/CENTRO-OESTE;8817.221
2025-03-22 02:00:00;NORTE;SUDESTE/CENTRO-OESTE;8852.53
2025-03-22 03:00:00;NORTE;SUDESTE/CENTRO-OESTE;9062.429
2025-03-22 04:00:00;NORTE;SUDESTE/CENTRO-OESTE;9272.20099999
2025-03-22 05:00:00;NORTE;SUDESTE/CENTRO-OESTE;9576.802
2025-03-22 06:00:00;NORTE;SUDESTE/CENTRO-OESTE;8840.37099999
2025-03-22 07:00:00;NORTE;SUDESTE/CENTRO-OESTE;8204.024
2025-03-22 08:00:00;NORTE;SUDESTE/CENTRO-OESTE;7560.652
2025-03-22 09:00:00;NORTE;SUDESTE/CENTRO-OESTE;6540.211
2025-03-22 10:00:00;NORTE;SUDESTE/CENTRO-OESTE;6088.532
2025-03-22 11:00:00;NORTE;SUDESTE/CENTRO-OESTE;5600.816
2025-03-22 12:00:00;NORTE;SUDESTE/CENTRO-OESTE;5452.942
2025-03-22 13:00:00;NORTE;SUDESTE/CENTRO-OESTE;5591.847
2025-03-22 14:00:00;NORTE;SUDESTE/CENTRO-OESTE;5990.911
2025-03-22 15:00:00;NORTE;SUDESTE/CENTRO-OESTE;6485.221
2025-03-22 16:00:00;NORTE;SUDESTE/CENTRO-OESTE;6954.612
2025-03-22 17:00:00;NORTE;SUDESTE/CENTRO-OESTE;7897.306
2025-03-22 18:00:00;NORTE;SUDESTE/CENTRO-OESTE;9627.804
2025-03-22 19:00:00;NORTE;SUDESTE/CENTRO-OESTE;9505.424
2025-03-22 20:00:00;NORTE;SUDESTE/CENTRO-OESTE;8524.057
2025-03-22 21:00:00;NORTE;SUDESTE/CENTRO-OESTE;7923.838
2025-03-22 22:00:00;NORTE;SUDESTE/CENTRO-OESTE;8315.21099999
2025-03-22 23:00:00;NORTE;SUDESTE/CENTRO-OESTE;8479.491
2025-03-23 00:00:00;NORTE;SUDESTE/CENTRO-OESTE;8410.465
2025-03-23 01:00:00;NORTE;SUDESTE/CENTRO-OESTE;8478.564
2025-03-23 02:00:00;NORTE;SUDESTE/CENTRO-OESTE;8435.233
2025-03-23 03:00:00;NORTE;SUDESTE/CENTRO-OESTE;8138.701
2025-03-23 04:00:00;NORTE;SUDESTE/CENTRO-OESTE;7951.248
2025-03-23 05:00:00;NORTE;SUDESTE/CENTRO-OESTE;7726.263
2025-03-23 06:00:00;NORTE;SUDESTE/CENTRO-OESTE;7276.781
2025-03-23 07:00:00;NORTE;SUDESTE/CENTRO-OESTE;6790.802
2025-03-23 08:00:00;NORTE;SUDESTE/CENTRO-OESTE;5482.656
2025-03-23 09:00:00;NORTE;SUDESTE/CENTRO-OESTE;4387.867
2025-03-23 10:00:00;NORTE;SUDESTE/CENTRO-OESTE;3737.087
2025-03-23 11:00:00;NORTE;SUDESTE/CENTRO-OESTE;3592.667
2025-03-23 12:00:00;NORTE;SUDESTE/CENTRO-OESTE;4207.387
2025-03-23 13:00:00;NORTE;SUDESTE/CENTRO-OESTE;4486.666
2025-03-23 14:00:00;NORTE;SUDESTE/CENTRO-OESTE;5147.153
2025-03-23 15:00:00;NORTE;SUDESTE/CENTRO-OESTE;6444.06
2025-03-23 16:00:00;NORTE;SUDESTE/CENTRO-OESTE;7962.948
2025-03-23 17:00:00;NORTE;SUDESTE/CENTRO-OESTE;8521.445
2025-03-23 18:00:00;NORTE;SUDESTE/CENTRO-OESTE;8734.048
2025-03-23 19:00:00;NORTE;SUDESTE/CENTRO-OESTE;8752.017
2025-03-23 20:00:00;NORTE;SUDESTE/CENTRO-OESTE;8745.293
2025-03-23 21:00:00;NORTE;SUDESTE/CENTRO-OESTE;8658.917
2025-03-23 22:00:00;NORTE;SUDESTE/CENTRO-OESTE;8795.671
2025-03-23 23:00:00;NORTE;SUDESTE/CENTRO-OESTE;8508.959
2025-03-24 00:00:00;NORTE;SUDESTE/CENTRO-OESTE;8519.178
2025-03-24 01:00:00;NORTE;SUDESTE/CENTRO-OESTE;8679.242
2025-03-24 02:00:00;NORTE;SUDESTE/CENTRO-OESTE;8604.61
2025-03-24 03:00:00;NORTE;SUDESTE/CENTRO-OESTE;8483.597
2025-03-24 04:00:00;NORTE;SUDESTE/CENTRO-OESTE;8412.896
2025-03-24 05:00:00;NORTE;SUDESTE/CENTRO-OESTE;8592.878
2025-03-24 06:00:00;NORTE;SUDESTE/CENTRO-OESTE;8376.874
2025-03-24 07:00:00;NORTE;SUDESTE/CENTRO-OESTE;8185.745
2025-03-24 08:00:00;NORTE;SUDESTE/CENTRO-OESTE;8202.431
2025-03-24 09:00:00;NORTE;SUDESTE/CENTRO-OESTE;7865.095
2025-03-24 10:00:00;NORTE;SUDESTE/CENTRO-OESTE;8080.229
2025-03-24 11:00:00;NORTE;SUDESTE/CENTRO-OESTE;8062.571
2025-03-24 12:00:00;NORTE;SUDESTE/CENTRO-OESTE;7928.779
2025-03-24 13:00:00;NORTE;SUDESTE/CENTRO-OESTE;8218.88899999
2025-03-24 14:00:00;NORTE;SUDESTE/CENTRO-OESTE;9275.694
2025-03-24 15:00:00;NORTE;SUDESTE/CENTRO-OESTE;9567.928
2025-03-24 16:00:00;NORTE;SUDESTE/CENTRO-OESTE;9372.306
2025-03-24 17:00:00;NORTE;SUDESTE/CENTRO-OESTE;9702.664
2025-03-24 18:00:00;NORTE;SUDESTE/CENTRO-OESTE;9911.045
2025-03-24 19:00:00;NORTE;SUDESTE/CENTRO-OESTE;9577.312
2025-03-24 20:00:00;NORTE;SUDESTE/CENTRO-OESTE;9657.42499999
2025-03-24 21:00:00;NORTE;SUDESTE/CENTRO-OESTE;9946.57
2025-03-24 22:00:00;NORTE;SUDESTE/CENTRO-OESTE;10130.391
2025-03-24 23:00:00;NORTE;SUDESTE/CENTRO-OESTE;10203.141
2025-03-25 00:00:00;NORTE;SUDESTE/CENTRO-OESTE;9939.075
2025-03-25 01:00:00;NORTE;SUDESTE/CENTRO-OESTE;9912.072
2025-03-25 02:00:00;NORTE;SUDESTE/CENTRO-OESTE;9399.528
2025-03-25 03:00:00;NORTE;SUDESTE/CENTRO-OESTE;8362.52
2025-03-25 04:00:00;NORTE;SUDESTE/CENTRO-OESTE;8351.24599999
2025-03-25 05:00:00;NORTE;SUDESTE/CENTRO-OESTE;8641.305
2025-03-25 06:00:00;NORTE;SUDESTE/CENTRO-OESTE;8485.869
2025-03-25 07:00:00;NORTE;SUDESTE/CENTRO-OESTE;8589.624
2025-03-25 08:00:00;NORTE;SUDESTE/CENTRO-OESTE;8568.266
2025-03-25 09:00:00;NORTE;SUDESTE/CENTRO-OESTE;7785.243
2025-03-25 10:00:00;NORTE;SUDESTE/CENTRO-OESTE;7655.367
2025-03-25 11:00:00;NORTE;SUDESTE/CENTRO-OESTE;8264.963
2025-03-25 12:00:00;NORTE;SUDESTE/CENTRO-OESTE;8113.708
2025-03-25 13:00:00;NORTE;SUDESTE/CENTRO-OESTE;8703.057
2025-03-25 14:00:00;NORTE;SUDESTE/CENTRO-OESTE;8843.563
2025-03-25 15:00:00;NORTE;SUDESTE/CENTRO-OESTE;9307.029
2025-03-25 16:00:00;NORTE;SUDESTE/CENTRO-OESTE;9786.831
2025-03-25 17:00:00;NORTE;SUDESTE/CENTRO-OESTE;9450.433
2025-03-25 18:00:00;NORTE;SUDESTE/CENTRO-OESTE;9391.787
2025-03-25 19:00:00;NORTE;SUDESTE/CENTRO-OESTE;9798.333
2025-03-25 20:00:00;NORTE;SUDESTE/CENTRO-OESTE;9928.232
2025-03-25 21:00:00;NORTE;SUDESTE/CENTRO-OESTE;9794.241
2025-03-25 22:00:00;NORTE;SUDESTE/CENTRO-OESTE;9708.006
2025-03-25 23:00:00;NORTE;SUDESTE/CENTRO-OESTE;9372.83499999
2025-03-26 00:00:00;NORTE;SUDESTE/CENTRO-OESTE;9221.019
2025-03-26 01:00:00;NORTE;SUDESTE/CENTRO-OESTE;9253.03
2025-03-26 02:00:00;NORTE;SUDESTE/CENTRO-OESTE;9484.489
2025-03-26 03:00:00;NORTE;SUDESTE/CENTRO-OESTE;9638.435
2025-03-26 04:00:00;NORTE;SUDESTE/CENTRO-OESTE;9791.98
2025-03-26 05:00:00;NORTE;SUDESTE/CENTRO-OESTE;9143.082
2025-03-26 06:00:00;NORTE;SUDESTE/CENTRO-OESTE;9005.838
2025-03-26 07:00:00;NORTE;SUDESTE/CENTRO-OESTE;8786.998
2025-03-26 08:00:00;NORTE;SUDESTE/CENTRO-OESTE;8108.078
2025-03-26 09:00:00;NORTE;SUDESTE/CENTRO-OESTE;7624.502
2025-03-26 10:00:00;NORTE;SUDESTE/CENTRO-OESTE;7303.169
2025-03-26 11:00:00;NORTE;SUDESTE/CENTRO-OESTE;7133.81
2025-03-26 12:00:00;NORTE;SUDESTE/CENTRO-OESTE;7196.771
2025-03-26 13:00:00;NORTE;SUDESTE/CENTRO-OESTE;7163.865
2025-03-26 14:00:00;NORTE;SUDESTE/CENTRO-OESTE;7076.342
2025-03-26 15:00:00;NORTE;SUDESTE/CENTRO-OESTE;8545.94199999
2025-03-26 16:00:00;NORTE;SUDESTE/CENTRO-OESTE;9179.245
2025-03-26 17:00:00;NORTE;SUDESTE/CENTRO-OESTE;9075.272
2025-03-26 18:00:00;NORTE;SUDESTE/CENTRO-OESTE;9468.306
2025-03-26 19:00:00;NORTE;SUDESTE/CENTRO-OESTE;9980.584
2025-03-26 20:00:00;NORTE;SUDESTE/CENTRO-OESTE;9949.426
2025-03-26 21:00:00;NORTE;SUDESTE/CENTRO-OESTE;9875.98
2025-03-26 22:00:00;NORTE;SUDESTE/CENTRO-OESTE;9693.12099999
2025-03-26 23:00:00;NORTE;SUDESTE/CENTRO-OESTE;9359.555
2025-03-27 00:00:00;NORTE;SUDESTE/CENTRO-OESTE;8945.046
2025-03-27 01:00:00;NORTE;SUDESTE/CENTRO-OESTE;8746.522
2025-03-27 02:00:00;NORTE;SUDESTE/CENTRO-OESTE;8672.851
2025-03-27 03:00:00;NORTE;SUDESTE/CENTRO-OESTE;8417.623
2025-03-27 04:00:00;NORTE;SUDESTE/CENTRO-OESTE;7733.08
2025-03-27 05:00:00;NORTE;SUDESTE/CENTRO-OESTE;7957.262
2025-03-27 06:00:00;NORTE;SUDESTE/CENTRO-OESTE;8647.789
2025-03-27 07:00:00;NORTE;SUDESTE/CENTRO-OESTE;8465.815
2025-03-27 08:00:00;NORTE;SUDESTE/CENTRO-OESTE;8550.82599999
2025-03-27 09:00:00;NORTE;SUDESTE/CENTRO-OESTE;8758.812
2025-03-27 10:00:00;NORTE;SUDESTE/CENTRO-OESTE;8806.545
2025-03-27 11:00:00;NORTE;SUDESTE/CENTRO-OESTE;8577.189
2025-03-27 12:00:00;NORTE;SUDESTE/CENTRO-OESTE;8379.93399999
2025-03-27 13:00:00;NORTE;SUDESTE/CENTRO-OESTE;8824.031
2025-03-27 14:00:00;NORTE;SUDESTE/CENTRO-OESTE;9244.56
2025-03-27 15:00:00;NORTE;SUDESTE/CENTRO-OESTE;10499.812
2025-03-27 16:00:00;NORTE;SUDESTE/CENTRO-OESTE;10254.269
2025-03-27 17:00:00;NORTE;SUDESTE/CENTRO-OESTE;10093.543
2025-03-27 18:00:00;NORTE;SUDESTE/CENTRO-OESTE;10055.00499999
2025-03-27 19:00:00;NORTE;SUDESTE/CENTRO-OESTE;9977.28
2025-03-27 20:00:00;NORTE;SUDESTE/CENTRO-OESTE;10010.482
2025-03-27 21:00:00;NORTE;SUDESTE/CENTRO-OESTE;9712.515
2025-03-27 22:00:00;NORTE;SUDESTE/CENTRO-OESTE;9625.664
2025-03-27 23:00:00;NORTE;SUDESTE/CENTRO-OESTE;9369.169
2025-03-28 00:00:00;NORTE;SUDESTE/CENTRO-OESTE;8981.18
2025-03-28 01:00:00;NORTE;SUDESTE/CENTRO-OESTE;8309.929
2025-03-28 02:00:00;NORTE;SUDESTE/CENTRO-OESTE;7992.6
2025-03-28 03:00:00;NORTE;SUDESTE/CENTRO-OESTE;8130.039
2025-03-28 04:00:00;NORTE;SUDESTE/CENTRO-OESTE;7962.658
2025-03-28 05:00:00;NORTE;SUDESTE/CENTRO-OESTE;8271.486
2025-03-28 06:00:00;NORTE;SUDESTE/CENTRO-OESTE;8394.51
2025-03-28 07:00:00;NORTE;SUDESTE/CENTRO-OESTE;7847.144
2025-03-28 08:00:00;NORTE;SUDESTE/CENTRO-OESTE;9407.058
2025-03-28 09:00:00;NORTE;SUDESTE/CENTRO-OESTE;9412.276
2025-03-28 10:00:00;NORTE;SUDESTE/CENTRO-OESTE;9175.698
2025-03-28 11:00:00;NORTE;SUDESTE/CENTRO-OESTE;9128.85299999
2025-03-28 12:00:00;NORTE;SUDESTE/CENTRO-OESTE;8416.54999999
2025-03-28 13:00:00;NORTE;SUDESTE/CENTRO-OESTE;8896.456
2025-03-28 14:00:00;NORTE;SUDESTE/CENTRO-OESTE;9266.234
2025-03-28 15:00:00;NORTE;SUDESTE/CENTRO-OESTE;9512.58
2025-03-28 16:00:00;NORTE;SUDESTE/CENTRO-OESTE;9647.285
2025-03-28 17:00:00;NORTE;SUDESTE/CENTRO-OESTE;9099.36199999
2025-03-28 18:00:00;NORTE;SUDESTE/CENTRO-OESTE;9124.252
2025-03-28 19:00:00;NORTE;SUDESTE/CENTRO-OESTE;9263.401
2025-03-28 20:00:00;NORTE;SUDESTE/CENTRO-OESTE;9426.825
2025-03-28 21:00:00;NORTE;SUDESTE/CENTRO-OESTE;9369.051
2025-03-28 22:00:00;NORTE;SUDESTE/CENTRO-OESTE;9104.151
2025-03-28 23:00:00;NORTE;SUDESTE/CENTRO-OESTE;9298.073
2025-03-29 00:00:00;NORTE;SUDESTE/CENTRO-OESTE;9666.761
2025-03-29 01:00:00;NORTE;SUDESTE/CENTRO-OESTE;9620.222
2025-03-29 02:00:00;NORTE;SUDESTE/CENTRO-OESTE;9425.754
2025-03-29 03:00:00;NORTE;SUDESTE/CENTRO-OESTE;8337.31799999
2025-03-29 04:00:00;NORTE;SUDESTE/CENTRO-OESTE;7168.329
2025-03-29 05:00:00;NORTE;SUDESTE/CENTRO-OESTE;7357.193
2025-03-29 06:00:00;NORTE;SUDESTE/CENTRO-OESTE;7852.847
2025-03-29 07:00:00;NORTE;SUDESTE/CENTRO-OESTE;7492.423
2025-03-29 08:00:00;NORTE;SUDESTE/CENTRO-OESTE;6318.681
2025-03-29 09:00:00;NORTE;SUDESTE/CENTRO-OESTE;5272.778
2025-03-29 10:00:00;NORTE;SUDESTE/CENTRO-OESTE;4169.747
2025-03-29 11:00:00;NORTE;SUDESTE/CENTRO-OESTE;4200.397
2025-03-29 12:00:00;NORTE;SUDESTE/CENTRO-OESTE;4221.836
2025-03-29 13:00:00;NORTE;SUDESTE/CENTRO-OESTE;4538.68999999
2025-03-29 14:00:00;NORTE;SUDESTE/CENTRO-OESTE;5870.992
2025-03-29 15:00:00;NORTE;SUDESTE/CENTRO-OESTE;7339.338
2025-03-29 16:00:00;NORTE;SUDESTE/CENTRO-OESTE;9331.95099999
2025-03-29 17:00:00;NORTE;SUDESTE/CENTRO-OESTE;9700.752
2025-03-29 18:00:00;NORTE;SUDESTE/CENTRO-OESTE;9813.984
2025-03-29 19:00:00;NORTE;SUDESTE/CENTRO-OESTE;9741.976
2025-03-29 20:00:00;NORTE;SUDESTE/CENTRO-OESTE;8790.611
2025-03-29 21:00:00;NORTE;SUDESTE/CENTRO-OESTE;8638.553
2025-03-29 22:00:00;NORTE;SUDESTE/CENTRO-OESTE;8617.491
2025-03-29 23:00:00;NORTE;SUDESTE/CENTRO-OESTE;8668.768
2025-03-30 00:00:00;NORTE;SUDESTE/CENTRO-OESTE;8386.681
2025-03-30 01:00:00;NORTE;SUDESTE/CENTRO-OESTE;8233.56799999
2025-03-30 02:00:00;NORTE;SUDESTE/CENTRO-OESTE;8093.568
2025-03-30 03:00:00;NORTE;SUDESTE/CENTRO-OESTE;8100.616
2025-03-30 04:00:00;NORTE;SUDESTE/CENTRO-OESTE;7884.588
2025-03-30 05:00:00;NORTE;SUDESTE/CENTRO-OESTE;7878.224
2025-03-30 06:00:00;NORTE;SUDESTE/CENTRO-OESTE;8192.98
2025-03-30 07:00:00;NORTE;SUDESTE/CENTRO-OESTE;7157.007
2025-03-30 08:00:00;NORTE;SUDESTE/CENTRO-OESTE;5374.66799999
2025-03-30 09:00:00;NORTE;SUDESTE/CENTRO-OESTE;4145.036
2025-03-30 10:00:00;NORTE;SUDESTE/CENTRO-OESTE;3824.416
2025-03-30 11:00:00;NORTE;SUDESTE/CENTRO-OESTE;3724.466
2025-03-30 12:00:00;NORTE;SUDESTE/CENTRO-OESTE;3829.397
2025-03-30 13:00:00;NORTE;SUDESTE/CENTRO-OESTE;3954.744
2025-03-30 14:00:00;NORTE;SUDESTE/CENTRO-OESTE;4235.57399999
2025-03-30 15:00:00;NORTE;SUDESTE/CENTRO-OESTE;5174.78399999
2025-03-30 16:00:00;NORTE;SUDESTE/CENTRO-OESTE;8292.044
2025-03-30 17:00:00;NORTE;SUDESTE/CENTRO-OESTE;9351.26399999
2025-03-30 18:00:00;NORTE;SUDESTE/CENTRO-OESTE;9530.29
2025-03-30 19:00:00;NORTE;SUDESTE/CENTRO-OESTE;8535.529
2025-03-30 20:00:00;NORTE;SUDESTE/CENTRO-OESTE;8189.582
2025-03-30 21:00:00;NORTE;SUDESTE/CENTRO-OESTE;7962.378
2025-03-30 22:00:00;NORTE;SUDESTE/CENTRO-OESTE;8130.036
2025-03-30 23:00:00;NORTE;SUDESTE/CENTRO-OESTE;8353.37
2025-03-31 00:00:00;NORTE;SUDESTE/CENTRO-OESTE;8646.48799999
2025-03-31 01:00:00;NORTE;SUDESTE/CENTRO-OESTE;8629.939
2025-03-31 02:00:00;NORTE;SUDESTE/CENTRO-OESTE;8547.078
2025-03-31 03:00:00;NORTE;SUDESTE/CENTRO-OESTE;8502.065
2025-03-31 04:00:00;NORTE;SUDESTE/CENTRO-OESTE;8383.42
2025-03-31 05:00:00;NORTE;SUDESTE/CENTRO-OESTE;8285.34399999
2025-03-31 06:00:00;NORTE;SUDESTE/CENTRO-OESTE;8265.707
2025-03-31 07:00:00;NORTE;SUDESTE/CENTRO-OESTE;8170.24
2025-03-31 08:00:00;NORTE;SUDESTE/CENTRO-OESTE;7774.893
2025-03-31 09:00:00;NORTE;SUDESTE/CENTRO-OESTE;7791.455
2025-03-31 10:00:00;NORTE;SUDESTE/CENTRO-OESTE;7958.658
2025-03-31 11:00:00;NORTE;SUDESTE/CENTRO-OESTE;8003.956
2025-03-31 12:00:00;NORTE;SUDESTE/CENTRO-OESTE;7932.212
2025-03-31 13:00:00;NORTE;SUDESTE/CENTRO-OESTE;7561.431
2025-03-31 14:00:00;NORTE;SUDESTE/CENTRO-OESTE;7624.304
2025-03-31 15:00:00;NORTE;SUDESTE/CENTRO-OESTE;8042.067
2025-03-31 16:00:00;NORTE;SUDESTE/CENTRO-OESTE;8473.965
2025-03-31 17:00:00;NORTE;SUDESTE/CENTRO-OESTE;8445.18
2025-03-31 18:00:00;NORTE;SUDESTE/CENTRO-OESTE;8723.062
2025-03-31 19:00:00;NORTE;SUDESTE/CENTRO-OESTE;8358.485
2025-03-31 20:00:00;NORTE;SUDESTE/CENTRO-OESTE;8242.654
2025-03-31 21:00:00;NORTE;SUDESTE/CENTRO-OESTE;8214.66599999
2025-03-31 22:00:00;NORTE;SUDESTE/CENTRO-OESTE;7903.645
2025-03-31 23:00:00;NORTE;SUDESTE/CENTRO-OESTE;7943.705
2025-04-01 00:00:00;NORTE;SUDESTE/CENTRO-OESTE;8329.71099999
2025-04-01 01:00:00;NORTE;SUDESTE/CENTRO-OESTE;8254.385
2025-04-01 02:00:00;NORTE;SUDESTE/CENTRO-OESTE;8330.073
2025-04-01 03:00:00;NORTE;SUDESTE/CENTRO-OESTE;8352.66
2025-04-01 04:00:00;NORTE;SUDESTE/CENTRO-OESTE;8294.715
2025-04-01 05:00:00;NORTE;SUDESTE/CENTRO-OESTE;8429.297
2025-04-01 06:00:00;NORTE;SUDESTE/CENTRO-OESTE;8274.491
2025-04-01 07:00:00;NORTE;SUDESTE/CENTRO-OESTE;8229.063
2025-04-01 08:00:00;NORTE;SUDESTE/CENTRO-OESTE;7707.955
2025-04-01 09:00:00;NORTE;SUDESTE/CENTRO-OESTE;7689.582
2025-04-01 10:00:00;NORTE;SUDESTE/CENTRO-OESTE;7723.169
2025-04-01 11:00:00;NORTE;SUDESTE/CENTRO-OESTE;7860.259
2025-04-01 12:00:00;NORTE;SUDESTE/CENTRO-OESTE;7774.675
2025-04-01 13:00:00;NORTE;SUDESTE/CENTRO-OESTE;7920.67
2025-04-01 14:00:00;NORTE;SUDESTE/CENTRO-OESTE;8468.733
2025-04-01 15:00:00;NORTE;SUDESTE/CENTRO-OESTE;8615.81799999
2025-04-01 16:00:00;NORTE;SUDESTE/CENTRO-OESTE;8356.815
2025-04-01 17:00:00;NORTE;SUDESTE/CENTRO-OESTE;8589.146
2025-04-01 18:00:00;NORTE;SUDESTE/CENTRO-OESTE;8598.74699999
2025-04-01 19:00:00;NORTE;SUDESTE/CENTRO-OESTE;8599.816
2025-04-01 20:00:00;NORTE;SUDESTE/CENTRO-OESTE;8330.07
2025-04-01 21:00:00;NORTE;SUDESTE/CENTRO-OESTE;8240.272
2025-04-01 22:00:00;NORTE;SUDESTE/CENTRO-OESTE;8276.607
2025-04-01 23:00:00;NORTE;SUDESTE/CENTRO-OESTE;7791.943
2025-04-02 00:00:00;NORTE;SUDESTE/CENTRO-OESTE;7558.046
2025-04-02 01:00:00;NORTE;SUDESTE/CENTRO-OESTE;7868.569
2025-04-02 02:00:00;NORTE;SUDESTE/CENTRO-OESTE;7992.303
2025-04-02 03:00:00;NORTE;SUDESTE/CENTRO-OESTE;8024.416
2025-04-02 04:00:00;NORTE;SUDESTE/CENTRO-OESTE;7981.442
2025-04-02 05:00:00;NORTE;SUDESTE/CENTRO-OESTE;7935.14
2025-04-02 06:00:00;NORTE;SUDESTE/CENTRO-OESTE;7820.819
2025-04-02 07:00:00;NORTE;SUDESTE/CENTRO-OESTE;7203.001
2025-04-02 08:00:00;NORTE;SUDESTE/CENTRO-OESTE;7665.149
2025-04-02 09:00:00;NORTE;SUDESTE/CENTRO-OESTE;7665.862
2025-04-02 10:00:00;NORTE;SUDESTE/CENTRO-OESTE;7918.077
2025-04-02 11:00:00;NORTE;SUDESTE/CENTRO-OESTE;7870.832
2025-04-02 12:00:00;NORTE;SUDESTE/CENTRO-OESTE;7638.588
2025-04-02 13:00:00;NORTE;SUDESTE/CENTRO-OESTE;8871.41599999
2025-04-02 14:00:00;NORTE;SUDESTE/CENTRO-OESTE;9234.056
2025-04-02 15:00:00;NORTE;SUDESTE/CENTRO-OESTE;9194.904
2025-04-02 16:00:00;NORTE;SUDESTE/CENTRO-OESTE;8874.001
2025-04-02 17:00:00;NORTE;SUDESTE/CENTRO-OESTE;7707.377
2025-04-02 18:00:00;NORTE;SUDESTE/CENTRO-OESTE;7902.938
2025-04-02 19:00:00;NORTE;SUDESTE/CENTRO-OESTE;8268.86299999
2025-04-02 20:00:00;NORTE;SUDESTE/CENTRO-OESTE;8355.358
2025-04-02 21:00:00;NORTE;SUDESTE/CENTRO-OESTE;7970.537
2025-04-02 22:00:00;NORTE;SUDESTE/CENTRO-OESTE;7977.424
2025-04-02 23:00:00;NORTE;SUDESTE/CENTRO-OESTE;8480.281
2025-04-03 00:00:00;NORTE;SUDESTE/CENTRO-OESTE;8655.374
2025-04-03 01:00:00;NORTE;SUDESTE/CENTRO-OESTE;8463.974
2025-04-03 02:00:00;NORTE;SUDESTE/CENTRO-OESTE;8389.32599999
2025-04-03 03:00:00;NORTE;SUDESTE/CENTRO-OESTE;8359.97899999
2025-04-03 04:00:00;NORTE;SUDESTE/CENTRO-OESTE;8424.155
2025-04-03 05:00:00;NORTE;SUDESTE/CENTRO-OESTE;8498.377
2025-04-03 06:00:00;NORTE;SUDESTE/CENTRO-OESTE;8188.237
2025-04-03 07:00:00;NORTE;SUDESTE/CENTRO-OESTE;7721.568
2025-04-03 08:00:00;NORTE;SUDESTE/CENTRO-OESTE;7452.781
2025-04-03 09:00:00;NORTE;SUDESTE/CENTRO-OESTE;7607.936
2025-04-03 10:00:00;NORTE;SUDESTE/CENTRO-OESTE;7637.13
2025-04-03 11:00:00;NORTE;SUDESTE/CENTRO-OESTE;7963.862
2025-04-03 12:00:00;NORTE;SUDESTE/CENTRO-OESTE;7980.797
2025-04-03 13:00:00;NORTE;SUDESTE/CENTRO-OESTE;8557.681
2025-04-03 14:00:00;NORTE;SUDESTE/CENTRO-OESTE;9041.391
2025-04-03 15:00:00;NORTE;SUDESTE/CENTRO-OESTE;8845.23
2025-04-03 16:00:00;NORTE;SUDESTE/CENTRO-OESTE;8796.187
2025-04-03 17:00:00;NORTE;SUDESTE/CENTRO-OESTE;8326.303
2025-04-03 18:00:00;NORTE;SUDESTE/CENTRO-OESTE;8800.617
2025-04-03 19:00:00;NORTE;SUDESTE/CENTRO-OESTE;8340.395
2025-04-03 20:00:00;NORTE;SUDESTE/CENTRO-OESTE;7887.431
2025-04-03 21:00:00;NORTE;SUDESTE/CENTRO-OESTE;7697.242
2025-04-03 22:00:00;NORTE;SUDESTE/CENTRO-OESTE;7580.614
2025-04-03 23:00:00;NORTE;SUDESTE/CENTRO-OESTE;7585.317
2025-04-04 00:00:00;NORTE;SUDESTE/CENTRO-OESTE;7844.512
2025-04-04 01:00:00;NORTE;SUDESTE/CENTRO-OESTE;8117.622
2025-04-04 02:00:00;NORTE;SUDESTE/CENTRO-OESTE;8167.298
2025-04-04 03:00:00;NORTE;SUDESTE/CENTRO-OESTE;8220.972
2025-04-04 04:00:00;NORTE;SUDESTE/CENTRO-OESTE;8213.092
2025-04-04 05:00:00;NORTE;SUDESTE/CENTRO-OESTE;8400.374
2025-04-04 06:00:00;NORTE;SUDESTE/CENTRO-OESTE;8236.753
2025-04-04 07:00:00;NORTE;SUDESTE/CENTRO-OESTE;7977.557
2025-04-04 08:00:00;NORTE;SUDESTE/CENTRO-OESTE;7454.77
2025-04-04 09:00:00;NORTE;SUDESTE/CENTRO-OESTE;7302.716
2025-04-04 10:00:00;NORTE;SUDESTE/CENTRO-OESTE;7557.384
2025-04-04 11:00:00;NORTE;SUDESTE/CENTRO-OESTE;7937.694
2025-04-04 12:00:00;NORTE;SUDESTE/CENTRO-OESTE;7749.187
2025-04-04 13:00:00;NORTE;SUDESTE/CENTRO-OESTE;7979.641
2025-04-04 14:00:00;NORTE;SUDESTE/CENTRO-OESTE;8739.401
2025-04-04 15:00:00;NORTE;SUDESTE/CENTRO-OESTE;8969.64
2025-04-04 16:00:00;NORTE;SUDESTE/CENTRO-OESTE;8784.964
2025-04-04 17:00:00;NORTE;SUDESTE/CENTRO-OESTE;9088.928
2025-04-04 18:00:00;NORTE;SUDESTE/CENTRO-OESTE;8992.24699999
2025-04-04 19:00:00;NORTE;SUDESTE/CENTRO-OESTE;8613.283
2025-04-04 20:00:00;NORTE;SUDESTE/CENTRO-OESTE;8115.339
2025-04-04 21:00:00;NORTE;SUDESTE/CENTRO-OESTE;7959.5
2025-04-04 22:00:00;NORTE;SUDESTE/CENTRO-OESTE;7820.951
2025-04-04 23:00:00;NORTE;SUDESTE/CENTRO-OESTE;7640.532
2025-04-05 00:00:00;NORTE;SUDESTE/CENTRO-OESTE;7304.061
2025-04-05 01:00:00;NORTE;SUDESTE/CENTRO-OESTE;7439.337
2025-04-05 02:00:00;NORTE;SUDESTE/CENTRO-OESTE;7981.28
2025-04-05 03:00:00;NORTE;SUDESTE/CENTRO-OESTE;7996.841
2025-04-05 04:00:00;NORTE;SUDESTE/CENTRO-OESTE;7692.564
2025-04-05 05:00:00;NORTE;SUDESTE/CENTRO-OESTE;7808.062
2025-04-05 06:00:00;NORTE;SUDESTE/CENTRO-OESTE;7488.607
2025-04-05 07:00:00;NORTE;SUDESTE/CENTRO-OESTE;7002.778
2025-04-05 08:00:00;NORTE;SUDESTE/CENTRO-OESTE;6829.855
2025-04-05 09:00:00;NORTE;SUDESTE/CENTRO-OESTE;5998.77
2025-04-05 10:00:00;NORTE;SUDESTE/CENTRO-OESTE;5669.543
2025-04-05 11:00:00;NORTE;SUDESTE/CENTRO-OESTE;5538.987
2025-04-05 12:00:00;NORTE;SUDESTE/CENTRO-OESTE;5341.917
2025-04-05 13:00:00;NORTE;SUDESTE/CENTRO-OESTE;5128.837
2025-04-05 14:00:00;NORTE;SUDESTE/CENTRO-OESTE;5087.195
2025-04-05 15:00:00;NORTE;SUDESTE/CENTRO-OESTE;5739.352
2025-04-05 16:00:00;NORTE;SUDESTE/CENTRO-OESTE;7376.521
2025-04-05 17:00:00;NORTE;SUDESTE/CENTRO-OESTE;7970.856
2025-04-05 18:00:00;NORTE;SUDESTE/CENTRO-OESTE;9136.15
2025-04-05 19:00:00;NORTE;SUDESTE/CENTRO-OESTE;9063.63899999
2025-04-05 20:00:00;NORTE;SUDESTE/CENTRO-OESTE;9014.34499999
2025-04-05 21:00:00;NORTE;SUDESTE/CENTRO-OESTE;8092.018
2025-04-05 22:00:00;NORTE;SUDESTE/CENTRO-OESTE;8222.581
2025-04-05 23:00:00;NORTE;SUDESTE/CENTRO-OESTE;8004.806
2025-04-06 00:00:00;NORTE;SUDESTE/CENTRO-OESTE;7680.883
2025-04-06 01:00:00;NORTE;SUDESTE/CENTRO-OESTE;7333.033
2025-04-06 02:00:00;NORTE;SUDESTE/CENTRO-OESTE;7433.879
2025-04-06 03:00:00;NORTE;SUDESTE/CENTRO-OESTE;7148.835
2025-04-06 04:00:00;NORTE;SUDESTE/CENTRO-OESTE;6598.728
2025-04-06 05:00:00;NORTE;SUDESTE/CENTRO-OESTE;6271.38
2025-04-06 06:00:00;NORTE;SUDESTE/CENTRO-OESTE;6363.057
2025-04-06 07:00:00;NORTE;SUDESTE/CENTRO-OESTE;6280.576
2025-04-06 08:00:00;NORTE;SUDESTE/CENTRO-OESTE;5076.513
2025-04-06 09:00:00;NORTE;SUDESTE/CENTRO-OESTE;3520.031
2025-04-06 10:00:00;NORTE;SUDESTE/CENTRO-OESTE;3070.821
2025-04-06 11:00:00;NORTE;SUDESTE/CENTRO-OESTE;2970.623
2025-04-06 12:00:00;NORTE;SUDESTE/CENTRO-OESTE;2974.1
2025-04-06 13:00:00;NORTE;SUDESTE/CENTRO-OESTE;2951.132
2025-04-06 14:00:00;NORTE;SUDESTE/CENTRO-OESTE;3055.968
2025-04-06 15:00:00;NORTE;SUDESTE/CENTRO-OESTE;3759.339
2025-04-06 16:00:00;NORTE;SUDESTE/CENTRO-OESTE;4966.84599999
2025-04-06 17:00:00;NORTE;SUDESTE/CENTRO-OESTE;7946.318
2025-04-06 18:00:00;NORTE;SUDESTE/CENTRO-OESTE;8324.418
2025-04-06 19:00:00;NORTE;SUDESTE/CENTRO-OESTE;8122.075
2025-04-06 20:00:00;NORTE;SUDESTE/CENTRO-OESTE;8122.065
2025-04-06 21:00:00;NORTE;SUDESTE/CENTRO-OESTE;8215.47899999
2025-04-06 22:00:00;NORTE;SUDESTE/CENTRO-OESTE;8039.038
2025-04-06 23:00:00;NORTE;SUDESTE/CENTRO-OESTE;7691.293
2025-04-07 00:00:00;NORTE;SUDESTE/CENTRO-OESTE;7559.015
2025-04-07 01:00:00;NORTE;SUDESTE/CENTRO-OESTE;7445.973
2025-04-07 02:00:00;NORTE;SUDESTE/CENTRO-OESTE;7313.432
2025-04-07 03:00:00;NORTE;SUDESTE/CENTRO-OESTE;7368.681
2025-04-07 04:00:00;NORTE;SUDESTE/CENTRO-OESTE;7405.656
2025-04-07 05:00:00;NORTE;SUDESTE/CENTRO-OESTE;7366.762
2025-04-07 06:00:00;NORTE;SUDESTE/CENTRO-OESTE;7547.539
2025-04-07 07:00:00;NORTE;SUDESTE/CENTRO-OESTE;7373.722
2025-04-07 08:00:00;NORTE;SUDESTE/CENTRO-OESTE;6620.987
2025-04-07 09:00:00;NORTE;SUDESTE/CENTRO-OESTE;6118.437
2025-04-07 10:00:00;NORTE;SUDESTE/CENTRO-OESTE;5912.707
2025-04-07 11:00:00;NORTE;SUDESTE/CENTRO-OESTE;5775.709
2025-04-07 12:00:00;NORTE;SUDESTE/CENTRO-OESTE;5478.377
2025-04-07 13:00:00;NORTE;SUDESTE/CENTRO-OESTE;5998.386
2025-04-07 14:00:00;NORTE;SUDESTE/CENTRO-OESTE;7529.215
2025-04-07 15:00:00;NORTE;SUDESTE/CENTRO-OESTE;8549.912
2025-04-07 16:00:00;NORTE;SUDESTE/CENTRO-OESTE;8594.141
2025-04-07 17:00:00;NORTE;SUDESTE/CENTRO-OESTE;8590.178
2025-04-07 18:00:00;NORTE;SUDESTE/CENTRO-OESTE;8543.79999999
2025-04-07 19:00:00;NORTE;SUDESTE/CENTRO-OESTE;8373.341
2025-04-07 20:00:00;NORTE;SUDESTE/CENTRO-OESTE;8171.099
2025-04-07 21:00:00;NORTE;SUDESTE/CENTRO-OESTE;7783.701
2025-04-07 22:00:00;NORTE;SUDESTE/CENTRO-OESTE;7872.814
2025-04-07 23:00:00;NORTE;SUDESTE/CENTRO-OESTE;7759.439
2025-04-08 00:00:00;NORTE;SUDESTE/CENTRO-OESTE;7598.348
2025-04-08 01:00:00;NORTE;SUDESTE/CENTRO-OESTE;8008.386
2025-04-08 02:00:00;NORTE;SUDESTE/CENTRO-OESTE;8104.696
2025-04-08 03:00:00;NORTE;SUDESTE/CENTRO-OESTE;8169.722
2025-04-08 04:00:00;NORTE;SUDESTE/CENTRO-OESTE;8368.236
2025-04-08 05:00:00;NORTE;SUDESTE/CENTRO-OESTE;8444.893
2025-04-08 06:00:00;NORTE;SUDESTE/CENTRO-OESTE;8214.645
2025-04-08 07:00:00;NORTE;SUDESTE/CENTRO-OESTE;7896.122
2025-04-08 08:00:00;NORTE;SUDESTE/CENTRO-OESTE;7123.919
2025-04-08 09:00:00;NORTE;SUDESTE/CENTRO-OESTE;5924.883
2025-04-08 10:00:00;NORTE;SUDESTE/CENTRO-OESTE;4745.854
2025-04-08 11:00:00;NORTE;SUDESTE/CENTRO-OESTE;4876.805
2025-04-08 12:00:00;NORTE;SUDESTE/CENTRO-OESTE;4783.18999999
2025-04-08 13:00:00;NORTE;SUDESTE/CENTRO-OESTE;5700.335
2025-04-08 14:00:00;NORTE;SUDESTE/CENTRO-OESTE;8029.386
2025-04-08 15:00:00;NORTE;SUDESTE/CENTRO-OESTE;8555.799
2025-04-08 16:00:00;NORTE;SUDESTE/CENTRO-OESTE;8433.31
2025-04-08 17:00:00;NORTE;SUDESTE/CENTRO-OESTE;8179.013
2025-04-08 18:00:00;NORTE;SUDESTE/CENTRO-OESTE;8644.983
2025-04-08 19:00:00;NORTE;SUDESTE/CENTRO-OESTE;7898.574
2025-04-08 20:00:00;NORTE;SUDESTE/CENTRO-OESTE;7667.767
2025-04-08 21:00:00;NORTE;SUDESTE/CENTRO-OESTE;7495.547
2025-04-08 22:00:00;NORTE;SUDESTE/CENTRO-OESTE;7512.158
2025-04-08 23:00:00;NORTE;SUDESTE/CENTRO-OESTE;7478.154
2025-04-09 00:00:00;NORTE;SUDESTE/CENTRO-OESTE;7864.288
2025-04-09 01:00:00;NORTE;SUDESTE/CENTRO-OESTE;7890.911
2025-04-09 02:00:00;NORTE;SUDESTE/CENTRO-OESTE;7847.706
2025-04-09 03:00:00;NORTE;SUDESTE/CENTRO-OESTE;8099.065
2025-04-09 04:00:00;NORTE;SUDESTE/CENTRO-OESTE;8379.536
2025-04-09 05:00:00;NORTE;SUDESTE/CENTRO-OESTE;8398.587
2025-04-09 06:00:00;NORTE;SUDESTE/CENTRO-OESTE;8271.224
2025-04-09 07:00:00;NORTE;SUDESTE/CENTRO-OESTE;7492.525
2025-04-09 08:00:00;NORTE;SUDESTE/CENTRO-OESTE;7359.562
2025-04-09 09:00:00;NORTE;SUDESTE/CENTRO-OESTE;7011.688
2025-04-09 10:00:00;NORTE;SUDESTE/CENTRO-OESTE;7078.916
2025-04-09 11:00:00;NORTE;SUDESTE/CENTRO-OESTE;7360.889
2025-04-09 12:00:00;NORTE;SUDESTE/CENTRO-OESTE;7369.358
2025-04-09 13:00:00;NORTE;SUDESTE/CENTRO-OESTE;8078.782
2025-04-09 14:00:00;NORTE;SUDESTE/CENTRO-OESTE;9144.865
2025-04-09 15:00:00;NORTE;SUDESTE/CENTRO-OESTE;9762.147
2025-04-09 16:00:00;NORTE;SUDESTE/CENTRO-OESTE;8921.37199999
2025-04-09 17:00:00;NORTE;SUDESTE/CENTRO-OESTE;8651.78199999
2025-04-09 18:00:00;NORTE;SUDESTE/CENTRO-OESTE;8833.447
2025-04-09 19:00:00;NORTE;SUDESTE/CENTRO-OESTE;8709.463
2025-04-09 20:00:00;NORTE;SUDESTE/CENTRO-OESTE;8533.561
2025-04-09 21:00:00;NORTE;SUDESTE/CENTRO-OESTE;8514.131
2025-04-09 22:00:00;NORTE;SUDESTE/CENTRO-OESTE;8727.143
2025-04-09 23:00:00;NORTE;SUDESTE/CENTRO-OESTE;8652.293
2025-04-10 00:00:00;NORTE;SUDESTE/CENTRO-OESTE;8650.751
2025-04-10 01:00:00;NORTE;SUDESTE/CENTRO-OESTE;8582.483
2025-04-10 02:00:00;NORTE;SUDESTE/CENTRO-OESTE;8565.498
2025-04-10 03:00:00;NORTE;SUDESTE/CENTRO-OESTE;8687.557
2025-04-10 04:00:00;NORTE;SUDESTE/CENTRO-OESTE;8780.34499999
2025-04-10 05:00:00;NORTE;SUDESTE/CENTRO-OESTE;8807.421
2025-04-10 06:00:00;NORTE;SUDESTE/CENTRO-OESTE;9025.29999999
2025-04-10 07:00:00;NORTE;SUDESTE/CENTRO-OESTE;9128.42499999
2025-04-10 08:00:00;NORTE;SUDESTE/CENTRO-OESTE;8534.486
2025-04-10 09:00:00;NORTE;SUDESTE/CENTRO-OESTE;8185.463
2025-04-10 10:00:00;NORTE;SUDESTE/CENTRO-OESTE;8095.181
2025-04-10 11:00:00;NORTE;SUDESTE/CENTRO-OESTE;7887.226
2025-04-10 12:00:00;NORTE;SUDESTE/CENTRO-OESTE;6756.034
2025-04-10 13:00:00;NORTE;SUDESTE/CENTRO-OESTE;7371.037
2025-04-10 14:00:00;NORTE;SUDESTE/CENTRO-OESTE;8257.535
2025-04-10 15:00:00;NORTE;SUDESTE/CENTRO-OESTE;8852.512
2025-04-10 16:00:00;NORTE;SUDESTE/CENTRO-OESTE;8133.779
2025-04-10 17:00:00;NORTE;SUDESTE/CENTRO-OESTE;7606.845
2025-04-10 18:00:00;NORTE;SUDESTE/CENTRO-OESTE;7889.988
2025-04-10 19:00:00;NORTE;SUDESTE/CENTRO-OESTE;8488.51
2025-04-10 20:00:00;NORTE;SUDESTE/CENTRO-OESTE;8814.448
2025-04-10 21:00:00;NORTE;SUDESTE/CENTRO-OESTE;8595.24699999
2025-04-10 22:00:00;NORTE;SUDESTE/CENTRO-OESTE;8351.118
2025-04-10 23:00:00;NORTE;SUDESTE/CENTRO-OESTE;8329.08599999
2025-04-11 00:00:00;NORTE;SUDESTE/CENTRO-OESTE;8282.525
2025-04-11 01:00:00;NORTE;SUDESTE/CENTRO-OESTE;8058.18
2025-04-11 02:00:00;NORTE;SUDESTE/CENTRO-OESTE;7930.182
2025-04-11 03:00:00;NORTE;SUDESTE/CENTRO-OESTE;7879.082
2025-04-11 04:00:00;NORTE;SUDESTE/CENTRO-OESTE;7842.522
2025-04-11 05:00:00;NORTE;SUDESTE/CENTRO-OESTE;7871.79
2025-04-11 06:00:00;NORTE;SUDESTE/CENTRO-OESTE;9382.664
2025-04-11 07:00:00;NORTE;SUDESTE/CENTRO-OESTE;9709.447
2025-04-11 08:00:00;NORTE;SUDESTE/CENTRO-OESTE;8320.14
2025-04-11 09:00:00;NORTE;SUDESTE/CENTRO-OESTE;5520.697
2025-04-11 10:00:00;NORTE;SUDESTE/CENTRO-OESTE;5232.405
2025-04-11 11:00:00;NORTE;SUDESTE/CENTRO-OESTE;5240.503
2025-04-11 12:00:00;NORTE;SUDESTE/CENTRO-OESTE;4587.769
2025-04-11 13:00:00;NORTE;SUDESTE/CENTRO-OESTE;5963.545
2025-04-11 14:00:00;NORTE;SUDESTE/CENTRO-OESTE;6688.965
2025-04-11 15:00:00;NORTE;SUDESTE/CENTRO-OESTE;6618.285
2025-04-11 16:00:00;NORTE;SUDESTE/CENTRO-OESTE;7313.611
2025-04-11 17:00:00;NORTE;SUDESTE/CENTRO-OESTE;8192.571
2025-04-11 18:00:00;NORTE;SUDESTE/CENTRO-OESTE;8269.28
2025-04-11 19:00:00;NORTE;SUDESTE/CENTRO-OESTE;8849.994
2025-04-11 20:00:00;NORTE;SUDESTE/CENTRO-OESTE;8759.962
2025-04-11 21:00:00;NORTE;SUDESTE/CENTRO-OESTE;8605.16
2025-04-11 22:00:00;NORTE;SUDESTE/CENTRO-OESTE;8482.688
2025-04-11 23:00:00;NORTE;SUDESTE/CENTRO-OESTE;7786.452
2025-04-12 00:00:00;NORTE;SUDESTE/CENTRO-OESTE;7773.596
2025-04-12 01:00:00;NORTE;SUDESTE/CENTRO-OESTE;7823.184
2025-04-12 02:00:00;NORTE;SUDESTE/CENTRO-OESTE;8022.259
2025-04-12 03:00:00;NORTE;SUDESTE/CENTRO-OESTE;8108.662
2025-04-12 04:00:00;NORTE;SUDESTE/CENTRO-OESTE;7751.5
2025-04-12 05:00:00;NORTE;SUDESTE/CENTRO-OESTE;7802.17
2025-04-12 06:00:00;NORTE;SUDESTE/CENTRO-OESTE;8189.703
2025-04-12 07:00:00;NORTE;SUDESTE/CENTRO-OESTE;6284.203
2025-04-12 08:00:00;NORTE;SUDESTE/CENTRO-OESTE;4791.241
2025-04-12 09:00:00;NORTE;SUDESTE/CENTRO-OESTE;3637.939
2025-04-12 10:00:00;NORTE;SUDESTE/CENTRO-OESTE;3107.076
2025-04-12 11:00:00;NORTE;SUDESTE/CENTRO-OESTE;3127.326
2025-04-12 12:00:00;NORTE;SUDESTE/CENTRO-OESTE;3405.159
2025-04-12 13:00:00;NORTE;SUDESTE/CENTRO-OESTE;4375.419
2025-04-12 14:00:00;NORTE;SUDESTE/CENTRO-OESTE;4784.067
2025-04-12 15:00:00;NORTE;SUDESTE/CENTRO-OESTE;5951.395
2025-04-12 16:00:00;NORTE;SUDESTE/CENTRO-OESTE;7880.342
2025-04-12 17:00:00;NORTE;SUDESTE/CENTRO-OESTE;8902.96999999
2025-04-12 18:00:00;NORTE;SUDESTE/CENTRO-OESTE;8358.538
2025-04-12 19:00:00;NORTE;SUDESTE/CENTRO-OESTE;8427.462
2025-04-12 20:00:00;NORTE;SUDESTE/CENTRO-OESTE;8703.061
2025-04-12 21:00:00;NORTE;SUDESTE/CENTRO-OESTE;8738.513
2025-04-12 22:00:00;NORTE;SUDESTE/CENTRO-OESTE;8538.342
2025-04-12 23:00:00;NORTE;SUDESTE/CENTRO-OESTE;8595.1
2025-04-13 00:00:00;NORTE;SUDESTE/CENTRO-OESTE;8789.397
2025-04-13 01:00:00;NORTE;SUDESTE/CENTRO-OESTE;9038.168
2025-04-13 02:00:00;NORTE;SUDESTE/CENTRO-OESTE;9383.055
2025-04-13 03:00:00;NORTE;SUDESTE/CENTRO-OESTE;9264.912
2025-04-13 04:00:00;NORTE;SUDESTE/CENTRO-OESTE;8480.649
2025-04-13 05:00:00;NORTE;SUDESTE/CENTRO-OESTE;8279.92499999
2025-04-13 06:00:00;NORTE;SUDESTE/CENTRO-OESTE;7539.125
2025-04-13 07:00:00;NORTE;SUDESTE/CENTRO-OESTE;4524.03799999
2025-04-13 08:00:00;NORTE;SUDESTE/CENTRO-OESTE;3597.773
2025-04-13 09:00:00;NORTE;SUDESTE/CENTRO-OESTE;3349.367
2025-04-13 10:00:00;NORTE;SUDESTE/CENTRO-OESTE;3095.248
2025-04-13 11:00:00;NORTE;SUDESTE/CENTRO-OESTE;3239.004
2025-04-13 12:00:00;NORTE;SUDESTE/CENTRO-OESTE;3428.391
2025-04-13 13:00:00;NORTE;SUDESTE/CENTRO-OESTE;3934.973
2025-04-13 14:00:00;NORTE;SUDESTE/CENTRO-OESTE;4735.557
2025-04-13 15:00:00;NORTE;SUDESTE/CENTRO-OESTE;6289.278
2025-04-13 16:00:00;NORTE;SUDESTE/CENTRO-OESTE;8070.189
2025-04-13 17:00:00;NORTE;SUDESTE/CENTRO-OESTE;9277.591
2025-04-13 18:00:00;NORTE;SUDESTE/CENTRO-OESTE;9315.933
2025-04-13 19:00:00;NORTE;SUDESTE/CENTRO-OESTE;8681.533
2025-04-13 20:00:00;NORTE;SUDESTE/CENTRO-OESTE;8481.564
2025-04-13 21:00:00;NORTE;SUDESTE/CENTRO-OESTE;8304.467
2025-04-13 22:00:00;NORTE;SUDESTE/CENTRO-OESTE;8214.706
2025-04-13 23:00:00;NORTE;SUDESTE/CENTRO-OESTE;8218.94
2025-04-14 00:00:00;NORTE;SUDESTE/CENTRO-OESTE;8472.596
2025-04-14 01:00:00;NORTE;SUDESTE/CENTRO-OESTE;8212.83499999
2025-04-14 02:00:00;NORTE;SUDESTE/CENTRO-OESTE;7893.46
2025-04-14 03:00:00;NORTE;SUDESTE/CENTRO-OESTE;7945.786
2025-04-14 04:00:00;NORTE;SUDESTE/CENTRO-OESTE;8203.579
2025-04-14 05:00:00;NORTE;SUDESTE/CENTRO-OESTE;8771.108
2025-04-14 06:00:00;NORTE;SUDESTE/CENTRO-OESTE;9009.883
2025-04-14 07:00:00;NORTE;SUDESTE/CENTRO-OESTE;9081.776
2025-04-14 08:00:00;NORTE;SUDESTE/CENTRO-OESTE;8219.92499999
2025-04-14 09:00:00;NORTE;SUDESTE/CENTRO-OESTE;7049.44
2025-04-14 10:00:00;NORTE;SUDESTE/CENTRO-OESTE;6072.861
2025-04-14 11:00:00;NORTE;SUDESTE/CENTRO-OESTE;6388.913
2025-04-14 12:00:00;NORTE;SUDESTE/CENTRO-OESTE;5958.863
2025-04-14 13:00:00;NORTE;SUDESTE/CENTRO-OESTE;6467.372
2025-04-14 14:00:00;NORTE;SUDESTE/CENTRO-OESTE;7767.11
2025-04-14 15:00:00;NORTE;SUDESTE/CENTRO-OESTE;9299.875
2025-04-14 16:00:00;NORTE;SUDESTE/CENTRO-OESTE;9584.361
2025-04-14 17:00:00;NORTE;SUDESTE/CENTRO-OESTE;9085.66599999
2025-04-14 18:00:00;NORTE;SUDESTE/CENTRO-OESTE;9555.292
2025-04-14 19:00:00;NORTE;SUDESTE/CENTRO-OESTE;9886.833
2025-04-14 20:00:00;NORTE;SUDESTE/CENTRO-OESTE;9796.025
2025-04-14 21:00:00;NORTE;SUDESTE/CENTRO-OESTE;9341.522
2025-04-14 22:00:00;NORTE;SUDESTE/CENTRO-OESTE;8942.31
2025-04-14 23:00:00;NORTE;SUDESTE/CENTRO-OESTE;8387.388
2025-04-15 00:00:00;NORTE;SUDESTE/CENTRO-OESTE;8251.485
2025-04-15 01:00:00;NORTE;SUDESTE/CENTRO-OESTE;8412.95999999
2025-04-15 02:00:00;NORTE;SUDESTE/CENTRO-OESTE;8591.45099999
2025-04-15 03:00:00;NORTE;SUDESTE/CENTRO-OESTE;8666.944
2025-04-15 04:00:00;NORTE;SUDESTE/CENTRO-OESTE;8815.686
2025-04-15 05:00:00;NORTE;SUDESTE/CENTRO-OESTE;8933.411
2025-04-15 06:00:00;NORTE;SUDESTE/CENTRO-OESTE;9587.42499999
2025-04-15 07:00:00;NORTE;SUDESTE/CENTRO-OESTE;9845.995
2025-04-15 08:00:00;NORTE;SUDESTE/CENTRO-OESTE;9855.239
2025-04-15 09:00:00;NORTE;SUDESTE/CENTRO-OESTE;7767.658
2025-04-15 10:00:00;NORTE;SUDESTE/CENTRO-OESTE;7329.974
2025-04-15 11:00:00;NORTE;SUDESTE/CENTRO-OESTE;7133.143
2025-04-15 12:00:00;NORTE;SUDESTE/CENTRO-OESTE;6758.943
2025-04-15 13:00:00;NORTE;SUDESTE/CENTRO-OESTE;7673.023
2025-04-15 14:00:00;NORTE;SUDESTE/CENTRO-OESTE;8142.526
2025-04-15 15:00:00;NORTE;SUDESTE/CENTRO-OESTE;9029.40699999
2025-04-15 16:00:00;NORTE;SUDESTE/CENTRO-OESTE;9517.726
2025-04-15 17:00:00;NORTE;SUDESTE/CENTRO-OESTE;8952.653
2025-04-15 18:00:00;NORTE;SUDESTE/CENTRO-OESTE;9340.553
2025-04-15 19:00:00;NORTE;SUDESTE/CENTRO-OESTE;9387.142
2025-04-15 20:00:00;NORTE;SUDESTE/CENTRO-OESTE;9236.645
2025-04-15 21:00:00;NORTE;SUDESTE/CENTRO-OESTE;9005.17
2025-04-15 22:00:00;NORTE;SUDESTE/CENTRO-OESTE;9098.849
2025-04-15 23:00:00;NORTE;SUDESTE/CENTRO-OESTE;9018.903
2025-04-16 00:00:00;NORTE;SUDESTE/CENTRO-OESTE;9288.831
2025-04-16 01:00:00;NORTE;SUDESTE/CENTRO-OESTE;9450.321
2025-04-16 02:00:00;NORTE;SUDESTE/CENTRO-OESTE;9298.397
2025-04-16 03:00:00;NORTE;SUDESTE/CENTRO-OESTE;9274.696
2025-04-16 04:00:00;NORTE;SUDESTE/CENTRO-OESTE;9479.582
2025-04-16 05:00:00;NORTE;SUDESTE/CENTRO-OESTE;9433.59399999
2025-04-16 06:00:00;NORTE;SUDESTE/CENTRO-OESTE;9056.824
2025-04-16 07:00:00;NORTE;SUDESTE/CENTRO-OESTE;8480.878
2025-04-16 08:00:00;NORTE;SUDESTE/CENTRO-OESTE;7727.897
2025-04-16 09:00:00;NORTE;SUDESTE/CENTRO-OESTE;7673.911
2025-04-16 10:00:00;NORTE;SUDESTE/CENTRO-OESTE;7571.534
2025-04-16 11:00:00;NORTE;SUDESTE/CENTRO-OESTE;7732.176
2025-04-16 12:00:00;NORTE;SUDESTE/CENTRO-OESTE;8006.644
2025-04-16 13:00:00;NORTE;SUDESTE/CENTRO-OESTE;8457.37199999
2025-04-16 14:00:00;NORTE;SUDESTE/CENTRO-OESTE;8390.797
2025-04-16 15:00:00;NORTE;SUDESTE/CENTRO-OESTE;8944.084
2025-04-16 16:00:00;NORTE;SUDESTE/CENTRO-OESTE;9322.231
2025-04-16 17:00:00;NORTE;SUDESTE/CENTRO-OESTE;8553.792
2025-04-16 18:00:00;NORTE;SUDESTE/CENTRO-OESTE;9249.263
2025-04-16 19:00:00;NORTE;SUDESTE/CENTRO-OESTE;9344.81699999
2025-04-16 20:00:00;NORTE;SUDESTE/CENTRO-OESTE;9357.714
2025-04-16 21:00:00;NORTE;SUDESTE/CENTRO-OESTE;9435.966
2025-04-16 22:00:00;NORTE;SUDESTE/CENTRO-OESTE;9426.471
2025-04-16 23:00:00;NORTE;SUDESTE/CENTRO-OESTE;9227.509
2025-04-17 00:00:00;NORTE;SUDESTE/CENTRO-OESTE;9162.45099999
2025-04-17 01:00:00;NORTE;SUDESTE/CENTRO-OESTE;8537.24599999
2025-04-17 02:00:00;NORTE;SUDESTE/CENTRO-OESTE;8243.31
2025-04-17 03:00:00;NORTE;SUDESTE/CENTRO-OESTE;8427.39799999
2025-04-17 04:00:00;NORTE;SUDESTE/CENTRO-OESTE;8374.218
2025-04-17 05:00:00;NORTE;SUDESTE/CENTRO-OESTE;8213.653
2025-04-17 06:00:00;NORTE;SUDESTE/CENTRO-OESTE;8462.19
2025-04-17 07:00:00;NORTE;SUDESTE/CENTRO-OESTE;7982.525
2025-04-17 08:00:00;NORTE;SUDESTE/CENTRO-OESTE;7762.725
2025-04-17 09:00:00;NORTE;SUDESTE/CENTRO-OESTE;7432.46
2025-04-17 10:00:00;NORTE;SUDESTE/CENTRO-OESTE;6947.401
2025-04-17 11:00:00;NORTE;SUDESTE/CENTRO-OESTE;6607.126
2025-04-17 12:00:00;NORTE;SUDESTE/CENTRO-OESTE;6245.607
2025-04-17 13:00:00;NORTE;SUDESTE/CENTRO-OESTE;6779.022
2025-04-17 14:00:00;NORTE;SUDESTE/CENTRO-OESTE;7534.519
2025-04-17 15:00:00;NORTE;SUDESTE/CENTRO-OESTE;8461.022
2025-04-17 16:00:00;NORTE;SUDESTE/CENTRO-OESTE;8561.59399999
2025-04-17 17:00:00;NORTE;SUDESTE/CENTRO-OESTE;8149.164
2025-04-17 18:00:00;NORTE;SUDESTE/CENTRO-OESTE;8565.883
2025-04-17 19:00:00;NORTE;SUDESTE/CENTRO-OESTE;8362.837
2025-04-17 20:00:00;NORTE;SUDESTE/CENTRO-OESTE;7941.136
2025-04-17 21:00:00;NORTE;SUDESTE/CENTRO-OESTE;7697.687
2025-04-17 22:00:00;NORTE;SUDESTE/CENTRO-OESTE;7558.963
2025-04-17 23:00:00;NORTE;SUDESTE/CENTRO-OESTE;7349.62
2025-04-18 00:00:00;NORTE;SUDESTE/CENTRO-OESTE;7788.917
2025-04-18 01:00:00;NORTE;SUDESTE/CENTRO-OESTE;8047.997
2025-04-18 02:00:00;NORTE;SUDESTE/CENTRO-OESTE;7611.299
2025-04-18 03:00:00;NORTE;SUDESTE/CENTRO-OESTE;7080.154
2025-04-18 04:00:00;NORTE;SUDESTE/CENTRO-OESTE;7035.13
2025-04-18 05:00:00;NORTE;SUDESTE/CENTRO-OESTE;7079.002
2025-04-18 06:00:00;NORTE;SUDESTE/CENTRO-OESTE;6346.664
2025-04-18 07:00:00;NORTE;SUDESTE/CENTRO-OESTE;4805.512
2025-04-18 08:00:00;NORTE;SUDESTE/CENTRO-OESTE;4940.707
2025-04-18 09:00:00;NORTE;SUDESTE/CENTRO-OESTE;4471.242
2025-04-18 10:00:00;NORTE;SUDESTE/CENTRO-OESTE;4004.863
2025-04-18 11:00:00;NORTE;SUDESTE/CENTRO-OESTE;4148.823
2025-04-18 12:00:00;NORTE;SUDESTE/CENTRO-OESTE;4329.809
2025-04-18 13:00:00;NORTE;SUDESTE/CENTRO-OESTE;4684.002
2025-04-18 14:00:00;NORTE;SUDESTE/CENTRO-OESTE;5363.294
2025-04-18 15:00:00;NORTE;SUDESTE/CENTRO-OESTE;5655.974
2025-04-18 16:00:00;NORTE;SUDESTE/CENTRO-OESTE;6396.682
2025-04-18 17:00:00;NORTE;SUDESTE/CENTRO-OESTE;7906.798
2025-04-18 18:00:00;NORTE;SUDESTE/CENTRO-OESTE;8471.241
2025-04-18 19:00:00;NORTE;SUDESTE/CENTRO-OESTE;8765.294
2025-04-18 20:00:00;NORTE;SUDESTE/CENTRO-OESTE;8667.715
2025-04-18 21:00:00;NORTE;SUDESTE/CENTRO-OESTE;8514.865
2025-04-18 22:00:00;NORTE;SUDESTE/CENTRO-OESTE;8437.231
2025-04-18 23:00:00;NORTE;SUDESTE/CENTRO-OESTE;8387.428
2025-04-19 00:00:00;NORTE;SUDESTE/CENTRO-OESTE;7853.951
2025-04-19 01:00:00;NORTE;SUDESTE/CENTRO-OESTE;6737.6
2025-04-19 02:00:00;NORTE;SUDESTE/CENTRO-OESTE;6461.875
2025-04-19 03:00:00;NORTE;SUDESTE/CENTRO-OESTE;6516.802
2025-04-19 04:00:00;NORTE;SUDESTE/CENTRO-OESTE;6457.852
2025-04-19 05:00:00;NORTE;SUDESTE/CENTRO-OESTE;7058.972
2025-04-19 06:00:00;NORTE;SUDESTE/CENTRO-OESTE;7593.947
2025-04-19 07:00:00;NORTE;SUDESTE/CENTRO-OESTE;6122.502
2025-04-19 08:00:00;NORTE;SUDESTE/CENTRO-OESTE;4930.847
2025-04-19 09:00:00;NORTE;SUDESTE/CENTRO-OESTE;4844.125
2025-04-19 10:00:00;NORTE;SUDESTE/CENTRO-OESTE;4695.682
2025-04-19 11:00:00;NORTE;SUDESTE/CENTRO-OESTE;4555.737
2025-04-19 12:00:00;NORTE;SUDESTE/CENTRO-OESTE;4634.042
2025-04-19 13:00:00;NORTE;SUDESTE/CENTRO-OESTE;4277.87
2025-04-19 14:00:00;NORTE;SUDESTE/CENTRO-OESTE;4096.497
2025-04-19 15:00:00;NORTE;SUDESTE/CENTRO-OESTE;5277.112
2025-04-19 16:00:00;NORTE;SUDESTE/CENTRO-OESTE;7389.579
2025-04-19 17:00:00;NORTE;SUDESTE/CENTRO-OESTE;8317.544
2025-04-19 18:00:00;NORTE;SUDESTE/CENTRO-OESTE;9025.249
2025-04-19 19:00:00;NORTE;SUDESTE/CENTRO-OESTE;8495.866
2025-04-19 20:00:00;NORTE;SUDESTE/CENTRO-OESTE;8080.824
2025-04-19 21:00:00;NORTE;SUDESTE/CENTRO-OESTE;8099.075
2025-04-19 22:00:00;NORTE;SUDESTE/CENTRO-OESTE;8250.31699999
2025-04-19 23:00:00;NORTE;SUDESTE/CENTRO-OESTE;8140.033
2025-04-20 00:00:00;NORTE;SUDESTE/CENTRO-OESTE;7906.529
2025-04-20 01:00:00;NORTE;SUDESTE/CENTRO-OESTE;7351.419
2025-04-20 02:00:00;NORTE;SUDESTE/CENTRO-OESTE;6595.783
2025-04-20 03:00:00;NORTE;SUDESTE/CENTRO-OESTE;5996.041
2025-04-20 04:00:00;NORTE;SUDESTE/CENTRO-OESTE;6135.178
2025-04-20 05:00:00;NORTE;SUDESTE/CENTRO-OESTE;6105.482
2025-04-20 06:00:00;NORTE;SUDESTE/CENTRO-OESTE;6016.544
2025-04-20 07:00:00;NORTE;SUDESTE/CENTRO-OESTE;4478.633
2025-04-20 08:00:00;NORTE;SUDESTE/CENTRO-OESTE;2900.244
2025-04-20 09:00:00;NORTE;SUDESTE/CENTRO-OESTE;1866.172
2025-04-20 10:00:00;NORTE;SUDESTE/CENTRO-OESTE;1323.83999999
2025-04-20 11:00:00;NORTE;SUDESTE/CENTRO-OESTE;1212.731
2025-04-20 12:00:00;NORTE;SUDESTE/CENTRO-OESTE;1334.82199999
2025-04-20 13:00:00;NORTE;SUDESTE/CENTRO-OESTE;1330.374
2025-04-20 14:00:00;NORTE;SUDESTE/CENTRO-OESTE;2341.415
2025-04-20 15:00:00;NORTE;SUDESTE/CENTRO-OESTE;3824.314
2025-04-20 16:00:00;NORTE;SUDESTE/CENTRO-OESTE;7016.599
2025-04-20 17:00:00;NORTE;SUDESTE/CENTRO-OESTE;8449.11199999
2025-04-20 18:00:00;NORTE;SUDESTE/CENTRO-OESTE;8373.656
2025-04-20 19:00:00;NORTE;SUDESTE/CENTRO-OESTE;8366.069
2025-04-20 20:00:00;NORTE;SUDESTE/CENTRO-OESTE;8355.727
2025-04-20 21:00:00;NORTE;SUDESTE/CENTRO-OESTE;8136.672
2025-04-20 22:00:00;NORTE;SUDESTE/CENTRO-OESTE;7773.099
2025-04-20 23:00:00;NORTE;SUDESTE/CENTRO-OESTE;7320.445
2025-04-21 00:00:00;NORTE;SUDESTE/CENTRO-OESTE;7367.277
2025-04-21 01:00:00;NORTE;SUDESTE/CENTRO-OESTE;7626.914
2025-04-21 02:00:00;NORTE;SUDESTE/CENTRO-OESTE;7933.352
2025-04-21 03:00:00;NORTE;SUDESTE/CENTRO-OESTE;7991.418
2025-04-21 04:00:00;NORTE;SUDESTE/CENTRO-OESTE;7997.279
2025-04-21 05:00:00;NORTE;SUDESTE/CENTRO-OESTE;8195.766
2025-04-21 06:00:00;NORTE;SUDESTE/CENTRO-OESTE;8703.617
2025-04-21 07:00:00;NORTE;SUDESTE/CENTRO-OESTE;5814.053
2025-04-21 08:00:00;NORTE;SUDESTE/CENTRO-OESTE;3660.581
2025-04-21 09:00:00;NORTE;SUDESTE/CENTRO-OESTE;2227.907
2025-04-21 10:00:00;NORTE;SUDESTE/CENTRO-OESTE;1633.75
2025-04-21 11:00:00;NORTE;SUDESTE/CENTRO-OESTE;1819.079
2025-04-21 12:00:00;NORTE;SUDESTE/CENTRO-OESTE;1906.97
2025-04-21 13:00:00;NORTE;SUDESTE/CENTRO-OESTE;2338.703
2025-04-21 14:00:00;NORTE;SUDESTE/CENTRO-OESTE;3665.201
2025-04-21 15:00:00;NORTE;SUDESTE/CENTRO-OESTE;5451.818
2025-04-21 16:00:00;NORTE;SUDESTE/CENTRO-OESTE;6196.673
2025-04-21 17:00:00;NORTE;SUDESTE/CENTRO-OESTE;7362.324
2025-04-21 18:00:00;NORTE;SUDESTE/CENTRO-OESTE;7911.672
2025-04-21 19:00:00;NORTE;SUDESTE/CENTRO-OESTE;7937.52
2025-04-21 20:00:00;NORTE;SUDESTE/CENTRO-OESTE;8050.19
2025-04-21 21:00:00;NORTE;SUDESTE/CENTRO-OESTE;7845.099
2025-04-21 22:00:00;NORTE;SUDESTE/CENTRO-OESTE;7580.474
2025-04-21 23:00:00;NORTE;SUDESTE/CENTRO-OESTE;7367.027
2025-04-22 00:00:00;NORTE;SUDESTE/CENTRO-OESTE;7765.083
2025-04-22 01:00:00;NORTE;SUDESTE/CENTRO-OESTE;7286.698
2025-04-22 02:00:00;NORTE;SUDESTE/CENTRO-OESTE;6501.67
2025-04-22 03:00:00;NORTE;SUDESTE/CENTRO-OESTE;5995.494
2025-04-22 04:00:00;NORTE;SUDESTE/CENTRO-OESTE;6096.126
2025-04-22 05:00:00;NORTE;SUDESTE/CENTRO-OESTE;6997.671
2025-04-22 06:00:00;NORTE;SUDESTE/CENTRO-OESTE;7634.93
2025-04-22 07:00:00;NORTE;SUDESTE/CENTRO-OESTE;6889.75
2025-04-22 08:00:00;NORTE;SUDESTE/CENTRO-OESTE;5471.397
2025-04-22 09:00:00;NORTE;SUDESTE/CENTRO-OESTE;3472.631
2025-04-22 10:00:00;NORTE;SUDESTE/CENTRO-OESTE;2683.463
2025-04-22 11:00:00;NORTE;SUDESTE/CENTRO-OESTE;2985.221
2025-04-22 12:00:00;NORTE;SUDESTE/CENTRO-OESTE;2724.583
2025-04-22 13:00:00;NORTE;SUDESTE/CENTRO-OESTE;2955.348
2025-04-22 14:00:00;NORTE;SUDESTE/CENTRO-OESTE;3334.773
2025-04-22 15:00:00;NORTE;SUDESTE/CENTRO-OESTE;4982.897
2025-04-22 16:00:00;NORTE;SUDESTE/CENTRO-OESTE;6611.386
2025-04-22 17:00:00;NORTE;SUDESTE/CENTRO-OESTE;7119.951
2025-04-22 18:00:00;NORTE;SUDESTE/CENTRO-OESTE;7808.23
2025-04-22 19:00:00;NORTE;SUDESTE/CENTRO-OESTE;7971.129
2025-04-22 20:00:00;NORTE;SUDESTE/CENTRO-OESTE;8107.611
2025-04-22 21:00:00;NORTE;SUDESTE/CENTRO-OESTE;8023.406
2025-04-22 22:00:00;NORTE;SUDESTE/CENTRO-OESTE;8089.611
2025-04-22 23:00:00;NORTE;SUDESTE/CENTRO-OESTE;8368.297
2025-04-23 00:00:00;NORTE;SUDESTE/CENTRO-OESTE;8723.513
2025-04-23 01:00:00;NORTE;SUDESTE/CENTRO-OESTE;8838.46899999
2025-04-23 02:00:00;NORTE;SUDESTE/CENTRO-OESTE;8326.288
2025-04-23 03:00:00;NORTE;SUDESTE/CENTRO-OESTE;7109.107
2025-04-23 04:00:00;NORTE;SUDESTE/CENTRO-OESTE;6950.785
2025-04-23 05:00:00;NORTE;SUDESTE/CENTRO-OESTE;7873.699
2025-04-23 06:00:00;NORTE;SUDESTE/CENTRO-OESTE;8062.98
2025-04-23 07:00:00;NORTE;SUDESTE/CENTRO-OESTE;7050.722
2025-04-23 08:00:00;NORTE;SUDESTE/CENTRO-OESTE;5583.861
2025-04-23 09:00:00;NORTE;SUDESTE/CENTRO-OESTE;5408.081
2025-04-23 10:00:00;NORTE;SUDESTE/CENTRO-OESTE;5015.17699999
2025-04-23 11:00:00;NORTE;SUDESTE/CENTRO-OESTE;5004.801
2025-04-23 12:00:00;NORTE;SUDESTE/CENTRO-OESTE;5046.446
2025-04-23 13:00:00;NORTE;SUDESTE/CENTRO-OESTE;5807.486
2025-04-23 14:00:00;NORTE;SUDESTE/CENTRO-OESTE;6334.182
2025-04-23 15:00:00;NORTE;SUDESTE/CENTRO-OESTE;8012.264
2025-04-23 16:00:00;NORTE;SUDESTE/CENTRO-OESTE;8761.842
2025-04-23 17:00:00;NORTE;SUDESTE/CENTRO-OESTE;8461.093
2025-04-23 18:00:00;NORTE;SUDESTE/CENTRO-OESTE;8490.34499999
2025-04-23 19:00:00;NORTE;SUDESTE/CENTRO-OESTE;8090.136
2025-04-23 20:00:00;NORTE;SUDESTE/CENTRO-OESTE;7643.092
2025-04-23 21:00:00;NORTE;SUDESTE/CENTRO-OESTE;7527.7
2025-04-23 22:00:00;NORTE;SUDESTE/CENTRO-OESTE;7915.234
2025-04-23 23:00:00;NORTE;SUDESTE/CENTRO-OESTE;7842.001
2025-04-24 00:00:00;NORTE;SUDESTE/CENTRO-OESTE;7672.076
2025-04-24 01:00:00;NORTE;SUDESTE/CENTRO-OESTE;6976.202
2025-04-24 02:00:00;NORTE;SUDESTE/CENTRO-OESTE;6739.546
2025-04-24 03:00:00;NORTE;SUDESTE/CENTRO-OESTE;6508.444
2025-04-24 04:00:00;NORTE;SUDESTE/CENTRO-OESTE;6697.93
2025-04-24 05:00:00;NORTE;SUDESTE/CENTRO-OESTE;7610.623
2025-04-24 06:00:00;NORTE;SUDESTE/CENTRO-OESTE;7834.378
2025-04-24 07:00:00;NORTE;SUDESTE/CENTRO-OESTE;6769.453
2025-04-24 08:00:00;NORTE;SUDESTE/CENTRO-OESTE;6480.098
2025-04-24 09:00:00;NORTE;SUDESTE/CENTRO-OESTE;6160.195
2025-04-24 10:00:00;NORTE;SUDESTE/CENTRO-OESTE;6234.887
2025-04-24 11:00:00;NORTE;SUDESTE/CENTRO-OESTE;6175.156
2025-04-24 12:00:00;NORTE;SUDESTE/CENTRO-OESTE;6035.765
2025-04-24 13:00:00;NORTE;SUDESTE/CENTRO-OESTE;6483.439
2025-04-24 14:00:00;NORTE;SUDESTE/CENTRO-OESTE;7043.495
2025-04-24 15:00:00;NORTE;SUDESTE/CENTRO-OESTE;8090.191
2025-04-24 16:00:00;NORTE;SUDESTE/CENTRO-OESTE;8327.572
2025-04-24 17:00:00;NORTE;SUDESTE/CENTRO-OESTE;8002.945
2025-04-24 18:00:00;NORTE;SUDESTE/CENTRO-OESTE;8417.896
2025-04-24 19:00:00;NORTE;SUDESTE/CENTRO-OESTE;8132.357
2025-04-24 20:00:00;NORTE;SUDESTE/CENTRO-OESTE;7689.999
2025-04-24 21:00:00;NORTE;SUDESTE/CENTRO-OESTE;7863.816
2025-04-24 22:00:00;NORTE;SUDESTE/CENTRO-OESTE;7778.203
2025-04-24 23:00:00;NORTE;SUDESTE/CENTRO-OESTE;7769.687
2025-04-25 00:00:00;NORTE;SUDESTE/CENTRO-OESTE;8113.249
2025-04-25 01:00:00;NORTE;SUDESTE/CENTRO-OESTE;7796.084
2025-04-25 02:00:00;NORTE;SUDESTE/CENTRO-OESTE;7630.337
2025-04-25 03:00:00;NORTE;SUDESTE/CENTRO-OESTE;7745.443
2025-04-25 04:00:00;NORTE;SUDESTE/CENTRO-OESTE;7808.841
2025-04-25 05:00:00;NORTE;SUDESTE/CENTRO-OESTE;7865.617
2025-04-25 06:00:00;NORTE;SUDESTE/CENTRO-OESTE;8312.418
2025-04-25 07:00:00;NORTE;SUDESTE/CENTRO-OESTE;8053.208
2025-04-25 08:00:00;NORTE;SUDESTE/CENTRO-OESTE;7112.946
2025-04-25 09:00:00;NORTE;SUDESTE/CENTRO-OESTE;6465.825
2025-04-25 10:00:00;NORTE;SUDESTE/CENTRO-OESTE;6417.566
2025-04-25 11:00:00;NORTE;SUDESTE/CENTRO-OESTE;6432.337
2025-04-25 12:00:00;NORTE;SUDESTE/CENTRO-OESTE;6561.362
2025-04-25 13:00:00;NORTE;SUDESTE/CENTRO-OESTE;7052.86
2025-04-25 14:00:00;NORTE;SUDESTE/CENTRO-OESTE;8290.284
2025-04-25 15:00:00;NORTE;SUDESTE/CENTRO-OESTE;9356.662
2025-04-25 16:00:00;NORTE;SUDESTE/CENTRO-OESTE;9529.031
2025-04-25 17:00:00;NORTE;SUDESTE/CENTRO-OESTE;9849.775
2025-04-25 18:00:00;NORTE;SUDESTE/CENTRO-OESTE;9935.54999999
2025-04-25 19:00:00;NORTE;SUDESTE/CENTRO-OESTE;9586.154
2025-04-25 20:00:00;NORTE;SUDESTE/CENTRO-OESTE;9245.365
2025-04-25 21:00:00;NORTE;SUDESTE/CENTRO-OESTE;9168.672
2025-04-25 22:00:00;NORTE;SUDESTE/CENTRO-OESTE;9307.873
2025-04-25 23:00:00;NORTE;SUDESTE/CENTRO-OESTE;9086.0
2025-04-26 00:00:00;NORTE;SUDESTE/CENTRO-OESTE;9290.895
2025-04-26 01:00:00;NORTE;SUDESTE/CENTRO-OESTE;9425.508
2025-04-26 02:00:00;NORTE;SUDESTE/CENTRO-OESTE;9094.214
2025-04-26 03:00:00;NORTE;SUDESTE/CENTRO-OESTE;8362.176
2025-04-26 04:00:00;NORTE;SUDESTE/CENTRO-OESTE;8147.918
2025-04-26 05:00:00;NORTE;SUDESTE/CENTRO-OESTE;8444.378
2025-04-26 06:00:00;NORTE;SUDESTE/CENTRO-OESTE;8096.124
2025-04-26 07:00:00;NORTE;SUDESTE/CENTRO-OESTE;6788.325
2025-04-26 08:00:00;NORTE;SUDESTE/CENTRO-OESTE;6116.957
2025-04-26 09:00:00;NORTE;SUDESTE/CENTRO-OESTE;5995.273
2025-04-26 10:00:00;NORTE;SUDESTE/CENTRO-OESTE;5801.107
2025-04-26 11:00:00;NORTE;SUDESTE/CENTRO-OESTE;5692.851
2025-04-26 12:00:00;NORTE;SUDESTE/CENTRO-OESTE;5801.902
2025-04-26 13:00:00;NORTE;SUDESTE/CENTRO-OESTE;5836.748
2025-04-26 14:00:00;NORTE;SUDESTE/CENTRO-OESTE;6274.333
2025-04-26 15:00:00;NORTE;SUDESTE/CENTRO-OESTE;7544.203
2025-04-26 16:00:00;NORTE;SUDESTE/CENTRO-OESTE;8891.061
2025-04-26 17:00:00;NORTE;SUDESTE/CENTRO-OESTE;9553.423
2025-04-26 18:00:00;NORTE;SUDESTE/CENTRO-OESTE;9834.338
2025-04-26 19:00:00;NORTE;SUDESTE/CENTRO-OESTE;9446.509
2025-04-26 20:00:00;NORTE;SUDESTE/CENTRO-OESTE;9055.859
2025-04-26 21:00:00;NORTE;SUDESTE/CENTRO-OESTE;8805.025
2025-04-26 22:00:00;NORTE;SUDESTE/CENTRO-OESTE;9013.183
2025-04-26 23:00:00;NORTE;SUDESTE/CENTRO-OESTE;8992.547
2025-04-27 00:00:00;NORTE;SUDESTE/CENTRO-OESTE;8276.179
2025-04-27 01:00:00;NORTE;SUDESTE/CENTRO-OESTE;6759.962
2025-04-27 02:00:00;NORTE;SUDESTE/CENTRO-OESTE;5813.857
2025-04-27 03:00:00;NORTE;SUDESTE/CENTRO-OESTE;5305.09599999
2025-04-27 04:00:00;NORTE;SUDESTE/CENTRO-OESTE;5050.764
2025-04-27 05:00:00;NORTE;SUDESTE/CENTRO-OESTE;5293.881
2025-04-27 06:00:00;NORTE;SUDESTE/CENTRO-OESTE;5662.068
2025-04-27 07:00:00;NORTE;SUDESTE/CENTRO-OESTE;4964.464
2025-04-27 08:00:00;NORTE;SUDESTE/CENTRO-OESTE;4387.054
2025-04-27 09:00:00;NORTE;SUDESTE/CENTRO-OESTE;4005.411
2025-04-27 10:00:00;NORTE;SUDESTE/CENTRO-OESTE;3701.104
2025-04-27 11:00:00;NORTE;SUDESTE/CENTRO-OESTE;3496.945
2025-04-27 12:00:00;NORTE;SUDESTE/CENTRO-OESTE;3374.32
2025-04-27 13:00:00;NORTE;SUDESTE/CENTRO-OESTE;3317.636
2025-04-27 14:00:00;NORTE;SUDESTE/CENTRO-OESTE;3699.208
2025-04-27 15:00:00;NORTE;SUDESTE/CENTRO-OESTE;4328.189
2025-04-27 16:00:00;NORTE;SUDESTE/CENTRO-OESTE;5562.092
2025-04-27 17:00:00;NORTE;SUDESTE/CENTRO-OESTE;7184.906
2025-04-27 18:00:00;NORTE;SUDESTE/CENTRO-OESTE;8613.741
2025-04-27 19:00:00;NORTE;SUDESTE/CENTRO-OESTE;8670.742
2025-04-27 20:00:00;NORTE;SUDESTE/CENTRO-OESTE;8245.109
2025-04-27 21:00:00;NORTE;SUDESTE/CENTRO-OESTE;8422.517
2025-04-27 22:00:00;NORTE;SUDESTE/CENTRO-OESTE;8700.361
2025-04-27 23:00:00;NORTE;SUDESTE/CENTRO-OESTE;8468.30899999
2025-04-28 00:00:00;NORTE;SUDESTE/CENTRO-OESTE;8101.261
2025-04-28 01:00:00;NORTE;SUDESTE/CENTRO-OESTE;8035.459
2025-04-28 02:00:00;NORTE;SUDESTE/CENTRO-OESTE;7524.323
2025-04-28 03:00:00;NORTE;SUDESTE/CENTRO-OESTE;6892.193
2025-04-28 04:00:00;NORTE;SUDESTE/CENTRO-OESTE;6866.465
2025-04-28 05:00:00;NORTE;SUDESTE/CENTRO-OESTE;8255.909
2025-04-28 06:00:00;NORTE;SUDESTE/CENTRO-OESTE;9056.464
2025-04-28 07:00:00;NORTE;SUDESTE/CENTRO-OESTE;8919.214
2025-04-28 08:00:00;NORTE;SUDESTE/CENTRO-OESTE;8711.64799999
2025-04-28 09:00:00;NORTE;SUDESTE/CENTRO-OESTE;6699.133
2025-04-28 10:00:00;NORTE;SUDESTE/CENTRO-OESTE;5830.14
2025-04-28 11:00:00;NORTE;SUDESTE/CENTRO-OESTE;5833.174
2025-04-28 12:00:00;NORTE;SUDESTE/CENTRO-OESTE;5041.441
2025-04-28 13:00:00;NORTE;SUDESTE/CENTRO-OESTE;5721.162
2025-04-28 14:00:00;NORTE;SUDESTE/CENTRO-OESTE;7189.243
2025-04-28 15:00:00;NORTE;SUDESTE/CENTRO-OESTE;8697.679
2025-04-28 16:00:00;NORTE;SUDESTE/CENTRO-OESTE;8814.38899999
2025-04-28 17:00:00;NORTE;SUDESTE/CENTRO-OESTE;8371.225
2025-04-28 18:00:00;NORTE;SUDESTE/CENTRO-OESTE;8576.2
2025-04-28 19:00:00;NORTE;SUDESTE/CENTRO-OESTE;9028.81699999
2025-04-28 20:00:00;NORTE;SUDESTE/CENTRO-OESTE;9157.618
2025-04-28 21:00:00;NORTE;SUDESTE/CENTRO-OESTE;8840.59399999
2025-04-28 22:00:00;NORTE;SUDESTE/CENTRO-OESTE;8625.035
2025-04-28 23:00:00;NORTE;SUDESTE/CENTRO-OESTE;8295.838
2025-04-29 00:00:00;NORTE;SUDESTE/CENTRO-OESTE;8153.973
2025-04-29 01:00:00;NORTE;SUDESTE/CENTRO-OESTE;7943.774
2025-04-29 02:00:00;NORTE;SUDESTE/CENTRO-OESTE;8069.795
2025-04-29 03:00:00;NORTE;SUDESTE/CENTRO-OESTE;8272.68
2025-04-29 04:00:00;NORTE;SUDESTE/CENTRO-OESTE;8387.995
2025-04-29 05:00:00;NORTE;SUDESTE/CENTRO-OESTE;8601.848
2025-04-29 06:00:00;NORTE;SUDESTE/CENTRO-OESTE;9286.70099999
2025-04-29 07:00:00;NORTE;SUDESTE/CENTRO-OESTE;9022.706
2025-04-29 08:00:00;NORTE;SUDESTE/CENTRO-OESTE;7971.675
2025-04-29 09:00:00;NORTE;SUDESTE/CENTRO-OESTE;6639.674
2025-04-29 10:00:00;NORTE;SUDESTE/CENTRO-OESTE;4786.142
2025-04-29 11:00:00;NORTE;SUDESTE/CENTRO-OESTE;4292.845
2025-04-29 12:00:00;NORTE;SUDESTE/CENTRO-OESTE;3613.049
2025-04-29 13:00:00;NORTE;SUDESTE/CENTRO-OESTE;3997.762
2025-04-29 14:00:00;NORTE;SUDESTE/CENTRO-OESTE;6105.766
2025-04-29 15:00:00;NORTE;SUDESTE/CENTRO-OESTE;7574.423
2025-04-29 16:00:00;NORTE;SUDESTE/CENTRO-OESTE;8657.797
2025-04-29 17:00:00;NORTE;SUDESTE/CENTRO-OESTE;8174.218
2025-04-29 18:00:00;NORTE;SUDESTE/CENTRO-OESTE;8204.605
2025-04-29 19:00:00;NORTE;SUDESTE/CENTRO-OESTE;8441.68
2025-04-29 20:00:00;NORTE;SUDESTE/CENTRO-OESTE;8471.196
2025-04-29 21:00:00;NORTE;SUDESTE/CENTRO-OESTE;8039.332
2025-04-29 22:00:00;NORTE;SUDESTE/CENTRO-OESTE;7971.519
2025-04-29 23:00:00;NORTE;SUDESTE/CENTRO-OESTE;7813.959
2025-04-30 00:00:00;NORTE;SUDESTE/CENTRO-OESTE;7885.994
2025-04-30 01:00:00;NORTE;SUDESTE/CENTRO-OESTE;8064.217
2025-04-30 02:00:00;NORTE;SUDESTE/CENTRO-OESTE;8249.776
2025-04-30 03:00:00;NORTE;SUDESTE/CENTRO-OESTE;8401.652
2025-04-30 04:00:00;NORTE;SUDESTE/CENTRO-OESTE;8631.17
2025-04-30 05:00:00;NORTE;SUDESTE/CENTRO-OESTE;8847.06699999
2025-04-30 06:00:00;NORTE;SUDESTE/CENTRO-OESTE;9773.099
2025-04-30 07:00:00;NORTE;SUDESTE/CENTRO-OESTE;8715.584
2025-04-30 08:00:00;NORTE;SUDESTE/CENTRO-OESTE;6554.543
2025-04-30 09:00:00;NORTE;SUDESTE/CENTRO-OESTE;5756.002
2025-04-30 10:00:00;NORTE;SUDESTE/CENTRO-OESTE;5631.627
2025-04-30 11:00:00;NORTE;SUDESTE/CENTRO-OESTE;5030.273
2025-04-30 12:00:00;NORTE;SUDESTE/CENTRO-OESTE;4355.01
2025-04-30 13:00:00;NORTE;SUDESTE/CENTRO-OESTE;5328.907
2025-04-30 14:00:00;NORTE;SUDESTE/CENTRO-OESTE;7312.615
2025-04-30 15:00:00;NORTE;SUDESTE/CENTRO-OESTE;7987.1
2025-04-30 16:00:00;NORTE;SUDESTE/CENTRO-OESTE;9512.957
2025-04-30 17:00:00;NORTE;SUDESTE/CENTRO-OESTE;9896.10399999
2025-04-30 18:00:00;NORTE;SUDESTE/CENTRO-OESTE;9776.533
2025-04-30 19:00:00;NORTE;SUDESTE/CENTRO-OESTE;9500.484
2025-04-30 20:00:00;NORTE;SUDESTE/CENTRO-OESTE;9355.07699999
2025-04-30 21:00:00;NORTE;SUDESTE/CENTRO-OESTE;9293.84499999
2025-04-30 22:00:00;NORTE;SUDESTE/CENTRO-OESTE;9420.876
2025-04-30 23:00:00;NORTE;SUDESTE/CENTRO-OESTE;9286.563
2025-05-01 00:00:00;NORTE;SUDESTE/CENTRO-OESTE;9062.155
2025-05-01 01:00:00;NORTE;SUDESTE/CENTRO-OESTE;7813.163
2025-05-01 02:00:00;NORTE;SUDESTE/CENTRO-OESTE;7509.529
2025-05-01 03:00:00;NORTE;SUDESTE/CENTRO-OESTE;6868.855
2025-05-01 04:00:00;NORTE;SUDESTE/CENTRO-OESTE;7001.559
2025-05-01 05:00:00;NORTE;SUDESTE/CENTRO-OESTE;7253.491
2025-05-01 06:00:00;NORTE;SUDESTE/CENTRO-OESTE;6276.213
2025-05-01 07:00:00;NORTE;SUDESTE/CENTRO-OESTE;4883.62299999
2025-05-01 08:00:00;NORTE;SUDESTE/CENTRO-OESTE;3958.536
2025-05-01 09:00:00;NORTE;SUDESTE/CENTRO-OESTE;2912.175
2025-05-01 10:00:00;NORTE;SUDESTE/CENTRO-OESTE;2641.415
2025-05-01 11:00:00;NORTE;SUDESTE/CENTRO-OESTE;2655.678
2025-05-01 12:00:00;NORTE;SUDESTE/CENTRO-OESTE;2711.88299999
2025-05-01 13:00:00;NORTE;SUDESTE/CENTRO-OESTE;3023.462
2025-05-01 14:00:00;NORTE;SUDESTE/CENTRO-OESTE;3856.115
2025-05-01 15:00:00;NORTE;SUDESTE/CENTRO-OESTE;5470.803
2025-05-01 16:00:00;NORTE;SUDESTE/CENTRO-OESTE;6683.378
2025-05-01 17:00:00;NORTE;SUDESTE/CENTRO-OESTE;7763.333
2025-05-01 18:00:00;NORTE;SUDESTE/CENTRO-OESTE;8523.901
2025-05-01 19:00:00;NORTE;SUDESTE/CENTRO-OESTE;8082.365
2025-05-01 20:00:00;NORTE;SUDESTE/CENTRO-OESTE;7730.452
2025-05-01 21:00:00;NORTE;SUDESTE/CENTRO-OESTE;7830.176
2025-05-01 22:00:00;NORTE;SUDESTE/CENTRO-OESTE;7820.313
2025-05-01 23:00:00;NORTE;SUDESTE/CENTRO-OESTE;7428.65
2025-05-02 00:00:00;NORTE;SUDESTE/CENTRO-OESTE;7004.608
2025-05-02 01:00:00;NORTE;SUDESTE/CENTRO-OESTE;6986.884
2025-05-02 02:00:00;NORTE;SUDESTE/CENTRO-OESTE;6767.789
2025-05-02 03:00:00;NORTE;SUDESTE/CENTRO-OESTE;6757.938
2025-05-02 04:00:00;NORTE;SUDESTE/CENTRO-OESTE;6851.844
2025-05-02 05:00:00;NORTE;SUDESTE/CENTRO-OESTE;6971.216
2025-05-02 06:00:00;NORTE;SUDESTE/CENTRO-OESTE;6908.459
2025-05-02 07:00:00;NORTE;SUDESTE/CENTRO-OESTE;6302.497
2025-05-02 08:00:00;NORTE;SUDESTE/CENTRO-OESTE;6010.343
2025-05-02 09:00:00;NORTE;SUDESTE/CENTRO-OESTE;5379.454
2025-05-02 10:00:00;NORTE;SUDESTE/CENTRO-OESTE;5052.321
2025-05-02 11:00:00;NORTE;SUDESTE/CENTRO-OESTE;4548.826
2025-05-02 12:00:00;NORTE;SUDESTE/CENTRO-OESTE;4233.911
2025-05-02 13:00:00;NORTE;SUDESTE/CENTRO-OESTE;4773.19899999
2025-05-02 14:00:00;NORTE;SUDESTE/CENTRO-OESTE;6159.584
2025-05-02 15:00:00;NORTE;SUDESTE/CENTRO-OESTE;7183.213
2025-05-02 16:00:00;NORTE;SUDESTE/CENTRO-OESTE;7234.0
2025-05-02 17:00:00;NORTE;SUDESTE/CENTRO-OESTE;7984.441
2025-05-02 18:00:00;NORTE;SUDESTE/CENTRO-OESTE;8059.64
2025-05-02 19:00:00;NORTE;SUDESTE/CENTRO-OESTE;8066.072
2025-05-02 20:00:00;NORTE;SUDESTE/CENTRO-OESTE;7918.402
2025-05-02 21:00:00;NORTE;SUDESTE/CENTRO-OESTE;7824.749
2025-05-02 22:00:00;NORTE;SUDESTE/CENTRO-OESTE;7756.291
2025-05-02 23:00:00;NORTE;SUDESTE/CENTRO-OESTE;7650.746
2025-05-03 00:00:00;NORTE;SUDESTE/CENTRO-OESTE;7209.896
2025-05-03 01:00:00;NORTE;SUDESTE/CENTRO-OESTE;7087.063
2025-05-03 02:00:00;NORTE;SUDESTE/CENTRO-OESTE;7198.293
2025-05-03 03:00:00;NORTE;SUDESTE/CENTRO-OESTE;7100.422
2025-05-03 04:00:00;NORTE;SUDESTE/CENTRO-OESTE;7031.996
2025-05-03 05:00:00;NORTE;SUDESTE/CENTRO-OESTE;7120.344
2025-05-03 06:00:00;NORTE;SUDESTE/CENTRO-OESTE;7033.943
2025-05-03 07:00:00;NORTE;SUDESTE/CENTRO-OESTE;6109.76
2025-05-03 08:00:00;NORTE;SUDESTE/CENTRO-OESTE;4454.48499999
2025-05-03 09:00:00;NORTE;SUDESTE/CENTRO-OESTE;3619.149
2025-05-03 10:00:00;NORTE;SUDESTE/CENTRO-OESTE;3562.31
2025-05-03 11:00:00;NORTE;SUDESTE/CENTRO-OESTE;3454.383
2025-05-03 12:00:00;NORTE;SUDESTE/CENTRO-OESTE;3677.117
2025-05-03 13:00:00;NORTE;SUDESTE/CENTRO-OESTE;3835.621
2025-05-03 14:00:00;NORTE;SUDESTE/CENTRO-OESTE;4687.787
2025-05-03 15:00:00;NORTE;SUDESTE/CENTRO-OESTE;6041.246
2025-05-03 16:00:00;NORTE;SUDESTE/CENTRO-OESTE;6702.967
2025-05-03 17:00:00;NORTE;SUDESTE/CENTRO-OESTE;7881.55
2025-05-03 18:00:00;NORTE;SUDESTE/CENTRO-OESTE;8481.717
2025-05-03 19:00:00;NORTE;SUDESTE/CENTRO-OESTE;8107.813
2025-05-03 20:00:00;NORTE;SUDESTE/CENTRO-OESTE;8118.466
2025-05-03 21:00:00;NORTE;SUDESTE/CENTRO-OESTE;7925.743
2025-05-03 22:00:00;NORTE;SUDESTE/CENTRO-OESTE;7517.935
2025-05-03 23:00:00;NORTE;SUDESTE/CENTRO-OESTE;7129.108
2025-05-04 00:00:00;NORTE;SUDESTE/CENTRO-OESTE;7339.25
2025-05-04 01:00:00;NORTE;SUDESTE/CENTRO-OESTE;7451.558
2025-05-04 02:00:00;NORTE;SUDESTE/CENTRO-OESTE;6572.228
2025-05-04 03:00:00;NORTE;SUDESTE/CENTRO-OESTE;5797.268
2025-05-04 04:00:00;NORTE;SUDESTE/CENTRO-OESTE;5371.42699999
2025-05-04 05:00:00;NORTE;SUDESTE/CENTRO-OESTE;5585.248
2025-05-04 06:00:00;NORTE;SUDESTE/CENTRO-OESTE;5030.019
2025-05-04 07:00:00;NORTE;SUDESTE/CENTRO-OESTE;3974.581
2025-05-04 08:00:00;NORTE;SUDESTE/CENTRO-OESTE;3556.849
2025-05-04 09:00:00;NORTE;SUDESTE/CENTRO-OESTE;2660.069
2025-05-04 10:00:00;NORTE;SUDESTE/CENTRO-OESTE;2207.064
2025-05-04 11:00:00;NORTE;SUDESTE/CENTRO-OESTE;2296.263
2025-05-04 12:00:00;NORTE;SUDESTE/CENTRO-OESTE;2441.784
2025-05-04 13:00:00;NORTE;SUDESTE/CENTRO-OESTE;2549.71
2025-05-04 14:00:00;NORTE;SUDESTE/CENTRO-OESTE;2937.53
2025-05-04 15:00:00;NORTE;SUDESTE/CENTRO-OESTE;4125.935
2025-05-04 16:00:00;NORTE;SUDESTE/CENTRO-OESTE;5853.203
2025-05-04 17:00:00;NORTE;SUDESTE/CENTRO-OESTE;7519.981
2025-05-04 18:00:00;NORTE;SUDESTE/CENTRO-OESTE;8173.969
2025-05-04 19:00:00;NORTE;SUDESTE/CENTRO-OESTE;8226.261
2025-05-04 20:00:00;NORTE;SUDESTE/CENTRO-OESTE;8109.351
2025-05-04 21:00:00;NORTE;SUDESTE/CENTRO-OESTE;8000.603
2025-05-04 22:00:00;NORTE;SUDESTE/CENTRO-OESTE;7502.239
2025-05-04 23:00:00;NORTE;SUDESTE/CENTRO-OESTE;6734.947
2025-05-05 00:00:00;NORTE;SUDESTE/CENTRO-OESTE;6206.903
2025-05-05 01:00:00;NORTE;SUDESTE/CENTRO-OESTE;5312.357
2025-05-05 02:00:00;NORTE;SUDESTE/CENTRO-OESTE;4950.629
2025-05-05 03:00:00;NORTE;SUDESTE/CENTRO-OESTE;4690.765
2025-05-05 04:00:00;NORTE;SUDESTE/CENTRO-OESTE;4898.64099999
2025-05-05 05:00:00;NORTE;SUDESTE/CENTRO-OESTE;6343.262
2025-05-05 06:00:00;NORTE;SUDESTE/CENTRO-OESTE;7561.132
2025-05-05 07:00:00;NORTE;SUDESTE/CENTRO-OESTE;6996.884
2025-05-05 08:00:00;NORTE;SUDESTE/CENTRO-OESTE;6721.244
2025-05-05 09:00:00;NORTE;SUDESTE/CENTRO-OESTE;6241.54
2025-05-05 10:00:00;NORTE;SUDESTE/CENTRO-OESTE;5848.05
2025-05-05 11:00:00;NORTE;SUDESTE/CENTRO-OESTE;5538.836
2025-05-05 12:00:00;NORTE;SUDESTE/CENTRO-OESTE;5171.463
2025-05-05 13:00:00;NORTE;SUDESTE/CENTRO-OESTE;5604.597
2025-05-05 14:00:00;NORTE;SUDESTE/CENTRO-OESTE;6098.47
2025-05-05 15:00:00;NORTE;SUDESTE/CENTRO-OESTE;6739.551
2025-05-05 16:00:00;NORTE;SUDESTE/CENTRO-OESTE;7429.263
2025-05-05 17:00:00;NORTE;SUDESTE/CENTRO-OESTE;8860.989
2025-05-05 18:00:00;NORTE;SUDESTE/CENTRO-OESTE;8928.489
2025-05-05 19:00:00;NORTE;SUDESTE/CENTRO-OESTE;8442.56799999
2025-05-05 20:00:00;NORTE;SUDESTE/CENTRO-OESTE;7977.685
2025-05-05 21:00:00;NORTE;SUDESTE/CENTRO-OESTE;7420.2
2025-05-05 22:00:00;NORTE;SUDESTE/CENTRO-OESTE;6952.518
2025-05-05 23:00:00;NORTE;SUDESTE/CENTRO-OESTE;6527.755
2025-05-06 00:00:00;NORTE;SUDESTE/CENTRO-OESTE;6807.912
2025-05-06 01:00:00;NORTE;SUDESTE/CENTRO-OESTE;6882.08
2025-05-06 02:00:00;NORTE;SUDESTE/CENTRO-OESTE;6956.838
2025-05-06 03:00:00;NORTE;SUDESTE/CENTRO-OESTE;6949.008
2025-05-06 04:00:00;NORTE;SUDESTE/CENTRO-OESTE;7016.28
2025-05-06 05:00:00;NORTE;SUDESTE/CENTRO-OESTE;7388.976
2025-05-06 06:00:00;NORTE;SUDESTE/CENTRO-OESTE;7845.474
2025-05-06 07:00:00;NORTE;SUDESTE/CENTRO-OESTE;7474.413
2025-05-06 08:00:00;NORTE;SUDESTE/CENTRO-OESTE;6161.852
2025-05-06 09:00:00;NORTE;SUDESTE/CENTRO-OESTE;4393.76
2025-05-06 10:00:00;NORTE;SUDESTE/CENTRO-OESTE;3939.49
2025-05-06 11:00:00;NORTE;SUDESTE/CENTRO-OESTE;3976.878
2025-05-06 12:00:00;NORTE;SUDESTE/CENTRO-OESTE;4367.692
2025-05-06 13:00:00;NORTE;SUDESTE/CENTRO-OESTE;5092.227
2025-05-06 14:00:00;NORTE;SUDESTE/CENTRO-OESTE;5534.76
2025-05-06 15:00:00;NORTE;SUDESTE/CENTRO-OESTE;7107.779
2025-05-06 16:00:00;NORTE;SUDESTE/CENTRO-OESTE;8687.12
2025-05-06 17:00:00;NORTE;SUDESTE/CENTRO-OESTE;8660.376
2025-05-06 18:00:00;NORTE;SUDESTE/CENTRO-OESTE;8157.332
2025-05-06 19:00:00;NORTE;SUDESTE/CENTRO-OESTE;7599.36
2025-05-06 20:00:00;NORTE;SUDESTE/CENTRO-OESTE;6871.929
2025-05-06 21:00:00;NORTE;SUDESTE/CENTRO-OESTE;6811.843
2025-05-06 22:00:00;NORTE;SUDESTE/CENTRO-OESTE;6944.673
2025-05-06 23:00:00;NORTE;SUDESTE/CENTRO-OESTE;7044.998
2025-05-07 00:00:00;NORTE;SUDESTE/CENTRO-OESTE;6885.89
2025-05-07 01:00:00;NORTE;SUDESTE/CENTRO-OESTE;6711.369
2025-05-07 02:00:00;NORTE;SUDESTE/CENTRO-OESTE;6222.033
2025-05-07 03:00:00;NORTE;SUDESTE/CENTRO-OESTE;5263.853
2025-05-07 04:00:00;NORTE;SUDESTE/CENTRO-OESTE;5240.94899999
2025-05-07 05:00:00;NORTE;SUDESTE/CENTRO-OESTE;6478.52
2025-05-07 06:00:00;NORTE;SUDESTE/CENTRO-OESTE;7127.573
2025-05-07 07:00:00;NORTE;SUDESTE/CENTRO-OESTE;6241.952
2025-05-07 08:00:00;NORTE;SUDESTE/CENTRO-OESTE;4923.881
2025-05-07 09:00:00;NORTE;SUDESTE/CENTRO-OESTE;4128.232
2025-05-07 10:00:00;NORTE;SUDESTE/CENTRO-OESTE;4069.888
2025-05-07 11:00:00;NORTE;SUDESTE/CENTRO-OESTE;3980.098
2025-05-07 12:00:00;NORTE;SUDESTE/CENTRO-OESTE;3950.575
2025-05-07 13:00:00;NORTE;SUDESTE/CENTRO-OESTE;5036.947
2025-05-07 14:00:00;NORTE;SUDESTE/CENTRO-OESTE;6072.058
2025-05-07 15:00:00;NORTE;SUDESTE/CENTRO-OESTE;6902.139
2025-05-07 16:00:00;NORTE;SUDESTE/CENTRO-OESTE;8433.349
2025-05-07 17:00:00;NORTE;SUDESTE/CENTRO-OESTE;8939.739
2025-05-07 18:00:00;NORTE;SUDESTE/CENTRO-OESTE;9466.421
2025-05-07 19:00:00;NORTE;SUDESTE/CENTRO-OESTE;9074.908
2025-05-07 20:00:00;NORTE;SUDESTE/CENTRO-OESTE;8457.082
2025-05-07 21:00:00;NORTE;SUDESTE/CENTRO-OESTE;7710.954
2025-05-07 22:00:00;NORTE;SUDESTE/CENTRO-OESTE;8015.238
2025-05-07 23:00:00;NORTE;SUDESTE/CENTRO-OESTE;8055.219
2025-05-08 00:00:00;NORTE;SUDESTE/CENTRO-OESTE;7529.614
2025-05-08 01:00:00;NORTE;SUDESTE/CENTRO-OESTE;7190.563
2025-05-08 02:00:00;NORTE;SUDESTE/CENTRO-OESTE;7139.537
2025-05-08 03:00:00;NORTE;SUDESTE/CENTRO-OESTE;7203.078
2025-05-08 04:00:00;NORTE;SUDESTE/CENTRO-OESTE;7254.959
2025-05-08 05:00:00;NORTE;SUDESTE/CENTRO-OESTE;7447.82
2025-05-08 06:00:00;NORTE;SUDESTE/CENTRO-OESTE;7620.736
2025-05-08 07:00:00;NORTE;SUDESTE/CENTRO-OESTE;6333.649
2025-05-08 08:00:00;NORTE;SUDESTE/CENTRO-OESTE;5129.51599999
2025-05-08 09:00:00;NORTE;SUDESTE/CENTRO-OESTE;4408.069
2025-05-08 10:00:00;NORTE;SUDESTE/CENTRO-OESTE;4296.636
2025-05-08 11:00:00;NORTE;SUDESTE/CENTRO-OESTE;4035.588
2025-05-08 12:00:00;NORTE;SUDESTE/CENTRO-OESTE;4071.341
2025-05-08 13:00:00;NORTE;SUDESTE/CENTRO-OESTE;4382.615
2025-05-08 14:00:00;NORTE;SUDESTE/CENTRO-OESTE;5411.31499999
2025-05-08 15:00:00;NORTE;SUDESTE/CENTRO-OESTE;6937.223
2025-05-08 16:00:00;NORTE;SUDESTE/CENTRO-OESTE;8412.663
2025-05-08 17:00:00;NORTE;SUDESTE/CENTRO-OESTE;9397.152
2025-05-08 18:00:00;NORTE;SUDESTE/CENTRO-OESTE;9069.876
2025-05-08 19:00:00;NORTE;SUDESTE/CENTRO-OESTE;8072.566
2025-05-08 20:00:00;NORTE;SUDESTE/CENTRO-OESTE;7881.077
2025-05-08 21:00:00;NORTE;SUDESTE/CENTRO-OESTE;7850.554
2025-05-08 22:00:00;NORTE;SUDESTE/CENTRO-OESTE;7937.803
2025-05-08 23:00:00;NORTE;SUDESTE/CENTRO-OESTE;7867.235
2025-05-09 00:00:00;NORTE;SUDESTE/CENTRO-OESTE;7181.147
2025-05-09 01:00:00;NORTE;SUDESTE/CENTRO-OESTE;6351.866
2025-05-09 02:00:00;NORTE;SUDESTE/CENTRO-OESTE;5963.803
2025-05-09 03:00:00;NORTE;SUDESTE/CENTRO-OESTE;5521.968
2025-05-09 04:00:00;NORTE;SUDESTE/CENTRO-OESTE;5320.834
2025-05-09 05:00:00;NORTE;SUDESTE/CENTRO-OESTE;6134.681
2025-05-09 06:00:00;NORTE;SUDESTE/CENTRO-OESTE;6965.074
2025-05-09 07:00:00;NORTE;SUDESTE/CENTRO-OESTE;6513.087
2025-05-09 08:00:00;NORTE;SUDESTE/CENTRO-OESTE;5491.56099999
2025-05-09 09:00:00;NORTE;SUDESTE/CENTRO-OESTE;5213.644
2025-05-09 10:00:00;NORTE;SUDESTE/CENTRO-OESTE;5128.45
2025-05-09 11:00:00;NORTE;SUDESTE/CENTRO-OESTE;5000.276
2025-05-09 12:00:00;NORTE;SUDESTE/CENTRO-OESTE;5173.241
2025-05-09 13:00:00;NORTE;SUDESTE/CENTRO-OESTE;5383.18099999
2025-05-09 14:00:00;NORTE;SUDESTE/CENTRO-OESTE;6240.054
2025-05-09 15:00:00;NORTE;SUDESTE/CENTRO-OESTE;7363.902
2025-05-09 16:00:00;NORTE;SUDESTE/CENTRO-OESTE;8391.23
2025-05-09 17:00:00;NORTE;SUDESTE/CENTRO-OESTE;9671.079
2025-05-09 18:00:00;NORTE;SUDESTE/CENTRO-OESTE;9243.35399999
2025-05-09 19:00:00;NORTE;SUDESTE/CENTRO-OESTE;8414.46099999
2025-05-09 20:00:00;NORTE;SUDESTE/CENTRO-OESTE;8247.493
2025-05-09 21:00:00;NORTE;SUDESTE/CENTRO-OESTE;7725.157
2025-05-09 22:00:00;NORTE;SUDESTE/CENTRO-OESTE;7734.522
2025-05-09 23:00:00;NORTE;SUDESTE/CENTRO-OESTE;7789.477
2025-05-10 00:00:00;NORTE;SUDESTE/CENTRO-OESTE;7695.949
2025-05-10 01:00:00;NORTE;SUDESTE/CENTRO-OESTE;7016.123
2025-05-10 02:00:00;NORTE;SUDESTE/CENTRO-OESTE;6625.316
2025-05-10 03:00:00;NORTE;SUDESTE/CENTRO-OESTE;6603.016
2025-05-10 04:00:00;NORTE;SUDESTE/CENTRO-OESTE;6603.213
2025-05-10 05:00:00;NORTE;SUDESTE/CENTRO-OESTE;7068.267
2025-05-10 06:00:00;NORTE;SUDESTE/CENTRO-OESTE;6772.879
2025-05-10 07:00:00;NORTE;SUDESTE/CENTRO-OESTE;6336.917
2025-05-10 08:00:00;NORTE;SUDESTE/CENTRO-OESTE;5988.524
2025-05-10 09:00:00;NORTE;SUDESTE/CENTRO-OESTE;5616.036
2025-05-10 10:00:00;NORTE;SUDESTE/CENTRO-OESTE;5404.844
2025-05-10 11:00:00;NORTE;SUDESTE/CENTRO-OESTE;5073.426
2025-05-10 12:00:00;NORTE;SUDESTE/CENTRO-OESTE;4844.134
2025-05-10 13:00:00;NORTE;SUDESTE/CENTRO-OESTE;4860.24399999
2025-05-10 14:00:00;NORTE;SUDESTE/CENTRO-OESTE;5490.255
2025-05-10 15:00:00;NORTE;SUDESTE/CENTRO-OESTE;7532.576
2025-05-10 16:00:00;NORTE;SUDESTE/CENTRO-OESTE;8642.137
2025-05-10 17:00:00;NORTE;SUDESTE/CENTRO-OESTE;8373.019
2025-05-10 18:00:00;NORTE;SUDESTE/CENTRO-OESTE;8325.097
2025-05-10 19:00:00;NORTE;SUDESTE/CENTRO-OESTE;7519.195
2025-05-10 20:00:00;NORTE;SUDESTE/CENTRO-OESTE;6785.634
2025-05-10 21:00:00;NORTE;SUDESTE/CENTRO-OESTE;6846.746
2025-05-10 22:00:00;NORTE;SUDESTE/CENTRO-OESTE;6863.191
2025-05-10 23:00:00;NORTE;SUDESTE/CENTRO-OESTE;6768.428
2025-05-11 00:00:00;NORTE;SUDESTE/CENTRO-OESTE;6352.731
2025-05-11 01:00:00;NORTE;SUDESTE/CENTRO-OESTE;6235.838
2025-05-11 02:00:00;NORTE;SUDESTE/CENTRO-OESTE;5911.079
2025-05-11 03:00:00;NORTE;SUDESTE/CENTRO-OESTE;5742.491
2025-05-11 04:00:00;NORTE;SUDESTE/CENTRO-OESTE;5213.32
2025-05-11 05:00:00;NORTE;SUDESTE/CENTRO-OESTE;4855.411
2025-05-11 06:00:00;NORTE;SUDESTE/CENTRO-OESTE;4518.109
2025-05-11 07:00:00;NORTE;SUDESTE/CENTRO-OESTE;3809.834
2025-05-11 08:00:00;NORTE;SUDESTE/CENTRO-OESTE;4014.513
2025-05-11 09:00:00;NORTE;SUDESTE/CENTRO-OESTE;3237.099
2025-05-11 10:00:00;NORTE;SUDESTE/CENTRO-OESTE;2608.34499999
2025-05-11 11:00:00;NORTE;SUDESTE/CENTRO-OESTE;2508.766
2025-05-11 12:00:00;NORTE;SUDESTE/CENTRO-OESTE;1597.645
2025-05-11 13:00:00;NORTE;SUDESTE/CENTRO-OESTE;1263.008
2025-05-11 14:00:00;NORTE;SUDESTE/CENTRO-OESTE;1551.057
2025-05-11 15:00:00;NORTE;SUDESTE/CENTRO-OESTE;2818.588
2025-05-11 16:00:00;NORTE;SUDESTE/CENTRO-OESTE;4713.947
2025-05-11 17:00:00;NORTE;SUDESTE/CENTRO-OESTE;6729.538
2025-05-11 18:00:00;NORTE;SUDESTE/CENTRO-OESTE;7585.217
2025-05-11 19:00:00;NORTE;SUDESTE/CENTRO-OESTE;7930.599
2025-05-11 20:00:00;NORTE;SUDESTE/CENTRO-OESTE;7747.291
2025-05-11 21:00:00;NORTE;SUDESTE/CENTRO-OESTE;7642.278
2025-05-11 22:00:00;NORTE;SUDESTE/CENTRO-OESTE;7509.418
2025-05-11 23:00:00;NORTE;SUDESTE/CENTRO-OESTE;6753.803
2025-05-12 00:00:00;NORTE;SUDESTE/CENTRO-OESTE;6301.927
2025-05-12 01:00:00;NORTE;SUDESTE/CENTRO-OESTE;6579.101
2025-05-12 02:00:00;NORTE;SUDESTE/CENTRO-OESTE;6500.657
2025-05-12 03:00:00;NORTE;SUDESTE/CENTRO-OESTE;6251.81
2025-05-12 04:00:00;NORTE;SUDESTE/CENTRO-OESTE;6450.905
2025-05-12 05:00:00;NORTE;SUDESTE/CENTRO-OESTE;7008.62
2025-05-12 06:00:00;NORTE;SUDESTE/CENTRO-OESTE;7459.103
2025-05-12 07:00:00;NORTE;SUDESTE/CENTRO-OESTE;7376.206
2025-05-12 08:00:00;NORTE;SUDESTE/CENTRO-OESTE;6233.288
2025-05-12 09:00:00;NORTE;SUDESTE/CENTRO-OESTE;4824.161
2025-05-12 10:00:00;NORTE;SUDESTE/CENTRO-OESTE;4298.751
2025-05-12 11:00:00;NORTE;SUDESTE/CENTRO-OESTE;4243.64099999
2025-05-12 12:00:00;NORTE;SUDESTE/CENTRO-OESTE;3884.048
2025-05-12 13:00:00;NORTE;SUDESTE/CENTRO-OESTE;4097.72099999
2025-05-12 14:00:00;NORTE;SUDESTE/CENTRO-OESTE;4997.161
2025-05-12 15:00:00;NORTE;SUDESTE/CENTRO-OESTE;4973.145
2025-05-12 16:00:00;NORTE;SUDESTE/CENTRO-OESTE;5520.659
2025-05-12 17:00:00;NORTE;SUDESTE/CENTRO-OESTE;7726.488
2025-05-12 18:00:00;NORTE;SUDESTE/CENTRO-OESTE;8567.875
2025-05-12 19:00:00;NORTE;SUDESTE/CENTRO-OESTE;8465.037
2025-05-12 20:00:00;NORTE;SUDESTE/CENTRO-OESTE;8217.89
2025-05-12 21:00:00;NORTE;SUDESTE/CENTRO-OESTE;8106.101
2025-05-12 22:00:00;NORTE;SUDESTE/CENTRO-OESTE;7990.609
2025-05-12 23:00:00;NORTE;SUDESTE/CENTRO-OESTE;8104.319
2025-05-13 00:00:00;NORTE;SUDESTE/CENTRO-OESTE;7907.288
2025-05-13 01:00:00;NORTE;SUDESTE/CENTRO-OESTE;7089.365
2025-05-13 02:00:00;NORTE;SUDESTE/CENTRO-OESTE;6587.03
2025-05-13 03:00:00;NORTE;SUDESTE/CENTRO-OESTE;6329.309
2025-05-13 04:00:00;NORTE;SUDESTE/CENTRO-OESTE;6800.22
2025-05-13 05:00:00;NORTE;SUDESTE/CENTRO-OESTE;7518.783
2025-05-13 06:00:00;NORTE;SUDESTE/CENTRO-OESTE;7746.8
2025-05-13 07:00:00;NORTE;SUDESTE/CENTRO-OESTE;6954.245
2025-05-13 08:00:00;NORTE;SUDESTE/CENTRO-OESTE;6631.066
2025-05-13 09:00:00;NORTE;SUDESTE/CENTRO-OESTE;6102.784
2025-05-13 10:00:00;NORTE;SUDESTE/CENTRO-OESTE;5848.587
2025-05-13 11:00:00;NORTE;SUDESTE/CENTRO-OESTE;4841.169
2025-05-13 12:00:00;NORTE;SUDESTE/CENTRO-OESTE;4882.53399999
2025-05-13 13:00:00;NORTE;SUDESTE/CENTRO-OESTE;4857.37299999
2025-05-13 14:00:00;NORTE;SUDESTE/CENTRO-OESTE;5364.289
2025-05-13 15:00:00;NORTE;SUDESTE/CENTRO-OESTE;5975.679
2025-05-13 16:00:00;NORTE;SUDESTE/CENTRO-OESTE;6309.433
2025-05-13 17:00:00;NORTE;SUDESTE/CENTRO-OESTE;7202.679
2025-05-13 18:00:00;NORTE;SUDESTE/CENTRO-OESTE;8070.347
2025-05-13 19:00:00;NORTE;SUDESTE/CENTRO-OESTE;8317.027
2025-05-13 20:00:00;NORTE;SUDESTE/CENTRO-OESTE;8249.008
2025-05-13 21:00:00;NORTE;SUDESTE/CENTRO-OESTE;8070.721
2025-05-13 22:00:00;NORTE;SUDESTE/CENTRO-OESTE;7898.68
2025-05-13 23:00:00;NORTE;SUDESTE/CENTRO-OESTE;7575.597
2025-05-14 00:00:00;NORTE;SUDESTE/CENTRO-OESTE;7178.428
2025-05-14 01:00:00;NORTE;SUDESTE/CENTRO-OESTE;6727.45
2025-05-14 02:00:00;NORTE;SUDESTE/CENTRO-OESTE;6563.424
2025-05-14 03:00:00;NORTE;SUDESTE/CENTRO-OESTE;6308.098
2025-05-14 04:00:00;NORTE;SUDESTE/CENTRO-OESTE;6342.669
2025-05-14 05:00:00;NORTE;SUDESTE/CENTRO-OESTE;6777.907
2025-05-14 06:00:00;NORTE;SUDESTE/CENTRO-OESTE;7282.283
2025-05-14 07:00:00;NORTE;SUDESTE/CENTRO-OESTE;7176.818
2025-05-14 08:00:00;NORTE;SUDESTE/CENTRO-OESTE;6640.223
2025-05-14 09:00:00;NORTE;SUDESTE/CENTRO-OESTE;6100.689
2025-05-14 10:00:00;NORTE;SUDESTE/CENTRO-OESTE;5719.77
2025-05-14 11:00:00;NORTE;SUDESTE/CENTRO-OESTE;5666.502
2025-05-14 12:00:00;NORTE;SUDESTE/CENTRO-OESTE;5583.65
2025-05-14 13:00:00;NORTE;SUDESTE/CENTRO-OESTE;6053.401
2025-05-14 14:00:00;NORTE;SUDESTE/CENTRO-OESTE;5957.213
2025-05-14 15:00:00;NORTE;SUDESTE/CENTRO-OESTE;7041.514
2025-05-14 16:00:00;NORTE;SUDESTE/CENTRO-OESTE;8572.078
2025-05-14 17:00:00;NORTE;SUDESTE/CENTRO-OESTE;8582.11
2025-05-14 18:00:00;NORTE;SUDESTE/CENTRO-OESTE;8468.75499999
2025-05-14 19:00:00;NORTE;SUDESTE/CENTRO-OESTE;8719.74
2025-05-14 20:00:00;NORTE;SUDESTE/CENTRO-OESTE;8267.413
2025-05-14 21:00:00;NORTE;SUDESTE/CENTRO-OESTE;8089.831
2025-05-14 22:00:00;NORTE;SUDESTE/CENTRO-OESTE;8023.307
2025-05-14 23:00:00;NORTE;SUDESTE/CENTRO-OESTE;7966.879
2025-05-15 00:00:00;NORTE;SUDESTE/CENTRO-OESTE;6909.79
2025-05-15 01:00:00;NORTE;SUDESTE/CENTRO-OESTE;6233.386
2025-05-15 02:00:00;NORTE;SUDESTE/CENTRO-OESTE;6206.48
2025-05-15 03:00:00;NORTE;SUDESTE/CENTRO-OESTE;6351.7
2025-05-15 04:00:00;NORTE;SUDESTE/CENTRO-OESTE;6384.267
2025-05-15 05:00:00;NORTE;SUDESTE/CENTRO-OESTE;6599.859
2025-05-15 06:00:00;NORTE;SUDESTE/CENTRO-OESTE;7443.748
2025-05-15 07:00:00;NORTE;SUDESTE/CENTRO-OESTE;7029.636
2025-05-15 08:00:00;NORTE;SUDESTE/CENTRO-OESTE;6470.134
2025-05-15 09:00:00;NORTE;SUDESTE/CENTRO-OESTE;6277.792
2025-05-15 10:00:00;NORTE;SUDESTE/CENTRO-OESTE;6151.918
2025-05-15 11:00:00;NORTE;SUDESTE/CENTRO-OESTE;5821.092
2025-05-15 12:00:00;NORTE;SUDESTE/CENTRO-OESTE;5628.516
2025-05-15 13:00:00;NORTE;SUDESTE/CENTRO-OESTE;5658.568
2025-05-15 14:00:00;NORTE;SUDESTE/CENTRO-OESTE;5626.877
2025-05-15 15:00:00;NORTE;SUDESTE/CENTRO-OESTE;5988.914
2025-05-15 16:00:00;NORTE;SUDESTE/CENTRO-OESTE;6718.3
2025-05-15 17:00:00;NORTE;SUDESTE/CENTRO-OESTE;8368.347
2025-05-15 18:00:00;NORTE;SUDESTE/CENTRO-OESTE;8956.511
2025-05-15 19:00:00;NORTE;SUDESTE/CENTRO-OESTE;8712.315
2025-05-15 20:00:00;NORTE;SUDESTE/CENTRO-OESTE;8078.155
2025-05-15 21:00:00;NORTE;SUDESTE/CENTRO-OESTE;7870.697
2025-05-15 22:00:00;NORTE;SUDESTE/CENTRO-OESTE;6273.773
2025-05-15 23:00:00;NORTE;SUDESTE/CENTRO-OESTE;4322.733
2025-05-16 00:00:00;NORTE;SUDESTE/CENTRO-OESTE;6177.733
2025-05-16 01:00:00;NORTE;SUDESTE/CENTRO-OESTE;7174.226
2025-05-16 02:00:00;NORTE;SUDESTE/CENTRO-OESTE;7114.083
2025-05-16 03:00:00;NORTE;SUDESTE/CENTRO-OESTE;6925.535
2025-05-16 04:00:00;NORTE;SUDESTE/CENTRO-OESTE;6728.8
2025-05-16 05:00:00;NORTE;SUDESTE/CENTRO-OESTE;6928.757
2025-05-16 06:00:00;NORTE;SUDESTE/CENTRO-OESTE;7524.974
2025-05-16 07:00:00;NORTE;SUDESTE/CENTRO-OESTE;7490.799
2025-05-16 08:00:00;NORTE;SUDESTE/CENTRO-OESTE;6627.855
2025-05-16 09:00:00;NORTE;SUDESTE/CENTRO-OESTE;5828.741
2025-05-16 10:00:00;NORTE;SUDESTE/CENTRO-OESTE;5375.363
2025-05-16 11:00:00;NORTE;SUDESTE/CENTRO-OESTE;5563.386
2025-05-16 12:00:00;NORTE;SUDESTE/CENTRO-OESTE;5469.798
2025-05-16 13:00:00;NORTE;SUDESTE/CENTRO-OESTE;5567.738
2025-05-16 14:00:00;NORTE;SUDESTE/CENTRO-OESTE;5826.052
2025-05-16 15:00:00;NORTE;SUDESTE/CENTRO-OESTE;6279.942
2025-05-16 16:00:00;NORTE;SUDESTE/CENTRO-OESTE;7638.012
2025-05-16 17:00:00;NORTE;SUDESTE/CENTRO-OESTE;8516.12199999
2025-05-16 18:00:00;NORTE;SUDESTE/CENTRO-OESTE;8265.718
2025-05-16 19:00:00;NORTE;SUDESTE/CENTRO-OESTE;8024.61
2025-05-16 20:00:00;NORTE;SUDESTE/CENTRO-OESTE;8033.058
2025-05-16 21:00:00;NORTE;SUDESTE/CENTRO-OESTE;7892.938
2025-05-16 22:00:00;NORTE;SUDESTE/CENTRO-OESTE;7958.627
2025-05-16 23:00:00;NORTE;SUDESTE/CENTRO-OESTE;8032.113
2025-05-17 00:00:00;NORTE;SUDESTE/CENTRO-OESTE;7358.198
2025-05-17 01:00:00;NORTE;SUDESTE/CENTRO-OESTE;6335.071
2025-05-17 02:00:00;NORTE;SUDESTE/CENTRO-OESTE;5180.519
2025-05-17 03:00:00;NORTE;SUDESTE/CENTRO-OESTE;5303.05599999
2025-05-17 04:00:00;NORTE;SUDESTE/CENTRO-OESTE;5808.531
2025-05-17 05:00:00;NORTE;SUDESTE/CENTRO-OESTE;6091.324
2025-05-17 06:00:00;NORTE;SUDESTE/CENTRO-OESTE;6364.366
2025-05-17 07:00:00;NORTE;SUDESTE/CENTRO-OESTE;6325.459
2025-05-17 08:00:00;NORTE;SUDESTE/CENTRO-OESTE;4842.286
2025-05-17 09:00:00;NORTE;SUDESTE/CENTRO-OESTE;4570.8
2025-05-17 10:00:00;NORTE;SUDESTE/CENTRO-OESTE;4332.073
2025-05-17 11:00:00;NORTE;SUDESTE/CENTRO-OESTE;3983.387
2025-05-17 12:00:00;NORTE;SUDESTE/CENTRO-OESTE;3496.006
2025-05-17 13:00:00;NORTE;SUDESTE/CENTRO-OESTE;3562.671
2025-05-17 14:00:00;NORTE;SUDESTE/CENTRO-OESTE;3667.912
2025-05-17 15:00:00;NORTE;SUDESTE/CENTRO-OESTE;4191.392
2025-05-17 16:00:00;NORTE;SUDESTE/CENTRO-OESTE;5587.427
2025-05-17 17:00:00;NORTE;SUDESTE/CENTRO-OESTE;7223.492
2025-05-17 18:00:00;NORTE;SUDESTE/CENTRO-OESTE;8273.733
2025-05-17 19:00:00;NORTE;SUDESTE/CENTRO-OESTE;8325.713
2025-05-17 20:00:00;NORTE;SUDESTE/CENTRO-OESTE;8394.159
2025-05-17 21:00:00;NORTE;SUDESTE/CENTRO-OESTE;8453.475
2025-05-17 22:00:00;NORTE;SUDESTE/CENTRO-OESTE;8383.583
2025-05-17 23:00:00;NORTE;SUDESTE/CENTRO-OESTE;8257.60399999
2025-05-18 00:00:00;NORTE;SUDESTE/CENTRO-OESTE;7103.521
2025-05-18 01:00:00;NORTE;SUDESTE/CENTRO-OESTE;5271.126
2025-05-18 02:00:00;NORTE;SUDESTE/CENTRO-OESTE;4092.427
2025-05-18 03:00:00;NORTE;SUDESTE/CENTRO-OESTE;3078.098
2025-05-18 04:00:00;NORTE;SUDESTE/CENTRO-OESTE;2879.374
2025-05-18 05:00:00;NORTE;SUDESTE/CENTRO-OESTE;2935.901
2025-05-18 06:00:00;NORTE;SUDESTE/CENTRO-OESTE;3288.407
2025-05-18 07:00:00;NORTE;SUDESTE/CENTRO-OESTE;3298.409
2025-05-18 08:00:00;NORTE;SUDESTE/CENTRO-OESTE;2802.548
2025-05-18 09:00:00;NORTE;SUDESTE/CENTRO-OESTE;2395.369
2025-05-18 10:00:00;NORTE;SUDESTE/CENTRO-OESTE;2115.297
2025-05-18 11:00:00;NORTE;SUDESTE/CENTRO-OESTE;2160.61499999
2025-05-18 12:00:00;NORTE;SUDESTE/CENTRO-OESTE;2077.069
2025-05-18 13:00:00;NORTE;SUDESTE/CENTRO-OESTE;2020.203
2025-05-18 14:00:00;NORTE;SUDESTE/CENTRO-OESTE;2340.936
2025-05-18 15:00:00;NORTE;SUDESTE/CENTRO-OESTE;3049.67
2025-05-18 16:00:00;NORTE;SUDESTE/CENTRO-OESTE;4611.428
2025-05-18 17:00:00;NORTE;SUDESTE/CENTRO-OESTE;7292.532
2025-05-18 18:00:00;NORTE;SUDESTE/CENTRO-OESTE;8077.11
2025-05-18 19:00:00;NORTE;SUDESTE/CENTRO-OESTE;7380.91
2025-05-18 20:00:00;NORTE;SUDESTE/CENTRO-OESTE;7096.301
2025-05-18 21:00:00;NORTE;SUDESTE/CENTRO-OESTE;6503.161
2025-05-18 22:00:00;NORTE;SUDESTE/CENTRO-OESTE;6105.6
2025-05-18 23:00:00;NORTE;SUDESTE/CENTRO-OESTE;5220.473
2025-05-19 00:00:00;NORTE;SUDESTE/CENTRO-OESTE;4292.407
2025-05-19 01:00:00;NORTE;SUDESTE/CENTRO-OESTE;4323.026
2025-05-19 02:00:00;NORTE;SUDESTE/CENTRO-OESTE;4240.192
2025-05-19 03:00:00;NORTE;SUDESTE/CENTRO-OESTE;4193.8
2025-05-19 04:00:00;NORTE;SUDESTE/CENTRO-OESTE;4329.732
2025-05-19 05:00:00;NORTE;SUDESTE/CENTRO-OESTE;4780.758
2025-05-19 06:00:00;NORTE;SUDESTE/CENTRO-OESTE;6432.283
2025-05-19 07:00:00;NORTE;SUDESTE/CENTRO-OESTE;6149.829
2025-05-19 08:00:00;NORTE;SUDESTE/CENTRO-OESTE;5746.718
2025-05-19 09:00:00;NORTE;SUDESTE/CENTRO-OESTE;5520.731
2025-05-19 10:00:00;NORTE;SUDESTE/CENTRO-OESTE;5198.015
2025-05-19 11:00:00;NORTE;SUDESTE/CENTRO-OESTE;5057.914
2025-05-19 12:00:00;NORTE;SUDESTE/CENTRO-OESTE;5025.211
2025-05-19 13:00:00;NORTE;SUDESTE/CENTRO-OESTE;5242.45799999
2025-05-19 14:00:00;NORTE;SUDESTE/CENTRO-OESTE;5444.905
2025-05-19 15:00:00;NORTE;SUDESTE/CENTRO-OESTE;6880.956
2025-05-19 16:00:00;NORTE;SUDESTE/CENTRO-OESTE;8264.902
2025-05-19 17:00:00;NORTE;SUDESTE/CENTRO-OESTE;7881.383
2025-05-19 18:00:00;NORTE;SUDESTE/CENTRO-OESTE;8568.058
2025-05-19 19:00:00;NORTE;SUDESTE/CENTRO-OESTE;8258.073
2025-05-19 20:00:00;NORTE;SUDESTE/CENTRO-OESTE;8089.74
2025-05-19 21:00:00;NORTE;SUDESTE/CENTRO-OESTE;8051.622
2025-05-19 22:00:00;NORTE;SUDESTE/CENTRO-OESTE;7782.104
2025-05-19 23:00:00;NORTE;SUDESTE/CENTRO-OESTE;7533.657
2025-05-20 00:00:00;NORTE;SUDESTE/CENTRO-OESTE;7402.17
2025-05-20 01:00:00;NORTE;SUDESTE/CENTRO-OESTE;7249.721
2025-05-20 02:00:00;NORTE;SUDESTE/CENTRO-OESTE;7002.857
2025-05-20 03:00:00;NORTE;SUDESTE/CENTRO-OESTE;7155.645
2025-05-20 04:00:00;NORTE;SUDESTE/CENTRO-OESTE;7285.533
2025-05-20 05:00:00;NORTE;SUDESTE/CENTRO-OESTE;7650.261
2025-05-20 06:00:00;NORTE;SUDESTE/CENTRO-OESTE;7812.959
2025-05-20 07:00:00;NORTE;SUDESTE/CENTRO-OESTE;6864.587
2025-05-20 08:00:00;NORTE;SUDESTE/CENTRO-OESTE;6156.728
2025-05-20 09:00:00;NORTE;SUDESTE/CENTRO-OESTE;5039.428
2025-05-20 10:00:00;NORTE;SUDESTE/CENTRO-OESTE;4010.11
2025-05-20 11:00:00;NORTE;SUDESTE/CENTRO-OESTE;3921.718
2025-05-20 12:00:00;NORTE;SUDESTE/CENTRO-OESTE;4079.438
2025-05-20 13:00:00;NORTE;SUDESTE/CENTRO-OESTE;4656.853
2025-05-20 14:00:00;NORTE;SUDESTE/CENTRO-OESTE;5790.71
2025-05-20 15:00:00;NORTE;SUDESTE/CENTRO-OESTE;7376.599
2025-05-20 16:00:00;NORTE;SUDESTE/CENTRO-OESTE;8104.483
2025-05-20 17:00:00;NORTE;SUDESTE/CENTRO-OESTE;7690.252
2025-05-20 18:00:00;NORTE;SUDESTE/CENTRO-OESTE;8251.501
2025-05-20 19:00:00;NORTE;SUDESTE/CENTRO-OESTE;8322.26399999
2025-05-20 20:00:00;NORTE;SUDESTE/CENTRO-OESTE;8200.565
2025-05-20 21:00:00;NORTE;SUDESTE/CENTRO-OESTE;8333.355
2025-05-20 22:00:00;NORTE;SUDESTE/CENTRO-OESTE;8250.686
2025-05-20 23:00:00;NORTE;SUDESTE/CENTRO-OESTE;7856.137
2025-05-21 00:00:00;NORTE;SUDESTE/CENTRO-OESTE;7031.293
2025-05-21 01:00:00;NORTE;SUDESTE/CENTRO-OESTE;5970.889
2025-05-21 02:00:00;NORTE;SUDESTE/CENTRO-OESTE;5526.066
2025-05-21 03:00:00;NORTE;SUDESTE/CENTRO-OESTE;5534.473
2025-05-21 04:00:00;NORTE;SUDESTE/CENTRO-OESTE;5713.936
2025-05-21 05:00:00;NORTE;SUDESTE/CENTRO-OESTE;6573.529
2025-05-21 06:00:00;NORTE;SUDESTE/CENTRO-OESTE;8036.686
2025-05-21 07:00:00;NORTE;SUDESTE/CENTRO-OESTE;7477.526
2025-05-21 08:00:00;NORTE;SUDESTE/CENTRO-OESTE;6108.727
2025-05-21 09:00:00;NORTE;SUDESTE/CENTRO-OESTE;5356.474
2025-05-21 10:00:00;NORTE;SUDESTE/CENTRO-OESTE;5039.375
2025-05-21 11:00:00;NORTE;SUDESTE/CENTRO-OESTE;4955.625
2025-05-21 12:00:00;NORTE;SUDESTE/CENTRO-OESTE;4671.171
2025-05-21 13:00:00;NORTE;SUDESTE/CENTRO-OESTE;4821.95799999
2025-05-21 14:00:00;NORTE;SUDESTE/CENTRO-OESTE;5275.246
2025-05-21 15:00:00;NORTE;SUDESTE/CENTRO-OESTE;6377.086
2025-05-21 16:00:00;NORTE;SUDESTE/CENTRO-OESTE;7994.635
2025-05-21 17:00:00;NORTE;SUDESTE/CENTRO-OESTE;8411.147
2025-05-21 18:00:00;NORTE;SUDESTE/CENTRO-OESTE;8401.887
2025-05-21 19:00:00;NORTE;SUDESTE/CENTRO-OESTE;7891.435
2025-05-21 20:00:00;NORTE;SUDESTE/CENTRO-OESTE;7991.826
2025-05-21 21:00:00;NORTE;SUDESTE/CENTRO-OESTE;7928.439
2025-05-21 22:00:00;NORTE;SUDESTE/CENTRO-OESTE;7839.077
2025-05-21 23:00:00;NORTE;SUDESTE/CENTRO-OESTE;7791.929
2025-05-22 00:00:00;NORTE;SUDESTE/CENTRO-OESTE;7626.339
2025-05-22 01:00:00;NORTE;SUDESTE/CENTRO-OESTE;6776.101
2025-05-22 02:00:00;NORTE;SUDESTE/CENTRO-OESTE;5860.288
2025-05-22 03:00:00;NORTE;SUDESTE/CENTRO-OESTE;5343.229
2025-05-22 04:00:00;NORTE;SUDESTE/CENTRO-OESTE;5390.53799999
2025-05-22 05:00:00;NORTE;SUDESTE/CENTRO-OESTE;5959.567
2025-05-22 06:00:00;NORTE;SUDESTE/CENTRO-OESTE;7233.493
2025-05-22 07:00:00;NORTE;SUDESTE/CENTRO-OESTE;7047.431
2025-05-22 08:00:00;NORTE;SUDESTE/CENTRO-OESTE;6060.82
2025-05-22 09:00:00;NORTE;SUDESTE/CENTRO-OESTE;5366.81499999
2025-05-22 10:00:00;NORTE;SUDESTE/CENTRO-OESTE;4605.05
2025-05-22 11:00:00;NORTE;SUDESTE/CENTRO-OESTE;4509.38
2025-05-22 12:00:00;NORTE;SUDESTE/CENTRO-OESTE;4308.657
2025-05-22 13:00:00;NORTE;SUDESTE/CENTRO-OESTE;5396.707
2025-05-22 14:00:00;NORTE;SUDESTE/CENTRO-OESTE;6352.767
2025-05-22 15:00:00;NORTE;SUDESTE/CENTRO-OESTE;7246.156
2025-05-22 16:00:00;NORTE;SUDESTE/CENTRO-OESTE;8039.184
2025-05-22 17:00:00;NORTE;SUDESTE/CENTRO-OESTE;8160.512
2025-05-22 18:00:00;NORTE;SUDESTE/CENTRO-OESTE;8550.833
2025-05-22 19:00:00;NORTE;SUDESTE/CENTRO-OESTE;8061.058
2025-05-22 20:00:00;NORTE;SUDESTE/CENTRO-OESTE;8009.324
2025-05-22 21:00:00;NORTE;SUDESTE/CENTRO-OESTE;8022.959
2025-05-22 22:00:00;NORTE;SUDESTE/CENTRO-OESTE;8195.545
2025-05-22 23:00:00;NORTE;SUDESTE/CENTRO-OESTE;7942.701
2025-05-23 00:00:00;NORTE;SUDESTE/CENTRO-OESTE;7719.886
2025-05-23 01:00:00;NORTE;SUDESTE/CENTRO-OESTE;6463.029
2025-05-23 02:00:00;NORTE;SUDESTE/CENTRO-OESTE;5287.754
2025-05-23 03:00:00;NORTE;SUDESTE/CENTRO-OESTE;4680.655
2025-05-23 04:00:00;NORTE;SUDESTE/CENTRO-OESTE;4400.91799999
2025-05-23 05:00:00;NORTE;SUDESTE/CENTRO-OESTE;4662.424
2025-05-23 06:00:00;NORTE;SUDESTE/CENTRO-OESTE;4986.317
2025-05-23 07:00:00;NORTE;SUDESTE/CENTRO-OESTE;5285.22099999
2025-05-23 08:00:00;NORTE;SUDESTE/CENTRO-OESTE;6622.24
2025-05-23 09:00:00;NORTE;SUDESTE/CENTRO-OESTE;6223.133
2025-05-23 10:00:00;NORTE;SUDESTE/CENTRO-OESTE;5335.153
2025-05-23 11:00:00;NORTE;SUDESTE/CENTRO-OESTE;5307.08299999
2025-05-23 12:00:00;NORTE;SUDESTE/CENTRO-OESTE;5268.907
2025-05-23 13:00:00;NORTE;SUDESTE/CENTRO-OESTE;5395.207
2025-05-23 14:00:00;NORTE;SUDESTE/CENTRO-OESTE;6106.772
2025-05-23 15:00:00;NORTE;SUDESTE/CENTRO-OESTE;7944.497
2025-05-23 16:00:00;NORTE;SUDESTE/CENTRO-OESTE;8581.018
2025-05-23 17:00:00;NORTE;SUDESTE/CENTRO-OESTE;7894.902
2025-05-23 18:00:00;NORTE;SUDESTE/CENTRO-OESTE;8756.037
2025-05-23 19:00:00;NORTE;SUDESTE/CENTRO-OESTE;8402.263
2025-05-23 20:00:00;NORTE;SUDESTE/CENTRO-OESTE;8044.004
2025-05-23 21:00:00;NORTE;SUDESTE/CENTRO-OESTE;7993.023
2025-05-23 22:00:00;NORTE;SUDESTE/CENTRO-OESTE;7792.75
2025-05-23 23:00:00;NORTE;SUDESTE/CENTRO-OESTE;7665.765
2025-05-24 00:00:00;NORTE;SUDESTE/CENTRO-OESTE;7248.162
2025-05-24 01:00:00;NORTE;SUDESTE/CENTRO-OESTE;6755.811
2025-05-24 02:00:00;NORTE;SUDESTE/CENTRO-OESTE;5497.385
2025-05-24 03:00:00;NORTE;SUDESTE/CENTRO-OESTE;5091.094
2025-05-24 04:00:00;NORTE;SUDESTE/CENTRO-OESTE;5206.189
2025-05-24 05:00:00;NORTE;SUDESTE/CENTRO-OESTE;5452.261
2025-05-24 06:00:00;NORTE;SUDESTE/CENTRO-OESTE;5177.48499999
2025-05-24 07:00:00;NORTE;SUDESTE/CENTRO-OESTE;5174.444
2025-05-24 08:00:00;NORTE;SUDESTE/CENTRO-OESTE;5137.773
2025-05-24 09:00:00;NORTE;SUDESTE/CENTRO-OESTE;5009.753
2025-05-24 10:00:00;NORTE;SUDESTE/CENTRO-OESTE;4348.53
2025-05-24 11:00:00;NORTE;SUDESTE/CENTRO-OESTE;4134.629
2025-05-24 12:00:00;NORTE;SUDESTE/CENTRO-OESTE;3946.886
2025-05-24 13:00:00;NORTE;SUDESTE/CENTRO-OESTE;3831.854
2025-05-24 14:00:00;NORTE;SUDESTE/CENTRO-OESTE;3641.808
2025-05-24 15:00:00;NORTE;SUDESTE/CENTRO-OESTE;4409.108
2025-05-24 16:00:00;NORTE;SUDESTE/CENTRO-OESTE;6522.273
2025-05-24 17:00:00;NORTE;SUDESTE/CENTRO-OESTE;7357.163
2025-05-24 18:00:00;NORTE;SUDESTE/CENTRO-OESTE;7672.993
2025-05-24 19:00:00;NORTE;SUDESTE/CENTRO-OESTE;8245.333
2025-05-24 20:00:00;NORTE;SUDESTE/CENTRO-OESTE;7954.836
2025-05-24 21:00:00;NORTE;SUDESTE/CENTRO-OESTE;7931.854
2025-05-24 22:00:00;NORTE;SUDESTE/CENTRO-OESTE;7041.586
2025-05-24 23:00:00;NORTE;SUDESTE/CENTRO-OESTE;6315.326
2025-05-25 00:00:00;NORTE;SUDESTE/CENTRO-OESTE;4700.72999999
2025-05-25 01:00:00;NORTE;SUDESTE/CENTRO-OESTE;3432.957
2025-05-25 02:00:00;NORTE;SUDESTE/CENTRO-OESTE;2902.185
2025-05-25 03:00:00;NORTE;SUDESTE/CENTRO-OESTE;2999.774
2025-05-25 04:00:00;NORTE;SUDESTE/CENTRO-OESTE;2994.757
2025-05-25 05:00:00;NORTE;SUDESTE/CENTRO-OESTE;2908.838
2025-05-25 06:00:00;NORTE;SUDESTE/CENTRO-OESTE;2898.396
2025-05-25 07:00:00;NORTE;SUDESTE/CENTRO-OESTE;3327.069
2025-05-25 08:00:00;NORTE;SUDESTE/CENTRO-OESTE;3026.87
2025-05-25 09:00:00;NORTE;SUDESTE/CENTRO-OESTE;2124.051
2025-05-25 10:00:00;NORTE;SUDESTE/CENTRO-OESTE;1678.287
2025-05-25 11:00:00;NORTE;SUDESTE/CENTRO-OESTE;1645.261
2025-05-25 12:00:00;NORTE;SUDESTE/CENTRO-OESTE;1586.604
2025-05-25 13:00:00;NORTE;SUDESTE/CENTRO-OESTE;1591.662
2025-05-25 14:00:00;NORTE;SUDESTE/CENTRO-OESTE;1604.515
2025-05-25 15:00:00;NORTE;SUDESTE/CENTRO-OESTE;2244.975
2025-05-25 16:00:00;NORTE;SUDESTE/CENTRO-OESTE;4302.816
2025-05-25 17:00:00;NORTE;SUDESTE/CENTRO-OESTE;6787.577
2025-05-25 18:00:00;NORTE;SUDESTE/CENTRO-OESTE;8157.895
2025-05-25 19:00:00;NORTE;SUDESTE/CENTRO-OESTE;8390.83599999
2025-05-25 20:00:00;NORTE;SUDESTE/CENTRO-OESTE;8380.563
2025-05-25 21:00:00;NORTE;SUDESTE/CENTRO-OESTE;8005.853
2025-05-25 22:00:00;NORTE;SUDESTE/CENTRO-OESTE;6893.455
2025-05-25 23:00:00;NORTE;SUDESTE/CENTRO-OESTE;5891.212
2025-05-26 00:00:00;NORTE;SUDESTE/CENTRO-OESTE;4586.884
2025-05-26 01:00:00;NORTE;SUDESTE/CENTRO-OESTE;3858.04
2025-05-26 02:00:00;NORTE;SUDESTE/CENTRO-OESTE;3470.808
2025-05-26 03:00:00;NORTE;SUDESTE/CENTRO-OESTE;3358.672
2025-05-26 04:00:00;NORTE;SUDESTE/CENTRO-OESTE;3534.238
2025-05-26 05:00:00;NORTE;SUDESTE/CENTRO-OESTE;5227.097
2025-05-26 06:00:00;NORTE;SUDESTE/CENTRO-OESTE;7044.623
2025-05-26 07:00:00;NORTE;SUDESTE/CENTRO-OESTE;6762.168
2025-05-26 08:00:00;NORTE;SUDESTE/CENTRO-OESTE;4922.281
2025-05-26 09:00:00;NORTE;SUDESTE/CENTRO-OESTE;4709.627
2025-05-26 10:00:00;NORTE;SUDESTE/CENTRO-OESTE;4308.469
2025-05-26 11:00:00;NORTE;SUDESTE/CENTRO-OESTE;4019.236
2025-05-26 12:00:00;NORTE;SUDESTE/CENTRO-OESTE;3849.73
2025-05-26 13:00:00;NORTE;SUDESTE/CENTRO-OESTE;4280.361
2025-05-26 14:00:00;NORTE;SUDESTE/CENTRO-OESTE;5878.157
2025-05-26 15:00:00;NORTE;SUDESTE/CENTRO-OESTE;7618.9
2025-05-26 16:00:00;NORTE;SUDESTE/CENTRO-OESTE;8375.385
2025-05-26 17:00:00;NORTE;SUDESTE/CENTRO-OESTE;8367.006
2025-05-26 18:00:00;NORTE;SUDESTE/CENTRO-OESTE;8701.217
2025-05-26 19:00:00;NORTE;SUDESTE/CENTRO-OESTE;8131.293
2025-05-26 20:00:00;NORTE;SUDESTE/CENTRO-OESTE;8175.58
2025-05-26 21:00:00;NORTE;SUDESTE/CENTRO-OESTE;7865.203
2025-05-26 22:00:00;NORTE;SUDESTE/CENTRO-OESTE;8363.34
2025-05-26 23:00:00;NORTE;SUDESTE/CENTRO-OESTE;8493.06
2025-05-27 00:00:00;NORTE;SUDESTE/CENTRO-OESTE;7905.24
2025-05-27 01:00:00;NORTE;SUDESTE/CENTRO-OESTE;7054.193
2025-05-27 02:00:00;NORTE;SUDESTE/CENTRO-OESTE;6098.56
2025-05-27 03:00:00;NORTE;SUDESTE/CENTRO-OESTE;6280.493
2025-05-27 04:00:00;NORTE;SUDESTE/CENTRO-OESTE;6133.633
2025-05-27 05:00:00;NORTE;SUDESTE/CENTRO-OESTE;6549.714
2025-05-27 06:00:00;NORTE;SUDESTE/CENTRO-OESTE;7480.323
2025-05-27 07:00:00;NORTE;SUDESTE/CENTRO-OESTE;6698.673
2025-05-27 08:00:00;NORTE;SUDESTE/CENTRO-OESTE;5888.592
2025-05-27 09:00:00;NORTE;SUDESTE/CENTRO-OESTE;5347.019
2025-05-27 10:00:00;NORTE;SUDESTE/CENTRO-OESTE;5052.40899999
2025-05-27 11:00:00;NORTE;SUDESTE/CENTRO-OESTE;4928.68099999
2025-05-27 12:00:00;NORTE;SUDESTE/CENTRO-OESTE;4801.872
2025-05-27 13:00:00;NORTE;SUDESTE/CENTRO-OESTE;5402.295
2025-05-27 14:00:00;NORTE;SUDESTE/CENTRO-OESTE;6375.283
2025-05-27 15:00:00;NORTE;SUDESTE/CENTRO-OESTE;7044.434
2025-05-27 16:00:00;NORTE;SUDESTE/CENTRO-OESTE;8102.071
2025-05-27 17:00:00;NORTE;SUDESTE/CENTRO-OESTE;8502.939
2025-05-27 18:00:00;NORTE;SUDESTE/CENTRO-OESTE;8641.33499999
2025-05-27 19:00:00;NORTE;SUDESTE/CENTRO-OESTE;8494.307
2025-05-27 20:00:00;NORTE;SUDESTE/CENTRO-OESTE;8251.73699999
2025-05-27 21:00:00;NORTE;SUDESTE/CENTRO-OESTE;7958.04
2025-05-27 22:00:00;NORTE;SUDESTE/CENTRO-OESTE;7867.979
2025-05-27 23:00:00;NORTE;SUDESTE/CENTRO-OESTE;7495.745
2025-05-28 00:00:00;NORTE;SUDESTE/CENTRO-OESTE;6653.819
2025-05-28 01:00:00;NORTE;SUDESTE/CENTRO-OESTE;5389.421
2025-05-28 02:00:00;NORTE;SUDESTE/CENTRO-OESTE;5625.521
2025-05-28 03:00:00;NORTE;SUDESTE/CENTRO-OESTE;6002.969
2025-05-28 04:00:00;NORTE;SUDESTE/CENTRO-OESTE;5954.038
2025-05-28 05:00:00;NORTE;SUDESTE/CENTRO-OESTE;6931.431
2025-05-28 06:00:00;NORTE;SUDESTE/CENTRO-OESTE;7715.067
2025-05-28 07:00:00;NORTE;SUDESTE/CENTRO-OESTE;7369.28
2025-05-28 08:00:00;NORTE;SUDESTE/CENTRO-OESTE;6464.318
2025-05-28 09:00:00;NORTE;SUDESTE/CENTRO-OESTE;6877.996
2025-05-28 10:00:00;NORTE;SUDESTE/CENTRO-OESTE;6807.998
2025-05-28 11:00:00;NORTE;SUDESTE/CENTRO-OESTE;6654.862
2025-05-28 12:00:00;NORTE;SUDESTE/CENTRO-OESTE;6551.174
2025-05-28 13:00:00;NORTE;SUDESTE/CENTRO-OESTE;7039.809
2025-05-28 14:00:00;NORTE;SUDESTE/CENTRO-OESTE;8149.775
2025-05-28 15:00:00;NORTE;SUDESTE/CENTRO-OESTE;8368.91
2025-05-28 16:00:00;NORTE;SUDESTE/CENTRO-OESTE;8843.745
2025-05-28 17:00:00;NORTE;SUDESTE/CENTRO-OESTE;8173.208
2025-05-28 18:00:00;NORTE;SUDESTE/CENTRO-OESTE;8966.08499999
2025-05-28 19:00:00;NORTE;SUDESTE/CENTRO-OESTE;8474.18399999
2025-05-28 20:00:00;NORTE;SUDESTE/CENTRO-OESTE;7198.316
2025-05-28 21:00:00;NORTE;SUDESTE/CENTRO-OESTE;7039.442
2025-05-28 22:00:00;NORTE;SUDESTE/CENTRO-OESTE;6994.305
2025-05-28 23:00:00;NORTE;SUDESTE/CENTRO-OESTE;7371.555
2025-05-29 00:00:00;NORTE;SUDESTE/CENTRO-OESTE;7270.712
2025-05-29 01:00:00;NORTE;SUDESTE/CENTRO-OESTE;6287.728
2025-05-29 02:00:00;NORTE;SUDESTE/CENTRO-OESTE;5793.928
2025-05-29 03:00:00;NORTE;SUDESTE/CENTRO-OESTE;5547.814
2025-05-29 04:00:00;NORTE;SUDESTE/CENTRO-OESTE;5769.43
2025-05-29 05:00:00;NORTE;SUDESTE/CENTRO-OESTE;6522.68
2025-05-29 06:00:00;NORTE;SUDESTE/CENTRO-OESTE;7800.673
2025-05-29 07:00:00;NORTE;SUDESTE/CENTRO-OESTE;7429.897
2025-05-29 08:00:00;NORTE;SUDESTE/CENTRO-OESTE;6447.868
2025-05-29 09:00:00;NORTE;SUDESTE/CENTRO-OESTE;6561.726
2025-05-29 10:00:00;NORTE;SUDESTE/CENTRO-OESTE;6028.843
2025-05-29 11:00:00;NORTE;SUDESTE/CENTRO-OESTE;5668.36
2025-05-29 12:00:00;NORTE;SUDESTE/CENTRO-OESTE;5372.796
2025-05-29 13:00:00;NORTE;SUDESTE/CENTRO-OESTE;4947.628
2025-05-29 14:00:00;NORTE;SUDESTE/CENTRO-OESTE;5542.14
2025-05-29 15:00:00;NORTE;SUDESTE/CENTRO-OESTE;6385.645
2025-05-29 16:00:00;NORTE;SUDESTE/CENTRO-OESTE;6848.848
2025-05-29 17:00:00;NORTE;SUDESTE/CENTRO-OESTE;7620.934
2025-05-29 18:00:00;NORTE;SUDESTE/CENTRO-OESTE;8586.575
2025-05-29 19:00:00;NORTE;SUDESTE/CENTRO-OESTE;8586.97799999
2025-05-29 20:00:00;NORTE;SUDESTE/CENTRO-OESTE;8180.113
2025-05-29 21:00:00;NORTE;SUDESTE/CENTRO-OESTE;8091.944
2025-05-29 22:00:00;NORTE;SUDESTE/CENTRO-OESTE;8154.589
2025-05-29 23:00:00;NORTE;SUDESTE/CENTRO-OESTE;7586.226
2025-05-30 00:00:00;NORTE;SUDESTE/CENTRO-OESTE;6068.914
2025-05-30 01:00:00;NORTE;SUDESTE/CENTRO-OESTE;5056.64
2025-05-30 02:00:00;NORTE;SUDESTE/CENTRO-OESTE;4484.93
2025-05-30 03:00:00;NORTE;SUDESTE/CENTRO-OESTE;4457.59599999
2025-05-30 04:00:00;NORTE;SUDESTE/CENTRO-OESTE;4421.437
2025-05-30 05:00:00;NORTE;SUDESTE/CENTRO-OESTE;5053.33
2025-05-30 06:00:00;NORTE;SUDESTE/CENTRO-OESTE;6054.48
2025-05-30 07:00:00;NORTE;SUDESTE/CENTRO-OESTE;5917.358
2025-05-30 08:00:00;NORTE;SUDESTE/CENTRO-OESTE;5233.962
2025-05-30 09:00:00;NORTE;SUDESTE/CENTRO-OESTE;5150.24399999
2025-05-30 10:00:00;NORTE;SUDESTE/CENTRO-OESTE;4600.269
2025-05-30 11:00:00;NORTE;SUDESTE/CENTRO-OESTE;4314.712
2025-05-30 12:00:00;NORTE;SUDESTE/CENTRO-OESTE;4050.486
2025-05-30 13:00:00;NORTE;SUDESTE/CENTRO-OESTE;3641.971
2025-05-30 14:00:00;NORTE;SUDESTE/CENTRO-OESTE;3993.963
2025-05-30 15:00:00;NORTE;SUDESTE/CENTRO-OESTE;4512.759
2025-05-30 16:00:00;NORTE;SUDESTE/CENTRO-OESTE;6565.038
2025-05-30 17:00:00;NORTE;SUDESTE/CENTRO-OESTE;8250.596
2025-05-30 18:00:00;NORTE;SUDESTE/CENTRO-OESTE;8503.221
2025-05-30 19:00:00;NORTE;SUDESTE/CENTRO-OESTE;8278.561
2025-05-30 20:00:00;NORTE;SUDESTE/CENTRO-OESTE;7378.525
2025-05-30 21:00:00;NORTE;SUDESTE/CENTRO-OESTE;6743.193
2025-05-30 22:00:00;NORTE;SUDESTE/CENTRO-OESTE;6609.349
2025-05-30 23:00:00;NORTE;SUDESTE/CENTRO-OESTE;6567.06
2025-05-31 00:00:00;NORTE;SUDESTE/CENTRO-OESTE;6199.556
2025-05-31 01:00:00;NORTE;SUDESTE/CENTRO-OESTE;5776.332
2025-05-31 02:00:00;NORTE;SUDESTE/CENTRO-OESTE;5788.236
2025-05-31 03:00:00;NORTE;SUDESTE/CENTRO-OESTE;5903.856
2025-05-31 04:00:00;NORTE;SUDESTE/CENTRO-OESTE;5792.679
2025-05-31 05:00:00;NORTE;SUDESTE/CENTRO-OESTE;6024.587
2025-05-31 06:00:00;NORTE;SUDESTE/CENTRO-OESTE;6548.226
2025-05-31 07:00:00;NORTE;SUDESTE/CENTRO-OESTE;6125.937
2025-05-31 08:00:00;NORTE;SUDESTE/CENTRO-OESTE;5211.009
2025-05-31 09:00:00;NORTE;SUDESTE/CENTRO-OESTE;4711.298
2025-05-31 10:00:00;NORTE;SUDESTE/CENTRO-OESTE;4343.31099999
2025-05-31 11:00:00;NORTE;SUDESTE/CENTRO-OESTE;4019.857
2025-05-31 12:00:00;NORTE;SUDESTE/CENTRO-OESTE;3562.108
2025-05-31 13:00:00;NORTE;SUDESTE/CENTRO-OESTE;3444.494
2025-05-31 14:00:00;NORTE;SUDESTE/CENTRO-OESTE;4083.573
2025-05-31 15:00:00;NORTE;SUDESTE/CENTRO-OESTE;5263.745
2025-05-31 16:00:00;NORTE;SUDESTE/CENTRO-OESTE;6753.631
2025-05-31 17:00:00;NORTE;SUDESTE/CENTRO-OESTE;7743.921
2025-05-31 18:00:00;NORTE;SUDESTE/CENTRO-OESTE;8355.32
2025-05-31 19:00:00;NORTE;SUDESTE/CENTRO-OESTE;8482.296
2025-05-31 20:00:00;NORTE;SUDESTE/CENTRO-OESTE;7985.323
2025-05-31 21:00:00;NORTE;SUDESTE/CENTRO-OESTE;7203.343
2025-05-31 22:00:00;NORTE;SUDESTE/CENTRO-OESTE;6899.74
2025-05-31 23:00:00;NORTE;SUDESTE/CENTRO-OESTE;6629.637
2025-06-01 00:00:00;NORTE;SUDESTE/CENTRO-OESTE;5986.98
2025-06-01 01:00:00;NORTE;SUDESTE/CENTRO-OESTE;5334.951
2025-06-01 02:00:00;NORTE;SUDESTE/CENTRO-OESTE;4612.381
2025-06-01 03:00:00;NORTE;SUDESTE/CENTRO-OESTE;3949.673
2025-06-01 04:00:00;NORTE;SUDESTE/CENTRO-OESTE;3925.911
2025-06-01 05:00:00;NORTE;SUDESTE/CENTRO-OESTE;3932.093
2025-06-01 06:00:00;NORTE;SUDESTE/CENTRO-OESTE;4395.85499999
2025-06-01 07:00:00;NORTE;SUDESTE/CENTRO-OESTE;4108.394
2025-06-01 08:00:00;NORTE;SUDESTE/CENTRO-OESTE;3666.584
2025-06-01 09:00:00;NORTE;SUDESTE/CENTRO-OESTE;3261.264
2025-06-01 10:00:00;NORTE;SUDESTE/CENTRO-OESTE;2598.39
2025-06-01 11:00:00;NORTE;SUDESTE/CENTRO-OESTE;2195.879
2025-06-01 12:00:00;NORTE;SUDESTE/CENTRO-OESTE;2077.092
2025-06-01 13:00:00;NORTE;SUDESTE/CENTRO-OESTE;2067.13
2025-06-01 14:00:00;NORTE;SUDESTE/CENTRO-OESTE;2349.982
2025-06-01 15:00:00;NORTE;SUDESTE/CENTRO-OESTE;3362.559
2025-06-01 16:00:00;NORTE;SUDESTE/CENTRO-OESTE;4506.308
2025-06-01 17:00:00;NORTE;SUDESTE/CENTRO-OESTE;7363.108
2025-06-01 18:00:00;NORTE;SUDESTE/CENTRO-OESTE;8153.067
2025-06-01 19:00:00;NORTE;SUDESTE/CENTRO-OESTE;8202.849
2025-06-01 20:00:00;NORTE;SUDESTE/CENTRO-OESTE;7808.624
2025-06-01 21:00:00;NORTE;SUDESTE/CENTRO-OESTE;7217.129
2025-06-01 22:00:00;NORTE;SUDESTE/CENTRO-OESTE;6449.885
2025-06-01 23:00:00;NORTE;SUDESTE/CENTRO-OESTE;5822.964
2025-06-02 00:00:00;NORTE;SUDESTE/CENTRO-OESTE;5067.084
2025-06-02 01:00:00;NORTE;SUDESTE/CENTRO-OESTE;5082.867
2025-06-02 02:00:00;NORTE;SUDESTE/CENTRO-OESTE;4936.456
2025-06-02 03:00:00;NORTE;SUDESTE/CENTRO-OESTE;5018.876
2025-06-02 04:00:00;NORTE;SUDESTE/CENTRO-OESTE;5108.588
2025-06-02 05:00:00;NORTE;SUDESTE/CENTRO-OESTE;5785.32
2025-06-02 06:00:00;NORTE;SUDESTE/CENTRO-OESTE;7031.823
2025-06-02 07:00:00;NORTE;SUDESTE/CENTRO-OESTE;6656.306
2025-06-02 08:00:00;NORTE;SUDESTE/CENTRO-OESTE;5731.968
2025-06-02 09:00:00;NORTE;SUDESTE/CENTRO-OESTE;5296.527
2025-06-02 10:00:00;NORTE;SUDESTE/CENTRO-OESTE;5085.011
2025-06-02 11:00:00;NORTE;SUDESTE/CENTRO-OESTE;4354.908
2025-06-02 12:00:00;NORTE;SUDESTE/CENTRO-OESTE;4538.826
2025-06-02 13:00:00;NORTE;SUDESTE/CENTRO-OESTE;4892.812
2025-06-02 14:00:00;NORTE;SUDESTE/CENTRO-OESTE;5014.834
2025-06-02 15:00:00;NORTE;SUDESTE/CENTRO-OESTE;5635.106
2025-06-02 16:00:00;NORTE;SUDESTE/CENTRO-OESTE;6876.4
2025-06-02 17:00:00;NORTE;SUDESTE/CENTRO-OESTE;7682.226
2025-06-02 18:00:00;NORTE;SUDESTE/CENTRO-OESTE;7976.673
2025-06-02 19:00:00;NORTE;SUDESTE/CENTRO-OESTE;7911.979
2025-06-02 20:00:00;NORTE;SUDESTE/CENTRO-OESTE;7424.425
2025-06-02 21:00:00;NORTE;SUDESTE/CENTRO-OESTE;6979.421
2025-06-02 22:00:00;NORTE;SUDESTE/CENTRO-OESTE;7119.909
2025-06-02 23:00:00;NORTE;SUDESTE/CENTRO-OESTE;6715.582
2025-06-03 00:00:00;NORTE;SUDESTE/CENTRO-OESTE;6116.498
2025-06-03 01:00:00;NORTE;SUDESTE/CENTRO-OESTE;5791.25
2025-06-03 02:00:00;NORTE;SUDESTE/CENTRO-OESTE;5558.758
2025-06-03 03:00:00;NORTE;SUDESTE/CENTRO-OESTE;5192.71699999
2025-06-03 04:00:00;NORTE;SUDESTE/CENTRO-OESTE;5555.139
2025-06-03 05:00:00;NORTE;SUDESTE/CENTRO-OESTE;6364.725
2025-06-03 06:00:00;NORTE;SUDESTE/CENTRO-OESTE;7342.27
2025-06-03 07:00:00;NORTE;SUDESTE/CENTRO-OESTE;6987.611
2025-06-03 08:00:00;NORTE;SUDESTE/CENTRO-OESTE;5445.281
2025-06-03 09:00:00;NORTE;SUDESTE/CENTRO-OESTE;4836.763
2025-06-03 10:00:00;NORTE;SUDESTE/CENTRO-OESTE;4660.072
2025-06-03 11:00:00;NORTE;SUDESTE/CENTRO-OESTE;4515.054
2025-06-03 12:00:00;NORTE;SUDESTE/CENTRO-OESTE;4167.377
2025-06-03 13:00:00;NORTE;SUDESTE/CENTRO-OESTE;4429.241
2025-06-03 14:00:00;NORTE;SUDESTE/CENTRO-OESTE;4665.137
2025-06-03 15:00:00;NORTE;SUDESTE/CENTRO-OESTE;5063.089
2025-06-03 16:00:00;NORTE;SUDESTE/CENTRO-OESTE;6543.441
2025-06-03 17:00:00;NORTE;SUDESTE/CENTRO-OESTE;7403.68
2025-06-03 18:00:00;NORTE;SUDESTE/CENTRO-OESTE;8239.981
2025-06-03 19:00:00;NORTE;SUDESTE/CENTRO-OESTE;8609.46999999
2025-06-03 20:00:00;NORTE;SUDESTE/CENTRO-OESTE;8370.315
2025-06-03 21:00:00;NORTE;SUDESTE/CENTRO-OESTE;7564.222
2025-06-03 22:00:00;NORTE;SUDESTE/CENTRO-OESTE;7228.54
2025-06-03 23:00:00;NORTE;SUDESTE/CENTRO-OESTE;6968.807
2025-06-04 00:00:00;NORTE;SUDESTE/CENTRO-OESTE;5840.121
2025-06-04 01:00:00;NORTE;SUDESTE/CENTRO-OESTE;5314.29699999
2025-06-04 02:00:00;NORTE;SUDESTE/CENTRO-OESTE;5347.796
2025-06-04 03:00:00;NORTE;SUDESTE/CENTRO-OESTE;5320.296
2025-06-04 04:00:00;NORTE;SUDESTE/CENTRO-OESTE;5443.866
2025-06-04 05:00:00;NORTE;SUDESTE/CENTRO-OESTE;6568.835
2025-06-04 06:00:00;NORTE;SUDESTE/CENTRO-OESTE;7265.687
2025-06-04 07:00:00;NORTE;SUDESTE/CENTRO-OESTE;6650.419
2025-06-04 08:00:00;NORTE;SUDESTE/CENTRO-OESTE;5080.352
2025-06-04 09:00:00;NORTE;SUDESTE/CENTRO-OESTE;4701.078
2025-06-04 10:00:00;NORTE;SUDESTE/CENTRO-OESTE;4163.216
2025-06-04 11:00:00;NORTE;SUDESTE/CENTRO-OESTE;3693.089
2025-06-04 12:00:00;NORTE;SUDESTE/CENTRO-OESTE;3737.905
2025-06-04 13:00:00;NORTE;SUDESTE/CENTRO-OESTE;3942.572
2025-06-04 14:00:00;NORTE;SUDESTE/CENTRO-OESTE;3797.574
2025-06-04 15:00:00;NORTE;SUDESTE/CENTRO-OESTE;4280.84
2025-06-04 16:00:00;NORTE;SUDESTE/CENTRO-OESTE;6489.801
2025-06-04 17:00:00;NORTE;SUDESTE/CENTRO-OESTE;7720.659
2025-06-04 18:00:00;NORTE;SUDESTE/CENTRO-OESTE;8370.944
2025-06-04 19:00:00;NORTE;SUDESTE/CENTRO-OESTE;8220.365
2025-06-04 20:00:00;NORTE;SUDESTE/CENTRO-OESTE;7588.567
2025-06-04 21:00:00;NORTE;SUDESTE/CENTRO-OESTE;7095.838
2025-06-04 22:00:00;NORTE;SUDESTE/CENTRO-OESTE;7072.331
2025-06-04 23:00:00;NORTE;SUDESTE/CENTRO-OESTE;6730.393
2025-06-05 00:00:00;NORTE;SUDESTE/CENTRO-OESTE;6468.941
2025-06-05 01:00:00;NORTE;SUDESTE/CENTRO-OESTE;6202.413
2025-06-05 02:00:00;NORTE;SUDESTE/CENTRO-OESTE;6063.278
2025-06-05 03:00:00;NORTE;SUDESTE/CENTRO-OESTE;5733.281
2025-06-05 04:00:00;NORTE;SUDESTE/CENTRO-OESTE;5715.339
2025-06-05 05:00:00;NORTE;SUDESTE/CENTRO-OESTE;6330.497
2025-06-05 06:00:00;NORTE;SUDESTE/CENTRO-OESTE;6771.229
2025-06-05 07:00:00;NORTE;SUDESTE/CENTRO-OESTE;6616.903
2025-06-05 08:00:00;NORTE;SUDESTE/CENTRO-OESTE;5177.934
2025-06-05 09:00:00;NORTE;SUDESTE/CENTRO-OESTE;4730.371
2025-06-05 10:00:00;NORTE;SUDESTE/CENTRO-OESTE;4455.653
2025-06-05 11:00:00;NORTE;SUDESTE/CENTRO-OESTE;4594.497
2025-06-05 12:00:00;NORTE;SUDESTE/CENTRO-OESTE;4557.146
2025-06-05 13:00:00;NORTE;SUDESTE/CENTRO-OESTE;4372.506
2025-06-05 14:00:00;NORTE;SUDESTE/CENTRO-OESTE;4077.22
2025-06-05 15:00:00;NORTE;SUDESTE/CENTRO-OESTE;4958.637
2025-06-05 16:00:00;NORTE;SUDESTE/CENTRO-OESTE;6586.739
2025-06-05 17:00:00;NORTE;SUDESTE/CENTRO-OESTE;7554.454
2025-06-05 18:00:00;NORTE;SUDESTE/CENTRO-OESTE;9172.513
2025-06-05 19:00:00;NORTE;SUDESTE/CENTRO-OESTE;8627.033
2025-06-05 20:00:00;NORTE;SUDESTE/CENTRO-OESTE;8303.911
2025-06-05 21:00:00;NORTE;SUDESTE/CENTRO-OESTE;7212.692
2025-06-05 22:00:00;NORTE;SUDESTE/CENTRO-OESTE;7174.75
2025-06-05 23:00:00;NORTE;SUDESTE/CENTRO-OESTE;6746.859
2025-06-06 00:00:00;NORTE;SUDESTE/CENTRO-OESTE;6025.236
2025-06-06 01:00:00;NORTE;SUDESTE/CENTRO-OESTE;5580.522
2025-06-06 02:00:00;NORTE;SUDESTE/CENTRO-OESTE;5184.969
2025-06-06 03:00:00;NORTE;SUDESTE/CENTRO-OESTE;5018.658
2025-06-06 04:00:00;NORTE;SUDESTE/CENTRO-OESTE;5165.742
2025-06-06 05:00:00;NORTE;SUDESTE/CENTRO-OESTE;6162.915
2025-06-06 06:00:00;NORTE;SUDESTE/CENTRO-OESTE;7309.72
2025-06-06 07:00:00;NORTE;SUDESTE/CENTRO-OESTE;6340.913
2025-06-06 08:00:00;NORTE;SUDESTE/CENTRO-OESTE;5041.18999999
2025-06-06 09:00:00;NORTE;SUDESTE/CENTRO-OESTE;4659.62
2025-06-06 10:00:00;NORTE;SUDESTE/CENTRO-OESTE;4687.785
2025-06-06 11:00:00;NORTE;SUDESTE/CENTRO-OESTE;4699.039
2025-06-06 12:00:00;NORTE;SUDESTE/CENTRO-OESTE;4313.094
2025-06-06 13:00:00;NORTE;SUDESTE/CENTRO-OESTE;4437.771
2025-06-06 14:00:00;NORTE;SUDESTE/CENTRO-OESTE;5102.881
2025-06-06 15:00:00;NORTE;SUDESTE/CENTRO-OESTE;5909.093
2025-06-06 16:00:00;NORTE;SUDESTE/CENTRO-OESTE;7923.037
2025-06-06 17:00:00;NORTE;SUDESTE/CENTRO-OESTE;9092.436
2025-06-06 18:00:00;NORTE;SUDESTE/CENTRO-OESTE;9493.133
2025-06-06 19:00:00;NORTE;SUDESTE/CENTRO-OESTE;8613.245
2025-06-06 20:00:00;NORTE;SUDESTE/CENTRO-OESTE;7203.333
2025-06-06 21:00:00;NORTE;SUDESTE/CENTRO-OESTE;6764.21
2025-06-06 22:00:00;NORTE;SUDESTE/CENTRO-OESTE;6747.125
2025-06-06 23:00:00;NORTE;SUDESTE/CENTRO-OESTE;6428.029
2025-06-07 00:00:00;NORTE;SUDESTE/CENTRO-OESTE;6512.359
2025-06-07 01:00:00;NORTE;SUDESTE/CENTRO-OESTE;5927.615
2025-06-07 02:00:00;NORTE;SUDESTE/CENTRO-OESTE;4736.512
2025-06-07 03:00:00;NORTE;SUDESTE/CENTRO-OESTE;4090.283
2025-06-07 04:00:00;NORTE;SUDESTE/CENTRO-OESTE;4198.164
2025-06-07 05:00:00;NORTE;SUDESTE/CENTRO-OESTE;4225.232
2025-06-07 06:00:00;NORTE;SUDESTE/CENTRO-OESTE;4285.979
2025-06-07 07:00:00;NORTE;SUDESTE/CENTRO-OESTE;3584.793
2025-06-07 08:00:00;NORTE;SUDESTE/CENTRO-OESTE;2734.51
2025-06-07 09:00:00;NORTE;SUDESTE/CENTRO-OESTE;2680.29
2025-06-07 10:00:00;NORTE;SUDESTE/CENTRO-OESTE;2651.439
2025-06-07 11:00:00;NORTE;SUDESTE/CENTRO-OESTE;2507.431
2025-06-07 12:00:00;NORTE;SUDESTE/CENTRO-OESTE;2409.708
2025-06-07 13:00:00;NORTE;SUDESTE/CENTRO-OESTE;2214.275
2025-06-07 14:00:00;NORTE;SUDESTE/CENTRO-OESTE;2047.968
2025-06-07 15:00:00;NORTE;SUDESTE/CENTRO-OESTE;2325.502
2025-06-07 16:00:00;NORTE;SUDESTE/CENTRO-OESTE;2607.025
2025-06-07 17:00:00;NORTE;SUDESTE/CENTRO-OESTE;4583.751
2025-06-07 18:00:00;NORTE;SUDESTE/CENTRO-OESTE;7282.128
2025-06-07 19:00:00;NORTE;SUDESTE/CENTRO-OESTE;7924.745
2025-06-07 20:00:00;NORTE;SUDESTE/CENTRO-OESTE;7718.827
2025-06-07 21:00:00;NORTE;SUDESTE/CENTRO-OESTE;7595.474
2025-06-07 22:00:00;NORTE;SUDESTE/CENTRO-OESTE;7249.533
2025-06-07 23:00:00;NORTE;SUDESTE/CENTRO-OESTE;6641.338
2025-06-08 00:00:00;NORTE;SUDESTE/CENTRO-OESTE;6212.973
2025-06-08 01:00:00;NORTE;SUDESTE/CENTRO-OESTE;4718.088
2025-06-08 02:00:00;NORTE;SUDESTE/CENTRO-OESTE;2984.704
2025-06-08 03:00:00;NORTE;SUDESTE/CENTRO-OESTE;2344.904
2025-06-08 04:00:00;NORTE;SUDESTE/CENTRO-OESTE;2262.6
2025-06-08 05:00:00;NORTE;SUDESTE/CENTRO-OESTE;2121.339
2025-06-08 06:00:00;NORTE;SUDESTE/CENTRO-OESTE;2339.469
2025-06-08 07:00:00;NORTE;SUDESTE/CENTRO-OESTE;2540.094
2025-06-08 08:00:00;NORTE;SUDESTE/CENTRO-OESTE;2741.795
2025-06-08 09:00:00;NORTE;SUDESTE/CENTRO-OESTE;2165.085
2025-06-08 10:00:00;NORTE;SUDESTE/CENTRO-OESTE;2226.694
2025-06-08 11:00:00;NORTE;SUDESTE/CENTRO-OESTE;2291.578
2025-06-08 12:00:00;NORTE;SUDESTE/CENTRO-OESTE;1880.37
2025-06-08 13:00:00;NORTE;SUDESTE/CENTRO-OESTE;1786.565
2025-06-08 14:00:00;NORTE;SUDESTE/CENTRO-OESTE;1807.292
2025-06-08 15:00:00;NORTE;SUDESTE/CENTRO-OESTE;2388.012
2025-06-08 16:00:00;NORTE;SUDESTE/CENTRO-OESTE;2961.537
2025-06-08 17:00:00;NORTE;SUDESTE/CENTRO-OESTE;5378.253
2025-06-08 18:00:00;NORTE;SUDESTE/CENTRO-OESTE;6369.697
2025-06-08 19:00:00;NORTE;SUDESTE/CENTRO-OESTE;7204.619
2025-06-08 20:00:00;NORTE;SUDESTE/CENTRO-OESTE;7720.774
2025-06-08 21:00:00;NORTE;SUDESTE/CENTRO-OESTE;7722.814
2025-06-08 22:00:00;NORTE;SUDESTE/CENTRO-OESTE;7734.791
2025-06-08 23:00:00;NORTE;SUDESTE/CENTRO-OESTE;7371.7
2025-06-09 00:00:00;NORTE;SUDESTE/CENTRO-OESTE;5938.839
2025-06-09 01:00:00;NORTE;SUDESTE/CENTRO-OESTE;4039.19
2025-06-09 02:00:00;NORTE;SUDESTE/CENTRO-OESTE;3150.024
2025-06-09 03:00:00;NORTE;SUDESTE/CENTRO-OESTE;2982.222
2025-06-09 04:00:00;NORTE;SUDESTE/CENTRO-OESTE;2430.6
2025-06-09 05:00:00;NORTE;SUDESTE/CENTRO-OESTE;2445.034
2025-06-09 06:00:00;NORTE;SUDESTE/CENTRO-OESTE;3406.396
2025-06-09 07:00:00;NORTE;SUDESTE/CENTRO-OESTE;4112.082
2025-06-09 08:00:00;NORTE;SUDESTE/CENTRO-OESTE;4187.635
2025-06-09 09:00:00;NORTE;SUDESTE/CENTRO-OESTE;4165.794
2025-06-09 10:00:00;NORTE;SUDESTE/CENTRO-OESTE;3855.229
2025-06-09 11:00:00;NORTE;SUDESTE/CENTRO-OESTE;3633.49
2025-06-09 12:00:00;NORTE;SUDESTE/CENTRO-OESTE;3531.054
2025-06-09 13:00:00;NORTE;SUDESTE/CENTRO-OESTE;3741.681
2025-06-09 14:00:00;NORTE;SUDESTE/CENTRO-OESTE;4363.22599999
2025-06-09 15:00:00;NORTE;SUDESTE/CENTRO-OESTE;5009.198
2025-06-09 16:00:00;NORTE;SUDESTE/CENTRO-OESTE;6027.442
2025-06-09 17:00:00;NORTE;SUDESTE/CENTRO-OESTE;7188.402
2025-06-09 18:00:00;NORTE;SUDESTE/CENTRO-OESTE;8040.63
2025-06-09 19:00:00;NORTE;SUDESTE/CENTRO-OESTE;9000.485
2025-06-09 20:00:00;NORTE;SUDESTE/CENTRO-OESTE;9442.54
2025-06-09 21:00:00;NORTE;SUDESTE/CENTRO-OESTE;8729.605
2025-06-09 22:00:00;NORTE;SUDESTE/CENTRO-OESTE;7037.498
2025-06-09 23:00:00;NORTE;SUDESTE/CENTRO-OESTE;7011.13
2025-06-10 00:00:00;NORTE;SUDESTE/CENTRO-OESTE;6130.355
2025-06-10 01:00:00;NORTE;SUDESTE/CENTRO-OESTE;4353.86399999
2025-06-10 02:00:00;NORTE;SUDESTE/CENTRO-OESTE;3681.048
2025-06-10 03:00:00;NORTE;SUDESTE/CENTRO-OESTE;3377.032
2025-06-10 04:00:00;NORTE;SUDESTE/CENTRO-OESTE;3132.85
2025-06-10 05:00:00;NORTE;SUDESTE/CENTRO-OESTE;3785.701
2025-06-10 06:00:00;NORTE;SUDESTE/CENTRO-OESTE;5564.057
2025-06-10 07:00:00;NORTE;SUDESTE/CENTRO-OESTE;6116.943
2025-06-10 08:00:00;NORTE;SUDESTE/CENTRO-OESTE;5293.299
2025-06-10 09:00:00;NORTE;SUDESTE/CENTRO-OESTE;5069.786
2025-06-10 10:00:00;NORTE;SUDESTE/CENTRO-OESTE;4180.24399999
2025-06-10 11:00:00;NORTE;SUDESTE/CENTRO-OESTE;3898.952
2025-06-10 12:00:00;NORTE;SUDESTE/CENTRO-OESTE;3834.025
2025-06-10 13:00:00;NORTE;SUDESTE/CENTRO-OESTE;3258.606
2025-06-10 14:00:00;NORTE;SUDESTE/CENTRO-OESTE;2696.98799999
2025-06-10 15:00:00;NORTE;SUDESTE/CENTRO-OESTE;3027.895
2025-06-10 16:00:00;NORTE;SUDESTE/CENTRO-OESTE;4266.783
2025-06-10 17:00:00;NORTE;SUDESTE/CENTRO-OESTE;6186.395
2025-06-10 18:00:00;NORTE;SUDESTE/CENTRO-OESTE;8415.20199999
2025-06-10 19:00:00;NORTE;SUDESTE/CENTRO-OESTE;8556.411
2025-06-10 20:00:00;NORTE;SUDESTE/CENTRO-OESTE;8277.413
2025-06-10 21:00:00;NORTE;SUDESTE/CENTRO-OESTE;7792.151
2025-06-10 22:00:00;NORTE;SUDESTE/CENTRO-OESTE;6996.531
2025-06-10 23:00:00;NORTE;SUDESTE/CENTRO-OESTE;6194.979
2025-06-11 00:00:00;NORTE;SUDESTE/CENTRO-OESTE;4623.86399999
2025-06-11 01:00:00;NORTE;SUDESTE/CENTRO-OESTE;2827.496
2025-06-11 02:00:00;NORTE;SUDESTE/CENTRO-OESTE;1932.411
2025-06-11 03:00:00;NORTE;SUDESTE/CENTRO-OESTE;1695.198
2025-06-11 04:00:00;NORTE;SUDESTE/CENTRO-OESTE;1739.194
2025-06-11 05:00:00;NORTE;SUDESTE/CENTRO-OESTE;1636.923
2025-06-11 06:00:00;NORTE;SUDESTE/CENTRO-OESTE;2340.361
2025-06-11 07:00:00;NORTE;SUDESTE/CENTRO-OESTE;3690.671
2025-06-11 08:00:00;NORTE;SUDESTE/CENTRO-OESTE;4148.214
2025-06-11 09:00:00;NORTE;SUDESTE/CENTRO-OESTE;3872.434
2025-06-11 10:00:00;NORTE;SUDESTE/CENTRO-OESTE;3622.744
2025-06-11 11:00:00;NORTE;SUDESTE/CENTRO-OESTE;2979.82
2025-06-11 12:00:00;NORTE;SUDESTE/CENTRO-OESTE;2897.228
2025-06-11 13:00:00;NORTE;SUDESTE/CENTRO-OESTE;2810.139
2025-06-11 14:00:00;NORTE;SUDESTE/CENTRO-OESTE;2845.048
2025-06-11 15:00:00;NORTE;SUDESTE/CENTRO-OESTE;3479.205
2025-06-11 16:00:00;NORTE;SUDESTE/CENTRO-OESTE;5128.714
2025-06-11 17:00:00;NORTE;SUDESTE/CENTRO-OESTE;6655.07
2025-06-11 18:00:00;NORTE;SUDESTE/CENTRO-OESTE;8169.844
2025-06-11 19:00:00;NORTE;SUDESTE/CENTRO-OESTE;8072.798
2025-06-11 20:00:00;NORTE;SUDESTE/CENTRO-OESTE;6495.266
2025-06-11 21:00:00;NORTE;SUDESTE/CENTRO-OESTE;6251.062
2025-06-11 22:00:00;NORTE;SUDESTE/CENTRO-OESTE;5349.904
2025-06-11 23:00:00;NORTE;SUDESTE/CENTRO-OESTE;5449.22599999
2025-06-12 00:00:00;NORTE;SUDESTE/CENTRO-OESTE;4612.312
2025-06-12 01:00:00;NORTE;SUDESTE/CENTRO-OESTE;3966.3
2025-06-12 02:00:00;NORTE;SUDESTE/CENTRO-OESTE;3948.389
2025-06-12 03:00:00;NORTE;SUDESTE/CENTRO-OESTE;3748.332
2025-06-12 04:00:00;NORTE;SUDESTE/CENTRO-OESTE;3654.761
2025-06-12 05:00:00;NORTE;SUDESTE/CENTRO-OESTE;3781.168
2025-06-12 06:00:00;NORTE;SUDESTE/CENTRO-OESTE;5268.215
2025-06-12 07:00:00;NORTE;SUDESTE/CENTRO-OESTE;5780.647
2025-06-12 08:00:00;NORTE;SUDESTE/CENTRO-OESTE;4445.142
2025-06-12 09:00:00;NORTE;SUDESTE/CENTRO-OESTE;3768.41
2025-06-12 10:00:00;NORTE;SUDESTE/CENTRO-OESTE;3438.07
2025-06-12 11:00:00;NORTE;SUDESTE/CENTRO-OESTE;3221.708
2025-06-12 12:00:00;NORTE;SUDESTE/CENTRO-OESTE;2671.818
2025-06-12 13:00:00;NORTE;SUDESTE/CENTRO-OESTE;2368.524
2025-06-12 14:00:00;NORTE;SUDESTE/CENTRO-OESTE;2569.902
2025-06-12 15:00:00;NORTE;SUDESTE/CENTRO-OESTE;2952.727
2025-06-12 16:00:00;NORTE;SUDESTE/CENTRO-OESTE;3697.271
2025-06-12 17:00:00;NORTE;SUDESTE/CENTRO-OESTE;4906.72999999
2025-06-12 18:00:00;NORTE;SUDESTE/CENTRO-OESTE;7287.408
2025-06-12 19:00:00;NORTE;SUDESTE/CENTRO-OESTE;7111.078
2025-06-12 20:00:00;NORTE;SUDESTE/CENTRO-OESTE;6286.776
2025-06-12 21:00:00;NORTE;SUDESTE/CENTRO-OESTE;6097.734
2025-06-12 22:00:00;NORTE;SUDESTE/CENTRO-OESTE;5505.732
2025-06-12 23:00:00;NORTE;SUDESTE/CENTRO-OESTE;5552.436
2025-06-13 00:00:00;NORTE;SUDESTE/CENTRO-OESTE;4639.617
2025-06-13 01:00:00;NORTE;SUDESTE/CENTRO-OESTE;4725.60999999
2025-06-13 02:00:00;NORTE;SUDESTE/CENTRO-OESTE;4725.115
2025-06-13 03:00:00;NORTE;SUDESTE/CENTRO-OESTE;4717.714
2025-06-13 04:00:00;NORTE;SUDESTE/CENTRO-OESTE;4848.637
2025-06-13 05:00:00;NORTE;SUDESTE/CENTRO-OESTE;5394.454
2025-06-13 06:00:00;NORTE;SUDESTE/CENTRO-OESTE;6420.823
2025-06-13 07:00:00;NORTE;SUDESTE/CENTRO-OESTE;5621.14
2025-06-13 08:00:00;NORTE;SUDESTE/CENTRO-OESTE;4354.143
2025-06-13 09:00:00;NORTE;SUDESTE/CENTRO-OESTE;3738.538
2025-06-13 10:00:00;NORTE;SUDESTE/CENTRO-OESTE;3391.972
2025-06-13 11:00:00;NORTE;SUDESTE/CENTRO-OESTE;3321.167
2025-06-13 12:00:00;NORTE;SUDESTE/CENTRO-OESTE;3008.043
2025-06-13 13:00:00;NORTE;SUDESTE/CENTRO-OESTE;3334.94
2025-06-13 14:00:00;NORTE;SUDESTE/CENTRO-OESTE;3634.514
2025-06-13 15:00:00;NORTE;SUDESTE/CENTRO-OESTE;4156.794
2025-06-13 16:00:00;NORTE;SUDESTE/CENTRO-OESTE;5100.675
2025-06-13 17:00:00;NORTE;SUDESTE/CENTRO-OESTE;5988.005
2025-06-13 18:00:00;NORTE;SUDESTE/CENTRO-OESTE;6747.054
2025-06-13 19:00:00;NORTE;SUDESTE/CENTRO-OESTE;6883.175
2025-06-13 20:00:00;NORTE;SUDESTE/CENTRO-OESTE;6950.27
2025-06-13 21:00:00;NORTE;SUDESTE/CENTRO-OESTE;6425.032
2025-06-13 22:00:00;NORTE;SUDESTE/CENTRO-OESTE;6173.0
2025-06-13 23:00:00;NORTE;SUDESTE/CENTRO-OESTE;5902.188
2025-06-14 00:00:00;NORTE;SUDESTE/CENTRO-OESTE;5190.25699999
2025-06-14 01:00:00;NORTE;SUDESTE/CENTRO-OESTE;4206.231
2025-06-14 02:00:00;NORTE;SUDESTE/CENTRO-OESTE;4064.776
2025-06-14 03:00:00;NORTE;SUDESTE/CENTRO-OESTE;3835.883
2025-06-14 04:00:00;NORTE;SUDESTE/CENTRO-OESTE;3702.108
2025-06-14 05:00:00;NORTE;SUDESTE/CENTRO-OESTE;3556.551
2025-06-14 06:00:00;NORTE;SUDESTE/CENTRO-OESTE;3854.953
2025-06-14 07:00:00;NORTE;SUDESTE/CENTRO-OESTE;3944.442
2025-06-14 08:00:00;NORTE;SUDESTE/CENTRO-OESTE;3780.623
2025-06-14 09:00:00;NORTE;SUDESTE/CENTRO-OESTE;3780.829
2025-06-14 10:00:00;NORTE;SUDESTE/CENTRO-OESTE;3108.237
2025-06-14 11:00:00;NORTE;SUDESTE/CENTRO-OESTE;2894.944
2025-06-14 12:00:00;NORTE;SUDESTE/CENTRO-OESTE;2895.115
2025-06-14 13:00:00;NORTE;SUDESTE/CENTRO-OESTE;2861.081
2025-06-14 14:00:00;NORTE;SUDESTE/CENTRO-OESTE;3062.775
2025-06-14 15:00:00;NORTE;SUDESTE/CENTRO-OESTE;3187.116
2025-06-14 16:00:00;NORTE;SUDESTE/CENTRO-OESTE;4883.924
2025-06-14 17:00:00;NORTE;SUDESTE/CENTRO-OESTE;7237.108
2025-06-14 18:00:00;NORTE;SUDESTE/CENTRO-OESTE;7463.709
2025-06-14 19:00:00;NORTE;SUDESTE/CENTRO-OESTE;7129.276
2025-06-14 20:00:00;NORTE;SUDESTE/CENTRO-OESTE;5971.249
2025-06-14 21:00:00;NORTE;SUDESTE/CENTRO-OESTE;5510.785
2025-06-14 22:00:00;NORTE;SUDESTE/CENTRO-OESTE;4904.099
2025-06-14 23:00:00;NORTE;SUDESTE/CENTRO-OESTE;4055.32
2025-06-15 00:00:00;NORTE;SUDESTE/CENTRO-OESTE;3452.96
2025-06-15 01:00:00;NORTE;SUDESTE/CENTRO-OESTE;2229.657
2025-06-15 02:00:00;NORTE;SUDESTE/CENTRO-OESTE;1748.149
2025-06-15 03:00:00;NORTE;SUDESTE/CENTRO-OESTE;1688.961
2025-06-15 04:00:00;NORTE;SUDESTE/CENTRO-OESTE;1685.365
2025-06-15 05:00:00;NORTE;SUDESTE/CENTRO-OESTE;1791.539
2025-06-15 06:00:00;NORTE;SUDESTE/CENTRO-OESTE;2025.688
2025-06-15 07:00:00;NORTE;SUDESTE/CENTRO-OESTE;2382.007
2025-06-15 08:00:00;NORTE;SUDESTE/CENTRO-OESTE;2585.094
2025-06-15 09:00:00;NORTE;SUDESTE/CENTRO-OESTE;2241.302
2025-06-15 10:00:00;NORTE;SUDESTE/CENTRO-OESTE;1954.928
2025-06-15 11:00:00;NORTE;SUDESTE/CENTRO-OESTE;2053.978
2025-06-15 12:00:00;NORTE;SUDESTE/CENTRO-OESTE;1949.789
2025-06-15 13:00:00;NORTE;SUDESTE/CENTRO-OESTE;1725.04
2025-06-15 14:00:00;NORTE;SUDESTE/CENTRO-OESTE;1728.095
2025-06-15 15:00:00;NORTE;SUDESTE/CENTRO-OESTE;1724.939
2025-06-15 16:00:00;NORTE;SUDESTE/CENTRO-OESTE;2561.735
2025-06-15 17:00:00;NORTE;SUDESTE/CENTRO-OESTE;4812.236
2025-06-15 18:00:00;NORTE;SUDESTE/CENTRO-OESTE;6199.246
2025-06-15 19:00:00;NORTE;SUDESTE/CENTRO-OESTE;6095.897
2025-06-15 20:00:00;NORTE;SUDESTE/CENTRO-OESTE;5848.152
2025-06-15 21:00:00;NORTE;SUDESTE/CENTRO-OESTE;4834.349
2025-06-15 22:00:00;NORTE;SUDESTE/CENTRO-OESTE;3254.484
2025-06-15 23:00:00;NORTE;SUDESTE/CENTRO-OESTE;2742.428
2025-06-16 00:00:00;NORTE;SUDESTE/CENTRO-OESTE;2273.418
2025-06-16 01:00:00;NORTE;SUDESTE/CENTRO-OESTE;1629.868
2025-06-16 02:00:00;NORTE;SUDESTE/CENTRO-OESTE;1037.94699999
2025-06-16 03:00:00;NORTE;SUDESTE/CENTRO-OESTE;961.658
2025-06-16 04:00:00;NORTE;SUDESTE/CENTRO-OESTE;1099.116
2025-06-16 05:00:00;NORTE;SUDESTE/CENTRO-OESTE;1600.26
2025-06-16 06:00:00;NORTE;SUDESTE/CENTRO-OESTE;3516.559
2025-06-16 07:00:00;NORTE;SUDESTE/CENTRO-OESTE;4306.073
2025-06-16 08:00:00;NORTE;SUDESTE/CENTRO-OESTE;3966.292
2025-06-16 09:00:00;NORTE;SUDESTE/CENTRO-OESTE;3558.229
2025-06-16 10:00:00;NORTE;SUDESTE/CENTRO-OESTE;3677.694
2025-06-16 11:00:00;NORTE;SUDESTE/CENTRO-OESTE;3914.629
2025-06-16 12:00:00;NORTE;SUDESTE/CENTRO-OESTE;3615.182
2025-06-16 13:00:00;NORTE;SUDESTE/CENTRO-OESTE;3595.053
2025-06-16 14:00:00;NORTE;SUDESTE/CENTRO-OESTE;3365.365
2025-06-16 15:00:00;NORTE;SUDESTE/CENTRO-OESTE;4090.997
2025-06-16 16:00:00;NORTE;SUDESTE/CENTRO-OESTE;5969.911
2025-06-16 17:00:00;NORTE;SUDESTE/CENTRO-OESTE;7365.886
2025-06-16 18:00:00;NORTE;SUDESTE/CENTRO-OESTE;7916.744
2025-06-16 19:00:00;NORTE;SUDESTE/CENTRO-OESTE;6956.239
2025-06-16 20:00:00;NORTE;SUDESTE/CENTRO-OESTE;5584.112
2025-06-16 21:00:00;NORTE;SUDESTE/CENTRO-OESTE;4922.763
2025-06-16 22:00:00;NORTE;SUDESTE/CENTRO-OESTE;4062.303
2025-06-16 23:00:00;NORTE;SUDESTE/CENTRO-OESTE;3166.212
2025-06-17 00:00:00;NORTE;SUDESTE/CENTRO-OESTE;2834.653
2025-06-17 01:00:00;NORTE;SUDESTE/CENTRO-OESTE;2425.725
2025-06-17 02:00:00;NORTE;SUDESTE/CENTRO-OESTE;2348.373
2025-06-17 03:00:00;NORTE;SUDESTE/CENTRO-OESTE;2788.787
2025-06-17 04:00:00;NORTE;SUDESTE/CENTRO-OESTE;2948.588
2025-06-17 05:00:00;NORTE;SUDESTE/CENTRO-OESTE;3175.086
2025-06-17 06:00:00;NORTE;SUDESTE/CENTRO-OESTE;4068.865
2025-06-17 07:00:00;NORTE;SUDESTE/CENTRO-OESTE;4271.152
2025-06-17 08:00:00;NORTE;SUDESTE/CENTRO-OESTE;4333.796
2025-06-17 09:00:00;NORTE;SUDESTE/CENTRO-OESTE;4429.167
2025-06-17 10:00:00;NORTE;SUDESTE/CENTRO-OESTE;3875.427
2025-06-17 11:00:00;NORTE;SUDESTE/CENTRO-OESTE;3659.843
2025-06-17 12:00:00;NORTE;SUDESTE/CENTRO-OESTE;3471.144
2025-06-17 13:00:00;NORTE;SUDESTE/CENTRO-OESTE;3499.384
2025-06-17 14:00:00;NORTE;SUDESTE/CENTRO-OESTE;4074.784
2025-06-17 15:00:00;NORTE;SUDESTE/CENTRO-OESTE;4125.341
2025-06-17 16:00:00;NORTE;SUDESTE/CENTRO-OESTE;4448.834
2025-06-17 17:00:00;NORTE;SUDESTE/CENTRO-OESTE;5581.244
2025-06-17 18:00:00;NORTE;SUDESTE/CENTRO-OESTE;6809.961
2025-06-17 19:00:00;NORTE;SUDESTE/CENTRO-OESTE;6699.424
2025-06-17 20:00:00;NORTE;SUDESTE/CENTRO-OESTE;6257.746
2025-06-17 21:00:00;NORTE;SUDESTE/CENTRO-OESTE;5714.227
2025-06-17 22:00:00;NORTE;SUDESTE/CENTRO-OESTE;5125.558
2025-06-17 23:00:00;NORTE;SUDESTE/CENTRO-OESTE;4621.836
2025-06-18 00:00:00;NORTE;SUDESTE/CENTRO-OESTE;3180.581
2025-06-18 01:00:00;NORTE;SUDESTE/CENTRO-OESTE;2488.98999999
2025-06-18 02:00:00;NORTE;SUDESTE/CENTRO-OESTE;2152.826
2025-06-18 03:00:00;NORTE;SUDESTE/CENTRO-OESTE;2334.04599999
2025-06-18 04:00:00;NORTE;SUDESTE/CENTRO-OESTE;2608.839
2025-06-18 05:00:00;NORTE;SUDESTE/CENTRO-OESTE;2973.825
2025-06-18 06:00:00;NORTE;SUDESTE/CENTRO-OESTE;3435.135
2025-06-18 07:00:00;NORTE;SUDESTE/CENTRO-OESTE;4014.722
2025-06-18 08:00:00;NORTE;SUDESTE/CENTRO-OESTE;4666.979
2025-06-18 09:00:00;NORTE;SUDESTE/CENTRO-OESTE;4023.279
2025-06-18 10:00:00;NORTE;SUDESTE/CENTRO-OESTE;3776.723
2025-06-18 11:00:00;NORTE;SUDESTE/CENTRO-OESTE;3757.995
2025-06-18 12:00:00;NORTE;SUDESTE/CENTRO-OESTE;3723.608
2025-06-18 13:00:00;NORTE;SUDESTE/CENTRO-OESTE;3584.267
2025-06-18 14:00:00;NORTE;SUDESTE/CENTRO-OESTE;3696.529
2025-06-18 15:00:00;NORTE;SUDESTE/CENTRO-OESTE;3896.239
2025-06-18 16:00:00;NORTE;SUDESTE/CENTRO-OESTE;4507.216
2025-06-18 17:00:00;NORTE;SUDESTE/CENTRO-OESTE;5972.892
2025-06-18 18:00:00;NORTE;SUDESTE/CENTRO-OESTE;7253.892
2025-06-18 19:00:00;NORTE;SUDESTE/CENTRO-OESTE;6505.135
2025-06-18 20:00:00;NORTE;SUDESTE/CENTRO-OESTE;5706.221
2025-06-18 21:00:00;NORTE;SUDESTE/CENTRO-OESTE;5181.452
2025-06-18 22:00:00;NORTE;SUDESTE/CENTRO-OESTE;4983.857
2025-06-18 23:00:00;NORTE;SUDESTE/CENTRO-OESTE;5134.349
2025-06-19 00:00:00;NORTE;SUDESTE/CENTRO-OESTE;4834.22
2025-06-19 01:00:00;NORTE;SUDESTE/CENTRO-OESTE;3835.369
2025-06-19 02:00:00;NORTE;SUDESTE/CENTRO-OESTE;3157.045
2025-06-19 03:00:00;NORTE;SUDESTE/CENTRO-OESTE;2972.345
2025-06-19 04:00:00;NORTE;SUDESTE/CENTRO-OESTE;3023.59
2025-06-19 05:00:00;NORTE;SUDESTE/CENTRO-OESTE;3033.419
2025-06-19 06:00:00;NORTE;SUDESTE/CENTRO-OESTE;3497.781
2025-06-19 07:00:00;NORTE;SUDESTE/CENTRO-OESTE;3791.152
2025-06-19 08:00:00;NORTE;SUDESTE/CENTRO-OESTE;3557.371
2025-06-19 09:00:00;NORTE;SUDESTE/CENTRO-OESTE;3483.235
2025-06-19 10:00:00;NORTE;SUDESTE/CENTRO-OESTE;3251.684
2025-06-19 11:00:00;NORTE;SUDESTE/CENTRO-OESTE;3224.975
2025-06-19 12:00:00;NORTE;SUDESTE/CENTRO-OESTE;3424.063
2025-06-19 13:00:00;NORTE;SUDESTE/CENTRO-OESTE;3339.492
2025-06-19 14:00:00;NORTE;SUDESTE/CENTRO-OESTE;3387.635
2025-06-19 15:00:00;NORTE;SUDESTE/CENTRO-OESTE;3749.612
2025-06-19 16:00:00;NORTE;SUDESTE/CENTRO-OESTE;4625.783
2025-06-19 17:00:00;NORTE;SUDESTE/CENTRO-OESTE;5989.995
2025-06-19 18:00:00;NORTE;SUDESTE/CENTRO-OESTE;7786.4
2025-06-19 19:00:00;NORTE;SUDESTE/CENTRO-OESTE;7704.545
2025-06-19 20:00:00;NORTE;SUDESTE/CENTRO-OESTE;6190.176
2025-06-19 21:00:00;NORTE;SUDESTE/CENTRO-OESTE;4789.97999999
2025-06-19 22:00:00;NORTE;SUDESTE/CENTRO-OESTE;4115.035
2025-06-19 23:00:00;NORTE;SUDESTE/CENTRO-OESTE;4066.782
2025-06-20 00:00:00;NORTE;SUDESTE/CENTRO-OESTE;3769.055
2025-06-20 01:00:00;NORTE;SUDESTE/CENTRO-OESTE;3134.109
2025-06-20 02:00:00;NORTE;SUDESTE/CENTRO-OESTE;2562.707
2025-06-20 03:00:00;NORTE;SUDESTE/CENTRO-OESTE;2296.232
2025-06-20 04:00:00;NORTE;SUDESTE/CENTRO-OESTE;2356.192
2025-06-20 05:00:00;NORTE;SUDESTE/CENTRO-OESTE;2869.073
2025-06-20 06:00:00;NORTE;SUDESTE/CENTRO-OESTE;3979.565
2025-06-20 07:00:00;NORTE;SUDESTE/CENTRO-OESTE;4412.77
2025-06-20 08:00:00;NORTE;SUDESTE/CENTRO-OESTE;4417.06099999
2025-06-20 09:00:00;NORTE;SUDESTE/CENTRO-OESTE;4338.09
2025-06-20 10:00:00;NORTE;SUDESTE/CENTRO-OESTE;4347.795
2025-06-20 11:00:00;NORTE;SUDESTE/CENTRO-OESTE;4163.56
2025-06-20 12:00:00;NORTE;SUDESTE/CENTRO-OESTE;4064.039
2025-06-20 13:00:00;NORTE;SUDESTE/CENTRO-OESTE;4129.281
2025-06-20 14:00:00;NORTE;SUDESTE/CENTRO-OESTE;4385.388
2025-06-20 15:00:00;NORTE;SUDESTE/CENTRO-OESTE;5016.102
2025-06-20 16:00:00;NORTE;SUDESTE/CENTRO-OESTE;5988.529
2025-06-20 17:00:00;NORTE;SUDESTE/CENTRO-OESTE;7309.988
2025-06-20 18:00:00;NORTE;SUDESTE/CENTRO-OESTE;7965.593
2025-06-20 19:00:00;NORTE;SUDESTE/CENTRO-OESTE;7345.227
2025-06-20 20:00:00;NORTE;SUDESTE/CENTRO-OESTE;5569.516
2025-06-20 21:00:00;NORTE;SUDESTE/CENTRO-OESTE;4278.384
2025-06-20 22:00:00;NORTE;SUDESTE/CENTRO-OESTE;3490.505
2025-06-20 23:00:00;NORTE;SUDESTE/CENTRO-OESTE;3065.307
2025-06-21 00:00:00;NORTE;SUDESTE/CENTRO-OESTE;2573.92
2025-06-21 01:00:00;NORTE;SUDESTE/CENTRO-OESTE;2315.775
2025-06-21 02:00:00;NORTE;SUDESTE/CENTRO-OESTE;2069.117
2025-06-21 03:00:00;NORTE;SUDESTE/CENTRO-OESTE;1775.137
2025-06-21 04:00:00;NORTE;SUDESTE/CENTRO-OESTE;1847.575
2025-06-21 05:00:00;NORTE;SUDESTE/CENTRO-OESTE;2212.945
2025-06-21 06:00:00;NORTE;SUDESTE/CENTRO-OESTE;2906.015
2025-06-21 07:00:00;NORTE;SUDESTE/CENTRO-OESTE;3619.944
2025-06-21 08:00:00;NORTE;SUDESTE/CENTRO-OESTE;3654.006
2025-06-21 09:00:00;NORTE;SUDESTE/CENTRO-OESTE;3382.957
2025-06-21 10:00:00;NORTE;SUDESTE/CENTRO-OESTE;3193.399
2025-06-21 11:00:00;NORTE;SUDESTE/CENTRO-OESTE;3343.804
2025-06-21 12:00:00;NORTE;SUDESTE/CENTRO-OESTE;3232.456
2025-06-21 13:00:00;NORTE;SUDESTE/CENTRO-OESTE;2922.986
2025-06-21 14:00:00;NORTE;SUDESTE/CENTRO-OESTE;3212.832
2025-06-21 15:00:00;NORTE;SUDESTE/CENTRO-OESTE;3342.687
2025-06-21 16:00:00;NORTE;SUDESTE/CENTRO-OESTE;4166.417
2025-06-21 17:00:00;NORTE;SUDESTE/CENTRO-OESTE;4659.725
2025-06-21 18:00:00;NORTE;SUDESTE/CENTRO-OESTE;5624.44
2025-06-21 19:00:00;NORTE;SUDESTE/CENTRO-OESTE;4528.087
2025-06-21 20:00:00;NORTE;SUDESTE/CENTRO-OESTE;3730.449
2025-06-21 21:00:00;NORTE;SUDESTE/CENTRO-OESTE;3315.269
2025-06-21 22:00:00;NORTE;SUDESTE/CENTRO-OESTE;2677.065
2025-06-21 23:00:00;NORTE;SUDESTE/CENTRO-OESTE;2068.605
2025-06-22 00:00:00;NORTE;SUDESTE/CENTRO-OESTE;1344.714
2025-06-22 01:00:00;NORTE;SUDESTE/CENTRO-OESTE;1052.112
2025-06-22 02:00:00;NORTE;SUDESTE/CENTRO-OESTE;1090.179
2025-06-22 03:00:00;NORTE;SUDESTE/CENTRO-OESTE;1140.207
2025-06-22 04:00:00;NORTE;SUDESTE/CENTRO-OESTE;1270.521
2025-06-22 05:00:00;NORTE;SUDESTE/CENTRO-OESTE;1314.404
2025-06-22 06:00:00;NORTE;SUDESTE/CENTRO-OESTE;1621.232
2025-06-22 07:00:00;NORTE;SUDESTE/CENTRO-OESTE;1737.424
2025-06-22 08:00:00;NORTE;SUDESTE/CENTRO-OESTE;1393.688
2025-06-22 09:00:00;NORTE;SUDESTE/CENTRO-OESTE;994.964
2025-06-22 10:00:00;NORTE;SUDESTE/CENTRO-OESTE;884.962
2025-06-22 11:00:00;NORTE;SUDESTE/CENTRO-OESTE;1052.858
2025-06-22 12:00:00;NORTE;SUDESTE/CENTRO-OESTE;1201.98499999
2025-06-22 13:00:00;NORTE;SUDESTE/CENTRO-OESTE;1300.324
2025-06-22 14:00:00;NORTE;SUDESTE/CENTRO-OESTE;1547.184
2025-06-22 15:00:00;NORTE;SUDESTE/CENTRO-OESTE;2957.281
2025-06-22 16:00:00;NORTE;SUDESTE/CENTRO-OESTE;4129.589
2025-06-22 17:00:00;NORTE;SUDESTE/CENTRO-OESTE;4842.071
2025-06-22 18:00:00;NORTE;SUDESTE/CENTRO-OESTE;5610.618
2025-06-22 19:00:00;NORTE;SUDESTE/CENTRO-OESTE;6253.781
2025-06-22 20:00:00;NORTE;SUDESTE/CENTRO-OESTE;5589.592
2025-06-22 21:00:00;NORTE;SUDESTE/CENTRO-OESTE;4035.345
2025-06-22 22:00:00;NORTE;SUDESTE/CENTRO-OESTE;2791.563
2025-06-22 23:00:00;NORTE;SUDESTE/CENTRO-OESTE;1785.644
2025-06-23 00:00:00;NORTE;SUDESTE/CENTRO-OESTE;1915.032
2025-06-23 01:00:00;NORTE;SUDESTE/CENTRO-OESTE;1969.904
2025-06-23 02:00:00;NORTE;SUDESTE/CENTRO-OESTE;1800.146
2025-06-23 03:00:00;NORTE;SUDESTE/CENTRO-OESTE;1787.986
2025-06-23 04:00:00;NORTE;SUDESTE/CENTRO-OESTE;1683.865
2025-06-23 05:00:00;NORTE;SUDESTE/CENTRO-OESTE;2333.98999999
2025-06-23 06:00:00;NORTE;SUDESTE/CENTRO-OESTE;3827.45
2025-06-23 07:00:00;NORTE;SUDESTE/CENTRO-OESTE;4164.814
2025-06-23 08:00:00;NORTE;SUDESTE/CENTRO-OESTE;4450.822
2025-06-23 09:00:00;NORTE;SUDESTE/CENTRO-OESTE;4587.72999999
2025-06-23 10:00:00;NORTE;SUDESTE/CENTRO-OESTE;4212.473
2025-06-23 11:00:00;NORTE;SUDESTE/CENTRO-OESTE;3949.016
2025-06-23 12:00:00;NORTE;SUDESTE/CENTRO-OESTE;3555.675
2025-06-23 13:00:00;NORTE;SUDESTE/CENTRO-OESTE;3827.148
2025-06-23 14:00:00;NORTE;SUDESTE/CENTRO-OESTE;4553.74399999
2025-06-23 15:00:00;NORTE;SUDESTE/CENTRO-OESTE;4498.262
2025-06-23 16:00:00;NORTE;SUDESTE/CENTRO-OESTE;4154.643
2025-06-23 17:00:00;NORTE;SUDESTE/CENTRO-OESTE;3981.626
2025-06-23 18:00:00;NORTE;SUDESTE/CENTRO-OESTE;4847.654
2025-06-23 19:00:00;NORTE;SUDESTE/CENTRO-OESTE;5106.05199999
2025-06-23 20:00:00;NORTE;SUDESTE/CENTRO-OESTE;5556.959
2025-06-23 21:00:00;NORTE;SUDESTE/CENTRO-OESTE;5422.338
2025-06-23 22:00:00;NORTE;SUDESTE/CENTRO-OESTE;4420.786
2025-06-23 23:00:00;NORTE;SUDESTE/CENTRO-OESTE;3612.187
2025-06-24 00:00:00;NORTE;SUDESTE/CENTRO-OESTE;2402.782
2025-06-24 01:00:00;NORTE;SUDESTE/CENTRO-OESTE;1490.963
2025-06-24 02:00:00;NORTE;SUDESTE/CENTRO-OESTE;1073.49
2025-06-24 03:00:00;NORTE;SUDESTE/CENTRO-OESTE;753.716
2025-06-24 04:00:00;NORTE;SUDESTE/CENTRO-OESTE;589.53
2025-06-24 05:00:00;NORTE;SUDESTE/CENTRO-OESTE;922.84
2025-06-24 06:00:00;NORTE;SUDESTE/CENTRO-OESTE;1657.023
2025-06-24 07:00:00;NORTE;SUDESTE/CENTRO-OESTE;2582.03
2025-06-24 08:00:00;NORTE;SUDESTE/CENTRO-OESTE;3157.757
2025-06-24 09:00:00;NORTE;SUDESTE/CENTRO-OESTE;3007.175
2025-06-24 10:00:00;NORTE;SUDESTE/CENTRO-OESTE;3003.751
2025-06-24 11:00:00;NORTE;SUDESTE/CENTRO-OESTE;2856.224
2025-06-24 12:00:00;NORTE;SUDESTE/CENTRO-OESTE;2671.855
2025-06-24 13:00:00;NORTE;SUDESTE/CENTRO-OESTE;2580.022
2025-06-24 14:00:00;NORTE;SUDESTE/CENTRO-OESTE;2401.491
2025-06-24 15:00:00;NORTE;SUDESTE/CENTRO-OESTE;2634.65
2025-06-24 16:00:00;NORTE;SUDESTE/CENTRO-OESTE;3412.66
2025-06-24 17:00:00;NORTE;SUDESTE/CENTRO-OESTE;3841.765
2025-06-24 18:00:00;NORTE;SUDESTE/CENTRO-OESTE;4964.57399999
2025-06-24 19:00:00;NORTE;SUDESTE/CENTRO-OESTE;5700.728
2025-06-24 20:00:00;NORTE;SUDESTE/CENTRO-OESTE;5130.829
2025-06-24 21:00:00;NORTE;SUDESTE/CENTRO-OESTE;4751.437
2025-06-24 22:00:00;NORTE;SUDESTE/CENTRO-OESTE;3447.548
2025-06-24 23:00:00;NORTE;SUDESTE/CENTRO-OESTE;1862.013
2025-06-25 00:00:00;NORTE;SUDESTE/CENTRO-OESTE;1424.399
2025-06-25 01:00:00;NORTE;SUDESTE/CENTRO-OESTE;1466.158
2025-06-25 02:00:00;NORTE;SUDESTE/CENTRO-OESTE;1579.838
2025-06-25 03:00:00;NORTE;SUDESTE/CENTRO-OESTE;1643.773
2025-06-25 04:00:00;NORTE;SUDESTE/CENTRO-OESTE;1933.498
2025-06-25 05:00:00;NORTE;SUDESTE/CENTRO-OESTE;2483.27799999
2025-06-25 06:00:00;NORTE;SUDESTE/CENTRO-OESTE;3048.792
2025-06-25 07:00:00;NORTE;SUDESTE/CENTRO-OESTE;4183.34
2025-06-25 08:00:00;NORTE;SUDESTE/CENTRO-OESTE;3935.835
2025-06-25 09:00:00;NORTE;SUDESTE/CENTRO-OESTE;3163.493
2025-06-25 10:00:00;NORTE;SUDESTE/CENTRO-OESTE;2880.643
2025-06-25 11:00:00;NORTE;SUDESTE/CENTRO-OESTE;2473.70899999
2025-06-25 12:00:00;NORTE;SUDESTE/CENTRO-OESTE;1973.175
2025-06-25 13:00:00;NORTE;SUDESTE/CENTRO-OESTE;2081.099
2025-06-25 14:00:00;NORTE;SUDESTE/CENTRO-OESTE;1945.136
2025-06-25 15:00:00;NORTE;SUDESTE/CENTRO-OESTE;2160.518
2025-06-25 16:00:00;NORTE;SUDESTE/CENTRO-OESTE;2723.743
2025-06-25 17:00:00;NORTE;SUDESTE/CENTRO-OESTE;4768.242
2025-06-25 18:00:00;NORTE;SUDESTE/CENTRO-OESTE;6366.021
2025-06-25 19:00:00;NORTE;SUDESTE/CENTRO-OESTE;6980.1
2025-06-25 20:00:00;NORTE;SUDESTE/CENTRO-OESTE;6244.453
2025-06-25 21:00:00;NORTE;SUDESTE/CENTRO-OESTE;5167.11899999
2025-06-25 22:00:00;NORTE;SUDESTE/CENTRO-OESTE;4287.805
2025-06-25 23:00:00;NORTE;SUDESTE/CENTRO-OESTE;2480.381
2025-06-26 00:00:00;NORTE;SUDESTE/CENTRO-OESTE;2330.706
2025-06-26 01:00:00;NORTE;SUDESTE/CENTRO-OESTE;2445.411
2025-06-26 02:00:00;NORTE;SUDESTE/CENTRO-OESTE;2373.74899999
2025-06-26 03:00:00;NORTE;SUDESTE/CENTRO-OESTE;2375.993
2025-06-26 04:00:00;NORTE;SUDESTE/CENTRO-OESTE;2598.494
2025-06-26 05:00:00;NORTE;SUDESTE/CENTRO-OESTE;2876.34
2025-06-26 06:00:00;NORTE;SUDESTE/CENTRO-OESTE;3531.083
2025-06-26 07:00:00;NORTE;SUDESTE/CENTRO-OESTE;4202.665
2025-06-26 08:00:00;NORTE;SUDESTE/CENTRO-OESTE;4678.539
2025-06-26 09:00:00;NORTE;SUDESTE/CENTRO-OESTE;4664.894
2025-06-26 10:00:00;NORTE;SUDESTE/CENTRO-OESTE;4335.071
2025-06-26 11:00:00;NORTE;SUDESTE/CENTRO-OESTE;3734.378
2025-06-26 12:00:00;NORTE;SUDESTE/CENTRO-OESTE;3540.952
2025-06-26 13:00:00;NORTE;SUDESTE/CENTRO-OESTE;3719.493
2025-06-26 14:00:00;NORTE;SUDESTE/CENTRO-OESTE;4238.411
2025-06-26 15:00:00;NORTE;SUDESTE/CENTRO-OESTE;5480.194
2025-06-26 16:00:00;NORTE;SUDESTE/CENTRO-OESTE;6414.901
2025-06-26 17:00:00;NORTE;SUDESTE/CENTRO-OESTE;7228.482
2025-06-26 18:00:00;NORTE;SUDESTE/CENTRO-OESTE;7751.389
2025-06-26 19:00:00;NORTE;SUDESTE/CENTRO-OESTE;7446.02
2025-06-26 20:00:00;NORTE;SUDESTE/CENTRO-OESTE;6689.03
2025-06-26 21:00:00;NORTE;SUDESTE/CENTRO-OESTE;6143.457
2025-06-26 22:00:00;NORTE;SUDESTE/CENTRO-OESTE;5201.024
2025-06-26 23:00:00;NORTE;SUDESTE/CENTRO-OESTE;2861.63
2025-06-27 00:00:00;NORTE;SUDESTE/CENTRO-OESTE;1954.962
2025-06-27 01:00:00;NORTE;SUDESTE/CENTRO-OESTE;1457.624
2025-06-27 02:00:00;NORTE;SUDESTE/CENTRO-OESTE;1337.29
2025-06-27 03:00:00;NORTE;SUDESTE/CENTRO-OESTE;1162.02299999
2025-06-27 04:00:00;NORTE;SUDESTE/CENTRO-OESTE;946.552
2025-06-27 05:00:00;NORTE;SUDESTE/CENTRO-OESTE;1017.911
2025-06-27 06:00:00;NORTE;SUDESTE/CENTRO-OESTE;1604.036
2025-06-27 07:00:00;NORTE;SUDESTE/CENTRO-OESTE;2548.262
2025-06-27 08:00:00;NORTE;SUDESTE/CENTRO-OESTE;3202.93
2025-06-27 09:00:00;NORTE;SUDESTE/CENTRO-OESTE;3827.657
2025-06-27 10:00:00;NORTE;SUDESTE/CENTRO-OESTE;3866.796
2025-06-27 11:00:00;NORTE;SUDESTE/CENTRO-OESTE;4160.712
2025-06-27 12:00:00;NORTE;SUDESTE/CENTRO-OESTE;4090.563
2025-06-27 13:00:00;NORTE;SUDESTE/CENTRO-OESTE;4745.566
2025-06-27 14:00:00;NORTE;SUDESTE/CENTRO-OESTE;5060.1
2025-06-27 15:00:00;NORTE;SUDESTE/CENTRO-OESTE;4756.93099999
2025-06-27 16:00:00;NORTE;SUDESTE/CENTRO-OESTE;4685.154
2025-06-27 17:00:00;NORTE;SUDESTE/CENTRO-OESTE;4145.947
2025-06-27 18:00:00;NORTE;SUDESTE/CENTRO-OESTE;5197.43599999
2025-06-27 19:00:00;NORTE;SUDESTE/CENTRO-OESTE;4854.85
2025-06-27 20:00:00;NORTE;SUDESTE/CENTRO-OESTE;4280.411
2025-06-27 21:00:00;NORTE;SUDESTE/CENTRO-OESTE;3372.727
2025-06-27 22:00:00;NORTE;SUDESTE/CENTRO-OESTE;2439.29799999
2025-06-27 23:00:00;NORTE;SUDESTE/CENTRO-OESTE;1764.177
2025-06-28 00:00:00;NORTE;SUDESTE/CENTRO-OESTE;920.623
2025-06-28 01:00:00;NORTE;SUDESTE/CENTRO-OESTE;779.563
2025-06-28 02:00:00;NORTE;SUDESTE/CENTRO-OESTE;760.138
2025-06-28 03:00:00;NORTE;SUDESTE/CENTRO-OESTE;977.397
2025-06-28 04:00:00;NORTE;SUDESTE/CENTRO-OESTE;894.573
2025-06-28 05:00:00;NORTE;SUDESTE/CENTRO-OESTE;986.707
2025-06-28 06:00:00;NORTE;SUDESTE/CENTRO-OESTE;2063.513
2025-06-28 07:00:00;NORTE;SUDESTE/CENTRO-OESTE;3242.926
2025-06-28 08:00:00;NORTE;SUDESTE/CENTRO-OESTE;3206.375
2025-06-28 09:00:00;NORTE;SUDESTE/CENTRO-OESTE;2867.94
2025-06-28 10:00:00;NORTE;SUDESTE/CENTRO-OESTE;3004.425
2025-06-28 11:00:00;NORTE;SUDESTE/CENTRO-OESTE;3224.88
2025-06-28 12:00:00;NORTE;SUDESTE/CENTRO-OESTE;3616.708
2025-06-28 13:00:00;NORTE;SUDESTE/CENTRO-OESTE;4011.253
2025-06-28 14:00:00;NORTE;SUDESTE/CENTRO-OESTE;3833.842
2025-06-28 15:00:00;NORTE;SUDESTE/CENTRO-OESTE;4143.519
2025-06-28 16:00:00;NORTE;SUDESTE/CENTRO-OESTE;5603.48
2025-06-28 17:00:00;NORTE;SUDESTE/CENTRO-OESTE;6132.565
2025-06-28 18:00:00;NORTE;SUDESTE/CENTRO-OESTE;7021.584
2025-06-28 19:00:00;NORTE;SUDESTE/CENTRO-OESTE;6752.471
2025-06-28 20:00:00;NORTE;SUDESTE/CENTRO-OESTE;5768.182
2025-06-28 21:00:00;NORTE;SUDESTE/CENTRO-OESTE;4379.268
2025-06-28 22:00:00;NORTE;SUDESTE/CENTRO-OESTE;2793.012
2025-06-28 23:00:00;NORTE;SUDESTE/CENTRO-OESTE;1739.361
2025-06-29 00:00:00;NORTE;SUDESTE/CENTRO-OESTE;1327.61999999
2025-06-29 01:00:00;NORTE;SUDESTE/CENTRO-OESTE;689.617
2025-06-29 02:00:00;NORTE;SUDESTE/CENTRO-OESTE;478.181
2025-06-29 03:00:00;NORTE;SUDESTE/CENTRO-OESTE;640.303
2025-06-29 04:00:00;NORTE;SUDESTE/CENTRO-OESTE;342.101
2025-06-29 05:00:00;NORTE;SUDESTE/CENTRO-OESTE;153.781
2025-06-29 06:00:00;NORTE;SUDESTE/CENTRO-OESTE;535.923
2025-06-29 07:00:00;NORTE;SUDESTE/CENTRO-OESTE;846.788
2025-06-29 08:00:00;NORTE;SUDESTE/CENTRO-OESTE;752.972
2025-06-29 09:00:00;NORTE;SUDESTE/CENTRO-OESTE;684.671
2025-06-29 10:00:00;NORTE;SUDESTE/CENTRO-OESTE;575.048
2025-06-29 11:00:00;NORTE;SUDESTE/CENTRO-OESTE;434.94
2025-06-29 12:00:00;NORTE;SUDESTE/CENTRO-OESTE;357.734
2025-06-29 13:00:00;NORTE;SUDESTE/CENTRO-OESTE;297.86399999
2025-06-29 14:00:00;NORTE;SUDESTE/CENTRO-OESTE;134.729
2025-06-29 15:00:00;NORTE;SUDESTE/CENTRO-OESTE;468.787
2025-06-29 16:00:00;NORTE;SUDESTE/CENTRO-OESTE;1132.361
2025-06-29 17:00:00;NORTE;SUDESTE/CENTRO-OESTE;1873.377
2025-06-29 18:00:00;NORTE;SUDESTE/CENTRO-OESTE;3189.081
2025-06-29 19:00:00;NORTE;SUDESTE/CENTRO-OESTE;3282.568
2025-06-29 20:00:00;NORTE;SUDESTE/CENTRO-OESTE;2949.057
2025-06-29 21:00:00;NORTE;SUDESTE/CENTRO-OESTE;2519.69099999
2025-06-29 22:00:00;NORTE;SUDESTE/CENTRO-OESTE;1851.353
2025-06-29 23:00:00;NORTE;SUDESTE/CENTRO-OESTE;977.424
2025-06-30 00:00:00;NORTE;SUDESTE/CENTRO-OESTE;421.246
2025-06-30 01:00:00;NORTE;SUDESTE/CENTRO-OESTE;337.395
2025-06-30 02:00:00;NORTE;SUDESTE/CENTRO-OESTE;395.522
2025-06-30 03:00:00;NORTE;SUDESTE/CENTRO-OESTE;492.046
2025-06-30 04:00:00;NORTE;SUDESTE/CENTRO-OESTE;493.933
2025-06-30 05:00:00;NORTE;SUDESTE/CENTRO-OESTE;473.127
2025-06-30 06:00:00;NORTE;SUDESTE/CENTRO-OESTE;1334.85999999
2025-06-30 07:00:00;NORTE;SUDESTE/CENTRO-OESTE;2517.523
2025-06-30 08:00:00;NORTE;SUDESTE/CENTRO-OESTE;3375.176
2025-06-30 09:00:00;NORTE;SUDESTE/CENTRO-OESTE;3834.412
2025-06-30 10:00:00;NORTE;SUDESTE/CENTRO-OESTE;3719.71
2025-06-30 11:00:00;NORTE;SUDESTE/CENTRO-OESTE;3630.09
2025-06-30 12:00:00;NORTE;SUDESTE/CENTRO-OESTE;3306.494
2025-06-30 13:00:00;NORTE;SUDESTE/CENTRO-OESTE;3258.204
2025-06-30 14:00:00;NORTE;SUDESTE/CENTRO-OESTE;3206.602
2025-06-30 15:00:00;NORTE;SUDESTE/CENTRO-OESTE;3930.049
2025-06-30 16:00:00;NORTE;SUDESTE/CENTRO-OESTE;4155.195
2025-06-30 17:00:00;NORTE;SUDESTE/CENTRO-OESTE;4592.004
2025-06-30 18:00:00;NORTE;SUDESTE/CENTRO-OESTE;5337.839
2025-06-30 19:00:00;NORTE;SUDESTE/CENTRO-OESTE;5495.856
2025-06-30 20:00:00;NORTE;SUDESTE/CENTRO-OESTE;4743.125
2025-06-30 21:00:00;NORTE;SUDESTE/CENTRO-OESTE;3429.369
2025-06-30 22:00:00;NORTE;SUDESTE/CENTRO-OESTE;1260.386
2025-06-30 23:00:00;NORTE;SUDESTE/CENTRO-OESTE;140.482
2025-07-01 00:00:00;NORTE;SUDESTE/CENTRO-OESTE;100.456
2025-07-01 01:00:00;NORTE;SUDESTE/CENTRO-OESTE;41.856
2025-07-01 02:00:00;NORTE;SUDESTE/CENTRO-OESTE;-42.279
2025-07-01 03:00:00;NORTE;SUDESTE/CENTRO-OESTE;-108.114
2025-07-01 04:00:00;NORTE;SUDESTE/CENTRO-OESTE;-216.996
2025-07-01 05:00:00;NORTE;SUDESTE/CENTRO-OESTE;-234.933
2025-07-01 06:00:00;NORTE;SUDESTE/CENTRO-OESTE;451.856
2025-07-01 07:00:00;NORTE;SUDESTE/CENTRO-OESTE;1866.0
2025-07-01 08:00:00;NORTE;SUDESTE/CENTRO-OESTE;3174.235
2025-07-01 09:00:00;NORTE;SUDESTE/CENTRO-OESTE;3524.52
2025-07-01 10:00:00;NORTE;SUDESTE/CENTRO-OESTE;3335.121
2025-07-01 11:00:00;NORTE;SUDESTE/CENTRO-OESTE;2927.869
2025-07-01 12:00:00;NORTE;SUDESTE/CENTRO-OESTE;2724.016
2025-07-01 13:00:00;NORTE;SUDESTE/CENTRO-OESTE;2664.75799999
2025-07-01 14:00:00;NORTE;SUDESTE/CENTRO-OESTE;2442.719
2025-07-01 15:00:00;NORTE;SUDESTE/CENTRO-OESTE;2036.542
2025-07-01 16:00:00;NORTE;SUDESTE/CENTRO-OESTE;2700.03
2025-07-01 17:00:00;NORTE;SUDESTE/CENTRO-OESTE;2918.378
2025-07-01 18:00:00;NORTE;SUDESTE/CENTRO-OESTE;4715.965
2025-07-01 19:00:00;NORTE;SUDESTE/CENTRO-OESTE;5474.898
2025-07-01 20:00:00;NORTE;SUDESTE/CENTRO-OESTE;4675.60999999
2025-07-01 21:00:00;NORTE;SUDESTE/CENTRO-OESTE;3140.306
2025-07-01 22:00:00;NORTE;SUDESTE/CENTRO-OESTE;863.832
2025-07-01 23:00:00;NORTE;SUDESTE/CENTRO-OESTE;143.061
2025-07-02 00:00:00;NORTE;SUDESTE/CENTRO-OESTE;406.4
2025-07-02 01:00:00;NORTE;SUDESTE/CENTRO-OESTE;713.852
2025-07-02 02:00:00;NORTE;SUDESTE/CENTRO-OESTE;1097.848
2025-07-02 03:00:00;NORTE;SUDESTE/CENTRO-OESTE;1163.573
2025-07-02 04:00:00;NORTE;SUDESTE/CENTRO-OESTE;1589.463
2025-07-02 05:00:00;NORTE;SUDESTE/CENTRO-OESTE;1767.129
2025-07-02 06:00:00;NORTE;SUDESTE/CENTRO-OESTE;2440.818
2025-07-02 07:00:00;NORTE;SUDESTE/CENTRO-OESTE;3483.083
2025-07-02 08:00:00;NORTE;SUDESTE/CENTRO-OESTE;3735.821
2025-07-02 09:00:00;NORTE;SUDESTE/CENTRO-OESTE;3763.14
2025-07-02 10:00:00;NORTE;SUDESTE/CENTRO-OESTE;3339.149
2025-07-02 11:00:00;NORTE;SUDESTE/CENTRO-OESTE;3262.894
2025-07-02 12:00:00;NORTE;SUDESTE/CENTRO-OESTE;3072.18
2025-07-02 13:00:00;NORTE;SUDESTE/CENTRO-OESTE;2955.099
2025-07-02 14:00:00;NORTE;SUDESTE/CENTRO-OESTE;2976.607
2025-07-02 15:00:00;NORTE;SUDESTE/CENTRO-OESTE;2747.469
2025-07-02 16:00:00;NORTE;SUDESTE/CENTRO-OESTE;3480.667
2025-07-02 17:00:00;NORTE;SUDESTE/CENTRO-OESTE;4162.658
2025-07-02 18:00:00;NORTE;SUDESTE/CENTRO-OESTE;5515.474
2025-07-02 19:00:00;NORTE;SUDESTE/CENTRO-OESTE;5107.073
2025-07-02 20:00:00;NORTE;SUDESTE/CENTRO-OESTE;4053.76
2025-07-02 21:00:00;NORTE;SUDESTE/CENTRO-OESTE;3181.703
2025-07-02 22:00:00;NORTE;SUDESTE/CENTRO-OESTE;1690.152
2025-07-02 23:00:00;NORTE;SUDESTE/CENTRO-OESTE;977.68
2025-07-03 00:00:00;NORTE;SUDESTE/CENTRO-OESTE;930.719
2025-07-03 01:00:00;NORTE;SUDESTE/CENTRO-OESTE;1008.7
2025-07-03 02:00:00;NORTE;SUDESTE/CENTRO-OESTE;797.751
2025-07-03 03:00:00;NORTE;SUDESTE/CENTRO-OESTE;980.188
2025-07-03 04:00:00;NORTE;SUDESTE/CENTRO-OESTE;1058.21
2025-07-03 05:00:00;NORTE;SUDESTE/CENTRO-OESTE;1435.582
2025-07-03 06:00:00;NORTE;SUDESTE/CENTRO-OESTE;2461.694
2025-07-03 07:00:00;NORTE;SUDESTE/CENTRO-OESTE;3561.783
2025-07-03 08:00:00;NORTE;SUDESTE/CENTRO-OESTE;3794.487
2025-07-03 09:00:00;NORTE;SUDESTE/CENTRO-OESTE;3891.301
2025-07-03 10:00:00;NORTE;SUDESTE/CENTRO-OESTE;3944.03
2025-07-03 11:00:00;NORTE;SUDESTE/CENTRO-OESTE;3928.327
2025-07-03 12:00:00;NORTE;SUDESTE/CENTRO-OESTE;4003.102
2025-07-03 13:00:00;NORTE;SUDESTE/CENTRO-OESTE;3625.43
2025-07-03 14:00:00;NORTE;SUDESTE/CENTRO-OESTE;3233.47
2025-07-03 15:00:00;NORTE;SUDESTE/CENTRO-OESTE;3228.748
2025-07-03 16:00:00;NORTE;SUDESTE/CENTRO-OESTE;3145.06
2025-07-03 17:00:00;NORTE;SUDESTE/CENTRO-OESTE;3423.572
2025-07-03 18:00:00;NORTE;SUDESTE/CENTRO-OESTE;4712.415
2025-07-03 19:00:00;NORTE;SUDESTE/CENTRO-OESTE;4707.923
2025-07-03 20:00:00;NORTE;SUDESTE/CENTRO-OESTE;3904.188
2025-07-03 21:00:00;NORTE;SUDESTE/CENTRO-OESTE;2916.906
2025-07-03 22:00:00;NORTE;SUDESTE/CENTRO-OESTE;1041.231
2025-07-03 23:00:00;NORTE;SUDESTE/CENTRO-OESTE;614.732
2025-07-04 00:00:00;NORTE;SUDESTE/CENTRO-OESTE;661.543
2025-07-04 01:00:00;NORTE;SUDESTE/CENTRO-OESTE;853.6
2025-07-04 02:00:00;NORTE;SUDESTE/CENTRO-OESTE;996.851
2025-07-04 03:00:00;NORTE;SUDESTE/CENTRO-OESTE;1129.588
2025-07-04 04:00:00;NORTE;SUDESTE/CENTRO-OESTE;1397.367
2025-07-04 05:00:00;NORTE;SUDESTE/CENTRO-OESTE;1412.229
2025-07-04 06:00:00;NORTE;SUDESTE/CENTRO-OESTE;1926.965
2025-07-04 07:00:00;NORTE;SUDESTE/CENTRO-OESTE;2891.169
2025-07-04 08:00:00;NORTE;SUDESTE/CENTRO-OESTE;3390.971
2025-07-04 09:00:00;NORTE;SUDESTE/CENTRO-OESTE;3474.183
2025-07-04 10:00:00;NORTE;SUDESTE/CENTRO-OESTE;3344.324
2025-07-04 11:00:00;NORTE;SUDESTE/CENTRO-OESTE;3457.373
2025-07-04 12:00:00;NORTE;SUDESTE/CENTRO-OESTE;2937.74
2025-07-04 13:00:00;NORTE;SUDESTE/CENTRO-OESTE;2956.528
2025-07-04 14:00:00;NORTE;SUDESTE/CENTRO-OESTE;3250.952
2025-07-04 15:00:00;NORTE;SUDESTE/CENTRO-OESTE;3577.178
2025-07-04 16:00:00;NORTE;SUDESTE/CENTRO-OESTE;3999.05
2025-07-04 17:00:00;NORTE;SUDESTE/CENTRO-OESTE;4493.366
2025-07-04 18:00:00;NORTE;SUDESTE/CENTRO-OESTE;5597.208
2025-07-04 19:00:00;NORTE;SUDESTE/CENTRO-OESTE;6112.785
2025-07-04 20:00:00;NORTE;SUDESTE/CENTRO-OESTE;6082.728
2025-07-04 21:00:00;NORTE;SUDESTE/CENTRO-OESTE;5047.19899999
2025-07-04 22:00:00;NORTE;SUDESTE/CENTRO-OESTE;2668.823
2025-07-04 23:00:00;NORTE;SUDESTE/CENTRO-OESTE;1521.06
2025-07-05 00:00:00;NORTE;SUDESTE/CENTRO-OESTE;925.192
2025-07-05 01:00:00;NORTE;SUDESTE/CENTRO-OESTE;405.591
2025-07-05 02:00:00;NORTE;SUDESTE/CENTRO-OESTE;278.66
2025-07-05 03:00:00;NORTE;SUDESTE/CENTRO-OESTE;598.984
2025-07-05 04:00:00;NORTE;SUDESTE/CENTRO-OESTE;769.357
2025-07-05 05:00:00;NORTE;SUDESTE/CENTRO-OESTE;979.455
2025-07-05 06:00:00;NORTE;SUDESTE/CENTRO-OESTE;1546.872
2025-07-05 07:00:00;NORTE;SUDESTE/CENTRO-OESTE;2816.966
2025-07-05 08:00:00;NORTE;SUDESTE/CENTRO-OESTE;2604.09499999
2025-07-05 09:00:00;NORTE;SUDESTE/CENTRO-OESTE;1989.448
2025-07-05 10:00:00;NORTE;SUDESTE/CENTRO-OESTE;1241.594
2025-07-05 11:00:00;NORTE;SUDESTE/CENTRO-OESTE;720.085
2025-07-05 12:00:00;NORTE;SUDESTE/CENTRO-OESTE;463.777
2025-07-05 13:00:00;NORTE;SUDESTE/CENTRO-OESTE;345.067
2025-07-05 14:00:00;NORTE;SUDESTE/CENTRO-OESTE;558.222
2025-07-05 15:00:00;NORTE;SUDESTE/CENTRO-OESTE;1295.368
2025-07-05 16:00:00;NORTE;SUDESTE/CENTRO-OESTE;2216.527
2025-07-05 17:00:00;NORTE;SUDESTE/CENTRO-OESTE;2980.528
2025-07-05 18:00:00;NORTE;SUDESTE/CENTRO-OESTE;5133.96699999
2025-07-05 19:00:00;NORTE;SUDESTE/CENTRO-OESTE;5026.031
2025-07-05 20:00:00;NORTE;SUDESTE/CENTRO-OESTE;4141.946
2025-07-05 21:00:00;NORTE;SUDESTE/CENTRO-OESTE;2610.686
2025-07-05 22:00:00;NORTE;SUDESTE/CENTRO-OESTE;1621.57
2025-07-05 23:00:00;NORTE;SUDESTE/CENTRO-OESTE;860.172
2025-07-06 00:00:00;NORTE;SUDESTE/CENTRO-OESTE;78.516
2025-07-06 01:00:00;NORTE;SUDESTE/CENTRO-OESTE;200.371
2025-07-06 02:00:00;NORTE;SUDESTE/CENTRO-OESTE;135.96199999
2025-07-06 03:00:00;NORTE;SUDESTE/CENTRO-OESTE;147.866
2025-07-06 04:00:00;NORTE;SUDESTE/CENTRO-OESTE;10.982
2025-07-06 05:00:00;NORTE;SUDESTE/CENTRO-OESTE;-72.171
2025-07-06 06:00:00;NORTE;SUDESTE/CENTRO-OESTE;612.383
2025-07-06 07:00:00;NORTE;SUDESTE/CENTRO-OESTE;581.972
2025-07-06 08:00:00;NORTE;SUDESTE/CENTRO-OESTE;457.007
2025-07-06 09:00:00;NORTE;SUDESTE/CENTRO-OESTE;9.445
2025-07-06 10:00:00;NORTE;SUDESTE/CENTRO-OESTE;-288.324
2025-07-06 11:00:00;NORTE;SUDESTE/CENTRO-OESTE;-412.953
2025-07-06 12:00:00;NORTE;SUDESTE/CENTRO-OESTE;-648.00699999
2025-07-06 13:00:00;NORTE;SUDESTE/CENTRO-OESTE;-730.808
2025-07-06 14:00:00;NORTE;SUDESTE/CENTRO-OESTE;-344.219
2025-07-06 15:00:00;NORTE;SUDESTE/CENTRO-OESTE;481.606
2025-07-06 16:00:00;NORTE;SUDESTE/CENTRO-OESTE;2142.22899999
2025-07-06 17:00:00;NORTE;SUDESTE/CENTRO-OESTE;2593.703
2025-07-06 18:00:00;NORTE;SUDESTE/CENTRO-OESTE;3031.265
2025-07-06 19:00:00;NORTE;SUDESTE/CENTRO-OESTE;2885.826
2025-07-06 20:00:00;NORTE;SUDESTE/CENTRO-OESTE;1978.917
2025-07-06 21:00:00;NORTE;SUDESTE/CENTRO-OESTE;1112.336
2025-07-06 22:00:00;NORTE;SUDESTE/CENTRO-OESTE;730.911
2025-07-06 23:00:00;NORTE;SUDESTE/CENTRO-OESTE;311.363
2025-07-07 00:00:00;NORTE;SUDESTE/CENTRO-OESTE;484.757
2025-07-07 01:00:00;NORTE;SUDESTE/CENTRO-OESTE;611.403
2025-07-07 02:00:00;NORTE;SUDESTE/CENTRO-OESTE;745.265
2025-07-07 03:00:00;NORTE;SUDESTE/CENTRO-OESTE;947.098
2025-07-07 04:00:00;NORTE;SUDESTE/CENTRO-OESTE;1069.327
2025-07-07 05:00:00;NORTE;SUDESTE/CENTRO-OESTE;1169.079
2025-07-07 06:00:00;NORTE;SUDESTE/CENTRO-OESTE;1828.08
2025-07-07 07:00:00;NORTE;SUDESTE/CENTRO-OESTE;2831.041
2025-07-07 08:00:00;NORTE;SUDESTE/CENTRO-OESTE;3061.385
2025-07-07 09:00:00;NORTE;SUDESTE/CENTRO-OESTE;2120.435
2025-07-07 10:00:00;NORTE;SUDESTE/CENTRO-OESTE;1822.99
2025-07-07 11:00:00;NORTE;SUDESTE/CENTRO-OESTE;1670.95
2025-07-07 12:00:00;NORTE;SUDESTE/CENTRO-OESTE;1375.259
2025-07-07 13:00:00;NORTE;SUDESTE/CENTRO-OESTE;1457.906
2025-07-07 14:00:00;NORTE;SUDESTE/CENTRO-OESTE;2105.442
2025-07-07 15:00:00;NORTE;SUDESTE/CENTRO-OESTE;2669.29
2025-07-07 16:00:00;NORTE;SUDESTE/CENTRO-OESTE;2897.193
2025-07-07 17:00:00;NORTE;SUDESTE/CENTRO-OESTE;3882.031
2025-07-07 18:00:00;NORTE;SUDESTE/CENTRO-OESTE;4644.95
2025-07-07 19:00:00;NORTE;SUDESTE/CENTRO-OESTE;4261.233
2025-07-07 20:00:00;NORTE;SUDESTE/CENTRO-OESTE;3942.423
2025-07-07 21:00:00;NORTE;SUDESTE/CENTRO-OESTE;3110.121
2025-07-07 22:00:00;NORTE;SUDESTE/CENTRO-OESTE;2068.289
2025-07-07 23:00:00;NORTE;SUDESTE/CENTRO-OESTE;937.021
2025-07-08 00:00:00;NORTE;SUDESTE/CENTRO-OESTE;334.214
2025-07-08 01:00:00;NORTE;SUDESTE/CENTRO-OESTE;483.872
2025-07-08 02:00:00;NORTE;SUDESTE/CENTRO-OESTE;556.792
2025-07-08 03:00:00;NORTE;SUDESTE/CENTRO-OESTE;570.114
2025-07-08 04:00:00;NORTE;SUDESTE/CENTRO-OESTE;578.489
2025-07-08 05:00:00;NORTE;SUDESTE/CENTRO-OESTE;756.53
2025-07-08 06:00:00;NORTE;SUDESTE/CENTRO-OESTE;1668.283
2025-07-08 07:00:00;NORTE;SUDESTE/CENTRO-OESTE;2609.492
2025-07-08 08:00:00;NORTE;SUDESTE/CENTRO-OESTE;2943.051
2025-07-08 09:00:00;NORTE;SUDESTE/CENTRO-OESTE;2724.91
2025-07-08 10:00:00;NORTE;SUDESTE/CENTRO-OESTE;1975.636
2025-07-08 11:00:00;NORTE;SUDESTE/CENTRO-OESTE;1505.825
2025-07-08 12:00:00;NORTE;SUDESTE/CENTRO-OESTE;1062.32099999
2025-07-08 13:00:00;NORTE;SUDESTE/CENTRO-OESTE;1127.185
2025-07-08 14:00:00;NORTE;SUDESTE/CENTRO-OESTE;1165.74
2025-07-08 15:00:00;NORTE;SUDESTE/CENTRO-OESTE;1845.969
2025-07-08 16:00:00;NORTE;SUDESTE/CENTRO-OESTE;2585.02
2025-07-08 17:00:00;NORTE;SUDESTE/CENTRO-OESTE;2890.091
2025-07-08 18:00:00;NORTE;SUDESTE/CENTRO-OESTE;4989.387
2025-07-08 19:00:00;NORTE;SUDESTE/CENTRO-OESTE;5126.146
2025-07-08 20:00:00;NORTE;SUDESTE/CENTRO-OESTE;4772.14999999
2025-07-08 21:00:00;NORTE;SUDESTE/CENTRO-OESTE;4215.689
2025-07-08 22:00:00;NORTE;SUDESTE/CENTRO-OESTE;3313.418
2025-07-08 23:00:00;NORTE;SUDESTE/CENTRO-OESTE;2306.98799999
2025-07-09 00:00:00;NORTE;SUDESTE/CENTRO-OESTE;1471.318
2025-07-09 01:00:00;NORTE;SUDESTE/CENTRO-OESTE;625.54
2025-07-09 02:00:00;NORTE;SUDESTE/CENTRO-OESTE;355.317
2025-07-09 03:00:00;NORTE;SUDESTE/CENTRO-OESTE;446.406
2025-07-09 04:00:00;NORTE;SUDESTE/CENTRO-OESTE;537.785
2025-07-09 05:00:00;NORTE;SUDESTE/CENTRO-OESTE;806.089
2025-07-09 06:00:00;NORTE;SUDESTE/CENTRO-OESTE;1806.848
2025-07-09 07:00:00;NORTE;SUDESTE/CENTRO-OESTE;3233.843
2025-07-09 08:00:00;NORTE;SUDESTE/CENTRO-OESTE;3286.305
2025-07-09 09:00:00;NORTE;SUDESTE/CENTRO-OESTE;2820.116
2025-07-09 10:00:00;NORTE;SUDESTE/CENTRO-OESTE;1938.197
2025-07-09 11:00:00;NORTE;SUDESTE/CENTRO-OESTE;1562.06
2025-07-09 12:00:00;NORTE;SUDESTE/CENTRO-OESTE;1033.354
2025-07-09 13:00:00;NORTE;SUDESTE/CENTRO-OESTE;852.896
2025-07-09 14:00:00;NORTE;SUDESTE/CENTRO-OESTE;951.406
2025-07-09 15:00:00;NORTE;SUDESTE/CENTRO-OESTE;1444.211
2025-07-09 16:00:00;NORTE;SUDESTE/CENTRO-OESTE;2204.641
2025-07-09 17:00:00;NORTE;SUDESTE/CENTRO-OESTE;2640.929
2025-07-09 18:00:00;NORTE;SUDESTE/CENTRO-OESTE;3154.583
2025-07-09 19:00:00;NORTE;SUDESTE/CENTRO-OESTE;2962.132
2025-07-09 20:00:00;NORTE;SUDESTE/CENTRO-OESTE;2635.58
2025-07-09 21:00:00;NORTE;SUDESTE/CENTRO-OESTE;2289.85
2025-07-09 22:00:00;NORTE;SUDESTE/CENTRO-OESTE;1708.707
2025-07-09 23:00:00;NORTE;SUDESTE/CENTRO-OESTE;1694.801
2025-07-10 00:00:00;NORTE;SUDESTE/CENTRO-OESTE;1617.184
2025-07-10 01:00:00;NORTE;SUDESTE/CENTRO-OESTE;1409.84
2025-07-10 02:00:00;NORTE;SUDESTE/CENTRO-OESTE;1323.318
2025-07-10 03:00:00;NORTE;SUDESTE/CENTRO-OESTE;1436.74
2025-07-10 04:00:00;NORTE;SUDESTE/CENTRO-OESTE;1535.252
2025-07-10 05:00:00;NORTE;SUDESTE/CENTRO-OESTE;1754.937
2025-07-10 06:00:00;NORTE;SUDESTE/CENTRO-OESTE;2582.491
2025-07-10 07:00:00;NORTE;SUDESTE/CENTRO-OESTE;3520.62
2025-07-10 08:00:00;NORTE;SUDESTE/CENTRO-OESTE;3410.168
2025-07-10 09:00:00;NORTE;SUDESTE/CENTRO-OESTE;3329.733
2025-07-10 10:00:00;NORTE;SUDESTE/CENTRO-OESTE;3184.866
2025-07-10 11:00:00;NORTE;SUDESTE/CENTRO-OESTE;2718.784
2025-07-10 12:00:00;NORTE;SUDESTE/CENTRO-OESTE;2372.674
2025-07-10 13:00:00;NORTE;SUDESTE/CENTRO-OESTE;2264.565
2025-07-10 14:00:00;NORTE;SUDESTE/CENTRO-OESTE;2346.06
2025-07-10 15:00:00;NORTE;SUDESTE/CENTRO-OESTE;2639.114
2025-07-10 16:00:00;NORTE;SUDESTE/CENTRO-OESTE;3549.38
2025-07-10 17:00:00;NORTE;SUDESTE/CENTRO-OESTE;4015.494
2025-07-10 18:00:00;NORTE;SUDESTE/CENTRO-OESTE;4008.726
2025-07-10 19:00:00;NORTE;SUDESTE/CENTRO-OESTE;3468.833
2025-07-10 20:00:00;NORTE;SUDESTE/CENTRO-OESTE;2674.719
2025-07-10 21:00:00;NORTE;SUDESTE/CENTRO-OESTE;2409.275
2025-07-10 22:00:00;NORTE;SUDESTE/CENTRO-OESTE;2250.487
2025-07-10 23:00:00;NORTE;SUDESTE/CENTRO-OESTE;2271.178
2025-07-11 00:00:00;NORTE;SUDESTE/CENTRO-OESTE;1413.032
2025-07-11 01:00:00;NORTE;SUDESTE/CENTRO-OESTE;1611.298
2025-07-11 02:00:00;NORTE;SUDESTE/CENTRO-OESTE;1656.347
2025-07-11 03:00:00;NORTE;SUDESTE/CENTRO-OESTE;1983.947
2025-07-11 04:00:00;NORTE;SUDESTE/CENTRO-OESTE;2169.129
2025-07-11 05:00:00;NORTE;SUDESTE/CENTRO-OESTE;2134.857
2025-07-11 06:00:00;NORTE;SUDESTE/CENTRO-OESTE;2136.199
2025-07-11 07:00:00;NORTE;SUDESTE/CENTRO-OESTE;2945.328
2025-07-11 08:00:00;NORTE;SUDESTE/CENTRO-OESTE;3860.45
2025-07-11 09:00:00;NORTE;SUDESTE/CENTRO-OESTE;4435.832
2025-07-11 10:00:00;NORTE;SUDESTE/CENTRO-OESTE;3863.13
2025-07-11 11:00:00;NORTE;SUDESTE/CENTRO-OESTE;3356.833
2025-07-11 12:00:00;NORTE;SUDESTE/CENTRO-OESTE;3380.285
2025-07-11 13:00:00;NORTE;SUDESTE/CENTRO-OESTE;3611.509
2025-07-11 14:00:00;NORTE;SUDESTE/CENTRO-OESTE;3331.546
2025-07-11 15:00:00;NORTE;SUDESTE/CENTRO-OESTE;3462.609
2025-07-11 16:00:00;NORTE;SUDESTE/CENTRO-OESTE;3763.656
2025-07-11 17:00:00;NORTE;SUDESTE/CENTRO-OESTE;4253.117
2025-07-11 18:00:00;NORTE;SUDESTE/CENTRO-OESTE;5096.719
2025-07-11 19:00:00;NORTE;SUDESTE/CENTRO-OESTE;4967.43599999
2025-07-11 20:00:00;NORTE;SUDESTE/CENTRO-OESTE;4722.078
2025-07-11 21:00:00;NORTE;SUDESTE/CENTRO-OESTE;4292.276
2025-07-11 22:00:00;NORTE;SUDESTE/CENTRO-OESTE;3518.731
2025-07-11 23:00:00;NORTE;SUDESTE/CENTRO-OESTE;2358.379
2025-07-12 00:00:00;NORTE;SUDESTE/CENTRO-OESTE;1770.109
2025-07-12 01:00:00;NORTE;SUDESTE/CENTRO-OESTE;1232.41699999
2025-07-12 02:00:00;NORTE;SUDESTE/CENTRO-OESTE;619.765
2025-07-12 03:00:00;NORTE;SUDESTE/CENTRO-OESTE;857.558
2025-07-12 04:00:00;NORTE;SUDESTE/CENTRO-OESTE;933.148
2025-07-12 05:00:00;NORTE;SUDESTE/CENTRO-OESTE;1001.716
2025-07-12 06:00:00;NORTE;SUDESTE/CENTRO-OESTE;1530.186
2025-07-12 07:00:00;NORTE;SUDESTE/CENTRO-OESTE;2757.627
2025-07-12 08:00:00;NORTE;SUDESTE/CENTRO-OESTE;3157.73
2025-07-12 09:00:00;NORTE;SUDESTE/CENTRO-OESTE;3144.799
2025-07-12 10:00:00;NORTE;SUDESTE/CENTRO-OESTE;2772.293
2025-07-12 11:00:00;NORTE;SUDESTE/CENTRO-OESTE;2288.35
2025-07-12 12:00:00;NORTE;SUDESTE/CENTRO-OESTE;2023.9
2025-07-12 13:00:00;NORTE;SUDESTE/CENTRO-OESTE;1997.788
2025-07-12 14:00:00;NORTE;SUDESTE/CENTRO-OESTE;2484.50799999
2025-07-12 15:00:00;NORTE;SUDESTE/CENTRO-OESTE;3264.22
2025-07-12 16:00:00;NORTE;SUDESTE/CENTRO-OESTE;3852.166
2025-07-12 17:00:00;NORTE;SUDESTE/CENTRO-OESTE;3883.266
2025-07-12 18:00:00;NORTE;SUDESTE/CENTRO-OESTE;4042.377
2025-07-12 19:00:00;NORTE;SUDESTE/CENTRO-OESTE;4019.33
2025-07-12 20:00:00;NORTE;SUDESTE/CENTRO-OESTE;3384.572
2025-07-12 21:00:00;NORTE;SUDESTE/CENTRO-OESTE;2560.789
2025-07-12 22:00:00;NORTE;SUDESTE/CENTRO-OESTE;1610.616
2025-07-12 23:00:00;NORTE;SUDESTE/CENTRO-OESTE;725.292
2025-07-13 00:00:00;NORTE;SUDESTE/CENTRO-OESTE;296.032
2025-07-13 01:00:00;NORTE;SUDESTE/CENTRO-OESTE;344.801
2025-07-13 02:00:00;NORTE;SUDESTE/CENTRO-OESTE;363.133
2025-07-13 03:00:00;NORTE;SUDESTE/CENTRO-OESTE;461.66
2025-07-13 04:00:00;NORTE;SUDESTE/CENTRO-OESTE;363.662
2025-07-13 05:00:00;NORTE;SUDESTE/CENTRO-OESTE;409.157
2025-07-13 06:00:00;NORTE;SUDESTE/CENTRO-OESTE;1267.76399999
2025-07-13 07:00:00;NORTE;SUDESTE/CENTRO-OESTE;1883.646
2025-07-13 08:00:00;NORTE;SUDESTE/CENTRO-OESTE;1788.616
2025-07-13 09:00:00;NORTE;SUDESTE/CENTRO-OESTE;718.593
2025-07-13 10:00:00;NORTE;SUDESTE/CENTRO-OESTE;91.558
2025-07-13 11:00:00;NORTE;SUDESTE/CENTRO-OESTE;-152.685
2025-07-13 12:00:00;NORTE;SUDESTE/CENTRO-OESTE;-343.221
2025-07-13 13:00:00;NORTE;SUDESTE/CENTRO-OESTE;-477.752
2025-07-13 14:00:00;NORTE;SUDESTE/CENTRO-OESTE;-277.104
2025-07-13 15:00:00;NORTE;SUDESTE/CENTRO-OESTE;787.311
2025-07-13 16:00:00;NORTE;SUDESTE/CENTRO-OESTE;2241.929
2025-07-13 17:00:00;NORTE;SUDESTE/CENTRO-OESTE;3424.412
2025-07-13 18:00:00;NORTE;SUDESTE/CENTRO-OESTE;4161.89
2025-07-13 19:00:00;NORTE;SUDESTE/CENTRO-OESTE;3933.961
2025-07-13 20:00:00;NORTE;SUDESTE/CENTRO-OESTE;3508.154
2025-07-13 21:00:00;NORTE;SUDESTE/CENTRO-OESTE;2471.197
2025-07-13 22:00:00;NORTE;SUDESTE/CENTRO-OESTE;1484.44
2025-07-13 23:00:00;NORTE;SUDESTE/CENTRO-OESTE;800.928
2025-07-14 00:00:00;NORTE;SUDESTE/CENTRO-OESTE;518.72
2025-07-14 01:00:00;NORTE;SUDESTE/CENTRO-OESTE;393.068
2025-07-14 02:00:00;NORTE;SUDESTE/CENTRO-OESTE;441.841
2025-07-14 03:00:00;NORTE;SUDESTE/CENTRO-OESTE;436.719
2025-07-14 04:00:00;NORTE;SUDESTE/CENTRO-OESTE;450.624
2025-07-14 05:00:00;NORTE;SUDESTE/CENTRO-OESTE;698.383
2025-07-14 06:00:00;NORTE;SUDESTE/CENTRO-OESTE;1691.598
2025-07-14 07:00:00;NORTE;SUDESTE/CENTRO-OESTE;3279.138
2025-07-14 08:00:00;NORTE;SUDESTE/CENTRO-OESTE;3553.357
2025-07-14 09:00:00;NORTE;SUDESTE/CENTRO-OESTE;2815.956
2025-07-14 10:00:00;NORTE;SUDESTE/CENTRO-OESTE;2299.37399999
2025-07-14 11:00:00;NORTE;SUDESTE/CENTRO-OESTE;2024.247
2025-07-14 12:00:00;NORTE;SUDESTE/CENTRO-OESTE;1371.83999999
2025-07-14 13:00:00;NORTE;SUDESTE/CENTRO-OESTE;1385.064
2025-07-14 14:00:00;NORTE;SUDESTE/CENTRO-OESTE;2108.047
2025-07-14 15:00:00;NORTE;SUDESTE/CENTRO-OESTE;3435.947
2025-07-14 16:00:00;NORTE;SUDESTE/CENTRO-OESTE;3479.696
2025-07-14 17:00:00;NORTE;SUDESTE/CENTRO-OESTE;3676.268
2025-07-14 18:00:00;NORTE;SUDESTE/CENTRO-OESTE;4656.944
2025-07-14 19:00:00;NORTE;SUDESTE/CENTRO-OESTE;5220.72
2025-07-14 20:00:00;NORTE;SUDESTE/CENTRO-OESTE;4708.08
2025-07-14 21:00:00;NORTE;SUDESTE/CENTRO-OESTE;3985.467
2025-07-14 22:00:00;NORTE;SUDESTE/CENTRO-OESTE;2569.928
2025-07-14 23:00:00;NORTE;SUDESTE/CENTRO-OESTE;1445.911
2025-07-15 00:00:00;NORTE;SUDESTE/CENTRO-OESTE;1207.765
2025-07-15 01:00:00;NORTE;SUDESTE/CENTRO-OESTE;1298.959
2025-07-15 02:00:00;NORTE;SUDESTE/CENTRO-OESTE;1537.586
2025-07-15 03:00:00;NORTE;SUDESTE/CENTRO-OESTE;1729.074
2025-07-15 04:00:00;NORTE;SUDESTE/CENTRO-OESTE;1704.692
2025-07-15 05:00:00;NORTE;SUDESTE/CENTRO-OESTE;2100.987
2025-07-15 06:00:00;NORTE;SUDESTE/CENTRO-OESTE;2950.685
2025-07-15 07:00:00;NORTE;SUDESTE/CENTRO-OESTE;3410.316
2025-07-15 08:00:00;NORTE;SUDESTE/CENTRO-OESTE;3297.196
2025-07-15 09:00:00;NORTE;SUDESTE/CENTRO-OESTE;3310.916
2025-07-15 10:00:00;NORTE;SUDESTE/CENTRO-OESTE;3150.425
2025-07-15 11:00:00;NORTE;SUDESTE/CENTRO-OESTE;3007.592
2025-07-15 12:00:00;NORTE;SUDESTE/CENTRO-OESTE;2809.782
2025-07-15 13:00:00;NORTE;SUDESTE/CENTRO-OESTE;3332.36
2025-07-15 14:00:00;NORTE;SUDESTE/CENTRO-OESTE;3468.925
2025-07-15 15:00:00;NORTE;SUDESTE/CENTRO-OESTE;4164.259
2025-07-15 16:00:00;NORTE;SUDESTE/CENTRO-OESTE;4048.363
2025-07-15 17:00:00;NORTE;SUDESTE/CENTRO-OESTE;4055.432
2025-07-15 18:00:00;NORTE;SUDESTE/CENTRO-OESTE;5066.539
2025-07-15 19:00:00;NORTE;SUDESTE/CENTRO-OESTE;4321.93099999
2025-07-15 20:00:00;NORTE;SUDESTE/CENTRO-OESTE;3586.965
2025-07-15 21:00:00;NORTE;SUDESTE/CENTRO-OESTE;2716.4
2025-07-15 22:00:00;NORTE;SUDESTE/CENTRO-OESTE;1822.551
2025-07-15 23:00:00;NORTE;SUDESTE/CENTRO-OESTE;1088.519
2025-07-16 00:00:00;NORTE;SUDESTE/CENTRO-OESTE;1128.743
2025-07-16 01:00:00;NORTE;SUDESTE/CENTRO-OESTE;1485.091
2025-07-16 02:00:00;NORTE;SUDESTE/CENTRO-OESTE;1646.858
2025-07-16 03:00:00;NORTE;SUDESTE/CENTRO-OESTE;1565.946
2025-07-16 04:00:00;NORTE;SUDESTE/CENTRO-OESTE;1631.657
2025-07-16 05:00:00;NORTE;SUDESTE/CENTRO-OESTE;1598.292
2025-07-16 06:00:00;NORTE;SUDESTE/CENTRO-OESTE;2366.36
2025-07-16 07:00:00;NORTE;SUDESTE/CENTRO-OESTE;2986.002
2025-07-16 08:00:00;NORTE;SUDESTE/CENTRO-OESTE;2856.396
2025-07-16 09:00:00;NORTE;SUDESTE/CENTRO-OESTE;2657.721
2025-07-16 10:00:00;NORTE;SUDESTE/CENTRO-OESTE;2896.6
2025-07-16 11:00:00;NORTE;SUDESTE/CENTRO-OESTE;2871.112
2025-07-16 12:00:00;NORTE;SUDESTE/CENTRO-OESTE;2626.27799999
2025-07-16 13:00:00;NORTE;SUDESTE/CENTRO-OESTE;2772.631
2025-07-16 14:00:00;NORTE;SUDESTE/CENTRO-OESTE;2749.427
2025-07-16 15:00:00;NORTE;SUDESTE/CENTRO-OESTE;2698.11
2025-07-16 16:00:00;NORTE;SUDESTE/CENTRO-OESTE;2554.913
2025-07-16 17:00:00;NORTE;SUDESTE/CENTRO-OESTE;2902.347
2025-07-16 18:00:00;NORTE;SUDESTE/CENTRO-OESTE;4383.334
2025-07-16 19:00:00;NORTE;SUDESTE/CENTRO-OESTE;4668.161
2025-07-16 20:00:00;NORTE;SUDESTE/CENTRO-OESTE;3738.591
2025-07-16 21:00:00;NORTE;SUDESTE/CENTRO-OESTE;2721.476
2025-07-16 22:00:00;NORTE;SUDESTE/CENTRO-OESTE;1463.091
2025-07-16 23:00:00;NORTE;SUDESTE/CENTRO-OESTE;1156.507
2025-07-17 00:00:00;NORTE;SUDESTE/CENTRO-OESTE;1363.258
2025-07-17 01:00:00;NORTE;SUDESTE/CENTRO-OESTE;1715.822
2025-07-17 02:00:00;NORTE;SUDESTE/CENTRO-OESTE;2077.44999999
2025-07-17 03:00:00;NORTE;SUDESTE/CENTRO-OESTE;2344.98799999
2025-07-17 04:00:00;NORTE;SUDESTE/CENTRO-OESTE;2408.632
2025-07-17 05:00:00;NORTE;SUDESTE/CENTRO-OESTE;2187.131
2025-07-17 06:00:00;NORTE;SUDESTE/CENTRO-OESTE;2724.02599999
2025-07-17 07:00:00;NORTE;SUDESTE/CENTRO-OESTE;3777.319
2025-07-17 08:00:00;NORTE;SUDESTE/CENTRO-OESTE;3628.603
2025-07-17 09:00:00;NORTE;SUDESTE/CENTRO-OESTE;3637.619
2025-07-17 10:00:00;NORTE;SUDESTE/CENTRO-OESTE;3724.746
2025-07-17 11:00:00;NORTE;SUDESTE/CENTRO-OESTE;3647.125
2025-07-17 12:00:00;NORTE;SUDESTE/CENTRO-OESTE;3515.402
2025-07-17 13:00:00;NORTE;SUDESTE/CENTRO-OESTE;3566.791
2025-07-17 14:00:00;NORTE;SUDESTE/CENTRO-OESTE;3266.801
2025-07-17 15:00:00;NORTE;SUDESTE/CENTRO-OESTE;2996.188
2025-07-17 16:00:00;NORTE;SUDESTE/CENTRO-OESTE;3109.675
2025-07-17 17:00:00;NORTE;SUDESTE/CENTRO-OESTE;3292.837
2025-07-17 18:00:00;NORTE;SUDESTE/CENTRO-OESTE;4323.149
2025-07-17 19:00:00;NORTE;SUDESTE/CENTRO-OESTE;4535.536
2025-07-17 20:00:00;NORTE;SUDESTE/CENTRO-OESTE;4235.731
2025-07-17 21:00:00;NORTE;SUDESTE/CENTRO-OESTE;3602.92
2025-07-17 22:00:00;NORTE;SUDESTE/CENTRO-OESTE;2731.529
2025-07-17 23:00:00;NORTE;SUDESTE/CENTRO-OESTE;2104.416
2025-07-18 00:00:00;NORTE;SUDESTE/CENTRO-OESTE;1397.974
2025-07-18 01:00:00;NORTE;SUDESTE/CENTRO-OESTE;1614.894
2025-07-18 02:00:00;NORTE;SUDESTE/CENTRO-OESTE;1910.576
2025-07-18 03:00:00;NORTE;SUDESTE/CENTRO-OESTE;2094.01
2025-07-18 04:00:00;NORTE;SUDESTE/CENTRO-OESTE;2032.817
2025-07-18 05:00:00;NORTE;SUDESTE/CENTRO-OESTE;1875.79
2025-07-18 06:00:00;NORTE;SUDESTE/CENTRO-OESTE;2620.87199999
2025-07-18 07:00:00;NORTE;SUDESTE/CENTRO-OESTE;3898.103
2025-07-18 08:00:00;NORTE;SUDESTE/CENTRO-OESTE;3403.048
2025-07-18 09:00:00;NORTE;SUDESTE/CENTRO-OESTE;3115.842
2025-07-18 10:00:00;NORTE;SUDESTE/CENTRO-OESTE;2952.704
2025-07-18 11:00:00;NORTE;SUDESTE/CENTRO-OESTE;2788.199
2025-07-18 12:00:00;NORTE;SUDESTE/CENTRO-OESTE;2567.04
2025-07-18 13:00:00;NORTE;SUDESTE/CENTRO-OESTE;2467.735
2025-07-18 14:00:00;NORTE;SUDESTE/CENTRO-OESTE;2551.957
2025-07-18 15:00:00;NORTE;SUDESTE/CENTRO-OESTE;3214.949
2025-07-18 16:00:00;NORTE;SUDESTE/CENTRO-OESTE;3229.571
2025-07-18 17:00:00;NORTE;SUDESTE/CENTRO-OESTE;4140.53
2025-07-18 18:00:00;NORTE;SUDESTE/CENTRO-OESTE;5451.51599999
2025-07-18 19:00:00;NORTE;SUDESTE/CENTRO-OESTE;5552.101
2025-07-18 20:00:00;NORTE;SUDESTE/CENTRO-OESTE;4649.337
2025-07-18 21:00:00;NORTE;SUDESTE/CENTRO-OESTE;3418.51
2025-07-18 22:00:00;NORTE;SUDESTE/CENTRO-OESTE;2252.41
2025-07-18 23:00:00;NORTE;SUDESTE/CENTRO-OESTE;1078.712
2025-07-19 00:00:00;NORTE;SUDESTE/CENTRO-OESTE;1134.509
2025-07-19 01:00:00;NORTE;SUDESTE/CENTRO-OESTE;1299.151
2025-07-19 02:00:00;NORTE;SUDESTE/CENTRO-OESTE;1334.48
2025-07-19 03:00:00;NORTE;SUDESTE/CENTRO-OESTE;1388.531
2025-07-19 04:00:00;NORTE;SUDESTE/CENTRO-OESTE;1582.562
2025-07-19 05:00:00;NORTE;SUDESTE/CENTRO-OESTE;2527.277
2025-07-19 06:00:00;NORTE;SUDESTE/CENTRO-OESTE;3620.976
2025-07-19 07:00:00;NORTE;SUDESTE/CENTRO-OESTE;4332.983
2025-07-19 08:00:00;NORTE;SUDESTE/CENTRO-OESTE;3484.255
2025-07-19 09:00:00;NORTE;SUDESTE/CENTRO-OESTE;2974.013
2025-07-19 10:00:00;NORTE;SUDESTE/CENTRO-OESTE;2174.22899999
2025-07-19 11:00:00;NORTE;SUDESTE/CENTRO-OESTE;1722.643
2025-07-19 12:00:00;NORTE;SUDESTE/CENTRO-OESTE;1137.532
2025-07-19 13:00:00;NORTE;SUDESTE/CENTRO-OESTE;1061.709
2025-07-19 14:00:00;NORTE;SUDESTE/CENTRO-OESTE;1304.413
2025-07-19 15:00:00;NORTE;SUDESTE/CENTRO-OESTE;1837.079
2025-07-19 16:00:00;NORTE;SUDESTE/CENTRO-OESTE;2762.008
2025-07-19 17:00:00;NORTE;SUDESTE/CENTRO-OESTE;3534.652
2025-07-19 18:00:00;NORTE;SUDESTE/CENTRO-OESTE;4513.055
2025-07-19 19:00:00;NORTE;SUDESTE/CENTRO-OESTE;3786.4
2025-07-19 20:00:00;NORTE;SUDESTE/CENTRO-OESTE;2633.103
2025-07-19 21:00:00;NORTE;SUDESTE/CENTRO-OESTE;1332.038
2025-07-19 22:00:00;NORTE;SUDESTE/CENTRO-OESTE;1191.651
2025-07-19 23:00:00;NORTE;SUDESTE/CENTRO-OESTE;1023.814
2025-07-20 00:00:00;NORTE;SUDESTE/CENTRO-OESTE;1218.28299999
2025-07-20 01:00:00;NORTE;SUDESTE/CENTRO-OESTE;1464.698
2025-07-20 02:00:00;NORTE;SUDESTE/CENTRO-OESTE;1741.792
2025-07-20 03:00:00;NORTE;SUDESTE/CENTRO-OESTE;1727.807
2025-07-20 04:00:00;NORTE;SUDESTE/CENTRO-OESTE;1592.258
2025-07-20 05:00:00;NORTE;SUDESTE/CENTRO-OESTE;1720.87
2025-07-20 06:00:00;NORTE;SUDESTE/CENTRO-OESTE;2553.864
2025-07-20 07:00:00;NORTE;SUDESTE/CENTRO-OESTE;2736.385
2025-07-20 08:00:00;NORTE;SUDESTE/CENTRO-OESTE;1547.969
2025-07-20 09:00:00;NORTE;SUDESTE/CENTRO-OESTE;612.87699999
2025-07-20 10:00:00;NORTE;SUDESTE/CENTRO-OESTE;500.798
2025-07-20 11:00:00;NORTE;SUDESTE/CENTRO-OESTE;354.712
2025-07-20 12:00:00;NORTE;SUDESTE/CENTRO-OESTE;330.267
2025-07-20 13:00:00;NORTE;SUDESTE/CENTRO-OESTE;160.22
2025-07-20 14:00:00;NORTE;SUDESTE/CENTRO-OESTE;227.812
2025-07-20 15:00:00;NORTE;SUDESTE/CENTRO-OESTE;931.596
2025-07-20 16:00:00;NORTE;SUDESTE/CENTRO-OESTE;2372.907
2025-07-20 17:00:00;NORTE;SUDESTE/CENTRO-OESTE;3530.953
2025-07-20 18:00:00;NORTE;SUDESTE/CENTRO-OESTE;3791.32
2025-07-20 19:00:00;NORTE;SUDESTE/CENTRO-OESTE;3472.838
2025-07-20 20:00:00;NORTE;SUDESTE/CENTRO-OESTE;2730.765
2025-07-20 21:00:00;NORTE;SUDESTE/CENTRO-OESTE;1757.492
2025-07-20 22:00:00;NORTE;SUDESTE/CENTRO-OESTE;855.203
2025-07-20 23:00:00;NORTE;SUDESTE/CENTRO-OESTE;955.313
2025-07-21 00:00:00;NORTE;SUDESTE/CENTRO-OESTE;1292.14
2025-07-21 01:00:00;NORTE;SUDESTE/CENTRO-OESTE;1608.225
2025-07-21 02:00:00;NORTE;SUDESTE/CENTRO-OESTE;1486.69
2025-07-21 03:00:00;NORTE;SUDESTE/CENTRO-OESTE;1571.057
2025-07-21 04:00:00;NORTE;SUDESTE/CENTRO-OESTE;1695.736
2025-07-21 05:00:00;NORTE;SUDESTE/CENTRO-OESTE;1926.831
2025-07-21 06:00:00;NORTE;SUDESTE/CENTRO-OESTE;2604.041
2025-07-21 07:00:00;NORTE;SUDESTE/CENTRO-OESTE;3500.086
2025-07-21 08:00:00;NORTE;SUDESTE/CENTRO-OESTE;3342.297
2025-07-21 09:00:00;NORTE;SUDESTE/CENTRO-OESTE;3292.927
2025-07-21 10:00:00;NORTE;SUDESTE/CENTRO-OESTE;2963.632
2025-07-21 11:00:00;NORTE;SUDESTE/CENTRO-OESTE;2828.282
2025-07-21 12:00:00;NORTE;SUDESTE/CENTRO-OESTE;2312.30499999
2025-07-21 13:00:00;NORTE;SUDESTE/CENTRO-OESTE;2144.538
2025-07-21 14:00:00;NORTE;SUDESTE/CENTRO-OESTE;2478.712
2025-07-21 15:00:00;NORTE;SUDESTE/CENTRO-OESTE;3701.888
2025-07-21 16:00:00;NORTE;SUDESTE/CENTRO-OESTE;3582.06
2025-07-21 17:00:00;NORTE;SUDESTE/CENTRO-OESTE;4229.227
2025-07-21 18:00:00;NORTE;SUDESTE/CENTRO-OESTE;5591.676
2025-07-21 19:00:00;NORTE;SUDESTE/CENTRO-OESTE;5905.331
2025-07-21 20:00:00;NORTE;SUDESTE/CENTRO-OESTE;4743.529
2025-07-21 21:00:00;NORTE;SUDESTE/CENTRO-OESTE;3665.233
2025-07-21 22:00:00;NORTE;SUDESTE/CENTRO-OESTE;3042.048
2025-07-21 23:00:00;NORTE;SUDESTE/CENTRO-OESTE;2498.969
2025-07-22 00:00:00;NORTE;SUDESTE/CENTRO-OESTE;1752.999
2025-07-22 01:00:00;NORTE;SUDESTE/CENTRO-OESTE;1860.002
2025-07-22 02:00:00;NORTE;SUDESTE/CENTRO-OESTE;2025.806
2025-07-22 03:00:00;NORTE;SUDESTE/CENTRO-OESTE;2066.4
2025-07-22 04:00:00;NORTE;SUDESTE/CENTRO-OESTE;2191.867
2025-07-22 05:00:00;NORTE;SUDESTE/CENTRO-OESTE;2329.224
2025-07-22 06:00:00;NORTE;SUDESTE/CENTRO-OESTE;3308.642
2025-07-22 07:00:00;NORTE;SUDESTE/CENTRO-OESTE;4115.133
2025-07-22 08:00:00;NORTE;SUDESTE/CENTRO-OESTE;3619.222
2025-07-22 09:00:00;NORTE;SUDESTE/CENTRO-OESTE;3330.101
2025-07-22 10:00:00;NORTE;SUDESTE/CENTRO-OESTE;3179.594
2025-07-22 11:00:00;NORTE;SUDESTE/CENTRO-OESTE;3040.221
2025-07-22 12:00:00;NORTE;SUDESTE/CENTRO-OESTE;2460.599
2025-07-22 13:00:00;NORTE;SUDESTE/CENTRO-OESTE;2806.089
2025-07-22 14:00:00;NORTE;SUDESTE/CENTRO-OESTE;3484.486
2025-07-22 15:00:00;NORTE;SUDESTE/CENTRO-OESTE;4353.908
2025-07-22 16:00:00;NORTE;SUDESTE/CENTRO-OESTE;4617.353
2025-07-22 17:00:00;NORTE;SUDESTE/CENTRO-OESTE;5000.517
2025-07-22 18:00:00;NORTE;SUDESTE/CENTRO-OESTE;6384.939
2025-07-22 19:00:00;NORTE;SUDESTE/CENTRO-OESTE;6052.4
2025-07-22 20:00:00;NORTE;SUDESTE/CENTRO-OESTE;5261.637
2025-07-22 21:00:00;NORTE;SUDESTE/CENTRO-OESTE;4500.1
2025-07-22 22:00:00;NORTE;SUDESTE/CENTRO-OESTE;3331.669
2025-07-22 23:00:00;NORTE;SUDESTE/CENTRO-OESTE;2080.59499999
2025-07-23 00:00:00;NORTE;SUDESTE/CENTRO-OESTE;2226.12399999
2025-07-23 01:00:00;NORTE;SUDESTE/CENTRO-OESTE;2095.092
2025-07-23 02:00:00;NORTE;SUDESTE/CENTRO-OESTE;1718.998
2025-07-23 03:00:00;NORTE;SUDESTE/CENTRO-OESTE;1674.298
2025-07-23 04:00:00;NORTE;SUDESTE/CENTRO-OESTE;1629.846
2025-07-23 05:00:00;NORTE;SUDESTE/CENTRO-OESTE;1732.73
2025-07-23 06:00:00;NORTE;SUDESTE/CENTRO-OESTE;2388.721
2025-07-23 07:00:00;NORTE;SUDESTE/CENTRO-OESTE;3676.009
2025-07-23 08:00:00;NORTE;SUDESTE/CENTRO-OESTE;3796.201
2025-07-23 09:00:00;NORTE;SUDESTE/CENTRO-OESTE;3425.65
2025-07-23 10:00:00;NORTE;SUDESTE/CENTRO-OESTE;3124.787
2025-07-23 11:00:00;NORTE;SUDESTE/CENTRO-OESTE;2895.093
2025-07-23 12:00:00;NORTE;SUDESTE/CENTRO-OESTE;2485.797
2025-07-23 13:00:00;NORTE;SUDESTE/CENTRO-OESTE;2640.833
2025-07-23 14:00:00;NORTE;SUDESTE/CENTRO-OESTE;2515.541
2025-07-23 15:00:00;NORTE;SUDESTE/CENTRO-OESTE;2907.552
2025-07-23 16:00:00;NORTE;SUDESTE/CENTRO-OESTE;3470.698
2025-07-23 17:00:00;NORTE;SUDESTE/CENTRO-OESTE;4267.736
2025-07-23 18:00:00;NORTE;SUDESTE/CENTRO-OESTE;6020.054
2025-07-23 19:00:00;NORTE;SUDESTE/CENTRO-OESTE;5736.564
2025-07-23 20:00:00;NORTE;SUDESTE/CENTRO-OESTE;3890.477
2025-07-23 21:00:00;NORTE;SUDESTE/CENTRO-OESTE;2321.119
2025-07-23 22:00:00;NORTE;SUDESTE/CENTRO-OESTE;2147.466
2025-07-23 23:00:00;NORTE;SUDESTE/CENTRO-OESTE;1983.861
2025-07-24 00:00:00;NORTE;SUDESTE/CENTRO-OESTE;1880.231
2025-07-24 01:00:00;NORTE;SUDESTE/CENTRO-OESTE;1874.752
2025-07-24 02:00:00;NORTE;SUDESTE/CENTRO-OESTE;1706.54
2025-07-24 03:00:00;NORTE;SUDESTE/CENTRO-OESTE;1768.362
2025-07-24 04:00:00;NORTE;SUDESTE/CENTRO-OESTE;1850.467
2025-07-24 05:00:00;NORTE;SUDESTE/CENTRO-OESTE;2079.741
2025-07-24 06:00:00;NORTE;SUDESTE/CENTRO-OESTE;2987.629
2025-07-24 07:00:00;NORTE;SUDESTE/CENTRO-OESTE;3684.116
2025-07-24 08:00:00;NORTE;SUDESTE/CENTRO-OESTE;3545.809
2025-07-24 09:00:00;NORTE;SUDESTE/CENTRO-OESTE;3094.344
2025-07-24 10:00:00;NORTE;SUDESTE/CENTRO-OESTE;3028.483
2025-07-24 11:00:00;NORTE;SUDESTE/CENTRO-OESTE;2909.702
2025-07-24 12:00:00;NORTE;SUDESTE/CENTRO-OESTE;2840.237
2025-07-24 13:00:00;NORTE;SUDESTE/CENTRO-OESTE;2868.74
2025-07-24 14:00:00;NORTE;SUDESTE/CENTRO-OESTE;2859.595
2025-07-24 15:00:00;NORTE;SUDESTE/CENTRO-OESTE;3514.119
2025-07-24 16:00:00;NORTE;SUDESTE/CENTRO-OESTE;3969.188
2025-07-24 17:00:00;NORTE;SUDESTE/CENTRO-OESTE;5474.12299999
2025-07-24 18:00:00;NORTE;SUDESTE/CENTRO-OESTE;6951.95
2025-07-24 19:00:00;NORTE;SUDESTE/CENTRO-OESTE;6626.493
2025-07-24 20:00:00;NORTE;SUDESTE/CENTRO-OESTE;4929.076
2025-07-24 21:00:00;NORTE;SUDESTE/CENTRO-OESTE;3331.11
2025-07-24 22:00:00;NORTE;SUDESTE/CENTRO-OESTE;2829.134
2025-07-24 23:00:00;NORTE;SUDESTE/CENTRO-OESTE;2066.853
2025-07-25 00:00:00;NORTE;SUDESTE/CENTRO-OESTE;2455.99699999
2025-07-25 01:00:00;NORTE;SUDESTE/CENTRO-OESTE;2520.379
2025-07-25 02:00:00;NORTE;SUDESTE/CENTRO-OESTE;2294.239
2025-07-25 03:00:00;NORTE;SUDESTE/CENTRO-OESTE;2521.755
2025-07-25 04:00:00;NORTE;SUDESTE/CENTRO-OESTE;2648.628
2025-07-25 05:00:00;NORTE;SUDESTE/CENTRO-OESTE;2735.83399999
2025-07-25 06:00:00;NORTE;SUDESTE/CENTRO-OESTE;3473.308
2025-07-25 07:00:00;NORTE;SUDESTE/CENTRO-OESTE;3851.057
2025-07-25 08:00:00;NORTE;SUDESTE/CENTRO-OESTE;3774.892
2025-07-25 09:00:00;NORTE;SUDESTE/CENTRO-OESTE;3823.4
2025-07-25 10:00:00;NORTE;SUDESTE/CENTRO-OESTE;3525.142
2025-07-25 11:00:00;NORTE;SUDESTE/CENTRO-OESTE;3312.519
2025-07-25 12:00:00;NORTE;SUDESTE/CENTRO-OESTE;3085.528
2025-07-25 13:00:00;NORTE;SUDESTE/CENTRO-OESTE;3267.22
2025-07-25 14:00:00;NORTE;SUDESTE/CENTRO-OESTE;3329.416
2025-07-25 15:00:00;NORTE;SUDESTE/CENTRO-OESTE;3499.105
2025-07-25 16:00:00;NORTE;SUDESTE/CENTRO-OESTE;3605.772
2025-07-25 17:00:00;NORTE;SUDESTE/CENTRO-OESTE;4184.79299999
2025-07-25 18:00:00;NORTE;SUDESTE/CENTRO-OESTE;5331.269
2025-07-25 19:00:00;NORTE;SUDESTE/CENTRO-OESTE;5153.92699999
2025-07-25 20:00:00;NORTE;SUDESTE/CENTRO-OESTE;3376.921
2025-07-25 21:00:00;NORTE;SUDESTE/CENTRO-OESTE;1933.058
2025-07-25 22:00:00;NORTE;SUDESTE/CENTRO-OESTE;1525.541
2025-07-25 23:00:00;NORTE;SUDESTE/CENTRO-OESTE;1210.242
2025-07-26 00:00:00;NORTE;SUDESTE/CENTRO-OESTE;1120.915
2025-07-26 01:00:00;NORTE;SUDESTE/CENTRO-OESTE;1294.35999999
2025-07-26 02:00:00;NORTE;SUDESTE/CENTRO-OESTE;1557.283
2025-07-26 03:00:00;NORTE;SUDESTE/CENTRO-OESTE;1769.386
2025-07-26 04:00:00;NORTE;SUDESTE/CENTRO-OESTE;2086.454
2025-07-26 05:00:00;NORTE;SUDESTE/CENTRO-OESTE;2474.599
2025-07-26 06:00:00;NORTE;SUDESTE/CENTRO-OESTE;2771.131
2025-07-26 07:00:00;NORTE;SUDESTE/CENTRO-OESTE;3356.358
2025-07-26 08:00:00;NORTE;SUDESTE/CENTRO-OESTE;3390.215
2025-07-26 09:00:00;NORTE;SUDESTE/CENTRO-OESTE;3209.427
2025-07-26 10:00:00;NORTE;SUDESTE/CENTRO-OESTE;2922.694
2025-07-26 11:00:00;NORTE;SUDESTE/CENTRO-OESTE;2515.339
2025-07-26 12:00:00;NORTE;SUDESTE/CENTRO-OESTE;2331.84
2025-07-26 13:00:00;NORTE;SUDESTE/CENTRO-OESTE;2637.978
2025-07-26 14:00:00;NORTE;SUDESTE/CENTRO-OESTE;2461.108
2025-07-26 15:00:00;NORTE;SUDESTE/CENTRO-OESTE;2565.058
2025-07-26 16:00:00;NORTE;SUDESTE/CENTRO-OESTE;3339.783
2025-07-26 17:00:00;NORTE;SUDESTE/CENTRO-OESTE;3305.526
2025-07-26 18:00:00;NORTE;SUDESTE/CENTRO-OESTE;4495.039
2025-07-26 19:00:00;NORTE;SUDESTE/CENTRO-OESTE;3332.923
2025-07-26 20:00:00;NORTE;SUDESTE/CENTRO-OESTE;1761.649
2025-07-26 21:00:00;NORTE;SUDESTE/CENTRO-OESTE;984.008
2025-07-26 22:00:00;NORTE;SUDESTE/CENTRO-OESTE;981.135
2025-07-26 23:00:00;NORTE;SUDESTE/CENTRO-OESTE;851.931
2025-07-27 00:00:00;NORTE;SUDESTE/CENTRO-OESTE;1011.087
2025-07-27 01:00:00;NORTE;SUDESTE/CENTRO-OESTE;1267.002
2025-07-27 02:00:00;NORTE;SUDESTE/CENTRO-OESTE;1379.052
2025-07-27 03:00:00;NORTE;SUDESTE/CENTRO-OESTE;1522.334
2025-07-27 04:00:00;NORTE;SUDESTE/CENTRO-OESTE;1582.724
2025-07-27 05:00:00;NORTE;SUDESTE/CENTRO-OESTE;1594.158
2025-07-27 06:00:00;NORTE;SUDESTE/CENTRO-OESTE;2189.953
2025-07-27 07:00:00;NORTE;SUDESTE/CENTRO-OESTE;2166.243
2025-07-27 08:00:00;NORTE;SUDESTE/CENTRO-OESTE;1881.36
2025-07-27 09:00:00;NORTE;SUDESTE/CENTRO-OESTE;1384.309
2025-07-27 10:00:00;NORTE;SUDESTE/CENTRO-OESTE;1011.723
2025-07-27 11:00:00;NORTE;SUDESTE/CENTRO-OESTE;1079.193
2025-07-27 12:00:00;NORTE;SUDESTE/CENTRO-OESTE;1023.582
2025-07-27 13:00:00;NORTE;SUDESTE/CENTRO-OESTE;1044.008
2025-07-27 14:00:00;NORTE;SUDESTE/CENTRO-OESTE;1002.89
2025-07-27 15:00:00;NORTE;SUDESTE/CENTRO-OESTE;1311.349
2025-07-27 16:00:00;NORTE;SUDESTE/CENTRO-OESTE;1759.807
2025-07-27 17:00:00;NORTE;SUDESTE/CENTRO-OESTE;2277.832
2025-07-27 18:00:00;NORTE;SUDESTE/CENTRO-OESTE;2745.945
2025-07-27 19:00:00;NORTE;SUDESTE/CENTRO-OESTE;2746.344
2025-07-27 20:00:00;NORTE;SUDESTE/CENTRO-OESTE;1695.01
2025-07-27 21:00:00;NORTE;SUDESTE/CENTRO-OESTE;704.443
2025-07-27 22:00:00;NORTE;SUDESTE/CENTRO-OESTE;340.69099999
2025-07-27 23:00:00;NORTE;SUDESTE/CENTRO-OESTE;193.49
2025-07-28 00:00:00;NORTE;SUDESTE/CENTRO-OESTE;239.324
2025-07-28 01:00:00;NORTE;SUDESTE/CENTRO-OESTE;486.475
2025-07-28 02:00:00;NORTE;SUDESTE/CENTRO-OESTE;682.917
2025-07-28 03:00:00;NORTE;SUDESTE/CENTRO-OESTE;908.448
2025-07-28 04:00:00;NORTE;SUDESTE/CENTRO-OESTE;868.067
2025-07-28 05:00:00;NORTE;SUDESTE/CENTRO-OESTE;876.123
2025-07-28 06:00:00;NORTE;SUDESTE/CENTRO-OESTE;1546.034
2025-07-28 07:00:00;NORTE;SUDESTE/CENTRO-OESTE;2733.34
2025-07-28 08:00:00;NORTE;SUDESTE/CENTRO-OESTE;2944.478
2025-07-28 09:00:00;NORTE;SUDESTE/CENTRO-OESTE;2918.478
2025-07-28 10:00:00;NORTE;SUDESTE/CENTRO-OESTE;2717.955
2025-07-28 11:00:00;NORTE;SUDESTE/CENTRO-OESTE;2787.456
2025-07-28 12:00:00;NORTE;SUDESTE/CENTRO-OESTE;2772.792
2025-07-28 13:00:00;NORTE;SUDESTE/CENTRO-OESTE;2377.286
2025-07-28 14:00:00;NORTE;SUDESTE/CENTRO-OESTE;1898.945
2025-07-28 15:00:00;NORTE;SUDESTE/CENTRO-OESTE;1665.146
2025-07-28 16:00:00;NORTE;SUDESTE/CENTRO-OESTE;1486.547
2025-07-28 17:00:00;NORTE;SUDESTE/CENTRO-OESTE;2150.793
2025-07-28 18:00:00;NORTE;SUDESTE/CENTRO-OESTE;3309.247
2025-07-28 19:00:00;NORTE;SUDESTE/CENTRO-OESTE;3362.269
2025-07-28 20:00:00;NORTE;SUDESTE/CENTRO-OESTE;3048.281
2025-07-28 21:00:00;NORTE;SUDESTE/CENTRO-OESTE;2449.217
2025-07-28 22:00:00;NORTE;SUDESTE/CENTRO-OESTE;1054.79299999
2025-07-28 23:00:00;NORTE;SUDESTE/CENTRO-OESTE;683.64
2025-07-29 00:00:00;NORTE;SUDESTE/CENTRO-OESTE;-442.77
2025-07-29 01:00:00;NORTE;SUDESTE/CENTRO-OESTE;-452.249
2025-07-29 02:00:00;NORTE;SUDESTE/CENTRO-OESTE;-446.72
2025-07-29 03:00:00;NORTE;SUDESTE/CENTRO-OESTE;-264.152
2025-07-29 04:00:00;NORTE;SUDESTE/CENTRO-OESTE;-208.038
2025-07-29 05:00:00;NORTE;SUDESTE/CENTRO-OESTE;-449.326
2025-07-29 06:00:00;NORTE;SUDESTE/CENTRO-OESTE;-55.456
2025-07-29 07:00:00;NORTE;SUDESTE/CENTRO-OESTE;1325.487
2025-07-29 08:00:00;NORTE;SUDESTE/CENTRO-OESTE;2267.952
2025-07-29 09:00:00;NORTE;SUDESTE/CENTRO-OESTE;2536.413
2025-07-29 10:00:00;NORTE;SUDESTE/CENTRO-OESTE;2447.299
2025-07-29 11:00:00;NORTE;SUDESTE/CENTRO-OESTE;2257.444
2025-07-29 12:00:00;NORTE;SUDESTE/CENTRO-OESTE;1933.973
2025-07-29 13:00:00;NORTE;SUDESTE/CENTRO-OESTE;1109.21599999
2025-07-29 14:00:00;NORTE;SUDESTE/CENTRO-OESTE;1279.364
2025-07-29 15:00:00;NORTE;SUDESTE/CENTRO-OESTE;1202.183
2025-07-29 16:00:00;NORTE;SUDESTE/CENTRO-OESTE;860.208
2025-07-29 17:00:00;NORTE;SUDESTE/CENTRO-OESTE;1166.16799999
2025-07-29 18:00:00;NORTE;SUDESTE/CENTRO-OESTE;3970.356
2025-07-29 19:00:00;NORTE;SUDESTE/CENTRO-OESTE;4749.69899999
2025-07-29 20:00:00;NORTE;SUDESTE/CENTRO-OESTE;3345.302
2025-07-29 21:00:00;NORTE;SUDESTE/CENTRO-OESTE;2755.897
2025-07-29 22:00:00;NORTE;SUDESTE/CENTRO-OESTE;1548.728
2025-07-29 23:00:00;NORTE;SUDESTE/CENTRO-OESTE;662.763
2025-07-30 00:00:00;NORTE;SUDESTE/CENTRO-OESTE;-173.662
2025-07-30 01:00:00;NORTE;SUDESTE/CENTRO-OESTE;-554.541
2025-07-30 02:00:00;NORTE;SUDESTE/CENTRO-OESTE;-591.934
2025-07-30 03:00:00;NORTE;SUDESTE/CENTRO-OESTE;-492.188
2025-07-30 04:00:00;NORTE;SUDESTE/CENTRO-OESTE;-471.781
2025-07-30 05:00:00;NORTE;SUDESTE/CENTRO-OESTE;-396.45
2025-07-30 06:00:00;NORTE;SUDESTE/CENTRO-OESTE;541.361
2025-07-30 07:00:00;NORTE;SUDESTE/CENTRO-OESTE;2145.34
2025-07-30 08:00:00;NORTE;SUDESTE/CENTRO-OESTE;2897.964
2025-07-30 09:00:00;NORTE;SUDESTE/CENTRO-OESTE;2742.292
2025-07-30 10:00:00;NORTE;SUDESTE/CENTRO-OESTE;2260.427
2025-07-30 11:00:00;NORTE;SUDESTE/CENTRO-OESTE;1895.09
2025-07-30 12:00:00;NORTE;SUDESTE/CENTRO-OESTE;1408.85
2025-07-30 13:00:00;NORTE;SUDESTE/CENTRO-OESTE;1296.72
2025-07-30 14:00:00;NORTE;SUDESTE/CENTRO-OESTE;1112.51
2025-07-30 15:00:00;NORTE;SUDESTE/CENTRO-OESTE;1084.336
2025-07-30 16:00:00;NORTE;SUDESTE/CENTRO-OESTE;1354.999
2025-07-30 17:00:00;NORTE;SUDESTE/CENTRO-OESTE;1972.683
2025-07-30 18:00:00;NORTE;SUDESTE/CENTRO-OESTE;4391.445
2025-07-30 19:00:00;NORTE;SUDESTE/CENTRO-OESTE;4340.34599999
2025-07-30 20:00:00;NORTE;SUDESTE/CENTRO-OESTE;3343.982
2025-07-30 21:00:00;NORTE;SUDESTE/CENTRO-OESTE;2633.155
2025-07-30 22:00:00;NORTE;SUDESTE/CENTRO-OESTE;1635.85
2025-07-30 23:00:00;NORTE;SUDESTE/CENTRO-OESTE;1262.05
2025-07-31 00:00:00;NORTE;SUDESTE/CENTRO-OESTE;933.632
2025-07-31 01:00:00;NORTE;SUDESTE/CENTRO-OESTE;1143.432
2025-07-31 02:00:00;NORTE;SUDESTE/CENTRO-OESTE;1609.951
2025-07-31 03:00:00;NORTE;SUDESTE/CENTRO-OESTE;1993.77
2025-07-31 04:00:00;NORTE;SUDESTE/CENTRO-OESTE;1915.355
2025-07-31 05:00:00;NORTE;SUDESTE/CENTRO-OESTE;1973.524
2025-07-31 06:00:00;NORTE;SUDESTE/CENTRO-OESTE;2626.559
2025-07-31 07:00:00;NORTE;SUDESTE/CENTRO-OESTE;3438.149
2025-07-31 08:00:00;NORTE;SUDESTE/CENTRO-OESTE;3461.288
2025-07-31 09:00:00;NORTE;SUDESTE/CENTRO-OESTE;3035.103
2025-07-31 10:00:00;NORTE;SUDESTE/CENTRO-OESTE;2453.664
2025-07-31 11:00:00;NORTE;SUDESTE/CENTRO-OESTE;2254.208
2025-07-31 12:00:00;NORTE;SUDESTE/CENTRO-OESTE;1719.2
2025-07-31 13:00:00;NORTE;SUDESTE/CENTRO-OESTE;1986.273
2025-07-31 14:00:00;NORTE;SUDESTE/CENTRO-OESTE;2487.19
2025-07-31 15:00:00;NORTE;SUDESTE/CENTRO-OESTE;2305.14399999
2025-07-31 16:00:00;NORTE;SUDESTE/CENTRO-OESTE;2821.816
2025-07-31 17:00:00;NORTE;SUDESTE/CENTRO-OESTE;3065.933
2025-07-31 18:00:00;NORTE;SUDESTE/CENTRO-OESTE;4176.554
2025-07-31 19:00:00;NORTE;SUDESTE/CENTRO-OESTE;3575.552
2025-07-31 20:00:00;NORTE;SUDESTE/CENTRO-OESTE;3296.204
2025-07-31 21:00:00;NORTE;SUDESTE/CENTRO-OESTE;2480.248
2025-07-31 22:00:00;NORTE;SUDESTE/CENTRO-OESTE;2116.289
2025-07-31 23:00:00;NORTE;SUDESTE/CENTRO-OESTE;1902.036
2025-08-01 00:00:00;NORTE;SUDESTE/CENTRO-OESTE;1776.0
2025-08-01 01:00:00;NORTE;SUDESTE/CENTRO-OESTE;1904.629
2025-08-01 02:00:00;NORTE;SUDESTE/CENTRO-OESTE;2010.76
2025-08-01 03:00:00;NORTE;SUDESTE/CENTRO-OESTE;2176.886
2025-08-01 04:00:00;NORTE;SUDESTE/CENTRO-OESTE;2233.42099999
2025-08-01 05:00:00;NORTE;SUDESTE/CENTRO-OESTE;2324.341
2025-08-01 06:00:00;NORTE;SUDESTE/CENTRO-OESTE;2866.146
2025-08-01 07:00:00;NORTE;SUDESTE/CENTRO-OESTE;3888.462
2025-08-01 08:00:00;NORTE;SUDESTE/CENTRO-OESTE;3568.909
2025-08-01 09:00:00;NORTE;SUDESTE/CENTRO-OESTE;3483.121
2025-08-01 10:00:00;NORTE;SUDESTE/CENTRO-OESTE;3184.637
2025-08-01 11:00:00;NORTE;SUDESTE/CENTRO-OESTE;2982.011
2025-08-01 12:00:00;NORTE;SUDESTE/CENTRO-OESTE;2363.975
2025-08-01 13:00:00;NORTE;SUDESTE/CENTRO-OESTE;2543.389
2025-08-01 14:00:00;NORTE;SUDESTE/CENTRO-OESTE;2851.024
2025-08-01 15:00:00;NORTE;SUDESTE/CENTRO-OESTE;2441.608
2025-08-01 16:00:00;NORTE;SUDESTE/CENTRO-OESTE;2093.387
2025-08-01 17:00:00;NORTE;SUDESTE/CENTRO-OESTE;2909.22
2025-08-01 18:00:00;NORTE;SUDESTE/CENTRO-OESTE;4915.837
2025-08-01 19:00:00;NORTE;SUDESTE/CENTRO-OESTE;4683.803
2025-08-01 20:00:00;NORTE;SUDESTE/CENTRO-OESTE;2878.166
2025-08-01 21:00:00;NORTE;SUDESTE/CENTRO-OESTE;1778.713
2025-08-01 22:00:00;NORTE;SUDESTE/CENTRO-OESTE;1388.473
2025-08-01 23:00:00;NORTE;SUDESTE/CENTRO-OESTE;1304.873
2025-08-02 00:00:00;NORTE;SUDESTE/CENTRO-OESTE;1287.051
2025-08-02 01:00:00;NORTE;SUDESTE/CENTRO-OESTE;1492.91
2025-08-02 02:00:00;NORTE;SUDESTE/CENTRO-OESTE;1708.288
2025-08-02 03:00:00;NORTE;SUDESTE/CENTRO-OESTE;1795.356
2025-08-02 04:00:00;NORTE;SUDESTE/CENTRO-OESTE;1679.031
2025-08-02 05:00:00;NORTE;SUDESTE/CENTRO-OESTE;1789.886
2025-08-02 06:00:00;NORTE;SUDESTE/CENTRO-OESTE;2752.377
2025-08-02 07:00:00;NORTE;SUDESTE/CENTRO-OESTE;3797.399
2025-08-02 08:00:00;NORTE;SUDESTE/CENTRO-OESTE;3018.524
2025-08-02 09:00:00;NORTE;SUDESTE/CENTRO-OESTE;2126.982
2025-08-02 10:00:00;NORTE;SUDESTE/CENTRO-OESTE;1296.278
2025-08-02 11:00:00;NORTE;SUDESTE/CENTRO-OESTE;855.738
2025-08-02 12:00:00;NORTE;SUDESTE/CENTRO-OESTE;574.725
2025-08-02 13:00:00;NORTE;SUDESTE/CENTRO-OESTE;541.957
2025-08-02 14:00:00;NORTE;SUDESTE/CENTRO-OESTE;837.063
2025-08-02 15:00:00;NORTE;SUDESTE/CENTRO-OESTE;1561.665
2025-08-02 16:00:00;NORTE;SUDESTE/CENTRO-OESTE;1967.195
2025-08-02 17:00:00;NORTE;SUDESTE/CENTRO-OESTE;2354.311
2025-08-02 18:00:00;NORTE;SUDESTE/CENTRO-OESTE;2992.582
2025-08-02 19:00:00;NORTE;SUDESTE/CENTRO-OESTE;2469.53699999
2025-08-02 20:00:00;NORTE;SUDESTE/CENTRO-OESTE;1845.948
2025-08-02 21:00:00;NORTE;SUDESTE/CENTRO-OESTE;1331.631
2025-08-02 22:00:00;NORTE;SUDESTE/CENTRO-OESTE;1093.078
2025-08-02 23:00:00;NORTE;SUDESTE/CENTRO-OESTE;1220.403
2025-08-03 00:00:00;NORTE;SUDESTE/CENTRO-OESTE;1510.033
2025-08-03 01:00:00;NORTE;SUDESTE/CENTRO-OESTE;1390.653
2025-08-03 02:00:00;NORTE;SUDESTE/CENTRO-OESTE;1430.608
2025-08-03 03:00:00;NORTE;SUDESTE/CENTRO-OESTE;1408.624
2025-08-03 04:00:00;NORTE;SUDESTE/CENTRO-OESTE;1237.332
2025-08-03 05:00:00;NORTE;SUDESTE/CENTRO-OESTE;1425.227
2025-08-03 06:00:00;NORTE;SUDESTE/CENTRO-OESTE;2099.733
2025-08-03 07:00:00;NORTE;SUDESTE/CENTRO-OESTE;1268.39
2025-08-03 08:00:00;NORTE;SUDESTE/CENTRO-OESTE;676.775
2025-08-03 09:00:00;NORTE;SUDESTE/CENTRO-OESTE;211.372
2025-08-03 10:00:00;NORTE;SUDESTE/CENTRO-OESTE;45.437
2025-08-03 11:00:00;NORTE;SUDESTE/CENTRO-OESTE;118.433
2025-08-03 12:00:00;NORTE;SUDESTE/CENTRO-OESTE;196.1
2025-08-03 13:00:00;NORTE;SUDESTE/CENTRO-OESTE;20.294
2025-08-03 14:00:00;NORTE;SUDESTE/CENTRO-OESTE;-202.994
2025-08-03 15:00:00;NORTE;SUDESTE/CENTRO-OESTE;393.386
2025-08-03 16:00:00;NORTE;SUDESTE/CENTRO-OESTE;1357.43599999
2025-08-03 17:00:00;NORTE;SUDESTE/CENTRO-OESTE;1464.729
2025-08-03 18:00:00;NORTE;SUDESTE/CENTRO-OESTE;2159.202
2025-08-03 19:00:00;NORTE;SUDESTE/CENTRO-OESTE;2050.63299999
2025-08-03 20:00:00;NORTE;SUDESTE/CENTRO-OESTE;1600.011
2025-08-03 21:00:00;NORTE;SUDESTE/CENTRO-OESTE;1017.117
2025-08-03 22:00:00;NORTE;SUDESTE/CENTRO-OESTE;1062.28
2025-08-03 23:00:00;NORTE;SUDESTE/CENTRO-OESTE;625.62
2025-08-04 00:00:00;NORTE;SUDESTE/CENTRO-OESTE;651.172
2025-08-04 01:00:00;NORTE;SUDESTE/CENTRO-OESTE;1254.858
2025-08-04 02:00:00;NORTE;SUDESTE/CENTRO-OESTE;1293.411
2025-08-04 03:00:00;NORTE;SUDESTE/CENTRO-OESTE;1534.638
2025-08-04 04:00:00;NORTE;SUDESTE/CENTRO-OESTE;1677.749
2025-08-04 05:00:00;NORTE;SUDESTE/CENTRO-OESTE;1717.622
2025-08-04 06:00:00;NORTE;SUDESTE/CENTRO-OESTE;2709.774
2025-08-04 07:00:00;NORTE;SUDESTE/CENTRO-OESTE;3185.368
2025-08-04 08:00:00;NORTE;SUDESTE/CENTRO-OESTE;3026.973
2025-08-04 09:00:00;NORTE;SUDESTE/CENTRO-OESTE;2825.65
2025-08-04 10:00:00;NORTE;SUDESTE/CENTRO-OESTE;2783.396
2025-08-04 11:00:00;NORTE;SUDESTE/CENTRO-OESTE;2587.48
2025-08-04 12:00:00;NORTE;SUDESTE/CENTRO-OESTE;2628.849
2025-08-04 13:00:00;NORTE;SUDESTE/CENTRO-OESTE;2500.473
2025-08-04 14:00:00;NORTE;SUDESTE/CENTRO-OESTE;2325.755
2025-08-04 15:00:00;NORTE;SUDESTE/CENTRO-OESTE;2354.282
2025-08-04 16:00:00;NORTE;SUDESTE/CENTRO-OESTE;3124.654
2025-08-04 17:00:00;NORTE;SUDESTE/CENTRO-OESTE;4269.0
2025-08-04 18:00:00;NORTE;SUDESTE/CENTRO-OESTE;5829.053
2025-08-04 19:00:00;NORTE;SUDESTE/CENTRO-OESTE;5438.924
2025-08-04 20:00:00;NORTE;SUDESTE/CENTRO-OESTE;3773.222
2025-08-04 21:00:00;NORTE;SUDESTE/CENTRO-OESTE;2509.011
2025-08-04 22:00:00;NORTE;SUDESTE/CENTRO-OESTE;1591.96
2025-08-04 23:00:00;NORTE;SUDESTE/CENTRO-OESTE;1111.731
2025-08-05 00:00:00;NORTE;SUDESTE/CENTRO-OESTE;903.879
2025-08-05 01:00:00;NORTE;SUDESTE/CENTRO-OESTE;843.273
2025-08-05 02:00:00;NORTE;SUDESTE/CENTRO-OESTE;1007.668
2025-08-05 03:00:00;NORTE;SUDESTE/CENTRO-OESTE;1144.077
2025-08-05 04:00:00;NORTE;SUDESTE/CENTRO-OESTE;1257.853
2025-08-05 05:00:00;NORTE;SUDESTE/CENTRO-OESTE;1559.79
2025-08-05 06:00:00;NORTE;SUDESTE/CENTRO-OESTE;2502.07499999
2025-08-05 07:00:00;NORTE;SUDESTE/CENTRO-OESTE;3053.713
2025-08-05 08:00:00;NORTE;SUDESTE/CENTRO-OESTE;2797.728
2025-08-05 09:00:00;NORTE;SUDESTE/CENTRO-OESTE;2967.008
2025-08-05 10:00:00;NORTE;SUDESTE/CENTRO-OESTE;3019.024
2025-08-05 11:00:00;NORTE;SUDESTE/CENTRO-OESTE;3142.132
2025-08-05 12:00:00;NORTE;SUDESTE/CENTRO-OESTE;3001.993
2025-08-05 13:00:00;NORTE;SUDESTE/CENTRO-OESTE;2756.583
2025-08-05 14:00:00;NORTE;SUDESTE/CENTRO-OESTE;2691.335
2025-08-05 15:00:00;NORTE;SUDESTE/CENTRO-OESTE;2638.783
2025-08-05 16:00:00;NORTE;SUDESTE/CENTRO-OESTE;2866.016
2025-08-05 17:00:00;NORTE;SUDESTE/CENTRO-OESTE;3580.229
2025-08-05 18:00:00;NORTE;SUDESTE/CENTRO-OESTE;5126.343
2025-08-05 19:00:00;NORTE;SUDESTE/CENTRO-OESTE;4829.72599999
2025-08-05 20:00:00;NORTE;SUDESTE/CENTRO-OESTE;3508.852
2025-08-05 21:00:00;NORTE;SUDESTE/CENTRO-OESTE;2452.911
2025-08-05 22:00:00;NORTE;SUDESTE/CENTRO-OESTE;1972.179
2025-08-05 23:00:00;NORTE;SUDESTE/CENTRO-OESTE;1558.63
2025-08-06 00:00:00;NORTE;SUDESTE/CENTRO-OESTE;1629.132
2025-08-06 01:00:00;NORTE;SUDESTE/CENTRO-OESTE;1618.017
2025-08-06 02:00:00;NORTE;SUDESTE/CENTRO-OESTE;1647.346
2025-08-06 03:00:00;NORTE;SUDESTE/CENTRO-OESTE;1897.235
2025-08-06 04:00:00;NORTE;SUDESTE/CENTRO-OESTE;2042.694
2025-08-06 05:00:00;NORTE;SUDESTE/CENTRO-OESTE;2215.399
2025-08-06 06:00:00;NORTE;SUDESTE/CENTRO-OESTE;2520.16199999
2025-08-06 07:00:00;NORTE;SUDESTE/CENTRO-OESTE;3661.644
2025-08-06 08:00:00;NORTE;SUDESTE/CENTRO-OESTE;3244.033
2025-08-06 09:00:00;NORTE;SUDESTE/CENTRO-OESTE;2992.019
2025-08-06 10:00:00;NORTE;SUDESTE/CENTRO-OESTE;2650.919
2025-08-06 11:00:00;NORTE;SUDESTE/CENTRO-OESTE;2624.86
2025-08-06 12:00:00;NORTE;SUDESTE/CENTRO-OESTE;2523.41199999
2025-08-06 13:00:00;NORTE;SUDESTE/CENTRO-OESTE;2296.252
2025-08-06 14:00:00;NORTE;SUDESTE/CENTRO-OESTE;2386.262
2025-08-06 15:00:00;NORTE;SUDESTE/CENTRO-OESTE;2497.818
2025-08-06 16:00:00;NORTE;SUDESTE/CENTRO-OESTE;2662.552
2025-08-06 17:00:00;NORTE;SUDESTE/CENTRO-OESTE;3784.702
2025-08-06 18:00:00;NORTE;SUDESTE/CENTRO-OESTE;5848.208
2025-08-06 19:00:00;NORTE;SUDESTE/CENTRO-OESTE;5387.509
2025-08-06 20:00:00;NORTE;SUDESTE/CENTRO-OESTE;4288.959
2025-08-06 21:00:00;NORTE;SUDESTE/CENTRO-OESTE;3114.988
2025-08-06 22:00:00;NORTE;SUDESTE/CENTRO-OESTE;2531.907
2025-08-06 23:00:00;NORTE;SUDESTE/CENTRO-OESTE;2089.023
2025-08-07 00:00:00;NORTE;SUDESTE/CENTRO-OESTE;2237.139
2025-08-07 01:00:00;NORTE;SUDESTE/CENTRO-OESTE;2305.227
2025-08-07 02:00:00;NORTE;SUDESTE/CENTRO-OESTE;2381.244
2025-08-07 03:00:00;NORTE;SUDESTE/CENTRO-OESTE;2428.598
2025-08-07 04:00:00;NORTE;SUDESTE/CENTRO-OESTE;2327.48
2025-08-07 05:00:00;NORTE;SUDESTE/CENTRO-OESTE;2588.631
2025-08-07 06:00:00;NORTE;SUDESTE/CENTRO-OESTE;3117.884
2025-08-07 07:00:00;NORTE;SUDESTE/CENTRO-OESTE;3901.364
2025-08-07 08:00:00;NORTE;SUDESTE/CENTRO-OESTE;3587.255
2025-08-07 09:00:00;NORTE;SUDESTE/CENTRO-OESTE;3809.747
2025-08-07 10:00:00;NORTE;SUDESTE/CENTRO-OESTE;3515.286
2025-08-07 11:00:00;NORTE;SUDESTE/CENTRO-OESTE;3375.101
2025-08-07 12:00:00;NORTE;SUDESTE/CENTRO-OESTE;2835.015
2025-08-07 13:00:00;NORTE;SUDESTE/CENTRO-OESTE;2385.266
2025-08-07 14:00:00;NORTE;SUDESTE/CENTRO-OESTE;2524.55499999
2025-08-07 15:00:00;NORTE;SUDESTE/CENTRO-OESTE;2691.646
2025-08-07 16:00:00;NORTE;SUDESTE/CENTRO-OESTE;2712.971
2025-08-07 17:00:00;NORTE;SUDESTE/CENTRO-OESTE;4180.809
2025-08-07 18:00:00;NORTE;SUDESTE/CENTRO-OESTE;6341.255
2025-08-07 19:00:00;NORTE;SUDESTE/CENTRO-OESTE;5891.503
2025-08-07 20:00:00;NORTE;SUDESTE/CENTRO-OESTE;4682.817
2025-08-07 21:00:00;NORTE;SUDESTE/CENTRO-OESTE;3406.121
2025-08-07 22:00:00;NORTE;SUDESTE/CENTRO-OESTE;2877.218
2025-08-07 23:00:00;NORTE;SUDESTE/CENTRO-OESTE;2305.72899999
2025-08-08 00:00:00;NORTE;SUDESTE/CENTRO-OESTE;2014.499
2025-08-08 01:00:00;NORTE;SUDESTE/CENTRO-OESTE;1922.601
2025-08-08 02:00:00;NORTE;SUDESTE/CENTRO-OESTE;1952.656
2025-08-08 03:00:00;NORTE;SUDESTE/CENTRO-OESTE;1904.508
2025-08-08 04:00:00;NORTE;SUDESTE/CENTRO-OESTE;1986.8
2025-08-08 05:00:00;NORTE;SUDESTE/CENTRO-OESTE;1999.664
2025-08-08 06:00:00;NORTE;SUDESTE/CENTRO-OESTE;2610.19099999
2025-08-08 07:00:00;NORTE;SUDESTE/CENTRO-OESTE;2928.254
2025-08-08 08:00:00;NORTE;SUDESTE/CENTRO-OESTE;3154.331
2025-08-08 09:00:00;NORTE;SUDESTE/CENTRO-OESTE;3139.761
2025-08-08 10:00:00;NORTE;SUDESTE/CENTRO-OESTE;3236.568
2025-08-08 11:00:00;NORTE;SUDESTE/CENTRO-OESTE;2996.44
2025-08-08 12:00:00;NORTE;SUDESTE/CENTRO-OESTE;2840.364
2025-08-08 13:00:00;NORTE;SUDESTE/CENTRO-OESTE;2765.416
2025-08-08 14:00:00;NORTE;SUDESTE/CENTRO-OESTE;2700.638
2025-08-08 15:00:00;NORTE;SUDESTE/CENTRO-OESTE;2700.077
2025-08-08 16:00:00;NORTE;SUDESTE/CENTRO-OESTE;2134.203
2025-08-08 17:00:00;NORTE;SUDESTE/CENTRO-OESTE;2606.228
2025-08-08 18:00:00;NORTE;SUDESTE/CENTRO-OESTE;4496.215
2025-08-08 19:00:00;NORTE;SUDESTE/CENTRO-OESTE;4459.986
2025-08-08 20:00:00;NORTE;SUDESTE/CENTRO-OESTE;3453.947
2025-08-08 21:00:00;NORTE;SUDESTE/CENTRO-OESTE;2380.487
2025-08-08 22:00:00;NORTE;SUDESTE/CENTRO-OESTE;1978.094
2025-08-08 23:00:00;NORTE;SUDESTE/CENTRO-OESTE;1522.738
2025-08-09 00:00:00;NORTE;SUDESTE/CENTRO-OESTE;892.856
2025-08-09 01:00:00;NORTE;SUDESTE/CENTRO-OESTE;583.802
2025-08-09 02:00:00;NORTE;SUDESTE/CENTRO-OESTE;600.20399999
2025-08-09 03:00:00;NORTE;SUDESTE/CENTRO-OESTE;566.658
2025-08-09 04:00:00;NORTE;SUDESTE/CENTRO-OESTE;426.626
2025-08-09 05:00:00;NORTE;SUDESTE/CENTRO-OESTE;224.433
2025-08-09 06:00:00;NORTE;SUDESTE/CENTRO-OESTE;1156.461
2025-08-09 07:00:00;NORTE;SUDESTE/CENTRO-OESTE;2961.764
2025-08-09 08:00:00;NORTE;SUDESTE/CENTRO-OESTE;2836.544
2025-08-09 09:00:00;NORTE;SUDESTE/CENTRO-OESTE;2032.563
2025-08-09 10:00:00;NORTE;SUDESTE/CENTRO-OESTE;1517.547
2025-08-09 11:00:00;NORTE;SUDESTE/CENTRO-OESTE;1336.14
2025-08-09 12:00:00;NORTE;SUDESTE/CENTRO-OESTE;1199.61899999
2025-08-09 13:00:00;NORTE;SUDESTE/CENTRO-OESTE;916.08
2025-08-09 14:00:00;NORTE;SUDESTE/CENTRO-OESTE;943.771
2025-08-09 15:00:00;NORTE;SUDESTE/CENTRO-OESTE;1404.692
2025-08-09 16:00:00;NORTE;SUDESTE/CENTRO-OESTE;1087.69
2025-08-09 17:00:00;NORTE;SUDESTE/CENTRO-OESTE;1154.8
2025-08-09 18:00:00;NORTE;SUDESTE/CENTRO-OESTE;2685.48799999
2025-08-09 19:00:00;NORTE;SUDESTE/CENTRO-OESTE;2980.523
2025-08-09 20:00:00;NORTE;SUDESTE/CENTRO-OESTE;2048.629
2025-08-09 21:00:00;NORTE;SUDESTE/CENTRO-OESTE;1235.282
2025-08-09 22:00:00;NORTE;SUDESTE/CENTRO-OESTE;884.771
2025-08-09 23:00:00;NORTE;SUDESTE/CENTRO-OESTE;631.971
2025-08-10 00:00:00;NORTE;SUDESTE/CENTRO-OESTE;325.882
2025-08-10 01:00:00;NORTE;SUDESTE/CENTRO-OESTE;81.72499999
2025-08-10 02:00:00;NORTE;SUDESTE/CENTRO-OESTE;77.348
2025-08-10 03:00:00;NORTE;SUDESTE/CENTRO-OESTE;26.498
2025-08-10 04:00:00;NORTE;SUDESTE/CENTRO-OESTE;-118.871
2025-08-10 05:00:00;NORTE;SUDESTE/CENTRO-OESTE;20.133
2025-08-10 06:00:00;NORTE;SUDESTE/CENTRO-OESTE;863.619
2025-08-10 07:00:00;NORTE;SUDESTE/CENTRO-OESTE;845.62
2025-08-10 08:00:00;NORTE;SUDESTE/CENTRO-OESTE;535.946
2025-08-10 09:00:00;NORTE;SUDESTE/CENTRO-OESTE;319.428
2025-08-10 10:00:00;NORTE;SUDESTE/CENTRO-OESTE;117.979
2025-08-10 11:00:00;NORTE;SUDESTE/CENTRO-OESTE;-30.365
2025-08-10 12:00:00;NORTE;SUDESTE/CENTRO-OESTE;-352.039
2025-08-10 13:00:00;NORTE;SUDESTE/CENTRO-OESTE;-668.386
2025-08-10 14:00:00;NORTE;SUDESTE/CENTRO-OESTE;-1112.266
2025-08-10 15:00:00;NORTE;SUDESTE/CENTRO-OESTE;-848.272
2025-08-10 16:00:00;NORTE;SUDESTE/CENTRO-OESTE;111.89
2025-08-10 17:00:00;NORTE;SUDESTE/CENTRO-OESTE;831.133
2025-08-10 18:00:00;NORTE;SUDESTE/CENTRO-OESTE;2039.172
2025-08-10 19:00:00;NORTE;SUDESTE/CENTRO-OESTE;2400.24699999
2025-08-10 20:00:00;NORTE;SUDESTE/CENTRO-OESTE;1871.322
2025-08-10 21:00:00;NORTE;SUDESTE/CENTRO-OESTE;616.018
2025-08-10 22:00:00;NORTE;SUDESTE/CENTRO-OESTE;-21.218
2025-08-10 23:00:00;NORTE;SUDESTE/CENTRO-OESTE;106.126
2025-08-11 00:00:00;NORTE;SUDESTE/CENTRO-OESTE;-72.378
2025-08-11 01:00:00;NORTE;SUDESTE/CENTRO-OESTE;-70.75
2025-08-11 02:00:00;NORTE;SUDESTE/CENTRO-OESTE;285.524
2025-08-11 03:00:00;NORTE;SUDESTE/CENTRO-OESTE;311.97199999
2025-08-11 04:00:00;NORTE;SUDESTE/CENTRO-OESTE;375.87
2025-08-11 05:00:00;NORTE;SUDESTE/CENTRO-OESTE;405.632
2025-08-11 06:00:00;NORTE;SUDESTE/CENTRO-OESTE;1284.349
2025-08-11 07:00:00;NORTE;SUDESTE/CENTRO-OESTE;2339.54799999
2025-08-11 08:00:00;NORTE;SUDESTE/CENTRO-OESTE;2512.154
2025-08-11 09:00:00;NORTE;SUDESTE/CENTRO-OESTE;1994.458
2025-08-11 10:00:00;NORTE;SUDESTE/CENTRO-OESTE;1516.841
2025-08-11 11:00:00;NORTE;SUDESTE/CENTRO-OESTE;1109.097
2025-08-11 12:00:00;NORTE;SUDESTE/CENTRO-OESTE;956.922
2025-08-11 13:00:00;NORTE;SUDESTE/CENTRO-OESTE;1018.985
2025-08-11 14:00:00;NORTE;SUDESTE/CENTRO-OESTE;1491.926
2025-08-11 15:00:00;NORTE;SUDESTE/CENTRO-OESTE;2362.349
2025-08-11 16:00:00;NORTE;SUDESTE/CENTRO-OESTE;2368.969
2025-08-11 17:00:00;NORTE;SUDESTE/CENTRO-OESTE;2240.428
2025-08-11 18:00:00;NORTE;SUDESTE/CENTRO-OESTE;4909.776
2025-08-11 19:00:00;NORTE;SUDESTE/CENTRO-OESTE;5180.42699999
2025-08-11 20:00:00;NORTE;SUDESTE/CENTRO-OESTE;4212.992
2025-08-11 21:00:00;NORTE;SUDESTE/CENTRO-OESTE;2725.20899999
2025-08-11 22:00:00;NORTE;SUDESTE/CENTRO-OESTE;978.329
2025-08-11 23:00:00;NORTE;SUDESTE/CENTRO-OESTE;217.704
2025-08-12 00:00:00;NORTE;SUDESTE/CENTRO-OESTE;88.832
2025-08-12 01:00:00;NORTE;SUDESTE/CENTRO-OESTE;27.895
2025-08-12 02:00:00;NORTE;SUDESTE/CENTRO-OESTE;37.49199999
2025-08-12 03:00:00;NORTE;SUDESTE/CENTRO-OESTE;152.22
2025-08-12 04:00:00;NORTE;SUDESTE/CENTRO-OESTE;255.396
2025-08-12 05:00:00;NORTE;SUDESTE/CENTRO-OESTE;659.388
2025-08-12 06:00:00;NORTE;SUDESTE/CENTRO-OESTE;1485.575
2025-08-12 07:00:00;NORTE;SUDESTE/CENTRO-OESTE;2621.995
2025-08-12 08:00:00;NORTE;SUDESTE/CENTRO-OESTE;2291.564
2025-08-12 09:00:00;NORTE;SUDESTE/CENTRO-OESTE;1916.679
2025-08-12 10:00:00;NORTE;SUDESTE/CENTRO-OESTE;1651.345
2025-08-12 11:00:00;NORTE;SUDESTE/CENTRO-OESTE;1630.908
2025-08-12 12:00:00;NORTE;SUDESTE/CENTRO-OESTE;1216.626
2025-08-12 13:00:00;NORTE;SUDESTE/CENTRO-OESTE;974.212
2025-08-12 14:00:00;NORTE;SUDESTE/CENTRO-OESTE;1760.902
2025-08-12 15:00:00;NORTE;SUDESTE/CENTRO-OESTE;1919.841
2025-08-12 16:00:00;NORTE;SUDESTE/CENTRO-OESTE;1234.701
2025-08-12 17:00:00;NORTE;SUDESTE/CENTRO-OESTE;1774.028
2025-08-12 18:00:00;NORTE;SUDESTE/CENTRO-OESTE;3984.782
2025-08-12 19:00:00;NORTE;SUDESTE/CENTRO-OESTE;4334.794
2025-08-12 20:00:00;NORTE;SUDESTE/CENTRO-OESTE;2577.86499999
2025-08-12 21:00:00;NORTE;SUDESTE/CENTRO-OESTE;1559.187
2025-08-12 22:00:00;NORTE;SUDESTE/CENTRO-OESTE;1047.528
2025-08-12 23:00:00;NORTE;SUDESTE/CENTRO-OESTE;1140.407
2025-08-13 00:00:00;NORTE;SUDESTE/CENTRO-OESTE;1299.645
2025-08-13 01:00:00;NORTE;SUDESTE/CENTRO-OESTE;1663.343
2025-08-13 02:00:00;NORTE;SUDESTE/CENTRO-OESTE;1791.659
2025-08-13 03:00:00;NORTE;SUDESTE/CENTRO-OESTE;1662.715
2025-08-13 04:00:00;NORTE;SUDESTE/CENTRO-OESTE;1653.251
2025-08-13 05:00:00;NORTE;SUDESTE/CENTRO-OESTE;1825.769
2025-08-13 06:00:00;NORTE;SUDESTE/CENTRO-OESTE;2474.013
2025-08-13 07:00:00;NORTE;SUDESTE/CENTRO-OESTE;2851.376
2025-08-13 08:00:00;NORTE;SUDESTE/CENTRO-OESTE;2462.206
2025-08-13 09:00:00;NORTE;SUDESTE/CENTRO-OESTE;2108.934
2025-08-13 10:00:00;NORTE;SUDESTE/CENTRO-OESTE;1444.34
2025-08-13 11:00:00;NORTE;SUDESTE/CENTRO-OESTE;1259.63899999
2025-08-13 12:00:00;NORTE;SUDESTE/CENTRO-OESTE;767.484
2025-08-13 13:00:00;NORTE;SUDESTE/CENTRO-OESTE;868.148
2025-08-13 14:00:00;NORTE;SUDESTE/CENTRO-OESTE;1174.13799999
2025-08-13 15:00:00;NORTE;SUDESTE/CENTRO-OESTE;1390.102
2025-08-13 16:00:00;NORTE;SUDESTE/CENTRO-OESTE;1598.321
2025-08-13 17:00:00;NORTE;SUDESTE/CENTRO-OESTE;2740.87
2025-08-13 18:00:00;NORTE;SUDESTE/CENTRO-OESTE;5182.889
2025-08-13 19:00:00;NORTE;SUDESTE/CENTRO-OESTE;5053.66
2025-08-13 20:00:00;NORTE;SUDESTE/CENTRO-OESTE;3467.082
2025-08-13 21:00:00;NORTE;SUDESTE/CENTRO-OESTE;2316.79599999
2025-08-13 22:00:00;NORTE;SUDESTE/CENTRO-OESTE;1593.251
2025-08-13 23:00:00;NORTE;SUDESTE/CENTRO-OESTE;1521.009
2025-08-14 00:00:00;NORTE;SUDESTE/CENTRO-OESTE;1605.128
2025-08-14 01:00:00;NORTE;SUDESTE/CENTRO-OESTE;1961.446
2025-08-14 02:00:00;NORTE;SUDESTE/CENTRO-OESTE;2031.734
2025-08-14 03:00:00;NORTE;SUDESTE/CENTRO-OESTE;2190.407
2025-08-14 04:00:00;NORTE;SUDESTE/CENTRO-OESTE;2310.21099999
2025-08-14 05:00:00;NORTE;SUDESTE/CENTRO-OESTE;2239.07
2025-08-14 06:00:00;NORTE;SUDESTE/CENTRO-OESTE;2932.421
2025-08-14 07:00:00;NORTE;SUDESTE/CENTRO-OESTE;3169.73
2025-08-14 08:00:00;NORTE;SUDESTE/CENTRO-OESTE;2716.333
2025-08-14 09:00:00;NORTE;SUDESTE/CENTRO-OESTE;2603.43199999
2025-08-14 10:00:00;NORTE;SUDESTE/CENTRO-OESTE;2480.704
2025-08-14 11:00:00;NORTE;SUDESTE/CENTRO-OESTE;2096.542
2025-08-14 12:00:00;NORTE;SUDESTE/CENTRO-OESTE;1650.732
2025-08-14 13:00:00;NORTE;SUDESTE/CENTRO-OESTE;1663.437
2025-08-14 14:00:00;NORTE;SUDESTE/CENTRO-OESTE;2023.832
2025-08-14 15:00:00;NORTE;SUDESTE/CENTRO-OESTE;2260.632
2025-08-14 16:00:00;NORTE;SUDESTE/CENTRO-OESTE;1808.157
2025-08-14 17:00:00;NORTE;SUDESTE/CENTRO-OESTE;2251.763
2025-08-14 18:00:00;NORTE;SUDESTE/CENTRO-OESTE;5261.361
2025-08-14 19:00:00;NORTE;SUDESTE/CENTRO-OESTE;4659.64099999
2025-08-14 20:00:00;NORTE;SUDESTE/CENTRO-OESTE;3072.845
2025-08-14 21:00:00;NORTE;SUDESTE/CENTRO-OESTE;2142.10399999
2025-08-14 22:00:00;NORTE;SUDESTE/CENTRO-OESTE;2271.17299999
2025-08-14 23:00:00;NORTE;SUDESTE/CENTRO-OESTE;2088.62
2025-08-15 00:00:00;NORTE;SUDESTE/CENTRO-OESTE;1442.552
2025-08-15 01:00:00;NORTE;SUDESTE/CENTRO-OESTE;1346.573
2025-08-15 02:00:00;NORTE;SUDESTE/CENTRO-OESTE;1489.747
2025-08-15 03:00:00;NORTE;SUDESTE/CENTRO-OESTE;1559.358
2025-08-15 04:00:00;NORTE;SUDESTE/CENTRO-OESTE;1666.912
2025-08-15 05:00:00;NORTE;SUDESTE/CENTRO-OESTE;1700.035
2025-08-15 06:00:00;NORTE;SUDESTE/CENTRO-OESTE;2619.493
2025-08-15 07:00:00;NORTE;SUDESTE/CENTRO-OESTE;3243.884
2025-08-15 08:00:00;NORTE;SUDESTE/CENTRO-OESTE;2797.339
2025-08-15 09:00:00;NORTE;SUDESTE/CENTRO-OESTE;2997.37
2025-08-15 10:00:00;NORTE;SUDESTE/CENTRO-OESTE;3004.575
2025-08-15 11:00:00;NORTE;SUDESTE/CENTRO-OESTE;3077.276
2025-08-15 12:00:00;NORTE;SUDESTE/CENTRO-OESTE;2616.78
2025-08-15 13:00:00;NORTE;SUDESTE/CENTRO-OESTE;3192.182
2025-08-15 14:00:00;NORTE;SUDESTE/CENTRO-OESTE;3584.478
2025-08-15 15:00:00;NORTE;SUDESTE/CENTRO-OESTE;3570.344
2025-08-15 16:00:00;NORTE;SUDESTE/CENTRO-OESTE;3005.58
2025-08-15 17:00:00;NORTE;SUDESTE/CENTRO-OESTE;3756.979
2025-08-15 18:00:00;NORTE;SUDESTE/CENTRO-OESTE;5336.765
2025-08-15 19:00:00;NORTE;SUDESTE/CENTRO-OESTE;4768.158
2025-08-15 20:00:00;NORTE;SUDESTE/CENTRO-OESTE;2953.979
2025-08-15 21:00:00;NORTE;SUDESTE/CENTRO-OESTE;1979.213
2025-08-15 22:00:00;NORTE;SUDESTE/CENTRO-OESTE;1265.713
2025-08-15 23:00:00;NORTE;SUDESTE/CENTRO-OESTE;1149.028
2025-08-16 00:00:00;NORTE;SUDESTE/CENTRO-OESTE;1292.358
2025-08-16 01:00:00;NORTE;SUDESTE/CENTRO-OESTE;1178.806
2025-08-16 02:00:00;NORTE;SUDESTE/CENTRO-OESTE;1247.49
2025-08-16 03:00:00;NORTE;SUDESTE/CENTRO-OESTE;1113.092
2025-08-16 04:00:00;NORTE;SUDESTE/CENTRO-OESTE;944.224
2025-08-16 05:00:00;NORTE;SUDESTE/CENTRO-OESTE;1048.99499999
2025-08-16 06:00:00;NORTE;SUDESTE/CENTRO-OESTE;1795.667
2025-08-16 07:00:00;NORTE;SUDESTE/CENTRO-OESTE;2914.138
2025-08-16 08:00:00;NORTE;SUDESTE/CENTRO-OESTE;2607.823
2025-08-16 09:00:00;NORTE;SUDESTE/CENTRO-OESTE;2103.52599999
2025-08-16 10:00:00;NORTE;SUDESTE/CENTRO-OESTE;1546.245
2025-08-16 11:00:00;NORTE;SUDESTE/CENTRO-OESTE;1419.399
2025-08-16 12:00:00;NORTE;SUDESTE/CENTRO-OESTE;1343.82
2025-08-16 13:00:00;NORTE;SUDESTE/CENTRO-OESTE;1284.171
2025-08-16 14:00:00;NORTE;SUDESTE/CENTRO-OESTE;1247.034
2025-08-16 15:00:00;NORTE;SUDESTE/CENTRO-OESTE;1400.745
2025-08-16 16:00:00;NORTE;SUDESTE/CENTRO-OESTE;1703.284
2025-08-16 17:00:00;NORTE;SUDESTE/CENTRO-OESTE;2544.25
2025-08-16 18:00:00;NORTE;SUDESTE/CENTRO-OESTE;4531.621
2025-08-16 19:00:00;NORTE;SUDESTE/CENTRO-OESTE;3351.031
2025-08-16 20:00:00;NORTE;SUDESTE/CENTRO-OESTE;2613.183
2025-08-16 21:00:00;NORTE;SUDESTE/CENTRO-OESTE;2371.531
2025-08-16 22:00:00;NORTE;SUDESTE/CENTRO-OESTE;2305.61499999
2025-08-16 23:00:00;NORTE;SUDESTE/CENTRO-OESTE;2013.571
2025-08-17 00:00:00;NORTE;SUDESTE/CENTRO-OESTE;1782.51
2025-08-17 01:00:00;NORTE;SUDESTE/CENTRO-OESTE;1848.804
2025-08-17 02:00:00;NORTE;SUDESTE/CENTRO-OESTE;2076.39
2025-08-17 03:00:00;NORTE;SUDESTE/CENTRO-OESTE;2129.023
2025-08-17 04:00:00;NORTE;SUDESTE/CENTRO-OESTE;1985.273
2025-08-17 05:00:00;NORTE;SUDESTE/CENTRO-OESTE;1677.431
2025-08-17 06:00:00;NORTE;SUDESTE/CENTRO-OESTE;1829.621
2025-08-17 07:00:00;NORTE;SUDESTE/CENTRO-OESTE;1607.736
2025-08-17 08:00:00;NORTE;SUDESTE/CENTRO-OESTE;1320.309
2025-08-17 09:00:00;NORTE;SUDESTE/CENTRO-OESTE;628.226
2025-08-17 10:00:00;NORTE;SUDESTE/CENTRO-OESTE;29.964
2025-08-17 11:00:00;NORTE;SUDESTE/CENTRO-OESTE;-30.888
2025-08-17 12:00:00;NORTE;SUDESTE/CENTRO-OESTE;-46.677
2025-08-17 13:00:00;NORTE;SUDESTE/CENTRO-OESTE;-241.04
2025-08-17 14:00:00;NORTE;SUDESTE/CENTRO-OESTE;-195.661
2025-08-17 15:00:00;NORTE;SUDESTE/CENTRO-OESTE;311.29
2025-08-17 16:00:00;NORTE;SUDESTE/CENTRO-OESTE;1222.386
2025-08-17 17:00:00;NORTE;SUDESTE/CENTRO-OESTE;2498.52
2025-08-17 18:00:00;NORTE;SUDESTE/CENTRO-OESTE;4280.153
2025-08-17 19:00:00;NORTE;SUDESTE/CENTRO-OESTE;3575.847
2025-08-17 20:00:00;NORTE;SUDESTE/CENTRO-OESTE;2527.50799999
2025-08-17 21:00:00;NORTE;SUDESTE/CENTRO-OESTE;2213.99899999
2025-08-17 22:00:00;NORTE;SUDESTE/CENTRO-OESTE;2297.388
2025-08-17 23:00:00;NORTE;SUDESTE/CENTRO-OESTE;2363.858
2025-08-18 00:00:00;NORTE;SUDESTE/CENTRO-OESTE;2309.556
2025-08-18 01:00:00;NORTE;SUDESTE/CENTRO-OESTE;2352.733
2025-08-18 02:00:00;NORTE;SUDESTE/CENTRO-OESTE;2298.681
2025-08-18 03:00:00;NORTE;SUDESTE/CENTRO-OESTE;2289.576
2025-08-18 04:00:00;NORTE;SUDESTE/CENTRO-OESTE;2441.812
2025-08-18 05:00:00;NORTE;SUDESTE/CENTRO-OESTE;2787.42
2025-08-18 06:00:00;NORTE;SUDESTE/CENTRO-OESTE;3357.965
2025-08-18 07:00:00;NORTE;SUDESTE/CENTRO-OESTE;3710.549
2025-08-18 08:00:00;NORTE;SUDESTE/CENTRO-OESTE;3306.851
2025-08-18 09:00:00;NORTE;SUDESTE/CENTRO-OESTE;3239.694
2025-08-18 10:00:00;NORTE;SUDESTE/CENTRO-OESTE;3067.915
2025-08-18 11:00:00;NORTE;SUDESTE/CENTRO-OESTE;2966.125
2025-08-18 12:00:00;NORTE;SUDESTE/CENTRO-OESTE;2562.166
2025-08-18 13:00:00;NORTE;SUDESTE/CENTRO-OESTE;2457.409
2025-08-18 14:00:00;NORTE;SUDESTE/CENTRO-OESTE;2104.46
2025-08-18 15:00:00;NORTE;SUDESTE/CENTRO-OESTE;1802.088
2025-08-18 16:00:00;NORTE;SUDESTE/CENTRO-OESTE;1158.911
2025-08-18 17:00:00;NORTE;SUDESTE/CENTRO-OESTE;2889.857
2025-08-18 18:00:00;NORTE;SUDESTE/CENTRO-OESTE;5112.724
2025-08-18 19:00:00;NORTE;SUDESTE/CENTRO-OESTE;4367.582
2025-08-18 20:00:00;NORTE;SUDESTE/CENTRO-OESTE;2953.968
2025-08-18 21:00:00;NORTE;SUDESTE/CENTRO-OESTE;1946.94
2025-08-18 22:00:00;NORTE;SUDESTE/CENTRO-OESTE;1436.153
2025-08-18 23:00:00;NORTE;SUDESTE/CENTRO-OESTE;1494.819
2025-08-19 00:00:00;NORTE;SUDESTE/CENTRO-OESTE;1464.009
2025-08-19 01:00:00;NORTE;SUDESTE/CENTRO-OESTE;1727.05
2025-08-19 02:00:00;NORTE;SUDESTE/CENTRO-OESTE;1938.208
2025-08-19 03:00:00;NORTE;SUDESTE/CENTRO-OESTE;2146.886
2025-08-19 04:00:00;NORTE;SUDESTE/CENTRO-OESTE;2258.666
2025-08-19 05:00:00;NORTE;SUDESTE/CENTRO-OESTE;2583.255
2025-08-19 06:00:00;NORTE;SUDESTE/CENTRO-OESTE;3249.645
2025-08-19 07:00:00;NORTE;SUDESTE/CENTRO-OESTE;3561.219
2025-08-19 08:00:00;NORTE;SUDESTE/CENTRO-OESTE;3248.85
2025-08-19 09:00:00;NORTE;SUDESTE/CENTRO-OESTE;2853.99
2025-08-19 10:00:00;NORTE;SUDESTE/CENTRO-OESTE;2715.088
2025-08-19 11:00:00;NORTE;SUDESTE/CENTRO-OESTE;2136.937
2025-08-19 12:00:00;NORTE;SUDESTE/CENTRO-OESTE;1687.532
2025-08-19 13:00:00;NORTE;SUDESTE/CENTRO-OESTE;2048.395
2025-08-19 14:00:00;NORTE;SUDESTE/CENTRO-OESTE;1994.016
2025-08-19 15:00:00;NORTE;SUDESTE/CENTRO-OESTE;1889.659
2025-08-19 16:00:00;NORTE;SUDESTE/CENTRO-OESTE;1360.594
2025-08-19 17:00:00;NORTE;SUDESTE/CENTRO-OESTE;2281.608
2025-08-19 18:00:00;NORTE;SUDESTE/CENTRO-OESTE;4089.158
2025-08-19 19:00:00;NORTE;SUDESTE/CENTRO-OESTE;3599.245
2025-08-19 20:00:00;NORTE;SUDESTE/CENTRO-OESTE;2408.065
2025-08-19 21:00:00;NORTE;SUDESTE/CENTRO-OESTE;1483.984
2025-08-19 22:00:00;NORTE;SUDESTE/CENTRO-OESTE;1432.057
2025-08-19 23:00:00;NORTE;SUDESTE/CENTRO-OESTE;1353.111
2025-08-20 00:00:00;NORTE;SUDESTE/CENTRO-OESTE;1428.975
2025-08-20 01:00:00;NORTE;SUDESTE/CENTRO-OESTE;1639.521
2025-08-20 02:00:00;NORTE;SUDESTE/CENTRO-OESTE;1860.401
2025-08-20 03:00:00;NORTE;SUDESTE/CENTRO-OESTE;2127.177
2025-08-20 04:00:00;NORTE;SUDESTE/CENTRO-OESTE;2151.275
2025-08-20 05:00:00;NORTE;SUDESTE/CENTRO-OESTE;2174.471
2025-08-20 06:00:00;NORTE;SUDESTE/CENTRO-OESTE;2912.952
2025-08-20 07:00:00;NORTE;SUDESTE/CENTRO-OESTE;3355.825
2025-08-20 08:00:00;NORTE;SUDESTE/CENTRO-OESTE;3114.336
2025-08-20 09:00:00;NORTE;SUDESTE/CENTRO-OESTE;2549.134
2025-08-20 10:00:00;NORTE;SUDESTE/CENTRO-OESTE;2635.638
2025-08-20 11:00:00;NORTE;SUDESTE/CENTRO-OESTE;2736.347
2025-08-20 12:00:00;NORTE;SUDESTE/CENTRO-OESTE;2561.491
2025-08-20 13:00:00;NORTE;SUDESTE/CENTRO-OESTE;2354.14399999
2025-08-20 14:00:00;NORTE;SUDESTE/CENTRO-OESTE;2510.534
2025-08-20 15:00:00;NORTE;SUDESTE/CENTRO-OESTE;2510.098
2025-08-20 16:00:00;NORTE;SUDESTE/CENTRO-OESTE;2183.973
2025-08-20 17:00:00;NORTE;SUDESTE/CENTRO-OESTE;3304.544
2025-08-20 18:00:00;NORTE;SUDESTE/CENTRO-OESTE;5509.844
2025-08-20 19:00:00;NORTE;SUDESTE/CENTRO-OESTE;4412.106
2025-08-20 20:00:00;NORTE;SUDESTE/CENTRO-OESTE;2313.661
2025-08-20 21:00:00;NORTE;SUDESTE/CENTRO-OESTE;2168.042
2025-08-20 22:00:00;NORTE;SUDESTE/CENTRO-OESTE;1922.64
2025-08-20 23:00:00;NORTE;SUDESTE/CENTRO-OESTE;1786.005
2025-08-21 00:00:00;NORTE;SUDESTE/CENTRO-OESTE;1547.401
2025-08-21 01:00:00;NORTE;SUDESTE/CENTRO-OESTE;1688.487
2025-08-21 02:00:00;NORTE;SUDESTE/CENTRO-OESTE;1814.65
2025-08-21 03:00:00;NORTE;SUDESTE/CENTRO-OESTE;1939.396
2025-08-21 04:00:00;NORTE;SUDESTE/CENTRO-OESTE;2062.573
2025-08-21 05:00:00;NORTE;SUDESTE/CENTRO-OESTE;2073.94099999
2025-08-21 06:00:00;NORTE;SUDESTE/CENTRO-OESTE;2970.838
2025-08-21 07:00:00;NORTE;SUDESTE/CENTRO-OESTE;3474.329
2025-08-21 08:00:00;NORTE;SUDESTE/CENTRO-OESTE;3195.677
2025-08-21 09:00:00;NORTE;SUDESTE/CENTRO-OESTE;2960.141
2025-08-21 10:00:00;NORTE;SUDESTE/CENTRO-OESTE;2672.197
2025-08-21 11:00:00;NORTE;SUDESTE/CENTRO-OESTE;2519.032
2025-08-21 12:00:00;NORTE;SUDESTE/CENTRO-OESTE;2337.638
2025-08-21 13:00:00;NORTE;SUDESTE/CENTRO-OESTE;2414.708
2025-08-21 14:00:00;NORTE;SUDESTE/CENTRO-OESTE;2666.902
2025-08-21 15:00:00;NORTE;SUDESTE/CENTRO-OESTE;2433.424
2025-08-21 16:00:00;NORTE;SUDESTE/CENTRO-OESTE;1833.381
2025-08-21 17:00:00;NORTE;SUDESTE/CENTRO-OESTE;2801.9
2025-08-21 18:00:00;NORTE;SUDESTE/CENTRO-OESTE;4571.549
2025-08-21 19:00:00;NORTE;SUDESTE/CENTRO-OESTE;3741.372
2025-08-21 20:00:00;NORTE;SUDESTE/CENTRO-OESTE;2426.108
2025-08-21 21:00:00;NORTE;SUDESTE/CENTRO-OESTE;1488.999
2025-08-21 22:00:00;NORTE;SUDESTE/CENTRO-OESTE;1293.595
2025-08-21 23:00:00;NORTE;SUDESTE/CENTRO-OESTE;1468.55
2025-08-22 00:00:00;NORTE;SUDESTE/CENTRO-OESTE;1863.761
2025-08-22 01:00:00;NORTE;SUDESTE/CENTRO-OESTE;2315.257
2025-08-22 02:00:00;NORTE;SUDESTE/CENTRO-OESTE;2377.36499999
2025-08-22 03:00:00;NORTE;SUDESTE/CENTRO-OESTE;2356.419
2025-08-22 04:00:00;NORTE;SUDESTE/CENTRO-OESTE;2283.601
2025-08-22 05:00:00;NORTE;SUDESTE/CENTRO-OESTE;2359.45899999
2025-08-22 06:00:00;NORTE;SUDESTE/CENTRO-OESTE;3008.834
2025-08-22 07:00:00;NORTE;SUDESTE/CENTRO-OESTE;3064.929
2025-08-22 08:00:00;NORTE;SUDESTE/CENTRO-OESTE;3106.419
2025-08-22 09:00:00;NORTE;SUDESTE/CENTRO-OESTE;3034.012
2025-08-22 10:00:00;NORTE;SUDESTE/CENTRO-OESTE;2707.993
2025-08-22 11:00:00;NORTE;SUDESTE/CENTRO-OESTE;2619.763
2025-08-22 12:00:00;NORTE;SUDESTE/CENTRO-OESTE;2500.455
2025-08-22 13:00:00;NORTE;SUDESTE/CENTRO-OESTE;2672.71099999
2025-08-22 14:00:00;NORTE;SUDESTE/CENTRO-OESTE;2432.806
2025-08-22 15:00:00;NORTE;SUDESTE/CENTRO-OESTE;2078.75
2025-08-22 16:00:00;NORTE;SUDESTE/CENTRO-OESTE;1490.081
2025-08-22 17:00:00;NORTE;SUDESTE/CENTRO-OESTE;2063.61
2025-08-22 18:00:00;NORTE;SUDESTE/CENTRO-OESTE;3662.626
2025-08-22 19:00:00;NORTE;SUDESTE/CENTRO-OESTE;2897.56
2025-08-22 20:00:00;NORTE;SUDESTE/CENTRO-OESTE;2329.36299999
2025-08-22 21:00:00;NORTE;SUDESTE/CENTRO-OESTE;1474.948
2025-08-22 22:00:00;NORTE;SUDESTE/CENTRO-OESTE;1546.954
2025-08-22 23:00:00;NORTE;SUDESTE/CENTRO-OESTE;1501.176
2025-08-23 00:00:00;NORTE;SUDESTE/CENTRO-OESTE;1543.908
2025-08-23 01:00:00;NORTE;SUDESTE/CENTRO-OESTE;1773.029
2025-08-23 02:00:00;NORTE;SUDESTE/CENTRO-OESTE;1876.025
2025-08-23 03:00:00;NORTE;SUDESTE/CENTRO-OESTE;2038.235
2025-08-23 04:00:00;NORTE;SUDESTE/CENTRO-OESTE;2161.692
2025-08-23 05:00:00;NORTE;SUDESTE/CENTRO-OESTE;2556.456
2025-08-23 06:00:00;NORTE;SUDESTE/CENTRO-OESTE;2879.882
2025-08-23 07:00:00;NORTE;SUDESTE/CENTRO-OESTE;3284.688
2025-08-23 08:00:00;NORTE;SUDESTE/CENTRO-OESTE;3156.119
2025-08-23 09:00:00;NORTE;SUDESTE/CENTRO-OESTE;3004.14
2025-08-23 10:00:00;NORTE;SUDESTE/CENTRO-OESTE;2950.533
2025-08-23 11:00:00;NORTE;SUDESTE/CENTRO-OESTE;2868.692
2025-08-23 12:00:00;NORTE;SUDESTE/CENTRO-OESTE;2558.17099999
2025-08-23 13:00:00;NORTE;SUDESTE/CENTRO-OESTE;2222.476
2025-08-23 14:00:00;NORTE;SUDESTE/CENTRO-OESTE;2231.15099999
2025-08-23 15:00:00;NORTE;SUDESTE/CENTRO-OESTE;2730.284
2025-08-23 16:00:00;NORTE;SUDESTE/CENTRO-OESTE;2406.38299999
2025-08-23 17:00:00;NORTE;SUDESTE/CENTRO-OESTE;2414.797
2025-08-23 18:00:00;NORTE;SUDESTE/CENTRO-OESTE;3901.34
2025-08-23 19:00:00;NORTE;SUDESTE/CENTRO-OESTE;3065.043
2025-08-23 20:00:00;NORTE;SUDESTE/CENTRO-OESTE;2063.62
2025-08-23 21:00:00;NORTE;SUDESTE/CENTRO-OESTE;1772.66
2025-08-23 22:00:00;NORTE;SUDESTE/CENTRO-OESTE;1200.74499999
2025-08-23 23:00:00;NORTE;SUDESTE/CENTRO-OESTE;1340.209
2025-08-24 00:00:00;NORTE;SUDESTE/CENTRO-OESTE;1318.601
2025-08-24 01:00:00;NORTE;SUDESTE/CENTRO-OESTE;1324.025
2025-08-24 02:00:00;NORTE;SUDESTE/CENTRO-OESTE;1572.53
2025-08-24 03:00:00;NORTE;SUDESTE/CENTRO-OESTE;1747.42
2025-08-24 04:00:00;NORTE;SUDESTE/CENTRO-OESTE;1917.564
2025-08-24 05:00:00;NORTE;SUDESTE/CENTRO-OESTE;1927.228
2025-08-24 06:00:00;NORTE;SUDESTE/CENTRO-OESTE;2735.784
2025-08-24 07:00:00;NORTE;SUDESTE/CENTRO-OESTE;3219.226
2025-08-24 08:00:00;NORTE;SUDESTE/CENTRO-OESTE;2828.853
2025-08-24 09:00:00;NORTE;SUDESTE/CENTRO-OESTE;2389.043
2025-08-24 10:00:00;NORTE;SUDESTE/CENTRO-OESTE;1780.563
2025-08-24 11:00:00;NORTE;SUDESTE/CENTRO-OESTE;1970.608
2025-08-24 12:00:00;NORTE;SUDESTE/CENTRO-OESTE;1805.651
2025-08-24 13:00:00;NORTE;SUDESTE/CENTRO-OESTE;1682.583
2025-08-24 14:00:00;NORTE;SUDESTE/CENTRO-OESTE;1533.425
2025-08-24 15:00:00;NORTE;SUDESTE/CENTRO-OESTE;1546.523
2025-08-24 16:00:00;NORTE;SUDESTE/CENTRO-OESTE;1422.877
2025-08-24 17:00:00;NORTE;SUDESTE/CENTRO-OESTE;1487.848
2025-08-24 18:00:00;NORTE;SUDESTE/CENTRO-OESTE;2963.786
2025-08-24 19:00:00;NORTE;SUDESTE/CENTRO-OESTE;2526.50799999
2025-08-24 20:00:00;NORTE;SUDESTE/CENTRO-OESTE;2235.714
2025-08-24 21:00:00;NORTE;SUDESTE/CENTRO-OESTE;1915.446
2025-08-24 22:00:00;NORTE;SUDESTE/CENTRO-OESTE;1695.502
2025-08-24 23:00:00;NORTE;SUDESTE/CENTRO-OESTE;1691.736
2025-08-25 00:00:00;NORTE;SUDESTE/CENTRO-OESTE;1877.727
2025-08-25 01:00:00;NORTE;SUDESTE/CENTRO-OESTE;1963.804
2025-08-25 02:00:00;NORTE;SUDESTE/CENTRO-OESTE;2225.161
2025-08-25 03:00:00;NORTE;SUDESTE/CENTRO-OESTE;2296.748
2025-08-25 04:00:00;NORTE;SUDESTE/CENTRO-OESTE;2299.984
2025-08-25 05:00:00;NORTE;SUDESTE/CENTRO-OESTE;2766.982
2025-08-25 06:00:00;NORTE;SUDESTE/CENTRO-OESTE;3325.905
2025-08-25 07:00:00;NORTE;SUDESTE/CENTRO-OESTE;3045.357
2025-08-25 08:00:00;NORTE;SUDESTE/CENTRO-OESTE;2818.968
2025-08-25 09:00:00;NORTE;SUDESTE/CENTRO-OESTE;2720.022
2025-08-25 10:00:00;NORTE;SUDESTE/CENTRO-OESTE;2531.301
2025-08-25 11:00:00;NORTE;SUDESTE/CENTRO-OESTE;2351.39
2025-08-25 12:00:00;NORTE;SUDESTE/CENTRO-OESTE;2020.222
2025-08-25 13:00:00;NORTE;SUDESTE/CENTRO-OESTE;1784.749
2025-08-25 14:00:00;NORTE;SUDESTE/CENTRO-OESTE;1721.626
2025-08-25 15:00:00;NORTE;SUDESTE/CENTRO-OESTE;1725.088
2025-08-25 16:00:00;NORTE;SUDESTE/CENTRO-OESTE;1345.145
2025-08-25 17:00:00;NORTE;SUDESTE/CENTRO-OESTE;1695.66
2025-08-25 18:00:00;NORTE;SUDESTE/CENTRO-OESTE;3555.397
2025-08-25 19:00:00;NORTE;SUDESTE/CENTRO-OESTE;3486.103
2025-08-25 20:00:00;NORTE;SUDESTE/CENTRO-OESTE;2584.913
2025-08-25 21:00:00;NORTE;SUDESTE/CENTRO-OESTE;1885.879
2025-08-25 22:00:00;NORTE;SUDESTE/CENTRO-OESTE;1436.542
2025-08-25 23:00:00;NORTE;SUDESTE/CENTRO-OESTE;1388.625
2025-08-26 00:00:00;NORTE;SUDESTE/CENTRO-OESTE;1627.543
2025-08-26 01:00:00;NORTE;SUDESTE/CENTRO-OESTE;1944.549
2025-08-26 02:00:00;NORTE;SUDESTE/CENTRO-OESTE;2247.309
2025-08-26 03:00:00;NORTE;SUDESTE/CENTRO-OESTE;2426.533
2025-08-26 04:00:00;NORTE;SUDESTE/CENTRO-OESTE;2470.31
2025-08-26 05:00:00;NORTE;SUDESTE/CENTRO-OESTE;2563.962
2025-08-26 06:00:00;NORTE;SUDESTE/CENTRO-OESTE;3358.215
2025-08-26 07:00:00;NORTE;SUDESTE/CENTRO-OESTE;3560.253
2025-08-26 08:00:00;NORTE;SUDESTE/CENTRO-OESTE;3563.609
2025-08-26 09:00:00;NORTE;SUDESTE/CENTRO-OESTE;3517.814
2025-08-26 10:00:00;NORTE;SUDESTE/CENTRO-OESTE;3225.666
2025-08-26 11:00:00;NORTE;SUDESTE/CENTRO-OESTE;2983.619
2025-08-26 12:00:00;NORTE;SUDESTE/CENTRO-OESTE;2940.594
2025-08-26 13:00:00;NORTE;SUDESTE/CENTRO-OESTE;2922.313
2025-08-26 14:00:00;NORTE;SUDESTE/CENTRO-OESTE;2945.23
2025-08-26 15:00:00;NORTE;SUDESTE/CENTRO-OESTE;2518.19099999
2025-08-26 16:00:00;NORTE;SUDESTE/CENTRO-OESTE;1357.135
2025-08-26 17:00:00;NORTE;SUDESTE/CENTRO-OESTE;1379.436
2025-08-26 18:00:00;NORTE;SUDESTE/CENTRO-OESTE;3153.226
2025-08-26 19:00:00;NORTE;SUDESTE/CENTRO-OESTE;2790.526
2025-08-26 20:00:00;NORTE;SUDESTE/CENTRO-OESTE;2078.687
2025-08-26 21:00:00;NORTE;SUDESTE/CENTRO-OESTE;1676.204
2025-08-26 22:00:00;NORTE;SUDESTE/CENTRO-OESTE;1263.07199999
2025-08-26 23:00:00;NORTE;SUDESTE/CENTRO-OESTE;1343.065
2025-08-27 00:00:00;NORTE;SUDESTE/CENTRO-OESTE;1494.225
2025-08-27 01:00:00;NORTE;SUDESTE/CENTRO-OESTE;1769.857
2025-08-27 02:00:00;NORTE;SUDESTE/CENTRO-OESTE;1908.069
2025-08-27 03:00:00;NORTE;SUDESTE/CENTRO-OESTE;2037.206
2025-08-27 04:00:00;NORTE;SUDESTE/CENTRO-OESTE;2202.377
2025-08-27 05:00:00;NORTE;SUDESTE/CENTRO-OESTE;2467.226
2025-08-27 06:00:00;NORTE;SUDESTE/CENTRO-OESTE;3237.922
2025-08-27 07:00:00;NORTE;SUDESTE/CENTRO-OESTE;3648.034
2025-08-27 08:00:00;NORTE;SUDESTE/CENTRO-OESTE;3438.237
2025-08-27 09:00:00;NORTE;SUDESTE/CENTRO-OESTE;3001.128
2025-08-27 10:00:00;NORTE;SUDESTE/CENTRO-OESTE;2644.64199999
2025-08-27 11:00:00;NORTE;SUDESTE/CENTRO-OESTE;2395.549
2025-08-27 12:00:00;NORTE;SUDESTE/CENTRO-OESTE;2177.46799999
2025-08-27 13:00:00;NORTE;SUDESTE/CENTRO-OESTE;1986.318
2025-08-27 14:00:00;NORTE;SUDESTE/CENTRO-OESTE;2049.916
2025-08-27 15:00:00;NORTE;SUDESTE/CENTRO-OESTE;1679.664
2025-08-27 16:00:00;NORTE;SUDESTE/CENTRO-OESTE;549.755
2025-08-27 17:00:00;NORTE;SUDESTE/CENTRO-OESTE;1012.879
2025-08-27 18:00:00;NORTE;SUDESTE/CENTRO-OESTE;3092.547
2025-08-27 19:00:00;NORTE;SUDESTE/CENTRO-OESTE;2477.899
2025-08-27 20:00:00;NORTE;SUDESTE/CENTRO-OESTE;1514.881
2025-08-27 21:00:00;NORTE;SUDESTE/CENTRO-OESTE;1247.221
2025-08-27 22:00:00;NORTE;SUDESTE/CENTRO-OESTE;1213.217
2025-08-27 23:00:00;NORTE;SUDESTE/CENTRO-OESTE;1431.414
2025-08-28 00:00:00;NORTE;SUDESTE/CENTRO-OESTE;1436.044
2025-08-28 01:00:00;NORTE;SUDESTE/CENTRO-OESTE;1634.009
2025-08-28 02:00:00;NORTE;SUDESTE/CENTRO-OESTE;2064.51899999
2025-08-28 03:00:00;NORTE;SUDESTE/CENTRO-OESTE;2446.69099999
2025-08-28 04:00:00;NORTE;SUDESTE/CENTRO-OESTE;2508.259
2025-08-28 05:00:00;NORTE;SUDESTE/CENTRO-OESTE;2530.393
2025-08-28 06:00:00;NORTE;SUDESTE/CENTRO-OESTE;3327.751
2025-08-28 07:00:00;NORTE;SUDESTE/CENTRO-OESTE;3519.146
2025-08-28 08:00:00;NORTE;SUDESTE/CENTRO-OESTE;3062.773
2025-08-28 09:00:00;NORTE;SUDESTE/CENTRO-OESTE;3119.853
2025-08-28 10:00:00;NORTE;SUDESTE/CENTRO-OESTE;2767.323
2025-08-28 11:00:00;NORTE;SUDESTE/CENTRO-OESTE;2569.128
2025-08-28 12:00:00;NORTE;SUDESTE/CENTRO-OESTE;2215.47899999
2025-08-28 13:00:00;NORTE;SUDESTE/CENTRO-OESTE;2242.504
2025-08-28 14:00:00;NORTE;SUDESTE/CENTRO-OESTE;2017.654
2025-08-28 15:00:00;NORTE;SUDESTE/CENTRO-OESTE;1837.252
2025-08-28 16:00:00;NORTE;SUDESTE/CENTRO-OESTE;901.348
2025-08-28 17:00:00;NORTE;SUDESTE/CENTRO-OESTE;1036.255
2025-08-28 18:00:00;NORTE;SUDESTE/CENTRO-OESTE;2840.139
2025-08-28 19:00:00;NORTE;SUDESTE/CENTRO-OESTE;2399.481
2025-08-28 20:00:00;NORTE;SUDESTE/CENTRO-OESTE;1732.169
2025-08-28 21:00:00;NORTE;SUDESTE/CENTRO-OESTE;1250.257
2025-08-28 22:00:00;NORTE;SUDESTE/CENTRO-OESTE;956.629
2025-08-28 23:00:00;NORTE;SUDESTE/CENTRO-OESTE;640.482
2025-08-29 00:00:00;NORTE;SUDESTE/CENTRO-OESTE;842.792
2025-08-29 01:00:00;NORTE;SUDESTE/CENTRO-OESTE;1060.852
2025-08-29 02:00:00;NORTE;SUDESTE/CENTRO-OESTE;883.147
2025-08-29 03:00:00;NORTE;SUDESTE/CENTRO-OESTE;1058.501
2025-08-29 04:00:00;NORTE;SUDESTE/CENTRO-OESTE;1172.157
2025-08-29 05:00:00;NORTE;SUDESTE/CENTRO-OESTE;1249.944
2025-08-29 06:00:00;NORTE;SUDESTE/CENTRO-OESTE;2295.311
2025-08-29 07:00:00;NORTE;SUDESTE/CENTRO-OESTE;2452.195
2025-08-29 08:00:00;NORTE;SUDESTE/CENTRO-OESTE;2503.419
2025-08-29 09:00:00;NORTE;SUDESTE/CENTRO-OESTE;2650.585
2025-08-29 10:00:00;NORTE;SUDESTE/CENTRO-OESTE;2391.335
2025-08-29 11:00:00;NORTE;SUDESTE/CENTRO-OESTE;2332.472
2025-08-29 12:00:00;NORTE;SUDESTE/CENTRO-OESTE;2018.06
2025-08-29 13:00:00;NORTE;SUDESTE/CENTRO-OESTE;2028.944
2025-08-29 14:00:00;NORTE;SUDESTE/CENTRO-OESTE;2012.441
2025-08-29 15:00:00;NORTE;SUDESTE/CENTRO-OESTE;1933.133
2025-08-29 16:00:00;NORTE;SUDESTE/CENTRO-OESTE;1267.529
2025-08-29 17:00:00;NORTE;SUDESTE/CENTRO-OESTE;1405.252
2025-08-29 18:00:00;NORTE;SUDESTE/CENTRO-OESTE;3462.06
2025-08-29 19:00:00;NORTE;SUDESTE/CENTRO-OESTE;3210.185
2025-08-29 20:00:00;NORTE;SUDESTE/CENTRO-OESTE;2301.347
2025-08-29 21:00:00;NORTE;SUDESTE/CENTRO-OESTE;1890.221
2025-08-29 22:00:00;NORTE;SUDESTE/CENTRO-OESTE;1834.694
2025-08-29 23:00:00;NORTE;SUDESTE/CENTRO-OESTE;1692.771
2025-08-30 00:00:00;NORTE;SUDESTE/CENTRO-OESTE;1816.716
2025-08-30 01:00:00;NORTE;SUDESTE/CENTRO-OESTE;1758.307
2025-08-30 02:00:00;NORTE;SUDESTE/CENTRO-OESTE;1836.819
2025-08-30 03:00:00;NORTE;SUDESTE/CENTRO-OESTE;2023.556
2025-08-30 04:00:00;NORTE;SUDESTE/CENTRO-OESTE;1969.902
2025-08-30 05:00:00;NORTE;SUDESTE/CENTRO-OESTE;2186.658
2025-08-30 06:00:00;NORTE;SUDESTE/CENTRO-OESTE;2788.511
2025-08-30 07:00:00;NORTE;SUDESTE/CENTRO-OESTE;2947.83
2025-08-30 08:00:00;NORTE;SUDESTE/CENTRO-OESTE;2603.299
2025-08-30 09:00:00;NORTE;SUDESTE/CENTRO-OESTE;2154.098
2025-08-30 10:00:00;NORTE;SUDESTE/CENTRO-OESTE;1460.219
2025-08-30 11:00:00;NORTE;SUDESTE/CENTRO-OESTE;1159.13899999
2025-08-30 12:00:00;NORTE;SUDESTE/CENTRO-OESTE;1039.365
2025-08-30 13:00:00;NORTE;SUDESTE/CENTRO-OESTE;979.933
2025-08-30 14:00:00;NORTE;SUDESTE/CENTRO-OESTE;964.8
2025-08-30 15:00:00;NORTE;SUDESTE/CENTRO-OESTE;805.347
2025-08-30 16:00:00;NORTE;SUDESTE/CENTRO-OESTE;525.157
2025-08-30 17:00:00;NORTE;SUDESTE/CENTRO-OESTE;1017.698
2025-08-30 18:00:00;NORTE;SUDESTE/CENTRO-OESTE;2654.314
2025-08-30 19:00:00;NORTE;SUDESTE/CENTRO-OESTE;1576.439
2025-08-30 20:00:00;NORTE;SUDESTE/CENTRO-OESTE;1140.662
2025-08-30 21:00:00;NORTE;SUDESTE/CENTRO-OESTE;1074.155
2025-08-30 22:00:00;NORTE;SUDESTE/CENTRO-OESTE;1002.324
2025-08-30 23:00:00;NORTE;SUDESTE/CENTRO-OESTE;815.6
2025-08-31 00:00:00;NORTE;SUDESTE/CENTRO-OESTE;1132.74
2025-08-31 01:00:00;NORTE;SUDESTE/CENTRO-OESTE;1317.659
2025-08-31 02:00:00;NORTE;SUDESTE/CENTRO-OESTE;1193.644
2025-08-31 03:00:00;NORTE;SUDESTE/CENTRO-OESTE;967.204
2025-08-31 04:00:00;NORTE;SUDESTE/CENTRO-OESTE;1001.521
2025-08-31 05:00:00;NORTE;SUDESTE/CENTRO-OESTE;1133.38899999
2025-08-31 06:00:00;NORTE;SUDESTE/CENTRO-OESTE;1913.389
2025-08-31 07:00:00;NORTE;SUDESTE/CENTRO-OESTE;2034.98
2025-08-31 08:00:00;NORTE;SUDESTE/CENTRO-OESTE;1204.17699999
2025-08-31 09:00:00;NORTE;SUDESTE/CENTRO-OESTE;312.83999999
2025-08-31 10:00:00;NORTE;SUDESTE/CENTRO-OESTE;171.321
2025-08-31 11:00:00;NORTE;SUDESTE/CENTRO-OESTE;197.477
2025-08-31 12:00:00;NORTE;SUDESTE/CENTRO-OESTE;99.524
2025-08-31 13:00:00;NORTE;SUDESTE/CENTRO-OESTE;137.435
2025-08-31 14:00:00;NORTE;SUDESTE/CENTRO-OESTE;262.216
2025-08-31 15:00:00;NORTE;SUDESTE/CENTRO-OESTE;607.844
2025-08-31 16:00:00;NORTE;SUDESTE/CENTRO-OESTE;1006.982
2025-08-31 17:00:00;NORTE;SUDESTE/CENTRO-OESTE;1762.751
2025-08-31 18:00:00;NORTE;SUDESTE/CENTRO-OESTE;3058.86
2025-08-31 19:00:00;NORTE;SUDESTE/CENTRO-OESTE;2218.927
2025-08-31 20:00:00;NORTE;SUDESTE/CENTRO-OESTE;1325.3
2025-08-31 21:00:00;NORTE;SUDESTE/CENTRO-OESTE;1212.42
2025-08-31 22:00:00;NORTE;SUDESTE/CENTRO-OESTE;1088.432
2025-08-31 23:00:00;NORTE;SUDESTE/CENTRO-OESTE;1043.7
2025-09-01 00:00:00;NORTE;SUDESTE/CENTRO-OESTE;900.631
2025-09-01 01:00:00;NORTE;SUDESTE/CENTRO-OESTE;1124.611
2025-09-01 02:00:00;NORTE;SUDESTE/CENTRO-OESTE;1220.858
2025-09-01 03:00:00;NORTE;SUDESTE/CENTRO-OESTE;1414.486
2025-09-01 04:00:00;NORTE;SUDESTE/CENTRO-OESTE;1465.508
2025-09-01 05:00:00;NORTE;SUDESTE/CENTRO-OESTE;1421.427
2025-09-01 06:00:00;NORTE;SUDESTE/CENTRO-OESTE;2338.705
2025-09-01 07:00:00;NORTE;SUDESTE/CENTRO-OESTE;2734.706
2025-09-01 08:00:00;NORTE;SUDESTE/CENTRO-OESTE;2907.906
2025-09-01 09:00:00;NORTE;SUDESTE/CENTRO-OESTE;3205.835
2025-09-01 10:00:00;NORTE;SUDESTE/CENTRO-OESTE;3274.681
2025-09-01 11:00:00;NORTE;SUDESTE/CENTRO-OESTE;3109.086
2025-09-01 12:00:00;NORTE;SUDESTE/CENTRO-OESTE;3018.088
2025-09-01 13:00:00;NORTE;SUDESTE/CENTRO-OESTE;2858.958
2025-09-01 14:00:00;NORTE;SUDESTE/CENTRO-OESTE;2438.824
2025-09-01 15:00:00;NORTE;SUDESTE/CENTRO-OESTE;1882.924
2025-09-01 16:00:00;NORTE;SUDESTE/CENTRO-OESTE;1228.175
2025-09-01 17:00:00;NORTE;SUDESTE/CENTRO-OESTE;1859.655
2025-09-01 18:00:00;NORTE;SUDESTE/CENTRO-OESTE;3587.91
2025-09-01 19:00:00;NORTE;SUDESTE/CENTRO-OESTE;2689.21099999
2025-09-01 20:00:00;NORTE;SUDESTE/CENTRO-OESTE;1939.342
2025-09-01 21:00:00;NORTE;SUDESTE/CENTRO-OESTE;1506.223
2025-09-01 22:00:00;NORTE;SUDESTE/CENTRO-OESTE;1104.621
2025-09-01 23:00:00;NORTE;SUDESTE/CENTRO-OESTE;1212.469
2025-09-02 00:00:00;NORTE;SUDESTE/CENTRO-OESTE;1000.45
2025-09-02 01:00:00;NORTE;SUDESTE/CENTRO-OESTE;1254.03299999
2025-09-02 02:00:00;NORTE;SUDESTE/CENTRO-OESTE;1714.349
2025-09-02 03:00:00;NORTE;SUDESTE/CENTRO-OESTE;2061.52599999
2025-09-02 04:00:00;NORTE;SUDESTE/CENTRO-OESTE;2247.493
2025-09-02 05:00:00;NORTE;SUDESTE/CENTRO-OESTE;2394.198
2025-09-02 06:00:00;NORTE;SUDESTE/CENTRO-OESTE;3004.707
2025-09-02 07:00:00;NORTE;SUDESTE/CENTRO-OESTE;3344.239
2025-09-02 08:00:00;NORTE;SUDESTE/CENTRO-OESTE;3152.734
2025-09-02 09:00:00;NORTE;SUDESTE/CENTRO-OESTE;2677.216
2025-09-02 10:00:00;NORTE;SUDESTE/CENTRO-OESTE;2610.029
2025-09-02 11:00:00;NORTE;SUDESTE/CENTRO-OESTE;2707.17299999
2025-09-02 12:00:00;NORTE;SUDESTE/CENTRO-OESTE;2384.549
2025-09-02 13:00:00;NORTE;SUDESTE/CENTRO-OESTE;2589.991
2025-09-02 14:00:00;NORTE;SUDESTE/CENTRO-OESTE;2497.28
2025-09-02 15:00:00;NORTE;SUDESTE/CENTRO-OESTE;2384.493
2025-09-02 16:00:00;NORTE;SUDESTE/CENTRO-OESTE;1954.124
2025-09-02 17:00:00;NORTE;SUDESTE/CENTRO-OESTE;2273.755
2025-09-02 18:00:00;NORTE;SUDESTE/CENTRO-OESTE;3781.889
2025-09-02 19:00:00;NORTE;SUDESTE/CENTRO-OESTE;3112.369
2025-09-02 20:00:00;NORTE;SUDESTE/CENTRO-OESTE;2200.79799999
2025-09-02 21:00:00;NORTE;SUDESTE/CENTRO-OESTE;1397.39
2025-09-02 22:00:00;NORTE;SUDESTE/CENTRO-OESTE;915.868
2025-09-02 23:00:00;NORTE;SUDESTE/CENTRO-OESTE;895.522
2025-09-03 00:00:00;NORTE;SUDESTE/CENTRO-OESTE;1413.416
2025-09-03 01:00:00;NORTE;SUDESTE/CENTRO-OESTE;1548.071
2025-09-03 02:00:00;NORTE;SUDESTE/CENTRO-OESTE;1685.917
2025-09-03 03:00:00;NORTE;SUDESTE/CENTRO-OESTE;1772.333
2025-09-03 04:00:00;NORTE;SUDESTE/CENTRO-OESTE;1881.734
2025-09-03 05:00:00;NORTE;SUDESTE/CENTRO-OESTE;2264.98
2025-09-03 06:00:00;NORTE;SUDESTE/CENTRO-OESTE;2956.23
2025-09-03 07:00:00;NORTE;SUDESTE/CENTRO-OESTE;3543.383
2025-09-03 08:00:00;NORTE;SUDESTE/CENTRO-OESTE;3328.449
2025-09-03 09:00:00;NORTE;SUDESTE/CENTRO-OESTE;3236.823
2025-09-03 10:00:00;NORTE;SUDESTE/CENTRO-OESTE;3041.557
2025-09-03 11:00:00;NORTE;SUDESTE/CENTRO-OESTE;2739.587
2025-09-03 12:00:00;NORTE;SUDESTE/CENTRO-OESTE;2364.36
2025-09-03 13:00:00;NORTE;SUDESTE/CENTRO-OESTE;2426.402
2025-09-03 14:00:00;NORTE;SUDESTE/CENTRO-OESTE;2792.093
2025-09-03 15:00:00;NORTE;SUDESTE/CENTRO-OESTE;2652.11499999
2025-09-03 16:00:00;NORTE;SUDESTE/CENTRO-OESTE;1958.212
2025-09-03 17:00:00;NORTE;SUDESTE/CENTRO-OESTE;2617.40299999
2025-09-03 18:00:00;NORTE;SUDESTE/CENTRO-OESTE;4052.95
2025-09-03 19:00:00;NORTE;SUDESTE/CENTRO-OESTE;3246.3
2025-09-03 20:00:00;NORTE;SUDESTE/CENTRO-OESTE;2032.283
2025-09-03 21:00:00;NORTE;SUDESTE/CENTRO-OESTE;1405.517
2025-09-03 22:00:00;NORTE;SUDESTE/CENTRO-OESTE;1349.597
2025-09-03 23:00:00;NORTE;SUDESTE/CENTRO-OESTE;1310.252
2025-09-04 00:00:00;NORTE;SUDESTE/CENTRO-OESTE;1670.251
2025-09-04 01:00:00;NORTE;SUDESTE/CENTRO-OESTE;1788.971
2025-09-04 02:00:00;NORTE;SUDESTE/CENTRO-OESTE;1925.13
2025-09-04 03:00:00;NORTE;SUDESTE/CENTRO-OESTE;2201.068
2025-09-04 04:00:00;NORTE;SUDESTE/CENTRO-OESTE;2131.466
2025-09-04 05:00:00;NORTE;SUDESTE/CENTRO-OESTE;2198.013
2025-09-04 06:00:00;NORTE;SUDESTE/CENTRO-OESTE;2584.13
2025-09-04 07:00:00;NORTE;SUDESTE/CENTRO-OESTE;2398.706
2025-09-04 08:00:00;NORTE;SUDESTE/CENTRO-OESTE;2519.5
2025-09-04 09:00:00;NORTE;SUDESTE/CENTRO-OESTE;2973.765
2025-09-04 10:00:00;NORTE;SUDESTE/CENTRO-OESTE;3334.472
2025-09-04 11:00:00;NORTE;SUDESTE/CENTRO-OESTE;3384.5
2025-09-04 12:00:00;NORTE;SUDESTE/CENTRO-OESTE;3395.389
2025-09-04 13:00:00;NORTE;SUDESTE/CENTRO-OESTE;3265.626
2025-09-04 14:00:00;NORTE;SUDESTE/CENTRO-OESTE;2686.58
2025-09-04 15:00:00;NORTE;SUDESTE/CENTRO-OESTE;2492.004
2025-09-04 16:00:00;NORTE;SUDESTE/CENTRO-OESTE;2222.675
2025-09-04 17:00:00;NORTE;SUDESTE/CENTRO-OESTE;2555.618
2025-09-04 18:00:00;NORTE;SUDESTE/CENTRO-OESTE;3808.325
2025-09-04 19:00:00;NORTE;SUDESTE/CENTRO-OESTE;2900.603
2025-09-04 20:00:00;NORTE;SUDESTE/CENTRO-OESTE;1940.537
2025-09-04 21:00:00;NORTE;SUDESTE/CENTRO-OESTE;1393.228
2025-09-04 22:00:00;NORTE;SUDESTE/CENTRO-OESTE;1062.832
2025-09-04 23:00:00;NORTE;SUDESTE/CENTRO-OESTE;919.96
2025-09-05 00:00:00;NORTE;SUDESTE/CENTRO-OESTE;1104.52
2025-09-05 01:00:00;NORTE;SUDESTE/CENTRO-OESTE;1307.93599999
2025-09-05 02:00:00;NORTE;SUDESTE/CENTRO-OESTE;1587.582
2025-09-05 03:00:00;NORTE;SUDESTE/CENTRO-OESTE;1720.606
2025-09-05 04:00:00;NORTE;SUDESTE/CENTRO-OESTE;1665.326
2025-09-05 05:00:00;NORTE;SUDESTE/CENTRO-OESTE;1889.091
2025-09-05 06:00:00;NORTE;SUDESTE/CENTRO-OESTE;2617.03699999
2025-09-05 07:00:00;NORTE;SUDESTE/CENTRO-OESTE;2839.375
2025-09-05 08:00:00;NORTE;SUDESTE/CENTRO-OESTE;2519.628
2025-09-05 09:00:00;NORTE;SUDESTE/CENTRO-OESTE;2653.386
2025-09-05 10:00:00;NORTE;SUDESTE/CENTRO-OESTE;2682.982
2025-09-05 11:00:00;NORTE;SUDESTE/CENTRO-OESTE;2980.288
2025-09-05 12:00:00;NORTE;SUDESTE/CENTRO-OESTE;2760.311
2025-09-05 13:00:00;NORTE;SUDESTE/CENTRO-OESTE;2755.473
2025-09-05 14:00:00;NORTE;SUDESTE/CENTRO-OESTE;2432.277
2025-09-05 15:00:00;NORTE;SUDESTE/CENTRO-OESTE;2051.69099999
2025-09-05 16:00:00;NORTE;SUDESTE/CENTRO-OESTE;1047.643
2025-09-05 17:00:00;NORTE;SUDESTE/CENTRO-OESTE;1251.788
2025-09-05 18:00:00;NORTE;SUDESTE/CENTRO-OESTE;2729.891
2025-09-05 19:00:00;NORTE;SUDESTE/CENTRO-OESTE;2445.39399999
2025-09-05 20:00:00;NORTE;SUDESTE/CENTRO-OESTE;1366.85999999
2025-09-05 21:00:00;NORTE;SUDESTE/CENTRO-OESTE;1142.156
2025-09-05 22:00:00;NORTE;SUDESTE/CENTRO-OESTE;1128.98
2025-09-05 23:00:00;NORTE;SUDESTE/CENTRO-OESTE;921.786
2025-09-06 00:00:00;NORTE;SUDESTE/CENTRO-OESTE;998.18
2025-09-06 01:00:00;NORTE;SUDESTE/CENTRO-OESTE;1194.479
2025-09-06 02:00:00;NORTE;SUDESTE/CENTRO-OESTE;1462.94
2025-09-06 03:00:00;NORTE;SUDESTE/CENTRO-OESTE;1529.646
2025-09-06 04:00:00;NORTE;SUDESTE/CENTRO-OESTE;1604.592
2025-09-06 05:00:00;NORTE;SUDESTE/CENTRO-OESTE;1667.81
2025-09-06 06:00:00;NORTE;SUDESTE/CENTRO-OESTE;1718.406
2025-09-06 07:00:00;NORTE;SUDESTE/CENTRO-OESTE;2110.091
2025-09-06 08:00:00;NORTE;SUDESTE/CENTRO-OESTE;1889.32
2025-09-06 09:00:00;NORTE;SUDESTE/CENTRO-OESTE;1447.279
2025-09-06 10:00:00;NORTE;SUDESTE/CENTRO-OESTE;1344.625
2025-09-06 11:00:00;NORTE;SUDESTE/CENTRO-OESTE;1196.849
2025-09-06 12:00:00;NORTE;SUDESTE/CENTRO-OESTE;1037.512
2025-09-06 13:00:00;NORTE;SUDESTE/CENTRO-OESTE;954.496
2025-09-06 14:00:00;NORTE;SUDESTE/CENTRO-OESTE;1148.372
2025-09-06 15:00:00;NORTE;SUDESTE/CENTRO-OESTE;1924.809
2025-09-06 16:00:00;NORTE;SUDESTE/CENTRO-OESTE;1139.945
2025-09-06 17:00:00;NORTE;SUDESTE/CENTRO-OESTE;1396.55
2025-09-06 18:00:00;NORTE;SUDESTE/CENTRO-OESTE;3563.366
2025-09-06 19:00:00;NORTE;SUDESTE/CENTRO-OESTE;2730.491
2025-09-06 20:00:00;NORTE;SUDESTE/CENTRO-OESTE;1756.886
2025-09-06 21:00:00;NORTE;SUDESTE/CENTRO-OESTE;1463.803
2025-09-06 22:00:00;NORTE;SUDESTE/CENTRO-OESTE;1273.343
2025-09-06 23:00:00;NORTE;SUDESTE/CENTRO-OESTE;1137.287
2025-09-07 00:00:00;NORTE;SUDESTE/CENTRO-OESTE;1097.28
2025-09-07 01:00:00;NORTE;SUDESTE/CENTRO-OESTE;1242.922
2025-09-07 02:00:00;NORTE;SUDESTE/CENTRO-OESTE;1607.913
2025-09-07 03:00:00;NORTE;SUDESTE/CENTRO-OESTE;1889.437
2025-09-07 04:00:00;NORTE;SUDESTE/CENTRO-OESTE;1889.467
2025-09-07 05:00:00;NORTE;SUDESTE/CENTRO-OESTE;2013.426
2025-09-07 06:00:00;NORTE;SUDESTE/CENTRO-OESTE;2347.252
2025-09-07 07:00:00;NORTE;SUDESTE/CENTRO-OESTE;2062.52599999
2025-09-07 08:00:00;NORTE;SUDESTE/CENTRO-OESTE;1539.952
2025-09-07 09:00:00;NORTE;SUDESTE/CENTRO-OESTE;875.172
2025-09-07 10:00:00;NORTE;SUDESTE/CENTRO-OESTE;646.455
2025-09-07 11:00:00;NORTE;SUDESTE/CENTRO-OESTE;838.069
2025-09-07 12:00:00;NORTE;SUDESTE/CENTRO-OESTE;892.687
2025-09-07 13:00:00;NORTE;SUDESTE/CENTRO-OESTE;786.614
2025-09-07 14:00:00;NORTE;SUDESTE/CENTRO-OESTE;987.594
2025-09-07 15:00:00;NORTE;SUDESTE/CENTRO-OESTE;1225.627
2025-09-07 16:00:00;NORTE;SUDESTE/CENTRO-OESTE;2195.09
2025-09-07 17:00:00;NORTE;SUDESTE/CENTRO-OESTE;3037.411
2025-09-07 18:00:00;NORTE;SUDESTE/CENTRO-OESTE;4392.988
2025-09-07 19:00:00;NORTE;SUDESTE/CENTRO-OESTE;3224.262
2025-09-07 20:00:00;NORTE;SUDESTE/CENTRO-OESTE;1926.207
2025-09-07 21:00:00;NORTE;SUDESTE/CENTRO-OESTE;1498.061
2025-09-07 22:00:00;NORTE;SUDESTE/CENTRO-OESTE;883.094
2025-09-07 23:00:00;NORTE;SUDESTE/CENTRO-OESTE;938.558
2025-09-08 00:00:00;NORTE;SUDESTE/CENTRO-OESTE;1452.369
2025-09-08 01:00:00;NORTE;SUDESTE/CENTRO-OESTE;1473.825
2025-09-08 02:00:00;NORTE;SUDESTE/CENTRO-OESTE;1453.072
2025-09-08 03:00:00;NORTE;SUDESTE/CENTRO-OESTE;1531.241
2025-09-08 04:00:00;NORTE;SUDESTE/CENTRO-OESTE;1619.501
2025-09-08 05:00:00;NORTE;SUDESTE/CENTRO-OESTE;1744.992
2025-09-08 06:00:00;NORTE;SUDESTE/CENTRO-OESTE;2296.51899999
2025-09-08 07:00:00;NORTE;SUDESTE/CENTRO-OESTE;2487.58399999
2025-09-08 08:00:00;NORTE;SUDESTE/CENTRO-OESTE;2606.48999999
2025-09-08 09:00:00;NORTE;SUDESTE/CENTRO-OESTE;2551.118
2025-09-08 10:00:00;NORTE;SUDESTE/CENTRO-OESTE;2765.174
2025-09-08 11:00:00;NORTE;SUDESTE/CENTRO-OESTE;2704.601
2025-09-08 12:00:00;NORTE;SUDESTE/CENTRO-OESTE;2607.391
2025-09-08 13:00:00;NORTE;SUDESTE/CENTRO-OESTE;2606.66
2025-09-08 14:00:00;NORTE;SUDESTE/CENTRO-OESTE;2532.351
2025-09-08 15:00:00;NORTE;SUDESTE/CENTRO-OESTE;2429.415
2025-09-08 16:00:00;NORTE;SUDESTE/CENTRO-OESTE;2325.522
2025-09-08 17:00:00;NORTE;SUDESTE/CENTRO-OESTE;3413.624
2025-09-08 18:00:00;NORTE;SUDESTE/CENTRO-OESTE;4455.31
2025-09-08 19:00:00;NORTE;SUDESTE/CENTRO-OESTE;3602.585
2025-09-08 20:00:00;NORTE;SUDESTE/CENTRO-OESTE;2412.92299999
2025-09-08 21:00:00;NORTE;SUDESTE/CENTRO-OESTE;1676.323
2025-09-08 22:00:00;NORTE;SUDESTE/CENTRO-OESTE;1668.611
2025-09-08 23:00:00;NORTE;SUDESTE/CENTRO-OESTE;1729.249
2025-09-09 00:00:00;NORTE;SUDESTE/CENTRO-OESTE;1768.056
2025-09-09 01:00:00;NORTE;SUDESTE/CENTRO-OESTE;1924.914
2025-09-09 02:00:00;NORTE;SUDESTE/CENTRO-OESTE;2114.45899999
2025-09-09 03:00:00;NORTE;SUDESTE/CENTRO-OESTE;2074.888
2025-09-09 04:00:00;NORTE;SUDESTE/CENTRO-OESTE;2100.411
2025-09-09 05:00:00;NORTE;SUDESTE/CENTRO-OESTE;2351.652
2025-09-09 06:00:00;NORTE;SUDESTE/CENTRO-OESTE;3399.221
2025-09-09 07:00:00;NORTE;SUDESTE/CENTRO-OESTE;3986.825
2025-09-09 08:00:00;NORTE;SUDESTE/CENTRO-OESTE;4065.63
2025-09-09 09:00:00;NORTE;SUDESTE/CENTRO-OESTE;3457.842
2025-09-09 10:00:00;NORTE;SUDESTE/CENTRO-OESTE;3228.974
2025-09-09 11:00:00;NORTE;SUDESTE/CENTRO-OESTE;2911.201
2025-09-09 12:00:00;NORTE;SUDESTE/CENTRO-OESTE;3027.833
2025-09-09 13:00:00;NORTE;SUDESTE/CENTRO-OESTE;3110.743
2025-09-09 14:00:00;NORTE;SUDESTE/CENTRO-OESTE;2723.812
2025-09-09 15:00:00;NORTE;SUDESTE/CENTRO-OESTE;1934.732
2025-09-09 16:00:00;NORTE;SUDESTE/CENTRO-OESTE;1276.131
2025-09-09 17:00:00;NORTE;SUDESTE/CENTRO-OESTE;2764.41
2025-09-09 18:00:00;NORTE;SUDESTE/CENTRO-OESTE;4222.211
2025-09-09 19:00:00;NORTE;SUDESTE/CENTRO-OESTE;3692.632
2025-09-09 20:00:00;NORTE;SUDESTE/CENTRO-OESTE;2022.868
2025-09-09 21:00:00;NORTE;SUDESTE/CENTRO-OESTE;1215.73399999
2025-09-09 22:00:00;NORTE;SUDESTE/CENTRO-OESTE;1012.119
2025-09-09 23:00:00;NORTE;SUDESTE/CENTRO-OESTE;1149.52299999
2025-09-10 00:00:00;NORTE;SUDESTE/CENTRO-OESTE;1562.273
2025-09-10 01:00:00;NORTE;SUDESTE/CENTRO-OESTE;1752.8
2025-09-10 02:00:00;NORTE;SUDESTE/CENTRO-OESTE;1809.486
2025-09-10 03:00:00;NORTE;SUDESTE/CENTRO-OESTE;1850.427
2025-09-10 04:00:00;NORTE;SUDESTE/CENTRO-OESTE;1898.693
2025-09-10 05:00:00;NORTE;SUDESTE/CENTRO-OESTE;1905.819
2025-09-10 06:00:00;NORTE;SUDESTE/CENTRO-OESTE;2935.833
2025-09-10 07:00:00;NORTE;SUDESTE/CENTRO-OESTE;3918.762
2025-09-10 08:00:00;NORTE;SUDESTE/CENTRO-OESTE;3463.69
2025-09-10 09:00:00;NORTE;SUDESTE/CENTRO-OESTE;2569.588
2025-09-10 10:00:00;NORTE;SUDESTE/CENTRO-OESTE;2325.617
2025-09-10 11:00:00;NORTE;SUDESTE/CENTRO-OESTE;2223.609
2025-09-10 12:00:00;NORTE;SUDESTE/CENTRO-OESTE;1924.507
2025-09-10 13:00:00;NORTE;SUDESTE/CENTRO-OESTE;2139.723
2025-09-10 14:00:00;NORTE;SUDESTE/CENTRO-OESTE;2377.41199999
2025-09-10 15:00:00;NORTE;SUDESTE/CENTRO-OESTE;2709.92099999
2025-09-10 16:00:00;NORTE;SUDESTE/CENTRO-OESTE;1716.452
2025-09-10 17:00:00;NORTE;SUDESTE/CENTRO-OESTE;2594.013
2025-09-10 18:00:00;NORTE;SUDESTE/CENTRO-OESTE;5439.505
2025-09-10 19:00:00;NORTE;SUDESTE/CENTRO-OESTE;5003.363
2025-09-10 20:00:00;NORTE;SUDESTE/CENTRO-OESTE;2632.15
2025-09-10 21:00:00;NORTE;SUDESTE/CENTRO-OESTE;1607.171
2025-09-10 22:00:00;NORTE;SUDESTE/CENTRO-OESTE;1296.416
2025-09-10 23:00:00;NORTE;SUDESTE/CENTRO-OESTE;669.125
2025-09-11 00:00:00;NORTE;SUDESTE/CENTRO-OESTE;503.49
2025-09-11 01:00:00;NORTE;SUDESTE/CENTRO-OESTE;654.868
2025-09-11 02:00:00;NORTE;SUDESTE/CENTRO-OESTE;989.205
2025-09-11 03:00:00;NORTE;SUDESTE/CENTRO-OESTE;1305.613
2025-09-11 04:00:00;NORTE;SUDESTE/CENTRO-OESTE;1547.422
2025-09-11 05:00:00;NORTE;SUDESTE/CENTRO-OESTE;1934.599
2025-09-11 06:00:00;NORTE;SUDESTE/CENTRO-OESTE;3082.793
2025-09-11 07:00:00;NORTE;SUDESTE/CENTRO-OESTE;3444.297
2025-09-11 08:00:00;NORTE;SUDESTE/CENTRO-OESTE;3671.514
2025-09-11 09:00:00;NORTE;SUDESTE/CENTRO-OESTE;3475.516
2025-09-11 10:00:00;NORTE;SUDESTE/CENTRO-OESTE;3105.472
2025-09-11 11:00:00;NORTE;SUDESTE/CENTRO-OESTE;2894.977
2025-09-11 12:00:00;NORTE;SUDESTE/CENTRO-OESTE;2559.676
2025-09-11 13:00:00;NORTE;SUDESTE/CENTRO-OESTE;2408.878
2025-09-11 14:00:00;NORTE;SUDESTE/CENTRO-OESTE;2377.464
2025-09-11 15:00:00;NORTE;SUDESTE/CENTRO-OESTE;2157.006
2025-09-11 16:00:00;NORTE;SUDESTE/CENTRO-OESTE;1409.386
2025-09-11 17:00:00;NORTE;SUDESTE/CENTRO-OESTE;1830.765
2025-09-11 18:00:00;NORTE;SUDESTE/CENTRO-OESTE;2827.75
2025-09-11 19:00:00;NORTE;SUDESTE/CENTRO-OESTE;2325.13
2025-09-11 20:00:00;NORTE;SUDESTE/CENTRO-OESTE;1497.514
2025-09-11 21:00:00;NORTE;SUDESTE/CENTRO-OESTE;1273.904
2025-09-11 22:00:00;NORTE;SUDESTE/CENTRO-OESTE;957.437
2025-09-11 23:00:00;NORTE;SUDESTE/CENTRO-OESTE;924.951
2025-09-12 00:00:00;NORTE;SUDESTE/CENTRO-OESTE;1097.77
2025-09-12 01:00:00;NORTE;SUDESTE/CENTRO-OESTE;1505.069
2025-09-12 02:00:00;NORTE;SUDESTE/CENTRO-OESTE;1856.779
2025-09-12 03:00:00;NORTE;SUDESTE/CENTRO-OESTE;2010.667
2025-09-12 04:00:00;NORTE;SUDESTE/CENTRO-OESTE;2038.755
2025-09-12 05:00:00;NORTE;SUDESTE/CENTRO-OESTE;2450.763
2025-09-12 06:00:00;NORTE;SUDESTE/CENTRO-OESTE;3333.624
2025-09-12 07:00:00;NORTE;SUDESTE/CENTRO-OESTE;3893.607
2025-09-12 08:00:00;NORTE;SUDESTE/CENTRO-OESTE;3439.546
2025-09-12 09:00:00;NORTE;SUDESTE/CENTRO-OESTE;3086.708
2025-09-12 10:00:00;NORTE;SUDESTE/CENTRO-OESTE;2621.552
2025-09-12 11:00:00;NORTE;SUDESTE/CENTRO-OESTE;2448.51899999
2025-09-12 12:00:00;NORTE;SUDESTE/CENTRO-OESTE;2013.598
2025-09-12 13:00:00;NORTE;SUDESTE/CENTRO-OESTE;2110.268
2025-09-12 14:00:00;NORTE;SUDESTE/CENTRO-OESTE;2173.42299999
2025-09-12 15:00:00;NORTE;SUDESTE/CENTRO-OESTE;2031.071
2025-09-12 16:00:00;NORTE;SUDESTE/CENTRO-OESTE;874.21
2025-09-12 17:00:00;NORTE;SUDESTE/CENTRO-OESTE;1516.735
2025-09-12 18:00:00;NORTE;SUDESTE/CENTRO-OESTE;3568.88
2025-09-12 19:00:00;NORTE;SUDESTE/CENTRO-OESTE;3105.419
2025-09-12 20:00:00;NORTE;SUDESTE/CENTRO-OESTE;1680.381
2025-09-12 21:00:00;NORTE;SUDESTE/CENTRO-OESTE;1130.012
2025-09-12 22:00:00;NORTE;SUDESTE/CENTRO-OESTE;1161.672
2025-09-12 23:00:00;NORTE;SUDESTE/CENTRO-OESTE;1361.372
2025-09-13 00:00:00;NORTE;SUDESTE/CENTRO-OESTE;1328.522
2025-09-13 01:00:00;NORTE;SUDESTE/CENTRO-OESTE;1278.02399999
2025-09-13 02:00:00;NORTE;SUDESTE/CENTRO-OESTE;1343.691
2025-09-13 03:00:00;NORTE;SUDESTE/CENTRO-OESTE;1399.611
2025-09-13 04:00:00;NORTE;SUDESTE/CENTRO-OESTE;1394.672
2025-09-13 05:00:00;NORTE;SUDESTE/CENTRO-OESTE;1692.87
2025-09-13 06:00:00;NORTE;SUDESTE/CENTRO-OESTE;2811.157
2025-09-13 07:00:00;NORTE;SUDESTE/CENTRO-OESTE;3710.694
2025-09-13 08:00:00;NORTE;SUDESTE/CENTRO-OESTE;2551.539
2025-09-13 09:00:00;NORTE;SUDESTE/CENTRO-OESTE;1931.98
2025-09-13 10:00:00;NORTE;SUDESTE/CENTRO-OESTE;1066.306
2025-09-13 11:00:00;NORTE;SUDESTE/CENTRO-OESTE;872.57
2025-09-13 12:00:00;NORTE;SUDESTE/CENTRO-OESTE;1043.107
2025-09-13 13:00:00;NORTE;SUDESTE/CENTRO-OESTE;1087.031
2025-09-13 14:00:00;NORTE;SUDESTE/CENTRO-OESTE;1399.536
2025-09-13 15:00:00;NORTE;SUDESTE/CENTRO-OESTE;1756.421
2025-09-13 16:00:00;NORTE;SUDESTE/CENTRO-OESTE;1180.13799999
2025-09-13 17:00:00;NORTE;SUDESTE/CENTRO-OESTE;1578.14
2025-09-13 18:00:00;NORTE;SUDESTE/CENTRO-OESTE;3603.137
2025-09-13 19:00:00;NORTE;SUDESTE/CENTRO-OESTE;2918.65
2025-09-13 20:00:00;NORTE;SUDESTE/CENTRO-OESTE;1009.418
2025-09-13 21:00:00;NORTE;SUDESTE/CENTRO-OESTE;1085.265
2025-09-13 22:00:00;NORTE;SUDESTE/CENTRO-OESTE;1161.326
2025-09-13 23:00:00;NORTE;SUDESTE/CENTRO-OESTE;1021.743
2025-09-14 00:00:00;NORTE;SUDESTE/CENTRO-OESTE;1165.016
2025-09-14 01:00:00;NORTE;SUDESTE/CENTRO-OESTE;1319.131
2025-09-14 02:00:00;NORTE;SUDESTE/CENTRO-OESTE;1622.545
2025-09-14 03:00:00;NORTE;SUDESTE/CENTRO-OESTE;1930.104
2025-09-14 04:00:00;NORTE;SUDESTE/CENTRO-OESTE;2092.964
2025-09-14 05:00:00;NORTE;SUDESTE/CENTRO-OESTE;2410.48
2025-09-14 06:00:00;NORTE;SUDESTE/CENTRO-OESTE;2798.034
2025-09-14 07:00:00;NORTE;SUDESTE/CENTRO-OESTE;2334.792
2025-09-14 08:00:00;NORTE;SUDESTE/CENTRO-OESTE;1476.874
2025-09-14 09:00:00;NORTE;SUDESTE/CENTRO-OESTE;1030.949
2025-09-14 10:00:00;NORTE;SUDESTE/CENTRO-OESTE;784.595
2025-09-14 11:00:00;NORTE;SUDESTE/CENTRO-OESTE;854.163
2025-09-14 12:00:00;NORTE;SUDESTE/CENTRO-OESTE;826.159
2025-09-14 13:00:00;NORTE;SUDESTE/CENTRO-OESTE;699.889
2025-09-14 14:00:00;NORTE;SUDESTE/CENTRO-OESTE;827.885
2025-09-14 15:00:00;NORTE;SUDESTE/CENTRO-OESTE;1176.511
2025-09-14 16:00:00;NORTE;SUDESTE/CENTRO-OESTE;1085.35899999
2025-09-14 17:00:00;NORTE;SUDESTE/CENTRO-OESTE;2283.228
2025-09-14 18:00:00;NORTE;SUDESTE/CENTRO-OESTE;3943.511
2025-09-14 19:00:00;NORTE;SUDESTE/CENTRO-OESTE;2795.198
2025-09-14 20:00:00;NORTE;SUDESTE/CENTRO-OESTE;1658.631
2025-09-14 21:00:00;NORTE;SUDESTE/CENTRO-OESTE;1204.278
2025-09-14 22:00:00;NORTE;SUDESTE/CENTRO-OESTE;1132.203
2025-09-14 23:00:00;NORTE;SUDESTE/CENTRO-OESTE;1055.836
2025-09-15 00:00:00;NORTE;SUDESTE/CENTRO-OESTE;906.151
2025-09-15 01:00:00;NORTE;SUDESTE/CENTRO-OESTE;1090.541
2025-09-15 02:00:00;NORTE;SUDESTE/CENTRO-OESTE;1320.48
2025-09-15 03:00:00;NORTE;SUDESTE/CENTRO-OESTE;1354.209
2025-09-15 04:00:00;NORTE;SUDESTE/CENTRO-OESTE;1362.728
2025-09-15 05:00:00;NORTE;SUDESTE/CENTRO-OESTE;1570.653
2025-09-15 06:00:00;NORTE;SUDESTE/CENTRO-OESTE;2826.651
2025-09-15 07:00:00;NORTE;SUDESTE/CENTRO-OESTE;3210.016
2025-09-15 08:00:00;NORTE;SUDESTE/CENTRO-OESTE;2924.44
2025-09-15 09:00:00;NORTE;SUDESTE/CENTRO-OESTE;2235.022
2025-09-15 10:00:00;NORTE;SUDESTE/CENTRO-OESTE;2053.041
2025-09-15 11:00:00;NORTE;SUDESTE/CENTRO-OESTE;2358.143
2025-09-15 12:00:00;NORTE;SUDESTE/CENTRO-OESTE;2082.349
2025-09-15 13:00:00;NORTE;SUDESTE/CENTRO-OESTE;2095.208
2025-09-15 14:00:00;NORTE;SUDESTE/CENTRO-OESTE;2178.362
2025-09-15 15:00:00;NORTE;SUDESTE/CENTRO-OESTE;1921.151
2025-09-15 16:00:00;NORTE;SUDESTE/CENTRO-OESTE;1806.594
2025-09-15 17:00:00;NORTE;SUDESTE/CENTRO-OESTE;2597.443
2025-09-15 18:00:00;NORTE;SUDESTE/CENTRO-OESTE;4104.778
2025-09-15 19:00:00;NORTE;SUDESTE/CENTRO-OESTE;2987.541
2025-09-15 20:00:00;NORTE;SUDESTE/CENTRO-OESTE;1844.14
2025-09-15 21:00:00;NORTE;SUDESTE/CENTRO-OESTE;1248.76399999
2025-09-15 22:00:00;NORTE;SUDESTE/CENTRO-OESTE;994.686
2025-09-15 23:00:00;NORTE;SUDESTE/CENTRO-OESTE;1133.39899999
2025-09-16 00:00:00;NORTE;SUDESTE/CENTRO-OESTE;1245.916
2025-09-16 01:00:00;NORTE;SUDESTE/CENTRO-OESTE;1302.919
2025-09-16 02:00:00;NORTE;SUDESTE/CENTRO-OESTE;1458.653
2025-09-16 03:00:00;NORTE;SUDESTE/CENTRO-OESTE;1640.245
2025-09-16 04:00:00;NORTE;SUDESTE/CENTRO-OESTE;1656.632
2025-09-16 05:00:00;NORTE;SUDESTE/CENTRO-OESTE;1731.398
2025-09-16 06:00:00;NORTE;SUDESTE/CENTRO-OESTE;2855.438
2025-09-16 07:00:00;NORTE;SUDESTE/CENTRO-OESTE;3641.655
2025-09-16 08:00:00;NORTE;SUDESTE/CENTRO-OESTE;3594.759
2025-09-16 09:00:00;NORTE;SUDESTE/CENTRO-OESTE;3554.111
2025-09-16 10:00:00;NORTE;SUDESTE/CENTRO-OESTE;3470.582
2025-09-16 11:00:00;NORTE;SUDESTE/CENTRO-OESTE;3278.267
2025-09-16 12:00:00;NORTE;SUDESTE/CENTRO-OESTE;2585.994
2025-09-16 13:00:00;NORTE;SUDESTE/CENTRO-OESTE;2404.094
2025-09-16 14:00:00;NORTE;SUDESTE/CENTRO-OESTE;1799.387
2025-09-16 15:00:00;NORTE;SUDESTE/CENTRO-OESTE;1923.817
2025-09-16 16:00:00;NORTE;SUDESTE/CENTRO-OESTE;1270.727
2025-09-16 17:00:00;NORTE;SUDESTE/CENTRO-OESTE;1838.164
2025-09-16 18:00:00;NORTE;SUDESTE/CENTRO-OESTE;3595.942
2025-09-16 19:00:00;NORTE;SUDESTE/CENTRO-OESTE;2563.411
2025-09-16 20:00:00;NORTE;SUDESTE/CENTRO-OESTE;1748.589
2025-09-16 21:00:00;NORTE;SUDESTE/CENTRO-OESTE;1041.084
2025-09-16 22:00:00;NORTE;SUDESTE/CENTRO-OESTE;622.326
2025-09-16 23:00:00;NORTE;SUDESTE/CENTRO-OESTE;531.42999999
2025-09-17 00:00:00;NORTE;SUDESTE/CENTRO-OESTE;308.147
2025-09-17 01:00:00;NORTE;SUDESTE/CENTRO-OESTE;668.596
2025-09-17 02:00:00;NORTE;SUDESTE/CENTRO-OESTE;885.648
2025-09-17 03:00:00;NORTE;SUDESTE/CENTRO-OESTE;992.623
2025-09-17 04:00:00;NORTE;SUDESTE/CENTRO-OESTE;1077.18599999
2025-09-17 05:00:00;NORTE;SUDESTE/CENTRO-OESTE;1318.767
2025-09-17 06:00:00;NORTE;SUDESTE/CENTRO-OESTE;2593.42099999
2025-09-17 07:00:00;NORTE;SUDESTE/CENTRO-OESTE;3256.267
2025-09-17 08:00:00;NORTE;SUDESTE/CENTRO-OESTE;2995.1
2025-09-17 09:00:00;NORTE;SUDESTE/CENTRO-OESTE;3058.45
2025-09-17 10:00:00;NORTE;SUDESTE/CENTRO-OESTE;2661.832
2025-09-17 11:00:00;NORTE;SUDESTE/CENTRO-OESTE;2353.378
2025-09-17 12:00:00;NORTE;SUDESTE/CENTRO-OESTE;1876.649
2025-09-17 13:00:00;NORTE;SUDESTE/CENTRO-OESTE;1336.241
2025-09-17 14:00:00;NORTE;SUDESTE/CENTRO-OESTE;1001.189
2025-09-17 15:00:00;NORTE;SUDESTE/CENTRO-OESTE;1484.219
2025-09-17 16:00:00;NORTE;SUDESTE/CENTRO-OESTE;640.206
2025-09-17 17:00:00;NORTE;SUDESTE/CENTRO-OESTE;1493.606
2025-09-17 18:00:00;NORTE;SUDESTE/CENTRO-OESTE;3510.217
2025-09-17 19:00:00;NORTE;SUDESTE/CENTRO-OESTE;3372.653
2025-09-17 20:00:00;NORTE;SUDESTE/CENTRO-OESTE;1755.74
2025-09-17 21:00:00;NORTE;SUDESTE/CENTRO-OESTE;755.557
2025-09-17 22:00:00;NORTE;SUDESTE/CENTRO-OESTE;520.744
2025-09-17 23:00:00;NORTE;SUDESTE/CENTRO-OESTE;472.014
2025-09-18 00:00:00;NORTE;SUDESTE/CENTRO-OESTE;594.371
2025-09-18 01:00:00;NORTE;SUDESTE/CENTRO-OESTE;638.086
2025-09-18 02:00:00;NORTE;SUDESTE/CENTRO-OESTE;881.518
2025-09-18 03:00:00;NORTE;SUDESTE/CENTRO-OESTE;1068.951
2025-09-18 04:00:00;NORTE;SUDESTE/CENTRO-OESTE;1184.688
2025-09-18 05:00:00;NORTE;SUDESTE/CENTRO-OESTE;1466.965
2025-09-18 06:00:00;NORTE;SUDESTE/CENTRO-OESTE;2679.748
2025-09-18 07:00:00;NORTE;SUDESTE/CENTRO-OESTE;3509.736
2025-09-18 08:00:00;NORTE;SUDESTE/CENTRO-OESTE;3476.265
2025-09-18 09:00:00;NORTE;SUDESTE/CENTRO-OESTE;3513.597
2025-09-18 10:00:00;NORTE;SUDESTE/CENTRO-OESTE;3166.056
2025-09-18 11:00:00;NORTE;SUDESTE/CENTRO-OESTE;2886.57
2025-09-18 12:00:00;NORTE;SUDESTE/CENTRO-OESTE;2049.924
2025-09-18 13:00:00;NORTE;SUDESTE/CENTRO-OESTE;2435.27
2025-09-18 14:00:00;NORTE;SUDESTE/CENTRO-OESTE;2398.155
2025-09-18 15:00:00;NORTE;SUDESTE/CENTRO-OESTE;1670.714
2025-09-18 16:00:00;NORTE;SUDESTE/CENTRO-OESTE;759.648
2025-09-18 17:00:00;NORTE;SUDESTE/CENTRO-OESTE;2224.98
2025-09-18 18:00:00;NORTE;SUDESTE/CENTRO-OESTE;3710.31
2025-09-18 19:00:00;NORTE;SUDESTE/CENTRO-OESTE;3093.715
2025-09-18 20:00:00;NORTE;SUDESTE/CENTRO-OESTE;1758.107
2025-09-18 21:00:00;NORTE;SUDESTE/CENTRO-OESTE;1272.961
2025-09-18 22:00:00;NORTE;SUDESTE/CENTRO-OESTE;1233.865
2025-09-18 23:00:00;NORTE;SUDESTE/CENTRO-OESTE;1629.81
2025-09-19 00:00:00;NORTE;SUDESTE/CENTRO-OESTE;1899.674
2025-09-19 01:00:00;NORTE;SUDESTE/CENTRO-OESTE;1926.808
2025-09-19 02:00:00;NORTE;SUDESTE/CENTRO-OESTE;2151.428
2025-09-19 03:00:00;NORTE;SUDESTE/CENTRO-OESTE;2071.388
2025-09-19 04:00:00;NORTE;SUDESTE/CENTRO-OESTE;1924.845
2025-09-19 05:00:00;NORTE;SUDESTE/CENTRO-OESTE;2222.873
2025-09-19 06:00:00;NORTE;SUDESTE/CENTRO-OESTE;2864.537
2025-09-19 07:00:00;NORTE;SUDESTE/CENTRO-OESTE;3885.531
2025-09-19 08:00:00;NORTE;SUDESTE/CENTRO-OESTE;3330.841
2025-09-19 09:00:00;NORTE;SUDESTE/CENTRO-OESTE;3338.951
2025-09-19 10:00:00;NORTE;SUDESTE/CENTRO-OESTE;3510.988
2025-09-19 11:00:00;NORTE;SUDESTE/CENTRO-OESTE;3290.181
2025-09-19 12:00:00;NORTE;SUDESTE/CENTRO-OESTE;3010.015
2025-09-19 13:00:00;NORTE;SUDESTE/CENTRO-OESTE;3055.639
2025-09-19 14:00:00;NORTE;SUDESTE/CENTRO-OESTE;2421.839
2025-09-19 15:00:00;NORTE;SUDESTE/CENTRO-OESTE;1884.616
2025-09-19 16:00:00;NORTE;SUDESTE/CENTRO-OESTE;1705.644
2025-09-19 17:00:00;NORTE;SUDESTE/CENTRO-OESTE;2658.351
2025-09-19 18:00:00;NORTE;SUDESTE/CENTRO-OESTE;4789.095
2025-09-19 19:00:00;NORTE;SUDESTE/CENTRO-OESTE;3682.901
2025-09-19 20:00:00;NORTE;SUDESTE/CENTRO-OESTE;2356.37
2025-09-19 21:00:00;NORTE;SUDESTE/CENTRO-OESTE;2026.353
2025-09-19 22:00:00;NORTE;SUDESTE/CENTRO-OESTE;1583.673
2025-09-19 23:00:00;NORTE;SUDESTE/CENTRO-OESTE;1390.269
2025-09-20 00:00:00;NORTE;SUDESTE/CENTRO-OESTE;1567.12
2025-09-20 01:00:00;NORTE;SUDESTE/CENTRO-OESTE;1820.348
2025-09-20 02:00:00;NORTE;SUDESTE/CENTRO-OESTE;1983.348
2025-09-20 03:00:00;NORTE;SUDESTE/CENTRO-OESTE;2005.267
2025-09-20 04:00:00;NORTE;SUDESTE/CENTRO-OESTE;2063.265
2025-09-20 05:00:00;NORTE;SUDESTE/CENTRO-OESTE;2380.94
2025-09-20 06:00:00;NORTE;SUDESTE/CENTRO-OESTE;2930.2
2025-09-20 07:00:00;NORTE;SUDESTE/CENTRO-OESTE;3202.213
2025-09-20 08:00:00;NORTE;SUDESTE/CENTRO-OESTE;2913.314
2025-09-20 09:00:00;NORTE;SUDESTE/CENTRO-OESTE;2266.27599999
2025-09-20 10:00:00;NORTE;SUDESTE/CENTRO-OESTE;1541.799
2025-09-20 11:00:00;NORTE;SUDESTE/CENTRO-OESTE;1579.918
2025-09-20 12:00:00;NORTE;SUDESTE/CENTRO-OESTE;1343.776
2025-09-20 13:00:00;NORTE;SUDESTE/CENTRO-OESTE;1539.848
2025-09-20 14:00:00;NORTE;SUDESTE/CENTRO-OESTE;1845.875
2025-09-20 15:00:00;NORTE;SUDESTE/CENTRO-OESTE;2513.823
2025-09-20 16:00:00;NORTE;SUDESTE/CENTRO-OESTE;1859.045
2025-09-20 17:00:00;NORTE;SUDESTE/CENTRO-OESTE;1884.923
2025-09-20 18:00:00;NORTE;SUDESTE/CENTRO-OESTE;3029.83
2025-09-20 19:00:00;NORTE;SUDESTE/CENTRO-OESTE;3676.825
2025-09-20 20:00:00;NORTE;SUDESTE/CENTRO-OESTE;2227.898
2025-09-20 21:00:00;NORTE;SUDESTE/CENTRO-OESTE;1775.233
2025-09-20 22:00:00;NORTE;SUDESTE/CENTRO-OESTE;1882.895
2025-09-20 23:00:00;NORTE;SUDESTE/CENTRO-OESTE;1642.485
2025-09-21 00:00:00;NORTE;SUDESTE/CENTRO-OESTE;1914.136
2025-09-21 01:00:00;NORTE;SUDESTE/CENTRO-OESTE;1971.968
2025-09-21 02:00:00;NORTE;SUDESTE/CENTRO-OESTE;2045.967
2025-09-21 03:00:00;NORTE;SUDESTE/CENTRO-OESTE;2053.277
2025-09-21 04:00:00;NORTE;SUDESTE/CENTRO-OESTE;2055.342
2025-09-21 05:00:00;NORTE;SUDESTE/CENTRO-OESTE;2201.84499999
2025-09-21 06:00:00;NORTE;SUDESTE/CENTRO-OESTE;2492.292
2025-09-21 07:00:00;NORTE;SUDESTE/CENTRO-OESTE;2869.517
2025-09-21 08:00:00;NORTE;SUDESTE/CENTRO-OESTE;2138.004
2025-09-21 09:00:00;NORTE;SUDESTE/CENTRO-OESTE;1162.333
2025-09-21 10:00:00;NORTE;SUDESTE/CENTRO-OESTE;968.832
2025-09-21 11:00:00;NORTE;SUDESTE/CENTRO-OESTE;1012.316
2025-09-21 12:00:00;NORTE;SUDESTE/CENTRO-OESTE;991.406
2025-09-21 13:00:00;NORTE;SUDESTE/CENTRO-OESTE;998.578
2025-09-21 14:00:00;NORTE;SUDESTE/CENTRO-OESTE;1708.538
2025-09-21 15:00:00;NORTE;SUDESTE/CENTRO-OESTE;2087.966
2025-09-21 16:00:00;NORTE;SUDESTE/CENTRO-OESTE;1416.055
2025-09-21 17:00:00;NORTE;SUDESTE/CENTRO-OESTE;1853.337
2025-09-21 18:00:00;NORTE;SUDESTE/CENTRO-OESTE;3756.848
2025-09-21 19:00:00;NORTE;SUDESTE/CENTRO-OESTE;3179.786
2025-09-21 20:00:00;NORTE;SUDESTE/CENTRO-OESTE;2195.818
2025-09-21 21:00:00;NORTE;SUDESTE/CENTRO-OESTE;2007.172
2025-09-21 22:00:00;NORTE;SUDESTE/CENTRO-OESTE;1716.242
2025-09-21 23:00:00;NORTE;SUDESTE/CENTRO-OESTE;1749.072
2025-09-22 00:00:00;NORTE;SUDESTE/CENTRO-OESTE;1825.169
2025-09-22 01:00:00;NORTE;SUDESTE/CENTRO-OESTE;1936.231
2025-09-22 02:00:00;NORTE;SUDESTE/CENTRO-OESTE;2119.596
2025-09-22 03:00:00;NORTE;SUDESTE/CENTRO-OESTE;2239.038
2025-09-22 04:00:00;NORTE;SUDESTE/CENTRO-OESTE;2248.608
2025-09-22 05:00:00;NORTE;SUDESTE/CENTRO-OESTE;2364.192
2025-09-22 06:00:00;NORTE;SUDESTE/CENTRO-OESTE;2621.065
2025-09-22 07:00:00;NORTE;SUDESTE/CENTRO-OESTE;2969.199
2025-09-22 08:00:00;NORTE;SUDESTE/CENTRO-OESTE;3663.642
2025-09-22 09:00:00;NORTE;SUDESTE/CENTRO-OESTE;3594.091
2025-09-22 10:00:00;NORTE;SUDESTE/CENTRO-OESTE;3690.495
2025-09-22 11:00:00;NORTE;SUDESTE/CENTRO-OESTE;3579.307
2025-09-22 12:00:00;NORTE;SUDESTE/CENTRO-OESTE;3463.409
2025-09-22 13:00:00;NORTE;SUDESTE/CENTRO-OESTE;3239.075
2025-09-22 14:00:00;NORTE;SUDESTE/CENTRO-OESTE;2913.324
2025-09-22 15:00:00;NORTE;SUDESTE/CENTRO-OESTE;2508.064
2025-09-22 16:00:00;NORTE;SUDESTE/CENTRO-OESTE;1514.607
2025-09-22 17:00:00;NORTE;SUDESTE/CENTRO-OESTE;1824.948
2025-09-22 18:00:00;NORTE;SUDESTE/CENTRO-OESTE;3382.821
2025-09-22 19:00:00;NORTE;SUDESTE/CENTRO-OESTE;3542.784
2025-09-22 20:00:00;NORTE;SUDESTE/CENTRO-OESTE;2637.743
2025-09-22 21:00:00;NORTE;SUDESTE/CENTRO-OESTE;1605.333
2025-09-22 22:00:00;NORTE;SUDESTE/CENTRO-OESTE;577.868
2025-09-22 23:00:00;NORTE;SUDESTE/CENTRO-OESTE;437.344
2025-09-23 00:00:00;NORTE;SUDESTE/CENTRO-OESTE;438.343
2025-09-23 01:00:00;NORTE;SUDESTE/CENTRO-OESTE;417.877
2025-09-23 02:00:00;NORTE;SUDESTE/CENTRO-OESTE;622.244
2025-09-23 03:00:00;NORTE;SUDESTE/CENTRO-OESTE;816.081
2025-09-23 04:00:00;NORTE;SUDESTE/CENTRO-OESTE;982.121
2025-09-23 05:00:00;NORTE;SUDESTE/CENTRO-OESTE;1413.678
2025-09-23 06:00:00;NORTE;SUDESTE/CENTRO-OESTE;2387.897
2025-09-23 07:00:00;NORTE;SUDESTE/CENTRO-OESTE;2685.77
2025-09-23 08:00:00;NORTE;SUDESTE/CENTRO-OESTE;2865.748
2025-09-23 09:00:00;NORTE;SUDESTE/CENTRO-OESTE;2476.818
2025-09-23 10:00:00;NORTE;SUDESTE/CENTRO-OESTE;2167.395
2025-09-23 11:00:00;NORTE;SUDESTE/CENTRO-OESTE;1988.807
2025-09-23 12:00:00;NORTE;SUDESTE/CENTRO-OESTE;1615.528
2025-09-23 13:00:00;NORTE;SUDESTE/CENTRO-OESTE;1520.81
2025-09-23 14:00:00;NORTE;SUDESTE/CENTRO-OESTE;1312.695
2025-09-23 15:00:00;NORTE;SUDESTE/CENTRO-OESTE;1347.289
2025-09-23 16:00:00;NORTE;SUDESTE/CENTRO-OESTE;1320.761
2025-09-23 17:00:00;NORTE;SUDESTE/CENTRO-OESTE;2044.308
2025-09-23 18:00:00;NORTE;SUDESTE/CENTRO-OESTE;3973.162
2025-09-23 19:00:00;NORTE;SUDESTE/CENTRO-OESTE;3017.692
2025-09-23 20:00:00;NORTE;SUDESTE/CENTRO-OESTE;1701.39
2025-09-23 21:00:00;NORTE;SUDESTE/CENTRO-OESTE;1467.869
2025-09-23 22:00:00;NORTE;SUDESTE/CENTRO-OESTE;1418.445
2025-09-23 23:00:00;NORTE;SUDESTE/CENTRO-OESTE;1448.402
2025-09-24 00:00:00;NORTE;SUDESTE/CENTRO-OESTE;1454.532
2025-09-24 01:00:00;NORTE;SUDESTE/CENTRO-OESTE;1530.296
2025-09-24 02:00:00;NORTE;SUDESTE/CENTRO-OESTE;1667.077
2025-09-24 03:00:00;NORTE;SUDESTE/CENTRO-OESTE;1641.519
2025-09-24 04:00:00;NORTE;SUDESTE/CENTRO-OESTE;1591.912
2025-09-24 05:00:00;NORTE;SUDESTE/CENTRO-OESTE;1819.887
2025-09-24 06:00:00;NORTE;SUDESTE/CENTRO-OESTE;2866.416
2025-09-24 07:00:00;NORTE;SUDESTE/CENTRO-OESTE;3453.97
2025-09-24 08:00:00;NORTE;SUDESTE/CENTRO-OESTE;3146.841
2025-09-24 09:00:00;NORTE;SUDESTE/CENTRO-OESTE;2676.223
2025-09-24 10:00:00;NORTE;SUDESTE/CENTRO-OESTE;2650.226
2025-09-24 11:00:00;NORTE;SUDESTE/CENTRO-OESTE;2466.568
2025-09-24 12:00:00;NORTE;SUDESTE/CENTRO-OESTE;1850.053
2025-09-24 13:00:00;NORTE;SUDESTE/CENTRO-OESTE;1825.977
2025-09-24 14:00:00;NORTE;SUDESTE/CENTRO-OESTE;1921.794
2025-09-24 15:00:00;NORTE;SUDESTE/CENTRO-OESTE;1969.908
2025-09-24 16:00:00;NORTE;SUDESTE/CENTRO-OESTE;1718.023
2025-09-24 17:00:00;NORTE;SUDESTE/CENTRO-OESTE;2586.914
2025-09-24 18:00:00;NORTE;SUDESTE/CENTRO-OESTE;4396.725
2025-09-24 19:00:00;NORTE;SUDESTE/CENTRO-OESTE;3690.166
2025-09-24 20:00:00;NORTE;SUDESTE/CENTRO-OESTE;2235.29
2025-09-24 21:00:00;NORTE;SUDESTE/CENTRO-OESTE;1450.807
2025-09-24 22:00:00;NORTE;SUDESTE/CENTRO-OESTE;1361.029
2025-09-24 23:00:00;NORTE;SUDESTE/CENTRO-OESTE;1444.907
2025-09-25 00:00:00;NORTE;SUDESTE/CENTRO-OESTE;1337.164
2025-09-25 01:00:00;NORTE;SUDESTE/CENTRO-OESTE;1464.495
2025-09-25 02:00:00;NORTE;SUDESTE/CENTRO-OESTE;1541.046
2025-09-25 03:00:00;NORTE;SUDESTE/CENTRO-OESTE;1468.665
2025-09-25 04:00:00;NORTE;SUDESTE/CENTRO-OESTE;1536.633
2025-09-25 05:00:00;NORTE;SUDESTE/CENTRO-OESTE;1797.246
2025-09-25 06:00:00;NORTE;SUDESTE/CENTRO-OESTE;2839.021
2025-09-25 07:00:00;NORTE;SUDESTE/CENTRO-OESTE;3301.151
2025-09-25 08:00:00;NORTE;SUDESTE/CENTRO-OESTE;2954.327
2025-09-25 09:00:00;NORTE;SUDESTE/CENTRO-OESTE;2839.483
2025-09-25 10:00:00;NORTE;SUDESTE/CENTRO-OESTE;2543.559
2025-09-25 11:00:00;NORTE;SUDESTE/CENTRO-OESTE;2463.982
2025-09-25 12:00:00;NORTE;SUDESTE/CENTRO-OESTE;1898.731
2025-09-25 13:00:00;NORTE;SUDESTE/CENTRO-OESTE;1711.527
2025-09-25 14:00:00;NORTE;SUDESTE/CENTRO-OESTE;1642.617
2025-09-25 15:00:00;NORTE;SUDESTE/CENTRO-OESTE;1437.869
2025-09-25 16:00:00;NORTE;SUDESTE/CENTRO-OESTE;1105.41
2025-09-25 17:00:00;NORTE;SUDESTE/CENTRO-OESTE;1847.447
2025-09-25 18:00:00;NORTE;SUDESTE/CENTRO-OESTE;3951.707
2025-09-25 19:00:00;NORTE;SUDESTE/CENTRO-OESTE;3273.308
2025-09-25 20:00:00;NORTE;SUDESTE/CENTRO-OESTE;1975.197
2025-09-25 21:00:00;NORTE;SUDESTE/CENTRO-OESTE;835.464
2025-09-25 22:00:00;NORTE;SUDESTE/CENTRO-OESTE;339.69799999
2025-09-25 23:00:00;NORTE;SUDESTE/CENTRO-OESTE;289.35899999
2025-09-26 00:00:00;NORTE;SUDESTE/CENTRO-OESTE;386.285
2025-09-26 01:00:00;NORTE;SUDESTE/CENTRO-OESTE;315.374
2025-09-26 02:00:00;NORTE;SUDESTE/CENTRO-OESTE;479.72
2025-09-26 03:00:00;NORTE;SUDESTE/CENTRO-OESTE;821.904
2025-09-26 04:00:00;NORTE;SUDESTE/CENTRO-OESTE;982.504
2025-09-26 05:00:00;NORTE;SUDESTE/CENTRO-OESTE;1492.47
2025-09-26 06:00:00;NORTE;SUDESTE/CENTRO-OESTE;2602.706
2025-09-26 07:00:00;NORTE;SUDESTE/CENTRO-OESTE;2914.189
2025-09-26 08:00:00;NORTE;SUDESTE/CENTRO-OESTE;2260.721
2025-09-26 09:00:00;NORTE;SUDESTE/CENTRO-OESTE;1345.163
2025-09-26 10:00:00;NORTE;SUDESTE/CENTRO-OESTE;896.445
2025-09-26 11:00:00;NORTE;SUDESTE/CENTRO-OESTE;783.552
2025-09-26 12:00:00;NORTE;SUDESTE/CENTRO-OESTE;510.104
2025-09-26 13:00:00;NORTE;SUDESTE/CENTRO-OESTE;484.788
2025-09-26 14:00:00;NORTE;SUDESTE/CENTRO-OESTE;896.678
2025-09-26 15:00:00;NORTE;SUDESTE/CENTRO-OESTE;970.467
2025-09-26 16:00:00;NORTE;SUDESTE/CENTRO-OESTE;294.213
2025-09-26 17:00:00;NORTE;SUDESTE/CENTRO-OESTE;1329.731
2025-09-26 18:00:00;NORTE;SUDESTE/CENTRO-OESTE;2858.417
2025-09-26 19:00:00;NORTE;SUDESTE/CENTRO-OESTE;2035.471
2025-09-26 20:00:00;NORTE;SUDESTE/CENTRO-OESTE;1126.05
2025-09-26 21:00:00;NORTE;SUDESTE/CENTRO-OESTE;896.818
2025-09-26 22:00:00;NORTE;SUDESTE/CENTRO-OESTE;924.758
2025-09-26 23:00:00;NORTE;SUDESTE/CENTRO-OESTE;812.825
2025-09-27 00:00:00;NORTE;SUDESTE/CENTRO-OESTE;945.814
2025-09-27 01:00:00;NORTE;SUDESTE/CENTRO-OESTE;1249.107
2025-09-27 02:00:00;NORTE;SUDESTE/CENTRO-OESTE;1115.10999999
2025-09-27 03:00:00;NORTE;SUDESTE/CENTRO-OESTE;1013.236
2025-09-27 04:00:00;NORTE;SUDESTE/CENTRO-OESTE;979.606
2025-09-27 05:00:00;NORTE;SUDESTE/CENTRO-OESTE;677.298
2025-09-27 06:00:00;NORTE;SUDESTE/CENTRO-OESTE;1136.634
2025-09-27 07:00:00;NORTE;SUDESTE/CENTRO-OESTE;1318.24499999
2025-09-27 08:00:00;NORTE;SUDESTE/CENTRO-OESTE;725.034
2025-09-27 09:00:00;NORTE;SUDESTE/CENTRO-OESTE;207.719
2025-09-27 10:00:00;NORTE;SUDESTE/CENTRO-OESTE;30.653
2025-09-27 11:00:00;NORTE;SUDESTE/CENTRO-OESTE;-33.069
2025-09-27 12:00:00;NORTE;SUDESTE/CENTRO-OESTE;-45.575
2025-09-27 13:00:00;NORTE;SUDESTE/CENTRO-OESTE;-10.985
2025-09-27 14:00:00;NORTE;SUDESTE/CENTRO-OESTE;-54.01
2025-09-27 15:00:00;NORTE;SUDESTE/CENTRO-OESTE;627.29999999
2025-09-27 16:00:00;NORTE;SUDESTE/CENTRO-OESTE;962.711
2025-09-27 17:00:00;NORTE;SUDESTE/CENTRO-OESTE;1415.984
2025-09-27 18:00:00;NORTE;SUDESTE/CENTRO-OESTE;3646.646
2025-09-27 19:00:00;NORTE;SUDESTE/CENTRO-OESTE;3146.227
2025-09-27 20:00:00;NORTE;SUDESTE/CENTRO-OESTE;1414.481
2025-09-27 21:00:00;NORTE;SUDESTE/CENTRO-OESTE;473.602
2025-09-27 22:00:00;NORTE;SUDESTE/CENTRO-OESTE;357.09
2025-09-27 23:00:00;NORTE;SUDESTE/CENTRO-OESTE;309.272
2025-09-28 00:00:00;NORTE;SUDESTE/CENTRO-OESTE;507.809
2025-09-28 01:00:00;NORTE;SUDESTE/CENTRO-OESTE;724.914
2025-09-28 02:00:00;NORTE;SUDESTE/CENTRO-OESTE;912.119
2025-09-28 03:00:00;NORTE;SUDESTE/CENTRO-OESTE;985.484
2025-09-28 04:00:00;NORTE;SUDESTE/CENTRO-OESTE;993.415
2025-09-28 05:00:00;NORTE;SUDESTE/CENTRO-OESTE;1027.862
2025-09-28 06:00:00;NORTE;SUDESTE/CENTRO-OESTE;1294.535
2025-09-28 07:00:00;NORTE;SUDESTE/CENTRO-OESTE;943.228
2025-09-28 08:00:00;NORTE;SUDESTE/CENTRO-OESTE;399.142
2025-09-28 09:00:00;NORTE;SUDESTE/CENTRO-OESTE;304.10199999
2025-09-28 10:00:00;NORTE;SUDESTE/CENTRO-OESTE;381.868
2025-09-28 11:00:00;NORTE;SUDESTE/CENTRO-OESTE;540.931
2025-09-28 12:00:00;NORTE;SUDESTE/CENTRO-OESTE;231.97
2025-09-28 13:00:00;NORTE;SUDESTE/CENTRO-OESTE;140.958
2025-09-28 14:00:00;NORTE;SUDESTE/CENTRO-OESTE;-181.341
2025-09-28 15:00:00;NORTE;SUDESTE/CENTRO-OESTE;5.096
2025-09-28 16:00:00;NORTE;SUDESTE/CENTRO-OESTE;647.796
2025-09-28 17:00:00;NORTE;SUDESTE/CENTRO-OESTE;1183.852
2025-09-28 18:00:00;NORTE;SUDESTE/CENTRO-OESTE;2634.125
2025-09-28 19:00:00;NORTE;SUDESTE/CENTRO-OESTE;2939.785
2025-09-28 20:00:00;NORTE;SUDESTE/CENTRO-OESTE;1320.51
2025-09-28 21:00:00;NORTE;SUDESTE/CENTRO-OESTE;264.079
2025-09-28 22:00:00;NORTE;SUDESTE/CENTRO-OESTE;-1.892
2025-09-28 23:00:00;NORTE;SUDESTE/CENTRO-OESTE;108.587
2025-09-29 00:00:00;NORTE;SUDESTE/CENTRO-OESTE;322.447
2025-09-29 01:00:00;NORTE;SUDESTE/CENTRO-OESTE;732.721
2025-09-29 02:00:00;NORTE;SUDESTE/CENTRO-OESTE;979.3
2025-09-29 03:00:00;NORTE;SUDESTE/CENTRO-OESTE;1191.265
2025-09-29 04:00:00;NORTE;SUDESTE/CENTRO-OESTE;1184.699
2025-09-29 05:00:00;NORTE;SUDESTE/CENTRO-OESTE;1439.753
2025-09-29 06:00:00;NORTE;SUDESTE/CENTRO-OESTE;2312.081
2025-09-29 07:00:00;NORTE;SUDESTE/CENTRO-OESTE;2778.887
2025-09-29 08:00:00;NORTE;SUDESTE/CENTRO-OESTE;3193.533
2025-09-29 09:00:00;NORTE;SUDESTE/CENTRO-OESTE;2650.909
2025-09-29 10:00:00;NORTE;SUDESTE/CENTRO-OESTE;2476.449
2025-09-29 11:00:00;NORTE;SUDESTE/CENTRO-OESTE;2206.737
2025-09-29 12:00:00;NORTE;SUDESTE/CENTRO-OESTE;1781.417
2025-09-29 13:00:00;NORTE;SUDESTE/CENTRO-OESTE;2227.89399999
2025-09-29 14:00:00;NORTE;SUDESTE/CENTRO-OESTE;2394.382
2025-09-29 15:00:00;NORTE;SUDESTE/CENTRO-OESTE;2016.735
2025-09-29 16:00:00;NORTE;SUDESTE/CENTRO-OESTE;1245.777
2025-09-29 17:00:00;NORTE;SUDESTE/CENTRO-OESTE;1829.296
2025-09-29 18:00:00;NORTE;SUDESTE/CENTRO-OESTE;4333.894
2025-09-29 19:00:00;NORTE;SUDESTE/CENTRO-OESTE;3290.253
2025-09-29 20:00:00;NORTE;SUDESTE/CENTRO-OESTE;2200.60399999
2025-09-29 21:00:00;NORTE;SUDESTE/CENTRO-OESTE;1332.787
2025-09-29 22:00:00;NORTE;SUDESTE/CENTRO-OESTE;360.882
2025-09-29 23:00:00;NORTE;SUDESTE/CENTRO-OESTE;206.978
2025-09-30 00:00:00;NORTE;SUDESTE/CENTRO-OESTE;260.677
2025-09-30 01:00:00;NORTE;SUDESTE/CENTRO-OESTE;822.075
2025-09-30 02:00:00;NORTE;SUDESTE/CENTRO-OESTE;1030.078
2025-09-30 03:00:00;NORTE;SUDESTE/CENTRO-OESTE;1200.93699999
2025-09-30 04:00:00;NORTE;SUDESTE/CENTRO-OESTE;1374.534
2025-09-30 05:00:00;NORTE;SUDESTE/CENTRO-OESTE;1614.459
2025-09-30 06:00:00;NORTE;SUDESTE/CENTRO-OESTE;2007.239
2025-09-30 07:00:00;NORTE;SUDESTE/CENTRO-OESTE;1984.079
2025-09-30 08:00:00;NORTE;SUDESTE/CENTRO-OESTE;2334.27599999
2025-09-30 09:00:00;NORTE;SUDESTE/CENTRO-OESTE;2608.341
2025-09-30 10:00:00;NORTE;SUDESTE/CENTRO-OESTE;2641.32
2025-09-30 11:00:00;NORTE;SUDESTE/CENTRO-OESTE;2766.034
2025-09-30 12:00:00;NORTE;SUDESTE/CENTRO-OESTE;2626.391
2025-09-30 13:00:00;NORTE;SUDESTE/CENTRO-OESTE;2438.33599999
2025-09-30 14:00:00;NORTE;SUDESTE/CENTRO-OESTE;1887.367
2025-09-30 15:00:00;NORTE;SUDESTE/CENTRO-OESTE;1787.154
2025-09-30 16:00:00;NORTE;SUDESTE/CENTRO-OESTE;1714.532
2025-09-30 17:00:00;NORTE;SUDESTE/CENTRO-OESTE;1943.69
2025-09-30 18:00:00;NORTE;SUDESTE/CENTRO-OESTE;4258.523
2025-09-30 19:00:00;NORTE;SUDESTE/CENTRO-OESTE;4450.45
2025-09-30 20:00:00;NORTE;SUDESTE/CENTRO-OESTE;2839.428
2025-09-30 21:00:00;NORTE;SUDESTE/CENTRO-OESTE;1387.288
2025-09-30 22:00:00;NORTE;SUDESTE/CENTRO-OESTE;1041.201
2025-09-30 23:00:00;NORTE;SUDESTE/CENTRO-OESTE;751.456
2025-10-01 00:00:00;NORTE;SUDESTE/CENTRO-OESTE;650.428
2025-10-01 01:00:00;NORTE;SUDESTE/CENTRO-OESTE;1059.289
2025-10-01 02:00:00;NORTE;SUDESTE/CENTRO-OESTE;1335.845
2025-10-01 03:00:00;NORTE;SUDESTE/CENTRO-OESTE;1638.621
2025-10-01 04:00:00;NORTE;SUDESTE/CENTRO-OESTE;1701.663
2025-10-01 05:00:00;NORTE;SUDESTE/CENTRO-OESTE;1871.691
2025-10-01 06:00:00;NORTE;SUDESTE/CENTRO-OESTE;2112.924
2025-10-01 07:00:00;NORTE;SUDESTE/CENTRO-OESTE;2529.386
2025-10-01 08:00:00;NORTE;SUDESTE/CENTRO-OESTE;2666.04
2025-10-01 09:00:00;NORTE;SUDESTE/CENTRO-OESTE;2624.076
2025-10-01 10:00:00;NORTE;SUDESTE/CENTRO-OESTE;2432.858
2025-10-01 11:00:00;NORTE;SUDESTE/CENTRO-OESTE;2448.329
2025-10-01 12:00:00;NORTE;SUDESTE/CENTRO-OESTE;1992.72
2025-10-01 13:00:00;NORTE;SUDESTE/CENTRO-OESTE;2479.062
2025-10-01 14:00:00;NORTE;SUDESTE/CENTRO-OESTE;2566.657
2025-10-01 15:00:00;NORTE;SUDESTE/CENTRO-OESTE;2182.143
2025-10-01 16:00:00;NORTE;SUDESTE/CENTRO-OESTE;2046.569
2025-10-01 17:00:00;NORTE;SUDESTE/CENTRO-OESTE;2169.092
2025-10-01 18:00:00;NORTE;SUDESTE/CENTRO-OESTE;4322.859
2025-10-01 19:00:00;NORTE;SUDESTE/CENTRO-OESTE;4802.715
2025-10-01 20:00:00;NORTE;SUDESTE/CENTRO-OESTE;3520.951
2025-10-01 21:00:00;NORTE;SUDESTE/CENTRO-OESTE;2874.077
2025-10-01 22:00:00;NORTE;SUDESTE/CENTRO-OESTE;2397.17
2025-10-01 23:00:00;NORTE;SUDESTE/CENTRO-OESTE;1345.223
2025-10-02 00:00:00;NORTE;SUDESTE/CENTRO-OESTE;828.445
2025-10-02 01:00:00;NORTE;SUDESTE/CENTRO-OESTE;1119.213
2025-10-02 02:00:00;NORTE;SUDESTE/CENTRO-OESTE;1361.755
2025-10-02 03:00:00;NORTE;SUDESTE/CENTRO-OESTE;1479.817
2025-10-02 04:00:00;NORTE;SUDESTE/CENTRO-OESTE;1789.595
2025-10-02 05:00:00;NORTE;SUDESTE/CENTRO-OESTE;1450.571
2025-10-02 06:00:00;NORTE;SUDESTE/CENTRO-OESTE;1862.632
2025-10-02 07:00:00;NORTE;SUDESTE/CENTRO-OESTE;2397.648
2025-10-02 08:00:00;NORTE;SUDESTE/CENTRO-OESTE;2292.685
2025-10-02 09:00:00;NORTE;SUDESTE/CENTRO-OESTE;2423.808
2025-10-02 10:00:00;NORTE;SUDESTE/CENTRO-OESTE;2423.327
2025-10-02 11:00:00;NORTE;SUDESTE/CENTRO-OESTE;2665.948
2025-10-02 12:00:00;NORTE;SUDESTE/CENTRO-OESTE;2852.921
2025-10-02 13:00:00;NORTE;SUDESTE/CENTRO-OESTE;2701.322
2025-10-02 14:00:00;NORTE;SUDESTE/CENTRO-OESTE;2336.252
2025-10-02 15:00:00;NORTE;SUDESTE/CENTRO-OESTE;1711.06
2025-10-02 16:00:00;NORTE;SUDESTE/CENTRO-OESTE;1181.48499999
2025-10-02 17:00:00;NORTE;SUDESTE/CENTRO-OESTE;1195.893
2025-10-02 18:00:00;NORTE;SUDESTE/CENTRO-OESTE;3989.964
2025-10-02 19:00:00;NORTE;SUDESTE/CENTRO-OESTE;4218.29699999
2025-10-02 20:00:00;NORTE;SUDESTE/CENTRO-OESTE;2865.561
2025-10-02 21:00:00;NORTE;SUDESTE/CENTRO-OESTE;1719.202
2025-10-02 22:00:00;NORTE;SUDESTE/CENTRO-OESTE;1510.193
2025-10-02 23:00:00;NORTE;SUDESTE/CENTRO-OESTE;1452.453
2025-10-03 00:00:00;NORTE;SUDESTE/CENTRO-OESTE;1361.337
2025-10-03 01:00:00;NORTE;SUDESTE/CENTRO-OESTE;1336.193
2025-10-03 02:00:00;NORTE;SUDESTE/CENTRO-OESTE;1807.885
2025-10-03 03:00:00;NORTE;SUDESTE/CENTRO-OESTE;1953.834
2025-10-03 04:00:00;NORTE;SUDESTE/CENTRO-OESTE;2230.812
2025-10-03 05:00:00;NORTE;SUDESTE/CENTRO-OESTE;2575.527
2025-10-03 06:00:00;NORTE;SUDESTE/CENTRO-OESTE;3009.179
2025-10-03 07:00:00;NORTE;SUDESTE/CENTRO-OESTE;3130.621
2025-10-03 08:00:00;NORTE;SUDESTE/CENTRO-OESTE;3047.349
2025-10-03 09:00:00;NORTE;SUDESTE/CENTRO-OESTE;2969.616
2025-10-03 10:00:00;NORTE;SUDESTE/CENTRO-OESTE;2881.064
2025-10-03 11:00:00;NORTE;SUDESTE/CENTRO-OESTE;2901.528
2025-10-03 12:00:00;NORTE;SUDESTE/CENTRO-OESTE;3011.568
2025-10-03 13:00:00;NORTE;SUDESTE/CENTRO-OESTE;2829.233
2025-10-03 14:00:00;NORTE;SUDESTE/CENTRO-OESTE;2195.409
2025-10-03 15:00:00;NORTE;SUDESTE/CENTRO-OESTE;2093.515
2025-10-03 16:00:00;NORTE;SUDESTE/CENTRO-OESTE;1764.802
2025-10-03 17:00:00;NORTE;SUDESTE/CENTRO-OESTE;2283.938
2025-10-03 18:00:00;NORTE;SUDESTE/CENTRO-OESTE;4734.505
2025-10-03 19:00:00;NORTE;SUDESTE/CENTRO-OESTE;4993.758
2025-10-03 20:00:00;NORTE;SUDESTE/CENTRO-OESTE;3715.187
2025-10-03 21:00:00;NORTE;SUDESTE/CENTRO-OESTE;2705.707
2025-10-03 22:00:00;NORTE;SUDESTE/CENTRO-OESTE;2441.44999999
2025-10-03 23:00:00;NORTE;SUDESTE/CENTRO-OESTE;2289.331
2025-10-04 00:00:00;NORTE;SUDESTE/CENTRO-OESTE;2270.819
2025-10-04 01:00:00;NORTE;SUDESTE/CENTRO-OESTE;2404.449
2025-10-04 02:00:00;NORTE;SUDESTE/CENTRO-OESTE;2583.481
2025-10-04 03:00:00;NORTE;SUDESTE/CENTRO-OESTE;2850.264
2025-10-04 04:00:00;NORTE;SUDESTE/CENTRO-OESTE;2768.232
2025-10-04 05:00:00;NORTE;SUDESTE/CENTRO-OESTE;2950.843
2025-10-04 06:00:00;NORTE;SUDESTE/CENTRO-OESTE;2646.821
2025-10-04 07:00:00;NORTE;SUDESTE/CENTRO-OESTE;2850.694
2025-10-04 08:00:00;NORTE;SUDESTE/CENTRO-OESTE;2654.245
2025-10-04 09:00:00;NORTE;SUDESTE/CENTRO-OESTE;2115.754
2025-10-04 10:00:00;NORTE;SUDESTE/CENTRO-OESTE;1755.548
2025-10-04 11:00:00;NORTE;SUDESTE/CENTRO-OESTE;1689.188
2025-10-04 12:00:00;NORTE;SUDESTE/CENTRO-OESTE;1761.546
2025-10-04 13:00:00;NORTE;SUDESTE/CENTRO-OESTE;2285.838
2025-10-04 14:00:00;NORTE;SUDESTE/CENTRO-OESTE;2427.527
2025-10-04 15:00:00;NORTE;SUDESTE/CENTRO-OESTE;2270.076
2025-10-04 16:00:00;NORTE;SUDESTE/CENTRO-OESTE;1684.504
2025-10-04 17:00:00;NORTE;SUDESTE/CENTRO-OESTE;1511.456
2025-10-04 18:00:00;NORTE;SUDESTE/CENTRO-OESTE;3390.127
2025-10-04 19:00:00;NORTE;SUDESTE/CENTRO-OESTE;3720.125
2025-10-04 20:00:00;NORTE;SUDESTE/CENTRO-OESTE;2462.847
2025-10-04 21:00:00;NORTE;SUDESTE/CENTRO-OESTE;1915.994
2025-10-04 22:00:00;NORTE;SUDESTE/CENTRO-OESTE;1839.909
2025-10-04 23:00:00;NORTE;SUDESTE/CENTRO-OESTE;1932.334
2025-10-05 00:00:00;NORTE;SUDESTE/CENTRO-OESTE;1970.66
2025-10-05 01:00:00;NORTE;SUDESTE/CENTRO-OESTE;2069.38
2025-10-05 02:00:00;NORTE;SUDESTE/CENTRO-OESTE;2203.076
2025-10-05 03:00:00;NORTE;SUDESTE/CENTRO-OESTE;2080.40299999
2025-10-05 04:00:00;NORTE;SUDESTE/CENTRO-OESTE;2051.167
2025-10-05 05:00:00;NORTE;SUDESTE/CENTRO-OESTE;2510.868
2025-10-05 06:00:00;NORTE;SUDESTE/CENTRO-OESTE;2696.353
2025-10-05 07:00:00;NORTE;SUDESTE/CENTRO-OESTE;1881.842
2025-10-05 08:00:00;NORTE;SUDESTE/CENTRO-OESTE;1253.208
2025-10-05 09:00:00;NORTE;SUDESTE/CENTRO-OESTE;826.889
2025-10-05 10:00:00;NORTE;SUDESTE/CENTRO-OESTE;509.067
2025-10-05 11:00:00;NORTE;SUDESTE/CENTRO-OESTE;673.934
2025-10-05 12:00:00;NORTE;SUDESTE/CENTRO-OESTE;769.66
2025-10-05 13:00:00;NORTE;SUDESTE/CENTRO-OESTE;866.434
2025-10-05 14:00:00;NORTE;SUDESTE/CENTRO-OESTE;1347.386
2025-10-05 15:00:00;NORTE;SUDESTE/CENTRO-OESTE;1944.468
2025-10-05 16:00:00;NORTE;SUDESTE/CENTRO-OESTE;2446.68199999
2025-10-05 17:00:00;NORTE;SUDESTE/CENTRO-OESTE;3045.853
2025-10-05 18:00:00;NORTE;SUDESTE/CENTRO-OESTE;3847.815
2025-10-05 19:00:00;NORTE;SUDESTE/CENTRO-OESTE;3728.094
2025-10-05 20:00:00;NORTE;SUDESTE/CENTRO-OESTE;2182.094
2025-10-05 21:00:00;NORTE;SUDESTE/CENTRO-OESTE;1465.2
2025-10-05 22:00:00;NORTE;SUDESTE/CENTRO-OESTE;1503.986
2025-10-05 23:00:00;NORTE;SUDESTE/CENTRO-OESTE;2096.283
2025-10-06 00:00:00;NORTE;SUDESTE/CENTRO-OESTE;2174.235
2025-10-06 01:00:00;NORTE;SUDESTE/CENTRO-OESTE;2314.105
2025-10-06 02:00:00;NORTE;SUDESTE/CENTRO-OESTE;2495.053
2025-10-06 03:00:00;NORTE;SUDESTE/CENTRO-OESTE;2640.043
2025-10-06 04:00:00;NORTE;SUDESTE/CENTRO-OESTE;2696.838
2025-10-06 05:00:00;NORTE;SUDESTE/CENTRO-OESTE;2983.978
2025-10-06 06:00:00;NORTE;SUDESTE/CENTRO-OESTE;4010.161
2025-10-06 07:00:00;NORTE;SUDESTE/CENTRO-OESTE;4242.889
2025-10-06 08:00:00;NORTE;SUDESTE/CENTRO-OESTE;3955.771
2025-10-06 09:00:00;NORTE;SUDESTE/CENTRO-OESTE;3814.607
2025-10-06 10:00:00;NORTE;SUDESTE/CENTRO-OESTE;3509.711
2025-10-06 11:00:00;NORTE;SUDESTE/CENTRO-OESTE;3393.247
2025-10-06 12:00:00;NORTE;SUDESTE/CENTRO-OESTE;3126.928
2025-10-06 13:00:00;NORTE;SUDESTE/CENTRO-OESTE;3250.859
2025-10-06 14:00:00;NORTE;SUDESTE/CENTRO-OESTE;3291.794
2025-10-06 15:00:00;NORTE;SUDESTE/CENTRO-OESTE;3130.819
2025-10-06 16:00:00;NORTE;SUDESTE/CENTRO-OESTE;2414.26699999
2025-10-06 17:00:00;NORTE;SUDESTE/CENTRO-OESTE;3225.716
2025-10-06 18:00:00;NORTE;SUDESTE/CENTRO-OESTE;5026.41799999
2025-10-06 19:00:00;NORTE;SUDESTE/CENTRO-OESTE;4151.202
2025-10-06 20:00:00;NORTE;SUDESTE/CENTRO-OESTE;2490.025
2025-10-06 21:00:00;NORTE;SUDESTE/CENTRO-OESTE;1272.66699999
2025-10-06 22:00:00;NORTE;SUDESTE/CENTRO-OESTE;1111.34999999
2025-10-06 23:00:00;NORTE;SUDESTE/CENTRO-OESTE;1139.178
2025-10-07 00:00:00;NORTE;SUDESTE/CENTRO-OESTE;801.506
2025-10-07 01:00:00;NORTE;SUDESTE/CENTRO-OESTE;1371.724
2025-10-07 02:00:00;NORTE;SUDESTE/CENTRO-OESTE;1986.752
2025-10-07 03:00:00;NORTE;SUDESTE/CENTRO-OESTE;2064.38
2025-10-07 04:00:00;NORTE;SUDESTE/CENTRO-OESTE;2002.948
2025-10-07 05:00:00;NORTE;SUDESTE/CENTRO-OESTE;1944.532
2025-10-07 06:00:00;NORTE;SUDESTE/CENTRO-OESTE;2576.748
2025-10-07 07:00:00;NORTE;SUDESTE/CENTRO-OESTE;2377.473
2025-10-07 08:00:00;NORTE;SUDESTE/CENTRO-OESTE;2619.466
2025-10-07 09:00:00;NORTE;SUDESTE/CENTRO-OESTE;3015.313
2025-10-07 10:00:00;NORTE;SUDESTE/CENTRO-OESTE;3340.753
2025-10-07 11:00:00;NORTE;SUDESTE/CENTRO-OESTE;3222.539
2025-10-07 12:00:00;NORTE;SUDESTE/CENTRO-OESTE;3227.223
2025-10-07 13:00:00;NORTE;SUDESTE/CENTRO-OESTE;2840.491
2025-10-07 14:00:00;NORTE;SUDESTE/CENTRO-OESTE;2688.529
2025-10-07 15:00:00;NORTE;SUDESTE/CENTRO-OESTE;2606.341
2025-10-07 16:00:00;NORTE;SUDESTE/CENTRO-OESTE;1715.694
2025-10-07 17:00:00;NORTE;SUDESTE/CENTRO-OESTE;2251.629
2025-10-07 18:00:00;NORTE;SUDESTE/CENTRO-OESTE;4940.702
2025-10-07 19:00:00;NORTE;SUDESTE/CENTRO-OESTE;5411.935
2025-10-07 20:00:00;NORTE;SUDESTE/CENTRO-OESTE;4144.642
2025-10-07 21:00:00;NORTE;SUDESTE/CENTRO-OESTE;3400.767
2025-10-07 22:00:00;NORTE;SUDESTE/CENTRO-OESTE;2417.676
2025-10-07 23:00:00;NORTE;SUDESTE/CENTRO-OESTE;2213.66199999
2025-10-08 00:00:00;NORTE;SUDESTE/CENTRO-OESTE;2270.444
2025-10-08 01:00:00;NORTE;SUDESTE/CENTRO-OESTE;2516.108
2025-10-08 02:00:00;NORTE;SUDESTE/CENTRO-OESTE;2710.222
2025-10-08 03:00:00;NORTE;SUDESTE/CENTRO-OESTE;2879.029
2025-10-08 04:00:00;NORTE;SUDESTE/CENTRO-OESTE;2889.709
2025-10-08 05:00:00;NORTE;SUDESTE/CENTRO-OESTE;2858.273
2025-10-08 06:00:00;NORTE;SUDESTE/CENTRO-OESTE;3059.97
2025-10-08 07:00:00;NORTE;SUDESTE/CENTRO-OESTE;3660.118
2025-10-08 08:00:00;NORTE;SUDESTE/CENTRO-OESTE;3831.402
2025-10-08 09:00:00;NORTE;SUDESTE/CENTRO-OESTE;3818.261
2025-10-08 10:00:00;NORTE;SUDESTE/CENTRO-OESTE;3757.324
2025-10-08 11:00:00;NORTE;SUDESTE/CENTRO-OESTE;3768.08
2025-10-08 12:00:00;NORTE;SUDESTE/CENTRO-OESTE;3603.746
2025-10-08 13:00:00;NORTE;SUDESTE/CENTRO-OESTE;3491.356
2025-10-08 14:00:00;NORTE;SUDESTE/CENTRO-OESTE;2881.337
2025-10-08 15:00:00;NORTE;SUDESTE/CENTRO-OESTE;2636.064
2025-10-08 16:00:00;NORTE;SUDESTE/CENTRO-OESTE;2819.912
2025-10-08 17:00:00;NORTE;SUDESTE/CENTRO-OESTE;3371.872
2025-10-08 18:00:00;NORTE;SUDESTE/CENTRO-OESTE;4574.81
2025-10-08 19:00:00;NORTE;SUDESTE/CENTRO-OESTE;4229.98899999
2025-10-08 20:00:00;NORTE;SUDESTE/CENTRO-OESTE;2650.542
2025-10-08 21:00:00;NORTE;SUDESTE/CENTRO-OESTE;1826.781
2025-10-08 22:00:00;NORTE;SUDESTE/CENTRO-OESTE;1632.797
2025-10-08 23:00:00;NORTE;SUDESTE/CENTRO-OESTE;1704.916
2025-10-09 00:00:00;NORTE;SUDESTE/CENTRO-OESTE;1807.982
2025-10-09 01:00:00;NORTE;SUDESTE/CENTRO-OESTE;2099.347
2025-10-09 02:00:00;NORTE;SUDESTE/CENTRO-OESTE;2260.438
2025-10-09 03:00:00;NORTE;SUDESTE/CENTRO-OESTE;2381.302
2025-10-09 04:00:00;NORTE;SUDESTE/CENTRO-OESTE;2390.424
2025-10-09 05:00:00;NORTE;SUDESTE/CENTRO-OESTE;2776.878
2025-10-09 06:00:00;NORTE;SUDESTE/CENTRO-OESTE;3532.427
2025-10-09 07:00:00;NORTE;SUDESTE/CENTRO-OESTE;3763.471
2025-10-09 08:00:00;NORTE;SUDESTE/CENTRO-OESTE;3568.394
2025-10-09 09:00:00;NORTE;SUDESTE/CENTRO-OESTE;3675.481
2025-10-09 10:00:00;NORTE;SUDESTE/CENTRO-OESTE;3515.424
2025-10-09 11:00:00;NORTE;SUDESTE/CENTRO-OESTE;3408.109
2025-10-09 12:00:00;NORTE;SUDESTE/CENTRO-OESTE;3142.211
2025-10-09 13:00:00;NORTE;SUDESTE/CENTRO-OESTE;3572.205
2025-10-09 14:00:00;NORTE;SUDESTE/CENTRO-OESTE;3247.984
2025-10-09 15:00:00;NORTE;SUDESTE/CENTRO-OESTE;2790.029
2025-10-09 16:00:00;NORTE;SUDESTE/CENTRO-OESTE;2566.368
2025-10-09 17:00:00;NORTE;SUDESTE/CENTRO-OESTE;3035.056
2025-10-09 18:00:00;NORTE;SUDESTE/CENTRO-OESTE;4230.76599999
2025-10-09 19:00:00;NORTE;SUDESTE/CENTRO-OESTE;3905.273
2025-10-09 20:00:00;NORTE;SUDESTE/CENTRO-OESTE;2690.908
2025-10-09 21:00:00;NORTE;SUDESTE/CENTRO-OESTE;2642.641
2025-10-09 22:00:00;NORTE;SUDESTE/CENTRO-OESTE;2569.192
2025-10-09 23:00:00;NORTE;SUDESTE/CENTRO-OESTE;1643.835
2025-10-10 00:00:00;NORTE;SUDESTE/CENTRO-OESTE;1304.442
2025-10-10 01:00:00;NORTE;SUDESTE/CENTRO-OESTE;1702.28
2025-10-10 02:00:00;NORTE;SUDESTE/CENTRO-OESTE;2046.887
2025-10-10 03:00:00;NORTE;SUDESTE/CENTRO-OESTE;2242.413
2025-10-10 04:00:00;NORTE;SUDESTE/CENTRO-OESTE;2250.123
2025-10-10 05:00:00;NORTE;SUDESTE/CENTRO-OESTE;2786.271
2025-10-10 06:00:00;NORTE;SUDESTE/CENTRO-OESTE;3700.362
2025-10-10 07:00:00;NORTE;SUDESTE/CENTRO-OESTE;4225.408
2025-10-10 08:00:00;NORTE;SUDESTE/CENTRO-OESTE;3951.533
2025-10-10 09:00:00;NORTE;SUDESTE/CENTRO-OESTE;4041.717
2025-10-10 10:00:00;NORTE;SUDESTE/CENTRO-OESTE;3990.562
2025-10-10 11:00:00;NORTE;SUDESTE/CENTRO-OESTE;3971.8
2025-10-10 12:00:00;NORTE;SUDESTE/CENTRO-OESTE;3506.018
2025-10-10 13:00:00;NORTE;SUDESTE/CENTRO-OESTE;3550.178
2025-10-10 14:00:00;NORTE;SUDESTE/CENTRO-OESTE;3218.777
2025-10-10 15:00:00;NORTE;SUDESTE/CENTRO-OESTE;3092.19
2025-10-10 16:00:00;NORTE;SUDESTE/CENTRO-OESTE;1467.305
2025-10-10 17:00:00;NORTE;SUDESTE/CENTRO-OESTE;1310.58999999
2025-10-10 18:00:00;NORTE;SUDESTE/CENTRO-OESTE;3252.698
2025-10-10 19:00:00;NORTE;SUDESTE/CENTRO-OESTE;3642.879
2025-10-10 20:00:00;NORTE;SUDESTE/CENTRO-OESTE;2391.426
2025-10-10 21:00:00;NORTE;SUDESTE/CENTRO-OESTE;1639.096
2025-10-10 22:00:00;NORTE;SUDESTE/CENTRO-OESTE;1187.998
2025-10-10 23:00:00;NORTE;SUDESTE/CENTRO-OESTE;1041.594
2025-10-11 00:00:00;NORTE;SUDESTE/CENTRO-OESTE;1192.15799999
2025-10-11 01:00:00;NORTE;SUDESTE/CENTRO-OESTE;1457.809
2025-10-11 02:00:00;NORTE;SUDESTE/CENTRO-OESTE;1673.262
2025-10-11 03:00:00;NORTE;SUDESTE/CENTRO-OESTE;2038.647
2025-10-11 04:00:00;NORTE;SUDESTE/CENTRO-OESTE;2117.466
2025-10-11 05:00:00;NORTE;SUDESTE/CENTRO-OESTE;2046.676
2025-10-11 06:00:00;NORTE;SUDESTE/CENTRO-OESTE;2520.53
2025-10-11 07:00:00;NORTE;SUDESTE/CENTRO-OESTE;3395.789
2025-10-11 08:00:00;NORTE;SUDESTE/CENTRO-OESTE;3006.617
2025-10-11 09:00:00;NORTE;SUDESTE/CENTRO-OESTE;2267.859
2025-10-11 10:00:00;NORTE;SUDESTE/CENTRO-OESTE;1690.235
2025-10-11 11:00:00;NORTE;SUDESTE/CENTRO-OESTE;1675.343
2025-10-11 12:00:00;NORTE;SUDESTE/CENTRO-OESTE;1692.55
2025-10-11 13:00:00;NORTE;SUDESTE/CENTRO-OESTE;1918.702
2025-10-11 14:00:00;NORTE;SUDESTE/CENTRO-OESTE;2324.569
2025-10-11 15:00:00;NORTE;SUDESTE/CENTRO-OESTE;2879.923
2025-10-11 16:00:00;NORTE;SUDESTE/CENTRO-OESTE;2289.206
2025-10-11 17:00:00;NORTE;SUDESTE/CENTRO-OESTE;1672.087
2025-10-11 18:00:00;NORTE;SUDESTE/CENTRO-OESTE;2791.925
2025-10-11 19:00:00;NORTE;SUDESTE/CENTRO-OESTE;3098.332
2025-10-11 20:00:00;NORTE;SUDESTE/CENTRO-OESTE;2495.237
2025-10-11 21:00:00;NORTE;SUDESTE/CENTRO-OESTE;1807.399
2025-10-11 22:00:00;NORTE;SUDESTE/CENTRO-OESTE;1668.081
2025-10-11 23:00:00;NORTE;SUDESTE/CENTRO-OESTE;1470.581
2025-10-12 00:00:00;NORTE;SUDESTE/CENTRO-OESTE;1255.266
2025-10-12 01:00:00;NORTE;SUDESTE/CENTRO-OESTE;1343.156
2025-10-12 02:00:00;NORTE;SUDESTE/CENTRO-OESTE;1277.23
2025-10-12 03:00:00;NORTE;SUDESTE/CENTRO-OESTE;1427.643
2025-10-12 04:00:00;NORTE;SUDESTE/CENTRO-OESTE;1481.298
2025-10-12 05:00:00;NORTE;SUDESTE/CENTRO-OESTE;1587.741
2025-10-12 06:00:00;NORTE;SUDESTE/CENTRO-OESTE;1997.623
2025-10-12 07:00:00;NORTE;SUDESTE/CENTRO-OESTE;2399.986
2025-10-12 08:00:00;NORTE;SUDESTE/CENTRO-OESTE;2249.688
2025-10-12 09:00:00;NORTE;SUDESTE/CENTRO-OESTE;2069.599
2025-10-12 10:00:00;NORTE;SUDESTE/CENTRO-OESTE;1960.652
2025-10-12 11:00:00;NORTE;SUDESTE/CENTRO-OESTE;2136.01899999
2025-10-12 12:00:00;NORTE;SUDESTE/CENTRO-OESTE;2125.762
2025-10-12 13:00:00;NORTE;SUDESTE/CENTRO-OESTE;1795.336
2025-10-12 14:00:00;NORTE;SUDESTE/CENTRO-OESTE;1974.398
2025-10-12 15:00:00;NORTE;SUDESTE/CENTRO-OESTE;2419.30499999
2025-10-12 16:00:00;NORTE;SUDESTE/CENTRO-OESTE;2206.22899999
2025-10-12 17:00:00;NORTE;SUDESTE/CENTRO-OESTE;1809.196
2025-10-12 18:00:00;NORTE;SUDESTE/CENTRO-OESTE;2942.216
2025-10-12 19:00:00;NORTE;SUDESTE/CENTRO-OESTE;3292.651
2025-10-12 20:00:00;NORTE;SUDESTE/CENTRO-OESTE;2460.888
2025-10-12 21:00:00;NORTE;SUDESTE/CENTRO-OESTE;1970.863
2025-10-12 22:00:00;NORTE;SUDESTE/CENTRO-OESTE;1833.023
2025-10-12 23:00:00;NORTE;SUDESTE/CENTRO-OESTE;1682.855
2025-10-13 00:00:00;NORTE;SUDESTE/CENTRO-OESTE;936.481
2025-10-13 01:00:00;NORTE;SUDESTE/CENTRO-OESTE;1066.33099999
2025-10-13 02:00:00;NORTE;SUDESTE/CENTRO-OESTE;1281.593
2025-10-13 03:00:00;NORTE;SUDESTE/CENTRO-OESTE;1485.206
2025-10-13 04:00:00;NORTE;SUDESTE/CENTRO-OESTE;1618.309
2025-10-13 05:00:00;NORTE;SUDESTE/CENTRO-OESTE;2375.657
2025-10-13 06:00:00;NORTE;SUDESTE/CENTRO-OESTE;3612.96
2025-10-13 07:00:00;NORTE;SUDESTE/CENTRO-OESTE;3984.109
2025-10-13 08:00:00;NORTE;SUDESTE/CENTRO-OESTE;4040.521
2025-10-13 09:00:00;NORTE;SUDESTE/CENTRO-OESTE;4216.5
2025-10-13 10:00:00;NORTE;SUDESTE/CENTRO-OESTE;4209.154
2025-10-13 11:00:00;NORTE;SUDESTE/CENTRO-OESTE;4212.722
2025-10-13 12:00:00;NORTE;SUDESTE/CENTRO-OESTE;4288.224
2025-10-13 13:00:00;NORTE;SUDESTE/CENTRO-OESTE;3696.916
2025-10-13 14:00:00;NORTE;SUDESTE/CENTRO-OESTE;2802.431
2025-10-13 15:00:00;NORTE;SUDESTE/CENTRO-OESTE;2354.821
2025-10-13 16:00:00;NORTE;SUDESTE/CENTRO-OESTE;1616.012
2025-10-13 17:00:00;NORTE;SUDESTE/CENTRO-OESTE;1128.69699999
2025-10-13 18:00:00;NORTE;SUDESTE/CENTRO-OESTE;2912.153
2025-10-13 19:00:00;NORTE;SUDESTE/CENTRO-OESTE;3674.381
2025-10-13 20:00:00;NORTE;SUDESTE/CENTRO-OESTE;2854.184
2025-10-13 21:00:00;NORTE;SUDESTE/CENTRO-OESTE;1786.119
2025-10-13 22:00:00;NORTE;SUDESTE/CENTRO-OESTE;1291.432
2025-10-13 23:00:00;NORTE;SUDESTE/CENTRO-OESTE;565.362
2025-10-14 00:00:00;NORTE;SUDESTE/CENTRO-OESTE;1035.666
2025-10-14 01:00:00;NORTE;SUDESTE/CENTRO-OESTE;1027.401
2025-10-14 02:00:00;NORTE;SUDESTE/CENTRO-OESTE;1245.39799999
2025-10-14 03:00:00;NORTE;SUDESTE/CENTRO-OESTE;1136.997
2025-10-14 04:00:00;NORTE;SUDESTE/CENTRO-OESTE;1187.288
2025-10-14 05:00:00;NORTE;SUDESTE/CENTRO-OESTE;2043.576
2025-10-14 06:00:00;NORTE;SUDESTE/CENTRO-OESTE;3688.087
2025-10-14 07:00:00;NORTE;SUDESTE/CENTRO-OESTE;4502.68599999
2025-10-14 08:00:00;NORTE;SUDESTE/CENTRO-OESTE;3929.411
2025-10-14 09:00:00;NORTE;SUDESTE/CENTRO-OESTE;3880.639
2025-10-14 10:00:00;NORTE;SUDESTE/CENTRO-OESTE;3958.574
2025-10-14 11:00:00;NORTE;SUDESTE/CENTRO-OESTE;3979.646
2025-10-14 12:00:00;NORTE;SUDESTE/CENTRO-OESTE;3619.562
2025-10-14 13:00:00;NORTE;SUDESTE/CENTRO-OESTE;3194.593
2025-10-14 14:00:00;NORTE;SUDESTE/CENTRO-OESTE;2382.76899999
2025-10-14 15:00:00;NORTE;SUDESTE/CENTRO-OESTE;2156.256
2025-10-14 16:00:00;NORTE;SUDESTE/CENTRO-OESTE;2239.322
2025-10-14 17:00:00;NORTE;SUDESTE/CENTRO-OESTE;2602.089
2025-10-14 18:00:00;NORTE;SUDESTE/CENTRO-OESTE;4586.85499999
2025-10-14 19:00:00;NORTE;SUDESTE/CENTRO-OESTE;5622.91
2025-10-14 20:00:00;NORTE;SUDESTE/CENTRO-OESTE;4248.49799999
2025-10-14 21:00:00;NORTE;SUDESTE/CENTRO-OESTE;2858.092
2025-10-14 22:00:00;NORTE;SUDESTE/CENTRO-OESTE;2409.362
2025-10-14 23:00:00;NORTE;SUDESTE/CENTRO-OESTE;1887.298
2025-10-15 00:00:00;NORTE;SUDESTE/CENTRO-OESTE;1186.996
2025-10-15 01:00:00;NORTE;SUDESTE/CENTRO-OESTE;1033.845
2025-10-15 02:00:00;NORTE;SUDESTE/CENTRO-OESTE;1216.585
2025-10-15 03:00:00;NORTE;SUDESTE/CENTRO-OESTE;1598.16
2025-10-15 04:00:00;NORTE;SUDESTE/CENTRO-OESTE;1754.914
2025-10-15 05:00:00;NORTE;SUDESTE/CENTRO-OESTE;2233.978
2025-10-15 06:00:00;NORTE;SUDESTE/CENTRO-OESTE;3141.099
2025-10-15 07:00:00;NORTE;SUDESTE/CENTRO-OESTE;2843.666
2025-10-15 08:00:00;NORTE;SUDESTE/CENTRO-OESTE;3154.345
2025-10-15 09:00:00;NORTE;SUDESTE/CENTRO-OESTE;3031.036
2025-10-15 10:00:00;NORTE;SUDESTE/CENTRO-OESTE;2815.12
2025-10-15 11:00:00;NORTE;SUDESTE/CENTRO-OESTE;2790.207
2025-10-15 12:00:00;NORTE;SUDESTE/CENTRO-OESTE;2633.013
2025-10-15 13:00:00;NORTE;SUDESTE/CENTRO-OESTE;3215.742
2025-10-15 14:00:00;NORTE;SUDESTE/CENTRO-OESTE;2729.524
2025-10-15 15:00:00;NORTE;SUDESTE/CENTRO-OESTE;2109.434
2025-10-15 16:00:00;NORTE;SUDESTE/CENTRO-OESTE;1575.294
2025-10-15 17:00:00;NORTE;SUDESTE/CENTRO-OESTE;1740.786
2025-10-15 18:00:00;NORTE;SUDESTE/CENTRO-OESTE;3737.26
2025-10-15 19:00:00;NORTE;SUDESTE/CENTRO-OESTE;4651.153
2025-10-15 20:00:00;NORTE;SUDESTE/CENTRO-OESTE;3405.345
2025-10-15 21:00:00;NORTE;SUDESTE/CENTRO-OESTE;2343.823
2025-10-15 22:00:00;NORTE;SUDESTE/CENTRO-OESTE;2118.265
2025-10-15 23:00:00;NORTE;SUDESTE/CENTRO-OESTE;1675.035
2025-10-16 00:00:00;NORTE;SUDESTE/CENTRO-OESTE;1325.781
2025-10-16 01:00:00;NORTE;SUDESTE/CENTRO-OESTE;1107.01299999
2025-10-16 02:00:00;NORTE;SUDESTE/CENTRO-OESTE;1319.077
2025-10-16 03:00:00;NORTE;SUDESTE/CENTRO-OESTE;1538.288
2025-10-16 04:00:00;NORTE;SUDESTE/CENTRO-OESTE;1747.877
2025-10-16 05:00:00;NORTE;SUDESTE/CENTRO-OESTE;2190.174
2025-10-16 06:00:00;NORTE;SUDESTE/CENTRO-OESTE;3176.671
2025-10-16 07:00:00;NORTE;SUDESTE/CENTRO-OESTE;2843.911
2025-10-16 08:00:00;NORTE;SUDESTE/CENTRO-OESTE;2611.538
2025-10-16 09:00:00;NORTE;SUDESTE/CENTRO-OESTE;2779.573
2025-10-16 10:00:00;NORTE;SUDESTE/CENTRO-OESTE;2804.791
2025-10-16 11:00:00;NORTE;SUDESTE/CENTRO-OESTE;3066.592
2025-10-16 12:00:00;NORTE;SUDESTE/CENTRO-OESTE;3065.645
2025-10-16 13:00:00;NORTE;SUDESTE/CENTRO-OESTE;2863.79
2025-10-16 14:00:00;NORTE;SUDESTE/CENTRO-OESTE;2186.054
2025-10-16 15:00:00;NORTE;SUDESTE/CENTRO-OESTE;2092.492
2025-10-16 16:00:00;NORTE;SUDESTE/CENTRO-OESTE;1820.949
2025-10-16 17:00:00;NORTE;SUDESTE/CENTRO-OESTE;2773.815
2025-10-16 18:00:00;NORTE;SUDESTE/CENTRO-OESTE;4669.381
2025-10-16 19:00:00;NORTE;SUDESTE/CENTRO-OESTE;4772.167
2025-10-16 20:00:00;NORTE;SUDESTE/CENTRO-OESTE;3437.362
2025-10-16 21:00:00;NORTE;SUDESTE/CENTRO-OESTE;2969.249
2025-10-16 22:00:00;NORTE;SUDESTE/CENTRO-OESTE;2321.655
2025-10-16 23:00:00;NORTE;SUDESTE/CENTRO-OESTE;1646.67
2025-10-17 00:00:00;NORTE;SUDESTE/CENTRO-OESTE;1685.51
2025-10-17 01:00:00;NORTE;SUDESTE/CENTRO-OESTE;1346.493
2025-10-17 02:00:00;NORTE;SUDESTE/CENTRO-OESTE;1077.393
2025-10-17 03:00:00;NORTE;SUDESTE/CENTRO-OESTE;1242.44699999
2025-10-17 04:00:00;NORTE;SUDESTE/CENTRO-OESTE;1340.58099999
2025-10-17 05:00:00;NORTE;SUDESTE/CENTRO-OESTE;1857.227
2025-10-17 06:00:00;NORTE;SUDESTE/CENTRO-OESTE;2971.314
2025-10-17 07:00:00;NORTE;SUDESTE/CENTRO-OESTE;2757.583
2025-10-17 08:00:00;NORTE;SUDESTE/CENTRO-OESTE;2632.015
2025-10-17 09:00:00;NORTE;SUDESTE/CENTRO-OESTE;2399.285
2025-10-17 10:00:00;NORTE;SUDESTE/CENTRO-OESTE;2499.616
2025-10-17 11:00:00;NORTE;SUDESTE/CENTRO-OESTE;2910.198
2025-10-17 12:00:00;NORTE;SUDESTE/CENTRO-OESTE;2803.147
2025-10-17 13:00:00;NORTE;SUDESTE/CENTRO-OESTE;2634.588
2025-10-17 14:00:00;NORTE;SUDESTE/CENTRO-OESTE;2664.176
2025-10-17 15:00:00;NORTE;SUDESTE/CENTRO-OESTE;2535.861
2025-10-17 16:00:00;NORTE;SUDESTE/CENTRO-OESTE;2372.306
2025-10-17 17:00:00;NORTE;SUDESTE/CENTRO-OESTE;3030.033
2025-10-17 18:00:00;NORTE;SUDESTE/CENTRO-OESTE;5064.831
2025-10-17 19:00:00;NORTE;SUDESTE/CENTRO-OESTE;5026.684
2025-10-17 20:00:00;NORTE;SUDESTE/CENTRO-OESTE;3507.076
2025-10-17 21:00:00;NORTE;SUDESTE/CENTRO-OESTE;2559.757
2025-10-17 22:00:00;NORTE;SUDESTE/CENTRO-OESTE;2199.795
2025-10-17 23:00:00;NORTE;SUDESTE/CENTRO-OESTE;2235.395
2025-10-18 00:00:00;NORTE;SUDESTE/CENTRO-OESTE;2135.643
2025-10-18 01:00:00;NORTE;SUDESTE/CENTRO-OESTE;1967.732
2025-10-18 02:00:00;NORTE;SUDESTE/CENTRO-OESTE;1753.401
2025-10-18 03:00:00;NORTE;SUDESTE/CENTRO-OESTE;1596.806
2025-10-18 04:00:00;NORTE;SUDESTE/CENTRO-OESTE;1560.22
2025-10-18 05:00:00;NORTE;SUDESTE/CENTRO-OESTE;1834.092
2025-10-18 06:00:00;NORTE;SUDESTE/CENTRO-OESTE;3018.994
2025-10-18 07:00:00;NORTE;SUDESTE/CENTRO-OESTE;3386.019
2025-10-18 08:00:00;NORTE;SUDESTE/CENTRO-OESTE;3635.397
2025-10-18 09:00:00;NORTE;SUDESTE/CENTRO-OESTE;3853.748
2025-10-18 10:00:00;NORTE;SUDESTE/CENTRO-OESTE;3874.467
2025-10-18 11:00:00;NORTE;SUDESTE/CENTRO-OESTE;3766.566
2025-10-18 12:00:00;NORTE;SUDESTE/CENTRO-OESTE;3622.149
2025-10-18 13:00:00;NORTE;SUDESTE/CENTRO-OESTE;3534.765
2025-10-18 14:00:00;NORTE;SUDESTE/CENTRO-OESTE;3201.118
2025-10-18 15:00:00;NORTE;SUDESTE/CENTRO-OESTE;2918.594
2025-10-18 16:00:00;NORTE;SUDESTE/CENTRO-OESTE;1785.149
2025-10-18 17:00:00;NORTE;SUDESTE/CENTRO-OESTE;1841.221
2025-10-18 18:00:00;NORTE;SUDESTE/CENTRO-OESTE;3254.957
2025-10-18 19:00:00;NORTE;SUDESTE/CENTRO-OESTE;2661.206
2025-10-18 20:00:00;NORTE;SUDESTE/CENTRO-OESTE;1897.829
2025-10-18 21:00:00;NORTE;SUDESTE/CENTRO-OESTE;1274.048
2025-10-18 22:00:00;NORTE;SUDESTE/CENTRO-OESTE;452.4
2025-10-18 23:00:00;NORTE;SUDESTE/CENTRO-OESTE;241.423
2025-10-19 00:00:00;NORTE;SUDESTE/CENTRO-OESTE;184.148
2025-10-19 01:00:00;NORTE;SUDESTE/CENTRO-OESTE;475.42
2025-10-19 02:00:00;NORTE;SUDESTE/CENTRO-OESTE;738.987
2025-10-19 03:00:00;NORTE;SUDESTE/CENTRO-OESTE;594.923
2025-10-19 04:00:00;NORTE;SUDESTE/CENTRO-OESTE;600.549
2025-10-19 05:00:00;NORTE;SUDESTE/CENTRO-OESTE;714.385
2025-10-19 06:00:00;NORTE;SUDESTE/CENTRO-OESTE;1236.579
2025-10-19 07:00:00;NORTE;SUDESTE/CENTRO-OESTE;1070.592
2025-10-19 08:00:00;NORTE;SUDESTE/CENTRO-OESTE;876.823
2025-10-19 09:00:00;NORTE;SUDESTE/CENTRO-OESTE;715.345
2025-10-19 10:00:00;NORTE;SUDESTE/CENTRO-OESTE;525.791
2025-10-19 11:00:00;NORTE;SUDESTE/CENTRO-OESTE;578.162
2025-10-19 12:00:00;NORTE;SUDESTE/CENTRO-OESTE;476.816
2025-10-19 13:00:00;NORTE;SUDESTE/CENTRO-OESTE;449.284
2025-10-19 14:00:00;NORTE;SUDESTE/CENTRO-OESTE;399.15
2025-10-19 15:00:00;NORTE;SUDESTE/CENTRO-OESTE;428.243
2025-10-19 16:00:00;NORTE;SUDESTE/CENTRO-OESTE;250.953
2025-10-19 17:00:00;NORTE;SUDESTE/CENTRO-OESTE;903.544
2025-10-19 18:00:00;NORTE;SUDESTE/CENTRO-OESTE;3276.907
2025-10-19 19:00:00;NORTE;SUDESTE/CENTRO-OESTE;3279.634
2025-10-19 20:00:00;NORTE;SUDESTE/CENTRO-OESTE;1680.34
2025-10-19 21:00:00;NORTE;SUDESTE/CENTRO-OESTE;1004.345
2025-10-19 22:00:00;NORTE;SUDESTE/CENTRO-OESTE;360.298
2025-10-19 23:00:00;NORTE;SUDESTE/CENTRO-OESTE;-197.744
2025-10-20 00:00:00;NORTE;SUDESTE/CENTRO-OESTE;-746.021
2025-10-20 01:00:00;NORTE;SUDESTE/CENTRO-OESTE;-1240.794
2025-10-20 02:00:00;NORTE;SUDESTE/CENTRO-OESTE;-1358.045
2025-10-20 03:00:00;NORTE;SUDESTE/CENTRO-OESTE;-1618.123
2025-10-20 04:00:00;NORTE;SUDESTE/CENTRO-OESTE;-1733.403
2025-10-20 05:00:00;NORTE;SUDESTE/CENTRO-OESTE;-1096.51299999
2025-10-20 06:00:00;NORTE;SUDESTE/CENTRO-OESTE;534.15599999
2025-10-20 07:00:00;NORTE;SUDESTE/CENTRO-OESTE;1508.918
2025-10-20 08:00:00;NORTE;SUDESTE/CENTRO-OESTE;1577.263
2025-10-20 09:00:00;NORTE;SUDESTE/CENTRO-OESTE;893.341
2025-10-20 10:00:00;NORTE;SUDESTE/CENTRO-OESTE;949.085
2025-10-20 11:00:00;NORTE;SUDESTE/CENTRO-OESTE;1201.413
2025-10-20 12:00:00;NORTE;SUDESTE/CENTRO-OESTE;1028.227
2025-10-20 13:00:00;NORTE;SUDESTE/CENTRO-OESTE;722.938
2025-10-20 14:00:00;NORTE;SUDESTE/CENTRO-OESTE;743.225
2025-10-20 15:00:00;NORTE;SUDESTE/CENTRO-OESTE;633.47299999
2025-10-20 16:00:00;NORTE;SUDESTE/CENTRO-OESTE;232.141
2025-10-20 17:00:00;NORTE;SUDESTE/CENTRO-OESTE;723.285
2025-10-20 18:00:00;NORTE;SUDESTE/CENTRO-OESTE;2379.996
2025-10-20 19:00:00;NORTE;SUDESTE/CENTRO-OESTE;2927.698
2025-10-20 20:00:00;NORTE;SUDESTE/CENTRO-OESTE;2012.895
2025-10-20 21:00:00;NORTE;SUDESTE/CENTRO-OESTE;1208.906
2025-10-20 22:00:00;NORTE;SUDESTE/CENTRO-OESTE;1079.702
2025-10-20 23:00:00;NORTE;SUDESTE/CENTRO-OESTE;752.193
2025-10-21 00:00:00;NORTE;SUDESTE/CENTRO-OESTE;694.799
2025-10-21 01:00:00;NORTE;SUDESTE/CENTRO-OESTE;492.397
2025-10-21 02:00:00;NORTE;SUDESTE/CENTRO-OESTE;586.424
2025-10-21 03:00:00;NORTE;SUDESTE/CENTRO-OESTE;400.706
2025-10-21 04:00:00;NORTE;SUDESTE/CENTRO-OESTE;360.978
2025-10-21 05:00:00;NORTE;SUDESTE/CENTRO-OESTE;671.315
2025-10-21 06:00:00;NORTE;SUDESTE/CENTRO-OESTE;1694.631
2025-10-21 07:00:00;NORTE;SUDESTE/CENTRO-OESTE;1442.982
2025-10-21 08:00:00;NORTE;SUDESTE/CENTRO-OESTE;591.032
2025-10-21 09:00:00;NORTE;SUDESTE/CENTRO-OESTE;170.776
2025-10-21 10:00:00;NORTE;SUDESTE/CENTRO-OESTE;156.127
2025-10-21 11:00:00;NORTE;SUDESTE/CENTRO-OESTE;418.913
2025-10-21 12:00:00;NORTE;SUDESTE/CENTRO-OESTE;123.882
2025-10-21 13:00:00;NORTE;SUDESTE/CENTRO-OESTE;207.922
2025-10-21 14:00:00;NORTE;SUDESTE/CENTRO-OESTE;833.516
2025-10-21 15:00:00;NORTE;SUDESTE/CENTRO-OESTE;1262.597
2025-10-21 16:00:00;NORTE;SUDESTE/CENTRO-OESTE;812.882
2025-10-21 17:00:00;NORTE;SUDESTE/CENTRO-OESTE;1308.569
2025-10-21 18:00:00;NORTE;SUDESTE/CENTRO-OESTE;3129.094
2025-10-21 19:00:00;NORTE;SUDESTE/CENTRO-OESTE;3936.238
2025-10-21 20:00:00;NORTE;SUDESTE/CENTRO-OESTE;2511.064
2025-10-21 21:00:00;NORTE;SUDESTE/CENTRO-OESTE;1468.282
2025-10-21 22:00:00;NORTE;SUDESTE/CENTRO-OESTE;1078.14799999
2025-10-21 23:00:00;NORTE;SUDESTE/CENTRO-OESTE;898.763
2025-10-22 00:00:00;NORTE;SUDESTE/CENTRO-OESTE;908.625
2025-10-22 01:00:00;NORTE;SUDESTE/CENTRO-OESTE;1110.489
2025-10-22 02:00:00;NORTE;SUDESTE/CENTRO-OESTE;1462.882
2025-10-22 03:00:00;NORTE;SUDESTE/CENTRO-OESTE;1752.181
2025-10-22 04:00:00;NORTE;SUDESTE/CENTRO-OESTE;1867.423
2025-10-22 05:00:00;NORTE;SUDESTE/CENTRO-OESTE;2221.11499999
2025-10-22 06:00:00;NORTE;SUDESTE/CENTRO-OESTE;2198.808
2025-10-22 07:00:00;NORTE;SUDESTE/CENTRO-OESTE;1839.45
2025-10-22 08:00:00;NORTE;SUDESTE/CENTRO-OESTE;1268.19
2025-10-22 09:00:00;NORTE;SUDESTE/CENTRO-OESTE;751.494
2025-10-22 10:00:00;NORTE;SUDESTE/CENTRO-OESTE;744.563
2025-10-22 11:00:00;NORTE;SUDESTE/CENTRO-OESTE;1003.671
2025-10-22 12:00:00;NORTE;SUDESTE/CENTRO-OESTE;647.299
2025-10-22 13:00:00;NORTE;SUDESTE/CENTRO-OESTE;752.198
2025-10-22 14:00:00;NORTE;SUDESTE/CENTRO-OESTE;990.802
2025-10-22 15:00:00;NORTE;SUDESTE/CENTRO-OESTE;790.499
2025-10-22 16:00:00;NORTE;SUDESTE/CENTRO-OESTE;566.86
2025-10-22 17:00:00;NORTE;SUDESTE/CENTRO-OESTE;1573.978
2025-10-22 18:00:00;NORTE;SUDESTE/CENTRO-OESTE;3744.983
2025-10-22 19:00:00;NORTE;SUDESTE/CENTRO-OESTE;4109.96699999
2025-10-22 20:00:00;NORTE;SUDESTE/CENTRO-OESTE;2677.035
2025-10-22 21:00:00;NORTE;SUDESTE/CENTRO-OESTE;1843.765
2025-10-22 22:00:00;NORTE;SUDESTE/CENTRO-OESTE;1231.644
2025-10-22 23:00:00;NORTE;SUDESTE/CENTRO-OESTE;908.646
2025-10-23 00:00:00;NORTE;SUDESTE/CENTRO-OESTE;1102.752
2025-10-23 01:00:00;NORTE;SUDESTE/CENTRO-OESTE;1331.682
2025-10-23 02:00:00;NORTE;SUDESTE/CENTRO-OESTE;1587.475
2025-10-23 03:00:00;NORTE;SUDESTE/CENTRO-OESTE;1734.922
2025-10-23 04:00:00;NORTE;SUDESTE/CENTRO-OESTE;1713.255
2025-10-23 05:00:00;NORTE;SUDESTE/CENTRO-OESTE;2036.719
2025-10-23 06:00:00;NORTE;SUDESTE/CENTRO-OESTE;2656.112
2025-10-23 07:00:00;NORTE;SUDESTE/CENTRO-OESTE;2358.818
2025-10-23 08:00:00;NORTE;SUDESTE/CENTRO-OESTE;1424.829
2025-10-23 09:00:00;NORTE;SUDESTE/CENTRO-OESTE;560.606
2025-10-23 10:00:00;NORTE;SUDESTE/CENTRO-OESTE;564.822
2025-10-23 11:00:00;NORTE;SUDESTE/CENTRO-OESTE;889.222
2025-10-23 12:00:00;NORTE;SUDESTE/CENTRO-OESTE;698.957
2025-10-23 13:00:00;NORTE;SUDESTE/CENTRO-OESTE;797.875
2025-10-23 14:00:00;NORTE;SUDESTE/CENTRO-OESTE;1311.04299999
2025-10-23 15:00:00;NORTE;SUDESTE/CENTRO-OESTE;1692.734
2025-10-23 16:00:00;NORTE;SUDESTE/CENTRO-OESTE;1314.832
2025-10-23 17:00:00;NORTE;SUDESTE/CENTRO-OESTE;1435.611
2025-10-23 18:00:00;NORTE;SUDESTE/CENTRO-OESTE;3500.383
2025-10-23 19:00:00;NORTE;SUDESTE/CENTRO-OESTE;3724.843
2025-10-23 20:00:00;NORTE;SUDESTE/CENTRO-OESTE;2345.547
2025-10-23 21:00:00;NORTE;SUDESTE/CENTRO-OESTE;1147.829
2025-10-23 22:00:00;NORTE;SUDESTE/CENTRO-OESTE;1107.95599999
2025-10-23 23:00:00;NORTE;SUDESTE/CENTRO-OESTE;1095.519
2025-10-24 00:00:00;NORTE;SUDESTE/CENTRO-OESTE;950.181
2025-10-24 01:00:00;NORTE;SUDESTE/CENTRO-OESTE;1275.96499999
2025-10-24 02:00:00;NORTE;SUDESTE/CENTRO-OESTE;1598.937
2025-10-24 03:00:00;NORTE;SUDESTE/CENTRO-OESTE;1721.101
2025-10-24 04:00:00;NORTE;SUDESTE/CENTRO-OESTE;1874.122
2025-10-24 05:00:00;NORTE;SUDESTE/CENTRO-OESTE;2317.521
2025-10-24 06:00:00;NORTE;SUDESTE/CENTRO-OESTE;2821.111
2025-10-24 07:00:00;NORTE;SUDESTE/CENTRO-OESTE;2607.42999999
2025-10-24 08:00:00;NORTE;SUDESTE/CENTRO-OESTE;2033.94
2025-10-24 09:00:00;NORTE;SUDESTE/CENTRO-OESTE;1434.201
2025-10-24 10:00:00;NORTE;SUDESTE/CENTRO-OESTE;1163.941
2025-10-24 11:00:00;NORTE;SUDESTE/CENTRO-OESTE;1131.977
2025-10-24 12:00:00;NORTE;SUDESTE/CENTRO-OESTE;1042.257
2025-10-24 13:00:00;NORTE;SUDESTE/CENTRO-OESTE;952.25
2025-10-24 14:00:00;NORTE;SUDESTE/CENTRO-OESTE;1200.059
2025-10-24 15:00:00;NORTE;SUDESTE/CENTRO-OESTE;1508.191
2025-10-24 16:00:00;NORTE;SUDESTE/CENTRO-OESTE;1226.56099999
2025-10-24 17:00:00;NORTE;SUDESTE/CENTRO-OESTE;1205.57099999
2025-10-24 18:00:00;NORTE;SUDESTE/CENTRO-OESTE;3749.944
2025-10-24 19:00:00;NORTE;SUDESTE/CENTRO-OESTE;3954.41
2025-10-24 20:00:00;NORTE;SUDESTE/CENTRO-OESTE;2303.288
2025-10-24 21:00:00;NORTE;SUDESTE/CENTRO-OESTE;1279.47499999
2025-10-24 22:00:00;NORTE;SUDESTE/CENTRO-OESTE;1297.174
2025-10-24 23:00:00;NORTE;SUDESTE/CENTRO-OESTE;1024.116
2025-10-25 00:00:00;NORTE;SUDESTE/CENTRO-OESTE;1030.742
2025-10-25 01:00:00;NORTE;SUDESTE/CENTRO-OESTE;1408.766
2025-10-25 02:00:00;NORTE;SUDESTE/CENTRO-OESTE;1538.695
2025-10-25 03:00:00;NORTE;SUDESTE/CENTRO-OESTE;1647.194
2025-10-25 04:00:00;NORTE;SUDESTE/CENTRO-OESTE;1672.756
2025-10-25 05:00:00;NORTE;SUDESTE/CENTRO-OESTE;1805.028
2025-10-25 06:00:00;NORTE;SUDESTE/CENTRO-OESTE;2083.073
2025-10-25 07:00:00;NORTE;SUDESTE/CENTRO-OESTE;1831.019
2025-10-25 08:00:00;NORTE;SUDESTE/CENTRO-OESTE;1679.835
2025-10-25 09:00:00;NORTE;SUDESTE/CENTRO-OESTE;1462.002
2025-10-25 10:00:00;NORTE;SUDESTE/CENTRO-OESTE;1305.679
2025-10-25 11:00:00;NORTE;SUDESTE/CENTRO-OESTE;1475.645
2025-10-25 12:00:00;NORTE;SUDESTE/CENTRO-OESTE;1591.183
2025-10-25 13:00:00;NORTE;SUDESTE/CENTRO-OESTE;1764.685
2025-10-25 14:00:00;NORTE;SUDESTE/CENTRO-OESTE;2165.696
2025-10-25 15:00:00;NORTE;SUDESTE/CENTRO-OESTE;2272.635
2025-10-25 16:00:00;NORTE;SUDESTE/CENTRO-OESTE;1950.596
2025-10-25 17:00:00;NORTE;SUDESTE/CENTRO-OESTE;2222.135
2025-10-25 18:00:00;NORTE;SUDESTE/CENTRO-OESTE;4406.801
2025-10-25 19:00:00;NORTE;SUDESTE/CENTRO-OESTE;4423.167
2025-10-25 20:00:00;NORTE;SUDESTE/CENTRO-OESTE;2533.71099999
2025-10-25 21:00:00;NORTE;SUDESTE/CENTRO-OESTE;1524.046
2025-10-25 22:00:00;NORTE;SUDESTE/CENTRO-OESTE;1376.858
2025-10-25 23:00:00;NORTE;SUDESTE/CENTRO-OESTE;1181.949
2025-10-26 00:00:00;NORTE;SUDESTE/CENTRO-OESTE;1263.493
2025-10-26 01:00:00;NORTE;SUDESTE/CENTRO-OESTE;1579.714
2025-10-26 02:00:00;NORTE;SUDESTE/CENTRO-OESTE;1732.281
2025-10-26 03:00:00;NORTE;SUDESTE/CENTRO-OESTE;1894.365
2025-10-26 04:00:00;NORTE;SUDESTE/CENTRO-OESTE;1959.947
2025-10-26 05:00:00;NORTE;SUDESTE/CENTRO-OESTE;2140.884
2025-10-26 06:00:00;NORTE;SUDESTE/CENTRO-OESTE;2222.387
2025-10-26 07:00:00;NORTE;SUDESTE/CENTRO-OESTE;1457.704
2025-10-26 08:00:00;NORTE;SUDESTE/CENTRO-OESTE;1076.07
2025-10-26 09:00:00;NORTE;SUDESTE/CENTRO-OESTE;991.768
2025-10-26 10:00:00;NORTE;SUDESTE/CENTRO-OESTE;1150.68599999
2025-10-26 11:00:00;NORTE;SUDESTE/CENTRO-OESTE;1387.307
2025-10-26 12:00:00;NORTE;SUDESTE/CENTRO-OESTE;1616.751
2025-10-26 13:00:00;NORTE;SUDESTE/CENTRO-OESTE;1557.246
2025-10-26 14:00:00;NORTE;SUDESTE/CENTRO-OESTE;1803.927
2025-10-26 15:00:00;NORTE;SUDESTE/CENTRO-OESTE;2204.862
2025-10-26 16:00:00;NORTE;SUDESTE/CENTRO-OESTE;2453.81
2025-10-26 17:00:00;NORTE;SUDESTE/CENTRO-OESTE;2448.452
2025-10-26 18:00:00;NORTE;SUDESTE/CENTRO-OESTE;3822.419
2025-10-26 19:00:00;NORTE;SUDESTE/CENTRO-OESTE;3845.708
2025-10-26 20:00:00;NORTE;SUDESTE/CENTRO-OESTE;2715.43199999
2025-10-26 21:00:00;NORTE;SUDESTE/CENTRO-OESTE;1734.935
2025-10-26 22:00:00;NORTE;SUDESTE/CENTRO-OESTE;1440.949
2025-10-26 23:00:00;NORTE;SUDESTE/CENTRO-OESTE;1152.252
2025-10-27 00:00:00;NORTE;SUDESTE/CENTRO-OESTE;1179.703
2025-10-27 01:00:00;NORTE;SUDESTE/CENTRO-OESTE;1277.296
2025-10-27 02:00:00;NORTE;SUDESTE/CENTRO-OESTE;1474.099
2025-10-27 03:00:00;NORTE;SUDESTE/CENTRO-OESTE;1646.616
2025-10-27 04:00:00;NORTE;SUDESTE/CENTRO-OESTE;1732.763
2025-10-27 05:00:00;NORTE;SUDESTE/CENTRO-OESTE;2176.649
2025-10-27 06:00:00;NORTE;SUDESTE/CENTRO-OESTE;3108.06
2025-10-27 07:00:00;NORTE;SUDESTE/CENTRO-OESTE;3096.365
2025-10-27 08:00:00;NORTE;SUDESTE/CENTRO-OESTE;3165.695
2025-10-27 09:00:00;NORTE;SUDESTE/CENTRO-OESTE;3266.447
2025-10-27 10:00:00;NORTE;SUDESTE/CENTRO-OESTE;3250.13
2025-10-27 11:00:00;NORTE;SUDESTE/CENTRO-OESTE;2832.593
2025-10-27 12:00:00;NORTE;SUDESTE/CENTRO-OESTE;2612.146
2025-10-27 13:00:00;NORTE;SUDESTE/CENTRO-OESTE;2746.957
2025-10-27 14:00:00;NORTE;SUDESTE/CENTRO-OESTE;3026.578
2025-10-27 15:00:00;NORTE;SUDESTE/CENTRO-OESTE;3060.295
2025-10-27 16:00:00;NORTE;SUDESTE/CENTRO-OESTE;2406.839
2025-10-27 17:00:00;NORTE;SUDESTE/CENTRO-OESTE;2871.661
2025-10-27 18:00:00;NORTE;SUDESTE/CENTRO-OESTE;4580.243
2025-10-27 19:00:00;NORTE;SUDESTE/CENTRO-OESTE;3937.104
2025-10-27 20:00:00;NORTE;SUDESTE/CENTRO-OESTE;1498.491
2025-10-27 21:00:00;NORTE;SUDESTE/CENTRO-OESTE;768.671
2025-10-27 22:00:00;NORTE;SUDESTE/CENTRO-OESTE;683.52599999
2025-10-27 23:00:00;NORTE;SUDESTE/CENTRO-OESTE;1075.902
2025-10-28 00:00:00;NORTE;SUDESTE/CENTRO-OESTE;1076.135
2025-10-28 01:00:00;NORTE;SUDESTE/CENTRO-OESTE;1268.526
2025-10-28 02:00:00;NORTE;SUDESTE/CENTRO-OESTE;1407.167
2025-10-28 03:00:00;NORTE;SUDESTE/CENTRO-OESTE;1600.749
2025-10-28 04:00:00;NORTE;SUDESTE/CENTRO-OESTE;1616.343
2025-10-28 05:00:00;NORTE;SUDESTE/CENTRO-OESTE;2127.006
2025-10-28 06:00:00;NORTE;SUDESTE/CENTRO-OESTE;2842.551
2025-10-28 07:00:00;NORTE;SUDESTE/CENTRO-OESTE;3250.637
2025-10-28 08:00:00;NORTE;SUDESTE/CENTRO-OESTE;3865.524
2025-10-28 09:00:00;NORTE;SUDESTE/CENTRO-OESTE;3952.923
2025-10-28 10:00:00;NORTE;SUDESTE/CENTRO-OESTE;4061.931
2025-10-28 11:00:00;NORTE;SUDESTE/CENTRO-OESTE;4012.59
2025-10-28 12:00:00;NORTE;SUDESTE/CENTRO-OESTE;3577.999
2025-10-28 13:00:00;NORTE;SUDESTE/CENTRO-OESTE;3436.133
2025-10-28 14:00:00;NORTE;SUDESTE/CENTRO-OESTE;3092.796
2025-10-28 15:00:00;NORTE;SUDESTE/CENTRO-OESTE;2808.403
2025-10-28 16:00:00;NORTE;SUDESTE/CENTRO-OESTE;2822.373
2025-10-28 17:00:00;NORTE;SUDESTE/CENTRO-OESTE;2825.258
2025-10-28 18:00:00;NORTE;SUDESTE/CENTRO-OESTE;4250.326
2025-10-28 19:00:00;NORTE;SUDESTE/CENTRO-OESTE;2724.07499999
2025-10-28 20:00:00;NORTE;SUDESTE/CENTRO-OESTE;1732.786
2025-10-28 21:00:00;NORTE;SUDESTE/CENTRO-OESTE;1767.447
2025-10-28 22:00:00;NORTE;SUDESTE/CENTRO-OESTE;1871.711
2025-10-28 23:00:00;NORTE;SUDESTE/CENTRO-OESTE;1983.304
2025-10-29 00:00:00;NORTE;SUDESTE/CENTRO-OESTE;1645.145
2025-10-29 01:00:00;NORTE;SUDESTE/CENTRO-OESTE;1438.833
2025-10-29 02:00:00;NORTE;SUDESTE/CENTRO-OESTE;1380.526
2025-10-29 03:00:00;NORTE;SUDESTE/CENTRO-OESTE;1519.298
2025-10-29 04:00:00;NORTE;SUDESTE/CENTRO-OESTE;1492.778
2025-10-29 05:00:00;NORTE;SUDESTE/CENTRO-OESTE;1845.214
2025-10-29 06:00:00;NORTE;SUDESTE/CENTRO-OESTE;2892.777
2025-10-29 07:00:00;NORTE;SUDESTE/CENTRO-OESTE;3497.313
2025-10-29 08:00:00;NORTE;SUDESTE/CENTRO-OESTE;3283.854
2025-10-29 09:00:00;NORTE;SUDESTE/CENTRO-OESTE;3331.821
2025-10-29 10:00:00;NORTE;SUDESTE/CENTRO-OESTE;3495.75
2025-10-29 11:00:00;NORTE;SUDESTE/CENTRO-OESTE;3467.873
2025-10-29 12:00:00;NORTE;SUDESTE/CENTRO-OESTE;3417.353
2025-10-29 13:00:00;NORTE;SUDESTE/CENTRO-OESTE;3449.337
2025-10-29 14:00:00;NORTE;SUDESTE/CENTRO-OESTE;3232.291
2025-10-29 15:00:00;NORTE;SUDESTE/CENTRO-OESTE;3207.054
2025-10-29 16:00:00;NORTE;SUDESTE/CENTRO-OESTE;3025.501
2025-10-29 17:00:00;NORTE;SUDESTE/CENTRO-OESTE;2605.018
2025-10-29 18:00:00;NORTE;SUDESTE/CENTRO-OESTE;4267.47999999
2025-10-29 19:00:00;NORTE;SUDESTE/CENTRO-OESTE;3142.465
2025-10-29 20:00:00;NORTE;SUDESTE/CENTRO-OESTE;2077.51899999
2025-10-29 21:00:00;NORTE;SUDESTE/CENTRO-OESTE;2197.341
2025-10-29 22:00:00;NORTE;SUDESTE/CENTRO-OESTE;2406.12
2025-10-29 23:00:00;NORTE;SUDESTE/CENTRO-OESTE;2000.17
2025-10-30 00:00:00;NORTE;SUDESTE/CENTRO-OESTE;1705.295
2025-10-30 01:00:00;NORTE;SUDESTE/CENTRO-OESTE;1580.013
2025-10-30 02:00:00;NORTE;SUDESTE/CENTRO-OESTE;1454.248
2025-10-30 03:00:00;NORTE;SUDESTE/CENTRO-OESTE;1531.946
2025-10-30 04:00:00;NORTE;SUDESTE/CENTRO-OESTE;1671.685
2025-10-30 05:00:00;NORTE;SUDESTE/CENTRO-OESTE;2029.899
2025-10-30 06:00:00;NORTE;SUDESTE/CENTRO-OESTE;2920.141
2025-10-30 07:00:00;NORTE;SUDESTE/CENTRO-OESTE;3061.78
2025-10-30 08:00:00;NORTE;SUDESTE/CENTRO-OESTE;3112.433
2025-10-30 09:00:00;NORTE;SUDESTE/CENTRO-OESTE;3144.13
2025-10-30 10:00:00;NORTE;SUDESTE/CENTRO-OESTE;2944.755
2025-10-30 11:00:00;NORTE;SUDESTE/CENTRO-OESTE;2711.016
2025-10-30 12:00:00;NORTE;SUDESTE/CENTRO-OESTE;2451.22899999
2025-10-30 13:00:00;NORTE;SUDESTE/CENTRO-OESTE;2505.01
2025-10-30 14:00:00;NORTE;SUDESTE/CENTRO-OESTE;2685.73999999
2025-10-30 15:00:00;NORTE;SUDESTE/CENTRO-OESTE;2657.14
2025-10-30 16:00:00;NORTE;SUDESTE/CENTRO-OESTE;2134.866
2025-10-30 17:00:00;NORTE;SUDESTE/CENTRO-OESTE;2037.733
2025-10-30 18:00:00;NORTE;SUDESTE/CENTRO-OESTE;3480.494
2025-10-30 19:00:00;NORTE;SUDESTE/CENTRO-OESTE;4300.008
2025-10-30 20:00:00;NORTE;SUDESTE/CENTRO-OESTE;3794.746
2025-10-30 21:00:00;NORTE;SUDESTE/CENTRO-OESTE;2570.118
2025-10-30 22:00:00;NORTE;SUDESTE/CENTRO-OESTE;1852.426
2025-10-30 23:00:00;NORTE;SUDESTE/CENTRO-OESTE;1600.919
2025-10-31 00:00:00;NORTE;SUDESTE/CENTRO-OESTE;1268.691
2025-10-31 01:00:00;NORTE;SUDESTE/CENTRO-OESTE;1342.125
2025-10-31 02:00:00;NORTE;SUDESTE/CENTRO-OESTE;1499.962
2025-10-31 03:00:00;NORTE;SUDESTE/CENTRO-OESTE;1753.641
2025-10-31 04:00:00;NORTE;SUDESTE/CENTRO-OESTE;1876.883
2025-10-31 05:00:00;NORTE;SUDESTE/CENTRO-OESTE;2244.006
2025-10-31 06:00:00;NORTE;SUDESTE/CENTRO-OESTE;3271.138
2025-10-31 07:00:00;NORTE;SUDESTE/CENTRO-OESTE;3585.87
2025-10-31 08:00:00;NORTE;SUDESTE/CENTRO-OESTE;3352.838
2025-10-31 09:00:00;NORTE;SUDESTE/CENTRO-OESTE;3138.829
2025-10-31 10:00:00;NORTE;SUDESTE/CENTRO-OESTE;2635.146
2025-10-31 11:00:00;NORTE;SUDESTE/CENTRO-OESTE;2694.69
2025-10-31 12:00:00;NORTE;SUDESTE/CENTRO-OESTE;2486.18199999
2025-10-31 13:00:00;NORTE;SUDESTE/CENTRO-OESTE;2314.132
2025-10-31 14:00:00;NORTE;SUDESTE/CENTRO-OESTE;2448.92099999
2025-10-31 15:00:00;NORTE;SUDESTE/CENTRO-OESTE;2421.746
2025-10-31 16:00:00;NORTE;SUDESTE/CENTRO-OESTE;1970.574
2025-10-31 17:00:00;NORTE;SUDESTE/CENTRO-OESTE;2504.003
2025-10-31 18:00:00;NORTE;SUDESTE/CENTRO-OESTE;4303.178
2025-10-31 19:00:00;NORTE;SUDESTE/CENTRO-OESTE;4747.358
2025-10-31 20:00:00;NORTE;SUDESTE/CENTRO-OESTE;3225.759
2025-10-31 21:00:00;NORTE;SUDESTE/CENTRO-OESTE;2244.806
2025-10-31 22:00:00;NORTE;SUDESTE/CENTRO-OESTE;1776.264
2025-10-31 23:00:00;NORTE;SUDESTE/CENTRO-OESTE;1556.369
