din_instante;id_subsistema_origem;nom_subsistema_origem;id_subsistema_destino;nom_subsistema_destino;val_intercambiomwmed
2024-01-01;N;NORTE;NE;NORDESTE;44758.20499999
2024-01-01;N;NORTE;SE;SUDESTE;-63829.894
2024-01-01;NE;NORDESTE;SE;SUDESTE;-49403.63999999
2024-01-01;SE;SUDESTE;S;SUL;-78008.76999998
2024-01-02;N;NORTE;NE;NORDESTE;45037.59299998
2024-01-02;N;NORTE;SE;SUDESTE;-67918.02299997
2024-01-02;NE;NORDESTE;SE;SUDESTE;-43266.132999990004
2024-01-02;SE;SUDESTE;S;SUL;-106262.42499998
2024-01-03;N;NORTE;NE;NORDESTE;37878.83399998
2024-01-03;N;NORTE;SE;SUDESTE;-55623.59299997
2024-01-03;NE;NORDESTE;SE;SUDESTE;-31545.216
2024-01-03;SE;SUDESTE;S;SUL;-104063.59199998
2024-01-04;N;NORTE;NE;NORDESTE;31021.02499999
2024-01-04;N;NORTE;SE;SUDESTE;-48848.304000000004
2024-01-04;NE;NORDESTE;SE;SUDESTE;-23747.749
2024-01-04;SE;SUDESTE;S;SUL;-91809.24499995
2024-01-05;N;NORTE;NE;NORDESTE;24483.72199999
2024-01-05;N;NORTE;SE;SUDESTE;-43554.95199996
2024-01-05;NE;NORDESTE;SE;SUDESTE;-17379.261999989998
2024-01-05;SE;SUDESTE;S;SUL;-93621.81599999
2024-01-06;N;NORTE;NE;NORDESTE;-7714.506000010001
2024-01-06;N;NORTE;SE;SUDESTE;-33926.57299996
2024-01-06;NE;NORDESTE;SE;SUDESTE;5368.82300001
2024-01-06;SE;SUDESTE;S;SUL;-54810.415
2024-01-07;N;NORTE;NE;NORDESTE;2150.6889999799996
2024-01-07;N;NORTE;SE;SUDESTE;-39582.577
2024-01-07;NE;NORDESTE;SE;SUDESTE;7481.60499998
2024-01-07;SE;SUDESTE;S;SUL;-38209.14099998
2024-01-08;N;NORTE;NE;NORDESTE;33259.98799999
2024-01-08;N;NORTE;SE;SUDESTE;-51930.29699999
2024-01-08;NE;NORDESTE;SE;SUDESTE;-13856.16500001
2024-01-08;SE;SUDESTE;S;SUL;-29334.84599999
2024-01-09;N;NORTE;NE;NORDESTE;6467.84600001
2024-01-09;N;NORTE;SE;SUDESTE;-13899.74100003
2024-01-09;NE;NORDESTE;SE;SUDESTE;40315.01999998
2024-01-09;SE;SUDESTE;S;SUL;2198.599000020001
2024-01-10;N;NORTE;NE;NORDESTE;-12800.95399995
2024-01-10;N;NORTE;SE;SUDESTE;2944.53099998
2024-01-10;NE;NORDESTE;SE;SUDESTE;60811.54699997
2024-01-10;SE;SUDESTE;S;SUL;-177.5649999999996
2024-01-11;N;NORTE;NE;NORDESTE;-9521.35299999
2024-01-11;N;NORTE;SE;SUDESTE;11090.95099999
2024-01-11;NE;NORDESTE;SE;SUDESTE;53872.09499999
2024-01-11;SE;SUDESTE;S;SUL;3745.92299998
2024-01-12;N;NORTE;NE;NORDESTE;9795.53200001
2024-01-12;N;NORTE;SE;SUDESTE;11049.36200001
2024-01-12;NE;NORDESTE;SE;SUDESTE;39146.516999960004
2024-01-12;SE;SUDESTE;S;SUL;-19368.66099997
2024-01-13;N;NORTE;NE;NORDESTE;3675.64299999
2024-01-13;N;NORTE;SE;SUDESTE;-203.69500000000005
2024-01-13;NE;NORDESTE;SE;SUDESTE;33972.876999960004
2024-01-13;SE;SUDESTE;S;SUL;-41378.94399996
2024-01-14;N;NORTE;NE;NORDESTE;-20889.25099999
2024-01-14;N;NORTE;SE;SUDESTE;28294.855999990003
2024-01-14;NE;NORDESTE;SE;SUDESTE;53368.03499999
2024-01-14;SE;SUDESTE;S;SUL;27540.17299998
2024-01-15;N;NORTE;NE;NORDESTE;-20065.93399997
2024-01-15;N;NORTE;SE;SUDESTE;35850.80599997
2024-01-15;NE;NORDESTE;SE;SUDESTE;59665.422999970004
2024-01-15;SE;SUDESTE;S;SUL;45316.48799999
2024-01-16;N;NORTE;NE;NORDESTE;-47905.96399999
2024-01-16;N;NORTE;SE;SUDESTE;59461.859000000004
2024-01-16;NE;NORDESTE;SE;SUDESTE;85158.255
2024-01-16;SE;SUDESTE;S;SUL;35015.02399999
2024-01-17;N;NORTE;NE;NORDESTE;-32519.34799998
2024-01-17;N;NORTE;SE;SUDESTE;59425.77499998
2024-01-17;NE;NORDESTE;SE;SUDESTE;76300.61799998
2024-01-17;SE;SUDESTE;S;SUL;-29124.557
2024-01-18;N;NORTE;NE;NORDESTE;4588.9220000000005
2024-01-18;N;NORTE;SE;SUDESTE;30374.66899998
2024-01-18;NE;NORDESTE;SE;SUDESTE;43845.06699997
2024-01-18;SE;SUDESTE;S;SUL;-56972.608999949996
2024-01-19;N;NORTE;NE;NORDESTE;23271.28499995
2024-01-19;N;NORTE;SE;SUDESTE;18584.48599997
2024-01-19;NE;NORDESTE;SE;SUDESTE;22736.496999990002
2024-01-19;SE;SUDESTE;S;SUL;-41047.242999990005
2024-01-20;N;NORTE;NE;NORDESTE;42842.13399996
2024-01-20;N;NORTE;SE;SUDESTE;-3326.1680000300003
2024-01-20;NE;NORDESTE;SE;SUDESTE;3128.42400001
2024-01-20;SE;SUDESTE;S;SUL;-55245.02099997
2024-01-21;N;NORTE;NE;NORDESTE;39639.779
2024-01-21;N;NORTE;SE;SUDESTE;-21999.25599997
2024-01-21;NE;NORDESTE;SE;SUDESTE;-20906.86699999
2024-01-21;SE;SUDESTE;S;SUL;-65488.31799997
2024-01-22;N;NORTE;NE;NORDESTE;55024.22099999
2024-01-22;N;NORTE;SE;SUDESTE;-24887.49999999
2024-01-22;NE;NORDESTE;SE;SUDESTE;-21954.03699998
2024-01-22;SE;SUDESTE;S;SUL;-68217.43599997999
2024-01-23;N;NORTE;NE;NORDESTE;51107.83599998
2024-01-23;N;NORTE;SE;SUDESTE;-22175.96399999
2024-01-23;NE;NORDESTE;SE;SUDESTE;-15255.63099998
2024-01-23;SE;SUDESTE;S;SUL;-101254.78199999
2024-01-24;N;NORTE;NE;NORDESTE;51684.43999998
2024-01-24;N;NORTE;SE;SUDESTE;-32500.68999999
2024-01-24;NE;NORDESTE;SE;SUDESTE;-30148.72199998
2024-01-24;SE;SUDESTE;S;SUL;-101965.59499998
2024-01-25;N;NORTE;NE;NORDESTE;52094.38399999
2024-01-25;N;NORTE;SE;SUDESTE;-44358.40399997
2024-01-25;NE;NORDESTE;SE;SUDESTE;-26023.395
2024-01-25;SE;SUDESTE;S;SUL;-86424.01199999
2024-01-26;N;NORTE;NE;NORDESTE;18325.205999949998
2024-01-26;N;NORTE;SE;SUDESTE;-21896.129000020002
2024-01-26;NE;NORDESTE;SE;SUDESTE;6758.22499999
2024-01-26;SE;SUDESTE;S;SUL;-61610.05899995
2024-01-27;N;NORTE;NE;NORDESTE;311.94099998
2024-01-27;N;NORTE;SE;SUDESTE;-3962.2539999899996
2024-01-27;NE;NORDESTE;SE;SUDESTE;25799.08
2024-01-27;SE;SUDESTE;S;SUL;-37638.044999980004
2024-01-28;N;NORTE;NE;NORDESTE;-1661.6550000199995
2024-01-28;N;NORTE;SE;SUDESTE;11176.62100001
2024-01-28;NE;NORDESTE;SE;SUDESTE;31997.075
2024-01-28;SE;SUDESTE;S;SUL;-38470.55
2024-01-29;N;NORTE;NE;NORDESTE;-10094.35899998
2024-01-29;N;NORTE;SE;SUDESTE;53012.36599999
2024-01-29;NE;NORDESTE;SE;SUDESTE;40425.762
2024-01-29;SE;SUDESTE;S;SUL;-11538.47699999
2024-01-30;N;NORTE;NE;NORDESTE;15818.55799999
2024-01-30;N;NORTE;SE;SUDESTE;45255.31599997
2024-01-30;NE;NORDESTE;SE;SUDESTE;36299.68599997
2024-01-30;SE;SUDESTE;S;SUL;-2871.1879999999996
2024-01-31;N;NORTE;NE;NORDESTE;480.99500001
2024-01-31;N;NORTE;SE;SUDESTE;60392.72899999
2024-01-31;NE;NORDESTE;SE;SUDESTE;63054.28699999
2024-01-31;SE;SUDESTE;S;SUL;23696.33499998
2024-02-01;N;NORTE;NE;NORDESTE;-41705.60099999
2024-02-01;N;NORTE;SE;SUDESTE;92155.48399996
2024-02-01;NE;NORDESTE;SE;SUDESTE;96876.60199997001
2024-02-01;SE;SUDESTE;S;SUL;98471.54499997
2024-02-02;N;NORTE;NE;NORDESTE;-45702.70399995
2024-02-02;N;NORTE;SE;SUDESTE;109244.84999997
2024-02-02;NE;NORDESTE;SE;SUDESTE;91924.70299999
2024-02-02;SE;SUDESTE;S;SUL;58011.827999990004
2024-02-03;N;NORTE;NE;NORDESTE;-45824.97399999
2024-02-03;N;NORTE;SE;SUDESTE;127463.43499998
2024-02-03;NE;NORDESTE;SE;SUDESTE;97538.56599997
2024-02-03;SE;SUDESTE;S;SUL;72318.28099996
2024-02-04;N;NORTE;NE;NORDESTE;-61412.53199998
2024-02-04;N;NORTE;SE;SUDESTE;130915.75799997
2024-02-04;NE;NORDESTE;SE;SUDESTE;108741.88599996
2024-02-04;SE;SUDESTE;S;SUL;81588.93899996
2024-02-05;N;NORTE;NE;NORDESTE;-54449.85699994
2024-02-05;N;NORTE;SE;SUDESTE;166004.25299997
2024-02-05;NE;NORDESTE;SE;SUDESTE;113702.20299994
2024-02-05;SE;SUDESTE;S;SUL;74545.74099995
2024-02-06;N;NORTE;NE;NORDESTE;-13054.85199997
2024-02-06;N;NORTE;SE;SUDESTE;165143.70699999
2024-02-06;NE;NORDESTE;SE;SUDESTE;93614.14699998
2024-02-06;SE;SUDESTE;S;SUL;56854.711
2024-02-07;N;NORTE;NE;NORDESTE;8445.46399997
2024-02-07;N;NORTE;SE;SUDESTE;181285.03699997
2024-02-07;NE;NORDESTE;SE;SUDESTE;77400.70699998
2024-02-07;SE;SUDESTE;S;SUL;75861.89199994999
2024-02-08;N;NORTE;NE;NORDESTE;27236.44599998
2024-02-08;N;NORTE;SE;SUDESTE;154403.85899996
2024-02-08;NE;NORDESTE;SE;SUDESTE;61439.55499998
2024-02-08;SE;SUDESTE;S;SUL;65243.816999970004
2024-02-09;N;NORTE;NE;NORDESTE;32108.23
2024-02-09;N;NORTE;SE;SUDESTE;162032.48299994
2024-02-09;NE;NORDESTE;SE;SUDESTE;59874.34999998
2024-02-09;SE;SUDESTE;S;SUL;60974.49799999
2024-02-10;N;NORTE;NE;NORDESTE;7311.905
2024-02-10;N;NORTE;SE;SUDESTE;154111.01799997
2024-02-10;NE;NORDESTE;SE;SUDESTE;73910.16799998
2024-02-10;SE;SUDESTE;S;SUL;59182.378999990004
2024-02-11;N;NORTE;NE;NORDESTE;-41404.26599998
2024-02-11;N;NORTE;SE;SUDESTE;161054.32699995
2024-02-11;NE;NORDESTE;SE;SUDESTE;105630.49499997
2024-02-11;SE;SUDESTE;S;SUL;72203.59399997
2024-02-12;N;NORTE;NE;NORDESTE;-64776.96699997
2024-02-12;N;NORTE;SE;SUDESTE;206969.60799995
2024-02-12;NE;NORDESTE;SE;SUDESTE;109866.67199995
2024-02-12;SE;SUDESTE;S;SUL;86769.735
2024-02-13;N;NORTE;NE;NORDESTE;-25103.94799998
2024-02-13;N;NORTE;SE;SUDESTE;177037.40799998
2024-02-13;NE;NORDESTE;SE;SUDESTE;93811.19799999
2024-02-13;SE;SUDESTE;S;SUL;64822.20500001
2024-02-14;N;NORTE;NE;NORDESTE;41086.30199997
2024-02-14;N;NORTE;SE;SUDESTE;129845.19899998
2024-02-14;NE;NORDESTE;SE;SUDESTE;41628.42299999
2024-02-14;SE;SUDESTE;S;SUL;-2295.0210000099996
2024-02-15;N;NORTE;NE;NORDESTE;63710.28999998
2024-02-15;N;NORTE;SE;SUDESTE;111004.61499998
2024-02-15;NE;NORDESTE;SE;SUDESTE;16277.02999999
2024-02-15;SE;SUDESTE;S;SUL;-34777.764
2024-02-16;N;NORTE;NE;NORDESTE;54749.95599998
2024-02-16;N;NORTE;SE;SUDESTE;110803.17799998
2024-02-16;NE;NORDESTE;SE;SUDESTE;21903.96400001
2024-02-16;SE;SUDESTE;S;SUL;-22549.41999999
2024-02-17;N;NORTE;NE;NORDESTE;51173.24099998
2024-02-17;N;NORTE;SE;SUDESTE;71512.91899997
2024-02-17;NE;NORDESTE;SE;SUDESTE;10411.817000000001
2024-02-17;SE;SUDESTE;S;SUL;-11022.34399999
2024-02-18;N;NORTE;NE;NORDESTE;43931.83699994
2024-02-18;N;NORTE;SE;SUDESTE;60229.37499999
2024-02-18;NE;NORDESTE;SE;SUDESTE;15352.44199997
2024-02-18;SE;SUDESTE;S;SUL;17296.56200001
2024-02-19;N;NORTE;NE;NORDESTE;68788.194
2024-02-19;N;NORTE;SE;SUDESTE;125147.86099998
2024-02-19;NE;NORDESTE;SE;SUDESTE;5291.34
2024-02-19;SE;SUDESTE;S;SUL;14552.38899999
2024-02-20;N;NORTE;NE;NORDESTE;102586.02999998
2024-02-20;N;NORTE;SE;SUDESTE;107775.19999998
2024-02-20;NE;NORDESTE;SE;SUDESTE;-12023.94699999
2024-02-20;SE;SUDESTE;S;SUL;-8949.90799999
2024-02-21;N;NORTE;NE;NORDESTE;91805.05799996
2024-02-21;N;NORTE;SE;SUDESTE;101540.67399998
2024-02-21;NE;NORDESTE;SE;SUDESTE;-9451.714
2024-02-21;SE;SUDESTE;S;SUL;4132.26999999
2024-02-22;N;NORTE;NE;NORDESTE;88291.52599995
2024-02-22;N;NORTE;SE;SUDESTE;53547.87599997
2024-02-22;NE;NORDESTE;SE;SUDESTE;-9208.44899998
2024-02-22;SE;SUDESTE;S;SUL;4930.301000009999
2024-02-23;N;NORTE;NE;NORDESTE;68738.37399999
2024-02-23;N;NORTE;SE;SUDESTE;70637.72199997
2024-02-23;NE;NORDESTE;SE;SUDESTE;23306.94799998
2024-02-23;SE;SUDESTE;S;SUL;5862.68400001
2024-02-24;N;NORTE;NE;NORDESTE;-30439.936
2024-02-24;N;NORTE;SE;SUDESTE;130350.41699997
2024-02-24;NE;NORDESTE;SE;SUDESTE;96702.47499999
2024-02-24;SE;SUDESTE;S;SUL;75152.58099996
2024-02-25;N;NORTE;NE;NORDESTE;-42362.53300002
2024-02-25;N;NORTE;SE;SUDESTE;109405.18499994
2024-02-25;NE;NORDESTE;SE;SUDESTE;97620.58999995
2024-02-25;SE;SUDESTE;S;SUL;63628.85499998
2024-02-26;N;NORTE;NE;NORDESTE;-7666.424
2024-02-26;N;NORTE;SE;SUDESTE;185285.44999998
2024-02-26;NE;NORDESTE;SE;SUDESTE;78862.32199996
2024-02-26;SE;SUDESTE;S;SUL;60881.65999995
2024-02-27;N;NORTE;NE;NORDESTE;14551.51600001
2024-02-27;N;NORTE;SE;SUDESTE;198030.08299991
2024-02-27;NE;NORDESTE;SE;SUDESTE;76770.64699997
2024-02-27;SE;SUDESTE;S;SUL;77326.78799999
2024-02-28;N;NORTE;NE;NORDESTE;55199.13999997
2024-02-28;N;NORTE;SE;SUDESTE;136761.42599997
2024-02-28;NE;NORDESTE;SE;SUDESTE;31652.94399998
2024-02-28;SE;SUDESTE;S;SUL;34621.43599992
2024-02-29;N;NORTE;NE;NORDESTE;77077.66299998
2024-02-29;N;NORTE;SE;SUDESTE;88467.32499999
2024-02-29;NE;NORDESTE;SE;SUDESTE;7366.5650000099995
2024-02-29;SE;SUDESTE;S;SUL;7759.30999999
2024-03-01;N;NORTE;NE;NORDESTE;98414.36399996
2024-03-01;N;NORTE;SE;SUDESTE;95553.26599998
2024-03-01;NE;NORDESTE;SE;SUDESTE;-11007.62100002
2024-03-01;SE;SUDESTE;S;SUL;-1220.2040000100003
2024-03-02;N;NORTE;NE;NORDESTE;83254.88599999
2024-03-02;N;NORTE;SE;SUDESTE;82385.77099998
2024-03-02;NE;NORDESTE;SE;SUDESTE;-1389.8730000000005
2024-03-02;SE;SUDESTE;S;SUL;15077.96400001
2024-03-03;N;NORTE;NE;NORDESTE;56881.24999997
2024-03-03;N;NORTE;SE;SUDESTE;67028.84299997
2024-03-03;NE;NORDESTE;SE;SUDESTE;21709.536
2024-03-03;SE;SUDESTE;S;SUL;37461.04199999
2024-03-04;N;NORTE;NE;NORDESTE;85553.29599998001
2024-03-04;N;NORTE;SE;SUDESTE;109980.58099999
2024-03-04;NE;NORDESTE;SE;SUDESTE;10741.24799992
2024-03-04;SE;SUDESTE;S;SUL;8502.40799998
2024-03-05;N;NORTE;NE;NORDESTE;65940.29499996
2024-03-05;N;NORTE;SE;SUDESTE;162639.40599995
2024-03-05;NE;NORDESTE;SE;SUDESTE;38448.06500001
2024-03-05;SE;SUDESTE;S;SUL;18210.97500001
2024-03-06;N;NORTE;NE;NORDESTE;10080.60099998
2024-03-06;N;NORTE;SE;SUDESTE;186761.64499994
2024-03-06;NE;NORDESTE;SE;SUDESTE;77057.42299998
2024-03-06;SE;SUDESTE;S;SUL;56539.36699998
2024-03-07;N;NORTE;NE;NORDESTE;-10137.54700001
2024-03-07;N;NORTE;SE;SUDESTE;186942.71699995
2024-03-07;NE;NORDESTE;SE;SUDESTE;82518.26799995
2024-03-07;SE;SUDESTE;S;SUL;58640.07299997
2024-03-08;N;NORTE;NE;NORDESTE;-16655.89999998
2024-03-08;N;NORTE;SE;SUDESTE;197859.86199994
2024-03-08;NE;NORDESTE;SE;SUDESTE;82934.04699999001
2024-03-08;SE;SUDESTE;S;SUL;53033.21500001
2024-03-09;N;NORTE;NE;NORDESTE;7650.788999990001
2024-03-09;N;NORTE;SE;SUDESTE;175927.06599998
2024-03-09;NE;NORDESTE;SE;SUDESTE;56359.14599996
2024-03-09;SE;SUDESTE;S;SUL;28243.187999989997
2024-03-10;N;NORTE;NE;NORDESTE;15501.73599997
2024-03-10;N;NORTE;SE;SUDESTE;94139.99999994
2024-03-10;NE;NORDESTE;SE;SUDESTE;55311.11799996
2024-03-10;SE;SUDESTE;S;SUL;5324.89900001
2024-03-11;N;NORTE;NE;NORDESTE;59732.77299998
2024-03-11;N;NORTE;SE;SUDESTE;163456.51599999
2024-03-11;NE;NORDESTE;SE;SUDESTE;21485.04799994
2024-03-11;SE;SUDESTE;S;SUL;3445.9519999800004
2024-03-12;N;NORTE;NE;NORDESTE;71995.35899998
2024-03-12;N;NORTE;SE;SUDESTE;165851.52899996
2024-03-12;NE;NORDESTE;SE;SUDESTE;15792.55699999
2024-03-12;SE;SUDESTE;S;SUL;-541.2189999900002
2024-03-13;N;NORTE;NE;NORDESTE;63095.01499997
2024-03-13;N;NORTE;SE;SUDESTE;159839.01899995998
2024-03-13;NE;NORDESTE;SE;SUDESTE;43309.03999998
2024-03-13;SE;SUDESTE;S;SUL;13274.92799998
2024-03-14;N;NORTE;NE;NORDESTE;31797.217
2024-03-14;N;NORTE;SE;SUDESTE;171915.08299995
2024-03-14;NE;NORDESTE;SE;SUDESTE;60933.30799999
2024-03-14;SE;SUDESTE;S;SUL;31982.01399997
2024-03-15;N;NORTE;NE;NORDESTE;-3558.0359999899997
2024-03-15;N;NORTE;SE;SUDESTE;173158.16699994
2024-03-15;NE;NORDESTE;SE;SUDESTE;88196.89499999
2024-03-15;SE;SUDESTE;S;SUL;44106.18599997
2024-03-16;N;NORTE;NE;NORDESTE;-4593.910000020001
2024-03-16;N;NORTE;SE;SUDESTE;172190.84899997
2024-03-16;NE;NORDESTE;SE;SUDESTE;71310.33699995
2024-03-16;SE;SUDESTE;S;SUL;30029.50999997
2024-03-17;N;NORTE;NE;NORDESTE;-2955.8950000099994
2024-03-17;N;NORTE;SE;SUDESTE;124387.09099996
2024-03-17;NE;NORDESTE;SE;SUDESTE;60864.46499998
2024-03-17;SE;SUDESTE;S;SUL;18712.42199998
2024-03-18;N;NORTE;NE;NORDESTE;36520.40999999
2024-03-18;N;NORTE;SE;SUDESTE;162008.31599998
2024-03-18;NE;NORDESTE;SE;SUDESTE;46454.65199995
2024-03-18;SE;SUDESTE;S;SUL;275.9359999799997
2024-03-19;N;NORTE;NE;NORDESTE;20479.23599998
2024-03-19;N;NORTE;SE;SUDESTE;178342.39899995
2024-03-19;NE;NORDESTE;SE;SUDESTE;62199.46399998
2024-03-19;SE;SUDESTE;S;SUL;9726.716
2024-03-20;N;NORTE;NE;NORDESTE;43644.33799999
2024-03-20;N;NORTE;SE;SUDESTE;152240.61899995
2024-03-20;NE;NORDESTE;SE;SUDESTE;46993.16899995
2024-03-20;SE;SUDESTE;S;SUL;-28.315000019999417
2024-03-21;N;NORTE;NE;NORDESTE;37786.82499999
2024-03-21;N;NORTE;SE;SUDESTE;157153.58399998
2024-03-21;NE;NORDESTE;SE;SUDESTE;52947.82899998
2024-03-21;SE;SUDESTE;S;SUL;-22181.51799999
2024-03-22;N;NORTE;NE;NORDESTE;33853.16399998
2024-03-22;N;NORTE;SE;SUDESTE;139592.67699999
2024-03-22;NE;NORDESTE;SE;SUDESTE;51311.82799998
2024-03-22;SE;SUDESTE;S;SUL;-15420.133
2024-03-23;N;NORTE;NE;NORDESTE;20038.31999999
2024-03-23;N;NORTE;SE;SUDESTE;103965.27399997
2024-03-23;NE;NORDESTE;SE;SUDESTE;62685.84899998
2024-03-23;SE;SUDESTE;S;SUL;18833.08099997
2024-03-24;N;NORTE;NE;NORDESTE;-24756.00899998
2024-03-24;N;NORTE;SE;SUDESTE;106459.02599999
2024-03-24;NE;NORDESTE;SE;SUDESTE;85970.53499997
2024-03-24;SE;SUDESTE;S;SUL;74863.53299998
2024-03-25;N;NORTE;NE;NORDESTE;-2770.3189999800015
2024-03-25;N;NORTE;SE;SUDESTE;177694.41299996
2024-03-25;NE;NORDESTE;SE;SUDESTE;70568.21399998
2024-03-25;SE;SUDESTE;S;SUL;78844.55999996999
2024-03-26;N;NORTE;NE;NORDESTE;76580.824
2024-03-26;N;NORTE;SE;SUDESTE;152477.404
2024-03-26;NE;NORDESTE;SE;SUDESTE;18287.34199996
2024-03-26;SE;SUDESTE;S;SUL;46915.165
2024-03-27;N;NORTE;NE;NORDESTE;42891.71099998
2024-03-27;N;NORTE;SE;SUDESTE;169071.56299996
2024-03-27;NE;NORDESTE;SE;SUDESTE;50781.187999969996
2024-03-27;SE;SUDESTE;S;SUL;73524.62599998
2024-03-28;N;NORTE;NE;NORDESTE;-25385.75399999
2024-03-28;N;NORTE;SE;SUDESTE;185661.14599997
2024-03-28;NE;NORDESTE;SE;SUDESTE;87134.08299997
2024-03-28;SE;SUDESTE;S;SUL;106519.48599997
2024-03-29;N;NORTE;NE;NORDESTE;-17334.85699999
2024-03-29;N;NORTE;SE;SUDESTE;138415.36399995
2024-03-29;NE;NORDESTE;SE;SUDESTE;97271.69599995
2024-03-29;SE;SUDESTE;S;SUL;129109.03099998
2024-03-30;N;NORTE;NE;NORDESTE;64028.08999999
2024-03-30;N;NORTE;SE;SUDESTE;113972.35299998
2024-03-30;NE;NORDESTE;SE;SUDESTE;40982.33999999
2024-03-30;SE;SUDESTE;S;SUL;90241.56699998
2024-03-31;N;NORTE;NE;NORDESTE;67526.15499997
2024-03-31;N;NORTE;SE;SUDESTE;134908.29499999
2024-03-31;NE;NORDESTE;SE;SUDESTE;9640.994999999999
2024-03-31;SE;SUDESTE;S;SUL;93096.53999999
2024-04-01;N;NORTE;NE;NORDESTE;79318.20099997
2024-04-01;N;NORTE;SE;SUDESTE;97858.11699994
2024-04-01;NE;NORDESTE;SE;SUDESTE;1749.17999998
2024-04-01;SE;SUDESTE;S;SUL;27156.68899999
2024-04-02;N;NORTE;NE;NORDESTE;104528.39099999
2024-04-02;N;NORTE;SE;SUDESTE;102114.58199996
2024-04-02;NE;NORDESTE;SE;SUDESTE;-2419.87900001
2024-04-02;SE;SUDESTE;S;SUL;5475.80900001
2024-04-03;N;NORTE;NE;NORDESTE;92413.60699998
2024-04-03;N;NORTE;SE;SUDESTE;99701.07499999
2024-04-03;NE;NORDESTE;SE;SUDESTE;-1663.4850000000006
2024-04-03;SE;SUDESTE;S;SUL;-363.9790000000002
2024-04-04;N;NORTE;NE;NORDESTE;88838.12299997
2024-04-04;N;NORTE;SE;SUDESTE;86013.19799998
2024-04-04;NE;NORDESTE;SE;SUDESTE;10484.03099997
2024-04-04;SE;SUDESTE;S;SUL;15755.99499999
2024-04-05;N;NORTE;NE;NORDESTE;48965.56499998
2024-04-05;N;NORTE;SE;SUDESTE;99967.78099998001
2024-04-05;NE;NORDESTE;SE;SUDESTE;46862.755000000005
2024-04-05;SE;SUDESTE;S;SUL;31710.857999969998
2024-04-06;N;NORTE;NE;NORDESTE;21214.16399998
2024-04-06;N;NORTE;SE;SUDESTE;85818.14399996
2024-04-06;NE;NORDESTE;SE;SUDESTE;63697.56399999
2024-04-06;SE;SUDESTE;S;SUL;42228.899
2024-04-07;N;NORTE;NE;NORDESTE;2364.7629999899996
2024-04-07;N;NORTE;SE;SUDESTE;103727.47599999
2024-04-07;NE;NORDESTE;SE;SUDESTE;83816.69499997
2024-04-07;SE;SUDESTE;S;SUL;72190.26599999
2024-04-08;N;NORTE;NE;NORDESTE;6518.10100001
2024-04-08;N;NORTE;SE;SUDESTE;173977.97099997
2024-04-08;NE;NORDESTE;SE;SUDESTE;83070.91599996
2024-04-08;SE;SUDESTE;S;SUL;86895.43899997
2024-04-09;N;NORTE;NE;NORDESTE;42896.92499999
2024-04-09;N;NORTE;SE;SUDESTE;163344.72399992
2024-04-09;NE;NORDESTE;SE;SUDESTE;49502.75899998
2024-04-09;SE;SUDESTE;S;SUL;67948.70599998
2024-04-10;N;NORTE;NE;NORDESTE;51006.01699998
2024-04-10;N;NORTE;SE;SUDESTE;74109.64799999
2024-04-10;NE;NORDESTE;SE;SUDESTE;28984.30999999
2024-04-10;SE;SUDESTE;S;SUL;7408.93599998
2024-04-11;N;NORTE;NE;NORDESTE;57299.130999990004
2024-04-11;N;NORTE;SE;SUDESTE;71329.42299999
2024-04-11;NE;NORDESTE;SE;SUDESTE;22689.533000000003
2024-04-11;SE;SUDESTE;S;SUL;-13416.257
2024-04-12;N;NORTE;NE;NORDESTE;27810.43099997
2024-04-12;N;NORTE;SE;SUDESTE;123816.58399998
2024-04-12;NE;NORDESTE;SE;SUDESTE;58524.95999998
2024-04-12;SE;SUDESTE;S;SUL;6784.917999980001
2024-04-13;N;NORTE;NE;NORDESTE;-14931.79899998
2024-04-13;N;NORTE;SE;SUDESTE;116826.84899998001
2024-04-13;NE;NORDESTE;SE;SUDESTE;95621.55099996
2024-04-13;SE;SUDESTE;S;SUL;53169.829999969996
2024-04-14;N;NORTE;NE;NORDESTE;-17431.50599999
2024-04-14;N;NORTE;SE;SUDESTE;99636.52799997
2024-04-14;NE;NORDESTE;SE;SUDESTE;89215.41299998
2024-04-14;SE;SUDESTE;S;SUL;58212.60999998
2024-04-15;N;NORTE;NE;NORDESTE;-2635.36100001
2024-04-15;N;NORTE;SE;SUDESTE;190149.35399991
2024-04-15;NE;NORDESTE;SE;SUDESTE;84404.03399997001
2024-04-15;SE;SUDESTE;S;SUL;62496.40999997
2024-04-16;N;NORTE;NE;NORDESTE;-5031.74099998
2024-04-16;N;NORTE;SE;SUDESTE;205503.95399995
2024-04-16;NE;NORDESTE;SE;SUDESTE;85798.20099997999
2024-04-16;SE;SUDESTE;S;SUL;59924.29599997
2024-04-17;N;NORTE;NE;NORDESTE;911.8610000199998
2024-04-17;N;NORTE;SE;SUDESTE;169156.48299998
2024-04-17;NE;NORDESTE;SE;SUDESTE;79694.78
2024-04-17;SE;SUDESTE;S;SUL;62560.53399998
2024-04-18;N;NORTE;NE;NORDESTE;35389.47699999
2024-04-18;N;NORTE;SE;SUDESTE;147545.51299998
2024-04-18;NE;NORDESTE;SE;SUDESTE;49702.33899999
2024-04-18;SE;SUDESTE;S;SUL;61004.21499996
2024-04-19;N;NORTE;NE;NORDESTE;30701.45699998
2024-04-19;N;NORTE;SE;SUDESTE;157814.37899995001
2024-04-19;NE;NORDESTE;SE;SUDESTE;57381.07099998
2024-04-19;SE;SUDESTE;S;SUL;91096.59999996
2024-04-20;N;NORTE;NE;NORDESTE;-4811.16300001
2024-04-20;N;NORTE;SE;SUDESTE;124499.92299999
2024-04-20;NE;NORDESTE;SE;SUDESTE;77893.62399999
2024-04-20;SE;SUDESTE;S;SUL;112112.423
2024-04-21;N;NORTE;NE;NORDESTE;-11768.335000000001
2024-04-21;N;NORTE;SE;SUDESTE;110248.35999998
2024-04-21;NE;NORDESTE;SE;SUDESTE;63736.768000000004
2024-04-21;SE;SUDESTE;S;SUL;82733.39399999
2024-04-22;N;NORTE;NE;NORDESTE;3716.9179999800003
2024-04-22;N;NORTE;SE;SUDESTE;201357.01199994
2024-04-22;NE;NORDESTE;SE;SUDESTE;69243.50499999001
2024-04-22;SE;SUDESTE;S;SUL;127449.70799996
2024-04-23;N;NORTE;NE;NORDESTE;40657.09199996
2024-04-23;N;NORTE;SE;SUDESTE;209621.20899996
2024-04-23;NE;NORDESTE;SE;SUDESTE;50996.90199998
2024-04-23;SE;SUDESTE;S;SUL;115034.99999997
2024-04-24;N;NORTE;NE;NORDESTE;9790.65599998
2024-04-24;N;NORTE;SE;SUDESTE;222842.77999996
2024-04-24;NE;NORDESTE;SE;SUDESTE;72616.18099999
2024-04-24;SE;SUDESTE;S;SUL;109272.42399998
2024-04-25;N;NORTE;NE;NORDESTE;357.5069999600003
2024-04-25;N;NORTE;SE;SUDESTE;221891.65799992002
2024-04-25;NE;NORDESTE;SE;SUDESTE;81076.79699998
2024-04-25;SE;SUDESTE;S;SUL;101581.89299996
2024-04-26;N;NORTE;NE;NORDESTE;-8354.87700001
2024-04-26;N;NORTE;SE;SUDESTE;214773.20499995002
2024-04-26;NE;NORDESTE;SE;SUDESTE;84918.35499999
2024-04-26;SE;SUDESTE;S;SUL;69317.26299997
2024-04-27;N;NORTE;NE;NORDESTE;-27612.677999980002
2024-04-27;N;NORTE;SE;SUDESTE;181178.89799993
2024-04-27;NE;NORDESTE;SE;SUDESTE;101927.62799997
2024-04-27;SE;SUDESTE;S;SUL;92894.49899998
2024-04-28;N;NORTE;NE;NORDESTE;-11464.79900002
2024-04-28;N;NORTE;SE;SUDESTE;151439.00299999
2024-04-28;NE;NORDESTE;SE;SUDESTE;80471.832
2024-04-28;SE;SUDESTE;S;SUL;75489.18699998
2024-04-29;N;NORTE;NE;NORDESTE;2242.1760000099994
2024-04-29;N;NORTE;SE;SUDESTE;219585.44699994
2024-04-29;NE;NORDESTE;SE;SUDESTE;77363.63599998
2024-04-29;SE;SUDESTE;S;SUL;36579.04699999
2024-04-30;N;NORTE;NE;NORDESTE;11073.16400001
2024-04-30;N;NORTE;SE;SUDESTE;227190.13699994
2024-04-30;NE;NORDESTE;SE;SUDESTE;75671.02799998
2024-04-30;SE;SUDESTE;S;SUL;32310.622
2024-05-01;N;NORTE;NE;NORDESTE;-26155.65200001
2024-05-01;N;NORTE;SE;SUDESTE;191772.39299992
2024-05-01;NE;NORDESTE;SE;SUDESTE;87272.33999998
2024-05-01;SE;SUDESTE;S;SUL;56887.24399998
2024-05-02;N;NORTE;NE;NORDESTE;6988.81699999
2024-05-02;N;NORTE;SE;SUDESTE;231738.33999994
2024-05-02;NE;NORDESTE;SE;SUDESTE;83285.43499997
2024-05-02;SE;SUDESTE;S;SUL;25705.23800001
2024-05-03;N;NORTE;NE;NORDESTE;-17517.14399998
2024-05-03;N;NORTE;SE;SUDESTE;227154.29399992002
2024-05-03;NE;NORDESTE;SE;SUDESTE;86632.61099994
2024-05-03;SE;SUDESTE;S;SUL;20602.37199996
2024-05-04;N;NORTE;NE;NORDESTE;-51101.24299999
2024-05-04;N;NORTE;SE;SUDESTE;187981.65799993
2024-05-04;NE;NORDESTE;SE;SUDESTE;99553.96599994
2024-05-04;SE;SUDESTE;S;SUL;11273.02400003
2024-05-05;N;NORTE;NE;NORDESTE;-52392.49399997
2024-05-05;N;NORTE;SE;SUDESTE;148896.55699998
2024-05-05;NE;NORDESTE;SE;SUDESTE;102128.47699995
2024-05-05;SE;SUDESTE;S;SUL;-867.4560000000001
2024-05-06;N;NORTE;NE;NORDESTE;-39396.18399998
2024-05-06;N;NORTE;SE;SUDESTE;215196.15999995
2024-05-06;NE;NORDESTE;SE;SUDESTE;99928.57599998
2024-05-06;SE;SUDESTE;S;SUL;2390.804
2024-05-07;N;NORTE;NE;NORDESTE;-24407.90599996
2024-05-07;N;NORTE;SE;SUDESTE;229422.03599994
2024-05-07;NE;NORDESTE;SE;SUDESTE;96061.26899996
2024-05-07;SE;SUDESTE;S;SUL;-2268.38800002
2024-05-08;N;NORTE;NE;NORDESTE;-7875.92199998
2024-05-08;N;NORTE;SE;SUDESTE;222302.90999993
2024-05-08;NE;NORDESTE;SE;SUDESTE;84336.227
2024-05-08;SE;SUDESTE;S;SUL;-9215.872999989999
2024-05-09;N;NORTE;NE;NORDESTE;-28405.26199998
2024-05-09;N;NORTE;SE;SUDESTE;212404.58599991
2024-05-09;NE;NORDESTE;SE;SUDESTE;93799.81599999
2024-05-09;SE;SUDESTE;S;SUL;-9893.00799996
2024-05-10;N;NORTE;NE;NORDESTE;-7841.40399996
2024-05-10;N;NORTE;SE;SUDESTE;221030.13099994
2024-05-10;NE;NORDESTE;SE;SUDESTE;83582.55699998
2024-05-10;SE;SUDESTE;S;SUL;-7430.88900001
2024-05-11;N;NORTE;NE;NORDESTE;-3235.74300001
2024-05-11;N;NORTE;SE;SUDESTE;150010.60399995
2024-05-11;NE;NORDESTE;SE;SUDESTE;72232.16899999
2024-05-11;SE;SUDESTE;S;SUL;-39599.15599999
2024-05-12;N;NORTE;NE;NORDESTE;4788.43899999
2024-05-12;N;NORTE;SE;SUDESTE;121662.29599996
2024-05-12;NE;NORDESTE;SE;SUDESTE;49844.01499996
2024-05-12;SE;SUDESTE;S;SUL;-50301.816999999995
2024-05-13;N;NORTE;NE;NORDESTE;24295.955999960002
2024-05-13;N;NORTE;SE;SUDESTE;208139.78199991
2024-05-13;NE;NORDESTE;SE;SUDESTE;56581.29499997
2024-05-13;SE;SUDESTE;S;SUL;-18234.52299994
2024-05-14;N;NORTE;NE;NORDESTE;24546.526
2024-05-14;N;NORTE;SE;SUDESTE;216589.30499997
2024-05-14;NE;NORDESTE;SE;SUDESTE;60641.12299997
2024-05-14;SE;SUDESTE;S;SUL;-35152.31599994
2024-05-15;N;NORTE;NE;NORDESTE;-25992.05499997
2024-05-15;N;NORTE;SE;SUDESTE;196026.02499997
2024-05-15;NE;NORDESTE;SE;SUDESTE;110782.35599999
2024-05-15;SE;SUDESTE;S;SUL;9447.048
2024-05-16;N;NORTE;NE;NORDESTE;-46368.58099999
2024-05-16;N;NORTE;SE;SUDESTE;196172.65499997
2024-05-16;NE;NORDESTE;SE;SUDESTE;129806.69799999
2024-05-16;SE;SUDESTE;S;SUL;16213.67799999
2024-05-17;N;NORTE;NE;NORDESTE;-18896.63999999
2024-05-17;N;NORTE;SE;SUDESTE;207280.7609999
2024-05-17;NE;NORDESTE;SE;SUDESTE;113642.18399996
2024-05-17;SE;SUDESTE;S;SUL;1935.66400003
2024-05-18;N;NORTE;NE;NORDESTE;20781.04099999
2024-05-18;N;NORTE;SE;SUDESTE;155038.22799997
2024-05-18;NE;NORDESTE;SE;SUDESTE;53951.38799997
2024-05-18;SE;SUDESTE;S;SUL;-58625.66999997
2024-05-19;N;NORTE;NE;NORDESTE;-11125.38999997
2024-05-19;N;NORTE;SE;SUDESTE;97991.92799998
2024-05-19;NE;NORDESTE;SE;SUDESTE;95529.12299999
2024-05-19;SE;SUDESTE;S;SUL;-40657.81799997
2024-05-20;N;NORTE;NE;NORDESTE;-19138.17999998
2024-05-20;N;NORTE;SE;SUDESTE;178875.25099993
2024-05-20;NE;NORDESTE;SE;SUDESTE;102209.30900000001
2024-05-20;SE;SUDESTE;S;SUL;-2563.559
2024-05-21;N;NORTE;NE;NORDESTE;-50595.97499997
2024-05-21;N;NORTE;SE;SUDESTE;186397.69899996
2024-05-21;NE;NORDESTE;SE;SUDESTE;117553.49899997
2024-05-21;SE;SUDESTE;S;SUL;-830.0859999900001
2024-05-22;N;NORTE;NE;NORDESTE;-46538.80299998
2024-05-22;N;NORTE;SE;SUDESTE;163110.63599996
2024-05-22;NE;NORDESTE;SE;SUDESTE;120858.40899997
2024-05-22;SE;SUDESTE;S;SUL;-4941.17099999
2024-05-23;N;NORTE;NE;NORDESTE;-43730.380999990004
2024-05-23;N;NORTE;SE;SUDESTE;169038.95699997
2024-05-23;NE;NORDESTE;SE;SUDESTE;111882.78399997
2024-05-23;SE;SUDESTE;S;SUL;-12315.06099999
2024-05-24;N;NORTE;NE;NORDESTE;-33342.44599999
2024-05-24;N;NORTE;SE;SUDESTE;173941.61199994
2024-05-24;NE;NORDESTE;SE;SUDESTE;110576.00699996
2024-05-24;SE;SUDESTE;S;SUL;-31311.002
2024-05-25;N;NORTE;NE;NORDESTE;-39072.69599997
2024-05-25;N;NORTE;SE;SUDESTE;91964.27499998
2024-05-25;NE;NORDESTE;SE;SUDESTE;98415.09399997
2024-05-25;SE;SUDESTE;S;SUL;-66149.21599997
2024-05-26;N;NORTE;NE;NORDESTE;-49694.86499995
2024-05-26;N;NORTE;SE;SUDESTE;72357.46199996
2024-05-26;NE;NORDESTE;SE;SUDESTE;110673.61199997
2024-05-26;SE;SUDESTE;S;SUL;-43496.74899997
2024-05-27;N;NORTE;NE;NORDESTE;-50825.20399998
2024-05-27;N;NORTE;SE;SUDESTE;148702.57299997
2024-05-27;NE;NORDESTE;SE;SUDESTE;114208.41999999
2024-05-27;SE;SUDESTE;S;SUL;-11202.935000000001
2024-05-28;N;NORTE;NE;NORDESTE;-21879.93299999
2024-05-28;N;NORTE;SE;SUDESTE;106975.32199999
2024-05-28;NE;NORDESTE;SE;SUDESTE;109231.13100000001
2024-05-28;SE;SUDESTE;S;SUL;-36992.67599998
2024-05-29;N;NORTE;NE;NORDESTE;7432.743
2024-05-29;N;NORTE;SE;SUDESTE;103847.10099997
2024-05-29;NE;NORDESTE;SE;SUDESTE;79615.54899995
2024-05-29;SE;SUDESTE;S;SUL;-33840.33799996
2024-05-30;N;NORTE;NE;NORDESTE;2307.0040000199997
2024-05-30;N;NORTE;SE;SUDESTE;92630.22999999
2024-05-30;NE;NORDESTE;SE;SUDESTE;65177.72899997
2024-05-30;SE;SUDESTE;S;SUL;-20934.40799999
2024-05-31;N;NORTE;NE;NORDESTE;-58430.97299997
2024-05-31;N;NORTE;SE;SUDESTE;133681.60199997
2024-05-31;NE;NORDESTE;SE;SUDESTE;118375.13699995
2024-05-31;SE;SUDESTE;S;SUL;45112.96899997
2024-06-01;N;NORTE;NE;NORDESTE;-60593.04799998
2024-06-01;N;NORTE;SE;SUDESTE;99996.60799994999
2024-06-01;NE;NORDESTE;SE;SUDESTE;111588.64199998
2024-06-01;SE;SUDESTE;S;SUL;5721.07999999
2024-06-02;N;NORTE;NE;NORDESTE;-44755.047999970004
2024-06-02;N;NORTE;SE;SUDESTE;81586.44899998
2024-06-02;NE;NORDESTE;SE;SUDESTE;86808.51499996
2024-06-02;SE;SUDESTE;S;SUL;-12489.54299998
2024-06-03;N;NORTE;NE;NORDESTE;-49790.76900001
2024-06-03;N;NORTE;SE;SUDESTE;111179.77299997999
2024-06-03;NE;NORDESTE;SE;SUDESTE;117221.25099997
2024-06-03;SE;SUDESTE;S;SUL;7252.505999990001
2024-06-04;N;NORTE;NE;NORDESTE;-22265.59999999
2024-06-04;N;NORTE;SE;SUDESTE;87320.23799995
2024-06-04;NE;NORDESTE;SE;SUDESTE;92542.65399998
2024-06-04;SE;SUDESTE;S;SUL;-25418.66100002
2024-06-05;N;NORTE;NE;NORDESTE;-44333.29299995
2024-06-05;N;NORTE;SE;SUDESTE;80235.32199999
2024-06-05;NE;NORDESTE;SE;SUDESTE;108892.11999997
2024-06-05;SE;SUDESTE;S;SUL;-22350.71699999
2024-06-06;N;NORTE;NE;NORDESTE;-52399.97599996
2024-06-06;N;NORTE;SE;SUDESTE;86701.92299999
2024-06-06;NE;NORDESTE;SE;SUDESTE;135632.56599997001
2024-06-06;SE;SUDESTE;S;SUL;-5121.163999990001
2024-06-07;N;NORTE;NE;NORDESTE;-39560.73099997
2024-06-07;N;NORTE;SE;SUDESTE;95682.50899997
2024-06-07;NE;NORDESTE;SE;SUDESTE;121906.777
2024-06-07;SE;SUDESTE;S;SUL;-8876.247000020001
2024-06-08;N;NORTE;NE;NORDESTE;-63892.78199997
2024-06-08;N;NORTE;SE;SUDESTE;46353.47
2024-06-08;NE;NORDESTE;SE;SUDESTE;108086.68099994
2024-06-08;SE;SUDESTE;S;SUL;-49635.891
2024-06-09;N;NORTE;NE;NORDESTE;-60371.57199996
2024-06-09;N;NORTE;SE;SUDESTE;49325.23199999
2024-06-09;NE;NORDESTE;SE;SUDESTE;114968.07099998
2024-06-09;SE;SUDESTE;S;SUL;-25660.538
2024-06-10;N;NORTE;NE;NORDESTE;-70060.90899996
2024-06-10;N;NORTE;SE;SUDESTE;75155.12099996
2024-06-10;NE;NORDESTE;SE;SUDESTE;125632.84599998
2024-06-10;SE;SUDESTE;S;SUL;-14482.86099998
2024-06-11;N;NORTE;NE;NORDESTE;-66819.21899997
2024-06-11;N;NORTE;SE;SUDESTE;72509.12299999
2024-06-11;NE;NORDESTE;SE;SUDESTE;121975.38099998
2024-06-11;SE;SUDESTE;S;SUL;-31273.928999980002
2024-06-12;N;NORTE;NE;NORDESTE;-71508.97899999
2024-06-12;N;NORTE;SE;SUDESTE;55031.545
2024-06-12;NE;NORDESTE;SE;SUDESTE;121577.55899996
2024-06-12;SE;SUDESTE;S;SUL;-31858.80000001
2024-06-13;N;NORTE;NE;NORDESTE;-70781.24199998
2024-06-13;N;NORTE;SE;SUDESTE;71158.07399997
2024-06-13;NE;NORDESTE;SE;SUDESTE;129032.34099996
2024-06-13;SE;SUDESTE;S;SUL;-31716.64199997
2024-06-14;N;NORTE;NE;NORDESTE;-64669.82299998
2024-06-14;N;NORTE;SE;SUDESTE;54054.76399999
2024-06-14;NE;NORDESTE;SE;SUDESTE;132750.66899999
2024-06-14;SE;SUDESTE;S;SUL;-57553.49099998
2024-06-15;N;NORTE;NE;NORDESTE;-61402.10099999
2024-06-15;N;NORTE;SE;SUDESTE;51294.26499998
2024-06-15;NE;NORDESTE;SE;SUDESTE;120143.88599996999
2024-06-15;SE;SUDESTE;S;SUL;-32427.978000000003
2024-06-16;N;NORTE;NE;NORDESTE;-55499.02299997
2024-06-16;N;NORTE;SE;SUDESTE;29926.16300001
2024-06-16;NE;NORDESTE;SE;SUDESTE;100296.79899996
2024-06-16;SE;SUDESTE;S;SUL;-27882.00799999
2024-06-17;N;NORTE;NE;NORDESTE;-53997.35599999
2024-06-17;N;NORTE;SE;SUDESTE;58795.95999999
2024-06-17;NE;NORDESTE;SE;SUDESTE;104767.12399997
2024-06-17;SE;SUDESTE;S;SUL;-25627.85999998
2024-06-18;N;NORTE;NE;NORDESTE;-61943.57299995
2024-06-18;N;NORTE;SE;SUDESTE;56554.28799999
2024-06-18;NE;NORDESTE;SE;SUDESTE;117819.14899997
2024-06-18;SE;SUDESTE;S;SUL;-39795.27399999
2024-06-19;N;NORTE;NE;NORDESTE;-69141.53699997
2024-06-19;N;NORTE;SE;SUDESTE;49448.48100002
2024-06-19;NE;NORDESTE;SE;SUDESTE;127651.56399999
2024-06-19;SE;SUDESTE;S;SUL;-44286.48399998
2024-06-20;N;NORTE;NE;NORDESTE;-72841.64399999
2024-06-20;N;NORTE;SE;SUDESTE;43655.44099997
2024-06-20;NE;NORDESTE;SE;SUDESTE;133491.94399999
2024-06-20;SE;SUDESTE;S;SUL;-20088.05899999
2024-06-21;N;NORTE;NE;NORDESTE;-69097.38199998
2024-06-21;N;NORTE;SE;SUDESTE;38724.941999970004
2024-06-21;NE;NORDESTE;SE;SUDESTE;119515.66599998
2024-06-21;SE;SUDESTE;S;SUL;-28130.60499997
2024-06-22;N;NORTE;NE;NORDESTE;-62424.43799998
2024-06-22;N;NORTE;SE;SUDESTE;38640.61
2024-06-22;NE;NORDESTE;SE;SUDESTE;105277.26999995
2024-06-22;SE;SUDESTE;S;SUL;-42211.60899999
2024-06-23;N;NORTE;NE;NORDESTE;-60361.762999980005
2024-06-23;N;NORTE;SE;SUDESTE;27099.81199999
2024-06-23;NE;NORDESTE;SE;SUDESTE;96931.09499999
2024-06-23;SE;SUDESTE;S;SUL;-55206.489
2024-06-24;N;NORTE;NE;NORDESTE;-59044.60999997
2024-06-24;N;NORTE;SE;SUDESTE;45911.353
2024-06-24;NE;NORDESTE;SE;SUDESTE;109236.44899998
2024-06-24;SE;SUDESTE;S;SUL;-37910.29
2024-06-25;N;NORTE;NE;NORDESTE;-52030.00299997
2024-06-25;N;NORTE;SE;SUDESTE;60155.03999997
2024-06-25;NE;NORDESTE;SE;SUDESTE;109908.94499999
2024-06-25;SE;SUDESTE;S;SUL;-25280.006
2024-06-26;N;NORTE;NE;NORDESTE;-45482.584
2024-06-26;N;NORTE;SE;SUDESTE;58523.649
2024-06-26;NE;NORDESTE;SE;SUDESTE;110913.66399997
2024-06-26;SE;SUDESTE;S;SUL;-43416.351
2024-06-27;N;NORTE;NE;NORDESTE;-31179.50300001
2024-06-27;N;NORTE;SE;SUDESTE;41055.828
2024-06-27;NE;NORDESTE;SE;SUDESTE;76899.59399998
2024-06-27;SE;SUDESTE;S;SUL;-73561.05399998001
2024-06-28;N;NORTE;NE;NORDESTE;-39285.319
2024-06-28;N;NORTE;SE;SUDESTE;54823.73699997
2024-06-28;NE;NORDESTE;SE;SUDESTE;93902.27099996
2024-06-28;SE;SUDESTE;S;SUL;-55945.75299997
2024-06-29;N;NORTE;NE;NORDESTE;-48917.32699997
2024-06-29;N;NORTE;SE;SUDESTE;46433.64599998
2024-06-29;NE;NORDESTE;SE;SUDESTE;100550.71899996
2024-06-29;SE;SUDESTE;S;SUL;-70311.24399998
2024-06-30;N;NORTE;NE;NORDESTE;-46111.74799998
2024-06-30;N;NORTE;SE;SUDESTE;31346.92199999
2024-06-30;NE;NORDESTE;SE;SUDESTE;90903.63999999
2024-06-30;SE;SUDESTE;S;SUL;-57889.84299995
2024-07-01;N;NORTE;NE;NORDESTE;-70724.11099998
2024-07-01;N;NORTE;SE;SUDESTE;50974.44799999
2024-07-01;NE;NORDESTE;SE;SUDESTE;126482.27499999
2024-07-01;SE;SUDESTE;S;SUL;-25798.52799997
2024-07-02;N;NORTE;NE;NORDESTE;-77209.28499999
2024-07-02;N;NORTE;SE;SUDESTE;61159.02399997
2024-07-02;NE;NORDESTE;SE;SUDESTE;151452.526
2024-07-02;SE;SUDESTE;S;SUL;-11603.31600001
2024-07-03;N;NORTE;NE;NORDESTE;-63436.56999996
2024-07-03;N;NORTE;SE;SUDESTE;56156.57799997
2024-07-03;NE;NORDESTE;SE;SUDESTE;135666.925
2024-07-03;SE;SUDESTE;S;SUL;-32476.36599999
2024-07-04;N;NORTE;NE;NORDESTE;-77424.54099994
2024-07-04;N;NORTE;SE;SUDESTE;52058.29499999
2024-07-04;NE;NORDESTE;SE;SUDESTE;137218.26399996
2024-07-04;SE;SUDESTE;S;SUL;-23303.75399999
2024-07-05;N;NORTE;NE;NORDESTE;-44081.97999997
2024-07-05;N;NORTE;SE;SUDESTE;37990.58099999
2024-07-05;NE;NORDESTE;SE;SUDESTE;98532.84299997
2024-07-05;SE;SUDESTE;S;SUL;-30801.99699998
2024-07-06;N;NORTE;NE;NORDESTE;-32533.59000001
2024-07-06;N;NORTE;SE;SUDESTE;11792.92299999
2024-07-06;NE;NORDESTE;SE;SUDESTE;65309.97399997
2024-07-06;SE;SUDESTE;S;SUL;-50327.25799996
2024-07-07;N;NORTE;NE;NORDESTE;-54393.66499997
2024-07-07;N;NORTE;SE;SUDESTE;18545.70300002
2024-07-07;NE;NORDESTE;SE;SUDESTE;105505.01599995
2024-07-07;SE;SUDESTE;S;SUL;-16082.49
2024-07-08;N;NORTE;NE;NORDESTE;-72245.65899996
2024-07-08;N;NORTE;SE;SUDESTE;35703.03899996
2024-07-08;NE;NORDESTE;SE;SUDESTE;118616.44499997
2024-07-08;SE;SUDESTE;S;SUL;-13585.405000040002
2024-07-09;N;NORTE;NE;NORDESTE;-52995.25999999
2024-07-09;N;NORTE;SE;SUDESTE;28502.02899997
2024-07-09;NE;NORDESTE;SE;SUDESTE;96401.08599998
2024-07-09;SE;SUDESTE;S;SUL;-11826.305
2024-07-10;N;NORTE;NE;NORDESTE;-64201.12999999
2024-07-10;N;NORTE;SE;SUDESTE;48451.85499996
2024-07-10;NE;NORDESTE;SE;SUDESTE;111608.48199998
2024-07-10;SE;SUDESTE;S;SUL;-16136.730999989999
2024-07-11;N;NORTE;NE;NORDESTE;-80559.99899998
2024-07-11;N;NORTE;SE;SUDESTE;54886.50599999
2024-07-11;NE;NORDESTE;SE;SUDESTE;148129.61599998001
2024-07-11;SE;SUDESTE;S;SUL;-6165.8820000099995
2024-07-12;N;NORTE;NE;NORDESTE;-78428.65499999
2024-07-12;N;NORTE;SE;SUDESTE;55710.767
2024-07-12;NE;NORDESTE;SE;SUDESTE;148430.74899999
2024-07-12;SE;SUDESTE;S;SUL;-6736.079
2024-07-13;N;NORTE;NE;NORDESTE;-90119.01199999
2024-07-13;N;NORTE;SE;SUDESTE;56049.91399999
2024-07-13;NE;NORDESTE;SE;SUDESTE;126262.18799995
2024-07-13;SE;SUDESTE;S;SUL;-33340.46699999
2024-07-14;N;NORTE;NE;NORDESTE;-84468.72899997
2024-07-14;N;NORTE;SE;SUDESTE;51127.43799994
2024-07-14;NE;NORDESTE;SE;SUDESTE;116528.83999997
2024-07-14;SE;SUDESTE;S;SUL;324.8180000100001
2024-07-15;N;NORTE;NE;NORDESTE;-87392.54599999
2024-07-15;N;NORTE;SE;SUDESTE;48931.426
2024-07-15;NE;NORDESTE;SE;SUDESTE;141778.04499999
2024-07-15;SE;SUDESTE;S;SUL;-17132.471
2024-07-16;N;NORTE;NE;NORDESTE;-82491.80399995
2024-07-16;N;NORTE;SE;SUDESTE;46364.38699998
2024-07-16;NE;NORDESTE;SE;SUDESTE;142701.75199997
2024-07-16;SE;SUDESTE;S;SUL;-23493.46299999
2024-07-17;N;NORTE;NE;NORDESTE;-80076.37599999
2024-07-17;N;NORTE;SE;SUDESTE;49651.94899999
2024-07-17;NE;NORDESTE;SE;SUDESTE;132477.93499999002
2024-07-17;SE;SUDESTE;S;SUL;-31037.995999990002
2024-07-18;N;NORTE;NE;NORDESTE;-68893.33399995
2024-07-18;N;NORTE;SE;SUDESTE;45109.01099998
2024-07-18;NE;NORDESTE;SE;SUDESTE;122696.95799995
2024-07-18;SE;SUDESTE;S;SUL;-32024.959999990002
2024-07-19;N;NORTE;NE;NORDESTE;-72197.61299997
2024-07-19;N;NORTE;SE;SUDESTE;49511.87999999
2024-07-19;NE;NORDESTE;SE;SUDESTE;143086.82299997
2024-07-19;SE;SUDESTE;S;SUL;-40214.25800001
2024-07-20;N;NORTE;NE;NORDESTE;-66953.24799998
2024-07-20;N;NORTE;SE;SUDESTE;34379.81399998
2024-07-20;NE;NORDESTE;SE;SUDESTE;108170.59699998
2024-07-20;SE;SUDESTE;S;SUL;-60398.098999990005
2024-07-21;N;NORTE;NE;NORDESTE;-54048.97899993
2024-07-21;N;NORTE;SE;SUDESTE;28117.964
2024-07-21;NE;NORDESTE;SE;SUDESTE;90325.94599997
2024-07-21;SE;SUDESTE;S;SUL;-48126.63999998
2024-07-22;N;NORTE;NE;NORDESTE;-81457.42599999
2024-07-22;N;NORTE;SE;SUDESTE;59469.91999998
2024-07-22;NE;NORDESTE;SE;SUDESTE;143286.62199995
2024-07-22;SE;SUDESTE;S;SUL;-29406.24899998
2024-07-23;N;NORTE;NE;NORDESTE;-88184.13699995
2024-07-23;N;NORTE;SE;SUDESTE;62863.83999996
2024-07-23;NE;NORDESTE;SE;SUDESTE;158654.71600000001
2024-07-23;SE;SUDESTE;S;SUL;-22003.55099995
2024-07-24;N;NORTE;NE;NORDESTE;-84578.79199998
2024-07-24;N;NORTE;SE;SUDESTE;53837.012
2024-07-24;NE;NORDESTE;SE;SUDESTE;153810.34199998
2024-07-24;SE;SUDESTE;S;SUL;-29644.29399998
2024-07-25;N;NORTE;NE;NORDESTE;-81455.23499998
2024-07-25;N;NORTE;SE;SUDESTE;53322.32999998
2024-07-25;NE;NORDESTE;SE;SUDESTE;138152.56599998
2024-07-25;SE;SUDESTE;S;SUL;-32690.75299998
2024-07-26;N;NORTE;NE;NORDESTE;-89351.81599995
2024-07-26;N;NORTE;SE;SUDESTE;61189.86699998
2024-07-26;NE;NORDESTE;SE;SUDESTE;150540.11999996
2024-07-26;SE;SUDESTE;S;SUL;-33685.804000000004
2024-07-27;N;NORTE;NE;NORDESTE;-86990.09199998
2024-07-27;N;NORTE;SE;SUDESTE;53684.61899996
2024-07-27;NE;NORDESTE;SE;SUDESTE;135220.11099998
2024-07-27;SE;SUDESTE;S;SUL;-68641.86399997
2024-07-28;N;NORTE;NE;NORDESTE;-75002.13799997
2024-07-28;N;NORTE;SE;SUDESTE;45106.93599997
2024-07-28;NE;NORDESTE;SE;SUDESTE;119164.31699992
2024-07-28;SE;SUDESTE;S;SUL;-43455.55199999
2024-07-29;N;NORTE;NE;NORDESTE;-74604.22799996
2024-07-29;N;NORTE;SE;SUDESTE;47355.57299999
2024-07-29;NE;NORDESTE;SE;SUDESTE;129194.66199996
2024-07-29;SE;SUDESTE;S;SUL;-39010.45099997
2024-07-30;N;NORTE;NE;NORDESTE;-70437.74599997001
2024-07-30;N;NORTE;SE;SUDESTE;43970.15199998
2024-07-30;NE;NORDESTE;SE;SUDESTE;124783.32199998
2024-07-30;SE;SUDESTE;S;SUL;-47856.26399996
2024-07-31;N;NORTE;NE;NORDESTE;-78698.38899999
2024-07-31;N;NORTE;SE;SUDESTE;51376.41899998
2024-07-31;NE;NORDESTE;SE;SUDESTE;157956.43199998
2024-07-31;SE;SUDESTE;S;SUL;-37488.056
2024-08-01;N;NORTE;NE;NORDESTE;-86975.16799996
2024-08-01;N;NORTE;SE;SUDESTE;58814.58899998
2024-08-01;NE;NORDESTE;SE;SUDESTE;153360.154
2024-08-01;SE;SUDESTE;S;SUL;-41135.23099998
2024-08-02;N;NORTE;NE;NORDESTE;-85921.69999999
2024-08-02;N;NORTE;SE;SUDESTE;54150.57799998
2024-08-02;NE;NORDESTE;SE;SUDESTE;154824.03299999
2024-08-02;SE;SUDESTE;S;SUL;-54145.74699997
2024-08-03;N;NORTE;NE;NORDESTE;-83050.015
2024-08-03;N;NORTE;SE;SUDESTE;52814.16799999
2024-08-03;NE;NORDESTE;SE;SUDESTE;128660.78999996
2024-08-03;SE;SUDESTE;S;SUL;-73378.017
2024-08-04;N;NORTE;NE;NORDESTE;-80985.00099999
2024-08-04;N;NORTE;SE;SUDESTE;50050.66799999
2024-08-04;NE;NORDESTE;SE;SUDESTE;133446.35099996
2024-08-04;SE;SUDESTE;S;SUL;-32747.89700001
2024-08-05;N;NORTE;NE;NORDESTE;-100166.607
2024-08-05;N;NORTE;SE;SUDESTE;57546.19299996
2024-08-05;NE;NORDESTE;SE;SUDESTE;152181.63999997
2024-08-05;SE;SUDESTE;S;SUL;-45838.26099997
2024-08-06;N;NORTE;NE;NORDESTE;-103368.21399989999
2024-08-06;N;NORTE;SE;SUDESTE;63780.313
2024-08-06;NE;NORDESTE;SE;SUDESTE;157045.85999999
2024-08-06;SE;SUDESTE;S;SUL;-29764.59499997
2024-08-07;N;NORTE;NE;NORDESTE;-94398.82099998
2024-08-07;N;NORTE;SE;SUDESTE;69933.66199995
2024-08-07;NE;NORDESTE;SE;SUDESTE;156149.42399999
2024-08-07;SE;SUDESTE;S;SUL;-17970.52799998
2024-08-08;N;NORTE;NE;NORDESTE;-91447.10899999
2024-08-08;N;NORTE;SE;SUDESTE;73756.52999996
2024-08-08;NE;NORDESTE;SE;SUDESTE;156540.16699999
2024-08-08;SE;SUDESTE;S;SUL;-15955.365000009999
2024-08-09;N;NORTE;NE;NORDESTE;-88040.33899997
2024-08-09;N;NORTE;SE;SUDESTE;61092.450999969995
2024-08-09;NE;NORDESTE;SE;SUDESTE;122588.21299996
2024-08-09;SE;SUDESTE;S;SUL;-56318.27899999
2024-08-10;N;NORTE;NE;NORDESTE;-67898.20399999
2024-08-10;N;NORTE;SE;SUDESTE;47077.44699997
2024-08-10;NE;NORDESTE;SE;SUDESTE;87301.94999997
2024-08-10;SE;SUDESTE;S;SUL;-40994.95599999
2024-08-11;N;NORTE;NE;NORDESTE;-44929.26499994
2024-08-11;N;NORTE;SE;SUDESTE;16264.71999997
2024-08-11;NE;NORDESTE;SE;SUDESTE;60680.80499993
2024-08-11;SE;SUDESTE;S;SUL;-34456.77899999
2024-08-12;N;NORTE;NE;NORDESTE;-78699.65899998
2024-08-12;N;NORTE;SE;SUDESTE;45100.44599998
2024-08-12;NE;NORDESTE;SE;SUDESTE;106157.06599997
2024-08-12;SE;SUDESTE;S;SUL;31715.70599999
2024-08-13;N;NORTE;NE;NORDESTE;-73785.57099999
2024-08-13;N;NORTE;SE;SUDESTE;31291.43799998
2024-08-13;NE;NORDESTE;SE;SUDESTE;102193.68999998
2024-08-13;SE;SUDESTE;S;SUL;14489.286
2024-08-14;N;NORTE;NE;NORDESTE;-98013.47399997
2024-08-14;N;NORTE;SE;SUDESTE;59135.53599998
2024-08-14;NE;NORDESTE;SE;SUDESTE;160737.75499999
2024-08-14;SE;SUDESTE;S;SUL;45335.31099999
2024-08-15;N;NORTE;NE;NORDESTE;-96087.79899997
2024-08-15;N;NORTE;SE;SUDESTE;58387.72399999
2024-08-15;NE;NORDESTE;SE;SUDESTE;156965.83599999
2024-08-15;SE;SUDESTE;S;SUL;33809.28199998
2024-08-16;N;NORTE;NE;NORDESTE;-93602.956
2024-08-16;N;NORTE;SE;SUDESTE;47514.23499999
2024-08-16;NE;NORDESTE;SE;SUDESTE;144705.23599997
2024-08-16;SE;SUDESTE;S;SUL;2175.1609999899997
2024-08-17;N;NORTE;NE;NORDESTE;-84581.609
2024-08-17;N;NORTE;SE;SUDESTE;37354.54899999
2024-08-17;NE;NORDESTE;SE;SUDESTE;119344.42399997
2024-08-17;SE;SUDESTE;S;SUL;-34723.03799998
2024-08-18;N;NORTE;NE;NORDESTE;-64589.19399997
2024-08-18;N;NORTE;SE;SUDESTE;8365.99200001
2024-08-18;NE;NORDESTE;SE;SUDESTE;85807.28999998
2024-08-18;SE;SUDESTE;S;SUL;-49090.32799998
2024-08-19;N;NORTE;NE;NORDESTE;-92221.83099999
2024-08-19;N;NORTE;SE;SUDESTE;50153.414999990004
2024-08-19;NE;NORDESTE;SE;SUDESTE;139800.51399996
2024-08-19;SE;SUDESTE;S;SUL;31.635000009999658
2024-08-20;N;NORTE;NE;NORDESTE;-99874.03199996
2024-08-20;N;NORTE;SE;SUDESTE;54738.48499997
2024-08-20;NE;NORDESTE;SE;SUDESTE;137685.38099997
2024-08-20;SE;SUDESTE;S;SUL;-3880.22199999
2024-08-21;N;NORTE;NE;NORDESTE;-103023.53099998001
2024-08-21;N;NORTE;SE;SUDESTE;48941.13599996
2024-08-21;NE;NORDESTE;SE;SUDESTE;152438.51999999
2024-08-21;SE;SUDESTE;S;SUL;-15128.09999999
2024-08-22;N;NORTE;NE;NORDESTE;-102833.77499995
2024-08-22;N;NORTE;SE;SUDESTE;55840.10699998
2024-08-22;NE;NORDESTE;SE;SUDESTE;164855.135
2024-08-22;SE;SUDESTE;S;SUL;1151.0639999999999
2024-08-23;N;NORTE;NE;NORDESTE;-95352.65899999
2024-08-23;N;NORTE;SE;SUDESTE;52483.17999997
2024-08-23;NE;NORDESTE;SE;SUDESTE;148596.08999999
2024-08-23;SE;SUDESTE;S;SUL;-25831.56799999
2024-08-24;N;NORTE;NE;NORDESTE;-84960.37399998
2024-08-24;N;NORTE;SE;SUDESTE;34121.47999998
2024-08-24;NE;NORDESTE;SE;SUDESTE;110507.87999999001
2024-08-24;SE;SUDESTE;S;SUL;-46712.231
2024-08-25;N;NORTE;NE;NORDESTE;-90257.22199999
2024-08-25;N;NORTE;SE;SUDESTE;39127.68099997
2024-08-25;NE;NORDESTE;SE;SUDESTE;122112.53299997
2024-08-25;SE;SUDESTE;S;SUL;-30869.34899999
2024-08-26;N;NORTE;NE;NORDESTE;-100702.96499997
2024-08-26;N;NORTE;SE;SUDESTE;38726.18599997
2024-08-26;NE;NORDESTE;SE;SUDESTE;136000.55699997
2024-08-26;SE;SUDESTE;S;SUL;23349.90599998
2024-08-27;N;NORTE;NE;NORDESTE;-97591.62799996999
2024-08-27;N;NORTE;SE;SUDESTE;41494.50299998
2024-08-27;NE;NORDESTE;SE;SUDESTE;155835.00899998
2024-08-27;SE;SUDESTE;S;SUL;40458.49999999
2024-08-28;N;NORTE;NE;NORDESTE;-98681.21399997
2024-08-28;N;NORTE;SE;SUDESTE;43501.55899998
2024-08-28;NE;NORDESTE;SE;SUDESTE;156940.94099997
2024-08-28;SE;SUDESTE;S;SUL;35705.19099998
2024-08-29;N;NORTE;NE;NORDESTE;-93823.93499997
2024-08-29;N;NORTE;SE;SUDESTE;42734.38599998
2024-08-29;NE;NORDESTE;SE;SUDESTE;162781.05899996
2024-08-29;SE;SUDESTE;S;SUL;28848.58399996
2024-08-30;N;NORTE;NE;NORDESTE;-87494.39899997
2024-08-30;N;NORTE;SE;SUDESTE;38012.66399997
2024-08-30;NE;NORDESTE;SE;SUDESTE;146519.88099997
2024-08-30;SE;SUDESTE;S;SUL;23960.18699999
2024-08-31;N;NORTE;NE;NORDESTE;-83529.104
2024-08-31;N;NORTE;SE;SUDESTE;38157.26399999
2024-08-31;NE;NORDESTE;SE;SUDESTE;125788.04599997
2024-08-31;SE;SUDESTE;S;SUL;-14294.64499999
2024-09-01;N;NORTE;NE;NORDESTE;-77961.238
2024-09-01;N;NORTE;SE;SUDESTE;35553.73699998
2024-09-01;NE;NORDESTE;SE;SUDESTE;116083.78799996
2024-09-01;SE;SUDESTE;S;SUL;10033.89400002
2024-09-02;N;NORTE;NE;NORDESTE;-84847.23300000001
2024-09-02;N;NORTE;SE;SUDESTE;37181.81999999
2024-09-02;NE;NORDESTE;SE;SUDESTE;140881.83899997
2024-09-02;SE;SUDESTE;S;SUL;47408.42999997
2024-09-03;N;NORTE;NE;NORDESTE;-84366.52799998
2024-09-03;N;NORTE;SE;SUDESTE;38485.11299999
2024-09-03;NE;NORDESTE;SE;SUDESTE;126906.65399995
2024-09-03;SE;SUDESTE;S;SUL;35928.37399998
2024-09-04;N;NORTE;NE;NORDESTE;-91898.38199999
2024-09-04;N;NORTE;SE;SUDESTE;47736.724
2024-09-04;NE;NORDESTE;SE;SUDESTE;154214.52499997
2024-09-04;SE;SUDESTE;S;SUL;40245.85699998
2024-09-05;N;NORTE;NE;NORDESTE;-87565.799
2024-09-05;N;NORTE;SE;SUDESTE;45238.17699995
2024-09-05;NE;NORDESTE;SE;SUDESTE;152299.52599998
2024-09-05;SE;SUDESTE;S;SUL;46833.18499997
2024-09-06;N;NORTE;NE;NORDESTE;-85781.032
2024-09-06;N;NORTE;SE;SUDESTE;44377.52299998
2024-09-06;NE;NORDESTE;SE;SUDESTE;138746.31199997
2024-09-06;SE;SUDESTE;S;SUL;35679.06499995
2024-09-07;N;NORTE;NE;NORDESTE;-86234.40299999
2024-09-07;N;NORTE;SE;SUDESTE;50065.33399997
2024-09-07;NE;NORDESTE;SE;SUDESTE;147059.62999997
2024-09-07;SE;SUDESTE;S;SUL;29920.335999990002
2024-09-08;N;NORTE;NE;NORDESTE;-77346.46299998
2024-09-08;N;NORTE;SE;SUDESTE;40977.96999998
2024-09-08;NE;NORDESTE;SE;SUDESTE;130332.22
2024-09-08;SE;SUDESTE;S;SUL;-2935.6540000000005
2024-09-09;N;NORTE;NE;NORDESTE;-94382.18099996
2024-09-09;N;NORTE;SE;SUDESTE;53499.32799998
2024-09-09;NE;NORDESTE;SE;SUDESTE;162292.78599998
2024-09-09;SE;SUDESTE;S;SUL;18143.89999997
2024-09-10;N;NORTE;NE;NORDESTE;-97391.79599998001
2024-09-10;N;NORTE;SE;SUDESTE;54934.77999998
2024-09-10;NE;NORDESTE;SE;SUDESTE;151503.42999999
2024-09-10;SE;SUDESTE;S;SUL;27450.16299999
2024-09-11;N;NORTE;NE;NORDESTE;-99545.82899995
2024-09-11;N;NORTE;SE;SUDESTE;51240.869999970004
2024-09-11;NE;NORDESTE;SE;SUDESTE;148983.50699998
2024-09-11;SE;SUDESTE;S;SUL;48383.05199996
2024-09-12;N;NORTE;NE;NORDESTE;-95822.99399998
2024-09-12;N;NORTE;SE;SUDESTE;52288.69499998
2024-09-12;NE;NORDESTE;SE;SUDESTE;157037.57199999
2024-09-12;SE;SUDESTE;S;SUL;51500.94199998
2024-09-13;N;NORTE;NE;NORDESTE;-98561.30499997
2024-09-13;N;NORTE;SE;SUDESTE;50380.87399998
2024-09-13;NE;NORDESTE;SE;SUDESTE;155011.26
2024-09-13;SE;SUDESTE;S;SUL;42830.22199997
2024-09-14;N;NORTE;NE;NORDESTE;-93787.55599997
2024-09-14;N;NORTE;SE;SUDESTE;49261.59099998
2024-09-14;NE;NORDESTE;SE;SUDESTE;139284.88699997
2024-09-14;SE;SUDESTE;S;SUL;8293.49499999
2024-09-15;N;NORTE;NE;NORDESTE;-87376.185
2024-09-15;N;NORTE;SE;SUDESTE;43399.67999999
2024-09-15;NE;NORDESTE;SE;SUDESTE;127133.83399996
2024-09-15;SE;SUDESTE;S;SUL;34612.016
2024-09-16;N;NORTE;NE;NORDESTE;-96603.05399993
2024-09-16;N;NORTE;SE;SUDESTE;41122.59299996
2024-09-16;NE;NORDESTE;SE;SUDESTE;133465.13699999
2024-09-16;SE;SUDESTE;S;SUL;31421.45199995
2024-09-17;N;NORTE;NE;NORDESTE;-102202.29599997
2024-09-17;N;NORTE;SE;SUDESTE;39706.31999999
2024-09-17;NE;NORDESTE;SE;SUDESTE;145341.215
2024-09-17;SE;SUDESTE;S;SUL;39012.27599999
2024-09-18;N;NORTE;NE;NORDESTE;-100421.35899998
2024-09-18;N;NORTE;SE;SUDESTE;40956.95999996
2024-09-18;NE;NORDESTE;SE;SUDESTE;146033.58599998
2024-09-18;SE;SUDESTE;S;SUL;40736.52399999
2024-09-19;N;NORTE;NE;NORDESTE;-98657.48499997999
2024-09-19;N;NORTE;SE;SUDESTE;43173.12499996
2024-09-19;NE;NORDESTE;SE;SUDESTE;145779.08699997
2024-09-19;SE;SUDESTE;S;SUL;50925.29399999
2024-09-20;N;NORTE;NE;NORDESTE;-101403.48599995
2024-09-20;N;NORTE;SE;SUDESTE;46460.638
2024-09-20;NE;NORDESTE;SE;SUDESTE;144551.38699997
2024-09-20;SE;SUDESTE;S;SUL;34231.55599999
2024-09-21;N;NORTE;NE;NORDESTE;-103546.08699998
2024-09-21;N;NORTE;SE;SUDESTE;30718.34299996
2024-09-21;NE;NORDESTE;SE;SUDESTE;132336.09899996
2024-09-21;SE;SUDESTE;S;SUL;-17522.46
2024-09-22;N;NORTE;NE;NORDESTE;-93379.94699997
2024-09-22;N;NORTE;SE;SUDESTE;30629.74499996
2024-09-22;NE;NORDESTE;SE;SUDESTE;128715.76299998
2024-09-22;SE;SUDESTE;S;SUL;-12557.39799997
2024-09-23;N;NORTE;NE;NORDESTE;-95869.85199998
2024-09-23;N;NORTE;SE;SUDESTE;41191.89099996
2024-09-23;NE;NORDESTE;SE;SUDESTE;137475.08499999
2024-09-23;SE;SUDESTE;S;SUL;4848.654
2024-09-24;N;NORTE;NE;NORDESTE;-93648.62899998
2024-09-24;N;NORTE;SE;SUDESTE;50444.94899996
2024-09-24;NE;NORDESTE;SE;SUDESTE;137268.83399997
2024-09-24;SE;SUDESTE;S;SUL;-7427.988999970001
2024-09-25;N;NORTE;NE;NORDESTE;-94366.66099997
2024-09-25;N;NORTE;SE;SUDESTE;60441.71099995
2024-09-25;NE;NORDESTE;SE;SUDESTE;159304.05699999
2024-09-25;SE;SUDESTE;S;SUL;-13049.033
2024-09-26;N;NORTE;NE;NORDESTE;-91689.41099997
2024-09-26;N;NORTE;SE;SUDESTE;51710.602999970004
2024-09-26;NE;NORDESTE;SE;SUDESTE;143347.44999998
2024-09-26;SE;SUDESTE;S;SUL;-18739.380000010002
2024-09-27;N;NORTE;NE;NORDESTE;-81994.437
2024-09-27;N;NORTE;SE;SUDESTE;48433.18999999
2024-09-27;NE;NORDESTE;SE;SUDESTE;127818.93799997
2024-09-27;SE;SUDESTE;S;SUL;-29749.42999999
2024-09-28;N;NORTE;NE;NORDESTE;-90392.10499999
2024-09-28;N;NORTE;SE;SUDESTE;42159.80799998
2024-09-28;NE;NORDESTE;SE;SUDESTE;117309.89799999
2024-09-28;SE;SUDESTE;S;SUL;25176.87899999
2024-09-29;N;NORTE;NE;NORDESTE;-75311.37099997001
2024-09-29;N;NORTE;SE;SUDESTE;21153.46099998
2024-09-29;NE;NORDESTE;SE;SUDESTE;102746.78499998
2024-09-29;SE;SUDESTE;S;SUL;10475.10000002
2024-09-30;N;NORTE;NE;NORDESTE;-98186.20199999
2024-09-30;N;NORTE;SE;SUDESTE;59731.69099997
2024-09-30;NE;NORDESTE;SE;SUDESTE;147346.34899997
2024-09-30;SE;SUDESTE;S;SUL;6272.75800002
2024-10-01;N;NORTE;NE;NORDESTE;-90934.06699998
2024-10-01;N;NORTE;SE;SUDESTE;59885.36499994
2024-10-01;NE;NORDESTE;SE;SUDESTE;142925.59499998
2024-10-01;SE;SUDESTE;S;SUL;26862.50800001
2024-10-02;N;NORTE;NE;NORDESTE;-76197.48499997
2024-10-02;N;NORTE;SE;SUDESTE;69798.46799995001
2024-10-02;NE;NORDESTE;SE;SUDESTE;129982.91999995
2024-10-02;SE;SUDESTE;S;SUL;39267.16800002
2024-10-03;N;NORTE;NE;NORDESTE;-83536.79999998001
2024-10-03;N;NORTE;SE;SUDESTE;65984.71699998
2024-10-03;NE;NORDESTE;SE;SUDESTE;133990.20099998
2024-10-03;SE;SUDESTE;S;SUL;24411.40300001
2024-10-04;N;NORTE;NE;NORDESTE;-82044.321
2024-10-04;N;NORTE;SE;SUDESTE;53332.93999997
2024-10-04;NE;NORDESTE;SE;SUDESTE;126619.10099996
2024-10-04;SE;SUDESTE;S;SUL;17858.82899999
2024-10-05;N;NORTE;NE;NORDESTE;-80341.58799996
2024-10-05;N;NORTE;SE;SUDESTE;40700.28399997
2024-10-05;NE;NORDESTE;SE;SUDESTE;120719.47099998
2024-10-05;SE;SUDESTE;S;SUL;2082.5820000000003
2024-10-06;N;NORTE;NE;NORDESTE;-78435.22
2024-10-06;N;NORTE;SE;SUDESTE;36540.05899997
2024-10-06;NE;NORDESTE;SE;SUDESTE;112377.97399999
2024-10-06;SE;SUDESTE;S;SUL;28089.032
2024-10-07;N;NORTE;NE;NORDESTE;-71732.28699998
2024-10-07;N;NORTE;SE;SUDESTE;54307.97999991
2024-10-07;NE;NORDESTE;SE;SUDESTE;124262.48899996
2024-10-07;SE;SUDESTE;S;SUL;5583.5199999900005
2024-10-08;N;NORTE;NE;NORDESTE;-57970.73099998
2024-10-08;N;NORTE;SE;SUDESTE;48701.27699998
2024-10-08;NE;NORDESTE;SE;SUDESTE;104066.53299997
2024-10-08;SE;SUDESTE;S;SUL;1989.9830000399993
2024-10-09;N;NORTE;NE;NORDESTE;-31123.76199998
2024-10-09;N;NORTE;SE;SUDESTE;27940.94599998
2024-10-09;NE;NORDESTE;SE;SUDESTE;65481.42999997
2024-10-09;SE;SUDESTE;S;SUL;-65630.40000002
2024-10-10;N;NORTE;NE;NORDESTE;-50175.32699999
2024-10-10;N;NORTE;SE;SUDESTE;29251.20299999
2024-10-10;NE;NORDESTE;SE;SUDESTE;89332.57599999
2024-10-10;SE;SUDESTE;S;SUL;-64273.50899997
2024-10-11;N;NORTE;NE;NORDESTE;-89590.18299999001
2024-10-11;N;NORTE;SE;SUDESTE;46430.80799997
2024-10-11;NE;NORDESTE;SE;SUDESTE;135194.22999998
2024-10-11;SE;SUDESTE;S;SUL;-11987.588
2024-10-12;N;NORTE;NE;NORDESTE;-78074.09899999
2024-10-12;N;NORTE;SE;SUDESTE;33386.09299996
2024-10-12;NE;NORDESTE;SE;SUDESTE;106052.80399995
2024-10-12;SE;SUDESTE;S;SUL;-15495.842000010001
2024-10-13;N;NORTE;NE;NORDESTE;-62573.48799999
2024-10-13;N;NORTE;SE;SUDESTE;17849.61499998
2024-10-13;NE;NORDESTE;SE;SUDESTE;82307.36499998
2024-10-13;SE;SUDESTE;S;SUL;-27933.411999980002
2024-10-14;N;NORTE;NE;NORDESTE;-92644.67999999
2024-10-14;N;NORTE;SE;SUDESTE;39583.46
2024-10-14;NE;NORDESTE;SE;SUDESTE;139230.70599997
2024-10-14;SE;SUDESTE;S;SUL;8949.33799999
2024-10-15;N;NORTE;NE;NORDESTE;-89603.24499998
2024-10-15;N;NORTE;SE;SUDESTE;31163.79799997
2024-10-15;NE;NORDESTE;SE;SUDESTE;133791.26099997
2024-10-15;SE;SUDESTE;S;SUL;9400.446
2024-10-16;N;NORTE;NE;NORDESTE;-50863.50799999
2024-10-16;N;NORTE;SE;SUDESTE;18466.032
2024-10-16;NE;NORDESTE;SE;SUDESTE;90733.50299998
2024-10-16;SE;SUDESTE;S;SUL;-24872.374
2024-10-17;N;NORTE;NE;NORDESTE;-9722.852
2024-10-17;N;NORTE;SE;SUDESTE;24565.14699998
2024-10-17;NE;NORDESTE;SE;SUDESTE;40144.31099998
2024-10-17;SE;SUDESTE;S;SUL;-22089.60199998
2024-10-18;N;NORTE;NE;NORDESTE;1161.17400003
2024-10-18;N;NORTE;SE;SUDESTE;13637.39799999
2024-10-18;NE;NORDESTE;SE;SUDESTE;21969.62499999
2024-10-18;SE;SUDESTE;S;SUL;-43815.52799998
2024-10-19;N;NORTE;NE;NORDESTE;-47725.61899999
2024-10-19;N;NORTE;SE;SUDESTE;19029.65499999
2024-10-19;NE;NORDESTE;SE;SUDESTE;70860.21499998
2024-10-19;SE;SUDESTE;S;SUL;-18132.28399999
2024-10-20;N;NORTE;NE;NORDESTE;-51574.59299997
2024-10-20;N;NORTE;SE;SUDESTE;20428.03399998
2024-10-20;NE;NORDESTE;SE;SUDESTE;92301.78299997
2024-10-20;SE;SUDESTE;S;SUL;2631.45499999
2024-10-21;N;NORTE;NE;NORDESTE;-87188.21299997
2024-10-21;N;NORTE;SE;SUDESTE;37878.56299997
2024-10-21;NE;NORDESTE;SE;SUDESTE;155578.93599996
2024-10-21;SE;SUDESTE;S;SUL;50043.43599998
2024-10-22;N;NORTE;NE;NORDESTE;-97801.65299998
2024-10-22;N;NORTE;SE;SUDESTE;54252.10699997
2024-10-22;NE;NORDESTE;SE;SUDESTE;159370.79699995
2024-10-22;SE;SUDESTE;S;SUL;79678.03699994
2024-10-23;N;NORTE;NE;NORDESTE;-90088.82399997
2024-10-23;N;NORTE;SE;SUDESTE;59668.51499999
2024-10-23;NE;NORDESTE;SE;SUDESTE;145695.37199996
2024-10-23;SE;SUDESTE;S;SUL;65766.78000001
2024-10-24;N;NORTE;NE;NORDESTE;-89643.67899998
2024-10-24;N;NORTE;SE;SUDESTE;53315.68899999
2024-10-24;NE;NORDESTE;SE;SUDESTE;132542.54299995
2024-10-24;SE;SUDESTE;S;SUL;29537.066
2024-10-25;N;NORTE;NE;NORDESTE;-96050.50199998
2024-10-25;N;NORTE;SE;SUDESTE;54393.841
2024-10-25;NE;NORDESTE;SE;SUDESTE;139078.63599998
2024-10-25;SE;SUDESTE;S;SUL;-10869.962999989999
2024-10-26;N;NORTE;NE;NORDESTE;-86061.569
2024-10-26;N;NORTE;SE;SUDESTE;56294.80799997
2024-10-26;NE;NORDESTE;SE;SUDESTE;131469.43099996
2024-10-26;SE;SUDESTE;S;SUL;-17348.21099999
2024-10-27;N;NORTE;NE;NORDESTE;-44603.78399998
2024-10-27;N;NORTE;SE;SUDESTE;21257.674999990002
2024-10-27;NE;NORDESTE;SE;SUDESTE;88427.16999998
2024-10-27;SE;SUDESTE;S;SUL;-12049.27599998
2024-10-28;N;NORTE;NE;NORDESTE;-89603.27
2024-10-28;N;NORTE;SE;SUDESTE;37059.41099999
2024-10-28;NE;NORDESTE;SE;SUDESTE;133044.82999997
2024-10-28;SE;SUDESTE;S;SUL;36428.188
2024-10-29;N;NORTE;NE;NORDESTE;-95328.08899998
2024-10-29;N;NORTE;SE;SUDESTE;35361.92099997
2024-10-29;NE;NORDESTE;SE;SUDESTE;127052.26099996
2024-10-29;SE;SUDESTE;S;SUL;44158.774999990004
2024-10-30;N;NORTE;NE;NORDESTE;-83573.33999998
2024-10-30;N;NORTE;SE;SUDESTE;42030.722999980004
2024-10-30;NE;NORDESTE;SE;SUDESTE;115540.89799996
2024-10-30;SE;SUDESTE;S;SUL;57357.40999999
2024-10-31;N;NORTE;NE;NORDESTE;-68657.25899997
2024-10-31;N;NORTE;SE;SUDESTE;38479.291999990004
2024-10-31;NE;NORDESTE;SE;SUDESTE;97483.80699998
2024-10-31;SE;SUDESTE;S;SUL;45559.402999980004
2024-11-01;N;NORTE;NE;NORDESTE;-77796.94799999
2024-11-01;N;NORTE;SE;SUDESTE;31312.505
2024-11-01;NE;NORDESTE;SE;SUDESTE;108093.25699997
2024-11-01;SE;SUDESTE;S;SUL;32596.76599998
2024-11-02;N;NORTE;NE;NORDESTE;-98421.04299995
2024-11-02;N;NORTE;SE;SUDESTE;57387.14899998
2024-11-02;NE;NORDESTE;SE;SUDESTE;134002.08199997
2024-11-02;SE;SUDESTE;S;SUL;76068.43999998001
2024-11-03;N;NORTE;NE;NORDESTE;-87890.44399997
2024-11-03;N;NORTE;SE;SUDESTE;28197.21499997
2024-11-03;NE;NORDESTE;SE;SUDESTE;115505.16599998
2024-11-03;SE;SUDESTE;S;SUL;25494.313000000002
2024-11-04;N;NORTE;NE;NORDESTE;-103740.15999994
2024-11-04;N;NORTE;SE;SUDESTE;52027.69599998
2024-11-04;NE;NORDESTE;SE;SUDESTE;148441.91599998
2024-11-04;SE;SUDESTE;S;SUL;17400.05899999
2024-11-05;N;NORTE;NE;NORDESTE;-82759.93399995
2024-11-05;N;NORTE;SE;SUDESTE;44452.27099999
2024-11-05;NE;NORDESTE;SE;SUDESTE;139286.26199998
2024-11-05;SE;SUDESTE;S;SUL;4352.08200001
2024-11-06;N;NORTE;NE;NORDESTE;-84097.34999999
2024-11-06;N;NORTE;SE;SUDESTE;53413.01499996
2024-11-06;NE;NORDESTE;SE;SUDESTE;153525.77599998
2024-11-06;SE;SUDESTE;S;SUL;11320.74299999
2024-11-07;N;NORTE;NE;NORDESTE;-84435.06999999
2024-11-07;N;NORTE;SE;SUDESTE;49916.36299998
2024-11-07;NE;NORDESTE;SE;SUDESTE;142040.03099999
2024-11-07;SE;SUDESTE;S;SUL;-971.3140000100004
2024-11-08;N;NORTE;NE;NORDESTE;-58884.24799997
2024-11-08;N;NORTE;SE;SUDESTE;29316.04699999
2024-11-08;NE;NORDESTE;SE;SUDESTE;98403.20199999001
2024-11-08;SE;SUDESTE;S;SUL;-49701.20099994
2024-11-09;N;NORTE;NE;NORDESTE;-77260.09999996
2024-11-09;N;NORTE;SE;SUDESTE;30331.13499999
2024-11-09;NE;NORDESTE;SE;SUDESTE;99289.819
2024-11-09;SE;SUDESTE;S;SUL;-4311.03199998
2024-11-10;N;NORTE;NE;NORDESTE;-51896.13999999
2024-11-10;N;NORTE;SE;SUDESTE;8423.60999998
2024-11-10;NE;NORDESTE;SE;SUDESTE;55218.05299996
2024-11-10;SE;SUDESTE;S;SUL;4728.821
2024-11-11;N;NORTE;NE;NORDESTE;-26629.43899998
2024-11-11;N;NORTE;SE;SUDESTE;1262.56100001
2024-11-11;NE;NORDESTE;SE;SUDESTE;27186.08699996
2024-11-11;SE;SUDESTE;S;SUL;-38093.51799999
2024-11-12;N;NORTE;NE;NORDESTE;-6038.172000020001
2024-11-12;N;NORTE;SE;SUDESTE;-15793.0
2024-11-12;NE;NORDESTE;SE;SUDESTE;1621.0970000000004
2024-11-12;SE;SUDESTE;S;SUL;-60188.22899996
2024-11-13;N;NORTE;NE;NORDESTE;-56276.962
2024-11-13;N;NORTE;SE;SUDESTE;33401.793
2024-11-13;NE;NORDESTE;SE;SUDESTE;80078.90199997
2024-11-13;SE;SUDESTE;S;SUL;3825.8809999599994
2024-11-14;N;NORTE;NE;NORDESTE;-79713.70499997
2024-11-14;N;NORTE;SE;SUDESTE;41086.83500001
2024-11-14;NE;NORDESTE;SE;SUDESTE;115040.76099999
2024-11-14;SE;SUDESTE;S;SUL;37514.251999989996
2024-11-15;N;NORTE;NE;NORDESTE;-83918.946
2024-11-15;N;NORTE;SE;SUDESTE;45423.65799996
2024-11-15;NE;NORDESTE;SE;SUDESTE;155798.26899996
2024-11-15;SE;SUDESTE;S;SUL;79147.96899999
2024-11-16;N;NORTE;NE;NORDESTE;-81967.73999999
2024-11-16;N;NORTE;SE;SUDESTE;62736.95199998
2024-11-16;NE;NORDESTE;SE;SUDESTE;156580.534
2024-11-16;SE;SUDESTE;S;SUL;76022.02499996
2024-11-17;N;NORTE;NE;NORDESTE;-73943.668
2024-11-17;N;NORTE;SE;SUDESTE;31839.90599997
2024-11-17;NE;NORDESTE;SE;SUDESTE;110256.32699999001
2024-11-17;SE;SUDESTE;S;SUL;70987.10399998
2024-11-18;N;NORTE;NE;NORDESTE;-95974.00399998
2024-11-18;N;NORTE;SE;SUDESTE;42708.72999997
2024-11-18;NE;NORDESTE;SE;SUDESTE;130682.89799997
2024-11-18;SE;SUDESTE;S;SUL;75486.25499995
2024-11-19;N;NORTE;NE;NORDESTE;-71521.90799998
2024-11-19;N;NORTE;SE;SUDESTE;28119.97899999
2024-11-19;NE;NORDESTE;SE;SUDESTE;98646.71199996
2024-11-19;SE;SUDESTE;S;SUL;35778.04300002
2024-11-20;N;NORTE;NE;NORDESTE;-65653.33499997
2024-11-20;N;NORTE;SE;SUDESTE;32195.41599999
2024-11-20;NE;NORDESTE;SE;SUDESTE;90311.46599995
2024-11-20;SE;SUDESTE;S;SUL;4225.67400001
2024-11-21;N;NORTE;NE;NORDESTE;-27555.68999996
2024-11-21;N;NORTE;SE;SUDESTE;-2466.9800000200003
2024-11-21;NE;NORDESTE;SE;SUDESTE;37730.10299998
2024-11-21;SE;SUDESTE;S;SUL;-65196.092000000004
2024-11-22;N;NORTE;NE;NORDESTE;6731.93299999
2024-11-22;N;NORTE;SE;SUDESTE;-26161.68499997
2024-11-22;NE;NORDESTE;SE;SUDESTE;-2971.156
2024-11-22;SE;SUDESTE;S;SUL;-59865.31199997
2024-11-23;N;NORTE;NE;NORDESTE;17627.042
2024-11-23;N;NORTE;SE;SUDESTE;-38662.39899999
2024-11-23;NE;NORDESTE;SE;SUDESTE;-16832.56699999
2024-11-23;SE;SUDESTE;S;SUL;-76829.74299997
2024-11-24;N;NORTE;NE;NORDESTE;4358.897000020001
2024-11-24;N;NORTE;SE;SUDESTE;-41771.19899998
2024-11-24;NE;NORDESTE;SE;SUDESTE;-3798.2269999899995
2024-11-24;SE;SUDESTE;S;SUL;-47314.89499999
2024-11-25;N;NORTE;NE;NORDESTE;-31428.45699999
2024-11-25;N;NORTE;SE;SUDESTE;-8214.58200001
2024-11-25;NE;NORDESTE;SE;SUDESTE;64218.14399999
2024-11-25;SE;SUDESTE;S;SUL;32493.59299999
2024-11-26;N;NORTE;NE;NORDESTE;-49151.99099997
2024-11-26;N;NORTE;SE;SUDESTE;42307.34500001
2024-11-26;NE;NORDESTE;SE;SUDESTE;112096.77899999
2024-11-26;SE;SUDESTE;S;SUL;62667.748
2024-11-27;N;NORTE;NE;NORDESTE;-68322.42999997
2024-11-27;N;NORTE;SE;SUDESTE;53209.50299998
2024-11-27;NE;NORDESTE;SE;SUDESTE;125389.59199999
2024-11-27;SE;SUDESTE;S;SUL;66128.42899995
2024-11-28;N;NORTE;NE;NORDESTE;-71108.504
2024-11-28;N;NORTE;SE;SUDESTE;60438.353
2024-11-28;NE;NORDESTE;SE;SUDESTE;127565.88899998
2024-11-28;SE;SUDESTE;S;SUL;59247.87999999
2024-11-29;N;NORTE;NE;NORDESTE;-56791.64699998
2024-11-29;N;NORTE;SE;SUDESTE;41310.520999989996
2024-11-29;NE;NORDESTE;SE;SUDESTE;94349.46699997
2024-11-29;SE;SUDESTE;S;SUL;32414.35999999
2024-11-30;N;NORTE;NE;NORDESTE;-62250.74299997
2024-11-30;N;NORTE;SE;SUDESTE;48315.53999998
2024-11-30;NE;NORDESTE;SE;SUDESTE;102932.64199997
2024-11-30;SE;SUDESTE;S;SUL;44415.94599995
2024-12-01;N;NORTE;NE;NORDESTE;-19650.59599997
2024-12-01;N;NORTE;SE;SUDESTE;23315.18299999
2024-12-01;NE;NORDESTE;SE;SUDESTE;56835.613
2024-12-01;SE;SUDESTE;S;SUL;11724.23799999
2024-12-02;N;NORTE;NE;NORDESTE;-19810.96400001
2024-12-02;N;NORTE;SE;SUDESTE;22840.10999998
2024-12-02;NE;NORDESTE;SE;SUDESTE;55884.414999990004
2024-12-02;SE;SUDESTE;S;SUL;18992.44299998
2024-12-03;N;NORTE;NE;NORDESTE;-20184.98899999
2024-12-03;N;NORTE;SE;SUDESTE;14671.208999980001
2024-12-03;NE;NORDESTE;SE;SUDESTE;60718.19999995
2024-12-03;SE;SUDESTE;S;SUL;11927.76199997
2024-12-04;N;NORTE;NE;NORDESTE;-22937.63800001
2024-12-04;N;NORTE;SE;SUDESTE;11008.87299996
2024-12-04;NE;NORDESTE;SE;SUDESTE;58492.04799999
2024-12-04;SE;SUDESTE;S;SUL;40039.183999960005
2024-12-05;N;NORTE;NE;NORDESTE;-61238.60899998
2024-12-05;N;NORTE;SE;SUDESTE;42645.77299998
2024-12-05;NE;NORDESTE;SE;SUDESTE;100508.94799996
2024-12-05;SE;SUDESTE;S;SUL;78312.29899994
2024-12-06;N;NORTE;NE;NORDESTE;-62433.93699999
2024-12-06;N;NORTE;SE;SUDESTE;63649.00199998
2024-12-06;NE;NORDESTE;SE;SUDESTE;130128.92299998
2024-12-06;SE;SUDESTE;S;SUL;84851.57299999
2024-12-07;N;NORTE;NE;NORDESTE;-48065.89699999
2024-12-07;N;NORTE;SE;SUDESTE;53749.10499994
2024-12-07;NE;NORDESTE;SE;SUDESTE;109980.95499992
2024-12-07;SE;SUDESTE;S;SUL;21692.694
2024-12-08;N;NORTE;NE;NORDESTE;-29768.63099997
2024-12-08;N;NORTE;SE;SUDESTE;30733.847
2024-12-08;NE;NORDESTE;SE;SUDESTE;82375.80399997
2024-12-08;SE;SUDESTE;S;SUL;-23388.29499999
2024-12-09;N;NORTE;NE;NORDESTE;-62778.40299995
2024-12-09;N;NORTE;SE;SUDESTE;58632.95599999
2024-12-09;NE;NORDESTE;SE;SUDESTE;118199.02199996999
2024-12-09;SE;SUDESTE;S;SUL;15249.248
2024-12-10;N;NORTE;NE;NORDESTE;-65330.86799998
2024-12-10;N;NORTE;SE;SUDESTE;85521.42099999
2024-12-10;NE;NORDESTE;SE;SUDESTE;119669.95099999
2024-12-10;SE;SUDESTE;S;SUL;13271.45499999
2024-12-11;N;NORTE;NE;NORDESTE;-21511.78399999
2024-12-11;N;NORTE;SE;SUDESTE;82561.34799998
2024-12-11;NE;NORDESTE;SE;SUDESTE;76716.60800000001
2024-12-11;SE;SUDESTE;S;SUL;16722.52199999
2024-12-12;N;NORTE;NE;NORDESTE;-37912.52899996
2024-12-12;N;NORTE;SE;SUDESTE;38422.926
2024-12-12;NE;NORDESTE;SE;SUDESTE;90879.26999995
2024-12-12;SE;SUDESTE;S;SUL;653.8360000000006
2024-12-13;N;NORTE;NE;NORDESTE;-81977.24399998
2024-12-13;N;NORTE;SE;SUDESTE;81825.90299998
2024-12-13;NE;NORDESTE;SE;SUDESTE;142371.41699997
2024-12-13;SE;SUDESTE;S;SUL;36267.78799996
2024-12-14;N;NORTE;NE;NORDESTE;-44247.81999997
2024-12-14;N;NORTE;SE;SUDESTE;31525.08199998
2024-12-14;NE;NORDESTE;SE;SUDESTE;96449.57699997
2024-12-14;SE;SUDESTE;S;SUL;-9944.61499998
2024-12-15;N;NORTE;NE;NORDESTE;-14926.46099999
2024-12-15;N;NORTE;SE;SUDESTE;8471.259
2024-12-15;NE;NORDESTE;SE;SUDESTE;56212.90399997
2024-12-15;SE;SUDESTE;S;SUL;-14845.237
2024-12-16;N;NORTE;NE;NORDESTE;-40868.44299998
2024-12-16;N;NORTE;SE;SUDESTE;73302.438
2024-12-16;NE;NORDESTE;SE;SUDESTE;97995.88099999
2024-12-16;SE;SUDESTE;S;SUL;17373.898000010002
2024-12-17;N;NORTE;NE;NORDESTE;-19550.77499999
2024-12-17;N;NORTE;SE;SUDESTE;90880.599
2024-12-17;NE;NORDESTE;SE;SUDESTE;97599.72099998
2024-12-17;SE;SUDESTE;S;SUL;17988.51699999
2024-12-18;N;NORTE;NE;NORDESTE;-6510.55
2024-12-18;N;NORTE;SE;SUDESTE;75142.15299996
2024-12-18;NE;NORDESTE;SE;SUDESTE;92257.43199998
2024-12-18;SE;SUDESTE;S;SUL;30683.25499998
2024-12-19;N;NORTE;NE;NORDESTE;-38344.84799998
2024-12-19;N;NORTE;SE;SUDESTE;93185.40599997
2024-12-19;NE;NORDESTE;SE;SUDESTE;101288.39499997
2024-12-19;SE;SUDESTE;S;SUL;48360.20499998
2024-12-20;N;NORTE;NE;NORDESTE;-57639.89899998
2024-12-20;N;NORTE;SE;SUDESTE;81753.568
2024-12-20;NE;NORDESTE;SE;SUDESTE;122315.65399998
2024-12-20;SE;SUDESTE;S;SUL;31040.13699998
2024-12-21;N;NORTE;NE;NORDESTE;-57488.77699997
2024-12-21;N;NORTE;SE;SUDESTE;59295.08799998
2024-12-21;NE;NORDESTE;SE;SUDESTE;88344.04099999
2024-12-21;SE;SUDESTE;S;SUL;-8431.41199998
2024-12-22;N;NORTE;NE;NORDESTE;-53464.815
2024-12-22;N;NORTE;SE;SUDESTE;40427.50699998
2024-12-22;NE;NORDESTE;SE;SUDESTE;80524.35799997
2024-12-22;SE;SUDESTE;S;SUL;-32326.71
2024-12-23;N;NORTE;NE;NORDESTE;-44980.63099997
2024-12-23;N;NORTE;SE;SUDESTE;55365.76199996
2024-12-23;NE;NORDESTE;SE;SUDESTE;78846.49999997
2024-12-23;SE;SUDESTE;S;SUL;-31331.10399998
2024-12-24;N;NORTE;NE;NORDESTE;-17619.26000001
2024-12-24;N;NORTE;SE;SUDESTE;27125.831
2024-12-24;NE;NORDESTE;SE;SUDESTE;33625.03599998
2024-12-24;SE;SUDESTE;S;SUL;-44009.97999998
2024-12-25;N;NORTE;NE;NORDESTE;-20297.30699998
2024-12-25;N;NORTE;SE;SUDESTE;26239.92300002
2024-12-25;NE;NORDESTE;SE;SUDESTE;44072.14399998
2024-12-25;SE;SUDESTE;S;SUL;-34523.86299996
2024-12-26;N;NORTE;NE;NORDESTE;-67071.68399997
2024-12-26;N;NORTE;SE;SUDESTE;80497.11
2024-12-26;NE;NORDESTE;SE;SUDESTE;103291.10499998
2024-12-26;SE;SUDESTE;S;SUL;-12725.12599999
2024-12-27;N;NORTE;NE;NORDESTE;-70524.15499999
2024-12-27;N;NORTE;SE;SUDESTE;76829.34999999
2024-12-27;NE;NORDESTE;SE;SUDESTE;95225.64799998
2024-12-27;SE;SUDESTE;S;SUL;24059.51399998
2024-12-28;N;NORTE;NE;NORDESTE;-59977.77399997
2024-12-28;N;NORTE;SE;SUDESTE;74287.88299999
2024-12-28;NE;NORDESTE;SE;SUDESTE;95133.86799998
2024-12-28;SE;SUDESTE;S;SUL;35592.25299998
2024-12-29;N;NORTE;NE;NORDESTE;-41201.15099995
2024-12-29;N;NORTE;SE;SUDESTE;60777.33599996
2024-12-29;NE;NORDESTE;SE;SUDESTE;79728.49199999
2024-12-29;SE;SUDESTE;S;SUL;7846.871
2024-12-30;N;NORTE;NE;NORDESTE;-27918.288
2024-12-30;N;NORTE;SE;SUDESTE;56134.076
2024-12-30;NE;NORDESTE;SE;SUDESTE;57656.00699999
2024-12-30;SE;SUDESTE;S;SUL;20082.60299995
2024-12-31;N;NORTE;NE;NORDESTE;-30687.985
2024-12-31;N;NORTE;SE;SUDESTE;42637.25899996
2024-12-31;NE;NORDESTE;SE;SUDESTE;52922.742
2024-12-31;SE;SUDESTE;S;SUL;-7888.49999999
2025-01-01;N;NORTE;NE;NORDESTE;-37449.69299999
2025-01-01;N;NORTE;SE;SUDESTE;60965.37699997
2025-01-01;NE;NORDESTE;SE;SUDESTE;82209.70299998
2025-01-01;SE;SUDESTE;S;SUL;21812.251
2025-01-02;N;NORTE;NE;NORDESTE;-43596.03599999
2025-01-02;N;NORTE;SE;SUDESTE;84285.76099998
2025-01-02;NE;NORDESTE;SE;SUDESTE;101477.49799999
2025-01-02;SE;SUDESTE;S;SUL;78772.772
2025-01-03;N;NORTE;NE;NORDESTE;-39849.986
2025-01-03;N;NORTE;SE;SUDESTE;102615.715
2025-01-03;NE;NORDESTE;SE;SUDESTE;95902.97099996
2025-01-03;SE;SUDESTE;S;SUL;64399.83699997
2025-01-04;N;NORTE;NE;NORDESTE;-26922.539
2025-01-04;N;NORTE;SE;SUDESTE;91469.61899999
2025-01-04;NE;NORDESTE;SE;SUDESTE;74764.36099998
2025-01-04;SE;SUDESTE;S;SUL;41071.117
2025-01-05;N;NORTE;NE;NORDESTE;-7841.10500001
2025-01-05;N;NORTE;SE;SUDESTE;58639.23199999
2025-01-05;NE;NORDESTE;SE;SUDESTE;46969.10699996
2025-01-05;SE;SUDESTE;S;SUL;38453.44199999
2025-01-06;N;NORTE;NE;NORDESTE;6296.0650000000005
2025-01-06;N;NORTE;SE;SUDESTE;57808.13399995
2025-01-06;NE;NORDESTE;SE;SUDESTE;32601.81799998
2025-01-06;SE;SUDESTE;S;SUL;16142.79599998
2025-01-07;N;NORTE;NE;NORDESTE;36990.875
2025-01-07;N;NORTE;SE;SUDESTE;81220.916
2025-01-07;NE;NORDESTE;SE;SUDESTE;29582.382
2025-01-07;SE;SUDESTE;S;SUL;49022.32799999
2025-01-08;N;NORTE;NE;NORDESTE;53718.57
2025-01-08;N;NORTE;SE;SUDESTE;88462.41199998
2025-01-08;NE;NORDESTE;SE;SUDESTE;7923.764
2025-01-08;SE;SUDESTE;S;SUL;61372.46299999
2025-01-09;N;NORTE;NE;NORDESTE;51485.29099998
2025-01-09;N;NORTE;SE;SUDESTE;91969.18099999
2025-01-09;NE;NORDESTE;SE;SUDESTE;32790.47499998
2025-01-09;SE;SUDESTE;S;SUL;75812.25299995
2025-01-10;N;NORTE;NE;NORDESTE;57073.626000000004
2025-01-10;N;NORTE;SE;SUDESTE;92837.48
2025-01-10;NE;NORDESTE;SE;SUDESTE;27852.85
2025-01-10;SE;SUDESTE;S;SUL;79241.98799999
2025-01-11;N;NORTE;NE;NORDESTE;32104.12999999
2025-01-11;N;NORTE;SE;SUDESTE;68590.74599999
2025-01-11;NE;NORDESTE;SE;SUDESTE;20333.65199996
2025-01-11;SE;SUDESTE;S;SUL;98741.98399998
2025-01-12;N;NORTE;NE;NORDESTE;41931.459
2025-01-12;N;NORTE;SE;SUDESTE;46115.56299999
2025-01-12;NE;NORDESTE;SE;SUDESTE;12020.811
2025-01-12;SE;SUDESTE;S;SUL;65747.239
2025-01-13;N;NORTE;NE;NORDESTE;72063.261
2025-01-13;N;NORTE;SE;SUDESTE;135421.404
2025-01-13;NE;NORDESTE;SE;SUDESTE;21481.01299997
2025-01-13;SE;SUDESTE;S;SUL;125473.07499999
2025-01-14;N;NORTE;NE;NORDESTE;76732.68599997999
2025-01-14;N;NORTE;SE;SUDESTE;125853.13399999
2025-01-14;NE;NORDESTE;SE;SUDESTE;16769.46799998
2025-01-14;SE;SUDESTE;S;SUL;127010.08699997001
2025-01-15;N;NORTE;NE;NORDESTE;80812.73699999
2025-01-15;N;NORTE;SE;SUDESTE;126053.97799999
2025-01-15;NE;NORDESTE;SE;SUDESTE;14642.86899999
2025-01-15;SE;SUDESTE;S;SUL;108301.177
2025-01-16;N;NORTE;NE;NORDESTE;53902.92499998
2025-01-16;N;NORTE;SE;SUDESTE;152178.52599997
2025-01-16;NE;NORDESTE;SE;SUDESTE;30773.79999999
2025-01-16;SE;SUDESTE;S;SUL;119940.32899996999
2025-01-17;N;NORTE;NE;NORDESTE;15039.63999999
2025-01-17;N;NORTE;SE;SUDESTE;145712.50899999
2025-01-17;NE;NORDESTE;SE;SUDESTE;85116.18299993
2025-01-17;SE;SUDESTE;S;SUL;113391.31599998
2025-01-18;N;NORTE;NE;NORDESTE;-15317.496999989999
2025-01-18;N;NORTE;SE;SUDESTE;145397.351
2025-01-18;NE;NORDESTE;SE;SUDESTE;84979.89999999
2025-01-18;SE;SUDESTE;S;SUL;110393.00799997
2025-01-19;N;NORTE;NE;NORDESTE;47823.72099996
2025-01-19;N;NORTE;SE;SUDESTE;85352.47
2025-01-19;NE;NORDESTE;SE;SUDESTE;16302.14899999
2025-01-19;SE;SUDESTE;S;SUL;91373.34099997999
2025-01-20;N;NORTE;NE;NORDESTE;62599.91100001
2025-01-20;N;NORTE;SE;SUDESTE;164163.068
2025-01-20;NE;NORDESTE;SE;SUDESTE;-7868.224
2025-01-20;SE;SUDESTE;S;SUL;87305.71399997
2025-01-21;N;NORTE;NE;NORDESTE;43750.77699999
2025-01-21;N;NORTE;SE;SUDESTE;162492.88699997
2025-01-21;NE;NORDESTE;SE;SUDESTE;13367.66899999
2025-01-21;SE;SUDESTE;S;SUL;76682.655
2025-01-22;N;NORTE;NE;NORDESTE;19537.327000010002
2025-01-22;N;NORTE;SE;SUDESTE;177395.068
2025-01-22;NE;NORDESTE;SE;SUDESTE;50834.99999998
2025-01-22;SE;SUDESTE;S;SUL;93033.51799998
2025-01-23;N;NORTE;NE;NORDESTE;32067.17899996
2025-01-23;N;NORTE;SE;SUDESTE;111794.14499997
2025-01-23;NE;NORDESTE;SE;SUDESTE;51157.73999999
2025-01-23;SE;SUDESTE;S;SUL;85433.19399997
2025-01-24;N;NORTE;NE;NORDESTE;41008.30299998
2025-01-24;N;NORTE;SE;SUDESTE;124492.19499995
2025-01-24;NE;NORDESTE;SE;SUDESTE;39220.14199997
2025-01-24;SE;SUDESTE;S;SUL;97943.66499997
2025-01-25;N;NORTE;NE;NORDESTE;23066.334999990002
2025-01-25;N;NORTE;SE;SUDESTE;111871.26299995
2025-01-25;NE;NORDESTE;SE;SUDESTE;44064.99699995
2025-01-25;SE;SUDESTE;S;SUL;53022.055999950004
2025-01-26;N;NORTE;NE;NORDESTE;-1579.4099999800003
2025-01-26;N;NORTE;SE;SUDESTE;103369.45199995
2025-01-26;NE;NORDESTE;SE;SUDESTE;39677.49799999
2025-01-26;SE;SUDESTE;S;SUL;57561.22099999
2025-01-27;N;NORTE;NE;NORDESTE;35839.085
2025-01-27;N;NORTE;SE;SUDESTE;120759.06499996
2025-01-27;NE;NORDESTE;SE;SUDESTE;31642.07799999
2025-01-27;SE;SUDESTE;S;SUL;55844.44999998
2025-01-28;N;NORTE;NE;NORDESTE;56824.10999999
2025-01-28;N;NORTE;SE;SUDESTE;121724.05599999
2025-01-28;NE;NORDESTE;SE;SUDESTE;23314.25099999
2025-01-28;SE;SUDESTE;S;SUL;78772.374
2025-01-29;N;NORTE;NE;NORDESTE;37850.0
2025-01-29;N;NORTE;SE;SUDESTE;125333.92599998
2025-01-29;NE;NORDESTE;SE;SUDESTE;50335.09199999
2025-01-29;SE;SUDESTE;S;SUL;95148.50799997
2025-01-30;N;NORTE;NE;NORDESTE;33689.665
2025-01-30;N;NORTE;SE;SUDESTE;128102.49299999
2025-01-30;NE;NORDESTE;SE;SUDESTE;44409.097999980004
2025-01-30;SE;SUDESTE;S;SUL;107548.955
2025-01-31;N;NORTE;NE;NORDESTE;20241.42899997
2025-01-31;N;NORTE;SE;SUDESTE;129121.03199997
2025-01-31;NE;NORDESTE;SE;SUDESTE;53114.68499999
2025-01-31;SE;SUDESTE;S;SUL;118593.40999997
2025-02-01;N;NORTE;NE;NORDESTE;-19021.95100001
2025-02-01;N;NORTE;SE;SUDESTE;114701.62199996
2025-02-01;NE;NORDESTE;SE;SUDESTE;57855.15999997
2025-02-01;SE;SUDESTE;S;SUL;141906.40999999
2025-02-02;N;NORTE;NE;NORDESTE;-28051.04799998
2025-02-02;N;NORTE;SE;SUDESTE;109150.01299997
2025-02-02;NE;NORDESTE;SE;SUDESTE;60548.46099998
2025-02-02;SE;SUDESTE;S;SUL;123505.0
2025-02-03;N;NORTE;NE;NORDESTE;18913.05399999
2025-02-03;N;NORTE;SE;SUDESTE;127421.30299996
2025-02-03;NE;NORDESTE;SE;SUDESTE;48032.95399999
2025-02-03;SE;SUDESTE;S;SUL;151577.64099998
2025-02-04;N;NORTE;NE;NORDESTE;12855.71199998
2025-02-04;N;NORTE;SE;SUDESTE;124043.91599998
2025-02-04;NE;NORDESTE;SE;SUDESTE;43804.89799998
2025-02-04;SE;SUDESTE;S;SUL;165158.03299997
2025-02-05;N;NORTE;NE;NORDESTE;18850.89899999
2025-02-05;N;NORTE;SE;SUDESTE;121798.43099995
2025-02-05;NE;NORDESTE;SE;SUDESTE;51841.203
2025-02-05;SE;SUDESTE;S;SUL;155082.68799998
2025-02-06;N;NORTE;NE;NORDESTE;9896.45699999
2025-02-06;N;NORTE;SE;SUDESTE;120950.04199994
2025-02-06;NE;NORDESTE;SE;SUDESTE;49466.18899998
2025-02-06;SE;SUDESTE;S;SUL;130364.33499999
2025-02-07;N;NORTE;NE;NORDESTE;12213.97800001
2025-02-07;N;NORTE;SE;SUDESTE;126249.03499997
2025-02-07;NE;NORDESTE;SE;SUDESTE;54682.23299997
2025-02-07;SE;SUDESTE;S;SUL;120900.86299997
2025-02-08;N;NORTE;NE;NORDESTE;-21307.501
2025-02-08;N;NORTE;SE;SUDESTE;124493.95599996
2025-02-08;NE;NORDESTE;SE;SUDESTE;63831.04699996
2025-02-08;SE;SUDESTE;S;SUL;138592.24099995
2025-02-09;N;NORTE;NE;NORDESTE;-14283.60699998
2025-02-09;N;NORTE;SE;SUDESTE;124459.875
2025-02-09;NE;NORDESTE;SE;SUDESTE;55443.41199997
2025-02-09;SE;SUDESTE;S;SUL;133124.26199999
2025-02-10;N;NORTE;NE;NORDESTE;25517.67099998
2025-02-10;N;NORTE;SE;SUDESTE;136674.84299999
2025-02-10;NE;NORDESTE;SE;SUDESTE;53027.45999999
2025-02-10;SE;SUDESTE;S;SUL;153280.46499999
2025-02-11;N;NORTE;NE;NORDESTE;16400.534999980002
2025-02-11;N;NORTE;SE;SUDESTE;130155.88999998
2025-02-11;NE;NORDESTE;SE;SUDESTE;48283.09599999
2025-02-11;SE;SUDESTE;S;SUL;165767.05699999
2025-02-12;N;NORTE;NE;NORDESTE;18666.267
2025-02-12;N;NORTE;SE;SUDESTE;133443.37999997
2025-02-12;NE;NORDESTE;SE;SUDESTE;48867.21699996
2025-02-12;SE;SUDESTE;S;SUL;147540.35199999
2025-02-13;N;NORTE;NE;NORDESTE;16612.65599998
2025-02-13;N;NORTE;SE;SUDESTE;171545.11899996002
2025-02-13;NE;NORDESTE;SE;SUDESTE;69749.73899994
2025-02-13;SE;SUDESTE;S;SUL;139098.96299999
2025-02-14;N;NORTE;NE;NORDESTE;-28287.09899999
2025-02-14;N;NORTE;SE;SUDESTE;221125.19299996
2025-02-14;NE;NORDESTE;SE;SUDESTE;89534.13899998
2025-02-14;SE;SUDESTE;S;SUL;149874.26399999
2025-02-15;N;NORTE;NE;NORDESTE;-42175.914
2025-02-15;N;NORTE;SE;SUDESTE;188061.28699999
2025-02-15;NE;NORDESTE;SE;SUDESTE;101012.20799998
2025-02-15;SE;SUDESTE;S;SUL;122688.06199999
2025-02-16;N;NORTE;NE;NORDESTE;-62752.738999990004
2025-02-16;N;NORTE;SE;SUDESTE;178120.185
2025-02-16;NE;NORDESTE;SE;SUDESTE;114308.53699999
2025-02-16;SE;SUDESTE;S;SUL;108271.81399994
2025-02-17;N;NORTE;NE;NORDESTE;-15559.27199999
2025-02-17;N;NORTE;SE;SUDESTE;208537.52599994
2025-02-17;NE;NORDESTE;SE;SUDESTE;112174.12099996
2025-02-17;SE;SUDESTE;S;SUL;128184.68099999
2025-02-18;N;NORTE;NE;NORDESTE;14429.449999980001
2025-02-18;N;NORTE;SE;SUDESTE;209604.81599997001
2025-02-18;NE;NORDESTE;SE;SUDESTE;98901.81199998
2025-02-18;SE;SUDESTE;S;SUL;91267.82899997
2025-02-19;N;NORTE;NE;NORDESTE;4134.372
2025-02-19;N;NORTE;SE;SUDESTE;199399.593
2025-02-19;NE;NORDESTE;SE;SUDESTE;98215.65699998
2025-02-19;SE;SUDESTE;S;SUL;109116.68299997
2025-02-20;N;NORTE;NE;NORDESTE;857.4130000099998
2025-02-20;N;NORTE;SE;SUDESTE;203441.81399998
2025-02-20;NE;NORDESTE;SE;SUDESTE;111120.35499999
2025-02-20;SE;SUDESTE;S;SUL;117356.21699996
2025-02-21;N;NORTE;NE;NORDESTE;-18215.8
2025-02-21;N;NORTE;SE;SUDESTE;200610.96199995
2025-02-21;NE;NORDESTE;SE;SUDESTE;126872.98799998
2025-02-21;SE;SUDESTE;S;SUL;121733.33199998
2025-02-22;N;NORTE;NE;NORDESTE;-35428.22
2025-02-22;N;NORTE;SE;SUDESTE;185850.87999998
2025-02-22;NE;NORDESTE;SE;SUDESTE;121068.85699998
2025-02-22;SE;SUDESTE;S;SUL;97098.48199997
2025-02-23;N;NORTE;NE;NORDESTE;-22739.83799999
2025-02-23;N;NORTE;SE;SUDESTE;158253.12399998
2025-02-23;NE;NORDESTE;SE;SUDESTE;93681.87099998
2025-02-23;SE;SUDESTE;S;SUL;89423.85099998
2025-02-24;N;NORTE;NE;NORDESTE;7052.13199997
2025-02-24;N;NORTE;SE;SUDESTE;213955.86599998001
2025-02-24;NE;NORDESTE;SE;SUDESTE;107329.22199995
2025-02-24;SE;SUDESTE;S;SUL;125441.12299998
2025-02-25;N;NORTE;NE;NORDESTE;-4923.62699999
2025-02-25;N;NORTE;SE;SUDESTE;210505.90699994
2025-02-25;NE;NORDESTE;SE;SUDESTE;110480.58599998
2025-02-25;SE;SUDESTE;S;SUL;115130.28599996
2025-02-26;N;NORTE;NE;NORDESTE;-2351.25899999
2025-02-26;N;NORTE;SE;SUDESTE;195743.03299998
2025-02-26;NE;NORDESTE;SE;SUDESTE;115655.12699996
2025-02-26;SE;SUDESTE;S;SUL;112406.15699994
2025-02-27;N;NORTE;NE;NORDESTE;-7206.777000020001
2025-02-27;N;NORTE;SE;SUDESTE;208230.47899997002
2025-02-27;NE;NORDESTE;SE;SUDESTE;110266.08699997
2025-02-27;SE;SUDESTE;S;SUL;106385.42899996
2025-02-28;N;NORTE;NE;NORDESTE;-2878.89099997
2025-02-28;N;NORTE;SE;SUDESTE;186603.51799998002
2025-02-28;NE;NORDESTE;SE;SUDESTE;119059.71199999
2025-02-28;SE;SUDESTE;S;SUL;105383.27099994
2025-03-01;N;NORTE;NE;NORDESTE;-41467.62599999
2025-03-01;N;NORTE;SE;SUDESTE;171433.84999998
2025-03-01;NE;NORDESTE;SE;SUDESTE;116649.32199998
2025-03-01;SE;SUDESTE;S;SUL;123615.37999998
2025-03-02;N;NORTE;NE;NORDESTE;-46252.88099999
2025-03-02;N;NORTE;SE;SUDESTE;162000.70999997
2025-03-02;NE;NORDESTE;SE;SUDESTE;120489.413
2025-03-02;SE;SUDESTE;S;SUL;143084.33599999
2025-03-03;N;NORTE;NE;NORDESTE;-57312.07999999
2025-03-03;N;NORTE;SE;SUDESTE;182148.38599998
2025-03-03;NE;NORDESTE;SE;SUDESTE;132622.53899998
2025-03-03;SE;SUDESTE;S;SUL;135193.75099996
2025-03-04;N;NORTE;NE;NORDESTE;-60785.11599998
2025-03-04;N;NORTE;SE;SUDESTE;177824.23799999
2025-03-04;NE;NORDESTE;SE;SUDESTE;129302.41399998
2025-03-04;SE;SUDESTE;S;SUL;140620.99699998
2025-03-05;N;NORTE;NE;NORDESTE;-54160.70799997
2025-03-05;N;NORTE;SE;SUDESTE;195148.14699999001
2025-03-05;NE;NORDESTE;SE;SUDESTE;135071.117
2025-03-05;SE;SUDESTE;S;SUL;141352.34999999
2025-03-06;N;NORTE;NE;NORDESTE;-49461.17899999
2025-03-06;N;NORTE;SE;SUDESTE;203023.89999998
2025-03-06;NE;NORDESTE;SE;SUDESTE;139255.231
2025-03-06;SE;SUDESTE;S;SUL;162447.69999999
2025-03-07;N;NORTE;NE;NORDESTE;-39075.38699999
2025-03-07;N;NORTE;SE;SUDESTE;196528.82699996
2025-03-07;NE;NORDESTE;SE;SUDESTE;136080.67199999
2025-03-07;SE;SUDESTE;S;SUL;159467.005
2025-03-08;N;NORTE;NE;NORDESTE;-43647.681000000004
2025-03-08;N;NORTE;SE;SUDESTE;188340.36199999
2025-03-08;NE;NORDESTE;SE;SUDESTE;125987.778
2025-03-08;SE;SUDESTE;S;SUL;122838.03799999
2025-03-09;N;NORTE;NE;NORDESTE;-28350.846
2025-03-09;N;NORTE;SE;SUDESTE;163955.184
2025-03-09;NE;NORDESTE;SE;SUDESTE;109916.421
2025-03-09;SE;SUDESTE;S;SUL;122465.55299999
2025-03-10;N;NORTE;NE;NORDESTE;21547.060999999998
2025-03-10;N;NORTE;SE;SUDESTE;201969.39299998002
2025-03-10;NE;NORDESTE;SE;SUDESTE;99674.94099998
2025-03-10;SE;SUDESTE;S;SUL;120727.62199997
2025-03-11;N;NORTE;NE;NORDESTE;-14032.36399998
2025-03-11;N;NORTE;SE;SUDESTE;204189.31699998002
2025-03-11;NE;NORDESTE;SE;SUDESTE;128457.38399999001
2025-03-11;SE;SUDESTE;S;SUL;151633.04699999
2025-03-12;N;NORTE;NE;NORDESTE;-30376.763
2025-03-12;N;NORTE;SE;SUDESTE;204530.38599995
2025-03-12;NE;NORDESTE;SE;SUDESTE;131544.53999998
2025-03-12;SE;SUDESTE;S;SUL;154644.57599999
2025-03-13;N;NORTE;NE;NORDESTE;-10135.481
2025-03-13;N;NORTE;SE;SUDESTE;192227.52999997
2025-03-13;NE;NORDESTE;SE;SUDESTE;112664.08299998
2025-03-13;SE;SUDESTE;S;SUL;129423.65699998
2025-03-14;N;NORTE;NE;NORDESTE;35287.416
2025-03-14;N;NORTE;SE;SUDESTE;189006.92099998
2025-03-14;NE;NORDESTE;SE;SUDESTE;61759.94399998
2025-03-14;SE;SUDESTE;S;SUL;131634.23599999
2025-03-15;N;NORTE;NE;NORDESTE;-9175.086999969999
2025-03-15;N;NORTE;SE;SUDESTE;189502.55399997
2025-03-15;NE;NORDESTE;SE;SUDESTE;77722.47199999
2025-03-15;SE;SUDESTE;S;SUL;127606.13099999
2025-03-16;N;NORTE;NE;NORDESTE;-2249.248000000001
2025-03-16;N;NORTE;SE;SUDESTE;165222.51199995002
2025-03-16;NE;NORDESTE;SE;SUDESTE;88483.58599997
2025-03-16;SE;SUDESTE;S;SUL;106387.46699998
2025-03-17;N;NORTE;NE;NORDESTE;19400.37899998
2025-03-17;N;NORTE;SE;SUDESTE;207223.00299998
2025-03-17;NE;NORDESTE;SE;SUDESTE;85264.21799998
2025-03-17;SE;SUDESTE;S;SUL;160059.019
2025-03-18;N;NORTE;NE;NORDESTE;24909.94499998
2025-03-18;N;NORTE;SE;SUDESTE;202920.67399999002
2025-03-18;NE;NORDESTE;SE;SUDESTE;66817.02599998
2025-03-18;SE;SUDESTE;S;SUL;171539.22799999
2025-03-19;N;NORTE;NE;NORDESTE;29826.290000009998
2025-03-19;N;NORTE;SE;SUDESTE;208845.27299999
2025-03-19;NE;NORDESTE;SE;SUDESTE;58163.041999990004
2025-03-19;SE;SUDESTE;S;SUL;179152.53999999
2025-03-20;N;NORTE;NE;NORDESTE;29514.42099999
2025-03-20;N;NORTE;SE;SUDESTE;192939.121
2025-03-20;NE;NORDESTE;SE;SUDESTE;42436.556999989996
2025-03-20;SE;SUDESTE;S;SUL;173576.373
2025-03-21;N;NORTE;NE;NORDESTE;25162.69299999
2025-03-21;N;NORTE;SE;SUDESTE;197489.41599996
2025-03-21;NE;NORDESTE;SE;SUDESTE;70512.589
2025-03-21;SE;SUDESTE;S;SUL;163111.663
2025-03-22;N;NORTE;NE;NORDESTE;825.2440000000006
2025-03-22;N;NORTE;SE;SUDESTE;187953.22999997
2025-03-22;NE;NORDESTE;SE;SUDESTE;68420.43099999
2025-03-22;SE;SUDESTE;S;SUL;128875.42999998
2025-03-23;N;NORTE;NE;NORDESTE;3846.1890000000008
2025-03-23;N;NORTE;SE;SUDESTE;169372.898
2025-03-23;NE;NORDESTE;SE;SUDESTE;102369.36499997
2025-03-23;SE;SUDESTE;S;SUL;152681.986
2025-03-24;N;NORTE;NE;NORDESTE;17421.064999989998
2025-03-24;N;NORTE;SE;SUDESTE;213557.48999998
2025-03-24;NE;NORDESTE;SE;SUDESTE;90336.87299999999
2025-03-24;SE;SUDESTE;S;SUL;168979.464
2025-03-25;N;NORTE;NE;NORDESTE;15756.092
2025-03-25;N;NORTE;SE;SUDESTE;216153.13299998
2025-03-25;NE;NORDESTE;SE;SUDESTE;87217.385
2025-03-25;SE;SUDESTE;S;SUL;163441.42
2025-03-26;N;NORTE;NE;NORDESTE;22125.21199999
2025-03-26;N;NORTE;SE;SUDESTE;211058.83899998
2025-03-26;NE;NORDESTE;SE;SUDESTE;77662.95199997
2025-03-26;SE;SUDESTE;S;SUL;154367.42399998
2025-03-27;N;NORTE;NE;NORDESTE;17388.11299999
2025-03-27;N;NORTE;SE;SUDESTE;218325.62399997
2025-03-27;NE;NORDESTE;SE;SUDESTE;81880.49599998
2025-03-27;SE;SUDESTE;S;SUL;164011.073
2025-03-28;N;NORTE;NE;NORDESTE;14205.03299998
2025-03-28;N;NORTE;SE;SUDESTE;213437.65099997
2025-03-28;NE;NORDESTE;SE;SUDESTE;63248.19899997
2025-03-28;SE;SUDESTE;S;SUL;170970.51599999
2025-03-29;N;NORTE;NE;NORDESTE;-11143.39199998
2025-03-29;N;NORTE;SE;SUDESTE;182157.39199997002
2025-03-29;NE;NORDESTE;SE;SUDESTE;84792.58999997
2025-03-29;SE;SUDESTE;S;SUL;158600.174
2025-03-30;N;NORTE;NE;NORDESTE;-12336.135
2025-03-30;N;NORTE;SE;SUDESTE;166534.80999995
2025-03-30;NE;NORDESTE;SE;SUDESTE;97557.95199999001
2025-03-30;SE;SUDESTE;S;SUL;148949.74999999
2025-03-31;N;NORTE;NE;NORDESTE;-25819.34399999
2025-03-31;N;NORTE;SE;SUDESTE;196424.61899997
2025-03-31;NE;NORDESTE;SE;SUDESTE;131851.42899999
2025-03-31;SE;SUDESTE;S;SUL;158217.46499999
2025-04-01;N;NORTE;NE;NORDESTE;-47569.44599998
2025-04-01;N;NORTE;SE;SUDESTE;197038.67199997
2025-04-01;NE;NORDESTE;SE;SUDESTE;143495.51699999
2025-04-01;SE;SUDESTE;S;SUL;162119.603
2025-04-02;N;NORTE;NE;NORDESTE;8573.47699999
2025-04-02;N;NORTE;SE;SUDESTE;193979.39899998
2025-04-02;NE;NORDESTE;SE;SUDESTE;105224.15999999
2025-04-02;SE;SUDESTE;S;SUL;175885.546
2025-04-03;N;NORTE;NE;NORDESTE;-15996.68300001
2025-04-03;N;NORTE;SE;SUDESTE;196801.90399998002
2025-04-03;NE;NORDESTE;SE;SUDESTE;132417.571
2025-04-03;SE;SUDESTE;S;SUL;184920.23999998
2025-04-04;N;NORTE;NE;NORDESTE;-23632.31499997
2025-04-04;N;NORTE;SE;SUDESTE;195884.35699999
2025-04-04;NE;NORDESTE;SE;SUDESTE;136215.32699998
2025-04-04;SE;SUDESTE;S;SUL;171009.09999999
2025-04-05;N;NORTE;NE;NORDESTE;-33597.51999999
2025-04-05;N;NORTE;SE;SUDESTE;172928.90199998
2025-04-05;NE;NORDESTE;SE;SUDESTE;104653.48099998
2025-04-05;SE;SUDESTE;S;SUL;153646.49799998
2025-04-06;N;NORTE;NE;NORDESTE;-50677.90199999
2025-04-06;N;NORTE;SE;SUDESTE;143916.42999998
2025-04-06;NE;NORDESTE;SE;SUDESTE;110837.08399996
2025-04-06;SE;SUDESTE;S;SUL;144904.65099999
2025-04-07;N;NORTE;NE;NORDESTE;-36567.634
2025-04-07;N;NORTE;SE;SUDESTE;177053.02299999
2025-04-07;NE;NORDESTE;SE;SUDESTE;120902.95299998
2025-04-07;SE;SUDESTE;S;SUL;161217.729
2025-04-08;N;NORTE;NE;NORDESTE;-31588.89499998
2025-04-08;N;NORTE;SE;SUDESTE;177854.72499999
2025-04-08;NE;NORDESTE;SE;SUDESTE;124480.07099999
2025-04-08;SE;SUDESTE;S;SUL;173753.771
2025-04-09;N;NORTE;NE;NORDESTE;-31818.58099997
2025-04-09;N;NORTE;SE;SUDESTE;196953.24099998
2025-04-09;NE;NORDESTE;SE;SUDESTE;119240.22799997
2025-04-09;SE;SUDESTE;S;SUL;169084.965
2025-04-10;N;NORTE;NE;NORDESTE;52499.79399998
2025-04-10;N;NORTE;SE;SUDESTE;200376.27499995
2025-04-10;NE;NORDESTE;SE;SUDESTE;61000.21599999
2025-04-10;SE;SUDESTE;S;SUL;145852.00599998
2025-04-11;N;NORTE;NE;NORDESTE;69652.15599998
2025-04-11;N;NORTE;SE;SUDESTE;181388.419
2025-04-11;NE;NORDESTE;SE;SUDESTE;8791.44900002
2025-04-11;SE;SUDESTE;S;SUL;147551.903
2025-04-12;N;NORTE;NE;NORDESTE;61038.920999969996
2025-04-12;N;NORTE;SE;SUDESTE;163079.22699999
2025-04-12;NE;NORDESTE;SE;SUDESTE;21531.851
2025-04-12;SE;SUDESTE;S;SUL;148188.73099999
2025-04-13;N;NORTE;NE;NORDESTE;10787.26
2025-04-13;N;NORTE;SE;SUDESTE;165533.78299998
2025-04-13;NE;NORDESTE;SE;SUDESTE;86184.57899998
2025-04-13;SE;SUDESTE;S;SUL;138001.84899999
2025-04-14;N;NORTE;NE;NORDESTE;41155.21200001
2025-04-14;N;NORTE;SE;SUDESTE;199394.77899997
2025-04-14;NE;NORDESTE;SE;SUDESTE;72979.47399997
2025-04-14;SE;SUDESTE;S;SUL;128677.30699996
2025-04-15;N;NORTE;NE;NORDESTE;54698.608
2025-04-15;N;NORTE;SE;SUDESTE;208352.91099996
2025-04-15;NE;NORDESTE;SE;SUDESTE;40450.53999998
2025-04-15;SE;SUDESTE;S;SUL;138901.29499999
2025-04-16;N;NORTE;NE;NORDESTE;15551.971
2025-04-16;N;NORTE;SE;SUDESTE;212185.30099997
2025-04-16;NE;NORDESTE;SE;SUDESTE;72594.67199999
2025-04-16;SE;SUDESTE;S;SUL;153958.42199998
2025-04-17;N;NORTE;NE;NORDESTE;-12869.09699999
2025-04-17;N;NORTE;SE;SUDESTE;189359.75699996
2025-04-17;NE;NORDESTE;SE;SUDESTE;100317.37399998
2025-04-17;SE;SUDESTE;S;SUL;152823.85899998999
2025-04-18;N;NORTE;NE;NORDESTE;-34500.64700001
2025-04-18;N;NORTE;SE;SUDESTE;158940.643
2025-04-18;NE;NORDESTE;SE;SUDESTE;109130.94799996
2025-04-18;SE;SUDESTE;S;SUL;144272.411
2025-04-19;N;NORTE;NE;NORDESTE;-31002.82099999
2025-04-19;N;NORTE;SE;SUDESTE;157913.89999999
2025-04-19;NE;NORDESTE;SE;SUDESTE;91873.48899996
2025-04-19;SE;SUDESTE;S;SUL;130508.46999999
2025-04-20;N;NORTE;NE;NORDESTE;28957.482
2025-04-20;N;NORTE;SE;SUDESTE;130510.89999997
2025-04-20;NE;NORDESTE;SE;SUDESTE;30505.48699999
2025-04-20;SE;SUDESTE;S;SUL;113547.43699999
2025-04-21;N;NORTE;NE;NORDESTE;44002.985
2025-04-21;N;NORTE;SE;SUDESTE;144584.664
2025-04-21;NE;NORDESTE;SE;SUDESTE;24437.297999989998
2025-04-21;SE;SUDESTE;S;SUL;137105.89099996001
2025-04-22;N;NORTE;NE;NORDESTE;20727.988
2025-04-22;N;NORTE;SE;SUDESTE;145877.356
2025-04-22;NE;NORDESTE;SE;SUDESTE;76242.64599997
2025-04-22;SE;SUDESTE;S;SUL;138315.419
2025-04-23;N;NORTE;NE;NORDESTE;-16882.88700001
2025-04-23;N;NORTE;SE;SUDESTE;173879.30399997
2025-04-23;NE;NORDESTE;SE;SUDESTE;114007.763
2025-04-23;SE;SUDESTE;S;SUL;134234.054
2025-04-24;N;NORTE;NE;NORDESTE;-23898.79099998
2025-04-24;N;NORTE;SE;SUDESTE;173494.353
2025-04-24;NE;NORDESTE;SE;SUDESTE;117613.61699996
2025-04-24;SE;SUDESTE;S;SUL;132988.37
2025-04-25;N;NORTE;NE;NORDESTE;-18769.83899999
2025-04-25;N;NORTE;SE;SUDESTE;196723.45899999
2025-04-25;NE;NORDESTE;SE;SUDESTE;99532.00399995
2025-04-25;SE;SUDESTE;S;SUL;140451.35799999
2025-04-26;N;NORTE;NE;NORDESTE;-15289.163999999999
2025-04-26;N;NORTE;SE;SUDESTE;190304.857
2025-04-26;NE;NORDESTE;SE;SUDESTE;72694.89399998
2025-04-26;SE;SUDESTE;S;SUL;155636.161
2025-04-27;N;NORTE;NE;NORDESTE;-6547.00599998
2025-04-27;N;NORTE;SE;SUDESTE;141303.91499998
2025-04-27;NE;NORDESTE;SE;SUDESTE;88272.60799998
2025-04-27;SE;SUDESTE;S;SUL;141757.121
2025-04-28;N;NORTE;NE;NORDESTE;44053.546
2025-04-28;N;NORTE;SE;SUDESTE;187084.62399996
2025-04-28;NE;NORDESTE;SE;SUDESTE;51976.85699997
2025-04-28;SE;SUDESTE;S;SUL;128202.80199999
2025-04-29;N;NORTE;NE;NORDESTE;67582.38
2025-04-29;N;NORTE;SE;SUDESTE;178495.11399999
2025-04-29;NE;NORDESTE;SE;SUDESTE;8098.61899998
2025-04-29;SE;SUDESTE;S;SUL;126253.57999999
2025-04-30;N;NORTE;NE;NORDESTE;41524.16099998
2025-04-30;N;NORTE;SE;SUDESTE;192567.07499996
2025-04-30;NE;NORDESTE;SE;SUDESTE;56928.174
2025-04-30;SE;SUDESTE;S;SUL;148460.63799999
2025-05-01;N;NORTE;NE;NORDESTE;-11844.03600001
2025-05-01;N;NORTE;SE;SUDESTE;145761.22299998
2025-05-01;NE;NORDESTE;SE;SUDESTE;99142.964
2025-05-01;SE;SUDESTE;S;SUL;166415.20999999
2025-05-02;N;NORTE;NE;NORDESTE;-44955.51899999
2025-05-02;N;NORTE;SE;SUDESTE;160386.42699999
2025-05-02;NE;NORDESTE;SE;SUDESTE;121003.21599997
2025-05-02;SE;SUDESTE;S;SUL;172165.272
2025-05-03;N;NORTE;NE;NORDESTE;-29214.50599997
2025-05-03;N;NORTE;SE;SUDESTE;151089.11399999
2025-05-03;NE;NORDESTE;SE;SUDESTE;98763.87899997
2025-05-03;SE;SUDESTE;S;SUL;167243.426
2025-05-04;N;NORTE;NE;NORDESTE;-14332.899999969999
2025-05-04;N;NORTE;SE;SUDESTE;130017.33699999
2025-05-04;NE;NORDESTE;SE;SUDESTE;87907.77499999
2025-05-04;SE;SUDESTE;S;SUL;146358.41899999
2025-05-05;N;NORTE;NE;NORDESTE;-41508.30799999
2025-05-05;N;NORTE;SE;SUDESTE;157463.79099998
2025-05-05;NE;NORDESTE;SE;SUDESTE;108425.56399997
2025-05-05;SE;SUDESTE;S;SUL;165906.875
2025-05-06;N;NORTE;NE;NORDESTE;-31253.941999990002
2025-05-06;N;NORTE;SE;SUDESTE;158673.05
2025-05-06;NE;NORDESTE;SE;SUDESTE;120995.693
2025-05-06;SE;SUDESTE;S;SUL;160657.031
2025-05-07;N;NORTE;NE;NORDESTE;-56294.70799998
2025-05-07;N;NORTE;SE;SUDESTE;157388.86699999002
2025-05-07;NE;NORDESTE;SE;SUDESTE;110809.76999999
2025-05-07;SE;SUDESTE;S;SUL;138657.72599998
2025-05-08;N;NORTE;NE;NORDESTE;-64165.05799998
2025-05-08;N;NORTE;SE;SUDESTE;162881.18499998
2025-05-08;NE;NORDESTE;SE;SUDESTE;119984.359
2025-05-08;SE;SUDESTE;S;SUL;137297.11499999
2025-05-09;N;NORTE;NE;NORDESTE;-58324.843
2025-05-09;N;NORTE;SE;SUDESTE;162163.54199996
2025-05-09;NE;NORDESTE;SE;SUDESTE;127640.54099997
2025-05-09;SE;SUDESTE;S;SUL;126447.71799998
2025-05-10;N;NORTE;NE;NORDESTE;-69892.79299999001
2025-05-10;N;NORTE;SE;SUDESTE;159655.16599999
2025-05-10;NE;NORDESTE;SE;SUDESTE;125859.308
2025-05-10;SE;SUDESTE;S;SUL;135853.14799999
2025-05-11;N;NORTE;NE;NORDESTE;-41169.64299998
2025-05-11;N;NORTE;SE;SUDESTE;118849.92499999
2025-05-11;NE;NORDESTE;SE;SUDESTE;101209.716
2025-05-11;SE;SUDESTE;S;SUL;126028.98699999
2025-05-12;N;NORTE;NE;NORDESTE;-63975.308999990004
2025-05-12;N;NORTE;SE;SUDESTE;154179.22299998
2025-05-12;NE;NORDESTE;SE;SUDESTE;125897.118
2025-05-12;SE;SUDESTE;S;SUL;128886.49299999
2025-05-13;N;NORTE;NE;NORDESTE;-64180.38899997
2025-05-13;N;NORTE;SE;SUDESTE;163130.01299998
2025-05-13;NE;NORDESTE;SE;SUDESTE;123214.20399998
2025-05-13;SE;SUDESTE;S;SUL;130528.81899999
2025-05-14;N;NORTE;NE;NORDESTE;-71371.93999995
2025-05-14;N;NORTE;SE;SUDESTE;169810.15199999
2025-05-14;NE;NORDESTE;SE;SUDESTE;105612.32399998
2025-05-14;SE;SUDESTE;S;SUL;143151.48599999
2025-05-15;N;NORTE;NE;NORDESTE;-44386.42699999
2025-05-15;N;NORTE;SE;SUDESTE;160083.508
2025-05-15;NE;NORDESTE;SE;SUDESTE;96997.78599998
2025-05-15;SE;SUDESTE;S;SUL;136284.763
2025-05-16;N;NORTE;NE;NORDESTE;-47006.811999980004
2025-05-16;N;NORTE;SE;SUDESTE;166964.97999999
2025-05-16;NE;NORDESTE;SE;SUDESTE;117925.806
2025-05-16;SE;SUDESTE;S;SUL;127297.826
2025-05-17;N;NORTE;NE;NORDESTE;-72239.81799996
2025-05-17;N;NORTE;SE;SUDESTE;144312.23699998
2025-05-17;NE;NORDESTE;SE;SUDESTE;133014.10499999
2025-05-17;SE;SUDESTE;S;SUL;158929.71299999
2025-05-18;N;NORTE;NE;NORDESTE;-58176.58299999
2025-05-18;N;NORTE;SE;SUDESTE;103196.48499999
2025-05-18;NE;NORDESTE;SE;SUDESTE;121505.31799999
2025-05-18;SE;SUDESTE;S;SUL;138657.03699998
2025-05-19;N;NORTE;NE;NORDESTE;-48181.84799999
2025-05-19;N;NORTE;SE;SUDESTE;147288.47399999
2025-05-19;NE;NORDESTE;SE;SUDESTE;127306.073
2025-05-19;SE;SUDESTE;S;SUL;166340.03499999
2025-05-20;N;NORTE;NE;NORDESTE;7040.84200002
2025-05-20;N;NORTE;SE;SUDESTE;164464.55999999002
2025-05-20;NE;NORDESTE;SE;SUDESTE;111448.46299999
2025-05-20;SE;SUDESTE;S;SUL;168660.38899999
2025-05-21;N;NORTE;NE;NORDESTE;-13335.891
2025-05-21;N;NORTE;SE;SUDESTE;158720.43499999002
2025-05-21;NE;NORDESTE;SE;SUDESTE;126246.98699998
2025-05-21;SE;SUDESTE;S;SUL;164586.20399998
2025-05-22;N;NORTE;NE;NORDESTE;-42751.87500001
2025-05-22;N;NORTE;SE;SUDESTE;160065.45399998
2025-05-22;NE;NORDESTE;SE;SUDESTE;129273.644
2025-05-22;SE;SUDESTE;S;SUL;172193.131
2025-05-23;N;NORTE;NE;NORDESTE;-36626.89199999
2025-05-23;N;NORTE;SE;SUDESTE;156818.95799997
2025-05-23;NE;NORDESTE;SE;SUDESTE;120569.74999997
2025-05-23;SE;SUDESTE;S;SUL;167497.823
2025-05-24;N;NORTE;NE;NORDESTE;-59639.92399998
2025-05-24;N;NORTE;SE;SUDESTE;139104.53599999
2025-05-24;NE;NORDESTE;SE;SUDESTE;120006.121
2025-05-24;SE;SUDESTE;S;SUL;171353.42199999
2025-05-25;N;NORTE;NE;NORDESTE;-52725.844
2025-05-25;N;NORTE;SE;SUDESTE;98477.13799998
2025-05-25;NE;NORDESTE;SE;SUDESTE;109495.83299998
2025-05-25;SE;SUDESTE;S;SUL;145230.85299999
2025-05-26;N;NORTE;NE;NORDESTE;-75246.05499998
2025-05-26;N;NORTE;SE;SUDESTE;143901.375
2025-05-26;NE;NORDESTE;SE;SUDESTE;134482.99099999
2025-05-26;SE;SUDESTE;S;SUL;165729.027
2025-05-27;N;NORTE;NE;NORDESTE;-81901.49299997
2025-05-27;N;NORTE;SE;SUDESTE;164355.56699996
2025-05-27;NE;NORDESTE;SE;SUDESTE;135598.01899999
2025-05-27;SE;SUDESTE;S;SUL;174493.59799998
2025-05-28;N;NORTE;NE;NORDESTE;-61191.49799997
2025-05-28;N;NORTE;SE;SUDESTE;171617.22799998
2025-05-28;NE;NORDESTE;SE;SUDESTE;138794.79199998
2025-05-28;SE;SUDESTE;S;SUL;161655.754
2025-05-29;N;NORTE;NE;NORDESTE;-43934.544
2025-05-29;N;NORTE;SE;SUDESTE;163034.07499999
2025-05-29;NE;NORDESTE;SE;SUDESTE;111900.06199996
2025-05-29;SE;SUDESTE;S;SUL;157799.67699999
2025-05-30;N;NORTE;NE;NORDESTE;-40249.00899997
2025-05-30;N;NORTE;SE;SUDESTE;135908.59399998
2025-05-30;NE;NORDESTE;SE;SUDESTE;107629.32599999
2025-05-30;SE;SUDESTE;S;SUL;171327.72799998
2025-05-31;N;NORTE;NE;NORDESTE;-51969.327
2025-05-31;N;NORTE;SE;SUDESTE;142852.01499999
2025-05-31;NE;NORDESTE;SE;SUDESTE;121682.13199999
2025-05-31;SE;SUDESTE;S;SUL;151209.05299999
2025-06-01;N;NORTE;NE;NORDESTE;-57830.35299999
2025-06-01;N;NORTE;SE;SUDESTE;113349.05199999
2025-06-01;NE;NORDESTE;SE;SUDESTE;112819.64999999
2025-06-01;SE;SUDESTE;S;SUL;124621.967
2025-06-02;N;NORTE;NE;NORDESTE;-75867.87999996
2025-06-02;N;NORTE;SE;SUDESTE;143923.927
2025-06-02;NE;NORDESTE;SE;SUDESTE;133097.15099999
2025-06-02;SE;SUDESTE;S;SUL;153066.949
2025-06-03;N;NORTE;NE;NORDESTE;-65203.198999989996
2025-06-03;N;NORTE;SE;SUDESTE;147619.43799998
2025-06-03;NE;NORDESTE;SE;SUDESTE;145691.555
2025-06-03;SE;SUDESTE;S;SUL;140292.93099998
2025-06-04;N;NORTE;NE;NORDESTE;-59970.771
2025-06-04;N;NORTE;SE;SUDESTE;140436.84099999
2025-06-04;NE;NORDESTE;SE;SUDESTE;130910.251
2025-06-04;SE;SUDESTE;S;SUL;134707.37499999
2025-06-05;N;NORTE;NE;NORDESTE;-56865.281
2025-06-05;N;NORTE;SE;SUDESTE;148204.796
2025-06-05;NE;NORDESTE;SE;SUDESTE;124548.27199999
2025-06-05;SE;SUDESTE;S;SUL;133473.54299999
2025-06-06;N;NORTE;NE;NORDESTE;-63426.24499998
2025-06-06;N;NORTE;SE;SUDESTE;147903.69599998998
2025-06-06;NE;NORDESTE;SE;SUDESTE;124407.01499996
2025-06-06;SE;SUDESTE;S;SUL;130766.01899998
2025-06-07;N;NORTE;NE;NORDESTE;-60732.55199999
2025-06-07;N;NORTE;SE;SUDESTE;108734.881
2025-06-07;NE;NORDESTE;SE;SUDESTE;133549.60899997
2025-06-07;SE;SUDESTE;S;SUL;149998.34899998
2025-06-08;N;NORTE;NE;NORDESTE;-52628.79
2025-06-08;N;NORTE;SE;SUDESTE;95275.747
2025-06-08;NE;NORDESTE;SE;SUDESTE;121664.40999998999
2025-06-08;SE;SUDESTE;S;SUL;137416.08399997
2025-06-09;N;NORTE;NE;NORDESTE;-19048.769
2025-06-09;N;NORTE;SE;SUDESTE;123469.42599999
2025-06-09;NE;NORDESTE;SE;SUDESTE;79248.59599997
2025-06-09;SE;SUDESTE;S;SUL;131169.03099999
2025-06-10;N;NORTE;NE;NORDESTE;-21437.86699999
2025-06-10;N;NORTE;SE;SUDESTE;124087.50999996
2025-06-10;NE;NORDESTE;SE;SUDESTE;78748.87899998
2025-06-10;SE;SUDESTE;S;SUL;135898.38499999
2025-06-11;N;NORTE;NE;NORDESTE;-43633.05999996
2025-06-11;N;NORTE;SE;SUDESTE;98712.83399998
2025-06-11;NE;NORDESTE;SE;SUDESTE;99710.30099997
2025-06-11;SE;SUDESTE;S;SUL;142327.188
2025-06-12;N;NORTE;NE;NORDESTE;-59770.71399998
2025-06-12;N;NORTE;SE;SUDESTE;106641.58999999
2025-06-12;NE;NORDESTE;SE;SUDESTE;122891.35799999
2025-06-12;SE;SUDESTE;S;SUL;148000.787
2025-06-13;N;NORTE;NE;NORDESTE;-88849.335
2025-06-13;N;NORTE;SE;SUDESTE;120202.61999999
2025-06-13;NE;NORDESTE;SE;SUDESTE;148224.81399999
2025-06-13;SE;SUDESTE;S;SUL;124703.66100000001
2025-06-14;N;NORTE;NE;NORDESTE;-89326.00199999
2025-06-14;N;NORTE;SE;SUDESTE;105081.39099999
2025-06-14;NE;NORDESTE;SE;SUDESTE;129466.624
2025-06-14;SE;SUDESTE;S;SUL;136684.41499999
2025-06-15;N;NORTE;NE;NORDESTE;-54045.66799999
2025-06-15;N;NORTE;SE;SUDESTE;69316.018
2025-06-15;NE;NORDESTE;SE;SUDESTE;111553.83199999
2025-06-15;SE;SUDESTE;S;SUL;122052.375
2025-06-16;N;NORTE;NE;NORDESTE;-59171.23799997
2025-06-16;N;NORTE;SE;SUDESTE;92152.50999999
2025-06-16;NE;NORDESTE;SE;SUDESTE;135354.28699999
2025-06-16;SE;SUDESTE;S;SUL;123880.65099998
2025-06-17;N;NORTE;NE;NORDESTE;-68090.661
2025-06-17;N;NORTE;SE;SUDESTE;101588.945
2025-06-17;NE;NORDESTE;SE;SUDESTE;142955.40599998
2025-06-17;SE;SUDESTE;S;SUL;120038.59299998
2025-06-18;N;NORTE;NE;NORDESTE;-85345.39199998
2025-06-18;N;NORTE;SE;SUDESTE;99559.59699998
2025-06-18;NE;NORDESTE;SE;SUDESTE;161918.878
2025-06-18;SE;SUDESTE;S;SUL;120311.71399999
2025-06-19;N;NORTE;NE;NORDESTE;-74137.02999999
2025-06-19;N;NORTE;SE;SUDESTE;100831.68399999
2025-06-19;NE;NORDESTE;SE;SUDESTE;141926.793
2025-06-19;SE;SUDESTE;S;SUL;139421.486
2025-06-20;N;NORTE;NE;NORDESTE;-74152.45699997
2025-06-20;N;NORTE;SE;SUDESTE;105254.06799999
2025-06-20;NE;NORDESTE;SE;SUDESTE;143891.041
2025-06-20;SE;SUDESTE;S;SUL;112981.81399996999
2025-06-21;N;NORTE;NE;NORDESTE;-71428.20299999
2025-06-21;N;NORTE;SE;SUDESTE;76375.612
2025-06-21;NE;NORDESTE;SE;SUDESTE;121281.19
2025-06-21;SE;SUDESTE;S;SUL;41651.40799998
2025-06-22;N;NORTE;NE;NORDESTE;-51345.59800001
2025-06-22;N;NORTE;SE;SUDESTE;56942.24199999
2025-06-22;NE;NORDESTE;SE;SUDESTE;103732.18299998
2025-06-22;SE;SUDESTE;S;SUL;18167.949
2025-06-23;N;NORTE;NE;NORDESTE;-89533.349
2025-06-23;N;NORTE;SE;SUDESTE;90220.30199996
2025-06-23;NE;NORDESTE;SE;SUDESTE;145386.437
2025-06-23;SE;SUDESTE;S;SUL;42967.55399997
2025-06-24;N;NORTE;NE;NORDESTE;-50890.55299999
2025-06-24;N;NORTE;SE;SUDESTE;66896.85299999
2025-06-24;NE;NORDESTE;SE;SUDESTE;109642.57599999
2025-06-24;SE;SUDESTE;S;SUL;-3639.50699999
2025-06-25;N;NORTE;NE;NORDESTE;-71747.54499999
2025-06-25;N;NORTE;SE;SUDESTE;77394.54799997
2025-06-25;NE;NORDESTE;SE;SUDESTE;138303.70599999
2025-06-25;SE;SUDESTE;S;SUL;23537.664
2025-06-26;N;NORTE;NE;NORDESTE;-92560.94399999
2025-06-26;N;NORTE;SE;SUDESTE;106862.30599999
2025-06-26;NE;NORDESTE;SE;SUDESTE;150497.62399999
2025-06-26;SE;SUDESTE;S;SUL;65053.82999998
2025-06-27;N;NORTE;NE;NORDESTE;-55522.988
2025-06-27;N;NORTE;SE;SUDESTE;76479.91499996
2025-06-27;NE;NORDESTE;SE;SUDESTE;137143.07699999
2025-06-27;SE;SUDESTE;S;SUL;39015.92099997
2025-06-28;N;NORTE;NE;NORDESTE;-55924.30199999
2025-06-28;N;NORTE;SE;SUDESTE;78724.305
2025-06-28;NE;NORDESTE;SE;SUDESTE;124576.20699998
2025-06-28;SE;SUDESTE;S;SUL;17121.139999979998
2025-06-29;N;NORTE;NE;NORDESTE;-43241.23799998
2025-06-29;N;NORTE;SE;SUDESTE;26495.97099997
2025-06-29;NE;NORDESTE;SE;SUDESTE;99446.273
2025-06-29;SE;SUDESTE;S;SUL;-10939.31599999
2025-06-30;N;NORTE;NE;NORDESTE;-77068.97399998
2025-06-30;N;NORTE;SE;SUDESTE;63880.64499999
2025-06-30;NE;NORDESTE;SE;SUDESTE;134553.81599997001
2025-06-30;SE;SUDESTE;S;SUL;31492.00799999
2025-07-01;N;NORTE;NE;NORDESTE;-69498.06799997001
2025-07-01;N;NORTE;SE;SUDESTE;49319.705999980004
2025-07-01;NE;NORDESTE;SE;SUDESTE;112769.692
2025-07-01;SE;SUDESTE;S;SUL;29191.944000019997
2025-07-02;N;NORTE;NE;NORDESTE;-102939.16099997
2025-07-02;N;NORTE;SE;SUDESTE;66683.692
2025-07-02;NE;NORDESTE;SE;SUDESTE;152758.418
2025-07-02;SE;SUDESTE;S;SUL;64551.52299998
2025-07-03;N;NORTE;NE;NORDESTE;-103184.40799999
2025-07-03;N;NORTE;SE;SUDESTE;66349.549
2025-07-03;NE;NORDESTE;SE;SUDESTE;148559.93799999
2025-07-03;SE;SUDESTE;S;SUL;65897.75899998
2025-07-04;N;NORTE;NE;NORDESTE;-80116.40199999
2025-07-04;N;NORTE;SE;SUDESTE;73180.77999999
2025-07-04;NE;NORDESTE;SE;SUDESTE;140007.06899999
2025-07-04;SE;SUDESTE;S;SUL;52544.66299998
2025-07-05;N;NORTE;NE;NORDESTE;-61789.86299999
2025-07-05;N;NORTE;SE;SUDESTE;42130.15999998
2025-07-05;NE;NORDESTE;SE;SUDESTE;93950.52899997
2025-07-05;SE;SUDESTE;S;SUL;21796.23699997
2025-07-06;N;NORTE;NE;NORDESTE;-38500.39799997
2025-07-06;N;NORTE;SE;SUDESTE;15006.177999989999
2025-07-06;NE;NORDESTE;SE;SUDESTE;64553.076
2025-07-06;SE;SUDESTE;S;SUL;7705.58900001
2025-07-07;N;NORTE;NE;NORDESTE;-76027.34899999
2025-07-07;N;NORTE;SE;SUDESTE;51712.968
2025-07-07;NE;NORDESTE;SE;SUDESTE;125809.81999998
2025-07-07;SE;SUDESTE;S;SUL;50506.468999979996
2025-07-08;N;NORTE;NE;NORDESTE;-70554.80899999
2025-07-08;N;NORTE;SE;SUDESTE;52107.31199997
2025-07-08;NE;NORDESTE;SE;SUDESTE;119410.11999998
2025-07-08;SE;SUDESTE;S;SUL;31769.51600001
2025-07-09;N;NORTE;NE;NORDESTE;-66215.35799999
2025-07-09;N;NORTE;SE;SUDESTE;42462.914
2025-07-09;NE;NORDESTE;SE;SUDESTE;112086.86099996
2025-07-09;SE;SUDESTE;S;SUL;37807.485
2025-07-10;N;NORTE;NE;NORDESTE;-83214.961
2025-07-10;N;NORTE;SE;SUDESTE;62094.438
2025-07-10;NE;NORDESTE;SE;SUDESTE;136917.25
2025-07-10;SE;SUDESTE;S;SUL;50676.62399997
2025-07-11;N;NORTE;NE;NORDESTE;-97430.045
2025-07-11;N;NORTE;SE;SUDESTE;78324.72299999
2025-07-11;NE;NORDESTE;SE;SUDESTE;146601.924
2025-07-11;SE;SUDESTE;S;SUL;43353.03399999
2025-07-12;N;NORTE;NE;NORDESTE;-93952.38599995
2025-07-12;N;NORTE;SE;SUDESTE;55914.52199998
2025-07-12;NE;NORDESTE;SE;SUDESTE;125891.71899999
2025-07-12;SE;SUDESTE;S;SUL;303.8600000100005
2025-07-13;N;NORTE;NE;NORDESTE;-62062.15399997
2025-07-13;N;NORTE;SE;SUDESTE;29552.08199999
2025-07-13;NE;NORDESTE;SE;SUDESTE;92637.335
2025-07-13;SE;SUDESTE;S;SUL;-1399.9989999900001
2025-07-14;N;NORTE;NE;NORDESTE;-76705.34399997
2025-07-14;N;NORTE;SE;SUDESTE;56646.936999980004
2025-07-14;NE;NORDESTE;SE;SUDESTE;134057.53699996
2025-07-14;SE;SUDESTE;S;SUL;38428.93299999
2025-07-15;N;NORTE;NE;NORDESTE;-78509.83699998
2025-07-15;N;NORTE;SE;SUDESTE;69188.21899999
2025-07-15;NE;NORDESTE;SE;SUDESTE;132535.27099997
2025-07-15;SE;SUDESTE;S;SUL;43120.94699999
2025-07-16;N;NORTE;NE;NORDESTE;-79720.01599999
2025-07-16;N;NORTE;SE;SUDESTE;60125.64399999
2025-07-16;NE;NORDESTE;SE;SUDESTE;128160.74799997
2025-07-16;SE;SUDESTE;S;SUL;47214.12999996
2025-07-17;N;NORTE;NE;NORDESTE;-76063.356
2025-07-17;N;NORTE;SE;SUDESTE;74517.69399997
2025-07-17;NE;NORDESTE;SE;SUDESTE;126868.17199999
2025-07-17;SE;SUDESTE;S;SUL;49706.89599998
2025-07-18;N;NORTE;NE;NORDESTE;-72537.21699999
2025-07-18;N;NORTE;SE;SUDESTE;70279.19699998
2025-07-18;NE;NORDESTE;SE;SUDESTE;125879.26999999
2025-07-18;SE;SUDESTE;S;SUL;52526.523
2025-07-19;N;NORTE;NE;NORDESTE;-65310.311
2025-07-19;N;NORTE;SE;SUDESTE;53693.06299999
2025-07-19;NE;NORDESTE;SE;SUDESTE;104407.70799999
2025-07-19;SE;SUDESTE;S;SUL;29494.86599999
2025-07-20;N;NORTE;NE;NORDESTE;-70986.24099997
2025-07-20;N;NORTE;SE;SUDESTE;38888.99899998
2025-07-20;NE;NORDESTE;SE;SUDESTE;98112.373
2025-07-20;SE;SUDESTE;S;SUL;40662.27199998
2025-07-21;N;NORTE;NE;NORDESTE;-80329.07399999
2025-07-21;N;NORTE;SE;SUDESTE;72007.45999999
2025-07-21;NE;NORDESTE;SE;SUDESTE;122826.11799999
2025-07-21;SE;SUDESTE;S;SUL;40027.62099999
2025-07-22;N;NORTE;NE;NORDESTE;-80751.89099997
2025-07-22;N;NORTE;SE;SUDESTE;83153.50299999
2025-07-22;NE;NORDESTE;SE;SUDESTE;122410.11999997
2025-07-22;SE;SUDESTE;S;SUL;49105.62399996
2025-07-23;N;NORTE;NE;NORDESTE;-75726.16899999
2025-07-23;N;NORTE;SE;SUDESTE;70771.24699999
2025-07-23;NE;NORDESTE;SE;SUDESTE;113590.70799995
2025-07-23;SE;SUDESTE;S;SUL;46553.48799999
2025-07-24;N;NORTE;NE;NORDESTE;-87464.99299998
2025-07-24;N;NORTE;SE;SUDESTE;78670.79399999
2025-07-24;NE;NORDESTE;SE;SUDESTE;129356.254
2025-07-24;SE;SUDESTE;S;SUL;43096.736000000004
2025-07-25;N;NORTE;NE;NORDESTE;-94701.14999999
2025-07-25;N;NORTE;SE;SUDESTE;76439.94199995999
2025-07-25;NE;NORDESTE;SE;SUDESTE;127315.05199999
2025-07-25;SE;SUDESTE;S;SUL;40480.54400001
2025-07-26;N;NORTE;NE;NORDESTE;-73189.47099999
2025-07-26;N;NORTE;SE;SUDESTE;57516.13899999
2025-07-26;NE;NORDESTE;SE;SUDESTE;129078.72599999
2025-07-26;SE;SUDESTE;S;SUL;5453.15699999
2025-07-27;N;NORTE;NE;NORDESTE;-80498.81999997
2025-07-27;N;NORTE;SE;SUDESTE;34914.52899999
2025-07-27;NE;NORDESTE;SE;SUDESTE;111848.597
2025-07-27;SE;SUDESTE;S;SUL;18215.957000000002
2025-07-28;N;NORTE;NE;NORDESTE;-52034.23399999
2025-07-28;N;NORTE;SE;SUDESTE;45968.05099999
2025-07-28;NE;NORDESTE;SE;SUDESTE;92389.82499997
2025-07-28;SE;SUDESTE;S;SUL;7682.538000009999
2025-07-29;N;NORTE;NE;NORDESTE;-32970.18999998
2025-07-29;N;NORTE;SE;SUDESTE;33099.74099997
2025-07-29;NE;NORDESTE;SE;SUDESTE;45260.85299999
2025-07-29;SE;SUDESTE;S;SUL;-7134.74599999
2025-07-30;N;NORTE;NE;NORDESTE;-61818.26
2025-07-30;N;NORTE;SE;SUDESTE;35638.84399999
2025-07-30;NE;NORDESTE;SE;SUDESTE;77279.44099999
2025-07-30;SE;SUDESTE;S;SUL;726.2579999899997
2025-07-31;N;NORTE;NE;NORDESTE;-91360.49699998
2025-07-31;N;NORTE;SE;SUDESTE;58771.07399999
2025-07-31;NE;NORDESTE;SE;SUDESTE;142149.63799998
2025-07-31;SE;SUDESTE;S;SUL;28281.20099999
2025-08-01;N;NORTE;NE;NORDESTE;-91012.60499998
2025-08-01;N;NORTE;SE;SUDESTE;64551.79099999
2025-08-01;NE;NORDESTE;SE;SUDESTE;129326.51899999
2025-08-01;SE;SUDESTE;S;SUL;17146.154
2025-08-02;N;NORTE;NE;NORDESTE;-78350.41599999
2025-08-02;N;NORTE;SE;SUDESTE;42389.91499999
2025-08-02;NE;NORDESTE;SE;SUDESTE;114184.58899999
2025-08-02;SE;SUDESTE;S;SUL;-4110.173999999999
2025-08-03;N;NORTE;NE;NORDESTE;-59130.47299999
2025-08-03;N;NORTE;SE;SUDESTE;24566.43099998
2025-08-03;NE;NORDESTE;SE;SUDESTE;100833.754
2025-08-03;SE;SUDESTE;S;SUL;5130.8709999699995
2025-08-04;N;NORTE;NE;NORDESTE;-90889.461
2025-08-04;N;NORTE;SE;SUDESTE;62705.005000000005
2025-08-04;NE;NORDESTE;SE;SUDESTE;138257.40799996
2025-08-04;SE;SUDESTE;S;SUL;39153.73399999
2025-08-05;N;NORTE;NE;NORDESTE;-84244.92499997
2025-08-05;N;NORTE;SE;SUDESTE;61181.79999998
2025-08-05;NE;NORDESTE;SE;SUDESTE;128607.19799999
2025-08-05;SE;SUDESTE;S;SUL;7324.237999999999
2025-08-06;N;NORTE;NE;NORDESTE;-97961.79599998
2025-08-06;N;NORTE;SE;SUDESTE;68155.05199998
2025-08-06;NE;NORDESTE;SE;SUDESTE;143236.62599999
2025-08-06;SE;SUDESTE;S;SUL;25164.79699997
2025-08-07;N;NORTE;NE;NORDESTE;-102792.17299997
2025-08-07;N;NORTE;SE;SUDESTE;78409.86099998
2025-08-07;NE;NORDESTE;SE;SUDESTE;138677.61399999
2025-08-07;SE;SUDESTE;S;SUL;29627.061000010002
2025-08-08;N;NORTE;NE;NORDESTE;-71616.15699999
2025-08-08;N;NORTE;SE;SUDESTE;63884.66599999
2025-08-08;NE;NORDESTE;SE;SUDESTE;116803.94899998
2025-08-08;SE;SUDESTE;S;SUL;-6147.097000010001
2025-08-09;N;NORTE;NE;NORDESTE;-45949.85099998
2025-08-09;N;NORTE;SE;SUDESTE;32308.913999970002
2025-08-09;NE;NORDESTE;SE;SUDESTE;63710.84599997
2025-08-09;SE;SUDESTE;S;SUL;-14302.496999989999
2025-08-10;N;NORTE;NE;NORDESTE;-31243.90299997
2025-08-10;N;NORTE;SE;SUDESTE;8038.66899998
2025-08-10;NE;NORDESTE;SE;SUDESTE;19269.55799997
2025-08-10;SE;SUDESTE;S;SUL;-37463.61999999
2025-08-11;N;NORTE;NE;NORDESTE;-49487.11499997
2025-08-11;N;NORTE;SE;SUDESTE;40656.33299996
2025-08-11;NE;NORDESTE;SE;SUDESTE;76830.52199998
2025-08-11;SE;SUDESTE;S;SUL;2628.9620000000004
2025-08-12;N;NORTE;NE;NORDESTE;-77159.20799999
2025-08-12;N;NORTE;SE;SUDESTE;36344.16199998
2025-08-12;NE;NORDESTE;SE;SUDESTE;106254.322
2025-08-12;SE;SUDESTE;S;SUL;20767.378999999997
2025-08-13;N;NORTE;NE;NORDESTE;-90029.35399998
2025-08-13;N;NORTE;SE;SUDESTE;50170.63999997
2025-08-13;NE;NORDESTE;SE;SUDESTE;120310.95599999
2025-08-13;SE;SUDESTE;S;SUL;40690.89999999
2025-08-14;N;NORTE;NE;NORDESTE;-87182.46699996
2025-08-14;N;NORTE;SE;SUDESTE;59491.45499995
2025-08-14;NE;NORDESTE;SE;SUDESTE;117373.61899997
2025-08-14;SE;SUDESTE;S;SUL;53415.915
2025-08-15;N;NORTE;NE;NORDESTE;-80379.79499996
2025-08-15;N;NORTE;SE;SUDESTE;64124.313
2025-08-15;NE;NORDESTE;SE;SUDESTE;113322.56999996
2025-08-15;SE;SUDESTE;S;SUL;52502.951
2025-08-16;N;NORTE;NE;NORDESTE;-86869.77799999
2025-08-16;N;NORTE;SE;SUDESTE;45921.61899997
2025-08-16;NE;NORDESTE;SE;SUDESTE;104735.29399998
2025-08-16;SE;SUDESTE;S;SUL;23651.96900001
2025-08-17;N;NORTE;NE;NORDESTE;-74334.86999998
2025-08-17;N;NORTE;SE;SUDESTE;37691.96999998
2025-08-17;NE;NORDESTE;SE;SUDESTE;104546.937
2025-08-17;SE;SUDESTE;S;SUL;11463.425000000001
2025-08-18;N;NORTE;NE;NORDESTE;-98876.91599997
2025-08-18;N;NORTE;SE;SUDESTE;64415.954
2025-08-18;NE;NORDESTE;SE;SUDESTE;127431.6
2025-08-18;SE;SUDESTE;S;SUL;33596.082
2025-08-19;N;NORTE;NE;NORDESTE;-106788.06999994
2025-08-19;N;NORTE;SE;SUDESTE;55511.227
2025-08-19;NE;NORDESTE;SE;SUDESTE;135274.13399998
2025-08-19;SE;SUDESTE;S;SUL;52512.15199999
2025-08-20;N;NORTE;NE;NORDESTE;-94806.63299999
2025-08-20;N;NORTE;SE;SUDESTE;62223.13399999
2025-08-20;NE;NORDESTE;SE;SUDESTE;135026.69599998
2025-08-20;SE;SUDESTE;S;SUL;48061.13999999
2025-08-21;N;NORTE;NE;NORDESTE;-102208.04599998001
2025-08-21;N;NORTE;SE;SUDESTE;58396.78799999
2025-08-21;NE;NORDESTE;SE;SUDESTE;131319.181
2025-08-21;SE;SUDESTE;S;SUL;47305.73199999
2025-08-22;N;NORTE;NE;NORDESTE;-112352.98499995
2025-08-22;N;NORTE;SE;SUDESTE;57748.85199996
2025-08-22;NE;NORDESTE;SE;SUDESTE;150228.62099998
2025-08-22;SE;SUDESTE;S;SUL;47269.41499998
2025-08-23;N;NORTE;NE;NORDESTE;-106983.16499999
2025-08-23;N;NORTE;SE;SUDESTE;58000.27799996
2025-08-23;NE;NORDESTE;SE;SUDESTE;139026.41199997
2025-08-23;SE;SUDESTE;S;SUL;79365.6
2025-08-24;N;NORTE;NE;NORDESTE;-89325.07399998
2025-08-24;N;NORTE;SE;SUDESTE;47239.04399999
2025-08-24;NE;NORDESTE;SE;SUDESTE;108810.09099998
2025-08-24;SE;SUDESTE;S;SUL;53085.55399998
2025-08-25;N;NORTE;NE;NORDESTE;-103802.80399997
2025-08-25;N;NORTE;SE;SUDESTE;54853.298
2025-08-25;NE;NORDESTE;SE;SUDESTE;129280.115
2025-08-25;SE;SUDESTE;S;SUL;71496.32999998001
2025-08-26;N;NORTE;NE;NORDESTE;-107295.70399998
2025-08-26;N;NORTE;SE;SUDESTE;59857.06099998
2025-08-26;NE;NORDESTE;SE;SUDESTE;132066.785
2025-08-26;SE;SUDESTE;S;SUL;43527.48899997
2025-08-27;N;NORTE;NE;NORDESTE;-100297.11299999
2025-08-27;N;NORTE;SE;SUDESTE;50677.650999980004
2025-08-27;NE;NORDESTE;SE;SUDESTE;123223.86399999
2025-08-27;SE;SUDESTE;S;SUL;30302.161
2025-08-28;N;NORTE;NE;NORDESTE;-102774.55599997
2025-08-28;N;NORTE;SE;SUDESTE;51055.53799997
2025-08-28;NE;NORDESTE;SE;SUDESTE;131170.47899999
2025-08-28;SE;SUDESTE;S;SUL;8494.507000000001
2025-08-29;N;NORTE;NE;NORDESTE;-100163.234
2025-08-29;N;NORTE;SE;SUDESTE;45949.347
2025-08-29;NE;NORDESTE;SE;SUDESTE;132440.05699998
2025-08-29;SE;SUDESTE;S;SUL;-14559.875
2025-08-30;N;NORTE;NE;NORDESTE;-96914.09
2025-08-30;N;NORTE;SE;SUDESTE;38300.84799999
2025-08-30;NE;NORDESTE;SE;SUDESTE;120308.95799999
2025-08-30;SE;SUDESTE;S;SUL;-14329.231999990001
2025-08-31;N;NORTE;NE;NORDESTE;-88790.05399999
2025-08-31;N;NORTE;SE;SUDESTE;26404.73199997
2025-08-31;NE;NORDESTE;SE;SUDESTE;91317.22400002
2025-08-31;SE;SUDESTE;S;SUL;-18352.10399998
2025-09-01;N;NORTE;NE;NORDESTE;-116971.74699997
2025-09-01;N;NORTE;SE;SUDESTE;50444.83999999
2025-09-01;NE;NORDESTE;SE;SUDESTE;165060.357
2025-09-01;SE;SUDESTE;S;SUL;3868.6000000000004
2025-09-02;N;NORTE;NE;NORDESTE;-113413.60899993
2025-09-02;N;NORTE;SE;SUDESTE;54556.17499996
2025-09-02;NE;NORDESTE;SE;SUDESTE;166380.429
2025-09-02;SE;SUDESTE;S;SUL;20554.54099997
2025-09-03;N;NORTE;NE;NORDESTE;-116607.90799999
2025-09-03;N;NORTE;SE;SUDESTE;57619.96399998
2025-09-03;NE;NORDESTE;SE;SUDESTE;166971.436
2025-09-03;SE;SUDESTE;S;SUL;22777.920000000002
2025-09-04;N;NORTE;NE;NORDESTE;-115580.45599996
2025-09-04;N;NORTE;SE;SUDESTE;57753.349
2025-09-04;NE;NORDESTE;SE;SUDESTE;160212.46699999
2025-09-04;SE;SUDESTE;S;SUL;32051.822
2025-09-05;N;NORTE;NE;NORDESTE;-98055.92499995
2025-09-05;N;NORTE;SE;SUDESTE;47602.00699995
2025-09-05;NE;NORDESTE;SE;SUDESTE;144922.26
2025-09-05;SE;SUDESTE;S;SUL;28024.24499999
2025-09-06;N;NORTE;NE;NORDESTE;-76432.35299999
2025-09-06;N;NORTE;SE;SUDESTE;37691.077
2025-09-06;NE;NORDESTE;SE;SUDESTE;117623.54399998
2025-09-06;SE;SUDESTE;S;SUL;232.7130000000002
2025-09-07;N;NORTE;NE;NORDESTE;-82188.27299999
2025-09-07;N;NORTE;SE;SUDESTE;40038.06399999
2025-09-07;NE;NORDESTE;SE;SUDESTE;105082.12999998
2025-09-07;SE;SUDESTE;S;SUL;-23730.97299999
2025-09-08;N;NORTE;NE;NORDESTE;-102013.28899998
2025-09-08;N;NORTE;SE;SUDESTE;56146.44999996
2025-09-08;NE;NORDESTE;SE;SUDESTE;160153.12999999
2025-09-08;SE;SUDESTE;S;SUL;3494.615
2025-09-09;N;NORTE;NE;NORDESTE;-99829.52599996
2025-09-09;N;NORTE;SE;SUDESTE;61536.82099997
2025-09-09;NE;NORDESTE;SE;SUDESTE;140529.022
2025-09-09;SE;SUDESTE;S;SUL;-27945.43899999
2025-09-10;N;NORTE;NE;NORDESTE;-92638.03299999
2025-09-10;N;NORTE;SE;SUDESTE;58326.35499998
2025-09-10;NE;NORDESTE;SE;SUDESTE;131459.21699999
2025-09-10;SE;SUDESTE;S;SUL;-33617.96699998
2025-09-11;N;NORTE;NE;NORDESTE;-99213.15399997
2025-09-11;N;NORTE;SE;SUDESTE;49159.627
2025-09-11;NE;NORDESTE;SE;SUDESTE;144620.86199998
2025-09-11;SE;SUDESTE;S;SUL;-17046.741
2025-09-12;N;NORTE;NE;NORDESTE;-106657.46299994
2025-09-12;N;NORTE;SE;SUDESTE;52510.39999998
2025-09-12;NE;NORDESTE;SE;SUDESTE;153598.23499999
2025-09-12;SE;SUDESTE;S;SUL;-19921.292
2025-09-13;N;NORTE;NE;NORDESTE;-101394.24499996
2025-09-13;N;NORTE;SE;SUDESTE;40225.54799998
2025-09-13;NE;NORDESTE;SE;SUDESTE;123756.66699999
2025-09-13;SE;SUDESTE;S;SUL;-39792.24099997
2025-09-14;N;NORTE;NE;NORDESTE;-106819.05299996
2025-09-14;N;NORTE;SE;SUDESTE;38508.33499999
2025-09-14;NE;NORDESTE;SE;SUDESTE;114801.86699999
2025-09-14;SE;SUDESTE;S;SUL;-38890.95299998
2025-09-15;N;NORTE;NE;NORDESTE;-120845.00199998
2025-09-15;N;NORTE;SE;SUDESTE;48206.48999998
2025-09-15;NE;NORDESTE;SE;SUDESTE;155965.34099999
2025-09-15;SE;SUDESTE;S;SUL;3483.5719999899993
2025-09-16;N;NORTE;NE;NORDESTE;-106296.31699995
2025-09-16;N;NORTE;SE;SUDESTE;51355.53999999
2025-09-16;NE;NORDESTE;SE;SUDESTE;142816.257
2025-09-16;SE;SUDESTE;S;SUL;-2996.935000000001
2025-09-17;N;NORTE;NE;NORDESTE;-92620.92099997
2025-09-17;N;NORTE;SE;SUDESTE;40388.44999998
2025-09-17;NE;NORDESTE;SE;SUDESTE;130388.51899998
2025-09-17;SE;SUDESTE;S;SUL;-25689.21599999
2025-09-18;N;NORTE;NE;NORDESTE;-99362.71499997
2025-09-18;N;NORTE;SE;SUDESTE;49304.01
2025-09-18;NE;NORDESTE;SE;SUDESTE;140107.60899998
2025-09-18;SE;SUDESTE;S;SUL;13021.59399998
2025-09-19;N;NORTE;NE;NORDESTE;-110813.64299996001
2025-09-19;N;NORTE;SE;SUDESTE;62982.81
2025-09-19;NE;NORDESTE;SE;SUDESTE;150273.67799998
2025-09-19;SE;SUDESTE;S;SUL;27251.67199996
2025-09-20;N;NORTE;NE;NORDESTE;-101982.65099998
2025-09-20;N;NORTE;SE;SUDESTE;51476.46399999
2025-09-20;NE;NORDESTE;SE;SUDESTE;139412.56
2025-09-20;SE;SUDESTE;S;SUL;-8240.80799999
2025-09-21;N;NORTE;NE;NORDESTE;-92052.00799995
2025-09-21;N;NORTE;SE;SUDESTE;46546.64699999
2025-09-21;NE;NORDESTE;SE;SUDESTE;122913.46599999
2025-09-21;SE;SUDESTE;S;SUL;-34239.77199998
2025-09-22;N;NORTE;NE;NORDESTE;-101814.19399997
2025-09-22;N;NORTE;SE;SUDESTE;60497.953
2025-09-22;NE;NORDESTE;SE;SUDESTE;127628.53999997
2025-09-22;SE;SUDESTE;S;SUL;-44752.26999998
2025-09-23;N;NORTE;NE;NORDESTE;-100847.07499999
2025-09-23;N;NORTE;SE;SUDESTE;41451.13
2025-09-23;NE;NORDESTE;SE;SUDESTE;120529.89999999
2025-09-23;SE;SUDESTE;S;SUL;-41324.034
2025-09-24;N;NORTE;NE;NORDESTE;-113221.43199998
2025-09-24;N;NORTE;SE;SUDESTE;53417.06
2025-09-24;NE;NORDESTE;SE;SUDESTE;150680.904
2025-09-24;SE;SUDESTE;S;SUL;1255.9620000200002
2025-09-25;N;NORTE;NE;NORDESTE;-111082.97399996
2025-09-25;N;NORTE;SE;SUDESTE;46395.10599998
2025-09-25;NE;NORDESTE;SE;SUDESTE;140511.64799999
2025-09-25;SE;SUDESTE;S;SUL;-190.30400000000031
2025-09-26;N;NORTE;NE;NORDESTE;-101750.20899999
2025-09-26;N;NORTE;SE;SUDESTE;28421.353
2025-09-26;NE;NORDESTE;SE;SUDESTE;123517.64499999
2025-09-26;SE;SUDESTE;S;SUL;-9859.842999980001
2025-09-27;N;NORTE;NE;NORDESTE;-96262.35599995
2025-09-27;N;NORTE;SE;SUDESTE;21608.12999997
2025-09-27;NE;NORDESTE;SE;SUDESTE;109342.184
2025-09-27;SE;SUDESTE;S;SUL;-9144.46399998
2025-09-28;N;NORTE;NE;NORDESTE;-85464.63799999
2025-09-28;N;NORTE;SE;SUDESTE;18308.93399999
2025-09-28;NE;NORDESTE;SE;SUDESTE;89607.75999999
2025-09-28;SE;SUDESTE;S;SUL;-21109.05799999
2025-09-29;N;NORTE;NE;NORDESTE;-105497.38299998001
2025-09-29;N;NORTE;SE;SUDESTE;44689.67999998
2025-09-29;NE;NORDESTE;SE;SUDESTE;120373.37299999999
2025-09-29;SE;SUDESTE;S;SUL;9253.98
2025-09-30;N;NORTE;NE;NORDESTE;-103553.34799997
2025-09-30;N;NORTE;SE;SUDESTE;47769.86499997
2025-09-30;NE;NORDESTE;SE;SUDESTE;130683.473
2025-09-30;SE;SUDESTE;S;SUL;23952.87699998
2025-10-01;N;NORTE;NE;NORDESTE;-107940.88299992999
2025-10-01;N;NORTE;SE;SUDESTE;55770.388
2025-10-01;NE;NORDESTE;SE;SUDESTE;129362.95899999
2025-10-01;SE;SUDESTE;S;SUL;15232.96799999
2025-10-02;N;NORTE;NE;NORDESTE;-104596.12299995
2025-10-02;N;NORTE;SE;SUDESTE;49830.04699998
2025-10-02;NE;NORDESTE;SE;SUDESTE;122593.97299999
2025-10-02;SE;SUDESTE;S;SUL;20238.86999999
2025-10-03;N;NORTE;NE;NORDESTE;-124994.00999996
2025-10-03;N;NORTE;SE;SUDESTE;64263.34799999
2025-10-03;NE;NORDESTE;SE;SUDESTE;129429.05199998
2025-10-03;SE;SUDESTE;S;SUL;5320.261000029999
2025-10-04;N;NORTE;NE;NORDESTE;-127652.41
2025-10-04;N;NORTE;SE;SUDESTE;56742.621
2025-10-04;NE;NORDESTE;SE;SUDESTE;133964.93099998
2025-10-04;SE;SUDESTE;S;SUL;-35453.18299999
2025-10-05;N;NORTE;NE;NORDESTE;-106841.38099997
2025-10-05;N;NORTE;SE;SUDESTE;45970.80199998
2025-10-05;NE;NORDESTE;SE;SUDESTE;110461.343
2025-10-05;SE;SUDESTE;S;SUL;-51671.50699997
2025-10-06;N;NORTE;NE;NORDESTE;-118551.26699999
2025-10-06;N;NORTE;SE;SUDESTE;71861.86099996
2025-10-06;NE;NORDESTE;SE;SUDESTE;141365.20999998
2025-10-06;SE;SUDESTE;S;SUL;-8222.35100001
2025-10-07;N;NORTE;NE;NORDESTE;-117258.22799998001
2025-10-07;N;NORTE;SE;SUDESTE;65183.42499999
2025-10-07;NE;NORDESTE;SE;SUDESTE;125898.83099999
2025-10-07;SE;SUDESTE;S;SUL;-25083.02599999
2025-10-08;N;NORTE;NE;NORDESTE;-124837.73699995
2025-10-08;N;NORTE;SE;SUDESTE;73443.06199999
2025-10-08;NE;NORDESTE;SE;SUDESTE;137341.86199998
2025-10-08;SE;SUDESTE;S;SUL;3697.7990000199998
2025-10-09;N;NORTE;NE;NORDESTE;-124028.50899997
2025-10-09;N;NORTE;SE;SUDESTE;71216.14499999
2025-10-09;NE;NORDESTE;SE;SUDESTE;132953.49399999
2025-10-09;SE;SUDESTE;S;SUL;1431.6310000199999
2025-10-10;N;NORTE;NE;NORDESTE;-114838.34699999
2025-10-10;N;NORTE;SE;SUDESTE;65514.54699999
2025-10-10;NE;NORDESTE;SE;SUDESTE;138863.516
2025-10-10;SE;SUDESTE;S;SUL;-5798.1730000200005
2025-10-11;N;NORTE;NE;NORDESTE;-96169.276
2025-10-11;N;NORTE;SE;SUDESTE;51190.98299999
2025-10-11;NE;NORDESTE;SE;SUDESTE;122448.93899999
2025-10-11;SE;SUDESTE;S;SUL;-41301.43799998
2025-10-12;N;NORTE;NE;NORDESTE;-93759.29099999
2025-10-12;N;NORTE;SE;SUDESTE;47698.62299997
2025-10-12;NE;NORDESTE;SE;SUDESTE;125135.40899998
2025-10-12;SE;SUDESTE;S;SUL;-38695.307999979996
2025-10-13;N;NORTE;NE;NORDESTE;-109525.40699998
2025-10-13;N;NORTE;SE;SUDESTE;62010.27499998
2025-10-13;NE;NORDESTE;SE;SUDESTE;130987.20199998
2025-10-13;SE;SUDESTE;S;SUL;-52790.40699997
2025-10-14;N;NORTE;NE;NORDESTE;-103411.26099998
2025-10-14;N;NORTE;SE;SUDESTE;69422.97499995
2025-10-14;NE;NORDESTE;SE;SUDESTE;118159.66199997
2025-10-14;SE;SUDESTE;S;SUL;-16744.118
2025-10-15;N;NORTE;NE;NORDESTE;-100206.85999997
2025-10-15;N;NORTE;SE;SUDESTE;58734.625
2025-10-15;NE;NORDESTE;SE;SUDESTE;135458.30099999
2025-10-15;SE;SUDESTE;S;SUL;-43193.22
2025-10-16;N;NORTE;NE;NORDESTE;-101382.02799998
2025-10-16;N;NORTE;SE;SUDESTE;61130.51499999
2025-10-16;NE;NORDESTE;SE;SUDESTE;152945.05499999
2025-10-16;SE;SUDESTE;S;SUL;-8858.803
2025-10-17;N;NORTE;NE;NORDESTE;-101637.98899997
2025-10-17;N;NORTE;SE;SUDESTE;61353.31099998
2025-10-17;NE;NORDESTE;SE;SUDESTE;142699.80899999
2025-10-17;SE;SUDESTE;S;SUL;-42933.77899997
2025-10-18;N;NORTE;NE;NORDESTE;-100204.00899998
2025-10-18;N;NORTE;SE;SUDESTE;59067.944
2025-10-18;NE;NORDESTE;SE;SUDESTE;120102.966
2025-10-18;SE;SUDESTE;S;SUL;-86827.46899999
2025-10-19;N;NORTE;NE;NORDESTE;-63992.20999996
2025-10-19;N;NORTE;SE;SUDESTE;20623.474
2025-10-19;NE;NORDESTE;SE;SUDESTE;49106.69799999
2025-10-19;SE;SUDESTE;S;SUL;-84567.69299999
2025-10-20;N;NORTE;NE;NORDESTE;-72602.43099999
2025-10-20;N;NORTE;SE;SUDESTE;13315.95599999
2025-10-20;NE;NORDESTE;SE;SUDESTE;68624.42399999
2025-10-20;SE;SUDESTE;S;SUL;-52830.559
2025-10-21;N;NORTE;NE;NORDESTE;-106904.44899996
2025-10-21;N;NORTE;SE;SUDESTE;25252.03699999
2025-10-21;NE;NORDESTE;SE;SUDESTE;116555.498
2025-10-21;SE;SUDESTE;S;SUL;-25522.25199999
2025-10-22;N;NORTE;NE;NORDESTE;-112294.75499999
2025-10-22;N;NORTE;SE;SUDESTE;36966.56699998
2025-10-22;NE;NORDESTE;SE;SUDESTE;114273.57899999
2025-10-22;SE;SUDESTE;S;SUL;-6249.6839999799995
2025-10-23;N;NORTE;NE;NORDESTE;-115915.66199998
2025-10-23;N;NORTE;SE;SUDESTE;38134.34299998
2025-10-23;NE;NORDESTE;SE;SUDESTE;128821.57699999
2025-10-23;SE;SUDESTE;S;SUL;13324.31199999
2025-10-24;N;NORTE;NE;NORDESTE;-115982.83199999
2025-10-24;N;NORTE;SE;SUDESTE;41673.72299995
2025-10-24;NE;NORDESTE;SE;SUDESTE;128407.58899996
2025-10-24;SE;SUDESTE;S;SUL;-2703.8010000100003
2025-10-25;N;NORTE;NE;NORDESTE;-109471.44499997
2025-10-25;N;NORTE;SE;SUDESTE;46353.89599999
2025-10-25;NE;NORDESTE;SE;SUDESTE;140661.16099999
2025-10-25;SE;SUDESTE;S;SUL;-19019.146
2025-10-26;N;NORTE;NE;NORDESTE;-101561.67999998
2025-10-26;N;NORTE;SE;SUDESTE;45653.34899998
2025-10-26;NE;NORDESTE;SE;SUDESTE;137915.71899998
2025-10-26;SE;SUDESTE;S;SUL;-28018.80500001
2025-10-27;N;NORTE;NE;NORDESTE;-110194.90799998
2025-10-27;N;NORTE;SE;SUDESTE;57474.82899999
2025-10-27;NE;NORDESTE;SE;SUDESTE;145119.328
2025-10-27;SE;SUDESTE;S;SUL;-27999.65500001
2025-10-28;N;NORTE;NE;NORDESTE;-115800.76099999
2025-10-28;N;NORTE;SE;SUDESTE;63974.69299999
2025-10-28;NE;NORDESTE;SE;SUDESTE;146898.58299999
2025-10-28;SE;SUDESTE;S;SUL;-21590.49099999
2025-10-29;N;NORTE;NE;NORDESTE;-115798.29299998
2025-10-29;N;NORTE;SE;SUDESTE;64318.83099998
2025-10-29;NE;NORDESTE;SE;SUDESTE;141828.215
2025-10-29;SE;SUDESTE;S;SUL;-14089.69299999
2025-10-30;N;NORTE;NE;NORDESTE;-112705.11399999
2025-10-30;N;NORTE;SE;SUDESTE;59937.76999998
2025-10-30;NE;NORDESTE;SE;SUDESTE;136235.48199999
2025-10-30;SE;SUDESTE;S;SUL;-18472.86899998
2025-10-31;N;NORTE;NE;NORDESTE;-117056.40999995
2025-10-31;N;NORTE;SE;SUDESTE;60663.11099998
2025-10-31;NE;NORDESTE;SE;SUDESTE;137234.31
2025-10-31;SE;SUDESTE;S;SUL;-11394.95599999
