din_instante;nom_subsistema_origem;nom_subsistema_destino;val_intercambiomwmed
2024-01-01 00:00:00;NORTE;NORDESTE;2699.626
2024-01-01 01:00:00;NORTE;NORDESTE;2594.904
2024-01-01 02:00:00;NORTE;NORDESTE;2579.92
2024-01-01 03:00:00;NORTE;NORDESTE;2447.814
2024-01-01 04:00:00;NORTE;NORDESTE;2365.706
2024-01-01 05:00:00;NORTE;NORDESTE;2229.257
2024-01-01 06:00:00;NORTE;NORDESTE;2131.187
2024-01-01 07:00:00;NORTE;NORDESTE;1619.04
2024-01-01 08:00:00;NORTE;NORDESTE;1261.576
2024-01-01 09:00:00;NORTE;NORDESTE;645.768
2024-01-01 10:00:00;NORTE;NORDESTE;712.731
2024-01-01 11:00:00;NORTE;NORDESTE;536.772
2024-01-01 12:00:00;NORTE;NORDESTE;671.269
2024-01-01 13:00:00;NORTE;NORDESTE;734.32899999
2024-01-01 14:00:00;NORTE;NORDESTE;824.748
2024-01-01 15:00:00;NORTE;NORDESTE;845.066
2024-01-01 16:00:00;NORTE;NORDESTE;1100.44
2024-01-01 17:00:00;NORTE;NORDESTE;1811.174
2024-01-01 18:00:00;NORTE;NORDESTE;2276.572
2024-01-01 19:00:00;NORTE;NORDESTE;2878.824
2024-01-01 20:00:00;NORTE;NORDESTE;3107.705
2024-01-01 21:00:00;NORTE;NORDESTE;3018.905
2024-01-01 22:00:00;NORTE;NORDESTE;2880.939
2024-01-01 23:00:00;NORTE;NORDESTE;2783.933
2024-01-02 00:00:00;NORTE;NORDESTE;2739.217
2024-01-02 01:00:00;NORTE;NORDESTE;2886.896
2024-01-02 02:00:00;NORTE;NORDESTE;2986.456
2024-01-02 03:00:00;NORTE;NORDESTE;2909.838
2024-01-02 04:00:00;NORTE;NORDESTE;2972.859
2024-01-02 05:00:00;NORTE;NORDESTE;2810.245
2024-01-02 06:00:00;NORTE;NORDESTE;2048.129
2024-01-02 07:00:00;NORTE;NORDESTE;1239.49399999
2024-01-02 08:00:00;NORTE;NORDESTE;1161.39799999
2024-01-02 09:00:00;NORTE;NORDESTE;1021.499
2024-01-02 10:00:00;NORTE;NORDESTE;886.921
2024-01-02 11:00:00;NORTE;NORDESTE;720.821
2024-01-02 12:00:00;NORTE;NORDESTE;388.358
2024-01-02 13:00:00;NORTE;NORDESTE;554.376
2024-01-02 14:00:00;NORTE;NORDESTE;1035.352
2024-01-02 15:00:00;NORTE;NORDESTE;1251.405
2024-01-02 16:00:00;NORTE;NORDESTE;1729.257
2024-01-02 17:00:00;NORTE;NORDESTE;1866.799
2024-01-02 18:00:00;NORTE;NORDESTE;2008.702
2024-01-02 19:00:00;NORTE;NORDESTE;2168.928
2024-01-02 20:00:00;NORTE;NORDESTE;2143.772
2024-01-02 21:00:00;NORTE;NORDESTE;2417.335
2024-01-02 22:00:00;NORTE;NORDESTE;2560.964
2024-01-02 23:00:00;NORTE;NORDESTE;2528.572
2024-01-03 00:00:00;NORTE;NORDESTE;3143.61
2024-01-03 01:00:00;NORTE;NORDESTE;3239.725
2024-01-03 02:00:00;NORTE;NORDESTE;3251.012
2024-01-03 03:00:00;NORTE;NORDESTE;3346.904
2024-01-03 04:00:00;NORTE;NORDESTE;3243.873
2024-01-03 05:00:00;NORTE;NORDESTE;2747.551
2024-01-03 06:00:00;NORTE;NORDESTE;1974.574
2024-01-03 07:00:00;NORTE;NORDESTE;1602.891
2024-01-03 08:00:00;NORTE;NORDESTE;1294.74399999
2024-01-03 09:00:00;NORTE;NORDESTE;839.88199999
2024-01-03 10:00:00;NORTE;NORDESTE;421.447
2024-01-03 11:00:00;NORTE;NORDESTE;337.139
2024-01-03 12:00:00;NORTE;NORDESTE;86.399
2024-01-03 13:00:00;NORTE;NORDESTE;353.1
2024-01-03 14:00:00;NORTE;NORDESTE;347.935
2024-01-03 15:00:00;NORTE;NORDESTE;222.998
2024-01-03 16:00:00;NORTE;NORDESTE;536.482
2024-01-03 17:00:00;NORTE;NORDESTE;981.15
2024-01-03 18:00:00;NORTE;NORDESTE;1229.652
2024-01-03 19:00:00;NORTE;NORDESTE;1158.77
2024-01-03 20:00:00;NORTE;NORDESTE;1506.914
2024-01-03 21:00:00;NORTE;NORDESTE;1677.552
2024-01-03 22:00:00;NORTE;NORDESTE;1887.703
2024-01-03 23:00:00;NORTE;NORDESTE;2446.827
2024-01-04 00:00:00;NORTE;NORDESTE;2742.138
2024-01-04 01:00:00;NORTE;NORDESTE;2860.854
2024-01-04 02:00:00;NORTE;NORDESTE;3184.227
2024-01-04 03:00:00;NORTE;NORDESTE;3179.199
2024-01-04 04:00:00;NORTE;NORDESTE;3315.431
2024-01-04 05:00:00;NORTE;NORDESTE;3087.36499999
2024-01-04 06:00:00;NORTE;NORDESTE;2510.129
2024-01-04 07:00:00;NORTE;NORDESTE;1755.707
2024-01-04 08:00:00;NORTE;NORDESTE;921.341
2024-01-04 09:00:00;NORTE;NORDESTE;374.091
2024-01-04 10:00:00;NORTE;NORDESTE;176.798
2024-01-04 11:00:00;NORTE;NORDESTE;-285.947
2024-01-04 12:00:00;NORTE;NORDESTE;-487.359
2024-01-04 13:00:00;NORTE;NORDESTE;-414.344
2024-01-04 14:00:00;NORTE;NORDESTE;-256.229
2024-01-04 15:00:00;NORTE;NORDESTE;-6.849
2024-01-04 16:00:00;NORTE;NORDESTE;221.315
2024-01-04 17:00:00;NORTE;NORDESTE;918.134
2024-01-04 18:00:00;NORTE;NORDESTE;1254.317
2024-01-04 19:00:00;NORTE;NORDESTE;929.363
2024-01-04 20:00:00;NORTE;NORDESTE;1177.771
2024-01-04 21:00:00;NORTE;NORDESTE;1270.801
2024-01-04 22:00:00;NORTE;NORDESTE;1209.732
2024-01-04 23:00:00;NORTE;NORDESTE;1383.04
2024-01-05 00:00:00;NORTE;NORDESTE;1972.601
2024-01-05 01:00:00;NORTE;NORDESTE;2473.996
2024-01-05 02:00:00;NORTE;NORDESTE;2798.985
2024-01-05 03:00:00;NORTE;NORDESTE;2637.692
2024-01-05 04:00:00;NORTE;NORDESTE;2599.17099999
2024-01-05 05:00:00;NORTE;NORDESTE;2587.275
2024-01-05 06:00:00;NORTE;NORDESTE;2073.437
2024-01-05 07:00:00;NORTE;NORDESTE;1453.962
2024-01-05 08:00:00;NORTE;NORDESTE;747.683
2024-01-05 09:00:00;NORTE;NORDESTE;-99.354
2024-01-05 10:00:00;NORTE;NORDESTE;-447.134
2024-01-05 11:00:00;NORTE;NORDESTE;-632.00199999
2024-01-05 12:00:00;NORTE;NORDESTE;-675.077
2024-01-05 13:00:00;NORTE;NORDESTE;-400.728
2024-01-05 14:00:00;NORTE;NORDESTE;-249.744
2024-01-05 15:00:00;NORTE;NORDESTE;-249.668
2024-01-05 16:00:00;NORTE;NORDESTE;-42.325
2024-01-05 17:00:00;NORTE;NORDESTE;498.443
2024-01-05 18:00:00;NORTE;NORDESTE;1082.43699999
2024-01-05 19:00:00;NORTE;NORDESTE;1408.318
2024-01-05 20:00:00;NORTE;NORDESTE;1315.669
2024-01-05 21:00:00;NORTE;NORDESTE;1443.348
2024-01-05 22:00:00;NORTE;NORDESTE;1035.893
2024-01-05 23:00:00;NORTE;NORDESTE;1150.844
2024-01-06 00:00:00;NORTE;NORDESTE;1518.26
2024-01-06 01:00:00;NORTE;NORDESTE;1787.098
2024-01-06 02:00:00;NORTE;NORDESTE;1941.063
2024-01-06 03:00:00;NORTE;NORDESTE;2069.202
2024-01-06 04:00:00;NORTE;NORDESTE;2226.18199999
2024-01-06 05:00:00;NORTE;NORDESTE;1662.269
2024-01-06 06:00:00;NORTE;NORDESTE;497.533
2024-01-06 07:00:00;NORTE;NORDESTE;-878.33
2024-01-06 08:00:00;NORTE;NORDESTE;-1469.554
2024-01-06 09:00:00;NORTE;NORDESTE;-1902.832
2024-01-06 10:00:00;NORTE;NORDESTE;-2122.099
2024-01-06 11:00:00;NORTE;NORDESTE;-2245.889
2024-01-06 12:00:00;NORTE;NORDESTE;-2304.492
2024-01-06 13:00:00;NORTE;NORDESTE;-2181.099
2024-01-06 14:00:00;NORTE;NORDESTE;-2094.503
2024-01-06 15:00:00;NORTE;NORDESTE;-2122.952
2024-01-06 16:00:00;NORTE;NORDESTE;-1675.724
2024-01-06 17:00:00;NORTE;NORDESTE;-798.092
2024-01-06 18:00:00;NORTE;NORDESTE;-46.218
2024-01-06 19:00:00;NORTE;NORDESTE;293.754
2024-01-06 20:00:00;NORTE;NORDESTE;115.052
2024-01-06 21:00:00;NORTE;NORDESTE;-344.38099999
2024-01-06 22:00:00;NORTE;NORDESTE;83.71899999
2024-01-06 23:00:00;NORTE;NORDESTE;277.527
2024-01-07 00:00:00;NORTE;NORDESTE;982.256
2024-01-07 01:00:00;NORTE;NORDESTE;1787.859
2024-01-07 02:00:00;NORTE;NORDESTE;2106.186
2024-01-07 03:00:00;NORTE;NORDESTE;2211.964
2024-01-07 04:00:00;NORTE;NORDESTE;2308.563
2024-01-07 05:00:00;NORTE;NORDESTE;2231.281
2024-01-07 06:00:00;NORTE;NORDESTE;1297.516
2024-01-07 07:00:00;NORTE;NORDESTE;-650.897
2024-01-07 08:00:00;NORTE;NORDESTE;-1229.99
2024-01-07 09:00:00;NORTE;NORDESTE;-1203.595
2024-01-07 10:00:00;NORTE;NORDESTE;-1156.05
2024-01-07 11:00:00;NORTE;NORDESTE;-1442.17
2024-01-07 12:00:00;NORTE;NORDESTE;-1598.756
2024-01-07 13:00:00;NORTE;NORDESTE;-1605.507
2024-01-07 14:00:00;NORTE;NORDESTE;-1812.111
2024-01-07 15:00:00;NORTE;NORDESTE;-1754.174
2024-01-07 16:00:00;NORTE;NORDESTE;-1409.898
2024-01-07 17:00:00;NORTE;NORDESTE;-468.814
2024-01-07 18:00:00;NORTE;NORDESTE;125.928
2024-01-07 19:00:00;NORTE;NORDESTE;428.14299999
2024-01-07 20:00:00;NORTE;NORDESTE;804.716
2024-01-07 21:00:00;NORTE;NORDESTE;880.796
2024-01-07 22:00:00;NORTE;NORDESTE;765.071
2024-01-07 23:00:00;NORTE;NORDESTE;552.37199999
2024-01-08 00:00:00;NORTE;NORDESTE;619.053
2024-01-08 01:00:00;NORTE;NORDESTE;1087.682
2024-01-08 02:00:00;NORTE;NORDESTE;1738.3
2024-01-08 03:00:00;NORTE;NORDESTE;2028.577
2024-01-08 04:00:00;NORTE;NORDESTE;2296.259
2024-01-08 05:00:00;NORTE;NORDESTE;2179.438
2024-01-08 06:00:00;NORTE;NORDESTE;1941.673
2024-01-08 07:00:00;NORTE;NORDESTE;1566.556
2024-01-08 08:00:00;NORTE;NORDESTE;1233.469
2024-01-08 09:00:00;NORTE;NORDESTE;999.274
2024-01-08 10:00:00;NORTE;NORDESTE;955.323
2024-01-08 11:00:00;NORTE;NORDESTE;815.601
2024-01-08 12:00:00;NORTE;NORDESTE;781.711
2024-01-08 13:00:00;NORTE;NORDESTE;877.002
2024-01-08 14:00:00;NORTE;NORDESTE;699.412
2024-01-08 15:00:00;NORTE;NORDESTE;613.06899999
2024-01-08 16:00:00;NORTE;NORDESTE;664.662
2024-01-08 17:00:00;NORTE;NORDESTE;1134.95
2024-01-08 18:00:00;NORTE;NORDESTE;1548.445
2024-01-08 19:00:00;NORTE;NORDESTE;1504.215
2024-01-08 20:00:00;NORTE;NORDESTE;1957.383
2024-01-08 21:00:00;NORTE;NORDESTE;2204.28
2024-01-08 22:00:00;NORTE;NORDESTE;2011.151
2024-01-08 23:00:00;NORTE;NORDESTE;1802.503
2024-01-09 00:00:00;NORTE;NORDESTE;1846.197
2024-01-09 01:00:00;NORTE;NORDESTE;2275.588
2024-01-09 02:00:00;NORTE;NORDESTE;2451.505
2024-01-09 03:00:00;NORTE;NORDESTE;2254.98999999
2024-01-09 04:00:00;NORTE;NORDESTE;1959.321
2024-01-09 05:00:00;NORTE;NORDESTE;1203.207
2024-01-09 06:00:00;NORTE;NORDESTE;467.174
2024-01-09 07:00:00;NORTE;NORDESTE;-515.754
2024-01-09 08:00:00;NORTE;NORDESTE;-926.046
2024-01-09 09:00:00;NORTE;NORDESTE;-487.547
2024-01-09 10:00:00;NORTE;NORDESTE;-337.939
2024-01-09 11:00:00;NORTE;NORDESTE;-342.83499999
2024-01-09 12:00:00;NORTE;NORDESTE;-459.752
2024-01-09 13:00:00;NORTE;NORDESTE;-661.62
2024-01-09 14:00:00;NORTE;NORDESTE;-611.09299999
2024-01-09 15:00:00;NORTE;NORDESTE;-570.667
2024-01-09 16:00:00;NORTE;NORDESTE;-603.211
2024-01-09 17:00:00;NORTE;NORDESTE;-171.55
2024-01-09 18:00:00;NORTE;NORDESTE;284.284
2024-01-09 19:00:00;NORTE;NORDESTE;4.13999999
2024-01-09 20:00:00;NORTE;NORDESTE;-126.702
2024-01-09 21:00:00;NORTE;NORDESTE;60.344
2024-01-09 22:00:00;NORTE;NORDESTE;-4.16899999
2024-01-09 23:00:00;NORTE;NORDESTE;-520.019
2024-01-10 00:00:00;NORTE;NORDESTE;-901.489
2024-01-10 01:00:00;NORTE;NORDESTE;-738.742
2024-01-10 02:00:00;NORTE;NORDESTE;-380.633
2024-01-10 03:00:00;NORTE;NORDESTE;-414.595
2024-01-10 04:00:00;NORTE;NORDESTE;-331.68
2024-01-10 05:00:00;NORTE;NORDESTE;-349.94099999
2024-01-10 06:00:00;NORTE;NORDESTE;-867.78099999
2024-01-10 07:00:00;NORTE;NORDESTE;-1306.961
2024-01-10 08:00:00;NORTE;NORDESTE;-1191.834
2024-01-10 09:00:00;NORTE;NORDESTE;-814.354
2024-01-10 10:00:00;NORTE;NORDESTE;-657.19899999
2024-01-10 11:00:00;NORTE;NORDESTE;-717.682
2024-01-10 12:00:00;NORTE;NORDESTE;-558.331
2024-01-10 13:00:00;NORTE;NORDESTE;-118.633
2024-01-10 14:00:00;NORTE;NORDESTE;-87.20999999
2024-01-10 15:00:00;NORTE;NORDESTE;-440.791
2024-01-10 16:00:00;NORTE;NORDESTE;-968.542
2024-01-10 17:00:00;NORTE;NORDESTE;-465.027
2024-01-10 18:00:00;NORTE;NORDESTE;-92.157
2024-01-10 19:00:00;NORTE;NORDESTE;-429.26
2024-01-10 20:00:00;NORTE;NORDESTE;-400.14299999
2024-01-10 21:00:00;NORTE;NORDESTE;-130.142
2024-01-10 22:00:00;NORTE;NORDESTE;-282.505
2024-01-10 23:00:00;NORTE;NORDESTE;-155.322
2024-01-11 00:00:00;NORTE;NORDESTE;-211.257
2024-01-11 01:00:00;NORTE;NORDESTE;-13.126
2024-01-11 02:00:00;NORTE;NORDESTE;190.233
2024-01-11 03:00:00;NORTE;NORDESTE;430.469
2024-01-11 04:00:00;NORTE;NORDESTE;653.86
2024-01-11 05:00:00;NORTE;NORDESTE;406.523
2024-01-11 06:00:00;NORTE;NORDESTE;-125.368
2024-01-11 07:00:00;NORTE;NORDESTE;-726.092
2024-01-11 08:00:00;NORTE;NORDESTE;-890.793
2024-01-11 09:00:00;NORTE;NORDESTE;-1378.64
2024-01-11 10:00:00;NORTE;NORDESTE;-1755.786
2024-01-11 11:00:00;NORTE;NORDESTE;-1721.946
2024-01-11 12:00:00;NORTE;NORDESTE;-1482.031
2024-01-11 13:00:00;NORTE;NORDESTE;-1062.189
2024-01-11 14:00:00;NORTE;NORDESTE;-1045.24399999
2024-01-11 15:00:00;NORTE;NORDESTE;-806.468
2024-01-11 16:00:00;NORTE;NORDESTE;92.543
2024-01-11 17:00:00;NORTE;NORDESTE;402.543
2024-01-11 18:00:00;NORTE;NORDESTE;406.673
2024-01-11 19:00:00;NORTE;NORDESTE;-30.214
2024-01-11 20:00:00;NORTE;NORDESTE;-92.853
2024-01-11 21:00:00;NORTE;NORDESTE;-98.966
2024-01-11 22:00:00;NORTE;NORDESTE;-507.14
2024-01-11 23:00:00;NORTE;NORDESTE;-156.084
2024-01-12 00:00:00;NORTE;NORDESTE;404.254
2024-01-12 01:00:00;NORTE;NORDESTE;648.998
2024-01-12 02:00:00;NORTE;NORDESTE;662.78
2024-01-12 03:00:00;NORTE;NORDESTE;484.722
2024-01-12 04:00:00;NORTE;NORDESTE;679.063
2024-01-12 05:00:00;NORTE;NORDESTE;555.06899999
2024-01-12 06:00:00;NORTE;NORDESTE;170.84
2024-01-12 07:00:00;NORTE;NORDESTE;-638.529
2024-01-12 08:00:00;NORTE;NORDESTE;-1036.064
2024-01-12 09:00:00;NORTE;NORDESTE;-608.66999999
2024-01-12 10:00:00;NORTE;NORDESTE;-184.276
2024-01-12 11:00:00;NORTE;NORDESTE;-53.254
2024-01-12 12:00:00;NORTE;NORDESTE;-167.642
2024-01-12 13:00:00;NORTE;NORDESTE;-206.62799999
2024-01-12 14:00:00;NORTE;NORDESTE;-399.13099999
2024-01-12 15:00:00;NORTE;NORDESTE;-199.16
2024-01-12 16:00:00;NORTE;NORDESTE;15.222
2024-01-12 17:00:00;NORTE;NORDESTE;780.831
2024-01-12 18:00:00;NORTE;NORDESTE;1849.057
2024-01-12 19:00:00;NORTE;NORDESTE;1646.32
2024-01-12 20:00:00;NORTE;NORDESTE;1567.729
2024-01-12 21:00:00;NORTE;NORDESTE;1581.14899999
2024-01-12 22:00:00;NORTE;NORDESTE;1089.517
2024-01-12 23:00:00;NORTE;NORDESTE;1153.335
2024-01-13 00:00:00;NORTE;NORDESTE;1117.453
2024-01-13 01:00:00;NORTE;NORDESTE;1221.229
2024-01-13 02:00:00;NORTE;NORDESTE;1178.503
2024-01-13 03:00:00;NORTE;NORDESTE;1160.365
2024-01-13 04:00:00;NORTE;NORDESTE;1364.2
2024-01-13 05:00:00;NORTE;NORDESTE;986.746
2024-01-13 06:00:00;NORTE;NORDESTE;46.479
2024-01-13 07:00:00;NORTE;NORDESTE;-347.616
2024-01-13 08:00:00;NORTE;NORDESTE;-1027.926
2024-01-13 09:00:00;NORTE;NORDESTE;-1499.541
2024-01-13 10:00:00;NORTE;NORDESTE;-1592.915
2024-01-13 11:00:00;NORTE;NORDESTE;-1514.963
2024-01-13 12:00:00;NORTE;NORDESTE;-1415.52
2024-01-13 13:00:00;NORTE;NORDESTE;-1103.297
2024-01-13 14:00:00;NORTE;NORDESTE;-974.395
2024-01-13 15:00:00;NORTE;NORDESTE;-735.972
2024-01-13 16:00:00;NORTE;NORDESTE;-275.844
2024-01-13 17:00:00;NORTE;NORDESTE;781.399
2024-01-13 18:00:00;NORTE;NORDESTE;1419.66799999
2024-01-13 19:00:00;NORTE;NORDESTE;1332.057
2024-01-13 20:00:00;NORTE;NORDESTE;1243.445
2024-01-13 21:00:00;NORTE;NORDESTE;650.547
2024-01-13 22:00:00;NORTE;NORDESTE;752.627
2024-01-13 23:00:00;NORTE;NORDESTE;908.914
2024-01-14 00:00:00;NORTE;NORDESTE;873.989
2024-01-14 01:00:00;NORTE;NORDESTE;1115.31099999
2024-01-14 02:00:00;NORTE;NORDESTE;1207.69699999
2024-01-14 03:00:00;NORTE;NORDESTE;1056.77
2024-01-14 04:00:00;NORTE;NORDESTE;956.824
2024-01-14 05:00:00;NORTE;NORDESTE;702.421
2024-01-14 06:00:00;NORTE;NORDESTE;-144.993
2024-01-14 07:00:00;NORTE;NORDESTE;-1268.551
2024-01-14 08:00:00;NORTE;NORDESTE;-2633.953
2024-01-14 09:00:00;NORTE;NORDESTE;-2490.82499999
2024-01-14 10:00:00;NORTE;NORDESTE;-2171.446
2024-01-14 11:00:00;NORTE;NORDESTE;-1946.566
2024-01-14 12:00:00;NORTE;NORDESTE;-2035.286
2024-01-14 13:00:00;NORTE;NORDESTE;-2249.079
2024-01-14 14:00:00;NORTE;NORDESTE;-2329.605
2024-01-14 15:00:00;NORTE;NORDESTE;-2298.371
2024-01-14 16:00:00;NORTE;NORDESTE;-1884.694
2024-01-14 17:00:00;NORTE;NORDESTE;-912.377
2024-01-14 18:00:00;NORTE;NORDESTE;-129.568
2024-01-14 19:00:00;NORTE;NORDESTE;-451.487
2024-01-14 20:00:00;NORTE;NORDESTE;-699.006
2024-01-14 21:00:00;NORTE;NORDESTE;-859.785
2024-01-14 22:00:00;NORTE;NORDESTE;-1228.58999999
2024-01-14 23:00:00;NORTE;NORDESTE;-1068.08099999
2024-01-15 00:00:00;NORTE;NORDESTE;-602.625
2024-01-15 01:00:00;NORTE;NORDESTE;-82.895
2024-01-15 02:00:00;NORTE;NORDESTE;268.308
2024-01-15 03:00:00;NORTE;NORDESTE;409.587
2024-01-15 04:00:00;NORTE;NORDESTE;282.74
2024-01-15 05:00:00;NORTE;NORDESTE;-112.432
2024-01-15 06:00:00;NORTE;NORDESTE;-633.777
2024-01-15 07:00:00;NORTE;NORDESTE;-1446.07199999
2024-01-15 08:00:00;NORTE;NORDESTE;-2105.065
2024-01-15 09:00:00;NORTE;NORDESTE;-2285.947
2024-01-15 10:00:00;NORTE;NORDESTE;-2031.423
2024-01-15 11:00:00;NORTE;NORDESTE;-1732.78299999
2024-01-15 12:00:00;NORTE;NORDESTE;-1745.544
2024-01-15 13:00:00;NORTE;NORDESTE;-1621.036
2024-01-15 14:00:00;NORTE;NORDESTE;-1527.378
2024-01-15 15:00:00;NORTE;NORDESTE;-1890.907
2024-01-15 16:00:00;NORTE;NORDESTE;-1106.29299999
2024-01-15 17:00:00;NORTE;NORDESTE;-378.4
2024-01-15 18:00:00;NORTE;NORDESTE;-24.351
2024-01-15 19:00:00;NORTE;NORDESTE;-36.676
2024-01-15 20:00:00;NORTE;NORDESTE;-330.7
2024-01-15 21:00:00;NORTE;NORDESTE;-390.499
2024-01-15 22:00:00;NORTE;NORDESTE;-446.48
2024-01-15 23:00:00;NORTE;NORDESTE;-495.286
2024-01-16 00:00:00;NORTE;NORDESTE;-126.122
2024-01-16 01:00:00;NORTE;NORDESTE;-190.7
2024-01-16 02:00:00;NORTE;NORDESTE;-867.268
2024-01-16 03:00:00;NORTE;NORDESTE;-1180.384
2024-01-16 04:00:00;NORTE;NORDESTE;-1379.496
2024-01-16 05:00:00;NORTE;NORDESTE;-1567.642
2024-01-16 06:00:00;NORTE;NORDESTE;-2373.291
2024-01-16 07:00:00;NORTE;NORDESTE;-3749.367
2024-01-16 08:00:00;NORTE;NORDESTE;-4119.54299999
2024-01-16 09:00:00;NORTE;NORDESTE;-4280.328
2024-01-16 10:00:00;NORTE;NORDESTE;-3630.707
2024-01-16 11:00:00;NORTE;NORDESTE;-3070.744
2024-01-16 12:00:00;NORTE;NORDESTE;-2870.056
2024-01-16 13:00:00;NORTE;NORDESTE;-2388.275
2024-01-16 14:00:00;NORTE;NORDESTE;-1740.851
2024-01-16 15:00:00;NORTE;NORDESTE;-1510.707
2024-01-16 16:00:00;NORTE;NORDESTE;-1158.856
2024-01-16 17:00:00;NORTE;NORDESTE;-1026.063
2024-01-16 18:00:00;NORTE;NORDESTE;-810.347
2024-01-16 19:00:00;NORTE;NORDESTE;-1715.372
2024-01-16 20:00:00;NORTE;NORDESTE;-1918.375
2024-01-16 21:00:00;NORTE;NORDESTE;-2091.096
2024-01-16 22:00:00;NORTE;NORDESTE;-2304.96
2024-01-16 23:00:00;NORTE;NORDESTE;-1835.414
2024-01-17 00:00:00;NORTE;NORDESTE;-1950.907
2024-01-17 01:00:00;NORTE;NORDESTE;-1841.132
2024-01-17 02:00:00;NORTE;NORDESTE;-1544.454
2024-01-17 03:00:00;NORTE;NORDESTE;-1612.304
2024-01-17 04:00:00;NORTE;NORDESTE;-1496.443
2024-01-17 05:00:00;NORTE;NORDESTE;-1600.009
2024-01-17 06:00:00;NORTE;NORDESTE;-2143.342
2024-01-17 07:00:00;NORTE;NORDESTE;-3396.977
2024-01-17 08:00:00;NORTE;NORDESTE;-3927.202
2024-01-17 09:00:00;NORTE;NORDESTE;-3500.686
2024-01-17 10:00:00;NORTE;NORDESTE;-2916.11499999
2024-01-17 11:00:00;NORTE;NORDESTE;-2423.407
2024-01-17 12:00:00;NORTE;NORDESTE;-1668.472
2024-01-17 13:00:00;NORTE;NORDESTE;-1394.686
2024-01-17 14:00:00;NORTE;NORDESTE;-1209.11999999
2024-01-17 15:00:00;NORTE;NORDESTE;-426.533
2024-01-17 16:00:00;NORTE;NORDESTE;-4.694
2024-01-17 17:00:00;NORTE;NORDESTE;323.87599999
2024-01-17 18:00:00;NORTE;NORDESTE;296.544
2024-01-17 19:00:00;NORTE;NORDESTE;-230.635
2024-01-17 20:00:00;NORTE;NORDESTE;-302.403
2024-01-17 21:00:00;NORTE;NORDESTE;-45.16899999
2024-01-17 22:00:00;NORTE;NORDESTE;185.238
2024-01-17 23:00:00;NORTE;NORDESTE;309.684
2024-01-18 00:00:00;NORTE;NORDESTE;725.011
2024-01-18 01:00:00;NORTE;NORDESTE;829.03
2024-01-18 02:00:00;NORTE;NORDESTE;724.50699999
2024-01-18 03:00:00;NORTE;NORDESTE;491.944
2024-01-18 04:00:00;NORTE;NORDESTE;449.857
2024-01-18 05:00:00;NORTE;NORDESTE;278.607
2024-01-18 06:00:00;NORTE;NORDESTE;-439.92
2024-01-18 07:00:00;NORTE;NORDESTE;-1345.423
2024-01-18 08:00:00;NORTE;NORDESTE;-1932.397
2024-01-18 09:00:00;NORTE;NORDESTE;-1586.755
2024-01-18 10:00:00;NORTE;NORDESTE;-891.864
2024-01-18 11:00:00;NORTE;NORDESTE;-476.313
2024-01-18 12:00:00;NORTE;NORDESTE;-293.64999999
2024-01-18 13:00:00;NORTE;NORDESTE;-185.115
2024-01-18 14:00:00;NORTE;NORDESTE;-118.823
2024-01-18 15:00:00;NORTE;NORDESTE;-159.71199999
2024-01-18 16:00:00;NORTE;NORDESTE;246.679
2024-01-18 17:00:00;NORTE;NORDESTE;760.019
2024-01-18 18:00:00;NORTE;NORDESTE;1125.064
2024-01-18 19:00:00;NORTE;NORDESTE;917.375
2024-01-18 20:00:00;NORTE;NORDESTE;960.918
2024-01-18 21:00:00;NORTE;NORDESTE;1310.07199999
2024-01-18 22:00:00;NORTE;NORDESTE;1542.574
2024-01-18 23:00:00;NORTE;NORDESTE;1657.237
2024-01-19 00:00:00;NORTE;NORDESTE;2059.371
2024-01-19 01:00:00;NORTE;NORDESTE;2238.11499999
2024-01-19 02:00:00;NORTE;NORDESTE;1610.74
2024-01-19 03:00:00;NORTE;NORDESTE;966.398
2024-01-19 04:00:00;NORTE;NORDESTE;695.346
2024-01-19 05:00:00;NORTE;NORDESTE;722.343
2024-01-19 06:00:00;NORTE;NORDESTE;116.093
2024-01-19 07:00:00;NORTE;NORDESTE;-724.97
2024-01-19 08:00:00;NORTE;NORDESTE;-882.119
2024-01-19 09:00:00;NORTE;NORDESTE;-191.568
2024-01-19 10:00:00;NORTE;NORDESTE;273.125
2024-01-19 11:00:00;NORTE;NORDESTE;499.013
2024-01-19 12:00:00;NORTE;NORDESTE;533.05499999
2024-01-19 13:00:00;NORTE;NORDESTE;620.643
2024-01-19 14:00:00;NORTE;NORDESTE;693.6
2024-01-19 15:00:00;NORTE;NORDESTE;143.28
2024-01-19 16:00:00;NORTE;NORDESTE;-490.099
2024-01-19 17:00:00;NORTE;NORDESTE;272.61399999
2024-01-19 18:00:00;NORTE;NORDESTE;1539.271
2024-01-19 19:00:00;NORTE;NORDESTE;2693.67099999
2024-01-19 20:00:00;NORTE;NORDESTE;2844.321
2024-01-19 21:00:00;NORTE;NORDESTE;2559.513
2024-01-19 22:00:00;NORTE;NORDESTE;2231.43199999
2024-01-19 23:00:00;NORTE;NORDESTE;2248.097
2024-01-20 00:00:00;NORTE;NORDESTE;2919.62399999
2024-01-20 01:00:00;NORTE;NORDESTE;3171.244
2024-01-20 02:00:00;NORTE;NORDESTE;3114.48
2024-01-20 03:00:00;NORTE;NORDESTE;3025.439
2024-01-20 04:00:00;NORTE;NORDESTE;2799.246
2024-01-20 05:00:00;NORTE;NORDESTE;2613.98799999
2024-01-20 06:00:00;NORTE;NORDESTE;1920.222
2024-01-20 07:00:00;NORTE;NORDESTE;1180.395
2024-01-20 08:00:00;NORTE;NORDESTE;723.902
2024-01-20 09:00:00;NORTE;NORDESTE;298.968
2024-01-20 10:00:00;NORTE;NORDESTE;12.776
2024-01-20 11:00:00;NORTE;NORDESTE;-158.114
2024-01-20 12:00:00;NORTE;NORDESTE;6.708
2024-01-20 13:00:00;NORTE;NORDESTE;62.055
2024-01-20 14:00:00;NORTE;NORDESTE;211.292
2024-01-20 15:00:00;NORTE;NORDESTE;318.596
2024-01-20 16:00:00;NORTE;NORDESTE;691.967
2024-01-20 17:00:00;NORTE;NORDESTE;1773.573
2024-01-20 18:00:00;NORTE;NORDESTE;2415.85399999
2024-01-20 19:00:00;NORTE;NORDESTE;2978.998
2024-01-20 20:00:00;NORTE;NORDESTE;3215.141
2024-01-20 21:00:00;NORTE;NORDESTE;3338.267
2024-01-20 22:00:00;NORTE;NORDESTE;3167.802
2024-01-20 23:00:00;NORTE;NORDESTE;3039.71099999
2024-01-21 00:00:00;NORTE;NORDESTE;3490.824
2024-01-21 01:00:00;NORTE;NORDESTE;3657.622
2024-01-21 02:00:00;NORTE;NORDESTE;3670.428
2024-01-21 03:00:00;NORTE;NORDESTE;3673.726
2024-01-21 04:00:00;NORTE;NORDESTE;3732.49
2024-01-21 05:00:00;NORTE;NORDESTE;3301.563
2024-01-21 06:00:00;NORTE;NORDESTE;2264.42299999
2024-01-21 07:00:00;NORTE;NORDESTE;1139.454
2024-01-21 08:00:00;NORTE;NORDESTE;166.677
2024-01-21 09:00:00;NORTE;NORDESTE;-178.372
2024-01-21 10:00:00;NORTE;NORDESTE;-396.574
2024-01-21 11:00:00;NORTE;NORDESTE;-230.719
2024-01-21 12:00:00;NORTE;NORDESTE;-153.1
2024-01-21 13:00:00;NORTE;NORDESTE;-142.546
2024-01-21 14:00:00;NORTE;NORDESTE;-364.752
2024-01-21 15:00:00;NORTE;NORDESTE;-916.103
2024-01-21 16:00:00;NORTE;NORDESTE;-289.19799999
2024-01-21 17:00:00;NORTE;NORDESTE;674.244
2024-01-21 18:00:00;NORTE;NORDESTE;1735.099
2024-01-21 19:00:00;NORTE;NORDESTE;2284.906
2024-01-21 20:00:00;NORTE;NORDESTE;2887.535
2024-01-21 21:00:00;NORTE;NORDESTE;3123.223
2024-01-21 22:00:00;NORTE;NORDESTE;3233.731
2024-01-21 23:00:00;NORTE;NORDESTE;3275.198
2024-01-22 00:00:00;NORTE;NORDESTE;3771.348
2024-01-22 01:00:00;NORTE;NORDESTE;4070.958
2024-01-22 02:00:00;NORTE;NORDESTE;3972.425
2024-01-22 03:00:00;NORTE;NORDESTE;3818.495
2024-01-22 04:00:00;NORTE;NORDESTE;3742.035
2024-01-22 05:00:00;NORTE;NORDESTE;3634.527
2024-01-22 06:00:00;NORTE;NORDESTE;2877.287
2024-01-22 07:00:00;NORTE;NORDESTE;1779.609
2024-01-22 08:00:00;NORTE;NORDESTE;1239.095
2024-01-22 09:00:00;NORTE;NORDESTE;841.694
2024-01-22 10:00:00;NORTE;NORDESTE;567.284
2024-01-22 11:00:00;NORTE;NORDESTE;351.887
2024-01-22 12:00:00;NORTE;NORDESTE;168.83699999
2024-01-22 13:00:00;NORTE;NORDESTE;393.656
2024-01-22 14:00:00;NORTE;NORDESTE;868.549
2024-01-22 15:00:00;NORTE;NORDESTE;1267.675
2024-01-22 16:00:00;NORTE;NORDESTE;1874.142
2024-01-22 17:00:00;NORTE;NORDESTE;2191.977
2024-01-22 18:00:00;NORTE;NORDESTE;2616.754
2024-01-22 19:00:00;NORTE;NORDESTE;3186.751
2024-01-22 20:00:00;NORTE;NORDESTE;2884.642
2024-01-22 21:00:00;NORTE;NORDESTE;2851.805
2024-01-22 22:00:00;NORTE;NORDESTE;3004.646
2024-01-22 23:00:00;NORTE;NORDESTE;3048.143
2024-01-23 00:00:00;NORTE;NORDESTE;3370.914
2024-01-23 01:00:00;NORTE;NORDESTE;3684.143
2024-01-23 02:00:00;NORTE;NORDESTE;3625.464
2024-01-23 03:00:00;NORTE;NORDESTE;3595.965
2024-01-23 04:00:00;NORTE;NORDESTE;3501.292
2024-01-23 05:00:00;NORTE;NORDESTE;3125.406
2024-01-23 06:00:00;NORTE;NORDESTE;2266.683
2024-01-23 07:00:00;NORTE;NORDESTE;1618.528
2024-01-23 08:00:00;NORTE;NORDESTE;1089.491
2024-01-23 09:00:00;NORTE;NORDESTE;1016.362
2024-01-23 10:00:00;NORTE;NORDESTE;681.623
2024-01-23 11:00:00;NORTE;NORDESTE;348.39
2024-01-23 12:00:00;NORTE;NORDESTE;-11.393
2024-01-23 13:00:00;NORTE;NORDESTE;43.34899999
2024-01-23 14:00:00;NORTE;NORDESTE;438.374
2024-01-23 15:00:00;NORTE;NORDESTE;1021.86
2024-01-23 16:00:00;NORTE;NORDESTE;1791.141
2024-01-23 17:00:00;NORTE;NORDESTE;2161.907
2024-01-23 18:00:00;NORTE;NORDESTE;2467.65299999
2024-01-23 19:00:00;NORTE;NORDESTE;2480.707
2024-01-23 20:00:00;NORTE;NORDESTE;2574.166
2024-01-23 21:00:00;NORTE;NORDESTE;2861.04
2024-01-23 22:00:00;NORTE;NORDESTE;3594.937
2024-01-23 23:00:00;NORTE;NORDESTE;3759.834
2024-01-24 00:00:00;NORTE;NORDESTE;3560.636
2024-01-24 01:00:00;NORTE;NORDESTE;3569.075
2024-01-24 02:00:00;NORTE;NORDESTE;3612.152
2024-01-24 03:00:00;NORTE;NORDESTE;3486.821
2024-01-24 04:00:00;NORTE;NORDESTE;3469.367
2024-01-24 05:00:00;NORTE;NORDESTE;3282.205
2024-01-24 06:00:00;NORTE;NORDESTE;2650.491
2024-01-24 07:00:00;NORTE;NORDESTE;1784.211
2024-01-24 08:00:00;NORTE;NORDESTE;789.444
2024-01-24 09:00:00;NORTE;NORDESTE;520.08399999
2024-01-24 10:00:00;NORTE;NORDESTE;137.28
2024-01-24 11:00:00;NORTE;NORDESTE;142.315
2024-01-24 12:00:00;NORTE;NORDESTE;306.651
2024-01-24 13:00:00;NORTE;NORDESTE;353.579
2024-01-24 14:00:00;NORTE;NORDESTE;474.022
2024-01-24 15:00:00;NORTE;NORDESTE;883.313
2024-01-24 16:00:00;NORTE;NORDESTE;1753.16
2024-01-24 17:00:00;NORTE;NORDESTE;1838.88
2024-01-24 18:00:00;NORTE;NORDESTE;2374.32499999
2024-01-24 19:00:00;NORTE;NORDESTE;2864.979
2024-01-24 20:00:00;NORTE;NORDESTE;3186.12
2024-01-24 21:00:00;NORTE;NORDESTE;3568.52
2024-01-24 22:00:00;NORTE;NORDESTE;3593.793
2024-01-24 23:00:00;NORTE;NORDESTE;3483.017
2024-01-25 00:00:00;NORTE;NORDESTE;3005.476
2024-01-25 01:00:00;NORTE;NORDESTE;3117.648
2024-01-25 02:00:00;NORTE;NORDESTE;3254.001
2024-01-25 03:00:00;NORTE;NORDESTE;3329.584
2024-01-25 04:00:00;NORTE;NORDESTE;3321.791
2024-01-25 05:00:00;NORTE;NORDESTE;3177.87
2024-01-25 06:00:00;NORTE;NORDESTE;2668.482
2024-01-25 07:00:00;NORTE;NORDESTE;1862.874
2024-01-25 08:00:00;NORTE;NORDESTE;1034.596
2024-01-25 09:00:00;NORTE;NORDESTE;589.592
2024-01-25 10:00:00;NORTE;NORDESTE;218.992
2024-01-25 11:00:00;NORTE;NORDESTE;254.707
2024-01-25 12:00:00;NORTE;NORDESTE;210.893
2024-01-25 13:00:00;NORTE;NORDESTE;524.90599999
2024-01-25 14:00:00;NORTE;NORDESTE;893.549
2024-01-25 15:00:00;NORTE;NORDESTE;1494.112
2024-01-25 16:00:00;NORTE;NORDESTE;2203.043
2024-01-25 17:00:00;NORTE;NORDESTE;2271.359
2024-01-25 18:00:00;NORTE;NORDESTE;2843.601
2024-01-25 19:00:00;NORTE;NORDESTE;3336.433
2024-01-25 20:00:00;NORTE;NORDESTE;3381.508
2024-01-25 21:00:00;NORTE;NORDESTE;3182.998
2024-01-25 22:00:00;NORTE;NORDESTE;3056.114
2024-01-25 23:00:00;NORTE;NORDESTE;2860.255
2024-01-26 00:00:00;NORTE;NORDESTE;2911.42299999
2024-01-26 01:00:00;NORTE;NORDESTE;2849.326
2024-01-26 02:00:00;NORTE;NORDESTE;2730.02599999
2024-01-26 03:00:00;NORTE;NORDESTE;2649.20899999
2024-01-26 04:00:00;NORTE;NORDESTE;2499.49699999
2024-01-26 05:00:00;NORTE;NORDESTE;2130.514
2024-01-26 06:00:00;NORTE;NORDESTE;1820.669
2024-01-26 07:00:00;NORTE;NORDESTE;1060.31099999
2024-01-26 08:00:00;NORTE;NORDESTE;-23.095
2024-01-26 09:00:00;NORTE;NORDESTE;-919.741
2024-01-26 10:00:00;NORTE;NORDESTE;-1308.176
2024-01-26 11:00:00;NORTE;NORDESTE;-1606.403
2024-01-26 12:00:00;NORTE;NORDESTE;-1958.072
2024-01-26 13:00:00;NORTE;NORDESTE;-1785.388
2024-01-26 14:00:00;NORTE;NORDESTE;-1314.651
2024-01-26 15:00:00;NORTE;NORDESTE;-804.23299999
2024-01-26 16:00:00;NORTE;NORDESTE;-630.125
2024-01-26 17:00:00;NORTE;NORDESTE;301.657
2024-01-26 18:00:00;NORTE;NORDESTE;1280.323
2024-01-26 19:00:00;NORTE;NORDESTE;1589.195
2024-01-26 20:00:00;NORTE;NORDESTE;1758.03299999
2024-01-26 21:00:00;NORTE;NORDESTE;1502.558
2024-01-26 22:00:00;NORTE;NORDESTE;1489.883
2024-01-26 23:00:00;NORTE;NORDESTE;2102.466
2024-01-27 00:00:00;NORTE;NORDESTE;2379.614
2024-01-27 01:00:00;NORTE;NORDESTE;2438.131
2024-01-27 02:00:00;NORTE;NORDESTE;1983.432
2024-01-27 03:00:00;NORTE;NORDESTE;1617.144
2024-01-27 04:00:00;NORTE;NORDESTE;1545.43699999
2024-01-27 05:00:00;NORTE;NORDESTE;1412.542
2024-01-27 06:00:00;NORTE;NORDESTE;1043.195
2024-01-27 07:00:00;NORTE;NORDESTE;-148.233
2024-01-27 08:00:00;NORTE;NORDESTE;-1382.936
2024-01-27 09:00:00;NORTE;NORDESTE;-1695.844
2024-01-27 10:00:00;NORTE;NORDESTE;-2003.835
2024-01-27 11:00:00;NORTE;NORDESTE;-2691.223
2024-01-27 12:00:00;NORTE;NORDESTE;-2748.952
2024-01-27 13:00:00;NORTE;NORDESTE;-2925.03
2024-01-27 14:00:00;NORTE;NORDESTE;-2578.868
2024-01-27 15:00:00;NORTE;NORDESTE;-1600.281
2024-01-27 16:00:00;NORTE;NORDESTE;-807.982
2024-01-27 17:00:00;NORTE;NORDESTE;29.855
2024-01-27 18:00:00;NORTE;NORDESTE;856.937
2024-01-27 19:00:00;NORTE;NORDESTE;941.454
2024-01-27 20:00:00;NORTE;NORDESTE;844.66099999
2024-01-27 21:00:00;NORTE;NORDESTE;903.648
2024-01-27 22:00:00;NORTE;NORDESTE;1073.347
2024-01-27 23:00:00;NORTE;NORDESTE;1825.728
2024-01-28 00:00:00;NORTE;NORDESTE;2497.312
2024-01-28 01:00:00;NORTE;NORDESTE;2426.431
2024-01-28 02:00:00;NORTE;NORDESTE;2223.172
2024-01-28 03:00:00;NORTE;NORDESTE;1931.355
2024-01-28 04:00:00;NORTE;NORDESTE;1845.453
2024-01-28 05:00:00;NORTE;NORDESTE;1366.32199999
2024-01-28 06:00:00;NORTE;NORDESTE;360.119
2024-01-28 07:00:00;NORTE;NORDESTE;-1002.291
2024-01-28 08:00:00;NORTE;NORDESTE;-1938.416
2024-01-28 09:00:00;NORTE;NORDESTE;-2565.707
2024-01-28 10:00:00;NORTE;NORDESTE;-2802.134
2024-01-28 11:00:00;NORTE;NORDESTE;-2843.977
2024-01-28 12:00:00;NORTE;NORDESTE;-2923.881
2024-01-28 13:00:00;NORTE;NORDESTE;-2960.705
2024-01-28 14:00:00;NORTE;NORDESTE;-2647.949
2024-01-28 15:00:00;NORTE;NORDESTE;-2244.687
2024-01-28 16:00:00;NORTE;NORDESTE;-1380.15
2024-01-28 17:00:00;NORTE;NORDESTE;-48.251
2024-01-28 18:00:00;NORTE;NORDESTE;1016.139
2024-01-28 19:00:00;NORTE;NORDESTE;1499.056
2024-01-28 20:00:00;NORTE;NORDESTE;1600.57199999
2024-01-28 21:00:00;NORTE;NORDESTE;1814.579
2024-01-28 22:00:00;NORTE;NORDESTE;1558.439
2024-01-28 23:00:00;NORTE;NORDESTE;1557.544
2024-01-29 00:00:00;NORTE;NORDESTE;1549.426
2024-01-29 01:00:00;NORTE;NORDESTE;1661.409
2024-01-29 02:00:00;NORTE;NORDESTE;1293.488
2024-01-29 03:00:00;NORTE;NORDESTE;561.861
2024-01-29 04:00:00;NORTE;NORDESTE;83.878
2024-01-29 05:00:00;NORTE;NORDESTE;-8.85
2024-01-29 06:00:00;NORTE;NORDESTE;-583.296
2024-01-29 07:00:00;NORTE;NORDESTE;-1024.83999999
2024-01-29 08:00:00;NORTE;NORDESTE;-1972.813
2024-01-29 09:00:00;NORTE;NORDESTE;-2262.669
2024-01-29 10:00:00;NORTE;NORDESTE;-2072.35
2024-01-29 11:00:00;NORTE;NORDESTE;-1944.601
2024-01-29 12:00:00;NORTE;NORDESTE;-1853.127
2024-01-29 13:00:00;NORTE;NORDESTE;-1674.94
2024-01-29 14:00:00;NORTE;NORDESTE;-1454.044
2024-01-29 15:00:00;NORTE;NORDESTE;-1479.536
2024-01-29 16:00:00;NORTE;NORDESTE;-956.037
2024-01-29 17:00:00;NORTE;NORDESTE;-331.892
2024-01-29 18:00:00;NORTE;NORDESTE;214.034
2024-01-29 19:00:00;NORTE;NORDESTE;-9.74499999
2024-01-29 20:00:00;NORTE;NORDESTE;249.085
2024-01-29 21:00:00;NORTE;NORDESTE;400.654
2024-01-29 22:00:00;NORTE;NORDESTE;500.982
2024-01-29 23:00:00;NORTE;NORDESTE;1019.564
2024-01-30 00:00:00;NORTE;NORDESTE;1458.272
2024-01-30 01:00:00;NORTE;NORDESTE;944.011
2024-01-30 02:00:00;NORTE;NORDESTE;694.283
2024-01-30 03:00:00;NORTE;NORDESTE;693.41
2024-01-30 04:00:00;NORTE;NORDESTE;1031.547
2024-01-30 05:00:00;NORTE;NORDESTE;1064.051
2024-01-30 06:00:00;NORTE;NORDESTE;435.961
2024-01-30 07:00:00;NORTE;NORDESTE;-464.678
2024-01-30 08:00:00;NORTE;NORDESTE;-1088.203
2024-01-30 09:00:00;NORTE;NORDESTE;-872.815
2024-01-30 10:00:00;NORTE;NORDESTE;-455.012
2024-01-30 11:00:00;NORTE;NORDESTE;-355.66
2024-01-30 12:00:00;NORTE;NORDESTE;-368.707
2024-01-30 13:00:00;NORTE;NORDESTE;-114.473
2024-01-30 14:00:00;NORTE;NORDESTE;325.95999999
2024-01-30 15:00:00;NORTE;NORDESTE;942.975
2024-01-30 16:00:00;NORTE;NORDESTE;1786.202
2024-01-30 17:00:00;NORTE;NORDESTE;1503.15
2024-01-30 18:00:00;NORTE;NORDESTE;1359.808
2024-01-30 19:00:00;NORTE;NORDESTE;1376.301
2024-01-30 20:00:00;NORTE;NORDESTE;1307.378
2024-01-30 21:00:00;NORTE;NORDESTE;1341.099
2024-01-30 22:00:00;NORTE;NORDESTE;1634.24
2024-01-30 23:00:00;NORTE;NORDESTE;1639.458
2024-01-31 00:00:00;NORTE;NORDESTE;1872.533
2024-01-31 01:00:00;NORTE;NORDESTE;1761.612
2024-01-31 02:00:00;NORTE;NORDESTE;1508.623
2024-01-31 03:00:00;NORTE;NORDESTE;1502.944
2024-01-31 04:00:00;NORTE;NORDESTE;1704.017
2024-01-31 05:00:00;NORTE;NORDESTE;1611.614
2024-01-31 06:00:00;NORTE;NORDESTE;985.589
2024-01-31 07:00:00;NORTE;NORDESTE;124.114
2024-01-31 08:00:00;NORTE;NORDESTE;-62.084
2024-01-31 09:00:00;NORTE;NORDESTE;36.955
2024-01-31 10:00:00;NORTE;NORDESTE;146.668
2024-01-31 11:00:00;NORTE;NORDESTE;-80.468
2024-01-31 12:00:00;NORTE;NORDESTE;-598.85299999
2024-01-31 13:00:00;NORTE;NORDESTE;-672.258
2024-01-31 14:00:00;NORTE;NORDESTE;-396.735
2024-01-31 15:00:00;NORTE;NORDESTE;-81.547
2024-01-31 16:00:00;NORTE;NORDESTE;-146.586
2024-01-31 17:00:00;NORTE;NORDESTE;-602.918
2024-01-31 18:00:00;NORTE;NORDESTE;-840.462
2024-01-31 19:00:00;NORTE;NORDESTE;-1618.08
2024-01-31 20:00:00;NORTE;NORDESTE;-1884.125
2024-01-31 21:00:00;NORTE;NORDESTE;-1656.486
2024-01-31 22:00:00;NORTE;NORDESTE;-1236.611
2024-01-31 23:00:00;NORTE;NORDESTE;-896.461
2024-02-01 00:00:00;NORTE;NORDESTE;-863.84
2024-02-01 01:00:00;NORTE;NORDESTE;-951.785
2024-02-01 02:00:00;NORTE;NORDESTE;-989.6
2024-02-01 03:00:00;NORTE;NORDESTE;-953.695
2024-02-01 04:00:00;NORTE;NORDESTE;-662.542
2024-02-01 05:00:00;NORTE;NORDESTE;-810.258
2024-02-01 06:00:00;NORTE;NORDESTE;-1050.478
2024-02-01 07:00:00;NORTE;NORDESTE;-1358.29299999
2024-02-01 08:00:00;NORTE;NORDESTE;-1924.985
2024-02-01 09:00:00;NORTE;NORDESTE;-1973.76
2024-02-01 10:00:00;NORTE;NORDESTE;-2206.925
2024-02-01 11:00:00;NORTE;NORDESTE;-2681.86
2024-02-01 12:00:00;NORTE;NORDESTE;-2751.334
2024-02-01 13:00:00;NORTE;NORDESTE;-2666.011
2024-02-01 14:00:00;NORTE;NORDESTE;-2565.51
2024-02-01 15:00:00;NORTE;NORDESTE;-2876.926
2024-02-01 16:00:00;NORTE;NORDESTE;-2605.138
2024-02-01 17:00:00;NORTE;NORDESTE;-2029.122
2024-02-01 18:00:00;NORTE;NORDESTE;-1314.806
2024-02-01 19:00:00;NORTE;NORDESTE;-1538.305
2024-02-01 20:00:00;NORTE;NORDESTE;-1808.631
2024-02-01 21:00:00;NORTE;NORDESTE;-1806.462
2024-02-01 22:00:00;NORTE;NORDESTE;-1659.657
2024-02-01 23:00:00;NORTE;NORDESTE;-1655.678
2024-02-02 00:00:00;NORTE;NORDESTE;-1215.218
2024-02-02 01:00:00;NORTE;NORDESTE;-1341.01399999
2024-02-02 02:00:00;NORTE;NORDESTE;-1044.98499999
2024-02-02 03:00:00;NORTE;NORDESTE;-937.034
2024-02-02 04:00:00;NORTE;NORDESTE;-1020.526
2024-02-02 05:00:00;NORTE;NORDESTE;-1002.428
2024-02-02 06:00:00;NORTE;NORDESTE;-1378.36999999
2024-02-02 07:00:00;NORTE;NORDESTE;-2304.127
2024-02-02 08:00:00;NORTE;NORDESTE;-2951.141
2024-02-02 09:00:00;NORTE;NORDESTE;-3286.185
2024-02-02 10:00:00;NORTE;NORDESTE;-3543.454
2024-02-02 11:00:00;NORTE;NORDESTE;-3586.824
2024-02-02 12:00:00;NORTE;NORDESTE;-3937.661
2024-02-02 13:00:00;NORTE;NORDESTE;-3141.62399999
2024-02-02 14:00:00;NORTE;NORDESTE;-2455.649
2024-02-02 15:00:00;NORTE;NORDESTE;-2104.637
2024-02-02 16:00:00;NORTE;NORDESTE;-2092.348
2024-02-02 17:00:00;NORTE;NORDESTE;-1714.288
2024-02-02 18:00:00;NORTE;NORDESTE;-354.26799999
2024-02-02 19:00:00;NORTE;NORDESTE;-579.506
2024-02-02 20:00:00;NORTE;NORDESTE;-1042.743
2024-02-02 21:00:00;NORTE;NORDESTE;-1339.137
2024-02-02 22:00:00;NORTE;NORDESTE;-1678.079
2024-02-02 23:00:00;NORTE;NORDESTE;-1651.458
2024-02-03 00:00:00;NORTE;NORDESTE;-1160.39799999
2024-02-03 01:00:00;NORTE;NORDESTE;-1093.275
2024-02-03 02:00:00;NORTE;NORDESTE;-932.127
2024-02-03 03:00:00;NORTE;NORDESTE;-879.034
2024-02-03 04:00:00;NORTE;NORDESTE;-1056.414
2024-02-03 05:00:00;NORTE;NORDESTE;-1323.611
2024-02-03 06:00:00;NORTE;NORDESTE;-2447.647
2024-02-03 07:00:00;NORTE;NORDESTE;-3884.697
2024-02-03 08:00:00;NORTE;NORDESTE;-3922.552
2024-02-03 09:00:00;NORTE;NORDESTE;-3657.056
2024-02-03 10:00:00;NORTE;NORDESTE;-3597.393
2024-02-03 11:00:00;NORTE;NORDESTE;-3518.793
2024-02-03 12:00:00;NORTE;NORDESTE;-3132.363
2024-02-03 13:00:00;NORTE;NORDESTE;-2723.886
2024-02-03 14:00:00;NORTE;NORDESTE;-2234.847
2024-02-03 15:00:00;NORTE;NORDESTE;-1696.352
2024-02-03 16:00:00;NORTE;NORDESTE;-1182.314
2024-02-03 17:00:00;NORTE;NORDESTE;-538.909
2024-02-03 18:00:00;NORTE;NORDESTE;169.192
2024-02-03 19:00:00;NORTE;NORDESTE;-209.668
2024-02-03 20:00:00;NORTE;NORDESTE;-1318.943
2024-02-03 21:00:00;NORTE;NORDESTE;-1890.776
2024-02-03 22:00:00;NORTE;NORDESTE;-1636.482
2024-02-03 23:00:00;NORTE;NORDESTE;-1956.629
2024-02-04 00:00:00;NORTE;NORDESTE;-2202.67299999
2024-02-04 01:00:00;NORTE;NORDESTE;-2128.407
2024-02-04 02:00:00;NORTE;NORDESTE;-2491.648
2024-02-04 03:00:00;NORTE;NORDESTE;-2697.766
2024-02-04 04:00:00;NORTE;NORDESTE;-2964.83
2024-02-04 05:00:00;NORTE;NORDESTE;-3415.017
2024-02-04 06:00:00;NORTE;NORDESTE;-3596.262
2024-02-04 07:00:00;NORTE;NORDESTE;-3832.059
2024-02-04 08:00:00;NORTE;NORDESTE;-3934.009
2024-02-04 09:00:00;NORTE;NORDESTE;-3789.965
2024-02-04 10:00:00;NORTE;NORDESTE;-3592.181
2024-02-04 11:00:00;NORTE;NORDESTE;-3269.013
2024-02-04 12:00:00;NORTE;NORDESTE;-2955.621
2024-02-04 13:00:00;NORTE;NORDESTE;-2853.125
2024-02-04 14:00:00;NORTE;NORDESTE;-3508.37399999
2024-02-04 15:00:00;NORTE;NORDESTE;-3402.459
2024-02-04 16:00:00;NORTE;NORDESTE;-2813.216
2024-02-04 17:00:00;NORTE;NORDESTE;-1487.191
2024-02-04 18:00:00;NORTE;NORDESTE;-552.937
2024-02-04 19:00:00;NORTE;NORDESTE;-572.253
2024-02-04 20:00:00;NORTE;NORDESTE;-829.455
2024-02-04 21:00:00;NORTE;NORDESTE;-1137.339
2024-02-04 22:00:00;NORTE;NORDESTE;-1478.924
2024-02-04 23:00:00;NORTE;NORDESTE;-1907.808
2024-02-05 00:00:00;NORTE;NORDESTE;-1953.119
2024-02-05 01:00:00;NORTE;NORDESTE;-2247.053
2024-02-05 02:00:00;NORTE;NORDESTE;-2248.64399999
2024-02-05 03:00:00;NORTE;NORDESTE;-2345.578
2024-02-05 04:00:00;NORTE;NORDESTE;-2346.52599999
2024-02-05 05:00:00;NORTE;NORDESTE;-2157.387
2024-02-05 06:00:00;NORTE;NORDESTE;-2420.358
2024-02-05 07:00:00;NORTE;NORDESTE;-3127.664
2024-02-05 08:00:00;NORTE;NORDESTE;-3753.66
2024-02-05 09:00:00;NORTE;NORDESTE;-4143.66799999
2024-02-05 10:00:00;NORTE;NORDESTE;-3976.455
2024-02-05 11:00:00;NORTE;NORDESTE;-3778.107
2024-02-05 12:00:00;NORTE;NORDESTE;-4090.898
2024-02-05 13:00:00;NORTE;NORDESTE;-3610.662
2024-02-05 14:00:00;NORTE;NORDESTE;-2223.94999999
2024-02-05 15:00:00;NORTE;NORDESTE;-1849.72
2024-02-05 16:00:00;NORTE;NORDESTE;-1571.851
2024-02-05 17:00:00;NORTE;NORDESTE;-1046.237
2024-02-05 18:00:00;NORTE;NORDESTE;-657.85799999
2024-02-05 19:00:00;NORTE;NORDESTE;-866.827
2024-02-05 20:00:00;NORTE;NORDESTE;-1029.47499999
2024-02-05 21:00:00;NORTE;NORDESTE;-978.263
2024-02-05 22:00:00;NORTE;NORDESTE;-1032.787
2024-02-05 23:00:00;NORTE;NORDESTE;-993.11
2024-02-06 00:00:00;NORTE;NORDESTE;-407.982
2024-02-06 01:00:00;NORTE;NORDESTE;174.343
2024-02-06 02:00:00;NORTE;NORDESTE;-9.93399999
2024-02-06 03:00:00;NORTE;NORDESTE;19.98999999
2024-02-06 04:00:00;NORTE;NORDESTE;195.972
2024-02-06 05:00:00;NORTE;NORDESTE;87.699
2024-02-06 06:00:00;NORTE;NORDESTE;-695.408
2024-02-06 07:00:00;NORTE;NORDESTE;-1823.923
2024-02-06 08:00:00;NORTE;NORDESTE;-2491.50799999
2024-02-06 09:00:00;NORTE;NORDESTE;-2577.222
2024-02-06 10:00:00;NORTE;NORDESTE;-2284.86499999
2024-02-06 11:00:00;NORTE;NORDESTE;-1839.555
2024-02-06 12:00:00;NORTE;NORDESTE;-1457.963
2024-02-06 13:00:00;NORTE;NORDESTE;-561.215
2024-02-06 14:00:00;NORTE;NORDESTE;-80.036
2024-02-06 15:00:00;NORTE;NORDESTE;121.031
2024-02-06 16:00:00;NORTE;NORDESTE;386.599
2024-02-06 17:00:00;NORTE;NORDESTE;962.07
2024-02-06 18:00:00;NORTE;NORDESTE;861.077
2024-02-06 19:00:00;NORTE;NORDESTE;165.124
2024-02-06 20:00:00;NORTE;NORDESTE;-500.625
2024-02-06 21:00:00;NORTE;NORDESTE;-518.24
2024-02-06 22:00:00;NORTE;NORDESTE;-559.51199999
2024-02-06 23:00:00;NORTE;NORDESTE;-220.769
2024-02-07 00:00:00;NORTE;NORDESTE;51.751
2024-02-07 01:00:00;NORTE;NORDESTE;-55.356
2024-02-07 02:00:00;NORTE;NORDESTE;-88.415
2024-02-07 03:00:00;NORTE;NORDESTE;189.116
2024-02-07 04:00:00;NORTE;NORDESTE;490.006
2024-02-07 05:00:00;NORTE;NORDESTE;193.28899999
2024-02-07 06:00:00;NORTE;NORDESTE;-196.828
2024-02-07 07:00:00;NORTE;NORDESTE;-1270.42
2024-02-07 08:00:00;NORTE;NORDESTE;-1748.044
2024-02-07 09:00:00;NORTE;NORDESTE;-1540.471
2024-02-07 10:00:00;NORTE;NORDESTE;-1280.426
2024-02-07 11:00:00;NORTE;NORDESTE;-1043.073
2024-02-07 12:00:00;NORTE;NORDESTE;-885.647
2024-02-07 13:00:00;NORTE;NORDESTE;-256.922
2024-02-07 14:00:00;NORTE;NORDESTE;339.136
2024-02-07 15:00:00;NORTE;NORDESTE;563.386
2024-02-07 16:00:00;NORTE;NORDESTE;1513.84099999
2024-02-07 17:00:00;NORTE;NORDESTE;1790.082
2024-02-07 18:00:00;NORTE;NORDESTE;1750.388
2024-02-07 19:00:00;NORTE;NORDESTE;1781.152
2024-02-07 20:00:00;NORTE;NORDESTE;1706.79299999
2024-02-07 21:00:00;NORTE;NORDESTE;2029.265
2024-02-07 22:00:00;NORTE;NORDESTE;2191.433
2024-02-07 23:00:00;NORTE;NORDESTE;2221.428
2024-02-08 00:00:00;NORTE;NORDESTE;2134.444
2024-02-08 01:00:00;NORTE;NORDESTE;1837.409
2024-02-08 02:00:00;NORTE;NORDESTE;1272.233
2024-02-08 03:00:00;NORTE;NORDESTE;947.405
2024-02-08 04:00:00;NORTE;NORDESTE;750.513
2024-02-08 05:00:00;NORTE;NORDESTE;933.785
2024-02-08 06:00:00;NORTE;NORDESTE;513.705
2024-02-08 07:00:00;NORTE;NORDESTE;-398.836
2024-02-08 08:00:00;NORTE;NORDESTE;-931.583
2024-02-08 09:00:00;NORTE;NORDESTE;-666.736
2024-02-08 10:00:00;NORTE;NORDESTE;2304.75
2024-02-08 11:00:00;NORTE;NORDESTE;-210.094
2024-02-08 12:00:00;NORTE;NORDESTE;-247.304
2024-02-08 13:00:00;NORTE;NORDESTE;38.862
2024-02-08 14:00:00;NORTE;NORDESTE;554.25199999
2024-02-08 15:00:00;NORTE;NORDESTE;447.749
2024-02-08 16:00:00;NORTE;NORDESTE;380.907
2024-02-08 17:00:00;NORTE;NORDESTE;1167.319
2024-02-08 18:00:00;NORTE;NORDESTE;2188.936
2024-02-08 19:00:00;NORTE;NORDESTE;2564.598
2024-02-08 20:00:00;NORTE;NORDESTE;2609.54799999
2024-02-08 21:00:00;NORTE;NORDESTE;2848.621
2024-02-08 22:00:00;NORTE;NORDESTE;3080.455
2024-02-08 23:00:00;NORTE;NORDESTE;3115.508
2024-02-09 00:00:00;NORTE;NORDESTE;2957.878
2024-02-09 01:00:00;NORTE;NORDESTE;2673.25
2024-02-09 02:00:00;NORTE;NORDESTE;2929.339
2024-02-09 03:00:00;NORTE;NORDESTE;2901.913
2024-02-09 04:00:00;NORTE;NORDESTE;2693.78699999
2024-02-09 05:00:00;NORTE;NORDESTE;2729.76699999
2024-02-09 06:00:00;NORTE;NORDESTE;2124.442
2024-02-09 07:00:00;NORTE;NORDESTE;830.368
2024-02-09 08:00:00;NORTE;NORDESTE;-409.344
2024-02-09 09:00:00;NORTE;NORDESTE;-532.62699999
2024-02-09 10:00:00;NORTE;NORDESTE;-551.114
2024-02-09 11:00:00;NORTE;NORDESTE;-645.889
2024-02-09 12:00:00;NORTE;NORDESTE;-670.05999999
2024-02-09 13:00:00;NORTE;NORDESTE;-283.322
2024-02-09 14:00:00;NORTE;NORDESTE;75.532
2024-02-09 15:00:00;NORTE;NORDESTE;22.338
2024-02-09 16:00:00;NORTE;NORDESTE;710.913
2024-02-09 17:00:00;NORTE;NORDESTE;1104.155
2024-02-09 18:00:00;NORTE;NORDESTE;1744.763
2024-02-09 19:00:00;NORTE;NORDESTE;2302.524
2024-02-09 20:00:00;NORTE;NORDESTE;2311.739
2024-02-09 21:00:00;NORTE;NORDESTE;2250.105
2024-02-09 22:00:00;NORTE;NORDESTE;2395.924
2024-02-09 23:00:00;NORTE;NORDESTE;2441.849
2024-02-10 00:00:00;NORTE;NORDESTE;2291.149
2024-02-10 01:00:00;NORTE;NORDESTE;2402.389
2024-02-10 02:00:00;NORTE;NORDESTE;2383.818
2024-02-10 03:00:00;NORTE;NORDESTE;2367.744
2024-02-10 04:00:00;NORTE;NORDESTE;2260.645
2024-02-10 05:00:00;NORTE;NORDESTE;1776.856
2024-02-10 06:00:00;NORTE;NORDESTE;1195.993
2024-02-10 07:00:00;NORTE;NORDESTE;229.782
2024-02-10 08:00:00;NORTE;NORDESTE;-846.109
2024-02-10 09:00:00;NORTE;NORDESTE;-1019.078
2024-02-10 10:00:00;NORTE;NORDESTE;-1491.711
2024-02-10 11:00:00;NORTE;NORDESTE;-1872.634
2024-02-10 12:00:00;NORTE;NORDESTE;-1827.483
2024-02-10 13:00:00;NORTE;NORDESTE;-1447.528
2024-02-10 14:00:00;NORTE;NORDESTE;-1206.265
2024-02-10 15:00:00;NORTE;NORDESTE;-270.467
2024-02-10 16:00:00;NORTE;NORDESTE;362.361
2024-02-10 17:00:00;NORTE;NORDESTE;1405.475
2024-02-10 18:00:00;NORTE;NORDESTE;1218.791
2024-02-10 19:00:00;NORTE;NORDESTE;889.15
2024-02-10 20:00:00;NORTE;NORDESTE;211.843
2024-02-10 21:00:00;NORTE;NORDESTE;-139.312
2024-02-10 22:00:00;NORTE;NORDESTE;-753.265
2024-02-10 23:00:00;NORTE;NORDESTE;-810.239
2024-02-11 00:00:00;NORTE;NORDESTE;-307.69799999
2024-02-11 01:00:00;NORTE;NORDESTE;65.87099999
2024-02-11 02:00:00;NORTE;NORDESTE;501.35
2024-02-11 03:00:00;NORTE;NORDESTE;738.34
2024-02-11 04:00:00;NORTE;NORDESTE;225.258
2024-02-11 05:00:00;NORTE;NORDESTE;-117.57
2024-02-11 06:00:00;NORTE;NORDESTE;-1029.864
2024-02-11 07:00:00;NORTE;NORDESTE;-2552.775
2024-02-11 08:00:00;NORTE;NORDESTE;-3726.192
2024-02-11 09:00:00;NORTE;NORDESTE;-3200.414
2024-02-11 10:00:00;NORTE;NORDESTE;-2991.351
2024-02-11 11:00:00;NORTE;NORDESTE;-3066.51
2024-02-11 12:00:00;NORTE;NORDESTE;-2972.982
2024-02-11 13:00:00;NORTE;NORDESTE;-3110.344
2024-02-11 14:00:00;NORTE;NORDESTE;-2884.62399999
2024-02-11 15:00:00;NORTE;NORDESTE;-2758.33
2024-02-11 16:00:00;NORTE;NORDESTE;-2162.323
2024-02-11 17:00:00;NORTE;NORDESTE;-1525.18699999
2024-02-11 18:00:00;NORTE;NORDESTE;-1122.528
2024-02-11 19:00:00;NORTE;NORDESTE;-1502.854
2024-02-11 20:00:00;NORTE;NORDESTE;-2146.994
2024-02-11 21:00:00;NORTE;NORDESTE;-1968.521
2024-02-11 22:00:00;NORTE;NORDESTE;-1983.912
2024-02-11 23:00:00;NORTE;NORDESTE;-1804.112
2024-02-12 00:00:00;NORTE;NORDESTE;-1823.505
2024-02-12 01:00:00;NORTE;NORDESTE;-1878.469
2024-02-12 02:00:00;NORTE;NORDESTE;-1789.335
2024-02-12 03:00:00;NORTE;NORDESTE;-1924.535
2024-02-12 04:00:00;NORTE;NORDESTE;-2452.328
2024-02-12 05:00:00;NORTE;NORDESTE;-2707.032
2024-02-12 06:00:00;NORTE;NORDESTE;-3381.80699999
2024-02-12 07:00:00;NORTE;NORDESTE;-4279.92699999
2024-02-12 08:00:00;NORTE;NORDESTE;-4000.688
2024-02-12 09:00:00;NORTE;NORDESTE;-4149.183
2024-02-12 10:00:00;NORTE;NORDESTE;-4021.044
2024-02-12 11:00:00;NORTE;NORDESTE;-3971.553
2024-02-12 12:00:00;NORTE;NORDESTE;-4162.727
2024-02-12 13:00:00;NORTE;NORDESTE;-3957.435
2024-02-12 14:00:00;NORTE;NORDESTE;-3920.687
2024-02-12 15:00:00;NORTE;NORDESTE;-3623.439
2024-02-12 16:00:00;NORTE;NORDESTE;-3037.697
2024-02-12 17:00:00;NORTE;NORDESTE;-2146.512
2024-02-12 18:00:00;NORTE;NORDESTE;-1043.392
2024-02-12 19:00:00;NORTE;NORDESTE;-1297.992
2024-02-12 20:00:00;NORTE;NORDESTE;-1381.146
2024-02-12 21:00:00;NORTE;NORDESTE;-1176.64899999
2024-02-12 22:00:00;NORTE;NORDESTE;-1229.682
2024-02-12 23:00:00;NORTE;NORDESTE;-1420.203
2024-02-13 00:00:00;NORTE;NORDESTE;-1421.916
2024-02-13 01:00:00;NORTE;NORDESTE;-1130.026
2024-02-13 02:00:00;NORTE;NORDESTE;-908.569
2024-02-13 03:00:00;NORTE;NORDESTE;-855.309
2024-02-13 04:00:00;NORTE;NORDESTE;-534.371
2024-02-13 05:00:00;NORTE;NORDESTE;-369.711
2024-02-13 06:00:00;NORTE;NORDESTE;-1286.313
2024-02-13 07:00:00;NORTE;NORDESTE;-3240.83599999
2024-02-13 08:00:00;NORTE;NORDESTE;-4206.01599999
2024-02-13 09:00:00;NORTE;NORDESTE;-4296.503
2024-02-13 10:00:00;NORTE;NORDESTE;-4036.649
2024-02-13 11:00:00;NORTE;NORDESTE;-3893.24
2024-02-13 12:00:00;NORTE;NORDESTE;-3658.484
2024-02-13 13:00:00;NORTE;NORDESTE;-2956.361
2024-02-13 14:00:00;NORTE;NORDESTE;-2214.973
2024-02-13 15:00:00;NORTE;NORDESTE;-1629.354
2024-02-13 16:00:00;NORTE;NORDESTE;-440.582
2024-02-13 17:00:00;NORTE;NORDESTE;911.269
2024-02-13 18:00:00;NORTE;NORDESTE;2101.791
2024-02-13 19:00:00;NORTE;NORDESTE;2410.8
2024-02-13 20:00:00;NORTE;NORDESTE;1954.091
2024-02-13 21:00:00;NORTE;NORDESTE;1592.356
2024-02-13 22:00:00;NORTE;NORDESTE;1476.932
2024-02-13 23:00:00;NORTE;NORDESTE;1528.026
2024-02-14 00:00:00;NORTE;NORDESTE;2372.114
2024-02-14 01:00:00;NORTE;NORDESTE;2564.215
2024-02-14 02:00:00;NORTE;NORDESTE;2368.145
2024-02-14 03:00:00;NORTE;NORDESTE;2136.594
2024-02-14 04:00:00;NORTE;NORDESTE;2118.955
2024-02-14 05:00:00;NORTE;NORDESTE;1929.585
2024-02-14 06:00:00;NORTE;NORDESTE;1324.613
2024-02-14 07:00:00;NORTE;NORDESTE;-203.803
2024-02-14 08:00:00;NORTE;NORDESTE;-1151.316
2024-02-14 09:00:00;NORTE;NORDESTE;-870.839
2024-02-14 10:00:00;NORTE;NORDESTE;-327.545
2024-02-14 11:00:00;NORTE;NORDESTE;229.918
2024-02-14 12:00:00;NORTE;NORDESTE;300.41199999
2024-02-14 13:00:00;NORTE;NORDESTE;904.272
2024-02-14 14:00:00;NORTE;NORDESTE;1260.08999999
2024-02-14 15:00:00;NORTE;NORDESTE;1583.38
2024-02-14 16:00:00;NORTE;NORDESTE;2299.62
2024-02-14 17:00:00;NORTE;NORDESTE;2504.172
2024-02-14 18:00:00;NORTE;NORDESTE;3218.92299999
2024-02-14 19:00:00;NORTE;NORDESTE;3284.764
2024-02-14 20:00:00;NORTE;NORDESTE;3126.169
2024-02-14 21:00:00;NORTE;NORDESTE;3250.638
2024-02-14 22:00:00;NORTE;NORDESTE;3373.007
2024-02-14 23:00:00;NORTE;NORDESTE;3490.219
2024-02-15 00:00:00;NORTE;NORDESTE;4198.866
2024-02-15 01:00:00;NORTE;NORDESTE;3934.901
2024-02-15 02:00:00;NORTE;NORDESTE;3618.536
2024-02-15 03:00:00;NORTE;NORDESTE;3146.967
2024-02-15 04:00:00;NORTE;NORDESTE;3155.439
2024-02-15 05:00:00;NORTE;NORDESTE;3238.844
2024-02-15 06:00:00;NORTE;NORDESTE;2860.994
2024-02-15 07:00:00;NORTE;NORDESTE;2336.909
2024-02-15 08:00:00;NORTE;NORDESTE;1709.311
2024-02-15 09:00:00;NORTE;NORDESTE;1096.957
2024-02-15 10:00:00;NORTE;NORDESTE;858.765
2024-02-15 11:00:00;NORTE;NORDESTE;1155.74499999
2024-02-15 12:00:00;NORTE;NORDESTE;1025.961
2024-02-15 13:00:00;NORTE;NORDESTE;1058.27
2024-02-15 14:00:00;NORTE;NORDESTE;1600.258
2024-02-15 15:00:00;NORTE;NORDESTE;2124.8
2024-02-15 16:00:00;NORTE;NORDESTE;2292.494
2024-02-15 17:00:00;NORTE;NORDESTE;2637.78699999
2024-02-15 18:00:00;NORTE;NORDESTE;3333.219
2024-02-15 19:00:00;NORTE;NORDESTE;3718.084
2024-02-15 20:00:00;NORTE;NORDESTE;3897.864
2024-02-15 21:00:00;NORTE;NORDESTE;3915.66
2024-02-15 22:00:00;NORTE;NORDESTE;3389.004
2024-02-15 23:00:00;NORTE;NORDESTE;3404.655
2024-02-16 00:00:00;NORTE;NORDESTE;3770.289
2024-02-16 01:00:00;NORTE;NORDESTE;3436.168
2024-02-16 02:00:00;NORTE;NORDESTE;3301.661
2024-02-16 03:00:00;NORTE;NORDESTE;3502.143
2024-02-16 04:00:00;NORTE;NORDESTE;3349.046
2024-02-16 05:00:00;NORTE;NORDESTE;2823.234
2024-02-16 06:00:00;NORTE;NORDESTE;1446.422
2024-02-16 07:00:00;NORTE;NORDESTE;580.91999999
2024-02-16 08:00:00;NORTE;NORDESTE;432.145
2024-02-16 09:00:00;NORTE;NORDESTE;247.977
2024-02-16 10:00:00;NORTE;NORDESTE;773.603
2024-02-16 11:00:00;NORTE;NORDESTE;846.183
2024-02-16 12:00:00;NORTE;NORDESTE;797.39
2024-02-16 13:00:00;NORTE;NORDESTE;1305.694
2024-02-16 14:00:00;NORTE;NORDESTE;1659.684
2024-02-16 15:00:00;NORTE;NORDESTE;1780.765
2024-02-16 16:00:00;NORTE;NORDESTE;2225.1
2024-02-16 17:00:00;NORTE;NORDESTE;3076.832
2024-02-16 18:00:00;NORTE;NORDESTE;3336.295
2024-02-16 19:00:00;NORTE;NORDESTE;3082.452
2024-02-16 20:00:00;NORTE;NORDESTE;2999.31599999
2024-02-16 21:00:00;NORTE;NORDESTE;3188.263
2024-02-16 22:00:00;NORTE;NORDESTE;3146.709
2024-02-16 23:00:00;NORTE;NORDESTE;3641.665
2024-02-17 00:00:00;NORTE;NORDESTE;3406.987
2024-02-17 01:00:00;NORTE;NORDESTE;3388.018
2024-02-17 02:00:00;NORTE;NORDESTE;3608.182
2024-02-17 03:00:00;NORTE;NORDESTE;3375.165
2024-02-17 04:00:00;NORTE;NORDESTE;3100.75
2024-02-17 05:00:00;NORTE;NORDESTE;3641.163
2024-02-17 06:00:00;NORTE;NORDESTE;3124.561
2024-02-17 07:00:00;NORTE;NORDESTE;1845.934
2024-02-17 08:00:00;NORTE;NORDESTE;1159.385
2024-02-17 09:00:00;NORTE;NORDESTE;897.147
2024-02-17 10:00:00;NORTE;NORDESTE;459.995
2024-02-17 11:00:00;NORTE;NORDESTE;91.41
2024-02-17 12:00:00;NORTE;NORDESTE;-90.214
2024-02-17 13:00:00;NORTE;NORDESTE;30.376
2024-02-17 14:00:00;NORTE;NORDESTE;631.73299999
2024-02-17 15:00:00;NORTE;NORDESTE;1342.40799999
2024-02-17 16:00:00;NORTE;NORDESTE;2093.858
2024-02-17 17:00:00;NORTE;NORDESTE;2235.576
2024-02-17 18:00:00;NORTE;NORDESTE;2696.109
2024-02-17 19:00:00;NORTE;NORDESTE;2905.991
2024-02-17 20:00:00;NORTE;NORDESTE;2516.875
2024-02-17 21:00:00;NORTE;NORDESTE;2735.756
2024-02-17 22:00:00;NORTE;NORDESTE;2837.801
2024-02-17 23:00:00;NORTE;NORDESTE;3138.275
2024-02-18 00:00:00;NORTE;NORDESTE;3640.273
2024-02-18 01:00:00;NORTE;NORDESTE;3664.264
2024-02-18 02:00:00;NORTE;NORDESTE;3234.909
2024-02-18 03:00:00;NORTE;NORDESTE;2661.23799999
2024-02-18 04:00:00;NORTE;NORDESTE;2410.013
2024-02-18 05:00:00;NORTE;NORDESTE;2106.09499999
2024-02-18 06:00:00;NORTE;NORDESTE;1568.541
2024-02-18 07:00:00;NORTE;NORDESTE;1223.971
2024-02-18 08:00:00;NORTE;NORDESTE;1072.111
2024-02-18 09:00:00;NORTE;NORDESTE;142.66999999
2024-02-18 10:00:00;NORTE;NORDESTE;-186.431
2024-02-18 11:00:00;NORTE;NORDESTE;-416.471
2024-02-18 12:00:00;NORTE;NORDESTE;-507.281
2024-02-18 13:00:00;NORTE;NORDESTE;-401.392
2024-02-18 14:00:00;NORTE;NORDESTE;-5.416
2024-02-18 15:00:00;NORTE;NORDESTE;745.806
2024-02-18 16:00:00;NORTE;NORDESTE;1452.477
2024-02-18 17:00:00;NORTE;NORDESTE;2774.77799999
2024-02-18 18:00:00;NORTE;NORDESTE;3082.92299999
2024-02-18 19:00:00;NORTE;NORDESTE;3189.881
2024-02-18 20:00:00;NORTE;NORDESTE;3158.817
2024-02-18 21:00:00;NORTE;NORDESTE;3270.279
2024-02-18 22:00:00;NORTE;NORDESTE;3061.14399999
2024-02-18 23:00:00;NORTE;NORDESTE;2988.638
2024-02-19 00:00:00;NORTE;NORDESTE;2791.901
2024-02-19 01:00:00;NORTE;NORDESTE;2558.457
2024-02-19 02:00:00;NORTE;NORDESTE;2443.145
2024-02-19 03:00:00;NORTE;NORDESTE;2552.832
2024-02-19 04:00:00;NORTE;NORDESTE;2777.214
2024-02-19 05:00:00;NORTE;NORDESTE;2896.352
2024-02-19 06:00:00;NORTE;NORDESTE;2703.342
2024-02-19 07:00:00;NORTE;NORDESTE;2393.561
2024-02-19 08:00:00;NORTE;NORDESTE;2070.614
2024-02-19 09:00:00;NORTE;NORDESTE;2055.245
2024-02-19 10:00:00;NORTE;NORDESTE;1765.789
2024-02-19 11:00:00;NORTE;NORDESTE;1429.52
2024-02-19 12:00:00;NORTE;NORDESTE;1545.458
2024-02-19 13:00:00;NORTE;NORDESTE;2368.803
2024-02-19 14:00:00;NORTE;NORDESTE;2526.851
2024-02-19 15:00:00;NORTE;NORDESTE;2641.896
2024-02-19 16:00:00;NORTE;NORDESTE;2975.955
2024-02-19 17:00:00;NORTE;NORDESTE;3566.947
2024-02-19 18:00:00;NORTE;NORDESTE;3772.177
2024-02-19 19:00:00;NORTE;NORDESTE;3798.108
2024-02-19 20:00:00;NORTE;NORDESTE;3894.813
2024-02-19 21:00:00;NORTE;NORDESTE;4156.086
2024-02-19 22:00:00;NORTE;NORDESTE;4343.097
2024-02-19 23:00:00;NORTE;NORDESTE;4760.031
2024-02-20 00:00:00;NORTE;NORDESTE;4552.526
2024-02-20 01:00:00;NORTE;NORDESTE;4430.908
2024-02-20 02:00:00;NORTE;NORDESTE;4678.31099999
2024-02-20 03:00:00;NORTE;NORDESTE;4889.72
2024-02-20 04:00:00;NORTE;NORDESTE;4857.271
2024-02-20 05:00:00;NORTE;NORDESTE;4861.294
2024-02-20 06:00:00;NORTE;NORDESTE;4717.68
2024-02-20 07:00:00;NORTE;NORDESTE;4818.136
2024-02-20 08:00:00;NORTE;NORDESTE;4390.803
2024-02-20 09:00:00;NORTE;NORDESTE;3857.271
2024-02-20 10:00:00;NORTE;NORDESTE;3415.62
2024-02-20 11:00:00;NORTE;NORDESTE;2879.349
2024-02-20 12:00:00;NORTE;NORDESTE;2804.19
2024-02-20 13:00:00;NORTE;NORDESTE;2851.986
2024-02-20 14:00:00;NORTE;NORDESTE;3295.93
2024-02-20 15:00:00;NORTE;NORDESTE;4116.63199999
2024-02-20 16:00:00;NORTE;NORDESTE;4294.393
2024-02-20 17:00:00;NORTE;NORDESTE;4242.371
2024-02-20 18:00:00;NORTE;NORDESTE;4707.528
2024-02-20 19:00:00;NORTE;NORDESTE;4852.353
2024-02-20 20:00:00;NORTE;NORDESTE;4900.185
2024-02-20 21:00:00;NORTE;NORDESTE;4947.655
2024-02-20 22:00:00;NORTE;NORDESTE;4594.252
2024-02-20 23:00:00;NORTE;NORDESTE;4629.666
2024-02-21 00:00:00;NORTE;NORDESTE;4718.836
2024-02-21 01:00:00;NORTE;NORDESTE;4577.42699999
2024-02-21 02:00:00;NORTE;NORDESTE;4715.761
2024-02-21 03:00:00;NORTE;NORDESTE;4817.18999999
2024-02-21 04:00:00;NORTE;NORDESTE;4791.562
2024-02-21 05:00:00;NORTE;NORDESTE;4617.247
2024-02-21 06:00:00;NORTE;NORDESTE;4143.99
2024-02-21 07:00:00;NORTE;NORDESTE;3865.19
2024-02-21 08:00:00;NORTE;NORDESTE;3468.906
2024-02-21 09:00:00;NORTE;NORDESTE;3278.734
2024-02-21 10:00:00;NORTE;NORDESTE;3117.538
2024-02-21 11:00:00;NORTE;NORDESTE;2812.648
2024-02-21 12:00:00;NORTE;NORDESTE;2802.986
2024-02-21 13:00:00;NORTE;NORDESTE;2304.107
2024-02-21 14:00:00;NORTE;NORDESTE;2107.91199999
2024-02-21 15:00:00;NORTE;NORDESTE;2782.789
2024-02-21 16:00:00;NORTE;NORDESTE;3113.605
2024-02-21 17:00:00;NORTE;NORDESTE;3703.005
2024-02-21 18:00:00;NORTE;NORDESTE;4166.50699999
2024-02-21 19:00:00;NORTE;NORDESTE;4404.242
2024-02-21 20:00:00;NORTE;NORDESTE;4346.06
2024-02-21 21:00:00;NORTE;NORDESTE;4466.544
2024-02-21 22:00:00;NORTE;NORDESTE;4206.338
2024-02-21 23:00:00;NORTE;NORDESTE;4475.934
2024-02-22 00:00:00;NORTE;NORDESTE;4530.002
2024-02-22 01:00:00;NORTE;NORDESTE;4224.04299999
2024-02-22 02:00:00;NORTE;NORDESTE;4195.80599999
2024-02-22 03:00:00;NORTE;NORDESTE;4018.774
2024-02-22 04:00:00;NORTE;NORDESTE;4196.273
2024-02-22 05:00:00;NORTE;NORDESTE;4083.051
2024-02-22 06:00:00;NORTE;NORDESTE;3776.95
2024-02-22 07:00:00;NORTE;NORDESTE;3479.59
2024-02-22 08:00:00;NORTE;NORDESTE;3251.464
2024-02-22 09:00:00;NORTE;NORDESTE;2782.86499999
2024-02-22 10:00:00;NORTE;NORDESTE;2300.92999999
2024-02-22 11:00:00;NORTE;NORDESTE;2012.594
2024-02-22 12:00:00;NORTE;NORDESTE;1878.378
2024-02-22 13:00:00;NORTE;NORDESTE;2117.48999999
2024-02-22 14:00:00;NORTE;NORDESTE;3063.741
2024-02-22 15:00:00;NORTE;NORDESTE;3669.888
2024-02-22 16:00:00;NORTE;NORDESTE;3838.127
2024-02-22 17:00:00;NORTE;NORDESTE;4215.935
2024-02-22 18:00:00;NORTE;NORDESTE;4595.078
2024-02-22 19:00:00;NORTE;NORDESTE;4716.539
2024-02-22 20:00:00;NORTE;NORDESTE;4678.026
2024-02-22 21:00:00;NORTE;NORDESTE;4506.683
2024-02-22 22:00:00;NORTE;NORDESTE;4120.673
2024-02-22 23:00:00;NORTE;NORDESTE;4038.626
2024-02-23 00:00:00;NORTE;NORDESTE;3955.581
2024-02-23 01:00:00;NORTE;NORDESTE;3947.034
2024-02-23 02:00:00;NORTE;NORDESTE;3601.669
2024-02-23 03:00:00;NORTE;NORDESTE;3724.501
2024-02-23 04:00:00;NORTE;NORDESTE;3624.456
2024-02-23 05:00:00;NORTE;NORDESTE;3717.495
2024-02-23 06:00:00;NORTE;NORDESTE;3383.377
2024-02-23 07:00:00;NORTE;NORDESTE;3178.741
2024-02-23 08:00:00;NORTE;NORDESTE;2735.761
2024-02-23 09:00:00;NORTE;NORDESTE;2156.75
2024-02-23 10:00:00;NORTE;NORDESTE;1769.401
2024-02-23 11:00:00;NORTE;NORDESTE;1524.339
2024-02-23 12:00:00;NORTE;NORDESTE;1520.09099999
2024-02-23 13:00:00;NORTE;NORDESTE;1528.141
2024-02-23 14:00:00;NORTE;NORDESTE;1888.057
2024-02-23 15:00:00;NORTE;NORDESTE;2519.132
2024-02-23 16:00:00;NORTE;NORDESTE;2513.33
2024-02-23 17:00:00;NORTE;NORDESTE;3494.568
2024-02-23 18:00:00;NORTE;NORDESTE;3800.129
2024-02-23 19:00:00;NORTE;NORDESTE;3409.284
2024-02-23 20:00:00;NORTE;NORDESTE;3108.379
2024-02-23 21:00:00;NORTE;NORDESTE;2914.842
2024-02-23 22:00:00;NORTE;NORDESTE;2436.766
2024-02-23 23:00:00;NORTE;NORDESTE;2286.55
2024-02-24 00:00:00;NORTE;NORDESTE;1828.174
2024-02-24 01:00:00;NORTE;NORDESTE;1373.194
2024-02-24 02:00:00;NORTE;NORDESTE;835.09
2024-02-24 03:00:00;NORTE;NORDESTE;382.114
2024-02-24 04:00:00;NORTE;NORDESTE;257.749
2024-02-24 05:00:00;NORTE;NORDESTE;265.431
2024-02-24 06:00:00;NORTE;NORDESTE;-364.55
2024-02-24 07:00:00;NORTE;NORDESTE;-2375.516
2024-02-24 08:00:00;NORTE;NORDESTE;-3146.619
2024-02-24 09:00:00;NORTE;NORDESTE;-3494.505
2024-02-24 10:00:00;NORTE;NORDESTE;-3820.419
2024-02-24 11:00:00;NORTE;NORDESTE;-4096.349
2024-02-24 12:00:00;NORTE;NORDESTE;-4328.983
2024-02-24 13:00:00;NORTE;NORDESTE;-4095.601
2024-02-24 14:00:00;NORTE;NORDESTE;-3881.202
2024-02-24 15:00:00;NORTE;NORDESTE;-3292.305
2024-02-24 16:00:00;NORTE;NORDESTE;-1624.068
2024-02-24 17:00:00;NORTE;NORDESTE;336.331
2024-02-24 18:00:00;NORTE;NORDESTE;1199.599
2024-02-24 19:00:00;NORTE;NORDESTE;907.614
2024-02-24 20:00:00;NORTE;NORDESTE;171.933
2024-02-24 21:00:00;NORTE;NORDESTE;-621.139
2024-02-24 22:00:00;NORTE;NORDESTE;-1259.361
2024-02-24 23:00:00;NORTE;NORDESTE;-1596.548
2024-02-25 00:00:00;NORTE;NORDESTE;-1780.225
2024-02-25 01:00:00;NORTE;NORDESTE;-1553.556
2024-02-25 02:00:00;NORTE;NORDESTE;-1761.327
2024-02-25 03:00:00;NORTE;NORDESTE;-1922.949
2024-02-25 04:00:00;NORTE;NORDESTE;-1833.097
2024-02-25 05:00:00;NORTE;NORDESTE;-1980.813
2024-02-25 06:00:00;NORTE;NORDESTE;-2755.949
2024-02-25 07:00:00;NORTE;NORDESTE;-3648.355
2024-02-25 08:00:00;NORTE;NORDESTE;-4080.526
2024-02-25 09:00:00;NORTE;NORDESTE;-3337.388
2024-02-25 10:00:00;NORTE;NORDESTE;-3185.745
2024-02-25 11:00:00;NORTE;NORDESTE;-2968.185
2024-02-25 12:00:00;NORTE;NORDESTE;-3288.917
2024-02-25 13:00:00;NORTE;NORDESTE;-3375.636
2024-02-25 14:00:00;NORTE;NORDESTE;-2937.904
2024-02-25 15:00:00;NORTE;NORDESTE;-2284.556
2024-02-25 16:00:00;NORTE;NORDESTE;-1038.162
2024-02-25 17:00:00;NORTE;NORDESTE;403.142
2024-02-25 18:00:00;NORTE;NORDESTE;960.661
2024-02-25 19:00:00;NORTE;NORDESTE;759.03599999
2024-02-25 20:00:00;NORTE;NORDESTE;311.54899999
2024-02-25 21:00:00;NORTE;NORDESTE;176.712
2024-02-25 22:00:00;NORTE;NORDESTE;-386.275
2024-02-25 23:00:00;NORTE;NORDESTE;-854.068
2024-02-26 00:00:00;NORTE;NORDESTE;-1071.817
2024-02-26 01:00:00;NORTE;NORDESTE;-960.99
2024-02-26 02:00:00;NORTE;NORDESTE;-1229.044
2024-02-26 03:00:00;NORTE;NORDESTE;-1701.93
2024-02-26 04:00:00;NORTE;NORDESTE;-1161.395
2024-02-26 05:00:00;NORTE;NORDESTE;-531.12699999
2024-02-26 06:00:00;NORTE;NORDESTE;-1407.086
2024-02-26 07:00:00;NORTE;NORDESTE;-3038.986
2024-02-26 08:00:00;NORTE;NORDESTE;-3214.123
2024-02-26 09:00:00;NORTE;NORDESTE;-2934.073
2024-02-26 10:00:00;NORTE;NORDESTE;-2813.556
2024-02-26 11:00:00;NORTE;NORDESTE;-2185.226
2024-02-26 12:00:00;NORTE;NORDESTE;-1492.162
2024-02-26 13:00:00;NORTE;NORDESTE;-362.156
2024-02-26 14:00:00;NORTE;NORDESTE;845.241
2024-02-26 15:00:00;NORTE;NORDESTE;1308.547
2024-02-26 16:00:00;NORTE;NORDESTE;1937.466
2024-02-26 17:00:00;NORTE;NORDESTE;2231.118
2024-02-26 18:00:00;NORTE;NORDESTE;2374.35399999
2024-02-26 19:00:00;NORTE;NORDESTE;2026.228
2024-02-26 20:00:00;NORTE;NORDESTE;1715.045
2024-02-26 21:00:00;NORTE;NORDESTE;1564.334
2024-02-26 22:00:00;NORTE;NORDESTE;1319.719
2024-02-26 23:00:00;NORTE;NORDESTE;1115.195
2024-02-27 00:00:00;NORTE;NORDESTE;951.79
2024-02-27 01:00:00;NORTE;NORDESTE;660.806
2024-02-27 02:00:00;NORTE;NORDESTE;400.196
2024-02-27 03:00:00;NORTE;NORDESTE;1028.222
2024-02-27 04:00:00;NORTE;NORDESTE;1158.007
2024-02-27 05:00:00;NORTE;NORDESTE;1519.195
2024-02-27 06:00:00;NORTE;NORDESTE;914.21
2024-02-27 07:00:00;NORTE;NORDESTE;-726.745
2024-02-27 08:00:00;NORTE;NORDESTE;-1169.255
2024-02-27 09:00:00;NORTE;NORDESTE;-1348.205
2024-02-27 10:00:00;NORTE;NORDESTE;-1271.054
2024-02-27 11:00:00;NORTE;NORDESTE;-896.548
2024-02-27 12:00:00;NORTE;NORDESTE;-663.25199999
2024-02-27 13:00:00;NORTE;NORDESTE;377.289
2024-02-27 14:00:00;NORTE;NORDESTE;374.541
2024-02-27 15:00:00;NORTE;NORDESTE;624.461
2024-02-27 16:00:00;NORTE;NORDESTE;1637.175
2024-02-27 17:00:00;NORTE;NORDESTE;1665.031
2024-02-27 18:00:00;NORTE;NORDESTE;1745.232
2024-02-27 19:00:00;NORTE;NORDESTE;1478.718
2024-02-27 20:00:00;NORTE;NORDESTE;1366.028
2024-02-27 21:00:00;NORTE;NORDESTE;1459.066
2024-02-27 22:00:00;NORTE;NORDESTE;1522.811
2024-02-27 23:00:00;NORTE;NORDESTE;1743.797
2024-02-28 00:00:00;NORTE;NORDESTE;1955.784
2024-02-28 01:00:00;NORTE;NORDESTE;2172.87
2024-02-28 02:00:00;NORTE;NORDESTE;2067.77
2024-02-28 03:00:00;NORTE;NORDESTE;2096.55
2024-02-28 04:00:00;NORTE;NORDESTE;1812.129
2024-02-28 05:00:00;NORTE;NORDESTE;1730.748
2024-02-28 06:00:00;NORTE;NORDESTE;1363.421
2024-02-28 07:00:00;NORTE;NORDESTE;686.966
2024-02-28 08:00:00;NORTE;NORDESTE;708.945
2024-02-28 09:00:00;NORTE;NORDESTE;413.21499999
2024-02-28 10:00:00;NORTE;NORDESTE;552.24199999
2024-02-28 11:00:00;NORTE;NORDESTE;788.788
2024-02-28 12:00:00;NORTE;NORDESTE;804.21
2024-02-28 13:00:00;NORTE;NORDESTE;1049.583
2024-02-28 14:00:00;NORTE;NORDESTE;1661.74499999
2024-02-28 15:00:00;NORTE;NORDESTE;1910.366
2024-02-28 16:00:00;NORTE;NORDESTE;3060.389
2024-02-28 17:00:00;NORTE;NORDESTE;3809.803
2024-02-28 18:00:00;NORTE;NORDESTE;4321.751
2024-02-28 19:00:00;NORTE;NORDESTE;4526.398
2024-02-28 20:00:00;NORTE;NORDESTE;4491.85
2024-02-28 21:00:00;NORTE;NORDESTE;4557.876
2024-02-28 22:00:00;NORTE;NORDESTE;4311.017
2024-02-28 23:00:00;NORTE;NORDESTE;4344.724
2024-02-29 00:00:00;NORTE;NORDESTE;4618.885
2024-02-29 01:00:00;NORTE;NORDESTE;4368.072
2024-02-29 02:00:00;NORTE;NORDESTE;3988.875
2024-02-29 03:00:00;NORTE;NORDESTE;3748.596
2024-02-29 04:00:00;NORTE;NORDESTE;3951.898
2024-02-29 05:00:00;NORTE;NORDESTE;4168.546
2024-02-29 06:00:00;NORTE;NORDESTE;3678.656
2024-02-29 07:00:00;NORTE;NORDESTE;2622.197
2024-02-29 08:00:00;NORTE;NORDESTE;2055.58599999
2024-02-29 09:00:00;NORTE;NORDESTE;1475.049
2024-02-29 10:00:00;NORTE;NORDESTE;1551.183
2024-02-29 11:00:00;NORTE;NORDESTE;1517.39
2024-02-29 12:00:00;NORTE;NORDESTE;1289.419
2024-02-29 13:00:00;NORTE;NORDESTE;1104.114
2024-02-29 14:00:00;NORTE;NORDESTE;1156.112
2024-02-29 15:00:00;NORTE;NORDESTE;1460.336
2024-02-29 16:00:00;NORTE;NORDESTE;2643.631
2024-02-29 17:00:00;NORTE;NORDESTE;3320.331
2024-02-29 18:00:00;NORTE;NORDESTE;4123.087
2024-02-29 19:00:00;NORTE;NORDESTE;4660.363
2024-02-29 20:00:00;NORTE;NORDESTE;4851.80199999
2024-02-29 21:00:00;NORTE;NORDESTE;4885.197
2024-02-29 22:00:00;NORTE;NORDESTE;4851.696
2024-02-29 23:00:00;NORTE;NORDESTE;4986.642
2024-03-01 00:00:00;NORTE;NORDESTE;5214.363
2024-03-01 01:00:00;NORTE;NORDESTE;5226.96699999
2024-03-01 02:00:00;NORTE;NORDESTE;5122.412
2024-03-01 03:00:00;NORTE;NORDESTE;5147.076
2024-03-01 04:00:00;NORTE;NORDESTE;5061.911
2024-03-01 05:00:00;NORTE;NORDESTE;5012.198
2024-03-01 06:00:00;NORTE;NORDESTE;4637.04299999
2024-03-01 07:00:00;NORTE;NORDESTE;3794.516
2024-03-01 08:00:00;NORTE;NORDESTE;3338.841
2024-03-01 09:00:00;NORTE;NORDESTE;3092.611
2024-03-01 10:00:00;NORTE;NORDESTE;2318.273
2024-03-01 11:00:00;NORTE;NORDESTE;2120.949
2024-03-01 12:00:00;NORTE;NORDESTE;2101.007
2024-03-01 13:00:00;NORTE;NORDESTE;2097.0
2024-03-01 14:00:00;NORTE;NORDESTE;2129.687
2024-03-01 15:00:00;NORTE;NORDESTE;2031.408
2024-03-01 16:00:00;NORTE;NORDESTE;3165.044
2024-03-01 17:00:00;NORTE;NORDESTE;4381.719
2024-03-01 18:00:00;NORTE;NORDESTE;5274.34599999
2024-03-01 19:00:00;NORTE;NORDESTE;5269.518
2024-03-01 20:00:00;NORTE;NORDESTE;5438.29699999
2024-03-01 21:00:00;NORTE;NORDESTE;5568.483
2024-03-01 22:00:00;NORTE;NORDESTE;5481.82
2024-03-01 23:00:00;NORTE;NORDESTE;5388.875
2024-03-02 00:00:00;NORTE;NORDESTE;5135.094
2024-03-02 01:00:00;NORTE;NORDESTE;5136.75
2024-03-02 02:00:00;NORTE;NORDESTE;5029.332
2024-03-02 03:00:00;NORTE;NORDESTE;5168.966
2024-03-02 04:00:00;NORTE;NORDESTE;4972.506
2024-03-02 05:00:00;NORTE;NORDESTE;4550.675
2024-03-02 06:00:00;NORTE;NORDESTE;3675.355
2024-03-02 07:00:00;NORTE;NORDESTE;3032.629
2024-03-02 08:00:00;NORTE;NORDESTE;2555.727
2024-03-02 09:00:00;NORTE;NORDESTE;2211.208
2024-03-02 10:00:00;NORTE;NORDESTE;1784.224
2024-03-02 11:00:00;NORTE;NORDESTE;1261.949
2024-03-02 12:00:00;NORTE;NORDESTE;973.315
2024-03-02 13:00:00;NORTE;NORDESTE;658.163
2024-03-02 14:00:00;NORTE;NORDESTE;959.012
2024-03-02 15:00:00;NORTE;NORDESTE;995.072
2024-03-02 16:00:00;NORTE;NORDESTE;1843.24
2024-03-02 17:00:00;NORTE;NORDESTE;3349.534
2024-03-02 18:00:00;NORTE;NORDESTE;4655.185
2024-03-02 19:00:00;NORTE;NORDESTE;5301.301
2024-03-02 20:00:00;NORTE;NORDESTE;5129.724
2024-03-02 21:00:00;NORTE;NORDESTE;5288.00699999
2024-03-02 22:00:00;NORTE;NORDESTE;4850.528
2024-03-02 23:00:00;NORTE;NORDESTE;4737.39
2024-03-03 00:00:00;NORTE;NORDESTE;5389.841
2024-03-03 01:00:00;NORTE;NORDESTE;5788.754
2024-03-03 02:00:00;NORTE;NORDESTE;5495.729
2024-03-03 03:00:00;NORTE;NORDESTE;4868.071
2024-03-03 04:00:00;NORTE;NORDESTE;4337.877
2024-03-03 05:00:00;NORTE;NORDESTE;4092.572
2024-03-03 06:00:00;NORTE;NORDESTE;3425.821
2024-03-03 07:00:00;NORTE;NORDESTE;2027.345
2024-03-03 08:00:00;NORTE;NORDESTE;613.315
2024-03-03 09:00:00;NORTE;NORDESTE;-406.277
2024-03-03 10:00:00;NORTE;NORDESTE;-1008.84
2024-03-03 11:00:00;NORTE;NORDESTE;-981.895
2024-03-03 12:00:00;NORTE;NORDESTE;-683.596
2024-03-03 13:00:00;NORTE;NORDESTE;-75.908
2024-03-03 14:00:00;NORTE;NORDESTE;293.264
2024-03-03 15:00:00;NORTE;NORDESTE;416.65
2024-03-03 16:00:00;NORTE;NORDESTE;1625.99499999
2024-03-03 17:00:00;NORTE;NORDESTE;2567.80699999
2024-03-03 18:00:00;NORTE;NORDESTE;3193.96999999
2024-03-03 19:00:00;NORTE;NORDESTE;2920.009
2024-03-03 20:00:00;NORTE;NORDESTE;2955.202
2024-03-03 21:00:00;NORTE;NORDESTE;3027.193
2024-03-03 22:00:00;NORTE;NORDESTE;3173.243
2024-03-03 23:00:00;NORTE;NORDESTE;3825.108
2024-03-04 00:00:00;NORTE;NORDESTE;4187.16799999
2024-03-04 01:00:00;NORTE;NORDESTE;4237.227
2024-03-04 02:00:00;NORTE;NORDESTE;3729.665
2024-03-04 03:00:00;NORTE;NORDESTE;3571.719
2024-03-04 04:00:00;NORTE;NORDESTE;3561.398
2024-03-04 05:00:00;NORTE;NORDESTE;3323.197
2024-03-04 06:00:00;NORTE;NORDESTE;2785.01
2024-03-04 07:00:00;NORTE;NORDESTE;2725.043
2024-03-04 08:00:00;NORTE;NORDESTE;2882.225
2024-03-04 09:00:00;NORTE;NORDESTE;2930.222
2024-03-04 10:00:00;NORTE;NORDESTE;2778.737
2024-03-04 11:00:00;NORTE;NORDESTE;2608.265
2024-03-04 12:00:00;NORTE;NORDESTE;2275.409
2024-03-04 13:00:00;NORTE;NORDESTE;2598.155
2024-03-04 14:00:00;NORTE;NORDESTE;3068.625
2024-03-04 15:00:00;NORTE;NORDESTE;3648.842
2024-03-04 16:00:00;NORTE;NORDESTE;4371.406
2024-03-04 17:00:00;NORTE;NORDESTE;4447.32399999
2024-03-04 18:00:00;NORTE;NORDESTE;4585.553
2024-03-04 19:00:00;NORTE;NORDESTE;4264.631
2024-03-04 20:00:00;NORTE;NORDESTE;4170.921
2024-03-04 21:00:00;NORTE;NORDESTE;4156.978
2024-03-04 22:00:00;NORTE;NORDESTE;4201.336
2024-03-04 23:00:00;NORTE;NORDESTE;4444.24
2024-03-05 00:00:00;NORTE;NORDESTE;4709.93599999
2024-03-05 01:00:00;NORTE;NORDESTE;4614.406
2024-03-05 02:00:00;NORTE;NORDESTE;4706.015
2024-03-05 03:00:00;NORTE;NORDESTE;4863.405
2024-03-05 04:00:00;NORTE;NORDESTE;4891.768
2024-03-05 05:00:00;NORTE;NORDESTE;4745.455
2024-03-05 06:00:00;NORTE;NORDESTE;3772.008
2024-03-05 07:00:00;NORTE;NORDESTE;2864.48
2024-03-05 08:00:00;NORTE;NORDESTE;2283.914
2024-03-05 09:00:00;NORTE;NORDESTE;1632.192
2024-03-05 10:00:00;NORTE;NORDESTE;1421.06199999
2024-03-05 11:00:00;NORTE;NORDESTE;1526.327
2024-03-05 12:00:00;NORTE;NORDESTE;1350.88899999
2024-03-05 13:00:00;NORTE;NORDESTE;1738.066
2024-03-05 14:00:00;NORTE;NORDESTE;1979.487
2024-03-05 15:00:00;NORTE;NORDESTE;1958.847
2024-03-05 16:00:00;NORTE;NORDESTE;2145.068
2024-03-05 17:00:00;NORTE;NORDESTE;2171.751
2024-03-05 18:00:00;NORTE;NORDESTE;2549.809
2024-03-05 19:00:00;NORTE;NORDESTE;2890.373
2024-03-05 20:00:00;NORTE;NORDESTE;2602.779
2024-03-05 21:00:00;NORTE;NORDESTE;2210.99699999
2024-03-05 22:00:00;NORTE;NORDESTE;1272.233
2024-03-05 23:00:00;NORTE;NORDESTE;1039.028
2024-03-06 00:00:00;NORTE;NORDESTE;844.538
2024-03-06 01:00:00;NORTE;NORDESTE;931.341
2024-03-06 02:00:00;NORTE;NORDESTE;1018.383
2024-03-06 03:00:00;NORTE;NORDESTE;1282.5
2024-03-06 04:00:00;NORTE;NORDESTE;1449.911
2024-03-06 05:00:00;NORTE;NORDESTE;1489.858
2024-03-06 06:00:00;NORTE;NORDESTE;148.981
2024-03-06 07:00:00;NORTE;NORDESTE;-1786.423
2024-03-06 08:00:00;NORTE;NORDESTE;-2243.116
2024-03-06 09:00:00;NORTE;NORDESTE;-1988.461
2024-03-06 10:00:00;NORTE;NORDESTE;-1297.132
2024-03-06 11:00:00;NORTE;NORDESTE;-361.517
2024-03-06 12:00:00;NORTE;NORDESTE;258.401
2024-03-06 13:00:00;NORTE;NORDESTE;644.929
2024-03-06 14:00:00;NORTE;NORDESTE;640.544
2024-03-06 15:00:00;NORTE;NORDESTE;692.831
2024-03-06 16:00:00;NORTE;NORDESTE;827.90599999
2024-03-06 17:00:00;NORTE;NORDESTE;676.641
2024-03-06 18:00:00;NORTE;NORDESTE;1064.184
2024-03-06 19:00:00;NORTE;NORDESTE;1333.44599999
2024-03-06 20:00:00;NORTE;NORDESTE;1005.461
2024-03-06 21:00:00;NORTE;NORDESTE;1161.921
2024-03-06 22:00:00;NORTE;NORDESTE;1031.08
2024-03-06 23:00:00;NORTE;NORDESTE;1254.394
2024-03-07 00:00:00;NORTE;NORDESTE;1169.605
2024-03-07 01:00:00;NORTE;NORDESTE;1073.16
2024-03-07 02:00:00;NORTE;NORDESTE;1325.70599999
2024-03-07 03:00:00;NORTE;NORDESTE;938.54
2024-03-07 04:00:00;NORTE;NORDESTE;816.048
2024-03-07 05:00:00;NORTE;NORDESTE;700.55999999
2024-03-07 06:00:00;NORTE;NORDESTE;-623.38
2024-03-07 07:00:00;NORTE;NORDESTE;-1283.11999999
2024-03-07 08:00:00;NORTE;NORDESTE;-1715.165
2024-03-07 09:00:00;NORTE;NORDESTE;-2002.347
2024-03-07 10:00:00;NORTE;NORDESTE;-2122.148
2024-03-07 11:00:00;NORTE;NORDESTE;-1923.702
2024-03-07 12:00:00;NORTE;NORDESTE;-1896.265
2024-03-07 13:00:00;NORTE;NORDESTE;-1101.415
2024-03-07 14:00:00;NORTE;NORDESTE;-644.159
2024-03-07 15:00:00;NORTE;NORDESTE;-149.448
2024-03-07 16:00:00;NORTE;NORDESTE;278.295
2024-03-07 17:00:00;NORTE;NORDESTE;619.018
2024-03-07 18:00:00;NORTE;NORDESTE;565.274
2024-03-07 19:00:00;NORTE;NORDESTE;-231.069
2024-03-07 20:00:00;NORTE;NORDESTE;-852.609
2024-03-07 21:00:00;NORTE;NORDESTE;-912.322
2024-03-07 22:00:00;NORTE;NORDESTE;-762.488
2024-03-07 23:00:00;NORTE;NORDESTE;-1404.116
2024-03-08 00:00:00;NORTE;NORDESTE;-1471.792
2024-03-08 01:00:00;NORTE;NORDESTE;-1580.94
2024-03-08 02:00:00;NORTE;NORDESTE;-1571.867
2024-03-08 03:00:00;NORTE;NORDESTE;-1895.058
2024-03-08 04:00:00;NORTE;NORDESTE;-2068.58599999
2024-03-08 05:00:00;NORTE;NORDESTE;-1690.94
2024-03-08 06:00:00;NORTE;NORDESTE;-2252.554
2024-03-08 07:00:00;NORTE;NORDESTE;-2793.568
2024-03-08 08:00:00;NORTE;NORDESTE;-2898.488
2024-03-08 09:00:00;NORTE;NORDESTE;-3267.393
2024-03-08 10:00:00;NORTE;NORDESTE;-3104.19
2024-03-08 11:00:00;NORTE;NORDESTE;-3100.856
2024-03-08 12:00:00;NORTE;NORDESTE;-2959.895
2024-03-08 13:00:00;NORTE;NORDESTE;-2449.17999999
2024-03-08 14:00:00;NORTE;NORDESTE;-857.113
2024-03-08 15:00:00;NORTE;NORDESTE;460.82
2024-03-08 16:00:00;NORTE;NORDESTE;1600.78
2024-03-08 17:00:00;NORTE;NORDESTE;2404.648
2024-03-08 18:00:00;NORTE;NORDESTE;2649.264
2024-03-08 19:00:00;NORTE;NORDESTE;2408.215
2024-03-08 20:00:00;NORTE;NORDESTE;2018.118
2024-03-08 21:00:00;NORTE;NORDESTE;2024.043
2024-03-08 22:00:00;NORTE;NORDESTE;1833.448
2024-03-08 23:00:00;NORTE;NORDESTE;1907.184
2024-03-09 00:00:00;NORTE;NORDESTE;2393.125
2024-03-09 01:00:00;NORTE;NORDESTE;2203.429
2024-03-09 02:00:00;NORTE;NORDESTE;1502.561
2024-03-09 03:00:00;NORTE;NORDESTE;1275.102
2024-03-09 04:00:00;NORTE;NORDESTE;925.568
2024-03-09 05:00:00;NORTE;NORDESTE;726.189
2024-03-09 06:00:00;NORTE;NORDESTE;-179.127
2024-03-09 07:00:00;NORTE;NORDESTE;-2323.246
2024-03-09 08:00:00;NORTE;NORDESTE;-3077.466
2024-03-09 09:00:00;NORTE;NORDESTE;-2958.575
2024-03-09 10:00:00;NORTE;NORDESTE;-2641.3
2024-03-09 11:00:00;NORTE;NORDESTE;-2711.213
2024-03-09 12:00:00;NORTE;NORDESTE;-1798.005
2024-03-09 13:00:00;NORTE;NORDESTE;-927.395
2024-03-09 14:00:00;NORTE;NORDESTE;-550.301
2024-03-09 15:00:00;NORTE;NORDESTE;-23.755
2024-03-09 16:00:00;NORTE;NORDESTE;791.039
2024-03-09 17:00:00;NORTE;NORDESTE;2155.112
2024-03-09 18:00:00;NORTE;NORDESTE;2912.128
2024-03-09 19:00:00;NORTE;NORDESTE;2650.751
2024-03-09 20:00:00;NORTE;NORDESTE;2414.101
2024-03-09 21:00:00;NORTE;NORDESTE;2173.96999999
2024-03-09 22:00:00;NORTE;NORDESTE;1382.402
2024-03-09 23:00:00;NORTE;NORDESTE;1335.695
2024-03-10 00:00:00;NORTE;NORDESTE;1623.152
2024-03-10 01:00:00;NORTE;NORDESTE;1681.118
2024-03-10 02:00:00;NORTE;NORDESTE;1665.471
2024-03-10 03:00:00;NORTE;NORDESTE;1504.046
2024-03-10 04:00:00;NORTE;NORDESTE;1438.847
2024-03-10 05:00:00;NORTE;NORDESTE;1122.529
2024-03-10 06:00:00;NORTE;NORDESTE;189.982
2024-03-10 07:00:00;NORTE;NORDESTE;-1318.323
2024-03-10 08:00:00;NORTE;NORDESTE;-1995.805
2024-03-10 09:00:00;NORTE;NORDESTE;-2025.287
2024-03-10 10:00:00;NORTE;NORDESTE;-1848.986
2024-03-10 11:00:00;NORTE;NORDESTE;-1260.618
2024-03-10 12:00:00;NORTE;NORDESTE;-660.354
2024-03-10 13:00:00;NORTE;NORDESTE;-151.689
2024-03-10 14:00:00;NORTE;NORDESTE;26.226
2024-03-10 15:00:00;NORTE;NORDESTE;169.84299999
2024-03-10 16:00:00;NORTE;NORDESTE;476.94
2024-03-10 17:00:00;NORTE;NORDESTE;1716.92
2024-03-10 18:00:00;NORTE;NORDESTE;2504.46999999
2024-03-10 19:00:00;NORTE;NORDESTE;2487.02599999
2024-03-10 20:00:00;NORTE;NORDESTE;2229.442
2024-03-10 21:00:00;NORTE;NORDESTE;2006.964
2024-03-10 22:00:00;NORTE;NORDESTE;1928.937
2024-03-10 23:00:00;NORTE;NORDESTE;1990.885
2024-03-11 00:00:00;NORTE;NORDESTE;2112.37199999
2024-03-11 01:00:00;NORTE;NORDESTE;2358.397
2024-03-11 02:00:00;NORTE;NORDESTE;2374.806
2024-03-11 03:00:00;NORTE;NORDESTE;2552.507
2024-03-11 04:00:00;NORTE;NORDESTE;2866.763
2024-03-11 05:00:00;NORTE;NORDESTE;3164.905
2024-03-11 06:00:00;NORTE;NORDESTE;2397.378
2024-03-11 07:00:00;NORTE;NORDESTE;1675.243
2024-03-11 08:00:00;NORTE;NORDESTE;1128.469
2024-03-11 09:00:00;NORTE;NORDESTE;752.931
2024-03-11 10:00:00;NORTE;NORDESTE;1181.012
2024-03-11 11:00:00;NORTE;NORDESTE;1457.925
2024-03-11 12:00:00;NORTE;NORDESTE;1723.4
2024-03-11 13:00:00;NORTE;NORDESTE;1856.473
2024-03-11 14:00:00;NORTE;NORDESTE;1720.64899999
2024-03-11 15:00:00;NORTE;NORDESTE;1829.129
2024-03-11 16:00:00;NORTE;NORDESTE;2428.039
2024-03-11 17:00:00;NORTE;NORDESTE;3936.043
2024-03-11 18:00:00;NORTE;NORDESTE;4031.565
2024-03-11 19:00:00;NORTE;NORDESTE;3644.641
2024-03-11 20:00:00;NORTE;NORDESTE;3565.374
2024-03-11 21:00:00;NORTE;NORDESTE;3627.13
2024-03-11 22:00:00;NORTE;NORDESTE;3724.137
2024-03-11 23:00:00;NORTE;NORDESTE;3623.485
2024-03-12 00:00:00;NORTE;NORDESTE;3644.126
2024-03-12 01:00:00;NORTE;NORDESTE;3219.256
2024-03-12 02:00:00;NORTE;NORDESTE;2969.31599999
2024-03-12 03:00:00;NORTE;NORDESTE;3018.974
2024-03-12 04:00:00;NORTE;NORDESTE;2826.37399999
2024-03-12 05:00:00;NORTE;NORDESTE;2784.714
2024-03-12 06:00:00;NORTE;NORDESTE;2364.994
2024-03-12 07:00:00;NORTE;NORDESTE;1949.009
2024-03-12 08:00:00;NORTE;NORDESTE;1874.52
2024-03-12 09:00:00;NORTE;NORDESTE;1761.706
2024-03-12 10:00:00;NORTE;NORDESTE;2030.07
2024-03-12 11:00:00;NORTE;NORDESTE;2240.303
2024-03-12 12:00:00;NORTE;NORDESTE;2076.59
2024-03-12 13:00:00;NORTE;NORDESTE;2655.952
2024-03-12 14:00:00;NORTE;NORDESTE;3021.951
2024-03-12 15:00:00;NORTE;NORDESTE;3235.483
2024-03-12 16:00:00;NORTE;NORDESTE;3375.325
2024-03-12 17:00:00;NORTE;NORDESTE;3960.59
2024-03-12 18:00:00;NORTE;NORDESTE;4204.126
2024-03-12 19:00:00;NORTE;NORDESTE;3881.191
2024-03-12 20:00:00;NORTE;NORDESTE;3707.273
2024-03-12 21:00:00;NORTE;NORDESTE;3710.916
2024-03-12 22:00:00;NORTE;NORDESTE;3662.561
2024-03-12 23:00:00;NORTE;NORDESTE;3820.039
2024-03-13 00:00:00;NORTE;NORDESTE;3679.832
2024-03-13 01:00:00;NORTE;NORDESTE;3541.334
2024-03-13 02:00:00;NORTE;NORDESTE;3326.967
2024-03-13 03:00:00;NORTE;NORDESTE;3391.956
2024-03-13 04:00:00;NORTE;NORDESTE;3375.223
2024-03-13 05:00:00;NORTE;NORDESTE;3295.127
2024-03-13 06:00:00;NORTE;NORDESTE;2779.112
2024-03-13 07:00:00;NORTE;NORDESTE;2169.601
2024-03-13 08:00:00;NORTE;NORDESTE;1941.893
2024-03-13 09:00:00;NORTE;NORDESTE;1768.097
2024-03-13 10:00:00;NORTE;NORDESTE;1709.273
2024-03-13 11:00:00;NORTE;NORDESTE;1994.994
2024-03-13 12:00:00;NORTE;NORDESTE;2053.06599999
2024-03-13 13:00:00;NORTE;NORDESTE;2046.31
2024-03-13 14:00:00;NORTE;NORDESTE;2649.774
2024-03-13 15:00:00;NORTE;NORDESTE;2456.399
2024-03-13 16:00:00;NORTE;NORDESTE;2512.648
2024-03-13 17:00:00;NORTE;NORDESTE;2915.1
2024-03-13 18:00:00;NORTE;NORDESTE;3026.782
2024-03-13 19:00:00;NORTE;NORDESTE;2862.36499999
2024-03-13 20:00:00;NORTE;NORDESTE;2711.96799999
2024-03-13 21:00:00;NORTE;NORDESTE;2574.695
2024-03-13 22:00:00;NORTE;NORDESTE;2241.225
2024-03-13 23:00:00;NORTE;NORDESTE;2071.274
2024-03-14 00:00:00;NORTE;NORDESTE;2321.501
2024-03-14 01:00:00;NORTE;NORDESTE;2375.553
2024-03-14 02:00:00;NORTE;NORDESTE;2200.426
2024-03-14 03:00:00;NORTE;NORDESTE;2069.398
2024-03-14 04:00:00;NORTE;NORDESTE;2287.924
2024-03-14 05:00:00;NORTE;NORDESTE;2404.588
2024-03-14 06:00:00;NORTE;NORDESTE;1995.279
2024-03-14 07:00:00;NORTE;NORDESTE;1217.814
2024-03-14 08:00:00;NORTE;NORDESTE;889.65
2024-03-14 09:00:00;NORTE;NORDESTE;668.173
2024-03-14 10:00:00;NORTE;NORDESTE;904.633
2024-03-14 11:00:00;NORTE;NORDESTE;837.144
2024-03-14 12:00:00;NORTE;NORDESTE;694.124
2024-03-14 13:00:00;NORTE;NORDESTE;1031.222
2024-03-14 14:00:00;NORTE;NORDESTE;1276.752
2024-03-14 15:00:00;NORTE;NORDESTE;1241.21
2024-03-14 16:00:00;NORTE;NORDESTE;1368.584
2024-03-14 17:00:00;NORTE;NORDESTE;1658.803
2024-03-14 18:00:00;NORTE;NORDESTE;1929.746
2024-03-14 19:00:00;NORTE;NORDESTE;1331.13
2024-03-14 20:00:00;NORTE;NORDESTE;542.556
2024-03-14 21:00:00;NORTE;NORDESTE;252.517
2024-03-14 22:00:00;NORTE;NORDESTE;176.961
2024-03-14 23:00:00;NORTE;NORDESTE;121.529
2024-03-15 00:00:00;NORTE;NORDESTE;218.179
2024-03-15 01:00:00;NORTE;NORDESTE;438.521
2024-03-15 02:00:00;NORTE;NORDESTE;0.372
2024-03-15 03:00:00;NORTE;NORDESTE;-92.597
2024-03-15 04:00:00;NORTE;NORDESTE;84.169
2024-03-15 05:00:00;NORTE;NORDESTE;148.94
2024-03-15 06:00:00;NORTE;NORDESTE;-27.537
2024-03-15 07:00:00;NORTE;NORDESTE;-700.943
2024-03-15 08:00:00;NORTE;NORDESTE;-1449.604
2024-03-15 09:00:00;NORTE;NORDESTE;-1501.857
2024-03-15 10:00:00;NORTE;NORDESTE;-1347.948
2024-03-15 11:00:00;NORTE;NORDESTE;-1552.99499999
2024-03-15 12:00:00;NORTE;NORDESTE;-1544.262
2024-03-15 13:00:00;NORTE;NORDESTE;-891.774
2024-03-15 14:00:00;NORTE;NORDESTE;-933.6
2024-03-15 15:00:00;NORTE;NORDESTE;-525.97299999
2024-03-15 16:00:00;NORTE;NORDESTE;253.927
2024-03-15 17:00:00;NORTE;NORDESTE;863.50699999
2024-03-15 18:00:00;NORTE;NORDESTE;1021.231
2024-03-15 19:00:00;NORTE;NORDESTE;640.868
2024-03-15 20:00:00;NORTE;NORDESTE;388.993
2024-03-15 21:00:00;NORTE;NORDESTE;807.495
2024-03-15 22:00:00;NORTE;NORDESTE;942.689
2024-03-15 23:00:00;NORTE;NORDESTE;1202.163
2024-03-16 00:00:00;NORTE;NORDESTE;1012.632
2024-03-16 01:00:00;NORTE;NORDESTE;619.438
2024-03-16 02:00:00;NORTE;NORDESTE;281.27499999
2024-03-16 03:00:00;NORTE;NORDESTE;219.433
2024-03-16 04:00:00;NORTE;NORDESTE;91.646
2024-03-16 05:00:00;NORTE;NORDESTE;-153.635
2024-03-16 06:00:00;NORTE;NORDESTE;-1253.93
2024-03-16 07:00:00;NORTE;NORDESTE;-2177.801
2024-03-16 08:00:00;NORTE;NORDESTE;-2798.688
2024-03-16 09:00:00;NORTE;NORDESTE;-2600.482
2024-03-16 10:00:00;NORTE;NORDESTE;-2522.719
2024-03-16 11:00:00;NORTE;NORDESTE;-2109.722
2024-03-16 12:00:00;NORTE;NORDESTE;-2074.972
2024-03-16 13:00:00;NORTE;NORDESTE;-1481.715
2024-03-16 14:00:00;NORTE;NORDESTE;-1019.903
2024-03-16 15:00:00;NORTE;NORDESTE;-971.419
2024-03-16 16:00:00;NORTE;NORDESTE;9.67099999
2024-03-16 17:00:00;NORTE;NORDESTE;1739.314
2024-03-16 18:00:00;NORTE;NORDESTE;2463.887
2024-03-16 19:00:00;NORTE;NORDESTE;1897.191
2024-03-16 20:00:00;NORTE;NORDESTE;1583.647
2024-03-16 21:00:00;NORTE;NORDESTE;1538.022
2024-03-16 22:00:00;NORTE;NORDESTE;1675.289
2024-03-16 23:00:00;NORTE;NORDESTE;1439.631
2024-03-17 00:00:00;NORTE;NORDESTE;1547.805
2024-03-17 01:00:00;NORTE;NORDESTE;1770.089
2024-03-17 02:00:00;NORTE;NORDESTE;1855.555
2024-03-17 03:00:00;NORTE;NORDESTE;1976.184
2024-03-17 04:00:00;NORTE;NORDESTE;1630.409
2024-03-17 05:00:00;NORTE;NORDESTE;1156.19
2024-03-17 06:00:00;NORTE;NORDESTE;-585.339
2024-03-17 07:00:00;NORTE;NORDESTE;-1953.865
2024-03-17 08:00:00;NORTE;NORDESTE;-3188.783
2024-03-17 09:00:00;NORTE;NORDESTE;-3483.713
2024-03-17 10:00:00;NORTE;NORDESTE;-2929.855
2024-03-17 11:00:00;NORTE;NORDESTE;-2386.303
2024-03-17 12:00:00;NORTE;NORDESTE;-1970.172
2024-03-17 13:00:00;NORTE;NORDESTE;-1685.19
2024-03-17 14:00:00;NORTE;NORDESTE;-1479.257
2024-03-17 15:00:00;NORTE;NORDESTE;-1140.874
2024-03-17 16:00:00;NORTE;NORDESTE;-244.243
2024-03-17 17:00:00;NORTE;NORDESTE;860.20399999
2024-03-17 18:00:00;NORTE;NORDESTE;1174.558
2024-03-17 19:00:00;NORTE;NORDESTE;1126.458
2024-03-17 20:00:00;NORTE;NORDESTE;1089.076
2024-03-17 21:00:00;NORTE;NORDESTE;1115.999
2024-03-17 22:00:00;NORTE;NORDESTE;1404.821
2024-03-17 23:00:00;NORTE;NORDESTE;1384.351
2024-03-18 00:00:00;NORTE;NORDESTE;1855.539
2024-03-18 01:00:00;NORTE;NORDESTE;2066.851
2024-03-18 02:00:00;NORTE;NORDESTE;2126.337
2024-03-18 03:00:00;NORTE;NORDESTE;2619.17
2024-03-18 04:00:00;NORTE;NORDESTE;2925.388
2024-03-18 05:00:00;NORTE;NORDESTE;3189.699
2024-03-18 06:00:00;NORTE;NORDESTE;2393.085
2024-03-18 07:00:00;NORTE;NORDESTE;1389.464
2024-03-18 08:00:00;NORTE;NORDESTE;1181.278
2024-03-18 09:00:00;NORTE;NORDESTE;740.65
2024-03-18 10:00:00;NORTE;NORDESTE;615.04
2024-03-18 11:00:00;NORTE;NORDESTE;466.609
2024-03-18 12:00:00;NORTE;NORDESTE;138.704
2024-03-18 13:00:00;NORTE;NORDESTE;434.582
2024-03-18 14:00:00;NORTE;NORDESTE;633.837
2024-03-18 15:00:00;NORTE;NORDESTE;525.642
2024-03-18 16:00:00;NORTE;NORDESTE;923.982
2024-03-18 17:00:00;NORTE;NORDESTE;1684.414
2024-03-18 18:00:00;NORTE;NORDESTE;1833.912
2024-03-18 19:00:00;NORTE;NORDESTE;1431.887
2024-03-18 20:00:00;NORTE;NORDESTE;1219.002
2024-03-18 21:00:00;NORTE;NORDESTE;1675.417
2024-03-18 22:00:00;NORTE;NORDESTE;2127.81599999
2024-03-18 23:00:00;NORTE;NORDESTE;2322.105
2024-03-19 00:00:00;NORTE;NORDESTE;2496.228
2024-03-19 01:00:00;NORTE;NORDESTE;2427.00799999
2024-03-19 02:00:00;NORTE;NORDESTE;2178.855
2024-03-19 03:00:00;NORTE;NORDESTE;2159.991
2024-03-19 04:00:00;NORTE;NORDESTE;2228.87399999
2024-03-19 05:00:00;NORTE;NORDESTE;1937.24
2024-03-19 06:00:00;NORTE;NORDESTE;864.219
2024-03-19 07:00:00;NORTE;NORDESTE;-429.555
2024-03-19 08:00:00;NORTE;NORDESTE;-1649.338
2024-03-19 09:00:00;NORTE;NORDESTE;-1456.343
2024-03-19 10:00:00;NORTE;NORDESTE;-902.733
2024-03-19 11:00:00;NORTE;NORDESTE;-532.03099999
2024-03-19 12:00:00;NORTE;NORDESTE;-639.152
2024-03-19 13:00:00;NORTE;NORDESTE;-714.059
2024-03-19 14:00:00;NORTE;NORDESTE;-372.116
2024-03-19 15:00:00;NORTE;NORDESTE;-155.978
2024-03-19 16:00:00;NORTE;NORDESTE;680.87699999
2024-03-19 17:00:00;NORTE;NORDESTE;1658.953
2024-03-19 18:00:00;NORTE;NORDESTE;1934.813
2024-03-19 19:00:00;NORTE;NORDESTE;1705.22
2024-03-19 20:00:00;NORTE;NORDESTE;1478.592
2024-03-19 21:00:00;NORTE;NORDESTE;1730.366
2024-03-19 22:00:00;NORTE;NORDESTE;1822.143
2024-03-19 23:00:00;NORTE;NORDESTE;2027.162
2024-03-20 00:00:00;NORTE;NORDESTE;2354.582
2024-03-20 01:00:00;NORTE;NORDESTE;2213.589
2024-03-20 02:00:00;NORTE;NORDESTE;2150.179
2024-03-20 03:00:00;NORTE;NORDESTE;2208.198
2024-03-20 04:00:00;NORTE;NORDESTE;1897.434
2024-03-20 05:00:00;NORTE;NORDESTE;1638.577
2024-03-20 06:00:00;NORTE;NORDESTE;1058.816
2024-03-20 07:00:00;NORTE;NORDESTE;330.38
2024-03-20 08:00:00;NORTE;NORDESTE;189.567
2024-03-20 09:00:00;NORTE;NORDESTE;355.747
2024-03-20 10:00:00;NORTE;NORDESTE;695.894
2024-03-20 11:00:00;NORTE;NORDESTE;1059.338
2024-03-20 12:00:00;NORTE;NORDESTE;1293.06
2024-03-20 13:00:00;NORTE;NORDESTE;1431.035
2024-03-20 14:00:00;NORTE;NORDESTE;1392.726
2024-03-20 15:00:00;NORTE;NORDESTE;1492.167
2024-03-20 16:00:00;NORTE;NORDESTE;2095.657
2024-03-20 17:00:00;NORTE;NORDESTE;2685.053
2024-03-20 18:00:00;NORTE;NORDESTE;2942.982
2024-03-20 19:00:00;NORTE;NORDESTE;2889.317
2024-03-20 20:00:00;NORTE;NORDESTE;2794.311
2024-03-20 21:00:00;NORTE;NORDESTE;2831.601
2024-03-20 22:00:00;NORTE;NORDESTE;2859.11499999
2024-03-20 23:00:00;NORTE;NORDESTE;2785.013
2024-03-21 00:00:00;NORTE;NORDESTE;2917.359
2024-03-21 01:00:00;NORTE;NORDESTE;2950.523
2024-03-21 02:00:00;NORTE;NORDESTE;3102.746
2024-03-21 03:00:00;NORTE;NORDESTE;3215.289
2024-03-21 04:00:00;NORTE;NORDESTE;3383.067
2024-03-21 05:00:00;NORTE;NORDESTE;3116.027
2024-03-21 06:00:00;NORTE;NORDESTE;2228.204
2024-03-21 07:00:00;NORTE;NORDESTE;1393.666
2024-03-21 08:00:00;NORTE;NORDESTE;996.826
2024-03-21 09:00:00;NORTE;NORDESTE;270.72199999
2024-03-21 10:00:00;NORTE;NORDESTE;258.98
2024-03-21 11:00:00;NORTE;NORDESTE;518.732
2024-03-21 12:00:00;NORTE;NORDESTE;421.944
2024-03-21 13:00:00;NORTE;NORDESTE;224.594
2024-03-21 14:00:00;NORTE;NORDESTE;113.377
2024-03-21 15:00:00;NORTE;NORDESTE;41.03
2024-03-21 16:00:00;NORTE;NORDESTE;700.424
2024-03-21 17:00:00;NORTE;NORDESTE;1372.959
2024-03-21 18:00:00;NORTE;NORDESTE;1658.715
2024-03-21 19:00:00;NORTE;NORDESTE;1374.708
2024-03-21 20:00:00;NORTE;NORDESTE;1353.833
2024-03-21 21:00:00;NORTE;NORDESTE;1852.464
2024-03-21 22:00:00;NORTE;NORDESTE;2101.297
2024-03-21 23:00:00;NORTE;NORDESTE;2219.339
2024-03-22 00:00:00;NORTE;NORDESTE;2485.574
2024-03-22 01:00:00;NORTE;NORDESTE;2173.715
2024-03-22 02:00:00;NORTE;NORDESTE;2020.401
2024-03-22 03:00:00;NORTE;NORDESTE;2246.34299999
2024-03-22 04:00:00;NORTE;NORDESTE;2461.197
2024-03-22 05:00:00;NORTE;NORDESTE;2145.777
2024-03-22 06:00:00;NORTE;NORDESTE;1168.75
2024-03-22 07:00:00;NORTE;NORDESTE;287.281
2024-03-22 08:00:00;NORTE;NORDESTE;-60.375
2024-03-22 09:00:00;NORTE;NORDESTE;222.454
2024-03-22 10:00:00;NORTE;NORDESTE;659.361
2024-03-22 11:00:00;NORTE;NORDESTE;790.035
2024-03-22 12:00:00;NORTE;NORDESTE;656.186
2024-03-22 13:00:00;NORTE;NORDESTE;944.841
2024-03-22 14:00:00;NORTE;NORDESTE;482.634
2024-03-22 15:00:00;NORTE;NORDESTE;147.534
2024-03-22 16:00:00;NORTE;NORDESTE;612.374
2024-03-22 17:00:00;NORTE;NORDESTE;1134.39
2024-03-22 18:00:00;NORTE;NORDESTE;1374.567
2024-03-22 19:00:00;NORTE;NORDESTE;1786.723
2024-03-22 20:00:00;NORTE;NORDESTE;2248.11499999
2024-03-22 21:00:00;NORTE;NORDESTE;2425.603
2024-03-22 22:00:00;NORTE;NORDESTE;2864.152
2024-03-22 23:00:00;NORTE;NORDESTE;2575.532
2024-03-23 00:00:00;NORTE;NORDESTE;2679.86
2024-03-23 01:00:00;NORTE;NORDESTE;2351.102
2024-03-23 02:00:00;NORTE;NORDESTE;2276.862
2024-03-23 03:00:00;NORTE;NORDESTE;1741.762
2024-03-23 04:00:00;NORTE;NORDESTE;1497.476
2024-03-23 05:00:00;NORTE;NORDESTE;1373.255
2024-03-23 06:00:00;NORTE;NORDESTE;969.321
2024-03-23 07:00:00;NORTE;NORDESTE;-285.961
2024-03-23 08:00:00;NORTE;NORDESTE;-1507.054
2024-03-23 09:00:00;NORTE;NORDESTE;-1760.965
2024-03-23 10:00:00;NORTE;NORDESTE;-1627.907
2024-03-23 11:00:00;NORTE;NORDESTE;-1251.036
2024-03-23 12:00:00;NORTE;NORDESTE;-427.168
2024-03-23 13:00:00;NORTE;NORDESTE;17.248
2024-03-23 14:00:00;NORTE;NORDESTE;-1.687
2024-03-23 15:00:00;NORTE;NORDESTE;312.023
2024-03-23 16:00:00;NORTE;NORDESTE;1251.50399999
2024-03-23 17:00:00;NORTE;NORDESTE;2463.039
2024-03-23 18:00:00;NORTE;NORDESTE;2344.806
2024-03-23 19:00:00;NORTE;NORDESTE;2025.321
2024-03-23 20:00:00;NORTE;NORDESTE;2047.157
2024-03-23 21:00:00;NORTE;NORDESTE;1615.357
2024-03-23 22:00:00;NORTE;NORDESTE;1123.371
2024-03-23 23:00:00;NORTE;NORDESTE;810.634
2024-03-24 00:00:00;NORTE;NORDESTE;1024.18
2024-03-24 01:00:00;NORTE;NORDESTE;369.142
2024-03-24 02:00:00;NORTE;NORDESTE;-72.896
2024-03-24 03:00:00;NORTE;NORDESTE;-267.769
2024-03-24 04:00:00;NORTE;NORDESTE;-467.373
2024-03-24 05:00:00;NORTE;NORDESTE;-871.471
2024-03-24 06:00:00;NORTE;NORDESTE;-1926.455
2024-03-24 07:00:00;NORTE;NORDESTE;-2085.966
2024-03-24 08:00:00;NORTE;NORDESTE;-2322.637
2024-03-24 09:00:00;NORTE;NORDESTE;-2252.695
2024-03-24 10:00:00;NORTE;NORDESTE;-2222.436
2024-03-24 11:00:00;NORTE;NORDESTE;-2306.17999999
2024-03-24 12:00:00;NORTE;NORDESTE;-2410.257
2024-03-24 13:00:00;NORTE;NORDESTE;-2244.827
2024-03-24 14:00:00;NORTE;NORDESTE;-2043.817
2024-03-24 15:00:00;NORTE;NORDESTE;-1735.377
2024-03-24 16:00:00;NORTE;NORDESTE;-1288.988
2024-03-24 17:00:00;NORTE;NORDESTE;-71.46599999
2024-03-24 18:00:00;NORTE;NORDESTE;95.009
2024-03-24 19:00:00;NORTE;NORDESTE;-103.379
2024-03-24 20:00:00;NORTE;NORDESTE;-407.683
2024-03-24 21:00:00;NORTE;NORDESTE;-491.627
2024-03-24 22:00:00;NORTE;NORDESTE;-266.658
2024-03-24 23:00:00;NORTE;NORDESTE;-384.383
2024-03-25 00:00:00;NORTE;NORDESTE;-524.894
2024-03-25 01:00:00;NORTE;NORDESTE;-636.86699999
2024-03-25 02:00:00;NORTE;NORDESTE;-595.73
2024-03-25 03:00:00;NORTE;NORDESTE;-816.63699999
2024-03-25 04:00:00;NORTE;NORDESTE;-480.362
2024-03-25 05:00:00;NORTE;NORDESTE;-297.664
2024-03-25 06:00:00;NORTE;NORDESTE;-1065.746
2024-03-25 07:00:00;NORTE;NORDESTE;-2810.101
2024-03-25 08:00:00;NORTE;NORDESTE;-3791.296
2024-03-25 09:00:00;NORTE;NORDESTE;-4130.867
2024-03-25 10:00:00;NORTE;NORDESTE;-3868.795
2024-03-25 11:00:00;NORTE;NORDESTE;-2785.46
2024-03-25 12:00:00;NORTE;NORDESTE;-2054.543
2024-03-25 13:00:00;NORTE;NORDESTE;-580.48299999
2024-03-25 14:00:00;NORTE;NORDESTE;133.153
2024-03-25 15:00:00;NORTE;NORDESTE;520.874
2024-03-25 16:00:00;NORTE;NORDESTE;1668.815
2024-03-25 17:00:00;NORTE;NORDESTE;2707.763
2024-03-25 18:00:00;NORTE;NORDESTE;2889.701
2024-03-25 19:00:00;NORTE;NORDESTE;2824.913
2024-03-25 20:00:00;NORTE;NORDESTE;2613.27799999
2024-03-25 21:00:00;NORTE;NORDESTE;2771.506
2024-03-25 22:00:00;NORTE;NORDESTE;2827.375
2024-03-25 23:00:00;NORTE;NORDESTE;2711.748
2024-03-26 00:00:00;NORTE;NORDESTE;2501.393
2024-03-26 01:00:00;NORTE;NORDESTE;2580.424
2024-03-26 02:00:00;NORTE;NORDESTE;2681.428
2024-03-26 03:00:00;NORTE;NORDESTE;2636.056
2024-03-26 04:00:00;NORTE;NORDESTE;2870.887
2024-03-26 05:00:00;NORTE;NORDESTE;3342.725
2024-03-26 06:00:00;NORTE;NORDESTE;2929.472
2024-03-26 07:00:00;NORTE;NORDESTE;1986.614
2024-03-26 08:00:00;NORTE;NORDESTE;1907.442
2024-03-26 09:00:00;NORTE;NORDESTE;1945.195
2024-03-26 10:00:00;NORTE;NORDESTE;2467.495
2024-03-26 11:00:00;NORTE;NORDESTE;2348.804
2024-03-26 12:00:00;NORTE;NORDESTE;1742.316
2024-03-26 13:00:00;NORTE;NORDESTE;2174.599
2024-03-26 14:00:00;NORTE;NORDESTE;3204.831
2024-03-26 15:00:00;NORTE;NORDESTE;3695.025
2024-03-26 16:00:00;NORTE;NORDESTE;4151.456
2024-03-26 17:00:00;NORTE;NORDESTE;4596.198
2024-03-26 18:00:00;NORTE;NORDESTE;5239.495
2024-03-26 19:00:00;NORTE;NORDESTE;4866.658
2024-03-26 20:00:00;NORTE;NORDESTE;4490.463
2024-03-26 21:00:00;NORTE;NORDESTE;4257.646
2024-03-26 22:00:00;NORTE;NORDESTE;4134.493
2024-03-26 23:00:00;NORTE;NORDESTE;3829.709
2024-03-27 00:00:00;NORTE;NORDESTE;3030.693
2024-03-27 01:00:00;NORTE;NORDESTE;2625.50799999
2024-03-27 02:00:00;NORTE;NORDESTE;2610.839
2024-03-27 03:00:00;NORTE;NORDESTE;2349.339
2024-03-27 04:00:00;NORTE;NORDESTE;1898.182
2024-03-27 05:00:00;NORTE;NORDESTE;1661.874
2024-03-27 06:00:00;NORTE;NORDESTE;902.915
2024-03-27 07:00:00;NORTE;NORDESTE;140.41
2024-03-27 08:00:00;NORTE;NORDESTE;-31.719
2024-03-27 09:00:00;NORTE;NORDESTE;-121.188
2024-03-27 10:00:00;NORTE;NORDESTE;248.977
2024-03-27 11:00:00;NORTE;NORDESTE;403.786
2024-03-27 12:00:00;NORTE;NORDESTE;508.617
2024-03-27 13:00:00;NORTE;NORDESTE;1128.057
2024-03-27 14:00:00;NORTE;NORDESTE;2112.311
2024-03-27 15:00:00;NORTE;NORDESTE;2568.134
2024-03-27 16:00:00;NORTE;NORDESTE;3219.54799999
2024-03-27 17:00:00;NORTE;NORDESTE;3043.306
2024-03-27 18:00:00;NORTE;NORDESTE;2909.368
2024-03-27 19:00:00;NORTE;NORDESTE;2469.814
2024-03-27 20:00:00;NORTE;NORDESTE;2122.922
2024-03-27 21:00:00;NORTE;NORDESTE;2264.687
2024-03-27 22:00:00;NORTE;NORDESTE;2326.632
2024-03-27 23:00:00;NORTE;NORDESTE;2498.699
2024-03-28 00:00:00;NORTE;NORDESTE;2450.016
2024-03-28 01:00:00;NORTE;NORDESTE;1605.518
2024-03-28 02:00:00;NORTE;NORDESTE;645.429
2024-03-28 03:00:00;NORTE;NORDESTE;25.026
2024-03-28 04:00:00;NORTE;NORDESTE;-375.747
2024-03-28 05:00:00;NORTE;NORDESTE;-790.13
2024-03-28 06:00:00;NORTE;NORDESTE;-2437.189
2024-03-28 07:00:00;NORTE;NORDESTE;-2998.62
2024-03-28 08:00:00;NORTE;NORDESTE;-2870.2
2024-03-28 09:00:00;NORTE;NORDESTE;-2882.263
2024-03-28 10:00:00;NORTE;NORDESTE;-3170.43
2024-03-28 11:00:00;NORTE;NORDESTE;-3649.762
2024-03-28 12:00:00;NORTE;NORDESTE;-3353.181
2024-03-28 13:00:00;NORTE;NORDESTE;-2336.851
2024-03-28 14:00:00;NORTE;NORDESTE;-1783.898
2024-03-28 15:00:00;NORTE;NORDESTE;-1019.42
2024-03-28 16:00:00;NORTE;NORDESTE;7.678
2024-03-28 17:00:00;NORTE;NORDESTE;1130.346
2024-03-28 18:00:00;NORTE;NORDESTE;855.577
2024-03-28 19:00:00;NORTE;NORDESTE;-519.714
2024-03-28 20:00:00;NORTE;NORDESTE;-804.565
2024-03-28 21:00:00;NORTE;NORDESTE;-805.05499999
2024-03-28 22:00:00;NORTE;NORDESTE;-1281.819
2024-03-28 23:00:00;NORTE;NORDESTE;-1026.5
2024-03-29 00:00:00;NORTE;NORDESTE;-252.299
2024-03-29 01:00:00;NORTE;NORDESTE;-195.348
2024-03-29 02:00:00;NORTE;NORDESTE;-134.555
2024-03-29 03:00:00;NORTE;NORDESTE;-303.27
2024-03-29 04:00:00;NORTE;NORDESTE;-683.499
2024-03-29 05:00:00;NORTE;NORDESTE;-887.836
2024-03-29 06:00:00;NORTE;NORDESTE;-1597.506
2024-03-29 07:00:00;NORTE;NORDESTE;-3291.639
2024-03-29 08:00:00;NORTE;NORDESTE;-3007.087
2024-03-29 09:00:00;NORTE;NORDESTE;-2999.33599999
2024-03-29 10:00:00;NORTE;NORDESTE;-2429.072
2024-03-29 11:00:00;NORTE;NORDESTE;-2094.752
2024-03-29 12:00:00;NORTE;NORDESTE;-1914.255
2024-03-29 13:00:00;NORTE;NORDESTE;-1630.182
2024-03-29 14:00:00;NORTE;NORDESTE;-1626.688
2024-03-29 15:00:00;NORTE;NORDESTE;-826.744
2024-03-29 16:00:00;NORTE;NORDESTE;-59.919
2024-03-29 17:00:00;NORTE;NORDESTE;732.238
2024-03-29 18:00:00;NORTE;NORDESTE;1389.958
2024-03-29 19:00:00;NORTE;NORDESTE;1213.026
2024-03-29 20:00:00;NORTE;NORDESTE;860.296
2024-03-29 21:00:00;NORTE;NORDESTE;454.02
2024-03-29 22:00:00;NORTE;NORDESTE;857.133
2024-03-29 23:00:00;NORTE;NORDESTE;1092.459
2024-03-30 00:00:00;NORTE;NORDESTE;1577.552
2024-03-30 01:00:00;NORTE;NORDESTE;1776.128
2024-03-30 02:00:00;NORTE;NORDESTE;2118.797
2024-03-30 03:00:00;NORTE;NORDESTE;2218.12
2024-03-30 04:00:00;NORTE;NORDESTE;2160.041
2024-03-30 05:00:00;NORTE;NORDESTE;2519.387
2024-03-30 06:00:00;NORTE;NORDESTE;1989.032
2024-03-30 07:00:00;NORTE;NORDESTE;1114.964
2024-03-30 08:00:00;NORTE;NORDESTE;414.874
2024-03-30 09:00:00;NORTE;NORDESTE;-248.067
2024-03-30 10:00:00;NORTE;NORDESTE;-215.112
2024-03-30 11:00:00;NORTE;NORDESTE;770.157
2024-03-30 12:00:00;NORTE;NORDESTE;1140.298
2024-03-30 13:00:00;NORTE;NORDESTE;2114.234
2024-03-30 14:00:00;NORTE;NORDESTE;2819.34
2024-03-30 15:00:00;NORTE;NORDESTE;3739.598
2024-03-30 16:00:00;NORTE;NORDESTE;4169.135
2024-03-30 17:00:00;NORTE;NORDESTE;4527.667
2024-03-30 18:00:00;NORTE;NORDESTE;4831.015
2024-03-30 19:00:00;NORTE;NORDESTE;4788.729
2024-03-30 20:00:00;NORTE;NORDESTE;4797.566
2024-03-30 21:00:00;NORTE;NORDESTE;4790.876
2024-03-30 22:00:00;NORTE;NORDESTE;4886.74399999
2024-03-30 23:00:00;NORTE;NORDESTE;5227.015
2024-03-31 00:00:00;NORTE;NORDESTE;4926.776
2024-03-31 01:00:00;NORTE;NORDESTE;4826.12
2024-03-31 02:00:00;NORTE;NORDESTE;4852.56099999
2024-03-31 03:00:00;NORTE;NORDESTE;4690.24
2024-03-31 04:00:00;NORTE;NORDESTE;4632.961
2024-03-31 05:00:00;NORTE;NORDESTE;4699.071
2024-03-31 06:00:00;NORTE;NORDESTE;3417.63
2024-03-31 07:00:00;NORTE;NORDESTE;1883.139
2024-03-31 08:00:00;NORTE;NORDESTE;1270.179
2024-03-31 09:00:00;NORTE;NORDESTE;648.37699999
2024-03-31 10:00:00;NORTE;NORDESTE;551.048
2024-03-31 11:00:00;NORTE;NORDESTE;263.512
2024-03-31 12:00:00;NORTE;NORDESTE;44.636
2024-03-31 13:00:00;NORTE;NORDESTE;136.447
2024-03-31 14:00:00;NORTE;NORDESTE;729.446
2024-03-31 15:00:00;NORTE;NORDESTE;1846.677
2024-03-31 16:00:00;NORTE;NORDESTE;3360.145
2024-03-31 17:00:00;NORTE;NORDESTE;3814.024
2024-03-31 18:00:00;NORTE;NORDESTE;3443.08599999
2024-03-31 19:00:00;NORTE;NORDESTE;3132.104
2024-03-31 20:00:00;NORTE;NORDESTE;3311.027
2024-03-31 21:00:00;NORTE;NORDESTE;3434.357
2024-03-31 22:00:00;NORTE;NORDESTE;3701.624
2024-03-31 23:00:00;NORTE;NORDESTE;3910.968
2024-04-01 00:00:00;NORTE;NORDESTE;3745.751
2024-04-01 01:00:00;NORTE;NORDESTE;3181.92299999
2024-04-01 02:00:00;NORTE;NORDESTE;3050.551
2024-04-01 03:00:00;NORTE;NORDESTE;3617.161
2024-04-01 04:00:00;NORTE;NORDESTE;3856.298
2024-04-01 05:00:00;NORTE;NORDESTE;3911.343
2024-04-01 06:00:00;NORTE;NORDESTE;3702.4
2024-04-01 07:00:00;NORTE;NORDESTE;2879.95
2024-04-01 08:00:00;NORTE;NORDESTE;2711.082
2024-04-01 09:00:00;NORTE;NORDESTE;2465.68199999
2024-04-01 10:00:00;NORTE;NORDESTE;2293.543
2024-04-01 11:00:00;NORTE;NORDESTE;2122.436
2024-04-01 12:00:00;NORTE;NORDESTE;1961.176
2024-04-01 13:00:00;NORTE;NORDESTE;1871.462
2024-04-01 14:00:00;NORTE;NORDESTE;2119.036
2024-04-01 15:00:00;NORTE;NORDESTE;2964.811
2024-04-01 16:00:00;NORTE;NORDESTE;3281.677
2024-04-01 17:00:00;NORTE;NORDESTE;3739.659
2024-04-01 18:00:00;NORTE;NORDESTE;4018.899
2024-04-01 19:00:00;NORTE;NORDESTE;3882.048
2024-04-01 20:00:00;NORTE;NORDESTE;4099.992
2024-04-01 21:00:00;NORTE;NORDESTE;4482.256
2024-04-01 22:00:00;NORTE;NORDESTE;4554.88199999
2024-04-01 23:00:00;NORTE;NORDESTE;4804.183
2024-04-02 00:00:00;NORTE;NORDESTE;4942.339
2024-04-02 01:00:00;NORTE;NORDESTE;4514.902
2024-04-02 02:00:00;NORTE;NORDESTE;4444.242
2024-04-02 03:00:00;NORTE;NORDESTE;4497.202
2024-04-02 04:00:00;NORTE;NORDESTE;4591.247
2024-04-02 05:00:00;NORTE;NORDESTE;4611.036
2024-04-02 06:00:00;NORTE;NORDESTE;4053.905
2024-04-02 07:00:00;NORTE;NORDESTE;3412.783
2024-04-02 08:00:00;NORTE;NORDESTE;3411.412
2024-04-02 09:00:00;NORTE;NORDESTE;3419.447
2024-04-02 10:00:00;NORTE;NORDESTE;3690.083
2024-04-02 11:00:00;NORTE;NORDESTE;3693.869
2024-04-02 12:00:00;NORTE;NORDESTE;3844.478
2024-04-02 13:00:00;NORTE;NORDESTE;3809.161
2024-04-02 14:00:00;NORTE;NORDESTE;3844.388
2024-04-02 15:00:00;NORTE;NORDESTE;3804.626
2024-04-02 16:00:00;NORTE;NORDESTE;4514.881
2024-04-02 17:00:00;NORTE;NORDESTE;4922.768
2024-04-02 18:00:00;NORTE;NORDESTE;5176.762
2024-04-02 19:00:00;NORTE;NORDESTE;5089.36399999
2024-04-02 20:00:00;NORTE;NORDESTE;5083.537
2024-04-02 21:00:00;NORTE;NORDESTE;5059.776
2024-04-02 22:00:00;NORTE;NORDESTE;5052.289
2024-04-02 23:00:00;NORTE;NORDESTE;5043.894
2024-04-03 00:00:00;NORTE;NORDESTE;5352.406
2024-04-03 01:00:00;NORTE;NORDESTE;4978.737
2024-04-03 02:00:00;NORTE;NORDESTE;4828.972
2024-04-03 03:00:00;NORTE;NORDESTE;4648.39999999
2024-04-03 04:00:00;NORTE;NORDESTE;4506.075
2024-04-03 05:00:00;NORTE;NORDESTE;4183.563
2024-04-03 06:00:00;NORTE;NORDESTE;3445.895
2024-04-03 07:00:00;NORTE;NORDESTE;2904.669
2024-04-03 08:00:00;NORTE;NORDESTE;2617.112
2024-04-03 09:00:00;NORTE;NORDESTE;2542.762
2024-04-03 10:00:00;NORTE;NORDESTE;2610.48999999
2024-04-03 11:00:00;NORTE;NORDESTE;2816.029
2024-04-03 12:00:00;NORTE;NORDESTE;2303.333
2024-04-03 13:00:00;NORTE;NORDESTE;2389.736
2024-04-03 14:00:00;NORTE;NORDESTE;2731.215
2024-04-03 15:00:00;NORTE;NORDESTE;3232.208
2024-04-03 16:00:00;NORTE;NORDESTE;3882.827
2024-04-03 17:00:00;NORTE;NORDESTE;4233.133
2024-04-03 18:00:00;NORTE;NORDESTE;4518.785
2024-04-03 19:00:00;NORTE;NORDESTE;4418.745
2024-04-03 20:00:00;NORTE;NORDESTE;4441.374
2024-04-03 21:00:00;NORTE;NORDESTE;4736.017
2024-04-03 22:00:00;NORTE;NORDESTE;4807.707
2024-04-03 23:00:00;NORTE;NORDESTE;5283.417
2024-04-04 00:00:00;NORTE;NORDESTE;5797.785
2024-04-04 01:00:00;NORTE;NORDESTE;5404.85
2024-04-04 02:00:00;NORTE;NORDESTE;4761.823
2024-04-04 03:00:00;NORTE;NORDESTE;4641.545
2024-04-04 04:00:00;NORTE;NORDESTE;4539.109
2024-04-04 05:00:00;NORTE;NORDESTE;4403.292
2024-04-04 06:00:00;NORTE;NORDESTE;3755.306
2024-04-04 07:00:00;NORTE;NORDESTE;3221.861
2024-04-04 08:00:00;NORTE;NORDESTE;3183.331
2024-04-04 09:00:00;NORTE;NORDESTE;3110.522
2024-04-04 10:00:00;NORTE;NORDESTE;3030.283
2024-04-04 11:00:00;NORTE;NORDESTE;3118.891
2024-04-04 12:00:00;NORTE;NORDESTE;3128.795
2024-04-04 13:00:00;NORTE;NORDESTE;2906.928
2024-04-04 14:00:00;NORTE;NORDESTE;3325.112
2024-04-04 15:00:00;NORTE;NORDESTE;3113.515
2024-04-04 16:00:00;NORTE;NORDESTE;3409.36499999
2024-04-04 17:00:00;NORTE;NORDESTE;3661.447
2024-04-04 18:00:00;NORTE;NORDESTE;3642.736
2024-04-04 19:00:00;NORTE;NORDESTE;3314.788
2024-04-04 20:00:00;NORTE;NORDESTE;3339.626
2024-04-04 21:00:00;NORTE;NORDESTE;3343.54799999
2024-04-04 22:00:00;NORTE;NORDESTE;3367.81599999
2024-04-04 23:00:00;NORTE;NORDESTE;3315.849
2024-04-05 00:00:00;NORTE;NORDESTE;2972.251
2024-04-05 01:00:00;NORTE;NORDESTE;2433.205
2024-04-05 02:00:00;NORTE;NORDESTE;1919.259
2024-04-05 03:00:00;NORTE;NORDESTE;2095.562
2024-04-05 04:00:00;NORTE;NORDESTE;2624.00799999
2024-04-05 05:00:00;NORTE;NORDESTE;3042.34499999
2024-04-05 06:00:00;NORTE;NORDESTE;2722.713
2024-04-05 07:00:00;NORTE;NORDESTE;2128.41
2024-04-05 08:00:00;NORTE;NORDESTE;1650.982
2024-04-05 09:00:00;NORTE;NORDESTE;850.267
2024-04-05 10:00:00;NORTE;NORDESTE;352.649
2024-04-05 11:00:00;NORTE;NORDESTE;763.419
2024-04-05 12:00:00;NORTE;NORDESTE;927.236
2024-04-05 13:00:00;NORTE;NORDESTE;1393.772
2024-04-05 14:00:00;NORTE;NORDESTE;2046.567
2024-04-05 15:00:00;NORTE;NORDESTE;2142.433
2024-04-05 16:00:00;NORTE;NORDESTE;3072.521
2024-04-05 17:00:00;NORTE;NORDESTE;2897.997
2024-04-05 18:00:00;NORTE;NORDESTE;2757.448
2024-04-05 19:00:00;NORTE;NORDESTE;2057.083
2024-04-05 20:00:00;NORTE;NORDESTE;1746.002
2024-04-05 21:00:00;NORTE;NORDESTE;1852.4
2024-04-05 22:00:00;NORTE;NORDESTE;2138.895
2024-04-05 23:00:00;NORTE;NORDESTE;2378.141
2024-04-06 00:00:00;NORTE;NORDESTE;2328.449
2024-04-06 01:00:00;NORTE;NORDESTE;2096.46799999
2024-04-06 02:00:00;NORTE;NORDESTE;1800.671
2024-04-06 03:00:00;NORTE;NORDESTE;1681.842
2024-04-06 04:00:00;NORTE;NORDESTE;1720.509
2024-04-06 05:00:00;NORTE;NORDESTE;1398.898
2024-04-06 06:00:00;NORTE;NORDESTE;465.053
2024-04-06 07:00:00;NORTE;NORDESTE;-183.835
2024-04-06 08:00:00;NORTE;NORDESTE;-827.707
2024-04-06 09:00:00;NORTE;NORDESTE;-1147.711
2024-04-06 10:00:00;NORTE;NORDESTE;-1181.79299999
2024-04-06 11:00:00;NORTE;NORDESTE;-619.113
2024-04-06 12:00:00;NORTE;NORDESTE;-617.503
2024-04-06 13:00:00;NORTE;NORDESTE;-533.612
2024-04-06 14:00:00;NORTE;NORDESTE;457.34
2024-04-06 15:00:00;NORTE;NORDESTE;897.521
2024-04-06 16:00:00;NORTE;NORDESTE;1467.81
2024-04-06 17:00:00;NORTE;NORDESTE;2674.015
2024-04-06 18:00:00;NORTE;NORDESTE;2421.54799999
2024-04-06 19:00:00;NORTE;NORDESTE;1806.487
2024-04-06 20:00:00;NORTE;NORDESTE;1537.40799999
2024-04-06 21:00:00;NORTE;NORDESTE;1305.708
2024-04-06 22:00:00;NORTE;NORDESTE;1152.489
2024-04-06 23:00:00;NORTE;NORDESTE;1113.222
2024-04-07 00:00:00;NORTE;NORDESTE;840.752
2024-04-07 01:00:00;NORTE;NORDESTE;779.593
2024-04-07 02:00:00;NORTE;NORDESTE;670.041
2024-04-07 03:00:00;NORTE;NORDESTE;820.916
2024-04-07 04:00:00;NORTE;NORDESTE;1006.9
2024-04-07 05:00:00;NORTE;NORDESTE;899.615
2024-04-07 06:00:00;NORTE;NORDESTE;8.567
2024-04-07 07:00:00;NORTE;NORDESTE;-1408.888
2024-04-07 08:00:00;NORTE;NORDESTE;-2235.427
2024-04-07 09:00:00;NORTE;NORDESTE;-2157.55
2024-04-07 10:00:00;NORTE;NORDESTE;-1717.838
2024-04-07 11:00:00;NORTE;NORDESTE;-1103.228
2024-04-07 12:00:00;NORTE;NORDESTE;-1080.536
2024-04-07 13:00:00;NORTE;NORDESTE;-535.89
2024-04-07 14:00:00;NORTE;NORDESTE;12.731
2024-04-07 15:00:00;NORTE;NORDESTE;664.089
2024-04-07 16:00:00;NORTE;NORDESTE;1911.486
2024-04-07 17:00:00;NORTE;NORDESTE;2481.23999999
2024-04-07 18:00:00;NORTE;NORDESTE;1827.722
2024-04-07 19:00:00;NORTE;NORDESTE;766.826
2024-04-07 20:00:00;NORTE;NORDESTE;371.514
2024-04-07 21:00:00;NORTE;NORDESTE;133.558
2024-04-07 22:00:00;NORTE;NORDESTE;-92.765
2024-04-07 23:00:00;NORTE;NORDESTE;-498.665
2024-04-08 00:00:00;NORTE;NORDESTE;-734.181
2024-04-08 01:00:00;NORTE;NORDESTE;-1106.656
2024-04-08 02:00:00;NORTE;NORDESTE;-1146.729
2024-04-08 03:00:00;NORTE;NORDESTE;-1258.61999999
2024-04-08 04:00:00;NORTE;NORDESTE;-1215.951
2024-04-08 05:00:00;NORTE;NORDESTE;-1198.661
2024-04-08 06:00:00;NORTE;NORDESTE;-2001.663
2024-04-08 07:00:00;NORTE;NORDESTE;-2716.849
2024-04-08 08:00:00;NORTE;NORDESTE;-2263.937
2024-04-08 09:00:00;NORTE;NORDESTE;-2358.46999999
2024-04-08 10:00:00;NORTE;NORDESTE;-1954.414
2024-04-08 11:00:00;NORTE;NORDESTE;-669.239
2024-04-08 12:00:00;NORTE;NORDESTE;62.312
2024-04-08 13:00:00;NORTE;NORDESTE;855.02
2024-04-08 14:00:00;NORTE;NORDESTE;1298.153
2024-04-08 15:00:00;NORTE;NORDESTE;2080.09499999
2024-04-08 16:00:00;NORTE;NORDESTE;2976.244
2024-04-08 17:00:00;NORTE;NORDESTE;3608.172
2024-04-08 18:00:00;NORTE;NORDESTE;3351.195
2024-04-08 19:00:00;NORTE;NORDESTE;2529.227
2024-04-08 20:00:00;NORTE;NORDESTE;1994.025
2024-04-08 21:00:00;NORTE;NORDESTE;1972.843
2024-04-08 22:00:00;NORTE;NORDESTE;2158.25
2024-04-08 23:00:00;NORTE;NORDESTE;2257.935
2024-04-09 00:00:00;NORTE;NORDESTE;2288.043
2024-04-09 01:00:00;NORTE;NORDESTE;2381.636
2024-04-09 02:00:00;NORTE;NORDESTE;2353.542
2024-04-09 03:00:00;NORTE;NORDESTE;2461.168
2024-04-09 04:00:00;NORTE;NORDESTE;2440.05
2024-04-09 05:00:00;NORTE;NORDESTE;2267.156
2024-04-09 06:00:00;NORTE;NORDESTE;1602.429
2024-04-09 07:00:00;NORTE;NORDESTE;819.695
2024-04-09 08:00:00;NORTE;NORDESTE;162.25
2024-04-09 09:00:00;NORTE;NORDESTE;173.326
2024-04-09 10:00:00;NORTE;NORDESTE;294.942
2024-04-09 11:00:00;NORTE;NORDESTE;630.583
2024-04-09 12:00:00;NORTE;NORDESTE;961.047
2024-04-09 13:00:00;NORTE;NORDESTE;1033.577
2024-04-09 14:00:00;NORTE;NORDESTE;1913.49
2024-04-09 15:00:00;NORTE;NORDESTE;1493.849
2024-04-09 16:00:00;NORTE;NORDESTE;2078.925
2024-04-09 17:00:00;NORTE;NORDESTE;2580.411
2024-04-09 18:00:00;NORTE;NORDESTE;2985.732
2024-04-09 19:00:00;NORTE;NORDESTE;2911.727
2024-04-09 20:00:00;NORTE;NORDESTE;2709.74899999
2024-04-09 21:00:00;NORTE;NORDESTE;2494.826
2024-04-09 22:00:00;NORTE;NORDESTE;2030.454
2024-04-09 23:00:00;NORTE;NORDESTE;1828.318
2024-04-10 00:00:00;NORTE;NORDESTE;1528.949
2024-04-10 01:00:00;NORTE;NORDESTE;1371.224
2024-04-10 02:00:00;NORTE;NORDESTE;1413.321
2024-04-10 03:00:00;NORTE;NORDESTE;1722.76399999
2024-04-10 04:00:00;NORTE;NORDESTE;1959.801
2024-04-10 05:00:00;NORTE;NORDESTE;2478.214
2024-04-10 06:00:00;NORTE;NORDESTE;2426.95899999
2024-04-10 07:00:00;NORTE;NORDESTE;1921.265
2024-04-10 08:00:00;NORTE;NORDESTE;1546.635
2024-04-10 09:00:00;NORTE;NORDESTE;1528.107
2024-04-10 10:00:00;NORTE;NORDESTE;1425.512
2024-04-10 11:00:00;NORTE;NORDESTE;1380.978
2024-04-10 12:00:00;NORTE;NORDESTE;1275.291
2024-04-10 13:00:00;NORTE;NORDESTE;1398.375
2024-04-10 14:00:00;NORTE;NORDESTE;1707.181
2024-04-10 15:00:00;NORTE;NORDESTE;874.207
2024-04-10 16:00:00;NORTE;NORDESTE;2346.045
2024-04-10 17:00:00;NORTE;NORDESTE;3768.967
2024-04-10 18:00:00;NORTE;NORDESTE;3822.268
2024-04-10 19:00:00;NORTE;NORDESTE;3290.29
2024-04-10 20:00:00;NORTE;NORDESTE;3145.347
2024-04-10 21:00:00;NORTE;NORDESTE;3102.804
2024-04-10 22:00:00;NORTE;NORDESTE;2822.094
2024-04-10 23:00:00;NORTE;NORDESTE;2749.419
2024-04-11 00:00:00;NORTE;NORDESTE;3068.39399999
2024-04-11 01:00:00;NORTE;NORDESTE;3549.024
2024-04-11 02:00:00;NORTE;NORDESTE;3716.353
2024-04-11 03:00:00;NORTE;NORDESTE;3326.77
2024-04-11 04:00:00;NORTE;NORDESTE;3405.194
2024-04-11 05:00:00;NORTE;NORDESTE;3553.316
2024-04-11 06:00:00;NORTE;NORDESTE;3160.376
2024-04-11 07:00:00;NORTE;NORDESTE;2463.358
2024-04-11 08:00:00;NORTE;NORDESTE;2139.764
2024-04-11 09:00:00;NORTE;NORDESTE;1831.67
2024-04-11 10:00:00;NORTE;NORDESTE;1954.443
2024-04-11 11:00:00;NORTE;NORDESTE;1893.852
2024-04-11 12:00:00;NORTE;NORDESTE;1534.455
2024-04-11 13:00:00;NORTE;NORDESTE;1567.075
2024-04-11 14:00:00;NORTE;NORDESTE;1846.666
2024-04-11 15:00:00;NORTE;NORDESTE;1490.111
2024-04-11 16:00:00;NORTE;NORDESTE;2083.203
2024-04-11 17:00:00;NORTE;NORDESTE;2852.583
2024-04-11 18:00:00;NORTE;NORDESTE;3230.439
2024-04-11 19:00:00;NORTE;NORDESTE;2370.014
2024-04-11 20:00:00;NORTE;NORDESTE;1898.41
2024-04-11 21:00:00;NORTE;NORDESTE;1719.912
2024-04-11 22:00:00;NORTE;NORDESTE;1271.287
2024-04-11 23:00:00;NORTE;NORDESTE;1372.462
2024-04-12 00:00:00;NORTE;NORDESTE;2126.658
2024-04-12 01:00:00;NORTE;NORDESTE;2533.88
2024-04-12 02:00:00;NORTE;NORDESTE;2292.492
2024-04-12 03:00:00;NORTE;NORDESTE;2475.88299999
2024-04-12 04:00:00;NORTE;NORDESTE;2425.55
2024-04-12 05:00:00;NORTE;NORDESTE;2307.745
2024-04-12 06:00:00;NORTE;NORDESTE;2094.483
2024-04-12 07:00:00;NORTE;NORDESTE;1146.555
2024-04-12 08:00:00;NORTE;NORDESTE;208.65799999
2024-04-12 09:00:00;NORTE;NORDESTE;-260.918
2024-04-12 10:00:00;NORTE;NORDESTE;-401.509
2024-04-12 11:00:00;NORTE;NORDESTE;-493.519
2024-04-12 12:00:00;NORTE;NORDESTE;-586.10299999
2024-04-12 13:00:00;NORTE;NORDESTE;220.213
2024-04-12 14:00:00;NORTE;NORDESTE;543.65099999
2024-04-12 15:00:00;NORTE;NORDESTE;971.96
2024-04-12 16:00:00;NORTE;NORDESTE;1599.496
2024-04-12 17:00:00;NORTE;NORDESTE;2022.638
2024-04-12 18:00:00;NORTE;NORDESTE;2106.755
2024-04-12 19:00:00;NORTE;NORDESTE;1348.688
2024-04-12 20:00:00;NORTE;NORDESTE;676.28599999
2024-04-12 21:00:00;NORTE;NORDESTE;756.792
2024-04-12 22:00:00;NORTE;NORDESTE;736.734
2024-04-12 23:00:00;NORTE;NORDESTE;957.363
2024-04-13 00:00:00;NORTE;NORDESTE;1541.249
2024-04-13 01:00:00;NORTE;NORDESTE;1196.823
2024-04-13 02:00:00;NORTE;NORDESTE;869.155
2024-04-13 03:00:00;NORTE;NORDESTE;714.69
2024-04-13 04:00:00;NORTE;NORDESTE;733.187
2024-04-13 05:00:00;NORTE;NORDESTE;427.892
2024-04-13 06:00:00;NORTE;NORDESTE;-264.769
2024-04-13 07:00:00;NORTE;NORDESTE;-1822.654
2024-04-13 08:00:00;NORTE;NORDESTE;-2880.31
2024-04-13 09:00:00;NORTE;NORDESTE;-3188.074
2024-04-13 10:00:00;NORTE;NORDESTE;-3077.84499999
2024-04-13 11:00:00;NORTE;NORDESTE;-2723.759
2024-04-13 12:00:00;NORTE;NORDESTE;-2031.154
2024-04-13 13:00:00;NORTE;NORDESTE;-1352.993
2024-04-13 14:00:00;NORTE;NORDESTE;-1207.61999999
2024-04-13 15:00:00;NORTE;NORDESTE;-1267.83
2024-04-13 16:00:00;NORTE;NORDESTE;-437.673
2024-04-13 17:00:00;NORTE;NORDESTE;1104.574
2024-04-13 18:00:00;NORTE;NORDESTE;1424.246
2024-04-13 19:00:00;NORTE;NORDESTE;439.383
2024-04-13 20:00:00;NORTE;NORDESTE;-190.589
2024-04-13 21:00:00;NORTE;NORDESTE;-972.128
2024-04-13 22:00:00;NORTE;NORDESTE;-989.908
2024-04-13 23:00:00;NORTE;NORDESTE;-975.692
2024-04-14 00:00:00;NORTE;NORDESTE;-470.639
2024-04-14 01:00:00;NORTE;NORDESTE;-174.25
2024-04-14 02:00:00;NORTE;NORDESTE;-162.839
2024-04-14 03:00:00;NORTE;NORDESTE;-253.304
2024-04-14 04:00:00;NORTE;NORDESTE;-45.79
2024-04-14 05:00:00;NORTE;NORDESTE;1.066
2024-04-14 06:00:00;NORTE;NORDESTE;-818.717
2024-04-14 07:00:00;NORTE;NORDESTE;-2635.01699999
2024-04-14 08:00:00;NORTE;NORDESTE;-4329.358
2024-04-14 09:00:00;NORTE;NORDESTE;-3994.111
2024-04-14 10:00:00;NORTE;NORDESTE;-3513.059
2024-04-14 11:00:00;NORTE;NORDESTE;-2479.867
2024-04-14 12:00:00;NORTE;NORDESTE;-1903.343
2024-04-14 13:00:00;NORTE;NORDESTE;-1484.057
2024-04-14 14:00:00;NORTE;NORDESTE;-1106.009
2024-04-14 15:00:00;NORTE;NORDESTE;-179.744
2024-04-14 16:00:00;NORTE;NORDESTE;1034.463
2024-04-14 17:00:00;NORTE;NORDESTE;1756.47
2024-04-14 18:00:00;NORTE;NORDESTE;1234.64
2024-04-14 19:00:00;NORTE;NORDESTE;440.347
2024-04-14 20:00:00;NORTE;NORDESTE;692.743
2024-04-14 21:00:00;NORTE;NORDESTE;609.409
2024-04-14 22:00:00;NORTE;NORDESTE;236.272
2024-04-14 23:00:00;NORTE;NORDESTE;113.188
2024-04-15 00:00:00;NORTE;NORDESTE;-60.891
2024-04-15 01:00:00;NORTE;NORDESTE;-336.467
2024-04-15 02:00:00;NORTE;NORDESTE;-469.836
2024-04-15 03:00:00;NORTE;NORDESTE;-361.162
2024-04-15 04:00:00;NORTE;NORDESTE;-225.799
2024-04-15 05:00:00;NORTE;NORDESTE;-4.724
2024-04-15 06:00:00;NORTE;NORDESTE;-981.057
2024-04-15 07:00:00;NORTE;NORDESTE;-2163.427
2024-04-15 08:00:00;NORTE;NORDESTE;-2247.791
2024-04-15 09:00:00;NORTE;NORDESTE;-2309.326
2024-04-15 10:00:00;NORTE;NORDESTE;-2258.399
2024-04-15 11:00:00;NORTE;NORDESTE;-1296.586
2024-04-15 12:00:00;NORTE;NORDESTE;-1278.247
2024-04-15 13:00:00;NORTE;NORDESTE;-178.231
2024-04-15 14:00:00;NORTE;NORDESTE;1070.626
2024-04-15 15:00:00;NORTE;NORDESTE;1723.054
2024-04-15 16:00:00;NORTE;NORDESTE;2366.131
2024-04-15 17:00:00;NORTE;NORDESTE;2688.472
2024-04-15 18:00:00;NORTE;NORDESTE;1902.306
2024-04-15 19:00:00;NORTE;NORDESTE;1006.601
2024-04-15 20:00:00;NORTE;NORDESTE;579.22799999
2024-04-15 21:00:00;NORTE;NORDESTE;363.478
2024-04-15 22:00:00;NORTE;NORDESTE;-33.226
2024-04-15 23:00:00;NORTE;NORDESTE;-130.088
2024-04-16 00:00:00;NORTE;NORDESTE;-11.187
2024-04-16 01:00:00;NORTE;NORDESTE;186.13
2024-04-16 02:00:00;NORTE;NORDESTE;-36.79099999
2024-04-16 03:00:00;NORTE;NORDESTE;-129.01499999
2024-04-16 04:00:00;NORTE;NORDESTE;-72.449
2024-04-16 05:00:00;NORTE;NORDESTE;-42.703
2024-04-16 06:00:00;NORTE;NORDESTE;-1255.691
2024-04-16 07:00:00;NORTE;NORDESTE;-1696.018
2024-04-16 08:00:00;NORTE;NORDESTE;-1497.75
2024-04-16 09:00:00;NORTE;NORDESTE;-1515.523
2024-04-16 10:00:00;NORTE;NORDESTE;-1371.54299999
2024-04-16 11:00:00;NORTE;NORDESTE;-772.299
2024-04-16 12:00:00;NORTE;NORDESTE;-610.452
2024-04-16 13:00:00;NORTE;NORDESTE;243.725
2024-04-16 14:00:00;NORTE;NORDESTE;-1.5
2024-04-16 15:00:00;NORTE;NORDESTE;682.77599999
2024-04-16 16:00:00;NORTE;NORDESTE;1330.337
2024-04-16 17:00:00;NORTE;NORDESTE;2007.162
2024-04-16 18:00:00;NORTE;NORDESTE;1614.892
2024-04-16 19:00:00;NORTE;NORDESTE;402.015
2024-04-16 20:00:00;NORTE;NORDESTE;-426.614
2024-04-16 21:00:00;NORTE;NORDESTE;-577.438
2024-04-16 22:00:00;NORTE;NORDESTE;-898.088
2024-04-16 23:00:00;NORTE;NORDESTE;-583.717
2024-04-17 00:00:00;NORTE;NORDESTE;92.072
2024-04-17 01:00:00;NORTE;NORDESTE;403.356
2024-04-17 02:00:00;NORTE;NORDESTE;10.271
2024-04-17 03:00:00;NORTE;NORDESTE;-283.271
2024-04-17 04:00:00;NORTE;NORDESTE;-308.593
2024-04-17 05:00:00;NORTE;NORDESTE;-284.59699999
2024-04-17 06:00:00;NORTE;NORDESTE;-849.217
2024-04-17 07:00:00;NORTE;NORDESTE;-1705.547
2024-04-17 08:00:00;NORTE;NORDESTE;-2473.331
2024-04-17 09:00:00;NORTE;NORDESTE;-2555.294
2024-04-17 10:00:00;NORTE;NORDESTE;-2023.428
2024-04-17 11:00:00;NORTE;NORDESTE;-1163.256
2024-04-17 12:00:00;NORTE;NORDESTE;-1083.31099999
2024-04-17 13:00:00;NORTE;NORDESTE;-166.693
2024-04-17 14:00:00;NORTE;NORDESTE;741.001
2024-04-17 15:00:00;NORTE;NORDESTE;1547.13
2024-04-17 16:00:00;NORTE;NORDESTE;2598.262
2024-04-17 17:00:00;NORTE;NORDESTE;2881.672
2024-04-17 18:00:00;NORTE;NORDESTE;2300.571
2024-04-17 19:00:00;NORTE;NORDESTE;1524.934
2024-04-17 20:00:00;NORTE;NORDESTE;716.725
2024-04-17 21:00:00;NORTE;NORDESTE;341.331
2024-04-17 22:00:00;NORTE;NORDESTE;254.814
2024-04-17 23:00:00;NORTE;NORDESTE;396.26
2024-04-18 00:00:00;NORTE;NORDESTE;469.616
2024-04-18 01:00:00;NORTE;NORDESTE;677.125
2024-04-18 02:00:00;NORTE;NORDESTE;931.526
2024-04-18 03:00:00;NORTE;NORDESTE;764.593
2024-04-18 04:00:00;NORTE;NORDESTE;796.942
2024-04-18 05:00:00;NORTE;NORDESTE;953.075
2024-04-18 06:00:00;NORTE;NORDESTE;478.701
2024-04-18 07:00:00;NORTE;NORDESTE;-227.594
2024-04-18 08:00:00;NORTE;NORDESTE;-437.021
2024-04-18 09:00:00;NORTE;NORDESTE;-828.659
2024-04-18 10:00:00;NORTE;NORDESTE;-523.274
2024-04-18 11:00:00;NORTE;NORDESTE;-69.676
2024-04-18 12:00:00;NORTE;NORDESTE;35.182
2024-04-18 13:00:00;NORTE;NORDESTE;885.842
2024-04-18 14:00:00;NORTE;NORDESTE;1764.086
2024-04-18 15:00:00;NORTE;NORDESTE;2857.388
2024-04-18 16:00:00;NORTE;NORDESTE;4194.804
2024-04-18 17:00:00;NORTE;NORDESTE;4106.533
2024-04-18 18:00:00;NORTE;NORDESTE;3725.634
2024-04-18 19:00:00;NORTE;NORDESTE;3548.872
2024-04-18 20:00:00;NORTE;NORDESTE;3153.71099999
2024-04-18 21:00:00;NORTE;NORDESTE;2901.09
2024-04-18 22:00:00;NORTE;NORDESTE;2617.552
2024-04-18 23:00:00;NORTE;NORDESTE;2613.429
2024-04-19 00:00:00;NORTE;NORDESTE;2373.703
2024-04-19 01:00:00;NORTE;NORDESTE;2440.28
2024-04-19 02:00:00;NORTE;NORDESTE;2098.551
2024-04-19 03:00:00;NORTE;NORDESTE;2009.984
2024-04-19 04:00:00;NORTE;NORDESTE;1760.96599999
2024-04-19 05:00:00;NORTE;NORDESTE;1725.749
2024-04-19 06:00:00;NORTE;NORDESTE;709.683
2024-04-19 07:00:00;NORTE;NORDESTE;-132.434
2024-04-19 08:00:00;NORTE;NORDESTE;-960.918
2024-04-19 09:00:00;NORTE;NORDESTE;-1157.817
2024-04-19 10:00:00;NORTE;NORDESTE;-839.268
2024-04-19 11:00:00;NORTE;NORDESTE;-188.899
2024-04-19 12:00:00;NORTE;NORDESTE;289.38
2024-04-19 13:00:00;NORTE;NORDESTE;1452.057
2024-04-19 14:00:00;NORTE;NORDESTE;2205.398
2024-04-19 15:00:00;NORTE;NORDESTE;2851.039
2024-04-19 16:00:00;NORTE;NORDESTE;3895.473
2024-04-19 17:00:00;NORTE;NORDESTE;4130.093
2024-04-19 18:00:00;NORTE;NORDESTE;3131.308
2024-04-19 19:00:00;NORTE;NORDESTE;1805.805
2024-04-19 20:00:00;NORTE;NORDESTE;1040.69699999
2024-04-19 21:00:00;NORTE;NORDESTE;473.342
2024-04-19 22:00:00;NORTE;NORDESTE;-202.624
2024-04-19 23:00:00;NORTE;NORDESTE;-210.091
2024-04-20 00:00:00;NORTE;NORDESTE;25.629
2024-04-20 01:00:00;NORTE;NORDESTE;58.565
2024-04-20 02:00:00;NORTE;NORDESTE;-132.525
2024-04-20 03:00:00;NORTE;NORDESTE;-362.549
2024-04-20 04:00:00;NORTE;NORDESTE;-181.407
2024-04-20 05:00:00;NORTE;NORDESTE;281.51799999
2024-04-20 06:00:00;NORTE;NORDESTE;-496.788
2024-04-20 07:00:00;NORTE;NORDESTE;-2087.539
2024-04-20 08:00:00;NORTE;NORDESTE;-2278.096
2024-04-20 09:00:00;NORTE;NORDESTE;-2027.986
2024-04-20 10:00:00;NORTE;NORDESTE;-1852.537
2024-04-20 11:00:00;NORTE;NORDESTE;-1523.468
2024-04-20 12:00:00;NORTE;NORDESTE;-1272.249
2024-04-20 13:00:00;NORTE;NORDESTE;-712.593
2024-04-20 14:00:00;NORTE;NORDESTE;318.97699999
2024-04-20 15:00:00;NORTE;NORDESTE;1555.754
2024-04-20 16:00:00;NORTE;NORDESTE;1918.582
2024-04-20 17:00:00;NORTE;NORDESTE;2526.945
2024-04-20 18:00:00;NORTE;NORDESTE;1752.859
2024-04-20 19:00:00;NORTE;NORDESTE;565.016
2024-04-20 20:00:00;NORTE;NORDESTE;106.805
2024-04-20 21:00:00;NORTE;NORDESTE;-162.711
2024-04-20 22:00:00;NORTE;NORDESTE;-522.328
2024-04-20 23:00:00;NORTE;NORDESTE;-309.03699999
2024-04-21 00:00:00;NORTE;NORDESTE;-19.13
2024-04-21 01:00:00;NORTE;NORDESTE;137.454
2024-04-21 02:00:00;NORTE;NORDESTE;166.895
2024-04-21 03:00:00;NORTE;NORDESTE;-99.4
2024-04-21 04:00:00;NORTE;NORDESTE;-355.047
2024-04-21 05:00:00;NORTE;NORDESTE;-1053.459
2024-04-21 06:00:00;NORTE;NORDESTE;-2667.402
2024-04-21 07:00:00;NORTE;NORDESTE;-3301.811
2024-04-21 08:00:00;NORTE;NORDESTE;-2512.981
2024-04-21 09:00:00;NORTE;NORDESTE;-1449.206
2024-04-21 10:00:00;NORTE;NORDESTE;-1024.477
2024-04-21 11:00:00;NORTE;NORDESTE;-755.581
2024-04-21 12:00:00;NORTE;NORDESTE;-788.747
2024-04-21 13:00:00;NORTE;NORDESTE;-792.35799999
2024-04-21 14:00:00;NORTE;NORDESTE;-670.823
2024-04-21 15:00:00;NORTE;NORDESTE;274.77999999
2024-04-21 16:00:00;NORTE;NORDESTE;1750.03299999
2024-04-21 17:00:00;NORTE;NORDESTE;1752.071
2024-04-21 18:00:00;NORTE;NORDESTE;792.149
2024-04-21 19:00:00;NORTE;NORDESTE;242.833
2024-04-21 20:00:00;NORTE;NORDESTE;-319.258
2024-04-21 21:00:00;NORTE;NORDESTE;-541.84799999
2024-04-21 22:00:00;NORTE;NORDESTE;-472.566
2024-04-21 23:00:00;NORTE;NORDESTE;-60.456
2024-04-22 00:00:00;NORTE;NORDESTE;9.942
2024-04-22 01:00:00;NORTE;NORDESTE;33.097
2024-04-22 02:00:00;NORTE;NORDESTE;53.884
2024-04-22 03:00:00;NORTE;NORDESTE;609.618
2024-04-22 04:00:00;NORTE;NORDESTE;1201.75399999
2024-04-22 05:00:00;NORTE;NORDESTE;1495.546
2024-04-22 06:00:00;NORTE;NORDESTE;843.92999999
2024-04-22 07:00:00;NORTE;NORDESTE;-1036.42699999
2024-04-22 08:00:00;NORTE;NORDESTE;-2005.191
2024-04-22 09:00:00;NORTE;NORDESTE;-2715.596
2024-04-22 10:00:00;NORTE;NORDESTE;-1937.927
2024-04-22 11:00:00;NORTE;NORDESTE;-1465.961
2024-04-22 12:00:00;NORTE;NORDESTE;-1075.429
2024-04-22 13:00:00;NORTE;NORDESTE;-357.445
2024-04-22 14:00:00;NORTE;NORDESTE;645.548
2024-04-22 15:00:00;NORTE;NORDESTE;1436.842
2024-04-22 16:00:00;NORTE;NORDESTE;2316.405
2024-04-22 17:00:00;NORTE;NORDESTE;2369.44099999
2024-04-22 18:00:00;NORTE;NORDESTE;1459.855
2024-04-22 19:00:00;NORTE;NORDESTE;861.308
2024-04-22 20:00:00;NORTE;NORDESTE;508.39
2024-04-22 21:00:00;NORTE;NORDESTE;284.612
2024-04-22 22:00:00;NORTE;NORDESTE;29.116
2024-04-22 23:00:00;NORTE;NORDESTE;151.606
2024-04-23 00:00:00;NORTE;NORDESTE;872.80999999
2024-04-23 01:00:00;NORTE;NORDESTE;1256.434
2024-04-23 02:00:00;NORTE;NORDESTE;1867.094
2024-04-23 03:00:00;NORTE;NORDESTE;2820.18199999
2024-04-23 04:00:00;NORTE;NORDESTE;3207.606
2024-04-23 05:00:00;NORTE;NORDESTE;3179.767
2024-04-23 06:00:00;NORTE;NORDESTE;2522.42999999
2024-04-23 07:00:00;NORTE;NORDESTE;1540.299
2024-04-23 08:00:00;NORTE;NORDESTE;278.745
2024-04-23 09:00:00;NORTE;NORDESTE;231.978
2024-04-23 10:00:00;NORTE;NORDESTE;416.3
2024-04-23 11:00:00;NORTE;NORDESTE;839.571
2024-04-23 12:00:00;NORTE;NORDESTE;1086.871
2024-04-23 13:00:00;NORTE;NORDESTE;1855.108
2024-04-23 14:00:00;NORTE;NORDESTE;2536.71099999
2024-04-23 15:00:00;NORTE;NORDESTE;3027.295
2024-04-23 16:00:00;NORTE;NORDESTE;3573.328
2024-04-23 17:00:00;NORTE;NORDESTE;3372.234
2024-04-23 18:00:00;NORTE;NORDESTE;2626.121
2024-04-23 19:00:00;NORTE;NORDESTE;1320.269
2024-04-23 20:00:00;NORTE;NORDESTE;936.006
2024-04-23 21:00:00;NORTE;NORDESTE;422.068
2024-04-23 22:00:00;NORTE;NORDESTE;167.94
2024-04-23 23:00:00;NORTE;NORDESTE;699.925
2024-04-24 00:00:00;NORTE;NORDESTE;15.46
2024-04-24 01:00:00;NORTE;NORDESTE;-207.464
2024-04-24 02:00:00;NORTE;NORDESTE;205.768
2024-04-24 03:00:00;NORTE;NORDESTE;936.848
2024-04-24 04:00:00;NORTE;NORDESTE;1351.736
2024-04-24 05:00:00;NORTE;NORDESTE;1436.331
2024-04-24 06:00:00;NORTE;NORDESTE;376.51
2024-04-24 07:00:00;NORTE;NORDESTE;-640.743
2024-04-24 08:00:00;NORTE;NORDESTE;-1805.24
2024-04-24 09:00:00;NORTE;NORDESTE;-2578.596
2024-04-24 10:00:00;NORTE;NORDESTE;-1859.551
2024-04-24 11:00:00;NORTE;NORDESTE;-1147.704
2024-04-24 12:00:00;NORTE;NORDESTE;-1186.278
2024-04-24 13:00:00;NORTE;NORDESTE;32.424
2024-04-24 14:00:00;NORTE;NORDESTE;878.554
2024-04-24 15:00:00;NORTE;NORDESTE;2022.993
2024-04-24 16:00:00;NORTE;NORDESTE;3058.95
2024-04-24 17:00:00;NORTE;NORDESTE;3009.411
2024-04-24 18:00:00;NORTE;NORDESTE;2318.60399999
2024-04-24 19:00:00;NORTE;NORDESTE;1582.004
2024-04-24 20:00:00;NORTE;NORDESTE;627.279
2024-04-24 21:00:00;NORTE;NORDESTE;338.88799999
2024-04-24 22:00:00;NORTE;NORDESTE;405.532
2024-04-24 23:00:00;NORTE;NORDESTE;618.94
2024-04-25 00:00:00;NORTE;NORDESTE;285.36
2024-04-25 01:00:00;NORTE;NORDESTE;386.267
2024-04-25 02:00:00;NORTE;NORDESTE;313.807
2024-04-25 03:00:00;NORTE;NORDESTE;164.13399999
2024-04-25 04:00:00;NORTE;NORDESTE;-2.319
2024-04-25 05:00:00;NORTE;NORDESTE;-254.831
2024-04-25 06:00:00;NORTE;NORDESTE;-948.736
2024-04-25 07:00:00;NORTE;NORDESTE;-1916.258
2024-04-25 08:00:00;NORTE;NORDESTE;-2696.312
2024-04-25 09:00:00;NORTE;NORDESTE;-2545.202
2024-04-25 10:00:00;NORTE;NORDESTE;-2338.285
2024-04-25 11:00:00;NORTE;NORDESTE;-1887.902
2024-04-25 12:00:00;NORTE;NORDESTE;-795.297
2024-04-25 13:00:00;NORTE;NORDESTE;5.728
2024-04-25 14:00:00;NORTE;NORDESTE;744.37
2024-04-25 15:00:00;NORTE;NORDESTE;1609.913
2024-04-25 16:00:00;NORTE;NORDESTE;2886.012
2024-04-25 17:00:00;NORTE;NORDESTE;3254.485
2024-04-25 18:00:00;NORTE;NORDESTE;1680.53299999
2024-04-25 19:00:00;NORTE;NORDESTE;593.72799999
2024-04-25 20:00:00;NORTE;NORDESTE;413.71
2024-04-25 21:00:00;NORTE;NORDESTE;265.254
2024-04-25 22:00:00;NORTE;NORDESTE;289.24
2024-04-25 23:00:00;NORTE;NORDESTE;850.10799999
2024-04-26 00:00:00;NORTE;NORDESTE;1250.957
2024-04-26 01:00:00;NORTE;NORDESTE;1034.27399999
2024-04-26 02:00:00;NORTE;NORDESTE;199.669
2024-04-26 03:00:00;NORTE;NORDESTE;-397.595
2024-04-26 04:00:00;NORTE;NORDESTE;-570.485
2024-04-26 05:00:00;NORTE;NORDESTE;-624.221
2024-04-26 06:00:00;NORTE;NORDESTE;-1571.835
2024-04-26 07:00:00;NORTE;NORDESTE;-2308.889
2024-04-26 08:00:00;NORTE;NORDESTE;-2400.522
2024-04-26 09:00:00;NORTE;NORDESTE;-2679.294
2024-04-26 10:00:00;NORTE;NORDESTE;-2449.032
2024-04-26 11:00:00;NORTE;NORDESTE;-1743.411
2024-04-26 12:00:00;NORTE;NORDESTE;-1198.8
2024-04-26 13:00:00;NORTE;NORDESTE;-335.592
2024-04-26 14:00:00;NORTE;NORDESTE;394.846
2024-04-26 15:00:00;NORTE;NORDESTE;1318.22499999
2024-04-26 16:00:00;NORTE;NORDESTE;2207.847
2024-04-26 17:00:00;NORTE;NORDESTE;2528.87
2024-04-26 18:00:00;NORTE;NORDESTE;1661.711
2024-04-26 19:00:00;NORTE;NORDESTE;118.744
2024-04-26 20:00:00;NORTE;NORDESTE;-652.592
2024-04-26 21:00:00;NORTE;NORDESTE;-772.651
2024-04-26 22:00:00;NORTE;NORDESTE;-807.503
2024-04-26 23:00:00;NORTE;NORDESTE;-557.59799999
2024-04-27 00:00:00;NORTE;NORDESTE;-94.764
2024-04-27 01:00:00;NORTE;NORDESTE;-590.297
2024-04-27 02:00:00;NORTE;NORDESTE;-919.217
2024-04-27 03:00:00;NORTE;NORDESTE;-1397.648
2024-04-27 04:00:00;NORTE;NORDESTE;-1575.654
2024-04-27 05:00:00;NORTE;NORDESTE;-1771.152
2024-04-27 06:00:00;NORTE;NORDESTE;-2011.608
2024-04-27 07:00:00;NORTE;NORDESTE;-3059.12399999
2024-04-27 08:00:00;NORTE;NORDESTE;-3502.453
2024-04-27 09:00:00;NORTE;NORDESTE;-3650.365
2024-04-27 10:00:00;NORTE;NORDESTE;-3159.237
2024-04-27 11:00:00;NORTE;NORDESTE;-2746.195
2024-04-27 12:00:00;NORTE;NORDESTE;-3021.521
2024-04-27 13:00:00;NORTE;NORDESTE;-2655.232
2024-04-27 14:00:00;NORTE;NORDESTE;-1587.58
2024-04-27 15:00:00;NORTE;NORDESTE;-1079.16699999
2024-04-27 16:00:00;NORTE;NORDESTE;-107.816
2024-04-27 17:00:00;NORTE;NORDESTE;1571.08
2024-04-27 18:00:00;NORTE;NORDESTE;1684.398
2024-04-27 19:00:00;NORTE;NORDESTE;1118.142
2024-04-27 20:00:00;NORTE;NORDESTE;593.568
2024-04-27 21:00:00;NORTE;NORDESTE;222.95
2024-04-27 22:00:00;NORTE;NORDESTE;22.226
2024-04-27 23:00:00;NORTE;NORDESTE;103.988
2024-04-28 00:00:00;NORTE;NORDESTE;428.264
2024-04-28 01:00:00;NORTE;NORDESTE;104.299
2024-04-28 02:00:00;NORTE;NORDESTE;92.899
2024-04-28 03:00:00;NORTE;NORDESTE;64.20399999
2024-04-28 04:00:00;NORTE;NORDESTE;-394.116
2024-04-28 05:00:00;NORTE;NORDESTE;-480.182
2024-04-28 06:00:00;NORTE;NORDESTE;-1619.897
2024-04-28 07:00:00;NORTE;NORDESTE;-3096.841
2024-04-28 08:00:00;NORTE;NORDESTE;-3089.1
2024-04-28 09:00:00;NORTE;NORDESTE;-3149.736
2024-04-28 10:00:00;NORTE;NORDESTE;-2901.444
2024-04-28 11:00:00;NORTE;NORDESTE;-2542.954
2024-04-28 12:00:00;NORTE;NORDESTE;-2418.433
2024-04-28 13:00:00;NORTE;NORDESTE;-2310.163
2024-04-28 14:00:00;NORTE;NORDESTE;-1121.883
2024-04-28 15:00:00;NORTE;NORDESTE;-220.452
2024-04-28 16:00:00;NORTE;NORDESTE;1324.61899999
2024-04-28 17:00:00;NORTE;NORDESTE;2527.174
2024-04-28 18:00:00;NORTE;NORDESTE;2128.061
2024-04-28 19:00:00;NORTE;NORDESTE;1222.875
2024-04-28 20:00:00;NORTE;NORDESTE;777.321
2024-04-28 21:00:00;NORTE;NORDESTE;847.284
2024-04-28 22:00:00;NORTE;NORDESTE;975.87
2024-04-28 23:00:00;NORTE;NORDESTE;1387.532
2024-04-29 00:00:00;NORTE;NORDESTE;1827.547
2024-04-29 01:00:00;NORTE;NORDESTE;1946.413
2024-04-29 02:00:00;NORTE;NORDESTE;1715.237
2024-04-29 03:00:00;NORTE;NORDESTE;1528.865
2024-04-29 04:00:00;NORTE;NORDESTE;1734.363
2024-04-29 05:00:00;NORTE;NORDESTE;2311.94999999
2024-04-29 06:00:00;NORTE;NORDESTE;1040.969
2024-04-29 07:00:00;NORTE;NORDESTE;-948.037
2024-04-29 08:00:00;NORTE;NORDESTE;-1483.984
2024-04-29 09:00:00;NORTE;NORDESTE;-2058.583
2024-04-29 10:00:00;NORTE;NORDESTE;-2093.034
2024-04-29 11:00:00;NORTE;NORDESTE;-1972.992
2024-04-29 12:00:00;NORTE;NORDESTE;-2077.92099999
2024-04-29 13:00:00;NORTE;NORDESTE;-1071.046
2024-04-29 14:00:00;NORTE;NORDESTE;-34.86099999
2024-04-29 15:00:00;NORTE;NORDESTE;382.712
2024-04-29 16:00:00;NORTE;NORDESTE;1464.595
2024-04-29 17:00:00;NORTE;NORDESTE;1844.954
2024-04-29 18:00:00;NORTE;NORDESTE;1130.944
2024-04-29 19:00:00;NORTE;NORDESTE;-152.383
2024-04-29 20:00:00;NORTE;NORDESTE;-550.296
2024-04-29 21:00:00;NORTE;NORDESTE;-530.24
2024-04-29 22:00:00;NORTE;NORDESTE;-708.852
2024-04-29 23:00:00;NORTE;NORDESTE;-1004.144
2024-04-30 00:00:00;NORTE;NORDESTE;-810.05499999
2024-04-30 01:00:00;NORTE;NORDESTE;-694.365
2024-04-30 02:00:00;NORTE;NORDESTE;-707.501
2024-04-30 03:00:00;NORTE;NORDESTE;-845.143
2024-04-30 04:00:00;NORTE;NORDESTE;-451.66
2024-04-30 05:00:00;NORTE;NORDESTE;-301.879
2024-04-30 06:00:00;NORTE;NORDESTE;-890.596
2024-04-30 07:00:00;NORTE;NORDESTE;-1760.374
2024-04-30 08:00:00;NORTE;NORDESTE;-2188.045
2024-04-30 09:00:00;NORTE;NORDESTE;-1964.67
2024-04-30 10:00:00;NORTE;NORDESTE;-1388.042
2024-04-30 11:00:00;NORTE;NORDESTE;-1032.843
2024-04-30 12:00:00;NORTE;NORDESTE;-447.047
2024-04-30 13:00:00;NORTE;NORDESTE;1102.77
2024-04-30 14:00:00;NORTE;NORDESTE;2802.369
2024-04-30 15:00:00;NORTE;NORDESTE;3244.981
2024-04-30 16:00:00;NORTE;NORDESTE;3557.741
2024-04-30 17:00:00;NORTE;NORDESTE;3924.044
2024-04-30 18:00:00;NORTE;NORDESTE;3645.233
2024-04-30 19:00:00;NORTE;NORDESTE;2506.509
2024-04-30 20:00:00;NORTE;NORDESTE;1847.958
2024-04-30 21:00:00;NORTE;NORDESTE;1073.037
2024-04-30 22:00:00;NORTE;NORDESTE;608.687
2024-04-30 23:00:00;NORTE;NORDESTE;242.055
2024-05-01 00:00:00;NORTE;NORDESTE;268.17399999
2024-05-01 01:00:00;NORTE;NORDESTE;61.892
2024-05-01 02:00:00;NORTE;NORDESTE;-528.976
2024-05-01 03:00:00;NORTE;NORDESTE;-930.115
2024-05-01 04:00:00;NORTE;NORDESTE;-1329.717
2024-05-01 05:00:00;NORTE;NORDESTE;-1610.334
2024-05-01 06:00:00;NORTE;NORDESTE;-2987.707
2024-05-01 07:00:00;NORTE;NORDESTE;-3971.837
2024-05-01 08:00:00;NORTE;NORDESTE;-4852.14999999
2024-05-01 09:00:00;NORTE;NORDESTE;-4767.122
2024-05-01 10:00:00;NORTE;NORDESTE;-4344.718
2024-05-01 11:00:00;NORTE;NORDESTE;-3933.184
2024-05-01 12:00:00;NORTE;NORDESTE;-3362.007
2024-05-01 13:00:00;NORTE;NORDESTE;-2009.129
2024-05-01 14:00:00;NORTE;NORDESTE;-789.449
2024-05-01 15:00:00;NORTE;NORDESTE;-48.344
2024-05-01 16:00:00;NORTE;NORDESTE;1127.719
2024-05-01 17:00:00;NORTE;NORDESTE;2450.02
2024-05-01 18:00:00;NORTE;NORDESTE;2088.11
2024-05-01 19:00:00;NORTE;NORDESTE;1505.763
2024-05-01 20:00:00;NORTE;NORDESTE;419.69
2024-05-01 21:00:00;NORTE;NORDESTE;298.49
2024-05-01 22:00:00;NORTE;NORDESTE;300.32
2024-05-01 23:00:00;NORTE;NORDESTE;788.95899999
2024-05-02 00:00:00;NORTE;NORDESTE;1184.155
2024-05-02 01:00:00;NORTE;NORDESTE;944.79
2024-05-02 02:00:00;NORTE;NORDESTE;638.144
2024-05-02 03:00:00;NORTE;NORDESTE;-6.029
2024-05-02 04:00:00;NORTE;NORDESTE;-248.401
2024-05-02 05:00:00;NORTE;NORDESTE;-333.772
2024-05-02 06:00:00;NORTE;NORDESTE;-989.55
2024-05-02 07:00:00;NORTE;NORDESTE;-1685.361
2024-05-02 08:00:00;NORTE;NORDESTE;-1687.02
2024-05-02 09:00:00;NORTE;NORDESTE;-1339.269
2024-05-02 10:00:00;NORTE;NORDESTE;-1063.299
2024-05-02 11:00:00;NORTE;NORDESTE;-684.955
2024-05-02 12:00:00;NORTE;NORDESTE;-257.611
2024-05-02 13:00:00;NORTE;NORDESTE;731.675
2024-05-02 14:00:00;NORTE;NORDESTE;1623.511
2024-05-02 15:00:00;NORTE;NORDESTE;2220.579
2024-05-02 16:00:00;NORTE;NORDESTE;2955.697
2024-05-02 17:00:00;NORTE;NORDESTE;3090.742
2024-05-02 18:00:00;NORTE;NORDESTE;2030.202
2024-05-02 19:00:00;NORTE;NORDESTE;1106.77399999
2024-05-02 20:00:00;NORTE;NORDESTE;219.748
2024-05-02 21:00:00;NORTE;NORDESTE;-346.502
2024-05-02 22:00:00;NORTE;NORDESTE;-548.182
2024-05-02 23:00:00;NORTE;NORDESTE;-567.249
2024-05-03 00:00:00;NORTE;NORDESTE;-190.163
2024-05-03 01:00:00;NORTE;NORDESTE;-151.973
2024-05-03 02:00:00;NORTE;NORDESTE;175.717
2024-05-03 03:00:00;NORTE;NORDESTE;-154.135
2024-05-03 04:00:00;NORTE;NORDESTE;-234.11
2024-05-03 05:00:00;NORTE;NORDESTE;-280.128
2024-05-03 06:00:00;NORTE;NORDESTE;-1283.93699999
2024-05-03 07:00:00;NORTE;NORDESTE;-2056.19999999
2024-05-03 08:00:00;NORTE;NORDESTE;-2078.257
2024-05-03 09:00:00;NORTE;NORDESTE;-2133.227
2024-05-03 10:00:00;NORTE;NORDESTE;-2116.75
2024-05-03 11:00:00;NORTE;NORDESTE;-1860.114
2024-05-03 12:00:00;NORTE;NORDESTE;-1682.006
2024-05-03 13:00:00;NORTE;NORDESTE;-1173.992
2024-05-03 14:00:00;NORTE;NORDESTE;-348.616
2024-05-03 15:00:00;NORTE;NORDESTE;636.201
2024-05-03 16:00:00;NORTE;NORDESTE;1499.452
2024-05-03 17:00:00;NORTE;NORDESTE;1503.269
2024-05-03 18:00:00;NORTE;NORDESTE;735.644
2024-05-03 19:00:00;NORTE;NORDESTE;-642.421
2024-05-03 20:00:00;NORTE;NORDESTE;-1365.771
2024-05-03 21:00:00;NORTE;NORDESTE;-1438.156
2024-05-03 22:00:00;NORTE;NORDESTE;-1473.454
2024-05-03 23:00:00;NORTE;NORDESTE;-1404.017
2024-05-04 00:00:00;NORTE;NORDESTE;-1421.725
2024-05-04 01:00:00;NORTE;NORDESTE;-1743.015
2024-05-04 02:00:00;NORTE;NORDESTE;-2004.655
2024-05-04 03:00:00;NORTE;NORDESTE;-2347.773
2024-05-04 04:00:00;NORTE;NORDESTE;-2373.221
2024-05-04 05:00:00;NORTE;NORDESTE;-2448.909
2024-05-04 06:00:00;NORTE;NORDESTE;-3111.662
2024-05-04 07:00:00;NORTE;NORDESTE;-3722.13
2024-05-04 08:00:00;NORTE;NORDESTE;-3903.183
2024-05-04 09:00:00;NORTE;NORDESTE;-3768.421
2024-05-04 10:00:00;NORTE;NORDESTE;-3918.97
2024-05-04 11:00:00;NORTE;NORDESTE;-3743.271
2024-05-04 12:00:00;NORTE;NORDESTE;-3446.438
2024-05-04 13:00:00;NORTE;NORDESTE;-2827.848
2024-05-04 14:00:00;NORTE;NORDESTE;-2234.348
2024-05-04 15:00:00;NORTE;NORDESTE;-1185.343
2024-05-04 16:00:00;NORTE;NORDESTE;221.207
2024-05-04 17:00:00;NORTE;NORDESTE;1311.093
2024-05-04 18:00:00;NORTE;NORDESTE;814.607
2024-05-04 19:00:00;NORTE;NORDESTE;-630.662
2024-05-04 20:00:00;NORTE;NORDESTE;-1794.132
2024-05-04 21:00:00;NORTE;NORDESTE;-2137.71799999
2024-05-04 22:00:00;NORTE;NORDESTE;-2296.887
2024-05-04 23:00:00;NORTE;NORDESTE;-2387.839
2024-05-05 00:00:00;NORTE;NORDESTE;-1756.443
2024-05-05 01:00:00;NORTE;NORDESTE;-2166.559
2024-05-05 02:00:00;NORTE;NORDESTE;-2567.766
2024-05-05 03:00:00;NORTE;NORDESTE;-2559.844
2024-05-05 04:00:00;NORTE;NORDESTE;-2611.15099999
2024-05-05 05:00:00;NORTE;NORDESTE;-2981.899
2024-05-05 06:00:00;NORTE;NORDESTE;-3505.034
2024-05-05 07:00:00;NORTE;NORDESTE;-3716.288
2024-05-05 08:00:00;NORTE;NORDESTE;-3436.684
2024-05-05 09:00:00;NORTE;NORDESTE;-3008.92
2024-05-05 10:00:00;NORTE;NORDESTE;-2635.029
2024-05-05 11:00:00;NORTE;NORDESTE;-2453.637
2024-05-05 12:00:00;NORTE;NORDESTE;-2457.88299999
2024-05-05 13:00:00;NORTE;NORDESTE;-2855.96
2024-05-05 14:00:00;NORTE;NORDESTE;-3070.099
2024-05-05 15:00:00;NORTE;NORDESTE;-2709.893
2024-05-05 16:00:00;NORTE;NORDESTE;-972.605
2024-05-05 17:00:00;NORTE;NORDESTE;439.364
2024-05-05 18:00:00;NORTE;NORDESTE;-207.549
2024-05-05 19:00:00;NORTE;NORDESTE;-1402.56199999
2024-05-05 20:00:00;NORTE;NORDESTE;-1549.391
2024-05-05 21:00:00;NORTE;NORDESTE;-1488.304
2024-05-05 22:00:00;NORTE;NORDESTE;-1398.57
2024-05-05 23:00:00;NORTE;NORDESTE;-1319.788
2024-05-06 00:00:00;NORTE;NORDESTE;-1022.854
2024-05-06 01:00:00;NORTE;NORDESTE;-1174.291
2024-05-06 02:00:00;NORTE;NORDESTE;-1347.142
2024-05-06 03:00:00;NORTE;NORDESTE;-1724.956
2024-05-06 04:00:00;NORTE;NORDESTE;-2027.303
2024-05-06 05:00:00;NORTE;NORDESTE;-2192.81599999
2024-05-06 06:00:00;NORTE;NORDESTE;-3138.349
2024-05-06 07:00:00;NORTE;NORDESTE;-3799.88
2024-05-06 08:00:00;NORTE;NORDESTE;-4277.884
2024-05-06 09:00:00;NORTE;NORDESTE;-4595.545
2024-05-06 10:00:00;NORTE;NORDESTE;-4354.238
2024-05-06 11:00:00;NORTE;NORDESTE;-3997.161
2024-05-06 12:00:00;NORTE;NORDESTE;-3871.392
2024-05-06 13:00:00;NORTE;NORDESTE;-2896.797
2024-05-06 14:00:00;NORTE;NORDESTE;-1391.556
2024-05-06 15:00:00;NORTE;NORDESTE;-655.29999999
2024-05-06 16:00:00;NORTE;NORDESTE;766.189
2024-05-06 17:00:00;NORTE;NORDESTE;1882.209
2024-05-06 18:00:00;NORTE;NORDESTE;1446.53299999
2024-05-06 19:00:00;NORTE;NORDESTE;432.795
2024-05-06 20:00:00;NORTE;NORDESTE;-78.69799999
2024-05-06 21:00:00;NORTE;NORDESTE;-715.915
2024-05-06 22:00:00;NORTE;NORDESTE;-434.693
2024-05-06 23:00:00;NORTE;NORDESTE;-227.14
2024-05-07 00:00:00;NORTE;NORDESTE;-29.709
2024-05-07 01:00:00;NORTE;NORDESTE;-89.197
2024-05-07 02:00:00;NORTE;NORDESTE;-328.00099999
2024-05-07 03:00:00;NORTE;NORDESTE;-572.659
2024-05-07 04:00:00;NORTE;NORDESTE;-714.061
2024-05-07 05:00:00;NORTE;NORDESTE;-920.567
2024-05-07 06:00:00;NORTE;NORDESTE;-1786.909
2024-05-07 07:00:00;NORTE;NORDESTE;-2436.90299999
2024-05-07 08:00:00;NORTE;NORDESTE;-3093.58599999
2024-05-07 09:00:00;NORTE;NORDESTE;-3338.476
2024-05-07 10:00:00;NORTE;NORDESTE;-3095.86
2024-05-07 11:00:00;NORTE;NORDESTE;-2845.527
2024-05-07 12:00:00;NORTE;NORDESTE;-2505.482
2024-05-07 13:00:00;NORTE;NORDESTE;-1517.339
2024-05-07 14:00:00;NORTE;NORDESTE;-772.69
2024-05-07 15:00:00;NORTE;NORDESTE;180.217
2024-05-07 16:00:00;NORTE;NORDESTE;1208.068
2024-05-07 17:00:00;NORTE;NORDESTE;1565.757
2024-05-07 18:00:00;NORTE;NORDESTE;694.96
2024-05-07 19:00:00;NORTE;NORDESTE;-330.66199999
2024-05-07 20:00:00;NORTE;NORDESTE;-1079.348
2024-05-07 21:00:00;NORTE;NORDESTE;-930.772
2024-05-07 22:00:00;NORTE;NORDESTE;-915.918
2024-05-07 23:00:00;NORTE;NORDESTE;-753.242
2024-05-08 00:00:00;NORTE;NORDESTE;-481.126
2024-05-08 01:00:00;NORTE;NORDESTE;-243.936
2024-05-08 02:00:00;NORTE;NORDESTE;-268.754
2024-05-08 03:00:00;NORTE;NORDESTE;-513.702
2024-05-08 04:00:00;NORTE;NORDESTE;-516.389
2024-05-08 05:00:00;NORTE;NORDESTE;-213.055
2024-05-08 06:00:00;NORTE;NORDESTE;-945.885
2024-05-08 07:00:00;NORTE;NORDESTE;-1656.006
2024-05-08 08:00:00;NORTE;NORDESTE;-1885.166
2024-05-08 09:00:00;NORTE;NORDESTE;-2472.12399999
2024-05-08 10:00:00;NORTE;NORDESTE;-2336.436
2024-05-08 11:00:00;NORTE;NORDESTE;-2290.035
2024-05-08 12:00:00;NORTE;NORDESTE;-2211.85399999
2024-05-08 13:00:00;NORTE;NORDESTE;-1650.253
2024-05-08 14:00:00;NORTE;NORDESTE;-654.088
2024-05-08 15:00:00;NORTE;NORDESTE;709.739
2024-05-08 16:00:00;NORTE;NORDESTE;1960.231
2024-05-08 17:00:00;NORTE;NORDESTE;2595.534
2024-05-08 18:00:00;NORTE;NORDESTE;1973.701
2024-05-08 19:00:00;NORTE;NORDESTE;1424.106
2024-05-08 20:00:00;NORTE;NORDESTE;782.385
2024-05-08 21:00:00;NORTE;NORDESTE;496.133
2024-05-08 22:00:00;NORTE;NORDESTE;252.886
2024-05-08 23:00:00;NORTE;NORDESTE;268.172
2024-05-09 00:00:00;NORTE;NORDESTE;441.639
2024-05-09 01:00:00;NORTE;NORDESTE;315.492
2024-05-09 02:00:00;NORTE;NORDESTE;-237.512
2024-05-09 03:00:00;NORTE;NORDESTE;-424.342
2024-05-09 04:00:00;NORTE;NORDESTE;-309.168
2024-05-09 05:00:00;NORTE;NORDESTE;-231.17
2024-05-09 06:00:00;NORTE;NORDESTE;-1318.14
2024-05-09 07:00:00;NORTE;NORDESTE;-2715.331
2024-05-09 08:00:00;NORTE;NORDESTE;-3448.525
2024-05-09 09:00:00;NORTE;NORDESTE;-4056.065
2024-05-09 10:00:00;NORTE;NORDESTE;-4120.184
2024-05-09 11:00:00;NORTE;NORDESTE;-3450.858
2024-05-09 12:00:00;NORTE;NORDESTE;-3202.965
2024-05-09 13:00:00;NORTE;NORDESTE;-2505.76
2024-05-09 14:00:00;NORTE;NORDESTE;-1347.37899999
2024-05-09 15:00:00;NORTE;NORDESTE;-489.202
2024-05-09 16:00:00;NORTE;NORDESTE;900.083
2024-05-09 17:00:00;NORTE;NORDESTE;1445.63
2024-05-09 18:00:00;NORTE;NORDESTE;655.601
2024-05-09 19:00:00;NORTE;NORDESTE;-787.354
2024-05-09 20:00:00;NORTE;NORDESTE;-1220.031
2024-05-09 21:00:00;NORTE;NORDESTE;-826.282
2024-05-09 22:00:00;NORTE;NORDESTE;-754.63199999
2024-05-09 23:00:00;NORTE;NORDESTE;-718.807
2024-05-10 00:00:00;NORTE;NORDESTE;-764.88699999
2024-05-10 01:00:00;NORTE;NORDESTE;-457.847
2024-05-10 02:00:00;NORTE;NORDESTE;-348.678
2024-05-10 03:00:00;NORTE;NORDESTE;-561.455
2024-05-10 04:00:00;NORTE;NORDESTE;-559.27099999
2024-05-10 05:00:00;NORTE;NORDESTE;-604.56899999
2024-05-10 06:00:00;NORTE;NORDESTE;-1638.087
2024-05-10 07:00:00;NORTE;NORDESTE;-2404.751
2024-05-10 08:00:00;NORTE;NORDESTE;-3182.558
2024-05-10 09:00:00;NORTE;NORDESTE;-3591.165
2024-05-10 10:00:00;NORTE;NORDESTE;-3252.356
2024-05-10 11:00:00;NORTE;NORDESTE;-2872.364
2024-05-10 12:00:00;NORTE;NORDESTE;-2461.21999999
2024-05-10 13:00:00;NORTE;NORDESTE;-1237.55
2024-05-10 14:00:00;NORTE;NORDESTE;339.732
2024-05-10 15:00:00;NORTE;NORDESTE;1404.025
2024-05-10 16:00:00;NORTE;NORDESTE;2425.188
2024-05-10 17:00:00;NORTE;NORDESTE;2843.036
2024-05-10 18:00:00;NORTE;NORDESTE;2736.974
2024-05-10 19:00:00;NORTE;NORDESTE;2045.255
2024-05-10 20:00:00;NORTE;NORDESTE;1515.101
2024-05-10 21:00:00;NORTE;NORDESTE;1117.732
2024-05-10 22:00:00;NORTE;NORDESTE;712.863
2024-05-10 23:00:00;NORTE;NORDESTE;955.448
2024-05-11 00:00:00;NORTE;NORDESTE;1154.262
2024-05-11 01:00:00;NORTE;NORDESTE;1082.18599999
2024-05-11 02:00:00;NORTE;NORDESTE;741.80999999
2024-05-11 03:00:00;NORTE;NORDESTE;764.60799999
2024-05-11 04:00:00;NORTE;NORDESTE;794.073
2024-05-11 05:00:00;NORTE;NORDESTE;495.2
2024-05-11 06:00:00;NORTE;NORDESTE;38.278
2024-05-11 07:00:00;NORTE;NORDESTE;-832.321
2024-05-11 08:00:00;NORTE;NORDESTE;-2268.59299999
2024-05-11 09:00:00;NORTE;NORDESTE;-3053.382
2024-05-11 10:00:00;NORTE;NORDESTE;-2785.55699999
2024-05-11 11:00:00;NORTE;NORDESTE;-1837.458
2024-05-11 12:00:00;NORTE;NORDESTE;-1104.979
2024-05-11 13:00:00;NORTE;NORDESTE;-623.702
2024-05-11 14:00:00;NORTE;NORDESTE;191.427
2024-05-11 15:00:00;NORTE;NORDESTE;623.12
2024-05-11 16:00:00;NORTE;NORDESTE;1451.651
2024-05-11 17:00:00;NORTE;NORDESTE;2124.382
2024-05-11 18:00:00;NORTE;NORDESTE;1470.143
2024-05-11 19:00:00;NORTE;NORDESTE;403.805
2024-05-11 20:00:00;NORTE;NORDESTE;-452.696
2024-05-11 21:00:00;NORTE;NORDESTE;-883.083
2024-05-11 22:00:00;NORTE;NORDESTE;-680.573
2024-05-11 23:00:00;NORTE;NORDESTE;-48.344
2024-05-12 00:00:00;NORTE;NORDESTE;302.3
2024-05-12 01:00:00;NORTE;NORDESTE;529.386
2024-05-12 02:00:00;NORTE;NORDESTE;623.054
2024-05-12 03:00:00;NORTE;NORDESTE;258.094
2024-05-12 04:00:00;NORTE;NORDESTE;25.927
2024-05-12 05:00:00;NORTE;NORDESTE;-164.143
2024-05-12 06:00:00;NORTE;NORDESTE;-1049.195
2024-05-12 07:00:00;NORTE;NORDESTE;-2162.939
2024-05-12 08:00:00;NORTE;NORDESTE;-1825.491
2024-05-12 09:00:00;NORTE;NORDESTE;-1470.155
2024-05-12 10:00:00;NORTE;NORDESTE;-1186.358
2024-05-12 11:00:00;NORTE;NORDESTE;-1086.046
2024-05-12 12:00:00;NORTE;NORDESTE;-910.737
2024-05-12 13:00:00;NORTE;NORDESTE;-429.175
2024-05-12 14:00:00;NORTE;NORDESTE;-76.093
2024-05-12 15:00:00;NORTE;NORDESTE;644.76199999
2024-05-12 16:00:00;NORTE;NORDESTE;2288.824
2024-05-12 17:00:00;NORTE;NORDESTE;2998.199
2024-05-12 18:00:00;NORTE;NORDESTE;2420.643
2024-05-12 19:00:00;NORTE;NORDESTE;1956.165
2024-05-12 20:00:00;NORTE;NORDESTE;1562.115
2024-05-12 21:00:00;NORTE;NORDESTE;819.378
2024-05-12 22:00:00;NORTE;NORDESTE;380.083
2024-05-12 23:00:00;NORTE;NORDESTE;339.841
2024-05-13 00:00:00;NORTE;NORDESTE;288.34699999
2024-05-13 01:00:00;NORTE;NORDESTE;708.922
2024-05-13 02:00:00;NORTE;NORDESTE;531.904
2024-05-13 03:00:00;NORTE;NORDESTE;112.615
2024-05-13 04:00:00;NORTE;NORDESTE;394.009
2024-05-13 05:00:00;NORTE;NORDESTE;1141.01399999
2024-05-13 06:00:00;NORTE;NORDESTE;563.729
2024-05-13 07:00:00;NORTE;NORDESTE;-248.89
2024-05-13 08:00:00;NORTE;NORDESTE;-601.587
2024-05-13 09:00:00;NORTE;NORDESTE;-1076.867
2024-05-13 10:00:00;NORTE;NORDESTE;-833.343
2024-05-13 11:00:00;NORTE;NORDESTE;-142.524
2024-05-13 12:00:00;NORTE;NORDESTE;43.065
2024-05-13 13:00:00;NORTE;NORDESTE;876.883
2024-05-13 14:00:00;NORTE;NORDESTE;1576.928
2024-05-13 15:00:00;NORTE;NORDESTE;2226.09499999
2024-05-13 16:00:00;NORTE;NORDESTE;3322.919
2024-05-13 17:00:00;NORTE;NORDESTE;3738.489
2024-05-13 18:00:00;NORTE;NORDESTE;3064.94
2024-05-13 19:00:00;NORTE;NORDESTE;2077.54799999
2024-05-13 20:00:00;NORTE;NORDESTE;1805.083
2024-05-13 21:00:00;NORTE;NORDESTE;1833.2
2024-05-13 22:00:00;NORTE;NORDESTE;1588.178
2024-05-13 23:00:00;NORTE;NORDESTE;1305.299
2024-05-14 00:00:00;NORTE;NORDESTE;1920.702
2024-05-14 01:00:00;NORTE;NORDESTE;2120.703
2024-05-14 02:00:00;NORTE;NORDESTE;1838.438
2024-05-14 03:00:00;NORTE;NORDESTE;1840.46599999
2024-05-14 04:00:00;NORTE;NORDESTE;1941.661
2024-05-14 05:00:00;NORTE;NORDESTE;2306.078
2024-05-14 06:00:00;NORTE;NORDESTE;1479.237
2024-05-14 07:00:00;NORTE;NORDESTE;80.04
2024-05-14 08:00:00;NORTE;NORDESTE;-785.463
2024-05-14 09:00:00;NORTE;NORDESTE;-1065.70599999
2024-05-14 10:00:00;NORTE;NORDESTE;-923.078
2024-05-14 11:00:00;NORTE;NORDESTE;-275.7
2024-05-14 12:00:00;NORTE;NORDESTE;-7.871
2024-05-14 13:00:00;NORTE;NORDESTE;1032.482
2024-05-14 14:00:00;NORTE;NORDESTE;2162.781
2024-05-14 15:00:00;NORTE;NORDESTE;2522.356
2024-05-14 16:00:00;NORTE;NORDESTE;3226.326
2024-05-14 17:00:00;NORTE;NORDESTE;3354.453
2024-05-14 18:00:00;NORTE;NORDESTE;2592.35
2024-05-14 19:00:00;NORTE;NORDESTE;962.838
2024-05-14 20:00:00;NORTE;NORDESTE;15.844
2024-05-14 21:00:00;NORTE;NORDESTE;-424.274
2024-05-14 22:00:00;NORTE;NORDESTE;-629.734
2024-05-14 23:00:00;NORTE;NORDESTE;-738.403
2024-05-15 00:00:00;NORTE;NORDESTE;-704.79
2024-05-15 01:00:00;NORTE;NORDESTE;-756.356
2024-05-15 02:00:00;NORTE;NORDESTE;-343.551
2024-05-15 03:00:00;NORTE;NORDESTE;-308.709
2024-05-15 04:00:00;NORTE;NORDESTE;-358.823
2024-05-15 05:00:00;NORTE;NORDESTE;-40.48599999
2024-05-15 06:00:00;NORTE;NORDESTE;-849.968
2024-05-15 07:00:00;NORTE;NORDESTE;-2257.782
2024-05-15 08:00:00;NORTE;NORDESTE;-2733.16
2024-05-15 09:00:00;NORTE;NORDESTE;-2528.041
2024-05-15 10:00:00;NORTE;NORDESTE;-2141.694
2024-05-15 11:00:00;NORTE;NORDESTE;-2112.49699999
2024-05-15 12:00:00;NORTE;NORDESTE;-2464.196
2024-05-15 13:00:00;NORTE;NORDESTE;-2391.501
2024-05-15 14:00:00;NORTE;NORDESTE;-1479.505
2024-05-15 15:00:00;NORTE;NORDESTE;-459.094
2024-05-15 16:00:00;NORTE;NORDESTE;597.42999999
2024-05-15 17:00:00;NORTE;NORDESTE;953.815
2024-05-15 18:00:00;NORTE;NORDESTE;-20.701
2024-05-15 19:00:00;NORTE;NORDESTE;-923.395
2024-05-15 20:00:00;NORTE;NORDESTE;-895.197
2024-05-15 21:00:00;NORTE;NORDESTE;-1267.27399999
2024-05-15 22:00:00;NORTE;NORDESTE;-1275.99399999
2024-05-15 23:00:00;NORTE;NORDESTE;-1230.586
2024-05-16 00:00:00;NORTE;NORDESTE;-1215.804
2024-05-16 01:00:00;NORTE;NORDESTE;-1147.164
2024-05-16 02:00:00;NORTE;NORDESTE;-1425.798
2024-05-16 03:00:00;NORTE;NORDESTE;-1746.482
2024-05-16 04:00:00;NORTE;NORDESTE;-1502.325
2024-05-16 05:00:00;NORTE;NORDESTE;-1468.536
2024-05-16 06:00:00;NORTE;NORDESTE;-2493.52599999
2024-05-16 07:00:00;NORTE;NORDESTE;-4203.022
2024-05-16 08:00:00;NORTE;NORDESTE;-4310.805
2024-05-16 09:00:00;NORTE;NORDESTE;-4290.334
2024-05-16 10:00:00;NORTE;NORDESTE;-4366.29699999
2024-05-16 11:00:00;NORTE;NORDESTE;-4206.917
2024-05-16 12:00:00;NORTE;NORDESTE;-4220.2
2024-05-16 13:00:00;NORTE;NORDESTE;-2772.826
2024-05-16 14:00:00;NORTE;NORDESTE;-1909.908
2024-05-16 15:00:00;NORTE;NORDESTE;-1475.842
2024-05-16 16:00:00;NORTE;NORDESTE;330.56599999
2024-05-16 17:00:00;NORTE;NORDESTE;1460.675
2024-05-16 18:00:00;NORTE;NORDESTE;-184.962
2024-05-16 19:00:00;NORTE;NORDESTE;-1204.406
2024-05-16 20:00:00;NORTE;NORDESTE;-824.702
2024-05-16 21:00:00;NORTE;NORDESTE;-1078.503
2024-05-16 22:00:00;NORTE;NORDESTE;-1210.354
2024-05-16 23:00:00;NORTE;NORDESTE;-901.109
2024-05-17 00:00:00;NORTE;NORDESTE;-777.057
2024-05-17 01:00:00;NORTE;NORDESTE;-638.77
2024-05-17 02:00:00;NORTE;NORDESTE;-996.473
2024-05-17 03:00:00;NORTE;NORDESTE;-1381.827
2024-05-17 04:00:00;NORTE;NORDESTE;-846.624
2024-05-17 05:00:00;NORTE;NORDESTE;-539.293
2024-05-17 06:00:00;NORTE;NORDESTE;-1056.194
2024-05-17 07:00:00;NORTE;NORDESTE;-2727.17999999
2024-05-17 08:00:00;NORTE;NORDESTE;-3562.103
2024-05-17 09:00:00;NORTE;NORDESTE;-3620.329
2024-05-17 10:00:00;NORTE;NORDESTE;-3340.446
2024-05-17 11:00:00;NORTE;NORDESTE;-2671.646
2024-05-17 12:00:00;NORTE;NORDESTE;-2349.882
2024-05-17 13:00:00;NORTE;NORDESTE;-1937.426
2024-05-17 14:00:00;NORTE;NORDESTE;-626.109
2024-05-17 15:00:00;NORTE;NORDESTE;590.647
2024-05-17 16:00:00;NORTE;NORDESTE;1597.976
2024-05-17 17:00:00;NORTE;NORDESTE;2302.657
2024-05-17 18:00:00;NORTE;NORDESTE;1727.678
2024-05-17 19:00:00;NORTE;NORDESTE;559.986
2024-05-17 20:00:00;NORTE;NORDESTE;55.72
2024-05-17 21:00:00;NORTE;NORDESTE;12.051
2024-05-17 22:00:00;NORTE;NORDESTE;402.695
2024-05-17 23:00:00;NORTE;NORDESTE;925.309
2024-05-18 00:00:00;NORTE;NORDESTE;1339.28
2024-05-18 01:00:00;NORTE;NORDESTE;1646.375
2024-05-18 02:00:00;NORTE;NORDESTE;2046.779
2024-05-18 03:00:00;NORTE;NORDESTE;2624.034
2024-05-18 04:00:00;NORTE;NORDESTE;2338.851
2024-05-18 05:00:00;NORTE;NORDESTE;2516.17
2024-05-18 06:00:00;NORTE;NORDESTE;1253.392
2024-05-18 07:00:00;NORTE;NORDESTE;-530.994
2024-05-18 08:00:00;NORTE;NORDESTE;-1335.079
2024-05-18 09:00:00;NORTE;NORDESTE;-1487.717
2024-05-18 10:00:00;NORTE;NORDESTE;-1397.049
2024-05-18 11:00:00;NORTE;NORDESTE;-1099.161
2024-05-18 12:00:00;NORTE;NORDESTE;-812.877
2024-05-18 13:00:00;NORTE;NORDESTE;-635.208
2024-05-18 14:00:00;NORTE;NORDESTE;32.647
2024-05-18 15:00:00;NORTE;NORDESTE;1213.83
2024-05-18 16:00:00;NORTE;NORDESTE;1913.013
2024-05-18 17:00:00;NORTE;NORDESTE;3007.632
2024-05-18 18:00:00;NORTE;NORDESTE;2812.25
2024-05-18 19:00:00;NORTE;NORDESTE;2114.67
2024-05-18 20:00:00;NORTE;NORDESTE;1208.06
2024-05-18 21:00:00;NORTE;NORDESTE;530.703
2024-05-18 22:00:00;NORTE;NORDESTE;322.64999999
2024-05-18 23:00:00;NORTE;NORDESTE;1158.79
2024-05-19 00:00:00;NORTE;NORDESTE;1171.747
2024-05-19 01:00:00;NORTE;NORDESTE;1172.211
2024-05-19 02:00:00;NORTE;NORDESTE;1208.807
2024-05-19 03:00:00;NORTE;NORDESTE;1046.044
2024-05-19 04:00:00;NORTE;NORDESTE;945.896
2024-05-19 05:00:00;NORTE;NORDESTE;967.839
2024-05-19 06:00:00;NORTE;NORDESTE;34.258
2024-05-19 07:00:00;NORTE;NORDESTE;-1744.728
2024-05-19 08:00:00;NORTE;NORDESTE;-2363.587
2024-05-19 09:00:00;NORTE;NORDESTE;-2234.422
2024-05-19 10:00:00;NORTE;NORDESTE;-2000.921
2024-05-19 11:00:00;NORTE;NORDESTE;-1809.24499999
2024-05-19 12:00:00;NORTE;NORDESTE;-1874.898
2024-05-19 13:00:00;NORTE;NORDESTE;-2224.097
2024-05-19 14:00:00;NORTE;NORDESTE;-1522.179
2024-05-19 15:00:00;NORTE;NORDESTE;-574.45899999
2024-05-19 16:00:00;NORTE;NORDESTE;808.466
2024-05-19 17:00:00;NORTE;NORDESTE;1395.678
2024-05-19 18:00:00;NORTE;NORDESTE;700.623
2024-05-19 19:00:00;NORTE;NORDESTE;-256.378
2024-05-19 20:00:00;NORTE;NORDESTE;-633.917
2024-05-19 21:00:00;NORTE;NORDESTE;-1203.442
2024-05-19 22:00:00;NORTE;NORDESTE;-1238.31199999
2024-05-19 23:00:00;NORTE;NORDESTE;-896.374
2024-05-20 00:00:00;NORTE;NORDESTE;-284.045
2024-05-20 01:00:00;NORTE;NORDESTE;-24.408
2024-05-20 02:00:00;NORTE;NORDESTE;15.975
2024-05-20 03:00:00;NORTE;NORDESTE;-201.245
2024-05-20 04:00:00;NORTE;NORDESTE;-275.278
2024-05-20 05:00:00;NORTE;NORDESTE;-176.749
2024-05-20 06:00:00;NORTE;NORDESTE;-775.941
2024-05-20 07:00:00;NORTE;NORDESTE;-2288.397
2024-05-20 08:00:00;NORTE;NORDESTE;-3395.096
2024-05-20 09:00:00;NORTE;NORDESTE;-3902.961
2024-05-20 10:00:00;NORTE;NORDESTE;-3891.557
2024-05-20 11:00:00;NORTE;NORDESTE;-3176.30699999
2024-05-20 12:00:00;NORTE;NORDESTE;-2612.101
2024-05-20 13:00:00;NORTE;NORDESTE;-984.424
2024-05-20 14:00:00;NORTE;NORDESTE;327.933
2024-05-20 15:00:00;NORTE;NORDESTE;1091.151
2024-05-20 16:00:00;NORTE;NORDESTE;2556.054
2024-05-20 17:00:00;NORTE;NORDESTE;2785.12
2024-05-20 18:00:00;NORTE;NORDESTE;1065.299
2024-05-20 19:00:00;NORTE;NORDESTE;-401.90499999
2024-05-20 20:00:00;NORTE;NORDESTE;-1271.111
2024-05-20 21:00:00;NORTE;NORDESTE;-1125.926
2024-05-20 22:00:00;NORTE;NORDESTE;-873.365
2024-05-20 23:00:00;NORTE;NORDESTE;-1318.896
2024-05-21 00:00:00;NORTE;NORDESTE;-1091.47499999
2024-05-21 01:00:00;NORTE;NORDESTE;-970.952
2024-05-21 02:00:00;NORTE;NORDESTE;-1028.174
2024-05-21 03:00:00;NORTE;NORDESTE;-1516.601
2024-05-21 04:00:00;NORTE;NORDESTE;-1659.89
2024-05-21 05:00:00;NORTE;NORDESTE;-1673.56199999
2024-05-21 06:00:00;NORTE;NORDESTE;-2136.232
2024-05-21 07:00:00;NORTE;NORDESTE;-3107.397
2024-05-21 08:00:00;NORTE;NORDESTE;-3468.56
2024-05-21 09:00:00;NORTE;NORDESTE;-3491.635
2024-05-21 10:00:00;NORTE;NORDESTE;-3568.306
2024-05-21 11:00:00;NORTE;NORDESTE;-3980.502
2024-05-21 12:00:00;NORTE;NORDESTE;-4213.28399999
2024-05-21 13:00:00;NORTE;NORDESTE;-3573.115
2024-05-21 14:00:00;NORTE;NORDESTE;-3211.178
2024-05-21 15:00:00;NORTE;NORDESTE;-2221.917
2024-05-21 16:00:00;NORTE;NORDESTE;-912.052
2024-05-21 17:00:00;NORTE;NORDESTE;-280.819
2024-05-21 18:00:00;NORTE;NORDESTE;-1086.026
2024-05-21 19:00:00;NORTE;NORDESTE;-1611.602
2024-05-21 20:00:00;NORTE;NORDESTE;-1671.988
2024-05-21 21:00:00;NORTE;NORDESTE;-1412.85
2024-05-21 22:00:00;NORTE;NORDESTE;-1212.993
2024-05-21 23:00:00;NORTE;NORDESTE;-1494.865
2024-05-22 00:00:00;NORTE;NORDESTE;-1913.733
2024-05-22 01:00:00;NORTE;NORDESTE;-2293.027
2024-05-22 02:00:00;NORTE;NORDESTE;-2568.514
2024-05-22 03:00:00;NORTE;NORDESTE;-2903.318
2024-05-22 04:00:00;NORTE;NORDESTE;-2603.187
2024-05-22 05:00:00;NORTE;NORDESTE;-2373.734
2024-05-22 06:00:00;NORTE;NORDESTE;-2987.111
2024-05-22 07:00:00;NORTE;NORDESTE;-3818.621
2024-05-22 08:00:00;NORTE;NORDESTE;-4775.228
2024-05-22 09:00:00;NORTE;NORDESTE;-4667.654
2024-05-22 10:00:00;NORTE;NORDESTE;-4538.31099999
2024-05-22 11:00:00;NORTE;NORDESTE;-4036.256
2024-05-22 12:00:00;NORTE;NORDESTE;-3912.47
2024-05-22 13:00:00;NORTE;NORDESTE;-2703.907
2024-05-22 14:00:00;NORTE;NORDESTE;-1700.94699999
2024-05-22 15:00:00;NORTE;NORDESTE;-700.193
2024-05-22 16:00:00;NORTE;NORDESTE;976.386
2024-05-22 17:00:00;NORTE;NORDESTE;1924.643
2024-05-22 18:00:00;NORTE;NORDESTE;1757.767
2024-05-22 19:00:00;NORTE;NORDESTE;725.331
2024-05-22 20:00:00;NORTE;NORDESTE;-384.261
2024-05-22 21:00:00;NORTE;NORDESTE;-755.527
2024-05-22 22:00:00;NORTE;NORDESTE;-1102.964
2024-05-22 23:00:00;NORTE;NORDESTE;-1183.967
2024-05-23 00:00:00;NORTE;NORDESTE;-1319.175
2024-05-23 01:00:00;NORTE;NORDESTE;-1407.256
2024-05-23 02:00:00;NORTE;NORDESTE;-1420.224
2024-05-23 03:00:00;NORTE;NORDESTE;-1630.526
2024-05-23 04:00:00;NORTE;NORDESTE;-1347.371
2024-05-23 05:00:00;NORTE;NORDESTE;-961.666
2024-05-23 06:00:00;NORTE;NORDESTE;-1348.969
2024-05-23 07:00:00;NORTE;NORDESTE;-3116.704
2024-05-23 08:00:00;NORTE;NORDESTE;-4408.215
2024-05-23 09:00:00;NORTE;NORDESTE;-4600.34599999
2024-05-23 10:00:00;NORTE;NORDESTE;-4119.648
2024-05-23 11:00:00;NORTE;NORDESTE;-3380.443
2024-05-23 12:00:00;NORTE;NORDESTE;-3631.647
2024-05-23 13:00:00;NORTE;NORDESTE;-2547.817
2024-05-23 14:00:00;NORTE;NORDESTE;-305.369
2024-05-23 15:00:00;NORTE;NORDESTE;-207.761
2024-05-23 16:00:00;NORTE;NORDESTE;266.021
2024-05-23 17:00:00;NORTE;NORDESTE;225.909
2024-05-23 18:00:00;NORTE;NORDESTE;-860.889
2024-05-23 19:00:00;NORTE;NORDESTE;-1365.961
2024-05-23 20:00:00;NORTE;NORDESTE;-1597.174
2024-05-23 21:00:00;NORTE;NORDESTE;-1817.801
2024-05-23 22:00:00;NORTE;NORDESTE;-1587.019
2024-05-23 23:00:00;NORTE;NORDESTE;-1240.33
2024-05-24 00:00:00;NORTE;NORDESTE;-1525.605
2024-05-24 01:00:00;NORTE;NORDESTE;-1489.346
2024-05-24 02:00:00;NORTE;NORDESTE;-1504.345
2024-05-24 03:00:00;NORTE;NORDESTE;-1312.641
2024-05-24 04:00:00;NORTE;NORDESTE;-1167.964
2024-05-24 05:00:00;NORTE;NORDESTE;-1125.616
2024-05-24 06:00:00;NORTE;NORDESTE;-1033.41799999
2024-05-24 07:00:00;NORTE;NORDESTE;-3309.325
2024-05-24 08:00:00;NORTE;NORDESTE;-4194.01
2024-05-24 09:00:00;NORTE;NORDESTE;-4358.817
2024-05-24 10:00:00;NORTE;NORDESTE;-3977.424
2024-05-24 11:00:00;NORTE;NORDESTE;-3449.819
2024-05-24 12:00:00;NORTE;NORDESTE;-3131.265
2024-05-24 13:00:00;NORTE;NORDESTE;-1733.225
2024-05-24 14:00:00;NORTE;NORDESTE;-660.955
2024-05-24 15:00:00;NORTE;NORDESTE;858.2
2024-05-24 16:00:00;NORTE;NORDESTE;2259.492
2024-05-24 17:00:00;NORTE;NORDESTE;2447.89399999
2024-05-24 18:00:00;NORTE;NORDESTE;580.758
2024-05-24 19:00:00;NORTE;NORDESTE;-500.932
2024-05-24 20:00:00;NORTE;NORDESTE;-963.945
2024-05-24 21:00:00;NORTE;NORDESTE;-1329.19699999
2024-05-24 22:00:00;NORTE;NORDESTE;-1386.249
2024-05-24 23:00:00;NORTE;NORDESTE;-1334.692
2024-05-25 00:00:00;NORTE;NORDESTE;-1206.881
2024-05-25 01:00:00;NORTE;NORDESTE;-826.97
2024-05-25 02:00:00;NORTE;NORDESTE;-690.38
2024-05-25 03:00:00;NORTE;NORDESTE;-1297.23499999
2024-05-25 04:00:00;NORTE;NORDESTE;-1361.99499999
2024-05-25 05:00:00;NORTE;NORDESTE;-1610.756
2024-05-25 06:00:00;NORTE;NORDESTE;-2172.76
2024-05-25 07:00:00;NORTE;NORDESTE;-3236.558
2024-05-25 08:00:00;NORTE;NORDESTE;-3746.999
2024-05-25 09:00:00;NORTE;NORDESTE;-3585.314
2024-05-25 10:00:00;NORTE;NORDESTE;-3293.469
2024-05-25 11:00:00;NORTE;NORDESTE;-3137.414
2024-05-25 12:00:00;NORTE;NORDESTE;-2784.14399999
2024-05-25 13:00:00;NORTE;NORDESTE;-2200.731
2024-05-25 14:00:00;NORTE;NORDESTE;-1049.146
2024-05-25 15:00:00;NORTE;NORDESTE;171.167
2024-05-25 16:00:00;NORTE;NORDESTE;1249.819
2024-05-25 17:00:00;NORTE;NORDESTE;1339.708
2024-05-25 18:00:00;NORTE;NORDESTE;304.714
2024-05-25 19:00:00;NORTE;NORDESTE;-1010.568
2024-05-25 20:00:00;NORTE;NORDESTE;-1956.326
2024-05-25 21:00:00;NORTE;NORDESTE;-2342.399
2024-05-25 22:00:00;NORTE;NORDESTE;-2347.553
2024-05-25 23:00:00;NORTE;NORDESTE;-2280.506
2024-05-26 00:00:00;NORTE;NORDESTE;-2235.188
2024-05-26 01:00:00;NORTE;NORDESTE;-2062.346
2024-05-26 02:00:00;NORTE;NORDESTE;-2042.976
2024-05-26 03:00:00;NORTE;NORDESTE;-2144.717
2024-05-26 04:00:00;NORTE;NORDESTE;-1467.343
2024-05-26 05:00:00;NORTE;NORDESTE;-1452.512
2024-05-26 06:00:00;NORTE;NORDESTE;-2112.616
2024-05-26 07:00:00;NORTE;NORDESTE;-2306.96799999
2024-05-26 08:00:00;NORTE;NORDESTE;-2343.48799999
2024-05-26 09:00:00;NORTE;NORDESTE;-2783.48999999
2024-05-26 10:00:00;NORTE;NORDESTE;-2712.455
2024-05-26 11:00:00;NORTE;NORDESTE;-2771.169
2024-05-26 12:00:00;NORTE;NORDESTE;-2923.12399999
2024-05-26 13:00:00;NORTE;NORDESTE;-2668.751
2024-05-26 14:00:00;NORTE;NORDESTE;-2720.742
2024-05-26 15:00:00;NORTE;NORDESTE;-2186.347
2024-05-26 16:00:00;NORTE;NORDESTE;-388.446
2024-05-26 17:00:00;NORTE;NORDESTE;249.693
2024-05-26 18:00:00;NORTE;NORDESTE;-713.154
2024-05-26 19:00:00;NORTE;NORDESTE;-1528.824
2024-05-26 20:00:00;NORTE;NORDESTE;-2170.842
2024-05-26 21:00:00;NORTE;NORDESTE;-2614.80499999
2024-05-26 22:00:00;NORTE;NORDESTE;-2809.963
2024-05-26 23:00:00;NORTE;NORDESTE;-2784.292
2024-05-27 00:00:00;NORTE;NORDESTE;-2534.733
2024-05-27 01:00:00;NORTE;NORDESTE;-2510.634
2024-05-27 02:00:00;NORTE;NORDESTE;-2566.504
2024-05-27 03:00:00;NORTE;NORDESTE;-2608.098
2024-05-27 04:00:00;NORTE;NORDESTE;-2706.409
2024-05-27 05:00:00;NORTE;NORDESTE;-2836.777
2024-05-27 06:00:00;NORTE;NORDESTE;-3010.87
2024-05-27 07:00:00;NORTE;NORDESTE;-4157.898
2024-05-27 08:00:00;NORTE;NORDESTE;-4637.723
2024-05-27 09:00:00;NORTE;NORDESTE;-4576.832
2024-05-27 10:00:00;NORTE;NORDESTE;-3964.778
2024-05-27 11:00:00;NORTE;NORDESTE;-3402.705
2024-05-27 12:00:00;NORTE;NORDESTE;-2949.899
2024-05-27 13:00:00;NORTE;NORDESTE;-1967.544
2024-05-27 14:00:00;NORTE;NORDESTE;-695.464
2024-05-27 15:00:00;NORTE;NORDESTE;-242.539
2024-05-27 16:00:00;NORTE;NORDESTE;1042.136
2024-05-27 17:00:00;NORTE;NORDESTE;1440.285
2024-05-27 18:00:00;NORTE;NORDESTE;434.421
2024-05-27 19:00:00;NORTE;NORDESTE;-903.515
2024-05-27 20:00:00;NORTE;NORDESTE;-1642.256
2024-05-27 21:00:00;NORTE;NORDESTE;-2040.309
2024-05-27 22:00:00;NORTE;NORDESTE;-2120.87199999
2024-05-27 23:00:00;NORTE;NORDESTE;-1665.68699999
2024-05-28 00:00:00;NORTE;NORDESTE;-1406.669
2024-05-28 01:00:00;NORTE;NORDESTE;-1073.498
2024-05-28 02:00:00;NORTE;NORDESTE;-1007.199
2024-05-28 03:00:00;NORTE;NORDESTE;-897.091
2024-05-28 04:00:00;NORTE;NORDESTE;-736.016
2024-05-28 05:00:00;NORTE;NORDESTE;-568.107
2024-05-28 06:00:00;NORTE;NORDESTE;-859.287
2024-05-28 07:00:00;NORTE;NORDESTE;-1907.732
2024-05-28 08:00:00;NORTE;NORDESTE;-2501.627
2024-05-28 09:00:00;NORTE;NORDESTE;-2500.66199999
2024-05-28 10:00:00;NORTE;NORDESTE;-2160.065
2024-05-28 11:00:00;NORTE;NORDESTE;-1578.576
2024-05-28 12:00:00;NORTE;NORDESTE;-1632.92
2024-05-28 13:00:00;NORTE;NORDESTE;-1214.097
2024-05-28 14:00:00;NORTE;NORDESTE;-1158.502
2024-05-28 15:00:00;NORTE;NORDESTE;-3.111
2024-05-28 16:00:00;NORTE;NORDESTE;1294.233
2024-05-28 17:00:00;NORTE;NORDESTE;1638.585
2024-05-28 18:00:00;NORTE;NORDESTE;1006.037
2024-05-28 19:00:00;NORTE;NORDESTE;7.347
2024-05-28 20:00:00;NORTE;NORDESTE;-663.1
2024-05-28 21:00:00;NORTE;NORDESTE;-1042.532
2024-05-28 22:00:00;NORTE;NORDESTE;-1411.93
2024-05-28 23:00:00;NORTE;NORDESTE;-1503.414
2024-05-29 00:00:00;NORTE;NORDESTE;-1277.469
2024-05-29 01:00:00;NORTE;NORDESTE;-1650.926
2024-05-29 02:00:00;NORTE;NORDESTE;-1841.687
2024-05-29 03:00:00;NORTE;NORDESTE;-1468.331
2024-05-29 04:00:00;NORTE;NORDESTE;-1217.165
2024-05-29 05:00:00;NORTE;NORDESTE;-629.514
2024-05-29 06:00:00;NORTE;NORDESTE;-693.922
2024-05-29 07:00:00;NORTE;NORDESTE;-1197.607
2024-05-29 08:00:00;NORTE;NORDESTE;-1762.859
2024-05-29 09:00:00;NORTE;NORDESTE;-2092.39199999
2024-05-29 10:00:00;NORTE;NORDESTE;-1330.147
2024-05-29 11:00:00;NORTE;NORDESTE;-534.349
2024-05-29 12:00:00;NORTE;NORDESTE;-79.85899999
2024-05-29 13:00:00;NORTE;NORDESTE;713.92
2024-05-29 14:00:00;NORTE;NORDESTE;1444.049
2024-05-29 15:00:00;NORTE;NORDESTE;2503.994
2024-05-29 16:00:00;NORTE;NORDESTE;4026.331
2024-05-29 17:00:00;NORTE;NORDESTE;4093.043
2024-05-29 18:00:00;NORTE;NORDESTE;3107.882
2024-05-29 19:00:00;NORTE;NORDESTE;2507.88299999
2024-05-29 20:00:00;NORTE;NORDESTE;1584.60999999
2024-05-29 21:00:00;NORTE;NORDESTE;1092.403
2024-05-29 22:00:00;NORTE;NORDESTE;1115.666
2024-05-29 23:00:00;NORTE;NORDESTE;1019.189
2024-05-30 00:00:00;NORTE;NORDESTE;402.791
2024-05-30 01:00:00;NORTE;NORDESTE;127.094
2024-05-30 02:00:00;NORTE;NORDESTE;655.371
2024-05-30 03:00:00;NORTE;NORDESTE;482.701
2024-05-30 04:00:00;NORTE;NORDESTE;401.726
2024-05-30 05:00:00;NORTE;NORDESTE;352.659
2024-05-30 06:00:00;NORTE;NORDESTE;94.211
2024-05-30 07:00:00;NORTE;NORDESTE;-581.80999999
2024-05-30 08:00:00;NORTE;NORDESTE;-1226.171
2024-05-30 09:00:00;NORTE;NORDESTE;-644.21799999
2024-05-30 10:00:00;NORTE;NORDESTE;-253.037
2024-05-30 11:00:00;NORTE;NORDESTE;21.012
2024-05-30 12:00:00;NORTE;NORDESTE;401.098
2024-05-30 13:00:00;NORTE;NORDESTE;72.602
2024-05-30 14:00:00;NORTE;NORDESTE;595.341
2024-05-30 15:00:00;NORTE;NORDESTE;1226.173
2024-05-30 16:00:00;NORTE;NORDESTE;2597.861
2024-05-30 17:00:00;NORTE;NORDESTE;2661.376
2024-05-30 18:00:00;NORTE;NORDESTE;1848.158
2024-05-30 19:00:00;NORTE;NORDESTE;302.18
2024-05-30 20:00:00;NORTE;NORDESTE;-1023.703
2024-05-30 21:00:00;NORTE;NORDESTE;-1760.261
2024-05-30 22:00:00;NORTE;NORDESTE;-2133.118
2024-05-30 23:00:00;NORTE;NORDESTE;-2313.032
2024-05-31 00:00:00;NORTE;NORDESTE;-1866.025
2024-05-31 01:00:00;NORTE;NORDESTE;-1768.915
2024-05-31 02:00:00;NORTE;NORDESTE;-1738.302
2024-05-31 03:00:00;NORTE;NORDESTE;-2184.007
2024-05-31 04:00:00;NORTE;NORDESTE;-2227.261
2024-05-31 05:00:00;NORTE;NORDESTE;-2256.204
2024-05-31 06:00:00;NORTE;NORDESTE;-3014.71999999
2024-05-31 07:00:00;NORTE;NORDESTE;-4499.265
2024-05-31 08:00:00;NORTE;NORDESTE;-4842.17199999
2024-05-31 09:00:00;NORTE;NORDESTE;-4444.946
2024-05-31 10:00:00;NORTE;NORDESTE;-3712.016
2024-05-31 11:00:00;NORTE;NORDESTE;-3289.556
2024-05-31 12:00:00;NORTE;NORDESTE;-2601.817
2024-05-31 13:00:00;NORTE;NORDESTE;-2590.956
2024-05-31 14:00:00;NORTE;NORDESTE;-2217.90299999
2024-05-31 15:00:00;NORTE;NORDESTE;-1443.165
2024-05-31 16:00:00;NORTE;NORDESTE;-126.701
2024-05-31 17:00:00;NORTE;NORDESTE;651.071
2024-05-31 18:00:00;NORTE;NORDESTE;-932.891
2024-05-31 19:00:00;NORTE;NORDESTE;-2200.963
2024-05-31 20:00:00;NORTE;NORDESTE;-2914.754
2024-05-31 21:00:00;NORTE;NORDESTE;-2761.702
2024-05-31 22:00:00;NORTE;NORDESTE;-2714.082
2024-05-31 23:00:00;NORTE;NORDESTE;-2733.721
2024-06-01 00:00:00;NORTE;NORDESTE;-3331.311
2024-06-01 01:00:00;NORTE;NORDESTE;-3077.622
2024-06-01 02:00:00;NORTE;NORDESTE;-2618.54599999
2024-06-01 03:00:00;NORTE;NORDESTE;-2823.783
2024-06-01 04:00:00;NORTE;NORDESTE;-2774.166
2024-06-01 05:00:00;NORTE;NORDESTE;-2650.20899999
2024-06-01 06:00:00;NORTE;NORDESTE;-3034.893
2024-06-01 07:00:00;NORTE;NORDESTE;-3269.6
2024-06-01 08:00:00;NORTE;NORDESTE;-3076.198
2024-06-01 09:00:00;NORTE;NORDESTE;-2612.322
2024-06-01 10:00:00;NORTE;NORDESTE;-2603.743
2024-06-01 11:00:00;NORTE;NORDESTE;-2573.587
2024-06-01 12:00:00;NORTE;NORDESTE;-2758.83
2024-06-01 13:00:00;NORTE;NORDESTE;-2805.246
2024-06-01 14:00:00;NORTE;NORDESTE;-2858.427
2024-06-01 15:00:00;NORTE;NORDESTE;-2642.945
2024-06-01 16:00:00;NORTE;NORDESTE;-1917.206
2024-06-01 17:00:00;NORTE;NORDESTE;-810.739
2024-06-01 18:00:00;NORTE;NORDESTE;-1091.865
2024-06-01 19:00:00;NORTE;NORDESTE;-1771.548
2024-06-01 20:00:00;NORTE;NORDESTE;-2359.108
2024-06-01 21:00:00;NORTE;NORDESTE;-2659.355
2024-06-01 22:00:00;NORTE;NORDESTE;-2280.752
2024-06-01 23:00:00;NORTE;NORDESTE;-2191.047
2024-06-02 00:00:00;NORTE;NORDESTE;-2065.756
2024-06-02 01:00:00;NORTE;NORDESTE;-1456.344
2024-06-02 02:00:00;NORTE;NORDESTE;-1326.795
2024-06-02 03:00:00;NORTE;NORDESTE;-1388.589
2024-06-02 04:00:00;NORTE;NORDESTE;-1739.327
2024-06-02 05:00:00;NORTE;NORDESTE;-1959.815
2024-06-02 06:00:00;NORTE;NORDESTE;-2084.42299999
2024-06-02 07:00:00;NORTE;NORDESTE;-2379.117
2024-06-02 08:00:00;NORTE;NORDESTE;-2236.378
2024-06-02 09:00:00;NORTE;NORDESTE;-1857.539
2024-06-02 10:00:00;NORTE;NORDESTE;-1296.207
2024-06-02 11:00:00;NORTE;NORDESTE;-1207.39899999
2024-06-02 12:00:00;NORTE;NORDESTE;-1229.16
2024-06-02 13:00:00;NORTE;NORDESTE;-1419.564
2024-06-02 14:00:00;NORTE;NORDESTE;-1578.932
2024-06-02 15:00:00;NORTE;NORDESTE;-1547.571
2024-06-02 16:00:00;NORTE;NORDESTE;-1393.695
2024-06-02 17:00:00;NORTE;NORDESTE;-1874.961
2024-06-02 18:00:00;NORTE;NORDESTE;-2319.76
2024-06-02 19:00:00;NORTE;NORDESTE;-2479.402
2024-06-02 20:00:00;NORTE;NORDESTE;-2430.915
2024-06-02 21:00:00;NORTE;NORDESTE;-2428.64
2024-06-02 22:00:00;NORTE;NORDESTE;-2514.77599999
2024-06-02 23:00:00;NORTE;NORDESTE;-2539.983
2024-06-03 00:00:00;NORTE;NORDESTE;-2351.09499999
2024-06-03 01:00:00;NORTE;NORDESTE;-2502.045
2024-06-03 02:00:00;NORTE;NORDESTE;-2466.944
2024-06-03 03:00:00;NORTE;NORDESTE;-2422.87
2024-06-03 04:00:00;NORTE;NORDESTE;-2379.272
2024-06-03 05:00:00;NORTE;NORDESTE;-2270.592
2024-06-03 06:00:00;NORTE;NORDESTE;-2628.629
2024-06-03 07:00:00;NORTE;NORDESTE;-4001.162
2024-06-03 08:00:00;NORTE;NORDESTE;-4616.268
2024-06-03 09:00:00;NORTE;NORDESTE;-4413.281
2024-06-03 10:00:00;NORTE;NORDESTE;-4320.068
2024-06-03 11:00:00;NORTE;NORDESTE;-4138.759
2024-06-03 12:00:00;NORTE;NORDESTE;-4059.6
2024-06-03 13:00:00;NORTE;NORDESTE;-3545.936
2024-06-03 14:00:00;NORTE;NORDESTE;-2328.904
2024-06-03 15:00:00;NORTE;NORDESTE;-1214.107
2024-06-03 16:00:00;NORTE;NORDESTE;650.33399999
2024-06-03 17:00:00;NORTE;NORDESTE;2096.86299999
2024-06-03 18:00:00;NORTE;NORDESTE;1930.231
2024-06-03 19:00:00;NORTE;NORDESTE;390.342
2024-06-03 20:00:00;NORTE;NORDESTE;-434.383
2024-06-03 21:00:00;NORTE;NORDESTE;-1218.055
2024-06-03 22:00:00;NORTE;NORDESTE;-1812.314
2024-06-03 23:00:00;NORTE;NORDESTE;-1734.255
2024-06-04 00:00:00;NORTE;NORDESTE;-1202.386
2024-06-04 01:00:00;NORTE;NORDESTE;-1108.298
2024-06-04 02:00:00;NORTE;NORDESTE;-1119.695
2024-06-04 03:00:00;NORTE;NORDESTE;-1213.066
2024-06-04 04:00:00;NORTE;NORDESTE;-1155.496
2024-06-04 05:00:00;NORTE;NORDESTE;-501.281
2024-06-04 06:00:00;NORTE;NORDESTE;-698.20399999
2024-06-04 07:00:00;NORTE;NORDESTE;-1492.578
2024-06-04 08:00:00;NORTE;NORDESTE;-3051.688
2024-06-04 09:00:00;NORTE;NORDESTE;-3551.385
2024-06-04 10:00:00;NORTE;NORDESTE;-3196.685
2024-06-04 11:00:00;NORTE;NORDESTE;-2755.837
2024-06-04 12:00:00;NORTE;NORDESTE;-2388.712
2024-06-04 13:00:00;NORTE;NORDESTE;-1623.032
2024-06-04 14:00:00;NORTE;NORDESTE;-360.532
2024-06-04 15:00:00;NORTE;NORDESTE;485.172
2024-06-04 16:00:00;NORTE;NORDESTE;852.567
2024-06-04 17:00:00;NORTE;NORDESTE;1660.329
2024-06-04 18:00:00;NORTE;NORDESTE;1759.719
2024-06-04 19:00:00;NORTE;NORDESTE;1121.95
2024-06-04 20:00:00;NORTE;NORDESTE;139.996
2024-06-04 21:00:00;NORTE;NORDESTE;-499.734
2024-06-04 22:00:00;NORTE;NORDESTE;-945.98
2024-06-04 23:00:00;NORTE;NORDESTE;-1420.744
2024-06-05 00:00:00;NORTE;NORDESTE;-1354.04
2024-06-05 01:00:00;NORTE;NORDESTE;-1097.48399999
2024-06-05 02:00:00;NORTE;NORDESTE;-905.127
2024-06-05 03:00:00;NORTE;NORDESTE;-764.526
2024-06-05 04:00:00;NORTE;NORDESTE;-838.68499999
2024-06-05 05:00:00;NORTE;NORDESTE;-820.95
2024-06-05 06:00:00;NORTE;NORDESTE;-1289.366
2024-06-05 07:00:00;NORTE;NORDESTE;-2267.712
2024-06-05 08:00:00;NORTE;NORDESTE;-3214.505
2024-06-05 09:00:00;NORTE;NORDESTE;-3648.743
2024-06-05 10:00:00;NORTE;NORDESTE;-3815.124
2024-06-05 11:00:00;NORTE;NORDESTE;-3656.517
2024-06-05 12:00:00;NORTE;NORDESTE;-3506.605
2024-06-05 13:00:00;NORTE;NORDESTE;-3088.207
2024-06-05 14:00:00;NORTE;NORDESTE;-2686.198
2024-06-05 15:00:00;NORTE;NORDESTE;-1829.925
2024-06-05 16:00:00;NORTE;NORDESTE;-89.568
2024-06-05 17:00:00;NORTE;NORDESTE;776.889
2024-06-05 18:00:00;NORTE;NORDESTE;-326.627
2024-06-05 19:00:00;NORTE;NORDESTE;-1518.57199999
2024-06-05 20:00:00;NORTE;NORDESTE;-2034.148
2024-06-05 21:00:00;NORTE;NORDESTE;-2113.76699999
2024-06-05 22:00:00;NORTE;NORDESTE;-2045.912
2024-06-05 23:00:00;NORTE;NORDESTE;-2197.87399999
2024-06-06 00:00:00;NORTE;NORDESTE;-1923.113
2024-06-06 01:00:00;NORTE;NORDESTE;-1925.958
2024-06-06 02:00:00;NORTE;NORDESTE;-2062.239
2024-06-06 03:00:00;NORTE;NORDESTE;-2059.288
2024-06-06 04:00:00;NORTE;NORDESTE;-2137.48999999
2024-06-06 05:00:00;NORTE;NORDESTE;-2014.318
2024-06-06 06:00:00;NORTE;NORDESTE;-2370.813
2024-06-06 07:00:00;NORTE;NORDESTE;-3361.688
2024-06-06 08:00:00;NORTE;NORDESTE;-4245.088
2024-06-06 09:00:00;NORTE;NORDESTE;-4416.83
2024-06-06 10:00:00;NORTE;NORDESTE;-4336.019
2024-06-06 11:00:00;NORTE;NORDESTE;-4228.49399999
2024-06-06 12:00:00;NORTE;NORDESTE;-4076.018
2024-06-06 13:00:00;NORTE;NORDESTE;-3490.86499999
2024-06-06 14:00:00;NORTE;NORDESTE;-2768.616
2024-06-06 15:00:00;NORTE;NORDESTE;-1065.66
2024-06-06 16:00:00;NORTE;NORDESTE;229.378
2024-06-06 17:00:00;NORTE;NORDESTE;718.974
2024-06-06 18:00:00;NORTE;NORDESTE;379.751
2024-06-06 19:00:00;NORTE;NORDESTE;-1166.627
2024-06-06 20:00:00;NORTE;NORDESTE;-1415.07199999
2024-06-06 21:00:00;NORTE;NORDESTE;-1685.016
2024-06-06 22:00:00;NORTE;NORDESTE;-1441.44
2024-06-06 23:00:00;NORTE;NORDESTE;-1537.427
2024-06-07 00:00:00;NORTE;NORDESTE;-2121.096
2024-06-07 01:00:00;NORTE;NORDESTE;-1890.219
2024-06-07 02:00:00;NORTE;NORDESTE;-1831.721
2024-06-07 03:00:00;NORTE;NORDESTE;-1737.698
2024-06-07 04:00:00;NORTE;NORDESTE;-1669.97
2024-06-07 05:00:00;NORTE;NORDESTE;-791.092
2024-06-07 06:00:00;NORTE;NORDESTE;-470.087
2024-06-07 07:00:00;NORTE;NORDESTE;-1465.945
2024-06-07 08:00:00;NORTE;NORDESTE;-3381.841
2024-06-07 09:00:00;NORTE;NORDESTE;-4292.626
2024-06-07 10:00:00;NORTE;NORDESTE;-4180.95
2024-06-07 11:00:00;NORTE;NORDESTE;-3643.32
2024-06-07 12:00:00;NORTE;NORDESTE;-3413.826
2024-06-07 13:00:00;NORTE;NORDESTE;-2320.88
2024-06-07 14:00:00;NORTE;NORDESTE;-1432.06199999
2024-06-07 15:00:00;NORTE;NORDESTE;-242.59
2024-06-07 16:00:00;NORTE;NORDESTE;999.794
2024-06-07 17:00:00;NORTE;NORDESTE;1871.399
2024-06-07 18:00:00;NORTE;NORDESTE;1163.491
2024-06-07 19:00:00;NORTE;NORDESTE;-445.657
2024-06-07 20:00:00;NORTE;NORDESTE;-1789.526
2024-06-07 21:00:00;NORTE;NORDESTE;-2195.48999999
2024-06-07 22:00:00;NORTE;NORDESTE;-2195.73799999
2024-06-07 23:00:00;NORTE;NORDESTE;-2083.081
2024-06-08 00:00:00;NORTE;NORDESTE;-2209.752
2024-06-08 01:00:00;NORTE;NORDESTE;-2590.41
2024-06-08 02:00:00;NORTE;NORDESTE;-2519.302
2024-06-08 03:00:00;NORTE;NORDESTE;-2404.844
2024-06-08 04:00:00;NORTE;NORDESTE;-2612.043
2024-06-08 05:00:00;NORTE;NORDESTE;-2431.303
2024-06-08 06:00:00;NORTE;NORDESTE;-3125.412
2024-06-08 07:00:00;NORTE;NORDESTE;-4292.513
2024-06-08 08:00:00;NORTE;NORDESTE;-4793.47999999
2024-06-08 09:00:00;NORTE;NORDESTE;-4624.18099999
2024-06-08 10:00:00;NORTE;NORDESTE;-4339.704
2024-06-08 11:00:00;NORTE;NORDESTE;-4093.034
2024-06-08 12:00:00;NORTE;NORDESTE;-3894.097
2024-06-08 13:00:00;NORTE;NORDESTE;-3785.287
2024-06-08 14:00:00;NORTE;NORDESTE;-3245.475
2024-06-08 15:00:00;NORTE;NORDESTE;-2387.71999999
2024-06-08 16:00:00;NORTE;NORDESTE;-1025.511
2024-06-08 17:00:00;NORTE;NORDESTE;556.953
2024-06-08 18:00:00;NORTE;NORDESTE;-192.555
2024-06-08 19:00:00;NORTE;NORDESTE;-1657.021
2024-06-08 20:00:00;NORTE;NORDESTE;-1597.757
2024-06-08 21:00:00;NORTE;NORDESTE;-2094.934
2024-06-08 22:00:00;NORTE;NORDESTE;-2246.759
2024-06-08 23:00:00;NORTE;NORDESTE;-2286.641
2024-06-09 00:00:00;NORTE;NORDESTE;-2471.428
2024-06-09 01:00:00;NORTE;NORDESTE;-2171.003
2024-06-09 02:00:00;NORTE;NORDESTE;-2186.03699999
2024-06-09 03:00:00;NORTE;NORDESTE;-2590.569
2024-06-09 04:00:00;NORTE;NORDESTE;-2970.964
2024-06-09 05:00:00;NORTE;NORDESTE;-2792.683
2024-06-09 06:00:00;NORTE;NORDESTE;-3221.37
2024-06-09 07:00:00;NORTE;NORDESTE;-3915.424
2024-06-09 08:00:00;NORTE;NORDESTE;-3360.409
2024-06-09 09:00:00;NORTE;NORDESTE;-2836.107
2024-06-09 10:00:00;NORTE;NORDESTE;-2562.08599999
2024-06-09 11:00:00;NORTE;NORDESTE;-2599.571
2024-06-09 12:00:00;NORTE;NORDESTE;-2574.46099999
2024-06-09 13:00:00;NORTE;NORDESTE;-2549.83399999
2024-06-09 14:00:00;NORTE;NORDESTE;-2510.242
2024-06-09 15:00:00;NORTE;NORDESTE;-2496.337
2024-06-09 16:00:00;NORTE;NORDESTE;-1416.417
2024-06-09 17:00:00;NORTE;NORDESTE;-1413.912
2024-06-09 18:00:00;NORTE;NORDESTE;-2047.888
2024-06-09 19:00:00;NORTE;NORDESTE;-2253.06
2024-06-09 20:00:00;NORTE;NORDESTE;-2481.723
2024-06-09 21:00:00;NORTE;NORDESTE;-2382.043
2024-06-09 22:00:00;NORTE;NORDESTE;-2242.885
2024-06-09 23:00:00;NORTE;NORDESTE;-2325.119
2024-06-10 00:00:00;NORTE;NORDESTE;-2879.091
2024-06-10 01:00:00;NORTE;NORDESTE;-3078.258
2024-06-10 02:00:00;NORTE;NORDESTE;-3259.099
2024-06-10 03:00:00;NORTE;NORDESTE;-3369.08599999
2024-06-10 04:00:00;NORTE;NORDESTE;-3352.518
2024-06-10 05:00:00;NORTE;NORDESTE;-3296.987
2024-06-10 06:00:00;NORTE;NORDESTE;-3662.415
2024-06-10 07:00:00;NORTE;NORDESTE;-4369.286
2024-06-10 08:00:00;NORTE;NORDESTE;-4836.09599999
2024-06-10 09:00:00;NORTE;NORDESTE;-4794.071
2024-06-10 10:00:00;NORTE;NORDESTE;-4707.66
2024-06-10 11:00:00;NORTE;NORDESTE;-4606.809
2024-06-10 12:00:00;NORTE;NORDESTE;-4476.491
2024-06-10 13:00:00;NORTE;NORDESTE;-4001.007
2024-06-10 14:00:00;NORTE;NORDESTE;-3094.187
2024-06-10 15:00:00;NORTE;NORDESTE;-1894.91
2024-06-10 16:00:00;NORTE;NORDESTE;-912.595
2024-06-10 17:00:00;NORTE;NORDESTE;-240.648
2024-06-10 18:00:00;NORTE;NORDESTE;-952.035
2024-06-10 19:00:00;NORTE;NORDESTE;-1597.935
2024-06-10 20:00:00;NORTE;NORDESTE;-1578.317
2024-06-10 21:00:00;NORTE;NORDESTE;-1288.71499999
2024-06-10 22:00:00;NORTE;NORDESTE;-1762.078
2024-06-10 23:00:00;NORTE;NORDESTE;-2050.61499999
2024-06-11 00:00:00;NORTE;NORDESTE;-2313.35399999
2024-06-11 01:00:00;NORTE;NORDESTE;-2448.795
2024-06-11 02:00:00;NORTE;NORDESTE;-2703.264
2024-06-11 03:00:00;NORTE;NORDESTE;-2768.839
2024-06-11 04:00:00;NORTE;NORDESTE;-3100.764
2024-06-11 05:00:00;NORTE;NORDESTE;-3317.813
2024-06-11 06:00:00;NORTE;NORDESTE;-3715.684
2024-06-11 07:00:00;NORTE;NORDESTE;-4625.689
2024-06-11 08:00:00;NORTE;NORDESTE;-4808.229
2024-06-11 09:00:00;NORTE;NORDESTE;-4647.232
2024-06-11 10:00:00;NORTE;NORDESTE;-4679.986
2024-06-11 11:00:00;NORTE;NORDESTE;-4562.60499999
2024-06-11 12:00:00;NORTE;NORDESTE;-4513.93099999
2024-06-11 13:00:00;NORTE;NORDESTE;-3909.219
2024-06-11 14:00:00;NORTE;NORDESTE;-3393.223
2024-06-11 15:00:00;NORTE;NORDESTE;-2256.598
2024-06-11 16:00:00;NORTE;NORDESTE;-305.399
2024-06-11 17:00:00;NORTE;NORDESTE;433.101
2024-06-11 18:00:00;NORTE;NORDESTE;-481.993
2024-06-11 19:00:00;NORTE;NORDESTE;-1385.032
2024-06-11 20:00:00;NORTE;NORDESTE;-1703.425
2024-06-11 21:00:00;NORTE;NORDESTE;-1555.917
2024-06-11 22:00:00;NORTE;NORDESTE;-2011.491
2024-06-11 23:00:00;NORTE;NORDESTE;-2043.838
2024-06-12 00:00:00;NORTE;NORDESTE;-2416.134
2024-06-12 01:00:00;NORTE;NORDESTE;-2525.32
2024-06-12 02:00:00;NORTE;NORDESTE;-2366.46999999
2024-06-12 03:00:00;NORTE;NORDESTE;-2174.899
2024-06-12 04:00:00;NORTE;NORDESTE;-2324.072
2024-06-12 05:00:00;NORTE;NORDESTE;-2516.404
2024-06-12 06:00:00;NORTE;NORDESTE;-3023.651
2024-06-12 07:00:00;NORTE;NORDESTE;-4013.586
2024-06-12 08:00:00;NORTE;NORDESTE;-4766.272
2024-06-12 09:00:00;NORTE;NORDESTE;-4504.622
2024-06-12 10:00:00;NORTE;NORDESTE;-4339.875
2024-06-12 11:00:00;NORTE;NORDESTE;-4363.102
2024-06-12 12:00:00;NORTE;NORDESTE;-4406.767
2024-06-12 13:00:00;NORTE;NORDESTE;-4016.764
2024-06-12 14:00:00;NORTE;NORDESTE;-3745.05
2024-06-12 15:00:00;NORTE;NORDESTE;-3017.434
2024-06-12 16:00:00;NORTE;NORDESTE;-1801.802
2024-06-12 17:00:00;NORTE;NORDESTE;-1376.473
2024-06-12 18:00:00;NORTE;NORDESTE;-1517.853
2024-06-12 19:00:00;NORTE;NORDESTE;-2295.569
2024-06-12 20:00:00;NORTE;NORDESTE;-2389.53
2024-06-12 21:00:00;NORTE;NORDESTE;-2196.361
2024-06-12 22:00:00;NORTE;NORDESTE;-2597.953
2024-06-12 23:00:00;NORTE;NORDESTE;-2813.016
2024-06-13 00:00:00;NORTE;NORDESTE;-2857.53
2024-06-13 01:00:00;NORTE;NORDESTE;-2922.263
2024-06-13 02:00:00;NORTE;NORDESTE;-3163.889
2024-06-13 03:00:00;NORTE;NORDESTE;-3249.613
2024-06-13 04:00:00;NORTE;NORDESTE;-3386.11499999
2024-06-13 05:00:00;NORTE;NORDESTE;-3301.95
2024-06-13 06:00:00;NORTE;NORDESTE;-3438.881
2024-06-13 07:00:00;NORTE;NORDESTE;-4523.474
2024-06-13 08:00:00;NORTE;NORDESTE;-4651.341
2024-06-13 09:00:00;NORTE;NORDESTE;-4670.032
2024-06-13 10:00:00;NORTE;NORDESTE;-4634.211
2024-06-13 11:00:00;NORTE;NORDESTE;-4415.321
2024-06-13 12:00:00;NORTE;NORDESTE;-4413.493
2024-06-13 13:00:00;NORTE;NORDESTE;-4142.352
2024-06-13 14:00:00;NORTE;NORDESTE;-3233.93199999
2024-06-13 15:00:00;NORTE;NORDESTE;-2354.973
2024-06-13 16:00:00;NORTE;NORDESTE;-887.806
2024-06-13 17:00:00;NORTE;NORDESTE;65.386
2024-06-13 18:00:00;NORTE;NORDESTE;-598.179
2024-06-13 19:00:00;NORTE;NORDESTE;-1653.125
2024-06-13 20:00:00;NORTE;NORDESTE;-2213.16
2024-06-13 21:00:00;NORTE;NORDESTE;-2224.427
2024-06-13 22:00:00;NORTE;NORDESTE;-1828.272
2024-06-13 23:00:00;NORTE;NORDESTE;-2082.289
2024-06-14 00:00:00;NORTE;NORDESTE;-2280.791
2024-06-14 01:00:00;NORTE;NORDESTE;-2558.44999999
2024-06-14 02:00:00;NORTE;NORDESTE;-2645.379
2024-06-14 03:00:00;NORTE;NORDESTE;-2659.904
2024-06-14 04:00:00;NORTE;NORDESTE;-2717.676
2024-06-14 05:00:00;NORTE;NORDESTE;-2967.455
2024-06-14 06:00:00;NORTE;NORDESTE;-3547.767
2024-06-14 07:00:00;NORTE;NORDESTE;-4397.77
2024-06-14 08:00:00;NORTE;NORDESTE;-4606.509
2024-06-14 09:00:00;NORTE;NORDESTE;-4274.325
2024-06-14 10:00:00;NORTE;NORDESTE;-4264.987
2024-06-14 11:00:00;NORTE;NORDESTE;-4182.036
2024-06-14 12:00:00;NORTE;NORDESTE;-4009.349
2024-06-14 13:00:00;NORTE;NORDESTE;-3583.719
2024-06-14 14:00:00;NORTE;NORDESTE;-2975.485
2024-06-14 15:00:00;NORTE;NORDESTE;-2280.001
2024-06-14 16:00:00;NORTE;NORDESTE;-777.396
2024-06-14 17:00:00;NORTE;NORDESTE;271.752
2024-06-14 18:00:00;NORTE;NORDESTE;-367.516
2024-06-14 19:00:00;NORTE;NORDESTE;-1478.34099999
2024-06-14 20:00:00;NORTE;NORDESTE;-1747.443
2024-06-14 21:00:00;NORTE;NORDESTE;-1917.655
2024-06-14 22:00:00;NORTE;NORDESTE;-2309.023
2024-06-14 23:00:00;NORTE;NORDESTE;-2392.598
2024-06-15 00:00:00;NORTE;NORDESTE;-2117.617
2024-06-15 01:00:00;NORTE;NORDESTE;-2131.811
2024-06-15 02:00:00;NORTE;NORDESTE;-2376.119
2024-06-15 03:00:00;NORTE;NORDESTE;-2575.549
2024-06-15 04:00:00;NORTE;NORDESTE;-2332.016
2024-06-15 05:00:00;NORTE;NORDESTE;-2664.811
2024-06-15 06:00:00;NORTE;NORDESTE;-3155.15
2024-06-15 07:00:00;NORTE;NORDESTE;-3876.21
2024-06-15 08:00:00;NORTE;NORDESTE;-4286.983
2024-06-15 09:00:00;NORTE;NORDESTE;-4220.039
2024-06-15 10:00:00;NORTE;NORDESTE;-4014.69
2024-06-15 11:00:00;NORTE;NORDESTE;-3855.521
2024-06-15 12:00:00;NORTE;NORDESTE;-3803.62
2024-06-15 13:00:00;NORTE;NORDESTE;-3723.417
2024-06-15 14:00:00;NORTE;NORDESTE;-3951.985
2024-06-15 15:00:00;NORTE;NORDESTE;-3504.092
2024-06-15 16:00:00;NORTE;NORDESTE;-1573.851
2024-06-15 17:00:00;NORTE;NORDESTE;283.726
2024-06-15 18:00:00;NORTE;NORDESTE;441.925
2024-06-15 19:00:00;NORTE;NORDESTE;-412.306
2024-06-15 20:00:00;NORTE;NORDESTE;-942.88
2024-06-15 21:00:00;NORTE;NORDESTE;-1571.95
2024-06-15 22:00:00;NORTE;NORDESTE;-2342.723
2024-06-15 23:00:00;NORTE;NORDESTE;-2694.41199999
2024-06-16 00:00:00;NORTE;NORDESTE;-2386.46799999
2024-06-16 01:00:00;NORTE;NORDESTE;-2615.95899999
2024-06-16 02:00:00;NORTE;NORDESTE;-2800.732
2024-06-16 03:00:00;NORTE;NORDESTE;-2896.712
2024-06-16 04:00:00;NORTE;NORDESTE;-3114.323
2024-06-16 05:00:00;NORTE;NORDESTE;-3096.751
2024-06-16 06:00:00;NORTE;NORDESTE;-3175.472
2024-06-16 07:00:00;NORTE;NORDESTE;-3290.783
2024-06-16 08:00:00;NORTE;NORDESTE;-3003.045
2024-06-16 09:00:00;NORTE;NORDESTE;-2878.993
2024-06-16 10:00:00;NORTE;NORDESTE;-2755.021
2024-06-16 11:00:00;NORTE;NORDESTE;-2635.358
2024-06-16 12:00:00;NORTE;NORDESTE;-2598.971
2024-06-16 13:00:00;NORTE;NORDESTE;-2473.877
2024-06-16 14:00:00;NORTE;NORDESTE;-2248.92099999
2024-06-16 15:00:00;NORTE;NORDESTE;-2306.39
2024-06-16 16:00:00;NORTE;NORDESTE;-1626.91
2024-06-16 17:00:00;NORTE;NORDESTE;-630.456
2024-06-16 18:00:00;NORTE;NORDESTE;-412.719
2024-06-16 19:00:00;NORTE;NORDESTE;-1429.4
2024-06-16 20:00:00;NORTE;NORDESTE;-1307.096
2024-06-16 21:00:00;NORTE;NORDESTE;-1497.789
2024-06-16 22:00:00;NORTE;NORDESTE;-2057.693
2024-06-16 23:00:00;NORTE;NORDESTE;-2259.184
2024-06-17 00:00:00;NORTE;NORDESTE;-2323.237
2024-06-17 01:00:00;NORTE;NORDESTE;-2365.337
2024-06-17 02:00:00;NORTE;NORDESTE;-2518.355
2024-06-17 03:00:00;NORTE;NORDESTE;-2651.72899999
2024-06-17 04:00:00;NORTE;NORDESTE;-2630.125
2024-06-17 05:00:00;NORTE;NORDESTE;-2463.67
2024-06-17 06:00:00;NORTE;NORDESTE;-2436.61
2024-06-17 07:00:00;NORTE;NORDESTE;-3362.162
2024-06-17 08:00:00;NORTE;NORDESTE;-4322.747
2024-06-17 09:00:00;NORTE;NORDESTE;-4782.158
2024-06-17 10:00:00;NORTE;NORDESTE;-4464.829
2024-06-17 11:00:00;NORTE;NORDESTE;-4290.875
2024-06-17 12:00:00;NORTE;NORDESTE;-3966.944
2024-06-17 13:00:00;NORTE;NORDESTE;-3077.241
2024-06-17 14:00:00;NORTE;NORDESTE;-2106.935
2024-06-17 15:00:00;NORTE;NORDESTE;-598.794
2024-06-17 16:00:00;NORTE;NORDESTE;597.047
2024-06-17 17:00:00;NORTE;NORDESTE;1066.184
2024-06-17 18:00:00;NORTE;NORDESTE;454.469
2024-06-17 19:00:00;NORTE;NORDESTE;-838.473
2024-06-17 20:00:00;NORTE;NORDESTE;-1724.0
2024-06-17 21:00:00;NORTE;NORDESTE;-1552.725
2024-06-17 22:00:00;NORTE;NORDESTE;-1892.883
2024-06-17 23:00:00;NORTE;NORDESTE;-1745.227
2024-06-18 00:00:00;NORTE;NORDESTE;-2187.724
2024-06-18 01:00:00;NORTE;NORDESTE;-2364.77599999
2024-06-18 02:00:00;NORTE;NORDESTE;-2547.081
2024-06-18 03:00:00;NORTE;NORDESTE;-2862.895
2024-06-18 04:00:00;NORTE;NORDESTE;-2955.51899999
2024-06-18 05:00:00;NORTE;NORDESTE;-2891.94099999
2024-06-18 06:00:00;NORTE;NORDESTE;-3051.147
2024-06-18 07:00:00;NORTE;NORDESTE;-4026.776
2024-06-18 08:00:00;NORTE;NORDESTE;-4662.961
2024-06-18 09:00:00;NORTE;NORDESTE;-4566.006
2024-06-18 10:00:00;NORTE;NORDESTE;-4387.307
2024-06-18 11:00:00;NORTE;NORDESTE;-4431.059
2024-06-18 12:00:00;NORTE;NORDESTE;-4439.14099999
2024-06-18 13:00:00;NORTE;NORDESTE;-3655.024
2024-06-18 14:00:00;NORTE;NORDESTE;-2436.96999999
2024-06-18 15:00:00;NORTE;NORDESTE;-1291.791
2024-06-18 16:00:00;NORTE;NORDESTE;-418.947
2024-06-18 17:00:00;NORTE;NORDESTE;13.304
2024-06-18 18:00:00;NORTE;NORDESTE;-314.26
2024-06-18 19:00:00;NORTE;NORDESTE;-1161.471
2024-06-18 20:00:00;NORTE;NORDESTE;-1881.582
2024-06-18 21:00:00;NORTE;NORDESTE;-1842.548
2024-06-18 22:00:00;NORTE;NORDESTE;-1724.211
2024-06-18 23:00:00;NORTE;NORDESTE;-1855.74
2024-06-19 00:00:00;NORTE;NORDESTE;-2106.953
2024-06-19 01:00:00;NORTE;NORDESTE;-2290.648
2024-06-19 02:00:00;NORTE;NORDESTE;-2490.36299999
2024-06-19 03:00:00;NORTE;NORDESTE;-2598.693
2024-06-19 04:00:00;NORTE;NORDESTE;-2700.829
2024-06-19 05:00:00;NORTE;NORDESTE;-2839.456
2024-06-19 06:00:00;NORTE;NORDESTE;-3239.956
2024-06-19 07:00:00;NORTE;NORDESTE;-4203.80599999
2024-06-19 08:00:00;NORTE;NORDESTE;-4630.352
2024-06-19 09:00:00;NORTE;NORDESTE;-4584.484
2024-06-19 10:00:00;NORTE;NORDESTE;-4508.838
2024-06-19 11:00:00;NORTE;NORDESTE;-4418.904
2024-06-19 12:00:00;NORTE;NORDESTE;-4280.745
2024-06-19 13:00:00;NORTE;NORDESTE;-3880.384
2024-06-19 14:00:00;NORTE;NORDESTE;-3195.96
2024-06-19 15:00:00;NORTE;NORDESTE;-2458.522
2024-06-19 16:00:00;NORTE;NORDESTE;-923.435
2024-06-19 17:00:00;NORTE;NORDESTE;-284.41
2024-06-19 18:00:00;NORTE;NORDESTE;-1378.163
2024-06-19 19:00:00;NORTE;NORDESTE;-2037.488
2024-06-19 20:00:00;NORTE;NORDESTE;-2413.05699999
2024-06-19 21:00:00;NORTE;NORDESTE;-2228.195
2024-06-19 22:00:00;NORTE;NORDESTE;-2624.477
2024-06-19 23:00:00;NORTE;NORDESTE;-2823.419
2024-06-20 00:00:00;NORTE;NORDESTE;-2712.96
2024-06-20 01:00:00;NORTE;NORDESTE;-2836.828
2024-06-20 02:00:00;NORTE;NORDESTE;-2699.765
2024-06-20 03:00:00;NORTE;NORDESTE;-2913.342
2024-06-20 04:00:00;NORTE;NORDESTE;-2921.219
2024-06-20 05:00:00;NORTE;NORDESTE;-2859.272
2024-06-20 06:00:00;NORTE;NORDESTE;-3056.952
2024-06-20 07:00:00;NORTE;NORDESTE;-3687.147
2024-06-20 08:00:00;NORTE;NORDESTE;-4556.606
2024-06-20 09:00:00;NORTE;NORDESTE;-4411.032
2024-06-20 10:00:00;NORTE;NORDESTE;-4385.194
2024-06-20 11:00:00;NORTE;NORDESTE;-4374.544
2024-06-20 12:00:00;NORTE;NORDESTE;-4474.769
2024-06-20 13:00:00;NORTE;NORDESTE;-4252.901
2024-06-20 14:00:00;NORTE;NORDESTE;-3735.646
2024-06-20 15:00:00;NORTE;NORDESTE;-2687.841
2024-06-20 16:00:00;NORTE;NORDESTE;-1272.82099999
2024-06-20 17:00:00;NORTE;NORDESTE;-737.9
2024-06-20 18:00:00;NORTE;NORDESTE;-1430.693
2024-06-20 19:00:00;NORTE;NORDESTE;-1971.033
2024-06-20 20:00:00;NORTE;NORDESTE;-2330.119
2024-06-20 21:00:00;NORTE;NORDESTE;-2543.752
2024-06-20 22:00:00;NORTE;NORDESTE;-2943.389
2024-06-20 23:00:00;NORTE;NORDESTE;-3045.919
2024-06-21 00:00:00;NORTE;NORDESTE;-2941.451
2024-06-21 01:00:00;NORTE;NORDESTE;-3058.757
2024-06-21 02:00:00;NORTE;NORDESTE;-3048.09499999
2024-06-21 03:00:00;NORTE;NORDESTE;-2955.061
2024-06-21 04:00:00;NORTE;NORDESTE;-3063.847
2024-06-21 05:00:00;NORTE;NORDESTE;-3037.784
2024-06-21 06:00:00;NORTE;NORDESTE;-3261.885
2024-06-21 07:00:00;NORTE;NORDESTE;-4307.665
2024-06-21 08:00:00;NORTE;NORDESTE;-4232.068
2024-06-21 09:00:00;NORTE;NORDESTE;-4075.548
2024-06-21 10:00:00;NORTE;NORDESTE;-4502.579
2024-06-21 11:00:00;NORTE;NORDESTE;-4593.942
2024-06-21 12:00:00;NORTE;NORDESTE;-4162.014
2024-06-21 13:00:00;NORTE;NORDESTE;-3721.214
2024-06-21 14:00:00;NORTE;NORDESTE;-3437.321
2024-06-21 15:00:00;NORTE;NORDESTE;-2556.05699999
2024-06-21 16:00:00;NORTE;NORDESTE;-1224.94
2024-06-21 17:00:00;NORTE;NORDESTE;-50.628
2024-06-21 18:00:00;NORTE;NORDESTE;-370.8
2024-06-21 19:00:00;NORTE;NORDESTE;-2049.292
2024-06-21 20:00:00;NORTE;NORDESTE;-2269.716
2024-06-21 21:00:00;NORTE;NORDESTE;-1998.978
2024-06-21 22:00:00;NORTE;NORDESTE;-2139.451
2024-06-21 23:00:00;NORTE;NORDESTE;-2038.289
2024-06-22 00:00:00;NORTE;NORDESTE;-2182.052
2024-06-22 01:00:00;NORTE;NORDESTE;-2216.326
2024-06-22 02:00:00;NORTE;NORDESTE;-2508.43199999
2024-06-22 03:00:00;NORTE;NORDESTE;-2306.323
2024-06-22 04:00:00;NORTE;NORDESTE;-2367.609
2024-06-22 05:00:00;NORTE;NORDESTE;-2456.135
2024-06-22 06:00:00;NORTE;NORDESTE;-2933.378
2024-06-22 07:00:00;NORTE;NORDESTE;-4105.243
2024-06-22 08:00:00;NORTE;NORDESTE;-4667.946
2024-06-22 09:00:00;NORTE;NORDESTE;-4653.983
2024-06-22 10:00:00;NORTE;NORDESTE;-4382.667
2024-06-22 11:00:00;NORTE;NORDESTE;-4200.555
2024-06-22 12:00:00;NORTE;NORDESTE;-4071.143
2024-06-22 13:00:00;NORTE;NORDESTE;-3784.348
2024-06-22 14:00:00;NORTE;NORDESTE;-3301.271
2024-06-22 15:00:00;NORTE;NORDESTE;-2450.827
2024-06-22 16:00:00;NORTE;NORDESTE;-1264.665
2024-06-22 17:00:00;NORTE;NORDESTE;184.304
2024-06-22 18:00:00;NORTE;NORDESTE;201.318
2024-06-22 19:00:00;NORTE;NORDESTE;-964.814
2024-06-22 20:00:00;NORTE;NORDESTE;-1330.304
2024-06-22 21:00:00;NORTE;NORDESTE;-2005.342
2024-06-22 22:00:00;NORTE;NORDESTE;-2238.207
2024-06-22 23:00:00;NORTE;NORDESTE;-2418.48999999
2024-06-23 00:00:00;NORTE;NORDESTE;-2559.21
2024-06-23 01:00:00;NORTE;NORDESTE;-2507.69
2024-06-23 02:00:00;NORTE;NORDESTE;-2442.922
2024-06-23 03:00:00;NORTE;NORDESTE;-2369.494
2024-06-23 04:00:00;NORTE;NORDESTE;-2399.022
2024-06-23 05:00:00;NORTE;NORDESTE;-2530.381
2024-06-23 06:00:00;NORTE;NORDESTE;-2915.315
2024-06-23 07:00:00;NORTE;NORDESTE;-3765.085
2024-06-23 08:00:00;NORTE;NORDESTE;-4262.028
2024-06-23 09:00:00;NORTE;NORDESTE;-3862.918
2024-06-23 10:00:00;NORTE;NORDESTE;-3500.951
2024-06-23 11:00:00;NORTE;NORDESTE;-3473.443
2024-06-23 12:00:00;NORTE;NORDESTE;-3300.257
2024-06-23 13:00:00;NORTE;NORDESTE;-3041.811
2024-06-23 14:00:00;NORTE;NORDESTE;-2430.79799999
2024-06-23 15:00:00;NORTE;NORDESTE;-2336.183
2024-06-23 16:00:00;NORTE;NORDESTE;-1410.94
2024-06-23 17:00:00;NORTE;NORDESTE;-252.488
2024-06-23 18:00:00;NORTE;NORDESTE;-113.243
2024-06-23 19:00:00;NORTE;NORDESTE;-1309.314
2024-06-23 20:00:00;NORTE;NORDESTE;-2057.55499999
2024-06-23 21:00:00;NORTE;NORDESTE;-2356.167
2024-06-23 22:00:00;NORTE;NORDESTE;-2486.889
2024-06-23 23:00:00;NORTE;NORDESTE;-2677.659
2024-06-24 00:00:00;NORTE;NORDESTE;-2817.287
2024-06-24 01:00:00;NORTE;NORDESTE;-2904.947
2024-06-24 02:00:00;NORTE;NORDESTE;-2941.52799999
2024-06-24 03:00:00;NORTE;NORDESTE;-2853.571
2024-06-24 04:00:00;NORTE;NORDESTE;-2845.348
2024-06-24 05:00:00;NORTE;NORDESTE;-2951.409
2024-06-24 06:00:00;NORTE;NORDESTE;-3383.979
2024-06-24 07:00:00;NORTE;NORDESTE;-3873.292
2024-06-24 08:00:00;NORTE;NORDESTE;-4362.616
2024-06-24 09:00:00;NORTE;NORDESTE;-4517.345
2024-06-24 10:00:00;NORTE;NORDESTE;-4440.762
2024-06-24 11:00:00;NORTE;NORDESTE;-3999.191
2024-06-24 12:00:00;NORTE;NORDESTE;-3695.734
2024-06-24 13:00:00;NORTE;NORDESTE;-2974.652
2024-06-24 14:00:00;NORTE;NORDESTE;-2274.732
2024-06-24 15:00:00;NORTE;NORDESTE;-1443.991
2024-06-24 16:00:00;NORTE;NORDESTE;92.578
2024-06-24 17:00:00;NORTE;NORDESTE;1129.784
2024-06-24 18:00:00;NORTE;NORDESTE;175.793
2024-06-24 19:00:00;NORTE;NORDESTE;-1245.07099999
2024-06-24 20:00:00;NORTE;NORDESTE;-1604.26399999
2024-06-24 21:00:00;NORTE;NORDESTE;-1820.988
2024-06-24 22:00:00;NORTE;NORDESTE;-1857.629
2024-06-24 23:00:00;NORTE;NORDESTE;-1634.429
2024-06-25 00:00:00;NORTE;NORDESTE;-1936.818
2024-06-25 01:00:00;NORTE;NORDESTE;-2182.015
2024-06-25 02:00:00;NORTE;NORDESTE;-2422.841
2024-06-25 03:00:00;NORTE;NORDESTE;-2474.824
2024-06-25 04:00:00;NORTE;NORDESTE;-2444.038
2024-06-25 05:00:00;NORTE;NORDESTE;-2212.60399999
2024-06-25 06:00:00;NORTE;NORDESTE;-2342.686
2024-06-25 07:00:00;NORTE;NORDESTE;-3256.925
2024-06-25 08:00:00;NORTE;NORDESTE;-3973.716
2024-06-25 09:00:00;NORTE;NORDESTE;-4218.861
2024-06-25 10:00:00;NORTE;NORDESTE;-3801.826
2024-06-25 11:00:00;NORTE;NORDESTE;-3289.82
2024-06-25 12:00:00;NORTE;NORDESTE;-2710.033
2024-06-25 13:00:00;NORTE;NORDESTE;-2046.961
2024-06-25 14:00:00;NORTE;NORDESTE;-1548.218
2024-06-25 15:00:00;NORTE;NORDESTE;-1305.47499999
2024-06-25 16:00:00;NORTE;NORDESTE;-274.502
2024-06-25 17:00:00;NORTE;NORDESTE;595.964
2024-06-25 18:00:00;NORTE;NORDESTE;-1.452
2024-06-25 19:00:00;NORTE;NORDESTE;-1346.169
2024-06-25 20:00:00;NORTE;NORDESTE;-1949.811
2024-06-25 21:00:00;NORTE;NORDESTE;-2217.602
2024-06-25 22:00:00;NORTE;NORDESTE;-2326.11299999
2024-06-25 23:00:00;NORTE;NORDESTE;-2342.657
2024-06-26 00:00:00;NORTE;NORDESTE;-2369.888
2024-06-26 01:00:00;NORTE;NORDESTE;-2371.893
2024-06-26 02:00:00;NORTE;NORDESTE;-2664.011
2024-06-26 03:00:00;NORTE;NORDESTE;-2737.736
2024-06-26 04:00:00;NORTE;NORDESTE;-2691.042
2024-06-26 05:00:00;NORTE;NORDESTE;-2617.077
2024-06-26 06:00:00;NORTE;NORDESTE;-2787.939
2024-06-26 07:00:00;NORTE;NORDESTE;-3321.545
2024-06-26 08:00:00;NORTE;NORDESTE;-3963.035
2024-06-26 09:00:00;NORTE;NORDESTE;-4103.126
2024-06-26 10:00:00;NORTE;NORDESTE;-3953.777
2024-06-26 11:00:00;NORTE;NORDESTE;-3495.458
2024-06-26 12:00:00;NORTE;NORDESTE;-2907.118
2024-06-26 13:00:00;NORTE;NORDESTE;-1980.407
2024-06-26 14:00:00;NORTE;NORDESTE;-792.13
2024-06-26 15:00:00;NORTE;NORDESTE;-69.58
2024-06-26 16:00:00;NORTE;NORDESTE;808.765
2024-06-26 17:00:00;NORTE;NORDESTE;1420.617
2024-06-26 18:00:00;NORTE;NORDESTE;535.05999999
2024-06-26 19:00:00;NORTE;NORDESTE;-681.13
2024-06-26 20:00:00;NORTE;NORDESTE;-1201.693
2024-06-26 21:00:00;NORTE;NORDESTE;-1640.99
2024-06-26 22:00:00;NORTE;NORDESTE;-1178.94599999
2024-06-26 23:00:00;NORTE;NORDESTE;-718.505
2024-06-27 00:00:00;NORTE;NORDESTE;-508.832
2024-06-27 01:00:00;NORTE;NORDESTE;-840.2
2024-06-27 02:00:00;NORTE;NORDESTE;-1152.646
2024-06-27 03:00:00;NORTE;NORDESTE;-1468.398
2024-06-27 04:00:00;NORTE;NORDESTE;-1650.826
2024-06-27 05:00:00;NORTE;NORDESTE;-1453.916
2024-06-27 06:00:00;NORTE;NORDESTE;-1770.313
2024-06-27 07:00:00;NORTE;NORDESTE;-2498.544
2024-06-27 08:00:00;NORTE;NORDESTE;-2917.649
2024-06-27 09:00:00;NORTE;NORDESTE;-3223.788
2024-06-27 10:00:00;NORTE;NORDESTE;-2842.907
2024-06-27 11:00:00;NORTE;NORDESTE;-2438.735
2024-06-27 12:00:00;NORTE;NORDESTE;-2024.954
2024-06-27 13:00:00;NORTE;NORDESTE;-1440.795
2024-06-27 14:00:00;NORTE;NORDESTE;-671.116
2024-06-27 15:00:00;NORTE;NORDESTE;87.45699999
2024-06-27 16:00:00;NORTE;NORDESTE;1646.501
2024-06-27 17:00:00;NORTE;NORDESTE;1815.75
2024-06-27 18:00:00;NORTE;NORDESTE;183.563
2024-06-27 19:00:00;NORTE;NORDESTE;-1547.324
2024-06-27 20:00:00;NORTE;NORDESTE;-1941.404
2024-06-27 21:00:00;NORTE;NORDESTE;-1776.4
2024-06-27 22:00:00;NORTE;NORDESTE;-1539.573
2024-06-27 23:00:00;NORTE;NORDESTE;-1204.454
2024-06-28 00:00:00;NORTE;NORDESTE;-1612.137
2024-06-28 01:00:00;NORTE;NORDESTE;-1948.587
2024-06-28 02:00:00;NORTE;NORDESTE;-2005.631
2024-06-28 03:00:00;NORTE;NORDESTE;-1806.342
2024-06-28 04:00:00;NORTE;NORDESTE;-1707.795
2024-06-28 05:00:00;NORTE;NORDESTE;-1776.626
2024-06-28 06:00:00;NORTE;NORDESTE;-2374.669
2024-06-28 07:00:00;NORTE;NORDESTE;-3120.65
2024-06-28 08:00:00;NORTE;NORDESTE;-3923.236
2024-06-28 09:00:00;NORTE;NORDESTE;-3782.186
2024-06-28 10:00:00;NORTE;NORDESTE;-3424.257
2024-06-28 11:00:00;NORTE;NORDESTE;-3066.025
2024-06-28 12:00:00;NORTE;NORDESTE;-2849.009
2024-06-28 13:00:00;NORTE;NORDESTE;-2035.281
2024-06-28 14:00:00;NORTE;NORDESTE;-1242.92
2024-06-28 15:00:00;NORTE;NORDESTE;-430.544
2024-06-28 16:00:00;NORTE;NORDESTE;1058.317
2024-06-28 17:00:00;NORTE;NORDESTE;1917.617
2024-06-28 18:00:00;NORTE;NORDESTE;859.164
2024-06-28 19:00:00;NORTE;NORDESTE;-532.823
2024-06-28 20:00:00;NORTE;NORDESTE;-1002.65
2024-06-28 21:00:00;NORTE;NORDESTE;-1339.079
2024-06-28 22:00:00;NORTE;NORDESTE;-1531.334
2024-06-28 23:00:00;NORTE;NORDESTE;-1608.636
2024-06-29 00:00:00;NORTE;NORDESTE;-1784.988
2024-06-29 01:00:00;NORTE;NORDESTE;-1799.738
2024-06-29 02:00:00;NORTE;NORDESTE;-2076.898
2024-06-29 03:00:00;NORTE;NORDESTE;-2293.649
2024-06-29 04:00:00;NORTE;NORDESTE;-2392.694
2024-06-29 05:00:00;NORTE;NORDESTE;-2376.739
2024-06-29 06:00:00;NORTE;NORDESTE;-2805.832
2024-06-29 07:00:00;NORTE;NORDESTE;-3814.769
2024-06-29 08:00:00;NORTE;NORDESTE;-4140.718
2024-06-29 09:00:00;NORTE;NORDESTE;-4002.453
2024-06-29 10:00:00;NORTE;NORDESTE;-3553.293
2024-06-29 11:00:00;NORTE;NORDESTE;-3143.62399999
2024-06-29 12:00:00;NORTE;NORDESTE;-2820.562
2024-06-29 13:00:00;NORTE;NORDESTE;-2363.51699999
2024-06-29 14:00:00;NORTE;NORDESTE;-2205.602
2024-06-29 15:00:00;NORTE;NORDESTE;-1715.684
2024-06-29 16:00:00;NORTE;NORDESTE;-245.101
2024-06-29 17:00:00;NORTE;NORDESTE;1867.189
2024-06-29 18:00:00;NORTE;NORDESTE;777.814
2024-06-29 19:00:00;NORTE;NORDESTE;-839.968
2024-06-29 20:00:00;NORTE;NORDESTE;-1511.802
2024-06-29 21:00:00;NORTE;NORDESTE;-1984.102
2024-06-29 22:00:00;NORTE;NORDESTE;-2022.314
2024-06-29 23:00:00;NORTE;NORDESTE;-1668.28299999
2024-06-30 00:00:00;NORTE;NORDESTE;-1455.681
2024-06-30 01:00:00;NORTE;NORDESTE;-1100.145
2024-06-30 02:00:00;NORTE;NORDESTE;-1238.99499999
2024-06-30 03:00:00;NORTE;NORDESTE;-1843.567
2024-06-30 04:00:00;NORTE;NORDESTE;-1835.579
2024-06-30 05:00:00;NORTE;NORDESTE;-1822.587
2024-06-30 06:00:00;NORTE;NORDESTE;-2439.322
2024-06-30 07:00:00;NORTE;NORDESTE;-2999.447
2024-06-30 08:00:00;NORTE;NORDESTE;-2940.148
2024-06-30 09:00:00;NORTE;NORDESTE;-2530.855
2024-06-30 10:00:00;NORTE;NORDESTE;-2139.969
2024-06-30 11:00:00;NORTE;NORDESTE;-1940.392
2024-06-30 12:00:00;NORTE;NORDESTE;-1759.171
2024-06-30 13:00:00;NORTE;NORDESTE;-1756.019
2024-06-30 14:00:00;NORTE;NORDESTE;-1734.957
2024-06-30 15:00:00;NORTE;NORDESTE;-1570.431
2024-06-30 16:00:00;NORTE;NORDESTE;-1579.754
2024-06-30 17:00:00;NORTE;NORDESTE;-676.572
2024-06-30 18:00:00;NORTE;NORDESTE;-1126.239
2024-06-30 19:00:00;NORTE;NORDESTE;-1899.594
2024-06-30 20:00:00;NORTE;NORDESTE;-2228.4
2024-06-30 21:00:00;NORTE;NORDESTE;-2432.496
2024-06-30 22:00:00;NORTE;NORDESTE;-2535.103
2024-06-30 23:00:00;NORTE;NORDESTE;-2526.32499999
2024-07-01 00:00:00;NORTE;NORDESTE;-2365.353
2024-07-01 01:00:00;NORTE;NORDESTE;-2566.771
2024-07-01 02:00:00;NORTE;NORDESTE;-2595.003
2024-07-01 03:00:00;NORTE;NORDESTE;-2688.648
2024-07-01 04:00:00;NORTE;NORDESTE;-2733.677
2024-07-01 05:00:00;NORTE;NORDESTE;-2815.013
2024-07-01 06:00:00;NORTE;NORDESTE;-3317.783
2024-07-01 07:00:00;NORTE;NORDESTE;-4052.713
2024-07-01 08:00:00;NORTE;NORDESTE;-4714.09599999
2024-07-01 09:00:00;NORTE;NORDESTE;-4517.573
2024-07-01 10:00:00;NORTE;NORDESTE;-4306.72
2024-07-01 11:00:00;NORTE;NORDESTE;-4265.691
2024-07-01 12:00:00;NORTE;NORDESTE;-3921.552
2024-07-01 13:00:00;NORTE;NORDESTE;-3747.354
2024-07-01 14:00:00;NORTE;NORDESTE;-3158.075
2024-07-01 15:00:00;NORTE;NORDESTE;-2435.16199999
2024-07-01 16:00:00;NORTE;NORDESTE;-1643.369
2024-07-01 17:00:00;NORTE;NORDESTE;-370.739
2024-07-01 18:00:00;NORTE;NORDESTE;-1329.385
2024-07-01 19:00:00;NORTE;NORDESTE;-2394.114
2024-07-01 20:00:00;NORTE;NORDESTE;-2994.204
2024-07-01 21:00:00;NORTE;NORDESTE;-2729.993
2024-07-01 22:00:00;NORTE;NORDESTE;-2354.781
2024-07-01 23:00:00;NORTE;NORDESTE;-2706.342
2024-07-02 00:00:00;NORTE;NORDESTE;-2664.259
2024-07-02 01:00:00;NORTE;NORDESTE;-2627.087
2024-07-02 02:00:00;NORTE;NORDESTE;-2684.419
2024-07-02 03:00:00;NORTE;NORDESTE;-2633.014
2024-07-02 04:00:00;NORTE;NORDESTE;-2701.724
2024-07-02 05:00:00;NORTE;NORDESTE;-3044.147
2024-07-02 06:00:00;NORTE;NORDESTE;-3489.618
2024-07-02 07:00:00;NORTE;NORDESTE;-3718.029
2024-07-02 08:00:00;NORTE;NORDESTE;-4099.613
2024-07-02 09:00:00;NORTE;NORDESTE;-4216.01
2024-07-02 10:00:00;NORTE;NORDESTE;-4068.147
2024-07-02 11:00:00;NORTE;NORDESTE;-3987.357
2024-07-02 12:00:00;NORTE;NORDESTE;-3954.302
2024-07-02 13:00:00;NORTE;NORDESTE;-3915.023
2024-07-02 14:00:00;NORTE;NORDESTE;-3881.473
2024-07-02 15:00:00;NORTE;NORDESTE;-3848.658
2024-07-02 16:00:00;NORTE;NORDESTE;-2886.73999999
2024-07-02 17:00:00;NORTE;NORDESTE;-1994.688
2024-07-02 18:00:00;NORTE;NORDESTE;-1454.337
2024-07-02 19:00:00;NORTE;NORDESTE;-3169.055
2024-07-02 20:00:00;NORTE;NORDESTE;-3284.949
2024-07-02 21:00:00;NORTE;NORDESTE;-3090.21
2024-07-02 22:00:00;NORTE;NORDESTE;-2975.111
2024-07-02 23:00:00;NORTE;NORDESTE;-2821.315
2024-07-03 00:00:00;NORTE;NORDESTE;-2843.502
2024-07-03 01:00:00;NORTE;NORDESTE;-2739.224
2024-07-03 02:00:00;NORTE;NORDESTE;-2830.996
2024-07-03 03:00:00;NORTE;NORDESTE;-2806.925
2024-07-03 04:00:00;NORTE;NORDESTE;-2849.401
2024-07-03 05:00:00;NORTE;NORDESTE;-2990.90299999
2024-07-03 06:00:00;NORTE;NORDESTE;-3193.94099999
2024-07-03 07:00:00;NORTE;NORDESTE;-3674.632
2024-07-03 08:00:00;NORTE;NORDESTE;-3974.697
2024-07-03 09:00:00;NORTE;NORDESTE;-4088.97
2024-07-03 10:00:00;NORTE;NORDESTE;-3845.591
2024-07-03 11:00:00;NORTE;NORDESTE;-3711.729
2024-07-03 12:00:00;NORTE;NORDESTE;-3365.138
2024-07-03 13:00:00;NORTE;NORDESTE;-2715.841
2024-07-03 14:00:00;NORTE;NORDESTE;-2304.625
2024-07-03 15:00:00;NORTE;NORDESTE;-2074.02599999
2024-07-03 16:00:00;NORTE;NORDESTE;-1453.532
2024-07-03 17:00:00;NORTE;NORDESTE;-669.24199999
2024-07-03 18:00:00;NORTE;NORDESTE;-893.043
2024-07-03 19:00:00;NORTE;NORDESTE;-1849.42
2024-07-03 20:00:00;NORTE;NORDESTE;-2073.277
2024-07-03 21:00:00;NORTE;NORDESTE;-2257.934
2024-07-03 22:00:00;NORTE;NORDESTE;-2107.317
2024-07-03 23:00:00;NORTE;NORDESTE;-2122.664
2024-07-04 00:00:00;NORTE;NORDESTE;-2465.145
2024-07-04 01:00:00;NORTE;NORDESTE;-2455.299
2024-07-04 02:00:00;NORTE;NORDESTE;-2564.134
2024-07-04 03:00:00;NORTE;NORDESTE;-2673.27
2024-07-04 04:00:00;NORTE;NORDESTE;-2688.11499999
2024-07-04 05:00:00;NORTE;NORDESTE;-2958.152
2024-07-04 06:00:00;NORTE;NORDESTE;-3153.564
2024-07-04 07:00:00;NORTE;NORDESTE;-3621.888
2024-07-04 08:00:00;NORTE;NORDESTE;-4335.308
2024-07-04 09:00:00;NORTE;NORDESTE;-4385.47099999
2024-07-04 10:00:00;NORTE;NORDESTE;-4315.916
2024-07-04 11:00:00;NORTE;NORDESTE;-4419.62299999
2024-07-04 12:00:00;NORTE;NORDESTE;-4426.35999999
2024-07-04 13:00:00;NORTE;NORDESTE;-4347.14099999
2024-07-04 14:00:00;NORTE;NORDESTE;-3910.099
2024-07-04 15:00:00;NORTE;NORDESTE;-3836.217
2024-07-04 16:00:00;NORTE;NORDESTE;-2924.354
2024-07-04 17:00:00;NORTE;NORDESTE;-1681.096
2024-07-04 18:00:00;NORTE;NORDESTE;-1568.218
2024-07-04 19:00:00;NORTE;NORDESTE;-2665.775
2024-07-04 20:00:00;NORTE;NORDESTE;-3223.078
2024-07-04 21:00:00;NORTE;NORDESTE;-3293.21999999
2024-07-04 22:00:00;NORTE;NORDESTE;-2929.973
2024-07-04 23:00:00;NORTE;NORDESTE;-2583.125
2024-07-05 00:00:00;NORTE;NORDESTE;-2137.21
2024-07-05 01:00:00;NORTE;NORDESTE;-1888.852
2024-07-05 02:00:00;NORTE;NORDESTE;-1790.882
2024-07-05 03:00:00;NORTE;NORDESTE;-1808.02
2024-07-05 04:00:00;NORTE;NORDESTE;-1672.19699999
2024-07-05 05:00:00;NORTE;NORDESTE;-1323.51
2024-07-05 06:00:00;NORTE;NORDESTE;-1491.789
2024-07-05 07:00:00;NORTE;NORDESTE;-2423.79799999
2024-07-05 08:00:00;NORTE;NORDESTE;-3630.409
2024-07-05 09:00:00;NORTE;NORDESTE;-3847.461
2024-07-05 10:00:00;NORTE;NORDESTE;-3452.38
2024-07-05 11:00:00;NORTE;NORDESTE;-3011.397
2024-07-05 12:00:00;NORTE;NORDESTE;-2950.372
2024-07-05 13:00:00;NORTE;NORDESTE;-2204.262
2024-07-05 14:00:00;NORTE;NORDESTE;-1507.011
2024-07-05 15:00:00;NORTE;NORDESTE;-1724.794
2024-07-05 16:00:00;NORTE;NORDESTE;-1197.20599999
2024-07-05 17:00:00;NORTE;NORDESTE;-328.553
2024-07-05 18:00:00;NORTE;NORDESTE;-166.687
2024-07-05 19:00:00;NORTE;NORDESTE;-901.955
2024-07-05 20:00:00;NORTE;NORDESTE;-1458.338
2024-07-05 21:00:00;NORTE;NORDESTE;-1394.44
2024-07-05 22:00:00;NORTE;NORDESTE;-997.588
2024-07-05 23:00:00;NORTE;NORDESTE;-772.869
2024-07-06 00:00:00;NORTE;NORDESTE;-938.076
2024-07-06 01:00:00;NORTE;NORDESTE;-995.64
2024-07-06 02:00:00;NORTE;NORDESTE;-584.616
2024-07-06 03:00:00;NORTE;NORDESTE;-514.66
2024-07-06 04:00:00;NORTE;NORDESTE;-420.439
2024-07-06 05:00:00;NORTE;NORDESTE;-617.167
2024-07-06 06:00:00;NORTE;NORDESTE;-1061.842
2024-07-06 07:00:00;NORTE;NORDESTE;-1700.771
2024-07-06 08:00:00;NORTE;NORDESTE;-2485.149
2024-07-06 09:00:00;NORTE;NORDESTE;-2680.428
2024-07-06 10:00:00;NORTE;NORDESTE;-2972.349
2024-07-06 11:00:00;NORTE;NORDESTE;-3360.889
2024-07-06 12:00:00;NORTE;NORDESTE;-3179.151
2024-07-06 13:00:00;NORTE;NORDESTE;-2806.154
2024-07-06 14:00:00;NORTE;NORDESTE;-2022.114
2024-07-06 15:00:00;NORTE;NORDESTE;-1817.482
2024-07-06 16:00:00;NORTE;NORDESTE;-915.796
2024-07-06 17:00:00;NORTE;NORDESTE;429.42
2024-07-06 18:00:00;NORTE;NORDESTE;1294.996
2024-07-06 19:00:00;NORTE;NORDESTE;17.27799999
2024-07-06 20:00:00;NORTE;NORDESTE;-569.398
2024-07-06 21:00:00;NORTE;NORDESTE;-1153.752
2024-07-06 22:00:00;NORTE;NORDESTE;-1848.28
2024-07-06 23:00:00;NORTE;NORDESTE;-1631.131
2024-07-07 00:00:00;NORTE;NORDESTE;-1476.238
2024-07-07 01:00:00;NORTE;NORDESTE;-1607.43699999
2024-07-07 02:00:00;NORTE;NORDESTE;-1789.381
2024-07-07 03:00:00;NORTE;NORDESTE;-1925.536
2024-07-07 04:00:00;NORTE;NORDESTE;-2014.724
2024-07-07 05:00:00;NORTE;NORDESTE;-2394.416
2024-07-07 06:00:00;NORTE;NORDESTE;-2341.572
2024-07-07 07:00:00;NORTE;NORDESTE;-2527.695
2024-07-07 08:00:00;NORTE;NORDESTE;-2631.169
2024-07-07 09:00:00;NORTE;NORDESTE;-2426.58599999
2024-07-07 10:00:00;NORTE;NORDESTE;-2212.707
2024-07-07 11:00:00;NORTE;NORDESTE;-2044.72
2024-07-07 12:00:00;NORTE;NORDESTE;-2111.611
2024-07-07 13:00:00;NORTE;NORDESTE;-2297.006
2024-07-07 14:00:00;NORTE;NORDESTE;-2650.169
2024-07-07 15:00:00;NORTE;NORDESTE;-2446.697
2024-07-07 16:00:00;NORTE;NORDESTE;-2384.638
2024-07-07 17:00:00;NORTE;NORDESTE;-1938.047
2024-07-07 18:00:00;NORTE;NORDESTE;-1865.307
2024-07-07 19:00:00;NORTE;NORDESTE;-2630.02599999
2024-07-07 20:00:00;NORTE;NORDESTE;-2764.731
2024-07-07 21:00:00;NORTE;NORDESTE;-2729.841
2024-07-07 22:00:00;NORTE;NORDESTE;-2591.319
2024-07-07 23:00:00;NORTE;NORDESTE;-2592.092
2024-07-08 00:00:00;NORTE;NORDESTE;-2420.494
2024-07-08 01:00:00;NORTE;NORDESTE;-2475.129
2024-07-08 02:00:00;NORTE;NORDESTE;-2685.257
2024-07-08 03:00:00;NORTE;NORDESTE;-2717.131
2024-07-08 04:00:00;NORTE;NORDESTE;-2746.40299999
2024-07-08 05:00:00;NORTE;NORDESTE;-2908.016
2024-07-08 06:00:00;NORTE;NORDESTE;-3435.224
2024-07-08 07:00:00;NORTE;NORDESTE;-4126.785
2024-07-08 08:00:00;NORTE;NORDESTE;-4763.514
2024-07-08 09:00:00;NORTE;NORDESTE;-4558.04699999
2024-07-08 10:00:00;NORTE;NORDESTE;-4403.616
2024-07-08 11:00:00;NORTE;NORDESTE;-4168.698
2024-07-08 12:00:00;NORTE;NORDESTE;-3781.373
2024-07-08 13:00:00;NORTE;NORDESTE;-3470.382
2024-07-08 14:00:00;NORTE;NORDESTE;-3318.141
2024-07-08 15:00:00;NORTE;NORDESTE;-2790.501
2024-07-08 16:00:00;NORTE;NORDESTE;-1931.714
2024-07-08 17:00:00;NORTE;NORDESTE;-615.587
2024-07-08 18:00:00;NORTE;NORDESTE;-1079.135
2024-07-08 19:00:00;NORTE;NORDESTE;-2450.27799999
2024-07-08 20:00:00;NORTE;NORDESTE;-2995.01899999
2024-07-08 21:00:00;NORTE;NORDESTE;-3013.802
2024-07-08 22:00:00;NORTE;NORDESTE;-2759.084
2024-07-08 23:00:00;NORTE;NORDESTE;-2632.329
2024-07-09 00:00:00;NORTE;NORDESTE;-2386.169
2024-07-09 01:00:00;NORTE;NORDESTE;-2131.833
2024-07-09 02:00:00;NORTE;NORDESTE;-2300.431
2024-07-09 03:00:00;NORTE;NORDESTE;-2139.737
2024-07-09 04:00:00;NORTE;NORDESTE;-2087.49699999
2024-07-09 05:00:00;NORTE;NORDESTE;-1758.126
2024-07-09 06:00:00;NORTE;NORDESTE;-1787.255
2024-07-09 07:00:00;NORTE;NORDESTE;-2495.385
2024-07-09 08:00:00;NORTE;NORDESTE;-3378.077
2024-07-09 09:00:00;NORTE;NORDESTE;-3474.186
2024-07-09 10:00:00;NORTE;NORDESTE;-3208.63
2024-07-09 11:00:00;NORTE;NORDESTE;-2932.415
2024-07-09 12:00:00;NORTE;NORDESTE;-2539.692
2024-07-09 13:00:00;NORTE;NORDESTE;-2113.064
2024-07-09 14:00:00;NORTE;NORDESTE;-1801.823
2024-07-09 15:00:00;NORTE;NORDESTE;-1760.161
2024-07-09 16:00:00;NORTE;NORDESTE;-1529.314
2024-07-09 17:00:00;NORTE;NORDESTE;-482.845
2024-07-09 18:00:00;NORTE;NORDESTE;-353.862
2024-07-09 19:00:00;NORTE;NORDESTE;-1662.896
2024-07-09 20:00:00;NORTE;NORDESTE;-2789.121
2024-07-09 21:00:00;NORTE;NORDESTE;-2978.448
2024-07-09 22:00:00;NORTE;NORDESTE;-2565.253
2024-07-09 23:00:00;NORTE;NORDESTE;-2339.04
2024-07-10 00:00:00;NORTE;NORDESTE;-2098.818
2024-07-10 01:00:00;NORTE;NORDESTE;-2102.679
2024-07-10 02:00:00;NORTE;NORDESTE;-2148.072
2024-07-10 03:00:00;NORTE;NORDESTE;-2259.944
2024-07-10 04:00:00;NORTE;NORDESTE;-2336.128
2024-07-10 05:00:00;NORTE;NORDESTE;-2245.957
2024-07-10 06:00:00;NORTE;NORDESTE;-2253.361
2024-07-10 07:00:00;NORTE;NORDESTE;-2633.87199999
2024-07-10 08:00:00;NORTE;NORDESTE;-3616.207
2024-07-10 09:00:00;NORTE;NORDESTE;-3927.965
2024-07-10 10:00:00;NORTE;NORDESTE;-4108.741
2024-07-10 11:00:00;NORTE;NORDESTE;-3950.46
2024-07-10 12:00:00;NORTE;NORDESTE;-3651.52
2024-07-10 13:00:00;NORTE;NORDESTE;-3334.261
2024-07-10 14:00:00;NORTE;NORDESTE;-2965.998
2024-07-10 15:00:00;NORTE;NORDESTE;-2239.981
2024-07-10 16:00:00;NORTE;NORDESTE;-1446.436
2024-07-10 17:00:00;NORTE;NORDESTE;-768.413
2024-07-10 18:00:00;NORTE;NORDESTE;-1068.009
2024-07-10 19:00:00;NORTE;NORDESTE;-2414.065
2024-07-10 20:00:00;NORTE;NORDESTE;-2938.352
2024-07-10 21:00:00;NORTE;NORDESTE;-3386.803
2024-07-10 22:00:00;NORTE;NORDESTE;-3202.169
2024-07-10 23:00:00;NORTE;NORDESTE;-3102.919
2024-07-11 00:00:00;NORTE;NORDESTE;-2851.61
2024-07-11 01:00:00;NORTE;NORDESTE;-2831.827
2024-07-11 02:00:00;NORTE;NORDESTE;-2944.05699999
2024-07-11 03:00:00;NORTE;NORDESTE;-2972.54799999
2024-07-11 04:00:00;NORTE;NORDESTE;-2887.17
2024-07-11 05:00:00;NORTE;NORDESTE;-2954.056
2024-07-11 06:00:00;NORTE;NORDESTE;-3485.765
2024-07-11 07:00:00;NORTE;NORDESTE;-4055.06
2024-07-11 08:00:00;NORTE;NORDESTE;-4315.231
2024-07-11 09:00:00;NORTE;NORDESTE;-4389.002
2024-07-11 10:00:00;NORTE;NORDESTE;-4349.421
2024-07-11 11:00:00;NORTE;NORDESTE;-4422.741
2024-07-11 12:00:00;NORTE;NORDESTE;-4472.526
2024-07-11 13:00:00;NORTE;NORDESTE;-4349.487
2024-07-11 14:00:00;NORTE;NORDESTE;-4141.077
2024-07-11 15:00:00;NORTE;NORDESTE;-3754.506
2024-07-11 16:00:00;NORTE;NORDESTE;-3175.476
2024-07-11 17:00:00;NORTE;NORDESTE;-2258.701
2024-07-11 18:00:00;NORTE;NORDESTE;-1557.351
2024-07-11 19:00:00;NORTE;NORDESTE;-2345.833
2024-07-11 20:00:00;NORTE;NORDESTE;-3123.035
2024-07-11 21:00:00;NORTE;NORDESTE;-3431.629
2024-07-11 22:00:00;NORTE;NORDESTE;-3038.424
2024-07-11 23:00:00;NORTE;NORDESTE;-2453.466
2024-07-12 00:00:00;NORTE;NORDESTE;-2180.919
2024-07-12 01:00:00;NORTE;NORDESTE;-2483.621
2024-07-12 02:00:00;NORTE;NORDESTE;-2622.98
2024-07-12 03:00:00;NORTE;NORDESTE;-2482.75799999
2024-07-12 04:00:00;NORTE;NORDESTE;-2593.03
2024-07-12 05:00:00;NORTE;NORDESTE;-2480.726
2024-07-12 06:00:00;NORTE;NORDESTE;-2724.106
2024-07-12 07:00:00;NORTE;NORDESTE;-3795.338
2024-07-12 08:00:00;NORTE;NORDESTE;-4172.961
2024-07-12 09:00:00;NORTE;NORDESTE;-4423.737
2024-07-12 10:00:00;NORTE;NORDESTE;-4415.461
2024-07-12 11:00:00;NORTE;NORDESTE;-4523.283
2024-07-12 12:00:00;NORTE;NORDESTE;-4585.64
2024-07-12 13:00:00;NORTE;NORDESTE;-4298.466
2024-07-12 14:00:00;NORTE;NORDESTE;-4268.243
2024-07-12 15:00:00;NORTE;NORDESTE;-3885.38
2024-07-12 16:00:00;NORTE;NORDESTE;-3371.329
2024-07-12 17:00:00;NORTE;NORDESTE;-2461.73
2024-07-12 18:00:00;NORTE;NORDESTE;-1425.807
2024-07-12 19:00:00;NORTE;NORDESTE;-2417.523
2024-07-12 20:00:00;NORTE;NORDESTE;-3267.324
2024-07-12 21:00:00;NORTE;NORDESTE;-3221.087
2024-07-12 22:00:00;NORTE;NORDESTE;-3158.094
2024-07-12 23:00:00;NORTE;NORDESTE;-3169.112
2024-07-13 00:00:00;NORTE;NORDESTE;-3236.645
2024-07-13 01:00:00;NORTE;NORDESTE;-3457.883
2024-07-13 02:00:00;NORTE;NORDESTE;-3389.353
2024-07-13 03:00:00;NORTE;NORDESTE;-3515.287
2024-07-13 04:00:00;NORTE;NORDESTE;-3505.083
2024-07-13 05:00:00;NORTE;NORDESTE;-3601.1
2024-07-13 06:00:00;NORTE;NORDESTE;-3998.117
2024-07-13 07:00:00;NORTE;NORDESTE;-4205.564
2024-07-13 08:00:00;NORTE;NORDESTE;-4552.758
2024-07-13 09:00:00;NORTE;NORDESTE;-4647.883
2024-07-13 10:00:00;NORTE;NORDESTE;-4569.216
2024-07-13 11:00:00;NORTE;NORDESTE;-4580.135
2024-07-13 12:00:00;NORTE;NORDESTE;-4546.072
2024-07-13 13:00:00;NORTE;NORDESTE;-4622.064
2024-07-13 14:00:00;NORTE;NORDESTE;-4342.92199999
2024-07-13 15:00:00;NORTE;NORDESTE;-4311.116
2024-07-13 16:00:00;NORTE;NORDESTE;-4205.736
2024-07-13 17:00:00;NORTE;NORDESTE;-3237.766
2024-07-13 18:00:00;NORTE;NORDESTE;-2116.793
2024-07-13 19:00:00;NORTE;NORDESTE;-2951.081
2024-07-13 20:00:00;NORTE;NORDESTE;-3113.321
2024-07-13 21:00:00;NORTE;NORDESTE;-3253.895
2024-07-13 22:00:00;NORTE;NORDESTE;-3087.181
2024-07-13 23:00:00;NORTE;NORDESTE;-3072.041
2024-07-14 00:00:00;NORTE;NORDESTE;-3228.344
2024-07-14 01:00:00;NORTE;NORDESTE;-2924.935
2024-07-14 02:00:00;NORTE;NORDESTE;-3064.547
2024-07-14 03:00:00;NORTE;NORDESTE;-3112.17299999
2024-07-14 04:00:00;NORTE;NORDESTE;-3340.318
2024-07-14 05:00:00;NORTE;NORDESTE;-3608.039
2024-07-14 06:00:00;NORTE;NORDESTE;-4283.60099999
2024-07-14 07:00:00;NORTE;NORDESTE;-4759.654
2024-07-14 08:00:00;NORTE;NORDESTE;-4138.482
2024-07-14 09:00:00;NORTE;NORDESTE;-3514.104
2024-07-14 10:00:00;NORTE;NORDESTE;-3716.899
2024-07-14 11:00:00;NORTE;NORDESTE;-3777.604
2024-07-14 12:00:00;NORTE;NORDESTE;-3637.697
2024-07-14 13:00:00;NORTE;NORDESTE;-3754.238
2024-07-14 14:00:00;NORTE;NORDESTE;-4067.397
2024-07-14 15:00:00;NORTE;NORDESTE;-4165.903
2024-07-14 16:00:00;NORTE;NORDESTE;-4394.888
2024-07-14 17:00:00;NORTE;NORDESTE;-2777.86499999
2024-07-14 18:00:00;NORTE;NORDESTE;-2448.831
2024-07-14 19:00:00;NORTE;NORDESTE;-3013.883
2024-07-14 20:00:00;NORTE;NORDESTE;-3488.797
2024-07-14 21:00:00;NORTE;NORDESTE;-3463.408
2024-07-14 22:00:00;NORTE;NORDESTE;-2913.792
2024-07-14 23:00:00;NORTE;NORDESTE;-2873.33
2024-07-15 00:00:00;NORTE;NORDESTE;-2992.935
2024-07-15 01:00:00;NORTE;NORDESTE;-3052.725
2024-07-15 02:00:00;NORTE;NORDESTE;-2811.87
2024-07-15 03:00:00;NORTE;NORDESTE;-2980.059
2024-07-15 04:00:00;NORTE;NORDESTE;-3199.212
2024-07-15 05:00:00;NORTE;NORDESTE;-3381.377
2024-07-15 06:00:00;NORTE;NORDESTE;-3729.85
2024-07-15 07:00:00;NORTE;NORDESTE;-4283.557
2024-07-15 08:00:00;NORTE;NORDESTE;-4596.086
2024-07-15 09:00:00;NORTE;NORDESTE;-4773.06499999
2024-07-15 10:00:00;NORTE;NORDESTE;-4597.979
2024-07-15 11:00:00;NORTE;NORDESTE;-4593.769
2024-07-15 12:00:00;NORTE;NORDESTE;-4635.91
2024-07-15 13:00:00;NORTE;NORDESTE;-4619.169
2024-07-15 14:00:00;NORTE;NORDESTE;-4507.63
2024-07-15 15:00:00;NORTE;NORDESTE;-4236.692
2024-07-15 16:00:00;NORTE;NORDESTE;-3592.894
2024-07-15 17:00:00;NORTE;NORDESTE;-2520.215
2024-07-15 18:00:00;NORTE;NORDESTE;-2159.887
2024-07-15 19:00:00;NORTE;NORDESTE;-2673.908
2024-07-15 20:00:00;NORTE;NORDESTE;-3173.947
2024-07-15 21:00:00;NORTE;NORDESTE;-3467.623
2024-07-15 22:00:00;NORTE;NORDESTE;-3507.987
2024-07-15 23:00:00;NORTE;NORDESTE;-3304.2
2024-07-16 00:00:00;NORTE;NORDESTE;-3196.927
2024-07-16 01:00:00;NORTE;NORDESTE;-3141.167
2024-07-16 02:00:00;NORTE;NORDESTE;-3150.784
2024-07-16 03:00:00;NORTE;NORDESTE;-3156.634
2024-07-16 04:00:00;NORTE;NORDESTE;-2993.51899999
2024-07-16 05:00:00;NORTE;NORDESTE;-3229.462
2024-07-16 06:00:00;NORTE;NORDESTE;-3889.523
2024-07-16 07:00:00;NORTE;NORDESTE;-4092.155
2024-07-16 08:00:00;NORTE;NORDESTE;-4367.15899999
2024-07-16 09:00:00;NORTE;NORDESTE;-4314.41299999
2024-07-16 10:00:00;NORTE;NORDESTE;-4357.023
2024-07-16 11:00:00;NORTE;NORDESTE;-4210.171
2024-07-16 12:00:00;NORTE;NORDESTE;-4222.282
2024-07-16 13:00:00;NORTE;NORDESTE;-4340.46699999
2024-07-16 14:00:00;NORTE;NORDESTE;-4521.44899999
2024-07-16 15:00:00;NORTE;NORDESTE;-4400.762
2024-07-16 16:00:00;NORTE;NORDESTE;-3867.455
2024-07-16 17:00:00;NORTE;NORDESTE;-2857.041
2024-07-16 18:00:00;NORTE;NORDESTE;-2034.407
2024-07-16 19:00:00;NORTE;NORDESTE;-2376.896
2024-07-16 20:00:00;NORTE;NORDESTE;-2751.084
2024-07-16 21:00:00;NORTE;NORDESTE;-2690.141
2024-07-16 22:00:00;NORTE;NORDESTE;-2322.789
2024-07-16 23:00:00;NORTE;NORDESTE;-2008.094
2024-07-17 00:00:00;NORTE;NORDESTE;-2588.96
2024-07-17 01:00:00;NORTE;NORDESTE;-2683.092
2024-07-17 02:00:00;NORTE;NORDESTE;-2732.462
2024-07-17 03:00:00;NORTE;NORDESTE;-2964.142
2024-07-17 04:00:00;NORTE;NORDESTE;-3025.789
2024-07-17 05:00:00;NORTE;NORDESTE;-3052.104
2024-07-17 06:00:00;NORTE;NORDESTE;-3085.561
2024-07-17 07:00:00;NORTE;NORDESTE;-3636.879
2024-07-17 08:00:00;NORTE;NORDESTE;-4410.299
2024-07-17 09:00:00;NORTE;NORDESTE;-4552.901
2024-07-17 10:00:00;NORTE;NORDESTE;-4544.22
2024-07-17 11:00:00;NORTE;NORDESTE;-4585.245
2024-07-17 12:00:00;NORTE;NORDESTE;-4409.42199999
2024-07-17 13:00:00;NORTE;NORDESTE;-4164.222
2024-07-17 14:00:00;NORTE;NORDESTE;-4204.593
2024-07-17 15:00:00;NORTE;NORDESTE;-4046.954
2024-07-17 16:00:00;NORTE;NORDESTE;-3553.596
2024-07-17 17:00:00;NORTE;NORDESTE;-2287.024
2024-07-17 18:00:00;NORTE;NORDESTE;-1786.773
2024-07-17 19:00:00;NORTE;NORDESTE;-2709.361
2024-07-17 20:00:00;NORTE;NORDESTE;-3072.163
2024-07-17 21:00:00;NORTE;NORDESTE;-3075.699
2024-07-17 22:00:00;NORTE;NORDESTE;-2704.835
2024-07-17 23:00:00;NORTE;NORDESTE;-2200.08
2024-07-18 00:00:00;NORTE;NORDESTE;-2392.914
2024-07-18 01:00:00;NORTE;NORDESTE;-2246.189
2024-07-18 02:00:00;NORTE;NORDESTE;-2473.898
2024-07-18 03:00:00;NORTE;NORDESTE;-2491.464
2024-07-18 04:00:00;NORTE;NORDESTE;-2618.837
2024-07-18 05:00:00;NORTE;NORDESTE;-2745.81599999
2024-07-18 06:00:00;NORTE;NORDESTE;-3137.19099999
2024-07-18 07:00:00;NORTE;NORDESTE;-3886.367
2024-07-18 08:00:00;NORTE;NORDESTE;-4392.649
2024-07-18 09:00:00;NORTE;NORDESTE;-4299.106
2024-07-18 10:00:00;NORTE;NORDESTE;-4025.2
2024-07-18 11:00:00;NORTE;NORDESTE;-3754.257
2024-07-18 12:00:00;NORTE;NORDESTE;-3566.482
2024-07-18 13:00:00;NORTE;NORDESTE;-3353.835
2024-07-18 14:00:00;NORTE;NORDESTE;-3301.98
2024-07-18 15:00:00;NORTE;NORDESTE;-2456.108
2024-07-18 16:00:00;NORTE;NORDESTE;-1923.321
2024-07-18 17:00:00;NORTE;NORDESTE;-1237.80199999
2024-07-18 18:00:00;NORTE;NORDESTE;-1665.667
2024-07-18 19:00:00;NORTE;NORDESTE;-2485.618
2024-07-18 20:00:00;NORTE;NORDESTE;-2881.736
2024-07-18 21:00:00;NORTE;NORDESTE;-2783.265
2024-07-18 22:00:00;NORTE;NORDESTE;-2544.05699999
2024-07-18 23:00:00;NORTE;NORDESTE;-2229.57499999
2024-07-19 00:00:00;NORTE;NORDESTE;-2234.117
2024-07-19 01:00:00;NORTE;NORDESTE;-2549.972
2024-07-19 02:00:00;NORTE;NORDESTE;-2781.486
2024-07-19 03:00:00;NORTE;NORDESTE;-2811.493
2024-07-19 04:00:00;NORTE;NORDESTE;-2856.509
2024-07-19 05:00:00;NORTE;NORDESTE;-2901.82
2024-07-19 06:00:00;NORTE;NORDESTE;-3463.908
2024-07-19 07:00:00;NORTE;NORDESTE;-4048.039
2024-07-19 08:00:00;NORTE;NORDESTE;-4243.42699999
2024-07-19 09:00:00;NORTE;NORDESTE;-4195.148
2024-07-19 10:00:00;NORTE;NORDESTE;-4067.422
2024-07-19 11:00:00;NORTE;NORDESTE;-3935.082
2024-07-19 12:00:00;NORTE;NORDESTE;-3688.675
2024-07-19 13:00:00;NORTE;NORDESTE;-3642.033
2024-07-19 14:00:00;NORTE;NORDESTE;-3474.361
2024-07-19 15:00:00;NORTE;NORDESTE;-3309.559
2024-07-19 16:00:00;NORTE;NORDESTE;-2890.093
2024-07-19 17:00:00;NORTE;NORDESTE;-1980.202
2024-07-19 18:00:00;NORTE;NORDESTE;-1665.045
2024-07-19 19:00:00;NORTE;NORDESTE;-2425.26899999
2024-07-19 20:00:00;NORTE;NORDESTE;-2448.28699999
2024-07-19 21:00:00;NORTE;NORDESTE;-2240.311
2024-07-19 22:00:00;NORTE;NORDESTE;-2053.868
2024-07-19 23:00:00;NORTE;NORDESTE;-2291.487
2024-07-20 00:00:00;NORTE;NORDESTE;-2870.146
2024-07-20 01:00:00;NORTE;NORDESTE;-2855.554
2024-07-20 02:00:00;NORTE;NORDESTE;-2979.857
2024-07-20 03:00:00;NORTE;NORDESTE;-3099.481
2024-07-20 04:00:00;NORTE;NORDESTE;-2960.593
2024-07-20 05:00:00;NORTE;NORDESTE;-2914.411
2024-07-20 06:00:00;NORTE;NORDESTE;-3229.767
2024-07-20 07:00:00;NORTE;NORDESTE;-4381.79299999
2024-07-20 08:00:00;NORTE;NORDESTE;-4257.986
2024-07-20 09:00:00;NORTE;NORDESTE;-3780.97
2024-07-20 10:00:00;NORTE;NORDESTE;-3094.771
2024-07-20 11:00:00;NORTE;NORDESTE;-2613.573
2024-07-20 12:00:00;NORTE;NORDESTE;-2375.507
2024-07-20 13:00:00;NORTE;NORDESTE;-2255.866
2024-07-20 14:00:00;NORTE;NORDESTE;-2163.861
2024-07-20 15:00:00;NORTE;NORDESTE;-2655.021
2024-07-20 16:00:00;NORTE;NORDESTE;-2621.227
2024-07-20 17:00:00;NORTE;NORDESTE;-1678.902
2024-07-20 18:00:00;NORTE;NORDESTE;-1178.44699999
2024-07-20 19:00:00;NORTE;NORDESTE;-1933.992
2024-07-20 20:00:00;NORTE;NORDESTE;-2521.736
2024-07-20 21:00:00;NORTE;NORDESTE;-2702.772
2024-07-20 22:00:00;NORTE;NORDESTE;-2799.917
2024-07-20 23:00:00;NORTE;NORDESTE;-3027.098
2024-07-21 00:00:00;NORTE;NORDESTE;-2966.039
2024-07-21 01:00:00;NORTE;NORDESTE;-2758.404
2024-07-21 02:00:00;NORTE;NORDESTE;-3003.239
2024-07-21 03:00:00;NORTE;NORDESTE;-3088.727
2024-07-21 04:00:00;NORTE;NORDESTE;-3196.99899999
2024-07-21 05:00:00;NORTE;NORDESTE;-3160.01
2024-07-21 06:00:00;NORTE;NORDESTE;-2931.323
2024-07-21 07:00:00;NORTE;NORDESTE;-2819.48999999
2024-07-21 08:00:00;NORTE;NORDESTE;-2324.022
2024-07-21 09:00:00;NORTE;NORDESTE;-1817.306
2024-07-21 10:00:00;NORTE;NORDESTE;-1470.518
2024-07-21 11:00:00;NORTE;NORDESTE;-1393.251
2024-07-21 12:00:00;NORTE;NORDESTE;-1199.304
2024-07-21 13:00:00;NORTE;NORDESTE;-1138.786
2024-07-21 14:00:00;NORTE;NORDESTE;-1167.69599999
2024-07-21 15:00:00;NORTE;NORDESTE;-1491.36999999
2024-07-21 16:00:00;NORTE;NORDESTE;-1763.556
2024-07-21 17:00:00;NORTE;NORDESTE;-1309.174
2024-07-21 18:00:00;NORTE;NORDESTE;-1355.60899999
2024-07-21 19:00:00;NORTE;NORDESTE;-2302.688
2024-07-21 20:00:00;NORTE;NORDESTE;-2725.84499999
2024-07-21 21:00:00;NORTE;NORDESTE;-2876.972
2024-07-21 22:00:00;NORTE;NORDESTE;-2882.69099999
2024-07-21 23:00:00;NORTE;NORDESTE;-2905.96
2024-07-22 00:00:00;NORTE;NORDESTE;-3142.962
2024-07-22 01:00:00;NORTE;NORDESTE;-3157.338
2024-07-22 02:00:00;NORTE;NORDESTE;-3213.747
2024-07-22 03:00:00;NORTE;NORDESTE;-3329.397
2024-07-22 04:00:00;NORTE;NORDESTE;-3287.756
2024-07-22 05:00:00;NORTE;NORDESTE;-3260.331
2024-07-22 06:00:00;NORTE;NORDESTE;-3706.79
2024-07-22 07:00:00;NORTE;NORDESTE;-4226.41
2024-07-22 08:00:00;NORTE;NORDESTE;-4463.375
2024-07-22 09:00:00;NORTE;NORDESTE;-4518.102
2024-07-22 10:00:00;NORTE;NORDESTE;-4437.064
2024-07-22 11:00:00;NORTE;NORDESTE;-4448.863
2024-07-22 12:00:00;NORTE;NORDESTE;-4402.298
2024-07-22 13:00:00;NORTE;NORDESTE;-4370.68
2024-07-22 14:00:00;NORTE;NORDESTE;-4099.82399999
2024-07-22 15:00:00;NORTE;NORDESTE;-3565.793
2024-07-22 16:00:00;NORTE;NORDESTE;-2636.154
2024-07-22 17:00:00;NORTE;NORDESTE;-1653.893
2024-07-22 18:00:00;NORTE;NORDESTE;-1134.941
2024-07-22 19:00:00;NORTE;NORDESTE;-2513.515
2024-07-22 20:00:00;NORTE;NORDESTE;-2904.041
2024-07-22 21:00:00;NORTE;NORDESTE;-2788.465
2024-07-22 22:00:00;NORTE;NORDESTE;-2921.33
2024-07-22 23:00:00;NORTE;NORDESTE;-3274.357
2024-07-23 00:00:00;NORTE;NORDESTE;-3396.002
2024-07-23 01:00:00;NORTE;NORDESTE;-3416.81
2024-07-23 02:00:00;NORTE;NORDESTE;-3318.873
2024-07-23 03:00:00;NORTE;NORDESTE;-3390.61
2024-07-23 04:00:00;NORTE;NORDESTE;-3664.599
2024-07-23 05:00:00;NORTE;NORDESTE;-3636.348
2024-07-23 06:00:00;NORTE;NORDESTE;-3716.7
2024-07-23 07:00:00;NORTE;NORDESTE;-3911.527
2024-07-23 08:00:00;NORTE;NORDESTE;-4315.884
2024-07-23 09:00:00;NORTE;NORDESTE;-4403.309
2024-07-23 10:00:00;NORTE;NORDESTE;-4319.23899999
2024-07-23 11:00:00;NORTE;NORDESTE;-4199.464
2024-07-23 12:00:00;NORTE;NORDESTE;-4185.837
2024-07-23 13:00:00;NORTE;NORDESTE;-4056.215
2024-07-23 14:00:00;NORTE;NORDESTE;-4110.47599999
2024-07-23 15:00:00;NORTE;NORDESTE;-4392.95799999
2024-07-23 16:00:00;NORTE;NORDESTE;-3740.563
2024-07-23 17:00:00;NORTE;NORDESTE;-2798.097
2024-07-23 18:00:00;NORTE;NORDESTE;-2567.30499999
2024-07-23 19:00:00;NORTE;NORDESTE;-3405.408
2024-07-23 20:00:00;NORTE;NORDESTE;-3482.84499999
2024-07-23 21:00:00;NORTE;NORDESTE;-3189.775
2024-07-23 22:00:00;NORTE;NORDESTE;-3117.383
2024-07-23 23:00:00;NORTE;NORDESTE;-3447.91
2024-07-24 00:00:00;NORTE;NORDESTE;-3410.787
2024-07-24 01:00:00;NORTE;NORDESTE;-3429.986
2024-07-24 02:00:00;NORTE;NORDESTE;-3443.483
2024-07-24 03:00:00;NORTE;NORDESTE;-3355.43199999
2024-07-24 04:00:00;NORTE;NORDESTE;-3101.59499999
2024-07-24 05:00:00;NORTE;NORDESTE;-3035.382
2024-07-24 06:00:00;NORTE;NORDESTE;-3075.905
2024-07-24 07:00:00;NORTE;NORDESTE;-3673.331
2024-07-24 08:00:00;NORTE;NORDESTE;-4139.834
2024-07-24 09:00:00;NORTE;NORDESTE;-4220.571
2024-07-24 10:00:00;NORTE;NORDESTE;-4036.548
2024-07-24 11:00:00;NORTE;NORDESTE;-4269.341
2024-07-24 12:00:00;NORTE;NORDESTE;-4285.782
2024-07-24 13:00:00;NORTE;NORDESTE;-4211.171
2024-07-24 14:00:00;NORTE;NORDESTE;-3999.427
2024-07-24 15:00:00;NORTE;NORDESTE;-4136.773
2024-07-24 16:00:00;NORTE;NORDESTE;-3537.014
2024-07-24 17:00:00;NORTE;NORDESTE;-2431.897
2024-07-24 18:00:00;NORTE;NORDESTE;-2593.327
2024-07-24 19:00:00;NORTE;NORDESTE;-3484.417
2024-07-24 20:00:00;NORTE;NORDESTE;-3560.059
2024-07-24 21:00:00;NORTE;NORDESTE;-3144.215
2024-07-24 22:00:00;NORTE;NORDESTE;-2965.834
2024-07-24 23:00:00;NORTE;NORDESTE;-3036.681
2024-07-25 00:00:00;NORTE;NORDESTE;-3050.569
2024-07-25 01:00:00;NORTE;NORDESTE;-2972.954
2024-07-25 02:00:00;NORTE;NORDESTE;-2844.786
2024-07-25 03:00:00;NORTE;NORDESTE;-2695.587
2024-07-25 04:00:00;NORTE;NORDESTE;-2653.447
2024-07-25 05:00:00;NORTE;NORDESTE;-2556.547
2024-07-25 06:00:00;NORTE;NORDESTE;-2900.79799999
2024-07-25 07:00:00;NORTE;NORDESTE;-3884.596
2024-07-25 08:00:00;NORTE;NORDESTE;-4348.249
2024-07-25 09:00:00;NORTE;NORDESTE;-4465.628
2024-07-25 10:00:00;NORTE;NORDESTE;-4409.71699999
2024-07-25 11:00:00;NORTE;NORDESTE;-4639.847
2024-07-25 12:00:00;NORTE;NORDESTE;-4582.323
2024-07-25 13:00:00;NORTE;NORDESTE;-4487.807
2024-07-25 14:00:00;NORTE;NORDESTE;-4408.003
2024-07-25 15:00:00;NORTE;NORDESTE;-4125.522
2024-07-25 16:00:00;NORTE;NORDESTE;-3908.526
2024-07-25 17:00:00;NORTE;NORDESTE;-2431.933
2024-07-25 18:00:00;NORTE;NORDESTE;-1411.313
2024-07-25 19:00:00;NORTE;NORDESTE;-2356.366
2024-07-25 20:00:00;NORTE;NORDESTE;-3121.779
2024-07-25 21:00:00;NORTE;NORDESTE;-3187.929
2024-07-25 22:00:00;NORTE;NORDESTE;-3019.431
2024-07-25 23:00:00;NORTE;NORDESTE;-2991.578
2024-07-26 00:00:00;NORTE;NORDESTE;-3170.601
2024-07-26 01:00:00;NORTE;NORDESTE;-3431.882
2024-07-26 02:00:00;NORTE;NORDESTE;-3389.75
2024-07-26 03:00:00;NORTE;NORDESTE;-3346.678
2024-07-26 04:00:00;NORTE;NORDESTE;-3310.672
2024-07-26 05:00:00;NORTE;NORDESTE;-3255.578
2024-07-26 06:00:00;NORTE;NORDESTE;-3585.268
2024-07-26 07:00:00;NORTE;NORDESTE;-4267.503
2024-07-26 08:00:00;NORTE;NORDESTE;-4682.08299999
2024-07-26 09:00:00;NORTE;NORDESTE;-4685.69899999
2024-07-26 10:00:00;NORTE;NORDESTE;-4611.704
2024-07-26 11:00:00;NORTE;NORDESTE;-4611.676
2024-07-26 12:00:00;NORTE;NORDESTE;-4591.862
2024-07-26 13:00:00;NORTE;NORDESTE;-4322.354
2024-07-26 14:00:00;NORTE;NORDESTE;-4375.612
2024-07-26 15:00:00;NORTE;NORDESTE;-4331.326
2024-07-26 16:00:00;NORTE;NORDESTE;-3847.262
2024-07-26 17:00:00;NORTE;NORDESTE;-2204.009
2024-07-26 18:00:00;NORTE;NORDESTE;-2095.55699999
2024-07-26 19:00:00;NORTE;NORDESTE;-3503.90299999
2024-07-26 20:00:00;NORTE;NORDESTE;-3786.982
2024-07-26 21:00:00;NORTE;NORDESTE;-3816.949
2024-07-26 22:00:00;NORTE;NORDESTE;-3218.11499999
2024-07-26 23:00:00;NORTE;NORDESTE;-2908.791
2024-07-27 00:00:00;NORTE;NORDESTE;-2702.0
2024-07-27 01:00:00;NORTE;NORDESTE;-2941.801
2024-07-27 02:00:00;NORTE;NORDESTE;-3141.758
2024-07-27 03:00:00;NORTE;NORDESTE;-3109.881
2024-07-27 04:00:00;NORTE;NORDESTE;-3033.312
2024-07-27 05:00:00;NORTE;NORDESTE;-3097.507
2024-07-27 06:00:00;NORTE;NORDESTE;-3695.248
2024-07-27 07:00:00;NORTE;NORDESTE;-4359.916
2024-07-27 08:00:00;NORTE;NORDESTE;-4588.389
2024-07-27 09:00:00;NORTE;NORDESTE;-4597.521
2024-07-27 10:00:00;NORTE;NORDESTE;-4348.527
2024-07-27 11:00:00;NORTE;NORDESTE;-4364.17699999
2024-07-27 12:00:00;NORTE;NORDESTE;-4446.283
2024-07-27 13:00:00;NORTE;NORDESTE;-4384.35099999
2024-07-27 14:00:00;NORTE;NORDESTE;-4309.832
2024-07-27 15:00:00;NORTE;NORDESTE;-4068.608
2024-07-27 16:00:00;NORTE;NORDESTE;-3867.935
2024-07-27 17:00:00;NORTE;NORDESTE;-2635.66
2024-07-27 18:00:00;NORTE;NORDESTE;-2070.692
2024-07-27 19:00:00;NORTE;NORDESTE;-3383.073
2024-07-27 20:00:00;NORTE;NORDESTE;-3589.576
2024-07-27 21:00:00;NORTE;NORDESTE;-3532.03
2024-07-27 22:00:00;NORTE;NORDESTE;-3371.994
2024-07-27 23:00:00;NORTE;NORDESTE;-3350.021
2024-07-28 00:00:00;NORTE;NORDESTE;-3497.507
2024-07-28 01:00:00;NORTE;NORDESTE;-3561.565
2024-07-28 02:00:00;NORTE;NORDESTE;-3545.713
2024-07-28 03:00:00;NORTE;NORDESTE;-3428.223
2024-07-28 04:00:00;NORTE;NORDESTE;-3272.002
2024-07-28 05:00:00;NORTE;NORDESTE;-2967.071
2024-07-28 06:00:00;NORTE;NORDESTE;-2795.86499999
2024-07-28 07:00:00;NORTE;NORDESTE;-3472.209
2024-07-28 08:00:00;NORTE;NORDESTE;-3831.444
2024-07-28 09:00:00;NORTE;NORDESTE;-3804.053
2024-07-28 10:00:00;NORTE;NORDESTE;-3507.209
2024-07-28 11:00:00;NORTE;NORDESTE;-3228.719
2024-07-28 12:00:00;NORTE;NORDESTE;-3319.088
2024-07-28 13:00:00;NORTE;NORDESTE;-3462.949
2024-07-28 14:00:00;NORTE;NORDESTE;-3620.876
2024-07-28 15:00:00;NORTE;NORDESTE;-3307.922
2024-07-28 16:00:00;NORTE;NORDESTE;-2936.308
2024-07-28 17:00:00;NORTE;NORDESTE;-2560.295
2024-07-28 18:00:00;NORTE;NORDESTE;-2001.846
2024-07-28 19:00:00;NORTE;NORDESTE;-2388.72899999
2024-07-28 20:00:00;NORTE;NORDESTE;-2644.05499999
2024-07-28 21:00:00;NORTE;NORDESTE;-2811.185
2024-07-28 22:00:00;NORTE;NORDESTE;-2653.503
2024-07-28 23:00:00;NORTE;NORDESTE;-2383.802
2024-07-29 00:00:00;NORTE;NORDESTE;-2672.841
2024-07-29 01:00:00;NORTE;NORDESTE;-2823.545
2024-07-29 02:00:00;NORTE;NORDESTE;-2979.518
2024-07-29 03:00:00;NORTE;NORDESTE;-2928.077
2024-07-29 04:00:00;NORTE;NORDESTE;-2849.811
2024-07-29 05:00:00;NORTE;NORDESTE;-2920.56599999
2024-07-29 06:00:00;NORTE;NORDESTE;-3196.846
2024-07-29 07:00:00;NORTE;NORDESTE;-3901.445
2024-07-29 08:00:00;NORTE;NORDESTE;-4198.383
2024-07-29 09:00:00;NORTE;NORDESTE;-4100.836
2024-07-29 10:00:00;NORTE;NORDESTE;-4400.34
2024-07-29 11:00:00;NORTE;NORDESTE;-4549.027
2024-07-29 12:00:00;NORTE;NORDESTE;-4578.629
2024-07-29 13:00:00;NORTE;NORDESTE;-4178.862
2024-07-29 14:00:00;NORTE;NORDESTE;-4049.653
2024-07-29 15:00:00;NORTE;NORDESTE;-3440.193
2024-07-29 16:00:00;NORTE;NORDESTE;-2100.13299999
2024-07-29 17:00:00;NORTE;NORDESTE;-1037.41699999
2024-07-29 18:00:00;NORTE;NORDESTE;-1098.048
2024-07-29 19:00:00;NORTE;NORDESTE;-2104.306
2024-07-29 20:00:00;NORTE;NORDESTE;-2668.34499999
2024-07-29 21:00:00;NORTE;NORDESTE;-2652.862
2024-07-29 22:00:00;NORTE;NORDESTE;-2680.315
2024-07-29 23:00:00;NORTE;NORDESTE;-2494.23
2024-07-30 00:00:00;NORTE;NORDESTE;-2781.37
2024-07-30 01:00:00;NORTE;NORDESTE;-2650.146
2024-07-30 02:00:00;NORTE;NORDESTE;-3003.05699999
2024-07-30 03:00:00;NORTE;NORDESTE;-2970.834
2024-07-30 04:00:00;NORTE;NORDESTE;-3113.701
2024-07-30 05:00:00;NORTE;NORDESTE;-3138.011
2024-07-30 06:00:00;NORTE;NORDESTE;-3382.85
2024-07-30 07:00:00;NORTE;NORDESTE;-4120.974
2024-07-30 08:00:00;NORTE;NORDESTE;-4350.14999999
2024-07-30 09:00:00;NORTE;NORDESTE;-4560.087
2024-07-30 10:00:00;NORTE;NORDESTE;-4459.743
2024-07-30 11:00:00;NORTE;NORDESTE;-4128.578
2024-07-30 12:00:00;NORTE;NORDESTE;-3723.195
2024-07-30 13:00:00;NORTE;NORDESTE;-3540.658
2024-07-30 14:00:00;NORTE;NORDESTE;-2936.922
2024-07-30 15:00:00;NORTE;NORDESTE;-2321.222
2024-07-30 16:00:00;NORTE;NORDESTE;-1182.839
2024-07-30 17:00:00;NORTE;NORDESTE;-414.42
2024-07-30 18:00:00;NORTE;NORDESTE;-773.2
2024-07-30 19:00:00;NORTE;NORDESTE;-2568.098
2024-07-30 20:00:00;NORTE;NORDESTE;-2807.19
2024-07-30 21:00:00;NORTE;NORDESTE;-2681.913
2024-07-30 22:00:00;NORTE;NORDESTE;-2593.96999999
2024-07-30 23:00:00;NORTE;NORDESTE;-2234.618
2024-07-31 00:00:00;NORTE;NORDESTE;-2570.984
2024-07-31 01:00:00;NORTE;NORDESTE;-2725.904
2024-07-31 02:00:00;NORTE;NORDESTE;-2942.126
2024-07-31 03:00:00;NORTE;NORDESTE;-2990.335
2024-07-31 04:00:00;NORTE;NORDESTE;-2956.326
2024-07-31 05:00:00;NORTE;NORDESTE;-3059.072
2024-07-31 06:00:00;NORTE;NORDESTE;-3492.023
2024-07-31 07:00:00;NORTE;NORDESTE;-3905.259
2024-07-31 08:00:00;NORTE;NORDESTE;-3956.585
2024-07-31 09:00:00;NORTE;NORDESTE;-3964.235
2024-07-31 10:00:00;NORTE;NORDESTE;-4070.272
2024-07-31 11:00:00;NORTE;NORDESTE;-4080.543
2024-07-31 12:00:00;NORTE;NORDESTE;-4043.002
2024-07-31 13:00:00;NORTE;NORDESTE;-3987.898
2024-07-31 14:00:00;NORTE;NORDESTE;-3971.587
2024-07-31 15:00:00;NORTE;NORDESTE;-4032.129
2024-07-31 16:00:00;NORTE;NORDESTE;-3162.129
2024-07-31 17:00:00;NORTE;NORDESTE;-2118.54799999
2024-07-31 18:00:00;NORTE;NORDESTE;-2398.083
2024-07-31 19:00:00;NORTE;NORDESTE;-2632.337
2024-07-31 20:00:00;NORTE;NORDESTE;-3132.03
2024-07-31 21:00:00;NORTE;NORDESTE;-2884.594
2024-07-31 22:00:00;NORTE;NORDESTE;-2686.157
2024-07-31 23:00:00;NORTE;NORDESTE;-2936.231
2024-08-01 00:00:00;NORTE;NORDESTE;-2942.878
2024-08-01 01:00:00;NORTE;NORDESTE;-3265.529
2024-08-01 02:00:00;NORTE;NORDESTE;-3139.33
2024-08-01 03:00:00;NORTE;NORDESTE;-3013.18199999
2024-08-01 04:00:00;NORTE;NORDESTE;-3105.86
2024-08-01 05:00:00;NORTE;NORDESTE;-3659.735
2024-08-01 06:00:00;NORTE;NORDESTE;-3997.168
2024-08-01 07:00:00;NORTE;NORDESTE;-4216.03
2024-08-01 08:00:00;NORTE;NORDESTE;-4232.202
2024-08-01 09:00:00;NORTE;NORDESTE;-4125.81499999
2024-08-01 10:00:00;NORTE;NORDESTE;-4293.49
2024-08-01 11:00:00;NORTE;NORDESTE;-4365.513
2024-08-01 12:00:00;NORTE;NORDESTE;-4333.13199999
2024-08-01 13:00:00;NORTE;NORDESTE;-4357.984
2024-08-01 14:00:00;NORTE;NORDESTE;-4164.432
2024-08-01 15:00:00;NORTE;NORDESTE;-4008.771
2024-08-01 16:00:00;NORTE;NORDESTE;-3791.311
2024-08-01 17:00:00;NORTE;NORDESTE;-2920.62399999
2024-08-01 18:00:00;NORTE;NORDESTE;-2253.293
2024-08-01 19:00:00;NORTE;NORDESTE;-3071.429
2024-08-01 20:00:00;NORTE;NORDESTE;-3576.248
2024-08-01 21:00:00;NORTE;NORDESTE;-3528.596
2024-08-01 22:00:00;NORTE;NORDESTE;-3470.697
2024-08-01 23:00:00;NORTE;NORDESTE;-3141.919
2024-08-02 00:00:00;NORTE;NORDESTE;-3037.4
2024-08-02 01:00:00;NORTE;NORDESTE;-2847.391
2024-08-02 02:00:00;NORTE;NORDESTE;-2547.821
2024-08-02 03:00:00;NORTE;NORDESTE;-2661.915
2024-08-02 04:00:00;NORTE;NORDESTE;-3150.969
2024-08-02 05:00:00;NORTE;NORDESTE;-3384.987
2024-08-02 06:00:00;NORTE;NORDESTE;-3746.424
2024-08-02 07:00:00;NORTE;NORDESTE;-3822.312
2024-08-02 08:00:00;NORTE;NORDESTE;-4184.017
2024-08-02 09:00:00;NORTE;NORDESTE;-4319.96699999
2024-08-02 10:00:00;NORTE;NORDESTE;-4190.054
2024-08-02 11:00:00;NORTE;NORDESTE;-4200.709
2024-08-02 12:00:00;NORTE;NORDESTE;-4229.115
2024-08-02 13:00:00;NORTE;NORDESTE;-4298.876
2024-08-02 14:00:00;NORTE;NORDESTE;-4087.94
2024-08-02 15:00:00;NORTE;NORDESTE;-4257.796
2024-08-02 16:00:00;NORTE;NORDESTE;-3889.167
2024-08-02 17:00:00;NORTE;NORDESTE;-3122.314
2024-08-02 18:00:00;NORTE;NORDESTE;-2938.881
2024-08-02 19:00:00;NORTE;NORDESTE;-3477.714
2024-08-02 20:00:00;NORTE;NORDESTE;-3699.149
2024-08-02 21:00:00;NORTE;NORDESTE;-3369.555
2024-08-02 22:00:00;NORTE;NORDESTE;-3143.331
2024-08-02 23:00:00;NORTE;NORDESTE;-3313.896
2024-08-03 00:00:00;NORTE;NORDESTE;-3136.107
2024-08-03 01:00:00;NORTE;NORDESTE;-3512.875
2024-08-03 02:00:00;NORTE;NORDESTE;-3310.729
2024-08-03 03:00:00;NORTE;NORDESTE;-3393.433
2024-08-03 04:00:00;NORTE;NORDESTE;-3360.487
2024-08-03 05:00:00;NORTE;NORDESTE;-3299.042
2024-08-03 06:00:00;NORTE;NORDESTE;-3980.267
2024-08-03 07:00:00;NORTE;NORDESTE;-4170.433
2024-08-03 08:00:00;NORTE;NORDESTE;-4383.854
2024-08-03 09:00:00;NORTE;NORDESTE;-4246.805
2024-08-03 10:00:00;NORTE;NORDESTE;-3954.397
2024-08-03 11:00:00;NORTE;NORDESTE;-4006.095
2024-08-03 12:00:00;NORTE;NORDESTE;-3935.123
2024-08-03 13:00:00;NORTE;NORDESTE;-3915.301
2024-08-03 14:00:00;NORTE;NORDESTE;-3970.997
2024-08-03 15:00:00;NORTE;NORDESTE;-4058.472
2024-08-03 16:00:00;NORTE;NORDESTE;-3698.742
2024-08-03 17:00:00;NORTE;NORDESTE;-2303.581
2024-08-03 18:00:00;NORTE;NORDESTE;-1921.575
2024-08-03 19:00:00;NORTE;NORDESTE;-2538.107
2024-08-03 20:00:00;NORTE;NORDESTE;-2645.299
2024-08-03 21:00:00;NORTE;NORDESTE;-3127.287
2024-08-03 22:00:00;NORTE;NORDESTE;-2995.196
2024-08-03 23:00:00;NORTE;NORDESTE;-3185.811
2024-08-04 00:00:00;NORTE;NORDESTE;-3143.117
2024-08-04 01:00:00;NORTE;NORDESTE;-3317.915
2024-08-04 02:00:00;NORTE;NORDESTE;-3354.055
2024-08-04 03:00:00;NORTE;NORDESTE;-3315.799
2024-08-04 04:00:00;NORTE;NORDESTE;-3283.696
2024-08-04 05:00:00;NORTE;NORDESTE;-3020.668
2024-08-04 06:00:00;NORTE;NORDESTE;-3240.646
2024-08-04 07:00:00;NORTE;NORDESTE;-3299.805
2024-08-04 08:00:00;NORTE;NORDESTE;-3260.324
2024-08-04 09:00:00;NORTE;NORDESTE;-2986.323
2024-08-04 10:00:00;NORTE;NORDESTE;-2829.791
2024-08-04 11:00:00;NORTE;NORDESTE;-2852.808
2024-08-04 12:00:00;NORTE;NORDESTE;-3138.436
2024-08-04 13:00:00;NORTE;NORDESTE;-3588.087
2024-08-04 14:00:00;NORTE;NORDESTE;-3994.268
2024-08-04 15:00:00;NORTE;NORDESTE;-4219.35499999
2024-08-04 16:00:00;NORTE;NORDESTE;-3998.336
2024-08-04 17:00:00;NORTE;NORDESTE;-3015.381
2024-08-04 18:00:00;NORTE;NORDESTE;-2595.987
2024-08-04 19:00:00;NORTE;NORDESTE;-3249.639
2024-08-04 20:00:00;NORTE;NORDESTE;-3685.343
2024-08-04 21:00:00;NORTE;NORDESTE;-3914.903
2024-08-04 22:00:00;NORTE;NORDESTE;-3914.758
2024-08-04 23:00:00;NORTE;NORDESTE;-3765.561
2024-08-05 00:00:00;NORTE;NORDESTE;-3796.815
2024-08-05 01:00:00;NORTE;NORDESTE;-3760.432
2024-08-05 02:00:00;NORTE;NORDESTE;-3797.676
2024-08-05 03:00:00;NORTE;NORDESTE;-3743.949
2024-08-05 04:00:00;NORTE;NORDESTE;-3795.075
2024-08-05 05:00:00;NORTE;NORDESTE;-3801.247
2024-08-05 06:00:00;NORTE;NORDESTE;-4271.107
2024-08-05 07:00:00;NORTE;NORDESTE;-4352.658
2024-08-05 08:00:00;NORTE;NORDESTE;-4409.728
2024-08-05 09:00:00;NORTE;NORDESTE;-4637.024
2024-08-05 10:00:00;NORTE;NORDESTE;-4620.154
2024-08-05 11:00:00;NORTE;NORDESTE;-4663.376
2024-08-05 12:00:00;NORTE;NORDESTE;-4522.01
2024-08-05 13:00:00;NORTE;NORDESTE;-4516.604
2024-08-05 14:00:00;NORTE;NORDESTE;-4409.411
2024-08-05 15:00:00;NORTE;NORDESTE;-4596.486
2024-08-05 16:00:00;NORTE;NORDESTE;-4250.331
2024-08-05 17:00:00;NORTE;NORDESTE;-3695.711
2024-08-05 18:00:00;NORTE;NORDESTE;-3468.756
2024-08-05 19:00:00;NORTE;NORDESTE;-3970.696
2024-08-05 20:00:00;NORTE;NORDESTE;-4310.066
2024-08-05 21:00:00;NORTE;NORDESTE;-4042.424
2024-08-05 22:00:00;NORTE;NORDESTE;-4293.844
2024-08-05 23:00:00;NORTE;NORDESTE;-4441.027
2024-08-06 00:00:00;NORTE;NORDESTE;-4284.55599999
2024-08-06 01:00:00;NORTE;NORDESTE;-4353.133
2024-08-06 02:00:00;NORTE;NORDESTE;-4568.407
2024-08-06 03:00:00;NORTE;NORDESTE;-4605.92199999
2024-08-06 04:00:00;NORTE;NORDESTE;-4506.26599999
2024-08-06 05:00:00;NORTE;NORDESTE;-4543.62299999
2024-08-06 06:00:00;NORTE;NORDESTE;-4506.348
2024-08-06 07:00:00;NORTE;NORDESTE;-4453.817
2024-08-06 08:00:00;NORTE;NORDESTE;-4692.80199999
2024-08-06 09:00:00;NORTE;NORDESTE;-4599.21699999
2024-08-06 10:00:00;NORTE;NORDESTE;-4437.808
2024-08-06 11:00:00;NORTE;NORDESTE;-4625.649
2024-08-06 12:00:00;NORTE;NORDESTE;-4636.60499999
2024-08-06 13:00:00;NORTE;NORDESTE;-4575.894
2024-08-06 14:00:00;NORTE;NORDESTE;-4460.81099999
2024-08-06 15:00:00;NORTE;NORDESTE;-4521.858
2024-08-06 16:00:00;NORTE;NORDESTE;-4281.97999999
2024-08-06 17:00:00;NORTE;NORDESTE;-3592.743
2024-08-06 18:00:00;NORTE;NORDESTE;-3097.76899999
2024-08-06 19:00:00;NORTE;NORDESTE;-3776.698
2024-08-06 20:00:00;NORTE;NORDESTE;-4205.591
2024-08-06 21:00:00;NORTE;NORDESTE;-4050.948
2024-08-06 22:00:00;NORTE;NORDESTE;-4092.389
2024-08-06 23:00:00;NORTE;NORDESTE;-3897.38
2024-08-07 00:00:00;NORTE;NORDESTE;-3786.854
2024-08-07 01:00:00;NORTE;NORDESTE;-3791.329
2024-08-07 02:00:00;NORTE;NORDESTE;-3888.79
2024-08-07 03:00:00;NORTE;NORDESTE;-3977.545
2024-08-07 04:00:00;NORTE;NORDESTE;-4121.756
2024-08-07 05:00:00;NORTE;NORDESTE;-4191.887
2024-08-07 06:00:00;NORTE;NORDESTE;-4210.103
2024-08-07 07:00:00;NORTE;NORDESTE;-4301.603
2024-08-07 08:00:00;NORTE;NORDESTE;-4570.69899999
2024-08-07 09:00:00;NORTE;NORDESTE;-4658.821
2024-08-07 10:00:00;NORTE;NORDESTE;-4555.729
2024-08-07 11:00:00;NORTE;NORDESTE;-4476.805
2024-08-07 12:00:00;NORTE;NORDESTE;-4271.22599999
2024-08-07 13:00:00;NORTE;NORDESTE;-4190.704
2024-08-07 14:00:00;NORTE;NORDESTE;-4328.785
2024-08-07 15:00:00;NORTE;NORDESTE;-4199.265
2024-08-07 16:00:00;NORTE;NORDESTE;-3618.089
2024-08-07 17:00:00;NORTE;NORDESTE;-2634.589
2024-08-07 18:00:00;NORTE;NORDESTE;-2611.259
2024-08-07 19:00:00;NORTE;NORDESTE;-3921.741
2024-08-07 20:00:00;NORTE;NORDESTE;-3643.94
2024-08-07 21:00:00;NORTE;NORDESTE;-3491.869
2024-08-07 22:00:00;NORTE;NORDESTE;-3515.645
2024-08-07 23:00:00;NORTE;NORDESTE;-3439.788
2024-08-08 00:00:00;NORTE;NORDESTE;-3606.419
2024-08-08 01:00:00;NORTE;NORDESTE;-3766.632
2024-08-08 02:00:00;NORTE;NORDESTE;-3996.186
2024-08-08 03:00:00;NORTE;NORDESTE;-3958.512
2024-08-08 04:00:00;NORTE;NORDESTE;-3896.052
2024-08-08 05:00:00;NORTE;NORDESTE;-3917.192
2024-08-08 06:00:00;NORTE;NORDESTE;-4002.352
2024-08-08 07:00:00;NORTE;NORDESTE;-4228.889
2024-08-08 08:00:00;NORTE;NORDESTE;-4311.803
2024-08-08 09:00:00;NORTE;NORDESTE;-4315.16
2024-08-08 10:00:00;NORTE;NORDESTE;-4577.259
2024-08-08 11:00:00;NORTE;NORDESTE;-4375.97599999
2024-08-08 12:00:00;NORTE;NORDESTE;-4210.442
2024-08-08 13:00:00;NORTE;NORDESTE;-3855.57
2024-08-08 14:00:00;NORTE;NORDESTE;-3568.943
2024-08-08 15:00:00;NORTE;NORDESTE;-3628.466
2024-08-08 16:00:00;NORTE;NORDESTE;-3666.617
2024-08-08 17:00:00;NORTE;NORDESTE;-3147.356
2024-08-08 18:00:00;NORTE;NORDESTE;-3103.483
2024-08-08 19:00:00;NORTE;NORDESTE;-3701.282
2024-08-08 20:00:00;NORTE;NORDESTE;-3409.949
2024-08-08 21:00:00;NORTE;NORDESTE;-3264.57
2024-08-08 22:00:00;NORTE;NORDESTE;-3411.657
2024-08-08 23:00:00;NORTE;NORDESTE;-3526.342
2024-08-09 00:00:00;NORTE;NORDESTE;-3699.171
2024-08-09 01:00:00;NORTE;NORDESTE;-4004.568
2024-08-09 02:00:00;NORTE;NORDESTE;-4160.22999999
2024-08-09 03:00:00;NORTE;NORDESTE;-4075.401
2024-08-09 04:00:00;NORTE;NORDESTE;-4000.512
2024-08-09 05:00:00;NORTE;NORDESTE;-3990.526
2024-08-09 06:00:00;NORTE;NORDESTE;-4498.85
2024-08-09 07:00:00;NORTE;NORDESTE;-4556.317
2024-08-09 08:00:00;NORTE;NORDESTE;-4652.99399999
2024-08-09 09:00:00;NORTE;NORDESTE;-4293.841
2024-08-09 10:00:00;NORTE;NORDESTE;-3815.986
2024-08-09 11:00:00;NORTE;NORDESTE;-4239.96
2024-08-09 12:00:00;NORTE;NORDESTE;-4196.04299999
2024-08-09 13:00:00;NORTE;NORDESTE;-4162.825
2024-08-09 14:00:00;NORTE;NORDESTE;-4005.32
2024-08-09 15:00:00;NORTE;NORDESTE;-3919.93
2024-08-09 16:00:00;NORTE;NORDESTE;-3258.782
2024-08-09 17:00:00;NORTE;NORDESTE;-1632.874
2024-08-09 18:00:00;NORTE;NORDESTE;-1558.955
2024-08-09 19:00:00;NORTE;NORDESTE;-2924.084
2024-08-09 20:00:00;NORTE;NORDESTE;-3281.901
2024-08-09 21:00:00;NORTE;NORDESTE;-3259.537
2024-08-09 22:00:00;NORTE;NORDESTE;-3063.45
2024-08-09 23:00:00;NORTE;NORDESTE;-2788.282
2024-08-10 00:00:00;NORTE;NORDESTE;-2900.314
2024-08-10 01:00:00;NORTE;NORDESTE;-3232.099
2024-08-10 02:00:00;NORTE;NORDESTE;-3271.688
2024-08-10 03:00:00;NORTE;NORDESTE;-3155.701
2024-08-10 04:00:00;NORTE;NORDESTE;-3179.879
2024-08-10 05:00:00;NORTE;NORDESTE;-3155.76
2024-08-10 06:00:00;NORTE;NORDESTE;-3460.996
2024-08-10 07:00:00;NORTE;NORDESTE;-3858.636
2024-08-10 08:00:00;NORTE;NORDESTE;-3791.521
2024-08-10 09:00:00;NORTE;NORDESTE;-3601.204
2024-08-10 10:00:00;NORTE;NORDESTE;-3629.068
2024-08-10 11:00:00;NORTE;NORDESTE;-3683.109
2024-08-10 12:00:00;NORTE;NORDESTE;-3830.519
2024-08-10 13:00:00;NORTE;NORDESTE;-3906.167
2024-08-10 14:00:00;NORTE;NORDESTE;-3960.033
2024-08-10 15:00:00;NORTE;NORDESTE;-3603.654
2024-08-10 16:00:00;NORTE;NORDESTE;-2284.052
2024-08-10 17:00:00;NORTE;NORDESTE;-759.245
2024-08-10 18:00:00;NORTE;NORDESTE;-426.327
2024-08-10 19:00:00;NORTE;NORDESTE;-1267.39
2024-08-10 20:00:00;NORTE;NORDESTE;-1963.862
2024-08-10 21:00:00;NORTE;NORDESTE;-2196.73
2024-08-10 22:00:00;NORTE;NORDESTE;-1566.486
2024-08-10 23:00:00;NORTE;NORDESTE;-1213.76399999
2024-08-11 00:00:00;NORTE;NORDESTE;-1246.559
2024-08-11 01:00:00;NORTE;NORDESTE;-1552.229
2024-08-11 02:00:00;NORTE;NORDESTE;-1357.60899999
2024-08-11 03:00:00;NORTE;NORDESTE;-1202.03299999
2024-08-11 04:00:00;NORTE;NORDESTE;-1055.08099999
2024-08-11 05:00:00;NORTE;NORDESTE;-889.54
2024-08-11 06:00:00;NORTE;NORDESTE;-1339.923
2024-08-11 07:00:00;NORTE;NORDESTE;-2338.54799999
2024-08-11 08:00:00;NORTE;NORDESTE;-2057.813
2024-08-11 09:00:00;NORTE;NORDESTE;-1771.787
2024-08-11 10:00:00;NORTE;NORDESTE;-1285.997
2024-08-11 11:00:00;NORTE;NORDESTE;-1159.837
2024-08-11 12:00:00;NORTE;NORDESTE;-864.908
2024-08-11 13:00:00;NORTE;NORDESTE;-727.708
2024-08-11 14:00:00;NORTE;NORDESTE;-678.97799999
2024-08-11 15:00:00;NORTE;NORDESTE;-927.282
2024-08-11 16:00:00;NORTE;NORDESTE;-1232.12899999
2024-08-11 17:00:00;NORTE;NORDESTE;-1558.6
2024-08-11 18:00:00;NORTE;NORDESTE;-2050.326
2024-08-11 19:00:00;NORTE;NORDESTE;-3068.802
2024-08-11 20:00:00;NORTE;NORDESTE;-3867.768
2024-08-11 21:00:00;NORTE;NORDESTE;-4157.438
2024-08-11 22:00:00;NORTE;NORDESTE;-4299.384
2024-08-11 23:00:00;NORTE;NORDESTE;-4238.986
2024-08-12 00:00:00;NORTE;NORDESTE;-4017.198
2024-08-12 01:00:00;NORTE;NORDESTE;-3976.915
2024-08-12 02:00:00;NORTE;NORDESTE;-3896.711
2024-08-12 03:00:00;NORTE;NORDESTE;-4047.706
2024-08-12 04:00:00;NORTE;NORDESTE;-3900.196
2024-08-12 05:00:00;NORTE;NORDESTE;-3471.333
2024-08-12 06:00:00;NORTE;NORDESTE;-3541.92
2024-08-12 07:00:00;NORTE;NORDESTE;-3829.93
2024-08-12 08:00:00;NORTE;NORDESTE;-4290.58299999
2024-08-12 09:00:00;NORTE;NORDESTE;-4244.145
2024-08-12 10:00:00;NORTE;NORDESTE;-4125.767
2024-08-12 11:00:00;NORTE;NORDESTE;-4154.447
2024-08-12 12:00:00;NORTE;NORDESTE;-3952.525
2024-08-12 13:00:00;NORTE;NORDESTE;-3737.389
2024-08-12 14:00:00;NORTE;NORDESTE;-3497.087
2024-08-12 15:00:00;NORTE;NORDESTE;-3084.646
2024-08-12 16:00:00;NORTE;NORDESTE;-2271.745
2024-08-12 17:00:00;NORTE;NORDESTE;-1057.229
2024-08-12 18:00:00;NORTE;NORDESTE;-863.354
2024-08-12 19:00:00;NORTE;NORDESTE;-1726.057
2024-08-12 20:00:00;NORTE;NORDESTE;-2752.794
2024-08-12 21:00:00;NORTE;NORDESTE;-2871.134
2024-08-12 22:00:00;NORTE;NORDESTE;-2689.21099999
2024-08-12 23:00:00;NORTE;NORDESTE;-2699.637
2024-08-13 00:00:00;NORTE;NORDESTE;-2520.842
2024-08-13 01:00:00;NORTE;NORDESTE;-2384.841
2024-08-13 02:00:00;NORTE;NORDESTE;-2047.724
2024-08-13 03:00:00;NORTE;NORDESTE;-1772.075
2024-08-13 04:00:00;NORTE;NORDESTE;-1646.597
2024-08-13 05:00:00;NORTE;NORDESTE;-1607.349
2024-08-13 06:00:00;NORTE;NORDESTE;-2146.26899999
2024-08-13 07:00:00;NORTE;NORDESTE;-3168.791
2024-08-13 08:00:00;NORTE;NORDESTE;-3426.315
2024-08-13 09:00:00;NORTE;NORDESTE;-3313.196
2024-08-13 10:00:00;NORTE;NORDESTE;-3425.384
2024-08-13 11:00:00;NORTE;NORDESTE;-3556.487
2024-08-13 12:00:00;NORTE;NORDESTE;-3636.936
2024-08-13 13:00:00;NORTE;NORDESTE;-3766.346
2024-08-13 14:00:00;NORTE;NORDESTE;-3918.723
2024-08-13 15:00:00;NORTE;NORDESTE;-3952.679
2024-08-13 16:00:00;NORTE;NORDESTE;-3692.259
2024-08-13 17:00:00;NORTE;NORDESTE;-3158.313
2024-08-13 18:00:00;NORTE;NORDESTE;-3089.638
2024-08-13 19:00:00;NORTE;NORDESTE;-3279.366
2024-08-13 20:00:00;NORTE;NORDESTE;-3812.36
2024-08-13 21:00:00;NORTE;NORDESTE;-3798.739
2024-08-13 22:00:00;NORTE;NORDESTE;-3365.32
2024-08-13 23:00:00;NORTE;NORDESTE;-3299.022
2024-08-14 00:00:00;NORTE;NORDESTE;-3424.44
2024-08-14 01:00:00;NORTE;NORDESTE;-3952.593
2024-08-14 02:00:00;NORTE;NORDESTE;-4033.188
2024-08-14 03:00:00;NORTE;NORDESTE;-4043.497
2024-08-14 04:00:00;NORTE;NORDESTE;-4041.134
2024-08-14 05:00:00;NORTE;NORDESTE;-4026.441
2024-08-14 06:00:00;NORTE;NORDESTE;-3962.004
2024-08-14 07:00:00;NORTE;NORDESTE;-3972.391
2024-08-14 08:00:00;NORTE;NORDESTE;-4217.996
2024-08-14 09:00:00;NORTE;NORDESTE;-4316.733
2024-08-14 10:00:00;NORTE;NORDESTE;-4409.495
2024-08-14 11:00:00;NORTE;NORDESTE;-4402.082
2024-08-14 12:00:00;NORTE;NORDESTE;-4516.91299999
2024-08-14 13:00:00;NORTE;NORDESTE;-4455.809
2024-08-14 14:00:00;NORTE;NORDESTE;-4454.169
2024-08-14 15:00:00;NORTE;NORDESTE;-4602.41799999
2024-08-14 16:00:00;NORTE;NORDESTE;-4324.567
2024-08-14 17:00:00;NORTE;NORDESTE;-3598.171
2024-08-14 18:00:00;NORTE;NORDESTE;-3393.254
2024-08-14 19:00:00;NORTE;NORDESTE;-3855.793
2024-08-14 20:00:00;NORTE;NORDESTE;-4154.96699999
2024-08-14 21:00:00;NORTE;NORDESTE;-4159.569
2024-08-14 22:00:00;NORTE;NORDESTE;-3951.92
2024-08-14 23:00:00;NORTE;NORDESTE;-3743.93
2024-08-15 00:00:00;NORTE;NORDESTE;-3726.016
2024-08-15 01:00:00;NORTE;NORDESTE;-3676.154
2024-08-15 02:00:00;NORTE;NORDESTE;-3571.011
2024-08-15 03:00:00;NORTE;NORDESTE;-3571.434
2024-08-15 04:00:00;NORTE;NORDESTE;-3592.723
2024-08-15 05:00:00;NORTE;NORDESTE;-3803.39
2024-08-15 06:00:00;NORTE;NORDESTE;-4029.662
2024-08-15 07:00:00;NORTE;NORDESTE;-4289.89
2024-08-15 08:00:00;NORTE;NORDESTE;-4417.893
2024-08-15 09:00:00;NORTE;NORDESTE;-4419.928
2024-08-15 10:00:00;NORTE;NORDESTE;-4415.897
2024-08-15 11:00:00;NORTE;NORDESTE;-4560.98899999
2024-08-15 12:00:00;NORTE;NORDESTE;-4616.597
2024-08-15 13:00:00;NORTE;NORDESTE;-4513.41799999
2024-08-15 14:00:00;NORTE;NORDESTE;-4560.791
2024-08-15 15:00:00;NORTE;NORDESTE;-4421.86899999
2024-08-15 16:00:00;NORTE;NORDESTE;-3811.04
2024-08-15 17:00:00;NORTE;NORDESTE;-3478.823
2024-08-15 18:00:00;NORTE;NORDESTE;-3074.382
2024-08-15 19:00:00;NORTE;NORDESTE;-3914.83
2024-08-15 20:00:00;NORTE;NORDESTE;-4084.993
2024-08-15 21:00:00;NORTE;NORDESTE;-4088.424
2024-08-15 22:00:00;NORTE;NORDESTE;-3823.987
2024-08-15 23:00:00;NORTE;NORDESTE;-3623.658
2024-08-16 00:00:00;NORTE;NORDESTE;-3471.992
2024-08-16 01:00:00;NORTE;NORDESTE;-3356.604
2024-08-16 02:00:00;NORTE;NORDESTE;-3551.022
2024-08-16 03:00:00;NORTE;NORDESTE;-3540.933
2024-08-16 04:00:00;NORTE;NORDESTE;-3775.712
2024-08-16 05:00:00;NORTE;NORDESTE;-3828.681
2024-08-16 06:00:00;NORTE;NORDESTE;-4082.2
2024-08-16 07:00:00;NORTE;NORDESTE;-4029.913
2024-08-16 08:00:00;NORTE;NORDESTE;-4505.262
2024-08-16 09:00:00;NORTE;NORDESTE;-4610.679
2024-08-16 10:00:00;NORTE;NORDESTE;-4612.7
2024-08-16 11:00:00;NORTE;NORDESTE;-4584.533
2024-08-16 12:00:00;NORTE;NORDESTE;-4665.973
2024-08-16 13:00:00;NORTE;NORDESTE;-4622.435
2024-08-16 14:00:00;NORTE;NORDESTE;-4556.546
2024-08-16 15:00:00;NORTE;NORDESTE;-4337.138
2024-08-16 16:00:00;NORTE;NORDESTE;-4017.723
2024-08-16 17:00:00;NORTE;NORDESTE;-3277.393
2024-08-16 18:00:00;NORTE;NORDESTE;-2815.861
2024-08-16 19:00:00;NORTE;NORDESTE;-3213.92
2024-08-16 20:00:00;NORTE;NORDESTE;-3607.961
2024-08-16 21:00:00;NORTE;NORDESTE;-3757.564
2024-08-16 22:00:00;NORTE;NORDESTE;-3741.081
2024-08-16 23:00:00;NORTE;NORDESTE;-3039.13
2024-08-17 00:00:00;NORTE;NORDESTE;-3225.887
2024-08-17 01:00:00;NORTE;NORDESTE;-3416.716
2024-08-17 02:00:00;NORTE;NORDESTE;-3477.7
2024-08-17 03:00:00;NORTE;NORDESTE;-3487.643
2024-08-17 04:00:00;NORTE;NORDESTE;-3588.52
2024-08-17 05:00:00;NORTE;NORDESTE;-3546.465
2024-08-17 06:00:00;NORTE;NORDESTE;-3632.666
2024-08-17 07:00:00;NORTE;NORDESTE;-3969.351
2024-08-17 08:00:00;NORTE;NORDESTE;-4667.854
2024-08-17 09:00:00;NORTE;NORDESTE;-4557.899
2024-08-17 10:00:00;NORTE;NORDESTE;-4295.7
2024-08-17 11:00:00;NORTE;NORDESTE;-3974.394
2024-08-17 12:00:00;NORTE;NORDESTE;-3437.294
2024-08-17 13:00:00;NORTE;NORDESTE;-3371.875
2024-08-17 14:00:00;NORTE;NORDESTE;-3865.77
2024-08-17 15:00:00;NORTE;NORDESTE;-4351.888
2024-08-17 16:00:00;NORTE;NORDESTE;-3901.584
2024-08-17 17:00:00;NORTE;NORDESTE;-2847.06
2024-08-17 18:00:00;NORTE;NORDESTE;-2216.187
2024-08-17 19:00:00;NORTE;NORDESTE;-2632.134
2024-08-17 20:00:00;NORTE;NORDESTE;-2923.743
2024-08-17 21:00:00;NORTE;NORDESTE;-3025.017
2024-08-17 22:00:00;NORTE;NORDESTE;-3160.163
2024-08-17 23:00:00;NORTE;NORDESTE;-3008.099
2024-08-18 00:00:00;NORTE;NORDESTE;-2818.187
2024-08-18 01:00:00;NORTE;NORDESTE;-2551.858
2024-08-18 02:00:00;NORTE;NORDESTE;-2146.91199999
2024-08-18 03:00:00;NORTE;NORDESTE;-2083.817
2024-08-18 04:00:00;NORTE;NORDESTE;-2512.003
2024-08-18 05:00:00;NORTE;NORDESTE;-2759.085
2024-08-18 06:00:00;NORTE;NORDESTE;-3217.223
2024-08-18 07:00:00;NORTE;NORDESTE;-3859.414
2024-08-18 08:00:00;NORTE;NORDESTE;-3223.805
2024-08-18 09:00:00;NORTE;NORDESTE;-2822.776
2024-08-18 10:00:00;NORTE;NORDESTE;-2358.882
2024-08-18 11:00:00;NORTE;NORDESTE;-2080.29799999
2024-08-18 12:00:00;NORTE;NORDESTE;-2001.685
2024-08-18 13:00:00;NORTE;NORDESTE;-2226.123
2024-08-18 14:00:00;NORTE;NORDESTE;-2644.676
2024-08-18 15:00:00;NORTE;NORDESTE;-3085.202
2024-08-18 16:00:00;NORTE;NORDESTE;-3300.886
2024-08-18 17:00:00;NORTE;NORDESTE;-2589.98799999
2024-08-18 18:00:00;NORTE;NORDESTE;-2279.754
2024-08-18 19:00:00;NORTE;NORDESTE;-2339.77
2024-08-18 20:00:00;NORTE;NORDESTE;-2797.361
2024-08-18 21:00:00;NORTE;NORDESTE;-2909.879
2024-08-18 22:00:00;NORTE;NORDESTE;-2942.08
2024-08-18 23:00:00;NORTE;NORDESTE;-3037.53
2024-08-19 00:00:00;NORTE;NORDESTE;-2915.848
2024-08-19 01:00:00;NORTE;NORDESTE;-3024.965
2024-08-19 02:00:00;NORTE;NORDESTE;-2930.276
2024-08-19 03:00:00;NORTE;NORDESTE;-2885.163
2024-08-19 04:00:00;NORTE;NORDESTE;-2746.023
2024-08-19 05:00:00;NORTE;NORDESTE;-2764.238
2024-08-19 06:00:00;NORTE;NORDESTE;-3388.649
2024-08-19 07:00:00;NORTE;NORDESTE;-4018.32
2024-08-19 08:00:00;NORTE;NORDESTE;-4498.238
2024-08-19 09:00:00;NORTE;NORDESTE;-4486.7
2024-08-19 10:00:00;NORTE;NORDESTE;-4370.312
2024-08-19 11:00:00;NORTE;NORDESTE;-4333.964
2024-08-19 12:00:00;NORTE;NORDESTE;-4295.455
2024-08-19 13:00:00;NORTE;NORDESTE;-4493.365
2024-08-19 14:00:00;NORTE;NORDESTE;-4540.122
2024-08-19 15:00:00;NORTE;NORDESTE;-4268.82
2024-08-19 16:00:00;NORTE;NORDESTE;-3944.111
2024-08-19 17:00:00;NORTE;NORDESTE;-3447.575
2024-08-19 18:00:00;NORTE;NORDESTE;-3163.401
2024-08-19 19:00:00;NORTE;NORDESTE;-4083.586
2024-08-19 20:00:00;NORTE;NORDESTE;-4349.938
2024-08-19 21:00:00;NORTE;NORDESTE;-4467.309
2024-08-19 22:00:00;NORTE;NORDESTE;-4387.41
2024-08-19 23:00:00;NORTE;NORDESTE;-4418.04299999
2024-08-20 00:00:00;NORTE;NORDESTE;-4301.496
2024-08-20 01:00:00;NORTE;NORDESTE;-4339.384
2024-08-20 02:00:00;NORTE;NORDESTE;-4296.957
2024-08-20 03:00:00;NORTE;NORDESTE;-4200.16799999
2024-08-20 04:00:00;NORTE;NORDESTE;-4071.666
2024-08-20 05:00:00;NORTE;NORDESTE;-4092.52
2024-08-20 06:00:00;NORTE;NORDESTE;-3962.123
2024-08-20 07:00:00;NORTE;NORDESTE;-4217.526
2024-08-20 08:00:00;NORTE;NORDESTE;-4694.185
2024-08-20 09:00:00;NORTE;NORDESTE;-4674.04299999
2024-08-20 10:00:00;NORTE;NORDESTE;-4559.674
2024-08-20 11:00:00;NORTE;NORDESTE;-4536.02499999
2024-08-20 12:00:00;NORTE;NORDESTE;-4155.325
2024-08-20 13:00:00;NORTE;NORDESTE;-4129.371
2024-08-20 14:00:00;NORTE;NORDESTE;-4165.102
2024-08-20 15:00:00;NORTE;NORDESTE;-4186.157
2024-08-20 16:00:00;NORTE;NORDESTE;-3387.625
2024-08-20 17:00:00;NORTE;NORDESTE;-2673.699
2024-08-20 18:00:00;NORTE;NORDESTE;-2953.161
2024-08-20 19:00:00;NORTE;NORDESTE;-4188.683
2024-08-20 20:00:00;NORTE;NORDESTE;-4614.532
2024-08-20 21:00:00;NORTE;NORDESTE;-4424.273
2024-08-20 22:00:00;NORTE;NORDESTE;-4544.968
2024-08-20 23:00:00;NORTE;NORDESTE;-4505.36899999
2024-08-21 00:00:00;NORTE;NORDESTE;-4393.939
2024-08-21 01:00:00;NORTE;NORDESTE;-4329.68099999
2024-08-21 02:00:00;NORTE;NORDESTE;-4264.261
2024-08-21 03:00:00;NORTE;NORDESTE;-4143.635
2024-08-21 04:00:00;NORTE;NORDESTE;-3996.789
2024-08-21 05:00:00;NORTE;NORDESTE;-3941.472
2024-08-21 06:00:00;NORTE;NORDESTE;-4066.169
2024-08-21 07:00:00;NORTE;NORDESTE;-4497.21
2024-08-21 08:00:00;NORTE;NORDESTE;-4719.868
2024-08-21 09:00:00;NORTE;NORDESTE;-4663.103
2024-08-21 10:00:00;NORTE;NORDESTE;-4564.37299999
2024-08-21 11:00:00;NORTE;NORDESTE;-4637.912
2024-08-21 12:00:00;NORTE;NORDESTE;-4635.227
2024-08-21 13:00:00;NORTE;NORDESTE;-4661.129
2024-08-21 14:00:00;NORTE;NORDESTE;-4466.169
2024-08-21 15:00:00;NORTE;NORDESTE;-4365.241
2024-08-21 16:00:00;NORTE;NORDESTE;-4157.863
2024-08-21 17:00:00;NORTE;NORDESTE;-3801.177
2024-08-21 18:00:00;NORTE;NORDESTE;-3982.914
2024-08-21 19:00:00;NORTE;NORDESTE;-4229.142
2024-08-21 20:00:00;NORTE;NORDESTE;-4134.982
2024-08-21 21:00:00;NORTE;NORDESTE;-4100.144
2024-08-21 22:00:00;NORTE;NORDESTE;-4146.02
2024-08-21 23:00:00;NORTE;NORDESTE;-4125.111
2024-08-22 00:00:00;NORTE;NORDESTE;-4307.64099999
2024-08-22 01:00:00;NORTE;NORDESTE;-4325.023
2024-08-22 02:00:00;NORTE;NORDESTE;-4332.242
2024-08-22 03:00:00;NORTE;NORDESTE;-4184.871
2024-08-22 04:00:00;NORTE;NORDESTE;-4118.512
2024-08-22 05:00:00;NORTE;NORDESTE;-4146.68099999
2024-08-22 06:00:00;NORTE;NORDESTE;-4140.956
2024-08-22 07:00:00;NORTE;NORDESTE;-4500.296
2024-08-22 08:00:00;NORTE;NORDESTE;-4643.749
2024-08-22 09:00:00;NORTE;NORDESTE;-4624.66299999
2024-08-22 10:00:00;NORTE;NORDESTE;-4581.39999999
2024-08-22 11:00:00;NORTE;NORDESTE;-4720.204
2024-08-22 12:00:00;NORTE;NORDESTE;-4670.981
2024-08-22 13:00:00;NORTE;NORDESTE;-4432.01599999
2024-08-22 14:00:00;NORTE;NORDESTE;-4477.33
2024-08-22 15:00:00;NORTE;NORDESTE;-4300.777
2024-08-22 16:00:00;NORTE;NORDESTE;-3937.421
2024-08-22 17:00:00;NORTE;NORDESTE;-3865.264
2024-08-22 18:00:00;NORTE;NORDESTE;-3945.837
2024-08-22 19:00:00;NORTE;NORDESTE;-4186.124
2024-08-22 20:00:00;NORTE;NORDESTE;-4170.997
2024-08-22 21:00:00;NORTE;NORDESTE;-4031.428
2024-08-22 22:00:00;NORTE;NORDESTE;-4177.907
2024-08-22 23:00:00;NORTE;NORDESTE;-4011.455
2024-08-23 00:00:00;NORTE;NORDESTE;-3855.85
2024-08-23 01:00:00;NORTE;NORDESTE;-3465.241
2024-08-23 02:00:00;NORTE;NORDESTE;-3496.186
2024-08-23 03:00:00;NORTE;NORDESTE;-3726.291
2024-08-23 04:00:00;NORTE;NORDESTE;-3801.957
2024-08-23 05:00:00;NORTE;NORDESTE;-4007.389
2024-08-23 06:00:00;NORTE;NORDESTE;-4104.131
2024-08-23 07:00:00;NORTE;NORDESTE;-4400.997
2024-08-23 08:00:00;NORTE;NORDESTE;-4598.785
2024-08-23 09:00:00;NORTE;NORDESTE;-4618.598
2024-08-23 10:00:00;NORTE;NORDESTE;-4598.285
2024-08-23 11:00:00;NORTE;NORDESTE;-4688.447
2024-08-23 12:00:00;NORTE;NORDESTE;-4714.87
2024-08-23 13:00:00;NORTE;NORDESTE;-4732.252
2024-08-23 14:00:00;NORTE;NORDESTE;-4602.205
2024-08-23 15:00:00;NORTE;NORDESTE;-4701.75699999
2024-08-23 16:00:00;NORTE;NORDESTE;-4289.982
2024-08-23 17:00:00;NORTE;NORDESTE;-3124.772
2024-08-23 18:00:00;NORTE;NORDESTE;-2415.41
2024-08-23 19:00:00;NORTE;NORDESTE;-2966.588
2024-08-23 20:00:00;NORTE;NORDESTE;-3653.416
2024-08-23 21:00:00;NORTE;NORDESTE;-3610.773
2024-08-23 22:00:00;NORTE;NORDESTE;-3715.342
2024-08-23 23:00:00;NORTE;NORDESTE;-3463.135
2024-08-24 00:00:00;NORTE;NORDESTE;-3505.88
2024-08-24 01:00:00;NORTE;NORDESTE;-3388.589
2024-08-24 02:00:00;NORTE;NORDESTE;-3304.515
2024-08-24 03:00:00;NORTE;NORDESTE;-3412.284
2024-08-24 04:00:00;NORTE;NORDESTE;-3265.508
2024-08-24 05:00:00;NORTE;NORDESTE;-3101.069
2024-08-24 06:00:00;NORTE;NORDESTE;-3738.617
2024-08-24 07:00:00;NORTE;NORDESTE;-4597.006
2024-08-24 08:00:00;NORTE;NORDESTE;-4131.705
2024-08-24 09:00:00;NORTE;NORDESTE;-4240.66799999
2024-08-24 10:00:00;NORTE;NORDESTE;-4056.831
2024-08-24 11:00:00;NORTE;NORDESTE;-3966.554
2024-08-24 12:00:00;NORTE;NORDESTE;-3942.885
2024-08-24 13:00:00;NORTE;NORDESTE;-4064.406
2024-08-24 14:00:00;NORTE;NORDESTE;-4039.021
2024-08-24 15:00:00;NORTE;NORDESTE;-4037.206
2024-08-24 16:00:00;NORTE;NORDESTE;-3511.685
2024-08-24 17:00:00;NORTE;NORDESTE;-2609.812
2024-08-24 18:00:00;NORTE;NORDESTE;-2313.339
2024-08-24 19:00:00;NORTE;NORDESTE;-2986.149
2024-08-24 20:00:00;NORTE;NORDESTE;-3508.09499999
2024-08-24 21:00:00;NORTE;NORDESTE;-3237.033
2024-08-24 22:00:00;NORTE;NORDESTE;-2888.796
2024-08-24 23:00:00;NORTE;NORDESTE;-3112.721
2024-08-25 00:00:00;NORTE;NORDESTE;-3491.401
2024-08-25 01:00:00;NORTE;NORDESTE;-3581.708
2024-08-25 02:00:00;NORTE;NORDESTE;-3662.23
2024-08-25 03:00:00;NORTE;NORDESTE;-3795.4
2024-08-25 04:00:00;NORTE;NORDESTE;-4085.887
2024-08-25 05:00:00;NORTE;NORDESTE;-4104.053
2024-08-25 06:00:00;NORTE;NORDESTE;-4165.933
2024-08-25 07:00:00;NORTE;NORDESTE;-4160.513
2024-08-25 08:00:00;NORTE;NORDESTE;-3930.619
2024-08-25 09:00:00;NORTE;NORDESTE;-3619.316
2024-08-25 10:00:00;NORTE;NORDESTE;-3445.623
2024-08-25 11:00:00;NORTE;NORDESTE;-3597.821
2024-08-25 12:00:00;NORTE;NORDESTE;-3716.807
2024-08-25 13:00:00;NORTE;NORDESTE;-3786.51
2024-08-25 14:00:00;NORTE;NORDESTE;-3770.523
2024-08-25 15:00:00;NORTE;NORDESTE;-3736.419
2024-08-25 16:00:00;NORTE;NORDESTE;-3570.069
2024-08-25 17:00:00;NORTE;NORDESTE;-2603.282
2024-08-25 18:00:00;NORTE;NORDESTE;-2729.111
2024-08-25 19:00:00;NORTE;NORDESTE;-3724.461
2024-08-25 20:00:00;NORTE;NORDESTE;-4200.002
2024-08-25 21:00:00;NORTE;NORDESTE;-4139.78799999
2024-08-25 22:00:00;NORTE;NORDESTE;-4219.728
2024-08-25 23:00:00;NORTE;NORDESTE;-4420.018
2024-08-26 00:00:00;NORTE;NORDESTE;-4521.822
2024-08-26 01:00:00;NORTE;NORDESTE;-4429.93999999
2024-08-26 02:00:00;NORTE;NORDESTE;-4610.857
2024-08-26 03:00:00;NORTE;NORDESTE;-4489.145
2024-08-26 04:00:00;NORTE;NORDESTE;-4604.496
2024-08-26 05:00:00;NORTE;NORDESTE;-4454.535
2024-08-26 06:00:00;NORTE;NORDESTE;-4378.727
2024-08-26 07:00:00;NORTE;NORDESTE;-4374.03799999
2024-08-26 08:00:00;NORTE;NORDESTE;-4543.24
2024-08-26 09:00:00;NORTE;NORDESTE;-4629.674
2024-08-26 10:00:00;NORTE;NORDESTE;-4293.14999999
2024-08-26 11:00:00;NORTE;NORDESTE;-4078.11
2024-08-26 12:00:00;NORTE;NORDESTE;-3858.294
2024-08-26 13:00:00;NORTE;NORDESTE;-3831.136
2024-08-26 14:00:00;NORTE;NORDESTE;-3913.997
2024-08-26 15:00:00;NORTE;NORDESTE;-3598.78
2024-08-26 16:00:00;NORTE;NORDESTE;-3444.328
2024-08-26 17:00:00;NORTE;NORDESTE;-3435.041
2024-08-26 18:00:00;NORTE;NORDESTE;-3317.309
2024-08-26 19:00:00;NORTE;NORDESTE;-3974.75
2024-08-26 20:00:00;NORTE;NORDESTE;-4392.296
2024-08-26 21:00:00;NORTE;NORDESTE;-4541.972
2024-08-26 22:00:00;NORTE;NORDESTE;-4565.344
2024-08-26 23:00:00;NORTE;NORDESTE;-4421.984
2024-08-27 00:00:00;NORTE;NORDESTE;-4387.71
2024-08-27 01:00:00;NORTE;NORDESTE;-4338.611
2024-08-27 02:00:00;NORTE;NORDESTE;-4111.152
2024-08-27 03:00:00;NORTE;NORDESTE;-3802.545
2024-08-27 04:00:00;NORTE;NORDESTE;-3629.161
2024-08-27 05:00:00;NORTE;NORDESTE;-3624.19
2024-08-27 06:00:00;NORTE;NORDESTE;-3976.953
2024-08-27 07:00:00;NORTE;NORDESTE;-4115.22099999
2024-08-27 08:00:00;NORTE;NORDESTE;-4388.74
2024-08-27 09:00:00;NORTE;NORDESTE;-4435.352
2024-08-27 10:00:00;NORTE;NORDESTE;-4467.53
2024-08-27 11:00:00;NORTE;NORDESTE;-4588.152
2024-08-27 12:00:00;NORTE;NORDESTE;-4618.05599999
2024-08-27 13:00:00;NORTE;NORDESTE;-4614.10499999
2024-08-27 14:00:00;NORTE;NORDESTE;-4375.151
2024-08-27 15:00:00;NORTE;NORDESTE;-3954.415
2024-08-27 16:00:00;NORTE;NORDESTE;-3501.426
2024-08-27 17:00:00;NORTE;NORDESTE;-3426.672
2024-08-27 18:00:00;NORTE;NORDESTE;-3380.0
2024-08-27 19:00:00;NORTE;NORDESTE;-3808.224
2024-08-27 20:00:00;NORTE;NORDESTE;-3981.874
2024-08-27 21:00:00;NORTE;NORDESTE;-4094.331
2024-08-27 22:00:00;NORTE;NORDESTE;-4104.57
2024-08-27 23:00:00;NORTE;NORDESTE;-3867.487
2024-08-28 00:00:00;NORTE;NORDESTE;-3910.673
2024-08-28 01:00:00;NORTE;NORDESTE;-3978.284
2024-08-28 02:00:00;NORTE;NORDESTE;-4030.477
2024-08-28 03:00:00;NORTE;NORDESTE;-3977.956
2024-08-28 04:00:00;NORTE;NORDESTE;-3935.978
2024-08-28 05:00:00;NORTE;NORDESTE;-3941.612
2024-08-28 06:00:00;NORTE;NORDESTE;-4318.765
2024-08-28 07:00:00;NORTE;NORDESTE;-4440.26599999
2024-08-28 08:00:00;NORTE;NORDESTE;-4640.425
2024-08-28 09:00:00;NORTE;NORDESTE;-4456.22
2024-08-28 10:00:00;NORTE;NORDESTE;-4400.707
2024-08-28 11:00:00;NORTE;NORDESTE;-4210.271
2024-08-28 12:00:00;NORTE;NORDESTE;-4129.764
2024-08-28 13:00:00;NORTE;NORDESTE;-4368.299
2024-08-28 14:00:00;NORTE;NORDESTE;-4401.857
2024-08-28 15:00:00;NORTE;NORDESTE;-4324.17699999
2024-08-28 16:00:00;NORTE;NORDESTE;-4065.235
2024-08-28 17:00:00;NORTE;NORDESTE;-3793.603
2024-08-28 18:00:00;NORTE;NORDESTE;-3383.96999999
2024-08-28 19:00:00;NORTE;NORDESTE;-3537.483
2024-08-28 20:00:00;NORTE;NORDESTE;-4045.143
2024-08-28 21:00:00;NORTE;NORDESTE;-4132.493
2024-08-28 22:00:00;NORTE;NORDESTE;-4069.355
2024-08-28 23:00:00;NORTE;NORDESTE;-4188.201
2024-08-29 00:00:00;NORTE;NORDESTE;-4251.81
2024-08-29 01:00:00;NORTE;NORDESTE;-4127.64099999
2024-08-29 02:00:00;NORTE;NORDESTE;-4052.414
2024-08-29 03:00:00;NORTE;NORDESTE;-3923.718
2024-08-29 04:00:00;NORTE;NORDESTE;-3811.453
2024-08-29 05:00:00;NORTE;NORDESTE;-3685.687
2024-08-29 06:00:00;NORTE;NORDESTE;-4038.816
2024-08-29 07:00:00;NORTE;NORDESTE;-4091.273
2024-08-29 08:00:00;NORTE;NORDESTE;-4223.49399999
2024-08-29 09:00:00;NORTE;NORDESTE;-4358.192
2024-08-29 10:00:00;NORTE;NORDESTE;-4379.763
2024-08-29 11:00:00;NORTE;NORDESTE;-4355.508
2024-08-29 12:00:00;NORTE;NORDESTE;-4254.791
2024-08-29 13:00:00;NORTE;NORDESTE;-4357.694
2024-08-29 14:00:00;NORTE;NORDESTE;-4378.42199999
2024-08-29 15:00:00;NORTE;NORDESTE;-4059.551
2024-08-29 16:00:00;NORTE;NORDESTE;-3586.587
2024-08-29 17:00:00;NORTE;NORDESTE;-3463.734
2024-08-29 18:00:00;NORTE;NORDESTE;-3019.487
2024-08-29 19:00:00;NORTE;NORDESTE;-3201.156
2024-08-29 20:00:00;NORTE;NORDESTE;-3384.497
2024-08-29 21:00:00;NORTE;NORDESTE;-3629.978
2024-08-29 22:00:00;NORTE;NORDESTE;-3692.792
2024-08-29 23:00:00;NORTE;NORDESTE;-3495.477
2024-08-30 00:00:00;NORTE;NORDESTE;-3579.809
2024-08-30 01:00:00;NORTE;NORDESTE;-3698.111
2024-08-30 02:00:00;NORTE;NORDESTE;-3656.918
2024-08-30 03:00:00;NORTE;NORDESTE;-3590.924
2024-08-30 04:00:00;NORTE;NORDESTE;-3546.836
2024-08-30 05:00:00;NORTE;NORDESTE;-3470.081
2024-08-30 06:00:00;NORTE;NORDESTE;-3822.264
2024-08-30 07:00:00;NORTE;NORDESTE;-4071.51
2024-08-30 08:00:00;NORTE;NORDESTE;-4405.974
2024-08-30 09:00:00;NORTE;NORDESTE;-4550.627
2024-08-30 10:00:00;NORTE;NORDESTE;-4470.381
2024-08-30 11:00:00;NORTE;NORDESTE;-4483.25
2024-08-30 12:00:00;NORTE;NORDESTE;-4492.73899999
2024-08-30 13:00:00;NORTE;NORDESTE;-4461.35
2024-08-30 14:00:00;NORTE;NORDESTE;-4488.12
2024-08-30 15:00:00;NORTE;NORDESTE;-4240.82399999
2024-08-30 16:00:00;NORTE;NORDESTE;-3967.202
2024-08-30 17:00:00;NORTE;NORDESTE;-2619.139
2024-08-30 18:00:00;NORTE;NORDESTE;-1528.655
2024-08-30 19:00:00;NORTE;NORDESTE;-2210.742
2024-08-30 20:00:00;NORTE;NORDESTE;-2738.178
2024-08-30 21:00:00;NORTE;NORDESTE;-3277.67299999
2024-08-30 22:00:00;NORTE;NORDESTE;-3208.94
2024-08-30 23:00:00;NORTE;NORDESTE;-2914.152
2024-08-31 00:00:00;NORTE;NORDESTE;-2657.489
2024-08-31 01:00:00;NORTE;NORDESTE;-2784.169
2024-08-31 02:00:00;NORTE;NORDESTE;-2808.605
2024-08-31 03:00:00;NORTE;NORDESTE;-2854.867
2024-08-31 04:00:00;NORTE;NORDESTE;-2821.757
2024-08-31 05:00:00;NORTE;NORDESTE;-2925.188
2024-08-31 06:00:00;NORTE;NORDESTE;-3369.84
2024-08-31 07:00:00;NORTE;NORDESTE;-4509.772
2024-08-31 08:00:00;NORTE;NORDESTE;-4347.282
2024-08-31 09:00:00;NORTE;NORDESTE;-4173.865
2024-08-31 10:00:00;NORTE;NORDESTE;-4187.88
2024-08-31 11:00:00;NORTE;NORDESTE;-4212.079
2024-08-31 12:00:00;NORTE;NORDESTE;-4233.438
2024-08-31 13:00:00;NORTE;NORDESTE;-4344.194
2024-08-31 14:00:00;NORTE;NORDESTE;-4500.78
2024-08-31 15:00:00;NORTE;NORDESTE;-4548.45
2024-08-31 16:00:00;NORTE;NORDESTE;-4121.604
2024-08-31 17:00:00;NORTE;NORDESTE;-2650.597
2024-08-31 18:00:00;NORTE;NORDESTE;-2180.291
2024-08-31 19:00:00;NORTE;NORDESTE;-2501.216
2024-08-31 20:00:00;NORTE;NORDESTE;-2902.814
2024-08-31 21:00:00;NORTE;NORDESTE;-3147.811
2024-08-31 22:00:00;NORTE;NORDESTE;-3380.897
2024-08-31 23:00:00;NORTE;NORDESTE;-3364.219
2024-09-01 00:00:00;NORTE;NORDESTE;-3086.724
2024-09-01 01:00:00;NORTE;NORDESTE;-3011.367
2024-09-01 02:00:00;NORTE;NORDESTE;-3086.945
2024-09-01 03:00:00;NORTE;NORDESTE;-3113.426
2024-09-01 04:00:00;NORTE;NORDESTE;-3168.353
2024-09-01 05:00:00;NORTE;NORDESTE;-3376.793
2024-09-01 06:00:00;NORTE;NORDESTE;-3541.608
2024-09-01 07:00:00;NORTE;NORDESTE;-4128.317
2024-09-01 08:00:00;NORTE;NORDESTE;-3787.132
2024-09-01 09:00:00;NORTE;NORDESTE;-3388.737
2024-09-01 10:00:00;NORTE;NORDESTE;-2864.938
2024-09-01 11:00:00;NORTE;NORDESTE;-2790.802
2024-09-01 12:00:00;NORTE;NORDESTE;-2824.706
2024-09-01 13:00:00;NORTE;NORDESTE;-2739.085
2024-09-01 14:00:00;NORTE;NORDESTE;-3015.614
2024-09-01 15:00:00;NORTE;NORDESTE;-3456.784
2024-09-01 16:00:00;NORTE;NORDESTE;-3490.281
2024-09-01 17:00:00;NORTE;NORDESTE;-3164.275
2024-09-01 18:00:00;NORTE;NORDESTE;-2558.732
2024-09-01 19:00:00;NORTE;NORDESTE;-2897.142
2024-09-01 20:00:00;NORTE;NORDESTE;-3385.726
2024-09-01 21:00:00;NORTE;NORDESTE;-3702.281
2024-09-01 22:00:00;NORTE;NORDESTE;-3736.831
2024-09-01 23:00:00;NORTE;NORDESTE;-3644.639
2024-09-02 00:00:00;NORTE;NORDESTE;-3364.244
2024-09-02 01:00:00;NORTE;NORDESTE;-3414.473
2024-09-02 02:00:00;NORTE;NORDESTE;-3511.901
2024-09-02 03:00:00;NORTE;NORDESTE;-3364.568
2024-09-02 04:00:00;NORTE;NORDESTE;-3432.761
2024-09-02 05:00:00;NORTE;NORDESTE;-3521.563
2024-09-02 06:00:00;NORTE;NORDESTE;-3802.318
2024-09-02 07:00:00;NORTE;NORDESTE;-3865.222
2024-09-02 08:00:00;NORTE;NORDESTE;-4072.552
2024-09-02 09:00:00;NORTE;NORDESTE;-3992.664
2024-09-02 10:00:00;NORTE;NORDESTE;-3941.722
2024-09-02 11:00:00;NORTE;NORDESTE;-3898.857
2024-09-02 12:00:00;NORTE;NORDESTE;-4050.977
2024-09-02 13:00:00;NORTE;NORDESTE;-4096.46
2024-09-02 14:00:00;NORTE;NORDESTE;-4001.126
2024-09-02 15:00:00;NORTE;NORDESTE;-3713.878
2024-09-02 16:00:00;NORTE;NORDESTE;-3425.351
2024-09-02 17:00:00;NORTE;NORDESTE;-2456.233
2024-09-02 18:00:00;NORTE;NORDESTE;-2042.973
2024-09-02 19:00:00;NORTE;NORDESTE;-2972.348
2024-09-02 20:00:00;NORTE;NORDESTE;-3489.657
2024-09-02 21:00:00;NORTE;NORDESTE;-3604.357
2024-09-02 22:00:00;NORTE;NORDESTE;-3473.786
2024-09-02 23:00:00;NORTE;NORDESTE;-3337.242
2024-09-03 00:00:00;NORTE;NORDESTE;-3158.896
2024-09-03 01:00:00;NORTE;NORDESTE;-3154.427
2024-09-03 02:00:00;NORTE;NORDESTE;-3072.222
2024-09-03 03:00:00;NORTE;NORDESTE;-2910.666
2024-09-03 04:00:00;NORTE;NORDESTE;-2808.77799999
2024-09-03 05:00:00;NORTE;NORDESTE;-2771.757
2024-09-03 06:00:00;NORTE;NORDESTE;-3349.717
2024-09-03 07:00:00;NORTE;NORDESTE;-4393.827
2024-09-03 08:00:00;NORTE;NORDESTE;-4717.169
2024-09-03 09:00:00;NORTE;NORDESTE;-4320.328
2024-09-03 10:00:00;NORTE;NORDESTE;-4216.599
2024-09-03 11:00:00;NORTE;NORDESTE;-4081.7
2024-09-03 12:00:00;NORTE;NORDESTE;-4115.473
2024-09-03 13:00:00;NORTE;NORDESTE;-4140.059
2024-09-03 14:00:00;NORTE;NORDESTE;-4110.997
2024-09-03 15:00:00;NORTE;NORDESTE;-3895.52
2024-09-03 16:00:00;NORTE;NORDESTE;-3309.781
2024-09-03 17:00:00;NORTE;NORDESTE;-2347.96999999
2024-09-03 18:00:00;NORTE;NORDESTE;-2175.85
2024-09-03 19:00:00;NORTE;NORDESTE;-3026.826
2024-09-03 20:00:00;NORTE;NORDESTE;-3698.233
2024-09-03 21:00:00;NORTE;NORDESTE;-3721.687
2024-09-03 22:00:00;NORTE;NORDESTE;-3596.457
2024-09-03 23:00:00;NORTE;NORDESTE;-3271.589
2024-09-04 00:00:00;NORTE;NORDESTE;-3265.227
2024-09-04 01:00:00;NORTE;NORDESTE;-3239.149
2024-09-04 02:00:00;NORTE;NORDESTE;-3400.753
2024-09-04 03:00:00;NORTE;NORDESTE;-3381.213
2024-09-04 04:00:00;NORTE;NORDESTE;-3380.339
2024-09-04 05:00:00;NORTE;NORDESTE;-3381.277
2024-09-04 06:00:00;NORTE;NORDESTE;-3946.025
2024-09-04 07:00:00;NORTE;NORDESTE;-4702.102
2024-09-04 08:00:00;NORTE;NORDESTE;-4641.508
2024-09-04 09:00:00;NORTE;NORDESTE;-4315.652
2024-09-04 10:00:00;NORTE;NORDESTE;-4149.11899999
2024-09-04 11:00:00;NORTE;NORDESTE;-4087.983
2024-09-04 12:00:00;NORTE;NORDESTE;-4233.29
2024-09-04 13:00:00;NORTE;NORDESTE;-4240.255
2024-09-04 14:00:00;NORTE;NORDESTE;-4375.753
2024-09-04 15:00:00;NORTE;NORDESTE;-4191.992
2024-09-04 16:00:00;NORTE;NORDESTE;-3902.686
2024-09-04 17:00:00;NORTE;NORDESTE;-3151.507
2024-09-04 18:00:00;NORTE;NORDESTE;-2873.776
2024-09-04 19:00:00;NORTE;NORDESTE;-3387.811
2024-09-04 20:00:00;NORTE;NORDESTE;-3796.459
2024-09-04 21:00:00;NORTE;NORDESTE;-3807.994
2024-09-04 22:00:00;NORTE;NORDESTE;-3992.802
2024-09-04 23:00:00;NORTE;NORDESTE;-4053.71
2024-09-05 00:00:00;NORTE;NORDESTE;-4026.01
2024-09-05 01:00:00;NORTE;NORDESTE;-3910.585
2024-09-05 02:00:00;NORTE;NORDESTE;-3827.405
2024-09-05 03:00:00;NORTE;NORDESTE;-3754.537
2024-09-05 04:00:00;NORTE;NORDESTE;-3649.703
2024-09-05 05:00:00;NORTE;NORDESTE;-3785.035
2024-09-05 06:00:00;NORTE;NORDESTE;-3840.034
2024-09-05 07:00:00;NORTE;NORDESTE;-4079.901
2024-09-05 08:00:00;NORTE;NORDESTE;-4273.261
2024-09-05 09:00:00;NORTE;NORDESTE;-4262.52
2024-09-05 10:00:00;NORTE;NORDESTE;-4130.584
2024-09-05 11:00:00;NORTE;NORDESTE;-4204.532
2024-09-05 12:00:00;NORTE;NORDESTE;-4210.597
2024-09-05 13:00:00;NORTE;NORDESTE;-4287.839
2024-09-05 14:00:00;NORTE;NORDESTE;-4299.082
2024-09-05 15:00:00;NORTE;NORDESTE;-3754.054
2024-09-05 16:00:00;NORTE;NORDESTE;-2916.564
2024-09-05 17:00:00;NORTE;NORDESTE;-1823.136
2024-09-05 18:00:00;NORTE;NORDESTE;-1811.931
2024-09-05 19:00:00;NORTE;NORDESTE;-2731.495
2024-09-05 20:00:00;NORTE;NORDESTE;-3277.219
2024-09-05 21:00:00;NORTE;NORDESTE;-3603.789
2024-09-05 22:00:00;NORTE;NORDESTE;-3579.707
2024-09-05 23:00:00;NORTE;NORDESTE;-3526.279
2024-09-06 00:00:00;NORTE;NORDESTE;-3401.449
2024-09-06 01:00:00;NORTE;NORDESTE;-3354.841
2024-09-06 02:00:00;NORTE;NORDESTE;-3496.346
2024-09-06 03:00:00;NORTE;NORDESTE;-3661.496
2024-09-06 04:00:00;NORTE;NORDESTE;-3679.561
2024-09-06 05:00:00;NORTE;NORDESTE;-3561.238
2024-09-06 06:00:00;NORTE;NORDESTE;-3796.891
2024-09-06 07:00:00;NORTE;NORDESTE;-3935.958
2024-09-06 08:00:00;NORTE;NORDESTE;-4243.792
2024-09-06 09:00:00;NORTE;NORDESTE;-4285.753
2024-09-06 10:00:00;NORTE;NORDESTE;-4088.089
2024-09-06 11:00:00;NORTE;NORDESTE;-3797.928
2024-09-06 12:00:00;NORTE;NORDESTE;-3852.129
2024-09-06 13:00:00;NORTE;NORDESTE;-4222.037
2024-09-06 14:00:00;NORTE;NORDESTE;-4087.897
2024-09-06 15:00:00;NORTE;NORDESTE;-3882.858
2024-09-06 16:00:00;NORTE;NORDESTE;-3354.27
2024-09-06 17:00:00;NORTE;NORDESTE;-2160.597
2024-09-06 18:00:00;NORTE;NORDESTE;-2157.672
2024-09-06 19:00:00;NORTE;NORDESTE;-2640.393
2024-09-06 20:00:00;NORTE;NORDESTE;-3366.963
2024-09-06 21:00:00;NORTE;NORDESTE;-3631.598
2024-09-06 22:00:00;NORTE;NORDESTE;-3514.497
2024-09-06 23:00:00;NORTE;NORDESTE;-3606.779
2024-09-07 00:00:00;NORTE;NORDESTE;-3432.712
2024-09-07 01:00:00;NORTE;NORDESTE;-3494.722
2024-09-07 02:00:00;NORTE;NORDESTE;-3534.967
2024-09-07 03:00:00;NORTE;NORDESTE;-3626.967
2024-09-07 04:00:00;NORTE;NORDESTE;-3562.478
2024-09-07 05:00:00;NORTE;NORDESTE;-3644.283
2024-09-07 06:00:00;NORTE;NORDESTE;-3978.889
2024-09-07 07:00:00;NORTE;NORDESTE;-4306.607
2024-09-07 08:00:00;NORTE;NORDESTE;-4092.092
2024-09-07 09:00:00;NORTE;NORDESTE;-3607.636
2024-09-07 10:00:00;NORTE;NORDESTE;-3275.489
2024-09-07 11:00:00;NORTE;NORDESTE;-3170.575
2024-09-07 12:00:00;NORTE;NORDESTE;-3159.988
2024-09-07 13:00:00;NORTE;NORDESTE;-3337.771
2024-09-07 14:00:00;NORTE;NORDESTE;-3678.732
2024-09-07 15:00:00;NORTE;NORDESTE;-3985.695
2024-09-07 16:00:00;NORTE;NORDESTE;-4071.264
2024-09-07 17:00:00;NORTE;NORDESTE;-3202.422
2024-09-07 18:00:00;NORTE;NORDESTE;-2498.027
2024-09-07 19:00:00;NORTE;NORDESTE;-2964.326
2024-09-07 20:00:00;NORTE;NORDESTE;-3516.67299999
2024-09-07 21:00:00;NORTE;NORDESTE;-3950.666
2024-09-07 22:00:00;NORTE;NORDESTE;-4081.347
2024-09-07 23:00:00;NORTE;NORDESTE;-4060.075
2024-09-08 00:00:00;NORTE;NORDESTE;-4093.062
2024-09-08 01:00:00;NORTE;NORDESTE;-4215.402
2024-09-08 02:00:00;NORTE;NORDESTE;-4305.591
2024-09-08 03:00:00;NORTE;NORDESTE;-4201.468
2024-09-08 04:00:00;NORTE;NORDESTE;-3954.099
2024-09-08 05:00:00;NORTE;NORDESTE;-3804.049
2024-09-08 06:00:00;NORTE;NORDESTE;-4134.89099999
2024-09-08 07:00:00;NORTE;NORDESTE;-4249.836
2024-09-08 08:00:00;NORTE;NORDESTE;-2996.008
2024-09-08 09:00:00;NORTE;NORDESTE;-2360.23799999
2024-09-08 10:00:00;NORTE;NORDESTE;-2000.161
2024-09-08 11:00:00;NORTE;NORDESTE;-1924.594
2024-09-08 12:00:00;NORTE;NORDESTE;-2152.005
2024-09-08 13:00:00;NORTE;NORDESTE;-2691.219
2024-09-08 14:00:00;NORTE;NORDESTE;-3013.319
2024-09-08 15:00:00;NORTE;NORDESTE;-3475.575
2024-09-08 16:00:00;NORTE;NORDESTE;-3838.858
2024-09-08 17:00:00;NORTE;NORDESTE;-2880.748
2024-09-08 18:00:00;NORTE;NORDESTE;-1957.578
2024-09-08 19:00:00;NORTE;NORDESTE;-2232.098
2024-09-08 20:00:00;NORTE;NORDESTE;-2830.993
2024-09-08 21:00:00;NORTE;NORDESTE;-3230.485
2024-09-08 22:00:00;NORTE;NORDESTE;-3239.619
2024-09-08 23:00:00;NORTE;NORDESTE;-3564.567
2024-09-09 00:00:00;NORTE;NORDESTE;-3882.378
2024-09-09 01:00:00;NORTE;NORDESTE;-3993.104
2024-09-09 02:00:00;NORTE;NORDESTE;-4104.60999999
2024-09-09 03:00:00;NORTE;NORDESTE;-3992.076
2024-09-09 04:00:00;NORTE;NORDESTE;-3843.874
2024-09-09 05:00:00;NORTE;NORDESTE;-3831.024
2024-09-09 06:00:00;NORTE;NORDESTE;-3926.275
2024-09-09 07:00:00;NORTE;NORDESTE;-4200.817
2024-09-09 08:00:00;NORTE;NORDESTE;-4544.1
2024-09-09 09:00:00;NORTE;NORDESTE;-4468.09
2024-09-09 10:00:00;NORTE;NORDESTE;-4255.533
2024-09-09 11:00:00;NORTE;NORDESTE;-4314.52499999
2024-09-09 12:00:00;NORTE;NORDESTE;-4406.213
2024-09-09 13:00:00;NORTE;NORDESTE;-4411.734
2024-09-09 14:00:00;NORTE;NORDESTE;-4515.234
2024-09-09 15:00:00;NORTE;NORDESTE;-4514.749
2024-09-09 16:00:00;NORTE;NORDESTE;-3874.036
2024-09-09 17:00:00;NORTE;NORDESTE;-2604.11499999
2024-09-09 18:00:00;NORTE;NORDESTE;-2282.98799999
2024-09-09 19:00:00;NORTE;NORDESTE;-3150.942
2024-09-09 20:00:00;NORTE;NORDESTE;-3632.793
2024-09-09 21:00:00;NORTE;NORDESTE;-3777.878
2024-09-09 22:00:00;NORTE;NORDESTE;-3976.808
2024-09-09 23:00:00;NORTE;NORDESTE;-3878.285
2024-09-10 00:00:00;NORTE;NORDESTE;-3875.18
2024-09-10 01:00:00;NORTE;NORDESTE;-4000.231
2024-09-10 02:00:00;NORTE;NORDESTE;-4187.85999999
2024-09-10 03:00:00;NORTE;NORDESTE;-4041.156
2024-09-10 04:00:00;NORTE;NORDESTE;-3955.143
2024-09-10 05:00:00;NORTE;NORDESTE;-3919.836
2024-09-10 06:00:00;NORTE;NORDESTE;-4212.705
2024-09-10 07:00:00;NORTE;NORDESTE;-4572.999
2024-09-10 08:00:00;NORTE;NORDESTE;-4772.265
2024-09-10 09:00:00;NORTE;NORDESTE;-4666.728
2024-09-10 10:00:00;NORTE;NORDESTE;-4593.447
2024-09-10 11:00:00;NORTE;NORDESTE;-4323.582
2024-09-10 12:00:00;NORTE;NORDESTE;-4210.022
2024-09-10 13:00:00;NORTE;NORDESTE;-4519.799
2024-09-10 14:00:00;NORTE;NORDESTE;-4673.201
2024-09-10 15:00:00;NORTE;NORDESTE;-4527.287
2024-09-10 16:00:00;NORTE;NORDESTE;-3962.601
2024-09-10 17:00:00;NORTE;NORDESTE;-3098.755
2024-09-10 18:00:00;NORTE;NORDESTE;-2686.944
2024-09-10 19:00:00;NORTE;NORDESTE;-3352.821
2024-09-10 20:00:00;NORTE;NORDESTE;-3398.74899999
2024-09-10 21:00:00;NORTE;NORDESTE;-3751.735
2024-09-10 22:00:00;NORTE;NORDESTE;-4019.941
2024-09-10 23:00:00;NORTE;NORDESTE;-4068.809
2024-09-11 00:00:00;NORTE;NORDESTE;-4223.822
2024-09-11 01:00:00;NORTE;NORDESTE;-4139.61899999
2024-09-11 02:00:00;NORTE;NORDESTE;-4293.648
2024-09-11 03:00:00;NORTE;NORDESTE;-4241.229
2024-09-11 04:00:00;NORTE;NORDESTE;-4134.42699999
2024-09-11 05:00:00;NORTE;NORDESTE;-4109.656
2024-09-11 06:00:00;NORTE;NORDESTE;-4140.48899999
2024-09-11 07:00:00;NORTE;NORDESTE;-4562.216
2024-09-11 08:00:00;NORTE;NORDESTE;-4603.445
2024-09-11 09:00:00;NORTE;NORDESTE;-4434.147
2024-09-11 10:00:00;NORTE;NORDESTE;-4452.08
2024-09-11 11:00:00;NORTE;NORDESTE;-4489.84
2024-09-11 12:00:00;NORTE;NORDESTE;-4465.03399999
2024-09-11 13:00:00;NORTE;NORDESTE;-4511.26599999
2024-09-11 14:00:00;NORTE;NORDESTE;-4645.607
2024-09-11 15:00:00;NORTE;NORDESTE;-4723.424
2024-09-11 16:00:00;NORTE;NORDESTE;-4186.716
2024-09-11 17:00:00;NORTE;NORDESTE;-3490.515
2024-09-11 18:00:00;NORTE;NORDESTE;-3167.284
2024-09-11 19:00:00;NORTE;NORDESTE;-3637.951
2024-09-11 20:00:00;NORTE;NORDESTE;-3506.275
2024-09-11 21:00:00;NORTE;NORDESTE;-3635.914
2024-09-11 22:00:00;NORTE;NORDESTE;-3805.556
2024-09-11 23:00:00;NORTE;NORDESTE;-3945.669
2024-09-12 00:00:00;NORTE;NORDESTE;-4136.808
2024-09-12 01:00:00;NORTE;NORDESTE;-4280.92
2024-09-12 02:00:00;NORTE;NORDESTE;-4020.018
2024-09-12 03:00:00;NORTE;NORDESTE;-3681.723
2024-09-12 04:00:00;NORTE;NORDESTE;-3414.343
2024-09-12 05:00:00;NORTE;NORDESTE;-3381.603
2024-09-12 06:00:00;NORTE;NORDESTE;-3571.168
2024-09-12 07:00:00;NORTE;NORDESTE;-4503.52
2024-09-12 08:00:00;NORTE;NORDESTE;-4500.41299999
2024-09-12 09:00:00;NORTE;NORDESTE;-4658.157
2024-09-12 10:00:00;NORTE;NORDESTE;-4253.727
2024-09-12 11:00:00;NORTE;NORDESTE;-4322.692
2024-09-12 12:00:00;NORTE;NORDESTE;-4528.861
2024-09-12 13:00:00;NORTE;NORDESTE;-4451.658
2024-09-12 14:00:00;NORTE;NORDESTE;-4420.27499999
2024-09-12 15:00:00;NORTE;NORDESTE;-4277.451
2024-09-12 16:00:00;NORTE;NORDESTE;-3774.201
2024-09-12 17:00:00;NORTE;NORDESTE;-3405.625
2024-09-12 18:00:00;NORTE;NORDESTE;-3392.14
2024-09-12 19:00:00;NORTE;NORDESTE;-3705.353
2024-09-12 20:00:00;NORTE;NORDESTE;-3690.197
2024-09-12 21:00:00;NORTE;NORDESTE;-3676.405
2024-09-12 22:00:00;NORTE;NORDESTE;-3838.581
2024-09-12 23:00:00;NORTE;NORDESTE;-3937.155
2024-09-13 00:00:00;NORTE;NORDESTE;-3811.497
2024-09-13 01:00:00;NORTE;NORDESTE;-4009.89
2024-09-13 02:00:00;NORTE;NORDESTE;-4090.923
2024-09-13 03:00:00;NORTE;NORDESTE;-4144.207
2024-09-13 04:00:00;NORTE;NORDESTE;-4087.49
2024-09-13 05:00:00;NORTE;NORDESTE;-4016.778
2024-09-13 06:00:00;NORTE;NORDESTE;-4106.702
2024-09-13 07:00:00;NORTE;NORDESTE;-4692.69899999
2024-09-13 08:00:00;NORTE;NORDESTE;-4559.868
2024-09-13 09:00:00;NORTE;NORDESTE;-4491.537
2024-09-13 10:00:00;NORTE;NORDESTE;-4570.911
2024-09-13 11:00:00;NORTE;NORDESTE;-4540.86399999
2024-09-13 12:00:00;NORTE;NORDESTE;-4469.695
2024-09-13 13:00:00;NORTE;NORDESTE;-4388.206
2024-09-13 14:00:00;NORTE;NORDESTE;-4686.014
2024-09-13 15:00:00;NORTE;NORDESTE;-4590.484
2024-09-13 16:00:00;NORTE;NORDESTE;-4241.362
2024-09-13 17:00:00;NORTE;NORDESTE;-3324.988
2024-09-13 18:00:00;NORTE;NORDESTE;-2926.032
2024-09-13 19:00:00;NORTE;NORDESTE;-3481.26899999
2024-09-13 20:00:00;NORTE;NORDESTE;-3810.596
2024-09-13 21:00:00;NORTE;NORDESTE;-3759.612
2024-09-13 22:00:00;NORTE;NORDESTE;-3919.153
2024-09-13 23:00:00;NORTE;NORDESTE;-3840.528
2024-09-14 00:00:00;NORTE;NORDESTE;-3768.294
2024-09-14 01:00:00;NORTE;NORDESTE;-4010.447
2024-09-14 02:00:00;NORTE;NORDESTE;-4029.887
2024-09-14 03:00:00;NORTE;NORDESTE;-3921.824
2024-09-14 04:00:00;NORTE;NORDESTE;-3690.887
2024-09-14 05:00:00;NORTE;NORDESTE;-3774.45
2024-09-14 06:00:00;NORTE;NORDESTE;-4374.053
2024-09-14 07:00:00;NORTE;NORDESTE;-4542.863
2024-09-14 08:00:00;NORTE;NORDESTE;-4363.144
2024-09-14 09:00:00;NORTE;NORDESTE;-4256.939
2024-09-14 10:00:00;NORTE;NORDESTE;-4189.15899999
2024-09-14 11:00:00;NORTE;NORDESTE;-4278.01599999
2024-09-14 12:00:00;NORTE;NORDESTE;-4218.255
2024-09-14 13:00:00;NORTE;NORDESTE;-4312.273
2024-09-14 14:00:00;NORTE;NORDESTE;-4240.769
2024-09-14 15:00:00;NORTE;NORDESTE;-3899.019
2024-09-14 16:00:00;NORTE;NORDESTE;-3948.55
2024-09-14 17:00:00;NORTE;NORDESTE;-2693.96099999
2024-09-14 18:00:00;NORTE;NORDESTE;-2473.169
2024-09-14 19:00:00;NORTE;NORDESTE;-3026.621
2024-09-14 20:00:00;NORTE;NORDESTE;-3586.084
2024-09-14 21:00:00;NORTE;NORDESTE;-3863.138
2024-09-14 22:00:00;NORTE;NORDESTE;-4064.834
2024-09-14 23:00:00;NORTE;NORDESTE;-4260.92
2024-09-15 00:00:00;NORTE;NORDESTE;-4306.96
2024-09-15 01:00:00;NORTE;NORDESTE;-4258.468
2024-09-15 02:00:00;NORTE;NORDESTE;-4240.192
2024-09-15 03:00:00;NORTE;NORDESTE;-4302.515
2024-09-15 04:00:00;NORTE;NORDESTE;-4309.553
2024-09-15 05:00:00;NORTE;NORDESTE;-3994.719
2024-09-15 06:00:00;NORTE;NORDESTE;-3832.07
2024-09-15 07:00:00;NORTE;NORDESTE;-3471.358
2024-09-15 08:00:00;NORTE;NORDESTE;-3340.594
2024-09-15 09:00:00;NORTE;NORDESTE;-3276.735
2024-09-15 10:00:00;NORTE;NORDESTE;-2957.564
2024-09-15 11:00:00;NORTE;NORDESTE;-2798.658
2024-09-15 12:00:00;NORTE;NORDESTE;-2776.329
2024-09-15 13:00:00;NORTE;NORDESTE;-2975.286
2024-09-15 14:00:00;NORTE;NORDESTE;-3640.271
2024-09-15 15:00:00;NORTE;NORDESTE;-3839.458
2024-09-15 16:00:00;NORTE;NORDESTE;-3292.201
2024-09-15 17:00:00;NORTE;NORDESTE;-2439.277
2024-09-15 18:00:00;NORTE;NORDESTE;-2767.512
2024-09-15 19:00:00;NORTE;NORDESTE;-3518.293
2024-09-15 20:00:00;NORTE;NORDESTE;-4035.296
2024-09-15 21:00:00;NORTE;NORDESTE;-4193.656
2024-09-15 22:00:00;NORTE;NORDESTE;-4380.136
2024-09-15 23:00:00;NORTE;NORDESTE;-4429.084
2024-09-16 00:00:00;NORTE;NORDESTE;-4431.148
2024-09-16 01:00:00;NORTE;NORDESTE;-4305.233
2024-09-16 02:00:00;NORTE;NORDESTE;-4378.37299999
2024-09-16 03:00:00;NORTE;NORDESTE;-4341.66799999
2024-09-16 04:00:00;NORTE;NORDESTE;-4226.206
2024-09-16 05:00:00;NORTE;NORDESTE;-4216.695
2024-09-16 06:00:00;NORTE;NORDESTE;-4276.85099999
2024-09-16 07:00:00;NORTE;NORDESTE;-4273.822
2024-09-16 08:00:00;NORTE;NORDESTE;-4284.071
2024-09-16 09:00:00;NORTE;NORDESTE;-4334.16
2024-09-16 10:00:00;NORTE;NORDESTE;-4256.71699999
2024-09-16 11:00:00;NORTE;NORDESTE;-4137.35999999
2024-09-16 12:00:00;NORTE;NORDESTE;-3941.895
2024-09-16 13:00:00;NORTE;NORDESTE;-4383.934
2024-09-16 14:00:00;NORTE;NORDESTE;-4082.314
2024-09-16 15:00:00;NORTE;NORDESTE;-3796.429
2024-09-16 16:00:00;NORTE;NORDESTE;-3203.664
2024-09-16 17:00:00;NORTE;NORDESTE;-2286.466
2024-09-16 18:00:00;NORTE;NORDESTE;-2375.68199999
2024-09-16 19:00:00;NORTE;NORDESTE;-3175.427
2024-09-16 20:00:00;NORTE;NORDESTE;-4086.075
2024-09-16 21:00:00;NORTE;NORDESTE;-4447.636
2024-09-16 22:00:00;NORTE;NORDESTE;-4657.837
2024-09-16 23:00:00;NORTE;NORDESTE;-4703.39099999
2024-09-17 00:00:00;NORTE;NORDESTE;-4668.933
2024-09-17 01:00:00;NORTE;NORDESTE;-4726.96
2024-09-17 02:00:00;NORTE;NORDESTE;-4586.16
2024-09-17 03:00:00;NORTE;NORDESTE;-4483.416
2024-09-17 04:00:00;NORTE;NORDESTE;-4334.077
2024-09-17 05:00:00;NORTE;NORDESTE;-4315.798
2024-09-17 06:00:00;NORTE;NORDESTE;-4303.06099999
2024-09-17 07:00:00;NORTE;NORDESTE;-4650.509
2024-09-17 08:00:00;NORTE;NORDESTE;-4646.469
2024-09-17 09:00:00;NORTE;NORDESTE;-4483.535
2024-09-17 10:00:00;NORTE;NORDESTE;-4462.022
2024-09-17 11:00:00;NORTE;NORDESTE;-4307.987
2024-09-17 12:00:00;NORTE;NORDESTE;-4295.118
2024-09-17 13:00:00;NORTE;NORDESTE;-4060.964
2024-09-17 14:00:00;NORTE;NORDESTE;-4053.115
2024-09-17 15:00:00;NORTE;NORDESTE;-4195.986
2024-09-17 16:00:00;NORTE;NORDESTE;-3947.43
2024-09-17 17:00:00;NORTE;NORDESTE;-3258.33599999
2024-09-17 18:00:00;NORTE;NORDESTE;-3210.535
2024-09-17 19:00:00;NORTE;NORDESTE;-3684.086
2024-09-17 20:00:00;NORTE;NORDESTE;-4057.746
2024-09-17 21:00:00;NORTE;NORDESTE;-4242.639
2024-09-17 22:00:00;NORTE;NORDESTE;-4631.795
2024-09-17 23:00:00;NORTE;NORDESTE;-4595.61899999
2024-09-18 00:00:00;NORTE;NORDESTE;-4591.881
2024-09-18 01:00:00;NORTE;NORDESTE;-4689.702
2024-09-18 02:00:00;NORTE;NORDESTE;-4662.215
2024-09-18 03:00:00;NORTE;NORDESTE;-4621.39999999
2024-09-18 04:00:00;NORTE;NORDESTE;-4570.378
2024-09-18 05:00:00;NORTE;NORDESTE;-4578.496
2024-09-18 06:00:00;NORTE;NORDESTE;-4387.03399999
2024-09-18 07:00:00;NORTE;NORDESTE;-4522.262
2024-09-18 08:00:00;NORTE;NORDESTE;-4297.453
2024-09-18 09:00:00;NORTE;NORDESTE;-4630.18
2024-09-18 10:00:00;NORTE;NORDESTE;-4530.487
2024-09-18 11:00:00;NORTE;NORDESTE;-4467.088
2024-09-18 12:00:00;NORTE;NORDESTE;-4303.176
2024-09-18 13:00:00;NORTE;NORDESTE;-3921.553
2024-09-18 14:00:00;NORTE;NORDESTE;-3785.114
2024-09-18 15:00:00;NORTE;NORDESTE;-4068.703
2024-09-18 16:00:00;NORTE;NORDESTE;-4153.064
2024-09-18 17:00:00;NORTE;NORDESTE;-3077.342
2024-09-18 18:00:00;NORTE;NORDESTE;-2909.017
2024-09-18 19:00:00;NORTE;NORDESTE;-3624.935
2024-09-18 20:00:00;NORTE;NORDESTE;-3725.017
2024-09-18 21:00:00;NORTE;NORDESTE;-3921.048
2024-09-18 22:00:00;NORTE;NORDESTE;-4181.991
2024-09-18 23:00:00;NORTE;NORDESTE;-4201.823
2024-09-19 00:00:00;NORTE;NORDESTE;-4251.437
2024-09-19 01:00:00;NORTE;NORDESTE;-4492.133
2024-09-19 02:00:00;NORTE;NORDESTE;-4426.377
2024-09-19 03:00:00;NORTE;NORDESTE;-4394.017
2024-09-19 04:00:00;NORTE;NORDESTE;-4300.503
2024-09-19 05:00:00;NORTE;NORDESTE;-4348.044
2024-09-19 06:00:00;NORTE;NORDESTE;-4312.258
2024-09-19 07:00:00;NORTE;NORDESTE;-4379.412
2024-09-19 08:00:00;NORTE;NORDESTE;-4633.968
2024-09-19 09:00:00;NORTE;NORDESTE;-4742.03399999
2024-09-19 10:00:00;NORTE;NORDESTE;-4439.522
2024-09-19 11:00:00;NORTE;NORDESTE;-4406.8
2024-09-19 12:00:00;NORTE;NORDESTE;-4527.492
2024-09-19 13:00:00;NORTE;NORDESTE;-4527.808
2024-09-19 14:00:00;NORTE;NORDESTE;-4542.749
2024-09-19 15:00:00;NORTE;NORDESTE;-4153.228
2024-09-19 16:00:00;NORTE;NORDESTE;-3326.695
2024-09-19 17:00:00;NORTE;NORDESTE;-2539.444
2024-09-19 18:00:00;NORTE;NORDESTE;-2495.523
2024-09-19 19:00:00;NORTE;NORDESTE;-3394.782
2024-09-19 20:00:00;NORTE;NORDESTE;-3731.955
2024-09-19 21:00:00;NORTE;NORDESTE;-3923.425
2024-09-19 22:00:00;NORTE;NORDESTE;-4007.086
2024-09-19 23:00:00;NORTE;NORDESTE;-4360.79299999
2024-09-20 00:00:00;NORTE;NORDESTE;-4606.57399999
2024-09-20 01:00:00;NORTE;NORDESTE;-4473.511
2024-09-20 02:00:00;NORTE;NORDESTE;-4424.326
2024-09-20 03:00:00;NORTE;NORDESTE;-4402.225
2024-09-20 04:00:00;NORTE;NORDESTE;-4315.716
2024-09-20 05:00:00;NORTE;NORDESTE;-4345.057
2024-09-20 06:00:00;NORTE;NORDESTE;-4355.72999999
2024-09-20 07:00:00;NORTE;NORDESTE;-4659.108
2024-09-20 08:00:00;NORTE;NORDESTE;-4736.503
2024-09-20 09:00:00;NORTE;NORDESTE;-4698.647
2024-09-20 10:00:00;NORTE;NORDESTE;-4428.531
2024-09-20 11:00:00;NORTE;NORDESTE;-4351.78399999
2024-09-20 12:00:00;NORTE;NORDESTE;-4137.889
2024-09-20 13:00:00;NORTE;NORDESTE;-4319.829
2024-09-20 14:00:00;NORTE;NORDESTE;-4601.972
2024-09-20 15:00:00;NORTE;NORDESTE;-4273.14999999
2024-09-20 16:00:00;NORTE;NORDESTE;-3763.415
2024-09-20 17:00:00;NORTE;NORDESTE;-3145.583
2024-09-20 18:00:00;NORTE;NORDESTE;-3003.813
2024-09-20 19:00:00;NORTE;NORDESTE;-3721.864
2024-09-20 20:00:00;NORTE;NORDESTE;-4141.443
2024-09-20 21:00:00;NORTE;NORDESTE;-3992.986
2024-09-20 22:00:00;NORTE;NORDESTE;-4165.35999999
2024-09-20 23:00:00;NORTE;NORDESTE;-4338.47
2024-09-21 00:00:00;NORTE;NORDESTE;-4444.232
2024-09-21 01:00:00;NORTE;NORDESTE;-4516.169
2024-09-21 02:00:00;NORTE;NORDESTE;-4519.241
2024-09-21 03:00:00;NORTE;NORDESTE;-4578.423
2024-09-21 04:00:00;NORTE;NORDESTE;-4517.41299999
2024-09-21 05:00:00;NORTE;NORDESTE;-4537.236
2024-09-21 06:00:00;NORTE;NORDESTE;-4611.696
2024-09-21 07:00:00;NORTE;NORDESTE;-4532.572
2024-09-21 08:00:00;NORTE;NORDESTE;-4700.205
2024-09-21 09:00:00;NORTE;NORDESTE;-4698.968
2024-09-21 10:00:00;NORTE;NORDESTE;-4694.541
2024-09-21 11:00:00;NORTE;NORDESTE;-4652.573
2024-09-21 12:00:00;NORTE;NORDESTE;-4551.049
2024-09-21 13:00:00;NORTE;NORDESTE;-4137.04299999
2024-09-21 14:00:00;NORTE;NORDESTE;-4368.407
2024-09-21 15:00:00;NORTE;NORDESTE;-4146.858
2024-09-21 16:00:00;NORTE;NORDESTE;-3437.198
2024-09-21 17:00:00;NORTE;NORDESTE;-2822.425
2024-09-21 18:00:00;NORTE;NORDESTE;-3030.184
2024-09-21 19:00:00;NORTE;NORDESTE;-4085.015
2024-09-21 20:00:00;NORTE;NORDESTE;-4365.143
2024-09-21 21:00:00;NORTE;NORDESTE;-4566.85
2024-09-21 22:00:00;NORTE;NORDESTE;-4514.906
2024-09-21 23:00:00;NORTE;NORDESTE;-4517.74
2024-09-22 00:00:00;NORTE;NORDESTE;-4487.256
2024-09-22 01:00:00;NORTE;NORDESTE;-4579.959
2024-09-22 02:00:00;NORTE;NORDESTE;-4599.07399999
2024-09-22 03:00:00;NORTE;NORDESTE;-4457.004
2024-09-22 04:00:00;NORTE;NORDESTE;-4159.84599999
2024-09-22 05:00:00;NORTE;NORDESTE;-4309.97999999
2024-09-22 06:00:00;NORTE;NORDESTE;-4527.527
2024-09-22 07:00:00;NORTE;NORDESTE;-4207.545
2024-09-22 08:00:00;NORTE;NORDESTE;-4310.228
2024-09-22 09:00:00;NORTE;NORDESTE;-4055.971
2024-09-22 10:00:00;NORTE;NORDESTE;-3688.807
2024-09-22 11:00:00;NORTE;NORDESTE;-3347.745
2024-09-22 12:00:00;NORTE;NORDESTE;-3131.473
2024-09-22 13:00:00;NORTE;NORDESTE;-2893.614
2024-09-22 14:00:00;NORTE;NORDESTE;-2592.94
2024-09-22 15:00:00;NORTE;NORDESTE;-3089.138
2024-09-22 16:00:00;NORTE;NORDESTE;-3235.717
2024-09-22 17:00:00;NORTE;NORDESTE;-2822.107
2024-09-22 18:00:00;NORTE;NORDESTE;-2834.147
2024-09-22 19:00:00;NORTE;NORDESTE;-3651.942
2024-09-22 20:00:00;NORTE;NORDESTE;-4375.584
2024-09-22 21:00:00;NORTE;NORDESTE;-4553.305
2024-09-22 22:00:00;NORTE;NORDESTE;-4721.753
2024-09-22 23:00:00;NORTE;NORDESTE;-4747.285
2024-09-23 00:00:00;NORTE;NORDESTE;-4724.58
2024-09-23 01:00:00;NORTE;NORDESTE;-4666.758
2024-09-23 02:00:00;NORTE;NORDESTE;-4659.001
2024-09-23 03:00:00;NORTE;NORDESTE;-4539.621
2024-09-23 04:00:00;NORTE;NORDESTE;-4355.419
2024-09-23 05:00:00;NORTE;NORDESTE;-4383.041
2024-09-23 06:00:00;NORTE;NORDESTE;-4460.31499999
2024-09-23 07:00:00;NORTE;NORDESTE;-4675.35499999
2024-09-23 08:00:00;NORTE;NORDESTE;-4487.504
2024-09-23 09:00:00;NORTE;NORDESTE;-4527.734
2024-09-23 10:00:00;NORTE;NORDESTE;-4401.001
2024-09-23 11:00:00;NORTE;NORDESTE;-3863.256
2024-09-23 12:00:00;NORTE;NORDESTE;-3813.714
2024-09-23 13:00:00;NORTE;NORDESTE;-3775.199
2024-09-23 14:00:00;NORTE;NORDESTE;-3930.089
2024-09-23 15:00:00;NORTE;NORDESTE;-3646.408
2024-09-23 16:00:00;NORTE;NORDESTE;-2714.476
2024-09-23 17:00:00;NORTE;NORDESTE;-2244.266
2024-09-23 18:00:00;NORTE;NORDESTE;-2294.077
2024-09-23 19:00:00;NORTE;NORDESTE;-3543.005
2024-09-23 20:00:00;NORTE;NORDESTE;-4093.74
2024-09-23 21:00:00;NORTE;NORDESTE;-3904.028
2024-09-23 22:00:00;NORTE;NORDESTE;-4060.368
2024-09-23 23:00:00;NORTE;NORDESTE;-4106.897
2024-09-24 00:00:00;NORTE;NORDESTE;-4172.07399999
2024-09-24 01:00:00;NORTE;NORDESTE;-4155.142
2024-09-24 02:00:00;NORTE;NORDESTE;-4404.135
2024-09-24 03:00:00;NORTE;NORDESTE;-4449.847
2024-09-24 04:00:00;NORTE;NORDESTE;-4499.399
2024-09-24 05:00:00;NORTE;NORDESTE;-4384.578
2024-09-24 06:00:00;NORTE;NORDESTE;-4440.06
2024-09-24 07:00:00;NORTE;NORDESTE;-4620.041
2024-09-24 08:00:00;NORTE;NORDESTE;-4573.33
2024-09-24 09:00:00;NORTE;NORDESTE;-4631.164
2024-09-24 10:00:00;NORTE;NORDESTE;-4509.823
2024-09-24 11:00:00;NORTE;NORDESTE;-4420.962
2024-09-24 12:00:00;NORTE;NORDESTE;-4579.441
2024-09-24 13:00:00;NORTE;NORDESTE;-4259.07399999
2024-09-24 14:00:00;NORTE;NORDESTE;-3981.037
2024-09-24 15:00:00;NORTE;NORDESTE;-3274.3
2024-09-24 16:00:00;NORTE;NORDESTE;-2530.254
2024-09-24 17:00:00;NORTE;NORDESTE;-2337.491
2024-09-24 18:00:00;NORTE;NORDESTE;-2561.409
2024-09-24 19:00:00;NORTE;NORDESTE;-3368.991
2024-09-24 20:00:00;NORTE;NORDESTE;-3383.172
2024-09-24 21:00:00;NORTE;NORDESTE;-3298.889
2024-09-24 22:00:00;NORTE;NORDESTE;-3280.742
2024-09-24 23:00:00;NORTE;NORDESTE;-3533.274
2024-09-25 00:00:00;NORTE;NORDESTE;-3837.83
2024-09-25 01:00:00;NORTE;NORDESTE;-3896.732
2024-09-25 02:00:00;NORTE;NORDESTE;-4013.916
2024-09-25 03:00:00;NORTE;NORDESTE;-3953.67
2024-09-25 04:00:00;NORTE;NORDESTE;-3897.02
2024-09-25 05:00:00;NORTE;NORDESTE;-3913.832
2024-09-25 06:00:00;NORTE;NORDESTE;-3879.756
2024-09-25 07:00:00;NORTE;NORDESTE;-4186.673
2024-09-25 08:00:00;NORTE;NORDESTE;-4464.796
2024-09-25 09:00:00;NORTE;NORDESTE;-4502.279
2024-09-25 10:00:00;NORTE;NORDESTE;-4633.566
2024-09-25 11:00:00;NORTE;NORDESTE;-4381.04299999
2024-09-25 12:00:00;NORTE;NORDESTE;-4692.966
2024-09-25 13:00:00;NORTE;NORDESTE;-4628.78399999
2024-09-25 14:00:00;NORTE;NORDESTE;-4680.911
2024-09-25 15:00:00;NORTE;NORDESTE;-4278.18599999
2024-09-25 16:00:00;NORTE;NORDESTE;-3468.856
2024-09-25 17:00:00;NORTE;NORDESTE;-3276.481
2024-09-25 18:00:00;NORTE;NORDESTE;-3024.994
2024-09-25 19:00:00;NORTE;NORDESTE;-3469.445
2024-09-25 20:00:00;NORTE;NORDESTE;-3398.585
2024-09-25 21:00:00;NORTE;NORDESTE;-3303.957
2024-09-25 22:00:00;NORTE;NORDESTE;-3244.464
2024-09-25 23:00:00;NORTE;NORDESTE;-3337.919
2024-09-26 00:00:00;NORTE;NORDESTE;-3845.243
2024-09-26 01:00:00;NORTE;NORDESTE;-4242.42
2024-09-26 02:00:00;NORTE;NORDESTE;-4449.78
2024-09-26 03:00:00;NORTE;NORDESTE;-4451.66799999
2024-09-26 04:00:00;NORTE;NORDESTE;-4446.966
2024-09-26 05:00:00;NORTE;NORDESTE;-4369.933
2024-09-26 06:00:00;NORTE;NORDESTE;-4431.193
2024-09-26 07:00:00;NORTE;NORDESTE;-4635.60499999
2024-09-26 08:00:00;NORTE;NORDESTE;-4676.308
2024-09-26 09:00:00;NORTE;NORDESTE;-4603.72999999
2024-09-26 10:00:00;NORTE;NORDESTE;-4304.738
2024-09-26 11:00:00;NORTE;NORDESTE;-4275.278
2024-09-26 12:00:00;NORTE;NORDESTE;-4090.43
2024-09-26 13:00:00;NORTE;NORDESTE;-4168.712
2024-09-26 14:00:00;NORTE;NORDESTE;-4204.513
2024-09-26 15:00:00;NORTE;NORDESTE;-3790.373
2024-09-26 16:00:00;NORTE;NORDESTE;-2492.448
2024-09-26 17:00:00;NORTE;NORDESTE;-1851.598
2024-09-26 18:00:00;NORTE;NORDESTE;-2273.023
2024-09-26 19:00:00;NORTE;NORDESTE;-3162.349
2024-09-26 20:00:00;NORTE;NORDESTE;-3230.876
2024-09-26 21:00:00;NORTE;NORDESTE;-3125.167
2024-09-26 22:00:00;NORTE;NORDESTE;-3299.004
2024-09-26 23:00:00;NORTE;NORDESTE;-3268.056
2024-09-27 00:00:00;NORTE;NORDESTE;-3072.327
2024-09-27 01:00:00;NORTE;NORDESTE;-3790.429
2024-09-27 02:00:00;NORTE;NORDESTE;-4056.845
2024-09-27 03:00:00;NORTE;NORDESTE;-3868.607
2024-09-27 04:00:00;NORTE;NORDESTE;-3605.67
2024-09-27 05:00:00;NORTE;NORDESTE;-3475.348
2024-09-27 06:00:00;NORTE;NORDESTE;-3768.066
2024-09-27 07:00:00;NORTE;NORDESTE;-4159.908
2024-09-27 08:00:00;NORTE;NORDESTE;-4099.493
2024-09-27 09:00:00;NORTE;NORDESTE;-4331.331
2024-09-27 10:00:00;NORTE;NORDESTE;-4322.808
2024-09-27 11:00:00;NORTE;NORDESTE;-4272.156
2024-09-27 12:00:00;NORTE;NORDESTE;-4565.468
2024-09-27 13:00:00;NORTE;NORDESTE;-4235.652
2024-09-27 14:00:00;NORTE;NORDESTE;-3685.689
2024-09-27 15:00:00;NORTE;NORDESTE;-3179.608
2024-09-27 16:00:00;NORTE;NORDESTE;-2440.433
2024-09-27 17:00:00;NORTE;NORDESTE;-1757.898
2024-09-27 18:00:00;NORTE;NORDESTE;-1929.039
2024-09-27 19:00:00;NORTE;NORDESTE;-2375.751
2024-09-27 20:00:00;NORTE;NORDESTE;-2721.643
2024-09-27 21:00:00;NORTE;NORDESTE;-2591.579
2024-09-27 22:00:00;NORTE;NORDESTE;-2670.942
2024-09-27 23:00:00;NORTE;NORDESTE;-3017.747
2024-09-28 00:00:00;NORTE;NORDESTE;-3565.504
2024-09-28 01:00:00;NORTE;NORDESTE;-4052.011
2024-09-28 02:00:00;NORTE;NORDESTE;-4222.285
2024-09-28 03:00:00;NORTE;NORDESTE;-4100.508
2024-09-28 04:00:00;NORTE;NORDESTE;-3947.386
2024-09-28 05:00:00;NORTE;NORDESTE;-3915.443
2024-09-28 06:00:00;NORTE;NORDESTE;-4417.34199999
2024-09-28 07:00:00;NORTE;NORDESTE;-4564.684
2024-09-28 08:00:00;NORTE;NORDESTE;-4414.435
2024-09-28 09:00:00;NORTE;NORDESTE;-4353.396
2024-09-28 10:00:00;NORTE;NORDESTE;-4076.845
2024-09-28 11:00:00;NORTE;NORDESTE;-3963.448
2024-09-28 12:00:00;NORTE;NORDESTE;-3834.977
2024-09-28 13:00:00;NORTE;NORDESTE;-3870.819
2024-09-28 14:00:00;NORTE;NORDESTE;-4089.455
2024-09-28 15:00:00;NORTE;NORDESTE;-3927.821
2024-09-28 16:00:00;NORTE;NORDESTE;-2725.824
2024-09-28 17:00:00;NORTE;NORDESTE;-1803.296
2024-09-28 18:00:00;NORTE;NORDESTE;-2003.418
2024-09-28 19:00:00;NORTE;NORDESTE;-2951.296
2024-09-28 20:00:00;NORTE;NORDESTE;-3241.382
2024-09-28 21:00:00;NORTE;NORDESTE;-3743.837
2024-09-28 22:00:00;NORTE;NORDESTE;-4338.104
2024-09-28 23:00:00;NORTE;NORDESTE;-4268.589
2024-09-29 00:00:00;NORTE;NORDESTE;-4362.029
2024-09-29 01:00:00;NORTE;NORDESTE;-4286.38199999
2024-09-29 02:00:00;NORTE;NORDESTE;-4355.429
2024-09-29 03:00:00;NORTE;NORDESTE;-4267.374
2024-09-29 04:00:00;NORTE;NORDESTE;-4163.769
2024-09-29 05:00:00;NORTE;NORDESTE;-4191.386
2024-09-29 06:00:00;NORTE;NORDESTE;-3925.514
2024-09-29 07:00:00;NORTE;NORDESTE;-3340.494
2024-09-29 08:00:00;NORTE;NORDESTE;-2293.617
2024-09-29 09:00:00;NORTE;NORDESTE;-1311.91799999
2024-09-29 10:00:00;NORTE;NORDESTE;-871.68499999
2024-09-29 11:00:00;NORTE;NORDESTE;-850.022
2024-09-29 12:00:00;NORTE;NORDESTE;-994.681
2024-09-29 13:00:00;NORTE;NORDESTE;-1205.045
2024-09-29 14:00:00;NORTE;NORDESTE;-1618.82
2024-09-29 15:00:00;NORTE;NORDESTE;-1993.122
2024-09-29 16:00:00;NORTE;NORDESTE;-2466.224
2024-09-29 17:00:00;NORTE;NORDESTE;-3493.303
2024-09-29 18:00:00;NORTE;NORDESTE;-3550.838
2024-09-29 19:00:00;NORTE;NORDESTE;-4379.209
2024-09-29 20:00:00;NORTE;NORDESTE;-4295.32
2024-09-29 21:00:00;NORTE;NORDESTE;-4371.915
2024-09-29 22:00:00;NORTE;NORDESTE;-4311.789
2024-09-29 23:00:00;NORTE;NORDESTE;-4411.486
2024-09-30 00:00:00;NORTE;NORDESTE;-4321.992
2024-09-30 01:00:00;NORTE;NORDESTE;-4180.296
2024-09-30 02:00:00;NORTE;NORDESTE;-4140.817
2024-09-30 03:00:00;NORTE;NORDESTE;-4137.134
2024-09-30 04:00:00;NORTE;NORDESTE;-3965.145
2024-09-30 05:00:00;NORTE;NORDESTE;-3876.855
2024-09-30 06:00:00;NORTE;NORDESTE;-4029.948
2024-09-30 07:00:00;NORTE;NORDESTE;-4224.705
2024-09-30 08:00:00;NORTE;NORDESTE;-4040.144
2024-09-30 09:00:00;NORTE;NORDESTE;-4166.264
2024-09-30 10:00:00;NORTE;NORDESTE;-4169.57
2024-09-30 11:00:00;NORTE;NORDESTE;-4169.648
2024-09-30 12:00:00;NORTE;NORDESTE;-4169.126
2024-09-30 13:00:00;NORTE;NORDESTE;-4028.099
2024-09-30 14:00:00;NORTE;NORDESTE;-4214.347
2024-09-30 15:00:00;NORTE;NORDESTE;-4222.285
2024-09-30 16:00:00;NORTE;NORDESTE;-3961.805
2024-09-30 17:00:00;NORTE;NORDESTE;-3442.937
2024-09-30 18:00:00;NORTE;NORDESTE;-3359.416
2024-09-30 19:00:00;NORTE;NORDESTE;-4031.286
2024-09-30 20:00:00;NORTE;NORDESTE;-4480.103
2024-09-30 21:00:00;NORTE;NORDESTE;-4272.0
2024-09-30 22:00:00;NORTE;NORDESTE;-4161.80199999
2024-09-30 23:00:00;NORTE;NORDESTE;-4420.478
2024-10-01 00:00:00;NORTE;NORDESTE;-4317.847
2024-10-01 01:00:00;NORTE;NORDESTE;-4313.829
2024-10-01 02:00:00;NORTE;NORDESTE;-4236.14999999
2024-10-01 03:00:00;NORTE;NORDESTE;-4193.521
2024-10-01 04:00:00;NORTE;NORDESTE;-4156.227
2024-10-01 05:00:00;NORTE;NORDESTE;-4062.234
2024-10-01 06:00:00;NORTE;NORDESTE;-4240.93999999
2024-10-01 07:00:00;NORTE;NORDESTE;-3966.01
2024-10-01 08:00:00;NORTE;NORDESTE;-4333.495
2024-10-01 09:00:00;NORTE;NORDESTE;-4224.366
2024-10-01 10:00:00;NORTE;NORDESTE;-4116.112
2024-10-01 11:00:00;NORTE;NORDESTE;-3820.803
2024-10-01 12:00:00;NORTE;NORDESTE;-3839.499
2024-10-01 13:00:00;NORTE;NORDESTE;-4203.174
2024-10-01 14:00:00;NORTE;NORDESTE;-4362.131
2024-10-01 15:00:00;NORTE;NORDESTE;-4167.113
2024-10-01 16:00:00;NORTE;NORDESTE;-3988.454
2024-10-01 17:00:00;NORTE;NORDESTE;-2947.051
2024-10-01 18:00:00;NORTE;NORDESTE;-2486.245
2024-10-01 19:00:00;NORTE;NORDESTE;-2843.093
2024-10-01 20:00:00;NORTE;NORDESTE;-2859.996
2024-10-01 21:00:00;NORTE;NORDESTE;-2960.732
2024-10-01 22:00:00;NORTE;NORDESTE;-3168.254
2024-10-01 23:00:00;NORTE;NORDESTE;-3126.791
2024-10-02 00:00:00;NORTE;NORDESTE;-3251.198
2024-10-02 01:00:00;NORTE;NORDESTE;-3763.267
2024-10-02 02:00:00;NORTE;NORDESTE;-3862.661
2024-10-02 03:00:00;NORTE;NORDESTE;-3879.786
2024-10-02 04:00:00;NORTE;NORDESTE;-3619.216
2024-10-02 05:00:00;NORTE;NORDESTE;-3687.416
2024-10-02 06:00:00;NORTE;NORDESTE;-4016.218
2024-10-02 07:00:00;NORTE;NORDESTE;-4058.541
2024-10-02 08:00:00;NORTE;NORDESTE;-4113.762
2024-10-02 09:00:00;NORTE;NORDESTE;-4146.39999999
2024-10-02 10:00:00;NORTE;NORDESTE;-3641.091
2024-10-02 11:00:00;NORTE;NORDESTE;-3550.287
2024-10-02 12:00:00;NORTE;NORDESTE;-3413.14
2024-10-02 13:00:00;NORTE;NORDESTE;-2469.16
2024-10-02 14:00:00;NORTE;NORDESTE;-2483.069
2024-10-02 15:00:00;NORTE;NORDESTE;-2078.471
2024-10-02 16:00:00;NORTE;NORDESTE;-1153.82199999
2024-10-02 17:00:00;NORTE;NORDESTE;-991.571
2024-10-02 18:00:00;NORTE;NORDESTE;-1597.374
2024-10-02 19:00:00;NORTE;NORDESTE;-2751.928
2024-10-02 20:00:00;NORTE;NORDESTE;-3155.685
2024-10-02 21:00:00;NORTE;NORDESTE;-3322.08599999
2024-10-02 22:00:00;NORTE;NORDESTE;-3569.459
2024-10-02 23:00:00;NORTE;NORDESTE;-3621.877
2024-10-03 00:00:00;NORTE;NORDESTE;-3541.715
2024-10-03 01:00:00;NORTE;NORDESTE;-3781.551
2024-10-03 02:00:00;NORTE;NORDESTE;-3730.344
2024-10-03 03:00:00;NORTE;NORDESTE;-3475.603
2024-10-03 04:00:00;NORTE;NORDESTE;-3451.553
2024-10-03 05:00:00;NORTE;NORDESTE;-3583.02
2024-10-03 06:00:00;NORTE;NORDESTE;-4141.332
2024-10-03 07:00:00;NORTE;NORDESTE;-4242.751
2024-10-03 08:00:00;NORTE;NORDESTE;-4260.716
2024-10-03 09:00:00;NORTE;NORDESTE;-4230.397
2024-10-03 10:00:00;NORTE;NORDESTE;-4316.167
2024-10-03 11:00:00;NORTE;NORDESTE;-4220.238
2024-10-03 12:00:00;NORTE;NORDESTE;-4249.205
2024-10-03 13:00:00;NORTE;NORDESTE;-3984.155
2024-10-03 14:00:00;NORTE;NORDESTE;-3733.36
2024-10-03 15:00:00;NORTE;NORDESTE;-3221.721
2024-10-03 16:00:00;NORTE;NORDESTE;-1968.868
2024-10-03 17:00:00;NORTE;NORDESTE;-1172.31199999
2024-10-03 18:00:00;NORTE;NORDESTE;-1375.299
2024-10-03 19:00:00;NORTE;NORDESTE;-2384.349
2024-10-03 20:00:00;NORTE;NORDESTE;-3262.12399999
2024-10-03 21:00:00;NORTE;NORDESTE;-3394.881
2024-10-03 22:00:00;NORTE;NORDESTE;-3853.577
2024-10-03 23:00:00;NORTE;NORDESTE;-3961.562
2024-10-04 00:00:00;NORTE;NORDESTE;-3829.183
2024-10-04 01:00:00;NORTE;NORDESTE;-4001.225
2024-10-04 02:00:00;NORTE;NORDESTE;-3941.423
2024-10-04 03:00:00;NORTE;NORDESTE;-3798.074
2024-10-04 04:00:00;NORTE;NORDESTE;-3892.628
2024-10-04 05:00:00;NORTE;NORDESTE;-3779.652
2024-10-04 06:00:00;NORTE;NORDESTE;-4048.55
2024-10-04 07:00:00;NORTE;NORDESTE;-4073.779
2024-10-04 08:00:00;NORTE;NORDESTE;-4224.299
2024-10-04 09:00:00;NORTE;NORDESTE;-4366.128
2024-10-04 10:00:00;NORTE;NORDESTE;-4110.519
2024-10-04 11:00:00;NORTE;NORDESTE;-3698.341
2024-10-04 12:00:00;NORTE;NORDESTE;-3582.253
2024-10-04 13:00:00;NORTE;NORDESTE;-3166.062
2024-10-04 14:00:00;NORTE;NORDESTE;-3126.53
2024-10-04 15:00:00;NORTE;NORDESTE;-2832.841
2024-10-04 16:00:00;NORTE;NORDESTE;-1817.017
2024-10-04 17:00:00;NORTE;NORDESTE;-1316.058
2024-10-04 18:00:00;NORTE;NORDESTE;-1560.596
2024-10-04 19:00:00;NORTE;NORDESTE;-2481.938
2024-10-04 20:00:00;NORTE;NORDESTE;-3111.893
2024-10-04 21:00:00;NORTE;NORDESTE;-3424.242
2024-10-04 22:00:00;NORTE;NORDESTE;-3876.111
2024-10-04 23:00:00;NORTE;NORDESTE;-3984.979
2024-10-05 00:00:00;NORTE;NORDESTE;-4031.561
2024-10-05 01:00:00;NORTE;NORDESTE;-4274.551
2024-10-05 02:00:00;NORTE;NORDESTE;-3962.64
2024-10-05 03:00:00;NORTE;NORDESTE;-3763.6
2024-10-05 04:00:00;NORTE;NORDESTE;-3518.183
2024-10-05 05:00:00;NORTE;NORDESTE;-3493.93199999
2024-10-05 06:00:00;NORTE;NORDESTE;-4089.53
2024-10-05 07:00:00;NORTE;NORDESTE;-3911.19
2024-10-05 08:00:00;NORTE;NORDESTE;-3373.032
2024-10-05 09:00:00;NORTE;NORDESTE;-2739.868
2024-10-05 10:00:00;NORTE;NORDESTE;-2358.439
2024-10-05 11:00:00;NORTE;NORDESTE;-2198.177
2024-10-05 12:00:00;NORTE;NORDESTE;-2430.388
2024-10-05 13:00:00;NORTE;NORDESTE;-2770.65299999
2024-10-05 14:00:00;NORTE;NORDESTE;-3447.409
2024-10-05 15:00:00;NORTE;NORDESTE;-3982.478
2024-10-05 16:00:00;NORTE;NORDESTE;-3122.27799999
2024-10-05 17:00:00;NORTE;NORDESTE;-2283.05699999
2024-10-05 18:00:00;NORTE;NORDESTE;-2159.015
2024-10-05 19:00:00;NORTE;NORDESTE;-3015.104
2024-10-05 20:00:00;NORTE;NORDESTE;-3534.993
2024-10-05 21:00:00;NORTE;NORDESTE;-3780.018
2024-10-05 22:00:00;NORTE;NORDESTE;-3993.153
2024-10-05 23:00:00;NORTE;NORDESTE;-4108.339
2024-10-06 00:00:00;NORTE;NORDESTE;-4095.818
2024-10-06 01:00:00;NORTE;NORDESTE;-4108.26
2024-10-06 02:00:00;NORTE;NORDESTE;-4166.787
2024-10-06 03:00:00;NORTE;NORDESTE;-4038.499
2024-10-06 04:00:00;NORTE;NORDESTE;-3853.726
2024-10-06 05:00:00;NORTE;NORDESTE;-3868.197
2024-10-06 06:00:00;NORTE;NORDESTE;-3807.843
2024-10-06 07:00:00;NORTE;NORDESTE;-3487.748
2024-10-06 08:00:00;NORTE;NORDESTE;-2593.86
2024-10-06 09:00:00;NORTE;NORDESTE;-1883.586
2024-10-06 10:00:00;NORTE;NORDESTE;-1307.116
2024-10-06 11:00:00;NORTE;NORDESTE;-1222.815
2024-10-06 12:00:00;NORTE;NORDESTE;-1393.705
2024-10-06 13:00:00;NORTE;NORDESTE;-1794.248
2024-10-06 14:00:00;NORTE;NORDESTE;-2379.375
2024-10-06 15:00:00;NORTE;NORDESTE;-3536.479
2024-10-06 16:00:00;NORTE;NORDESTE;-4232.624
2024-10-06 17:00:00;NORTE;NORDESTE;-3613.602
2024-10-06 18:00:00;NORTE;NORDESTE;-3325.141
2024-10-06 19:00:00;NORTE;NORDESTE;-3627.673
2024-10-06 20:00:00;NORTE;NORDESTE;-3917.922
2024-10-06 21:00:00;NORTE;NORDESTE;-3960.305
2024-10-06 22:00:00;NORTE;NORDESTE;-4224.276
2024-10-06 23:00:00;NORTE;NORDESTE;-3995.615
2024-10-07 00:00:00;NORTE;NORDESTE;-3808.619
2024-10-07 01:00:00;NORTE;NORDESTE;-3306.801
2024-10-07 02:00:00;NORTE;NORDESTE;-3084.465
2024-10-07 03:00:00;NORTE;NORDESTE;-2901.151
2024-10-07 04:00:00;NORTE;NORDESTE;-2955.797
2024-10-07 05:00:00;NORTE;NORDESTE;-2922.612
2024-10-07 06:00:00;NORTE;NORDESTE;-3528.227
2024-10-07 07:00:00;NORTE;NORDESTE;-4483.182
2024-10-07 08:00:00;NORTE;NORDESTE;-4273.89099999
2024-10-07 09:00:00;NORTE;NORDESTE;-3751.116
2024-10-07 10:00:00;NORTE;NORDESTE;-3610.702
2024-10-07 11:00:00;NORTE;NORDESTE;-3630.875
2024-10-07 12:00:00;NORTE;NORDESTE;-3698.502
2024-10-07 13:00:00;NORTE;NORDESTE;-3315.177
2024-10-07 14:00:00;NORTE;NORDESTE;-2937.025
2024-10-07 15:00:00;NORTE;NORDESTE;-2606.228
2024-10-07 16:00:00;NORTE;NORDESTE;-1487.395
2024-10-07 17:00:00;NORTE;NORDESTE;-865.625
2024-10-07 18:00:00;NORTE;NORDESTE;-1534.204
2024-10-07 19:00:00;NORTE;NORDESTE;-2361.967
2024-10-07 20:00:00;NORTE;NORDESTE;-2801.576
2024-10-07 21:00:00;NORTE;NORDESTE;-2602.204
2024-10-07 22:00:00;NORTE;NORDESTE;-2355.67999999
2024-10-07 23:00:00;NORTE;NORDESTE;-2909.266
2024-10-08 00:00:00;NORTE;NORDESTE;-3016.813
2024-10-08 01:00:00;NORTE;NORDESTE;-2982.116
2024-10-08 02:00:00;NORTE;NORDESTE;-2906.163
2024-10-08 03:00:00;NORTE;NORDESTE;-2578.062
2024-10-08 04:00:00;NORTE;NORDESTE;-2484.951
2024-10-08 05:00:00;NORTE;NORDESTE;-2533.337
2024-10-08 06:00:00;NORTE;NORDESTE;-3065.102
2024-10-08 07:00:00;NORTE;NORDESTE;-4107.783
2024-10-08 08:00:00;NORTE;NORDESTE;-4065.753
2024-10-08 09:00:00;NORTE;NORDESTE;-3884.577
2024-10-08 10:00:00;NORTE;NORDESTE;-3417.61499999
2024-10-08 11:00:00;NORTE;NORDESTE;-3060.799
2024-10-08 12:00:00;NORTE;NORDESTE;-3205.741
2024-10-08 13:00:00;NORTE;NORDESTE;-3099.864
2024-10-08 14:00:00;NORTE;NORDESTE;-2648.123
2024-10-08 15:00:00;NORTE;NORDESTE;-2278.886
2024-10-08 16:00:00;NORTE;NORDESTE;-1532.395
2024-10-08 17:00:00;NORTE;NORDESTE;-518.24699999
2024-10-08 18:00:00;NORTE;NORDESTE;-251.39
2024-10-08 19:00:00;NORTE;NORDESTE;-858.428
2024-10-08 20:00:00;NORTE;NORDESTE;-1508.315
2024-10-08 21:00:00;NORTE;NORDESTE;-1549.176
2024-10-08 22:00:00;NORTE;NORDESTE;-1412.675
2024-10-08 23:00:00;NORTE;NORDESTE;-1004.42
2024-10-09 00:00:00;NORTE;NORDESTE;-95.642
2024-10-09 01:00:00;NORTE;NORDESTE;269.094
2024-10-09 02:00:00;NORTE;NORDESTE;350.243
2024-10-09 03:00:00;NORTE;NORDESTE;344.6
2024-10-09 04:00:00;NORTE;NORDESTE;319.699
2024-10-09 05:00:00;NORTE;NORDESTE;79.018
2024-10-09 06:00:00;NORTE;NORDESTE;-1166.326
2024-10-09 07:00:00;NORTE;NORDESTE;-2772.197
2024-10-09 08:00:00;NORTE;NORDESTE;-2882.17299999
2024-10-09 09:00:00;NORTE;NORDESTE;-2593.474
2024-10-09 10:00:00;NORTE;NORDESTE;-2319.012
2024-10-09 11:00:00;NORTE;NORDESTE;-2095.471
2024-10-09 12:00:00;NORTE;NORDESTE;-2217.446
2024-10-09 13:00:00;NORTE;NORDESTE;-2091.388
2024-10-09 14:00:00;NORTE;NORDESTE;-1464.227
2024-10-09 15:00:00;NORTE;NORDESTE;-968.031
2024-10-09 16:00:00;NORTE;NORDESTE;-719.441
2024-10-09 17:00:00;NORTE;NORDESTE;-931.153
2024-10-09 18:00:00;NORTE;NORDESTE;-1434.254
2024-10-09 19:00:00;NORTE;NORDESTE;-1830.943
2024-10-09 20:00:00;NORTE;NORDESTE;-2377.505
2024-10-09 21:00:00;NORTE;NORDESTE;-1996.278
2024-10-09 22:00:00;NORTE;NORDESTE;-1643.78299999
2024-10-09 23:00:00;NORTE;NORDESTE;-887.672
2024-10-10 00:00:00;NORTE;NORDESTE;-1.309
2024-10-10 01:00:00;NORTE;NORDESTE;449.215
2024-10-10 02:00:00;NORTE;NORDESTE;684.513
2024-10-10 03:00:00;NORTE;NORDESTE;801.722
2024-10-10 04:00:00;NORTE;NORDESTE;694.67
2024-10-10 05:00:00;NORTE;NORDESTE;411.753
2024-10-10 06:00:00;NORTE;NORDESTE;-735.799
2024-10-10 07:00:00;NORTE;NORDESTE;-2325.156
2024-10-10 08:00:00;NORTE;NORDESTE;-2951.339
2024-10-10 09:00:00;NORTE;NORDESTE;-3238.709
2024-10-10 10:00:00;NORTE;NORDESTE;-3192.524
2024-10-10 11:00:00;NORTE;NORDESTE;-2847.099
2024-10-10 12:00:00;NORTE;NORDESTE;-3021.32
2024-10-10 13:00:00;NORTE;NORDESTE;-3075.48
2024-10-10 14:00:00;NORTE;NORDESTE;-3026.314
2024-10-10 15:00:00;NORTE;NORDESTE;-2903.656
2024-10-10 16:00:00;NORTE;NORDESTE;-2320.26699999
2024-10-10 17:00:00;NORTE;NORDESTE;-2187.027
2024-10-10 18:00:00;NORTE;NORDESTE;-2894.012
2024-10-10 19:00:00;NORTE;NORDESTE;-3437.181
2024-10-10 20:00:00;NORTE;NORDESTE;-3323.88
2024-10-10 21:00:00;NORTE;NORDESTE;-3615.17
2024-10-10 22:00:00;NORTE;NORDESTE;-3984.834
2024-10-10 23:00:00;NORTE;NORDESTE;-4136.124
2024-10-11 00:00:00;NORTE;NORDESTE;-4223.622
2024-10-11 01:00:00;NORTE;NORDESTE;-4407.049
2024-10-11 02:00:00;NORTE;NORDESTE;-4413.429
2024-10-11 03:00:00;NORTE;NORDESTE;-4188.539
2024-10-11 04:00:00;NORTE;NORDESTE;-4042.347
2024-10-11 05:00:00;NORTE;NORDESTE;-3927.749
2024-10-11 06:00:00;NORTE;NORDESTE;-4043.778
2024-10-11 07:00:00;NORTE;NORDESTE;-4293.397
2024-10-11 08:00:00;NORTE;NORDESTE;-4461.77
2024-10-11 09:00:00;NORTE;NORDESTE;-4331.688
2024-10-11 10:00:00;NORTE;NORDESTE;-4286.05199999
2024-10-11 11:00:00;NORTE;NORDESTE;-4051.597
2024-10-11 12:00:00;NORTE;NORDESTE;-4074.96
2024-10-11 13:00:00;NORTE;NORDESTE;-3640.41
2024-10-11 14:00:00;NORTE;NORDESTE;-3647.267
2024-10-11 15:00:00;NORTE;NORDESTE;-3430.38
2024-10-11 16:00:00;NORTE;NORDESTE;-2596.074
2024-10-11 17:00:00;NORTE;NORDESTE;-1976.067
2024-10-11 18:00:00;NORTE;NORDESTE;-2104.755
2024-10-11 19:00:00;NORTE;NORDESTE;-2801.178
2024-10-11 20:00:00;NORTE;NORDESTE;-3635.538
2024-10-11 21:00:00;NORTE;NORDESTE;-3742.434
2024-10-11 22:00:00;NORTE;NORDESTE;-3620.716
2024-10-11 23:00:00;NORTE;NORDESTE;-3649.387
2024-10-12 00:00:00;NORTE;NORDESTE;-3595.486
2024-10-12 01:00:00;NORTE;NORDESTE;-3379.205
2024-10-12 02:00:00;NORTE;NORDESTE;-3550.255
2024-10-12 03:00:00;NORTE;NORDESTE;-3364.29
2024-10-12 04:00:00;NORTE;NORDESTE;-3288.915
2024-10-12 05:00:00;NORTE;NORDESTE;-3595.992
2024-10-12 06:00:00;NORTE;NORDESTE;-4203.7
2024-10-12 07:00:00;NORTE;NORDESTE;-3606.871
2024-10-12 08:00:00;NORTE;NORDESTE;-3337.632
2024-10-12 09:00:00;NORTE;NORDESTE;-2930.645
2024-10-12 10:00:00;NORTE;NORDESTE;-2684.861
2024-10-12 11:00:00;NORTE;NORDESTE;-2649.235
2024-10-12 12:00:00;NORTE;NORDESTE;-2688.313
2024-10-12 13:00:00;NORTE;NORDESTE;-2928.11
2024-10-12 14:00:00;NORTE;NORDESTE;-3221.738
2024-10-12 15:00:00;NORTE;NORDESTE;-3567.692
2024-10-12 16:00:00;NORTE;NORDESTE;-2905.775
2024-10-12 17:00:00;NORTE;NORDESTE;-2085.907
2024-10-12 18:00:00;NORTE;NORDESTE;-2221.632
2024-10-12 19:00:00;NORTE;NORDESTE;-2708.49699999
2024-10-12 20:00:00;NORTE;NORDESTE;-3694.054
2024-10-12 21:00:00;NORTE;NORDESTE;-3976.285
2024-10-12 22:00:00;NORTE;NORDESTE;-3975.071
2024-10-12 23:00:00;NORTE;NORDESTE;-3913.938
2024-10-13 00:00:00;NORTE;NORDESTE;-4021.437
2024-10-13 01:00:00;NORTE;NORDESTE;-4060.656
2024-10-13 02:00:00;NORTE;NORDESTE;-4073.092
2024-10-13 03:00:00;NORTE;NORDESTE;-3968.538
2024-10-13 04:00:00;NORTE;NORDESTE;-3876.637
2024-10-13 05:00:00;NORTE;NORDESTE;-3828.596
2024-10-13 06:00:00;NORTE;NORDESTE;-3570.614
2024-10-13 07:00:00;NORTE;NORDESTE;-2535.936
2024-10-13 08:00:00;NORTE;NORDESTE;-1667.798
2024-10-13 09:00:00;NORTE;NORDESTE;-914.702
2024-10-13 10:00:00;NORTE;NORDESTE;-699.409
2024-10-13 11:00:00;NORTE;NORDESTE;-809.55499999
2024-10-13 12:00:00;NORTE;NORDESTE;-1108.511
2024-10-13 13:00:00;NORTE;NORDESTE;-1289.25
2024-10-13 14:00:00;NORTE;NORDESTE;-1471.317
2024-10-13 15:00:00;NORTE;NORDESTE;-2157.0
2024-10-13 16:00:00;NORTE;NORDESTE;-1984.542
2024-10-13 17:00:00;NORTE;NORDESTE;-1690.481
2024-10-13 18:00:00;NORTE;NORDESTE;-2159.596
2024-10-13 19:00:00;NORTE;NORDESTE;-2793.79
2024-10-13 20:00:00;NORTE;NORDESTE;-3338.212
2024-10-13 21:00:00;NORTE;NORDESTE;-3369.013
2024-10-13 22:00:00;NORTE;NORDESTE;-3590.342
2024-10-13 23:00:00;NORTE;NORDESTE;-3594.464
2024-10-14 00:00:00;NORTE;NORDESTE;-3421.126
2024-10-14 01:00:00;NORTE;NORDESTE;-3265.607
2024-10-14 02:00:00;NORTE;NORDESTE;-3546.689
2024-10-14 03:00:00;NORTE;NORDESTE;-3569.254
2024-10-14 04:00:00;NORTE;NORDESTE;-3688.146
2024-10-14 05:00:00;NORTE;NORDESTE;-3903.473
2024-10-14 06:00:00;NORTE;NORDESTE;-4179.945
2024-10-14 07:00:00;NORTE;NORDESTE;-4259.264
2024-10-14 08:00:00;NORTE;NORDESTE;-4093.323
2024-10-14 09:00:00;NORTE;NORDESTE;-3909.078
2024-10-14 10:00:00;NORTE;NORDESTE;-3639.211
2024-10-14 11:00:00;NORTE;NORDESTE;-3564.107
2024-10-14 12:00:00;NORTE;NORDESTE;-3533.573
2024-10-14 13:00:00;NORTE;NORDESTE;-4006.606
2024-10-14 14:00:00;NORTE;NORDESTE;-4215.812
2024-10-14 15:00:00;NORTE;NORDESTE;-4169.473
2024-10-14 16:00:00;NORTE;NORDESTE;-4248.39099999
2024-10-14 17:00:00;NORTE;NORDESTE;-3883.985
2024-10-14 18:00:00;NORTE;NORDESTE;-3909.064
2024-10-14 19:00:00;NORTE;NORDESTE;-4020.143
2024-10-14 20:00:00;NORTE;NORDESTE;-4168.799
2024-10-14 21:00:00;NORTE;NORDESTE;-3920.707
2024-10-14 22:00:00;NORTE;NORDESTE;-3970.911
2024-10-14 23:00:00;NORTE;NORDESTE;-3557.993
2024-10-15 00:00:00;NORTE;NORDESTE;-3311.954
2024-10-15 01:00:00;NORTE;NORDESTE;-3180.177
2024-10-15 02:00:00;NORTE;NORDESTE;-3053.372
2024-10-15 03:00:00;NORTE;NORDESTE;-2859.674
2024-10-15 04:00:00;NORTE;NORDESTE;-2590.726
2024-10-15 05:00:00;NORTE;NORDESTE;-2648.349
2024-10-15 06:00:00;NORTE;NORDESTE;-3681.045
2024-10-15 07:00:00;NORTE;NORDESTE;-4183.792
2024-10-15 08:00:00;NORTE;NORDESTE;-4275.488
2024-10-15 09:00:00;NORTE;NORDESTE;-4211.853
2024-10-15 10:00:00;NORTE;NORDESTE;-4219.339
2024-10-15 11:00:00;NORTE;NORDESTE;-4309.89999999
2024-10-15 12:00:00;NORTE;NORDESTE;-4306.051
2024-10-15 13:00:00;NORTE;NORDESTE;-4393.919
2024-10-15 14:00:00;NORTE;NORDESTE;-4571.55599999
2024-10-15 15:00:00;NORTE;NORDESTE;-4278.47
2024-10-15 16:00:00;NORTE;NORDESTE;-3750.874
2024-10-15 17:00:00;NORTE;NORDESTE;-3707.675
2024-10-15 18:00:00;NORTE;NORDESTE;-3841.821
2024-10-15 19:00:00;NORTE;NORDESTE;-3333.452
2024-10-15 20:00:00;NORTE;NORDESTE;-3459.601
2024-10-15 21:00:00;NORTE;NORDESTE;-3644.438
2024-10-15 22:00:00;NORTE;NORDESTE;-3935.881
2024-10-15 23:00:00;NORTE;NORDESTE;-3853.838
2024-10-16 00:00:00;NORTE;NORDESTE;-3538.138
2024-10-16 01:00:00;NORTE;NORDESTE;-3388.937
2024-10-16 02:00:00;NORTE;NORDESTE;-3314.372
2024-10-16 03:00:00;NORTE;NORDESTE;-3089.285
2024-10-16 04:00:00;NORTE;NORDESTE;-2693.967
2024-10-16 05:00:00;NORTE;NORDESTE;-2370.261
2024-10-16 06:00:00;NORTE;NORDESTE;-2588.484
2024-10-16 07:00:00;NORTE;NORDESTE;-3022.748
2024-10-16 08:00:00;NORTE;NORDESTE;-2868.975
2024-10-16 09:00:00;NORTE;NORDESTE;-2521.134
2024-10-16 10:00:00;NORTE;NORDESTE;-2030.621
2024-10-16 11:00:00;NORTE;NORDESTE;-2079.828
2024-10-16 12:00:00;NORTE;NORDESTE;-2324.009
2024-10-16 13:00:00;NORTE;NORDESTE;-2380.31599999
2024-10-16 14:00:00;NORTE;NORDESTE;-2267.524
2024-10-16 15:00:00;NORTE;NORDESTE;-1553.855
2024-10-16 16:00:00;NORTE;NORDESTE;-665.203
2024-10-16 17:00:00;NORTE;NORDESTE;-495.367
2024-10-16 18:00:00;NORTE;NORDESTE;-1116.258
2024-10-16 19:00:00;NORTE;NORDESTE;-1432.989
2024-10-16 20:00:00;NORTE;NORDESTE;-1632.911
2024-10-16 21:00:00;NORTE;NORDESTE;-1339.661
2024-10-16 22:00:00;NORTE;NORDESTE;-1342.328
2024-10-16 23:00:00;NORTE;NORDESTE;-806.337
2024-10-17 00:00:00;NORTE;NORDESTE;-271.539
2024-10-17 01:00:00;NORTE;NORDESTE;13.455
2024-10-17 02:00:00;NORTE;NORDESTE;5.996
2024-10-17 03:00:00;NORTE;NORDESTE;-212.179
2024-10-17 04:00:00;NORTE;NORDESTE;-83.914
2024-10-17 05:00:00;NORTE;NORDESTE;-208.261
2024-10-17 06:00:00;NORTE;NORDESTE;-851.418
2024-10-17 07:00:00;NORTE;NORDESTE;-1967.142
2024-10-17 08:00:00;NORTE;NORDESTE;-1952.626
2024-10-17 09:00:00;NORTE;NORDESTE;-1478.297
2024-10-17 10:00:00;NORTE;NORDESTE;-1117.261
2024-10-17 11:00:00;NORTE;NORDESTE;-1125.88
2024-10-17 12:00:00;NORTE;NORDESTE;-1013.858
2024-10-17 13:00:00;NORTE;NORDESTE;-688.087
2024-10-17 14:00:00;NORTE;NORDESTE;-315.556
2024-10-17 15:00:00;NORTE;NORDESTE;118.979
2024-10-17 16:00:00;NORTE;NORDESTE;617.765
2024-10-17 17:00:00;NORTE;NORDESTE;790.331
2024-10-17 18:00:00;NORTE;NORDESTE;535.761
2024-10-17 19:00:00;NORTE;NORDESTE;-194.793
2024-10-17 20:00:00;NORTE;NORDESTE;-715.913
2024-10-17 21:00:00;NORTE;NORDESTE;-171.728
2024-10-17 22:00:00;NORTE;NORDESTE;87.738
2024-10-17 23:00:00;NORTE;NORDESTE;475.575
2024-10-18 00:00:00;NORTE;NORDESTE;708.439
2024-10-18 01:00:00;NORTE;NORDESTE;1370.933
2024-10-18 02:00:00;NORTE;NORDESTE;1845.135
2024-10-18 03:00:00;NORTE;NORDESTE;1947.672
2024-10-18 04:00:00;NORTE;NORDESTE;1849.574
2024-10-18 05:00:00;NORTE;NORDESTE;1380.845
2024-10-18 06:00:00;NORTE;NORDESTE;599.057
2024-10-18 07:00:00;NORTE;NORDESTE;-175.719
2024-10-18 08:00:00;NORTE;NORDESTE;-437.29
2024-10-18 09:00:00;NORTE;NORDESTE;-345.301
2024-10-18 10:00:00;NORTE;NORDESTE;-271.856
2024-10-18 11:00:00;NORTE;NORDESTE;-558.365
2024-10-18 12:00:00;NORTE;NORDESTE;-839.342
2024-10-18 13:00:00;NORTE;NORDESTE;-1300.7
2024-10-18 14:00:00;NORTE;NORDESTE;-1425.301
2024-10-18 15:00:00;NORTE;NORDESTE;-1358.10899999
2024-10-18 16:00:00;NORTE;NORDESTE;-522.965
2024-10-18 17:00:00;NORTE;NORDESTE;224.52
2024-10-18 18:00:00;NORTE;NORDESTE;80.108
2024-10-18 19:00:00;NORTE;NORDESTE;-437.849
2024-10-18 20:00:00;NORTE;NORDESTE;-667.50199999
2024-10-18 21:00:00;NORTE;NORDESTE;-505.767
2024-10-18 22:00:00;NORTE;NORDESTE;-182.63999999
2024-10-18 23:00:00;NORTE;NORDESTE;183.597
2024-10-19 00:00:00;NORTE;NORDESTE;529.184
2024-10-19 01:00:00;NORTE;NORDESTE;999.241
2024-10-19 02:00:00;NORTE;NORDESTE;983.812
2024-10-19 03:00:00;NORTE;NORDESTE;962.903
2024-10-19 04:00:00;NORTE;NORDESTE;766.212
2024-10-19 05:00:00;NORTE;NORDESTE;1.429
2024-10-19 06:00:00;NORTE;NORDESTE;-1345.087
2024-10-19 07:00:00;NORTE;NORDESTE;-2553.11
2024-10-19 08:00:00;NORTE;NORDESTE;-2910.382
2024-10-19 09:00:00;NORTE;NORDESTE;-2979.042
2024-10-19 10:00:00;NORTE;NORDESTE;-2954.938
2024-10-19 11:00:00;NORTE;NORDESTE;-3033.053
2024-10-19 12:00:00;NORTE;NORDESTE;-3499.553
2024-10-19 13:00:00;NORTE;NORDESTE;-3687.813
2024-10-19 14:00:00;NORTE;NORDESTE;-3680.266
2024-10-19 15:00:00;NORTE;NORDESTE;-3328.48999999
2024-10-19 16:00:00;NORTE;NORDESTE;-2606.877
2024-10-19 17:00:00;NORTE;NORDESTE;-1831.513
2024-10-19 18:00:00;NORTE;NORDESTE;-1907.261
2024-10-19 19:00:00;NORTE;NORDESTE;-2425.034
2024-10-19 20:00:00;NORTE;NORDESTE;-2953.579
2024-10-19 21:00:00;NORTE;NORDESTE;-3099.052
2024-10-19 22:00:00;NORTE;NORDESTE;-3462.116
2024-10-19 23:00:00;NORTE;NORDESTE;-3711.234
2024-10-20 00:00:00;NORTE;NORDESTE;-3619.207
2024-10-20 01:00:00;NORTE;NORDESTE;-3430.80699999
2024-10-20 02:00:00;NORTE;NORDESTE;-3273.438
2024-10-20 03:00:00;NORTE;NORDESTE;-2866.969
2024-10-20 04:00:00;NORTE;NORDESTE;-2581.228
2024-10-20 05:00:00;NORTE;NORDESTE;-2755.481
2024-10-20 06:00:00;NORTE;NORDESTE;-2282.67999999
2024-10-20 07:00:00;NORTE;NORDESTE;-1935.502
2024-10-20 08:00:00;NORTE;NORDESTE;-1743.79299999
2024-10-20 09:00:00;NORTE;NORDESTE;-1733.787
2024-10-20 10:00:00;NORTE;NORDESTE;-1341.939
2024-10-20 11:00:00;NORTE;NORDESTE;-1426.561
2024-10-20 12:00:00;NORTE;NORDESTE;-1438.673
2024-10-20 13:00:00;NORTE;NORDESTE;-1392.196
2024-10-20 14:00:00;NORTE;NORDESTE;-1318.269
2024-10-20 15:00:00;NORTE;NORDESTE;-1359.799
2024-10-20 16:00:00;NORTE;NORDESTE;-1401.238
2024-10-20 17:00:00;NORTE;NORDESTE;-624.41
2024-10-20 18:00:00;NORTE;NORDESTE;-964.647
2024-10-20 19:00:00;NORTE;NORDESTE;-1820.125
2024-10-20 20:00:00;NORTE;NORDESTE;-2649.375
2024-10-20 21:00:00;NORTE;NORDESTE;-3260.62
2024-10-20 22:00:00;NORTE;NORDESTE;-3166.143
2024-10-20 23:00:00;NORTE;NORDESTE;-3187.706
2024-10-21 00:00:00;NORTE;NORDESTE;-3106.94
2024-10-21 01:00:00;NORTE;NORDESTE;-3146.713
2024-10-21 02:00:00;NORTE;NORDESTE;-3203.038
2024-10-21 03:00:00;NORTE;NORDESTE;-3068.492
2024-10-21 04:00:00;NORTE;NORDESTE;-3118.305
2024-10-21 05:00:00;NORTE;NORDESTE;-3460.763
2024-10-21 06:00:00;NORTE;NORDESTE;-3998.304
2024-10-21 07:00:00;NORTE;NORDESTE;-4377.68099999
2024-10-21 08:00:00;NORTE;NORDESTE;-4528.81
2024-10-21 09:00:00;NORTE;NORDESTE;-4525.83299999
2024-10-21 10:00:00;NORTE;NORDESTE;-4339.316
2024-10-21 11:00:00;NORTE;NORDESTE;-4232.798
2024-10-21 12:00:00;NORTE;NORDESTE;-4096.13199999
2024-10-21 13:00:00;NORTE;NORDESTE;-4336.848
2024-10-21 14:00:00;NORTE;NORDESTE;-4451.509
2024-10-21 15:00:00;NORTE;NORDESTE;-4239.044
2024-10-21 16:00:00;NORTE;NORDESTE;-3473.672
2024-10-21 17:00:00;NORTE;NORDESTE;-2358.762
2024-10-21 18:00:00;NORTE;NORDESTE;-2241.646
2024-10-21 19:00:00;NORTE;NORDESTE;-2841.356
2024-10-21 20:00:00;NORTE;NORDESTE;-3099.498
2024-10-21 21:00:00;NORTE;NORDESTE;-3307.513
2024-10-21 22:00:00;NORTE;NORDESTE;-3775.358
2024-10-21 23:00:00;NORTE;NORDESTE;-3859.882
2024-10-22 00:00:00;NORTE;NORDESTE;-3899.76
2024-10-22 01:00:00;NORTE;NORDESTE;-3930.719
2024-10-22 02:00:00;NORTE;NORDESTE;-4069.124
2024-10-22 03:00:00;NORTE;NORDESTE;-3975.799
2024-10-22 04:00:00;NORTE;NORDESTE;-3854.645
2024-10-22 05:00:00;NORTE;NORDESTE;-4009.595
2024-10-22 06:00:00;NORTE;NORDESTE;-4240.211
2024-10-22 07:00:00;NORTE;NORDESTE;-4710.97999999
2024-10-22 08:00:00;NORTE;NORDESTE;-4967.296
2024-10-22 09:00:00;NORTE;NORDESTE;-5051.945
2024-10-22 10:00:00;NORTE;NORDESTE;-5041.37
2024-10-22 11:00:00;NORTE;NORDESTE;-5150.598
2024-10-22 12:00:00;NORTE;NORDESTE;-5212.511
2024-10-22 13:00:00;NORTE;NORDESTE;-5078.66799999
2024-10-22 14:00:00;NORTE;NORDESTE;-4888.258
2024-10-22 15:00:00;NORTE;NORDESTE;-4277.581
2024-10-22 16:00:00;NORTE;NORDESTE;-3410.004
2024-10-22 17:00:00;NORTE;NORDESTE;-2915.705
2024-10-22 18:00:00;NORTE;NORDESTE;-2706.065
2024-10-22 19:00:00;NORTE;NORDESTE;-3000.754
2024-10-22 20:00:00;NORTE;NORDESTE;-3246.985
2024-10-22 21:00:00;NORTE;NORDESTE;-3262.026
2024-10-22 22:00:00;NORTE;NORDESTE;-3353.922
2024-10-22 23:00:00;NORTE;NORDESTE;-3547.132
2024-10-23 00:00:00;NORTE;NORDESTE;-4114.439
2024-10-23 01:00:00;NORTE;NORDESTE;-4298.232
2024-10-23 02:00:00;NORTE;NORDESTE;-4306.839
2024-10-23 03:00:00;NORTE;NORDESTE;-4219.66299999
2024-10-23 04:00:00;NORTE;NORDESTE;-4119.746
2024-10-23 05:00:00;NORTE;NORDESTE;-4231.647
2024-10-23 06:00:00;NORTE;NORDESTE;-4449.56099999
2024-10-23 07:00:00;NORTE;NORDESTE;-5357.758
2024-10-23 08:00:00;NORTE;NORDESTE;-5548.067
2024-10-23 09:00:00;NORTE;NORDESTE;-5418.626
2024-10-23 10:00:00;NORTE;NORDESTE;-5562.448
2024-10-23 11:00:00;NORTE;NORDESTE;-5593.161
2024-10-23 12:00:00;NORTE;NORDESTE;-5111.171
2024-10-23 13:00:00;NORTE;NORDESTE;-4156.29299999
2024-10-23 14:00:00;NORTE;NORDESTE;-3108.442
2024-10-23 15:00:00;NORTE;NORDESTE;-2211.779
2024-10-23 16:00:00;NORTE;NORDESTE;-1345.756
2024-10-23 17:00:00;NORTE;NORDESTE;-1097.558
2024-10-23 18:00:00;NORTE;NORDESTE;-1448.945
2024-10-23 19:00:00;NORTE;NORDESTE;-2622.197
2024-10-23 20:00:00;NORTE;NORDESTE;-2769.0
2024-10-23 21:00:00;NORTE;NORDESTE;-2669.484
2024-10-23 22:00:00;NORTE;NORDESTE;-3092.049
2024-10-23 23:00:00;NORTE;NORDESTE;-3235.963
2024-10-24 00:00:00;NORTE;NORDESTE;-3291.951
2024-10-24 01:00:00;NORTE;NORDESTE;-3233.599
2024-10-24 02:00:00;NORTE;NORDESTE;-3399.96099999
2024-10-24 03:00:00;NORTE;NORDESTE;-3392.976
2024-10-24 04:00:00;NORTE;NORDESTE;-3287.498
2024-10-24 05:00:00;NORTE;NORDESTE;-3438.964
2024-10-24 06:00:00;NORTE;NORDESTE;-4294.968
2024-10-24 07:00:00;NORTE;NORDESTE;-4615.478
2024-10-24 08:00:00;NORTE;NORDESTE;-4474.41799999
2024-10-24 09:00:00;NORTE;NORDESTE;-4785.772
2024-10-24 10:00:00;NORTE;NORDESTE;-4958.934
2024-10-24 11:00:00;NORTE;NORDESTE;-4665.158
2024-10-24 12:00:00;NORTE;NORDESTE;-4611.597
2024-10-24 13:00:00;NORTE;NORDESTE;-4457.406
2024-10-24 14:00:00;NORTE;NORDESTE;-3806.305
2024-10-24 15:00:00;NORTE;NORDESTE;-3324.664
2024-10-24 16:00:00;NORTE;NORDESTE;-2272.907
2024-10-24 17:00:00;NORTE;NORDESTE;-2103.792
2024-10-24 18:00:00;NORTE;NORDESTE;-2334.242
2024-10-24 19:00:00;NORTE;NORDESTE;-3142.12
2024-10-24 20:00:00;NORTE;NORDESTE;-3531.101
2024-10-24 21:00:00;NORTE;NORDESTE;-3703.62
2024-10-24 22:00:00;NORTE;NORDESTE;-4034.079
2024-10-24 23:00:00;NORTE;NORDESTE;-4482.169
2024-10-25 00:00:00;NORTE;NORDESTE;-4366.036
2024-10-25 01:00:00;NORTE;NORDESTE;-4298.31099999
2024-10-25 02:00:00;NORTE;NORDESTE;-4135.294
2024-10-25 03:00:00;NORTE;NORDESTE;-3993.012
2024-10-25 04:00:00;NORTE;NORDESTE;-3923.615
2024-10-25 05:00:00;NORTE;NORDESTE;-4002.265
2024-10-25 06:00:00;NORTE;NORDESTE;-4744.36899999
2024-10-25 07:00:00;NORTE;NORDESTE;-4943.752
2024-10-25 08:00:00;NORTE;NORDESTE;-5127.493
2024-10-25 09:00:00;NORTE;NORDESTE;-4891.885
2024-10-25 10:00:00;NORTE;NORDESTE;-4702.571
2024-10-25 11:00:00;NORTE;NORDESTE;-4581.752
2024-10-25 12:00:00;NORTE;NORDESTE;-4584.07
2024-10-25 13:00:00;NORTE;NORDESTE;-4584.07
2024-10-25 14:00:00;NORTE;NORDESTE;-4584.07
2024-10-25 15:00:00;NORTE;NORDESTE;-4196.724
2024-10-25 16:00:00;NORTE;NORDESTE;-2836.491
2024-10-25 17:00:00;NORTE;NORDESTE;-2121.467
2024-10-25 18:00:00;NORTE;NORDESTE;-2867.916
2024-10-25 19:00:00;NORTE;NORDESTE;-3590.296
2024-10-25 20:00:00;NORTE;NORDESTE;-3572.574
2024-10-25 21:00:00;NORTE;NORDESTE;-3165.804
2024-10-25 22:00:00;NORTE;NORDESTE;-3087.806
2024-10-25 23:00:00;NORTE;NORDESTE;-3148.859
2024-10-26 00:00:00;NORTE;NORDESTE;-3559.124
2024-10-26 01:00:00;NORTE;NORDESTE;-3562.514
2024-10-26 02:00:00;NORTE;NORDESTE;-3511.508
2024-10-26 03:00:00;NORTE;NORDESTE;-3641.274
2024-10-26 04:00:00;NORTE;NORDESTE;-3449.428
2024-10-26 05:00:00;NORTE;NORDESTE;-3737.902
2024-10-26 06:00:00;NORTE;NORDESTE;-4696.938
2024-10-26 07:00:00;NORTE;NORDESTE;-4982.576
2024-10-26 08:00:00;NORTE;NORDESTE;-4786.541
2024-10-26 09:00:00;NORTE;NORDESTE;-4931.55
2024-10-26 10:00:00;NORTE;NORDESTE;-4878.647
2024-10-26 11:00:00;NORTE;NORDESTE;-5124.228
2024-10-26 12:00:00;NORTE;NORDESTE;-4974.902
2024-10-26 13:00:00;NORTE;NORDESTE;-4924.825
2024-10-26 14:00:00;NORTE;NORDESTE;-4853.571
2024-10-26 15:00:00;NORTE;NORDESTE;-4377.527
2024-10-26 16:00:00;NORTE;NORDESTE;-2784.397
2024-10-26 17:00:00;NORTE;NORDESTE;-1424.296
2024-10-26 18:00:00;NORTE;NORDESTE;-1389.629
2024-10-26 19:00:00;NORTE;NORDESTE;-1993.701
2024-10-26 20:00:00;NORTE;NORDESTE;-2052.38
2024-10-26 21:00:00;NORTE;NORDESTE;-2018.607
2024-10-26 22:00:00;NORTE;NORDESTE;-2230.452
2024-10-26 23:00:00;NORTE;NORDESTE;-2175.052
2024-10-27 00:00:00;NORTE;NORDESTE;-1938.583
2024-10-27 01:00:00;NORTE;NORDESTE;-1968.472
2024-10-27 02:00:00;NORTE;NORDESTE;-1851.927
2024-10-27 03:00:00;NORTE;NORDESTE;-1627.471
2024-10-27 04:00:00;NORTE;NORDESTE;-1646.756
2024-10-27 05:00:00;NORTE;NORDESTE;-2149.065
2024-10-27 06:00:00;NORTE;NORDESTE;-2696.713
2024-10-27 07:00:00;NORTE;NORDESTE;-2551.612
2024-10-27 08:00:00;NORTE;NORDESTE;-2135.485
2024-10-27 09:00:00;NORTE;NORDESTE;-1644.178
2024-10-27 10:00:00;NORTE;NORDESTE;-1587.347
2024-10-27 11:00:00;NORTE;NORDESTE;-1799.278
2024-10-27 12:00:00;NORTE;NORDESTE;-1773.605
2024-10-27 13:00:00;NORTE;NORDESTE;-1926.938
2024-10-27 14:00:00;NORTE;NORDESTE;-2287.319
2024-10-27 15:00:00;NORTE;NORDESTE;-2330.49699999
2024-10-27 16:00:00;NORTE;NORDESTE;-1547.258
2024-10-27 17:00:00;NORTE;NORDESTE;-696.094
2024-10-27 18:00:00;NORTE;NORDESTE;-973.221
2024-10-27 19:00:00;NORTE;NORDESTE;-1821.467
2024-10-27 20:00:00;NORTE;NORDESTE;-1925.786
2024-10-27 21:00:00;NORTE;NORDESTE;-1950.072
2024-10-27 22:00:00;NORTE;NORDESTE;-2016.799
2024-10-27 23:00:00;NORTE;NORDESTE;-1757.84099999
2024-10-28 00:00:00;NORTE;NORDESTE;-1630.431
2024-10-28 01:00:00;NORTE;NORDESTE;-2233.531
2024-10-28 02:00:00;NORTE;NORDESTE;-2858.059
2024-10-28 03:00:00;NORTE;NORDESTE;-3349.422
2024-10-28 04:00:00;NORTE;NORDESTE;-3176.762
2024-10-28 05:00:00;NORTE;NORDESTE;-3834.027
2024-10-28 06:00:00;NORTE;NORDESTE;-4912.153
2024-10-28 07:00:00;NORTE;NORDESTE;-5278.228
2024-10-28 08:00:00;NORTE;NORDESTE;-5292.993
2024-10-28 09:00:00;NORTE;NORDESTE;-5163.012
2024-10-28 10:00:00;NORTE;NORDESTE;-5119.046
2024-10-28 11:00:00;NORTE;NORDESTE;-5097.961
2024-10-28 12:00:00;NORTE;NORDESTE;-5022.171
2024-10-28 13:00:00;NORTE;NORDESTE;-5149.398
2024-10-28 14:00:00;NORTE;NORDESTE;-4749.131
2024-10-28 15:00:00;NORTE;NORDESTE;-4244.158
2024-10-28 16:00:00;NORTE;NORDESTE;-3231.525
2024-10-28 17:00:00;NORTE;NORDESTE;-2295.779
2024-10-28 18:00:00;NORTE;NORDESTE;-2140.848
2024-10-28 19:00:00;NORTE;NORDESTE;-2469.228
2024-10-28 20:00:00;NORTE;NORDESTE;-2663.625
2024-10-28 21:00:00;NORTE;NORDESTE;-2810.098
2024-10-28 22:00:00;NORTE;NORDESTE;-3233.863
2024-10-28 23:00:00;NORTE;NORDESTE;-3647.821
2024-10-29 00:00:00;NORTE;NORDESTE;-3869.212
2024-10-29 01:00:00;NORTE;NORDESTE;-4026.104
2024-10-29 02:00:00;NORTE;NORDESTE;-4215.892
2024-10-29 03:00:00;NORTE;NORDESTE;-4125.276
2024-10-29 04:00:00;NORTE;NORDESTE;-4235.308
2024-10-29 05:00:00;NORTE;NORDESTE;-4429.379
2024-10-29 06:00:00;NORTE;NORDESTE;-5012.817
2024-10-29 07:00:00;NORTE;NORDESTE;-5645.419
2024-10-29 08:00:00;NORTE;NORDESTE;-5802.54699999
2024-10-29 09:00:00;NORTE;NORDESTE;-5767.639
2024-10-29 10:00:00;NORTE;NORDESTE;-5962.599
2024-10-29 11:00:00;NORTE;NORDESTE;-6019.266
2024-10-29 12:00:00;NORTE;NORDESTE;-5694.878
2024-10-29 13:00:00;NORTE;NORDESTE;-5103.799
2024-10-29 14:00:00;NORTE;NORDESTE;-4318.974
2024-10-29 15:00:00;NORTE;NORDESTE;-3781.101
2024-10-29 16:00:00;NORTE;NORDESTE;-2426.541
2024-10-29 17:00:00;NORTE;NORDESTE;-1346.344
2024-10-29 18:00:00;NORTE;NORDESTE;-1089.01399999
2024-10-29 19:00:00;NORTE;NORDESTE;-1837.394
2024-10-29 20:00:00;NORTE;NORDESTE;-2428.424
2024-10-29 21:00:00;NORTE;NORDESTE;-2438.265
2024-10-29 22:00:00;NORTE;NORDESTE;-2524.223
2024-10-29 23:00:00;NORTE;NORDESTE;-3227.674
2024-10-30 00:00:00;NORTE;NORDESTE;-3554.339
2024-10-30 01:00:00;NORTE;NORDESTE;-3729.698
2024-10-30 02:00:00;NORTE;NORDESTE;-3881.605
2024-10-30 03:00:00;NORTE;NORDESTE;-3731.3
2024-10-30 04:00:00;NORTE;NORDESTE;-3712.52
2024-10-30 05:00:00;NORTE;NORDESTE;-3910.392
2024-10-30 06:00:00;NORTE;NORDESTE;-4560.045
2024-10-30 07:00:00;NORTE;NORDESTE;-5350.41799999
2024-10-30 08:00:00;NORTE;NORDESTE;-5658.241
2024-10-30 09:00:00;NORTE;NORDESTE;-5560.802
2024-10-30 10:00:00;NORTE;NORDESTE;-4963.03
2024-10-30 11:00:00;NORTE;NORDESTE;-4274.51599999
2024-10-30 12:00:00;NORTE;NORDESTE;-4067.66
2024-10-30 13:00:00;NORTE;NORDESTE;-3513.238
2024-10-30 14:00:00;NORTE;NORDESTE;-2707.21
2024-10-30 15:00:00;NORTE;NORDESTE;-1923.593
2024-10-30 16:00:00;NORTE;NORDESTE;-1044.794
2024-10-30 17:00:00;NORTE;NORDESTE;-895.687
2024-10-30 18:00:00;NORTE;NORDESTE;-2025.277
2024-10-30 19:00:00;NORTE;NORDESTE;-2937.145
2024-10-30 20:00:00;NORTE;NORDESTE;-3074.054
2024-10-30 21:00:00;NORTE;NORDESTE;-2918.327
2024-10-30 22:00:00;NORTE;NORDESTE;-2977.851
2024-10-30 23:00:00;NORTE;NORDESTE;-2601.598
2024-10-31 00:00:00;NORTE;NORDESTE;-2647.289
2024-10-31 01:00:00;NORTE;NORDESTE;-3377.967
2024-10-31 02:00:00;NORTE;NORDESTE;-3829.812
2024-10-31 03:00:00;NORTE;NORDESTE;-3730.592
2024-10-31 04:00:00;NORTE;NORDESTE;-3656.071
2024-10-31 05:00:00;NORTE;NORDESTE;-3923.836
2024-10-31 06:00:00;NORTE;NORDESTE;-4772.43599999
2024-10-31 07:00:00;NORTE;NORDESTE;-5142.55
2024-10-31 08:00:00;NORTE;NORDESTE;-5439.723
2024-10-31 09:00:00;NORTE;NORDESTE;-5071.613
2024-10-31 10:00:00;NORTE;NORDESTE;-4265.06499999
2024-10-31 11:00:00;NORTE;NORDESTE;-3503.31599999
2024-10-31 12:00:00;NORTE;NORDESTE;-3173.754
2024-10-31 13:00:00;NORTE;NORDESTE;-2612.482
2024-10-31 14:00:00;NORTE;NORDESTE;-1531.691
2024-10-31 15:00:00;NORTE;NORDESTE;-977.619
2024-10-31 16:00:00;NORTE;NORDESTE;-326.084
2024-10-31 17:00:00;NORTE;NORDESTE;-180.286
2024-10-31 18:00:00;NORTE;NORDESTE;-761.742
2024-10-31 19:00:00;NORTE;NORDESTE;-1221.247
2024-10-31 20:00:00;NORTE;NORDESTE;-1935.928
2024-10-31 21:00:00;NORTE;NORDESTE;-1997.131
2024-10-31 22:00:00;NORTE;NORDESTE;-2182.948
2024-10-31 23:00:00;NORTE;NORDESTE;-2396.077
2024-11-01 00:00:00;NORTE;NORDESTE;-2632.978
2024-11-01 01:00:00;NORTE;NORDESTE;-2918.30699999
2024-11-01 02:00:00;NORTE;NORDESTE;-3452.516
2024-11-01 03:00:00;NORTE;NORDESTE;-3678.975
2024-11-01 04:00:00;NORTE;NORDESTE;-3606.224
2024-11-01 05:00:00;NORTE;NORDESTE;-3993.57
2024-11-01 06:00:00;NORTE;NORDESTE;-4303.229
2024-11-01 07:00:00;NORTE;NORDESTE;-4456.669
2024-11-01 08:00:00;NORTE;NORDESTE;-4762.261
2024-11-01 09:00:00;NORTE;NORDESTE;-4613.303
2024-11-01 10:00:00;NORTE;NORDESTE;-3721.912
2024-11-01 11:00:00;NORTE;NORDESTE;-3490.105
2024-11-01 12:00:00;NORTE;NORDESTE;-3433.065
2024-11-01 13:00:00;NORTE;NORDESTE;-3182.187
2024-11-01 14:00:00;NORTE;NORDESTE;-2500.373
2024-11-01 15:00:00;NORTE;NORDESTE;-2033.179
2024-11-01 16:00:00;NORTE;NORDESTE;-1904.68
2024-11-01 17:00:00;NORTE;NORDESTE;-1514.48
2024-11-01 18:00:00;NORTE;NORDESTE;-1747.355
2024-11-01 19:00:00;NORTE;NORDESTE;-2390.935
2024-11-01 20:00:00;NORTE;NORDESTE;-3030.207
2024-11-01 21:00:00;NORTE;NORDESTE;-3329.926
2024-11-01 22:00:00;NORTE;NORDESTE;-3673.719
2024-11-01 23:00:00;NORTE;NORDESTE;-3426.793
2024-11-02 00:00:00;NORTE;NORDESTE;-3481.693
2024-11-02 01:00:00;NORTE;NORDESTE;-3842.073
2024-11-02 02:00:00;NORTE;NORDESTE;-3960.673
2024-11-02 03:00:00;NORTE;NORDESTE;-4010.871
2024-11-02 04:00:00;NORTE;NORDESTE;-3979.509
2024-11-02 05:00:00;NORTE;NORDESTE;-4450.827
2024-11-02 06:00:00;NORTE;NORDESTE;-4824.313
2024-11-02 07:00:00;NORTE;NORDESTE;-4157.43599999
2024-11-02 08:00:00;NORTE;NORDESTE;-4117.961
2024-11-02 09:00:00;NORTE;NORDESTE;-4291.49799999
2024-11-02 10:00:00;NORTE;NORDESTE;-4216.127
2024-11-02 11:00:00;NORTE;NORDESTE;-4161.624
2024-11-02 12:00:00;NORTE;NORDESTE;-4277.86899999
2024-11-02 13:00:00;NORTE;NORDESTE;-4158.546
2024-11-02 14:00:00;NORTE;NORDESTE;-4270.991
2024-11-02 15:00:00;NORTE;NORDESTE;-4544.809
2024-11-02 16:00:00;NORTE;NORDESTE;-4286.568
2024-11-02 17:00:00;NORTE;NORDESTE;-3420.054
2024-11-02 18:00:00;NORTE;NORDESTE;-3400.466
2024-11-02 19:00:00;NORTE;NORDESTE;-3962.943
2024-11-02 20:00:00;NORTE;NORDESTE;-4303.09199999
2024-11-02 21:00:00;NORTE;NORDESTE;-4126.17199999
2024-11-02 22:00:00;NORTE;NORDESTE;-4087.176
2024-11-02 23:00:00;NORTE;NORDESTE;-4087.752
2024-11-03 00:00:00;NORTE;NORDESTE;-4406.926
2024-11-03 01:00:00;NORTE;NORDESTE;-4714.09199999
2024-11-03 02:00:00;NORTE;NORDESTE;-4583.702
2024-11-03 03:00:00;NORTE;NORDESTE;-4103.415
2024-11-03 04:00:00;NORTE;NORDESTE;-3889.884
2024-11-03 05:00:00;NORTE;NORDESTE;-4072.834
2024-11-03 06:00:00;NORTE;NORDESTE;-4083.304
2024-11-03 07:00:00;NORTE;NORDESTE;-3547.381
2024-11-03 08:00:00;NORTE;NORDESTE;-3265.804
2024-11-03 09:00:00;NORTE;NORDESTE;-2914.166
2024-11-03 10:00:00;NORTE;NORDESTE;-2727.07
2024-11-03 11:00:00;NORTE;NORDESTE;-2710.483
2024-11-03 12:00:00;NORTE;NORDESTE;-2672.991
2024-11-03 13:00:00;NORTE;NORDESTE;-2820.743
2024-11-03 14:00:00;NORTE;NORDESTE;-3044.291
2024-11-03 15:00:00;NORTE;NORDESTE;-3441.31
2024-11-03 16:00:00;NORTE;NORDESTE;-3569.975
2024-11-03 17:00:00;NORTE;NORDESTE;-3266.927
2024-11-03 18:00:00;NORTE;NORDESTE;-3404.895
2024-11-03 19:00:00;NORTE;NORDESTE;-3634.319
2024-11-03 20:00:00;NORTE;NORDESTE;-4045.264
2024-11-03 21:00:00;NORTE;NORDESTE;-4108.92699999
2024-11-03 22:00:00;NORTE;NORDESTE;-4345.109
2024-11-03 23:00:00;NORTE;NORDESTE;-4516.63199999
2024-11-04 00:00:00;NORTE;NORDESTE;-4473.84599999
2024-11-04 01:00:00;NORTE;NORDESTE;-4559.086
2024-11-04 02:00:00;NORTE;NORDESTE;-4598.518
2024-11-04 03:00:00;NORTE;NORDESTE;-4482.58299999
2024-11-04 04:00:00;NORTE;NORDESTE;-4349.421
2024-11-04 05:00:00;NORTE;NORDESTE;-4495.774
2024-11-04 06:00:00;NORTE;NORDESTE;-5539.30599999
2024-11-04 07:00:00;NORTE;NORDESTE;-5779.269
2024-11-04 08:00:00;NORTE;NORDESTE;-5903.158
2024-11-04 09:00:00;NORTE;NORDESTE;-5808.936
2024-11-04 10:00:00;NORTE;NORDESTE;-5885.942
2024-11-04 11:00:00;NORTE;NORDESTE;-5740.996
2024-11-04 12:00:00;NORTE;NORDESTE;-5579.258
2024-11-04 13:00:00;NORTE;NORDESTE;-5395.881
2024-11-04 14:00:00;NORTE;NORDESTE;-4900.49399999
2024-11-04 15:00:00;NORTE;NORDESTE;-4154.33
2024-11-04 16:00:00;NORTE;NORDESTE;-3012.223
2024-11-04 17:00:00;NORTE;NORDESTE;-2369.14399999
2024-11-04 18:00:00;NORTE;NORDESTE;-2051.49699999
2024-11-04 19:00:00;NORTE;NORDESTE;-2197.917
2024-11-04 20:00:00;NORTE;NORDESTE;-2612.755
2024-11-04 21:00:00;NORTE;NORDESTE;-2698.684
2024-11-04 22:00:00;NORTE;NORDESTE;-3504.306
2024-11-04 23:00:00;NORTE;NORDESTE;-3646.836
2024-11-05 00:00:00;NORTE;NORDESTE;-3979.822
2024-11-05 01:00:00;NORTE;NORDESTE;-3992.169
2024-11-05 02:00:00;NORTE;NORDESTE;-3977.732
2024-11-05 03:00:00;NORTE;NORDESTE;-3882.464
2024-11-05 04:00:00;NORTE;NORDESTE;-3713.091
2024-11-05 05:00:00;NORTE;NORDESTE;-4096.024
2024-11-05 06:00:00;NORTE;NORDESTE;-5268.60999999
2024-11-05 07:00:00;NORTE;NORDESTE;-5401.575
2024-11-05 08:00:00;NORTE;NORDESTE;-5272.18599999
2024-11-05 09:00:00;NORTE;NORDESTE;-4989.856
2024-11-05 10:00:00;NORTE;NORDESTE;-4864.545
2024-11-05 11:00:00;NORTE;NORDESTE;-4620.64999999
2024-11-05 12:00:00;NORTE;NORDESTE;-4425.02499999
2024-11-05 13:00:00;NORTE;NORDESTE;-3626.667
2024-11-05 14:00:00;NORTE;NORDESTE;-2991.238
2024-11-05 15:00:00;NORTE;NORDESTE;-1928.962
2024-11-05 16:00:00;NORTE;NORDESTE;-1144.857
2024-11-05 17:00:00;NORTE;NORDESTE;-1067.99499999
2024-11-05 18:00:00;NORTE;NORDESTE;-1326.262
2024-11-05 19:00:00;NORTE;NORDESTE;-1879.505
2024-11-05 20:00:00;NORTE;NORDESTE;-2132.748
2024-11-05 21:00:00;NORTE;NORDESTE;-2378.66
2024-11-05 22:00:00;NORTE;NORDESTE;-2711.558
2024-11-05 23:00:00;NORTE;NORDESTE;-3087.733
2024-11-06 00:00:00;NORTE;NORDESTE;-3381.93199999
2024-11-06 01:00:00;NORTE;NORDESTE;-3437.452
2024-11-06 02:00:00;NORTE;NORDESTE;-3496.071
2024-11-06 03:00:00;NORTE;NORDESTE;-3507.681
2024-11-06 04:00:00;NORTE;NORDESTE;-3557.32
2024-11-06 05:00:00;NORTE;NORDESTE;-3891.527
2024-11-06 06:00:00;NORTE;NORDESTE;-4608.972
2024-11-06 07:00:00;NORTE;NORDESTE;-4791.195
2024-11-06 08:00:00;NORTE;NORDESTE;-4800.234
2024-11-06 09:00:00;NORTE;NORDESTE;-4563.964
2024-11-06 10:00:00;NORTE;NORDESTE;-4404.484
2024-11-06 11:00:00;NORTE;NORDESTE;-4666.443
2024-11-06 12:00:00;NORTE;NORDESTE;-4735.762
2024-11-06 13:00:00;NORTE;NORDESTE;-4151.307
2024-11-06 14:00:00;NORTE;NORDESTE;-3469.666
2024-11-06 15:00:00;NORTE;NORDESTE;-2541.572
2024-11-06 16:00:00;NORTE;NORDESTE;-1795.837
2024-11-06 17:00:00;NORTE;NORDESTE;-1591.215
2024-11-06 18:00:00;NORTE;NORDESTE;-1633.08
2024-11-06 19:00:00;NORTE;NORDESTE;-2319.81
2024-11-06 20:00:00;NORTE;NORDESTE;-2872.377
2024-11-06 21:00:00;NORTE;NORDESTE;-3171.058
2024-11-06 22:00:00;NORTE;NORDESTE;-3329.314
2024-11-06 23:00:00;NORTE;NORDESTE;-3379.077
2024-11-07 00:00:00;NORTE;NORDESTE;-3581.067
2024-11-07 01:00:00;NORTE;NORDESTE;-3858.128
2024-11-07 02:00:00;NORTE;NORDESTE;-3874.483
2024-11-07 03:00:00;NORTE;NORDESTE;-3760.539
2024-11-07 04:00:00;NORTE;NORDESTE;-3669.467
2024-11-07 05:00:00;NORTE;NORDESTE;-3982.905
2024-11-07 06:00:00;NORTE;NORDESTE;-4618.879
2024-11-07 07:00:00;NORTE;NORDESTE;-5019.112
2024-11-07 08:00:00;NORTE;NORDESTE;-5149.271
2024-11-07 09:00:00;NORTE;NORDESTE;-5160.789
2024-11-07 10:00:00;NORTE;NORDESTE;-5183.64099999
2024-11-07 11:00:00;NORTE;NORDESTE;-4927.281
2024-11-07 12:00:00;NORTE;NORDESTE;-4661.545
2024-11-07 13:00:00;NORTE;NORDESTE;-4237.104
2024-11-07 14:00:00;NORTE;NORDESTE;-3425.605
2024-11-07 15:00:00;NORTE;NORDESTE;-2658.582
2024-11-07 16:00:00;NORTE;NORDESTE;-1390.281
2024-11-07 17:00:00;NORTE;NORDESTE;-1476.051
2024-11-07 18:00:00;NORTE;NORDESTE;-1530.729
2024-11-07 19:00:00;NORTE;NORDESTE;-1943.246
2024-11-07 20:00:00;NORTE;NORDESTE;-2450.232
2024-11-07 21:00:00;NORTE;NORDESTE;-2579.01
2024-11-07 22:00:00;NORTE;NORDESTE;-2713.87
2024-11-07 23:00:00;NORTE;NORDESTE;-2583.253
2024-11-08 00:00:00;NORTE;NORDESTE;-2575.655
2024-11-08 01:00:00;NORTE;NORDESTE;-2925.986
2024-11-08 02:00:00;NORTE;NORDESTE;-2825.925
2024-11-08 03:00:00;NORTE;NORDESTE;-2495.797
2024-11-08 04:00:00;NORTE;NORDESTE;-2152.455
2024-11-08 05:00:00;NORTE;NORDESTE;-2092.212
2024-11-08 06:00:00;NORTE;NORDESTE;-2944.7
2024-11-08 07:00:00;NORTE;NORDESTE;-4140.75
2024-11-08 08:00:00;NORTE;NORDESTE;-3940.796
2024-11-08 09:00:00;NORTE;NORDESTE;-3315.358
2024-11-08 10:00:00;NORTE;NORDESTE;-2976.907
2024-11-08 11:00:00;NORTE;NORDESTE;-2808.592
2024-11-08 12:00:00;NORTE;NORDESTE;-2946.65299999
2024-11-08 13:00:00;NORTE;NORDESTE;-2754.875
2024-11-08 14:00:00;NORTE;NORDESTE;-2498.929
2024-11-08 15:00:00;NORTE;NORDESTE;-1573.809
2024-11-08 16:00:00;NORTE;NORDESTE;-1105.614
2024-11-08 17:00:00;NORTE;NORDESTE;-1178.47499999
2024-11-08 18:00:00;NORTE;NORDESTE;-1565.01399999
2024-11-08 19:00:00;NORTE;NORDESTE;-1993.43
2024-11-08 20:00:00;NORTE;NORDESTE;-2018.079
2024-11-08 21:00:00;NORTE;NORDESTE;-2018.079
2024-11-08 22:00:00;NORTE;NORDESTE;-2018.079
2024-11-08 23:00:00;NORTE;NORDESTE;-2018.079
2024-11-09 00:00:00;NORTE;NORDESTE;-1959.376
2024-11-09 01:00:00;NORTE;NORDESTE;-2251.534
2024-11-09 02:00:00;NORTE;NORDESTE;-2683.36299999
2024-11-09 03:00:00;NORTE;NORDESTE;-2986.677
2024-11-09 04:00:00;NORTE;NORDESTE;-3000.45
2024-11-09 05:00:00;NORTE;NORDESTE;-3091.77
2024-11-09 06:00:00;NORTE;NORDESTE;-3874.45
2024-11-09 07:00:00;NORTE;NORDESTE;-4552.85999999
2024-11-09 08:00:00;NORTE;NORDESTE;-4298.16
2024-11-09 09:00:00;NORTE;NORDESTE;-4181.71
2024-11-09 10:00:00;NORTE;NORDESTE;-4108.72999999
2024-11-09 11:00:00;NORTE;NORDESTE;-4052.3
2024-11-09 12:00:00;NORTE;NORDESTE;-4203.76
2024-11-09 13:00:00;NORTE;NORDESTE;-4250.95
2024-11-09 14:00:00;NORTE;NORDESTE;-4316.51
2024-11-09 15:00:00;NORTE;NORDESTE;-3953.83
2024-11-09 16:00:00;NORTE;NORDESTE;-3169.39
2024-11-09 17:00:00;NORTE;NORDESTE;-2404.0
2024-11-09 18:00:00;NORTE;NORDESTE;-1675.01
2024-11-09 19:00:00;NORTE;NORDESTE;-1815.65
2024-11-09 20:00:00;NORTE;NORDESTE;-2524.31
2024-11-09 21:00:00;NORTE;NORDESTE;-2745.21999999
2024-11-09 22:00:00;NORTE;NORDESTE;-2524.59
2024-11-09 23:00:00;NORTE;NORDESTE;-2635.5
2024-11-10 00:00:00;NORTE;NORDESTE;-2377.55
2024-11-10 01:00:00;NORTE;NORDESTE;-2624.3
2024-11-10 02:00:00;NORTE;NORDESTE;-3036.87
2024-11-10 03:00:00;NORTE;NORDESTE;-2732.42
2024-11-10 04:00:00;NORTE;NORDESTE;-2785.53
2024-11-10 05:00:00;NORTE;NORDESTE;-2869.42
2024-11-10 06:00:00;NORTE;NORDESTE;-2643.21999999
2024-11-10 07:00:00;NORTE;NORDESTE;-2346.6
2024-11-10 08:00:00;NORTE;NORDESTE;-1433.81
2024-11-10 09:00:00;NORTE;NORDESTE;-868.4
2024-11-10 10:00:00;NORTE;NORDESTE;-641.12
2024-11-10 11:00:00;NORTE;NORDESTE;-822.63
2024-11-10 12:00:00;NORTE;NORDESTE;-883.8
2024-11-10 13:00:00;NORTE;NORDESTE;-1018.72
2024-11-10 14:00:00;NORTE;NORDESTE;-1085.88
2024-11-10 15:00:00;NORTE;NORDESTE;-1213.46
2024-11-10 16:00:00;NORTE;NORDESTE;-1690.82
2024-11-10 17:00:00;NORTE;NORDESTE;-2395.29
2024-11-10 18:00:00;NORTE;NORDESTE;-2695.96
2024-11-10 19:00:00;NORTE;NORDESTE;-3058.5
2024-11-10 20:00:00;NORTE;NORDESTE;-3306.7
2024-11-10 21:00:00;NORTE;NORDESTE;-3293.19
2024-11-10 22:00:00;NORTE;NORDESTE;-3266.5
2024-11-10 23:00:00;NORTE;NORDESTE;-2805.45
2024-11-11 00:00:00;NORTE;NORDESTE;-1661.007
2024-11-11 01:00:00;NORTE;NORDESTE;-1140.11999999
2024-11-11 02:00:00;NORTE;NORDESTE;-1228.948
2024-11-11 03:00:00;NORTE;NORDESTE;-1156.23399999
2024-11-11 04:00:00;NORTE;NORDESTE;-739.181
2024-11-11 05:00:00;NORTE;NORDESTE;-621.092
2024-11-11 06:00:00;NORTE;NORDESTE;-1448.494
2024-11-11 07:00:00;NORTE;NORDESTE;-2935.989
2024-11-11 08:00:00;NORTE;NORDESTE;-3181.393
2024-11-11 09:00:00;NORTE;NORDESTE;-3107.03
2024-11-11 10:00:00;NORTE;NORDESTE;-3115.007
2024-11-11 11:00:00;NORTE;NORDESTE;-3006.529
2024-11-11 12:00:00;NORTE;NORDESTE;-2864.733
2024-11-11 13:00:00;NORTE;NORDESTE;-2080.283
2024-11-11 14:00:00;NORTE;NORDESTE;-885.054
2024-11-11 15:00:00;NORTE;NORDESTE;-236.204
2024-11-11 16:00:00;NORTE;NORDESTE;289.002
2024-11-11 17:00:00;NORTE;NORDESTE;377.327
2024-11-11 18:00:00;NORTE;NORDESTE;455.649
2024-11-11 19:00:00;NORTE;NORDESTE;177.6
2024-11-11 20:00:00;NORTE;NORDESTE;-19.388
2024-11-11 21:00:00;NORTE;NORDESTE;219.404
2024-11-11 22:00:00;NORTE;NORDESTE;348.053
2024-11-11 23:00:00;NORTE;NORDESTE;930.212
2024-11-12 00:00:00;NORTE;NORDESTE;1755.927
2024-11-12 01:00:00;NORTE;NORDESTE;2434.223
2024-11-12 02:00:00;NORTE;NORDESTE;2248.27799999
2024-11-12 03:00:00;NORTE;NORDESTE;2073.74699999
2024-11-12 04:00:00;NORTE;NORDESTE;2023.072
2024-11-12 05:00:00;NORTE;NORDESTE;1570.942
2024-11-12 06:00:00;NORTE;NORDESTE;367.98
2024-11-12 07:00:00;NORTE;NORDESTE;-497.658
2024-11-12 08:00:00;NORTE;NORDESTE;-746.713
2024-11-12 09:00:00;NORTE;NORDESTE;-1043.632
2024-11-12 10:00:00;NORTE;NORDESTE;-1375.178
2024-11-12 11:00:00;NORTE;NORDESTE;-1839.374
2024-11-12 12:00:00;NORTE;NORDESTE;-2356.577
2024-11-12 13:00:00;NORTE;NORDESTE;-1964.683
2024-11-12 14:00:00;NORTE;NORDESTE;-1697.551
2024-11-12 15:00:00;NORTE;NORDESTE;-1477.65
2024-11-12 16:00:00;NORTE;NORDESTE;-1020.169
2024-11-12 17:00:00;NORTE;NORDESTE;-669.048
2024-11-12 18:00:00;NORTE;NORDESTE;-454.733
2024-11-12 19:00:00;NORTE;NORDESTE;-565.364
2024-11-12 20:00:00;NORTE;NORDESTE;-736.023
2024-11-12 21:00:00;NORTE;NORDESTE;-704.514
2024-11-12 22:00:00;NORTE;NORDESTE;-889.875
2024-11-12 23:00:00;NORTE;NORDESTE;-473.599
2024-11-13 00:00:00;NORTE;NORDESTE;304.23
2024-11-13 01:00:00;NORTE;NORDESTE;382.616
2024-11-13 02:00:00;NORTE;NORDESTE;275.49599999
2024-11-13 03:00:00;NORTE;NORDESTE;66.395
2024-11-13 04:00:00;NORTE;NORDESTE;-317.029
2024-11-13 05:00:00;NORTE;NORDESTE;-1352.461
2024-11-13 06:00:00;NORTE;NORDESTE;-2962.105
2024-11-13 07:00:00;NORTE;NORDESTE;-4363.649
2024-11-13 08:00:00;NORTE;NORDESTE;-4565.809
2024-11-13 09:00:00;NORTE;NORDESTE;-4649.361
2024-11-13 10:00:00;NORTE;NORDESTE;-4436.401
2024-11-13 11:00:00;NORTE;NORDESTE;-4391.653
2024-11-13 12:00:00;NORTE;NORDESTE;-4522.137
2024-11-13 13:00:00;NORTE;NORDESTE;-4179.755
2024-11-13 14:00:00;NORTE;NORDESTE;-3882.823
2024-11-13 15:00:00;NORTE;NORDESTE;-3492.98999999
2024-11-13 16:00:00;NORTE;NORDESTE;-2816.056
2024-11-13 17:00:00;NORTE;NORDESTE;-2041.253
2024-11-13 18:00:00;NORTE;NORDESTE;-1842.029
2024-11-13 19:00:00;NORTE;NORDESTE;-1591.153
2024-11-13 20:00:00;NORTE;NORDESTE;-1583.513
2024-11-13 21:00:00;NORTE;NORDESTE;-1212.66
2024-11-13 22:00:00;NORTE;NORDESTE;-1534.864
2024-11-13 23:00:00;NORTE;NORDESTE;-1567.998
2024-11-14 00:00:00;NORTE;NORDESTE;-1570.48499999
2024-11-14 01:00:00;NORTE;NORDESTE;-1793.525
2024-11-14 02:00:00;NORTE;NORDESTE;-2174.197
2024-11-14 03:00:00;NORTE;NORDESTE;-2582.201
2024-11-14 04:00:00;NORTE;NORDESTE;-2387.94
2024-11-14 05:00:00;NORTE;NORDESTE;-2906.413
2024-11-14 06:00:00;NORTE;NORDESTE;-3786.848
2024-11-14 07:00:00;NORTE;NORDESTE;-4547.6
2024-11-14 08:00:00;NORTE;NORDESTE;-4792.103
2024-11-14 09:00:00;NORTE;NORDESTE;-4555.568
2024-11-14 10:00:00;NORTE;NORDESTE;-4419.738
2024-11-14 11:00:00;NORTE;NORDESTE;-4393.263
2024-11-14 12:00:00;NORTE;NORDESTE;-4544.53399999
2024-11-14 13:00:00;NORTE;NORDESTE;-4123.057
2024-11-14 14:00:00;NORTE;NORDESTE;-3610.4
2024-11-14 15:00:00;NORTE;NORDESTE;-3242.636
2024-11-14 16:00:00;NORTE;NORDESTE;-2828.521
2024-11-14 17:00:00;NORTE;NORDESTE;-2460.385
2024-11-14 18:00:00;NORTE;NORDESTE;-2550.381
2024-11-14 19:00:00;NORTE;NORDESTE;-2437.95899999
2024-11-14 20:00:00;NORTE;NORDESTE;-2809.761
2024-11-14 21:00:00;NORTE;NORDESTE;-3270.542
2024-11-14 22:00:00;NORTE;NORDESTE;-3884.514
2024-11-14 23:00:00;NORTE;NORDESTE;-4041.134
2024-11-15 00:00:00;NORTE;NORDESTE;-3911.301
2024-11-15 01:00:00;NORTE;NORDESTE;-3828.383
2024-11-15 02:00:00;NORTE;NORDESTE;-3790.216
2024-11-15 03:00:00;NORTE;NORDESTE;-3625.357
2024-11-15 04:00:00;NORTE;NORDESTE;-3426.911
2024-11-15 05:00:00;NORTE;NORDESTE;-3558.871
2024-11-15 06:00:00;NORTE;NORDESTE;-4022.336
2024-11-15 07:00:00;NORTE;NORDESTE;-3636.741
2024-11-15 08:00:00;NORTE;NORDESTE;-3479.827
2024-11-15 09:00:00;NORTE;NORDESTE;-3182.637
2024-11-15 10:00:00;NORTE;NORDESTE;-3379.831
2024-11-15 11:00:00;NORTE;NORDESTE;-3439.921
2024-11-15 12:00:00;NORTE;NORDESTE;-3360.218
2024-11-15 13:00:00;NORTE;NORDESTE;-3653.659
2024-11-15 14:00:00;NORTE;NORDESTE;-3894.349
2024-11-15 15:00:00;NORTE;NORDESTE;-3819.921
2024-11-15 16:00:00;NORTE;NORDESTE;-3763.996
2024-11-15 17:00:00;NORTE;NORDESTE;-3236.282
2024-11-15 18:00:00;NORTE;NORDESTE;-2917.427
2024-11-15 19:00:00;NORTE;NORDESTE;-2567.422
2024-11-15 20:00:00;NORTE;NORDESTE;-3230.942
2024-11-15 21:00:00;NORTE;NORDESTE;-3490.973
2024-11-15 22:00:00;NORTE;NORDESTE;-3493.113
2024-11-15 23:00:00;NORTE;NORDESTE;-3208.312
2024-11-16 00:00:00;NORTE;NORDESTE;-3303.611
2024-11-16 01:00:00;NORTE;NORDESTE;-3494.968
2024-11-16 02:00:00;NORTE;NORDESTE;-3458.033
2024-11-16 03:00:00;NORTE;NORDESTE;-3405.003
2024-11-16 04:00:00;NORTE;NORDESTE;-3368.258
2024-11-16 05:00:00;NORTE;NORDESTE;-3765.637
2024-11-16 06:00:00;NORTE;NORDESTE;-4341.792
2024-11-16 07:00:00;NORTE;NORDESTE;-4284.504
2024-11-16 08:00:00;NORTE;NORDESTE;-4555.595
2024-11-16 09:00:00;NORTE;NORDESTE;-4906.185
2024-11-16 10:00:00;NORTE;NORDESTE;-4192.022
2024-11-16 11:00:00;NORTE;NORDESTE;-3932.311
2024-11-16 12:00:00;NORTE;NORDESTE;-4078.846
2024-11-16 13:00:00;NORTE;NORDESTE;-4298.47099999
2024-11-16 14:00:00;NORTE;NORDESTE;-4360.693
2024-11-16 15:00:00;NORTE;NORDESTE;-3803.821
2024-11-16 16:00:00;NORTE;NORDESTE;-3363.736
2024-11-16 17:00:00;NORTE;NORDESTE;-1696.81
2024-11-16 18:00:00;NORTE;NORDESTE;-1174.949
2024-11-16 19:00:00;NORTE;NORDESTE;-1142.217
2024-11-16 20:00:00;NORTE;NORDESTE;-1916.799
2024-11-16 21:00:00;NORTE;NORDESTE;-2757.006
2024-11-16 22:00:00;NORTE;NORDESTE;-3114.69
2024-11-16 23:00:00;NORTE;NORDESTE;-3251.783
2024-11-17 00:00:00;NORTE;NORDESTE;-3644.62
2024-11-17 01:00:00;NORTE;NORDESTE;-3838.793
2024-11-17 02:00:00;NORTE;NORDESTE;-3863.753
2024-11-17 03:00:00;NORTE;NORDESTE;-3988.815
2024-11-17 04:00:00;NORTE;NORDESTE;-3987.44
2024-11-17 05:00:00;NORTE;NORDESTE;-4408.368
2024-11-17 06:00:00;NORTE;NORDESTE;-4290.051
2024-11-17 07:00:00;NORTE;NORDESTE;-3516.475
2024-11-17 08:00:00;NORTE;NORDESTE;-2721.429
2024-11-17 09:00:00;NORTE;NORDESTE;-2046.771
2024-11-17 10:00:00;NORTE;NORDESTE;-1808.845
2024-11-17 11:00:00;NORTE;NORDESTE;-1740.813
2024-11-17 12:00:00;NORTE;NORDESTE;-1693.367
2024-11-17 13:00:00;NORTE;NORDESTE;-2019.11
2024-11-17 14:00:00;NORTE;NORDESTE;-2441.707
2024-11-17 15:00:00;NORTE;NORDESTE;-2966.703
2024-11-17 16:00:00;NORTE;NORDESTE;-2833.993
2024-11-17 17:00:00;NORTE;NORDESTE;-2642.663
2024-11-17 18:00:00;NORTE;NORDESTE;-2524.619
2024-11-17 19:00:00;NORTE;NORDESTE;-2791.891
2024-11-17 20:00:00;NORTE;NORDESTE;-3176.936
2024-11-17 21:00:00;NORTE;NORDESTE;-3536.333
2024-11-17 22:00:00;NORTE;NORDESTE;-3743.105
2024-11-17 23:00:00;NORTE;NORDESTE;-3717.068
2024-11-18 00:00:00;NORTE;NORDESTE;-3708.034
2024-11-18 01:00:00;NORTE;NORDESTE;-3786.193
2024-11-18 02:00:00;NORTE;NORDESTE;-3852.994
2024-11-18 03:00:00;NORTE;NORDESTE;-3913.713
2024-11-18 04:00:00;NORTE;NORDESTE;-4070.571
2024-11-18 05:00:00;NORTE;NORDESTE;-4270.264
2024-11-18 06:00:00;NORTE;NORDESTE;-5032.553
2024-11-18 07:00:00;NORTE;NORDESTE;-5866.199
2024-11-18 08:00:00;NORTE;NORDESTE;-5980.881
2024-11-18 09:00:00;NORTE;NORDESTE;-5797.285
2024-11-18 10:00:00;NORTE;NORDESTE;-5510.261
2024-11-18 11:00:00;NORTE;NORDESTE;-5203.34599999
2024-11-18 12:00:00;NORTE;NORDESTE;-4909.825
2024-11-18 13:00:00;NORTE;NORDESTE;-4673.32
2024-11-18 14:00:00;NORTE;NORDESTE;-3782.611
2024-11-18 15:00:00;NORTE;NORDESTE;-3200.044
2024-11-18 16:00:00;NORTE;NORDESTE;-2068.62199999
2024-11-18 17:00:00;NORTE;NORDESTE;-1639.983
2024-11-18 18:00:00;NORTE;NORDESTE;-2181.588
2024-11-18 19:00:00;NORTE;NORDESTE;-2707.407
2024-11-18 20:00:00;NORTE;NORDESTE;-3348.518
2024-11-18 21:00:00;NORTE;NORDESTE;-3424.351
2024-11-18 22:00:00;NORTE;NORDESTE;-3477.184
2024-11-18 23:00:00;NORTE;NORDESTE;-3568.257
2024-11-19 00:00:00;NORTE;NORDESTE;-3321.178
2024-11-19 01:00:00;NORTE;NORDESTE;-3149.993
2024-11-19 02:00:00;NORTE;NORDESTE;-3046.099
2024-11-19 03:00:00;NORTE;NORDESTE;-2902.69099999
2024-11-19 04:00:00;NORTE;NORDESTE;-2553.09299999
2024-11-19 05:00:00;NORTE;NORDESTE;-2800.958
2024-11-19 06:00:00;NORTE;NORDESTE;-4299.135
2024-11-19 07:00:00;NORTE;NORDESTE;-5483.948
2024-11-19 08:00:00;NORTE;NORDESTE;-5361.685
2024-11-19 09:00:00;NORTE;NORDESTE;-4906.371
2024-11-19 10:00:00;NORTE;NORDESTE;-4187.139
2024-11-19 11:00:00;NORTE;NORDESTE;-3705.368
2024-11-19 12:00:00;NORTE;NORDESTE;-3400.715
2024-11-19 13:00:00;NORTE;NORDESTE;-3074.581
2024-11-19 14:00:00;NORTE;NORDESTE;-2885.979
2024-11-19 15:00:00;NORTE;NORDESTE;-2770.969
2024-11-19 16:00:00;NORTE;NORDESTE;-1980.598
2024-11-19 17:00:00;NORTE;NORDESTE;-1456.813
2024-11-19 18:00:00;NORTE;NORDESTE;-1631.642
2024-11-19 19:00:00;NORTE;NORDESTE;-1732.866
2024-11-19 20:00:00;NORTE;NORDESTE;-1910.246
2024-11-19 21:00:00;NORTE;NORDESTE;-1979.387
2024-11-19 22:00:00;NORTE;NORDESTE;-1494.814
2024-11-19 23:00:00;NORTE;NORDESTE;-1485.64
2024-11-20 00:00:00;NORTE;NORDESTE;-1408.549
2024-11-20 01:00:00;NORTE;NORDESTE;-1430.759
2024-11-20 02:00:00;NORTE;NORDESTE;-1787.819
2024-11-20 03:00:00;NORTE;NORDESTE;-1801.032
2024-11-20 04:00:00;NORTE;NORDESTE;-1765.95
2024-11-20 05:00:00;NORTE;NORDESTE;-2202.175
2024-11-20 06:00:00;NORTE;NORDESTE;-4078.31
2024-11-20 07:00:00;NORTE;NORDESTE;-5025.60999999
2024-11-20 08:00:00;NORTE;NORDESTE;-4915.21699999
2024-11-20 09:00:00;NORTE;NORDESTE;-4446.773
2024-11-20 10:00:00;NORTE;NORDESTE;-4059.437
2024-11-20 11:00:00;NORTE;NORDESTE;-4234.256
2024-11-20 12:00:00;NORTE;NORDESTE;-4100.233
2024-11-20 13:00:00;NORTE;NORDESTE;-3651.342
2024-11-20 14:00:00;NORTE;NORDESTE;-3214.458
2024-11-20 15:00:00;NORTE;NORDESTE;-2684.616
2024-11-20 16:00:00;NORTE;NORDESTE;-2095.053
2024-11-20 17:00:00;NORTE;NORDESTE;-1127.961
2024-11-20 18:00:00;NORTE;NORDESTE;-1399.284
2024-11-20 19:00:00;NORTE;NORDESTE;-2268.156
2024-11-20 20:00:00;NORTE;NORDESTE;-2313.647
2024-11-20 21:00:00;NORTE;NORDESTE;-2184.64199999
2024-11-20 22:00:00;NORTE;NORDESTE;-1903.858
2024-11-20 23:00:00;NORTE;NORDESTE;-1554.198
2024-11-21 00:00:00;NORTE;NORDESTE;-1207.33999999
2024-11-21 01:00:00;NORTE;NORDESTE;-1220.833
2024-11-21 02:00:00;NORTE;NORDESTE;-990.45
2024-11-21 03:00:00;NORTE;NORDESTE;-516.986
2024-11-21 04:00:00;NORTE;NORDESTE;-291.27999999
2024-11-21 05:00:00;NORTE;NORDESTE;-453.65
2024-11-21 06:00:00;NORTE;NORDESTE;-1411.622
2024-11-21 07:00:00;NORTE;NORDESTE;-3223.531
2024-11-21 08:00:00;NORTE;NORDESTE;-3188.099
2024-11-21 09:00:00;NORTE;NORDESTE;-2774.54799999
2024-11-21 10:00:00;NORTE;NORDESTE;-2663.75
2024-11-21 11:00:00;NORTE;NORDESTE;-2660.621
2024-11-21 12:00:00;NORTE;NORDESTE;-2760.726
2024-11-21 13:00:00;NORTE;NORDESTE;-2071.93199999
2024-11-21 14:00:00;NORTE;NORDESTE;-1691.199
2024-11-21 15:00:00;NORTE;NORDESTE;-758.91
2024-11-21 16:00:00;NORTE;NORDESTE;-137.262
2024-11-21 17:00:00;NORTE;NORDESTE;198.364
2024-11-21 18:00:00;NORTE;NORDESTE;254.468
2024-11-21 19:00:00;NORTE;NORDESTE;194.742
2024-11-21 20:00:00;NORTE;NORDESTE;-456.253
2024-11-21 21:00:00;NORTE;NORDESTE;-380.21499999
2024-11-21 22:00:00;NORTE;NORDESTE;40.537
2024-11-21 23:00:00;NORTE;NORDESTE;615.40599999
2024-11-22 00:00:00;NORTE;NORDESTE;1412.112
2024-11-22 01:00:00;NORTE;NORDESTE;1448.224
2024-11-22 02:00:00;NORTE;NORDESTE;1409.41
2024-11-22 03:00:00;NORTE;NORDESTE;1484.174
2024-11-22 04:00:00;NORTE;NORDESTE;1488.112
2024-11-22 05:00:00;NORTE;NORDESTE;1367.449
2024-11-22 06:00:00;NORTE;NORDESTE;660.931
2024-11-22 07:00:00;NORTE;NORDESTE;-584.431
2024-11-22 08:00:00;NORTE;NORDESTE;-1158.835
2024-11-22 09:00:00;NORTE;NORDESTE;-1322.606
2024-11-22 10:00:00;NORTE;NORDESTE;-1327.549
2024-11-22 11:00:00;NORTE;NORDESTE;-1464.789
2024-11-22 12:00:00;NORTE;NORDESTE;-1602.073
2024-11-22 13:00:00;NORTE;NORDESTE;-1328.198
2024-11-22 14:00:00;NORTE;NORDESTE;-756.641
2024-11-22 15:00:00;NORTE;NORDESTE;-209.381
2024-11-22 16:00:00;NORTE;NORDESTE;127.533
2024-11-22 17:00:00;NORTE;NORDESTE;695.717
2024-11-22 18:00:00;NORTE;NORDESTE;924.624
2024-11-22 19:00:00;NORTE;NORDESTE;1032.182
2024-11-22 20:00:00;NORTE;NORDESTE;688.604
2024-11-22 21:00:00;NORTE;NORDESTE;666.433
2024-11-22 22:00:00;NORTE;NORDESTE;1149.41799999
2024-11-22 23:00:00;NORTE;NORDESTE;1931.513
2024-11-23 00:00:00;NORTE;NORDESTE;2859.108
2024-11-23 01:00:00;NORTE;NORDESTE;3260.399
2024-11-23 02:00:00;NORTE;NORDESTE;3135.853
2024-11-23 03:00:00;NORTE;NORDESTE;3044.815
2024-11-23 04:00:00;NORTE;NORDESTE;2992.781
2024-11-23 05:00:00;NORTE;NORDESTE;2797.236
2024-11-23 06:00:00;NORTE;NORDESTE;1399.118
2024-11-23 07:00:00;NORTE;NORDESTE;24.823
2024-11-23 08:00:00;NORTE;NORDESTE;-486.411
2024-11-23 09:00:00;NORTE;NORDESTE;-1186.736
2024-11-23 10:00:00;NORTE;NORDESTE;-1362.229
2024-11-23 11:00:00;NORTE;NORDESTE;-1503.666
2024-11-23 12:00:00;NORTE;NORDESTE;-1601.72
2024-11-23 13:00:00;NORTE;NORDESTE;-1686.96599999
2024-11-23 14:00:00;NORTE;NORDESTE;-1749.355
2024-11-23 15:00:00;NORTE;NORDESTE;-959.358
2024-11-23 16:00:00;NORTE;NORDESTE;45.081
2024-11-23 17:00:00;NORTE;NORDESTE;1020.714
2024-11-23 18:00:00;NORTE;NORDESTE;1210.988
2024-11-23 19:00:00;NORTE;NORDESTE;1235.086
2024-11-23 20:00:00;NORTE;NORDESTE;834.043
2024-11-23 21:00:00;NORTE;NORDESTE;593.589
2024-11-23 22:00:00;NORTE;NORDESTE;1229.16799999
2024-11-23 23:00:00;NORTE;NORDESTE;2480.681
2024-11-24 00:00:00;NORTE;NORDESTE;3311.045
2024-11-24 01:00:00;NORTE;NORDESTE;3425.599
2024-11-24 02:00:00;NORTE;NORDESTE;3167.908
2024-11-24 03:00:00;NORTE;NORDESTE;3156.631
2024-11-24 04:00:00;NORTE;NORDESTE;2623.4
2024-11-24 05:00:00;NORTE;NORDESTE;1861.058
2024-11-24 06:00:00;NORTE;NORDESTE;708.473
2024-11-24 07:00:00;NORTE;NORDESTE;-665.962
2024-11-24 08:00:00;NORTE;NORDESTE;-369.551
2024-11-24 09:00:00;NORTE;NORDESTE;-159.35
2024-11-24 10:00:00;NORTE;NORDESTE;-134.184
2024-11-24 11:00:00;NORTE;NORDESTE;-334.89
2024-11-24 12:00:00;NORTE;NORDESTE;-413.551
2024-11-24 13:00:00;NORTE;NORDESTE;-698.441
2024-11-24 14:00:00;NORTE;NORDESTE;-1033.904
2024-11-24 15:00:00;NORTE;NORDESTE;-1204.50399999
2024-11-24 16:00:00;NORTE;NORDESTE;-1365.61999999
2024-11-24 17:00:00;NORTE;NORDESTE;-1037.701
2024-11-24 18:00:00;NORTE;NORDESTE;-989.134
2024-11-24 19:00:00;NORTE;NORDESTE;-867.771
2024-11-24 20:00:00;NORTE;NORDESTE;-992.411
2024-11-24 21:00:00;NORTE;NORDESTE;-1398.725
2024-11-24 22:00:00;NORTE;NORDESTE;-1265.959
2024-11-24 23:00:00;NORTE;NORDESTE;-963.559
2024-11-25 00:00:00;NORTE;NORDESTE;-244.04
2024-11-25 01:00:00;NORTE;NORDESTE;-383.81
2024-11-25 02:00:00;NORTE;NORDESTE;-510.483
2024-11-25 03:00:00;NORTE;NORDESTE;-632.309
2024-11-25 04:00:00;NORTE;NORDESTE;-844.868
2024-11-25 05:00:00;NORTE;NORDESTE;-1129.749
2024-11-25 06:00:00;NORTE;NORDESTE;-1985.948
2024-11-25 07:00:00;NORTE;NORDESTE;-2926.436
2024-11-25 08:00:00;NORTE;NORDESTE;-3336.232
2024-11-25 09:00:00;NORTE;NORDESTE;-3310.59499999
2024-11-25 10:00:00;NORTE;NORDESTE;-2719.898
2024-11-25 11:00:00;NORTE;NORDESTE;-2380.886
2024-11-25 12:00:00;NORTE;NORDESTE;-2162.112
2024-11-25 13:00:00;NORTE;NORDESTE;-1315.08
2024-11-25 14:00:00;NORTE;NORDESTE;-934.892
2024-11-25 15:00:00;NORTE;NORDESTE;-461.054
2024-11-25 16:00:00;NORTE;NORDESTE;-246.382
2024-11-25 17:00:00;NORTE;NORDESTE;-176.249
2024-11-25 18:00:00;NORTE;NORDESTE;-405.182
2024-11-25 19:00:00;NORTE;NORDESTE;-345.419
2024-11-25 20:00:00;NORTE;NORDESTE;-667.303
2024-11-25 21:00:00;NORTE;NORDESTE;-1052.842
2024-11-25 22:00:00;NORTE;NORDESTE;-1527.66
2024-11-25 23:00:00;NORTE;NORDESTE;-1729.028
2024-11-26 00:00:00;NORTE;NORDESTE;-1569.804
2024-11-26 01:00:00;NORTE;NORDESTE;-1182.98
2024-11-26 02:00:00;NORTE;NORDESTE;-1155.00399999
2024-11-26 03:00:00;NORTE;NORDESTE;-1033.621
2024-11-26 04:00:00;NORTE;NORDESTE;-689.663
2024-11-26 05:00:00;NORTE;NORDESTE;-954.135
2024-11-26 06:00:00;NORTE;NORDESTE;-2050.195
2024-11-26 07:00:00;NORTE;NORDESTE;-3527.245
2024-11-26 08:00:00;NORTE;NORDESTE;-4229.153
2024-11-26 09:00:00;NORTE;NORDESTE;-4375.41
2024-11-26 10:00:00;NORTE;NORDESTE;-4304.48899999
2024-11-26 11:00:00;NORTE;NORDESTE;-3925.425
2024-11-26 12:00:00;NORTE;NORDESTE;-3684.628
2024-11-26 13:00:00;NORTE;NORDESTE;-3236.972
2024-11-26 14:00:00;NORTE;NORDESTE;-2125.223
2024-11-26 15:00:00;NORTE;NORDESTE;-1598.177
2024-11-26 16:00:00;NORTE;NORDESTE;-634.72299999
2024-11-26 17:00:00;NORTE;NORDESTE;-603.016
2024-11-26 18:00:00;NORTE;NORDESTE;-895.971
2024-11-26 19:00:00;NORTE;NORDESTE;-1060.291
2024-11-26 20:00:00;NORTE;NORDESTE;-1471.582
2024-11-26 21:00:00;NORTE;NORDESTE;-1449.652
2024-11-26 22:00:00;NORTE;NORDESTE;-1607.439
2024-11-26 23:00:00;NORTE;NORDESTE;-1787.193
2024-11-27 00:00:00;NORTE;NORDESTE;-1957.582
2024-11-27 01:00:00;NORTE;NORDESTE;-2049.531
2024-11-27 02:00:00;NORTE;NORDESTE;-2327.543
2024-11-27 03:00:00;NORTE;NORDESTE;-2486.094
2024-11-27 04:00:00;NORTE;NORDESTE;-2411.096
2024-11-27 05:00:00;NORTE;NORDESTE;-2570.94099999
2024-11-27 06:00:00;NORTE;NORDESTE;-3655.126
2024-11-27 07:00:00;NORTE;NORDESTE;-4163.001
2024-11-27 08:00:00;NORTE;NORDESTE;-4676.505
2024-11-27 09:00:00;NORTE;NORDESTE;-4648.702
2024-11-27 10:00:00;NORTE;NORDESTE;-4370.94899999
2024-11-27 11:00:00;NORTE;NORDESTE;-4285.377
2024-11-27 12:00:00;NORTE;NORDESTE;-4263.603
2024-11-27 13:00:00;NORTE;NORDESTE;-3944.463
2024-11-27 14:00:00;NORTE;NORDESTE;-3272.506
2024-11-27 15:00:00;NORTE;NORDESTE;-2889.263
2024-11-27 16:00:00;NORTE;NORDESTE;-2217.869
2024-11-27 17:00:00;NORTE;NORDESTE;-1278.14899999
2024-11-27 18:00:00;NORTE;NORDESTE;-1479.169
2024-11-27 19:00:00;NORTE;NORDESTE;-1856.71
2024-11-27 20:00:00;NORTE;NORDESTE;-1849.686
2024-11-27 21:00:00;NORTE;NORDESTE;-1902.057
2024-11-27 22:00:00;NORTE;NORDESTE;-2007.894
2024-11-27 23:00:00;NORTE;NORDESTE;-1758.614
2024-11-28 00:00:00;NORTE;NORDESTE;-1730.588
2024-11-28 01:00:00;NORTE;NORDESTE;-1976.989
2024-11-28 02:00:00;NORTE;NORDESTE;-2380.797
2024-11-28 03:00:00;NORTE;NORDESTE;-2562.536
2024-11-28 04:00:00;NORTE;NORDESTE;-2438.612
2024-11-28 05:00:00;NORTE;NORDESTE;-2901.417
2024-11-28 06:00:00;NORTE;NORDESTE;-4497.615
2024-11-28 07:00:00;NORTE;NORDESTE;-4538.044
2024-11-28 08:00:00;NORTE;NORDESTE;-4797.858
2024-11-28 09:00:00;NORTE;NORDESTE;-4776.813
2024-11-28 10:00:00;NORTE;NORDESTE;-4937.171
2024-11-28 11:00:00;NORTE;NORDESTE;-5041.189
2024-11-28 12:00:00;NORTE;NORDESTE;-4784.338
2024-11-28 13:00:00;NORTE;NORDESTE;-4480.893
2024-11-28 14:00:00;NORTE;NORDESTE;-4014.087
2024-11-28 15:00:00;NORTE;NORDESTE;-2947.565
2024-11-28 16:00:00;NORTE;NORDESTE;-1730.825
2024-11-28 17:00:00;NORTE;NORDESTE;-1005.86
2024-11-28 18:00:00;NORTE;NORDESTE;-774.128
2024-11-28 19:00:00;NORTE;NORDESTE;-1655.113
2024-11-28 20:00:00;NORTE;NORDESTE;-2092.21
2024-11-28 21:00:00;NORTE;NORDESTE;-2100.304
2024-11-28 22:00:00;NORTE;NORDESTE;-1869.94
2024-11-28 23:00:00;NORTE;NORDESTE;-1073.612
2024-11-29 00:00:00;NORTE;NORDESTE;-845.874
2024-11-29 01:00:00;NORTE;NORDESTE;-1124.833
2024-11-29 02:00:00;NORTE;NORDESTE;-1442.478
2024-11-29 03:00:00;NORTE;NORDESTE;-1475.902
2024-11-29 04:00:00;NORTE;NORDESTE;-1316.906
2024-11-29 05:00:00;NORTE;NORDESTE;-2083.009
2024-11-29 06:00:00;NORTE;NORDESTE;-3752.989
2024-11-29 07:00:00;NORTE;NORDESTE;-5109.68
2024-11-29 08:00:00;NORTE;NORDESTE;-4459.63199999
2024-11-29 09:00:00;NORTE;NORDESTE;-4103.462
2024-11-29 10:00:00;NORTE;NORDESTE;-4023.528
2024-11-29 11:00:00;NORTE;NORDESTE;-3899.295
2024-11-29 12:00:00;NORTE;NORDESTE;-3735.427
2024-11-29 13:00:00;NORTE;NORDESTE;-3464.027
2024-11-29 14:00:00;NORTE;NORDESTE;-3062.981
2024-11-29 15:00:00;NORTE;NORDESTE;-2609.846
2024-11-29 16:00:00;NORTE;NORDESTE;-1563.97
2024-11-29 17:00:00;NORTE;NORDESTE;-629.385
2024-11-29 18:00:00;NORTE;NORDESTE;-623.35
2024-11-29 19:00:00;NORTE;NORDESTE;-1061.342
2024-11-29 20:00:00;NORTE;NORDESTE;-1416.568
2024-11-29 21:00:00;NORTE;NORDESTE;-1579.13899999
2024-11-29 22:00:00;NORTE;NORDESTE;-1580.302
2024-11-29 23:00:00;NORTE;NORDESTE;-1827.722
2024-11-30 00:00:00;NORTE;NORDESTE;-1968.004
2024-11-30 01:00:00;NORTE;NORDESTE;-2237.607
2024-11-30 02:00:00;NORTE;NORDESTE;-2637.509
2024-11-30 03:00:00;NORTE;NORDESTE;-2708.48999999
2024-11-30 04:00:00;NORTE;NORDESTE;-2335.136
2024-11-30 05:00:00;NORTE;NORDESTE;-2399.397
2024-11-30 06:00:00;NORTE;NORDESTE;-3432.853
2024-11-30 07:00:00;NORTE;NORDESTE;-4361.593
2024-11-30 08:00:00;NORTE;NORDESTE;-4298.142
2024-11-30 09:00:00;NORTE;NORDESTE;-4385.506
2024-11-30 10:00:00;NORTE;NORDESTE;-4227.88
2024-11-30 11:00:00;NORTE;NORDESTE;-4200.04
2024-11-30 12:00:00;NORTE;NORDESTE;-4177.18999999
2024-11-30 13:00:00;NORTE;NORDESTE;-4148.904
2024-11-30 14:00:00;NORTE;NORDESTE;-4254.908
2024-11-30 15:00:00;NORTE;NORDESTE;-4146.982
2024-11-30 16:00:00;NORTE;NORDESTE;-2406.242
2024-11-30 17:00:00;NORTE;NORDESTE;-858.283
2024-11-30 18:00:00;NORTE;NORDESTE;-369.26799999
2024-11-30 19:00:00;NORTE;NORDESTE;-373.376
2024-11-30 20:00:00;NORTE;NORDESTE;-515.165
2024-11-30 21:00:00;NORTE;NORDESTE;-607.71
2024-11-30 22:00:00;NORTE;NORDESTE;-782.482
2024-11-30 23:00:00;NORTE;NORDESTE;-418.076
2024-12-01 00:00:00;NORTE;NORDESTE;-231.915
2024-12-01 01:00:00;NORTE;NORDESTE;-522.498
2024-12-01 02:00:00;NORTE;NORDESTE;-539.961
2024-12-01 03:00:00;NORTE;NORDESTE;-287.803
2024-12-01 04:00:00;NORTE;NORDESTE;-173.315
2024-12-01 05:00:00;NORTE;NORDESTE;-550.79999999
2024-12-01 06:00:00;NORTE;NORDESTE;-1868.42
2024-12-01 07:00:00;NORTE;NORDESTE;-2718.27599999
2024-12-01 08:00:00;NORTE;NORDESTE;-2289.98999999
2024-12-01 09:00:00;NORTE;NORDESTE;-1675.61999999
2024-12-01 10:00:00;NORTE;NORDESTE;-1205.239
2024-12-01 11:00:00;NORTE;NORDESTE;-1156.834
2024-12-01 12:00:00;NORTE;NORDESTE;-1273.72
2024-12-01 13:00:00;NORTE;NORDESTE;-1452.346
2024-12-01 14:00:00;NORTE;NORDESTE;-1899.112
2024-12-01 15:00:00;NORTE;NORDESTE;-2060.663
2024-12-01 16:00:00;NORTE;NORDESTE;-1532.365
2024-12-01 17:00:00;NORTE;NORDESTE;-259.216
2024-12-01 18:00:00;NORTE;NORDESTE;559.686
2024-12-01 19:00:00;NORTE;NORDESTE;141.834
2024-12-01 20:00:00;NORTE;NORDESTE;102.269
2024-12-01 21:00:00;NORTE;NORDESTE;304.38099999
2024-12-01 22:00:00;NORTE;NORDESTE;285.077
2024-12-01 23:00:00;NORTE;NORDESTE;654.25
2024-12-02 00:00:00;NORTE;NORDESTE;1117.56199999
2024-12-02 01:00:00;NORTE;NORDESTE;1167.663
2024-12-02 02:00:00;NORTE;NORDESTE;1451.256
2024-12-02 03:00:00;NORTE;NORDESTE;1641.29
2024-12-02 04:00:00;NORTE;NORDESTE;1548.634
2024-12-02 05:00:00;NORTE;NORDESTE;750.148
2024-12-02 06:00:00;NORTE;NORDESTE;-608.826
2024-12-02 07:00:00;NORTE;NORDESTE;-1623.107
2024-12-02 08:00:00;NORTE;NORDESTE;-1602.001
2024-12-02 09:00:00;NORTE;NORDESTE;-1805.335
2024-12-02 10:00:00;NORTE;NORDESTE;-2007.751
2024-12-02 11:00:00;NORTE;NORDESTE;-2166.082
2024-12-02 12:00:00;NORTE;NORDESTE;-2785.308
2024-12-02 13:00:00;NORTE;NORDESTE;-2725.743
2024-12-02 14:00:00;NORTE;NORDESTE;-2812.042
2024-12-02 15:00:00;NORTE;NORDESTE;-2585.659
2024-12-02 16:00:00;NORTE;NORDESTE;-2037.945
2024-12-02 17:00:00;NORTE;NORDESTE;-1180.32
2024-12-02 18:00:00;NORTE;NORDESTE;-1026.692
2024-12-02 19:00:00;NORTE;NORDESTE;-613.172
2024-12-02 20:00:00;NORTE;NORDESTE;-628.011
2024-12-02 21:00:00;NORTE;NORDESTE;-415.839
2024-12-02 22:00:00;NORTE;NORDESTE;-402.855
2024-12-02 23:00:00;NORTE;NORDESTE;-460.829
2024-12-03 00:00:00;NORTE;NORDESTE;293.295
2024-12-03 01:00:00;NORTE;NORDESTE;430.733
2024-12-03 02:00:00;NORTE;NORDESTE;1091.358
2024-12-03 03:00:00;NORTE;NORDESTE;1136.039
2024-12-03 04:00:00;NORTE;NORDESTE;1050.88
2024-12-03 05:00:00;NORTE;NORDESTE;773.165
2024-12-03 06:00:00;NORTE;NORDESTE;-220.233
2024-12-03 07:00:00;NORTE;NORDESTE;-1836.659
2024-12-03 08:00:00;NORTE;NORDESTE;-1907.244
2024-12-03 09:00:00;NORTE;NORDESTE;-2021.379
2024-12-03 10:00:00;NORTE;NORDESTE;-1874.307
2024-12-03 11:00:00;NORTE;NORDESTE;-1651.975
2024-12-03 12:00:00;NORTE;NORDESTE;-1862.806
2024-12-03 13:00:00;NORTE;NORDESTE;-2209.777
2024-12-03 14:00:00;NORTE;NORDESTE;-2189.61499999
2024-12-03 15:00:00;NORTE;NORDESTE;-1958.497
2024-12-03 16:00:00;NORTE;NORDESTE;-1863.894
2024-12-03 17:00:00;NORTE;NORDESTE;-1570.233
2024-12-03 18:00:00;NORTE;NORDESTE;-899.951
2024-12-03 19:00:00;NORTE;NORDESTE;-735.633
2024-12-03 20:00:00;NORTE;NORDESTE;-683.498
2024-12-03 21:00:00;NORTE;NORDESTE;-423.172
2024-12-03 22:00:00;NORTE;NORDESTE;-660.006
2024-12-03 23:00:00;NORTE;NORDESTE;-391.58
2024-12-04 00:00:00;NORTE;NORDESTE;159.803
2024-12-04 01:00:00;NORTE;NORDESTE;499.788
2024-12-04 02:00:00;NORTE;NORDESTE;583.59799999
2024-12-04 03:00:00;NORTE;NORDESTE;391.085
2024-12-04 04:00:00;NORTE;NORDESTE;358.656
2024-12-04 05:00:00;NORTE;NORDESTE;458.185
2024-12-04 06:00:00;NORTE;NORDESTE;-275.252
2024-12-04 07:00:00;NORTE;NORDESTE;-950.886
2024-12-04 08:00:00;NORTE;NORDESTE;-1387.094
2024-12-04 09:00:00;NORTE;NORDESTE;-1405.192
2024-12-04 10:00:00;NORTE;NORDESTE;-1451.701
2024-12-04 11:00:00;NORTE;NORDESTE;-1779.811
2024-12-04 12:00:00;NORTE;NORDESTE;-2155.727
2024-12-04 13:00:00;NORTE;NORDESTE;-2109.698
2024-12-04 14:00:00;NORTE;NORDESTE;-2085.504
2024-12-04 15:00:00;NORTE;NORDESTE;-1773.251
2024-12-04 16:00:00;NORTE;NORDESTE;-1395.856
2024-12-04 17:00:00;NORTE;NORDESTE;-1137.353
2024-12-04 18:00:00;NORTE;NORDESTE;-1483.213
2024-12-04 19:00:00;NORTE;NORDESTE;-1453.5
2024-12-04 20:00:00;NORTE;NORDESTE;-968.431
2024-12-04 21:00:00;NORTE;NORDESTE;-1058.981
2024-12-04 22:00:00;NORTE;NORDESTE;-1423.719
2024-12-04 23:00:00;NORTE;NORDESTE;-1093.584
2024-12-05 00:00:00;NORTE;NORDESTE;-740.466
2024-12-05 01:00:00;NORTE;NORDESTE;-679.567
2024-12-05 02:00:00;NORTE;NORDESTE;-601.114
2024-12-05 03:00:00;NORTE;NORDESTE;-418.563
2024-12-05 04:00:00;NORTE;NORDESTE;-590.984
2024-12-05 05:00:00;NORTE;NORDESTE;-918.438
2024-12-05 06:00:00;NORTE;NORDESTE;-2243.665
2024-12-05 07:00:00;NORTE;NORDESTE;-3499.303
2024-12-05 08:00:00;NORTE;NORDESTE;-4091.007
2024-12-05 09:00:00;NORTE;NORDESTE;-3786.401
2024-12-05 10:00:00;NORTE;NORDESTE;-3891.785
2024-12-05 11:00:00;NORTE;NORDESTE;-3938.122
2024-12-05 12:00:00;NORTE;NORDESTE;-4240.02499999
2024-12-05 13:00:00;NORTE;NORDESTE;-4380.535
2024-12-05 14:00:00;NORTE;NORDESTE;-4044.832
2024-12-05 15:00:00;NORTE;NORDESTE;-3638.01
2024-12-05 16:00:00;NORTE;NORDESTE;-3326.436
2024-12-05 17:00:00;NORTE;NORDESTE;-2778.892
2024-12-05 18:00:00;NORTE;NORDESTE;-1970.998
2024-12-05 19:00:00;NORTE;NORDESTE;-2273.649
2024-12-05 20:00:00;NORTE;NORDESTE;-2288.535
2024-12-05 21:00:00;NORTE;NORDESTE;-2308.486
2024-12-05 22:00:00;NORTE;NORDESTE;-2267.38299999
2024-12-05 23:00:00;NORTE;NORDESTE;-2321.413
2024-12-06 00:00:00;NORTE;NORDESTE;-2259.789
2024-12-06 01:00:00;NORTE;NORDESTE;-2698.889
2024-12-06 02:00:00;NORTE;NORDESTE;-3238.254
2024-12-06 03:00:00;NORTE;NORDESTE;-2949.666
2024-12-06 04:00:00;NORTE;NORDESTE;-2761.752
2024-12-06 05:00:00;NORTE;NORDESTE;-2951.824
2024-12-06 06:00:00;NORTE;NORDESTE;-3857.656
2024-12-06 07:00:00;NORTE;NORDESTE;-4417.3
2024-12-06 08:00:00;NORTE;NORDESTE;-4497.081
2024-12-06 09:00:00;NORTE;NORDESTE;-4528.99799999
2024-12-06 10:00:00;NORTE;NORDESTE;-4432.319
2024-12-06 11:00:00;NORTE;NORDESTE;-4065.289
2024-12-06 12:00:00;NORTE;NORDESTE;-3755.093
2024-12-06 13:00:00;NORTE;NORDESTE;-3387.14399999
2024-12-06 14:00:00;NORTE;NORDESTE;-2690.661
2024-12-06 15:00:00;NORTE;NORDESTE;-1703.17
2024-12-06 16:00:00;NORTE;NORDESTE;-750.338
2024-12-06 17:00:00;NORTE;NORDESTE;197.087
2024-12-06 18:00:00;NORTE;NORDESTE;274.43599999
2024-12-06 19:00:00;NORTE;NORDESTE;-627.366
2024-12-06 20:00:00;NORTE;NORDESTE;-1650.145
2024-12-06 21:00:00;NORTE;NORDESTE;-1679.536
2024-12-06 22:00:00;NORTE;NORDESTE;-1745.454
2024-12-06 23:00:00;NORTE;NORDESTE;-2257.736
2024-12-07 00:00:00;NORTE;NORDESTE;-1733.915
2024-12-07 01:00:00;NORTE;NORDESTE;-1551.558
2024-12-07 02:00:00;NORTE;NORDESTE;-2000.101
2024-12-07 03:00:00;NORTE;NORDESTE;-2232.98799999
2024-12-07 04:00:00;NORTE;NORDESTE;-2316.353
2024-12-07 05:00:00;NORTE;NORDESTE;-2879.996
2024-12-07 06:00:00;NORTE;NORDESTE;-3818.482
2024-12-07 07:00:00;NORTE;NORDESTE;-3931.28
2024-12-07 08:00:00;NORTE;NORDESTE;-3984.152
2024-12-07 09:00:00;NORTE;NORDESTE;-3647.939
2024-12-07 10:00:00;NORTE;NORDESTE;-3173.978
2024-12-07 11:00:00;NORTE;NORDESTE;-2713.328
2024-12-07 12:00:00;NORTE;NORDESTE;-2599.658
2024-12-07 13:00:00;NORTE;NORDESTE;-2541.116
2024-12-07 14:00:00;NORTE;NORDESTE;-2748.487
2024-12-07 15:00:00;NORTE;NORDESTE;-3182.0
2024-12-07 16:00:00;NORTE;NORDESTE;-3032.246
2024-12-07 17:00:00;NORTE;NORDESTE;-1311.133
2024-12-07 18:00:00;NORTE;NORDESTE;423.377
2024-12-07 19:00:00;NORTE;NORDESTE;643.056
2024-12-07 20:00:00;NORTE;NORDESTE;516.032
2024-12-07 21:00:00;NORTE;NORDESTE;60.836
2024-12-07 22:00:00;NORTE;NORDESTE;-254.638
2024-12-07 23:00:00;NORTE;NORDESTE;-55.85
2024-12-08 00:00:00;NORTE;NORDESTE;-31.681
2024-12-08 01:00:00;NORTE;NORDESTE;125.567
2024-12-08 02:00:00;NORTE;NORDESTE;-91.165
2024-12-08 03:00:00;NORTE;NORDESTE;-596.12199999
2024-12-08 04:00:00;NORTE;NORDESTE;-799.229
2024-12-08 05:00:00;NORTE;NORDESTE;-1718.51
2024-12-08 06:00:00;NORTE;NORDESTE;-2551.74699999
2024-12-08 07:00:00;NORTE;NORDESTE;-2561.909
2024-12-08 08:00:00;NORTE;NORDESTE;-2361.589
2024-12-08 09:00:00;NORTE;NORDESTE;-1868.585
2024-12-08 10:00:00;NORTE;NORDESTE;-1565.42
2024-12-08 11:00:00;NORTE;NORDESTE;-1524.72
2024-12-08 12:00:00;NORTE;NORDESTE;-1496.69699999
2024-12-08 13:00:00;NORTE;NORDESTE;-1578.982
2024-12-08 14:00:00;NORTE;NORDESTE;-1924.32
2024-12-08 15:00:00;NORTE;NORDESTE;-2037.344
2024-12-08 16:00:00;NORTE;NORDESTE;-1729.065
2024-12-08 17:00:00;NORTE;NORDESTE;-349.276
2024-12-08 18:00:00;NORTE;NORDESTE;209.997
2024-12-08 19:00:00;NORTE;NORDESTE;-537.003
2024-12-08 20:00:00;NORTE;NORDESTE;-1065.914
2024-12-08 21:00:00;NORTE;NORDESTE;-1184.239
2024-12-08 22:00:00;NORTE;NORDESTE;-1304.142
2024-12-08 23:00:00;NORTE;NORDESTE;-1226.536
2024-12-09 00:00:00;NORTE;NORDESTE;-1672.893
2024-12-09 01:00:00;NORTE;NORDESTE;-1732.652
2024-12-09 02:00:00;NORTE;NORDESTE;-2276.915
2024-12-09 03:00:00;NORTE;NORDESTE;-2490.52599999
2024-12-09 04:00:00;NORTE;NORDESTE;-2517.94999999
2024-12-09 05:00:00;NORTE;NORDESTE;-2500.804
2024-12-09 06:00:00;NORTE;NORDESTE;-3092.915
2024-12-09 07:00:00;NORTE;NORDESTE;-4164.921
2024-12-09 08:00:00;NORTE;NORDESTE;-4255.24799999
2024-12-09 09:00:00;NORTE;NORDESTE;-4087.727
2024-12-09 10:00:00;NORTE;NORDESTE;-3824.031
2024-12-09 11:00:00;NORTE;NORDESTE;-3528.671
2024-12-09 12:00:00;NORTE;NORDESTE;-3437.31
2024-12-09 13:00:00;NORTE;NORDESTE;-3049.096
2024-12-09 14:00:00;NORTE;NORDESTE;-2197.49899999
2024-12-09 15:00:00;NORTE;NORDESTE;-1913.58
2024-12-09 16:00:00;NORTE;NORDESTE;-1348.19599999
2024-12-09 17:00:00;NORTE;NORDESTE;-1207.515
2024-12-09 18:00:00;NORTE;NORDESTE;-1353.884
2024-12-09 19:00:00;NORTE;NORDESTE;-1839.884
2024-12-09 20:00:00;NORTE;NORDESTE;-2419.94
2024-12-09 21:00:00;NORTE;NORDESTE;-2602.382
2024-12-09 22:00:00;NORTE;NORDESTE;-2590.773
2024-12-09 23:00:00;NORTE;NORDESTE;-2673.091
2024-12-10 00:00:00;NORTE;NORDESTE;-2903.994
2024-12-10 01:00:00;NORTE;NORDESTE;-3454.228
2024-12-10 02:00:00;NORTE;NORDESTE;-3267.088
2024-12-10 03:00:00;NORTE;NORDESTE;-3096.444
2024-12-10 04:00:00;NORTE;NORDESTE;-2647.516
2024-12-10 05:00:00;NORTE;NORDESTE;-2606.347
2024-12-10 06:00:00;NORTE;NORDESTE;-3849.929
2024-12-10 07:00:00;NORTE;NORDESTE;-4933.878
2024-12-10 08:00:00;NORTE;NORDESTE;-5194.423
2024-12-10 09:00:00;NORTE;NORDESTE;-5076.481
2024-12-10 10:00:00;NORTE;NORDESTE;-4826.962
2024-12-10 11:00:00;NORTE;NORDESTE;-4346.804
2024-12-10 12:00:00;NORTE;NORDESTE;-3846.691
2024-12-10 13:00:00;NORTE;NORDESTE;-3310.917
2024-12-10 14:00:00;NORTE;NORDESTE;-2372.746
2024-12-10 15:00:00;NORTE;NORDESTE;-1850.419
2024-12-10 16:00:00;NORTE;NORDESTE;-1524.482
2024-12-10 17:00:00;NORTE;NORDESTE;-932.666
2024-12-10 18:00:00;NORTE;NORDESTE;-655.63
2024-12-10 19:00:00;NORTE;NORDESTE;-1248.508
2024-12-10 20:00:00;NORTE;NORDESTE;-1493.81199999
2024-12-10 21:00:00;NORTE;NORDESTE;-1103.962
2024-12-10 22:00:00;NORTE;NORDESTE;-525.52099999
2024-12-10 23:00:00;NORTE;NORDESTE;-261.42
2024-12-11 00:00:00;NORTE;NORDESTE;144.601
2024-12-11 01:00:00;NORTE;NORDESTE;-204.32
2024-12-11 02:00:00;NORTE;NORDESTE;-79.051
2024-12-11 03:00:00;NORTE;NORDESTE;-462.08
2024-12-11 04:00:00;NORTE;NORDESTE;-577.256
2024-12-11 05:00:00;NORTE;NORDESTE;-558.655
2024-12-11 06:00:00;NORTE;NORDESTE;-1844.26
2024-12-11 07:00:00;NORTE;NORDESTE;-3231.812
2024-12-11 08:00:00;NORTE;NORDESTE;-2856.756
2024-12-11 09:00:00;NORTE;NORDESTE;-2396.106
2024-12-11 10:00:00;NORTE;NORDESTE;-2178.63
2024-12-11 11:00:00;NORTE;NORDESTE;-2111.04799999
2024-12-11 12:00:00;NORTE;NORDESTE;-2072.022
2024-12-11 13:00:00;NORTE;NORDESTE;-2250.764
2024-12-11 14:00:00;NORTE;NORDESTE;-2112.273
2024-12-11 15:00:00;NORTE;NORDESTE;-1739.215
2024-12-11 16:00:00;NORTE;NORDESTE;-878.35799999
2024-12-11 17:00:00;NORTE;NORDESTE;424.606
2024-12-11 18:00:00;NORTE;NORDESTE;767.251
2024-12-11 19:00:00;NORTE;NORDESTE;678.076
2024-12-11 20:00:00;NORTE;NORDESTE;157.638
2024-12-11 21:00:00;NORTE;NORDESTE;284.052
2024-12-11 22:00:00;NORTE;NORDESTE;726.80499999
2024-12-11 23:00:00;NORTE;NORDESTE;857.793
2024-12-12 00:00:00;NORTE;NORDESTE;568.35
2024-12-12 01:00:00;NORTE;NORDESTE;353.183
2024-12-12 02:00:00;NORTE;NORDESTE;-139.999
2024-12-12 03:00:00;NORTE;NORDESTE;-413.50599999
2024-12-12 04:00:00;NORTE;NORDESTE;-616.53599999
2024-12-12 05:00:00;NORTE;NORDESTE;-898.932
2024-12-12 06:00:00;NORTE;NORDESTE;-1708.642
2024-12-12 07:00:00;NORTE;NORDESTE;-2044.255
2024-12-12 08:00:00;NORTE;NORDESTE;-2917.679
2024-12-12 09:00:00;NORTE;NORDESTE;-3023.035
2024-12-12 10:00:00;NORTE;NORDESTE;-2735.53699999
2024-12-12 11:00:00;NORTE;NORDESTE;-2694.168
2024-12-12 12:00:00;NORTE;NORDESTE;-2869.635
2024-12-12 13:00:00;NORTE;NORDESTE;-2405.956
2024-12-12 14:00:00;NORTE;NORDESTE;-1891.21
2024-12-12 15:00:00;NORTE;NORDESTE;-1349.395
2024-12-12 16:00:00;NORTE;NORDESTE;-883.412
2024-12-12 17:00:00;NORTE;NORDESTE;-914.967
2024-12-12 18:00:00;NORTE;NORDESTE;-1130.422
2024-12-12 19:00:00;NORTE;NORDESTE;-1610.151
2024-12-12 20:00:00;NORTE;NORDESTE;-1792.763
2024-12-12 21:00:00;NORTE;NORDESTE;-1925.16
2024-12-12 22:00:00;NORTE;NORDESTE;-2220.33399999
2024-12-12 23:00:00;NORTE;NORDESTE;-2648.368
2024-12-13 00:00:00;NORTE;NORDESTE;-3140.176
2024-12-13 01:00:00;NORTE;NORDESTE;-3306.873
2024-12-13 02:00:00;NORTE;NORDESTE;-3342.61499999
2024-12-13 03:00:00;NORTE;NORDESTE;-3006.985
2024-12-13 04:00:00;NORTE;NORDESTE;-2688.953
2024-12-13 05:00:00;NORTE;NORDESTE;-2647.409
2024-12-13 06:00:00;NORTE;NORDESTE;-3396.7
2024-12-13 07:00:00;NORTE;NORDESTE;-3937.205
2024-12-13 08:00:00;NORTE;NORDESTE;-4211.751
2024-12-13 09:00:00;NORTE;NORDESTE;-4412.55
2024-12-13 10:00:00;NORTE;NORDESTE;-4474.523
2024-12-13 11:00:00;NORTE;NORDESTE;-4709.497
2024-12-13 12:00:00;NORTE;NORDESTE;-4469.742
2024-12-13 13:00:00;NORTE;NORDESTE;-4631.5
2024-12-13 14:00:00;NORTE;NORDESTE;-4233.859
2024-12-13 15:00:00;NORTE;NORDESTE;-3791.308
2024-12-13 16:00:00;NORTE;NORDESTE;-2681.712
2024-12-13 17:00:00;NORTE;NORDESTE;-1783.7
2024-12-13 18:00:00;NORTE;NORDESTE;-1919.467
2024-12-13 19:00:00;NORTE;NORDESTE;-2456.609
2024-12-13 20:00:00;NORTE;NORDESTE;-3315.319
2024-12-13 21:00:00;NORTE;NORDESTE;-3433.172
2024-12-13 22:00:00;NORTE;NORDESTE;-3213.17299999
2024-12-13 23:00:00;NORTE;NORDESTE;-2772.446
2024-12-14 00:00:00;NORTE;NORDESTE;-2953.605
2024-12-14 01:00:00;NORTE;NORDESTE;-2591.41199999
2024-12-14 02:00:00;NORTE;NORDESTE;-2424.035
2024-12-14 03:00:00;NORTE;NORDESTE;-2428.413
2024-12-14 04:00:00;NORTE;NORDESTE;-2305.01899999
2024-12-14 05:00:00;NORTE;NORDESTE;-2465.23999999
2024-12-14 06:00:00;NORTE;NORDESTE;-2675.244
2024-12-14 07:00:00;NORTE;NORDESTE;-2895.049
2024-12-14 08:00:00;NORTE;NORDESTE;-3307.364
2024-12-14 09:00:00;NORTE;NORDESTE;-3024.55
2024-12-14 10:00:00;NORTE;NORDESTE;-2822.747
2024-12-14 11:00:00;NORTE;NORDESTE;-2609.302
2024-12-14 12:00:00;NORTE;NORDESTE;-2336.703
2024-12-14 13:00:00;NORTE;NORDESTE;-2511.219
2024-12-14 14:00:00;NORTE;NORDESTE;-2780.02799999
2024-12-14 15:00:00;NORTE;NORDESTE;-2981.09
2024-12-14 16:00:00;NORTE;NORDESTE;-1942.778
2024-12-14 17:00:00;NORTE;NORDESTE;24.85
2024-12-14 18:00:00;NORTE;NORDESTE;1263.951
2024-12-14 19:00:00;NORTE;NORDESTE;680.62199999
2024-12-14 20:00:00;NORTE;NORDESTE;-71.397
2024-12-14 21:00:00;NORTE;NORDESTE;-338.008
2024-12-14 22:00:00;NORTE;NORDESTE;-362.363
2024-12-14 23:00:00;NORTE;NORDESTE;-391.677
2024-12-15 00:00:00;NORTE;NORDESTE;-179.612
2024-12-15 01:00:00;NORTE;NORDESTE;94.22
2024-12-15 02:00:00;NORTE;NORDESTE;-596.61699999
2024-12-15 03:00:00;NORTE;NORDESTE;-863.11
2024-12-15 04:00:00;NORTE;NORDESTE;-829.331
2024-12-15 05:00:00;NORTE;NORDESTE;-1238.294
2024-12-15 06:00:00;NORTE;NORDESTE;-1455.981
2024-12-15 07:00:00;NORTE;NORDESTE;-1575.817
2024-12-15 08:00:00;NORTE;NORDESTE;-1550.19
2024-12-15 09:00:00;NORTE;NORDESTE;-1144.452
2024-12-15 10:00:00;NORTE;NORDESTE;-770.804
2024-12-15 11:00:00;NORTE;NORDESTE;-680.11
2024-12-15 12:00:00;NORTE;NORDESTE;-577.898
2024-12-15 13:00:00;NORTE;NORDESTE;-600.273
2024-12-15 14:00:00;NORTE;NORDESTE;-898.636
2024-12-15 15:00:00;NORTE;NORDESTE;-1163.461
2024-12-15 16:00:00;NORTE;NORDESTE;-985.499
2024-12-15 17:00:00;NORTE;NORDESTE;-137.209
2024-12-15 18:00:00;NORTE;NORDESTE;256.123
2024-12-15 19:00:00;NORTE;NORDESTE;-205.062
2024-12-15 20:00:00;NORTE;NORDESTE;-35.375
2024-12-15 21:00:00;NORTE;NORDESTE;541.19
2024-12-15 22:00:00;NORTE;NORDESTE;227.103
2024-12-15 23:00:00;NORTE;NORDESTE;-557.366
2024-12-16 00:00:00;NORTE;NORDESTE;-955.185
2024-12-16 01:00:00;NORTE;NORDESTE;-1134.11899999
2024-12-16 02:00:00;NORTE;NORDESTE;-1241.31099999
2024-12-16 03:00:00;NORTE;NORDESTE;-1586.218
2024-12-16 04:00:00;NORTE;NORDESTE;-1714.54
2024-12-16 05:00:00;NORTE;NORDESTE;-2089.357
2024-12-16 06:00:00;NORTE;NORDESTE;-2745.824
2024-12-16 07:00:00;NORTE;NORDESTE;-3751.209
2024-12-16 08:00:00;NORTE;NORDESTE;-4244.253
2024-12-16 09:00:00;NORTE;NORDESTE;-4065.755
2024-12-16 10:00:00;NORTE;NORDESTE;-3638.629
2024-12-16 11:00:00;NORTE;NORDESTE;-3491.227
2024-12-16 12:00:00;NORTE;NORDESTE;-3177.697
2024-12-16 13:00:00;NORTE;NORDESTE;-3248.102
2024-12-16 14:00:00;NORTE;NORDESTE;-2564.091
2024-12-16 15:00:00;NORTE;NORDESTE;-2188.12
2024-12-16 16:00:00;NORTE;NORDESTE;-1547.868
2024-12-16 17:00:00;NORTE;NORDESTE;-50.835
2024-12-16 18:00:00;NORTE;NORDESTE;622.129
2024-12-16 19:00:00;NORTE;NORDESTE;714.26
2024-12-16 20:00:00;NORTE;NORDESTE;654.519
2024-12-16 21:00:00;NORTE;NORDESTE;652.211
2024-12-16 22:00:00;NORTE;NORDESTE;72.45999999
2024-12-16 23:00:00;NORTE;NORDESTE;-149.68199999
2024-12-17 00:00:00;NORTE;NORDESTE;-808.008
2024-12-17 01:00:00;NORTE;NORDESTE;-425.136
2024-12-17 02:00:00;NORTE;NORDESTE;-372.178
2024-12-17 03:00:00;NORTE;NORDESTE;-545.601
2024-12-17 04:00:00;NORTE;NORDESTE;-446.889
2024-12-17 05:00:00;NORTE;NORDESTE;-549.961
2024-12-17 06:00:00;NORTE;NORDESTE;-1388.759
2024-12-17 07:00:00;NORTE;NORDESTE;-3199.797
2024-12-17 08:00:00;NORTE;NORDESTE;-2491.03
2024-12-17 09:00:00;NORTE;NORDESTE;-2259.963
2024-12-17 10:00:00;NORTE;NORDESTE;-2650.92099999
2024-12-17 11:00:00;NORTE;NORDESTE;-3085.416
2024-12-17 12:00:00;NORTE;NORDESTE;-3075.281
2024-12-17 13:00:00;NORTE;NORDESTE;-2698.437
2024-12-17 14:00:00;NORTE;NORDESTE;-1787.8
2024-12-17 15:00:00;NORTE;NORDESTE;-965.719
2024-12-17 16:00:00;NORTE;NORDESTE;82.783
2024-12-17 17:00:00;NORTE;NORDESTE;772.141
2024-12-17 18:00:00;NORTE;NORDESTE;1145.815
2024-12-17 19:00:00;NORTE;NORDESTE;951.086
2024-12-17 20:00:00;NORTE;NORDESTE;1057.132
2024-12-17 21:00:00;NORTE;NORDESTE;1097.713
2024-12-17 22:00:00;NORTE;NORDESTE;1197.65
2024-12-17 23:00:00;NORTE;NORDESTE;895.801
2024-12-18 00:00:00;NORTE;NORDESTE;649.69899999
2024-12-18 01:00:00;NORTE;NORDESTE;659.011
2024-12-18 02:00:00;NORTE;NORDESTE;420.075
2024-12-18 03:00:00;NORTE;NORDESTE;133.857
2024-12-18 04:00:00;NORTE;NORDESTE;-36.746
2024-12-18 05:00:00;NORTE;NORDESTE;-225.521
2024-12-18 06:00:00;NORTE;NORDESTE;-964.674
2024-12-18 07:00:00;NORTE;NORDESTE;-2118.655
2024-12-18 08:00:00;NORTE;NORDESTE;-2055.891
2024-12-18 09:00:00;NORTE;NORDESTE;-1784.865
2024-12-18 10:00:00;NORTE;NORDESTE;-1622.85
2024-12-18 11:00:00;NORTE;NORDESTE;-1458.26399999
2024-12-18 12:00:00;NORTE;NORDESTE;-1506.52
2024-12-18 13:00:00;NORTE;NORDESTE;-1148.73399999
2024-12-18 14:00:00;NORTE;NORDESTE;-610.169
2024-12-18 15:00:00;NORTE;NORDESTE;-53.94
2024-12-18 16:00:00;NORTE;NORDESTE;477.076
2024-12-18 17:00:00;NORTE;NORDESTE;949.018
2024-12-18 18:00:00;NORTE;NORDESTE;1280.88799999
2024-12-18 19:00:00;NORTE;NORDESTE;809.141
2024-12-18 20:00:00;NORTE;NORDESTE;476.287
2024-12-18 21:00:00;NORTE;NORDESTE;460.929
2024-12-18 22:00:00;NORTE;NORDESTE;334.163
2024-12-18 23:00:00;NORTE;NORDESTE;426.135
2024-12-19 00:00:00;NORTE;NORDESTE;173.711
2024-12-19 01:00:00;NORTE;NORDESTE;97.289
2024-12-19 02:00:00;NORTE;NORDESTE;-283.192
2024-12-19 03:00:00;NORTE;NORDESTE;-823.831
2024-12-19 04:00:00;NORTE;NORDESTE;-845.695
2024-12-19 05:00:00;NORTE;NORDESTE;-1351.94599999
2024-12-19 06:00:00;NORTE;NORDESTE;-2778.024
2024-12-19 07:00:00;NORTE;NORDESTE;-3249.761
2024-12-19 08:00:00;NORTE;NORDESTE;-3207.162
2024-12-19 09:00:00;NORTE;NORDESTE;-3088.167
2024-12-19 10:00:00;NORTE;NORDESTE;-2833.395
2024-12-19 11:00:00;NORTE;NORDESTE;-2782.185
2024-12-19 12:00:00;NORTE;NORDESTE;-2573.842
2024-12-19 13:00:00;NORTE;NORDESTE;-2111.491
2024-12-19 14:00:00;NORTE;NORDESTE;-2544.754
2024-12-19 15:00:00;NORTE;NORDESTE;-2561.17999999
2024-12-19 16:00:00;NORTE;NORDESTE;-2125.418
2024-12-19 17:00:00;NORTE;NORDESTE;-1018.68
2024-12-19 18:00:00;NORTE;NORDESTE;-269.748
2024-12-19 19:00:00;NORTE;NORDESTE;-807.651
2024-12-19 20:00:00;NORTE;NORDESTE;-900.161
2024-12-19 21:00:00;NORTE;NORDESTE;-550.861
2024-12-19 22:00:00;NORTE;NORDESTE;-954.438
2024-12-19 23:00:00;NORTE;NORDESTE;-954.266
2024-12-20 00:00:00;NORTE;NORDESTE;-916.086
2024-12-20 01:00:00;NORTE;NORDESTE;-1613.43699999
2024-12-20 02:00:00;NORTE;NORDESTE;-1956.917
2024-12-20 03:00:00;NORTE;NORDESTE;-1761.869
2024-12-20 04:00:00;NORTE;NORDESTE;-1686.752
2024-12-20 05:00:00;NORTE;NORDESTE;-1837.327
2024-12-20 06:00:00;NORTE;NORDESTE;-2744.973
2024-12-20 07:00:00;NORTE;NORDESTE;-3058.935
2024-12-20 08:00:00;NORTE;NORDESTE;-3568.151
2024-12-20 09:00:00;NORTE;NORDESTE;-3684.148
2024-12-20 10:00:00;NORTE;NORDESTE;-3814.293
2024-12-20 11:00:00;NORTE;NORDESTE;-4210.924
2024-12-20 12:00:00;NORTE;NORDESTE;-4597.137
2024-12-20 13:00:00;NORTE;NORDESTE;-4550.871
2024-12-20 14:00:00;NORTE;NORDESTE;-3493.471
2024-12-20 15:00:00;NORTE;NORDESTE;-3007.636
2024-12-20 16:00:00;NORTE;NORDESTE;-3138.4
2024-12-20 17:00:00;NORTE;NORDESTE;-2417.579
2024-12-20 18:00:00;NORTE;NORDESTE;-1743.003
2024-12-20 19:00:00;NORTE;NORDESTE;-1050.258
2024-12-20 20:00:00;NORTE;NORDESTE;-635.30999999
2024-12-20 21:00:00;NORTE;NORDESTE;-691.287
2024-12-20 22:00:00;NORTE;NORDESTE;-653.173
2024-12-20 23:00:00;NORTE;NORDESTE;-807.962
2024-12-21 00:00:00;NORTE;NORDESTE;-913.831
2024-12-21 01:00:00;NORTE;NORDESTE;-1104.21599999
2024-12-21 02:00:00;NORTE;NORDESTE;-1715.358
2024-12-21 03:00:00;NORTE;NORDESTE;-2061.891
2024-12-21 04:00:00;NORTE;NORDESTE;-2077.30699999
2024-12-21 05:00:00;NORTE;NORDESTE;-2426.503
2024-12-21 06:00:00;NORTE;NORDESTE;-3194.858
2024-12-21 07:00:00;NORTE;NORDESTE;-4125.47
2024-12-21 08:00:00;NORTE;NORDESTE;-4041.259
2024-12-21 09:00:00;NORTE;NORDESTE;-3704.262
2024-12-21 10:00:00;NORTE;NORDESTE;-3441.373
2024-12-21 11:00:00;NORTE;NORDESTE;-3229.422
2024-12-21 12:00:00;NORTE;NORDESTE;-3070.774
2024-12-21 13:00:00;NORTE;NORDESTE;-3129.518
2024-12-21 14:00:00;NORTE;NORDESTE;-3660.295
2024-12-21 15:00:00;NORTE;NORDESTE;-3460.216
2024-12-21 16:00:00;NORTE;NORDESTE;-2387.073
2024-12-21 17:00:00;NORTE;NORDESTE;-1185.814
2024-12-21 18:00:00;NORTE;NORDESTE;-657.402
2024-12-21 19:00:00;NORTE;NORDESTE;-1381.559
2024-12-21 20:00:00;NORTE;NORDESTE;-1824.419
2024-12-21 21:00:00;NORTE;NORDESTE;-1791.38
2024-12-21 22:00:00;NORTE;NORDESTE;-1408.303
2024-12-21 23:00:00;NORTE;NORDESTE;-1496.27399999
2024-12-22 00:00:00;NORTE;NORDESTE;-1812.855
2024-12-22 01:00:00;NORTE;NORDESTE;-2340.382
2024-12-22 02:00:00;NORTE;NORDESTE;-2516.686
2024-12-22 03:00:00;NORTE;NORDESTE;-2363.823
2024-12-22 04:00:00;NORTE;NORDESTE;-2391.188
2024-12-22 05:00:00;NORTE;NORDESTE;-2723.384
2024-12-22 06:00:00;NORTE;NORDESTE;-2950.216
2024-12-22 07:00:00;NORTE;NORDESTE;-3041.109
2024-12-22 08:00:00;NORTE;NORDESTE;-3030.384
2024-12-22 09:00:00;NORTE;NORDESTE;-2775.055
2024-12-22 10:00:00;NORTE;NORDESTE;-2413.856
2024-12-22 11:00:00;NORTE;NORDESTE;-2438.442
2024-12-22 12:00:00;NORTE;NORDESTE;-2382.39
2024-12-22 13:00:00;NORTE;NORDESTE;-2334.437
2024-12-22 14:00:00;NORTE;NORDESTE;-2409.146
2024-12-22 15:00:00;NORTE;NORDESTE;-2830.201
2024-12-22 16:00:00;NORTE;NORDESTE;-2687.14
2024-12-22 17:00:00;NORTE;NORDESTE;-1364.457
2024-12-22 18:00:00;NORTE;NORDESTE;-559.287
2024-12-22 19:00:00;NORTE;NORDESTE;-1150.115
2024-12-22 20:00:00;NORTE;NORDESTE;-1830.462
2024-12-22 21:00:00;NORTE;NORDESTE;-1718.651
2024-12-22 22:00:00;NORTE;NORDESTE;-1708.008
2024-12-22 23:00:00;NORTE;NORDESTE;-1693.141
2024-12-23 00:00:00;NORTE;NORDESTE;-2086.146
2024-12-23 01:00:00;NORTE;NORDESTE;-2361.393
2024-12-23 02:00:00;NORTE;NORDESTE;-3136.276
2024-12-23 03:00:00;NORTE;NORDESTE;-3036.421
2024-12-23 04:00:00;NORTE;NORDESTE;-2445.207
2024-12-23 05:00:00;NORTE;NORDESTE;-2284.366
2024-12-23 06:00:00;NORTE;NORDESTE;-3241.852
2024-12-23 07:00:00;NORTE;NORDESTE;-3363.91
2024-12-23 08:00:00;NORTE;NORDESTE;-2882.611
2024-12-23 09:00:00;NORTE;NORDESTE;-2513.21099999
2024-12-23 10:00:00;NORTE;NORDESTE;-2319.775
2024-12-23 11:00:00;NORTE;NORDESTE;-2424.966
2024-12-23 12:00:00;NORTE;NORDESTE;-2608.773
2024-12-23 13:00:00;NORTE;NORDESTE;-2761.125
2024-12-23 14:00:00;NORTE;NORDESTE;-2565.641
2024-12-23 15:00:00;NORTE;NORDESTE;-2329.884
2024-12-23 16:00:00;NORTE;NORDESTE;-1014.527
2024-12-23 17:00:00;NORTE;NORDESTE;-378.915
2024-12-23 18:00:00;NORTE;NORDESTE;-85.47
2024-12-23 19:00:00;NORTE;NORDESTE;-432.67899999
2024-12-23 20:00:00;NORTE;NORDESTE;-546.79499999
2024-12-23 21:00:00;NORTE;NORDESTE;-365.686
2024-12-23 22:00:00;NORTE;NORDESTE;185.472
2024-12-23 23:00:00;NORTE;NORDESTE;19.526
2024-12-24 00:00:00;NORTE;NORDESTE;288.779
2024-12-24 01:00:00;NORTE;NORDESTE;190.77
2024-12-24 02:00:00;NORTE;NORDESTE;-24.89699999
2024-12-24 03:00:00;NORTE;NORDESTE;221.92
2024-12-24 04:00:00;NORTE;NORDESTE;572.424
2024-12-24 05:00:00;NORTE;NORDESTE;247.262
2024-12-24 06:00:00;NORTE;NORDESTE;-1133.286
2024-12-24 07:00:00;NORTE;NORDESTE;-2689.32
2024-12-24 08:00:00;NORTE;NORDESTE;-2761.918
2024-12-24 09:00:00;NORTE;NORDESTE;-2260.742
2024-12-24 10:00:00;NORTE;NORDESTE;-1730.558
2024-12-24 11:00:00;NORTE;NORDESTE;-1556.191
2024-12-24 12:00:00;NORTE;NORDESTE;-1670.587
2024-12-24 13:00:00;NORTE;NORDESTE;-1750.221
2024-12-24 14:00:00;NORTE;NORDESTE;-1820.919
2024-12-24 15:00:00;NORTE;NORDESTE;-1819.378
2024-12-24 16:00:00;NORTE;NORDESTE;-1105.046
2024-12-24 17:00:00;NORTE;NORDESTE;-14.871
2024-12-24 18:00:00;NORTE;NORDESTE;526.39599999
2024-12-24 19:00:00;NORTE;NORDESTE;410.196
2024-12-24 20:00:00;NORTE;NORDESTE;187.251
2024-12-24 21:00:00;NORTE;NORDESTE;-488.962
2024-12-24 22:00:00;NORTE;NORDESTE;148.548
2024-12-24 23:00:00;NORTE;NORDESTE;414.08999999
2024-12-25 00:00:00;NORTE;NORDESTE;740.857
2024-12-25 01:00:00;NORTE;NORDESTE;1183.096
2024-12-25 02:00:00;NORTE;NORDESTE;1279.04
2024-12-25 03:00:00;NORTE;NORDESTE;1108.73
2024-12-25 04:00:00;NORTE;NORDESTE;756.96
2024-12-25 05:00:00;NORTE;NORDESTE;-206.775
2024-12-25 06:00:00;NORTE;NORDESTE;-1319.3
2024-12-25 07:00:00;NORTE;NORDESTE;-1935.437
2024-12-25 08:00:00;NORTE;NORDESTE;-1511.165
2024-12-25 09:00:00;NORTE;NORDESTE;-944.467
2024-12-25 10:00:00;NORTE;NORDESTE;-561.2
2024-12-25 11:00:00;NORTE;NORDESTE;-441.845
2024-12-25 12:00:00;NORTE;NORDESTE;-424.68
2024-12-25 13:00:00;NORTE;NORDESTE;-360.57799999
2024-12-25 14:00:00;NORTE;NORDESTE;-738.631
2024-12-25 15:00:00;NORTE;NORDESTE;-1130.362
2024-12-25 16:00:00;NORTE;NORDESTE;-1704.24
2024-12-25 17:00:00;NORTE;NORDESTE;-2167.26899999
2024-12-25 18:00:00;NORTE;NORDESTE;-2122.522
2024-12-25 19:00:00;NORTE;NORDESTE;-1984.697
2024-12-25 20:00:00;NORTE;NORDESTE;-2255.457
2024-12-25 21:00:00;NORTE;NORDESTE;-1939.921
2024-12-25 22:00:00;NORTE;NORDESTE;-1727.231
2024-12-25 23:00:00;NORTE;NORDESTE;-1890.213
2024-12-26 00:00:00;NORTE;NORDESTE;-1881.478
2024-12-26 01:00:00;NORTE;NORDESTE;-1980.083
2024-12-26 02:00:00;NORTE;NORDESTE;-2085.804
2024-12-26 03:00:00;NORTE;NORDESTE;-2247.405
2024-12-26 04:00:00;NORTE;NORDESTE;-2323.9
2024-12-26 05:00:00;NORTE;NORDESTE;-2518.027
2024-12-26 06:00:00;NORTE;NORDESTE;-3584.78
2024-12-26 07:00:00;NORTE;NORDESTE;-4618.209
2024-12-26 08:00:00;NORTE;NORDESTE;-4597.72099999
2024-12-26 09:00:00;NORTE;NORDESTE;-4110.993
2024-12-26 10:00:00;NORTE;NORDESTE;-3678.208
2024-12-26 11:00:00;NORTE;NORDESTE;-3360.785
2024-12-26 12:00:00;NORTE;NORDESTE;-3314.045
2024-12-26 13:00:00;NORTE;NORDESTE;-3562.447
2024-12-26 14:00:00;NORTE;NORDESTE;-3603.782
2024-12-26 15:00:00;NORTE;NORDESTE;-3618.432
2024-12-26 16:00:00;NORTE;NORDESTE;-2708.579
2024-12-26 17:00:00;NORTE;NORDESTE;-1711.902
2024-12-26 18:00:00;NORTE;NORDESTE;-1126.06199999
2024-12-26 19:00:00;NORTE;NORDESTE;-1586.82199999
2024-12-26 20:00:00;NORTE;NORDESTE;-1585.321
2024-12-26 21:00:00;NORTE;NORDESTE;-1778.849
2024-12-26 22:00:00;NORTE;NORDESTE;-2561.573
2024-12-26 23:00:00;NORTE;NORDESTE;-2926.477
2024-12-27 00:00:00;NORTE;NORDESTE;-3107.771
2024-12-27 01:00:00;NORTE;NORDESTE;-3495.806
2024-12-27 02:00:00;NORTE;NORDESTE;-3603.791
2024-12-27 03:00:00;NORTE;NORDESTE;-3460.437
2024-12-27 04:00:00;NORTE;NORDESTE;-3419.946
2024-12-27 05:00:00;NORTE;NORDESTE;-3372.005
2024-12-27 06:00:00;NORTE;NORDESTE;-3923.534
2024-12-27 07:00:00;NORTE;NORDESTE;-4072.244
2024-12-27 08:00:00;NORTE;NORDESTE;-4040.691
2024-12-27 09:00:00;NORTE;NORDESTE;-3789.112
2024-12-27 10:00:00;NORTE;NORDESTE;-3592.292
2024-12-27 11:00:00;NORTE;NORDESTE;-3382.435
2024-12-27 12:00:00;NORTE;NORDESTE;-3084.732
2024-12-27 13:00:00;NORTE;NORDESTE;-3052.737
2024-12-27 14:00:00;NORTE;NORDESTE;-3041.693
2024-12-27 15:00:00;NORTE;NORDESTE;-3136.637
2024-12-27 16:00:00;NORTE;NORDESTE;-2646.864
2024-12-27 17:00:00;NORTE;NORDESTE;-1290.749
2024-12-27 18:00:00;NORTE;NORDESTE;-655.441
2024-12-27 19:00:00;NORTE;NORDESTE;-1110.034
2024-12-27 20:00:00;NORTE;NORDESTE;-2078.471
2024-12-27 21:00:00;NORTE;NORDESTE;-2114.61499999
2024-12-27 22:00:00;NORTE;NORDESTE;-2257.013
2024-12-27 23:00:00;NORTE;NORDESTE;-2795.105
2024-12-28 00:00:00;NORTE;NORDESTE;-2904.52
2024-12-28 01:00:00;NORTE;NORDESTE;-2849.627
2024-12-28 02:00:00;NORTE;NORDESTE;-3088.696
2024-12-28 03:00:00;NORTE;NORDESTE;-3270.843
2024-12-28 04:00:00;NORTE;NORDESTE;-3188.31599999
2024-12-28 05:00:00;NORTE;NORDESTE;-3522.196
2024-12-28 06:00:00;NORTE;NORDESTE;-3886.749
2024-12-28 07:00:00;NORTE;NORDESTE;-3950.948
2024-12-28 08:00:00;NORTE;NORDESTE;-3522.861
2024-12-28 09:00:00;NORTE;NORDESTE;-2853.924
2024-12-28 10:00:00;NORTE;NORDESTE;-2550.565
2024-12-28 11:00:00;NORTE;NORDESTE;-2380.675
2024-12-28 12:00:00;NORTE;NORDESTE;-2235.81
2024-12-28 13:00:00;NORTE;NORDESTE;-2142.525
2024-12-28 14:00:00;NORTE;NORDESTE;-2374.219
2024-12-28 15:00:00;NORTE;NORDESTE;-2082.58599999
2024-12-28 16:00:00;NORTE;NORDESTE;-1262.078
2024-12-28 17:00:00;NORTE;NORDESTE;-538.821
2024-12-28 18:00:00;NORTE;NORDESTE;10.31
2024-12-28 19:00:00;NORTE;NORDESTE;-1409.297
2024-12-28 20:00:00;NORTE;NORDESTE;-2103.491
2024-12-28 21:00:00;NORTE;NORDESTE;-2523.30499999
2024-12-28 22:00:00;NORTE;NORDESTE;-2291.819
2024-12-28 23:00:00;NORTE;NORDESTE;-3054.213
2024-12-29 00:00:00;NORTE;NORDESTE;-3065.937
2024-12-29 01:00:00;NORTE;NORDESTE;-3164.861
2024-12-29 02:00:00;NORTE;NORDESTE;-2666.40099999
2024-12-29 03:00:00;NORTE;NORDESTE;-2431.638
2024-12-29 04:00:00;NORTE;NORDESTE;-2265.11499999
2024-12-29 05:00:00;NORTE;NORDESTE;-2478.28699999
2024-12-29 06:00:00;NORTE;NORDESTE;-3494.356
2024-12-29 07:00:00;NORTE;NORDESTE;-3420.555
2024-12-29 08:00:00;NORTE;NORDESTE;-2776.097
2024-12-29 09:00:00;NORTE;NORDESTE;-1940.459
2024-12-29 10:00:00;NORTE;NORDESTE;-1383.468
2024-12-29 11:00:00;NORTE;NORDESTE;-1343.003
2024-12-29 12:00:00;NORTE;NORDESTE;-1351.848
2024-12-29 13:00:00;NORTE;NORDESTE;-1646.724
2024-12-29 14:00:00;NORTE;NORDESTE;-2209.088
2024-12-29 15:00:00;NORTE;NORDESTE;-1793.69699999
2024-12-29 16:00:00;NORTE;NORDESTE;-1198.433
2024-12-29 17:00:00;NORTE;NORDESTE;-746.89
2024-12-29 18:00:00;NORTE;NORDESTE;-127.957
2024-12-29 19:00:00;NORTE;NORDESTE;-196.40199999
2024-12-29 20:00:00;NORTE;NORDESTE;-554.996
2024-12-29 21:00:00;NORTE;NORDESTE;-336.546
2024-12-29 22:00:00;NORTE;NORDESTE;-101.472
2024-12-29 23:00:00;NORTE;NORDESTE;-506.921
2024-12-30 00:00:00;NORTE;NORDESTE;-1067.824
2024-12-30 01:00:00;NORTE;NORDESTE;-1586.012
2024-12-30 02:00:00;NORTE;NORDESTE;-1670.426
2024-12-30 03:00:00;NORTE;NORDESTE;-1510.605
2024-12-30 04:00:00;NORTE;NORDESTE;-1344.749
2024-12-30 05:00:00;NORTE;NORDESTE;-1458.746
2024-12-30 06:00:00;NORTE;NORDESTE;-2459.811
2024-12-30 07:00:00;NORTE;NORDESTE;-2503.098
2024-12-30 08:00:00;NORTE;NORDESTE;-2275.636
2024-12-30 09:00:00;NORTE;NORDESTE;-2224.194
2024-12-30 10:00:00;NORTE;NORDESTE;-1718.311
2024-12-30 11:00:00;NORTE;NORDESTE;-1662.522
2024-12-30 12:00:00;NORTE;NORDESTE;-1990.851
2024-12-30 13:00:00;NORTE;NORDESTE;-2341.28699999
2024-12-30 14:00:00;NORTE;NORDESTE;-2001.29
2024-12-30 15:00:00;NORTE;NORDESTE;-1735.114
2024-12-30 16:00:00;NORTE;NORDESTE;-769.975
2024-12-30 17:00:00;NORTE;NORDESTE;82.33799999
2024-12-30 18:00:00;NORTE;NORDESTE;596.355
2024-12-30 19:00:00;NORTE;NORDESTE;481.018
2024-12-30 20:00:00;NORTE;NORDESTE;161.572
2024-12-30 21:00:00;NORTE;NORDESTE;206.241
2024-12-30 22:00:00;NORTE;NORDESTE;425.145
2024-12-30 23:00:00;NORTE;NORDESTE;449.494
2024-12-31 00:00:00;NORTE;NORDESTE;419.498
2024-12-31 01:00:00;NORTE;NORDESTE;40.379
2024-12-31 02:00:00;NORTE;NORDESTE;-123.047
2024-12-31 03:00:00;NORTE;NORDESTE;258.264
2024-12-31 04:00:00;NORTE;NORDESTE;480.856
2024-12-31 05:00:00;NORTE;NORDESTE;-230.184
2024-12-31 06:00:00;NORTE;NORDESTE;-1674.744
2024-12-31 07:00:00;NORTE;NORDESTE;-2657.196
2024-12-31 08:00:00;NORTE;NORDESTE;-2412.89
2024-12-31 09:00:00;NORTE;NORDESTE;-2354.534
2024-12-31 10:00:00;NORTE;NORDESTE;-2065.942
2024-12-31 11:00:00;NORTE;NORDESTE;-1989.238
2024-12-31 12:00:00;NORTE;NORDESTE;-2051.252
2024-12-31 13:00:00;NORTE;NORDESTE;-2664.886
2024-12-31 14:00:00;NORTE;NORDESTE;-3242.977
2024-12-31 15:00:00;NORTE;NORDESTE;-3048.583
2024-12-31 16:00:00;NORTE;NORDESTE;-1900.641
2024-12-31 17:00:00;NORTE;NORDESTE;-43.71
2024-12-31 18:00:00;NORTE;NORDESTE;919.632
2024-12-31 19:00:00;NORTE;NORDESTE;83.147
2024-12-31 20:00:00;NORTE;NORDESTE;-1051.867
2024-12-31 21:00:00;NORTE;NORDESTE;-1647.136
2024-12-31 22:00:00;NORTE;NORDESTE;-1895.992
2024-12-31 23:00:00;NORTE;NORDESTE;-1834.942
2025-01-01 00:00:00;NORTE;NORDESTE;-1606.789
2025-01-01 01:00:00;NORTE;NORDESTE;-1558.713
2025-01-01 02:00:00;NORTE;NORDESTE;-1791.762
2025-01-01 03:00:00;NORTE;NORDESTE;-1750.137
2025-01-01 04:00:00;NORTE;NORDESTE;-1921.347
2025-01-01 05:00:00;NORTE;NORDESTE;-2512.007
2025-01-01 06:00:00;NORTE;NORDESTE;-2974.714
2025-01-01 07:00:00;NORTE;NORDESTE;-2864.479
2025-01-01 08:00:00;NORTE;NORDESTE;-2125.475
2025-01-01 09:00:00;NORTE;NORDESTE;-1199.51
2025-01-01 10:00:00;NORTE;NORDESTE;-711.968
2025-01-01 11:00:00;NORTE;NORDESTE;-772.919
2025-01-01 12:00:00;NORTE;NORDESTE;-924.687
2025-01-01 13:00:00;NORTE;NORDESTE;-1109.106
2025-01-01 14:00:00;NORTE;NORDESTE;-1660.052
2025-01-01 15:00:00;NORTE;NORDESTE;-2307.156
2025-01-01 16:00:00;NORTE;NORDESTE;-2469.51899999
2025-01-01 17:00:00;NORTE;NORDESTE;-1376.57
2025-01-01 18:00:00;NORTE;NORDESTE;-814.796
2025-01-01 19:00:00;NORTE;NORDESTE;-1341.925
2025-01-01 20:00:00;NORTE;NORDESTE;-1325.7
2025-01-01 21:00:00;NORTE;NORDESTE;-802.399
2025-01-01 22:00:00;NORTE;NORDESTE;-758.265
2025-01-01 23:00:00;NORTE;NORDESTE;-769.698
2025-01-02 00:00:00;NORTE;NORDESTE;-785.049
2025-01-02 01:00:00;NORTE;NORDESTE;-975.44
2025-01-02 02:00:00;NORTE;NORDESTE;-1611.69
2025-01-02 03:00:00;NORTE;NORDESTE;-1810.572
2025-01-02 04:00:00;NORTE;NORDESTE;-1664.739
2025-01-02 05:00:00;NORTE;NORDESTE;-2088.54599999
2025-01-02 06:00:00;NORTE;NORDESTE;-3107.131
2025-01-02 07:00:00;NORTE;NORDESTE;-3833.317
2025-01-02 08:00:00;NORTE;NORDESTE;-3838.695
2025-01-02 09:00:00;NORTE;NORDESTE;-3207.852
2025-01-02 10:00:00;NORTE;NORDESTE;-3062.668
2025-01-02 11:00:00;NORTE;NORDESTE;-2763.158
2025-01-02 12:00:00;NORTE;NORDESTE;-2628.192
2025-01-02 13:00:00;NORTE;NORDESTE;-2587.464
2025-01-02 14:00:00;NORTE;NORDESTE;-2306.567
2025-01-02 15:00:00;NORTE;NORDESTE;-2028.775
2025-01-02 16:00:00;NORTE;NORDESTE;-1281.085
2025-01-02 17:00:00;NORTE;NORDESTE;-65.932
2025-01-02 18:00:00;NORTE;NORDESTE;252.28
2025-01-02 19:00:00;NORTE;NORDESTE;-705.782
2025-01-02 20:00:00;NORTE;NORDESTE;-954.859
2025-01-02 21:00:00;NORTE;NORDESTE;-1004.98
2025-01-02 22:00:00;NORTE;NORDESTE;-843.796
2025-01-02 23:00:00;NORTE;NORDESTE;-692.027
2025-01-03 00:00:00;NORTE;NORDESTE;-777.889
2025-01-03 01:00:00;NORTE;NORDESTE;-1104.604
2025-01-03 02:00:00;NORTE;NORDESTE;-1484.022
2025-01-03 03:00:00;NORTE;NORDESTE;-1486.527
2025-01-03 04:00:00;NORTE;NORDESTE;-1365.721
2025-01-03 05:00:00;NORTE;NORDESTE;-1647.409
2025-01-03 06:00:00;NORTE;NORDESTE;-2533.261
2025-01-03 07:00:00;NORTE;NORDESTE;-3921.573
2025-01-03 08:00:00;NORTE;NORDESTE;-4438.08
2025-01-03 09:00:00;NORTE;NORDESTE;-4100.548
2025-01-03 10:00:00;NORTE;NORDESTE;-3572.512
2025-01-03 11:00:00;NORTE;NORDESTE;-3218.608
2025-01-03 12:00:00;NORTE;NORDESTE;-3022.149
2025-01-03 13:00:00;NORTE;NORDESTE;-2610.766
2025-01-03 14:00:00;NORTE;NORDESTE;-2139.463
2025-01-03 15:00:00;NORTE;NORDESTE;-1548.56
2025-01-03 16:00:00;NORTE;NORDESTE;-451.367
2025-01-03 17:00:00;NORTE;NORDESTE;176.905
2025-01-03 18:00:00;NORTE;NORDESTE;364.517
2025-01-03 19:00:00;NORTE;NORDESTE;-275.838
2025-01-03 20:00:00;NORTE;NORDESTE;-147.627
2025-01-03 21:00:00;NORTE;NORDESTE;-201.669
2025-01-03 22:00:00;NORTE;NORDESTE;-182.13
2025-01-03 23:00:00;NORTE;NORDESTE;-161.085
2025-01-04 00:00:00;NORTE;NORDESTE;403.213
2025-01-04 01:00:00;NORTE;NORDESTE;607.352
2025-01-04 02:00:00;NORTE;NORDESTE;719.307
2025-01-04 03:00:00;NORTE;NORDESTE;670.279
2025-01-04 04:00:00;NORTE;NORDESTE;647.62699999
2025-01-04 05:00:00;NORTE;NORDESTE;722.01
2025-01-04 06:00:00;NORTE;NORDESTE;83.247
2025-01-04 07:00:00;NORTE;NORDESTE;-2061.746
2025-01-04 08:00:00;NORTE;NORDESTE;-3057.364
2025-01-04 09:00:00;NORTE;NORDESTE;-2845.426
2025-01-04 10:00:00;NORTE;NORDESTE;-3067.498
2025-01-04 11:00:00;NORTE;NORDESTE;-3337.332
2025-01-04 12:00:00;NORTE;NORDESTE;-3349.256
2025-01-04 13:00:00;NORTE;NORDESTE;-3401.514
2025-01-04 14:00:00;NORTE;NORDESTE;-3346.277
2025-01-04 15:00:00;NORTE;NORDESTE;-2603.655
2025-01-04 16:00:00;NORTE;NORDESTE;-1461.546
2025-01-04 17:00:00;NORTE;NORDESTE;-575.90599999
2025-01-04 18:00:00;NORTE;NORDESTE;-26.258
2025-01-04 19:00:00;NORTE;NORDESTE;-548.229
2025-01-04 20:00:00;NORTE;NORDESTE;-696.577
2025-01-04 21:00:00;NORTE;NORDESTE;-515.383
2025-01-04 22:00:00;NORTE;NORDESTE;-178.285
2025-01-04 23:00:00;NORTE;NORDESTE;296.678
2025-01-05 00:00:00;NORTE;NORDESTE;814.482
2025-01-05 01:00:00;NORTE;NORDESTE;1358.26
2025-01-05 02:00:00;NORTE;NORDESTE;1301.134
2025-01-05 03:00:00;NORTE;NORDESTE;1198.464
2025-01-05 04:00:00;NORTE;NORDESTE;1356.992
2025-01-05 05:00:00;NORTE;NORDESTE;685.55999999
2025-01-05 06:00:00;NORTE;NORDESTE;-1111.309
2025-01-05 07:00:00;NORTE;NORDESTE;-2381.044
2025-01-05 08:00:00;NORTE;NORDESTE;-2222.37199999
2025-01-05 09:00:00;NORTE;NORDESTE;-1760.008
2025-01-05 10:00:00;NORTE;NORDESTE;-1412.899
2025-01-05 11:00:00;NORTE;NORDESTE;-1434.554
2025-01-05 12:00:00;NORTE;NORDESTE;-1525.532
2025-01-05 13:00:00;NORTE;NORDESTE;-1855.102
2025-01-05 14:00:00;NORTE;NORDESTE;-2154.208
2025-01-05 15:00:00;NORTE;NORDESTE;-2363.492
2025-01-05 16:00:00;NORTE;NORDESTE;-1686.425
2025-01-05 17:00:00;NORTE;NORDESTE;-436.279
2025-01-05 18:00:00;NORTE;NORDESTE;832.521
2025-01-05 19:00:00;NORTE;NORDESTE;580.248
2025-01-05 20:00:00;NORTE;NORDESTE;750.072
2025-01-05 21:00:00;NORTE;NORDESTE;1075.38799999
2025-01-05 22:00:00;NORTE;NORDESTE;1159.287
2025-01-05 23:00:00;NORTE;NORDESTE;1389.711
2025-01-06 00:00:00;NORTE;NORDESTE;1649.975
2025-01-06 01:00:00;NORTE;NORDESTE;1637.911
2025-01-06 02:00:00;NORTE;NORDESTE;1509.639
2025-01-06 03:00:00;NORTE;NORDESTE;1029.795
2025-01-06 04:00:00;NORTE;NORDESTE;1009.546
2025-01-06 05:00:00;NORTE;NORDESTE;938.98
2025-01-06 06:00:00;NORTE;NORDESTE;214.765
2025-01-06 07:00:00;NORTE;NORDESTE;-1493.54
2025-01-06 08:00:00;NORTE;NORDESTE;-2590.131
2025-01-06 09:00:00;NORTE;NORDESTE;-2895.327
2025-01-06 10:00:00;NORTE;NORDESTE;-2981.835
2025-01-06 11:00:00;NORTE;NORDESTE;-3018.09
2025-01-06 12:00:00;NORTE;NORDESTE;-2818.218
2025-01-06 13:00:00;NORTE;NORDESTE;-2281.813
2025-01-06 14:00:00;NORTE;NORDESTE;-1297.769
2025-01-06 15:00:00;NORTE;NORDESTE;-209.066
2025-01-06 16:00:00;NORTE;NORDESTE;810.912
2025-01-06 17:00:00;NORTE;NORDESTE;1165.332
2025-01-06 18:00:00;NORTE;NORDESTE;1638.097
2025-01-06 19:00:00;NORTE;NORDESTE;2088.436
2025-01-06 20:00:00;NORTE;NORDESTE;2166.88
2025-01-06 21:00:00;NORTE;NORDESTE;2953.352
2025-01-06 22:00:00;NORTE;NORDESTE;3416.619
2025-01-06 23:00:00;NORTE;NORDESTE;3651.615
2025-01-07 00:00:00;NORTE;NORDESTE;3956.659
2025-01-07 01:00:00;NORTE;NORDESTE;3735.009
2025-01-07 02:00:00;NORTE;NORDESTE;3744.691
2025-01-07 03:00:00;NORTE;NORDESTE;3800.84
2025-01-07 04:00:00;NORTE;NORDESTE;3506.194
2025-01-07 05:00:00;NORTE;NORDESTE;2874.43
2025-01-07 06:00:00;NORTE;NORDESTE;2380.656
2025-01-07 07:00:00;NORTE;NORDESTE;1728.262
2025-01-07 08:00:00;NORTE;NORDESTE;627.399
2025-01-07 09:00:00;NORTE;NORDESTE;-115.892
2025-01-07 10:00:00;NORTE;NORDESTE;-434.789
2025-01-07 11:00:00;NORTE;NORDESTE;-573.432
2025-01-07 12:00:00;NORTE;NORDESTE;-724.001
2025-01-07 13:00:00;NORTE;NORDESTE;-400.184
2025-01-07 14:00:00;NORTE;NORDESTE;-105.264
2025-01-07 15:00:00;NORTE;NORDESTE;-218.395
2025-01-07 16:00:00;NORTE;NORDESTE;605.54
2025-01-07 17:00:00;NORTE;NORDESTE;836.801
2025-01-07 18:00:00;NORTE;NORDESTE;731.513
2025-01-07 19:00:00;NORTE;NORDESTE;1233.969
2025-01-07 20:00:00;NORTE;NORDESTE;1788.541
2025-01-07 21:00:00;NORTE;NORDESTE;2176.993
2025-01-07 22:00:00;NORTE;NORDESTE;2554.597
2025-01-07 23:00:00;NORTE;NORDESTE;3280.738
2025-01-08 00:00:00;NORTE;NORDESTE;3522.64
2025-01-08 01:00:00;NORTE;NORDESTE;3514.922
2025-01-08 02:00:00;NORTE;NORDESTE;3126.616
2025-01-08 03:00:00;NORTE;NORDESTE;3074.016
2025-01-08 04:00:00;NORTE;NORDESTE;3058.58
2025-01-08 05:00:00;NORTE;NORDESTE;2882.241
2025-01-08 06:00:00;NORTE;NORDESTE;2403.439
2025-01-08 07:00:00;NORTE;NORDESTE;1707.237
2025-01-08 08:00:00;NORTE;NORDESTE;1346.809
2025-01-08 09:00:00;NORTE;NORDESTE;810.02
2025-01-08 10:00:00;NORTE;NORDESTE;840.053
2025-01-08 11:00:00;NORTE;NORDESTE;502.477
2025-01-08 12:00:00;NORTE;NORDESTE;251.393
2025-01-08 13:00:00;NORTE;NORDESTE;821.701
2025-01-08 14:00:00;NORTE;NORDESTE;1036.843
2025-01-08 15:00:00;NORTE;NORDESTE;1391.793
2025-01-08 16:00:00;NORTE;NORDESTE;1944.264
2025-01-08 17:00:00;NORTE;NORDESTE;2202.15
2025-01-08 18:00:00;NORTE;NORDESTE;2717.149
2025-01-08 19:00:00;NORTE;NORDESTE;2563.848
2025-01-08 20:00:00;NORTE;NORDESTE;2587.207
2025-01-08 21:00:00;NORTE;NORDESTE;3124.474
2025-01-08 22:00:00;NORTE;NORDESTE;3812.532
2025-01-08 23:00:00;NORTE;NORDESTE;4476.166
2025-01-09 00:00:00;NORTE;NORDESTE;4616.829
2025-01-09 01:00:00;NORTE;NORDESTE;4379.25
2025-01-09 02:00:00;NORTE;NORDESTE;4098.86399999
2025-01-09 03:00:00;NORTE;NORDESTE;3768.742
2025-01-09 04:00:00;NORTE;NORDESTE;3571.672
2025-01-09 05:00:00;NORTE;NORDESTE;3462.323
2025-01-09 06:00:00;NORTE;NORDESTE;3272.825
2025-01-09 07:00:00;NORTE;NORDESTE;2242.155
2025-01-09 08:00:00;NORTE;NORDESTE;1133.396
2025-01-09 09:00:00;NORTE;NORDESTE;838.441
2025-01-09 10:00:00;NORTE;NORDESTE;-145.234
2025-01-09 11:00:00;NORTE;NORDESTE;-1030.988
2025-01-09 12:00:00;NORTE;NORDESTE;-1607.337
2025-01-09 13:00:00;NORTE;NORDESTE;-825.313
2025-01-09 14:00:00;NORTE;NORDESTE;224.584
2025-01-09 15:00:00;NORTE;NORDESTE;631.634
2025-01-09 16:00:00;NORTE;NORDESTE;843.255
2025-01-09 17:00:00;NORTE;NORDESTE;1086.169
2025-01-09 18:00:00;NORTE;NORDESTE;2498.99699999
2025-01-09 19:00:00;NORTE;NORDESTE;2869.691
2025-01-09 20:00:00;NORTE;NORDESTE;3346.772
2025-01-09 21:00:00;NORTE;NORDESTE;3757.492
2025-01-09 22:00:00;NORTE;NORDESTE;4115.594
2025-01-09 23:00:00;NORTE;NORDESTE;4335.478
2025-01-10 00:00:00;NORTE;NORDESTE;4179.396
2025-01-10 01:00:00;NORTE;NORDESTE;4384.237
2025-01-10 02:00:00;NORTE;NORDESTE;4561.895
2025-01-10 03:00:00;NORTE;NORDESTE;4645.064
2025-01-10 04:00:00;NORTE;NORDESTE;4716.415
2025-01-10 05:00:00;NORTE;NORDESTE;4510.83
2025-01-10 06:00:00;NORTE;NORDESTE;3776.531
2025-01-10 07:00:00;NORTE;NORDESTE;2989.043
2025-01-10 08:00:00;NORTE;NORDESTE;1963.222
2025-01-10 09:00:00;NORTE;NORDESTE;819.974
2025-01-10 10:00:00;NORTE;NORDESTE;51.595
2025-01-10 11:00:00;NORTE;NORDESTE;-499.941
2025-01-10 12:00:00;NORTE;NORDESTE;-851.794
2025-01-10 13:00:00;NORTE;NORDESTE;-634.902
2025-01-10 14:00:00;NORTE;NORDESTE;-394.11
2025-01-10 15:00:00;NORTE;NORDESTE;432.951
2025-01-10 16:00:00;NORTE;NORDESTE;914.101
2025-01-10 17:00:00;NORTE;NORDESTE;1382.956
2025-01-10 18:00:00;NORTE;NORDESTE;1908.359
2025-01-10 19:00:00;NORTE;NORDESTE;2775.982
2025-01-10 20:00:00;NORTE;NORDESTE;3493.727
2025-01-10 21:00:00;NORTE;NORDESTE;3791.241
2025-01-10 22:00:00;NORTE;NORDESTE;3936.595
2025-01-10 23:00:00;NORTE;NORDESTE;4220.259
2025-01-11 00:00:00;NORTE;NORDESTE;4339.249
2025-01-11 01:00:00;NORTE;NORDESTE;4197.62299999
2025-01-11 02:00:00;NORTE;NORDESTE;4171.466
2025-01-11 03:00:00;NORTE;NORDESTE;3729.451
2025-01-11 04:00:00;NORTE;NORDESTE;3928.904
2025-01-11 05:00:00;NORTE;NORDESTE;3531.27
2025-01-11 06:00:00;NORTE;NORDESTE;2881.681
2025-01-11 07:00:00;NORTE;NORDESTE;1526.178
2025-01-11 08:00:00;NORTE;NORDESTE;-226.995
2025-01-11 09:00:00;NORTE;NORDESTE;-1676.359
2025-01-11 10:00:00;NORTE;NORDESTE;-2745.455
2025-01-11 11:00:00;NORTE;NORDESTE;-3094.38
2025-01-11 12:00:00;NORTE;NORDESTE;-2967.433
2025-01-11 13:00:00;NORTE;NORDESTE;-2600.078
2025-01-11 14:00:00;NORTE;NORDESTE;-2315.193
2025-01-11 15:00:00;NORTE;NORDESTE;-1850.126
2025-01-11 16:00:00;NORTE;NORDESTE;-759.761
2025-01-11 17:00:00;NORTE;NORDESTE;1290.661
2025-01-11 18:00:00;NORTE;NORDESTE;2877.223
2025-01-11 19:00:00;NORTE;NORDESTE;3713.211
2025-01-11 20:00:00;NORTE;NORDESTE;3709.491
2025-01-11 21:00:00;NORTE;NORDESTE;3541.743
2025-01-11 22:00:00;NORTE;NORDESTE;3386.407
2025-01-11 23:00:00;NORTE;NORDESTE;3515.352
2025-01-12 00:00:00;NORTE;NORDESTE;3847.196
2025-01-12 01:00:00;NORTE;NORDESTE;4121.082
2025-01-12 02:00:00;NORTE;NORDESTE;4215.091
2025-01-12 03:00:00;NORTE;NORDESTE;3883.321
2025-01-12 04:00:00;NORTE;NORDESTE;3855.949
2025-01-12 05:00:00;NORTE;NORDESTE;3428.318
2025-01-12 06:00:00;NORTE;NORDESTE;2528.491
2025-01-12 07:00:00;NORTE;NORDESTE;1258.464
2025-01-12 08:00:00;NORTE;NORDESTE;-854.551
2025-01-12 09:00:00;NORTE;NORDESTE;-1307.789
2025-01-12 10:00:00;NORTE;NORDESTE;-1344.535
2025-01-12 11:00:00;NORTE;NORDESTE;-1527.214
2025-01-12 12:00:00;NORTE;NORDESTE;-1791.197
2025-01-12 13:00:00;NORTE;NORDESTE;-1646.737
2025-01-12 14:00:00;NORTE;NORDESTE;-713.561
2025-01-12 15:00:00;NORTE;NORDESTE;-184.32
2025-01-12 16:00:00;NORTE;NORDESTE;1081.919
2025-01-12 17:00:00;NORTE;NORDESTE;2464.569
2025-01-12 18:00:00;NORTE;NORDESTE;2968.294
2025-01-12 19:00:00;NORTE;NORDESTE;2869.471
2025-01-12 20:00:00;NORTE;NORDESTE;3400.961
2025-01-12 21:00:00;NORTE;NORDESTE;3807.985
2025-01-12 22:00:00;NORTE;NORDESTE;3918.871
2025-01-12 23:00:00;NORTE;NORDESTE;3651.381
2025-01-13 00:00:00;NORTE;NORDESTE;3951.438
2025-01-13 01:00:00;NORTE;NORDESTE;3963.242
2025-01-13 02:00:00;NORTE;NORDESTE;3808.843
2025-01-13 03:00:00;NORTE;NORDESTE;3507.855
2025-01-13 04:00:00;NORTE;NORDESTE;3535.328
2025-01-13 05:00:00;NORTE;NORDESTE;3342.85
2025-01-13 06:00:00;NORTE;NORDESTE;2729.07
2025-01-13 07:00:00;NORTE;NORDESTE;2338.754
2025-01-13 08:00:00;NORTE;NORDESTE;760.337
2025-01-13 09:00:00;NORTE;NORDESTE;322.533
2025-01-13 10:00:00;NORTE;NORDESTE;418.403
2025-01-13 11:00:00;NORTE;NORDESTE;-1.339
2025-01-13 12:00:00;NORTE;NORDESTE;253.155
2025-01-13 13:00:00;NORTE;NORDESTE;726.077
2025-01-13 14:00:00;NORTE;NORDESTE;1515.409
2025-01-13 15:00:00;NORTE;NORDESTE;2749.684
2025-01-13 16:00:00;NORTE;NORDESTE;4133.403
2025-01-13 17:00:00;NORTE;NORDESTE;4566.572
2025-01-13 18:00:00;NORTE;NORDESTE;4753.076
2025-01-13 19:00:00;NORTE;NORDESTE;4705.531
2025-01-13 20:00:00;NORTE;NORDESTE;4700.524
2025-01-13 21:00:00;NORTE;NORDESTE;4782.232
2025-01-13 22:00:00;NORTE;NORDESTE;5210.787
2025-01-13 23:00:00;NORTE;NORDESTE;5289.497
2025-01-14 00:00:00;NORTE;NORDESTE;4984.99
2025-01-14 01:00:00;NORTE;NORDESTE;4994.573
2025-01-14 02:00:00;NORTE;NORDESTE;5081.136
2025-01-14 03:00:00;NORTE;NORDESTE;4969.012
2025-01-14 04:00:00;NORTE;NORDESTE;5264.146
2025-01-14 05:00:00;NORTE;NORDESTE;4990.884
2025-01-14 06:00:00;NORTE;NORDESTE;4089.773
2025-01-14 07:00:00;NORTE;NORDESTE;3409.651
2025-01-14 08:00:00;NORTE;NORDESTE;2645.59
2025-01-14 09:00:00;NORTE;NORDESTE;1626.03
2025-01-14 10:00:00;NORTE;NORDESTE;-390.764
2025-01-14 11:00:00;NORTE;NORDESTE;-893.439
2025-01-14 12:00:00;NORTE;NORDESTE;-936.792
2025-01-14 13:00:00;NORTE;NORDESTE;-215.132
2025-01-14 14:00:00;NORTE;NORDESTE;938.636
2025-01-14 15:00:00;NORTE;NORDESTE;2355.429
2025-01-14 16:00:00;NORTE;NORDESTE;3393.108
2025-01-14 17:00:00;NORTE;NORDESTE;3902.453
2025-01-14 18:00:00;NORTE;NORDESTE;3946.694
2025-01-14 19:00:00;NORTE;NORDESTE;4472.162
2025-01-14 20:00:00;NORTE;NORDESTE;4559.39999999
2025-01-14 21:00:00;NORTE;NORDESTE;4555.875
2025-01-14 22:00:00;NORTE;NORDESTE;4433.79299999
2025-01-14 23:00:00;NORTE;NORDESTE;4555.478
2025-01-15 00:00:00;NORTE;NORDESTE;4179.625
2025-01-15 01:00:00;NORTE;NORDESTE;3719.496
2025-01-15 02:00:00;NORTE;NORDESTE;3756.385
2025-01-15 03:00:00;NORTE;NORDESTE;3796.774
2025-01-15 04:00:00;NORTE;NORDESTE;3824.27
2025-01-15 05:00:00;NORTE;NORDESTE;3556.67
2025-01-15 06:00:00;NORTE;NORDESTE;3196.51
2025-01-15 07:00:00;NORTE;NORDESTE;2999.966
2025-01-15 08:00:00;NORTE;NORDESTE;2131.245
2025-01-15 09:00:00;NORTE;NORDESTE;857.3
2025-01-15 10:00:00;NORTE;NORDESTE;180.985
2025-01-15 11:00:00;NORTE;NORDESTE;-313.798
2025-01-15 12:00:00;NORTE;NORDESTE;98.978
2025-01-15 13:00:00;NORTE;NORDESTE;893.112
2025-01-15 14:00:00;NORTE;NORDESTE;1924.951
2025-01-15 15:00:00;NORTE;NORDESTE;3209.598
2025-01-15 16:00:00;NORTE;NORDESTE;4315.653
2025-01-15 17:00:00;NORTE;NORDESTE;4866.07
2025-01-15 18:00:00;NORTE;NORDESTE;5266.483
2025-01-15 19:00:00;NORTE;NORDESTE;5318.578
2025-01-15 20:00:00;NORTE;NORDESTE;5462.54299999
2025-01-15 21:00:00;NORTE;NORDESTE;5710.081
2025-01-15 22:00:00;NORTE;NORDESTE;5989.753
2025-01-15 23:00:00;NORTE;NORDESTE;5871.509
2025-01-16 00:00:00;NORTE;NORDESTE;5689.766
2025-01-16 01:00:00;NORTE;NORDESTE;5558.516
2025-01-16 02:00:00;NORTE;NORDESTE;5335.38
2025-01-16 03:00:00;NORTE;NORDESTE;4930.387
2025-01-16 04:00:00;NORTE;NORDESTE;5036.283
2025-01-16 05:00:00;NORTE;NORDESTE;4721.258
2025-01-16 06:00:00;NORTE;NORDESTE;3696.962
2025-01-16 07:00:00;NORTE;NORDESTE;2840.84
2025-01-16 08:00:00;NORTE;NORDESTE;1659.791
2025-01-16 09:00:00;NORTE;NORDESTE;969.773
2025-01-16 10:00:00;NORTE;NORDESTE;212.255
2025-01-16 11:00:00;NORTE;NORDESTE;-92.594
2025-01-16 12:00:00;NORTE;NORDESTE;-464.145
2025-01-16 13:00:00;NORTE;NORDESTE;-218.108
2025-01-16 14:00:00;NORTE;NORDESTE;-14.975
2025-01-16 15:00:00;NORTE;NORDESTE;305.44099999
2025-01-16 16:00:00;NORTE;NORDESTE;288.68599999
2025-01-16 17:00:00;NORTE;NORDESTE;625.249
2025-01-16 18:00:00;NORTE;NORDESTE;1757.717
2025-01-16 19:00:00;NORTE;NORDESTE;1754.536
2025-01-16 20:00:00;NORTE;NORDESTE;1887.567
2025-01-16 21:00:00;NORTE;NORDESTE;2152.132
2025-01-16 22:00:00;NORTE;NORDESTE;2614.856
2025-01-16 23:00:00;NORTE;NORDESTE;2655.352
2025-01-17 00:00:00;NORTE;NORDESTE;3205.585
2025-01-17 01:00:00;NORTE;NORDESTE;3477.236
2025-01-17 02:00:00;NORTE;NORDESTE;3636.286
2025-01-17 03:00:00;NORTE;NORDESTE;3507.968
2025-01-17 04:00:00;NORTE;NORDESTE;3533.946
2025-01-17 05:00:00;NORTE;NORDESTE;3249.122
2025-01-17 06:00:00;NORTE;NORDESTE;1899.495
2025-01-17 07:00:00;NORTE;NORDESTE;-105.886
2025-01-17 08:00:00;NORTE;NORDESTE;-1554.717
2025-01-17 09:00:00;NORTE;NORDESTE;-1605.433
2025-01-17 10:00:00;NORTE;NORDESTE;-1283.944
2025-01-17 11:00:00;NORTE;NORDESTE;-1538.906
2025-01-17 12:00:00;NORTE;NORDESTE;-1818.493
2025-01-17 13:00:00;NORTE;NORDESTE;-891.262
2025-01-17 14:00:00;NORTE;NORDESTE;111.487
2025-01-17 15:00:00;NORTE;NORDESTE;-101.157
2025-01-17 16:00:00;NORTE;NORDESTE;88.027
2025-01-17 17:00:00;NORTE;NORDESTE;634.553
2025-01-17 18:00:00;NORTE;NORDESTE;1273.87899999
2025-01-17 19:00:00;NORTE;NORDESTE;608.731
2025-01-17 20:00:00;NORTE;NORDESTE;-172.089
2025-01-17 21:00:00;NORTE;NORDESTE;-401.974
2025-01-17 22:00:00;NORTE;NORDESTE;-554.498
2025-01-17 23:00:00;NORTE;NORDESTE;-158.316
2025-01-18 00:00:00;NORTE;NORDESTE;605.532
2025-01-18 01:00:00;NORTE;NORDESTE;929.817
2025-01-18 02:00:00;NORTE;NORDESTE;1062.881
2025-01-18 03:00:00;NORTE;NORDESTE;851.412
2025-01-18 04:00:00;NORTE;NORDESTE;926.886
2025-01-18 05:00:00;NORTE;NORDESTE;1154.247
2025-01-18 06:00:00;NORTE;NORDESTE;-558.741
2025-01-18 07:00:00;NORTE;NORDESTE;-2856.307
2025-01-18 08:00:00;NORTE;NORDESTE;-3689.574
2025-01-18 09:00:00;NORTE;NORDESTE;-3722.652
2025-01-18 10:00:00;NORTE;NORDESTE;-3731.066
2025-01-18 11:00:00;NORTE;NORDESTE;-3147.612
2025-01-18 12:00:00;NORTE;NORDESTE;-3068.426
2025-01-18 13:00:00;NORTE;NORDESTE;-3327.258
2025-01-18 14:00:00;NORTE;NORDESTE;-3027.074
2025-01-18 15:00:00;NORTE;NORDESTE;-1944.621
2025-01-18 16:00:00;NORTE;NORDESTE;-1103.31099999
2025-01-18 17:00:00;NORTE;NORDESTE;-259.813
2025-01-18 18:00:00;NORTE;NORDESTE;1173.047
2025-01-18 19:00:00;NORTE;NORDESTE;1278.881
2025-01-18 20:00:00;NORTE;NORDESTE;1135.758
2025-01-18 21:00:00;NORTE;NORDESTE;1418.802
2025-01-18 22:00:00;NORTE;NORDESTE;2084.31
2025-01-18 23:00:00;NORTE;NORDESTE;2497.385
2025-01-19 00:00:00;NORTE;NORDESTE;3104.248
2025-01-19 01:00:00;NORTE;NORDESTE;3436.679
2025-01-19 02:00:00;NORTE;NORDESTE;3119.985
2025-01-19 03:00:00;NORTE;NORDESTE;2671.57499999
2025-01-19 04:00:00;NORTE;NORDESTE;2611.471
2025-01-19 05:00:00;NORTE;NORDESTE;2670.611
2025-01-19 06:00:00;NORTE;NORDESTE;2280.532
2025-01-19 07:00:00;NORTE;NORDESTE;1220.726
2025-01-19 08:00:00;NORTE;NORDESTE;207.47
2025-01-19 09:00:00;NORTE;NORDESTE;-599.335
2025-01-19 10:00:00;NORTE;NORDESTE;-1003.896
2025-01-19 11:00:00;NORTE;NORDESTE;-1395.151
2025-01-19 12:00:00;NORTE;NORDESTE;-1777.836
2025-01-19 13:00:00;NORTE;NORDESTE;-1553.833
2025-01-19 14:00:00;NORTE;NORDESTE;-923.49
2025-01-19 15:00:00;NORTE;NORDESTE;1237.40799999
2025-01-19 16:00:00;NORTE;NORDESTE;2100.733
2025-01-19 17:00:00;NORTE;NORDESTE;3384.723
2025-01-19 18:00:00;NORTE;NORDESTE;4185.637
2025-01-19 19:00:00;NORTE;NORDESTE;4301.845
2025-01-19 20:00:00;NORTE;NORDESTE;4302.204
2025-01-19 21:00:00;NORTE;NORDESTE;4365.829
2025-01-19 22:00:00;NORTE;NORDESTE;4805.96699999
2025-01-19 23:00:00;NORTE;NORDESTE;5069.61899999
2025-01-20 00:00:00;NORTE;NORDESTE;5170.674
2025-01-20 01:00:00;NORTE;NORDESTE;5229.287
2025-01-20 02:00:00;NORTE;NORDESTE;5228.497
2025-01-20 03:00:00;NORTE;NORDESTE;5177.652
2025-01-20 04:00:00;NORTE;NORDESTE;5204.951
2025-01-20 05:00:00;NORTE;NORDESTE;4977.014
2025-01-20 06:00:00;NORTE;NORDESTE;4103.442
2025-01-20 07:00:00;NORTE;NORDESTE;2839.616
2025-01-20 08:00:00;NORTE;NORDESTE;1825.026
2025-01-20 09:00:00;NORTE;NORDESTE;430.262
2025-01-20 10:00:00;NORTE;NORDESTE;-409.615
2025-01-20 11:00:00;NORTE;NORDESTE;-586.00199999
2025-01-20 12:00:00;NORTE;NORDESTE;-816.695
2025-01-20 13:00:00;NORTE;NORDESTE;-838.88
2025-01-20 14:00:00;NORTE;NORDESTE;-350.99
2025-01-20 15:00:00;NORTE;NORDESTE;195.098
2025-01-20 16:00:00;NORTE;NORDESTE;2040.027
2025-01-20 17:00:00;NORTE;NORDESTE;3017.486
2025-01-20 18:00:00;NORTE;NORDESTE;3296.962
2025-01-20 19:00:00;NORTE;NORDESTE;3263.812
2025-01-20 20:00:00;NORTE;NORDESTE;3178.658
2025-01-20 21:00:00;NORTE;NORDESTE;3181.855
2025-01-20 22:00:00;NORTE;NORDESTE;3307.058
2025-01-20 23:00:00;NORTE;NORDESTE;3934.716
2025-01-21 00:00:00;NORTE;NORDESTE;4798.14
2025-01-21 01:00:00;NORTE;NORDESTE;5014.161
2025-01-21 02:00:00;NORTE;NORDESTE;5151.47099999
2025-01-21 03:00:00;NORTE;NORDESTE;5180.042
2025-01-21 04:00:00;NORTE;NORDESTE;5223.017
2025-01-21 05:00:00;NORTE;NORDESTE;5075.133
2025-01-21 06:00:00;NORTE;NORDESTE;3742.488
2025-01-21 07:00:00;NORTE;NORDESTE;2002.471
2025-01-21 08:00:00;NORTE;NORDESTE;627.698
2025-01-21 09:00:00;NORTE;NORDESTE;-995.371
2025-01-21 10:00:00;NORTE;NORDESTE;-1678.321
2025-01-21 11:00:00;NORTE;NORDESTE;-1793.71
2025-01-21 12:00:00;NORTE;NORDESTE;-2017.782
2025-01-21 13:00:00;NORTE;NORDESTE;-1776.218
2025-01-21 14:00:00;NORTE;NORDESTE;-1557.246
2025-01-21 15:00:00;NORTE;NORDESTE;-972.311
2025-01-21 16:00:00;NORTE;NORDESTE;140.874
2025-01-21 17:00:00;NORTE;NORDESTE;1627.807
2025-01-21 18:00:00;NORTE;NORDESTE;2392.232
2025-01-21 19:00:00;NORTE;NORDESTE;2608.127
2025-01-21 20:00:00;NORTE;NORDESTE;2623.505
2025-01-21 21:00:00;NORTE;NORDESTE;2688.426
2025-01-21 22:00:00;NORTE;NORDESTE;2775.901
2025-01-21 23:00:00;NORTE;NORDESTE;2870.243
2025-01-22 00:00:00;NORTE;NORDESTE;3317.969
2025-01-22 01:00:00;NORTE;NORDESTE;3300.533
2025-01-22 02:00:00;NORTE;NORDESTE;3308.168
2025-01-22 03:00:00;NORTE;NORDESTE;3409.277
2025-01-22 04:00:00;NORTE;NORDESTE;3538.334
2025-01-22 05:00:00;NORTE;NORDESTE;3611.407
2025-01-22 06:00:00;NORTE;NORDESTE;2452.847
2025-01-22 07:00:00;NORTE;NORDESTE;226.78
2025-01-22 08:00:00;NORTE;NORDESTE;-280.358
2025-01-22 09:00:00;NORTE;NORDESTE;-1300.642
2025-01-22 10:00:00;NORTE;NORDESTE;-2098.396
2025-01-22 11:00:00;NORTE;NORDESTE;-2401.689
2025-01-22 12:00:00;NORTE;NORDESTE;-2526.32
2025-01-22 13:00:00;NORTE;NORDESTE;-1785.588
2025-01-22 14:00:00;NORTE;NORDESTE;-1309.31199999
2025-01-22 15:00:00;NORTE;NORDESTE;-1633.194
2025-01-22 16:00:00;NORTE;NORDESTE;-810.682
2025-01-22 17:00:00;NORTE;NORDESTE;713.23
2025-01-22 18:00:00;NORTE;NORDESTE;1734.189
2025-01-22 19:00:00;NORTE;NORDESTE;1554.728
2025-01-22 20:00:00;NORTE;NORDESTE;1455.43
2025-01-22 21:00:00;NORTE;NORDESTE;1337.281
2025-01-22 22:00:00;NORTE;NORDESTE;1624.359
2025-01-22 23:00:00;NORTE;NORDESTE;2098.976
2025-01-23 00:00:00;NORTE;NORDESTE;2330.606
2025-01-23 01:00:00;NORTE;NORDESTE;2269.659
2025-01-23 02:00:00;NORTE;NORDESTE;1966.393
2025-01-23 03:00:00;NORTE;NORDESTE;1703.681
2025-01-23 04:00:00;NORTE;NORDESTE;1264.518
2025-01-23 05:00:00;NORTE;NORDESTE;887.906
2025-01-23 06:00:00;NORTE;NORDESTE;930.488
2025-01-23 07:00:00;NORTE;NORDESTE;773.871
2025-01-23 08:00:00;NORTE;NORDESTE;537.976
2025-01-23 09:00:00;NORTE;NORDESTE;625.42999999
2025-01-23 10:00:00;NORTE;NORDESTE;796.735
2025-01-23 11:00:00;NORTE;NORDESTE;398.729
2025-01-23 12:00:00;NORTE;NORDESTE;285.23399999
2025-01-23 13:00:00;NORTE;NORDESTE;297.221
2025-01-23 14:00:00;NORTE;NORDESTE;415.062
2025-01-23 15:00:00;NORTE;NORDESTE;650.64
2025-01-23 16:00:00;NORTE;NORDESTE;1332.676
2025-01-23 17:00:00;NORTE;NORDESTE;1484.9
2025-01-23 18:00:00;NORTE;NORDESTE;2103.925
2025-01-23 19:00:00;NORTE;NORDESTE;2086.89399999
2025-01-23 20:00:00;NORTE;NORDESTE;2317.631
2025-01-23 21:00:00;NORTE;NORDESTE;2324.98999999
2025-01-23 22:00:00;NORTE;NORDESTE;2125.616
2025-01-23 23:00:00;NORTE;NORDESTE;2156.398
2025-01-24 00:00:00;NORTE;NORDESTE;1982.292
2025-01-24 01:00:00;NORTE;NORDESTE;1738.84
2025-01-24 02:00:00;NORTE;NORDESTE;1738.955
2025-01-24 03:00:00;NORTE;NORDESTE;1310.401
2025-01-24 04:00:00;NORTE;NORDESTE;1242.588
2025-01-24 05:00:00;NORTE;NORDESTE;1092.371
2025-01-24 06:00:00;NORTE;NORDESTE;266.04899999
2025-01-24 07:00:00;NORTE;NORDESTE;-11.585
2025-01-24 08:00:00;NORTE;NORDESTE;33.60499999
2025-01-24 09:00:00;NORTE;NORDESTE;153.388
2025-01-24 10:00:00;NORTE;NORDESTE;427.802
2025-01-24 11:00:00;NORTE;NORDESTE;620.052
2025-01-24 12:00:00;NORTE;NORDESTE;746.48
2025-01-24 13:00:00;NORTE;NORDESTE;1288.972
2025-01-24 14:00:00;NORTE;NORDESTE;1402.294
2025-01-24 15:00:00;NORTE;NORDESTE;1470.019
2025-01-24 16:00:00;NORTE;NORDESTE;1849.916
2025-01-24 17:00:00;NORTE;NORDESTE;2612.241
2025-01-24 18:00:00;NORTE;NORDESTE;3503.777
2025-01-24 19:00:00;NORTE;NORDESTE;3617.568
2025-01-24 20:00:00;NORTE;NORDESTE;3586.73
2025-01-24 21:00:00;NORTE;NORDESTE;3570.605
2025-01-24 22:00:00;NORTE;NORDESTE;3447.642
2025-01-24 23:00:00;NORTE;NORDESTE;3317.301
2025-01-25 00:00:00;NORTE;NORDESTE;3582.96
2025-01-25 01:00:00;NORTE;NORDESTE;3275.83
2025-01-25 02:00:00;NORTE;NORDESTE;2971.226
2025-01-25 03:00:00;NORTE;NORDESTE;2380.315
2025-01-25 04:00:00;NORTE;NORDESTE;2080.937
2025-01-25 05:00:00;NORTE;NORDESTE;1728.093
2025-01-25 06:00:00;NORTE;NORDESTE;508.391
2025-01-25 07:00:00;NORTE;NORDESTE;-495.524
2025-01-25 08:00:00;NORTE;NORDESTE;-602.171
2025-01-25 09:00:00;NORTE;NORDESTE;-484.178
2025-01-25 10:00:00;NORTE;NORDESTE;-386.315
2025-01-25 11:00:00;NORTE;NORDESTE;-334.123
2025-01-25 12:00:00;NORTE;NORDESTE;-443.724
2025-01-25 13:00:00;NORTE;NORDESTE;-817.045
2025-01-25 14:00:00;NORTE;NORDESTE;-1073.338
2025-01-25 15:00:00;NORTE;NORDESTE;-859.761
2025-01-25 16:00:00;NORTE;NORDESTE;88.293
2025-01-25 17:00:00;NORTE;NORDESTE;1416.952
2025-01-25 18:00:00;NORTE;NORDESTE;2109.226
2025-01-25 19:00:00;NORTE;NORDESTE;2285.091
2025-01-25 20:00:00;NORTE;NORDESTE;1937.159
2025-01-25 21:00:00;NORTE;NORDESTE;1430.767
2025-01-25 22:00:00;NORTE;NORDESTE;1344.39799999
2025-01-25 23:00:00;NORTE;NORDESTE;1422.876
2025-01-26 00:00:00;NORTE;NORDESTE;912.779
2025-01-26 01:00:00;NORTE;NORDESTE;815.219
2025-01-26 02:00:00;NORTE;NORDESTE;574.145
2025-01-26 03:00:00;NORTE;NORDESTE;425.594
2025-01-26 04:00:00;NORTE;NORDESTE;247.455
2025-01-26 05:00:00;NORTE;NORDESTE;51.849
2025-01-26 06:00:00;NORTE;NORDESTE;-1253.428
2025-01-26 07:00:00;NORTE;NORDESTE;-2419.183
2025-01-26 08:00:00;NORTE;NORDESTE;-2591.18199999
2025-01-26 09:00:00;NORTE;NORDESTE;-2308.541
2025-01-26 10:00:00;NORTE;NORDESTE;-1713.876
2025-01-26 11:00:00;NORTE;NORDESTE;-1485.175
2025-01-26 12:00:00;NORTE;NORDESTE;-1540.808
2025-01-26 13:00:00;NORTE;NORDESTE;-1941.673
2025-01-26 14:00:00;NORTE;NORDESTE;-2128.37399999
2025-01-26 15:00:00;NORTE;NORDESTE;-1516.116
2025-01-26 16:00:00;NORTE;NORDESTE;106.229
2025-01-26 17:00:00;NORTE;NORDESTE;1927.232
2025-01-26 18:00:00;NORTE;NORDESTE;2932.721
2025-01-26 19:00:00;NORTE;NORDESTE;2470.39
2025-01-26 20:00:00;NORTE;NORDESTE;2020.649
2025-01-26 21:00:00;NORTE;NORDESTE;1866.561
2025-01-26 22:00:00;NORTE;NORDESTE;1549.249
2025-01-26 23:00:00;NORTE;NORDESTE;1418.874
2025-01-27 00:00:00;NORTE;NORDESTE;1483.896
2025-01-27 01:00:00;NORTE;NORDESTE;1305.05
2025-01-27 02:00:00;NORTE;NORDESTE;913.686
2025-01-27 03:00:00;NORTE;NORDESTE;988.189
2025-01-27 04:00:00;NORTE;NORDESTE;1110.635
2025-01-27 05:00:00;NORTE;NORDESTE;1103.551
2025-01-27 06:00:00;NORTE;NORDESTE;418.407
2025-01-27 07:00:00;NORTE;NORDESTE;195.563
2025-01-27 08:00:00;NORTE;NORDESTE;-11.864
2025-01-27 09:00:00;NORTE;NORDESTE;48.637
2025-01-27 10:00:00;NORTE;NORDESTE;109.845
2025-01-27 11:00:00;NORTE;NORDESTE;-117.31
2025-01-27 12:00:00;NORTE;NORDESTE;-26.548
2025-01-27 13:00:00;NORTE;NORDESTE;-13.465
2025-01-27 14:00:00;NORTE;NORDESTE;-361.282
2025-01-27 15:00:00;NORTE;NORDESTE;376.25
2025-01-27 16:00:00;NORTE;NORDESTE;1736.544
2025-01-27 17:00:00;NORTE;NORDESTE;2873.075
2025-01-27 18:00:00;NORTE;NORDESTE;3438.471
2025-01-27 19:00:00;NORTE;NORDESTE;3695.325
2025-01-27 20:00:00;NORTE;NORDESTE;3817.94
2025-01-27 21:00:00;NORTE;NORDESTE;4023.149
2025-01-27 22:00:00;NORTE;NORDESTE;4295.42
2025-01-27 23:00:00;NORTE;NORDESTE;4435.921
2025-01-28 00:00:00;NORTE;NORDESTE;4495.173
2025-01-28 01:00:00;NORTE;NORDESTE;4765.443
2025-01-28 02:00:00;NORTE;NORDESTE;4726.23499999
2025-01-28 03:00:00;NORTE;NORDESTE;4667.72
2025-01-28 04:00:00;NORTE;NORDESTE;4791.988
2025-01-28 05:00:00;NORTE;NORDESTE;4517.388
2025-01-28 06:00:00;NORTE;NORDESTE;3081.957
2025-01-28 07:00:00;NORTE;NORDESTE;364.059
2025-01-28 08:00:00;NORTE;NORDESTE;-503.627
2025-01-28 09:00:00;NORTE;NORDESTE;-418.808
2025-01-28 10:00:00;NORTE;NORDESTE;-459.759
2025-01-28 11:00:00;NORTE;NORDESTE;-467.63
2025-01-28 12:00:00;NORTE;NORDESTE;-345.531
2025-01-28 13:00:00;NORTE;NORDESTE;-467.85
2025-01-28 14:00:00;NORTE;NORDESTE;-696.338
2025-01-28 15:00:00;NORTE;NORDESTE;-255.354
2025-01-28 16:00:00;NORTE;NORDESTE;2203.61
2025-01-28 17:00:00;NORTE;NORDESTE;3994.523
2025-01-28 18:00:00;NORTE;NORDESTE;4145.167
2025-01-28 19:00:00;NORTE;NORDESTE;3958.287
2025-01-28 20:00:00;NORTE;NORDESTE;3503.582
2025-01-28 21:00:00;NORTE;NORDESTE;3754.639
2025-01-28 22:00:00;NORTE;NORDESTE;3707.256
2025-01-28 23:00:00;NORTE;NORDESTE;3761.98
2025-01-29 00:00:00;NORTE;NORDESTE;4052.19
2025-01-29 01:00:00;NORTE;NORDESTE;3756.392
2025-01-29 02:00:00;NORTE;NORDESTE;3499.751
2025-01-29 03:00:00;NORTE;NORDESTE;2940.252
2025-01-29 04:00:00;NORTE;NORDESTE;1919.411
2025-01-29 05:00:00;NORTE;NORDESTE;1932.562
2025-01-29 06:00:00;NORTE;NORDESTE;1446.494
2025-01-29 07:00:00;NORTE;NORDESTE;-157.90799999
2025-01-29 08:00:00;NORTE;NORDESTE;-776.334
2025-01-29 09:00:00;NORTE;NORDESTE;-973.767
2025-01-29 10:00:00;NORTE;NORDESTE;-779.086
2025-01-29 11:00:00;NORTE;NORDESTE;-953.61
2025-01-29 12:00:00;NORTE;NORDESTE;-1009.278
2025-01-29 13:00:00;NORTE;NORDESTE;-962.978
2025-01-29 14:00:00;NORTE;NORDESTE;-640.962
2025-01-29 15:00:00;NORTE;NORDESTE;396.96
2025-01-29 16:00:00;NORTE;NORDESTE;2447.32499999
2025-01-29 17:00:00;NORTE;NORDESTE;3480.164
2025-01-29 18:00:00;NORTE;NORDESTE;3701.411
2025-01-29 19:00:00;NORTE;NORDESTE;3359.652
2025-01-29 20:00:00;NORTE;NORDESTE;2607.86
2025-01-29 21:00:00;NORTE;NORDESTE;2689.942
2025-01-29 22:00:00;NORTE;NORDESTE;3086.791
2025-01-29 23:00:00;NORTE;NORDESTE;2786.766
2025-01-30 00:00:00;NORTE;NORDESTE;2499.376
2025-01-30 01:00:00;NORTE;NORDESTE;2874.055
2025-01-30 02:00:00;NORTE;NORDESTE;3099.432
2025-01-30 03:00:00;NORTE;NORDESTE;2915.221
2025-01-30 04:00:00;NORTE;NORDESTE;2490.609
2025-01-30 05:00:00;NORTE;NORDESTE;1625.989
2025-01-30 06:00:00;NORTE;NORDESTE;921.115
2025-01-30 07:00:00;NORTE;NORDESTE;534.342
2025-01-30 08:00:00;NORTE;NORDESTE;-58.552
2025-01-30 09:00:00;NORTE;NORDESTE;-632.74699999
2025-01-30 10:00:00;NORTE;NORDESTE;-530.248
2025-01-30 11:00:00;NORTE;NORDESTE;-554.785
2025-01-30 12:00:00;NORTE;NORDESTE;-504.769
2025-01-30 13:00:00;NORTE;NORDESTE;-800.947
2025-01-30 14:00:00;NORTE;NORDESTE;-421.027
2025-01-30 15:00:00;NORTE;NORDESTE;565.609
2025-01-30 16:00:00;NORTE;NORDESTE;1846.089
2025-01-30 17:00:00;NORTE;NORDESTE;3143.631
2025-01-30 18:00:00;NORTE;NORDESTE;3333.835
2025-01-30 19:00:00;NORTE;NORDESTE;2572.8
2025-01-30 20:00:00;NORTE;NORDESTE;2027.81
2025-01-30 21:00:00;NORTE;NORDESTE;2100.064
2025-01-30 22:00:00;NORTE;NORDESTE;2087.545
2025-01-30 23:00:00;NORTE;NORDESTE;2555.21799999
2025-01-31 00:00:00;NORTE;NORDESTE;2829.115
2025-01-31 01:00:00;NORTE;NORDESTE;2785.325
2025-01-31 02:00:00;NORTE;NORDESTE;1812.999
2025-01-31 03:00:00;NORTE;NORDESTE;1646.836
2025-01-31 04:00:00;NORTE;NORDESTE;1205.21499999
2025-01-31 05:00:00;NORTE;NORDESTE;886.027
2025-01-31 06:00:00;NORTE;NORDESTE;896.954
2025-01-31 07:00:00;NORTE;NORDESTE;676.466
2025-01-31 08:00:00;NORTE;NORDESTE;65.578
2025-01-31 09:00:00;NORTE;NORDESTE;-400.447
2025-01-31 10:00:00;NORTE;NORDESTE;-528.011
2025-01-31 11:00:00;NORTE;NORDESTE;-664.114
2025-01-31 12:00:00;NORTE;NORDESTE;-618.909
2025-01-31 13:00:00;NORTE;NORDESTE;-508.801
2025-01-31 14:00:00;NORTE;NORDESTE;-789.301
2025-01-31 15:00:00;NORTE;NORDESTE;-176.43
2025-01-31 16:00:00;NORTE;NORDESTE;1236.641
2025-01-31 17:00:00;NORTE;NORDESTE;2248.981
2025-01-31 18:00:00;NORTE;NORDESTE;2223.324
2025-01-31 19:00:00;NORTE;NORDESTE;1305.557
2025-01-31 20:00:00;NORTE;NORDESTE;909.263
2025-01-31 21:00:00;NORTE;NORDESTE;1041.65799999
2025-01-31 22:00:00;NORTE;NORDESTE;1030.537
2025-01-31 23:00:00;NORTE;NORDESTE;1126.96599999
2025-02-01 00:00:00;NORTE;NORDESTE;1071.805
2025-02-01 01:00:00;NORTE;NORDESTE;1197.59099999
2025-02-01 02:00:00;NORTE;NORDESTE;1089.03299999
2025-02-01 03:00:00;NORTE;NORDESTE;386.177
2025-02-01 04:00:00;NORTE;NORDESTE;116.755
2025-02-01 05:00:00;NORTE;NORDESTE;103.566
2025-02-01 06:00:00;NORTE;NORDESTE;-210.576
2025-02-01 07:00:00;NORTE;NORDESTE;-1096.87899999
2025-02-01 08:00:00;NORTE;NORDESTE;-2070.335
2025-02-01 09:00:00;NORTE;NORDESTE;-1974.02
2025-02-01 10:00:00;NORTE;NORDESTE;-2252.417
2025-02-01 11:00:00;NORTE;NORDESTE;-2581.522
2025-02-01 12:00:00;NORTE;NORDESTE;-2554.282
2025-02-01 13:00:00;NORTE;NORDESTE;-2301.617
2025-02-01 14:00:00;NORTE;NORDESTE;-2393.75799999
2025-02-01 15:00:00;NORTE;NORDESTE;-2229.149
2025-02-01 16:00:00;NORTE;NORDESTE;-1995.137
2025-02-01 17:00:00;NORTE;NORDESTE;-392.052
2025-02-01 18:00:00;NORTE;NORDESTE;556.52599999
2025-02-01 19:00:00;NORTE;NORDESTE;407.764
2025-02-01 20:00:00;NORTE;NORDESTE;-400.725
2025-02-01 21:00:00;NORTE;NORDESTE;-614.616
2025-02-01 22:00:00;NORTE;NORDESTE;-667.442
2025-02-01 23:00:00;NORTE;NORDESTE;-216.641
2025-02-02 00:00:00;NORTE;NORDESTE;-386.657
2025-02-02 01:00:00;NORTE;NORDESTE;-329.62599999
2025-02-02 02:00:00;NORTE;NORDESTE;-333.583
2025-02-02 03:00:00;NORTE;NORDESTE;-313.85199999
2025-02-02 04:00:00;NORTE;NORDESTE;-237.909
2025-02-02 05:00:00;NORTE;NORDESTE;-278.225
2025-02-02 06:00:00;NORTE;NORDESTE;-1071.354
2025-02-02 07:00:00;NORTE;NORDESTE;-2723.857
2025-02-02 08:00:00;NORTE;NORDESTE;-3299.954
2025-02-02 09:00:00;NORTE;NORDESTE;-2765.71
2025-02-02 10:00:00;NORTE;NORDESTE;-2402.498
2025-02-02 11:00:00;NORTE;NORDESTE;-2689.927
2025-02-02 12:00:00;NORTE;NORDESTE;-3325.394
2025-02-02 13:00:00;NORTE;NORDESTE;-3501.117
2025-02-02 14:00:00;NORTE;NORDESTE;-3566.502
2025-02-02 15:00:00;NORTE;NORDESTE;-2958.62
2025-02-02 16:00:00;NORTE;NORDESTE;-1877.555
2025-02-02 17:00:00;NORTE;NORDESTE;355.125
2025-02-02 18:00:00;NORTE;NORDESTE;1416.976
2025-02-02 19:00:00;NORTE;NORDESTE;958.715
2025-02-02 20:00:00;NORTE;NORDESTE;614.466
2025-02-02 21:00:00;NORTE;NORDESTE;197.952
2025-02-02 22:00:00;NORTE;NORDESTE;266.35
2025-02-02 23:00:00;NORTE;NORDESTE;201.708
2025-02-03 00:00:00;NORTE;NORDESTE;8.906
2025-02-03 01:00:00;NORTE;NORDESTE;-105.52
2025-02-03 02:00:00;NORTE;NORDESTE;752.291
2025-02-03 03:00:00;NORTE;NORDESTE;779.927
2025-02-03 04:00:00;NORTE;NORDESTE;687.958
2025-02-03 05:00:00;NORTE;NORDESTE;507.801
2025-02-03 06:00:00;NORTE;NORDESTE;235.051
2025-02-03 07:00:00;NORTE;NORDESTE;-857.621
2025-02-03 08:00:00;NORTE;NORDESTE;-501.885
2025-02-03 09:00:00;NORTE;NORDESTE;-167.53899999
2025-02-03 10:00:00;NORTE;NORDESTE;74.006
2025-02-03 11:00:00;NORTE;NORDESTE;221.734
2025-02-03 12:00:00;NORTE;NORDESTE;86.888
2025-02-03 13:00:00;NORTE;NORDESTE;665.743
2025-02-03 14:00:00;NORTE;NORDESTE;1034.13799999
2025-02-03 15:00:00;NORTE;NORDESTE;1436.274
2025-02-03 16:00:00;NORTE;NORDESTE;1360.35899999
2025-02-03 17:00:00;NORTE;NORDESTE;1839.437
2025-02-03 18:00:00;NORTE;NORDESTE;2126.344
2025-02-03 19:00:00;NORTE;NORDESTE;1866.47
2025-02-03 20:00:00;NORTE;NORDESTE;1953.376
2025-02-03 21:00:00;NORTE;NORDESTE;2116.924
2025-02-03 22:00:00;NORTE;NORDESTE;1465.06
2025-02-03 23:00:00;NORTE;NORDESTE;1326.932
2025-02-04 00:00:00;NORTE;NORDESTE;831.538
2025-02-04 01:00:00;NORTE;NORDESTE;944.848
2025-02-04 02:00:00;NORTE;NORDESTE;963.728
2025-02-04 03:00:00;NORTE;NORDESTE;1080.325
2025-02-04 04:00:00;NORTE;NORDESTE;1274.397
2025-02-04 05:00:00;NORTE;NORDESTE;1117.36999999
2025-02-04 06:00:00;NORTE;NORDESTE;-21.632
2025-02-04 07:00:00;NORTE;NORDESTE;-526.568
2025-02-04 08:00:00;NORTE;NORDESTE;-465.248
2025-02-04 09:00:00;NORTE;NORDESTE;-238.502
2025-02-04 10:00:00;NORTE;NORDESTE;-64.851
2025-02-04 11:00:00;NORTE;NORDESTE;-14.114
2025-02-04 12:00:00;NORTE;NORDESTE;-651.033
2025-02-04 13:00:00;NORTE;NORDESTE;-343.906
2025-02-04 14:00:00;NORTE;NORDESTE;-86.103
2025-02-04 15:00:00;NORTE;NORDESTE;-0.544
2025-02-04 16:00:00;NORTE;NORDESTE;645.552
2025-02-04 17:00:00;NORTE;NORDESTE;973.167
2025-02-04 18:00:00;NORTE;NORDESTE;1510.478
2025-02-04 19:00:00;NORTE;NORDESTE;1486.57
2025-02-04 20:00:00;NORTE;NORDESTE;1162.99499999
2025-02-04 21:00:00;NORTE;NORDESTE;1137.305
2025-02-04 22:00:00;NORTE;NORDESTE;1026.892
2025-02-04 23:00:00;NORTE;NORDESTE;1113.048
2025-02-05 00:00:00;NORTE;NORDESTE;1095.531
2025-02-05 01:00:00;NORTE;NORDESTE;899.853
2025-02-05 02:00:00;NORTE;NORDESTE;985.302
2025-02-05 03:00:00;NORTE;NORDESTE;749.065
2025-02-05 04:00:00;NORTE;NORDESTE;965.966
2025-02-05 05:00:00;NORTE;NORDESTE;1239.33
2025-02-05 06:00:00;NORTE;NORDESTE;1140.91699999
2025-02-05 07:00:00;NORTE;NORDESTE;937.231
2025-02-05 08:00:00;NORTE;NORDESTE;738.312
2025-02-05 09:00:00;NORTE;NORDESTE;466.112
2025-02-05 10:00:00;NORTE;NORDESTE;325.688
2025-02-05 11:00:00;NORTE;NORDESTE;-88.394
2025-02-05 12:00:00;NORTE;NORDESTE;-349.991
2025-02-05 13:00:00;NORTE;NORDESTE;-14.628
2025-02-05 14:00:00;NORTE;NORDESTE;-58.505
2025-02-05 15:00:00;NORTE;NORDESTE;170.336
2025-02-05 16:00:00;NORTE;NORDESTE;688.75
2025-02-05 17:00:00;NORTE;NORDESTE;991.409
2025-02-05 18:00:00;NORTE;NORDESTE;1813.517
2025-02-05 19:00:00;NORTE;NORDESTE;1968.92
2025-02-05 20:00:00;NORTE;NORDESTE;1268.816
2025-02-05 21:00:00;NORTE;NORDESTE;1003.561
2025-02-05 22:00:00;NORTE;NORDESTE;950.285
2025-02-05 23:00:00;NORTE;NORDESTE;963.516
2025-02-06 00:00:00;NORTE;NORDESTE;542.407
2025-02-06 01:00:00;NORTE;NORDESTE;175.465
2025-02-06 02:00:00;NORTE;NORDESTE;382.226
2025-02-06 03:00:00;NORTE;NORDESTE;251.469
2025-02-06 04:00:00;NORTE;NORDESTE;217.305
2025-02-06 05:00:00;NORTE;NORDESTE;316.958
2025-02-06 06:00:00;NORTE;NORDESTE;291.56599999
2025-02-06 07:00:00;NORTE;NORDESTE;774.123
2025-02-06 08:00:00;NORTE;NORDESTE;338.286
2025-02-06 09:00:00;NORTE;NORDESTE;-166.268
2025-02-06 10:00:00;NORTE;NORDESTE;-39.116
2025-02-06 11:00:00;NORTE;NORDESTE;-3.268
2025-02-06 12:00:00;NORTE;NORDESTE;-605.783
2025-02-06 13:00:00;NORTE;NORDESTE;-850.447
2025-02-06 14:00:00;NORTE;NORDESTE;-1035.204
2025-02-06 15:00:00;NORTE;NORDESTE;-409.851
2025-02-06 16:00:00;NORTE;NORDESTE;-35.151
2025-02-06 17:00:00;NORTE;NORDESTE;174.658
2025-02-06 18:00:00;NORTE;NORDESTE;756.789
2025-02-06 19:00:00;NORTE;NORDESTE;1434.545
2025-02-06 20:00:00;NORTE;NORDESTE;1621.845
2025-02-06 21:00:00;NORTE;NORDESTE;1889.384
2025-02-06 22:00:00;NORTE;NORDESTE;1967.382
2025-02-06 23:00:00;NORTE;NORDESTE;1907.137
2025-02-07 00:00:00;NORTE;NORDESTE;1699.629
2025-02-07 01:00:00;NORTE;NORDESTE;1278.861
2025-02-07 02:00:00;NORTE;NORDESTE;1236.531
2025-02-07 03:00:00;NORTE;NORDESTE;1100.354
2025-02-07 04:00:00;NORTE;NORDESTE;1099.75
2025-02-07 05:00:00;NORTE;NORDESTE;922.084
2025-02-07 06:00:00;NORTE;NORDESTE;503.267
2025-02-07 07:00:00;NORTE;NORDESTE;498.315
2025-02-07 08:00:00;NORTE;NORDESTE;66.965
2025-02-07 09:00:00;NORTE;NORDESTE;-211.441
2025-02-07 10:00:00;NORTE;NORDESTE;-253.488
2025-02-07 11:00:00;NORTE;NORDESTE;-936.68
2025-02-07 12:00:00;NORTE;NORDESTE;-1701.914
2025-02-07 13:00:00;NORTE;NORDESTE;-1501.827
2025-02-07 14:00:00;NORTE;NORDESTE;-1130.13799999
2025-02-07 15:00:00;NORTE;NORDESTE;-431.536
2025-02-07 16:00:00;NORTE;NORDESTE;607.611
2025-02-07 17:00:00;NORTE;NORDESTE;1302.449
2025-02-07 18:00:00;NORTE;NORDESTE;1246.746
2025-02-07 19:00:00;NORTE;NORDESTE;1134.443
2025-02-07 20:00:00;NORTE;NORDESTE;1432.722
2025-02-07 21:00:00;NORTE;NORDESTE;1498.49
2025-02-07 22:00:00;NORTE;NORDESTE;1452.74
2025-02-07 23:00:00;NORTE;NORDESTE;1300.045
2025-02-08 00:00:00;NORTE;NORDESTE;1274.837
2025-02-08 01:00:00;NORTE;NORDESTE;1013.296
2025-02-08 02:00:00;NORTE;NORDESTE;941.928
2025-02-08 03:00:00;NORTE;NORDESTE;739.09
2025-02-08 04:00:00;NORTE;NORDESTE;574.998
2025-02-08 05:00:00;NORTE;NORDESTE;347.032
2025-02-08 06:00:00;NORTE;NORDESTE;-644.833
2025-02-08 07:00:00;NORTE;NORDESTE;-1926.761
2025-02-08 08:00:00;NORTE;NORDESTE;-3075.821
2025-02-08 09:00:00;NORTE;NORDESTE;-3212.646
2025-02-08 10:00:00;NORTE;NORDESTE;-3101.016
2025-02-08 11:00:00;NORTE;NORDESTE;-2891.491
2025-02-08 12:00:00;NORTE;NORDESTE;-2757.364
2025-02-08 13:00:00;NORTE;NORDESTE;-2812.238
2025-02-08 14:00:00;NORTE;NORDESTE;-3042.979
2025-02-08 15:00:00;NORTE;NORDESTE;-2534.693
2025-02-08 16:00:00;NORTE;NORDESTE;-977.575
2025-02-08 17:00:00;NORTE;NORDESTE;-70.658
2025-02-08 18:00:00;NORTE;NORDESTE;296.023
2025-02-08 19:00:00;NORTE;NORDESTE;152.192
2025-02-08 20:00:00;NORTE;NORDESTE;58.953
2025-02-08 21:00:00;NORTE;NORDESTE;138.589
2025-02-08 22:00:00;NORTE;NORDESTE;96.446
2025-02-08 23:00:00;NORTE;NORDESTE;107.19
2025-02-09 00:00:00;NORTE;NORDESTE;-254.15
2025-02-09 01:00:00;NORTE;NORDESTE;11.675
2025-02-09 02:00:00;NORTE;NORDESTE;112.46
2025-02-09 03:00:00;NORTE;NORDESTE;58.799
2025-02-09 04:00:00;NORTE;NORDESTE;-295.742
2025-02-09 05:00:00;NORTE;NORDESTE;-1017.081
2025-02-09 06:00:00;NORTE;NORDESTE;-1855.059
2025-02-09 07:00:00;NORTE;NORDESTE;-2329.078
2025-02-09 08:00:00;NORTE;NORDESTE;-2050.448
2025-02-09 09:00:00;NORTE;NORDESTE;-1358.49399999
2025-02-09 10:00:00;NORTE;NORDESTE;-616.398
2025-02-09 11:00:00;NORTE;NORDESTE;-491.767
2025-02-09 12:00:00;NORTE;NORDESTE;-590.946
2025-02-09 13:00:00;NORTE;NORDESTE;-909.886
2025-02-09 14:00:00;NORTE;NORDESTE;-1168.903
2025-02-09 15:00:00;NORTE;NORDESTE;-1590.39
2025-02-09 16:00:00;NORTE;NORDESTE;-1478.682
2025-02-09 17:00:00;NORTE;NORDESTE;-582.95899999
2025-02-09 18:00:00;NORTE;NORDESTE;-113.484
2025-02-09 19:00:00;NORTE;NORDESTE;-21.39399999
2025-02-09 20:00:00;NORTE;NORDESTE;147.839
2025-02-09 21:00:00;NORTE;NORDESTE;555.23299999
2025-02-09 22:00:00;NORTE;NORDESTE;767.352
2025-02-09 23:00:00;NORTE;NORDESTE;787.896
2025-02-10 00:00:00;NORTE;NORDESTE;814.203
2025-02-10 01:00:00;NORTE;NORDESTE;955.155
2025-02-10 02:00:00;NORTE;NORDESTE;1054.977
2025-02-10 03:00:00;NORTE;NORDESTE;1060.645
2025-02-10 04:00:00;NORTE;NORDESTE;1314.76
2025-02-10 05:00:00;NORTE;NORDESTE;1387.202
2025-02-10 06:00:00;NORTE;NORDESTE;1459.973
2025-02-10 07:00:00;NORTE;NORDESTE;1137.246
2025-02-10 08:00:00;NORTE;NORDESTE;732.975
2025-02-10 09:00:00;NORTE;NORDESTE;454.584
2025-02-10 10:00:00;NORTE;NORDESTE;802.516
2025-02-10 11:00:00;NORTE;NORDESTE;747.513
2025-02-10 12:00:00;NORTE;NORDESTE;858.875
2025-02-10 13:00:00;NORTE;NORDESTE;987.534
2025-02-10 14:00:00;NORTE;NORDESTE;906.366
2025-02-10 15:00:00;NORTE;NORDESTE;713.69
2025-02-10 16:00:00;NORTE;NORDESTE;1264.818
2025-02-10 17:00:00;NORTE;NORDESTE;2147.04599999
2025-02-10 18:00:00;NORTE;NORDESTE;2306.8
2025-02-10 19:00:00;NORTE;NORDESTE;1640.093
2025-02-10 20:00:00;NORTE;NORDESTE;1316.72
2025-02-10 21:00:00;NORTE;NORDESTE;699.411
2025-02-10 22:00:00;NORTE;NORDESTE;413.318
2025-02-10 23:00:00;NORTE;NORDESTE;341.25099999
2025-02-11 00:00:00;NORTE;NORDESTE;482.453
2025-02-11 01:00:00;NORTE;NORDESTE;441.924
2025-02-11 02:00:00;NORTE;NORDESTE;189.331
2025-02-11 03:00:00;NORTE;NORDESTE;0.484
2025-02-11 04:00:00;NORTE;NORDESTE;-323.803
2025-02-11 05:00:00;NORTE;NORDESTE;-398.485
2025-02-11 06:00:00;NORTE;NORDESTE;-485.72
2025-02-11 07:00:00;NORTE;NORDESTE;-797.293
2025-02-11 08:00:00;NORTE;NORDESTE;-665.003
2025-02-11 09:00:00;NORTE;NORDESTE;-1226.861
2025-02-11 10:00:00;NORTE;NORDESTE;-1352.48
2025-02-11 11:00:00;NORTE;NORDESTE;-1104.435
2025-02-11 12:00:00;NORTE;NORDESTE;-386.709
2025-02-11 13:00:00;NORTE;NORDESTE;753.366
2025-02-11 14:00:00;NORTE;NORDESTE;749.504
2025-02-11 15:00:00;NORTE;NORDESTE;1596.407
2025-02-11 16:00:00;NORTE;NORDESTE;2513.55
2025-02-11 17:00:00;NORTE;NORDESTE;2590.86499999
2025-02-11 18:00:00;NORTE;NORDESTE;2500.625
2025-02-11 19:00:00;NORTE;NORDESTE;2139.897
2025-02-11 20:00:00;NORTE;NORDESTE;2115.885
2025-02-11 21:00:00;NORTE;NORDESTE;2308.71099999
2025-02-11 22:00:00;NORTE;NORDESTE;2334.766
2025-02-11 23:00:00;NORTE;NORDESTE;2423.556
2025-02-12 00:00:00;NORTE;NORDESTE;1992.536
2025-02-12 01:00:00;NORTE;NORDESTE;1710.105
2025-02-12 02:00:00;NORTE;NORDESTE;1775.136
2025-02-12 03:00:00;NORTE;NORDESTE;1960.092
2025-02-12 04:00:00;NORTE;NORDESTE;1889.454
2025-02-12 05:00:00;NORTE;NORDESTE;1435.795
2025-02-12 06:00:00;NORTE;NORDESTE;269.611
2025-02-12 07:00:00;NORTE;NORDESTE;-1033.749
2025-02-12 08:00:00;NORTE;NORDESTE;-1027.568
2025-02-12 09:00:00;NORTE;NORDESTE;-1150.056
2025-02-12 10:00:00;NORTE;NORDESTE;-992.629
2025-02-12 11:00:00;NORTE;NORDESTE;-888.059
2025-02-12 12:00:00;NORTE;NORDESTE;-647.744
2025-02-12 13:00:00;NORTE;NORDESTE;-211.856
2025-02-12 14:00:00;NORTE;NORDESTE;438.31
2025-02-12 15:00:00;NORTE;NORDESTE;1140.748
2025-02-12 16:00:00;NORTE;NORDESTE;1293.93
2025-02-12 17:00:00;NORTE;NORDESTE;1425.559
2025-02-12 18:00:00;NORTE;NORDESTE;1413.68
2025-02-12 19:00:00;NORTE;NORDESTE;1340.066
2025-02-12 20:00:00;NORTE;NORDESTE;1483.811
2025-02-12 21:00:00;NORTE;NORDESTE;1671.678
2025-02-12 22:00:00;NORTE;NORDESTE;1690.829
2025-02-12 23:00:00;NORTE;NORDESTE;1686.588
2025-02-13 00:00:00;NORTE;NORDESTE;1839.913
2025-02-13 01:00:00;NORTE;NORDESTE;1727.976
2025-02-13 02:00:00;NORTE;NORDESTE;1792.195
2025-02-13 03:00:00;NORTE;NORDESTE;2084.823
2025-02-13 04:00:00;NORTE;NORDESTE;2510.908
2025-02-13 05:00:00;NORTE;NORDESTE;2708.64199999
2025-02-13 06:00:00;NORTE;NORDESTE;2095.71099999
2025-02-13 07:00:00;NORTE;NORDESTE;1227.006
2025-02-13 08:00:00;NORTE;NORDESTE;497.456
2025-02-13 09:00:00;NORTE;NORDESTE;244.445
2025-02-13 10:00:00;NORTE;NORDESTE;176.93
2025-02-13 11:00:00;NORTE;NORDESTE;227.373
2025-02-13 12:00:00;NORTE;NORDESTE;512.72799999
2025-02-13 13:00:00;NORTE;NORDESTE;996.799
2025-02-13 14:00:00;NORTE;NORDESTE;241.537
2025-02-13 15:00:00;NORTE;NORDESTE;720.612
2025-02-13 16:00:00;NORTE;NORDESTE;847.11
2025-02-13 17:00:00;NORTE;NORDESTE;778.401
2025-02-13 18:00:00;NORTE;NORDESTE;391.868
2025-02-13 19:00:00;NORTE;NORDESTE;-517.236
2025-02-13 20:00:00;NORTE;NORDESTE;-1012.888
2025-02-13 21:00:00;NORTE;NORDESTE;-1071.12899999
2025-02-13 22:00:00;NORTE;NORDESTE;-1165.99
2025-02-13 23:00:00;NORTE;NORDESTE;-1242.534
2025-02-14 00:00:00;NORTE;NORDESTE;-1034.378
2025-02-14 01:00:00;NORTE;NORDESTE;-1424.781
2025-02-14 02:00:00;NORTE;NORDESTE;-1479.879
2025-02-14 03:00:00;NORTE;NORDESTE;-1316.80199999
2025-02-14 04:00:00;NORTE;NORDESTE;-948.287
2025-02-14 05:00:00;NORTE;NORDESTE;-927.642
2025-02-14 06:00:00;NORTE;NORDESTE;-1449.991
2025-02-14 07:00:00;NORTE;NORDESTE;-2098.063
2025-02-14 08:00:00;NORTE;NORDESTE;-2568.761
2025-02-14 09:00:00;NORTE;NORDESTE;-2841.495
2025-02-14 10:00:00;NORTE;NORDESTE;-3035.662
2025-02-14 11:00:00;NORTE;NORDESTE;-3210.82
2025-02-14 12:00:00;NORTE;NORDESTE;-2806.071
2025-02-14 13:00:00;NORTE;NORDESTE;-2072.993
2025-02-14 14:00:00;NORTE;NORDESTE;-1252.451
2025-02-14 15:00:00;NORTE;NORDESTE;-681.624
2025-02-14 16:00:00;NORTE;NORDESTE;-86.376
2025-02-14 17:00:00;NORTE;NORDESTE;105.293
2025-02-14 18:00:00;NORTE;NORDESTE;430.621
2025-02-14 19:00:00;NORTE;NORDESTE;225.033
2025-02-14 20:00:00;NORTE;NORDESTE;173.244
2025-02-14 21:00:00;NORTE;NORDESTE;55.406
2025-02-14 22:00:00;NORTE;NORDESTE;-79.498
2025-02-14 23:00:00;NORTE;NORDESTE;38.878
2025-02-15 00:00:00;NORTE;NORDESTE;181.666
2025-02-15 01:00:00;NORTE;NORDESTE;501.943
2025-02-15 02:00:00;NORTE;NORDESTE;488.59
2025-02-15 03:00:00;NORTE;NORDESTE;349.215
2025-02-15 04:00:00;NORTE;NORDESTE;196.682
2025-02-15 05:00:00;NORTE;NORDESTE;-401.384
2025-02-15 06:00:00;NORTE;NORDESTE;-2006.629
2025-02-15 07:00:00;NORTE;NORDESTE;-3331.036
2025-02-15 08:00:00;NORTE;NORDESTE;-3317.537
2025-02-15 09:00:00;NORTE;NORDESTE;-3801.304
2025-02-15 10:00:00;NORTE;NORDESTE;-3606.328
2025-02-15 11:00:00;NORTE;NORDESTE;-3247.895
2025-02-15 12:00:00;NORTE;NORDESTE;-3218.967
2025-02-15 13:00:00;NORTE;NORDESTE;-3567.765
2025-02-15 14:00:00;NORTE;NORDESTE;-4122.499
2025-02-15 15:00:00;NORTE;NORDESTE;-3778.659
2025-02-15 16:00:00;NORTE;NORDESTE;-2938.528
2025-02-15 17:00:00;NORTE;NORDESTE;-1067.2
2025-02-15 18:00:00;NORTE;NORDESTE;-406.613
2025-02-15 19:00:00;NORTE;NORDESTE;-931.037
2025-02-15 20:00:00;NORTE;NORDESTE;-1085.728
2025-02-15 21:00:00;NORTE;NORDESTE;-908.906
2025-02-15 22:00:00;NORTE;NORDESTE;-1010.368
2025-02-15 23:00:00;NORTE;NORDESTE;-1145.627
2025-02-16 00:00:00;NORTE;NORDESTE;-1421.94
2025-02-16 01:00:00;NORTE;NORDESTE;-1664.321
2025-02-16 02:00:00;NORTE;NORDESTE;-1591.207
2025-02-16 03:00:00;NORTE;NORDESTE;-1400.954
2025-02-16 04:00:00;NORTE;NORDESTE;-1064.69
2025-02-16 05:00:00;NORTE;NORDESTE;-1723.311
2025-02-16 06:00:00;NORTE;NORDESTE;-3392.362
2025-02-16 07:00:00;NORTE;NORDESTE;-4397.639
2025-02-16 08:00:00;NORTE;NORDESTE;-4723.787
2025-02-16 09:00:00;NORTE;NORDESTE;-4336.404
2025-02-16 10:00:00;NORTE;NORDESTE;-4120.09199999
2025-02-16 11:00:00;NORTE;NORDESTE;-4134.017
2025-02-16 12:00:00;NORTE;NORDESTE;-4178.161
2025-02-16 13:00:00;NORTE;NORDESTE;-4581.303
2025-02-16 14:00:00;NORTE;NORDESTE;-4659.189
2025-02-16 15:00:00;NORTE;NORDESTE;-4035.532
2025-02-16 16:00:00;NORTE;NORDESTE;-2987.878
2025-02-16 17:00:00;NORTE;NORDESTE;-1964.341
2025-02-16 18:00:00;NORTE;NORDESTE;-1444.61
2025-02-16 19:00:00;NORTE;NORDESTE;-1424.089
2025-02-16 20:00:00;NORTE;NORDESTE;-1138.563
2025-02-16 21:00:00;NORTE;NORDESTE;-962.161
2025-02-16 22:00:00;NORTE;NORDESTE;-860.18
2025-02-16 23:00:00;NORTE;NORDESTE;-546.008
2025-02-17 00:00:00;NORTE;NORDESTE;-722.697
2025-02-17 01:00:00;NORTE;NORDESTE;-621.386
2025-02-17 02:00:00;NORTE;NORDESTE;-476.342
2025-02-17 03:00:00;NORTE;NORDESTE;-422.54
2025-02-17 04:00:00;NORTE;NORDESTE;-391.317
2025-02-17 05:00:00;NORTE;NORDESTE;-288.47699999
2025-02-17 06:00:00;NORTE;NORDESTE;-1295.088
2025-02-17 07:00:00;NORTE;NORDESTE;-2409.838
2025-02-17 08:00:00;NORTE;NORDESTE;-2384.467
2025-02-17 09:00:00;NORTE;NORDESTE;-1988.192
2025-02-17 10:00:00;NORTE;NORDESTE;-1797.489
2025-02-17 11:00:00;NORTE;NORDESTE;-1755.223
2025-02-17 12:00:00;NORTE;NORDESTE;-2009.78
2025-02-17 13:00:00;NORTE;NORDESTE;-1090.718
2025-02-17 14:00:00;NORTE;NORDESTE;-441.69
2025-02-17 15:00:00;NORTE;NORDESTE;260.928
2025-02-17 16:00:00;NORTE;NORDESTE;1216.152
2025-02-17 17:00:00;NORTE;NORDESTE;1417.473
2025-02-17 18:00:00;NORTE;NORDESTE;1105.989
2025-02-17 19:00:00;NORTE;NORDESTE;663.298
2025-02-17 20:00:00;NORTE;NORDESTE;212.103
2025-02-17 21:00:00;NORTE;NORDESTE;-401.62
2025-02-17 22:00:00;NORTE;NORDESTE;-949.448
2025-02-17 23:00:00;NORTE;NORDESTE;-988.903
2025-02-18 00:00:00;NORTE;NORDESTE;-248.098
2025-02-18 01:00:00;NORTE;NORDESTE;274.028
2025-02-18 02:00:00;NORTE;NORDESTE;602.393
2025-02-18 03:00:00;NORTE;NORDESTE;698.705
2025-02-18 04:00:00;NORTE;NORDESTE;707.332
2025-02-18 05:00:00;NORTE;NORDESTE;1086.25
2025-02-18 06:00:00;NORTE;NORDESTE;749.84
2025-02-18 07:00:00;NORTE;NORDESTE;-487.25
2025-02-18 08:00:00;NORTE;NORDESTE;-1012.108
2025-02-18 09:00:00;NORTE;NORDESTE;-984.298
2025-02-18 10:00:00;NORTE;NORDESTE;-403.559
2025-02-18 11:00:00;NORTE;NORDESTE;182.381
2025-02-18 12:00:00;NORTE;NORDESTE;605.741
2025-02-18 13:00:00;NORTE;NORDESTE;1399.507
2025-02-18 14:00:00;NORTE;NORDESTE;1616.936
2025-02-18 15:00:00;NORTE;NORDESTE;1097.29
2025-02-18 16:00:00;NORTE;NORDESTE;1642.439
2025-02-18 17:00:00;NORTE;NORDESTE;2088.397
2025-02-18 18:00:00;NORTE;NORDESTE;1862.696
2025-02-18 19:00:00;NORTE;NORDESTE;967.36
2025-02-18 20:00:00;NORTE;NORDESTE;614.69399999
2025-02-18 21:00:00;NORTE;NORDESTE;654.989
2025-02-18 22:00:00;NORTE;NORDESTE;632.322
2025-02-18 23:00:00;NORTE;NORDESTE;81.46299999
2025-02-19 00:00:00;NORTE;NORDESTE;-607.876
2025-02-19 01:00:00;NORTE;NORDESTE;-179.815
2025-02-19 02:00:00;NORTE;NORDESTE;184.229
2025-02-19 03:00:00;NORTE;NORDESTE;-181.337
2025-02-19 04:00:00;NORTE;NORDESTE;-393.139
2025-02-19 05:00:00;NORTE;NORDESTE;241.562
2025-02-19 06:00:00;NORTE;NORDESTE;217.493
2025-02-19 07:00:00;NORTE;NORDESTE;-576.346
2025-02-19 08:00:00;NORTE;NORDESTE;-520.66099999
2025-02-19 09:00:00;NORTE;NORDESTE;-291.223
2025-02-19 10:00:00;NORTE;NORDESTE;-121.2
2025-02-19 11:00:00;NORTE;NORDESTE;-281.546
2025-02-19 12:00:00;NORTE;NORDESTE;-75.843
2025-02-19 13:00:00;NORTE;NORDESTE;-32.567
2025-02-19 14:00:00;NORTE;NORDESTE;-118.261
2025-02-19 15:00:00;NORTE;NORDESTE;193.69
2025-02-19 16:00:00;NORTE;NORDESTE;1134.724
2025-02-19 17:00:00;NORTE;NORDESTE;1694.135
2025-02-19 18:00:00;NORTE;NORDESTE;1525.885
2025-02-19 19:00:00;NORTE;NORDESTE;998.786
2025-02-19 20:00:00;NORTE;NORDESTE;698.739
2025-02-19 21:00:00;NORTE;NORDESTE;416.369
2025-02-19 22:00:00;NORTE;NORDESTE;67.279
2025-02-19 23:00:00;NORTE;NORDESTE;141.29499999
2025-02-20 00:00:00;NORTE;NORDESTE;-333.77999999
2025-02-20 01:00:00;NORTE;NORDESTE;-729.337
2025-02-20 02:00:00;NORTE;NORDESTE;-603.639
2025-02-20 03:00:00;NORTE;NORDESTE;-420.396
2025-02-20 04:00:00;NORTE;NORDESTE;65.001
2025-02-20 05:00:00;NORTE;NORDESTE;623.759
2025-02-20 06:00:00;NORTE;NORDESTE;686.124
2025-02-20 07:00:00;NORTE;NORDESTE;192.487
2025-02-20 08:00:00;NORTE;NORDESTE;-167.558
2025-02-20 09:00:00;NORTE;NORDESTE;-660.76199999
2025-02-20 10:00:00;NORTE;NORDESTE;-699.423
2025-02-20 11:00:00;NORTE;NORDESTE;-743.571
2025-02-20 12:00:00;NORTE;NORDESTE;-801.585
2025-02-20 13:00:00;NORTE;NORDESTE;165.719
2025-02-20 14:00:00;NORTE;NORDESTE;908.052
2025-02-20 15:00:00;NORTE;NORDESTE;884.487
2025-02-20 16:00:00;NORTE;NORDESTE;878.827
2025-02-20 17:00:00;NORTE;NORDESTE;909.24
2025-02-20 18:00:00;NORTE;NORDESTE;1085.63899999
2025-02-20 19:00:00;NORTE;NORDESTE;674.797
2025-02-20 20:00:00;NORTE;NORDESTE;-154.782
2025-02-20 21:00:00;NORTE;NORDESTE;-405.315
2025-02-20 22:00:00;NORTE;NORDESTE;-431.894
2025-02-20 23:00:00;NORTE;NORDESTE;-64.677
2025-02-21 00:00:00;NORTE;NORDESTE;-549.727
2025-02-21 01:00:00;NORTE;NORDESTE;-753.215
2025-02-21 02:00:00;NORTE;NORDESTE;-1169.83099999
2025-02-21 03:00:00;NORTE;NORDESTE;-1388.781
2025-02-21 04:00:00;NORTE;NORDESTE;-1592.672
2025-02-21 05:00:00;NORTE;NORDESTE;-1524.841
2025-02-21 06:00:00;NORTE;NORDESTE;-1949.372
2025-02-21 07:00:00;NORTE;NORDESTE;-2522.056
2025-02-21 08:00:00;NORTE;NORDESTE;-2092.433
2025-02-21 09:00:00;NORTE;NORDESTE;-1965.172
2025-02-21 10:00:00;NORTE;NORDESTE;-1782.621
2025-02-21 11:00:00;NORTE;NORDESTE;-1745.758
2025-02-21 12:00:00;NORTE;NORDESTE;-2043.262
2025-02-21 13:00:00;NORTE;NORDESTE;-1370.506
2025-02-21 14:00:00;NORTE;NORDESTE;-270.634
2025-02-21 15:00:00;NORTE;NORDESTE;534.794
2025-02-21 16:00:00;NORTE;NORDESTE;541.02599999
2025-02-21 17:00:00;NORTE;NORDESTE;1265.169
2025-02-21 18:00:00;NORTE;NORDESTE;972.944
2025-02-21 19:00:00;NORTE;NORDESTE;547.443
2025-02-21 20:00:00;NORTE;NORDESTE;196.198
2025-02-21 21:00:00;NORTE;NORDESTE;-149.854
2025-02-21 22:00:00;NORTE;NORDESTE;31.977
2025-02-21 23:00:00;NORTE;NORDESTE;565.384
2025-02-22 00:00:00;NORTE;NORDESTE;835.481
2025-02-22 01:00:00;NORTE;NORDESTE;721.658
2025-02-22 02:00:00;NORTE;NORDESTE;620.529
2025-02-22 03:00:00;NORTE;NORDESTE;531.474
2025-02-22 04:00:00;NORTE;NORDESTE;413.42
2025-02-22 05:00:00;NORTE;NORDESTE;213.323
2025-02-22 06:00:00;NORTE;NORDESTE;-1888.154
2025-02-22 07:00:00;NORTE;NORDESTE;-3224.077
2025-02-22 08:00:00;NORTE;NORDESTE;-3637.961
2025-02-22 09:00:00;NORTE;NORDESTE;-4405.432
2025-02-22 10:00:00;NORTE;NORDESTE;-4405.075
2025-02-22 11:00:00;NORTE;NORDESTE;-4026.044
2025-02-22 12:00:00;NORTE;NORDESTE;-3825.782
2025-02-22 13:00:00;NORTE;NORDESTE;-3796.679
2025-02-22 14:00:00;NORTE;NORDESTE;-3782.75
2025-02-22 15:00:00;NORTE;NORDESTE;-3227.48
2025-02-22 16:00:00;NORTE;NORDESTE;-1759.859
2025-02-22 17:00:00;NORTE;NORDESTE;363.843
2025-02-22 18:00:00;NORTE;NORDESTE;981.867
2025-02-22 19:00:00;NORTE;NORDESTE;703.425
2025-02-22 20:00:00;NORTE;NORDESTE;-895.936
2025-02-22 21:00:00;NORTE;NORDESTE;-834.9
2025-02-22 22:00:00;NORTE;NORDESTE;-679.073
2025-02-22 23:00:00;NORTE;NORDESTE;-424.038
2025-02-23 00:00:00;NORTE;NORDESTE;4.123
2025-02-23 01:00:00;NORTE;NORDESTE;-164.056
2025-02-23 02:00:00;NORTE;NORDESTE;-80.0
2025-02-23 03:00:00;NORTE;NORDESTE;128.685
2025-02-23 04:00:00;NORTE;NORDESTE;22.127
2025-02-23 05:00:00;NORTE;NORDESTE;-102.607
2025-02-23 06:00:00;NORTE;NORDESTE;-1595.976
2025-02-23 07:00:00;NORTE;NORDESTE;-3096.486
2025-02-23 08:00:00;NORTE;NORDESTE;-3451.416
2025-02-23 09:00:00;NORTE;NORDESTE;-2838.33
2025-02-23 10:00:00;NORTE;NORDESTE;-2301.507
2025-02-23 11:00:00;NORTE;NORDESTE;-2211.87399999
2025-02-23 12:00:00;NORTE;NORDESTE;-2320.011
2025-02-23 13:00:00;NORTE;NORDESTE;-2694.746
2025-02-23 14:00:00;NORTE;NORDESTE;-2937.648
2025-02-23 15:00:00;NORTE;NORDESTE;-2785.673
2025-02-23 16:00:00;NORTE;NORDESTE;-1731.776
2025-02-23 17:00:00;NORTE;NORDESTE;-79.443
2025-02-23 18:00:00;NORTE;NORDESTE;1154.046
2025-02-23 19:00:00;NORTE;NORDESTE;1002.973
2025-02-23 20:00:00;NORTE;NORDESTE;640.562
2025-02-23 21:00:00;NORTE;NORDESTE;646.464
2025-02-23 22:00:00;NORTE;NORDESTE;852.625
2025-02-23 23:00:00;NORTE;NORDESTE;1200.106
2025-02-24 00:00:00;NORTE;NORDESTE;1666.154
2025-02-24 01:00:00;NORTE;NORDESTE;1678.219
2025-02-24 02:00:00;NORTE;NORDESTE;1181.14899999
2025-02-24 03:00:00;NORTE;NORDESTE;887.281
2025-02-24 04:00:00;NORTE;NORDESTE;899.031
2025-02-24 05:00:00;NORTE;NORDESTE;437.12
2025-02-24 06:00:00;NORTE;NORDESTE;-418.956
2025-02-24 07:00:00;NORTE;NORDESTE;-1422.765
2025-02-24 08:00:00;NORTE;NORDESTE;-1526.233
2025-02-24 09:00:00;NORTE;NORDESTE;-1108.915
2025-02-24 10:00:00;NORTE;NORDESTE;-298.66
2025-02-24 11:00:00;NORTE;NORDESTE;376.692
2025-02-24 12:00:00;NORTE;NORDESTE;-39.563
2025-02-24 13:00:00;NORTE;NORDESTE;498.355
2025-02-24 14:00:00;NORTE;NORDESTE;802.538
2025-02-24 15:00:00;NORTE;NORDESTE;725.106
2025-02-24 16:00:00;NORTE;NORDESTE;267.26299999
2025-02-24 17:00:00;NORTE;NORDESTE;1070.88899999
2025-02-24 18:00:00;NORTE;NORDESTE;1279.651
2025-02-24 19:00:00;NORTE;NORDESTE;502.748
2025-02-24 20:00:00;NORTE;NORDESTE;-142.022
2025-02-24 21:00:00;NORTE;NORDESTE;-37.143
2025-02-24 22:00:00;NORTE;NORDESTE;-175.21
2025-02-24 23:00:00;NORTE;NORDESTE;-50.597
2025-02-25 00:00:00;NORTE;NORDESTE;-37.22099999
2025-02-25 01:00:00;NORTE;NORDESTE;-72.77
2025-02-25 02:00:00;NORTE;NORDESTE;0.942
2025-02-25 03:00:00;NORTE;NORDESTE;103.72
2025-02-25 04:00:00;NORTE;NORDESTE;-154.28
2025-02-25 05:00:00;NORTE;NORDESTE;-103.756
2025-02-25 06:00:00;NORTE;NORDESTE;-1340.29
2025-02-25 07:00:00;NORTE;NORDESTE;-1823.617
2025-02-25 08:00:00;NORTE;NORDESTE;-2004.583
2025-02-25 09:00:00;NORTE;NORDESTE;-1760.307
2025-02-25 10:00:00;NORTE;NORDESTE;-1698.949
2025-02-25 11:00:00;NORTE;NORDESTE;-1625.541
2025-02-25 12:00:00;NORTE;NORDESTE;-1931.221
2025-02-25 13:00:00;NORTE;NORDESTE;-869.601
2025-02-25 14:00:00;NORTE;NORDESTE;-281.53699999
2025-02-25 15:00:00;NORTE;NORDESTE;-285.891
2025-02-25 16:00:00;NORTE;NORDESTE;177.792
2025-02-25 17:00:00;NORTE;NORDESTE;1518.461
2025-02-25 18:00:00;NORTE;NORDESTE;1767.917
2025-02-25 19:00:00;NORTE;NORDESTE;1138.952
2025-02-25 20:00:00;NORTE;NORDESTE;1061.16799999
2025-02-25 21:00:00;NORTE;NORDESTE;1128.91
2025-02-25 22:00:00;NORTE;NORDESTE;993.595
2025-02-25 23:00:00;NORTE;NORDESTE;1174.48
2025-02-26 00:00:00;NORTE;NORDESTE;1150.074
2025-02-26 01:00:00;NORTE;NORDESTE;1287.627
2025-02-26 02:00:00;NORTE;NORDESTE;1154.361
2025-02-26 03:00:00;NORTE;NORDESTE;1267.171
2025-02-26 04:00:00;NORTE;NORDESTE;1312.683
2025-02-26 05:00:00;NORTE;NORDESTE;1254.672
2025-02-26 06:00:00;NORTE;NORDESTE;369.005
2025-02-26 07:00:00;NORTE;NORDESTE;-1443.791
2025-02-26 08:00:00;NORTE;NORDESTE;-2526.43199999
2025-02-26 09:00:00;NORTE;NORDESTE;-2810.527
2025-02-26 10:00:00;NORTE;NORDESTE;-2539.406
2025-02-26 11:00:00;NORTE;NORDESTE;-2325.888
2025-02-26 12:00:00;NORTE;NORDESTE;-2079.666
2025-02-26 13:00:00;NORTE;NORDESTE;-1331.781
2025-02-26 14:00:00;NORTE;NORDESTE;-218.129
2025-02-26 15:00:00;NORTE;NORDESTE;258.294
2025-02-26 16:00:00;NORTE;NORDESTE;110.46
2025-02-26 17:00:00;NORTE;NORDESTE;1082.403
2025-02-26 18:00:00;NORTE;NORDESTE;1421.783
2025-02-26 19:00:00;NORTE;NORDESTE;1213.817
2025-02-26 20:00:00;NORTE;NORDESTE;407.197
2025-02-26 21:00:00;NORTE;NORDESTE;-142.738
2025-02-26 22:00:00;NORTE;NORDESTE;111.649
2025-02-26 23:00:00;NORTE;NORDESTE;665.903
2025-02-27 00:00:00;NORTE;NORDESTE;654.69399999
2025-02-27 01:00:00;NORTE;NORDESTE;894.694
2025-02-27 02:00:00;NORTE;NORDESTE;1041.492
2025-02-27 03:00:00;NORTE;NORDESTE;1319.34999999
2025-02-27 04:00:00;NORTE;NORDESTE;1227.096
2025-02-27 05:00:00;NORTE;NORDESTE;1060.519
2025-02-27 06:00:00;NORTE;NORDESTE;169.298
2025-02-27 07:00:00;NORTE;NORDESTE;-1724.076
2025-02-27 08:00:00;NORTE;NORDESTE;-2382.059
2025-02-27 09:00:00;NORTE;NORDESTE;-2442.685
2025-02-27 10:00:00;NORTE;NORDESTE;-2209.373
2025-02-27 11:00:00;NORTE;NORDESTE;-1923.131
2025-02-27 12:00:00;NORTE;NORDESTE;-1517.217
2025-02-27 13:00:00;NORTE;NORDESTE;-1144.57
2025-02-27 14:00:00;NORTE;NORDESTE;-821.046
2025-02-27 15:00:00;NORTE;NORDESTE;-254.478
2025-02-27 16:00:00;NORTE;NORDESTE;781.634
2025-02-27 17:00:00;NORTE;NORDESTE;382.423
2025-02-27 18:00:00;NORTE;NORDESTE;175.965
2025-02-27 19:00:00;NORTE;NORDESTE;78.836
2025-02-27 20:00:00;NORTE;NORDESTE;47.546
2025-02-27 21:00:00;NORTE;NORDESTE;-249.699
2025-02-27 22:00:00;NORTE;NORDESTE;-472.149
2025-02-27 23:00:00;NORTE;NORDESTE;100.159
2025-02-28 00:00:00;NORTE;NORDESTE;1374.373
2025-02-28 01:00:00;NORTE;NORDESTE;1721.962
2025-02-28 02:00:00;NORTE;NORDESTE;1498.583
2025-02-28 03:00:00;NORTE;NORDESTE;1561.416
2025-02-28 04:00:00;NORTE;NORDESTE;1652.083
2025-02-28 05:00:00;NORTE;NORDESTE;1713.438
2025-02-28 06:00:00;NORTE;NORDESTE;808.064
2025-02-28 07:00:00;NORTE;NORDESTE;-1074.208
2025-02-28 08:00:00;NORTE;NORDESTE;-2264.44099999
2025-02-28 09:00:00;NORTE;NORDESTE;-2239.14199999
2025-02-28 10:00:00;NORTE;NORDESTE;-2191.467
2025-02-28 11:00:00;NORTE;NORDESTE;-2135.601
2025-02-28 12:00:00;NORTE;NORDESTE;-2180.264
2025-02-28 13:00:00;NORTE;NORDESTE;-1711.133
2025-02-28 14:00:00;NORTE;NORDESTE;324.252
2025-02-28 15:00:00;NORTE;NORDESTE;1619.017
2025-02-28 16:00:00;NORTE;NORDESTE;2058.402
2025-02-28 17:00:00;NORTE;NORDESTE;1731.903
2025-02-28 18:00:00;NORTE;NORDESTE;815.341
2025-02-28 19:00:00;NORTE;NORDESTE;-847.852
2025-02-28 20:00:00;NORTE;NORDESTE;-1383.391
2025-02-28 21:00:00;NORTE;NORDESTE;-1406.311
2025-02-28 22:00:00;NORTE;NORDESTE;-1033.776
2025-02-28 23:00:00;NORTE;NORDESTE;-1290.13899999
2025-03-01 00:00:00;NORTE;NORDESTE;-1122.817
2025-03-01 01:00:00;NORTE;NORDESTE;-676.04999999
2025-03-01 02:00:00;NORTE;NORDESTE;-614.356
2025-03-01 03:00:00;NORTE;NORDESTE;-665.192
2025-03-01 04:00:00;NORTE;NORDESTE;-1249.528
2025-03-01 05:00:00;NORTE;NORDESTE;-1496.114
2025-03-01 06:00:00;NORTE;NORDESTE;-1879.131
2025-03-01 07:00:00;NORTE;NORDESTE;-3842.486
2025-03-01 08:00:00;NORTE;NORDESTE;-4548.349
2025-03-01 09:00:00;NORTE;NORDESTE;-4496.557
2025-03-01 10:00:00;NORTE;NORDESTE;-3718.791
2025-03-01 11:00:00;NORTE;NORDESTE;-3119.647
2025-03-01 12:00:00;NORTE;NORDESTE;-2878.333
2025-03-01 13:00:00;NORTE;NORDESTE;-3009.622
2025-03-01 14:00:00;NORTE;NORDESTE;-3091.103
2025-03-01 15:00:00;NORTE;NORDESTE;-2550.696
2025-03-01 16:00:00;NORTE;NORDESTE;-1379.786
2025-03-01 17:00:00;NORTE;NORDESTE;-170.425
2025-03-01 18:00:00;NORTE;NORDESTE;703.179
2025-03-01 19:00:00;NORTE;NORDESTE;174.117
2025-03-01 20:00:00;NORTE;NORDESTE;-606.124
2025-03-01 21:00:00;NORTE;NORDESTE;-489.794
2025-03-01 22:00:00;NORTE;NORDESTE;-515.331
2025-03-01 23:00:00;NORTE;NORDESTE;-224.69
2025-03-02 00:00:00;NORTE;NORDESTE;-124.074
2025-03-02 01:00:00;NORTE;NORDESTE;-213.631
2025-03-02 02:00:00;NORTE;NORDESTE;-688.942
2025-03-02 03:00:00;NORTE;NORDESTE;-770.717
2025-03-02 04:00:00;NORTE;NORDESTE;-988.974
2025-03-02 05:00:00;NORTE;NORDESTE;-505.346
2025-03-02 06:00:00;NORTE;NORDESTE;-860.091
2025-03-02 07:00:00;NORTE;NORDESTE;-2621.785
2025-03-02 08:00:00;NORTE;NORDESTE;-3879.999
2025-03-02 09:00:00;NORTE;NORDESTE;-4232.89099999
2025-03-02 10:00:00;NORTE;NORDESTE;-3632.918
2025-03-02 11:00:00;NORTE;NORDESTE;-3297.734
2025-03-02 12:00:00;NORTE;NORDESTE;-3124.342
2025-03-02 13:00:00;NORTE;NORDESTE;-3188.6
2025-03-02 14:00:00;NORTE;NORDESTE;-3706.655
2025-03-02 15:00:00;NORTE;NORDESTE;-3085.532
2025-03-02 16:00:00;NORTE;NORDESTE;-2349.41
2025-03-02 17:00:00;NORTE;NORDESTE;-672.107
2025-03-02 18:00:00;NORTE;NORDESTE;-111.606
2025-03-02 19:00:00;NORTE;NORDESTE;-1010.565
2025-03-02 20:00:00;NORTE;NORDESTE;-1631.593
2025-03-02 21:00:00;NORTE;NORDESTE;-1795.597
2025-03-02 22:00:00;NORTE;NORDESTE;-1839.659
2025-03-02 23:00:00;NORTE;NORDESTE;-1920.113
2025-03-03 00:00:00;NORTE;NORDESTE;-1791.439
2025-03-03 01:00:00;NORTE;NORDESTE;-1667.813
2025-03-03 02:00:00;NORTE;NORDESTE;-1473.832
2025-03-03 03:00:00;NORTE;NORDESTE;-1181.589
2025-03-03 04:00:00;NORTE;NORDESTE;-1081.98499999
2025-03-03 05:00:00;NORTE;NORDESTE;-1164.309
2025-03-03 06:00:00;NORTE;NORDESTE;-3120.405
2025-03-03 07:00:00;NORTE;NORDESTE;-4677.344
2025-03-03 08:00:00;NORTE;NORDESTE;-4059.899
2025-03-03 09:00:00;NORTE;NORDESTE;-3605.763
2025-03-03 10:00:00;NORTE;NORDESTE;-3076.209
2025-03-03 11:00:00;NORTE;NORDESTE;-2883.187
2025-03-03 12:00:00;NORTE;NORDESTE;-2906.503
2025-03-03 13:00:00;NORTE;NORDESTE;-3479.498
2025-03-03 14:00:00;NORTE;NORDESTE;-3177.971
2025-03-03 15:00:00;NORTE;NORDESTE;-2785.993
2025-03-03 16:00:00;NORTE;NORDESTE;-2608.257
2025-03-03 17:00:00;NORTE;NORDESTE;-2134.878
2025-03-03 18:00:00;NORTE;NORDESTE;-1367.844
2025-03-03 19:00:00;NORTE;NORDESTE;-1299.23
2025-03-03 20:00:00;NORTE;NORDESTE;-1359.968
2025-03-03 21:00:00;NORTE;NORDESTE;-1571.197
2025-03-03 22:00:00;NORTE;NORDESTE;-2290.5
2025-03-03 23:00:00;NORTE;NORDESTE;-2546.467
2025-03-04 00:00:00;NORTE;NORDESTE;-2454.06599999
2025-03-04 01:00:00;NORTE;NORDESTE;-2048.83599999
2025-03-04 02:00:00;NORTE;NORDESTE;-1660.093
2025-03-04 03:00:00;NORTE;NORDESTE;-1542.781
2025-03-04 04:00:00;NORTE;NORDESTE;-1831.415
2025-03-04 05:00:00;NORTE;NORDESTE;-1972.65
2025-03-04 06:00:00;NORTE;NORDESTE;-3646.333
2025-03-04 07:00:00;NORTE;NORDESTE;-4746.478
2025-03-04 08:00:00;NORTE;NORDESTE;-4559.517
2025-03-04 09:00:00;NORTE;NORDESTE;-3936.503
2025-03-04 10:00:00;NORTE;NORDESTE;-3355.397
2025-03-04 11:00:00;NORTE;NORDESTE;-3470.754
2025-03-04 12:00:00;NORTE;NORDESTE;-3565.752
2025-03-04 13:00:00;NORTE;NORDESTE;-3948.491
2025-03-04 14:00:00;NORTE;NORDESTE;-3826.561
2025-03-04 15:00:00;NORTE;NORDESTE;-3030.063
2025-03-04 16:00:00;NORTE;NORDESTE;-2119.286
2025-03-04 17:00:00;NORTE;NORDESTE;-1449.782
2025-03-04 18:00:00;NORTE;NORDESTE;-390.595
2025-03-04 19:00:00;NORTE;NORDESTE;-885.694
2025-03-04 20:00:00;NORTE;NORDESTE;-1613.851
2025-03-04 21:00:00;NORTE;NORDESTE;-1737.339
2025-03-04 22:00:00;NORTE;NORDESTE;-1755.707
2025-03-04 23:00:00;NORTE;NORDESTE;-1237.172
2025-03-05 00:00:00;NORTE;NORDESTE;-1247.161
2025-03-05 01:00:00;NORTE;NORDESTE;-1380.007
2025-03-05 02:00:00;NORTE;NORDESTE;-1369.955
2025-03-05 03:00:00;NORTE;NORDESTE;-1277.71499999
2025-03-05 04:00:00;NORTE;NORDESTE;-1408.854
2025-03-05 05:00:00;NORTE;NORDESTE;-2288.688
2025-03-05 06:00:00;NORTE;NORDESTE;-3712.064
2025-03-05 07:00:00;NORTE;NORDESTE;-4523.227
2025-03-05 08:00:00;NORTE;NORDESTE;-4350.887
2025-03-05 09:00:00;NORTE;NORDESTE;-4463.11399999
2025-03-05 10:00:00;NORTE;NORDESTE;-4323.64
2025-03-05 11:00:00;NORTE;NORDESTE;-4177.106
2025-03-05 12:00:00;NORTE;NORDESTE;-3911.911
2025-03-05 13:00:00;NORTE;NORDESTE;-4160.6
2025-03-05 14:00:00;NORTE;NORDESTE;-3440.757
2025-03-05 15:00:00;NORTE;NORDESTE;-2273.17
2025-03-05 16:00:00;NORTE;NORDESTE;-1041.19699999
2025-03-05 17:00:00;NORTE;NORDESTE;-552.891
2025-03-05 18:00:00;NORTE;NORDESTE;-196.092
2025-03-05 19:00:00;NORTE;NORDESTE;-540.633
2025-03-05 20:00:00;NORTE;NORDESTE;-907.553
2025-03-05 21:00:00;NORTE;NORDESTE;-959.112
2025-03-05 22:00:00;NORTE;NORDESTE;-901.153
2025-03-05 23:00:00;NORTE;NORDESTE;-753.221
2025-03-06 00:00:00;NORTE;NORDESTE;-1264.823
2025-03-06 01:00:00;NORTE;NORDESTE;-1391.809
2025-03-06 02:00:00;NORTE;NORDESTE;-1258.748
2025-03-06 03:00:00;NORTE;NORDESTE;-1253.121
2025-03-06 04:00:00;NORTE;NORDESTE;-1099.392
2025-03-06 05:00:00;NORTE;NORDESTE;-1196.93699999
2025-03-06 06:00:00;NORTE;NORDESTE;-2615.635
2025-03-06 07:00:00;NORTE;NORDESTE;-3402.27
2025-03-06 08:00:00;NORTE;NORDESTE;-4063.84
2025-03-06 09:00:00;NORTE;NORDESTE;-4383.243
2025-03-06 10:00:00;NORTE;NORDESTE;-4234.393
2025-03-06 11:00:00;NORTE;NORDESTE;-4132.486
2025-03-06 12:00:00;NORTE;NORDESTE;-4131.415
2025-03-06 13:00:00;NORTE;NORDESTE;-4063.706
2025-03-06 14:00:00;NORTE;NORDESTE;-3484.189
2025-03-06 15:00:00;NORTE;NORDESTE;-2765.153
2025-03-06 16:00:00;NORTE;NORDESTE;-1570.953
2025-03-06 17:00:00;NORTE;NORDESTE;-905.787
2025-03-06 18:00:00;NORTE;NORDESTE;-467.512
2025-03-06 19:00:00;NORTE;NORDESTE;-408.761
2025-03-06 20:00:00;NORTE;NORDESTE;-401.406
2025-03-06 21:00:00;NORTE;NORDESTE;-186.377
2025-03-06 22:00:00;NORTE;NORDESTE;-232.254
2025-03-06 23:00:00;NORTE;NORDESTE;-546.969
2025-03-07 00:00:00;NORTE;NORDESTE;-951.042
2025-03-07 01:00:00;NORTE;NORDESTE;-1148.08999999
2025-03-07 02:00:00;NORTE;NORDESTE;-1171.728
2025-03-07 03:00:00;NORTE;NORDESTE;-982.236
2025-03-07 04:00:00;NORTE;NORDESTE;-775.497
2025-03-07 05:00:00;NORTE;NORDESTE;-692.719
2025-03-07 06:00:00;NORTE;NORDESTE;-1443.479
2025-03-07 07:00:00;NORTE;NORDESTE;-3090.583
2025-03-07 08:00:00;NORTE;NORDESTE;-3659.624
2025-03-07 09:00:00;NORTE;NORDESTE;-3901.958
2025-03-07 10:00:00;NORTE;NORDESTE;-4124.155
2025-03-07 11:00:00;NORTE;NORDESTE;-3886.555
2025-03-07 12:00:00;NORTE;NORDESTE;-3928.862
2025-03-07 13:00:00;NORTE;NORDESTE;-3183.595
2025-03-07 14:00:00;NORTE;NORDESTE;-1434.445
2025-03-07 15:00:00;NORTE;NORDESTE;-238.53
2025-03-07 16:00:00;NORTE;NORDESTE;-182.342
2025-03-07 17:00:00;NORTE;NORDESTE;84.34999999
2025-03-07 18:00:00;NORTE;NORDESTE;299.606
2025-03-07 19:00:00;NORTE;NORDESTE;-460.091
2025-03-07 20:00:00;NORTE;NORDESTE;-1175.237
2025-03-07 21:00:00;NORTE;NORDESTE;-1101.35999999
2025-03-07 22:00:00;NORTE;NORDESTE;-903.312
2025-03-07 23:00:00;NORTE;NORDESTE;-1023.903
2025-03-08 00:00:00;NORTE;NORDESTE;-758.865
2025-03-08 01:00:00;NORTE;NORDESTE;-947.472
2025-03-08 02:00:00;NORTE;NORDESTE;-830.637
2025-03-08 03:00:00;NORTE;NORDESTE;-662.471
2025-03-08 04:00:00;NORTE;NORDESTE;-896.582
2025-03-08 05:00:00;NORTE;NORDESTE;-1437.02
2025-03-08 06:00:00;NORTE;NORDESTE;-2468.693
2025-03-08 07:00:00;NORTE;NORDESTE;-3992.536
2025-03-08 08:00:00;NORTE;NORDESTE;-4573.546
2025-03-08 09:00:00;NORTE;NORDESTE;-4509.416
2025-03-08 10:00:00;NORTE;NORDESTE;-4312.051
2025-03-08 11:00:00;NORTE;NORDESTE;-4060.739
2025-03-08 12:00:00;NORTE;NORDESTE;-4057.253
2025-03-08 13:00:00;NORTE;NORDESTE;-3626.617
2025-03-08 14:00:00;NORTE;NORDESTE;-2818.367
2025-03-08 15:00:00;NORTE;NORDESTE;-1669.373
2025-03-08 16:00:00;NORTE;NORDESTE;-152.895
2025-03-08 17:00:00;NORTE;NORDESTE;275.591
2025-03-08 18:00:00;NORTE;NORDESTE;125.336
2025-03-08 19:00:00;NORTE;NORDESTE;49.539
2025-03-08 20:00:00;NORTE;NORDESTE;-411.383
2025-03-08 21:00:00;NORTE;NORDESTE;-701.628
2025-03-08 22:00:00;NORTE;NORDESTE;-689.9
2025-03-08 23:00:00;NORTE;NORDESTE;-520.703
2025-03-09 00:00:00;NORTE;NORDESTE;-984.852
2025-03-09 01:00:00;NORTE;NORDESTE;-1440.753
2025-03-09 02:00:00;NORTE;NORDESTE;-1567.83
2025-03-09 03:00:00;NORTE;NORDESTE;-1591.46
2025-03-09 04:00:00;NORTE;NORDESTE;-1816.122
2025-03-09 05:00:00;NORTE;NORDESTE;-2561.13
2025-03-09 06:00:00;NORTE;NORDESTE;-3742.42
2025-03-09 07:00:00;NORTE;NORDESTE;-4552.966
2025-03-09 08:00:00;NORTE;NORDESTE;-4676.796
2025-03-09 09:00:00;NORTE;NORDESTE;-4152.823
2025-03-09 10:00:00;NORTE;NORDESTE;-3611.321
2025-03-09 11:00:00;NORTE;NORDESTE;-3398.537
2025-03-09 12:00:00;NORTE;NORDESTE;-3279.936
2025-03-09 13:00:00;NORTE;NORDESTE;-3196.918
2025-03-09 14:00:00;NORTE;NORDESTE;-2584.551
2025-03-09 15:00:00;NORTE;NORDESTE;-1700.708
2025-03-09 16:00:00;NORTE;NORDESTE;545.499
2025-03-09 17:00:00;NORTE;NORDESTE;2765.18
2025-03-09 18:00:00;NORTE;NORDESTE;3177.674
2025-03-09 19:00:00;NORTE;NORDESTE;2783.061
2025-03-09 20:00:00;NORTE;NORDESTE;2192.103
2025-03-09 21:00:00;NORTE;NORDESTE;1910.214
2025-03-09 22:00:00;NORTE;NORDESTE;1671.349
2025-03-09 23:00:00;NORTE;NORDESTE;1463.197
2025-03-10 00:00:00;NORTE;NORDESTE;1366.066
2025-03-10 01:00:00;NORTE;NORDESTE;1871.87
2025-03-10 02:00:00;NORTE;NORDESTE;1805.723
2025-03-10 03:00:00;NORTE;NORDESTE;1886.407
2025-03-10 04:00:00;NORTE;NORDESTE;2214.18199999
2025-03-10 05:00:00;NORTE;NORDESTE;2143.243
2025-03-10 06:00:00;NORTE;NORDESTE;673.734
2025-03-10 07:00:00;NORTE;NORDESTE;-1321.13799999
2025-03-10 08:00:00;NORTE;NORDESTE;-3320.942
2025-03-10 09:00:00;NORTE;NORDESTE;-3186.085
2025-03-10 10:00:00;NORTE;NORDESTE;-2073.757
2025-03-10 11:00:00;NORTE;NORDESTE;-965.472
2025-03-10 12:00:00;NORTE;NORDESTE;-90.111
2025-03-10 13:00:00;NORTE;NORDESTE;1315.722
2025-03-10 14:00:00;NORTE;NORDESTE;2216.266
2025-03-10 15:00:00;NORTE;NORDESTE;3474.77
2025-03-10 16:00:00;NORTE;NORDESTE;3873.32
2025-03-10 17:00:00;NORTE;NORDESTE;3531.419
2025-03-10 18:00:00;NORTE;NORDESTE;3108.412
2025-03-10 19:00:00;NORTE;NORDESTE;2041.896
2025-03-10 20:00:00;NORTE;NORDESTE;817.108
2025-03-10 21:00:00;NORTE;NORDESTE;326.391
2025-03-10 22:00:00;NORTE;NORDESTE;74.637
2025-03-10 23:00:00;NORTE;NORDESTE;-236.6
2025-03-11 00:00:00;NORTE;NORDESTE;5.506
2025-03-11 01:00:00;NORTE;NORDESTE;-232.045
2025-03-11 02:00:00;NORTE;NORDESTE;-524.445
2025-03-11 03:00:00;NORTE;NORDESTE;-471.572
2025-03-11 04:00:00;NORTE;NORDESTE;-456.049
2025-03-11 05:00:00;NORTE;NORDESTE;-645.56899999
2025-03-11 06:00:00;NORTE;NORDESTE;-1386.713
2025-03-11 07:00:00;NORTE;NORDESTE;-2785.798
2025-03-11 08:00:00;NORTE;NORDESTE;-2826.6
2025-03-11 09:00:00;NORTE;NORDESTE;-2738.19999999
2025-03-11 10:00:00;NORTE;NORDESTE;-2628.106
2025-03-11 11:00:00;NORTE;NORDESTE;-2544.702
2025-03-11 12:00:00;NORTE;NORDESTE;-2431.727
2025-03-11 13:00:00;NORTE;NORDESTE;-1362.692
2025-03-11 14:00:00;NORTE;NORDESTE;-378.426
2025-03-11 15:00:00;NORTE;NORDESTE;754.672
2025-03-11 16:00:00;NORTE;NORDESTE;1545.398
2025-03-11 17:00:00;NORTE;NORDESTE;1346.57
2025-03-11 18:00:00;NORTE;NORDESTE;1929.829
2025-03-11 19:00:00;NORTE;NORDESTE;1122.862
2025-03-11 20:00:00;NORTE;NORDESTE;426.555
2025-03-11 21:00:00;NORTE;NORDESTE;50.823
2025-03-11 22:00:00;NORTE;NORDESTE;53.1
2025-03-11 23:00:00;NORTE;NORDESTE;144.965
2025-03-12 00:00:00;NORTE;NORDESTE;-333.565
2025-03-12 01:00:00;NORTE;NORDESTE;-483.956
2025-03-12 02:00:00;NORTE;NORDESTE;-402.324
2025-03-12 03:00:00;NORTE;NORDESTE;-279.97
2025-03-12 04:00:00;NORTE;NORDESTE;-427.014
2025-03-12 05:00:00;NORTE;NORDESTE;-1012.778
2025-03-12 06:00:00;NORTE;NORDESTE;-2212.167
2025-03-12 07:00:00;NORTE;NORDESTE;-3131.439
2025-03-12 08:00:00;NORTE;NORDESTE;-3169.425
2025-03-12 09:00:00;NORTE;NORDESTE;-3155.222
2025-03-12 10:00:00;NORTE;NORDESTE;-3001.631
2025-03-12 11:00:00;NORTE;NORDESTE;-3126.456
2025-03-12 12:00:00;NORTE;NORDESTE;-3047.376
2025-03-12 13:00:00;NORTE;NORDESTE;-2669.246
2025-03-12 14:00:00;NORTE;NORDESTE;-1652.421
2025-03-12 15:00:00;NORTE;NORDESTE;-631.745
2025-03-12 16:00:00;NORTE;NORDESTE;-45.525
2025-03-12 17:00:00;NORTE;NORDESTE;586.088
2025-03-12 18:00:00;NORTE;NORDESTE;620.001
2025-03-12 19:00:00;NORTE;NORDESTE;-383.765
2025-03-12 20:00:00;NORTE;NORDESTE;-1028.208
2025-03-12 21:00:00;NORTE;NORDESTE;-599.101
2025-03-12 22:00:00;NORTE;NORDESTE;-605.347
2025-03-12 23:00:00;NORTE;NORDESTE;-184.171
2025-03-13 00:00:00;NORTE;NORDESTE;-249.589
2025-03-13 01:00:00;NORTE;NORDESTE;-705.616
2025-03-13 02:00:00;NORTE;NORDESTE;-725.743
2025-03-13 03:00:00;NORTE;NORDESTE;-713.962
2025-03-13 04:00:00;NORTE;NORDESTE;-348.167
2025-03-13 05:00:00;NORTE;NORDESTE;-150.461
2025-03-13 06:00:00;NORTE;NORDESTE;-2168.982
2025-03-13 07:00:00;NORTE;NORDESTE;-3782.746
2025-03-13 08:00:00;NORTE;NORDESTE;-3710.15
2025-03-13 09:00:00;NORTE;NORDESTE;-3250.895
2025-03-13 10:00:00;NORTE;NORDESTE;-2506.338
2025-03-13 11:00:00;NORTE;NORDESTE;-1717.13
2025-03-13 12:00:00;NORTE;NORDESTE;-1808.839
2025-03-13 13:00:00;NORTE;NORDESTE;-936.765
2025-03-13 14:00:00;NORTE;NORDESTE;139.196
2025-03-13 15:00:00;NORTE;NORDESTE;1500.306
2025-03-13 16:00:00;NORTE;NORDESTE;2541.105
2025-03-13 17:00:00;NORTE;NORDESTE;3158.554
2025-03-13 18:00:00;NORTE;NORDESTE;2693.719
2025-03-13 19:00:00;NORTE;NORDESTE;1767.885
2025-03-13 20:00:00;NORTE;NORDESTE;45.948
2025-03-13 21:00:00;NORTE;NORDESTE;-352.925
2025-03-13 22:00:00;NORTE;NORDESTE;123.932
2025-03-13 23:00:00;NORTE;NORDESTE;1022.182
2025-03-14 00:00:00;NORTE;NORDESTE;1633.534
2025-03-14 01:00:00;NORTE;NORDESTE;1525.601
2025-03-14 02:00:00;NORTE;NORDESTE;1371.353
2025-03-14 03:00:00;NORTE;NORDESTE;1646.386
2025-03-14 04:00:00;NORTE;NORDESTE;1989.054
2025-03-14 05:00:00;NORTE;NORDESTE;2442.532
2025-03-14 06:00:00;NORTE;NORDESTE;1706.521
2025-03-14 07:00:00;NORTE;NORDESTE;-354.456
2025-03-14 08:00:00;NORTE;NORDESTE;-876.938
2025-03-14 09:00:00;NORTE;NORDESTE;-667.498
2025-03-14 10:00:00;NORTE;NORDESTE;-287.676
2025-03-14 11:00:00;NORTE;NORDESTE;-399.122
2025-03-14 12:00:00;NORTE;NORDESTE;-183.216
2025-03-14 13:00:00;NORTE;NORDESTE;660.955
2025-03-14 14:00:00;NORTE;NORDESTE;1489.101
2025-03-14 15:00:00;NORTE;NORDESTE;2089.683
2025-03-14 16:00:00;NORTE;NORDESTE;3024.118
2025-03-14 17:00:00;NORTE;NORDESTE;3247.231
2025-03-14 18:00:00;NORTE;NORDESTE;2951.293
2025-03-14 19:00:00;NORTE;NORDESTE;2386.96
2025-03-14 20:00:00;NORTE;NORDESTE;2276.049
2025-03-14 21:00:00;NORTE;NORDESTE;2422.344
2025-03-14 22:00:00;NORTE;NORDESTE;2547.594
2025-03-14 23:00:00;NORTE;NORDESTE;2646.013
2025-03-15 00:00:00;NORTE;NORDESTE;2635.367
2025-03-15 01:00:00;NORTE;NORDESTE;2467.765
2025-03-15 02:00:00;NORTE;NORDESTE;2119.357
2025-03-15 03:00:00;NORTE;NORDESTE;1688.825
2025-03-15 04:00:00;NORTE;NORDESTE;1461.035
2025-03-15 05:00:00;NORTE;NORDESTE;1102.657
2025-03-15 06:00:00;NORTE;NORDESTE;-568.07899999
2025-03-15 07:00:00;NORTE;NORDESTE;-1734.935
2025-03-15 08:00:00;NORTE;NORDESTE;-2961.39
2025-03-15 09:00:00;NORTE;NORDESTE;-3989.008
2025-03-15 10:00:00;NORTE;NORDESTE;-3718.972
2025-03-15 11:00:00;NORTE;NORDESTE;-3085.807
2025-03-15 12:00:00;NORTE;NORDESTE;-2776.626
2025-03-15 13:00:00;NORTE;NORDESTE;-2115.36299999
2025-03-15 14:00:00;NORTE;NORDESTE;-1622.967
2025-03-15 15:00:00;NORTE;NORDESTE;-774.458
2025-03-15 16:00:00;NORTE;NORDESTE;423.945
2025-03-15 17:00:00;NORTE;NORDESTE;2075.366
2025-03-15 18:00:00;NORTE;NORDESTE;1781.699
2025-03-15 19:00:00;NORTE;NORDESTE;687.549
2025-03-15 20:00:00;NORTE;NORDESTE;-522.307
2025-03-15 21:00:00;NORTE;NORDESTE;-823.323
2025-03-15 22:00:00;NORTE;NORDESTE;-671.63699999
2025-03-15 23:00:00;NORTE;NORDESTE;-253.78
2025-03-16 00:00:00;NORTE;NORDESTE;-303.029
2025-03-16 01:00:00;NORTE;NORDESTE;66.642
2025-03-16 02:00:00;NORTE;NORDESTE;190.289
2025-03-16 03:00:00;NORTE;NORDESTE;857.552
2025-03-16 04:00:00;NORTE;NORDESTE;1161.323
2025-03-16 05:00:00;NORTE;NORDESTE;1092.612
2025-03-16 06:00:00;NORTE;NORDESTE;-178.821
2025-03-16 07:00:00;NORTE;NORDESTE;-3023.685
2025-03-16 08:00:00;NORTE;NORDESTE;-4349.692
2025-03-16 09:00:00;NORTE;NORDESTE;-3773.184
2025-03-16 10:00:00;NORTE;NORDESTE;-2811.268
2025-03-16 11:00:00;NORTE;NORDESTE;-2475.641
2025-03-16 12:00:00;NORTE;NORDESTE;-2609.581
2025-03-16 13:00:00;NORTE;NORDESTE;-2381.697
2025-03-16 14:00:00;NORTE;NORDESTE;-1783.707
2025-03-16 15:00:00;NORTE;NORDESTE;-74.298
2025-03-16 16:00:00;NORTE;NORDESTE;1415.539
2025-03-16 17:00:00;NORTE;NORDESTE;3333.808
2025-03-16 18:00:00;NORTE;NORDESTE;3047.941
2025-03-16 19:00:00;NORTE;NORDESTE;2381.562
2025-03-16 20:00:00;NORTE;NORDESTE;2129.946
2025-03-16 21:00:00;NORTE;NORDESTE;2004.294
2025-03-16 22:00:00;NORTE;NORDESTE;1850.244
2025-03-16 23:00:00;NORTE;NORDESTE;1983.603
2025-03-17 00:00:00;NORTE;NORDESTE;2229.602
2025-03-17 01:00:00;NORTE;NORDESTE;2158.598
2025-03-17 02:00:00;NORTE;NORDESTE;1875.129
2025-03-17 03:00:00;NORTE;NORDESTE;1295.03299999
2025-03-17 04:00:00;NORTE;NORDESTE;1815.703
2025-03-17 05:00:00;NORTE;NORDESTE;2258.63299999
2025-03-17 06:00:00;NORTE;NORDESTE;1680.897
2025-03-17 07:00:00;NORTE;NORDESTE;-795.319
2025-03-17 08:00:00;NORTE;NORDESTE;-1602.031
2025-03-17 09:00:00;NORTE;NORDESTE;-1348.652
2025-03-17 10:00:00;NORTE;NORDESTE;-950.984
2025-03-17 11:00:00;NORTE;NORDESTE;-154.961
2025-03-17 12:00:00;NORTE;NORDESTE;-365.498
2025-03-17 13:00:00;NORTE;NORDESTE;214.776
2025-03-17 14:00:00;NORTE;NORDESTE;1132.053
2025-03-17 15:00:00;NORTE;NORDESTE;1632.144
2025-03-17 16:00:00;NORTE;NORDESTE;1873.28
2025-03-17 17:00:00;NORTE;NORDESTE;2284.083
2025-03-17 18:00:00;NORTE;NORDESTE;2182.391
2025-03-17 19:00:00;NORTE;NORDESTE;524.722
2025-03-17 20:00:00;NORTE;NORDESTE;-53.995
2025-03-17 21:00:00;NORTE;NORDESTE;298.62
2025-03-17 22:00:00;NORTE;NORDESTE;756.922
2025-03-17 23:00:00;NORTE;NORDESTE;459.233
2025-03-18 00:00:00;NORTE;NORDESTE;135.347
2025-03-18 01:00:00;NORTE;NORDESTE;-17.828
2025-03-18 02:00:00;NORTE;NORDESTE;550.65599999
2025-03-18 03:00:00;NORTE;NORDESTE;1249.817
2025-03-18 04:00:00;NORTE;NORDESTE;1487.551
2025-03-18 05:00:00;NORTE;NORDESTE;2609.791
2025-03-18 06:00:00;NORTE;NORDESTE;2435.543
2025-03-18 07:00:00;NORTE;NORDESTE;99.105
2025-03-18 08:00:00;NORTE;NORDESTE;-1181.205
2025-03-18 09:00:00;NORTE;NORDESTE;-1832.868
2025-03-18 10:00:00;NORTE;NORDESTE;-1757.3
2025-03-18 11:00:00;NORTE;NORDESTE;-1457.994
2025-03-18 12:00:00;NORTE;NORDESTE;-1609.397
2025-03-18 13:00:00;NORTE;NORDESTE;-850.735
2025-03-18 14:00:00;NORTE;NORDESTE;565.277
2025-03-18 15:00:00;NORTE;NORDESTE;1422.968
2025-03-18 16:00:00;NORTE;NORDESTE;3067.648
2025-03-18 17:00:00;NORTE;NORDESTE;3333.447
2025-03-18 18:00:00;NORTE;NORDESTE;3535.773
2025-03-18 19:00:00;NORTE;NORDESTE;3007.01
2025-03-18 20:00:00;NORTE;NORDESTE;2833.502
2025-03-18 21:00:00;NORTE;NORDESTE;2755.03
2025-03-18 22:00:00;NORTE;NORDESTE;2251.71799999
2025-03-18 23:00:00;NORTE;NORDESTE;2277.089
2025-03-19 00:00:00;NORTE;NORDESTE;2237.827
2025-03-19 01:00:00;NORTE;NORDESTE;2032.657
2025-03-19 02:00:00;NORTE;NORDESTE;1822.435
2025-03-19 03:00:00;NORTE;NORDESTE;1873.643
2025-03-19 04:00:00;NORTE;NORDESTE;2361.585
2025-03-19 05:00:00;NORTE;NORDESTE;2895.94
2025-03-19 06:00:00;NORTE;NORDESTE;2734.489
2025-03-19 07:00:00;NORTE;NORDESTE;161.834
2025-03-19 08:00:00;NORTE;NORDESTE;-1085.23499999
2025-03-19 09:00:00;NORTE;NORDESTE;-1212.589
2025-03-19 10:00:00;NORTE;NORDESTE;-836.8
2025-03-19 11:00:00;NORTE;NORDESTE;-757.211
2025-03-19 12:00:00;NORTE;NORDESTE;-972.402
2025-03-19 13:00:00;NORTE;NORDESTE;-241.153
2025-03-19 14:00:00;NORTE;NORDESTE;1155.145
2025-03-19 15:00:00;NORTE;NORDESTE;1754.664
2025-03-19 16:00:00;NORTE;NORDESTE;2417.783
2025-03-19 17:00:00;NORTE;NORDESTE;2953.444
2025-03-19 18:00:00;NORTE;NORDESTE;2497.214
2025-03-19 19:00:00;NORTE;NORDESTE;1729.39
2025-03-19 20:00:00;NORTE;NORDESTE;1377.289
2025-03-19 21:00:00;NORTE;NORDESTE;1574.802
2025-03-19 22:00:00;NORTE;NORDESTE;1428.214
2025-03-19 23:00:00;NORTE;NORDESTE;1923.325
2025-03-20 00:00:00;NORTE;NORDESTE;2144.973
2025-03-20 01:00:00;NORTE;NORDESTE;2474.786
2025-03-20 02:00:00;NORTE;NORDESTE;3037.311
2025-03-20 03:00:00;NORTE;NORDESTE;3405.157
2025-03-20 04:00:00;NORTE;NORDESTE;3656.717
2025-03-20 05:00:00;NORTE;NORDESTE;3657.641
2025-03-20 06:00:00;NORTE;NORDESTE;2860.082
2025-03-20 07:00:00;NORTE;NORDESTE;430.716
2025-03-20 08:00:00;NORTE;NORDESTE;-1526.902
2025-03-20 09:00:00;NORTE;NORDESTE;-2181.333
2025-03-20 10:00:00;NORTE;NORDESTE;-2045.862
2025-03-20 11:00:00;NORTE;NORDESTE;-1623.889
2025-03-20 12:00:00;NORTE;NORDESTE;-1485.85
2025-03-20 13:00:00;NORTE;NORDESTE;-1266.52299999
2025-03-20 14:00:00;NORTE;NORDESTE;-766.71
2025-03-20 15:00:00;NORTE;NORDESTE;212.669
2025-03-20 16:00:00;NORTE;NORDESTE;1607.617
2025-03-20 17:00:00;NORTE;NORDESTE;2731.26899999
2025-03-20 18:00:00;NORTE;NORDESTE;2386.404
2025-03-20 19:00:00;NORTE;NORDESTE;1847.39
2025-03-20 20:00:00;NORTE;NORDESTE;1990.138
2025-03-20 21:00:00;NORTE;NORDESTE;2453.87199999
2025-03-20 22:00:00;NORTE;NORDESTE;2507.395
2025-03-20 23:00:00;NORTE;NORDESTE;3007.353
2025-03-21 00:00:00;NORTE;NORDESTE;3336.603
2025-03-21 01:00:00;NORTE;NORDESTE;2665.288
2025-03-21 02:00:00;NORTE;NORDESTE;2785.661
2025-03-21 03:00:00;NORTE;NORDESTE;2787.282
2025-03-21 04:00:00;NORTE;NORDESTE;2960.602
2025-03-21 05:00:00;NORTE;NORDESTE;2839.403
2025-03-21 06:00:00;NORTE;NORDESTE;2681.321
2025-03-21 07:00:00;NORTE;NORDESTE;164.804
2025-03-21 08:00:00;NORTE;NORDESTE;-2024.787
2025-03-21 09:00:00;NORTE;NORDESTE;-2242.687
2025-03-21 10:00:00;NORTE;NORDESTE;-2043.757
2025-03-21 11:00:00;NORTE;NORDESTE;-2030.251
2025-03-21 12:00:00;NORTE;NORDESTE;-2573.588
2025-03-21 13:00:00;NORTE;NORDESTE;-2235.969
2025-03-21 14:00:00;NORTE;NORDESTE;-600.065
2025-03-21 15:00:00;NORTE;NORDESTE;698.301
2025-03-21 16:00:00;NORTE;NORDESTE;2163.846
2025-03-21 17:00:00;NORTE;NORDESTE;3136.972
2025-03-21 18:00:00;NORTE;NORDESTE;2569.94
2025-03-21 19:00:00;NORTE;NORDESTE;1728.788
2025-03-21 20:00:00;NORTE;NORDESTE;1407.663
2025-03-21 21:00:00;NORTE;NORDESTE;1735.305
2025-03-21 22:00:00;NORTE;NORDESTE;2356.07499999
2025-03-21 23:00:00;NORTE;NORDESTE;2895.943
2025-03-22 00:00:00;NORTE;NORDESTE;3030.844
2025-03-22 01:00:00;NORTE;NORDESTE;3160.64
2025-03-22 02:00:00;NORTE;NORDESTE;3242.8
2025-03-22 03:00:00;NORTE;NORDESTE;3144.545
2025-03-22 04:00:00;NORTE;NORDESTE;2941.801
2025-03-22 05:00:00;NORTE;NORDESTE;2536.42
2025-03-22 06:00:00;NORTE;NORDESTE;1432.335
2025-03-22 07:00:00;NORTE;NORDESTE;-1123.416
2025-03-22 08:00:00;NORTE;NORDESTE;-3280.767
2025-03-22 09:00:00;NORTE;NORDESTE;-3890.415
2025-03-22 10:00:00;NORTE;NORDESTE;-3925.325
2025-03-22 11:00:00;NORTE;NORDESTE;-3470.773
2025-03-22 12:00:00;NORTE;NORDESTE;-3234.419
2025-03-22 13:00:00;NORTE;NORDESTE;-3087.908
2025-03-22 14:00:00;NORTE;NORDESTE;-2647.369
2025-03-22 15:00:00;NORTE;NORDESTE;-1770.261
2025-03-22 16:00:00;NORTE;NORDESTE;-157.582
2025-03-22 17:00:00;NORTE;NORDESTE;1725.0
2025-03-22 18:00:00;NORTE;NORDESTE;1760.242
2025-03-22 19:00:00;NORTE;NORDESTE;725.401
2025-03-22 20:00:00;NORTE;NORDESTE;-1.191
2025-03-22 21:00:00;NORTE;NORDESTE;504.878
2025-03-22 22:00:00;NORTE;NORDESTE;1205.191
2025-03-22 23:00:00;NORTE;NORDESTE;2004.573
2025-03-23 00:00:00;NORTE;NORDESTE;2235.875
2025-03-23 01:00:00;NORTE;NORDESTE;2275.071
2025-03-23 02:00:00;NORTE;NORDESTE;2249.344
2025-03-23 03:00:00;NORTE;NORDESTE;1785.614
2025-03-23 04:00:00;NORTE;NORDESTE;1646.929
2025-03-23 05:00:00;NORTE;NORDESTE;1383.742
2025-03-23 06:00:00;NORTE;NORDESTE;-95.24
2025-03-23 07:00:00;NORTE;NORDESTE;-1770.298
2025-03-23 08:00:00;NORTE;NORDESTE;-1954.989
2025-03-23 09:00:00;NORTE;NORDESTE;-1911.754
2025-03-23 10:00:00;NORTE;NORDESTE;-1924.115
2025-03-23 11:00:00;NORTE;NORDESTE;-2505.561
2025-03-23 12:00:00;NORTE;NORDESTE;-3090.689
2025-03-23 13:00:00;NORTE;NORDESTE;-3039.612
2025-03-23 14:00:00;NORTE;NORDESTE;-2128.004
2025-03-23 15:00:00;NORTE;NORDESTE;-1567.066
2025-03-23 16:00:00;NORTE;NORDESTE;-43.385
2025-03-23 17:00:00;NORTE;NORDESTE;2035.926
2025-03-23 18:00:00;NORTE;NORDESTE;2341.626
2025-03-23 19:00:00;NORTE;NORDESTE;1746.382
2025-03-23 20:00:00;NORTE;NORDESTE;1097.002
2025-03-23 21:00:00;NORTE;NORDESTE;1005.505
2025-03-23 22:00:00;NORTE;NORDESTE;1723.428
2025-03-23 23:00:00;NORTE;NORDESTE;2350.458
2025-03-24 00:00:00;NORTE;NORDESTE;2828.425
2025-03-24 01:00:00;NORTE;NORDESTE;2878.336
2025-03-24 02:00:00;NORTE;NORDESTE;2807.491
2025-03-24 03:00:00;NORTE;NORDESTE;3004.814
2025-03-24 04:00:00;NORTE;NORDESTE;3113.863
2025-03-24 05:00:00;NORTE;NORDESTE;3008.122
2025-03-24 06:00:00;NORTE;NORDESTE;1715.015
2025-03-24 07:00:00;NORTE;NORDESTE;-476.433
2025-03-24 08:00:00;NORTE;NORDESTE;-1820.662
2025-03-24 09:00:00;NORTE;NORDESTE;-1639.921
2025-03-24 10:00:00;NORTE;NORDESTE;-959.393
2025-03-24 11:00:00;NORTE;NORDESTE;-1023.122
2025-03-24 12:00:00;NORTE;NORDESTE;-1336.578
2025-03-24 13:00:00;NORTE;NORDESTE;-820.23
2025-03-24 14:00:00;NORTE;NORDESTE;614.226
2025-03-24 15:00:00;NORTE;NORDESTE;1174.54199999
2025-03-24 16:00:00;NORTE;NORDESTE;1557.505
2025-03-24 17:00:00;NORTE;NORDESTE;1640.439
2025-03-24 18:00:00;NORTE;NORDESTE;648.908
2025-03-24 19:00:00;NORTE;NORDESTE;-614.355
2025-03-24 20:00:00;NORTE;NORDESTE;-766.811
2025-03-24 21:00:00;NORTE;NORDESTE;112.023
2025-03-24 22:00:00;NORTE;NORDESTE;629.381
2025-03-24 23:00:00;NORTE;NORDESTE;1145.48
2025-03-25 00:00:00;NORTE;NORDESTE;1376.339
2025-03-25 01:00:00;NORTE;NORDESTE;1433.302
2025-03-25 02:00:00;NORTE;NORDESTE;1748.664
2025-03-25 03:00:00;NORTE;NORDESTE;2051.582
2025-03-25 04:00:00;NORTE;NORDESTE;2149.317
2025-03-25 05:00:00;NORTE;NORDESTE;2414.723
2025-03-25 06:00:00;NORTE;NORDESTE;556.409
2025-03-25 07:00:00;NORTE;NORDESTE;-1280.329
2025-03-25 08:00:00;NORTE;NORDESTE;-1998.035
2025-03-25 09:00:00;NORTE;NORDESTE;-2040.473
2025-03-25 10:00:00;NORTE;NORDESTE;-1709.589
2025-03-25 11:00:00;NORTE;NORDESTE;-1183.839
2025-03-25 12:00:00;NORTE;NORDESTE;-845.129
2025-03-25 13:00:00;NORTE;NORDESTE;-133.17599999
2025-03-25 14:00:00;NORTE;NORDESTE;351.613
2025-03-25 15:00:00;NORTE;NORDESTE;1072.194
2025-03-25 16:00:00;NORTE;NORDESTE;1262.901
2025-03-25 17:00:00;NORTE;NORDESTE;2167.992
2025-03-25 18:00:00;NORTE;NORDESTE;2035.317
2025-03-25 19:00:00;NORTE;NORDESTE;1363.84099999
2025-03-25 20:00:00;NORTE;NORDESTE;1135.249
2025-03-25 21:00:00;NORTE;NORDESTE;1084.548
2025-03-25 22:00:00;NORTE;NORDESTE;1169.205
2025-03-25 23:00:00;NORTE;NORDESTE;1573.466
2025-03-26 00:00:00;NORTE;NORDESTE;1739.93
2025-03-26 01:00:00;NORTE;NORDESTE;1777.023
2025-03-26 02:00:00;NORTE;NORDESTE;1570.807
2025-03-26 03:00:00;NORTE;NORDESTE;1348.353
2025-03-26 04:00:00;NORTE;NORDESTE;1444.387
2025-03-26 05:00:00;NORTE;NORDESTE;1935.354
2025-03-26 06:00:00;NORTE;NORDESTE;764.882
2025-03-26 07:00:00;NORTE;NORDESTE;-865.787
2025-03-26 08:00:00;NORTE;NORDESTE;-948.761
2025-03-26 09:00:00;NORTE;NORDESTE;-697.631
2025-03-26 10:00:00;NORTE;NORDESTE;-468.438
2025-03-26 11:00:00;NORTE;NORDESTE;-73.44199999
2025-03-26 12:00:00;NORTE;NORDESTE;46.345
2025-03-26 13:00:00;NORTE;NORDESTE;527.20399999
2025-03-26 14:00:00;NORTE;NORDESTE;1133.146
2025-03-26 15:00:00;NORTE;NORDESTE;1676.658
2025-03-26 16:00:00;NORTE;NORDESTE;2338.733
2025-03-26 17:00:00;NORTE;NORDESTE;2634.042
2025-03-26 18:00:00;NORTE;NORDESTE;2174.79599999
2025-03-26 19:00:00;NORTE;NORDESTE;1102.057
2025-03-26 20:00:00;NORTE;NORDESTE;333.479
2025-03-26 21:00:00;NORTE;NORDESTE;405.004
2025-03-26 22:00:00;NORTE;NORDESTE;912.799
2025-03-26 23:00:00;NORTE;NORDESTE;1314.272
2025-03-27 00:00:00;NORTE;NORDESTE;1454.277
2025-03-27 01:00:00;NORTE;NORDESTE;1585.407
2025-03-27 02:00:00;NORTE;NORDESTE;1744.952
2025-03-27 03:00:00;NORTE;NORDESTE;1490.034
2025-03-27 04:00:00;NORTE;NORDESTE;1940.134
2025-03-27 05:00:00;NORTE;NORDESTE;2034.786
2025-03-27 06:00:00;NORTE;NORDESTE;1087.457
2025-03-27 07:00:00;NORTE;NORDESTE;-711.361
2025-03-27 08:00:00;NORTE;NORDESTE;-1631.789
2025-03-27 09:00:00;NORTE;NORDESTE;-1468.978
2025-03-27 10:00:00;NORTE;NORDESTE;-1638.549
2025-03-27 11:00:00;NORTE;NORDESTE;-1588.996
2025-03-27 12:00:00;NORTE;NORDESTE;-1063.934
2025-03-27 13:00:00;NORTE;NORDESTE;-109.779
2025-03-27 14:00:00;NORTE;NORDESTE;548.85299999
2025-03-27 15:00:00;NORTE;NORDESTE;752.17
2025-03-27 16:00:00;NORTE;NORDESTE;1693.625
2025-03-27 17:00:00;NORTE;NORDESTE;2120.51
2025-03-27 18:00:00;NORTE;NORDESTE;1890.137
2025-03-27 19:00:00;NORTE;NORDESTE;1570.502
2025-03-27 20:00:00;NORTE;NORDESTE;1064.702
2025-03-27 21:00:00;NORTE;NORDESTE;1239.213
2025-03-27 22:00:00;NORTE;NORDESTE;1392.661
2025-03-27 23:00:00;NORTE;NORDESTE;1992.079
2025-03-28 00:00:00;NORTE;NORDESTE;2135.27799999
2025-03-28 01:00:00;NORTE;NORDESTE;2318.681
2025-03-28 02:00:00;NORTE;NORDESTE;2080.472
2025-03-28 03:00:00;NORTE;NORDESTE;2107.732
2025-03-28 04:00:00;NORTE;NORDESTE;2219.746
2025-03-28 05:00:00;NORTE;NORDESTE;2323.917
2025-03-28 06:00:00;NORTE;NORDESTE;1880.062
2025-03-28 07:00:00;NORTE;NORDESTE;506.499
2025-03-28 08:00:00;NORTE;NORDESTE;-510.816
2025-03-28 09:00:00;NORTE;NORDESTE;-1466.091
2025-03-28 10:00:00;NORTE;NORDESTE;-1677.419
2025-03-28 11:00:00;NORTE;NORDESTE;-1984.465
2025-03-28 12:00:00;NORTE;NORDESTE;-2780.94
2025-03-28 13:00:00;NORTE;NORDESTE;-2070.571
2025-03-28 14:00:00;NORTE;NORDESTE;-1478.564
2025-03-28 15:00:00;NORTE;NORDESTE;-983.094
2025-03-28 16:00:00;NORTE;NORDESTE;415.843
2025-03-28 17:00:00;NORTE;NORDESTE;1810.883
2025-03-28 18:00:00;NORTE;NORDESTE;1950.545
2025-03-28 19:00:00;NORTE;NORDESTE;1589.012
2025-03-28 20:00:00;NORTE;NORDESTE;1390.771
2025-03-28 21:00:00;NORTE;NORDESTE;1338.05199999
2025-03-28 22:00:00;NORTE;NORDESTE;1482.597
2025-03-28 23:00:00;NORTE;NORDESTE;1606.903
2025-03-29 00:00:00;NORTE;NORDESTE;1419.418
2025-03-29 01:00:00;NORTE;NORDESTE;1628.764
2025-03-29 02:00:00;NORTE;NORDESTE;1860.478
2025-03-29 03:00:00;NORTE;NORDESTE;1366.355
2025-03-29 04:00:00;NORTE;NORDESTE;1370.642
2025-03-29 05:00:00;NORTE;NORDESTE;1083.364
2025-03-29 06:00:00;NORTE;NORDESTE;58.413
2025-03-29 07:00:00;NORTE;NORDESTE;-2084.495
2025-03-29 08:00:00;NORTE;NORDESTE;-2971.792
2025-03-29 09:00:00;NORTE;NORDESTE;-2969.59
2025-03-29 10:00:00;NORTE;NORDESTE;-2214.27799999
2025-03-29 11:00:00;NORTE;NORDESTE;-2108.655
2025-03-29 12:00:00;NORTE;NORDESTE;-2170.418
2025-03-29 13:00:00;NORTE;NORDESTE;-2093.68199999
2025-03-29 14:00:00;NORTE;NORDESTE;-2675.107
2025-03-29 15:00:00;NORTE;NORDESTE;-1721.888
2025-03-29 16:00:00;NORTE;NORDESTE;-389.101
2025-03-29 17:00:00;NORTE;NORDESTE;1108.397
2025-03-29 18:00:00;NORTE;NORDESTE;1172.248
2025-03-29 19:00:00;NORTE;NORDESTE;-360.946
2025-03-29 20:00:00;NORTE;NORDESTE;-528.432
2025-03-29 21:00:00;NORTE;NORDESTE;-432.664
2025-03-29 22:00:00;NORTE;NORDESTE;-127.714
2025-03-29 23:00:00;NORTE;NORDESTE;637.291
2025-03-30 00:00:00;NORTE;NORDESTE;1010.984
2025-03-30 01:00:00;NORTE;NORDESTE;1296.294
2025-03-30 02:00:00;NORTE;NORDESTE;1520.573
2025-03-30 03:00:00;NORTE;NORDESTE;1578.71
2025-03-30 04:00:00;NORTE;NORDESTE;1336.348
2025-03-30 05:00:00;NORTE;NORDESTE;1227.503
2025-03-30 06:00:00;NORTE;NORDESTE;-161.762
2025-03-30 07:00:00;NORTE;NORDESTE;-2335.811
2025-03-30 08:00:00;NORTE;NORDESTE;-2798.25
2025-03-30 09:00:00;NORTE;NORDESTE;-1993.757
2025-03-30 10:00:00;NORTE;NORDESTE;-1404.908
2025-03-30 11:00:00;NORTE;NORDESTE;-1155.073
2025-03-30 12:00:00;NORTE;NORDESTE;-1075.193
2025-03-30 13:00:00;NORTE;NORDESTE;-1389.772
2025-03-30 14:00:00;NORTE;NORDESTE;-1936.682
2025-03-30 15:00:00;NORTE;NORDESTE;-2478.969
2025-03-30 16:00:00;NORTE;NORDESTE;-1973.653
2025-03-30 17:00:00;NORTE;NORDESTE;532.073
2025-03-30 18:00:00;NORTE;NORDESTE;196.135
2025-03-30 19:00:00;NORTE;NORDESTE;-580.41
2025-03-30 20:00:00;NORTE;NORDESTE;-783.546
2025-03-30 21:00:00;NORTE;NORDESTE;-763.413
2025-03-30 22:00:00;NORTE;NORDESTE;-321.604
2025-03-30 23:00:00;NORTE;NORDESTE;118.048
2025-03-31 00:00:00;NORTE;NORDESTE;-153.098
2025-03-31 01:00:00;NORTE;NORDESTE;-380.132
2025-03-31 02:00:00;NORTE;NORDESTE;-750.176
2025-03-31 03:00:00;NORTE;NORDESTE;-1195.94599999
2025-03-31 04:00:00;NORTE;NORDESTE;-1456.75
2025-03-31 05:00:00;NORTE;NORDESTE;-1707.535
2025-03-31 06:00:00;NORTE;NORDESTE;-2477.648
2025-03-31 07:00:00;NORTE;NORDESTE;-3308.187
2025-03-31 08:00:00;NORTE;NORDESTE;-3362.468
2025-03-31 09:00:00;NORTE;NORDESTE;-3219.182
2025-03-31 10:00:00;NORTE;NORDESTE;-2980.813
2025-03-31 11:00:00;NORTE;NORDESTE;-2689.02
2025-03-31 12:00:00;NORTE;NORDESTE;-2715.112
2025-03-31 13:00:00;NORTE;NORDESTE;-1981.584
2025-03-31 14:00:00;NORTE;NORDESTE;-766.848
2025-03-31 15:00:00;NORTE;NORDESTE;880.256
2025-03-31 16:00:00;NORTE;NORDESTE;1586.365
2025-03-31 17:00:00;NORTE;NORDESTE;1799.059
2025-03-31 18:00:00;NORTE;NORDESTE;1579.369
2025-03-31 19:00:00;NORTE;NORDESTE;204.85
2025-03-31 20:00:00;NORTE;NORDESTE;-147.773
2025-03-31 21:00:00;NORTE;NORDESTE;-395.871
2025-03-31 22:00:00;NORTE;NORDESTE;-1035.537
2025-03-31 23:00:00;NORTE;NORDESTE;-1145.563
2025-04-01 00:00:00;NORTE;NORDESTE;-893.794
2025-04-01 01:00:00;NORTE;NORDESTE;-1227.521
2025-04-01 02:00:00;NORTE;NORDESTE;-1240.351
2025-04-01 03:00:00;NORTE;NORDESTE;-1392.958
2025-04-01 04:00:00;NORTE;NORDESTE;-1352.10999999
2025-04-01 05:00:00;NORTE;NORDESTE;-1333.06099999
2025-04-01 06:00:00;NORTE;NORDESTE;-2578.192
2025-04-01 07:00:00;NORTE;NORDESTE;-3503.066
2025-04-01 08:00:00;NORTE;NORDESTE;-3350.718
2025-04-01 09:00:00;NORTE;NORDESTE;-3638.181
2025-04-01 10:00:00;NORTE;NORDESTE;-3462.995
2025-04-01 11:00:00;NORTE;NORDESTE;-3257.058
2025-04-01 12:00:00;NORTE;NORDESTE;-3925.399
2025-04-01 13:00:00;NORTE;NORDESTE;-3579.897
2025-04-01 14:00:00;NORTE;NORDESTE;-2292.964
2025-04-01 15:00:00;NORTE;NORDESTE;-1667.543
2025-04-01 16:00:00;NORTE;NORDESTE;-516.589
2025-04-01 17:00:00;NORTE;NORDESTE;95.525
2025-04-01 18:00:00;NORTE;NORDESTE;-635.03
2025-04-01 19:00:00;NORTE;NORDESTE;-1705.7
2025-04-01 20:00:00;NORTE;NORDESTE;-1804.424
2025-04-01 21:00:00;NORTE;NORDESTE;-1740.721
2025-04-01 22:00:00;NORTE;NORDESTE;-1686.494
2025-04-01 23:00:00;NORTE;NORDESTE;-880.205
2025-04-02 00:00:00;NORTE;NORDESTE;-208.018
2025-04-02 01:00:00;NORTE;NORDESTE;221.249
2025-04-02 02:00:00;NORTE;NORDESTE;712.145
2025-04-02 03:00:00;NORTE;NORDESTE;1100.557
2025-04-02 04:00:00;NORTE;NORDESTE;1436.241
2025-04-02 05:00:00;NORTE;NORDESTE;1638.637
2025-04-02 06:00:00;NORTE;NORDESTE;246.249
2025-04-02 07:00:00;NORTE;NORDESTE;-2217.844
2025-04-02 08:00:00;NORTE;NORDESTE;-2897.307
2025-04-02 09:00:00;NORTE;NORDESTE;-3182.641
2025-04-02 10:00:00;NORTE;NORDESTE;-2836.887
2025-04-02 11:00:00;NORTE;NORDESTE;-2456.437
2025-04-02 12:00:00;NORTE;NORDESTE;-2084.044
2025-04-02 13:00:00;NORTE;NORDESTE;-1869.854
2025-04-02 14:00:00;NORTE;NORDESTE;-422.076
2025-04-02 15:00:00;NORTE;NORDESTE;1018.256
2025-04-02 16:00:00;NORTE;NORDESTE;2158.091
2025-04-02 17:00:00;NORTE;NORDESTE;3759.803
2025-04-02 18:00:00;NORTE;NORDESTE;3328.908
2025-04-02 19:00:00;NORTE;NORDESTE;2710.612
2025-04-02 20:00:00;NORTE;NORDESTE;2380.915
2025-04-02 21:00:00;NORTE;NORDESTE;2184.90299999
2025-04-02 22:00:00;NORTE;NORDESTE;1999.493
2025-04-02 23:00:00;NORTE;NORDESTE;1852.526
2025-04-03 00:00:00;NORTE;NORDESTE;1284.378
2025-04-03 01:00:00;NORTE;NORDESTE;306.69099999
2025-04-03 02:00:00;NORTE;NORDESTE;75.158
2025-04-03 03:00:00;NORTE;NORDESTE;156.728
2025-04-03 04:00:00;NORTE;NORDESTE;279.63799999
2025-04-03 05:00:00;NORTE;NORDESTE;88.143
2025-04-03 06:00:00;NORTE;NORDESTE;-736.368
2025-04-03 07:00:00;NORTE;NORDESTE;-1278.66799999
2025-04-03 08:00:00;NORTE;NORDESTE;-2543.232
2025-04-03 09:00:00;NORTE;NORDESTE;-2970.882
2025-04-03 10:00:00;NORTE;NORDESTE;-2738.631
2025-04-03 11:00:00;NORTE;NORDESTE;-2983.426
2025-04-03 12:00:00;NORTE;NORDESTE;-2583.915
2025-04-03 13:00:00;NORTE;NORDESTE;-1116.384
2025-04-03 14:00:00;NORTE;NORDESTE;140.316
2025-04-03 15:00:00;NORTE;NORDESTE;548.53
2025-04-03 16:00:00;NORTE;NORDESTE;1195.27299999
2025-04-03 17:00:00;NORTE;NORDESTE;1848.568
2025-04-03 18:00:00;NORTE;NORDESTE;996.296
2025-04-03 19:00:00;NORTE;NORDESTE;-597.88199999
2025-04-03 20:00:00;NORTE;NORDESTE;-1370.361
2025-04-03 21:00:00;NORTE;NORDESTE;-1394.242
2025-04-03 22:00:00;NORTE;NORDESTE;-1350.732
2025-04-03 23:00:00;NORTE;NORDESTE;-1251.679
2025-04-04 00:00:00;NORTE;NORDESTE;-1624.761
2025-04-04 01:00:00;NORTE;NORDESTE;-1422.569
2025-04-04 02:00:00;NORTE;NORDESTE;-1175.05199999
2025-04-04 03:00:00;NORTE;NORDESTE;-1018.159
2025-04-04 04:00:00;NORTE;NORDESTE;-795.951
2025-04-04 05:00:00;NORTE;NORDESTE;-487.655
2025-04-04 06:00:00;NORTE;NORDESTE;-1259.336
2025-04-04 07:00:00;NORTE;NORDESTE;-2623.103
2025-04-04 08:00:00;NORTE;NORDESTE;-3237.875
2025-04-04 09:00:00;NORTE;NORDESTE;-3528.653
2025-04-04 10:00:00;NORTE;NORDESTE;-3249.869
2025-04-04 11:00:00;NORTE;NORDESTE;-2611.355
2025-04-04 12:00:00;NORTE;NORDESTE;-2508.09499999
2025-04-04 13:00:00;NORTE;NORDESTE;-1698.689
2025-04-04 14:00:00;NORTE;NORDESTE;-187.256
2025-04-04 15:00:00;NORTE;NORDESTE;681.517
2025-04-04 16:00:00;NORTE;NORDESTE;1227.256
2025-04-04 17:00:00;NORTE;NORDESTE;1546.388
2025-04-04 18:00:00;NORTE;NORDESTE;1070.176
2025-04-04 19:00:00;NORTE;NORDESTE;369.092
2025-04-04 20:00:00;NORTE;NORDESTE;-403.095
2025-04-04 21:00:00;NORTE;NORDESTE;-484.631
2025-04-04 22:00:00;NORTE;NORDESTE;-516.95899999
2025-04-04 23:00:00;NORTE;NORDESTE;306.319
2025-04-05 00:00:00;NORTE;NORDESTE;981.095
2025-04-05 01:00:00;NORTE;NORDESTE;1050.894
2025-04-05 02:00:00;NORTE;NORDESTE;414.197
2025-04-05 03:00:00;NORTE;NORDESTE;-349.213
2025-04-05 04:00:00;NORTE;NORDESTE;-498.165
2025-04-05 05:00:00;NORTE;NORDESTE;-518.57
2025-04-05 06:00:00;NORTE;NORDESTE;-2053.19099999
2025-04-05 07:00:00;NORTE;NORDESTE;-3391.553
2025-04-05 08:00:00;NORTE;NORDESTE;-3190.535
2025-04-05 09:00:00;NORTE;NORDESTE;-3603.187
2025-04-05 10:00:00;NORTE;NORDESTE;-3418.155
2025-04-05 11:00:00;NORTE;NORDESTE;-3031.266
2025-04-05 12:00:00;NORTE;NORDESTE;-2597.775
2025-04-05 13:00:00;NORTE;NORDESTE;-2480.138
2025-04-05 14:00:00;NORTE;NORDESTE;-2167.98
2025-04-05 15:00:00;NORTE;NORDESTE;-1509.989
2025-04-05 16:00:00;NORTE;NORDESTE;-98.61
2025-04-05 17:00:00;NORTE;NORDESTE;1006.949
2025-04-05 18:00:00;NORTE;NORDESTE;1153.141
2025-04-05 19:00:00;NORTE;NORDESTE;-871.704
2025-04-05 20:00:00;NORTE;NORDESTE;-2337.464
2025-04-05 21:00:00;NORTE;NORDESTE;-1909.341
2025-04-05 22:00:00;NORTE;NORDESTE;-1964.072
2025-04-05 23:00:00;NORTE;NORDESTE;-2212.888
2025-04-06 00:00:00;NORTE;NORDESTE;-2232.751
2025-04-06 01:00:00;NORTE;NORDESTE;-2637.15
2025-04-06 02:00:00;NORTE;NORDESTE;-2657.251
2025-04-06 03:00:00;NORTE;NORDESTE;-2783.662
2025-04-06 04:00:00;NORTE;NORDESTE;-3131.718
2025-04-06 05:00:00;NORTE;NORDESTE;-3313.781
2025-04-06 06:00:00;NORTE;NORDESTE;-3444.787
2025-04-06 07:00:00;NORTE;NORDESTE;-3442.961
2025-04-06 08:00:00;NORTE;NORDESTE;-3311.897
2025-04-06 09:00:00;NORTE;NORDESTE;-2279.605
2025-04-06 10:00:00;NORTE;NORDESTE;-1626.658
2025-04-06 11:00:00;NORTE;NORDESTE;-1468.23
2025-04-06 12:00:00;NORTE;NORDESTE;-1542.633
2025-04-06 13:00:00;NORTE;NORDESTE;-1625.443
2025-04-06 14:00:00;NORTE;NORDESTE;-1594.429
2025-04-06 15:00:00;NORTE;NORDESTE;-1010.592
2025-04-06 16:00:00;NORTE;NORDESTE;-343.029
2025-04-06 17:00:00;NORTE;NORDESTE;-638.913
2025-04-06 18:00:00;NORTE;NORDESTE;-795.523
2025-04-06 19:00:00;NORTE;NORDESTE;-1609.426
2025-04-06 20:00:00;NORTE;NORDESTE;-2074.881
2025-04-06 21:00:00;NORTE;NORDESTE;-2286.994
2025-04-06 22:00:00;NORTE;NORDESTE;-2417.96099999
2025-04-06 23:00:00;NORTE;NORDESTE;-2407.627
2025-04-07 00:00:00;NORTE;NORDESTE;-2922.849
2025-04-07 01:00:00;NORTE;NORDESTE;-2914.244
2025-04-07 02:00:00;NORTE;NORDESTE;-2903.201
2025-04-07 03:00:00;NORTE;NORDESTE;-3026.413
2025-04-07 04:00:00;NORTE;NORDESTE;-2971.9
2025-04-07 05:00:00;NORTE;NORDESTE;-2853.959
2025-04-07 06:00:00;NORTE;NORDESTE;-3104.555
2025-04-07 07:00:00;NORTE;NORDESTE;-3789.054
2025-04-07 08:00:00;NORTE;NORDESTE;-4255.167
2025-04-07 09:00:00;NORTE;NORDESTE;-3835.963
2025-04-07 10:00:00;NORTE;NORDESTE;-3314.557
2025-04-07 11:00:00;NORTE;NORDESTE;-3211.09
2025-04-07 12:00:00;NORTE;NORDESTE;-2865.196
2025-04-07 13:00:00;NORTE;NORDESTE;-2472.494
2025-04-07 14:00:00;NORTE;NORDESTE;-976.144
2025-04-07 15:00:00;NORTE;NORDESTE;802.81
2025-04-07 16:00:00;NORTE;NORDESTE;2337.654
2025-04-07 17:00:00;NORTE;NORDESTE;3112.34
2025-04-07 18:00:00;NORTE;NORDESTE;2111.04799999
2025-04-07 19:00:00;NORTE;NORDESTE;1273.291
2025-04-07 20:00:00;NORTE;NORDESTE;664.364
2025-04-07 21:00:00;NORTE;NORDESTE;125.291
2025-04-07 22:00:00;NORTE;NORDESTE;-505.931
2025-04-07 23:00:00;NORTE;NORDESTE;-1071.71499999
2025-04-08 00:00:00;NORTE;NORDESTE;-765.468
2025-04-08 01:00:00;NORTE;NORDESTE;-1346.585
2025-04-08 02:00:00;NORTE;NORDESTE;-1674.59
2025-04-08 03:00:00;NORTE;NORDESTE;-1894.149
2025-04-08 04:00:00;NORTE;NORDESTE;-1974.727
2025-04-08 05:00:00;NORTE;NORDESTE;-1804.777
2025-04-08 06:00:00;NORTE;NORDESTE;-2556.047
2025-04-08 07:00:00;NORTE;NORDESTE;-3684.253
2025-04-08 08:00:00;NORTE;NORDESTE;-3683.399
2025-04-08 09:00:00;NORTE;NORDESTE;-2928.038
2025-04-08 10:00:00;NORTE;NORDESTE;-2060.02799999
2025-04-08 11:00:00;NORTE;NORDESTE;-2178.326
2025-04-08 12:00:00;NORTE;NORDESTE;-1825.142
2025-04-08 13:00:00;NORTE;NORDESTE;-1299.724
2025-04-08 14:00:00;NORTE;NORDESTE;-593.389
2025-04-08 15:00:00;NORTE;NORDESTE;598.227
2025-04-08 16:00:00;NORTE;NORDESTE;1290.505
2025-04-08 17:00:00;NORTE;NORDESTE;2317.427
2025-04-08 18:00:00;NORTE;NORDESTE;1034.088
2025-04-08 19:00:00;NORTE;NORDESTE;-662.706
2025-04-08 20:00:00;NORTE;NORDESTE;-1297.256
2025-04-08 21:00:00;NORTE;NORDESTE;-1367.83099999
2025-04-08 22:00:00;NORTE;NORDESTE;-1600.702
2025-04-08 23:00:00;NORTE;NORDESTE;-1632.005
2025-04-09 00:00:00;NORTE;NORDESTE;-2178.919
2025-04-09 01:00:00;NORTE;NORDESTE;-2514.302
2025-04-09 02:00:00;NORTE;NORDESTE;-2362.14199999
2025-04-09 03:00:00;NORTE;NORDESTE;-2219.996
2025-04-09 04:00:00;NORTE;NORDESTE;-2036.39
2025-04-09 05:00:00;NORTE;NORDESTE;-1881.686
2025-04-09 06:00:00;NORTE;NORDESTE;-2556.04799999
2025-04-09 07:00:00;NORTE;NORDESTE;-4248.232
2025-04-09 08:00:00;NORTE;NORDESTE;-4545.761
2025-04-09 09:00:00;NORTE;NORDESTE;-4519.52499999
2025-04-09 10:00:00;NORTE;NORDESTE;-4034.44
2025-04-09 11:00:00;NORTE;NORDESTE;-3495.433
2025-04-09 12:00:00;NORTE;NORDESTE;-3362.509
2025-04-09 13:00:00;NORTE;NORDESTE;-1838.226
2025-04-09 14:00:00;NORTE;NORDESTE;-829.663
2025-04-09 15:00:00;NORTE;NORDESTE;470.8
2025-04-09 16:00:00;NORTE;NORDESTE;2187.444
2025-04-09 17:00:00;NORTE;NORDESTE;3337.539
2025-04-09 18:00:00;NORTE;NORDESTE;2417.509
2025-04-09 19:00:00;NORTE;NORDESTE;820.822
2025-04-09 20:00:00;NORTE;NORDESTE;-8.785
2025-04-09 21:00:00;NORTE;NORDESTE;393.468
2025-04-09 22:00:00;NORTE;NORDESTE;474.368
2025-04-09 23:00:00;NORTE;NORDESTE;711.526
2025-04-10 00:00:00;NORTE;NORDESTE;845.755
2025-04-10 01:00:00;NORTE;NORDESTE;1162.679
2025-04-10 02:00:00;NORTE;NORDESTE;1457.918
2025-04-10 03:00:00;NORTE;NORDESTE;1470.452
2025-04-10 04:00:00;NORTE;NORDESTE;1798.708
2025-04-10 05:00:00;NORTE;NORDESTE;2033.025
2025-04-10 06:00:00;NORTE;NORDESTE;1810.094
2025-04-10 07:00:00;NORTE;NORDESTE;564.703
2025-04-10 08:00:00;NORTE;NORDESTE;144.81
2025-04-10 09:00:00;NORTE;NORDESTE;461.949
2025-04-10 10:00:00;NORTE;NORDESTE;929.632
2025-04-10 11:00:00;NORTE;NORDESTE;1164.35899999
2025-04-10 12:00:00;NORTE;NORDESTE;751.769
2025-04-10 13:00:00;NORTE;NORDESTE;624.37199999
2025-04-10 14:00:00;NORTE;NORDESTE;2228.987
2025-04-10 15:00:00;NORTE;NORDESTE;3573.254
2025-04-10 16:00:00;NORTE;NORDESTE;4497.073
2025-04-10 17:00:00;NORTE;NORDESTE;4948.675
2025-04-10 18:00:00;NORTE;NORDESTE;4461.488
2025-04-10 19:00:00;NORTE;NORDESTE;3582.482
2025-04-10 20:00:00;NORTE;NORDESTE;3315.374
2025-04-10 21:00:00;NORTE;NORDESTE;3398.409
2025-04-10 22:00:00;NORTE;NORDESTE;3684.473
2025-04-10 23:00:00;NORTE;NORDESTE;3589.354
2025-04-11 00:00:00;NORTE;NORDESTE;3731.746
2025-04-11 01:00:00;NORTE;NORDESTE;4116.754
2025-04-11 02:00:00;NORTE;NORDESTE;4529.805
2025-04-11 03:00:00;NORTE;NORDESTE;4688.997
2025-04-11 04:00:00;NORTE;NORDESTE;4871.843
2025-04-11 05:00:00;NORTE;NORDESTE;4914.881
2025-04-11 06:00:00;NORTE;NORDESTE;3638.922
2025-04-11 07:00:00;NORTE;NORDESTE;2128.239
2025-04-11 08:00:00;NORTE;NORDESTE;868.56
2025-04-11 09:00:00;NORTE;NORDESTE;352.512
2025-04-11 10:00:00;NORTE;NORDESTE;321.12099999
2025-04-11 11:00:00;NORTE;NORDESTE;135.09899999
2025-04-11 12:00:00;NORTE;NORDESTE;-13.227
2025-04-11 13:00:00;NORTE;NORDESTE;496.208
2025-04-11 14:00:00;NORTE;NORDESTE;807.051
2025-04-11 15:00:00;NORTE;NORDESTE;1749.416
2025-04-11 16:00:00;NORTE;NORDESTE;3360.382
2025-04-11 17:00:00;NORTE;NORDESTE;4218.356
2025-04-11 18:00:00;NORTE;NORDESTE;4265.639
2025-04-11 19:00:00;NORTE;NORDESTE;3871.311
2025-04-11 20:00:00;NORTE;NORDESTE;3951.424
2025-04-11 21:00:00;NORTE;NORDESTE;4009.807
2025-04-11 22:00:00;NORTE;NORDESTE;4253.639
2025-04-11 23:00:00;NORTE;NORDESTE;4383.671
2025-04-12 00:00:00;NORTE;NORDESTE;4361.816
2025-04-12 01:00:00;NORTE;NORDESTE;4245.67699999
2025-04-12 02:00:00;NORTE;NORDESTE;4322.778
2025-04-12 03:00:00;NORTE;NORDESTE;4401.847
2025-04-12 04:00:00;NORTE;NORDESTE;4399.548
2025-04-12 05:00:00;NORTE;NORDESTE;4313.97099999
2025-04-12 06:00:00;NORTE;NORDESTE;3790.585
2025-04-12 07:00:00;NORTE;NORDESTE;2047.867
2025-04-12 08:00:00;NORTE;NORDESTE;674.04
2025-04-12 09:00:00;NORTE;NORDESTE;-520.95899999
2025-04-12 10:00:00;NORTE;NORDESTE;-1395.23
2025-04-12 11:00:00;NORTE;NORDESTE;-1161.416
2025-04-12 12:00:00;NORTE;NORDESTE;-829.785
2025-04-12 13:00:00;NORTE;NORDESTE;-273.434
2025-04-12 14:00:00;NORTE;NORDESTE;846.922
2025-04-12 15:00:00;NORTE;NORDESTE;2077.40299999
2025-04-12 16:00:00;NORTE;NORDESTE;2798.585
2025-04-12 17:00:00;NORTE;NORDESTE;4298.1
2025-04-12 18:00:00;NORTE;NORDESTE;4277.53799999
2025-04-12 19:00:00;NORTE;NORDESTE;4014.096
2025-04-12 20:00:00;NORTE;NORDESTE;3708.043
2025-04-12 21:00:00;NORTE;NORDESTE;3379.738
2025-04-12 22:00:00;NORTE;NORDESTE;3392.56
2025-04-12 23:00:00;NORTE;NORDESTE;3868.631
2025-04-13 00:00:00;NORTE;NORDESTE;4190.442
2025-04-13 01:00:00;NORTE;NORDESTE;4109.341
2025-04-13 02:00:00;NORTE;NORDESTE;3869.015
2025-04-13 03:00:00;NORTE;NORDESTE;3244.963
2025-04-13 04:00:00;NORTE;NORDESTE;2384.126
2025-04-13 05:00:00;NORTE;NORDESTE;2474.705
2025-04-13 06:00:00;NORTE;NORDESTE;995.441
2025-04-13 07:00:00;NORTE;NORDESTE;-1920.824
2025-04-13 08:00:00;NORTE;NORDESTE;-1904.05
2025-04-13 09:00:00;NORTE;NORDESTE;-1571.633
2025-04-13 10:00:00;NORTE;NORDESTE;-1137.17
2025-04-13 11:00:00;NORTE;NORDESTE;-1204.577
2025-04-13 12:00:00;NORTE;NORDESTE;-1456.379
2025-04-13 13:00:00;NORTE;NORDESTE;-1768.727
2025-04-13 14:00:00;NORTE;NORDESTE;-2203.112
2025-04-13 15:00:00;NORTE;NORDESTE;-2405.116
2025-04-13 16:00:00;NORTE;NORDESTE;-1521.15
2025-04-13 17:00:00;NORTE;NORDESTE;119.759
2025-04-13 18:00:00;NORTE;NORDESTE;809.914
2025-04-13 19:00:00;NORTE;NORDESTE;623.193
2025-04-13 20:00:00;NORTE;NORDESTE;687.931
2025-04-13 21:00:00;NORTE;NORDESTE;1061.479
2025-04-13 22:00:00;NORTE;NORDESTE;1357.103
2025-04-13 23:00:00;NORTE;NORDESTE;1952.586
2025-04-14 00:00:00;NORTE;NORDESTE;2427.683
2025-04-14 01:00:00;NORTE;NORDESTE;1818.292
2025-04-14 02:00:00;NORTE;NORDESTE;1154.11999999
2025-04-14 03:00:00;NORTE;NORDESTE;1435.126
2025-04-14 04:00:00;NORTE;NORDESTE;2145.415
2025-04-14 05:00:00;NORTE;NORDESTE;2852.998
2025-04-14 06:00:00;NORTE;NORDESTE;2055.081
2025-04-14 07:00:00;NORTE;NORDESTE;973.953
2025-04-14 08:00:00;NORTE;NORDESTE;-162.156
2025-04-14 09:00:00;NORTE;NORDESTE;-622.07899999
2025-04-14 10:00:00;NORTE;NORDESTE;-536.847
2025-04-14 11:00:00;NORTE;NORDESTE;-579.22299999
2025-04-14 12:00:00;NORTE;NORDESTE;-784.287
2025-04-14 13:00:00;NORTE;NORDESTE;54.276
2025-04-14 14:00:00;NORTE;NORDESTE;846.753
2025-04-14 15:00:00;NORTE;NORDESTE;2340.201
2025-04-14 16:00:00;NORTE;NORDESTE;3223.146
2025-04-14 17:00:00;NORTE;NORDESTE;3880.989
2025-04-14 18:00:00;NORTE;NORDESTE;3127.388
2025-04-14 19:00:00;NORTE;NORDESTE;2527.926
2025-04-14 20:00:00;NORTE;NORDESTE;2594.732
2025-04-14 21:00:00;NORTE;NORDESTE;2904.476
2025-04-14 22:00:00;NORTE;NORDESTE;3398.617
2025-04-14 23:00:00;NORTE;NORDESTE;4078.632
2025-04-15 00:00:00;NORTE;NORDESTE;4467.015
2025-04-15 01:00:00;NORTE;NORDESTE;4364.852
2025-04-15 02:00:00;NORTE;NORDESTE;4340.345
2025-04-15 03:00:00;NORTE;NORDESTE;4275.661
2025-04-15 04:00:00;NORTE;NORDESTE;3947.657
2025-04-15 05:00:00;NORTE;NORDESTE;3683.064
2025-04-15 06:00:00;NORTE;NORDESTE;3097.869
2025-04-15 07:00:00;NORTE;NORDESTE;1928.182
2025-04-15 08:00:00;NORTE;NORDESTE;616.845
2025-04-15 09:00:00;NORTE;NORDESTE;-124.773
2025-04-15 10:00:00;NORTE;NORDESTE;-298.705
2025-04-15 11:00:00;NORTE;NORDESTE;-709.503
2025-04-15 12:00:00;NORTE;NORDESTE;-1502.47
2025-04-15 13:00:00;NORTE;NORDESTE;-507.575
2025-04-15 14:00:00;NORTE;NORDESTE;494.038
2025-04-15 15:00:00;NORTE;NORDESTE;2203.951
2025-04-15 16:00:00;NORTE;NORDESTE;3125.072
2025-04-15 17:00:00;NORTE;NORDESTE;3826.847
2025-04-15 18:00:00;NORTE;NORDESTE;3255.968
2025-04-15 19:00:00;NORTE;NORDESTE;2704.449
2025-04-15 20:00:00;NORTE;NORDESTE;2594.42
2025-04-15 21:00:00;NORTE;NORDESTE;2811.044
2025-04-15 22:00:00;NORTE;NORDESTE;2902.717
2025-04-15 23:00:00;NORTE;NORDESTE;3201.638
2025-04-16 00:00:00;NORTE;NORDESTE;3073.09
2025-04-16 01:00:00;NORTE;NORDESTE;3115.887
2025-04-16 02:00:00;NORTE;NORDESTE;3153.507
2025-04-16 03:00:00;NORTE;NORDESTE;2995.245
2025-04-16 04:00:00;NORTE;NORDESTE;2896.43
2025-04-16 05:00:00;NORTE;NORDESTE;2465.90099999
2025-04-16 06:00:00;NORTE;NORDESTE;1233.386
2025-04-16 07:00:00;NORTE;NORDESTE;-539.91099999
2025-04-16 08:00:00;NORTE;NORDESTE;-2491.444
2025-04-16 09:00:00;NORTE;NORDESTE;-2784.647
2025-04-16 10:00:00;NORTE;NORDESTE;-2536.927
2025-04-16 11:00:00;NORTE;NORDESTE;-2673.491
2025-04-16 12:00:00;NORTE;NORDESTE;-3143.472
2025-04-16 13:00:00;NORTE;NORDESTE;-2362.983
2025-04-16 14:00:00;NORTE;NORDESTE;-1214.288
2025-04-16 15:00:00;NORTE;NORDESTE;540.613
2025-04-16 16:00:00;NORTE;NORDESTE;2265.203
2025-04-16 17:00:00;NORTE;NORDESTE;3139.002
2025-04-16 18:00:00;NORTE;NORDESTE;2306.389
2025-04-16 19:00:00;NORTE;NORDESTE;1444.365
2025-04-16 20:00:00;NORTE;NORDESTE;872.543
2025-04-16 21:00:00;NORTE;NORDESTE;954.924
2025-04-16 22:00:00;NORTE;NORDESTE;1193.632
2025-04-16 23:00:00;NORTE;NORDESTE;1649.017
2025-04-17 00:00:00;NORTE;NORDESTE;1808.93
2025-04-17 01:00:00;NORTE;NORDESTE;1207.758
2025-04-17 02:00:00;NORTE;NORDESTE;645.087
2025-04-17 03:00:00;NORTE;NORDESTE;543.942
2025-04-17 04:00:00;NORTE;NORDESTE;226.1
2025-04-17 05:00:00;NORTE;NORDESTE;39.61999999
2025-04-17 06:00:00;NORTE;NORDESTE;-1106.04299999
2025-04-17 07:00:00;NORTE;NORDESTE;-3402.721
2025-04-17 08:00:00;NORTE;NORDESTE;-4100.581
2025-04-17 09:00:00;NORTE;NORDESTE;-3817.038
2025-04-17 10:00:00;NORTE;NORDESTE;-3163.144
2025-04-17 11:00:00;NORTE;NORDESTE;-2373.61299999
2025-04-17 12:00:00;NORTE;NORDESTE;-2327.34
2025-04-17 13:00:00;NORTE;NORDESTE;-1751.983
2025-04-17 14:00:00;NORTE;NORDESTE;-1347.0
2025-04-17 15:00:00;NORTE;NORDESTE;84.398
2025-04-17 16:00:00;NORTE;NORDESTE;1661.987
2025-04-17 17:00:00;NORTE;NORDESTE;2629.746
2025-04-17 18:00:00;NORTE;NORDESTE;2125.014
2025-04-17 19:00:00;NORTE;NORDESTE;791.736
2025-04-17 20:00:00;NORTE;NORDESTE;-212.122
2025-04-17 21:00:00;NORTE;NORDESTE;-354.911
2025-04-17 22:00:00;NORTE;NORDESTE;-426.629
2025-04-17 23:00:00;NORTE;NORDESTE;-250.29
2025-04-18 00:00:00;NORTE;NORDESTE;-165.738
2025-04-18 01:00:00;NORTE;NORDESTE;-751.331
2025-04-18 02:00:00;NORTE;NORDESTE;-1568.307
2025-04-18 03:00:00;NORTE;NORDESTE;-2144.275
2025-04-18 04:00:00;NORTE;NORDESTE;-2568.245
2025-04-18 05:00:00;NORTE;NORDESTE;-2862.605
2025-04-18 06:00:00;NORTE;NORDESTE;-3288.419
2025-04-18 07:00:00;NORTE;NORDESTE;-4190.645
2025-04-18 08:00:00;NORTE;NORDESTE;-3932.872
2025-04-18 09:00:00;NORTE;NORDESTE;-3289.954
2025-04-18 10:00:00;NORTE;NORDESTE;-2731.721
2025-04-18 11:00:00;NORTE;NORDESTE;-2904.921
2025-04-18 12:00:00;NORTE;NORDESTE;-3151.01
2025-04-18 13:00:00;NORTE;NORDESTE;-3541.233
2025-04-18 14:00:00;NORTE;NORDESTE;-4035.522
2025-04-18 15:00:00;NORTE;NORDESTE;-3268.464
2025-04-18 16:00:00;NORTE;NORDESTE;-457.352
2025-04-18 17:00:00;NORTE;NORDESTE;2109.244
2025-04-18 18:00:00;NORTE;NORDESTE;2313.924
2025-04-18 19:00:00;NORTE;NORDESTE;1482.832
2025-04-18 20:00:00;NORTE;NORDESTE;1153.48499999
2025-04-18 21:00:00;NORTE;NORDESTE;1138.425
2025-04-18 22:00:00;NORTE;NORDESTE;1140.022
2025-04-18 23:00:00;NORTE;NORDESTE;1014.035
2025-04-19 00:00:00;NORTE;NORDESTE;240.401
2025-04-19 01:00:00;NORTE;NORDESTE;-471.611
2025-04-19 02:00:00;NORTE;NORDESTE;-651.796
2025-04-19 03:00:00;NORTE;NORDESTE;-1063.07199999
2025-04-19 04:00:00;NORTE;NORDESTE;-802.953
2025-04-19 05:00:00;NORTE;NORDESTE;-523.991
2025-04-19 06:00:00;NORTE;NORDESTE;-1513.187
2025-04-19 07:00:00;NORTE;NORDESTE;-3230.995
2025-04-19 08:00:00;NORTE;NORDESTE;-4013.759
2025-04-19 09:00:00;NORTE;NORDESTE;-3883.983
2025-04-19 10:00:00;NORTE;NORDESTE;-3782.85
2025-04-19 11:00:00;NORTE;NORDESTE;-3287.232
2025-04-19 12:00:00;NORTE;NORDESTE;-3589.04
2025-04-19 13:00:00;NORTE;NORDESTE;-3567.256
2025-04-19 14:00:00;NORTE;NORDESTE;-2849.378
2025-04-19 15:00:00;NORTE;NORDESTE;-2031.505
2025-04-19 16:00:00;NORTE;NORDESTE;369.61
2025-04-19 17:00:00;NORTE;NORDESTE;2639.58
2025-04-19 18:00:00;NORTE;NORDESTE;1640.731
2025-04-19 19:00:00;NORTE;NORDESTE;201.223
2025-04-19 20:00:00;NORTE;NORDESTE;-463.646
2025-04-19 21:00:00;NORTE;NORDESTE;-393.23
2025-04-19 22:00:00;NORTE;NORDESTE;-46.913
2025-04-19 23:00:00;NORTE;NORDESTE;72.031
2025-04-20 00:00:00;NORTE;NORDESTE;-370.873
2025-04-20 01:00:00;NORTE;NORDESTE;-556.342
2025-04-20 02:00:00;NORTE;NORDESTE;-273.14999999
2025-04-20 03:00:00;NORTE;NORDESTE;-125.909
2025-04-20 04:00:00;NORTE;NORDESTE;1131.075
2025-04-20 05:00:00;NORTE;NORDESTE;1683.143
2025-04-20 06:00:00;NORTE;NORDESTE;490.637
2025-04-20 07:00:00;NORTE;NORDESTE;-1231.231
2025-04-20 08:00:00;NORTE;NORDESTE;-1449.279
2025-04-20 09:00:00;NORTE;NORDESTE;-928.141
2025-04-20 10:00:00;NORTE;NORDESTE;-219.581
2025-04-20 11:00:00;NORTE;NORDESTE;110.565
2025-04-20 12:00:00;NORTE;NORDESTE;316.704
2025-04-20 13:00:00;NORTE;NORDESTE;533.337
2025-04-20 14:00:00;NORTE;NORDESTE;918.112
2025-04-20 15:00:00;NORTE;NORDESTE;1101.067
2025-04-20 16:00:00;NORTE;NORDESTE;2698.683
2025-04-20 17:00:00;NORTE;NORDESTE;4159.34199999
2025-04-20 18:00:00;NORTE;NORDESTE;3854.517
2025-04-20 19:00:00;NORTE;NORDESTE;3258.398
2025-04-20 20:00:00;NORTE;NORDESTE;3137.628
2025-04-20 21:00:00;NORTE;NORDESTE;3259.467
2025-04-20 22:00:00;NORTE;NORDESTE;3607.726
2025-04-20 23:00:00;NORTE;NORDESTE;3851.587
2025-04-21 00:00:00;NORTE;NORDESTE;3769.035
2025-04-21 01:00:00;NORTE;NORDESTE;3362.337
2025-04-21 02:00:00;NORTE;NORDESTE;3203.273
2025-04-21 03:00:00;NORTE;NORDESTE;3280.992
2025-04-21 04:00:00;NORTE;NORDESTE;3416.658
2025-04-21 05:00:00;NORTE;NORDESTE;3480.072
2025-04-21 06:00:00;NORTE;NORDESTE;2336.145
2025-04-21 07:00:00;NORTE;NORDESTE;338.363
2025-04-21 08:00:00;NORTE;NORDESTE;-869.501
2025-04-21 09:00:00;NORTE;NORDESTE;-1136.27399999
2025-04-21 10:00:00;NORTE;NORDESTE;-210.911
2025-04-21 11:00:00;NORTE;NORDESTE;-452.08
2025-04-21 12:00:00;NORTE;NORDESTE;-901.801
2025-04-21 13:00:00;NORTE;NORDESTE;-1256.566
2025-04-21 14:00:00;NORTE;NORDESTE;-308.33
2025-04-21 15:00:00;NORTE;NORDESTE;885.777
2025-04-21 16:00:00;NORTE;NORDESTE;2604.42299999
2025-04-21 17:00:00;NORTE;NORDESTE;4260.544
2025-04-21 18:00:00;NORTE;NORDESTE;3685.299
2025-04-21 19:00:00;NORTE;NORDESTE;3186.218
2025-04-21 20:00:00;NORTE;NORDESTE;2781.758
2025-04-21 21:00:00;NORTE;NORDESTE;2830.279
2025-04-21 22:00:00;NORTE;NORDESTE;2892.636
2025-04-21 23:00:00;NORTE;NORDESTE;2824.639
2025-04-22 00:00:00;NORTE;NORDESTE;2571.939
2025-04-22 01:00:00;NORTE;NORDESTE;1934.988
2025-04-22 02:00:00;NORTE;NORDESTE;2021.92
2025-04-22 03:00:00;NORTE;NORDESTE;1900.191
2025-04-22 04:00:00;NORTE;NORDESTE;1885.678
2025-04-22 05:00:00;NORTE;NORDESTE;2343.195
2025-04-22 06:00:00;NORTE;NORDESTE;1779.431
2025-04-22 07:00:00;NORTE;NORDESTE;-383.806
2025-04-22 08:00:00;NORTE;NORDESTE;-1508.031
2025-04-22 09:00:00;NORTE;NORDESTE;-2947.301
2025-04-22 10:00:00;NORTE;NORDESTE;-3085.31
2025-04-22 11:00:00;NORTE;NORDESTE;-2475.433
2025-04-22 12:00:00;NORTE;NORDESTE;-2461.533
2025-04-22 13:00:00;NORTE;NORDESTE;-803.403
2025-04-22 14:00:00;NORTE;NORDESTE;208.153
2025-04-22 15:00:00;NORTE;NORDESTE;462.176
2025-04-22 16:00:00;NORTE;NORDESTE;2206.1
2025-04-22 17:00:00;NORTE;NORDESTE;3484.989
2025-04-22 18:00:00;NORTE;NORDESTE;2966.726
2025-04-22 19:00:00;NORTE;NORDESTE;2569.788
2025-04-22 20:00:00;NORTE;NORDESTE;2064.264
2025-04-22 21:00:00;NORTE;NORDESTE;1915.89
2025-04-22 22:00:00;NORTE;NORDESTE;1716.777
2025-04-22 23:00:00;NORTE;NORDESTE;2360.6
2025-04-23 00:00:00;NORTE;NORDESTE;2019.298
2025-04-23 01:00:00;NORTE;NORDESTE;1696.885
2025-04-23 02:00:00;NORTE;NORDESTE;1013.542
2025-04-23 03:00:00;NORTE;NORDESTE;426.766
2025-04-23 04:00:00;NORTE;NORDESTE;564.97799999
2025-04-23 05:00:00;NORTE;NORDESTE;281.79
2025-04-23 06:00:00;NORTE;NORDESTE;-1111.652
2025-04-23 07:00:00;NORTE;NORDESTE;-3491.5
2025-04-23 08:00:00;NORTE;NORDESTE;-4481.46699999
2025-04-23 09:00:00;NORTE;NORDESTE;-4786.859
2025-04-23 10:00:00;NORTE;NORDESTE;-4313.613
2025-04-23 11:00:00;NORTE;NORDESTE;-3371.553
2025-04-23 12:00:00;NORTE;NORDESTE;-2699.515
2025-04-23 13:00:00;NORTE;NORDESTE;-1854.487
2025-04-23 14:00:00;NORTE;NORDESTE;-853.829
2025-04-23 15:00:00;NORTE;NORDESTE;300.43599999
2025-04-23 16:00:00;NORTE;NORDESTE;1106.228
2025-04-23 17:00:00;NORTE;NORDESTE;1603.127
2025-04-23 18:00:00;NORTE;NORDESTE;658.157
2025-04-23 19:00:00;NORTE;NORDESTE;-297.95
2025-04-23 20:00:00;NORTE;NORDESTE;-333.794
2025-04-23 21:00:00;NORTE;NORDESTE;-48.858
2025-04-23 22:00:00;NORTE;NORDESTE;317.932
2025-04-23 23:00:00;NORTE;NORDESTE;773.051
2025-04-24 00:00:00;NORTE;NORDESTE;545.088
2025-04-24 01:00:00;NORTE;NORDESTE;-757.036
2025-04-24 02:00:00;NORTE;NORDESTE;-1216.02299999
2025-04-24 03:00:00;NORTE;NORDESTE;-1607.579
2025-04-24 04:00:00;NORTE;NORDESTE;-1643.348
2025-04-24 05:00:00;NORTE;NORDESTE;-1152.214
2025-04-24 06:00:00;NORTE;NORDESTE;-1909.343
2025-04-24 07:00:00;NORTE;NORDESTE;-4359.004
2025-04-24 08:00:00;NORTE;NORDESTE;-4799.289
2025-04-24 09:00:00;NORTE;NORDESTE;-4656.137
2025-04-24 10:00:00;NORTE;NORDESTE;-4407.61899999
2025-04-24 11:00:00;NORTE;NORDESTE;-4635.393
2025-04-24 12:00:00;NORTE;NORDESTE;-4454.263
2025-04-24 13:00:00;NORTE;NORDESTE;-3049.989
2025-04-24 14:00:00;NORTE;NORDESTE;-1519.503
2025-04-24 15:00:00;NORTE;NORDESTE;496.863
2025-04-24 16:00:00;NORTE;NORDESTE;2529.304
2025-04-24 17:00:00;NORTE;NORDESTE;3108.328
2025-04-24 18:00:00;NORTE;NORDESTE;2356.896
2025-04-24 19:00:00;NORTE;NORDESTE;1782.562
2025-04-24 20:00:00;NORTE;NORDESTE;1374.584
2025-04-24 21:00:00;NORTE;NORDESTE;1318.155
2025-04-24 22:00:00;NORTE;NORDESTE;1409.065
2025-04-24 23:00:00;NORTE;NORDESTE;1347.104
2025-04-25 00:00:00;NORTE;NORDESTE;980.592
2025-04-25 01:00:00;NORTE;NORDESTE;519.392
2025-04-25 02:00:00;NORTE;NORDESTE;466.394
2025-04-25 03:00:00;NORTE;NORDESTE;772.511
2025-04-25 04:00:00;NORTE;NORDESTE;583.50699999
2025-04-25 05:00:00;NORTE;NORDESTE;624.159
2025-04-25 06:00:00;NORTE;NORDESTE;234.278
2025-04-25 07:00:00;NORTE;NORDESTE;-2570.17999999
2025-04-25 08:00:00;NORTE;NORDESTE;-3859.945
2025-04-25 09:00:00;NORTE;NORDESTE;-4332.14099999
2025-04-25 10:00:00;NORTE;NORDESTE;-3638.433
2025-04-25 11:00:00;NORTE;NORDESTE;-3350.218
2025-04-25 12:00:00;NORTE;NORDESTE;-3566.926
2025-04-25 13:00:00;NORTE;NORDESTE;-3071.452
2025-04-25 14:00:00;NORTE;NORDESTE;-1796.226
2025-04-25 15:00:00;NORTE;NORDESTE;-595.519
2025-04-25 16:00:00;NORTE;NORDESTE;956.313
2025-04-25 17:00:00;NORTE;NORDESTE;2227.726
2025-04-25 18:00:00;NORTE;NORDESTE;668.288
2025-04-25 19:00:00;NORTE;NORDESTE;-206.357
2025-04-25 20:00:00;NORTE;NORDESTE;-637.304
2025-04-25 21:00:00;NORTE;NORDESTE;-197.712
2025-04-25 22:00:00;NORTE;NORDESTE;180.254
2025-04-25 23:00:00;NORTE;NORDESTE;839.16
2025-04-26 00:00:00;NORTE;NORDESTE;1052.926
2025-04-26 01:00:00;NORTE;NORDESTE;1114.669
2025-04-26 02:00:00;NORTE;NORDESTE;980.2
2025-04-26 03:00:00;NORTE;NORDESTE;1093.748
2025-04-26 04:00:00;NORTE;NORDESTE;1292.141
2025-04-26 05:00:00;NORTE;NORDESTE;1902.14
2025-04-26 06:00:00;NORTE;NORDESTE;758.218
2025-04-26 07:00:00;NORTE;NORDESTE;-2232.742
2025-04-26 08:00:00;NORTE;NORDESTE;-3928.0
2025-04-26 09:00:00;NORTE;NORDESTE;-3668.591
2025-04-26 10:00:00;NORTE;NORDESTE;-3409.587
2025-04-26 11:00:00;NORTE;NORDESTE;-3331.18
2025-04-26 12:00:00;NORTE;NORDESTE;-3406.592
2025-04-26 13:00:00;NORTE;NORDESTE;-3481.958
2025-04-26 14:00:00;NORTE;NORDESTE;-2845.814
2025-04-26 15:00:00;NORTE;NORDESTE;-964.634
2025-04-26 16:00:00;NORTE;NORDESTE;1978.775
2025-04-26 17:00:00;NORTE;NORDESTE;2881.059
2025-04-26 18:00:00;NORTE;NORDESTE;1915.89
2025-04-26 19:00:00;NORTE;NORDESTE;145.294
2025-04-26 20:00:00;NORTE;NORDESTE;-737.681
2025-04-26 21:00:00;NORTE;NORDESTE;-978.883
2025-04-26 22:00:00;NORTE;NORDESTE;-747.996
2025-04-26 23:00:00;NORTE;NORDESTE;-670.566
2025-04-27 00:00:00;NORTE;NORDESTE;-926.764
2025-04-27 01:00:00;NORTE;NORDESTE;-777.171
2025-04-27 02:00:00;NORTE;NORDESTE;-671.868
2025-04-27 03:00:00;NORTE;NORDESTE;-654.599
2025-04-27 04:00:00;NORTE;NORDESTE;-698.447
2025-04-27 05:00:00;NORTE;NORDESTE;-467.455
2025-04-27 06:00:00;NORTE;NORDESTE;-811.555
2025-04-27 07:00:00;NORTE;NORDESTE;-1202.33999999
2025-04-27 08:00:00;NORTE;NORDESTE;-1892.812
2025-04-27 09:00:00;NORTE;NORDESTE;-2124.83599999
2025-04-27 10:00:00;NORTE;NORDESTE;-1615.033
2025-04-27 11:00:00;NORTE;NORDESTE;-1291.738
2025-04-27 12:00:00;NORTE;NORDESTE;-993.933
2025-04-27 13:00:00;NORTE;NORDESTE;-1030.659
2025-04-27 14:00:00;NORTE;NORDESTE;-1159.384
2025-04-27 15:00:00;NORTE;NORDESTE;-495.69
2025-04-27 16:00:00;NORTE;NORDESTE;1776.829
2025-04-27 17:00:00;NORTE;NORDESTE;3592.967
2025-04-27 18:00:00;NORTE;NORDESTE;2990.893
2025-04-27 19:00:00;NORTE;NORDESTE;1158.589
2025-04-27 20:00:00;NORTE;NORDESTE;423.939
2025-04-27 21:00:00;NORTE;NORDESTE;219.657
2025-04-27 22:00:00;NORTE;NORDESTE;112.336
2025-04-27 23:00:00;NORTE;NORDESTE;-7.932
2025-04-28 00:00:00;NORTE;NORDESTE;535.689
2025-04-28 01:00:00;NORTE;NORDESTE;906.61
2025-04-28 02:00:00;NORTE;NORDESTE;834.319
2025-04-28 03:00:00;NORTE;NORDESTE;856.34
2025-04-28 04:00:00;NORTE;NORDESTE;1509.079
2025-04-28 05:00:00;NORTE;NORDESTE;2660.654
2025-04-28 06:00:00;NORTE;NORDESTE;2033.877
2025-04-28 07:00:00;NORTE;NORDESTE;1009.901
2025-04-28 08:00:00;NORTE;NORDESTE;181.742
2025-04-28 09:00:00;NORTE;NORDESTE;-735.611
2025-04-28 10:00:00;NORTE;NORDESTE;-770.408
2025-04-28 11:00:00;NORTE;NORDESTE;-270.389
2025-04-28 12:00:00;NORTE;NORDESTE;-313.08
2025-04-28 13:00:00;NORTE;NORDESTE;743.511
2025-04-28 14:00:00;NORTE;NORDESTE;2218.148
2025-04-28 15:00:00;NORTE;NORDESTE;3236.127
2025-04-28 16:00:00;NORTE;NORDESTE;3824.519
2025-04-28 17:00:00;NORTE;NORDESTE;4261.948
2025-04-28 18:00:00;NORTE;NORDESTE;4067.693
2025-04-28 19:00:00;NORTE;NORDESTE;3386.264
2025-04-28 20:00:00;NORTE;NORDESTE;3108.808
2025-04-28 21:00:00;NORTE;NORDESTE;3319.709
2025-04-28 22:00:00;NORTE;NORDESTE;3521.614
2025-04-28 23:00:00;NORTE;NORDESTE;3926.482
2025-04-29 00:00:00;NORTE;NORDESTE;4149.649
2025-04-29 01:00:00;NORTE;NORDESTE;4561.486
2025-04-29 02:00:00;NORTE;NORDESTE;4577.765
2025-04-29 03:00:00;NORTE;NORDESTE;4626.841
2025-04-29 04:00:00;NORTE;NORDESTE;4668.639
2025-04-29 05:00:00;NORTE;NORDESTE;4623.002
2025-04-29 06:00:00;NORTE;NORDESTE;3943.184
2025-04-29 07:00:00;NORTE;NORDESTE;2388.724
2025-04-29 08:00:00;NORTE;NORDESTE;333.795
2025-04-29 09:00:00;NORTE;NORDESTE;-1110.521
2025-04-29 10:00:00;NORTE;NORDESTE;-189.212
2025-04-29 11:00:00;NORTE;NORDESTE;-704.789
2025-04-29 12:00:00;NORTE;NORDESTE;-1044.38799999
2025-04-29 13:00:00;NORTE;NORDESTE;421.786
2025-04-29 14:00:00;NORTE;NORDESTE;640.58399999
2025-04-29 15:00:00;NORTE;NORDESTE;1541.76
2025-04-29 16:00:00;NORTE;NORDESTE;3739.168
2025-04-29 17:00:00;NORTE;NORDESTE;4542.986
2025-04-29 18:00:00;NORTE;NORDESTE;4559.126
2025-04-29 19:00:00;NORTE;NORDESTE;4184.088
2025-04-29 20:00:00;NORTE;NORDESTE;4066.37
2025-04-29 21:00:00;NORTE;NORDESTE;4326.836
2025-04-29 22:00:00;NORTE;NORDESTE;4304.96
2025-04-29 23:00:00;NORTE;NORDESTE;4430.541
2025-04-30 00:00:00;NORTE;NORDESTE;4457.232
2025-04-30 01:00:00;NORTE;NORDESTE;4540.528
2025-04-30 02:00:00;NORTE;NORDESTE;4571.354
2025-04-30 03:00:00;NORTE;NORDESTE;4257.589
2025-04-30 04:00:00;NORTE;NORDESTE;4194.381
2025-04-30 05:00:00;NORTE;NORDESTE;4146.954
2025-04-30 06:00:00;NORTE;NORDESTE;3338.637
2025-04-30 07:00:00;NORTE;NORDESTE;1423.398
2025-04-30 08:00:00;NORTE;NORDESTE;259.294
2025-04-30 09:00:00;NORTE;NORDESTE;-749.18
2025-04-30 10:00:00;NORTE;NORDESTE;-1441.474
2025-04-30 11:00:00;NORTE;NORDESTE;-1694.409
2025-04-30 12:00:00;NORTE;NORDESTE;-640.481
2025-04-30 13:00:00;NORTE;NORDESTE;781.389
2025-04-30 14:00:00;NORTE;NORDESTE;1497.598
2025-04-30 15:00:00;NORTE;NORDESTE;1540.814
2025-04-30 16:00:00;NORTE;NORDESTE;2794.526
2025-04-30 17:00:00;NORTE;NORDESTE;3060.48
2025-04-30 18:00:00;NORTE;NORDESTE;2212.435
2025-04-30 19:00:00;NORTE;NORDESTE;1261.71599999
2025-04-30 20:00:00;NORTE;NORDESTE;650.745
2025-04-30 21:00:00;NORTE;NORDESTE;270.72699999
2025-04-30 22:00:00;NORTE;NORDESTE;343.679
2025-04-30 23:00:00;NORTE;NORDESTE;446.229
2025-05-01 00:00:00;NORTE;NORDESTE;449.03
2025-05-01 01:00:00;NORTE;NORDESTE;442.684
2025-05-01 02:00:00;NORTE;NORDESTE;377.811
2025-05-01 03:00:00;NORTE;NORDESTE;-37.094
2025-05-01 04:00:00;NORTE;NORDESTE;198.408
2025-05-01 05:00:00;NORTE;NORDESTE;152.226
2025-05-01 06:00:00;NORTE;NORDESTE;-1006.528
2025-05-01 07:00:00;NORTE;NORDESTE;-2867.637
2025-05-01 08:00:00;NORTE;NORDESTE;-2792.377
2025-05-01 09:00:00;NORTE;NORDESTE;-1646.151
2025-05-01 10:00:00;NORTE;NORDESTE;-1032.896
2025-05-01 11:00:00;NORTE;NORDESTE;-927.757
2025-05-01 12:00:00;NORTE;NORDESTE;-1043.85899999
2025-05-01 13:00:00;NORTE;NORDESTE;-1366.174
2025-05-01 14:00:00;NORTE;NORDESTE;-739.915
2025-05-01 15:00:00;NORTE;NORDESTE;-379.036
2025-05-01 16:00:00;NORTE;NORDESTE;186.833
2025-05-01 17:00:00;NORTE;NORDESTE;1309.21499999
2025-05-01 18:00:00;NORTE;NORDESTE;871.124
2025-05-01 19:00:00;NORTE;NORDESTE;9.73199999
2025-05-01 20:00:00;NORTE;NORDESTE;-259.021
2025-05-01 21:00:00;NORTE;NORDESTE;-314.38
2025-05-01 22:00:00;NORTE;NORDESTE;-396.497
2025-05-01 23:00:00;NORTE;NORDESTE;-1031.777
2025-05-02 00:00:00;NORTE;NORDESTE;-1153.626
2025-05-02 01:00:00;NORTE;NORDESTE;-1092.893
2025-05-02 02:00:00;NORTE;NORDESTE;-642.235
2025-05-02 03:00:00;NORTE;NORDESTE;-341.584
2025-05-02 04:00:00;NORTE;NORDESTE;-671.825
2025-05-02 05:00:00;NORTE;NORDESTE;-1285.803
2025-05-02 06:00:00;NORTE;NORDESTE;-2947.77
2025-05-02 07:00:00;NORTE;NORDESTE;-5004.04
2025-05-02 08:00:00;NORTE;NORDESTE;-4943.262
2025-05-02 09:00:00;NORTE;NORDESTE;-4095.556
2025-05-02 10:00:00;NORTE;NORDESTE;-3570.277
2025-05-02 11:00:00;NORTE;NORDESTE;-3052.333
2025-05-02 12:00:00;NORTE;NORDESTE;-2614.539
2025-05-02 13:00:00;NORTE;NORDESTE;-2878.012
2025-05-02 14:00:00;NORTE;NORDESTE;-2760.327
2025-05-02 15:00:00;NORTE;NORDESTE;-2520.21999999
2025-05-02 16:00:00;NORTE;NORDESTE;-1154.074
2025-05-02 17:00:00;NORTE;NORDESTE;494.496
2025-05-02 18:00:00;NORTE;NORDESTE;-77.033
2025-05-02 19:00:00;NORTE;NORDESTE;-794.563
2025-05-02 20:00:00;NORTE;NORDESTE;-832.702
2025-05-02 21:00:00;NORTE;NORDESTE;-650.265
2025-05-02 22:00:00;NORTE;NORDESTE;-942.701
2025-05-02 23:00:00;NORTE;NORDESTE;-1424.375
2025-05-03 00:00:00;NORTE;NORDESTE;-1887.33
2025-05-03 01:00:00;NORTE;NORDESTE;-1518.215
2025-05-03 02:00:00;NORTE;NORDESTE;-1335.835
2025-05-03 03:00:00;NORTE;NORDESTE;-1349.587
2025-05-03 04:00:00;NORTE;NORDESTE;-1167.565
2025-05-03 05:00:00;NORTE;NORDESTE;-1168.926
2025-05-03 06:00:00;NORTE;NORDESTE;-1919.583
2025-05-03 07:00:00;NORTE;NORDESTE;-1463.307
2025-05-03 08:00:00;NORTE;NORDESTE;-1197.618
2025-05-03 09:00:00;NORTE;NORDESTE;-638.86699999
2025-05-03 10:00:00;NORTE;NORDESTE;-370.582
2025-05-03 11:00:00;NORTE;NORDESTE;-238.604
2025-05-03 12:00:00;NORTE;NORDESTE;-258.77999999
2025-05-03 13:00:00;NORTE;NORDESTE;-710.26
2025-05-03 14:00:00;NORTE;NORDESTE;-1806.921
2025-05-03 15:00:00;NORTE;NORDESTE;-2622.619
2025-05-03 16:00:00;NORTE;NORDESTE;-1249.759
2025-05-03 17:00:00;NORTE;NORDESTE;435.601
2025-05-03 18:00:00;NORTE;NORDESTE;-458.612
2025-05-03 19:00:00;NORTE;NORDESTE;-1095.94699999
2025-05-03 20:00:00;NORTE;NORDESTE;-1428.573
2025-05-03 21:00:00;NORTE;NORDESTE;-1569.764
2025-05-03 22:00:00;NORTE;NORDESTE;-2071.161
2025-05-03 23:00:00;NORTE;NORDESTE;-2121.692
2025-05-04 00:00:00;NORTE;NORDESTE;-1909.268
2025-05-04 01:00:00;NORTE;NORDESTE;-1835.006
2025-05-04 02:00:00;NORTE;NORDESTE;-2492.21099999
2025-05-04 03:00:00;NORTE;NORDESTE;-2697.828
2025-05-04 04:00:00;NORTE;NORDESTE;-2598.96099999
2025-05-04 05:00:00;NORTE;NORDESTE;-2148.36299999
2025-05-04 06:00:00;NORTE;NORDESTE;-3059.597
2025-05-04 07:00:00;NORTE;NORDESTE;-2162.605
2025-05-04 08:00:00;NORTE;NORDESTE;-1054.108
2025-05-04 09:00:00;NORTE;NORDESTE;1119.038
2025-05-04 10:00:00;NORTE;NORDESTE;1982.385
2025-05-04 11:00:00;NORTE;NORDESTE;2051.754
2025-05-04 12:00:00;NORTE;NORDESTE;1742.665
2025-05-04 13:00:00;NORTE;NORDESTE;1338.849
2025-05-04 14:00:00;NORTE;NORDESTE;736.444
2025-05-04 15:00:00;NORTE;NORDESTE;704.022
2025-05-04 16:00:00;NORTE;NORDESTE;-94.707
2025-05-04 17:00:00;NORTE;NORDESTE;115.312
2025-05-04 18:00:00;NORTE;NORDESTE;297.48899999
2025-05-04 19:00:00;NORTE;NORDESTE;-437.017
2025-05-04 20:00:00;NORTE;NORDESTE;-917.917
2025-05-04 21:00:00;NORTE;NORDESTE;-890.517
2025-05-04 22:00:00;NORTE;NORDESTE;-977.172
2025-05-04 23:00:00;NORTE;NORDESTE;-1145.58099999
2025-05-05 00:00:00;NORTE;NORDESTE;-1468.644
2025-05-05 01:00:00;NORTE;NORDESTE;-1368.91
2025-05-05 02:00:00;NORTE;NORDESTE;-1562.868
2025-05-05 03:00:00;NORTE;NORDESTE;-1558.88
2025-05-05 04:00:00;NORTE;NORDESTE;-1673.848
2025-05-05 05:00:00;NORTE;NORDESTE;-1303.669
2025-05-05 06:00:00;NORTE;NORDESTE;-2147.954
2025-05-05 07:00:00;NORTE;NORDESTE;-3994.294
2025-05-05 08:00:00;NORTE;NORDESTE;-3977.92
2025-05-05 09:00:00;NORTE;NORDESTE;-3529.913
2025-05-05 10:00:00;NORTE;NORDESTE;-2992.568
2025-05-05 11:00:00;NORTE;NORDESTE;-2313.088
2025-05-05 12:00:00;NORTE;NORDESTE;-1952.15
2025-05-05 13:00:00;NORTE;NORDESTE;-2310.964
2025-05-05 14:00:00;NORTE;NORDESTE;-1749.934
2025-05-05 15:00:00;NORTE;NORDESTE;-1312.492
2025-05-05 16:00:00;NORTE;NORDESTE;270.378
2025-05-05 17:00:00;NORTE;NORDESTE;1196.617
2025-05-05 18:00:00;NORTE;NORDESTE;-213.174
2025-05-05 19:00:00;NORTE;NORDESTE;-1231.473
2025-05-05 20:00:00;NORTE;NORDESTE;-1415.619
2025-05-05 21:00:00;NORTE;NORDESTE;-1284.07199999
2025-05-05 22:00:00;NORTE;NORDESTE;-1734.832
2025-05-05 23:00:00;NORTE;NORDESTE;-1878.037
2025-05-06 00:00:00;NORTE;NORDESTE;-1792.101
2025-05-06 01:00:00;NORTE;NORDESTE;-1579.854
2025-05-06 02:00:00;NORTE;NORDESTE;-1120.243
2025-05-06 03:00:00;NORTE;NORDESTE;-908.065
2025-05-06 04:00:00;NORTE;NORDESTE;-650.294
2025-05-06 05:00:00;NORTE;NORDESTE;-532.20399999
2025-05-06 06:00:00;NORTE;NORDESTE;-1459.097
2025-05-06 07:00:00;NORTE;NORDESTE;-3250.011
2025-05-06 08:00:00;NORTE;NORDESTE;-3437.723
2025-05-06 09:00:00;NORTE;NORDESTE;-3196.042
2025-05-06 10:00:00;NORTE;NORDESTE;-2659.73799999
2025-05-06 11:00:00;NORTE;NORDESTE;-2159.244
2025-05-06 12:00:00;NORTE;NORDESTE;-1518.037
2025-05-06 13:00:00;NORTE;NORDESTE;-613.921
2025-05-06 14:00:00;NORTE;NORDESTE;-292.95
2025-05-06 15:00:00;NORTE;NORDESTE;-103.134
2025-05-06 16:00:00;NORTE;NORDESTE;671.50199999
2025-05-06 17:00:00;NORTE;NORDESTE;849.607
2025-05-06 18:00:00;NORTE;NORDESTE;193.243
2025-05-06 19:00:00;NORTE;NORDESTE;-821.171
2025-05-06 20:00:00;NORTE;NORDESTE;-1658.066
2025-05-06 21:00:00;NORTE;NORDESTE;-1915.509
2025-05-06 22:00:00;NORTE;NORDESTE;-1705.498
2025-05-06 23:00:00;NORTE;NORDESTE;-1595.392
2025-05-07 00:00:00;NORTE;NORDESTE;-1844.71
2025-05-07 01:00:00;NORTE;NORDESTE;-2085.8
2025-05-07 02:00:00;NORTE;NORDESTE;-2171.716
2025-05-07 03:00:00;NORTE;NORDESTE;-1956.003
2025-05-07 04:00:00;NORTE;NORDESTE;-1675.042
2025-05-07 05:00:00;NORTE;NORDESTE;-1549.361
2025-05-07 06:00:00;NORTE;NORDESTE;-3014.513
2025-05-07 07:00:00;NORTE;NORDESTE;-4772.72599999
2025-05-07 08:00:00;NORTE;NORDESTE;-5119.34599999
2025-05-07 09:00:00;NORTE;NORDESTE;-4285.495
2025-05-07 10:00:00;NORTE;NORDESTE;-3954.844
2025-05-07 11:00:00;NORTE;NORDESTE;-3707.091
2025-05-07 12:00:00;NORTE;NORDESTE;-3765.583
2025-05-07 13:00:00;NORTE;NORDESTE;-3769.821
2025-05-07 14:00:00;NORTE;NORDESTE;-3596.899
2025-05-07 15:00:00;NORTE;NORDESTE;-2189.536
2025-05-07 16:00:00;NORTE;NORDESTE;-108.828
2025-05-07 17:00:00;NORTE;NORDESTE;1167.878
2025-05-07 18:00:00;NORTE;NORDESTE;604.339
2025-05-07 19:00:00;NORTE;NORDESTE;-701.449
2025-05-07 20:00:00;NORTE;NORDESTE;-1635.625
2025-05-07 21:00:00;NORTE;NORDESTE;-1953.213
2025-05-07 22:00:00;NORTE;NORDESTE;-2045.385
2025-05-07 23:00:00;NORTE;NORDESTE;-2163.939
2025-05-08 00:00:00;NORTE;NORDESTE;-1607.141
2025-05-08 01:00:00;NORTE;NORDESTE;-1994.296
2025-05-08 02:00:00;NORTE;NORDESTE;-2186.306
2025-05-08 03:00:00;NORTE;NORDESTE;-2271.34299999
2025-05-08 04:00:00;NORTE;NORDESTE;-2168.573
2025-05-08 05:00:00;NORTE;NORDESTE;-2132.434
2025-05-08 06:00:00;NORTE;NORDESTE;-3085.341
2025-05-08 07:00:00;NORTE;NORDESTE;-4906.563
2025-05-08 08:00:00;NORTE;NORDESTE;-4676.897
2025-05-08 09:00:00;NORTE;NORDESTE;-3565.197
2025-05-08 10:00:00;NORTE;NORDESTE;-3283.038
2025-05-08 11:00:00;NORTE;NORDESTE;-3212.612
2025-05-08 12:00:00;NORTE;NORDESTE;-3377.295
2025-05-08 13:00:00;NORTE;NORDESTE;-3751.453
2025-05-08 14:00:00;NORTE;NORDESTE;-4035.939
2025-05-08 15:00:00;NORTE;NORDESTE;-3316.884
2025-05-08 16:00:00;NORTE;NORDESTE;-1347.031
2025-05-08 17:00:00;NORTE;NORDESTE;35.711
2025-05-08 18:00:00;NORTE;NORDESTE;-1054.045
2025-05-08 19:00:00;NORTE;NORDESTE;-2177.701
2025-05-08 20:00:00;NORTE;NORDESTE;-2467.775
2025-05-08 21:00:00;NORTE;NORDESTE;-2368.92
2025-05-08 22:00:00;NORTE;NORDESTE;-2672.94999999
2025-05-08 23:00:00;NORTE;NORDESTE;-2541.035
2025-05-09 00:00:00;NORTE;NORDESTE;-2591.571
2025-05-09 01:00:00;NORTE;NORDESTE;-2885.6
2025-05-09 02:00:00;NORTE;NORDESTE;-2765.878
2025-05-09 03:00:00;NORTE;NORDESTE;-2633.707
2025-05-09 04:00:00;NORTE;NORDESTE;-2642.036
2025-05-09 05:00:00;NORTE;NORDESTE;-2806.204
2025-05-09 06:00:00;NORTE;NORDESTE;-3478.109
2025-05-09 07:00:00;NORTE;NORDESTE;-5064.68
2025-05-09 08:00:00;NORTE;NORDESTE;-5136.923
2025-05-09 09:00:00;NORTE;NORDESTE;-4937.008
2025-05-09 10:00:00;NORTE;NORDESTE;-4810.272
2025-05-09 11:00:00;NORTE;NORDESTE;-4589.566
2025-05-09 12:00:00;NORTE;NORDESTE;-4624.28399999
2025-05-09 13:00:00;NORTE;NORDESTE;-3681.12
2025-05-09 14:00:00;NORTE;NORDESTE;-2189.294
2025-05-09 15:00:00;NORTE;NORDESTE;-159.048
2025-05-09 16:00:00;NORTE;NORDESTE;2145.92299999
2025-05-09 17:00:00;NORTE;NORDESTE;1768.884
2025-05-09 18:00:00;NORTE;NORDESTE;19.736
2025-05-09 19:00:00;NORTE;NORDESTE;-839.03
2025-05-09 20:00:00;NORTE;NORDESTE;-1269.405
2025-05-09 21:00:00;NORTE;NORDESTE;-1472.087
2025-05-09 22:00:00;NORTE;NORDESTE;-1758.572
2025-05-09 23:00:00;NORTE;NORDESTE;-1924.992
2025-05-10 00:00:00;NORTE;NORDESTE;-1950.319
2025-05-10 01:00:00;NORTE;NORDESTE;-2008.279
2025-05-10 02:00:00;NORTE;NORDESTE;-2254.875
2025-05-10 03:00:00;NORTE;NORDESTE;-2143.60399999
2025-05-10 04:00:00;NORTE;NORDESTE;-2107.349
2025-05-10 05:00:00;NORTE;NORDESTE;-2225.137
2025-05-10 06:00:00;NORTE;NORDESTE;-3594.362
2025-05-10 07:00:00;NORTE;NORDESTE;-4842.959
2025-05-10 08:00:00;NORTE;NORDESTE;-5049.526
2025-05-10 09:00:00;NORTE;NORDESTE;-4869.997
2025-05-10 10:00:00;NORTE;NORDESTE;-4532.472
2025-05-10 11:00:00;NORTE;NORDESTE;-4070.537
2025-05-10 12:00:00;NORTE;NORDESTE;-3799.195
2025-05-10 13:00:00;NORTE;NORDESTE;-3443.693
2025-05-10 14:00:00;NORTE;NORDESTE;-3456.284
2025-05-10 15:00:00;NORTE;NORDESTE;-3500.345
2025-05-10 16:00:00;NORTE;NORDESTE;-1114.536
2025-05-10 17:00:00;NORTE;NORDESTE;-731.524
2025-05-10 18:00:00;NORTE;NORDESTE;-1581.318
2025-05-10 19:00:00;NORTE;NORDESTE;-2202.228
2025-05-10 20:00:00;NORTE;NORDESTE;-2718.28
2025-05-10 21:00:00;NORTE;NORDESTE;-2710.443
2025-05-10 22:00:00;NORTE;NORDESTE;-2480.885
2025-05-10 23:00:00;NORTE;NORDESTE;-2504.646
2025-05-11 00:00:00;NORTE;NORDESTE;-2623.535
2025-05-11 01:00:00;NORTE;NORDESTE;-2563.259
2025-05-11 02:00:00;NORTE;NORDESTE;-2629.906
2025-05-11 03:00:00;NORTE;NORDESTE;-2139.78699999
2025-05-11 04:00:00;NORTE;NORDESTE;-1705.834
2025-05-11 05:00:00;NORTE;NORDESTE;-1431.648
2025-05-11 06:00:00;NORTE;NORDESTE;-2413.726
2025-05-11 07:00:00;NORTE;NORDESTE;-3028.871
2025-05-11 08:00:00;NORTE;NORDESTE;-3185.273
2025-05-11 09:00:00;NORTE;NORDESTE;-3028.51
2025-05-11 10:00:00;NORTE;NORDESTE;-2320.074
2025-05-11 11:00:00;NORTE;NORDESTE;-2209.722
2025-05-11 12:00:00;NORTE;NORDESTE;-1470.433
2025-05-11 13:00:00;NORTE;NORDESTE;-1197.21599999
2025-05-11 14:00:00;NORTE;NORDESTE;-772.246
2025-05-11 15:00:00;NORTE;NORDESTE;-588.458
2025-05-11 16:00:00;NORTE;NORDESTE;-184.723
2025-05-11 17:00:00;NORTE;NORDESTE;1098.362
2025-05-11 18:00:00;NORTE;NORDESTE;501.98
2025-05-11 19:00:00;NORTE;NORDESTE;-719.663
2025-05-11 20:00:00;NORTE;NORDESTE;-1765.625
2025-05-11 21:00:00;NORTE;NORDESTE;-1917.742
2025-05-11 22:00:00;NORTE;NORDESTE;-2142.551
2025-05-11 23:00:00;NORTE;NORDESTE;-2731.183
2025-05-12 00:00:00;NORTE;NORDESTE;-2620.254
2025-05-12 01:00:00;NORTE;NORDESTE;-2434.53
2025-05-12 02:00:00;NORTE;NORDESTE;-2160.01
2025-05-12 03:00:00;NORTE;NORDESTE;-2212.681
2025-05-12 04:00:00;NORTE;NORDESTE;-2460.399
2025-05-12 05:00:00;NORTE;NORDESTE;-2612.509
2025-05-12 06:00:00;NORTE;NORDESTE;-2916.86
2025-05-12 07:00:00;NORTE;NORDESTE;-3979.262
2025-05-12 08:00:00;NORTE;NORDESTE;-4652.6
2025-05-12 09:00:00;NORTE;NORDESTE;-4384.962
2025-05-12 10:00:00;NORTE;NORDESTE;-4106.037
2025-05-12 11:00:00;NORTE;NORDESTE;-3722.46
2025-05-12 12:00:00;NORTE;NORDESTE;-3418.146
2025-05-12 13:00:00;NORTE;NORDESTE;-3338.341
2025-05-12 14:00:00;NORTE;NORDESTE;-3402.764
2025-05-12 15:00:00;NORTE;NORDESTE;-3022.467
2025-05-12 16:00:00;NORTE;NORDESTE;-1506.421
2025-05-12 17:00:00;NORTE;NORDESTE;-455.783
2025-05-12 18:00:00;NORTE;NORDESTE;-1193.536
2025-05-12 19:00:00;NORTE;NORDESTE;-1623.492
2025-05-12 20:00:00;NORTE;NORDESTE;-1831.629
2025-05-12 21:00:00;NORTE;NORDESTE;-1968.505
2025-05-12 22:00:00;NORTE;NORDESTE;-2208.96999999
2025-05-12 23:00:00;NORTE;NORDESTE;-1742.691
2025-05-13 00:00:00;NORTE;NORDESTE;-2114.942
2025-05-13 01:00:00;NORTE;NORDESTE;-2656.52799999
2025-05-13 02:00:00;NORTE;NORDESTE;-2474.279
2025-05-13 03:00:00;NORTE;NORDESTE;-2526.308
2025-05-13 04:00:00;NORTE;NORDESTE;-2683.663
2025-05-13 05:00:00;NORTE;NORDESTE;-2532.12399999
2025-05-13 06:00:00;NORTE;NORDESTE;-3279.475
2025-05-13 07:00:00;NORTE;NORDESTE;-4385.447
2025-05-13 08:00:00;NORTE;NORDESTE;-5068.595
2025-05-13 09:00:00;NORTE;NORDESTE;-4790.283
2025-05-13 10:00:00;NORTE;NORDESTE;-4529.47999999
2025-05-13 11:00:00;NORTE;NORDESTE;-2560.91
2025-05-13 12:00:00;NORTE;NORDESTE;-2345.285
2025-05-13 13:00:00;NORTE;NORDESTE;-2340.697
2025-05-13 14:00:00;NORTE;NORDESTE;-2578.154
2025-05-13 15:00:00;NORTE;NORDESTE;-2821.593
2025-05-13 16:00:00;NORTE;NORDESTE;-1476.372
2025-05-13 17:00:00;NORTE;NORDESTE;-839.947
2025-05-13 18:00:00;NORTE;NORDESTE;-1078.891
2025-05-13 19:00:00;NORTE;NORDESTE;-1860.225
2025-05-13 20:00:00;NORTE;NORDESTE;-2129.463
2025-05-13 21:00:00;NORTE;NORDESTE;-2399.319
2025-05-13 22:00:00;NORTE;NORDESTE;-2389.0
2025-05-13 23:00:00;NORTE;NORDESTE;-2319.409
2025-05-14 00:00:00;NORTE;NORDESTE;-2445.838
2025-05-14 01:00:00;NORTE;NORDESTE;-2611.583
2025-05-14 02:00:00;NORTE;NORDESTE;-2581.649
2025-05-14 03:00:00;NORTE;NORDESTE;-2329.611
2025-05-14 04:00:00;NORTE;NORDESTE;-2244.96999999
2025-05-14 05:00:00;NORTE;NORDESTE;-1862.271
2025-05-14 06:00:00;NORTE;NORDESTE;-2567.453
2025-05-14 07:00:00;NORTE;NORDESTE;-3895.926
2025-05-14 08:00:00;NORTE;NORDESTE;-5096.10999999
2025-05-14 09:00:00;NORTE;NORDESTE;-4985.917
2025-05-14 10:00:00;NORTE;NORDESTE;-4428.22999999
2025-05-14 11:00:00;NORTE;NORDESTE;-4350.603
2025-05-14 12:00:00;NORTE;NORDESTE;-4341.042
2025-05-14 13:00:00;NORTE;NORDESTE;-4436.707
2025-05-14 14:00:00;NORTE;NORDESTE;-3966.483
2025-05-14 15:00:00;NORTE;NORDESTE;-3553.653
2025-05-14 16:00:00;NORTE;NORDESTE;-2379.563
2025-05-14 17:00:00;NORTE;NORDESTE;-1060.33099999
2025-05-14 18:00:00;NORTE;NORDESTE;-1204.268
2025-05-14 19:00:00;NORTE;NORDESTE;-1968.628
2025-05-14 20:00:00;NORTE;NORDESTE;-2221.98999999
2025-05-14 21:00:00;NORTE;NORDESTE;-2195.044
2025-05-14 22:00:00;NORTE;NORDESTE;-2252.56
2025-05-14 23:00:00;NORTE;NORDESTE;-2391.51
2025-05-15 00:00:00;NORTE;NORDESTE;-2501.878
2025-05-15 01:00:00;NORTE;NORDESTE;-2518.024
2025-05-15 02:00:00;NORTE;NORDESTE;-2338.649
2025-05-15 03:00:00;NORTE;NORDESTE;-2165.69999999
2025-05-15 04:00:00;NORTE;NORDESTE;-2138.475
2025-05-15 05:00:00;NORTE;NORDESTE;-2200.587
2025-05-15 06:00:00;NORTE;NORDESTE;-2318.763
2025-05-15 07:00:00;NORTE;NORDESTE;-3795.116
2025-05-15 08:00:00;NORTE;NORDESTE;-4211.91
2025-05-15 09:00:00;NORTE;NORDESTE;-3767.816
2025-05-15 10:00:00;NORTE;NORDESTE;-3462.138
2025-05-15 11:00:00;NORTE;NORDESTE;-3116.061
2025-05-15 12:00:00;NORTE;NORDESTE;-2867.625
2025-05-15 13:00:00;NORTE;NORDESTE;-3081.608
2025-05-15 14:00:00;NORTE;NORDESTE;-2664.596
2025-05-15 15:00:00;NORTE;NORDESTE;-2110.108
2025-05-15 16:00:00;NORTE;NORDESTE;-284.918
2025-05-15 17:00:00;NORTE;NORDESTE;1084.077
2025-05-15 18:00:00;NORTE;NORDESTE;-104.701
2025-05-15 19:00:00;NORTE;NORDESTE;-343.344
2025-05-15 20:00:00;NORTE;NORDESTE;-56.949
2025-05-15 21:00:00;NORTE;NORDESTE;-67.093
2025-05-15 22:00:00;NORTE;NORDESTE;-0.243
2025-05-15 23:00:00;NORTE;NORDESTE;645.798
2025-05-16 00:00:00;NORTE;NORDESTE;867.912
2025-05-16 01:00:00;NORTE;NORDESTE;-495.506
2025-05-16 02:00:00;NORTE;NORDESTE;-2020.718
2025-05-16 03:00:00;NORTE;NORDESTE;-2623.101
2025-05-16 04:00:00;NORTE;NORDESTE;-2703.784
2025-05-16 05:00:00;NORTE;NORDESTE;-2769.235
2025-05-16 06:00:00;NORTE;NORDESTE;-2688.5
2025-05-16 07:00:00;NORTE;NORDESTE;-3802.289
2025-05-16 08:00:00;NORTE;NORDESTE;-4967.692
2025-05-16 09:00:00;NORTE;NORDESTE;-4056.635
2025-05-16 10:00:00;NORTE;NORDESTE;-3060.411
2025-05-16 11:00:00;NORTE;NORDESTE;-2685.649
2025-05-16 12:00:00;NORTE;NORDESTE;-2563.56599999
2025-05-16 13:00:00;NORTE;NORDESTE;-2248.794
2025-05-16 14:00:00;NORTE;NORDESTE;-2066.70899999
2025-05-16 15:00:00;NORTE;NORDESTE;-1072.71
2025-05-16 16:00:00;NORTE;NORDESTE;-227.881
2025-05-16 17:00:00;NORTE;NORDESTE;379.644
2025-05-16 18:00:00;NORTE;NORDESTE;-716.624
2025-05-16 19:00:00;NORTE;NORDESTE;-1191.208
2025-05-16 20:00:00;NORTE;NORDESTE;-1216.065
2025-05-16 21:00:00;NORTE;NORDESTE;-1795.125
2025-05-16 22:00:00;NORTE;NORDESTE;-1576.813
2025-05-16 23:00:00;NORTE;NORDESTE;-1705.353
2025-05-17 00:00:00;NORTE;NORDESTE;-2160.472
2025-05-17 01:00:00;NORTE;NORDESTE;-2718.458
2025-05-17 02:00:00;NORTE;NORDESTE;-2234.09299999
2025-05-17 03:00:00;NORTE;NORDESTE;-2259.433
2025-05-17 04:00:00;NORTE;NORDESTE;-2826.61
2025-05-17 05:00:00;NORTE;NORDESTE;-3387.526
2025-05-17 06:00:00;NORTE;NORDESTE;-4443.582
2025-05-17 07:00:00;NORTE;NORDESTE;-5270.01599999
2025-05-17 08:00:00;NORTE;NORDESTE;-5195.41799999
2025-05-17 09:00:00;NORTE;NORDESTE;-4564.322
2025-05-17 10:00:00;NORTE;NORDESTE;-4320.27499999
2025-05-17 11:00:00;NORTE;NORDESTE;-4146.872
2025-05-17 12:00:00;NORTE;NORDESTE;-4023.889
2025-05-17 13:00:00;NORTE;NORDESTE;-4234.268
2025-05-17 14:00:00;NORTE;NORDESTE;-4767.335
2025-05-17 15:00:00;NORTE;NORDESTE;-4116.92
2025-05-17 16:00:00;NORTE;NORDESTE;-1860.71
2025-05-17 17:00:00;NORTE;NORDESTE;58.572
2025-05-17 18:00:00;NORTE;NORDESTE;-809.769
2025-05-17 19:00:00;NORTE;NORDESTE;-1566.943
2025-05-17 20:00:00;NORTE;NORDESTE;-1753.556
2025-05-17 21:00:00;NORTE;NORDESTE;-1751.576
2025-05-17 22:00:00;NORTE;NORDESTE;-1939.022
2025-05-17 23:00:00;NORTE;NORDESTE;-1947.325
2025-05-18 00:00:00;NORTE;NORDESTE;-2811.937
2025-05-18 01:00:00;NORTE;NORDESTE;-3222.429
2025-05-18 02:00:00;NORTE;NORDESTE;-3457.689
2025-05-18 03:00:00;NORTE;NORDESTE;-3204.578
2025-05-18 04:00:00;NORTE;NORDESTE;-3058.18
2025-05-18 05:00:00;NORTE;NORDESTE;-3118.048
2025-05-18 06:00:00;NORTE;NORDESTE;-3199.462
2025-05-18 07:00:00;NORTE;NORDESTE;-3817.859
2025-05-18 08:00:00;NORTE;NORDESTE;-3255.215
2025-05-18 09:00:00;NORTE;NORDESTE;-2520.731
2025-05-18 10:00:00;NORTE;NORDESTE;-1844.228
2025-05-18 11:00:00;NORTE;NORDESTE;-1790.226
2025-05-18 12:00:00;NORTE;NORDESTE;-1693.573
2025-05-18 13:00:00;NORTE;NORDESTE;-1814.571
2025-05-18 14:00:00;NORTE;NORDESTE;-2632.648
2025-05-18 15:00:00;NORTE;NORDESTE;-2587.469
2025-05-18 16:00:00;NORTE;NORDESTE;-1339.353
2025-05-18 17:00:00;NORTE;NORDESTE;-820.063
2025-05-18 18:00:00;NORTE;NORDESTE;-1056.166
2025-05-18 19:00:00;NORTE;NORDESTE;-1669.361
2025-05-18 20:00:00;NORTE;NORDESTE;-1910.095
2025-05-18 21:00:00;NORTE;NORDESTE;-2344.837
2025-05-18 22:00:00;NORTE;NORDESTE;-2501.906
2025-05-18 23:00:00;NORTE;NORDESTE;-2505.95899999
2025-05-19 00:00:00;NORTE;NORDESTE;-2488.927
2025-05-19 01:00:00;NORTE;NORDESTE;-2674.003
2025-05-19 02:00:00;NORTE;NORDESTE;-2607.237
2025-05-19 03:00:00;NORTE;NORDESTE;-2639.731
2025-05-19 04:00:00;NORTE;NORDESTE;-2450.746
2025-05-19 05:00:00;NORTE;NORDESTE;-2137.012
2025-05-19 06:00:00;NORTE;NORDESTE;-3266.725
2025-05-19 07:00:00;NORTE;NORDESTE;-3718.782
2025-05-19 08:00:00;NORTE;NORDESTE;-4393.70799999
2025-05-19 09:00:00;NORTE;NORDESTE;-4459.637
2025-05-19 10:00:00;NORTE;NORDESTE;-4302.714
2025-05-19 11:00:00;NORTE;NORDESTE;-4188.39
2025-05-19 12:00:00;NORTE;NORDESTE;-4144.136
2025-05-19 13:00:00;NORTE;NORDESTE;-3667.36
2025-05-19 14:00:00;NORTE;NORDESTE;-2763.591
2025-05-19 15:00:00;NORTE;NORDESTE;-1214.353
2025-05-19 16:00:00;NORTE;NORDESTE;544.95
2025-05-19 17:00:00;NORTE;NORDESTE;1453.223
2025-05-19 18:00:00;NORTE;NORDESTE;1321.824
2025-05-19 19:00:00;NORTE;NORDESTE;620.357
2025-05-19 20:00:00;NORTE;NORDESTE;100.409
2025-05-19 21:00:00;NORTE;NORDESTE;-221.194
2025-05-19 22:00:00;NORTE;NORDESTE;-457.02
2025-05-19 23:00:00;NORTE;NORDESTE;-427.345
2025-05-20 00:00:00;NORTE;NORDESTE;106.608
2025-05-20 01:00:00;NORTE;NORDESTE;270.671
2025-05-20 02:00:00;NORTE;NORDESTE;271.258
2025-05-20 03:00:00;NORTE;NORDESTE;428.006
2025-05-20 04:00:00;NORTE;NORDESTE;743.988
2025-05-20 05:00:00;NORTE;NORDESTE;949.38
2025-05-20 06:00:00;NORTE;NORDESTE;7.113
2025-05-20 07:00:00;NORTE;NORDESTE;-2237.04599999
2025-05-20 08:00:00;NORTE;NORDESTE;-3632.637
2025-05-20 09:00:00;NORTE;NORDESTE;-3344.057
2025-05-20 10:00:00;NORTE;NORDESTE;-2788.589
2025-05-20 11:00:00;NORTE;NORDESTE;-2728.038
2025-05-20 12:00:00;NORTE;NORDESTE;-2290.68199999
2025-05-20 13:00:00;NORTE;NORDESTE;-1000.117
2025-05-20 14:00:00;NORTE;NORDESTE;531.54
2025-05-20 15:00:00;NORTE;NORDESTE;1681.718
2025-05-20 16:00:00;NORTE;NORDESTE;3198.163
2025-05-20 17:00:00;NORTE;NORDESTE;3880.597
2025-05-20 18:00:00;NORTE;NORDESTE;3391.571
2025-05-20 19:00:00;NORTE;NORDESTE;2619.732
2025-05-20 20:00:00;NORTE;NORDESTE;2048.914
2025-05-20 21:00:00;NORTE;NORDESTE;1755.134
2025-05-20 22:00:00;NORTE;NORDESTE;1644.512
2025-05-20 23:00:00;NORTE;NORDESTE;1533.103
2025-05-21 00:00:00;NORTE;NORDESTE;798.283
2025-05-21 01:00:00;NORTE;NORDESTE;653.181
2025-05-21 02:00:00;NORTE;NORDESTE;871.837
2025-05-21 03:00:00;NORTE;NORDESTE;773.119
2025-05-21 04:00:00;NORTE;NORDESTE;1236.032
2025-05-21 05:00:00;NORTE;NORDESTE;1631.265
2025-05-21 06:00:00;NORTE;NORDESTE;425.67
2025-05-21 07:00:00;NORTE;NORDESTE;-1922.889
2025-05-21 08:00:00;NORTE;NORDESTE;-3251.303
2025-05-21 09:00:00;NORTE;NORDESTE;-3551.217
2025-05-21 10:00:00;NORTE;NORDESTE;-3249.797
2025-05-21 11:00:00;NORTE;NORDESTE;-3039.226
2025-05-21 12:00:00;NORTE;NORDESTE;-2698.30699999
2025-05-21 13:00:00;NORTE;NORDESTE;-2395.87
2025-05-21 14:00:00;NORTE;NORDESTE;-1598.785
2025-05-21 15:00:00;NORTE;NORDESTE;180.383
2025-05-21 16:00:00;NORTE;NORDESTE;2192.09499999
2025-05-21 17:00:00;NORTE;NORDESTE;2738.351
2025-05-21 18:00:00;NORTE;NORDESTE;910.295
2025-05-21 19:00:00;NORTE;NORDESTE;-507.845
2025-05-21 20:00:00;NORTE;NORDESTE;-812.964
2025-05-21 21:00:00;NORTE;NORDESTE;-810.407
2025-05-21 22:00:00;NORTE;NORDESTE;-981.484
2025-05-21 23:00:00;NORTE;NORDESTE;-926.308
2025-05-22 00:00:00;NORTE;NORDESTE;-978.1
2025-05-22 01:00:00;NORTE;NORDESTE;-1502.833
2025-05-22 02:00:00;NORTE;NORDESTE;-1655.423
2025-05-22 03:00:00;NORTE;NORDESTE;-1859.967
2025-05-22 04:00:00;NORTE;NORDESTE;-1998.588
2025-05-22 05:00:00;NORTE;NORDESTE;-1856.419
2025-05-22 06:00:00;NORTE;NORDESTE;-2570.712
2025-05-22 07:00:00;NORTE;NORDESTE;-4105.575
2025-05-22 08:00:00;NORTE;NORDESTE;-4618.943
2025-05-22 09:00:00;NORTE;NORDESTE;-4846.569
2025-05-22 10:00:00;NORTE;NORDESTE;-4375.89099999
2025-05-22 11:00:00;NORTE;NORDESTE;-4248.974
2025-05-22 12:00:00;NORTE;NORDESTE;-3808.501
2025-05-22 13:00:00;NORTE;NORDESTE;-2940.313
2025-05-22 14:00:00;NORTE;NORDESTE;-2475.532
2025-05-22 15:00:00;NORTE;NORDESTE;-1378.436
2025-05-22 16:00:00;NORTE;NORDESTE;1281.59099999
2025-05-22 17:00:00;NORTE;NORDESTE;2635.72899999
2025-05-22 18:00:00;NORTE;NORDESTE;1591.448
2025-05-22 19:00:00;NORTE;NORDESTE;348.395
2025-05-22 20:00:00;NORTE;NORDESTE;-323.481
2025-05-22 21:00:00;NORTE;NORDESTE;-775.23
2025-05-22 22:00:00;NORTE;NORDESTE;-1069.973
2025-05-22 23:00:00;NORTE;NORDESTE;-1219.578
2025-05-23 00:00:00;NORTE;NORDESTE;-1320.373
2025-05-23 01:00:00;NORTE;NORDESTE;-1117.941
2025-05-23 02:00:00;NORTE;NORDESTE;-1116.236
2025-05-23 03:00:00;NORTE;NORDESTE;-1286.857
2025-05-23 04:00:00;NORTE;NORDESTE;-1203.337
2025-05-23 05:00:00;NORTE;NORDESTE;-711.051
2025-05-23 06:00:00;NORTE;NORDESTE;-919.03
2025-05-23 07:00:00;NORTE;NORDESTE;-2403.772
2025-05-23 08:00:00;NORTE;NORDESTE;-4677.863
2025-05-23 09:00:00;NORTE;NORDESTE;-4514.211
2025-05-23 10:00:00;NORTE;NORDESTE;-3767.934
2025-05-23 11:00:00;NORTE;NORDESTE;-3516.431
2025-05-23 12:00:00;NORTE;NORDESTE;-3319.082
2025-05-23 13:00:00;NORTE;NORDESTE;-3074.687
2025-05-23 14:00:00;NORTE;NORDESTE;-2073.645
2025-05-23 15:00:00;NORTE;NORDESTE;-548.797
2025-05-23 16:00:00;NORTE;NORDESTE;930.645
2025-05-23 17:00:00;NORTE;NORDESTE;2252.543
2025-05-23 18:00:00;NORTE;NORDESTE;1203.217
2025-05-23 19:00:00;NORTE;NORDESTE;-578.953
2025-05-23 20:00:00;NORTE;NORDESTE;-1111.915
2025-05-23 21:00:00;NORTE;NORDESTE;-1044.727
2025-05-23 22:00:00;NORTE;NORDESTE;-1349.259
2025-05-23 23:00:00;NORTE;NORDESTE;-1357.19599999
2025-05-24 00:00:00;NORTE;NORDESTE;-2007.335
2025-05-24 01:00:00;NORTE;NORDESTE;-2090.127
2025-05-24 02:00:00;NORTE;NORDESTE;-2035.376
2025-05-24 03:00:00;NORTE;NORDESTE;-2349.01899999
2025-05-24 04:00:00;NORTE;NORDESTE;-2401.58599999
2025-05-24 05:00:00;NORTE;NORDESTE;-2333.962
2025-05-24 06:00:00;NORTE;NORDESTE;-3266.596
2025-05-24 07:00:00;NORTE;NORDESTE;-5068.095
2025-05-24 08:00:00;NORTE;NORDESTE;-5165.421
2025-05-24 09:00:00;NORTE;NORDESTE;-4832.667
2025-05-24 10:00:00;NORTE;NORDESTE;-3971.79
2025-05-24 11:00:00;NORTE;NORDESTE;-3665.093
2025-05-24 12:00:00;NORTE;NORDESTE;-2929.189
2025-05-24 13:00:00;NORTE;NORDESTE;-2860.646
2025-05-24 14:00:00;NORTE;NORDESTE;-2925.953
2025-05-24 15:00:00;NORTE;NORDESTE;-2958.034
2025-05-24 16:00:00;NORTE;NORDESTE;-1578.719
2025-05-24 17:00:00;NORTE;NORDESTE;673.794
2025-05-24 18:00:00;NORTE;NORDESTE;344.355
2025-05-24 19:00:00;NORTE;NORDESTE;-487.413
2025-05-24 20:00:00;NORTE;NORDESTE;-1492.635
2025-05-24 21:00:00;NORTE;NORDESTE;-1556.249
2025-05-24 22:00:00;NORTE;NORDESTE;-2206.378
2025-05-24 23:00:00;NORTE;NORDESTE;-2475.79
2025-05-25 00:00:00;NORTE;NORDESTE;-2547.61
2025-05-25 01:00:00;NORTE;NORDESTE;-2478.297
2025-05-25 02:00:00;NORTE;NORDESTE;-2275.768
2025-05-25 03:00:00;NORTE;NORDESTE;-2484.922
2025-05-25 04:00:00;NORTE;NORDESTE;-2440.656
2025-05-25 05:00:00;NORTE;NORDESTE;-2538.352
2025-05-25 06:00:00;NORTE;NORDESTE;-3225.667
2025-05-25 07:00:00;NORTE;NORDESTE;-4278.892
2025-05-25 08:00:00;NORTE;NORDESTE;-3631.918
2025-05-25 09:00:00;NORTE;NORDESTE;-2307.736
2025-05-25 10:00:00;NORTE;NORDESTE;-1573.089
2025-05-25 11:00:00;NORTE;NORDESTE;-1500.636
2025-05-25 12:00:00;NORTE;NORDESTE;-1551.507
2025-05-25 13:00:00;NORTE;NORDESTE;-1863.761
2025-05-25 14:00:00;NORTE;NORDESTE;-1915.264
2025-05-25 15:00:00;NORTE;NORDESTE;-1389.2
2025-05-25 16:00:00;NORTE;NORDESTE;-885.312
2025-05-25 17:00:00;NORTE;NORDESTE;-969.432
2025-05-25 18:00:00;NORTE;NORDESTE;-1563.468
2025-05-25 19:00:00;NORTE;NORDESTE;-1913.144
2025-05-25 20:00:00;NORTE;NORDESTE;-1878.297
2025-05-25 21:00:00;NORTE;NORDESTE;-2022.69
2025-05-25 22:00:00;NORTE;NORDESTE;-2380.487
2025-05-25 23:00:00;NORTE;NORDESTE;-3109.739
2025-05-26 00:00:00;NORTE;NORDESTE;-3570.555
2025-05-26 01:00:00;NORTE;NORDESTE;-3932.848
2025-05-26 02:00:00;NORTE;NORDESTE;-3907.034
2025-05-26 03:00:00;NORTE;NORDESTE;-3944.706
2025-05-26 04:00:00;NORTE;NORDESTE;-4170.604
2025-05-26 05:00:00;NORTE;NORDESTE;-4194.218
2025-05-26 06:00:00;NORTE;NORDESTE;-4233.196
2025-05-26 07:00:00;NORTE;NORDESTE;-5360.41299999
2025-05-26 08:00:00;NORTE;NORDESTE;-5124.521
2025-05-26 09:00:00;NORTE;NORDESTE;-5006.93999999
2025-05-26 10:00:00;NORTE;NORDESTE;-4585.087
2025-05-26 11:00:00;NORTE;NORDESTE;-4046.369
2025-05-26 12:00:00;NORTE;NORDESTE;-3884.216
2025-05-26 13:00:00;NORTE;NORDESTE;-4202.432
2025-05-26 14:00:00;NORTE;NORDESTE;-4217.695
2025-05-26 15:00:00;NORTE;NORDESTE;-3336.143
2025-05-26 16:00:00;NORTE;NORDESTE;-861.045
2025-05-26 17:00:00;NORTE;NORDESTE;-31.365
2025-05-26 18:00:00;NORTE;NORDESTE;-503.32
2025-05-26 19:00:00;NORTE;NORDESTE;-504.025
2025-05-26 20:00:00;NORTE;NORDESTE;-873.692
2025-05-26 21:00:00;NORTE;NORDESTE;-1289.578
2025-05-26 22:00:00;NORTE;NORDESTE;-1660.922
2025-05-26 23:00:00;NORTE;NORDESTE;-1805.131
2025-05-27 00:00:00;NORTE;NORDESTE;-2270.724
2025-05-27 01:00:00;NORTE;NORDESTE;-2975.288
2025-05-27 02:00:00;NORTE;NORDESTE;-3521.023
2025-05-27 03:00:00;NORTE;NORDESTE;-4159.67699999
2025-05-27 04:00:00;NORTE;NORDESTE;-4155.041
2025-05-27 05:00:00;NORTE;NORDESTE;-3872.141
2025-05-27 06:00:00;NORTE;NORDESTE;-4004.608
2025-05-27 07:00:00;NORTE;NORDESTE;-5397.92699999
2025-05-27 08:00:00;NORTE;NORDESTE;-5716.981
2025-05-27 09:00:00;NORTE;NORDESTE;-5157.09199999
2025-05-27 10:00:00;NORTE;NORDESTE;-5054.803
2025-05-27 11:00:00;NORTE;NORDESTE;-5108.658
2025-05-27 12:00:00;NORTE;NORDESTE;-5032.254
2025-05-27 13:00:00;NORTE;NORDESTE;-5260.286
2025-05-27 14:00:00;NORTE;NORDESTE;-5096.454
2025-05-27 15:00:00;NORTE;NORDESTE;-3911.102
2025-05-27 16:00:00;NORTE;NORDESTE;-1777.785
2025-05-27 17:00:00;NORTE;NORDESTE;430.559
2025-05-27 18:00:00;NORTE;NORDESTE;-329.132
2025-05-27 19:00:00;NORTE;NORDESTE;-1840.01
2025-05-27 20:00:00;NORTE;NORDESTE;-1956.489
2025-05-27 21:00:00;NORTE;NORDESTE;-2057.342
2025-05-27 22:00:00;NORTE;NORDESTE;-1957.71
2025-05-27 23:00:00;NORTE;NORDESTE;-1719.525
2025-05-28 00:00:00;NORTE;NORDESTE;-1889.119
2025-05-28 01:00:00;NORTE;NORDESTE;-1641.819
2025-05-28 02:00:00;NORTE;NORDESTE;-2233.184
2025-05-28 03:00:00;NORTE;NORDESTE;-3261.429
2025-05-28 04:00:00;NORTE;NORDESTE;-3416.738
2025-05-28 05:00:00;NORTE;NORDESTE;-2991.447
2025-05-28 06:00:00;NORTE;NORDESTE;-3311.137
2025-05-28 07:00:00;NORTE;NORDESTE;-4687.27499999
2025-05-28 08:00:00;NORTE;NORDESTE;-4467.048
2025-05-28 09:00:00;NORTE;NORDESTE;-4317.137
2025-05-28 10:00:00;NORTE;NORDESTE;-4385.72999999
2025-05-28 11:00:00;NORTE;NORDESTE;-4244.736
2025-05-28 12:00:00;NORTE;NORDESTE;-4304.067
2025-05-28 13:00:00;NORTE;NORDESTE;-3768.236
2025-05-28 14:00:00;NORTE;NORDESTE;-3324.098
2025-05-28 15:00:00;NORTE;NORDESTE;-2257.56599999
2025-05-28 16:00:00;NORTE;NORDESTE;-277.584
2025-05-28 17:00:00;NORTE;NORDESTE;1373.708
2025-05-28 18:00:00;NORTE;NORDESTE;517.953
2025-05-28 19:00:00;NORTE;NORDESTE;-726.421
2025-05-28 20:00:00;NORTE;NORDESTE;-1799.91
2025-05-28 21:00:00;NORTE;NORDESTE;-1935.184
2025-05-28 22:00:00;NORTE;NORDESTE;-1895.264
2025-05-28 23:00:00;NORTE;NORDESTE;-1948.03
2025-05-29 00:00:00;NORTE;NORDESTE;-2145.36
2025-05-29 01:00:00;NORTE;NORDESTE;-3092.422
2025-05-29 02:00:00;NORTE;NORDESTE;-3104.328
2025-05-29 03:00:00;NORTE;NORDESTE;-2542.466
2025-05-29 04:00:00;NORTE;NORDESTE;-2096.735
2025-05-29 05:00:00;NORTE;NORDESTE;-1884.161
2025-05-29 06:00:00;NORTE;NORDESTE;-1910.781
2025-05-29 07:00:00;NORTE;NORDESTE;-3005.545
2025-05-29 08:00:00;NORTE;NORDESTE;-3789.672
2025-05-29 09:00:00;NORTE;NORDESTE;-3768.321
2025-05-29 10:00:00;NORTE;NORDESTE;-3619.606
2025-05-29 11:00:00;NORTE;NORDESTE;-3525.293
2025-05-29 12:00:00;NORTE;NORDESTE;-3508.518
2025-05-29 13:00:00;NORTE;NORDESTE;-3267.442
2025-05-29 14:00:00;NORTE;NORDESTE;-2237.844
2025-05-29 15:00:00;NORTE;NORDESTE;-2162.433
2025-05-29 16:00:00;NORTE;NORDESTE;452.933
2025-05-29 17:00:00;NORTE;NORDESTE;2450.71099999
2025-05-29 18:00:00;NORTE;NORDESTE;1730.812
2025-05-29 19:00:00;NORTE;NORDESTE;563.506
2025-05-29 20:00:00;NORTE;NORDESTE;-209.06
2025-05-29 21:00:00;NORTE;NORDESTE;-588.96799999
2025-05-29 22:00:00;NORTE;NORDESTE;-1133.434
2025-05-29 23:00:00;NORTE;NORDESTE;-1540.117
2025-05-30 00:00:00;NORTE;NORDESTE;-2019.372
2025-05-30 01:00:00;NORTE;NORDESTE;-2060.347
2025-05-30 02:00:00;NORTE;NORDESTE;-2193.23999999
2025-05-30 03:00:00;NORTE;NORDESTE;-1981.244
2025-05-30 04:00:00;NORTE;NORDESTE;-1822.421
2025-05-30 05:00:00;NORTE;NORDESTE;-1061.38799999
2025-05-30 06:00:00;NORTE;NORDESTE;-1446.737
2025-05-30 07:00:00;NORTE;NORDESTE;-3649.13
2025-05-30 08:00:00;NORTE;NORDESTE;-4370.554
2025-05-30 09:00:00;NORTE;NORDESTE;-4148.55599999
2025-05-30 10:00:00;NORTE;NORDESTE;-3205.535
2025-05-30 11:00:00;NORTE;NORDESTE;-2954.962
2025-05-30 12:00:00;NORTE;NORDESTE;-2394.54799999
2025-05-30 13:00:00;NORTE;NORDESTE;-1929.431
2025-05-30 14:00:00;NORTE;NORDESTE;-1744.958
2025-05-30 15:00:00;NORTE;NORDESTE;-749.327
2025-05-30 16:00:00;NORTE;NORDESTE;1349.76399999
2025-05-30 17:00:00;NORTE;NORDESTE;2211.64
2025-05-30 18:00:00;NORTE;NORDESTE;922.741
2025-05-30 19:00:00;NORTE;NORDESTE;-268.829
2025-05-30 20:00:00;NORTE;NORDESTE;-1377.158
2025-05-30 21:00:00;NORTE;NORDESTE;-2075.246
2025-05-30 22:00:00;NORTE;NORDESTE;-1811.309
2025-05-30 23:00:00;NORTE;NORDESTE;-1468.862
2025-05-31 00:00:00;NORTE;NORDESTE;-1543.96
2025-05-31 01:00:00;NORTE;NORDESTE;-1843.466
2025-05-31 02:00:00;NORTE;NORDESTE;-2263.858
2025-05-31 03:00:00;NORTE;NORDESTE;-2423.568
2025-05-31 04:00:00;NORTE;NORDESTE;-2528.524
2025-05-31 05:00:00;NORTE;NORDESTE;-2232.081
2025-05-31 06:00:00;NORTE;NORDESTE;-2748.849
2025-05-31 07:00:00;NORTE;NORDESTE;-2769.496
2025-05-31 08:00:00;NORTE;NORDESTE;-3054.366
2025-05-31 09:00:00;NORTE;NORDESTE;-2948.927
2025-05-31 10:00:00;NORTE;NORDESTE;-2537.857
2025-05-31 11:00:00;NORTE;NORDESTE;-2050.188
2025-05-31 12:00:00;NORTE;NORDESTE;-1587.469
2025-05-31 13:00:00;NORTE;NORDESTE;-1404.666
2025-05-31 14:00:00;NORTE;NORDESTE;-2043.54
2025-05-31 15:00:00;NORTE;NORDESTE;-2340.563
2025-05-31 16:00:00;NORTE;NORDESTE;-1772.691
2025-05-31 17:00:00;NORTE;NORDESTE;55.053
2025-05-31 18:00:00;NORTE;NORDESTE;-867.752
2025-05-31 19:00:00;NORTE;NORDESTE;-1592.339
2025-05-31 20:00:00;NORTE;NORDESTE;-2015.54
2025-05-31 21:00:00;NORTE;NORDESTE;-2907.001
2025-05-31 22:00:00;NORTE;NORDESTE;-3229.915
2025-05-31 23:00:00;NORTE;NORDESTE;-3317.764
2025-06-01 00:00:00;NORTE;NORDESTE;-3701.324
2025-06-01 01:00:00;NORTE;NORDESTE;-3646.504
2025-06-01 02:00:00;NORTE;NORDESTE;-3752.59
2025-06-01 03:00:00;NORTE;NORDESTE;-3669.211
2025-06-01 04:00:00;NORTE;NORDESTE;-3647.711
2025-06-01 05:00:00;NORTE;NORDESTE;-3842.0
2025-06-01 06:00:00;NORTE;NORDESTE;-4231.86899999
2025-06-01 07:00:00;NORTE;NORDESTE;-4498.135
2025-06-01 08:00:00;NORTE;NORDESTE;-3719.955
2025-06-01 09:00:00;NORTE;NORDESTE;-2826.498
2025-06-01 10:00:00;NORTE;NORDESTE;-2007.96
2025-06-01 11:00:00;NORTE;NORDESTE;-1063.825
2025-06-01 12:00:00;NORTE;NORDESTE;-946.859
2025-06-01 13:00:00;NORTE;NORDESTE;-890.121
2025-06-01 14:00:00;NORTE;NORDESTE;-1454.685
2025-06-01 15:00:00;NORTE;NORDESTE;-1404.088
2025-06-01 16:00:00;NORTE;NORDESTE;161.642
2025-06-01 17:00:00;NORTE;NORDESTE;426.663
2025-06-01 18:00:00;NORTE;NORDESTE;-109.077
2025-06-01 19:00:00;NORTE;NORDESTE;-920.283
2025-06-01 20:00:00;NORTE;NORDESTE;-2077.938
2025-06-01 21:00:00;NORTE;NORDESTE;-3187.213
2025-06-01 22:00:00;NORTE;NORDESTE;-3352.348
2025-06-01 23:00:00;NORTE;NORDESTE;-3468.464
2025-06-02 00:00:00;NORTE;NORDESTE;-3136.315
2025-06-02 01:00:00;NORTE;NORDESTE;-2958.921
2025-06-02 02:00:00;NORTE;NORDESTE;-3220.536
2025-06-02 03:00:00;NORTE;NORDESTE;-3274.357
2025-06-02 04:00:00;NORTE;NORDESTE;-3235.206
2025-06-02 05:00:00;NORTE;NORDESTE;-2723.881
2025-06-02 06:00:00;NORTE;NORDESTE;-3277.349
2025-06-02 07:00:00;NORTE;NORDESTE;-4711.557
2025-06-02 08:00:00;NORTE;NORDESTE;-5002.78799999
2025-06-02 09:00:00;NORTE;NORDESTE;-4973.46699999
2025-06-02 10:00:00;NORTE;NORDESTE;-4872.204
2025-06-02 11:00:00;NORTE;NORDESTE;-4190.142
2025-06-02 12:00:00;NORTE;NORDESTE;-4298.713
2025-06-02 13:00:00;NORTE;NORDESTE;-4502.589
2025-06-02 14:00:00;NORTE;NORDESTE;-4463.34599999
2025-06-02 15:00:00;NORTE;NORDESTE;-3361.932
2025-06-02 16:00:00;NORTE;NORDESTE;-2205.27
2025-06-02 17:00:00;NORTE;NORDESTE;-1239.02399999
2025-06-02 18:00:00;NORTE;NORDESTE;-1290.704
2025-06-02 19:00:00;NORTE;NORDESTE;-1456.342
2025-06-02 20:00:00;NORTE;NORDESTE;-1582.437
2025-06-02 21:00:00;NORTE;NORDESTE;-1838.76
2025-06-02 22:00:00;NORTE;NORDESTE;-1783.163
2025-06-02 23:00:00;NORTE;NORDESTE;-2268.877
2025-06-03 00:00:00;NORTE;NORDESTE;-2914.743
2025-06-03 01:00:00;NORTE;NORDESTE;-3542.921
2025-06-03 02:00:00;NORTE;NORDESTE;-3716.576
2025-06-03 03:00:00;NORTE;NORDESTE;-3266.745
2025-06-03 04:00:00;NORTE;NORDESTE;-3515.983
2025-06-03 05:00:00;NORTE;NORDESTE;-3288.827
2025-06-03 06:00:00;NORTE;NORDESTE;-3113.734
2025-06-03 07:00:00;NORTE;NORDESTE;-3403.35
2025-06-03 08:00:00;NORTE;NORDESTE;-3568.627
2025-06-03 09:00:00;NORTE;NORDESTE;-3624.338
2025-06-03 10:00:00;NORTE;NORDESTE;-3913.369
2025-06-03 11:00:00;NORTE;NORDESTE;-3992.555
2025-06-03 12:00:00;NORTE;NORDESTE;-3602.815
2025-06-03 13:00:00;NORTE;NORDESTE;-3519.943
2025-06-03 14:00:00;NORTE;NORDESTE;-3473.383
2025-06-03 15:00:00;NORTE;NORDESTE;-2976.669
2025-06-03 16:00:00;NORTE;NORDESTE;-1612.993
2025-06-03 17:00:00;NORTE;NORDESTE;47.12
2025-06-03 18:00:00;NORTE;NORDESTE;-475.126
2025-06-03 19:00:00;NORTE;NORDESTE;-915.846
2025-06-03 20:00:00;NORTE;NORDESTE;-976.337
2025-06-03 21:00:00;NORTE;NORDESTE;-1565.689
2025-06-03 22:00:00;NORTE;NORDESTE;-1884.664
2025-06-03 23:00:00;NORTE;NORDESTE;-2385.08599999
2025-06-04 00:00:00;NORTE;NORDESTE;-3394.315
2025-06-04 01:00:00;NORTE;NORDESTE;-3719.681
2025-06-04 02:00:00;NORTE;NORDESTE;-3710.931
2025-06-04 03:00:00;NORTE;NORDESTE;-3616.017
2025-06-04 04:00:00;NORTE;NORDESTE;-3339.549
2025-06-04 05:00:00;NORTE;NORDESTE;-2606.588
2025-06-04 06:00:00;NORTE;NORDESTE;-3054.386
2025-06-04 07:00:00;NORTE;NORDESTE;-4217.72099999
2025-06-04 08:00:00;NORTE;NORDESTE;-4445.857
2025-06-04 09:00:00;NORTE;NORDESTE;-3827.005
2025-06-04 10:00:00;NORTE;NORDESTE;-3388.481
2025-06-04 11:00:00;NORTE;NORDESTE;-2976.89
2025-06-04 12:00:00;NORTE;NORDESTE;-2842.523
2025-06-04 13:00:00;NORTE;NORDESTE;-3002.269
2025-06-04 14:00:00;NORTE;NORDESTE;-3287.84
2025-06-04 15:00:00;NORTE;NORDESTE;-2757.3
2025-06-04 16:00:00;NORTE;NORDESTE;-1208.547
2025-06-04 17:00:00;NORTE;NORDESTE;1284.56099999
2025-06-04 18:00:00;NORTE;NORDESTE;899.6
2025-06-04 19:00:00;NORTE;NORDESTE;129.529
2025-06-04 20:00:00;NORTE;NORDESTE;-924.343
2025-06-04 21:00:00;NORTE;NORDESTE;-1816.291
2025-06-04 22:00:00;NORTE;NORDESTE;-2073.25
2025-06-04 23:00:00;NORTE;NORDESTE;-2074.677
2025-06-05 00:00:00;NORTE;NORDESTE;-1927.492
2025-06-05 01:00:00;NORTE;NORDESTE;-2274.178
2025-06-05 02:00:00;NORTE;NORDESTE;-2380.012
2025-06-05 03:00:00;NORTE;NORDESTE;-2880.193
2025-06-05 04:00:00;NORTE;NORDESTE;-2645.87
2025-06-05 05:00:00;NORTE;NORDESTE;-2102.552
2025-06-05 06:00:00;NORTE;NORDESTE;-2310.614
2025-06-05 07:00:00;NORTE;NORDESTE;-4236.296
2025-06-05 08:00:00;NORTE;NORDESTE;-3819.61
2025-06-05 09:00:00;NORTE;NORDESTE;-3461.87
2025-06-05 10:00:00;NORTE;NORDESTE;-3184.807
2025-06-05 11:00:00;NORTE;NORDESTE;-3281.702
2025-06-05 12:00:00;NORTE;NORDESTE;-3146.698
2025-06-05 13:00:00;NORTE;NORDESTE;-3296.74
2025-06-05 14:00:00;NORTE;NORDESTE;-3216.104
2025-06-05 15:00:00;NORTE;NORDESTE;-2584.679
2025-06-05 16:00:00;NORTE;NORDESTE;-707.937
2025-06-05 17:00:00;NORTE;NORDESTE;579.282
2025-06-05 18:00:00;NORTE;NORDESTE;-434.66
2025-06-05 19:00:00;NORTE;NORDESTE;-1344.824
2025-06-05 20:00:00;NORTE;NORDESTE;-1991.879
2025-06-05 21:00:00;NORTE;NORDESTE;-1934.489
2025-06-05 22:00:00;NORTE;NORDESTE;-2157.616
2025-06-05 23:00:00;NORTE;NORDESTE;-2123.741
2025-06-06 00:00:00;NORTE;NORDESTE;-1907.396
2025-06-06 01:00:00;NORTE;NORDESTE;-2223.31599999
2025-06-06 02:00:00;NORTE;NORDESTE;-2753.48
2025-06-06 03:00:00;NORTE;NORDESTE;-2869.532
2025-06-06 04:00:00;NORTE;NORDESTE;-3001.364
2025-06-06 05:00:00;NORTE;NORDESTE;-2532.686
2025-06-06 06:00:00;NORTE;NORDESTE;-2589.337
2025-06-06 07:00:00;NORTE;NORDESTE;-2951.583
2025-06-06 08:00:00;NORTE;NORDESTE;-3542.423
2025-06-06 09:00:00;NORTE;NORDESTE;-4028.97
2025-06-06 10:00:00;NORTE;NORDESTE;-4258.30599999
2025-06-06 11:00:00;NORTE;NORDESTE;-4068.246
2025-06-06 12:00:00;NORTE;NORDESTE;-3705.825
2025-06-06 13:00:00;NORTE;NORDESTE;-3411.753
2025-06-06 14:00:00;NORTE;NORDESTE;-3102.043
2025-06-06 15:00:00;NORTE;NORDESTE;-2590.513
2025-06-06 16:00:00;NORTE;NORDESTE;-519.491
2025-06-06 17:00:00;NORTE;NORDESTE;707.869
2025-06-06 18:00:00;NORTE;NORDESTE;-634.255
2025-06-06 19:00:00;NORTE;NORDESTE;-2163.79
2025-06-06 20:00:00;NORTE;NORDESTE;-2908.613
2025-06-06 21:00:00;NORTE;NORDESTE;-2851.76
2025-06-06 22:00:00;NORTE;NORDESTE;-3049.059
2025-06-06 23:00:00;NORTE;NORDESTE;-2470.373
2025-06-07 00:00:00;NORTE;NORDESTE;-2140.896
2025-06-07 01:00:00;NORTE;NORDESTE;-2471.405
2025-06-07 02:00:00;NORTE;NORDESTE;-2542.689
2025-06-07 03:00:00;NORTE;NORDESTE;-2638.01899999
2025-06-07 04:00:00;NORTE;NORDESTE;-2374.17
2025-06-07 05:00:00;NORTE;NORDESTE;-2301.26
2025-06-07 06:00:00;NORTE;NORDESTE;-2400.746
2025-06-07 07:00:00;NORTE;NORDESTE;-3317.23
2025-06-07 08:00:00;NORTE;NORDESTE;-3840.478
2025-06-07 09:00:00;NORTE;NORDESTE;-4075.111
2025-06-07 10:00:00;NORTE;NORDESTE;-3877.822
2025-06-07 11:00:00;NORTE;NORDESTE;-3606.649
2025-06-07 12:00:00;NORTE;NORDESTE;-3521.325
2025-06-07 13:00:00;NORTE;NORDESTE;-3174.984
2025-06-07 14:00:00;NORTE;NORDESTE;-2766.348
2025-06-07 15:00:00;NORTE;NORDESTE;-2159.299
2025-06-07 16:00:00;NORTE;NORDESTE;-1270.55
2025-06-07 17:00:00;NORTE;NORDESTE;494.025
2025-06-07 18:00:00;NORTE;NORDESTE;-412.445
2025-06-07 19:00:00;NORTE;NORDESTE;-1606.739
2025-06-07 20:00:00;NORTE;NORDESTE;-2271.666
2025-06-07 21:00:00;NORTE;NORDESTE;-2704.158
2025-06-07 22:00:00;NORTE;NORDESTE;-2957.556
2025-06-07 23:00:00;NORTE;NORDESTE;-2795.032
2025-06-08 00:00:00;NORTE;NORDESTE;-3237.782
2025-06-08 01:00:00;NORTE;NORDESTE;-3477.456
2025-06-08 02:00:00;NORTE;NORDESTE;-3168.023
2025-06-08 03:00:00;NORTE;NORDESTE;-3289.794
2025-06-08 04:00:00;NORTE;NORDESTE;-3331.814
2025-06-08 05:00:00;NORTE;NORDESTE;-2800.365
2025-06-08 06:00:00;NORTE;NORDESTE;-2900.746
2025-06-08 07:00:00;NORTE;NORDESTE;-2752.902
2025-06-08 08:00:00;NORTE;NORDESTE;-2610.199
2025-06-08 09:00:00;NORTE;NORDESTE;-2595.947
2025-06-08 10:00:00;NORTE;NORDESTE;-2383.958
2025-06-08 11:00:00;NORTE;NORDESTE;-2180.425
2025-06-08 12:00:00;NORTE;NORDESTE;-1762.558
2025-06-08 13:00:00;NORTE;NORDESTE;-1786.923
2025-06-08 14:00:00;NORTE;NORDESTE;-1586.292
2025-06-08 15:00:00;NORTE;NORDESTE;-1093.461
2025-06-08 16:00:00;NORTE;NORDESTE;155.874
2025-06-08 17:00:00;NORTE;NORDESTE;630.076
2025-06-08 18:00:00;NORTE;NORDESTE;11.09
2025-06-08 19:00:00;NORTE;NORDESTE;-1494.371
2025-06-08 20:00:00;NORTE;NORDESTE;-2759.035
2025-06-08 21:00:00;NORTE;NORDESTE;-2783.06
2025-06-08 22:00:00;NORTE;NORDESTE;-2853.235
2025-06-08 23:00:00;NORTE;NORDESTE;-2577.484
2025-06-09 00:00:00;NORTE;NORDESTE;-2619.074
2025-06-09 01:00:00;NORTE;NORDESTE;-1682.168
2025-06-09 02:00:00;NORTE;NORDESTE;-1264.402
2025-06-09 03:00:00;NORTE;NORDESTE;-870.413
2025-06-09 04:00:00;NORTE;NORDESTE;-702.86
2025-06-09 05:00:00;NORTE;NORDESTE;188.925
2025-06-09 06:00:00;NORTE;NORDESTE;1025.556
2025-06-09 07:00:00;NORTE;NORDESTE;-28.802
2025-06-09 08:00:00;NORTE;NORDESTE;-2836.795
2025-06-09 09:00:00;NORTE;NORDESTE;-3377.236
2025-06-09 10:00:00;NORTE;NORDESTE;-2989.966
2025-06-09 11:00:00;NORTE;NORDESTE;-2590.719
2025-06-09 12:00:00;NORTE;NORDESTE;-2830.261
2025-06-09 13:00:00;NORTE;NORDESTE;-2488.116
2025-06-09 14:00:00;NORTE;NORDESTE;-1681.22
2025-06-09 15:00:00;NORTE;NORDESTE;-699.772
2025-06-09 16:00:00;NORTE;NORDESTE;1609.431
2025-06-09 17:00:00;NORTE;NORDESTE;2665.571
2025-06-09 18:00:00;NORTE;NORDESTE;1929.639
2025-06-09 19:00:00;NORTE;NORDESTE;732.469
2025-06-09 20:00:00;NORTE;NORDESTE;110.937
2025-06-09 21:00:00;NORTE;NORDESTE;18.536
2025-06-09 22:00:00;NORTE;NORDESTE;-204.817
2025-06-09 23:00:00;NORTE;NORDESTE;-463.212
2025-06-10 00:00:00;NORTE;NORDESTE;-39.87299999
2025-06-10 01:00:00;NORTE;NORDESTE;252.155
2025-06-10 02:00:00;NORTE;NORDESTE;31.008
2025-06-10 03:00:00;NORTE;NORDESTE;286.519
2025-06-10 04:00:00;NORTE;NORDESTE;589.884
2025-06-10 05:00:00;NORTE;NORDESTE;1346.807
2025-06-10 06:00:00;NORTE;NORDESTE;1252.92699999
2025-06-10 07:00:00;NORTE;NORDESTE;-1673.743
2025-06-10 08:00:00;NORTE;NORDESTE;-3844.778
2025-06-10 09:00:00;NORTE;NORDESTE;-3884.347
2025-06-10 10:00:00;NORTE;NORDESTE;-3010.252
2025-06-10 11:00:00;NORTE;NORDESTE;-2560.439
2025-06-10 12:00:00;NORTE;NORDESTE;-2541.41199999
2025-06-10 13:00:00;NORTE;NORDESTE;-2238.889
2025-06-10 14:00:00;NORTE;NORDESTE;-2028.419
2025-06-10 15:00:00;NORTE;NORDESTE;-1641.804
2025-06-10 16:00:00;NORTE;NORDESTE;316.59699999
2025-06-10 17:00:00;NORTE;NORDESTE;1194.589
2025-06-10 18:00:00;NORTE;NORDESTE;725.239
2025-06-10 19:00:00;NORTE;NORDESTE;50.035
2025-06-10 20:00:00;NORTE;NORDESTE;-441.142
2025-06-10 21:00:00;NORTE;NORDESTE;-848.629
2025-06-10 22:00:00;NORTE;NORDESTE;-1333.34999999
2025-06-10 23:00:00;NORTE;NORDESTE;-1396.55
2025-06-11 00:00:00;NORTE;NORDESTE;-1378.653
2025-06-11 01:00:00;NORTE;NORDESTE;-1115.678
2025-06-11 02:00:00;NORTE;NORDESTE;-1391.499
2025-06-11 03:00:00;NORTE;NORDESTE;-1237.117
2025-06-11 04:00:00;NORTE;NORDESTE;-1081.628
2025-06-11 05:00:00;NORTE;NORDESTE;-1065.89799999
2025-06-11 06:00:00;NORTE;NORDESTE;-1419.013
2025-06-11 07:00:00;NORTE;NORDESTE;-2911.696
2025-06-11 08:00:00;NORTE;NORDESTE;-4694.78799999
2025-06-11 09:00:00;NORTE;NORDESTE;-4639.631
2025-06-11 10:00:00;NORTE;NORDESTE;-4207.98899999
2025-06-11 11:00:00;NORTE;NORDESTE;-3120.732
2025-06-11 12:00:00;NORTE;NORDESTE;-2716.234
2025-06-11 13:00:00;NORTE;NORDESTE;-3008.938
2025-06-11 14:00:00;NORTE;NORDESTE;-2419.225
2025-06-11 15:00:00;NORTE;NORDESTE;-732.716
2025-06-11 16:00:00;NORTE;NORDESTE;1200.732
2025-06-11 17:00:00;NORTE;NORDESTE;1593.826
2025-06-11 18:00:00;NORTE;NORDESTE;796.101
2025-06-11 19:00:00;NORTE;NORDESTE;-579.245
2025-06-11 20:00:00;NORTE;NORDESTE;-2115.568
2025-06-11 21:00:00;NORTE;NORDESTE;-2545.824
2025-06-11 22:00:00;NORTE;NORDESTE;-2338.311
2025-06-11 23:00:00;NORTE;NORDESTE;-2503.33599999
2025-06-12 00:00:00;NORTE;NORDESTE;-2894.276
2025-06-12 01:00:00;NORTE;NORDESTE;-3077.807
2025-06-12 02:00:00;NORTE;NORDESTE;-2728.402
2025-06-12 03:00:00;NORTE;NORDESTE;-2454.319
2025-06-12 04:00:00;NORTE;NORDESTE;-2434.297
2025-06-12 05:00:00;NORTE;NORDESTE;-2592.266
2025-06-12 06:00:00;NORTE;NORDESTE;-2807.147
2025-06-12 07:00:00;NORTE;NORDESTE;-4219.43999999
2025-06-12 08:00:00;NORTE;NORDESTE;-4441.374
2025-06-12 09:00:00;NORTE;NORDESTE;-3599.429
2025-06-12 10:00:00;NORTE;NORDESTE;-2963.0
2025-06-12 11:00:00;NORTE;NORDESTE;-2414.087
2025-06-12 12:00:00;NORTE;NORDESTE;-2116.30499999
2025-06-12 13:00:00;NORTE;NORDESTE;-1354.313
2025-06-12 14:00:00;NORTE;NORDESTE;-1858.091
2025-06-12 15:00:00;NORTE;NORDESTE;-1627.617
2025-06-12 16:00:00;NORTE;NORDESTE;-275.869
2025-06-12 17:00:00;NORTE;NORDESTE;-57.199
2025-06-12 18:00:00;NORTE;NORDESTE;-1196.669
2025-06-12 19:00:00;NORTE;NORDESTE;-2209.685
2025-06-12 20:00:00;NORTE;NORDESTE;-3132.253
2025-06-12 21:00:00;NORTE;NORDESTE;-3237.034
2025-06-12 22:00:00;NORTE;NORDESTE;-3007.558
2025-06-12 23:00:00;NORTE;NORDESTE;-3072.277
2025-06-13 00:00:00;NORTE;NORDESTE;-3270.092
2025-06-13 01:00:00;NORTE;NORDESTE;-3364.498
2025-06-13 02:00:00;NORTE;NORDESTE;-3515.704
2025-06-13 03:00:00;NORTE;NORDESTE;-3517.05
2025-06-13 04:00:00;NORTE;NORDESTE;-3497.312
2025-06-13 05:00:00;NORTE;NORDESTE;-3156.017
2025-06-13 06:00:00;NORTE;NORDESTE;-3863.039
2025-06-13 07:00:00;NORTE;NORDESTE;-4762.295
2025-06-13 08:00:00;NORTE;NORDESTE;-4347.222
2025-06-13 09:00:00;NORTE;NORDESTE;-4196.645
2025-06-13 10:00:00;NORTE;NORDESTE;-3689.851
2025-06-13 11:00:00;NORTE;NORDESTE;-3419.234
2025-06-13 12:00:00;NORTE;NORDESTE;-3229.265
2025-06-13 13:00:00;NORTE;NORDESTE;-3695.361
2025-06-13 14:00:00;NORTE;NORDESTE;-4435.795
2025-06-13 15:00:00;NORTE;NORDESTE;-4078.799
2025-06-13 16:00:00;NORTE;NORDESTE;-3647.815
2025-06-13 17:00:00;NORTE;NORDESTE;-2894.409
2025-06-13 18:00:00;NORTE;NORDESTE;-3135.99
2025-06-13 19:00:00;NORTE;NORDESTE;-3658.091
2025-06-13 20:00:00;NORTE;NORDESTE;-3654.429
2025-06-13 21:00:00;NORTE;NORDESTE;-3810.852
2025-06-13 22:00:00;NORTE;NORDESTE;-3924.272
2025-06-13 23:00:00;NORTE;NORDESTE;-4085.298
2025-06-14 00:00:00;NORTE;NORDESTE;-3880.115
2025-06-14 01:00:00;NORTE;NORDESTE;-4304.774
2025-06-14 02:00:00;NORTE;NORDESTE;-4340.94899999
2025-06-14 03:00:00;NORTE;NORDESTE;-4438.198
2025-06-14 04:00:00;NORTE;NORDESTE;-4169.671
2025-06-14 05:00:00;NORTE;NORDESTE;-3941.386
2025-06-14 06:00:00;NORTE;NORDESTE;-4256.503
2025-06-14 07:00:00;NORTE;NORDESTE;-4402.764
2025-06-14 08:00:00;NORTE;NORDESTE;-4148.196
2025-06-14 09:00:00;NORTE;NORDESTE;-3769.427
2025-06-14 10:00:00;NORTE;NORDESTE;-3206.985
2025-06-14 11:00:00;NORTE;NORDESTE;-2854.829
2025-06-14 12:00:00;NORTE;NORDESTE;-2907.526
2025-06-14 13:00:00;NORTE;NORDESTE;-3119.447
2025-06-14 14:00:00;NORTE;NORDESTE;-3708.56
2025-06-14 15:00:00;NORTE;NORDESTE;-3990.368
2025-06-14 16:00:00;NORTE;NORDESTE;-3997.282
2025-06-14 17:00:00;NORTE;NORDESTE;-2560.281
2025-06-14 18:00:00;NORTE;NORDESTE;-2658.759
2025-06-14 19:00:00;NORTE;NORDESTE;-3660.981
2025-06-14 20:00:00;NORTE;NORDESTE;-3964.807
2025-06-14 21:00:00;NORTE;NORDESTE;-3863.215
2025-06-14 22:00:00;NORTE;NORDESTE;-3894.818
2025-06-14 23:00:00;NORTE;NORDESTE;-3286.161
2025-06-15 00:00:00;NORTE;NORDESTE;-3171.607
2025-06-15 01:00:00;NORTE;NORDESTE;-3190.045
2025-06-15 02:00:00;NORTE;NORDESTE;-3128.729
2025-06-15 03:00:00;NORTE;NORDESTE;-2976.666
2025-06-15 04:00:00;NORTE;NORDESTE;-3030.488
2025-06-15 05:00:00;NORTE;NORDESTE;-3029.976
2025-06-15 06:00:00;NORTE;NORDESTE;-3459.92
2025-06-15 07:00:00;NORTE;NORDESTE;-3533.705
2025-06-15 08:00:00;NORTE;NORDESTE;-3167.001
2025-06-15 09:00:00;NORTE;NORDESTE;-2320.781
2025-06-15 10:00:00;NORTE;NORDESTE;-1848.715
2025-06-15 11:00:00;NORTE;NORDESTE;-1856.887
2025-06-15 12:00:00;NORTE;NORDESTE;-1782.849
2025-06-15 13:00:00;NORTE;NORDESTE;-1856.536
2025-06-15 14:00:00;NORTE;NORDESTE;-2224.044
2025-06-15 15:00:00;NORTE;NORDESTE;-2106.355
2025-06-15 16:00:00;NORTE;NORDESTE;-1332.799
2025-06-15 17:00:00;NORTE;NORDESTE;242.583
2025-06-15 18:00:00;NORTE;NORDESTE;-483.352
2025-06-15 19:00:00;NORTE;NORDESTE;-1492.038
2025-06-15 20:00:00;NORTE;NORDESTE;-2038.25
2025-06-15 21:00:00;NORTE;NORDESTE;-2404.21999999
2025-06-15 22:00:00;NORTE;NORDESTE;-2088.222
2025-06-15 23:00:00;NORTE;NORDESTE;-1765.066
2025-06-16 00:00:00;NORTE;NORDESTE;-1657.17
2025-06-16 01:00:00;NORTE;NORDESTE;-1845.869
2025-06-16 02:00:00;NORTE;NORDESTE;-1661.477
2025-06-16 03:00:00;NORTE;NORDESTE;-1602.753
2025-06-16 04:00:00;NORTE;NORDESTE;-1708.318
2025-06-16 05:00:00;NORTE;NORDESTE;-1481.673
2025-06-16 06:00:00;NORTE;NORDESTE;-2160.46999999
2025-06-16 07:00:00;NORTE;NORDESTE;-3445.986
2025-06-16 08:00:00;NORTE;NORDESTE;-4055.593
2025-06-16 09:00:00;NORTE;NORDESTE;-3926.725
2025-06-16 10:00:00;NORTE;NORDESTE;-3892.776
2025-06-16 11:00:00;NORTE;NORDESTE;-3844.364
2025-06-16 12:00:00;NORTE;NORDESTE;-3471.25
2025-06-16 13:00:00;NORTE;NORDESTE;-3270.088
2025-06-16 14:00:00;NORTE;NORDESTE;-3037.666
2025-06-16 15:00:00;NORTE;NORDESTE;-1967.134
2025-06-16 16:00:00;NORTE;NORDESTE;-949.543
2025-06-16 17:00:00;NORTE;NORDESTE;-689.963
2025-06-16 18:00:00;NORTE;NORDESTE;-1369.26399999
2025-06-16 19:00:00;NORTE;NORDESTE;-2253.005
2025-06-16 20:00:00;NORTE;NORDESTE;-2960.354
2025-06-16 21:00:00;NORTE;NORDESTE;-2974.775
2025-06-16 22:00:00;NORTE;NORDESTE;-2575.30699999
2025-06-16 23:00:00;NORTE;NORDESTE;-2369.715
2025-06-17 00:00:00;NORTE;NORDESTE;-2858.423
2025-06-17 01:00:00;NORTE;NORDESTE;-3213.439
2025-06-17 02:00:00;NORTE;NORDESTE;-3268.952
2025-06-17 03:00:00;NORTE;NORDESTE;-3287.528
2025-06-17 04:00:00;NORTE;NORDESTE;-3161.881
2025-06-17 05:00:00;NORTE;NORDESTE;-3070.932
2025-06-17 06:00:00;NORTE;NORDESTE;-3716.082
2025-06-17 07:00:00;NORTE;NORDESTE;-3864.85
2025-06-17 08:00:00;NORTE;NORDESTE;-4345.201
2025-06-17 09:00:00;NORTE;NORDESTE;-4454.426
2025-06-17 10:00:00;NORTE;NORDESTE;-4049.132
2025-06-17 11:00:00;NORTE;NORDESTE;-3597.984
2025-06-17 12:00:00;NORTE;NORDESTE;-3530.158
2025-06-17 13:00:00;NORTE;NORDESTE;-3545.661
2025-06-17 14:00:00;NORTE;NORDESTE;-3683.342
2025-06-17 15:00:00;NORTE;NORDESTE;-2964.959
2025-06-17 16:00:00;NORTE;NORDESTE;-1617.018
2025-06-17 17:00:00;NORTE;NORDESTE;91.929
2025-06-17 18:00:00;NORTE;NORDESTE;255.281
2025-06-17 19:00:00;NORTE;NORDESTE;-717.909
2025-06-17 20:00:00;NORTE;NORDESTE;-1636.03
2025-06-17 21:00:00;NORTE;NORDESTE;-2612.527
2025-06-17 22:00:00;NORTE;NORDESTE;-2666.189
2025-06-17 23:00:00;NORTE;NORDESTE;-2575.248
2025-06-18 00:00:00;NORTE;NORDESTE;-2941.745
2025-06-18 01:00:00;NORTE;NORDESTE;-2994.614
2025-06-18 02:00:00;NORTE;NORDESTE;-2728.935
2025-06-18 03:00:00;NORTE;NORDESTE;-3111.545
2025-06-18 04:00:00;NORTE;NORDESTE;-3457.511
2025-06-18 05:00:00;NORTE;NORDESTE;-3596.384
2025-06-18 06:00:00;NORTE;NORDESTE;-3451.05
2025-06-18 07:00:00;NORTE;NORDESTE;-3941.212
2025-06-18 08:00:00;NORTE;NORDESTE;-4711.72
2025-06-18 09:00:00;NORTE;NORDESTE;-4213.075
2025-06-18 10:00:00;NORTE;NORDESTE;-3831.842
2025-06-18 11:00:00;NORTE;NORDESTE;-3839.909
2025-06-18 12:00:00;NORTE;NORDESTE;-3766.793
2025-06-18 13:00:00;NORTE;NORDESTE;-3987.929
2025-06-18 14:00:00;NORTE;NORDESTE;-4227.23499999
2025-06-18 15:00:00;NORTE;NORDESTE;-3349.827
2025-06-18 16:00:00;NORTE;NORDESTE;-2707.348
2025-06-18 17:00:00;NORTE;NORDESTE;-1546.507
2025-06-18 18:00:00;NORTE;NORDESTE;-2427.056
2025-06-18 19:00:00;NORTE;NORDESTE;-3506.935
2025-06-18 20:00:00;NORTE;NORDESTE;-4453.204
2025-06-18 21:00:00;NORTE;NORDESTE;-4370.04699999
2025-06-18 22:00:00;NORTE;NORDESTE;-4245.17
2025-06-18 23:00:00;NORTE;NORDESTE;-3937.799
2025-06-19 00:00:00;NORTE;NORDESTE;-3964.725
2025-06-19 01:00:00;NORTE;NORDESTE;-4025.971
2025-06-19 02:00:00;NORTE;NORDESTE;-3698.156
2025-06-19 03:00:00;NORTE;NORDESTE;-3303.424
2025-06-19 04:00:00;NORTE;NORDESTE;-3284.174
2025-06-19 05:00:00;NORTE;NORDESTE;-3241.412
2025-06-19 06:00:00;NORTE;NORDESTE;-3256.567
2025-06-19 07:00:00;NORTE;NORDESTE;-4151.245
2025-06-19 08:00:00;NORTE;NORDESTE;-4049.62
2025-06-19 09:00:00;NORTE;NORDESTE;-3124.696
2025-06-19 10:00:00;NORTE;NORDESTE;-2563.772
2025-06-19 11:00:00;NORTE;NORDESTE;-2568.275
2025-06-19 12:00:00;NORTE;NORDESTE;-2746.174
2025-06-19 13:00:00;NORTE;NORDESTE;-3131.273
2025-06-19 14:00:00;NORTE;NORDESTE;-3298.178
2025-06-19 15:00:00;NORTE;NORDESTE;-2974.754
2025-06-19 16:00:00;NORTE;NORDESTE;-2597.82499999
2025-06-19 17:00:00;NORTE;NORDESTE;-1504.637
2025-06-19 18:00:00;NORTE;NORDESTE;-1655.979
2025-06-19 19:00:00;NORTE;NORDESTE;-2384.485
2025-06-19 20:00:00;NORTE;NORDESTE;-3388.079
2025-06-19 21:00:00;NORTE;NORDESTE;-3405.865
2025-06-19 22:00:00;NORTE;NORDESTE;-2891.006
2025-06-19 23:00:00;NORTE;NORDESTE;-2926.738
2025-06-20 00:00:00;NORTE;NORDESTE;-3031.873
2025-06-20 01:00:00;NORTE;NORDESTE;-3250.418
2025-06-20 02:00:00;NORTE;NORDESTE;-2727.862
2025-06-20 03:00:00;NORTE;NORDESTE;-2519.136
2025-06-20 04:00:00;NORTE;NORDESTE;-2631.623
2025-06-20 05:00:00;NORTE;NORDESTE;-2905.126
2025-06-20 06:00:00;NORTE;NORDESTE;-3435.124
2025-06-20 07:00:00;NORTE;NORDESTE;-3897.452
2025-06-20 08:00:00;NORTE;NORDESTE;-4610.972
2025-06-20 09:00:00;NORTE;NORDESTE;-4695.291
2025-06-20 10:00:00;NORTE;NORDESTE;-4774.01599999
2025-06-20 11:00:00;NORTE;NORDESTE;-4503.933
2025-06-20 12:00:00;NORTE;NORDESTE;-4328.16799999
2025-06-20 13:00:00;NORTE;NORDESTE;-4125.743
2025-06-20 14:00:00;NORTE;NORDESTE;-4054.211
2025-06-20 15:00:00;NORTE;NORDESTE;-2933.092
2025-06-20 16:00:00;NORTE;NORDESTE;-1549.2
2025-06-20 17:00:00;NORTE;NORDESTE;-526.653
2025-06-20 18:00:00;NORTE;NORDESTE;-1148.694
2025-06-20 19:00:00;NORTE;NORDESTE;-2077.592
2025-06-20 20:00:00;NORTE;NORDESTE;-2712.397
2025-06-20 21:00:00;NORTE;NORDESTE;-2610.19
2025-06-20 22:00:00;NORTE;NORDESTE;-2399.136
2025-06-20 23:00:00;NORTE;NORDESTE;-2704.55499999
2025-06-21 00:00:00;NORTE;NORDESTE;-3088.851
2025-06-21 01:00:00;NORTE;NORDESTE;-3186.932
2025-06-21 02:00:00;NORTE;NORDESTE;-3371.485
2025-06-21 03:00:00;NORTE;NORDESTE;-3151.533
2025-06-21 04:00:00;NORTE;NORDESTE;-3158.466
2025-06-21 05:00:00;NORTE;NORDESTE;-3159.868
2025-06-21 06:00:00;NORTE;NORDESTE;-3613.96
2025-06-21 07:00:00;NORTE;NORDESTE;-3791.935
2025-06-21 08:00:00;NORTE;NORDESTE;-4324.062
2025-06-21 09:00:00;NORTE;NORDESTE;-4259.963
2025-06-21 10:00:00;NORTE;NORDESTE;-3846.371
2025-06-21 11:00:00;NORTE;NORDESTE;-3532.454
2025-06-21 12:00:00;NORTE;NORDESTE;-3693.327
2025-06-21 13:00:00;NORTE;NORDESTE;-3755.375
2025-06-21 14:00:00;NORTE;NORDESTE;-3837.3
2025-06-21 15:00:00;NORTE;NORDESTE;-3036.395
2025-06-21 16:00:00;NORTE;NORDESTE;-1490.485
2025-06-21 17:00:00;NORTE;NORDESTE;-313.95299999
2025-06-21 18:00:00;NORTE;NORDESTE;-379.305
2025-06-21 19:00:00;NORTE;NORDESTE;-1678.635
2025-06-21 20:00:00;NORTE;NORDESTE;-2855.706
2025-06-21 21:00:00;NORTE;NORDESTE;-2959.265
2025-06-21 22:00:00;NORTE;NORDESTE;-2521.635
2025-06-21 23:00:00;NORTE;NORDESTE;-2420.942
2025-06-22 00:00:00;NORTE;NORDESTE;-2138.6
2025-06-22 01:00:00;NORTE;NORDESTE;-2137.349
2025-06-22 02:00:00;NORTE;NORDESTE;-1989.649
2025-06-22 03:00:00;NORTE;NORDESTE;-1933.058
2025-06-22 04:00:00;NORTE;NORDESTE;-2175.958
2025-06-22 05:00:00;NORTE;NORDESTE;-2311.922
2025-06-22 06:00:00;NORTE;NORDESTE;-2594.983
2025-06-22 07:00:00;NORTE;NORDESTE;-3278.017
2025-06-22 08:00:00;NORTE;NORDESTE;-2562.957
2025-06-22 09:00:00;NORTE;NORDESTE;-1797.839
2025-06-22 10:00:00;NORTE;NORDESTE;-1456.298
2025-06-22 11:00:00;NORTE;NORDESTE;-1381.921
2025-06-22 12:00:00;NORTE;NORDESTE;-1451.091
2025-06-22 13:00:00;NORTE;NORDESTE;-1483.117
2025-06-22 14:00:00;NORTE;NORDESTE;-1946.051
2025-06-22 15:00:00;NORTE;NORDESTE;-2955.442
2025-06-22 16:00:00;NORTE;NORDESTE;-1804.457
2025-06-22 17:00:00;NORTE;NORDESTE;146.70599999
2025-06-22 18:00:00;NORTE;NORDESTE;-259.581
2025-06-22 19:00:00;NORTE;NORDESTE;-1893.826
2025-06-22 20:00:00;NORTE;NORDESTE;-3133.705
2025-06-22 21:00:00;NORTE;NORDESTE;-3622.832
2025-06-22 22:00:00;NORTE;NORDESTE;-3670.746
2025-06-22 23:00:00;NORTE;NORDESTE;-3512.905
2025-06-23 00:00:00;NORTE;NORDESTE;-3538.809
2025-06-23 01:00:00;NORTE;NORDESTE;-3536.527
2025-06-23 02:00:00;NORTE;NORDESTE;-3622.239
2025-06-23 03:00:00;NORTE;NORDESTE;-3562.204
2025-06-23 04:00:00;NORTE;NORDESTE;-3450.352
2025-06-23 05:00:00;NORTE;NORDESTE;-3238.272
2025-06-23 06:00:00;NORTE;NORDESTE;-3738.379
2025-06-23 07:00:00;NORTE;NORDESTE;-4476.073
2025-06-23 08:00:00;NORTE;NORDESTE;-5379.809
2025-06-23 09:00:00;NORTE;NORDESTE;-6001.823
2025-06-23 10:00:00;NORTE;NORDESTE;-5400.2
2025-06-23 11:00:00;NORTE;NORDESTE;-5206.107
2025-06-23 12:00:00;NORTE;NORDESTE;-4814.152
2025-06-23 13:00:00;NORTE;NORDESTE;-4353.091
2025-06-23 14:00:00;NORTE;NORDESTE;-4553.053
2025-06-23 15:00:00;NORTE;NORDESTE;-3985.506
2025-06-23 16:00:00;NORTE;NORDESTE;-2442.027
2025-06-23 17:00:00;NORTE;NORDESTE;-1333.597
2025-06-23 18:00:00;NORTE;NORDESTE;-1501.437
2025-06-23 19:00:00;NORTE;NORDESTE;-2276.031
2025-06-23 20:00:00;NORTE;NORDESTE;-3416.093
2025-06-23 21:00:00;NORTE;NORDESTE;-3632.954
2025-06-23 22:00:00;NORTE;NORDESTE;-3173.628
2025-06-23 23:00:00;NORTE;NORDESTE;-2900.986
2025-06-24 00:00:00;NORTE;NORDESTE;-3165.353
2025-06-24 01:00:00;NORTE;NORDESTE;-3156.657
2025-06-24 02:00:00;NORTE;NORDESTE;-2829.487
2025-06-24 03:00:00;NORTE;NORDESTE;-2404.25799999
2025-06-24 04:00:00;NORTE;NORDESTE;-1818.86
2025-06-24 05:00:00;NORTE;NORDESTE;-1202.21
2025-06-24 06:00:00;NORTE;NORDESTE;-1500.697
2025-06-24 07:00:00;NORTE;NORDESTE;-2600.516
2025-06-24 08:00:00;NORTE;NORDESTE;-3117.87
2025-06-24 09:00:00;NORTE;NORDESTE;-3450.087
2025-06-24 10:00:00;NORTE;NORDESTE;-3415.993
2025-06-24 11:00:00;NORTE;NORDESTE;-3174.763
2025-06-24 12:00:00;NORTE;NORDESTE;-3349.355
2025-06-24 13:00:00;NORTE;NORDESTE;-3356.665
2025-06-24 14:00:00;NORTE;NORDESTE;-2999.815
2025-06-24 15:00:00;NORTE;NORDESTE;-2117.812
2025-06-24 16:00:00;NORTE;NORDESTE;-200.452
2025-06-24 17:00:00;NORTE;NORDESTE;1284.028
2025-06-24 18:00:00;NORTE;NORDESTE;718.842
2025-06-24 19:00:00;NORTE;NORDESTE;-700.2
2025-06-24 20:00:00;NORTE;NORDESTE;-1244.231
2025-06-24 21:00:00;NORTE;NORDESTE;-1630.1
2025-06-24 22:00:00;NORTE;NORDESTE;-2443.505
2025-06-24 23:00:00;NORTE;NORDESTE;-3014.537
2025-06-25 00:00:00;NORTE;NORDESTE;-2797.457
2025-06-25 01:00:00;NORTE;NORDESTE;-2705.768
2025-06-25 02:00:00;NORTE;NORDESTE;-3022.597
2025-06-25 03:00:00;NORTE;NORDESTE;-2940.831
2025-06-25 04:00:00;NORTE;NORDESTE;-2904.615
2025-06-25 05:00:00;NORTE;NORDESTE;-3060.307
2025-06-25 06:00:00;NORTE;NORDESTE;-3455.071
2025-06-25 07:00:00;NORTE;NORDESTE;-4648.085
2025-06-25 08:00:00;NORTE;NORDESTE;-4569.286
2025-06-25 09:00:00;NORTE;NORDESTE;-3954.344
2025-06-25 10:00:00;NORTE;NORDESTE;-3565.473
2025-06-25 11:00:00;NORTE;NORDESTE;-3150.293
2025-06-25 12:00:00;NORTE;NORDESTE;-2580.337
2025-06-25 13:00:00;NORTE;NORDESTE;-2467.4
2025-06-25 14:00:00;NORTE;NORDESTE;-2681.024
2025-06-25 15:00:00;NORTE;NORDESTE;-2554.80499999
2025-06-25 16:00:00;NORTE;NORDESTE;-1506.973
2025-06-25 17:00:00;NORTE;NORDESTE;-1128.596
2025-06-25 18:00:00;NORTE;NORDESTE;-1903.619
2025-06-25 19:00:00;NORTE;NORDESTE;-2926.915
2025-06-25 20:00:00;NORTE;NORDESTE;-3125.123
2025-06-25 21:00:00;NORTE;NORDESTE;-2897.77
2025-06-25 22:00:00;NORTE;NORDESTE;-3553.445
2025-06-25 23:00:00;NORTE;NORDESTE;-3647.411
2025-06-26 00:00:00;NORTE;NORDESTE;-3857.237
2025-06-26 01:00:00;NORTE;NORDESTE;-3970.338
2025-06-26 02:00:00;NORTE;NORDESTE;-3804.615
2025-06-26 03:00:00;NORTE;NORDESTE;-3683.026
2025-06-26 04:00:00;NORTE;NORDESTE;-3729.749
2025-06-26 05:00:00;NORTE;NORDESTE;-3446.323
2025-06-26 06:00:00;NORTE;NORDESTE;-3486.152
2025-06-26 07:00:00;NORTE;NORDESTE;-4085.939
2025-06-26 08:00:00;NORTE;NORDESTE;-4834.558
2025-06-26 09:00:00;NORTE;NORDESTE;-4888.492
2025-06-26 10:00:00;NORTE;NORDESTE;-4883.443
2025-06-26 11:00:00;NORTE;NORDESTE;-4305.529
2025-06-26 12:00:00;NORTE;NORDESTE;-3861.701
2025-06-26 13:00:00;NORTE;NORDESTE;-4068.212
2025-06-26 14:00:00;NORTE;NORDESTE;-4391.893
2025-06-26 15:00:00;NORTE;NORDESTE;-4783.76
2025-06-26 16:00:00;NORTE;NORDESTE;-3387.503
2025-06-26 17:00:00;NORTE;NORDESTE;-2225.15299999
2025-06-26 18:00:00;NORTE;NORDESTE;-2516.638
2025-06-26 19:00:00;NORTE;NORDESTE;-3129.148
2025-06-26 20:00:00;NORTE;NORDESTE;-3719.87
2025-06-26 21:00:00;NORTE;NORDESTE;-3792.764
2025-06-26 22:00:00;NORTE;NORDESTE;-4062.889
2025-06-26 23:00:00;NORTE;NORDESTE;-3646.012
2025-06-27 00:00:00;NORTE;NORDESTE;-3623.896
2025-06-27 01:00:00;NORTE;NORDESTE;-2936.453
2025-06-27 02:00:00;NORTE;NORDESTE;-2622.407
2025-06-27 03:00:00;NORTE;NORDESTE;-2294.042
2025-06-27 04:00:00;NORTE;NORDESTE;-1793.207
2025-06-27 05:00:00;NORTE;NORDESTE;-1617.841
2025-06-27 06:00:00;NORTE;NORDESTE;-1977.842
2025-06-27 07:00:00;NORTE;NORDESTE;-3016.183
2025-06-27 08:00:00;NORTE;NORDESTE;-3702.346
2025-06-27 09:00:00;NORTE;NORDESTE;-4277.453
2025-06-27 10:00:00;NORTE;NORDESTE;-4155.656
2025-06-27 11:00:00;NORTE;NORDESTE;-3742.231
2025-06-27 12:00:00;NORTE;NORDESTE;-3589.691
2025-06-27 13:00:00;NORTE;NORDESTE;-3613.78
2025-06-27 14:00:00;NORTE;NORDESTE;-2922.953
2025-06-27 15:00:00;NORTE;NORDESTE;-1816.36
2025-06-27 16:00:00;NORTE;NORDESTE;-79.803
2025-06-27 17:00:00;NORTE;NORDESTE;1412.718
2025-06-27 18:00:00;NORTE;NORDESTE;1250.644
2025-06-27 19:00:00;NORTE;NORDESTE;-493.073
2025-06-27 20:00:00;NORTE;NORDESTE;-1686.569
2025-06-27 21:00:00;NORTE;NORDESTE;-2599.707
2025-06-27 22:00:00;NORTE;NORDESTE;-2901.35
2025-06-27 23:00:00;NORTE;NORDESTE;-2723.507
2025-06-28 00:00:00;NORTE;NORDESTE;-2334.925
2025-06-28 01:00:00;NORTE;NORDESTE;-2248.205
2025-06-28 02:00:00;NORTE;NORDESTE;-2079.29
2025-06-28 03:00:00;NORTE;NORDESTE;-2177.53699999
2025-06-28 04:00:00;NORTE;NORDESTE;-2102.692
2025-06-28 05:00:00;NORTE;NORDESTE;-1950.519
2025-06-28 06:00:00;NORTE;NORDESTE;-2775.842
2025-06-28 07:00:00;NORTE;NORDESTE;-4016.035
2025-06-28 08:00:00;NORTE;NORDESTE;-3837.695
2025-06-28 09:00:00;NORTE;NORDESTE;-3414.135
2025-06-28 10:00:00;NORTE;NORDESTE;-2976.107
2025-06-28 11:00:00;NORTE;NORDESTE;-2452.243
2025-06-28 12:00:00;NORTE;NORDESTE;-2009.183
2025-06-28 13:00:00;NORTE;NORDESTE;-1713.856
2025-06-28 14:00:00;NORTE;NORDESTE;-1491.339
2025-06-28 15:00:00;NORTE;NORDESTE;-1462.582
2025-06-28 16:00:00;NORTE;NORDESTE;-1415.285
2025-06-28 17:00:00;NORTE;NORDESTE;-660.395
2025-06-28 18:00:00;NORTE;NORDESTE;-1352.784
2025-06-28 19:00:00;NORTE;NORDESTE;-1824.634
2025-06-28 20:00:00;NORTE;NORDESTE;-2169.78
2025-06-28 21:00:00;NORTE;NORDESTE;-3101.911
2025-06-28 22:00:00;NORTE;NORDESTE;-3257.507
2025-06-28 23:00:00;NORTE;NORDESTE;-3099.821
2025-06-29 00:00:00;NORTE;NORDESTE;-2895.276
2025-06-29 01:00:00;NORTE;NORDESTE;-2672.101
2025-06-29 02:00:00;NORTE;NORDESTE;-2497.559
2025-06-29 03:00:00;NORTE;NORDESTE;-2562.678
2025-06-29 04:00:00;NORTE;NORDESTE;-2507.975
2025-06-29 05:00:00;NORTE;NORDESTE;-2468.157
2025-06-29 06:00:00;NORTE;NORDESTE;-2467.149
2025-06-29 07:00:00;NORTE;NORDESTE;-2252.74699999
2025-06-29 08:00:00;NORTE;NORDESTE;-1562.359
2025-06-29 09:00:00;NORTE;NORDESTE;-1217.288
2025-06-29 10:00:00;NORTE;NORDESTE;-825.808
2025-06-29 11:00:00;NORTE;NORDESTE;-652.11
2025-06-29 12:00:00;NORTE;NORDESTE;-672.67499999
2025-06-29 13:00:00;NORTE;NORDESTE;-898.491
2025-06-29 14:00:00;NORTE;NORDESTE;-1103.214
2025-06-29 15:00:00;NORTE;NORDESTE;-1778.076
2025-06-29 16:00:00;NORTE;NORDESTE;-1433.991
2025-06-29 17:00:00;NORTE;NORDESTE;426.822
2025-06-29 18:00:00;NORTE;NORDESTE;-211.931
2025-06-29 19:00:00;NORTE;NORDESTE;-1414.698
2025-06-29 20:00:00;NORTE;NORDESTE;-2590.79
2025-06-29 21:00:00;NORTE;NORDESTE;-2973.556
2025-06-29 22:00:00;NORTE;NORDESTE;-3012.244
2025-06-29 23:00:00;NORTE;NORDESTE;-2997.187
2025-06-30 00:00:00;NORTE;NORDESTE;-2971.312
2025-06-30 01:00:00;NORTE;NORDESTE;-2939.861
2025-06-30 02:00:00;NORTE;NORDESTE;-2981.085
2025-06-30 03:00:00;NORTE;NORDESTE;-2859.626
2025-06-30 04:00:00;NORTE;NORDESTE;-2647.788
2025-06-30 05:00:00;NORTE;NORDESTE;-2605.629
2025-06-30 06:00:00;NORTE;NORDESTE;-2980.162
2025-06-30 07:00:00;NORTE;NORDESTE;-3837.583
2025-06-30 08:00:00;NORTE;NORDESTE;-4552.58299999
2025-06-30 09:00:00;NORTE;NORDESTE;-5130.461
2025-06-30 10:00:00;NORTE;NORDESTE;-4852.111
2025-06-30 11:00:00;NORTE;NORDESTE;-4679.01599999
2025-06-30 12:00:00;NORTE;NORDESTE;-4465.751
2025-06-30 13:00:00;NORTE;NORDESTE;-4386.912
2025-06-30 14:00:00;NORTE;NORDESTE;-3900.42
2025-06-30 15:00:00;NORTE;NORDESTE;-2933.431
2025-06-30 16:00:00;NORTE;NORDESTE;-1612.455
2025-06-30 17:00:00;NORTE;NORDESTE;-631.75
2025-06-30 18:00:00;NORTE;NORDESTE;-1345.027
2025-06-30 19:00:00;NORTE;NORDESTE;-2388.297
2025-06-30 20:00:00;NORTE;NORDESTE;-2995.16
2025-06-30 21:00:00;NORTE;NORDESTE;-3330.497
2025-06-30 22:00:00;NORTE;NORDESTE;-3194.623
2025-06-30 23:00:00;NORTE;NORDESTE;-2847.434
2025-07-01 00:00:00;NORTE;NORDESTE;-2822.78
2025-07-01 01:00:00;NORTE;NORDESTE;-2563.404
2025-07-01 02:00:00;NORTE;NORDESTE;-2315.49899999
2025-07-01 03:00:00;NORTE;NORDESTE;-2110.128
2025-07-01 04:00:00;NORTE;NORDESTE;-1862.532
2025-07-01 05:00:00;NORTE;NORDESTE;-1856.708
2025-07-01 06:00:00;NORTE;NORDESTE;-2206.675
2025-07-01 07:00:00;NORTE;NORDESTE;-3346.343
2025-07-01 08:00:00;NORTE;NORDESTE;-4580.868
2025-07-01 09:00:00;NORTE;NORDESTE;-4836.729
2025-07-01 10:00:00;NORTE;NORDESTE;-4574.977
2025-07-01 11:00:00;NORTE;NORDESTE;-4106.55199999
2025-07-01 12:00:00;NORTE;NORDESTE;-3970.36
2025-07-01 13:00:00;NORTE;NORDESTE;-4205.14
2025-07-01 14:00:00;NORTE;NORDESTE;-4325.345
2025-07-01 15:00:00;NORTE;NORDESTE;-3029.818
2025-07-01 16:00:00;NORTE;NORDESTE;-1546.237
2025-07-01 17:00:00;NORTE;NORDESTE;-260.87099999
2025-07-01 18:00:00;NORTE;NORDESTE;-697.913
2025-07-01 19:00:00;NORTE;NORDESTE;-2010.988
2025-07-01 20:00:00;NORTE;NORDESTE;-2922.03
2025-07-01 21:00:00;NORTE;NORDESTE;-2851.638
2025-07-01 22:00:00;NORTE;NORDESTE;-3117.233
2025-07-01 23:00:00;NORTE;NORDESTE;-3377.3
2025-07-02 00:00:00;NORTE;NORDESTE;-3616.264
2025-07-02 01:00:00;NORTE;NORDESTE;-3687.893
2025-07-02 02:00:00;NORTE;NORDESTE;-4010.328
2025-07-02 03:00:00;NORTE;NORDESTE;-3942.765
2025-07-02 04:00:00;NORTE;NORDESTE;-4291.603
2025-07-02 05:00:00;NORTE;NORDESTE;-4274.017
2025-07-02 06:00:00;NORTE;NORDESTE;-4304.262
2025-07-02 07:00:00;NORTE;NORDESTE;-5013.314
2025-07-02 08:00:00;NORTE;NORDESTE;-5418.087
2025-07-02 09:00:00;NORTE;NORDESTE;-5438.84199999
2025-07-02 10:00:00;NORTE;NORDESTE;-4950.363
2025-07-02 11:00:00;NORTE;NORDESTE;-4728.43099999
2025-07-02 12:00:00;NORTE;NORDESTE;-4677.331
2025-07-02 13:00:00;NORTE;NORDESTE;-4799.206
2025-07-02 14:00:00;NORTE;NORDESTE;-4815.125
2025-07-02 15:00:00;NORTE;NORDESTE;-4231.002
2025-07-02 16:00:00;NORTE;NORDESTE;-3453.61
2025-07-02 17:00:00;NORTE;NORDESTE;-2674.05699999
2025-07-02 18:00:00;NORTE;NORDESTE;-2728.726
2025-07-02 19:00:00;NORTE;NORDESTE;-3436.566
2025-07-02 20:00:00;NORTE;NORDESTE;-4439.743
2025-07-02 21:00:00;NORTE;NORDESTE;-5060.801
2025-07-02 22:00:00;NORTE;NORDESTE;-4771.624
2025-07-02 23:00:00;NORTE;NORDESTE;-4175.201
2025-07-03 00:00:00;NORTE;NORDESTE;-4128.843
2025-07-03 01:00:00;NORTE;NORDESTE;-3991.626
2025-07-03 02:00:00;NORTE;NORDESTE;-3660.951
2025-07-03 03:00:00;NORTE;NORDESTE;-3667.079
2025-07-03 04:00:00;NORTE;NORDESTE;-3662.853
2025-07-03 05:00:00;NORTE;NORDESTE;-3685.066
2025-07-03 06:00:00;NORTE;NORDESTE;-4214.396
2025-07-03 07:00:00;NORTE;NORDESTE;-5397.896
2025-07-03 08:00:00;NORTE;NORDESTE;-5768.693
2025-07-03 09:00:00;NORTE;NORDESTE;-5752.946
2025-07-03 10:00:00;NORTE;NORDESTE;-5566.569
2025-07-03 11:00:00;NORTE;NORDESTE;-5510.902
2025-07-03 12:00:00;NORTE;NORDESTE;-5316.249
2025-07-03 13:00:00;NORTE;NORDESTE;-5239.068
2025-07-03 14:00:00;NORTE;NORDESTE;-5268.245
2025-07-03 15:00:00;NORTE;NORDESTE;-5086.78
2025-07-03 16:00:00;NORTE;NORDESTE;-3831.877
2025-07-03 17:00:00;NORTE;NORDESTE;-2164.942
2025-07-03 18:00:00;NORTE;NORDESTE;-2328.55499999
2025-07-03 19:00:00;NORTE;NORDESTE;-3339.065
2025-07-03 20:00:00;NORTE;NORDESTE;-4135.301
2025-07-03 21:00:00;NORTE;NORDESTE;-4209.653
2025-07-03 22:00:00;NORTE;NORDESTE;-3826.233
2025-07-03 23:00:00;NORTE;NORDESTE;-3430.62
2025-07-04 00:00:00;NORTE;NORDESTE;-3240.66
2025-07-04 01:00:00;NORTE;NORDESTE;-3305.45
2025-07-04 02:00:00;NORTE;NORDESTE;-3210.029
2025-07-04 03:00:00;NORTE;NORDESTE;-3194.559
2025-07-04 04:00:00;NORTE;NORDESTE;-3254.693
2025-07-04 05:00:00;NORTE;NORDESTE;-3234.979
2025-07-04 06:00:00;NORTE;NORDESTE;-3579.757
2025-07-04 07:00:00;NORTE;NORDESTE;-4612.059
2025-07-04 08:00:00;NORTE;NORDESTE;-5062.709
2025-07-04 09:00:00;NORTE;NORDESTE;-5186.013
2025-07-04 10:00:00;NORTE;NORDESTE;-4725.46699999
2025-07-04 11:00:00;NORTE;NORDESTE;-4636.723
2025-07-04 12:00:00;NORTE;NORDESTE;-4159.317
2025-07-04 13:00:00;NORTE;NORDESTE;-3753.298
2025-07-04 14:00:00;NORTE;NORDESTE;-3156.201
2025-07-04 15:00:00;NORTE;NORDESTE;-2632.228
2025-07-04 16:00:00;NORTE;NORDESTE;-1905.045
2025-07-04 17:00:00;NORTE;NORDESTE;-1391.375
2025-07-04 18:00:00;NORTE;NORDESTE;-1715.326
2025-07-04 19:00:00;NORTE;NORDESTE;-2353.669
2025-07-04 20:00:00;NORTE;NORDESTE;-2674.415
2025-07-04 21:00:00;NORTE;NORDESTE;-3052.193
2025-07-04 22:00:00;NORTE;NORDESTE;-3175.898
2025-07-04 23:00:00;NORTE;NORDESTE;-2904.339
2025-07-05 00:00:00;NORTE;NORDESTE;-2737.445
2025-07-05 01:00:00;NORTE;NORDESTE;-2957.264
2025-07-05 02:00:00;NORTE;NORDESTE;-2907.778
2025-07-05 03:00:00;NORTE;NORDESTE;-2898.18
2025-07-05 04:00:00;NORTE;NORDESTE;-2823.987
2025-07-05 05:00:00;NORTE;NORDESTE;-2945.796
2025-07-05 06:00:00;NORTE;NORDESTE;-3789.495
2025-07-05 07:00:00;NORTE;NORDESTE;-4805.892
2025-07-05 08:00:00;NORTE;NORDESTE;-4439.832
2025-07-05 09:00:00;NORTE;NORDESTE;-3589.914
2025-07-05 10:00:00;NORTE;NORDESTE;-2614.049
2025-07-05 11:00:00;NORTE;NORDESTE;-2029.147
2025-07-05 12:00:00;NORTE;NORDESTE;-1808.92
2025-07-05 13:00:00;NORTE;NORDESTE;-1880.822
2025-07-05 14:00:00;NORTE;NORDESTE;-2346.931
2025-07-05 15:00:00;NORTE;NORDESTE;-2175.177
2025-07-05 16:00:00;NORTE;NORDESTE;-1307.85999999
2025-07-05 17:00:00;NORTE;NORDESTE;-319.27
2025-07-05 18:00:00;NORTE;NORDESTE;-949.037
2025-07-05 19:00:00;NORTE;NORDESTE;-1668.374
2025-07-05 20:00:00;NORTE;NORDESTE;-2304.867
2025-07-05 21:00:00;NORTE;NORDESTE;-2812.842
2025-07-05 22:00:00;NORTE;NORDESTE;-2881.356
2025-07-05 23:00:00;NORTE;NORDESTE;-2795.628
2025-07-06 00:00:00;NORTE;NORDESTE;-2550.814
2025-07-06 01:00:00;NORTE;NORDESTE;-2505.21799999
2025-07-06 02:00:00;NORTE;NORDESTE;-2523.567
2025-07-06 03:00:00;NORTE;NORDESTE;-2450.398
2025-07-06 04:00:00;NORTE;NORDESTE;-2331.946
2025-07-06 05:00:00;NORTE;NORDESTE;-2194.76699999
2025-07-06 06:00:00;NORTE;NORDESTE;-2686.228
2025-07-06 07:00:00;NORTE;NORDESTE;-2544.466
2025-07-06 08:00:00;NORTE;NORDESTE;-2180.489
2025-07-06 09:00:00;NORTE;NORDESTE;-1121.505
2025-07-06 10:00:00;NORTE;NORDESTE;-492.487
2025-07-06 11:00:00;NORTE;NORDESTE;-247.232
2025-07-06 12:00:00;NORTE;NORDESTE;-52.941
2025-07-06 13:00:00;NORTE;NORDESTE;-64.9
2025-07-06 14:00:00;NORTE;NORDESTE;393.969
2025-07-06 15:00:00;NORTE;NORDESTE;322.248
2025-07-06 16:00:00;NORTE;NORDESTE;-234.125
2025-07-06 17:00:00;NORTE;NORDESTE;69.781
2025-07-06 18:00:00;NORTE;NORDESTE;-774.452
2025-07-06 19:00:00;NORTE;NORDESTE;-2096.19099999
2025-07-06 20:00:00;NORTE;NORDESTE;-2866.254
2025-07-06 21:00:00;NORTE;NORDESTE;-3037.96
2025-07-06 22:00:00;NORTE;NORDESTE;-3267.841
2025-07-06 23:00:00;NORTE;NORDESTE;-3062.615
2025-07-07 00:00:00;NORTE;NORDESTE;-3440.988
2025-07-07 01:00:00;NORTE;NORDESTE;-3497.795
2025-07-07 02:00:00;NORTE;NORDESTE;-3523.25
2025-07-07 03:00:00;NORTE;NORDESTE;-3471.629
2025-07-07 04:00:00;NORTE;NORDESTE;-3416.649
2025-07-07 05:00:00;NORTE;NORDESTE;-3409.851
2025-07-07 06:00:00;NORTE;NORDESTE;-3944.778
2025-07-07 07:00:00;NORTE;NORDESTE;-4905.443
2025-07-07 08:00:00;NORTE;NORDESTE;-5363.733
2025-07-07 09:00:00;NORTE;NORDESTE;-4270.626
2025-07-07 10:00:00;NORTE;NORDESTE;-3762.724
2025-07-07 11:00:00;NORTE;NORDESTE;-3329.84
2025-07-07 12:00:00;NORTE;NORDESTE;-2759.621
2025-07-07 13:00:00;NORTE;NORDESTE;-2521.779
2025-07-07 14:00:00;NORTE;NORDESTE;-2437.859
2025-07-07 15:00:00;NORTE;NORDESTE;-2003.009
2025-07-07 16:00:00;NORTE;NORDESTE;-1363.309
2025-07-07 17:00:00;NORTE;NORDESTE;-1099.18599999
2025-07-07 18:00:00;NORTE;NORDESTE;-1628.99
2025-07-07 19:00:00;NORTE;NORDESTE;-2727.146
2025-07-07 20:00:00;NORTE;NORDESTE;-3114.745
2025-07-07 21:00:00;NORTE;NORDESTE;-3218.661
2025-07-07 22:00:00;NORTE;NORDESTE;-3499.859
2025-07-07 23:00:00;NORTE;NORDESTE;-3315.879
2025-07-08 00:00:00;NORTE;NORDESTE;-3431.653
2025-07-08 01:00:00;NORTE;NORDESTE;-3628.672
2025-07-08 02:00:00;NORTE;NORDESTE;-3680.407
2025-07-08 03:00:00;NORTE;NORDESTE;-3632.939
2025-07-08 04:00:00;NORTE;NORDESTE;-3527.105
2025-07-08 05:00:00;NORTE;NORDESTE;-3670.273
2025-07-08 06:00:00;NORTE;NORDESTE;-4062.245
2025-07-08 07:00:00;NORTE;NORDESTE;-4823.242
2025-07-08 08:00:00;NORTE;NORDESTE;-5164.299
2025-07-08 09:00:00;NORTE;NORDESTE;-4563.033
2025-07-08 10:00:00;NORTE;NORDESTE;-3584.964
2025-07-08 11:00:00;NORTE;NORDESTE;-3120.509
2025-07-08 12:00:00;NORTE;NORDESTE;-2658.339
2025-07-08 13:00:00;NORTE;NORDESTE;-3100.258
2025-07-08 14:00:00;NORTE;NORDESTE;-3753.442
2025-07-08 15:00:00;NORTE;NORDESTE;-3551.603
2025-07-08 16:00:00;NORTE;NORDESTE;-1598.688
2025-07-08 17:00:00;NORTE;NORDESTE;-28.873
2025-07-08 18:00:00;NORTE;NORDESTE;-172.801
2025-07-08 19:00:00;NORTE;NORDESTE;-1069.81199999
2025-07-08 20:00:00;NORTE;NORDESTE;-1672.321
2025-07-08 21:00:00;NORTE;NORDESTE;-1737.467
2025-07-08 22:00:00;NORTE;NORDESTE;-2040.814
2025-07-08 23:00:00;NORTE;NORDESTE;-2281.05
2025-07-09 00:00:00;NORTE;NORDESTE;-2771.091
2025-07-09 01:00:00;NORTE;NORDESTE;-3042.334
2025-07-09 02:00:00;NORTE;NORDESTE;-2992.787
2025-07-09 03:00:00;NORTE;NORDESTE;-2962.827
2025-07-09 04:00:00;NORTE;NORDESTE;-2920.923
2025-07-09 05:00:00;NORTE;NORDESTE;-2863.668
2025-07-09 06:00:00;NORTE;NORDESTE;-3599.288
2025-07-09 07:00:00;NORTE;NORDESTE;-4694.05599999
2025-07-09 08:00:00;NORTE;NORDESTE;-4844.136
2025-07-09 09:00:00;NORTE;NORDESTE;-4248.209
2025-07-09 10:00:00;NORTE;NORDESTE;-3337.498
2025-07-09 11:00:00;NORTE;NORDESTE;-2883.24
2025-07-09 12:00:00;NORTE;NORDESTE;-2222.708
2025-07-09 13:00:00;NORTE;NORDESTE;-2460.708
2025-07-09 14:00:00;NORTE;NORDESTE;-2433.534
2025-07-09 15:00:00;NORTE;NORDESTE;-2355.184
2025-07-09 16:00:00;NORTE;NORDESTE;-1036.63
2025-07-09 17:00:00;NORTE;NORDESTE;117.359
2025-07-09 18:00:00;NORTE;NORDESTE;-917.11
2025-07-09 19:00:00;NORTE;NORDESTE;-2070.389
2025-07-09 20:00:00;NORTE;NORDESTE;-2116.216
2025-07-09 21:00:00;NORTE;NORDESTE;-2632.36
2025-07-09 22:00:00;NORTE;NORDESTE;-3351.866
2025-07-09 23:00:00;NORTE;NORDESTE;-3575.955
2025-07-10 00:00:00;NORTE;NORDESTE;-3560.287
2025-07-10 01:00:00;NORTE;NORDESTE;-3660.362
2025-07-10 02:00:00;NORTE;NORDESTE;-3767.527
2025-07-10 03:00:00;NORTE;NORDESTE;-3723.842
2025-07-10 04:00:00;NORTE;NORDESTE;-3663.308
2025-07-10 05:00:00;NORTE;NORDESTE;-3822.004
2025-07-10 06:00:00;NORTE;NORDESTE;-4255.455
2025-07-10 07:00:00;NORTE;NORDESTE;-4745.789
2025-07-10 08:00:00;NORTE;NORDESTE;-4357.689
2025-07-10 09:00:00;NORTE;NORDESTE;-4543.267
2025-07-10 10:00:00;NORTE;NORDESTE;-4340.973
2025-07-10 11:00:00;NORTE;NORDESTE;-3879.645
2025-07-10 12:00:00;NORTE;NORDESTE;-3288.884
2025-07-10 13:00:00;NORTE;NORDESTE;-3489.936
2025-07-10 14:00:00;NORTE;NORDESTE;-3563.152
2025-07-10 15:00:00;NORTE;NORDESTE;-2753.413
2025-07-10 16:00:00;NORTE;NORDESTE;-1748.645
2025-07-10 17:00:00;NORTE;NORDESTE;-1084.304
2025-07-10 18:00:00;NORTE;NORDESTE;-1691.182
2025-07-10 19:00:00;NORTE;NORDESTE;-2984.006
2025-07-10 20:00:00;NORTE;NORDESTE;-3665.057
2025-07-10 21:00:00;NORTE;NORDESTE;-3678.602
2025-07-10 22:00:00;NORTE;NORDESTE;-3542.752
2025-07-10 23:00:00;NORTE;NORDESTE;-3404.88
2025-07-11 00:00:00;NORTE;NORDESTE;-3495.693
2025-07-11 01:00:00;NORTE;NORDESTE;-3596.869
2025-07-11 02:00:00;NORTE;NORDESTE;-3644.531
2025-07-11 03:00:00;NORTE;NORDESTE;-3843.138
2025-07-11 04:00:00;NORTE;NORDESTE;-3807.199
2025-07-11 05:00:00;NORTE;NORDESTE;-3666.387
2025-07-11 06:00:00;NORTE;NORDESTE;-3389.028
2025-07-11 07:00:00;NORTE;NORDESTE;-4241.774
2025-07-11 08:00:00;NORTE;NORDESTE;-5074.746
2025-07-11 09:00:00;NORTE;NORDESTE;-5586.882
2025-07-11 10:00:00;NORTE;NORDESTE;-5150.622
2025-07-11 11:00:00;NORTE;NORDESTE;-4719.952
2025-07-11 12:00:00;NORTE;NORDESTE;-4671.035
2025-07-11 13:00:00;NORTE;NORDESTE;-5027.533
2025-07-11 14:00:00;NORTE;NORDESTE;-4729.179
2025-07-11 15:00:00;NORTE;NORDESTE;-4398.673
2025-07-11 16:00:00;NORTE;NORDESTE;-3832.278
2025-07-11 17:00:00;NORTE;NORDESTE;-3039.443
2025-07-11 18:00:00;NORTE;NORDESTE;-2769.795
2025-07-11 19:00:00;NORTE;NORDESTE;-2803.061
2025-07-11 20:00:00;NORTE;NORDESTE;-3234.357
2025-07-11 21:00:00;NORTE;NORDESTE;-3787.45
2025-07-11 22:00:00;NORTE;NORDESTE;-4474.633
2025-07-11 23:00:00;NORTE;NORDESTE;-4445.787
2025-07-12 00:00:00;NORTE;NORDESTE;-4220.39999999
2025-07-12 01:00:00;NORTE;NORDESTE;-4137.461
2025-07-12 02:00:00;NORTE;NORDESTE;-4100.973
2025-07-12 03:00:00;NORTE;NORDESTE;-4147.969
2025-07-12 04:00:00;NORTE;NORDESTE;-4196.055
2025-07-12 05:00:00;NORTE;NORDESTE;-4221.70799999
2025-07-12 06:00:00;NORTE;NORDESTE;-4467.56499999
2025-07-12 07:00:00;NORTE;NORDESTE;-5264.102
2025-07-12 08:00:00;NORTE;NORDESTE;-5411.24399999
2025-07-12 09:00:00;NORTE;NORDESTE;-5058.53799999
2025-07-12 10:00:00;NORTE;NORDESTE;-4454.299
2025-07-12 11:00:00;NORTE;NORDESTE;-3855.365
2025-07-12 12:00:00;NORTE;NORDESTE;-3541.067
2025-07-12 13:00:00;NORTE;NORDESTE;-3702.945
2025-07-12 14:00:00;NORTE;NORDESTE;-4346.037
2025-07-12 15:00:00;NORTE;NORDESTE;-4189.738
2025-07-12 16:00:00;NORTE;NORDESTE;-3226.456
2025-07-12 17:00:00;NORTE;NORDESTE;-1508.061
2025-07-12 18:00:00;NORTE;NORDESTE;-1917.207
2025-07-12 19:00:00;NORTE;NORDESTE;-3159.09
2025-07-12 20:00:00;NORTE;NORDESTE;-3609.296
2025-07-12 21:00:00;NORTE;NORDESTE;-3936.447
2025-07-12 22:00:00;NORTE;NORDESTE;-3667.989
2025-07-12 23:00:00;NORTE;NORDESTE;-3612.374
2025-07-13 00:00:00;NORTE;NORDESTE;-3638.903
2025-07-13 01:00:00;NORTE;NORDESTE;-3657.695
2025-07-13 02:00:00;NORTE;NORDESTE;-3835.104
2025-07-13 03:00:00;NORTE;NORDESTE;-3805.222
2025-07-13 04:00:00;NORTE;NORDESTE;-3545.154
2025-07-13 05:00:00;NORTE;NORDESTE;-3497.712
2025-07-13 06:00:00;NORTE;NORDESTE;-4117.707
2025-07-13 07:00:00;NORTE;NORDESTE;-4301.80599999
2025-07-13 08:00:00;NORTE;NORDESTE;-3472.38
2025-07-13 09:00:00;NORTE;NORDESTE;-1888.255
2025-07-13 10:00:00;NORTE;NORDESTE;-996.373
2025-07-13 11:00:00;NORTE;NORDESTE;-662.363
2025-07-13 12:00:00;NORTE;NORDESTE;-370.853
2025-07-13 13:00:00;NORTE;NORDESTE;-486.784
2025-07-13 14:00:00;NORTE;NORDESTE;-1060.16
2025-07-13 15:00:00;NORTE;NORDESTE;-2071.146
2025-07-13 16:00:00;NORTE;NORDESTE;-2262.44999999
2025-07-13 17:00:00;NORTE;NORDESTE;-1320.27399999
2025-07-13 18:00:00;NORTE;NORDESTE;-1401.439
2025-07-13 19:00:00;NORTE;NORDESTE;-2285.222
2025-07-13 20:00:00;NORTE;NORDESTE;-2834.715
2025-07-13 21:00:00;NORTE;NORDESTE;-3444.086
2025-07-13 22:00:00;NORTE;NORDESTE;-3512.665
2025-07-13 23:00:00;NORTE;NORDESTE;-3593.686
2025-07-14 00:00:00;NORTE;NORDESTE;-3748.708
2025-07-14 01:00:00;NORTE;NORDESTE;-3621.234
2025-07-14 02:00:00;NORTE;NORDESTE;-3497.542
2025-07-14 03:00:00;NORTE;NORDESTE;-3318.422
2025-07-14 04:00:00;NORTE;NORDESTE;-3164.662
2025-07-14 05:00:00;NORTE;NORDESTE;-3279.293
2025-07-14 06:00:00;NORTE;NORDESTE;-3946.609
2025-07-14 07:00:00;NORTE;NORDESTE;-5187.374
2025-07-14 08:00:00;NORTE;NORDESTE;-5269.131
2025-07-14 09:00:00;NORTE;NORDESTE;-4488.93099999
2025-07-14 10:00:00;NORTE;NORDESTE;-3810.771
2025-07-14 11:00:00;NORTE;NORDESTE;-3390.717
2025-07-14 12:00:00;NORTE;NORDESTE;-2666.193
2025-07-14 13:00:00;NORTE;NORDESTE;-2783.694
2025-07-14 14:00:00;NORTE;NORDESTE;-2924.371
2025-07-14 15:00:00;NORTE;NORDESTE;-2733.299
2025-07-14 16:00:00;NORTE;NORDESTE;-2313.413
2025-07-14 17:00:00;NORTE;NORDESTE;-1326.36999999
2025-07-14 18:00:00;NORTE;NORDESTE;-1147.24499999
2025-07-14 19:00:00;NORTE;NORDESTE;-1955.627
2025-07-14 20:00:00;NORTE;NORDESTE;-2638.831
2025-07-14 21:00:00;NORTE;NORDESTE;-2944.842
2025-07-14 22:00:00;NORTE;NORDESTE;-3263.853
2025-07-14 23:00:00;NORTE;NORDESTE;-3284.212
2025-07-15 00:00:00;NORTE;NORDESTE;-3319.212
2025-07-15 01:00:00;NORTE;NORDESTE;-3176.935
2025-07-15 02:00:00;NORTE;NORDESTE;-3184.916
2025-07-15 03:00:00;NORTE;NORDESTE;-3154.032
2025-07-15 04:00:00;NORTE;NORDESTE;-3042.568
2025-07-15 05:00:00;NORTE;NORDESTE;-3394.098
2025-07-15 06:00:00;NORTE;NORDESTE;-3950.991
2025-07-15 07:00:00;NORTE;NORDESTE;-4091.462
2025-07-15 08:00:00;NORTE;NORDESTE;-4485.977
2025-07-15 09:00:00;NORTE;NORDESTE;-4614.281
2025-07-15 10:00:00;NORTE;NORDESTE;-4317.11399999
2025-07-15 11:00:00;NORTE;NORDESTE;-4096.182
2025-07-15 12:00:00;NORTE;NORDESTE;-3971.773
2025-07-15 13:00:00;NORTE;NORDESTE;-3882.017
2025-07-15 14:00:00;NORTE;NORDESTE;-4023.35
2025-07-15 15:00:00;NORTE;NORDESTE;-3771.953
2025-07-15 16:00:00;NORTE;NORDESTE;-2381.775
2025-07-15 17:00:00;NORTE;NORDESTE;-1148.894
2025-07-15 18:00:00;NORTE;NORDESTE;-924.755
2025-07-15 19:00:00;NORTE;NORDESTE;-1939.205
2025-07-15 20:00:00;NORTE;NORDESTE;-2450.77799999
2025-07-15 21:00:00;NORTE;NORDESTE;-2750.684
2025-07-15 22:00:00;NORTE;NORDESTE;-3166.614
2025-07-15 23:00:00;NORTE;NORDESTE;-3270.271
2025-07-16 00:00:00;NORTE;NORDESTE;-3271.441
2025-07-16 01:00:00;NORTE;NORDESTE;-3498.227
2025-07-16 02:00:00;NORTE;NORDESTE;-3403.573
2025-07-16 03:00:00;NORTE;NORDESTE;-3379.637
2025-07-16 04:00:00;NORTE;NORDESTE;-3220.322
2025-07-16 05:00:00;NORTE;NORDESTE;-3212.776
2025-07-16 06:00:00;NORTE;NORDESTE;-3539.099
2025-07-16 07:00:00;NORTE;NORDESTE;-3913.103
2025-07-16 08:00:00;NORTE;NORDESTE;-4205.551
2025-07-16 09:00:00;NORTE;NORDESTE;-3992.978
2025-07-16 10:00:00;NORTE;NORDESTE;-3867.18
2025-07-16 11:00:00;NORTE;NORDESTE;-3965.169
2025-07-16 12:00:00;NORTE;NORDESTE;-3715.11
2025-07-16 13:00:00;NORTE;NORDESTE;-4193.21699999
2025-07-16 14:00:00;NORTE;NORDESTE;-4494.189
2025-07-16 15:00:00;NORTE;NORDESTE;-3744.275
2025-07-16 16:00:00;NORTE;NORDESTE;-2152.524
2025-07-16 17:00:00;NORTE;NORDESTE;-1413.63
2025-07-16 18:00:00;NORTE;NORDESTE;-1449.385
2025-07-16 19:00:00;NORTE;NORDESTE;-2079.376
2025-07-16 20:00:00;NORTE;NORDESTE;-2855.744
2025-07-16 21:00:00;NORTE;NORDESTE;-3366.712
2025-07-16 22:00:00;NORTE;NORDESTE;-3424.614
2025-07-16 23:00:00;NORTE;NORDESTE;-3362.184
2025-07-17 00:00:00;NORTE;NORDESTE;-3456.266
2025-07-17 01:00:00;NORTE;NORDESTE;-3553.254
2025-07-17 02:00:00;NORTE;NORDESTE;-3744.612
2025-07-17 03:00:00;NORTE;NORDESTE;-3603.208
2025-07-17 04:00:00;NORTE;NORDESTE;-3370.279
2025-07-17 05:00:00;NORTE;NORDESTE;-3376.133
2025-07-17 06:00:00;NORTE;NORDESTE;-3549.689
2025-07-17 07:00:00;NORTE;NORDESTE;-4172.536
2025-07-17 08:00:00;NORTE;NORDESTE;-4050.541
2025-07-17 09:00:00;NORTE;NORDESTE;-4029.514
2025-07-17 10:00:00;NORTE;NORDESTE;-4086.778
2025-07-17 11:00:00;NORTE;NORDESTE;-4190.874
2025-07-17 12:00:00;NORTE;NORDESTE;-4097.024
2025-07-17 13:00:00;NORTE;NORDESTE;-3767.177
2025-07-17 14:00:00;NORTE;NORDESTE;-3835.548
2025-07-17 15:00:00;NORTE;NORDESTE;-3606.625
2025-07-17 16:00:00;NORTE;NORDESTE;-2221.087
2025-07-17 17:00:00;NORTE;NORDESTE;-799.085
2025-07-17 18:00:00;NORTE;NORDESTE;-355.146
2025-07-17 19:00:00;NORTE;NORDESTE;-757.056
2025-07-17 20:00:00;NORTE;NORDESTE;-1936.88
2025-07-17 21:00:00;NORTE;NORDESTE;-2839.575
2025-07-17 22:00:00;NORTE;NORDESTE;-3233.762
2025-07-17 23:00:00;NORTE;NORDESTE;-3430.707
2025-07-18 00:00:00;NORTE;NORDESTE;-3494.935
2025-07-18 01:00:00;NORTE;NORDESTE;-3484.059
2025-07-18 02:00:00;NORTE;NORDESTE;-3513.826
2025-07-18 03:00:00;NORTE;NORDESTE;-3509.767
2025-07-18 04:00:00;NORTE;NORDESTE;-3297.367
2025-07-18 05:00:00;NORTE;NORDESTE;-3105.37
2025-07-18 06:00:00;NORTE;NORDESTE;-3688.444
2025-07-18 07:00:00;NORTE;NORDESTE;-4569.125
2025-07-18 08:00:00;NORTE;NORDESTE;-3855.173
2025-07-18 09:00:00;NORTE;NORDESTE;-3449.072
2025-07-18 10:00:00;NORTE;NORDESTE;-3343.195
2025-07-18 11:00:00;NORTE;NORDESTE;-3036.863
2025-07-18 12:00:00;NORTE;NORDESTE;-2856.53
2025-07-18 13:00:00;NORTE;NORDESTE;-3209.674
2025-07-18 14:00:00;NORTE;NORDESTE;-3606.821
2025-07-18 15:00:00;NORTE;NORDESTE;-3281.665
2025-07-18 16:00:00;NORTE;NORDESTE;-2430.50799999
2025-07-18 17:00:00;NORTE;NORDESTE;-271.185
2025-07-18 18:00:00;NORTE;NORDESTE;-620.216
2025-07-18 19:00:00;NORTE;NORDESTE;-1680.368
2025-07-18 20:00:00;NORTE;NORDESTE;-2835.916
2025-07-18 21:00:00;NORTE;NORDESTE;-3269.75
2025-07-18 22:00:00;NORTE;NORDESTE;-3155.443
2025-07-18 23:00:00;NORTE;NORDESTE;-2971.945
2025-07-19 00:00:00;NORTE;NORDESTE;-2973.862
2025-07-19 01:00:00;NORTE;NORDESTE;-2928.766
2025-07-19 02:00:00;NORTE;NORDESTE;-2784.455
2025-07-19 03:00:00;NORTE;NORDESTE;-2675.84
2025-07-19 04:00:00;NORTE;NORDESTE;-2861.937
2025-07-19 05:00:00;NORTE;NORDESTE;-2963.166
2025-07-19 06:00:00;NORTE;NORDESTE;-3757.352
2025-07-19 07:00:00;NORTE;NORDESTE;-3970.814
2025-07-19 08:00:00;NORTE;NORDESTE;-3216.812
2025-07-19 09:00:00;NORTE;NORDESTE;-2985.658
2025-07-19 10:00:00;NORTE;NORDESTE;-2067.643
2025-07-19 11:00:00;NORTE;NORDESTE;-1660.996
2025-07-19 12:00:00;NORTE;NORDESTE;-1502.977
2025-07-19 13:00:00;NORTE;NORDESTE;-1710.938
2025-07-19 14:00:00;NORTE;NORDESTE;-2329.996
2025-07-19 15:00:00;NORTE;NORDESTE;-2805.846
2025-07-19 16:00:00;NORTE;NORDESTE;-2022.687
2025-07-19 17:00:00;NORTE;NORDESTE;-1104.499
2025-07-19 18:00:00;NORTE;NORDESTE;-1873.657
2025-07-19 19:00:00;NORTE;NORDESTE;-2419.293
2025-07-19 20:00:00;NORTE;NORDESTE;-3249.002
2025-07-19 21:00:00;NORTE;NORDESTE;-3818.662
2025-07-19 22:00:00;NORTE;NORDESTE;-3939.976
2025-07-19 23:00:00;NORTE;NORDESTE;-3685.477
2025-07-20 00:00:00;NORTE;NORDESTE;-3662.155
2025-07-20 01:00:00;NORTE;NORDESTE;-3898.074
2025-07-20 02:00:00;NORTE;NORDESTE;-4010.632
2025-07-20 03:00:00;NORTE;NORDESTE;-3945.962
2025-07-20 04:00:00;NORTE;NORDESTE;-3752.373
2025-07-20 05:00:00;NORTE;NORDESTE;-3767.936
2025-07-20 06:00:00;NORTE;NORDESTE;-4510.233
2025-07-20 07:00:00;NORTE;NORDESTE;-4772.021
2025-07-20 08:00:00;NORTE;NORDESTE;-3320.748
2025-07-20 09:00:00;NORTE;NORDESTE;-1964.742
2025-07-20 10:00:00;NORTE;NORDESTE;-1639.924
2025-07-20 11:00:00;NORTE;NORDESTE;-1454.489
2025-07-20 12:00:00;NORTE;NORDESTE;-1415.076
2025-07-20 13:00:00;NORTE;NORDESTE;-1526.933
2025-07-20 14:00:00;NORTE;NORDESTE;-1940.204
2025-07-20 15:00:00;NORTE;NORDESTE;-2667.22899999
2025-07-20 16:00:00;NORTE;NORDESTE;-2094.98999999
2025-07-20 17:00:00;NORTE;NORDESTE;-1580.607
2025-07-20 18:00:00;NORTE;NORDESTE;-2174.483
2025-07-20 19:00:00;NORTE;NORDESTE;-2666.94999999
2025-07-20 20:00:00;NORTE;NORDESTE;-3057.043
2025-07-20 21:00:00;NORTE;NORDESTE;-3626.25
2025-07-20 22:00:00;NORTE;NORDESTE;-3775.424
2025-07-20 23:00:00;NORTE;NORDESTE;-3761.763
2025-07-21 00:00:00;NORTE;NORDESTE;-3952.771
2025-07-21 01:00:00;NORTE;NORDESTE;-4147.327
2025-07-21 02:00:00;NORTE;NORDESTE;-4271.957
2025-07-21 03:00:00;NORTE;NORDESTE;-4262.673
2025-07-21 04:00:00;NORTE;NORDESTE;-4117.408
2025-07-21 05:00:00;NORTE;NORDESTE;-3977.779
2025-07-21 06:00:00;NORTE;NORDESTE;-4462.285
2025-07-21 07:00:00;NORTE;NORDESTE;-5075.122
2025-07-21 08:00:00;NORTE;NORDESTE;-4995.705
2025-07-21 09:00:00;NORTE;NORDESTE;-5081.113
2025-07-21 10:00:00;NORTE;NORDESTE;-4703.12299999
2025-07-21 11:00:00;NORTE;NORDESTE;-4489.545
2025-07-21 12:00:00;NORTE;NORDESTE;-3807.749
2025-07-21 13:00:00;NORTE;NORDESTE;-3680.419
2025-07-21 14:00:00;NORTE;NORDESTE;-3490.963
2025-07-21 15:00:00;NORTE;NORDESTE;-2305.58
2025-07-21 16:00:00;NORTE;NORDESTE;-658.174
2025-07-21 17:00:00;NORTE;NORDESTE;916.155
2025-07-21 18:00:00;NORTE;NORDESTE;78.919
2025-07-21 19:00:00;NORTE;NORDESTE;-1536.171
2025-07-21 20:00:00;NORTE;NORDESTE;-2702.275
2025-07-21 21:00:00;NORTE;NORDESTE;-2982.521
2025-07-21 22:00:00;NORTE;NORDESTE;-3078.648
2025-07-21 23:00:00;NORTE;NORDESTE;-3544.84
2025-07-22 00:00:00;NORTE;NORDESTE;-3910.932
2025-07-22 01:00:00;NORTE;NORDESTE;-3941.768
2025-07-22 02:00:00;NORTE;NORDESTE;-3847.444
2025-07-22 03:00:00;NORTE;NORDESTE;-3702.55
2025-07-22 04:00:00;NORTE;NORDESTE;-3703.807
2025-07-22 05:00:00;NORTE;NORDESTE;-3733.643
2025-07-22 06:00:00;NORTE;NORDESTE;-4408.85
2025-07-22 07:00:00;NORTE;NORDESTE;-5080.997
2025-07-22 08:00:00;NORTE;NORDESTE;-4515.746
2025-07-22 09:00:00;NORTE;NORDESTE;-4213.42199999
2025-07-22 10:00:00;NORTE;NORDESTE;-4100.204
2025-07-22 11:00:00;NORTE;NORDESTE;-3850.611
2025-07-22 12:00:00;NORTE;NORDESTE;-3187.981
2025-07-22 13:00:00;NORTE;NORDESTE;-3108.284
2025-07-22 14:00:00;NORTE;NORDESTE;-3123.517
2025-07-22 15:00:00;NORTE;NORDESTE;-3053.894
2025-07-22 16:00:00;NORTE;NORDESTE;-1286.66699999
2025-07-22 17:00:00;NORTE;NORDESTE;-512.20399999
2025-07-22 18:00:00;NORTE;NORDESTE;-1276.964
2025-07-22 19:00:00;NORTE;NORDESTE;-2568.868
2025-07-22 20:00:00;NORTE;NORDESTE;-3174.684
2025-07-22 21:00:00;NORTE;NORDESTE;-3569.193
2025-07-22 22:00:00;NORTE;NORDESTE;-3453.246
2025-07-22 23:00:00;NORTE;NORDESTE;-3426.415
2025-07-23 00:00:00;NORTE;NORDESTE;-3489.6
2025-07-23 01:00:00;NORTE;NORDESTE;-3773.52
2025-07-23 02:00:00;NORTE;NORDESTE;-3527.441
2025-07-23 03:00:00;NORTE;NORDESTE;-3253.758
2025-07-23 04:00:00;NORTE;NORDESTE;-3070.223
2025-07-23 05:00:00;NORTE;NORDESTE;-3011.489
2025-07-23 06:00:00;NORTE;NORDESTE;-3317.747
2025-07-23 07:00:00;NORTE;NORDESTE;-4275.12
2025-07-23 08:00:00;NORTE;NORDESTE;-4301.47599999
2025-07-23 09:00:00;NORTE;NORDESTE;-4476.773
2025-07-23 10:00:00;NORTE;NORDESTE;-4425.285
2025-07-23 11:00:00;NORTE;NORDESTE;-4122.463
2025-07-23 12:00:00;NORTE;NORDESTE;-3538.452
2025-07-23 13:00:00;NORTE;NORDESTE;-3459.066
2025-07-23 14:00:00;NORTE;NORDESTE;-3321.482
2025-07-23 15:00:00;NORTE;NORDESTE;-3248.706
2025-07-23 16:00:00;NORTE;NORDESTE;-2322.402
2025-07-23 17:00:00;NORTE;NORDESTE;74.328
2025-07-23 18:00:00;NORTE;NORDESTE;-409.976
2025-07-23 19:00:00;NORTE;NORDESTE;-2085.513
2025-07-23 20:00:00;NORTE;NORDESTE;-3158.318
2025-07-23 21:00:00;NORTE;NORDESTE;-2900.516
2025-07-23 22:00:00;NORTE;NORDESTE;-3079.015
2025-07-23 23:00:00;NORTE;NORDESTE;-3232.156
2025-07-24 00:00:00;NORTE;NORDESTE;-3313.235
2025-07-24 01:00:00;NORTE;NORDESTE;-3621.841
2025-07-24 02:00:00;NORTE;NORDESTE;-3547.638
2025-07-24 03:00:00;NORTE;NORDESTE;-3407.0
2025-07-24 04:00:00;NORTE;NORDESTE;-3459.615
2025-07-24 05:00:00;NORTE;NORDESTE;-3517.352
2025-07-24 06:00:00;NORTE;NORDESTE;-4152.898
2025-07-24 07:00:00;NORTE;NORDESTE;-4491.486
2025-07-24 08:00:00;NORTE;NORDESTE;-4453.55
2025-07-24 09:00:00;NORTE;NORDESTE;-4536.218
2025-07-24 10:00:00;NORTE;NORDESTE;-4407.313
2025-07-24 11:00:00;NORTE;NORDESTE;-4086.085
2025-07-24 12:00:00;NORTE;NORDESTE;-4012.136
2025-07-24 13:00:00;NORTE;NORDESTE;-4307.22999999
2025-07-24 14:00:00;NORTE;NORDESTE;-4365.009
2025-07-24 15:00:00;NORTE;NORDESTE;-4258.867
2025-07-24 16:00:00;NORTE;NORDESTE;-3257.044
2025-07-24 17:00:00;NORTE;NORDESTE;-1474.146
2025-07-24 18:00:00;NORTE;NORDESTE;-1366.69599999
2025-07-24 19:00:00;NORTE;NORDESTE;-2861.738
2025-07-24 20:00:00;NORTE;NORDESTE;-3788.494
2025-07-24 21:00:00;NORTE;NORDESTE;-3640.445
2025-07-24 22:00:00;NORTE;NORDESTE;-3565.423
2025-07-24 23:00:00;NORTE;NORDESTE;-3573.534
2025-07-25 00:00:00;NORTE;NORDESTE;-3596.02
2025-07-25 01:00:00;NORTE;NORDESTE;-3863.887
2025-07-25 02:00:00;NORTE;NORDESTE;-4205.013
2025-07-25 03:00:00;NORTE;NORDESTE;-4227.189
2025-07-25 04:00:00;NORTE;NORDESTE;-4279.841
2025-07-25 05:00:00;NORTE;NORDESTE;-4461.754
2025-07-25 06:00:00;NORTE;NORDESTE;-4803.461
2025-07-25 07:00:00;NORTE;NORDESTE;-5022.122
2025-07-25 08:00:00;NORTE;NORDESTE;-4858.487
2025-07-25 09:00:00;NORTE;NORDESTE;-4452.171
2025-07-25 10:00:00;NORTE;NORDESTE;-4310.86399999
2025-07-25 11:00:00;NORTE;NORDESTE;-4418.375
2025-07-25 12:00:00;NORTE;NORDESTE;-4341.287
2025-07-25 13:00:00;NORTE;NORDESTE;-4667.75
2025-07-25 14:00:00;NORTE;NORDESTE;-5024.077
2025-07-25 15:00:00;NORTE;NORDESTE;-4889.073
2025-07-25 16:00:00;NORTE;NORDESTE;-3521.956
2025-07-25 17:00:00;NORTE;NORDESTE;-1371.982
2025-07-25 18:00:00;NORTE;NORDESTE;-757.756
2025-07-25 19:00:00;NORTE;NORDESTE;-2858.471
2025-07-25 20:00:00;NORTE;NORDESTE;-3840.348
2025-07-25 21:00:00;NORTE;NORDESTE;-4052.41
2025-07-25 22:00:00;NORTE;NORDESTE;-3741.374
2025-07-25 23:00:00;NORTE;NORDESTE;-3135.482
2025-07-26 00:00:00;NORTE;NORDESTE;-3289.913
2025-07-26 01:00:00;NORTE;NORDESTE;-3488.921
2025-07-26 02:00:00;NORTE;NORDESTE;-3444.941
2025-07-26 03:00:00;NORTE;NORDESTE;-3303.628
2025-07-26 04:00:00;NORTE;NORDESTE;-3129.256
2025-07-26 05:00:00;NORTE;NORDESTE;-2774.071
2025-07-26 06:00:00;NORTE;NORDESTE;-2883.125
2025-07-26 07:00:00;NORTE;NORDESTE;-3574.494
2025-07-26 08:00:00;NORTE;NORDESTE;-3723.002
2025-07-26 09:00:00;NORTE;NORDESTE;-3355.091
2025-07-26 10:00:00;NORTE;NORDESTE;-3024.574
2025-07-26 11:00:00;NORTE;NORDESTE;-2621.8
2025-07-26 12:00:00;NORTE;NORDESTE;-2938.872
2025-07-26 13:00:00;NORTE;NORDESTE;-2945.965
2025-07-26 14:00:00;NORTE;NORDESTE;-3385.728
2025-07-26 15:00:00;NORTE;NORDESTE;-3344.214
2025-07-26 16:00:00;NORTE;NORDESTE;-2638.755
2025-07-26 17:00:00;NORTE;NORDESTE;-914.188
2025-07-26 18:00:00;NORTE;NORDESTE;-539.418
2025-07-26 19:00:00;NORTE;NORDESTE;-1886.36
2025-07-26 20:00:00;NORTE;NORDESTE;-3284.729
2025-07-26 21:00:00;NORTE;NORDESTE;-4124.274
2025-07-26 22:00:00;NORTE;NORDESTE;-4376.569
2025-07-26 23:00:00;NORTE;NORDESTE;-4197.58299999
2025-07-27 00:00:00;NORTE;NORDESTE;-4350.907
2025-07-27 01:00:00;NORTE;NORDESTE;-4534.31099999
2025-07-27 02:00:00;NORTE;NORDESTE;-4588.76
2025-07-27 03:00:00;NORTE;NORDESTE;-4746.265
2025-07-27 04:00:00;NORTE;NORDESTE;-4740.816
2025-07-27 05:00:00;NORTE;NORDESTE;-4636.201
2025-07-27 06:00:00;NORTE;NORDESTE;-4966.30199999
2025-07-27 07:00:00;NORTE;NORDESTE;-4589.715
2025-07-27 08:00:00;NORTE;NORDESTE;-3845.118
2025-07-27 09:00:00;NORTE;NORDESTE;-2913.903
2025-07-27 10:00:00;NORTE;NORDESTE;-2248.097
2025-07-27 11:00:00;NORTE;NORDESTE;-2209.096
2025-07-27 12:00:00;NORTE;NORDESTE;-2194.572
2025-07-27 13:00:00;NORTE;NORDESTE;-2421.48
2025-07-27 14:00:00;NORTE;NORDESTE;-2539.722
2025-07-27 15:00:00;NORTE;NORDESTE;-3022.573
2025-07-27 16:00:00;NORTE;NORDESTE;-2740.10399999
2025-07-27 17:00:00;NORTE;NORDESTE;-1253.919
2025-07-27 18:00:00;NORTE;NORDESTE;-1103.029
2025-07-27 19:00:00;NORTE;NORDESTE;-2428.443
2025-07-27 20:00:00;NORTE;NORDESTE;-3307.246
2025-07-27 21:00:00;NORTE;NORDESTE;-3779.452
2025-07-27 22:00:00;NORTE;NORDESTE;-3675.47
2025-07-27 23:00:00;NORTE;NORDESTE;-3663.319
2025-07-28 00:00:00;NORTE;NORDESTE;-3705.512
2025-07-28 01:00:00;NORTE;NORDESTE;-3827.218
2025-07-28 02:00:00;NORTE;NORDESTE;-3895.949
2025-07-28 03:00:00;NORTE;NORDESTE;-4023.445
2025-07-28 04:00:00;NORTE;NORDESTE;-3738.053
2025-07-28 05:00:00;NORTE;NORDESTE;-3300.244
2025-07-28 06:00:00;NORTE;NORDESTE;-3287.819
2025-07-28 07:00:00;NORTE;NORDESTE;-4176.423
2025-07-28 08:00:00;NORTE;NORDESTE;-4207.738
2025-07-28 09:00:00;NORTE;NORDESTE;-3905.477
2025-07-28 10:00:00;NORTE;NORDESTE;-3581.224
2025-07-28 11:00:00;NORTE;NORDESTE;-3613.768
2025-07-28 12:00:00;NORTE;NORDESTE;-3752.671
2025-07-28 13:00:00;NORTE;NORDESTE;-3264.495
2025-07-28 14:00:00;NORTE;NORDESTE;-2435.158
2025-07-28 15:00:00;NORTE;NORDESTE;-1741.067
2025-07-28 16:00:00;NORTE;NORDESTE;308.118
2025-07-28 17:00:00;NORTE;NORDESTE;1811.175
2025-07-28 18:00:00;NORTE;NORDESTE;1641.217
2025-07-28 19:00:00;NORTE;NORDESTE;1008.366
2025-07-28 20:00:00;NORTE;NORDESTE;359.475
2025-07-28 21:00:00;NORTE;NORDESTE;-8.616
2025-07-28 22:00:00;NORTE;NORDESTE;-267.16199999
2025-07-28 23:00:00;NORTE;NORDESTE;-430.546
2025-07-29 00:00:00;NORTE;NORDESTE;-919.179
2025-07-29 01:00:00;NORTE;NORDESTE;-1123.458
2025-07-29 02:00:00;NORTE;NORDESTE;-1576.399
2025-07-29 03:00:00;NORTE;NORDESTE;-1502.194
2025-07-29 04:00:00;NORTE;NORDESTE;-1168.46499999
2025-07-29 05:00:00;NORTE;NORDESTE;-942.72
2025-07-29 06:00:00;NORTE;NORDESTE;-916.239
2025-07-29 07:00:00;NORTE;NORDESTE;-1953.821
2025-07-29 08:00:00;NORTE;NORDESTE;-2995.413
2025-07-29 09:00:00;NORTE;NORDESTE;-3713.745
2025-07-29 10:00:00;NORTE;NORDESTE;-3730.017
2025-07-29 11:00:00;NORTE;NORDESTE;-3555.594
2025-07-29 12:00:00;NORTE;NORDESTE;-3174.77
2025-07-29 13:00:00;NORTE;NORDESTE;-2496.755
2025-07-29 14:00:00;NORTE;NORDESTE;-2479.221
2025-07-29 15:00:00;NORTE;NORDESTE;-2048.15099999
2025-07-29 16:00:00;NORTE;NORDESTE;-357.942
2025-07-29 17:00:00;NORTE;NORDESTE;1393.279
2025-07-29 18:00:00;NORTE;NORDESTE;1508.78
2025-07-29 19:00:00;NORTE;NORDESTE;0.727
2025-07-29 20:00:00;NORTE;NORDESTE;-356.226
2025-07-29 21:00:00;NORTE;NORDESTE;-442.872
2025-07-29 22:00:00;NORTE;NORDESTE;-54.965
2025-07-29 23:00:00;NORTE;NORDESTE;-364.83
2025-07-30 00:00:00;NORTE;NORDESTE;-1169.722
2025-07-30 01:00:00;NORTE;NORDESTE;-1645.427
2025-07-30 02:00:00;NORTE;NORDESTE;-1681.276
2025-07-30 03:00:00;NORTE;NORDESTE;-1720.013
2025-07-30 04:00:00;NORTE;NORDESTE;-1702.67
2025-07-30 05:00:00;NORTE;NORDESTE;-1731.441
2025-07-30 06:00:00;NORTE;NORDESTE;-1735.299
2025-07-30 07:00:00;NORTE;NORDESTE;-3304.048
2025-07-30 08:00:00;NORTE;NORDESTE;-4264.38
2025-07-30 09:00:00;NORTE;NORDESTE;-4044.445
2025-07-30 10:00:00;NORTE;NORDESTE;-3559.874
2025-07-30 11:00:00;NORTE;NORDESTE;-3104.214
2025-07-30 12:00:00;NORTE;NORDESTE;-2476.748
2025-07-30 13:00:00;NORTE;NORDESTE;-2683.797
2025-07-30 14:00:00;NORTE;NORDESTE;-3026.556
2025-07-30 15:00:00;NORTE;NORDESTE;-2588.445
2025-07-30 16:00:00;NORTE;NORDESTE;-1693.577
2025-07-30 17:00:00;NORTE;NORDESTE;-1304.449
2025-07-30 18:00:00;NORTE;NORDESTE;-1334.395
2025-07-30 19:00:00;NORTE;NORDESTE;-2576.414
2025-07-30 20:00:00;NORTE;NORDESTE;-3303.036
2025-07-30 21:00:00;NORTE;NORDESTE;-3743.223
2025-07-30 22:00:00;NORTE;NORDESTE;-3796.798
2025-07-30 23:00:00;NORTE;NORDESTE;-3628.013
2025-07-31 00:00:00;NORTE;NORDESTE;-3486.779
2025-07-31 01:00:00;NORTE;NORDESTE;-3687.135
2025-07-31 02:00:00;NORTE;NORDESTE;-3963.071
2025-07-31 03:00:00;NORTE;NORDESTE;-3986.456
2025-07-31 04:00:00;NORTE;NORDESTE;-3862.538
2025-07-31 05:00:00;NORTE;NORDESTE;-3645.127
2025-07-31 06:00:00;NORTE;NORDESTE;-4102.97999999
2025-07-31 07:00:00;NORTE;NORDESTE;-4556.982
2025-07-31 08:00:00;NORTE;NORDESTE;-4513.65899999
2025-07-31 09:00:00;NORTE;NORDESTE;-4093.388
2025-07-31 10:00:00;NORTE;NORDESTE;-3438.697
2025-07-31 11:00:00;NORTE;NORDESTE;-3321.968
2025-07-31 12:00:00;NORTE;NORDESTE;-2879.023
2025-07-31 13:00:00;NORTE;NORDESTE;-3156.771
2025-07-31 14:00:00;NORTE;NORDESTE;-4116.441
2025-07-31 15:00:00;NORTE;NORDESTE;-4212.338
2025-07-31 16:00:00;NORTE;NORDESTE;-4171.911
2025-07-31 17:00:00;NORTE;NORDESTE;-3084.092
2025-07-31 18:00:00;NORTE;NORDESTE;-3286.962
2025-07-31 19:00:00;NORTE;NORDESTE;-3656.827
2025-07-31 20:00:00;NORTE;NORDESTE;-4166.268
2025-07-31 21:00:00;NORTE;NORDESTE;-4147.549
2025-07-31 22:00:00;NORTE;NORDESTE;-3856.382
2025-07-31 23:00:00;NORTE;NORDESTE;-3967.153
2025-08-01 00:00:00;NORTE;NORDESTE;-4145.66299999
2025-08-01 01:00:00;NORTE;NORDESTE;-4138.388
2025-08-01 02:00:00;NORTE;NORDESTE;-4069.317
2025-08-01 03:00:00;NORTE;NORDESTE;-4050.458
2025-08-01 04:00:00;NORTE;NORDESTE;-3884.547
2025-08-01 05:00:00;NORTE;NORDESTE;-3827.449
2025-08-01 06:00:00;NORTE;NORDESTE;-4087.797
2025-08-01 07:00:00;NORTE;NORDESTE;-4749.703
2025-08-01 08:00:00;NORTE;NORDESTE;-4408.533
2025-08-01 09:00:00;NORTE;NORDESTE;-4394.169
2025-08-01 10:00:00;NORTE;NORDESTE;-3982.699
2025-08-01 11:00:00;NORTE;NORDESTE;-3875.087
2025-08-01 12:00:00;NORTE;NORDESTE;-3211.378
2025-08-01 13:00:00;NORTE;NORDESTE;-3546.865
2025-08-01 14:00:00;NORTE;NORDESTE;-4117.148
2025-08-01 15:00:00;NORTE;NORDESTE;-3982.168
2025-08-01 16:00:00;NORTE;NORDESTE;-3570.174
2025-08-01 17:00:00;NORTE;NORDESTE;-2152.924
2025-08-01 18:00:00;NORTE;NORDESTE;-2228.16199999
2025-08-01 19:00:00;NORTE;NORDESTE;-3459.488
2025-08-01 20:00:00;NORTE;NORDESTE;-3861.741
2025-08-01 21:00:00;NORTE;NORDESTE;-3982.364
2025-08-01 22:00:00;NORTE;NORDESTE;-3682.656
2025-08-01 23:00:00;NORTE;NORDESTE;-3603.727
2025-08-02 00:00:00;NORTE;NORDESTE;-3514.752
2025-08-02 01:00:00;NORTE;NORDESTE;-3709.281
2025-08-02 02:00:00;NORTE;NORDESTE;-3912.25
2025-08-02 03:00:00;NORTE;NORDESTE;-3912.272
2025-08-02 04:00:00;NORTE;NORDESTE;-3853.57
2025-08-02 05:00:00;NORTE;NORDESTE;-3837.897
2025-08-02 06:00:00;NORTE;NORDESTE;-4482.481
2025-08-02 07:00:00;NORTE;NORDESTE;-5108.268
2025-08-02 08:00:00;NORTE;NORDESTE;-4214.54299999
2025-08-02 09:00:00;NORTE;NORDESTE;-3140.626
2025-08-02 10:00:00;NORTE;NORDESTE;-2256.399
2025-08-02 11:00:00;NORTE;NORDESTE;-1738.481
2025-08-02 12:00:00;NORTE;NORDESTE;-1472.218
2025-08-02 13:00:00;NORTE;NORDESTE;-1697.342
2025-08-02 14:00:00;NORTE;NORDESTE;-2120.301
2025-08-02 15:00:00;NORTE;NORDESTE;-2891.197
2025-08-02 16:00:00;NORTE;NORDESTE;-3139.453
2025-08-02 17:00:00;NORTE;NORDESTE;-2546.146
2025-08-02 18:00:00;NORTE;NORDESTE;-2530.135
2025-08-02 19:00:00;NORTE;NORDESTE;-3215.881
2025-08-02 20:00:00;NORTE;NORDESTE;-3821.65
2025-08-02 21:00:00;NORTE;NORDESTE;-3737.502
2025-08-02 22:00:00;NORTE;NORDESTE;-3702.177
2025-08-02 23:00:00;NORTE;NORDESTE;-3795.594
2025-08-03 00:00:00;NORTE;NORDESTE;-4007.103
2025-08-03 01:00:00;NORTE;NORDESTE;-3892.049
2025-08-03 02:00:00;NORTE;NORDESTE;-3938.252
2025-08-03 03:00:00;NORTE;NORDESTE;-3776.81
2025-08-03 04:00:00;NORTE;NORDESTE;-3272.494
2025-08-03 05:00:00;NORTE;NORDESTE;-3485.657
2025-08-03 06:00:00;NORTE;NORDESTE;-3897.792
2025-08-03 07:00:00;NORTE;NORDESTE;-3206.66
2025-08-03 08:00:00;NORTE;NORDESTE;-2072.891
2025-08-03 09:00:00;NORTE;NORDESTE;-1095.416
2025-08-03 10:00:00;NORTE;NORDESTE;-574.956
2025-08-03 11:00:00;NORTE;NORDESTE;-606.226
2025-08-03 12:00:00;NORTE;NORDESTE;-754.644
2025-08-03 13:00:00;NORTE;NORDESTE;-799.307
2025-08-03 14:00:00;NORTE;NORDESTE;-1130.556
2025-08-03 15:00:00;NORTE;NORDESTE;-2113.76899999
2025-08-03 16:00:00;NORTE;NORDESTE;-2940.603
2025-08-03 17:00:00;NORTE;NORDESTE;-1621.235
2025-08-03 18:00:00;NORTE;NORDESTE;-560.697
2025-08-03 19:00:00;NORTE;NORDESTE;-1643.522
2025-08-03 20:00:00;NORTE;NORDESTE;-2849.644
2025-08-03 21:00:00;NORTE;NORDESTE;-3628.626
2025-08-03 22:00:00;NORTE;NORDESTE;-3886.49
2025-08-03 23:00:00;NORTE;NORDESTE;-3375.074
2025-08-04 00:00:00;NORTE;NORDESTE;-3153.347
2025-08-04 01:00:00;NORTE;NORDESTE;-3912.088
2025-08-04 02:00:00;NORTE;NORDESTE;-3704.783
2025-08-04 03:00:00;NORTE;NORDESTE;-3781.518
2025-08-04 04:00:00;NORTE;NORDESTE;-3645.558
2025-08-04 05:00:00;NORTE;NORDESTE;-3586.415
2025-08-04 06:00:00;NORTE;NORDESTE;-4445.107
2025-08-04 07:00:00;NORTE;NORDESTE;-4868.983
2025-08-04 08:00:00;NORTE;NORDESTE;-4632.871
2025-08-04 09:00:00;NORTE;NORDESTE;-4406.452
2025-08-04 10:00:00;NORTE;NORDESTE;-4234.522
2025-08-04 11:00:00;NORTE;NORDESTE;-3923.927
2025-08-04 12:00:00;NORTE;NORDESTE;-3529.8
2025-08-04 13:00:00;NORTE;NORDESTE;-3564.536
2025-08-04 14:00:00;NORTE;NORDESTE;-3916.277
2025-08-04 15:00:00;NORTE;NORDESTE;-3781.408
2025-08-04 16:00:00;NORTE;NORDESTE;-3531.857
2025-08-04 17:00:00;NORTE;NORDESTE;-2516.707
2025-08-04 18:00:00;NORTE;NORDESTE;-2511.79
2025-08-04 19:00:00;NORTE;NORDESTE;-3313.526
2025-08-04 20:00:00;NORTE;NORDESTE;-3871.425
2025-08-04 21:00:00;NORTE;NORDESTE;-4315.252
2025-08-04 22:00:00;NORTE;NORDESTE;-3988.839
2025-08-04 23:00:00;NORTE;NORDESTE;-3752.473
2025-08-05 00:00:00;NORTE;NORDESTE;-3582.481
2025-08-05 01:00:00;NORTE;NORDESTE;-3450.695
2025-08-05 02:00:00;NORTE;NORDESTE;-3351.178
2025-08-05 03:00:00;NORTE;NORDESTE;-3161.551
2025-08-05 04:00:00;NORTE;NORDESTE;-3056.779
2025-08-05 05:00:00;NORTE;NORDESTE;-3158.128
2025-08-05 06:00:00;NORTE;NORDESTE;-3733.605
2025-08-05 07:00:00;NORTE;NORDESTE;-4008.171
2025-08-05 08:00:00;NORTE;NORDESTE;-3721.31
2025-08-05 09:00:00;NORTE;NORDESTE;-3736.287
2025-08-05 10:00:00;NORTE;NORDESTE;-3622.678
2025-08-05 11:00:00;NORTE;NORDESTE;-3730.545
2025-08-05 12:00:00;NORTE;NORDESTE;-3767.671
2025-08-05 13:00:00;NORTE;NORDESTE;-3878.594
2025-08-05 14:00:00;NORTE;NORDESTE;-4278.57399999
2025-08-05 15:00:00;NORTE;NORDESTE;-3916.582
2025-08-05 16:00:00;NORTE;NORDESTE;-2662.189
2025-08-05 17:00:00;NORTE;NORDESTE;-1406.482
2025-08-05 18:00:00;NORTE;NORDESTE;-2114.92299999
2025-08-05 19:00:00;NORTE;NORDESTE;-3204.596
2025-08-05 20:00:00;NORTE;NORDESTE;-4348.19899999
2025-08-05 21:00:00;NORTE;NORDESTE;-3998.058
2025-08-05 22:00:00;NORTE;NORDESTE;-4116.835
2025-08-05 23:00:00;NORTE;NORDESTE;-4238.814
2025-08-06 00:00:00;NORTE;NORDESTE;-4413.269
2025-08-06 01:00:00;NORTE;NORDESTE;-4271.901
2025-08-06 02:00:00;NORTE;NORDESTE;-4087.97
2025-08-06 03:00:00;NORTE;NORDESTE;-3997.27
2025-08-06 04:00:00;NORTE;NORDESTE;-3969.364
2025-08-06 05:00:00;NORTE;NORDESTE;-4023.62
2025-08-06 06:00:00;NORTE;NORDESTE;-3862.027
2025-08-06 07:00:00;NORTE;NORDESTE;-4866.709
2025-08-06 08:00:00;NORTE;NORDESTE;-4434.31099999
2025-08-06 09:00:00;NORTE;NORDESTE;-4310.618
2025-08-06 10:00:00;NORTE;NORDESTE;-4034.74
2025-08-06 11:00:00;NORTE;NORDESTE;-3913.582
2025-08-06 12:00:00;NORTE;NORDESTE;-3710.908
2025-08-06 13:00:00;NORTE;NORDESTE;-4065.37
2025-08-06 14:00:00;NORTE;NORDESTE;-4260.152
2025-08-06 15:00:00;NORTE;NORDESTE;-4070.072
2025-08-06 16:00:00;NORTE;NORDESTE;-3537.115
2025-08-06 17:00:00;NORTE;NORDESTE;-2453.67299999
2025-08-06 18:00:00;NORTE;NORDESTE;-2956.646
2025-08-06 19:00:00;NORTE;NORDESTE;-3969.862
2025-08-06 20:00:00;NORTE;NORDESTE;-4725.646
2025-08-06 21:00:00;NORTE;NORDESTE;-4950.059
2025-08-06 22:00:00;NORTE;NORDESTE;-4345.018
2025-08-06 23:00:00;NORTE;NORDESTE;-4731.894
2025-08-07 00:00:00;NORTE;NORDESTE;-4779.272
2025-08-07 01:00:00;NORTE;NORDESTE;-4640.097
2025-08-07 02:00:00;NORTE;NORDESTE;-4621.094
2025-08-07 03:00:00;NORTE;NORDESTE;-4530.82
2025-08-07 04:00:00;NORTE;NORDESTE;-4289.515
2025-08-07 05:00:00;NORTE;NORDESTE;-4331.841
2025-08-07 06:00:00;NORTE;NORDESTE;-4539.80199999
2025-08-07 07:00:00;NORTE;NORDESTE;-5039.01599999
2025-08-07 08:00:00;NORTE;NORDESTE;-4685.987
2025-08-07 09:00:00;NORTE;NORDESTE;-5003.407
2025-08-07 10:00:00;NORTE;NORDESTE;-4641.464
2025-08-07 11:00:00;NORTE;NORDESTE;-4489.374
2025-08-07 12:00:00;NORTE;NORDESTE;-3909.076
2025-08-07 13:00:00;NORTE;NORDESTE;-3828.545
2025-08-07 14:00:00;NORTE;NORDESTE;-3884.458
2025-08-07 15:00:00;NORTE;NORDESTE;-3491.893
2025-08-07 16:00:00;NORTE;NORDESTE;-2874.346
2025-08-07 17:00:00;NORTE;NORDESTE;-2244.962
2025-08-07 18:00:00;NORTE;NORDESTE;-2915.447
2025-08-07 19:00:00;NORTE;NORDESTE;-4254.84599999
2025-08-07 20:00:00;NORTE;NORDESTE;-5064.415
2025-08-07 21:00:00;NORTE;NORDESTE;-4927.478
2025-08-07 22:00:00;NORTE;NORDESTE;-4987.961
2025-08-07 23:00:00;NORTE;NORDESTE;-4817.057
2025-08-08 00:00:00;NORTE;NORDESTE;-4426.461
2025-08-08 01:00:00;NORTE;NORDESTE;-4217.182
2025-08-08 02:00:00;NORTE;NORDESTE;-4039.453
2025-08-08 03:00:00;NORTE;NORDESTE;-3764.669
2025-08-08 04:00:00;NORTE;NORDESTE;-3757.872
2025-08-08 05:00:00;NORTE;NORDESTE;-3619.807
2025-08-08 06:00:00;NORTE;NORDESTE;-3602.164
2025-08-08 07:00:00;NORTE;NORDESTE;-3777.405
2025-08-08 08:00:00;NORTE;NORDESTE;-4167.102
2025-08-08 09:00:00;NORTE;NORDESTE;-4150.16299999
2025-08-08 10:00:00;NORTE;NORDESTE;-4321.947
2025-08-08 11:00:00;NORTE;NORDESTE;-4104.829
2025-08-08 12:00:00;NORTE;NORDESTE;-3839.198
2025-08-08 13:00:00;NORTE;NORDESTE;-3882.166
2025-08-08 14:00:00;NORTE;NORDESTE;-4177.241
2025-08-08 15:00:00;NORTE;NORDESTE;-3999.19
2025-08-08 16:00:00;NORTE;NORDESTE;-2112.161
2025-08-08 17:00:00;NORTE;NORDESTE;1159.104
2025-08-08 18:00:00;NORTE;NORDESTE;526.948
2025-08-08 19:00:00;NORTE;NORDESTE;-599.625
2025-08-08 20:00:00;NORTE;NORDESTE;-1449.253
2025-08-08 21:00:00;NORTE;NORDESTE;-1736.183
2025-08-08 22:00:00;NORTE;NORDESTE;-1831.137
2025-08-08 23:00:00;NORTE;NORDESTE;-1727.001
2025-08-09 00:00:00;NORTE;NORDESTE;-2337.939
2025-08-09 01:00:00;NORTE;NORDESTE;-2495.068
2025-08-09 02:00:00;NORTE;NORDESTE;-2422.96099999
2025-08-09 03:00:00;NORTE;NORDESTE;-2193.54599999
2025-08-09 04:00:00;NORTE;NORDESTE;-1981.85
2025-08-09 05:00:00;NORTE;NORDESTE;-1647.229
2025-08-09 06:00:00;NORTE;NORDESTE;-2408.435
2025-08-09 07:00:00;NORTE;NORDESTE;-3904.256
2025-08-09 08:00:00;NORTE;NORDESTE;-3818.973
2025-08-09 09:00:00;NORTE;NORDESTE;-3268.048
2025-08-09 10:00:00;NORTE;NORDESTE;-2882.275
2025-08-09 11:00:00;NORTE;NORDESTE;-2525.753
2025-08-09 12:00:00;NORTE;NORDESTE;-2335.891
2025-08-09 13:00:00;NORTE;NORDESTE;-2479.431
2025-08-09 14:00:00;NORTE;NORDESTE;-2553.649
2025-08-09 15:00:00;NORTE;NORDESTE;-2598.292
2025-08-09 16:00:00;NORTE;NORDESTE;-1558.327
2025-08-09 17:00:00;NORTE;NORDESTE;681.418
2025-08-09 18:00:00;NORTE;NORDESTE;1014.304
2025-08-09 19:00:00;NORTE;NORDESTE;429.201
2025-08-09 20:00:00;NORTE;NORDESTE;-423.966
2025-08-09 21:00:00;NORTE;NORDESTE;-1391.917
2025-08-09 22:00:00;NORTE;NORDESTE;-1325.082
2025-08-09 23:00:00;NORTE;NORDESTE;-1521.886
2025-08-10 00:00:00;NORTE;NORDESTE;-1875.59
2025-08-10 01:00:00;NORTE;NORDESTE;-2310.253
2025-08-10 02:00:00;NORTE;NORDESTE;-2229.435
2025-08-10 03:00:00;NORTE;NORDESTE;-2091.678
2025-08-10 04:00:00;NORTE;NORDESTE;-1805.162
2025-08-10 05:00:00;NORTE;NORDESTE;-1783.791
2025-08-10 06:00:00;NORTE;NORDESTE;-2277.006
2025-08-10 07:00:00;NORTE;NORDESTE;-2198.094
2025-08-10 08:00:00;NORTE;NORDESTE;-1565.304
2025-08-10 09:00:00;NORTE;NORDESTE;-804.854
2025-08-10 10:00:00;NORTE;NORDESTE;-436.795
2025-08-10 11:00:00;NORTE;NORDESTE;-272.707
2025-08-10 12:00:00;NORTE;NORDESTE;-217.772
2025-08-10 13:00:00;NORTE;NORDESTE;-125.378
2025-08-10 14:00:00;NORTE;NORDESTE;-17.70799999
2025-08-10 15:00:00;NORTE;NORDESTE;-633.45
2025-08-10 16:00:00;NORTE;NORDESTE;-1029.59999999
2025-08-10 17:00:00;NORTE;NORDESTE;-694.686
2025-08-10 18:00:00;NORTE;NORDESTE;-284.95299999
2025-08-10 19:00:00;NORTE;NORDESTE;-626.318
2025-08-10 20:00:00;NORTE;NORDESTE;-1291.978
2025-08-10 21:00:00;NORTE;NORDESTE;-1761.775
2025-08-10 22:00:00;NORTE;NORDESTE;-2094.291
2025-08-10 23:00:00;NORTE;NORDESTE;-2815.325
2025-08-11 00:00:00;NORTE;NORDESTE;-2623.46799999
2025-08-11 01:00:00;NORTE;NORDESTE;-2467.516
2025-08-11 02:00:00;NORTE;NORDESTE;-2606.623
2025-08-11 03:00:00;NORTE;NORDESTE;-2494.06599999
2025-08-11 04:00:00;NORTE;NORDESTE;-2383.12199999
2025-08-11 05:00:00;NORTE;NORDESTE;-2313.201
2025-08-11 06:00:00;NORTE;NORDESTE;-2841.386
2025-08-11 07:00:00;NORTE;NORDESTE;-3741.305
2025-08-11 08:00:00;NORTE;NORDESTE;-4101.512
2025-08-11 09:00:00;NORTE;NORDESTE;-3355.318
2025-08-11 10:00:00;NORTE;NORDESTE;-2778.145
2025-08-11 11:00:00;NORTE;NORDESTE;-1994.295
2025-08-11 12:00:00;NORTE;NORDESTE;-764.916
2025-08-11 13:00:00;NORTE;NORDESTE;287.658
2025-08-11 14:00:00;NORTE;NORDESTE;-530.312
2025-08-11 15:00:00;NORTE;NORDESTE;-1277.602
2025-08-11 16:00:00;NORTE;NORDESTE;-969.937
2025-08-11 17:00:00;NORTE;NORDESTE;75.61799999
2025-08-11 18:00:00;NORTE;NORDESTE;-469.745
2025-08-11 19:00:00;NORTE;NORDESTE;-1554.302
2025-08-11 20:00:00;NORTE;NORDESTE;-2385.893
2025-08-11 21:00:00;NORTE;NORDESTE;-2262.716
2025-08-11 22:00:00;NORTE;NORDESTE;-2652.47899999
2025-08-11 23:00:00;NORTE;NORDESTE;-3282.532
2025-08-12 00:00:00;NORTE;NORDESTE;-3000.705
2025-08-12 01:00:00;NORTE;NORDESTE;-2934.399
2025-08-12 02:00:00;NORTE;NORDESTE;-2950.545
2025-08-12 03:00:00;NORTE;NORDESTE;-2848.597
2025-08-12 04:00:00;NORTE;NORDESTE;-2804.049
2025-08-12 05:00:00;NORTE;NORDESTE;-3041.253
2025-08-12 06:00:00;NORTE;NORDESTE;-3417.068
2025-08-12 07:00:00;NORTE;NORDESTE;-4439.666
2025-08-12 08:00:00;NORTE;NORDESTE;-4055.634
2025-08-12 09:00:00;NORTE;NORDESTE;-3606.658
2025-08-12 10:00:00;NORTE;NORDESTE;-3305.364
2025-08-12 11:00:00;NORTE;NORDESTE;-3312.29
2025-08-12 12:00:00;NORTE;NORDESTE;-3080.73
2025-08-12 13:00:00;NORTE;NORDESTE;-3310.676
2025-08-12 14:00:00;NORTE;NORDESTE;-3416.253
2025-08-12 15:00:00;NORTE;NORDESTE;-3257.061
2025-08-12 16:00:00;NORTE;NORDESTE;-2593.284
2025-08-12 17:00:00;NORTE;NORDESTE;-1542.391
2025-08-12 18:00:00;NORTE;NORDESTE;-1703.432
2025-08-12 19:00:00;NORTE;NORDESTE;-2743.707
2025-08-12 20:00:00;NORTE;NORDESTE;-3136.185
2025-08-12 21:00:00;NORTE;NORDESTE;-3864.418
2025-08-12 22:00:00;NORTE;NORDESTE;-4350.97099999
2025-08-12 23:00:00;NORTE;NORDESTE;-4443.872
2025-08-13 00:00:00;NORTE;NORDESTE;-4344.381
2025-08-13 01:00:00;NORTE;NORDESTE;-4376.505
2025-08-13 02:00:00;NORTE;NORDESTE;-4450.729
2025-08-13 03:00:00;NORTE;NORDESTE;-4248.966
2025-08-13 04:00:00;NORTE;NORDESTE;-4102.24799999
2025-08-13 05:00:00;NORTE;NORDESTE;-4126.368
2025-08-13 06:00:00;NORTE;NORDESTE;-4357.693
2025-08-13 07:00:00;NORTE;NORDESTE;-4383.25
2025-08-13 08:00:00;NORTE;NORDESTE;-4043.27
2025-08-13 09:00:00;NORTE;NORDESTE;-3745.533
2025-08-13 10:00:00;NORTE;NORDESTE;-3340.119
2025-08-13 11:00:00;NORTE;NORDESTE;-3214.522
2025-08-13 12:00:00;NORTE;NORDESTE;-2837.847
2025-08-13 13:00:00;NORTE;NORDESTE;-3063.518
2025-08-13 14:00:00;NORTE;NORDESTE;-3523.913
2025-08-13 15:00:00;NORTE;NORDESTE;-3869.274
2025-08-13 16:00:00;NORTE;NORDESTE;-3067.642
2025-08-13 17:00:00;NORTE;NORDESTE;-2355.47899999
2025-08-13 18:00:00;NORTE;NORDESTE;-2277.022
2025-08-13 19:00:00;NORTE;NORDESTE;-3187.949
2025-08-13 20:00:00;NORTE;NORDESTE;-3786.814
2025-08-13 21:00:00;NORTE;NORDESTE;-4280.877
2025-08-13 22:00:00;NORTE;NORDESTE;-4360.42
2025-08-13 23:00:00;NORTE;NORDESTE;-4685.015
2025-08-14 00:00:00;NORTE;NORDESTE;-4604.522
2025-08-14 01:00:00;NORTE;NORDESTE;-4594.298
2025-08-14 02:00:00;NORTE;NORDESTE;-4598.991
2025-08-14 03:00:00;NORTE;NORDESTE;-4570.85999999
2025-08-14 04:00:00;NORTE;NORDESTE;-4519.202
2025-08-14 05:00:00;NORTE;NORDESTE;-4539.02499999
2025-08-14 06:00:00;NORTE;NORDESTE;-4910.396
2025-08-14 07:00:00;NORTE;NORDESTE;-4863.336
2025-08-14 08:00:00;NORTE;NORDESTE;-4404.144
2025-08-14 09:00:00;NORTE;NORDESTE;-4423.176
2025-08-14 10:00:00;NORTE;NORDESTE;-4117.28799999
2025-08-14 11:00:00;NORTE;NORDESTE;-3691.596
2025-08-14 12:00:00;NORTE;NORDESTE;-3391.444
2025-08-14 13:00:00;NORTE;NORDESTE;-3533.462
2025-08-14 14:00:00;NORTE;NORDESTE;-3972.793
2025-08-14 15:00:00;NORTE;NORDESTE;-3242.727
2025-08-14 16:00:00;NORTE;NORDESTE;-2592.011
2025-08-14 17:00:00;NORTE;NORDESTE;-676.63699999
2025-08-14 18:00:00;NORTE;NORDESTE;-973.7
2025-08-14 19:00:00;NORTE;NORDESTE;-2237.687
2025-08-14 20:00:00;NORTE;NORDESTE;-2677.259
2025-08-14 21:00:00;NORTE;NORDESTE;-2761.496
2025-08-14 22:00:00;NORTE;NORDESTE;-3496.289
2025-08-14 23:00:00;NORTE;NORDESTE;-3790.128
2025-08-15 00:00:00;NORTE;NORDESTE;-3839.908
2025-08-15 01:00:00;NORTE;NORDESTE;-4055.056
2025-08-15 02:00:00;NORTE;NORDESTE;-4004.919
2025-08-15 03:00:00;NORTE;NORDESTE;-4004.909
2025-08-15 04:00:00;NORTE;NORDESTE;-4106.35499999
2025-08-15 05:00:00;NORTE;NORDESTE;-3997.102
2025-08-15 06:00:00;NORTE;NORDESTE;-4325.41799999
2025-08-15 07:00:00;NORTE;NORDESTE;-4644.24799999
2025-08-15 08:00:00;NORTE;NORDESTE;-4208.48899999
2025-08-15 09:00:00;NORTE;NORDESTE;-4192.956
2025-08-15 10:00:00;NORTE;NORDESTE;-3818.314
2025-08-15 11:00:00;NORTE;NORDESTE;-3223.894
2025-08-15 12:00:00;NORTE;NORDESTE;-2545.172
2025-08-15 13:00:00;NORTE;NORDESTE;-1774.311
2025-08-15 14:00:00;NORTE;NORDESTE;-2018.453
2025-08-15 15:00:00;NORTE;NORDESTE;-2397.214
2025-08-15 16:00:00;NORTE;NORDESTE;-2082.134
2025-08-15 17:00:00;NORTE;NORDESTE;-1482.683
2025-08-15 18:00:00;NORTE;NORDESTE;-1540.136
2025-08-15 19:00:00;NORTE;NORDESTE;-3183.208
2025-08-15 20:00:00;NORTE;NORDESTE;-3570.233
2025-08-15 21:00:00;NORTE;NORDESTE;-3933.892
2025-08-15 22:00:00;NORTE;NORDESTE;-3810.929
2025-08-15 23:00:00;NORTE;NORDESTE;-3619.862
2025-08-16 00:00:00;NORTE;NORDESTE;-3905.634
2025-08-16 01:00:00;NORTE;NORDESTE;-4031.293
2025-08-16 02:00:00;NORTE;NORDESTE;-4016.116
2025-08-16 03:00:00;NORTE;NORDESTE;-3852.921
2025-08-16 04:00:00;NORTE;NORDESTE;-3508.523
2025-08-16 05:00:00;NORTE;NORDESTE;-3380.358
2025-08-16 06:00:00;NORTE;NORDESTE;-3882.951
2025-08-16 07:00:00;NORTE;NORDESTE;-4471.91299999
2025-08-16 08:00:00;NORTE;NORDESTE;-4166.573
2025-08-16 09:00:00;NORTE;NORDESTE;-3593.738
2025-08-16 10:00:00;NORTE;NORDESTE;-2796.966
2025-08-16 11:00:00;NORTE;NORDESTE;-2434.881
2025-08-16 12:00:00;NORTE;NORDESTE;-2351.254
2025-08-16 13:00:00;NORTE;NORDESTE;-2295.434
2025-08-16 14:00:00;NORTE;NORDESTE;-2669.254
2025-08-16 15:00:00;NORTE;NORDESTE;-2993.33
2025-08-16 16:00:00;NORTE;NORDESTE;-2941.474
2025-08-16 17:00:00;NORTE;NORDESTE;-3073.21
2025-08-16 18:00:00;NORTE;NORDESTE;-3544.345
2025-08-16 19:00:00;NORTE;NORDESTE;-4048.81
2025-08-16 20:00:00;NORTE;NORDESTE;-4492.532
2025-08-16 21:00:00;NORTE;NORDESTE;-4790.222
2025-08-16 22:00:00;NORTE;NORDESTE;-4885.942
2025-08-16 23:00:00;NORTE;NORDESTE;-4742.104
2025-08-17 00:00:00;NORTE;NORDESTE;-4403.144
2025-08-17 01:00:00;NORTE;NORDESTE;-4570.04299999
2025-08-17 02:00:00;NORTE;NORDESTE;-4601.011
2025-08-17 03:00:00;NORTE;NORDESTE;-4495.174
2025-08-17 04:00:00;NORTE;NORDESTE;-4127.17199999
2025-08-17 05:00:00;NORTE;NORDESTE;-3672.063
2025-08-17 06:00:00;NORTE;NORDESTE;-3568.735
2025-08-17 07:00:00;NORTE;NORDESTE;-3095.146
2025-08-17 08:00:00;NORTE;NORDESTE;-2500.044
2025-08-17 09:00:00;NORTE;NORDESTE;-1512.373
2025-08-17 10:00:00;NORTE;NORDESTE;-671.652
2025-08-17 11:00:00;NORTE;NORDESTE;-448.737
2025-08-17 12:00:00;NORTE;NORDESTE;-415.074
2025-08-17 13:00:00;NORTE;NORDESTE;-513.309
2025-08-17 14:00:00;NORTE;NORDESTE;-1038.356
2025-08-17 15:00:00;NORTE;NORDESTE;-1963.664
2025-08-17 16:00:00;NORTE;NORDESTE;-3427.152
2025-08-17 17:00:00;NORTE;NORDESTE;-3649.406
2025-08-17 18:00:00;NORTE;NORDESTE;-3333.238
2025-08-17 19:00:00;NORTE;NORDESTE;-3917.936
2025-08-17 20:00:00;NORTE;NORDESTE;-4303.577
2025-08-17 21:00:00;NORTE;NORDESTE;-4535.252
2025-08-17 22:00:00;NORTE;NORDESTE;-4756.465
2025-08-17 23:00:00;NORTE;NORDESTE;-4816.147
2025-08-18 00:00:00;NORTE;NORDESTE;-4742.457
2025-08-18 01:00:00;NORTE;NORDESTE;-4727.07399999
2025-08-18 02:00:00;NORTE;NORDESTE;-4512.192
2025-08-18 03:00:00;NORTE;NORDESTE;-4449.696
2025-08-18 04:00:00;NORTE;NORDESTE;-4504.572
2025-08-18 05:00:00;NORTE;NORDESTE;-4494.578
2025-08-18 06:00:00;NORTE;NORDESTE;-4712.018
2025-08-18 07:00:00;NORTE;NORDESTE;-4612.36899999
2025-08-18 08:00:00;NORTE;NORDESTE;-4328.35099999
2025-08-18 09:00:00;NORTE;NORDESTE;-4201.207
2025-08-18 10:00:00;NORTE;NORDESTE;-4051.401
2025-08-18 11:00:00;NORTE;NORDESTE;-3754.487
2025-08-18 12:00:00;NORTE;NORDESTE;-3622.736
2025-08-18 13:00:00;NORTE;NORDESTE;-4057.124
2025-08-18 14:00:00;NORTE;NORDESTE;-4320.948
2025-08-18 15:00:00;NORTE;NORDESTE;-4214.359
2025-08-18 16:00:00;NORTE;NORDESTE;-3411.176
2025-08-18 17:00:00;NORTE;NORDESTE;-2549.726
2025-08-18 18:00:00;NORTE;NORDESTE;-2330.011
2025-08-18 19:00:00;NORTE;NORDESTE;-3598.11
2025-08-18 20:00:00;NORTE;NORDESTE;-4365.026
2025-08-18 21:00:00;NORTE;NORDESTE;-4344.197
2025-08-18 22:00:00;NORTE;NORDESTE;-4505.434
2025-08-18 23:00:00;NORTE;NORDESTE;-4467.667
2025-08-19 00:00:00;NORTE;NORDESTE;-4457.562
2025-08-19 01:00:00;NORTE;NORDESTE;-4566.389
2025-08-19 02:00:00;NORTE;NORDESTE;-4569.28799999
2025-08-19 03:00:00;NORTE;NORDESTE;-4435.42699999
2025-08-19 04:00:00;NORTE;NORDESTE;-4387.626
2025-08-19 05:00:00;NORTE;NORDESTE;-4416.256
2025-08-19 06:00:00;NORTE;NORDESTE;-4881.703
2025-08-19 07:00:00;NORTE;NORDESTE;-4981.401
2025-08-19 08:00:00;NORTE;NORDESTE;-4964.628
2025-08-19 09:00:00;NORTE;NORDESTE;-4389.965
2025-08-19 10:00:00;NORTE;NORDESTE;-4224.48899999
2025-08-19 11:00:00;NORTE;NORDESTE;-3879.926
2025-08-19 12:00:00;NORTE;NORDESTE;-3455.187
2025-08-19 13:00:00;NORTE;NORDESTE;-3952.375
2025-08-19 14:00:00;NORTE;NORDESTE;-4748.568
2025-08-19 15:00:00;NORTE;NORDESTE;-4968.366
2025-08-19 16:00:00;NORTE;NORDESTE;-4405.65899999
2025-08-19 17:00:00;NORTE;NORDESTE;-3406.69
2025-08-19 18:00:00;NORTE;NORDESTE;-3027.272
2025-08-19 19:00:00;NORTE;NORDESTE;-4457.97999999
2025-08-19 20:00:00;NORTE;NORDESTE;-4952.283
2025-08-19 21:00:00;NORTE;NORDESTE;-5114.633
2025-08-19 22:00:00;NORTE;NORDESTE;-5156.39099999
2025-08-19 23:00:00;NORTE;NORDESTE;-4988.006
2025-08-20 00:00:00;NORTE;NORDESTE;-4873.457
2025-08-20 01:00:00;NORTE;NORDESTE;-4745.844
2025-08-20 02:00:00;NORTE;NORDESTE;-4746.453
2025-08-20 03:00:00;NORTE;NORDESTE;-4818.658
2025-08-20 04:00:00;NORTE;NORDESTE;-4672.697
2025-08-20 05:00:00;NORTE;NORDESTE;-4559.642
2025-08-20 06:00:00;NORTE;NORDESTE;-4878.473
2025-08-20 07:00:00;NORTE;NORDESTE;-4963.12299999
2025-08-20 08:00:00;NORTE;NORDESTE;-4792.508
2025-08-20 09:00:00;NORTE;NORDESTE;-4075.552
2025-08-20 10:00:00;NORTE;NORDESTE;-3865.93
2025-08-20 11:00:00;NORTE;NORDESTE;-3854.647
2025-08-20 12:00:00;NORTE;NORDESTE;-3804.383
2025-08-20 13:00:00;NORTE;NORDESTE;-3974.384
2025-08-20 14:00:00;NORTE;NORDESTE;-3687.866
2025-08-20 15:00:00;NORTE;NORDESTE;-3589.09
2025-08-20 16:00:00;NORTE;NORDESTE;-3195.784
2025-08-20 17:00:00;NORTE;NORDESTE;-1517.729
2025-08-20 18:00:00;NORTE;NORDESTE;-1005.425
2025-08-20 19:00:00;NORTE;NORDESTE;-2804.566
2025-08-20 20:00:00;NORTE;NORDESTE;-4060.7
2025-08-20 21:00:00;NORTE;NORDESTE;-4136.469
2025-08-20 22:00:00;NORTE;NORDESTE;-4091.885
2025-08-20 23:00:00;NORTE;NORDESTE;-4091.368
2025-08-21 00:00:00;NORTE;NORDESTE;-4060.55
2025-08-21 01:00:00;NORTE;NORDESTE;-4164.442
2025-08-21 02:00:00;NORTE;NORDESTE;-4381.62299999
2025-08-21 03:00:00;NORTE;NORDESTE;-4322.099
2025-08-21 04:00:00;NORTE;NORDESTE;-4242.10099999
2025-08-21 05:00:00;NORTE;NORDESTE;-4119.839
2025-08-21 06:00:00;NORTE;NORDESTE;-4655.193
2025-08-21 07:00:00;NORTE;NORDESTE;-4775.598
2025-08-21 08:00:00;NORTE;NORDESTE;-4588.424
2025-08-21 09:00:00;NORTE;NORDESTE;-4360.211
2025-08-21 10:00:00;NORTE;NORDESTE;-3909.276
2025-08-21 11:00:00;NORTE;NORDESTE;-3701.219
2025-08-21 12:00:00;NORTE;NORDESTE;-3591.709
2025-08-21 13:00:00;NORTE;NORDESTE;-4119.657
2025-08-21 14:00:00;NORTE;NORDESTE;-4924.973
2025-08-21 15:00:00;NORTE;NORDESTE;-4934.331
2025-08-21 16:00:00;NORTE;NORDESTE;-4445.675
2025-08-21 17:00:00;NORTE;NORDESTE;-2982.765
2025-08-21 18:00:00;NORTE;NORDESTE;-2627.61
2025-08-21 19:00:00;NORTE;NORDESTE;-4238.57
2025-08-21 20:00:00;NORTE;NORDESTE;-4866.827
2025-08-21 21:00:00;NORTE;NORDESTE;-4830.977
2025-08-21 22:00:00;NORTE;NORDESTE;-4668.242
2025-08-21 23:00:00;NORTE;NORDESTE;-4696.135
2025-08-22 00:00:00;NORTE;NORDESTE;-4839.148
2025-08-22 01:00:00;NORTE;NORDESTE;-5018.076
2025-08-22 02:00:00;NORTE;NORDESTE;-5092.094
2025-08-22 03:00:00;NORTE;NORDESTE;-5052.74799999
2025-08-22 04:00:00;NORTE;NORDESTE;-4808.56499999
2025-08-22 05:00:00;NORTE;NORDESTE;-4793.251
2025-08-22 06:00:00;NORTE;NORDESTE;-4939.60099999
2025-08-22 07:00:00;NORTE;NORDESTE;-4586.301
2025-08-22 08:00:00;NORTE;NORDESTE;-4714.314
2025-08-22 09:00:00;NORTE;NORDESTE;-4581.861
2025-08-22 10:00:00;NORTE;NORDESTE;-4176.953
2025-08-22 11:00:00;NORTE;NORDESTE;-4246.039
2025-08-22 12:00:00;NORTE;NORDESTE;-4055.274
2025-08-22 13:00:00;NORTE;NORDESTE;-4663.066
2025-08-22 14:00:00;NORTE;NORDESTE;-5105.36399999
2025-08-22 15:00:00;NORTE;NORDESTE;-5073.152
2025-08-22 16:00:00;NORTE;NORDESTE;-4712.74
2025-08-22 17:00:00;NORTE;NORDESTE;-3406.154
2025-08-22 18:00:00;NORTE;NORDESTE;-3424.315
2025-08-22 19:00:00;NORTE;NORDESTE;-4545.219
2025-08-22 20:00:00;NORTE;NORDESTE;-5203.953
2025-08-22 21:00:00;NORTE;NORDESTE;-5091.35099999
2025-08-22 22:00:00;NORTE;NORDESTE;-5189.259
2025-08-22 23:00:00;NORTE;NORDESTE;-5034.187
2025-08-23 00:00:00;NORTE;NORDESTE;-4958.866
2025-08-23 01:00:00;NORTE;NORDESTE;-5000.737
2025-08-23 02:00:00;NORTE;NORDESTE;-4914.133
2025-08-23 03:00:00;NORTE;NORDESTE;-4859.986
2025-08-23 04:00:00;NORTE;NORDESTE;-4771.575
2025-08-23 05:00:00;NORTE;NORDESTE;-4987.308
2025-08-23 06:00:00;NORTE;NORDESTE;-4974.363
2025-08-23 07:00:00;NORTE;NORDESTE;-5010.529
2025-08-23 08:00:00;NORTE;NORDESTE;-4691.037
2025-08-23 09:00:00;NORTE;NORDESTE;-4524.679
2025-08-23 10:00:00;NORTE;NORDESTE;-4245.88199999
2025-08-23 11:00:00;NORTE;NORDESTE;-4073.507
2025-08-23 12:00:00;NORTE;NORDESTE;-3876.82
2025-08-23 13:00:00;NORTE;NORDESTE;-3900.978
2025-08-23 14:00:00;NORTE;NORDESTE;-4162.982
2025-08-23 15:00:00;NORTE;NORDESTE;-4763.153
2025-08-23 16:00:00;NORTE;NORDESTE;-4508.74
2025-08-23 17:00:00;NORTE;NORDESTE;-3022.513
2025-08-23 18:00:00;NORTE;NORDESTE;-2699.013
2025-08-23 19:00:00;NORTE;NORDESTE;-3971.632
2025-08-23 20:00:00;NORTE;NORDESTE;-4926.204
2025-08-23 21:00:00;NORTE;NORDESTE;-5049.781
2025-08-23 22:00:00;NORTE;NORDESTE;-4502.457
2025-08-23 23:00:00;NORTE;NORDESTE;-4586.29
2025-08-24 00:00:00;NORTE;NORDESTE;-4426.907
2025-08-24 01:00:00;NORTE;NORDESTE;-4310.521
2025-08-24 02:00:00;NORTE;NORDESTE;-4398.121
2025-08-24 03:00:00;NORTE;NORDESTE;-4459.731
2025-08-24 04:00:00;NORTE;NORDESTE;-4439.746
2025-08-24 05:00:00;NORTE;NORDESTE;-4342.974
2025-08-24 06:00:00;NORTE;NORDESTE;-4879.907
2025-08-24 07:00:00;NORTE;NORDESTE;-4962.329
2025-08-24 08:00:00;NORTE;NORDESTE;-4228.04
2025-08-24 09:00:00;NORTE;NORDESTE;-3423.87
2025-08-24 10:00:00;NORTE;NORDESTE;-2376.024
2025-08-24 11:00:00;NORTE;NORDESTE;-2285.17299999
2025-08-24 12:00:00;NORTE;NORDESTE;-2250.064
2025-08-24 13:00:00;NORTE;NORDESTE;-2285.704
2025-08-24 14:00:00;NORTE;NORDESTE;-2718.507
2025-08-24 15:00:00;NORTE;NORDESTE;-3173.547
2025-08-24 16:00:00;NORTE;NORDESTE;-3039.773
2025-08-24 17:00:00;NORTE;NORDESTE;-2450.632
2025-08-24 18:00:00;NORTE;NORDESTE;-2486.415
2025-08-24 19:00:00;NORTE;NORDESTE;-3569.236
2025-08-24 20:00:00;NORTE;NORDESTE;-4341.133
2025-08-24 21:00:00;NORTE;NORDESTE;-4877.115
2025-08-24 22:00:00;NORTE;NORDESTE;-4834.794
2025-08-24 23:00:00;NORTE;NORDESTE;-4764.81099999
2025-08-25 00:00:00;NORTE;NORDESTE;-4797.505
2025-08-25 01:00:00;NORTE;NORDESTE;-4867.823
2025-08-25 02:00:00;NORTE;NORDESTE;-4825.35499999
2025-08-25 03:00:00;NORTE;NORDESTE;-4785.218
2025-08-25 04:00:00;NORTE;NORDESTE;-4713.0
2025-08-25 05:00:00;NORTE;NORDESTE;-4910.345
2025-08-25 06:00:00;NORTE;NORDESTE;-5017.59199999
2025-08-25 07:00:00;NORTE;NORDESTE;-4378.786
2025-08-25 08:00:00;NORTE;NORDESTE;-4106.3
2025-08-25 09:00:00;NORTE;NORDESTE;-4066.884
2025-08-25 10:00:00;NORTE;NORDESTE;-3892.824
2025-08-25 11:00:00;NORTE;NORDESTE;-3635.631
2025-08-25 12:00:00;NORTE;NORDESTE;-3409.079
2025-08-25 13:00:00;NORTE;NORDESTE;-3404.781
2025-08-25 14:00:00;NORTE;NORDESTE;-3923.83
2025-08-25 15:00:00;NORTE;NORDESTE;-4259.039
2025-08-25 16:00:00;NORTE;NORDESTE;-3959.162
2025-08-25 17:00:00;NORTE;NORDESTE;-3320.255
2025-08-25 18:00:00;NORTE;NORDESTE;-3272.871
2025-08-25 19:00:00;NORTE;NORDESTE;-4700.247
2025-08-25 20:00:00;NORTE;NORDESTE;-5231.60099999
2025-08-25 21:00:00;NORTE;NORDESTE;-4900.836
2025-08-25 22:00:00;NORTE;NORDESTE;-4778.169
2025-08-25 23:00:00;NORTE;NORDESTE;-4645.671
2025-08-26 00:00:00;NORTE;NORDESTE;-4660.06
2025-08-26 01:00:00;NORTE;NORDESTE;-4747.179
2025-08-26 02:00:00;NORTE;NORDESTE;-4818.923
2025-08-26 03:00:00;NORTE;NORDESTE;-4751.93999999
2025-08-26 04:00:00;NORTE;NORDESTE;-4675.009
2025-08-26 05:00:00;NORTE;NORDESTE;-4637.22999999
2025-08-26 06:00:00;NORTE;NORDESTE;-5002.628
2025-08-26 07:00:00;NORTE;NORDESTE;-4949.975
2025-08-26 08:00:00;NORTE;NORDESTE;-4925.354
2025-08-26 09:00:00;NORTE;NORDESTE;-4808.171
2025-08-26 10:00:00;NORTE;NORDESTE;-4469.435
2025-08-26 11:00:00;NORTE;NORDESTE;-4174.34
2025-08-26 12:00:00;NORTE;NORDESTE;-4029.911
2025-08-26 13:00:00;NORTE;NORDESTE;-4527.878
2025-08-26 14:00:00;NORTE;NORDESTE;-5028.137
2025-08-26 15:00:00;NORTE;NORDESTE;-4947.848
2025-08-26 16:00:00;NORTE;NORDESTE;-4015.817
2025-08-26 17:00:00;NORTE;NORDESTE;-2797.803
2025-08-26 18:00:00;NORTE;NORDESTE;-2725.376
2025-08-26 19:00:00;NORTE;NORDESTE;-3711.398
2025-08-26 20:00:00;NORTE;NORDESTE;-4659.077
2025-08-26 21:00:00;NORTE;NORDESTE;-4864.097
2025-08-26 22:00:00;NORTE;NORDESTE;-4648.335
2025-08-26 23:00:00;NORTE;NORDESTE;-4719.783
2025-08-27 00:00:00;NORTE;NORDESTE;-4609.585
2025-08-27 01:00:00;NORTE;NORDESTE;-4623.313
2025-08-27 02:00:00;NORTE;NORDESTE;-4604.758
2025-08-27 03:00:00;NORTE;NORDESTE;-4458.523
2025-08-27 04:00:00;NORTE;NORDESTE;-4480.386
2025-08-27 05:00:00;NORTE;NORDESTE;-4625.683
2025-08-27 06:00:00;NORTE;NORDESTE;-4970.01599999
2025-08-27 07:00:00;NORTE;NORDESTE;-5086.099
2025-08-27 08:00:00;NORTE;NORDESTE;-4939.747
2025-08-27 09:00:00;NORTE;NORDESTE;-4448.544
2025-08-27 10:00:00;NORTE;NORDESTE;-4096.029
2025-08-27 11:00:00;NORTE;NORDESTE;-3864.095
2025-08-27 12:00:00;NORTE;NORDESTE;-3652.569
2025-08-27 13:00:00;NORTE;NORDESTE;-3782.718
2025-08-27 14:00:00;NORTE;NORDESTE;-4066.638
2025-08-27 15:00:00;NORTE;NORDESTE;-4110.545
2025-08-27 16:00:00;NORTE;NORDESTE;-3331.86
2025-08-27 17:00:00;NORTE;NORDESTE;-2584.04
2025-08-27 18:00:00;NORTE;NORDESTE;-2889.653
2025-08-27 19:00:00;NORTE;NORDESTE;-3500.768
2025-08-27 20:00:00;NORTE;NORDESTE;-4236.013
2025-08-27 21:00:00;NORTE;NORDESTE;-4227.954
2025-08-27 22:00:00;NORTE;NORDESTE;-4398.429
2025-08-27 23:00:00;NORTE;NORDESTE;-4709.148
2025-08-28 00:00:00;NORTE;NORDESTE;-4546.621
2025-08-28 01:00:00;NORTE;NORDESTE;-4539.47099999
2025-08-28 02:00:00;NORTE;NORDESTE;-4762.506
2025-08-28 03:00:00;NORTE;NORDESTE;-4998.277
2025-08-28 04:00:00;NORTE;NORDESTE;-4893.649
2025-08-28 05:00:00;NORTE;NORDESTE;-4811.218
2025-08-28 06:00:00;NORTE;NORDESTE;-5108.916
2025-08-28 07:00:00;NORTE;NORDESTE;-4920.142
2025-08-28 08:00:00;NORTE;NORDESTE;-4453.01599999
2025-08-28 09:00:00;NORTE;NORDESTE;-4198.996
2025-08-28 10:00:00;NORTE;NORDESTE;-3962.252
2025-08-28 11:00:00;NORTE;NORDESTE;-3926.348
2025-08-28 12:00:00;NORTE;NORDESTE;-3792.656
2025-08-28 13:00:00;NORTE;NORDESTE;-4141.36899999
2025-08-28 14:00:00;NORTE;NORDESTE;-4439.08
2025-08-28 15:00:00;NORTE;NORDESTE;-4720.487
2025-08-28 16:00:00;NORTE;NORDESTE;-3764.592
2025-08-28 17:00:00;NORTE;NORDESTE;-2876.234
2025-08-28 18:00:00;NORTE;NORDESTE;-2855.68
2025-08-28 19:00:00;NORTE;NORDESTE;-3833.695
2025-08-28 20:00:00;NORTE;NORDESTE;-4330.768
2025-08-28 21:00:00;NORTE;NORDESTE;-4543.13
2025-08-28 22:00:00;NORTE;NORDESTE;-4339.334
2025-08-28 23:00:00;NORTE;NORDESTE;-4016.119
2025-08-29 00:00:00;NORTE;NORDESTE;-4056.13
2025-08-29 01:00:00;NORTE;NORDESTE;-4067.989
2025-08-29 02:00:00;NORTE;NORDESTE;-3670.306
2025-08-29 03:00:00;NORTE;NORDESTE;-3639.814
2025-08-29 04:00:00;NORTE;NORDESTE;-3592.593
2025-08-29 05:00:00;NORTE;NORDESTE;-3617.578
2025-08-29 06:00:00;NORTE;NORDESTE;-4318.597
2025-08-29 07:00:00;NORTE;NORDESTE;-4071.059
2025-08-29 08:00:00;NORTE;NORDESTE;-4110.893
2025-08-29 09:00:00;NORTE;NORDESTE;-4160.261
2025-08-29 10:00:00;NORTE;NORDESTE;-3861.142
2025-08-29 11:00:00;NORTE;NORDESTE;-3824.184
2025-08-29 12:00:00;NORTE;NORDESTE;-3575.411
2025-08-29 13:00:00;NORTE;NORDESTE;-4053.61
2025-08-29 14:00:00;NORTE;NORDESTE;-4617.786
2025-08-29 15:00:00;NORTE;NORDESTE;-4840.312
2025-08-29 16:00:00;NORTE;NORDESTE;-4357.611
2025-08-29 17:00:00;NORTE;NORDESTE;-3270.213
2025-08-29 18:00:00;NORTE;NORDESTE;-3286.128
2025-08-29 19:00:00;NORTE;NORDESTE;-5014.777
2025-08-29 20:00:00;NORTE;NORDESTE;-4835.821
2025-08-29 21:00:00;NORTE;NORDESTE;-5144.56
2025-08-29 22:00:00;NORTE;NORDESTE;-5155.937
2025-08-29 23:00:00;NORTE;NORDESTE;-5020.522
2025-08-30 00:00:00;NORTE;NORDESTE;-4974.518
2025-08-30 01:00:00;NORTE;NORDESTE;-4752.482
2025-08-30 02:00:00;NORTE;NORDESTE;-4717.929
2025-08-30 03:00:00;NORTE;NORDESTE;-4784.089
2025-08-30 04:00:00;NORTE;NORDESTE;-4629.098
2025-08-30 05:00:00;NORTE;NORDESTE;-4802.308
2025-08-30 06:00:00;NORTE;NORDESTE;-5012.68
2025-08-30 07:00:00;NORTE;NORDESTE;-5079.791
2025-08-30 08:00:00;NORTE;NORDESTE;-4945.969
2025-08-30 09:00:00;NORTE;NORDESTE;-4446.118
2025-08-30 10:00:00;NORTE;NORDESTE;-3528.199
2025-08-30 11:00:00;NORTE;NORDESTE;-2971.61
2025-08-30 12:00:00;NORTE;NORDESTE;-2810.599
2025-08-30 13:00:00;NORTE;NORDESTE;-2987.929
2025-08-30 14:00:00;NORTE;NORDESTE;-3379.186
2025-08-30 15:00:00;NORTE;NORDESTE;-3371.515
2025-08-30 16:00:00;NORTE;NORDESTE;-3302.989
2025-08-30 17:00:00;NORTE;NORDESTE;-2025.329
2025-08-30 18:00:00;NORTE;NORDESTE;-2025.091
2025-08-30 19:00:00;NORTE;NORDESTE;-3579.753
2025-08-30 20:00:00;NORTE;NORDESTE;-4402.973
2025-08-30 21:00:00;NORTE;NORDESTE;-4773.701
2025-08-30 22:00:00;NORTE;NORDESTE;-4869.404
2025-08-30 23:00:00;NORTE;NORDESTE;-4740.83
2025-08-31 00:00:00;NORTE;NORDESTE;-4850.407
2025-08-31 01:00:00;NORTE;NORDESTE;-4886.03
2025-08-31 02:00:00;NORTE;NORDESTE;-4632.207
2025-08-31 03:00:00;NORTE;NORDESTE;-4469.477
2025-08-31 04:00:00;NORTE;NORDESTE;-4427.776
2025-08-31 05:00:00;NORTE;NORDESTE;-4469.796
2025-08-31 06:00:00;NORTE;NORDESTE;-4880.716
2025-08-31 07:00:00;NORTE;NORDESTE;-4607.7
2025-08-31 08:00:00;NORTE;NORDESTE;-2891.348
2025-08-31 09:00:00;NORTE;NORDESTE;-1829.262
2025-08-31 10:00:00;NORTE;NORDESTE;-1581.909
2025-08-31 11:00:00;NORTE;NORDESTE;-1451.502
2025-08-31 12:00:00;NORTE;NORDESTE;-1506.093
2025-08-31 13:00:00;NORTE;NORDESTE;-1787.668
2025-08-31 14:00:00;NORTE;NORDESTE;-2235.491
2025-08-31 15:00:00;NORTE;NORDESTE;-3038.062
2025-08-31 16:00:00;NORTE;NORDESTE;-3851.209
2025-08-31 17:00:00;NORTE;NORDESTE;-3269.164
2025-08-31 18:00:00;NORTE;NORDESTE;-3449.45
2025-08-31 19:00:00;NORTE;NORDESTE;-4360.988
2025-08-31 20:00:00;NORTE;NORDESTE;-4799.98499999
2025-08-31 21:00:00;NORTE;NORDESTE;-5146.947
2025-08-31 22:00:00;NORTE;NORDESTE;-5213.902
2025-08-31 23:00:00;NORTE;NORDESTE;-5152.965
2025-09-01 00:00:00;NORTE;NORDESTE;-5183.481
2025-09-01 01:00:00;NORTE;NORDESTE;-5221.584
2025-09-01 02:00:00;NORTE;NORDESTE;-5097.05199999
2025-09-01 03:00:00;NORTE;NORDESTE;-5122.032
2025-09-01 04:00:00;NORTE;NORDESTE;-5035.82
2025-09-01 05:00:00;NORTE;NORDESTE;-4854.822
2025-09-01 06:00:00;NORTE;NORDESTE;-5349.041
2025-09-01 07:00:00;NORTE;NORDESTE;-5345.259
2025-09-01 08:00:00;NORTE;NORDESTE;-5537.999
2025-09-01 09:00:00;NORTE;NORDESTE;-5717.807
2025-09-01 10:00:00;NORTE;NORDESTE;-5620.921
2025-09-01 11:00:00;NORTE;NORDESTE;-5348.227
2025-09-01 12:00:00;NORTE;NORDESTE;-5155.428
2025-09-01 13:00:00;NORTE;NORDESTE;-5267.46699999
2025-09-01 14:00:00;NORTE;NORDESTE;-4901.684
2025-09-01 15:00:00;NORTE;NORDESTE;-4714.287
2025-09-01 16:00:00;NORTE;NORDESTE;-4059.441
2025-09-01 17:00:00;NORTE;NORDESTE;-3453.166
2025-09-01 18:00:00;NORTE;NORDESTE;-3644.715
2025-09-01 19:00:00;NORTE;NORDESTE;-4145.204
2025-09-01 20:00:00;NORTE;NORDESTE;-4316.89999999
2025-09-01 21:00:00;NORTE;NORDESTE;-4560.825
2025-09-01 22:00:00;NORTE;NORDESTE;-4676.215
2025-09-01 23:00:00;NORTE;NORDESTE;-4642.37
2025-09-02 00:00:00;NORTE;NORDESTE;-4170.06499999
2025-09-02 01:00:00;NORTE;NORDESTE;-4219.319
2025-09-02 02:00:00;NORTE;NORDESTE;-4402.501
2025-09-02 03:00:00;NORTE;NORDESTE;-4755.689
2025-09-02 04:00:00;NORTE;NORDESTE;-4820.336
2025-09-02 05:00:00;NORTE;NORDESTE;-4833.162
2025-09-02 06:00:00;NORTE;NORDESTE;-4982.461
2025-09-02 07:00:00;NORTE;NORDESTE;-4931.06499999
2025-09-02 08:00:00;NORTE;NORDESTE;-4789.21699999
2025-09-02 09:00:00;NORTE;NORDESTE;-4580.706
2025-09-02 10:00:00;NORTE;NORDESTE;-4380.835
2025-09-02 11:00:00;NORTE;NORDESTE;-4448.59
2025-09-02 12:00:00;NORTE;NORDESTE;-4265.591
2025-09-02 13:00:00;NORTE;NORDESTE;-4834.327
2025-09-02 14:00:00;NORTE;NORDESTE;-5049.878
2025-09-02 15:00:00;NORTE;NORDESTE;-5174.127
2025-09-02 16:00:00;NORTE;NORDESTE;-5037.35999999
2025-09-02 17:00:00;NORTE;NORDESTE;-4463.549
2025-09-02 18:00:00;NORTE;NORDESTE;-4491.18099999
2025-09-02 19:00:00;NORTE;NORDESTE;-5021.648
2025-09-02 20:00:00;NORTE;NORDESTE;-5153.131
2025-09-02 21:00:00;NORTE;NORDESTE;-5038.01599999
2025-09-02 22:00:00;NORTE;NORDESTE;-4832.91799999
2025-09-02 23:00:00;NORTE;NORDESTE;-4737.937
2025-09-03 00:00:00;NORTE;NORDESTE;-4794.999
2025-09-03 01:00:00;NORTE;NORDESTE;-4618.475
2025-09-03 02:00:00;NORTE;NORDESTE;-4693.667
2025-09-03 03:00:00;NORTE;NORDESTE;-4572.195
2025-09-03 04:00:00;NORTE;NORDESTE;-4551.136
2025-09-03 05:00:00;NORTE;NORDESTE;-4755.771
2025-09-03 06:00:00;NORTE;NORDESTE;-5239.3
2025-09-03 07:00:00;NORTE;NORDESTE;-5559.208
2025-09-03 08:00:00;NORTE;NORDESTE;-5131.036
2025-09-03 09:00:00;NORTE;NORDESTE;-5196.496
2025-09-03 10:00:00;NORTE;NORDESTE;-5019.761
2025-09-03 11:00:00;NORTE;NORDESTE;-4657.134
2025-09-03 12:00:00;NORTE;NORDESTE;-4216.661
2025-09-03 13:00:00;NORTE;NORDESTE;-4504.752
2025-09-03 14:00:00;NORTE;NORDESTE;-5132.001
2025-09-03 15:00:00;NORTE;NORDESTE;-5300.512
2025-09-03 16:00:00;NORTE;NORDESTE;-4929.207
2025-09-03 17:00:00;NORTE;NORDESTE;-4481.558
2025-09-03 18:00:00;NORTE;NORDESTE;-4265.682
2025-09-03 19:00:00;NORTE;NORDESTE;-4800.331
2025-09-03 20:00:00;NORTE;NORDESTE;-5113.411
2025-09-03 21:00:00;NORTE;NORDESTE;-5064.98899999
2025-09-03 22:00:00;NORTE;NORDESTE;-5038.033
2025-09-03 23:00:00;NORTE;NORDESTE;-4971.593
2025-09-04 00:00:00;NORTE;NORDESTE;-5181.254
2025-09-04 01:00:00;NORTE;NORDESTE;-5177.399
2025-09-04 02:00:00;NORTE;NORDESTE;-5078.018
2025-09-04 03:00:00;NORTE;NORDESTE;-5031.572
2025-09-04 04:00:00;NORTE;NORDESTE;-4913.43999999
2025-09-04 05:00:00;NORTE;NORDESTE;-4690.89999999
2025-09-04 06:00:00;NORTE;NORDESTE;-4851.683
2025-09-04 07:00:00;NORTE;NORDESTE;-4384.58299999
2025-09-04 08:00:00;NORTE;NORDESTE;-4366.652
2025-09-04 09:00:00;NORTE;NORDESTE;-4790.215
2025-09-04 10:00:00;NORTE;NORDESTE;-5056.367
2025-09-04 11:00:00;NORTE;NORDESTE;-4968.05
2025-09-04 12:00:00;NORTE;NORDESTE;-4849.211
2025-09-04 13:00:00;NORTE;NORDESTE;-5084.816
2025-09-04 14:00:00;NORTE;NORDESTE;-4945.087
2025-09-04 15:00:00;NORTE;NORDESTE;-5122.42199999
2025-09-04 16:00:00;NORTE;NORDESTE;-5239.167
2025-09-04 17:00:00;NORTE;NORDESTE;-4428.879
2025-09-04 18:00:00;NORTE;NORDESTE;-3824.596
2025-09-04 19:00:00;NORTE;NORDESTE;-4498.291
2025-09-04 20:00:00;NORTE;NORDESTE;-4910.189
2025-09-04 21:00:00;NORTE;NORDESTE;-4872.861
2025-09-04 22:00:00;NORTE;NORDESTE;-4735.952
2025-09-04 23:00:00;NORTE;NORDESTE;-4578.852
2025-09-05 00:00:00;NORTE;NORDESTE;-4561.63199999
2025-09-05 01:00:00;NORTE;NORDESTE;-4517.115
2025-09-05 02:00:00;NORTE;NORDESTE;-4573.654
2025-09-05 03:00:00;NORTE;NORDESTE;-4489.91
2025-09-05 04:00:00;NORTE;NORDESTE;-4298.28799999
2025-09-05 05:00:00;NORTE;NORDESTE;-4429.895
2025-09-05 06:00:00;NORTE;NORDESTE;-4954.14999999
2025-09-05 07:00:00;NORTE;NORDESTE;-5066.215
2025-09-05 08:00:00;NORTE;NORDESTE;-4549.51599999
2025-09-05 09:00:00;NORTE;NORDESTE;-4402.719
2025-09-05 10:00:00;NORTE;NORDESTE;-4180.155
2025-09-05 11:00:00;NORTE;NORDESTE;-4230.586
2025-09-05 12:00:00;NORTE;NORDESTE;-3834.097
2025-09-05 13:00:00;NORTE;NORDESTE;-4254.509
2025-09-05 14:00:00;NORTE;NORDESTE;-4257.274
2025-09-05 15:00:00;NORTE;NORDESTE;-4313.78399999
2025-09-05 16:00:00;NORTE;NORDESTE;-3763.051
2025-09-05 17:00:00;NORTE;NORDESTE;-2683.884
2025-09-05 18:00:00;NORTE;NORDESTE;-2560.419
2025-09-05 19:00:00;NORTE;NORDESTE;-3566.327
2025-09-05 20:00:00;NORTE;NORDESTE;-4000.311
2025-09-05 21:00:00;NORTE;NORDESTE;-3915.473
2025-09-05 22:00:00;NORTE;NORDESTE;-3457.111
2025-09-05 23:00:00;NORTE;NORDESTE;-3195.85
2025-09-06 00:00:00;NORTE;NORDESTE;-3027.575
2025-09-06 01:00:00;NORTE;NORDESTE;-3033.088
2025-09-06 02:00:00;NORTE;NORDESTE;-3100.292
2025-09-06 03:00:00;NORTE;NORDESTE;-2982.503
2025-09-06 04:00:00;NORTE;NORDESTE;-2887.752
2025-09-06 05:00:00;NORTE;NORDESTE;-2873.342
2025-09-06 06:00:00;NORTE;NORDESTE;-3198.95
2025-09-06 07:00:00;NORTE;NORDESTE;-3619.49
2025-09-06 08:00:00;NORTE;NORDESTE;-3548.879
2025-09-06 09:00:00;NORTE;NORDESTE;-2903.51
2025-09-06 10:00:00;NORTE;NORDESTE;-2514.24699999
2025-09-06 11:00:00;NORTE;NORDESTE;-2371.326
2025-09-06 12:00:00;NORTE;NORDESTE;-2253.544
2025-09-06 13:00:00;NORTE;NORDESTE;-2499.597
2025-09-06 14:00:00;NORTE;NORDESTE;-3014.041
2025-09-06 15:00:00;NORTE;NORDESTE;-3461.44
2025-09-06 16:00:00;NORTE;NORDESTE;-2990.913
2025-09-06 17:00:00;NORTE;NORDESTE;-2294.64
2025-09-06 18:00:00;NORTE;NORDESTE;-2864.427
2025-09-06 19:00:00;NORTE;NORDESTE;-3790.439
2025-09-06 20:00:00;NORTE;NORDESTE;-4277.015
2025-09-06 21:00:00;NORTE;NORDESTE;-4466.821
2025-09-06 22:00:00;NORTE;NORDESTE;-4323.608
2025-09-06 23:00:00;NORTE;NORDESTE;-4134.914
2025-09-07 00:00:00;NORTE;NORDESTE;-3988.422
2025-09-07 01:00:00;NORTE;NORDESTE;-4045.618
2025-09-07 02:00:00;NORTE;NORDESTE;-4244.706
2025-09-07 03:00:00;NORTE;NORDESTE;-4409.475
2025-09-07 04:00:00;NORTE;NORDESTE;-4381.644
2025-09-07 05:00:00;NORTE;NORDESTE;-4472.147
2025-09-07 06:00:00;NORTE;NORDESTE;-4310.62
2025-09-07 07:00:00;NORTE;NORDESTE;-3805.258
2025-09-07 08:00:00;NORTE;NORDESTE;-3002.026
2025-09-07 09:00:00;NORTE;NORDESTE;-1955.641
2025-09-07 10:00:00;NORTE;NORDESTE;-1357.286
2025-09-07 11:00:00;NORTE;NORDESTE;-1675.762
2025-09-07 12:00:00;NORTE;NORDESTE;-1762.49
2025-09-07 13:00:00;NORTE;NORDESTE;-1919.007
2025-09-07 14:00:00;NORTE;NORDESTE;-2370.04599999
2025-09-07 15:00:00;NORTE;NORDESTE;-2958.758
2025-09-07 16:00:00;NORTE;NORDESTE;-3900.418
2025-09-07 17:00:00;NORTE;NORDESTE;-3874.2
2025-09-07 18:00:00;NORTE;NORDESTE;-3631.23
2025-09-07 19:00:00;NORTE;NORDESTE;-3975.142
2025-09-07 20:00:00;NORTE;NORDESTE;-4377.732
2025-09-07 21:00:00;NORTE;NORDESTE;-4241.104
2025-09-07 22:00:00;NORTE;NORDESTE;-3716.707
2025-09-07 23:00:00;NORTE;NORDESTE;-3812.834
2025-09-08 00:00:00;NORTE;NORDESTE;-4200.001
2025-09-08 01:00:00;NORTE;NORDESTE;-4176.222
2025-09-08 02:00:00;NORTE;NORDESTE;-4071.907
2025-09-08 03:00:00;NORTE;NORDESTE;-3980.703
2025-09-08 04:00:00;NORTE;NORDESTE;-3943.986
2025-09-08 05:00:00;NORTE;NORDESTE;-4017.309
2025-09-08 06:00:00;NORTE;NORDESTE;-4407.723
2025-09-08 07:00:00;NORTE;NORDESTE;-4321.734
2025-09-08 08:00:00;NORTE;NORDESTE;-4247.7
2025-09-08 09:00:00;NORTE;NORDESTE;-4076.691
2025-09-08 10:00:00;NORTE;NORDESTE;-4153.804
2025-09-08 11:00:00;NORTE;NORDESTE;-4155.236
2025-09-08 12:00:00;NORTE;NORDESTE;-4053.069
2025-09-08 13:00:00;NORTE;NORDESTE;-4165.639
2025-09-08 14:00:00;NORTE;NORDESTE;-4574.31099999
2025-09-08 15:00:00;NORTE;NORDESTE;-4891.237
2025-09-08 16:00:00;NORTE;NORDESTE;-4779.883
2025-09-08 17:00:00;NORTE;NORDESTE;-3941.156
2025-09-08 18:00:00;NORTE;NORDESTE;-2962.764
2025-09-08 19:00:00;NORTE;NORDESTE;-3785.473
2025-09-08 20:00:00;NORTE;NORDESTE;-4275.519
2025-09-08 21:00:00;NORTE;NORDESTE;-4803.15899999
2025-09-08 22:00:00;NORTE;NORDESTE;-4990.412
2025-09-08 23:00:00;NORTE;NORDESTE;-5037.651
2025-09-09 00:00:00;NORTE;NORDESTE;-4852.593
2025-09-09 01:00:00;NORTE;NORDESTE;-4763.814
2025-09-09 02:00:00;NORTE;NORDESTE;-4716.85099999
2025-09-09 03:00:00;NORTE;NORDESTE;-4384.107
2025-09-09 04:00:00;NORTE;NORDESTE;-4240.55599999
2025-09-09 05:00:00;NORTE;NORDESTE;-4387.341
2025-09-09 06:00:00;NORTE;NORDESTE;-4936.599
2025-09-09 07:00:00;NORTE;NORDESTE;-5277.506
2025-09-09 08:00:00;NORTE;NORDESTE;-5299.448
2025-09-09 09:00:00;NORTE;NORDESTE;-4777.247
2025-09-09 10:00:00;NORTE;NORDESTE;-4479.079
2025-09-09 11:00:00;NORTE;NORDESTE;-4183.64
2025-09-09 12:00:00;NORTE;NORDESTE;-4354.758
2025-09-09 13:00:00;NORTE;NORDESTE;-4600.385
2025-09-09 14:00:00;NORTE;NORDESTE;-4747.38
2025-09-09 15:00:00;NORTE;NORDESTE;-4084.648
2025-09-09 16:00:00;NORTE;NORDESTE;-2688.505
2025-09-09 17:00:00;NORTE;NORDESTE;-1660.028
2025-09-09 18:00:00;NORTE;NORDESTE;-1259.88
2025-09-09 19:00:00;NORTE;NORDESTE;-2714.936
2025-09-09 20:00:00;NORTE;NORDESTE;-3884.034
2025-09-09 21:00:00;NORTE;NORDESTE;-4372.98899999
2025-09-09 22:00:00;NORTE;NORDESTE;-4530.49799999
2025-09-09 23:00:00;NORTE;NORDESTE;-4632.704
2025-09-10 00:00:00;NORTE;NORDESTE;-4771.674
2025-09-10 01:00:00;NORTE;NORDESTE;-4699.162
2025-09-10 02:00:00;NORTE;NORDESTE;-4528.573
2025-09-10 03:00:00;NORTE;NORDESTE;-4341.917
2025-09-10 04:00:00;NORTE;NORDESTE;-4213.697
2025-09-10 05:00:00;NORTE;NORDESTE;-4102.281
2025-09-10 06:00:00;NORTE;NORDESTE;-4631.997
2025-09-10 07:00:00;NORTE;NORDESTE;-5283.904
2025-09-10 08:00:00;NORTE;NORDESTE;-4797.453
2025-09-10 09:00:00;NORTE;NORDESTE;-3995.828
2025-09-10 10:00:00;NORTE;NORDESTE;-3617.191
2025-09-10 11:00:00;NORTE;NORDESTE;-3392.932
2025-09-10 12:00:00;NORTE;NORDESTE;-3395.545
2025-09-10 13:00:00;NORTE;NORDESTE;-3863.965
2025-09-10 14:00:00;NORTE;NORDESTE;-4373.667
2025-09-10 15:00:00;NORTE;NORDESTE;-4165.953
2025-09-10 16:00:00;NORTE;NORDESTE;-2731.44099999
2025-09-10 17:00:00;NORTE;NORDESTE;-1274.38
2025-09-10 18:00:00;NORTE;NORDESTE;-1716.759
2025-09-10 19:00:00;NORTE;NORDESTE;-3375.717
2025-09-10 20:00:00;NORTE;NORDESTE;-3597.448
2025-09-10 21:00:00;NORTE;NORDESTE;-3941.277
2025-09-10 22:00:00;NORTE;NORDESTE;-3823.868
2025-09-10 23:00:00;NORTE;NORDESTE;-4001.404
2025-09-11 00:00:00;NORTE;NORDESTE;-3732.478
2025-09-11 01:00:00;NORTE;NORDESTE;-3647.755
2025-09-11 02:00:00;NORTE;NORDESTE;-3725.6
2025-09-11 03:00:00;NORTE;NORDESTE;-3840.185
2025-09-11 04:00:00;NORTE;NORDESTE;-3862.628
2025-09-11 05:00:00;NORTE;NORDESTE;-4113.707
2025-09-11 06:00:00;NORTE;NORDESTE;-4824.904
2025-09-11 07:00:00;NORTE;NORDESTE;-5018.218
2025-09-11 08:00:00;NORTE;NORDESTE;-5305.209
2025-09-11 09:00:00;NORTE;NORDESTE;-4842.769
2025-09-11 10:00:00;NORTE;NORDESTE;-4346.429
2025-09-11 11:00:00;NORTE;NORDESTE;-4102.39999999
2025-09-11 12:00:00;NORTE;NORDESTE;-3684.569
2025-09-11 13:00:00;NORTE;NORDESTE;-3917.462
2025-09-11 14:00:00;NORTE;NORDESTE;-4421.774
2025-09-11 15:00:00;NORTE;NORDESTE;-4684.299
2025-09-11 16:00:00;NORTE;NORDESTE;-3959.081
2025-09-11 17:00:00;NORTE;NORDESTE;-2690.341
2025-09-11 18:00:00;NORTE;NORDESTE;-2038.577
2025-09-11 19:00:00;NORTE;NORDESTE;-3771.356
2025-09-11 20:00:00;NORTE;NORDESTE;-4632.72999999
2025-09-11 21:00:00;NORTE;NORDESTE;-4772.87299999
2025-09-11 22:00:00;NORTE;NORDESTE;-4668.683
2025-09-11 23:00:00;NORTE;NORDESTE;-4609.127
2025-09-12 00:00:00;NORTE;NORDESTE;-4603.777
2025-09-12 01:00:00;NORTE;NORDESTE;-4840.165
2025-09-12 02:00:00;NORTE;NORDESTE;-4829.287
2025-09-12 03:00:00;NORTE;NORDESTE;-4764.17
2025-09-12 04:00:00;NORTE;NORDESTE;-4608.99399999
2025-09-12 05:00:00;NORTE;NORDESTE;-4812.76599999
2025-09-12 06:00:00;NORTE;NORDESTE;-5334.361
2025-09-12 07:00:00;NORTE;NORDESTE;-5742.307
2025-09-12 08:00:00;NORTE;NORDESTE;-5259.26599999
2025-09-12 09:00:00;NORTE;NORDESTE;-4683.14999999
2025-09-12 10:00:00;NORTE;NORDESTE;-4158.299
2025-09-12 11:00:00;NORTE;NORDESTE;-3804.614
2025-09-12 12:00:00;NORTE;NORDESTE;-3469.228
2025-09-12 13:00:00;NORTE;NORDESTE;-4007.53
2025-09-12 14:00:00;NORTE;NORDESTE;-4664.536
2025-09-12 15:00:00;NORTE;NORDESTE;-4902.001
2025-09-12 16:00:00;NORTE;NORDESTE;-3727.984
2025-09-12 17:00:00;NORTE;NORDESTE;-2279.895
2025-09-12 18:00:00;NORTE;NORDESTE;-2732.398
2025-09-12 19:00:00;NORTE;NORDESTE;-4370.39099999
2025-09-12 20:00:00;NORTE;NORDESTE;-4695.908
2025-09-12 21:00:00;NORTE;NORDESTE;-4599.028
2025-09-12 22:00:00;NORTE;NORDESTE;-4755.678
2025-09-12 23:00:00;NORTE;NORDESTE;-5011.72999999
2025-09-13 00:00:00;NORTE;NORDESTE;-4724.40899999
2025-09-13 01:00:00;NORTE;NORDESTE;-4521.54699999
2025-09-13 02:00:00;NORTE;NORDESTE;-4419.473
2025-09-13 03:00:00;NORTE;NORDESTE;-4274.573
2025-09-13 04:00:00;NORTE;NORDESTE;-4026.426
2025-09-13 05:00:00;NORTE;NORDESTE;-4153.214
2025-09-13 06:00:00;NORTE;NORDESTE;-4990.703
2025-09-13 07:00:00;NORTE;NORDESTE;-6118.701
2025-09-13 08:00:00;NORTE;NORDESTE;-5289.75
2025-09-13 09:00:00;NORTE;NORDESTE;-4325.183
2025-09-13 10:00:00;NORTE;NORDESTE;-3356.04
2025-09-13 11:00:00;NORTE;NORDESTE;-3130.84
2025-09-13 12:00:00;NORTE;NORDESTE;-3284.09
2025-09-13 13:00:00;NORTE;NORDESTE;-3387.325
2025-09-13 14:00:00;NORTE;NORDESTE;-3912.607
2025-09-13 15:00:00;NORTE;NORDESTE;-4409.609
2025-09-13 16:00:00;NORTE;NORDESTE;-3835.469
2025-09-13 17:00:00;NORTE;NORDESTE;-2684.675
2025-09-13 18:00:00;NORTE;NORDESTE;-2596.71099999
2025-09-13 19:00:00;NORTE;NORDESTE;-4095.823
2025-09-13 20:00:00;NORTE;NORDESTE;-4706.779
2025-09-13 21:00:00;NORTE;NORDESTE;-4917.97099999
2025-09-13 22:00:00;NORTE;NORDESTE;-5115.267
2025-09-13 23:00:00;NORTE;NORDESTE;-5117.06
2025-09-14 00:00:00;NORTE;NORDESTE;-5179.85099999
2025-09-14 01:00:00;NORTE;NORDESTE;-5095.36399999
2025-09-14 02:00:00;NORTE;NORDESTE;-5248.893
2025-09-14 03:00:00;NORTE;NORDESTE;-5364.322
2025-09-14 04:00:00;NORTE;NORDESTE;-5389.61399999
2025-09-14 05:00:00;NORTE;NORDESTE;-5650.864
2025-09-14 06:00:00;NORTE;NORDESTE;-5975.158
2025-09-14 07:00:00;NORTE;NORDESTE;-5017.728
2025-09-14 08:00:00;NORTE;NORDESTE;-3701.074
2025-09-14 09:00:00;NORTE;NORDESTE;-2834.812
2025-09-14 10:00:00;NORTE;NORDESTE;-2180.773
2025-09-14 11:00:00;NORTE;NORDESTE;-2240.702
2025-09-14 12:00:00;NORTE;NORDESTE;-2300.952
2025-09-14 13:00:00;NORTE;NORDESTE;-2542.265
2025-09-14 14:00:00;NORTE;NORDESTE;-3117.382
2025-09-14 15:00:00;NORTE;NORDESTE;-3844.252
2025-09-14 16:00:00;NORTE;NORDESTE;-4042.276
2025-09-14 17:00:00;NORTE;NORDESTE;-4240.098
2025-09-14 18:00:00;NORTE;NORDESTE;-4974.959
2025-09-14 19:00:00;NORTE;NORDESTE;-5409.04699999
2025-09-14 20:00:00;NORTE;NORDESTE;-5649.269
2025-09-14 21:00:00;NORTE;NORDESTE;-5583.767
2025-09-14 22:00:00;NORTE;NORDESTE;-5644.787
2025-09-14 23:00:00;NORTE;NORDESTE;-5590.844
2025-09-15 00:00:00;NORTE;NORDESTE;-5351.42
2025-09-15 01:00:00;NORTE;NORDESTE;-5343.42199999
2025-09-15 02:00:00;NORTE;NORDESTE;-5362.589
2025-09-15 03:00:00;NORTE;NORDESTE;-5263.589
2025-09-15 04:00:00;NORTE;NORDESTE;-5123.202
2025-09-15 05:00:00;NORTE;NORDESTE;-5206.78
2025-09-15 06:00:00;NORTE;NORDESTE;-5938.785
2025-09-15 07:00:00;NORTE;NORDESTE;-5912.198
2025-09-15 08:00:00;NORTE;NORDESTE;-5553.999
2025-09-15 09:00:00;NORTE;NORDESTE;-4939.89
2025-09-15 10:00:00;NORTE;NORDESTE;-4694.15899999
2025-09-15 11:00:00;NORTE;NORDESTE;-4860.017
2025-09-15 12:00:00;NORTE;NORDESTE;-4455.279
2025-09-15 13:00:00;NORTE;NORDESTE;-4339.393
2025-09-15 14:00:00;NORTE;NORDESTE;-4819.7
2025-09-15 15:00:00;NORTE;NORDESTE;-4910.871
2025-09-15 16:00:00;NORTE;NORDESTE;-4815.883
2025-09-15 17:00:00;NORTE;NORDESTE;-4276.358
2025-09-15 18:00:00;NORTE;NORDESTE;-4026.13
2025-09-15 19:00:00;NORTE;NORDESTE;-5070.398
2025-09-15 20:00:00;NORTE;NORDESTE;-4985.613
2025-09-15 21:00:00;NORTE;NORDESTE;-5175.072
2025-09-15 22:00:00;NORTE;NORDESTE;-5184.265
2025-09-15 23:00:00;NORTE;NORDESTE;-5235.99
2025-09-16 00:00:00;NORTE;NORDESTE;-5138.818
2025-09-16 01:00:00;NORTE;NORDESTE;-4868.575
2025-09-16 02:00:00;NORTE;NORDESTE;-4756.789
2025-09-16 03:00:00;NORTE;NORDESTE;-4729.92
2025-09-16 04:00:00;NORTE;NORDESTE;-4618.251
2025-09-16 05:00:00;NORTE;NORDESTE;-4570.32399999
2025-09-16 06:00:00;NORTE;NORDESTE;-5175.982
2025-09-16 07:00:00;NORTE;NORDESTE;-5631.288
2025-09-16 08:00:00;NORTE;NORDESTE;-5579.702
2025-09-16 09:00:00;NORTE;NORDESTE;-5410.04299999
2025-09-16 10:00:00;NORTE;NORDESTE;-4981.586
2025-09-16 11:00:00;NORTE;NORDESTE;-4778.492
2025-09-16 12:00:00;NORTE;NORDESTE;-4595.04299999
2025-09-16 13:00:00;NORTE;NORDESTE;-4813.97099999
2025-09-16 14:00:00;NORTE;NORDESTE;-5050.711
2025-09-16 15:00:00;NORTE;NORDESTE;-4500.439
2025-09-16 16:00:00;NORTE;NORDESTE;-3356.231
2025-09-16 17:00:00;NORTE;NORDESTE;-2228.751
2025-09-16 18:00:00;NORTE;NORDESTE;-2298.195
2025-09-16 19:00:00;NORTE;NORDESTE;-3096.935
2025-09-16 20:00:00;NORTE;NORDESTE;-3740.944
2025-09-16 21:00:00;NORTE;NORDESTE;-3868.124
2025-09-16 22:00:00;NORTE;NORDESTE;-4205.62299999
2025-09-16 23:00:00;NORTE;NORDESTE;-4301.58
2025-09-17 00:00:00;NORTE;NORDESTE;-4290.054
2025-09-17 01:00:00;NORTE;NORDESTE;-4315.269
2025-09-17 02:00:00;NORTE;NORDESTE;-4307.05199999
2025-09-17 03:00:00;NORTE;NORDESTE;-4240.336
2025-09-17 04:00:00;NORTE;NORDESTE;-4107.73499999
2025-09-17 05:00:00;NORTE;NORDESTE;-4138.137
2025-09-17 06:00:00;NORTE;NORDESTE;-4874.776
2025-09-17 07:00:00;NORTE;NORDESTE;-5224.339
2025-09-17 08:00:00;NORTE;NORDESTE;-4984.595
2025-09-17 09:00:00;NORTE;NORDESTE;-4876.87299999
2025-09-17 10:00:00;NORTE;NORDESTE;-4458.437
2025-09-17 11:00:00;NORTE;NORDESTE;-4118.307
2025-09-17 12:00:00;NORTE;NORDESTE;-3446.518
2025-09-17 13:00:00;NORTE;NORDESTE;-3358.045
2025-09-17 14:00:00;NORTE;NORDESTE;-3232.879
2025-09-17 15:00:00;NORTE;NORDESTE;-3148.712
2025-09-17 16:00:00;NORTE;NORDESTE;-2288.466
2025-09-17 17:00:00;NORTE;NORDESTE;-980.018
2025-09-17 18:00:00;NORTE;NORDESTE;-1873.733
2025-09-17 19:00:00;NORTE;NORDESTE;-3390.02
2025-09-17 20:00:00;NORTE;NORDESTE;-4109.488
2025-09-17 21:00:00;NORTE;NORDESTE;-4239.067
2025-09-17 22:00:00;NORTE;NORDESTE;-4268.343
2025-09-17 23:00:00;NORTE;NORDESTE;-4349.722
2025-09-18 00:00:00;NORTE;NORDESTE;-4242.291
2025-09-18 01:00:00;NORTE;NORDESTE;-4030.297
2025-09-18 02:00:00;NORTE;NORDESTE;-3989.28
2025-09-18 03:00:00;NORTE;NORDESTE;-3964.152
2025-09-18 04:00:00;NORTE;NORDESTE;-3890.304
2025-09-18 05:00:00;NORTE;NORDESTE;-4012.638
2025-09-18 06:00:00;NORTE;NORDESTE;-4762.928
2025-09-18 07:00:00;NORTE;NORDESTE;-5170.76599999
2025-09-18 08:00:00;NORTE;NORDESTE;-5039.589
2025-09-18 09:00:00;NORTE;NORDESTE;-4780.983
2025-09-18 10:00:00;NORTE;NORDESTE;-4436.111
2025-09-18 11:00:00;NORTE;NORDESTE;-4113.78399999
2025-09-18 12:00:00;NORTE;NORDESTE;-3843.461
2025-09-18 13:00:00;NORTE;NORDESTE;-4652.727
2025-09-18 14:00:00;NORTE;NORDESTE;-5125.09
2025-09-18 15:00:00;NORTE;NORDESTE;-4595.401
2025-09-18 16:00:00;NORTE;NORDESTE;-3491.369
2025-09-18 17:00:00;NORTE;NORDESTE;-2478.99699999
2025-09-18 18:00:00;NORTE;NORDESTE;-2305.581
2025-09-18 19:00:00;NORTE;NORDESTE;-3494.989
2025-09-18 20:00:00;NORTE;NORDESTE;-4228.184
2025-09-18 21:00:00;NORTE;NORDESTE;-4455.799
2025-09-18 22:00:00;NORTE;NORDESTE;-4046.3
2025-09-18 23:00:00;NORTE;NORDESTE;-4211.694
2025-09-19 00:00:00;NORTE;NORDESTE;-4488.326
2025-09-19 01:00:00;NORTE;NORDESTE;-4356.479
2025-09-19 02:00:00;NORTE;NORDESTE;-4349.941
2025-09-19 03:00:00;NORTE;NORDESTE;-4733.755
2025-09-19 04:00:00;NORTE;NORDESTE;-4727.344
2025-09-19 05:00:00;NORTE;NORDESTE;-4739.946
2025-09-19 06:00:00;NORTE;NORDESTE;-5142.13199999
2025-09-19 07:00:00;NORTE;NORDESTE;-5896.483
2025-09-19 08:00:00;NORTE;NORDESTE;-5201.938
2025-09-19 09:00:00;NORTE;NORDESTE;-5143.904
2025-09-19 10:00:00;NORTE;NORDESTE;-5320.515
2025-09-19 11:00:00;NORTE;NORDESTE;-5239.568
2025-09-19 12:00:00;NORTE;NORDESTE;-5049.336
2025-09-19 13:00:00;NORTE;NORDESTE;-4874.122
2025-09-19 14:00:00;NORTE;NORDESTE;-4540.89
2025-09-19 15:00:00;NORTE;NORDESTE;-4347.59199999
2025-09-19 16:00:00;NORTE;NORDESTE;-3954.97
2025-09-19 17:00:00;NORTE;NORDESTE;-2683.65
2025-09-19 18:00:00;NORTE;NORDESTE;-2669.668
2025-09-19 19:00:00;NORTE;NORDESTE;-4049.372
2025-09-19 20:00:00;NORTE;NORDESTE;-4704.692
2025-09-19 21:00:00;NORTE;NORDESTE;-4767.38199999
2025-09-19 22:00:00;NORTE;NORDESTE;-4914.35
2025-09-19 23:00:00;NORTE;NORDESTE;-4917.28799999
2025-09-20 00:00:00;NORTE;NORDESTE;-4993.183
2025-09-20 01:00:00;NORTE;NORDESTE;-4990.984
2025-09-20 02:00:00;NORTE;NORDESTE;-4892.93099999
2025-09-20 03:00:00;NORTE;NORDESTE;-4809.939
2025-09-20 04:00:00;NORTE;NORDESTE;-4699.085
2025-09-20 05:00:00;NORTE;NORDESTE;-4895.665
2025-09-20 06:00:00;NORTE;NORDESTE;-5180.242
2025-09-20 07:00:00;NORTE;NORDESTE;-5050.55199999
2025-09-20 08:00:00;NORTE;NORDESTE;-4635.367
2025-09-20 09:00:00;NORTE;NORDESTE;-3801.738
2025-09-20 10:00:00;NORTE;NORDESTE;-2985.4
2025-09-20 11:00:00;NORTE;NORDESTE;-2864.88
2025-09-20 12:00:00;NORTE;NORDESTE;-2932.278
2025-09-20 13:00:00;NORTE;NORDESTE;-3358.607
2025-09-20 14:00:00;NORTE;NORDESTE;-3630.0
2025-09-20 15:00:00;NORTE;NORDESTE;-4515.013
2025-09-20 16:00:00;NORTE;NORDESTE;-3820.279
2025-09-20 17:00:00;NORTE;NORDESTE;-2599.141
2025-09-20 18:00:00;NORTE;NORDESTE;-2559.079
2025-09-20 19:00:00;NORTE;NORDESTE;-4228.009
2025-09-20 20:00:00;NORTE;NORDESTE;-5125.018
2025-09-20 21:00:00;NORTE;NORDESTE;-5068.234
2025-09-20 22:00:00;NORTE;NORDESTE;-5217.66
2025-09-20 23:00:00;NORTE;NORDESTE;-5129.367
2025-09-21 00:00:00;NORTE;NORDESTE;-5134.776
2025-09-21 01:00:00;NORTE;NORDESTE;-5080.073
2025-09-21 02:00:00;NORTE;NORDESTE;-4971.40899999
2025-09-21 03:00:00;NORTE;NORDESTE;-4827.189
2025-09-21 04:00:00;NORTE;NORDESTE;-4721.80199999
2025-09-21 05:00:00;NORTE;NORDESTE;-4697.57399999
2025-09-21 06:00:00;NORTE;NORDESTE;-4590.645
2025-09-21 07:00:00;NORTE;NORDESTE;-4988.79
2025-09-21 08:00:00;NORTE;NORDESTE;-3922.916
2025-09-21 09:00:00;NORTE;NORDESTE;-2462.906
2025-09-21 10:00:00;NORTE;NORDESTE;-2035.23
2025-09-21 11:00:00;NORTE;NORDESTE;-2051.291
2025-09-21 12:00:00;NORTE;NORDESTE;-2087.312
2025-09-21 13:00:00;NORTE;NORDESTE;-2418.539
2025-09-21 14:00:00;NORTE;NORDESTE;-3443.594
2025-09-21 15:00:00;NORTE;NORDESTE;-3664.774
2025-09-21 16:00:00;NORTE;NORDESTE;-3198.791
2025-09-21 17:00:00;NORTE;NORDESTE;-2166.228
2025-09-21 18:00:00;NORTE;NORDESTE;-2412.84299999
2025-09-21 19:00:00;NORTE;NORDESTE;-4263.893
2025-09-21 20:00:00;NORTE;NORDESTE;-4683.58299999
2025-09-21 21:00:00;NORTE;NORDESTE;-4712.566
2025-09-21 22:00:00;NORTE;NORDESTE;-4650.06
2025-09-21 23:00:00;NORTE;NORDESTE;-4865.224
2025-09-22 00:00:00;NORTE;NORDESTE;-4878.00699999
2025-09-22 01:00:00;NORTE;NORDESTE;-4820.392
2025-09-22 02:00:00;NORTE;NORDESTE;-4803.822
2025-09-22 03:00:00;NORTE;NORDESTE;-4750.398
2025-09-22 04:00:00;NORTE;NORDESTE;-4597.349
2025-09-22 05:00:00;NORTE;NORDESTE;-4599.135
2025-09-22 06:00:00;NORTE;NORDESTE;-4395.961
2025-09-22 07:00:00;NORTE;NORDESTE;-4491.118
2025-09-22 08:00:00;NORTE;NORDESTE;-5322.17199999
2025-09-22 09:00:00;NORTE;NORDESTE;-5188.009
2025-09-22 10:00:00;NORTE;NORDESTE;-5122.577
2025-09-22 11:00:00;NORTE;NORDESTE;-4902.539
2025-09-22 12:00:00;NORTE;NORDESTE;-4878.182
2025-09-22 13:00:00;NORTE;NORDESTE;-4995.153
2025-09-22 14:00:00;NORTE;NORDESTE;-4837.433
2025-09-22 15:00:00;NORTE;NORDESTE;-4017.815
2025-09-22 16:00:00;NORTE;NORDESTE;-2439.66
2025-09-22 17:00:00;NORTE;NORDESTE;-1489.116
2025-09-22 18:00:00;NORTE;NORDESTE;-2074.36
2025-09-22 19:00:00;NORTE;NORDESTE;-2728.126
2025-09-22 20:00:00;NORTE;NORDESTE;-3753.74
2025-09-22 21:00:00;NORTE;NORDESTE;-4339.97599999
2025-09-22 22:00:00;NORTE;NORDESTE;-4228.067
2025-09-22 23:00:00;NORTE;NORDESTE;-4161.087
2025-09-23 00:00:00;NORTE;NORDESTE;-4036.502
2025-09-23 01:00:00;NORTE;NORDESTE;-3776.849
2025-09-23 02:00:00;NORTE;NORDESTE;-3756.223
2025-09-23 03:00:00;NORTE;NORDESTE;-3673.48
2025-09-23 04:00:00;NORTE;NORDESTE;-3686.058
2025-09-23 05:00:00;NORTE;NORDESTE;-3949.124
2025-09-23 06:00:00;NORTE;NORDESTE;-4433.849
2025-09-23 07:00:00;NORTE;NORDESTE;-4451.695
2025-09-23 08:00:00;NORTE;NORDESTE;-4656.036
2025-09-23 09:00:00;NORTE;NORDESTE;-4221.907
2025-09-23 10:00:00;NORTE;NORDESTE;-3733.33
2025-09-23 11:00:00;NORTE;NORDESTE;-3509.465
2025-09-23 12:00:00;NORTE;NORDESTE;-3266.578
2025-09-23 13:00:00;NORTE;NORDESTE;-3603.671
2025-09-23 14:00:00;NORTE;NORDESTE;-3950.944
2025-09-23 15:00:00;NORTE;NORDESTE;-4433.984
2025-09-23 16:00:00;NORTE;NORDESTE;-4647.874
2025-09-23 17:00:00;NORTE;NORDESTE;-4157.655
2025-09-23 18:00:00;NORTE;NORDESTE;-3887.057
2025-09-23 19:00:00;NORTE;NORDESTE;-4390.16299999
2025-09-23 20:00:00;NORTE;NORDESTE;-4847.916
2025-09-23 21:00:00;NORTE;NORDESTE;-5093.725
2025-09-23 22:00:00;NORTE;NORDESTE;-5394.826
2025-09-23 23:00:00;NORTE;NORDESTE;-5288.164
2025-09-24 00:00:00;NORTE;NORDESTE;-5017.896
2025-09-24 01:00:00;NORTE;NORDESTE;-4869.06499999
2025-09-24 02:00:00;NORTE;NORDESTE;-4786.14
2025-09-24 03:00:00;NORTE;NORDESTE;-4514.07
2025-09-24 04:00:00;NORTE;NORDESTE;-4275.995
2025-09-24 05:00:00;NORTE;NORDESTE;-4356.247
2025-09-24 06:00:00;NORTE;NORDESTE;-5065.505
2025-09-24 07:00:00;NORTE;NORDESTE;-5299.59
2025-09-24 08:00:00;NORTE;NORDESTE;-5146.106
2025-09-24 09:00:00;NORTE;NORDESTE;-4834.862
2025-09-24 10:00:00;NORTE;NORDESTE;-4460.384
2025-09-24 11:00:00;NORTE;NORDESTE;-4356.307
2025-09-24 12:00:00;NORTE;NORDESTE;-3928.146
2025-09-24 13:00:00;NORTE;NORDESTE;-4173.968
2025-09-24 14:00:00;NORTE;NORDESTE;-4362.87
2025-09-24 15:00:00;NORTE;NORDESTE;-4837.852
2025-09-24 16:00:00;NORTE;NORDESTE;-4605.24
2025-09-24 17:00:00;NORTE;NORDESTE;-4360.134
2025-09-24 18:00:00;NORTE;NORDESTE;-4387.53399999
2025-09-24 19:00:00;NORTE;NORDESTE;-5081.102
2025-09-24 20:00:00;NORTE;NORDESTE;-5012.503
2025-09-24 21:00:00;NORTE;NORDESTE;-5025.776
2025-09-24 22:00:00;NORTE;NORDESTE;-5182.161
2025-09-24 23:00:00;NORTE;NORDESTE;-5281.979
2025-09-25 00:00:00;NORTE;NORDESTE;-4949.272
2025-09-25 01:00:00;NORTE;NORDESTE;-4927.973
2025-09-25 02:00:00;NORTE;NORDESTE;-4774.924
2025-09-25 03:00:00;NORTE;NORDESTE;-4516.05199999
2025-09-25 04:00:00;NORTE;NORDESTE;-4466.411
2025-09-25 05:00:00;NORTE;NORDESTE;-4548.785
2025-09-25 06:00:00;NORTE;NORDESTE;-5209.57399999
2025-09-25 07:00:00;NORTE;NORDESTE;-5561.437
2025-09-25 08:00:00;NORTE;NORDESTE;-5466.48899999
2025-09-25 09:00:00;NORTE;NORDESTE;-5015.698
2025-09-25 10:00:00;NORTE;NORDESTE;-4555.595
2025-09-25 11:00:00;NORTE;NORDESTE;-4470.502
2025-09-25 12:00:00;NORTE;NORDESTE;-4084.08
2025-09-25 13:00:00;NORTE;NORDESTE;-4333.063
2025-09-25 14:00:00;NORTE;NORDESTE;-4585.00699999
2025-09-25 15:00:00;NORTE;NORDESTE;-4798.83
2025-09-25 16:00:00;NORTE;NORDESTE;-4419.464
2025-09-25 17:00:00;NORTE;NORDESTE;-4039.38
2025-09-25 18:00:00;NORTE;NORDESTE;-3414.107
2025-09-25 19:00:00;NORTE;NORDESTE;-4244.155
2025-09-25 20:00:00;NORTE;NORDESTE;-4759.57
2025-09-25 21:00:00;NORTE;NORDESTE;-4800.265
2025-09-25 22:00:00;NORTE;NORDESTE;-4542.877
2025-09-25 23:00:00;NORTE;NORDESTE;-4599.464
2025-09-26 00:00:00;NORTE;NORDESTE;-4539.032
2025-09-26 01:00:00;NORTE;NORDESTE;-4438.591
2025-09-26 02:00:00;NORTE;NORDESTE;-4540.148
2025-09-26 03:00:00;NORTE;NORDESTE;-4503.044
2025-09-26 04:00:00;NORTE;NORDESTE;-4624.603
2025-09-26 05:00:00;NORTE;NORDESTE;-4767.146
2025-09-26 06:00:00;NORTE;NORDESTE;-5462.175
2025-09-26 07:00:00;NORTE;NORDESTE;-5478.595
2025-09-26 08:00:00;NORTE;NORDESTE;-4930.03799999
2025-09-26 09:00:00;NORTE;NORDESTE;-3888.186
2025-09-26 10:00:00;NORTE;NORDESTE;-3295.297
2025-09-26 11:00:00;NORTE;NORDESTE;-3113.376
2025-09-26 12:00:00;NORTE;NORDESTE;-2879.766
2025-09-26 13:00:00;NORTE;NORDESTE;-3207.902
2025-09-26 14:00:00;NORTE;NORDESTE;-3853.306
2025-09-26 15:00:00;NORTE;NORDESTE;-4090.615
2025-09-26 16:00:00;NORTE;NORDESTE;-3687.761
2025-09-26 17:00:00;NORTE;NORDESTE;-3407.096
2025-09-26 18:00:00;NORTE;NORDESTE;-3456.321
2025-09-26 19:00:00;NORTE;NORDESTE;-4245.054
2025-09-26 20:00:00;NORTE;NORDESTE;-4702.939
2025-09-26 21:00:00;NORTE;NORDESTE;-4783.298
2025-09-26 22:00:00;NORTE;NORDESTE;-4937.271
2025-09-26 23:00:00;NORTE;NORDESTE;-4918.649
2025-09-27 00:00:00;NORTE;NORDESTE;-4942.737
2025-09-27 01:00:00;NORTE;NORDESTE;-5063.655
2025-09-27 02:00:00;NORTE;NORDESTE;-5167.404
2025-09-27 03:00:00;NORTE;NORDESTE;-5185.223
2025-09-27 04:00:00;NORTE;NORDESTE;-4966.348
2025-09-27 05:00:00;NORTE;NORDESTE;-4468.69899999
2025-09-27 06:00:00;NORTE;NORDESTE;-4610.134
2025-09-27 07:00:00;NORTE;NORDESTE;-4278.193
2025-09-27 08:00:00;NORTE;NORDESTE;-3480.774
2025-09-27 09:00:00;NORTE;NORDESTE;-2711.491
2025-09-27 10:00:00;NORTE;NORDESTE;-2437.094
2025-09-27 11:00:00;NORTE;NORDESTE;-2320.664
2025-09-27 12:00:00;NORTE;NORDESTE;-2371.505
2025-09-27 13:00:00;NORTE;NORDESTE;-2627.227
2025-09-27 14:00:00;NORTE;NORDESTE;-3052.567
2025-09-27 15:00:00;NORTE;NORDESTE;-4118.13199999
2025-09-27 16:00:00;NORTE;NORDESTE;-4504.31099999
2025-09-27 17:00:00;NORTE;NORDESTE;-3720.249
2025-09-27 18:00:00;NORTE;NORDESTE;-3555.613
2025-09-27 19:00:00;NORTE;NORDESTE;-4333.47599999
2025-09-27 20:00:00;NORTE;NORDESTE;-4638.639
2025-09-27 21:00:00;NORTE;NORDESTE;-4530.00699999
2025-09-27 22:00:00;NORTE;NORDESTE;-4569.298
2025-09-27 23:00:00;NORTE;NORDESTE;-4608.916
2025-09-28 00:00:00;NORTE;NORDESTE;-4728.629
2025-09-28 01:00:00;NORTE;NORDESTE;-4764.401
2025-09-28 02:00:00;NORTE;NORDESTE;-4777.357
2025-09-28 03:00:00;NORTE;NORDESTE;-4776.47999999
2025-09-28 04:00:00;NORTE;NORDESTE;-4684.551
2025-09-28 05:00:00;NORTE;NORDESTE;-4570.67
2025-09-28 06:00:00;NORTE;NORDESTE;-4537.756
2025-09-28 07:00:00;NORTE;NORDESTE;-3682.659
2025-09-28 08:00:00;NORTE;NORDESTE;-2758.379
2025-09-28 09:00:00;NORTE;NORDESTE;-2162.902
2025-09-28 10:00:00;NORTE;NORDESTE;-1830.7
2025-09-28 11:00:00;NORTE;NORDESTE;-1977.662
2025-09-28 12:00:00;NORTE;NORDESTE;-1823.063
2025-09-28 13:00:00;NORTE;NORDESTE;-1980.185
2025-09-28 14:00:00;NORTE;NORDESTE;-2038.601
2025-09-28 15:00:00;NORTE;NORDESTE;-2660.739
2025-09-28 16:00:00;NORTE;NORDESTE;-3472.949
2025-09-28 17:00:00;NORTE;NORDESTE;-3859.937
2025-09-28 18:00:00;NORTE;NORDESTE;-3164.571
2025-09-28 19:00:00;NORTE;NORDESTE;-3978.662
2025-09-28 20:00:00;NORTE;NORDESTE;-4242.697
2025-09-28 21:00:00;NORTE;NORDESTE;-4255.894
2025-09-28 22:00:00;NORTE;NORDESTE;-4238.887
2025-09-28 23:00:00;NORTE;NORDESTE;-4496.307
2025-09-29 00:00:00;NORTE;NORDESTE;-4632.02499999
2025-09-29 01:00:00;NORTE;NORDESTE;-4844.058
2025-09-29 02:00:00;NORTE;NORDESTE;-4877.075
2025-09-29 03:00:00;NORTE;NORDESTE;-4897.192
2025-09-29 04:00:00;NORTE;NORDESTE;-4813.277
2025-09-29 05:00:00;NORTE;NORDESTE;-4953.249
2025-09-29 06:00:00;NORTE;NORDESTE;-5002.129
2025-09-29 07:00:00;NORTE;NORDESTE;-5080.41299999
2025-09-29 08:00:00;NORTE;NORDESTE;-5257.495
2025-09-29 09:00:00;NORTE;NORDESTE;-4984.405
2025-09-29 10:00:00;NORTE;NORDESTE;-4634.524
2025-09-29 11:00:00;NORTE;NORDESTE;-4496.348
2025-09-29 12:00:00;NORTE;NORDESTE;-4224.335
2025-09-29 13:00:00;NORTE;NORDESTE;-4493.225
2025-09-29 14:00:00;NORTE;NORDESTE;-5100.676
2025-09-29 15:00:00;NORTE;NORDESTE;-5241.492
2025-09-29 16:00:00;NORTE;NORDESTE;-4145.201
2025-09-29 17:00:00;NORTE;NORDESTE;-2522.712
2025-09-29 18:00:00;NORTE;NORDESTE;-2330.387
2025-09-29 19:00:00;NORTE;NORDESTE;-3262.291
2025-09-29 20:00:00;NORTE;NORDESTE;-3702.098
2025-09-29 21:00:00;NORTE;NORDESTE;-3775.282
2025-09-29 22:00:00;NORTE;NORDESTE;-4040.14
2025-09-29 23:00:00;NORTE;NORDESTE;-4187.354
2025-09-30 00:00:00;NORTE;NORDESTE;-4150.533
2025-09-30 01:00:00;NORTE;NORDESTE;-4481.053
2025-09-30 02:00:00;NORTE;NORDESTE;-4399.956
2025-09-30 03:00:00;NORTE;NORDESTE;-4299.218
2025-09-30 04:00:00;NORTE;NORDESTE;-4316.434
2025-09-30 05:00:00;NORTE;NORDESTE;-4374.662
2025-09-30 06:00:00;NORTE;NORDESTE;-4198.774
2025-09-30 07:00:00;NORTE;NORDESTE;-3778.49
2025-09-30 08:00:00;NORTE;NORDESTE;-4123.807
2025-09-30 09:00:00;NORTE;NORDESTE;-4332.568
2025-09-30 10:00:00;NORTE;NORDESTE;-4378.425
2025-09-30 11:00:00;NORTE;NORDESTE;-4436.29699999
2025-09-30 12:00:00;NORTE;NORDESTE;-4330.028
2025-09-30 13:00:00;NORTE;NORDESTE;-4622.56
2025-09-30 14:00:00;NORTE;NORDESTE;-4636.05199999
2025-09-30 15:00:00;NORTE;NORDESTE;-4537.588
2025-09-30 16:00:00;NORTE;NORDESTE;-3977.202
2025-09-30 17:00:00;NORTE;NORDESTE;-3390.92
2025-09-30 18:00:00;NORTE;NORDESTE;-3183.773
2025-09-30 19:00:00;NORTE;NORDESTE;-4239.201
2025-09-30 20:00:00;NORTE;NORDESTE;-4870.537
2025-09-30 21:00:00;NORTE;NORDESTE;-4976.02
2025-09-30 22:00:00;NORTE;NORDESTE;-4915.45799999
2025-09-30 23:00:00;NORTE;NORDESTE;-4603.792
2025-10-01 00:00:00;NORTE;NORDESTE;-4434.83299999
2025-10-01 01:00:00;NORTE;NORDESTE;-4741.378
2025-10-01 02:00:00;NORTE;NORDESTE;-4817.38199999
2025-10-01 03:00:00;NORTE;NORDESTE;-4892.515
2025-10-01 04:00:00;NORTE;NORDESTE;-4780.937
2025-10-01 05:00:00;NORTE;NORDESTE;-4701.609
2025-10-01 06:00:00;NORTE;NORDESTE;-4431.3
2025-10-01 07:00:00;NORTE;NORDESTE;-4390.933
2025-10-01 08:00:00;NORTE;NORDESTE;-4459.11399999
2025-10-01 09:00:00;NORTE;NORDESTE;-4309.566
2025-10-01 10:00:00;NORTE;NORDESTE;-4247.64999999
2025-10-01 11:00:00;NORTE;NORDESTE;-4325.20799999
2025-10-01 12:00:00;NORTE;NORDESTE;-4120.684
2025-10-01 13:00:00;NORTE;NORDESTE;-4750.865
2025-10-01 14:00:00;NORTE;NORDESTE;-5493.79299999
2025-10-01 15:00:00;NORTE;NORDESTE;-5181.215
2025-10-01 16:00:00;NORTE;NORDESTE;-4281.08
2025-10-01 17:00:00;NORTE;NORDESTE;-3137.818
2025-10-01 18:00:00;NORTE;NORDESTE;-3354.971
2025-10-01 19:00:00;NORTE;NORDESTE;-3957.162
2025-10-01 20:00:00;NORTE;NORDESTE;-4792.252
2025-10-01 21:00:00;NORTE;NORDESTE;-4677.459
2025-10-01 22:00:00;NORTE;NORDESTE;-5076.28399999
2025-10-01 23:00:00;NORTE;NORDESTE;-4584.875
2025-10-02 00:00:00;NORTE;NORDESTE;-4388.732
2025-10-02 01:00:00;NORTE;NORDESTE;-4559.484
2025-10-02 02:00:00;NORTE;NORDESTE;-4594.852
2025-10-02 03:00:00;NORTE;NORDESTE;-4553.051
2025-10-02 04:00:00;NORTE;NORDESTE;-4756.323
2025-10-02 05:00:00;NORTE;NORDESTE;-4237.393
2025-10-02 06:00:00;NORTE;NORDESTE;-4222.817
2025-10-02 07:00:00;NORTE;NORDESTE;-4261.35099999
2025-10-02 08:00:00;NORTE;NORDESTE;-4117.99799999
2025-10-02 09:00:00;NORTE;NORDESTE;-4001.043
2025-10-02 10:00:00;NORTE;NORDESTE;-3933.703
2025-10-02 11:00:00;NORTE;NORDESTE;-4144.195
2025-10-02 12:00:00;NORTE;NORDESTE;-4383.328
2025-10-02 13:00:00;NORTE;NORDESTE;-4734.442
2025-10-02 14:00:00;NORTE;NORDESTE;-4966.831
2025-10-02 15:00:00;NORTE;NORDESTE;-4726.43999999
2025-10-02 16:00:00;NORTE;NORDESTE;-3771.108
2025-10-02 17:00:00;NORTE;NORDESTE;-2531.914
2025-10-02 18:00:00;NORTE;NORDESTE;-2453.346
2025-10-02 19:00:00;NORTE;NORDESTE;-4465.227
2025-10-02 20:00:00;NORTE;NORDESTE;-5058.03399999
2025-10-02 21:00:00;NORTE;NORDESTE;-5143.777
2025-10-02 22:00:00;NORTE;NORDESTE;-5255.084
2025-10-02 23:00:00;NORTE;NORDESTE;-5335.64999999
2025-10-03 00:00:00;NORTE;NORDESTE;-5385.70799999
2025-10-03 01:00:00;NORTE;NORDESTE;-5081.258
2025-10-03 02:00:00;NORTE;NORDESTE;-5215.135
2025-10-03 03:00:00;NORTE;NORDESTE;-5213.8
2025-10-03 04:00:00;NORTE;NORDESTE;-5282.765
2025-10-03 05:00:00;NORTE;NORDESTE;-5391.344
2025-10-03 06:00:00;NORTE;NORDESTE;-5226.08
2025-10-03 07:00:00;NORTE;NORDESTE;-4914.115
2025-10-03 08:00:00;NORTE;NORDESTE;-4733.652
2025-10-03 09:00:00;NORTE;NORDESTE;-4788.59599999
2025-10-03 10:00:00;NORTE;NORDESTE;-4716.229
2025-10-03 11:00:00;NORTE;NORDESTE;-4806.74799999
2025-10-03 12:00:00;NORTE;NORDESTE;-4808.339
2025-10-03 13:00:00;NORTE;NORDESTE;-5082.339
2025-10-03 14:00:00;NORTE;NORDESTE;-5042.021
2025-10-03 15:00:00;NORTE;NORDESTE;-5426.794
2025-10-03 16:00:00;NORTE;NORDESTE;-5121.10499999
2025-10-03 17:00:00;NORTE;NORDESTE;-4987.287
2025-10-03 18:00:00;NORTE;NORDESTE;-4838.92
2025-10-03 19:00:00;NORTE;NORDESTE;-5429.683
2025-10-03 20:00:00;NORTE;NORDESTE;-5763.959
2025-10-03 21:00:00;NORTE;NORDESTE;-5741.885
2025-10-03 22:00:00;NORTE;NORDESTE;-5729.144
2025-10-03 23:00:00;NORTE;NORDESTE;-6267.104
2025-10-04 00:00:00;NORTE;NORDESTE;-6242.569
2025-10-04 01:00:00;NORTE;NORDESTE;-6323.8
2025-10-04 02:00:00;NORTE;NORDESTE;-6328.584
2025-10-04 03:00:00;NORTE;NORDESTE;-6253.28
2025-10-04 04:00:00;NORTE;NORDESTE;-6208.943
2025-10-04 05:00:00;NORTE;NORDESTE;-6331.553
2025-10-04 06:00:00;NORTE;NORDESTE;-5952.201
2025-10-04 07:00:00;NORTE;NORDESTE;-5680.023
2025-10-04 08:00:00;NORTE;NORDESTE;-5152.945
2025-10-04 09:00:00;NORTE;NORDESTE;-4436.317
2025-10-04 10:00:00;NORTE;NORDESTE;-3927.649
2025-10-04 11:00:00;NORTE;NORDESTE;-3782.194
2025-10-04 12:00:00;NORTE;NORDESTE;-3775.795
2025-10-04 13:00:00;NORTE;NORDESTE;-4478.519
2025-10-04 14:00:00;NORTE;NORDESTE;-4963.212
2025-10-04 15:00:00;NORTE;NORDESTE;-5033.203
2025-10-04 16:00:00;NORTE;NORDESTE;-4802.135
2025-10-04 17:00:00;NORTE;NORDESTE;-4659.444
2025-10-04 18:00:00;NORTE;NORDESTE;-4650.674
2025-10-04 19:00:00;NORTE;NORDESTE;-5112.512
2025-10-04 20:00:00;NORTE;NORDESTE;-5645.201
2025-10-04 21:00:00;NORTE;NORDESTE;-5861.357
2025-10-04 22:00:00;NORTE;NORDESTE;-5938.369
2025-10-04 23:00:00;NORTE;NORDESTE;-6111.931
2025-10-05 00:00:00;NORTE;NORDESTE;-6022.507
2025-10-05 01:00:00;NORTE;NORDESTE;-6026.349
2025-10-05 02:00:00;NORTE;NORDESTE;-6008.798
2025-10-05 03:00:00;NORTE;NORDESTE;-5811.022
2025-10-05 04:00:00;NORTE;NORDESTE;-5645.915
2025-10-05 05:00:00;NORTE;NORDESTE;-5870.731
2025-10-05 06:00:00;NORTE;NORDESTE;-5742.344
2025-10-05 07:00:00;NORTE;NORDESTE;-4672.932
2025-10-05 08:00:00;NORTE;NORDESTE;-3632.58
2025-10-05 09:00:00;NORTE;NORDESTE;-2681.184
2025-10-05 10:00:00;NORTE;NORDESTE;-2056.945
2025-10-05 11:00:00;NORTE;NORDESTE;-2134.81599999
2025-10-05 12:00:00;NORTE;NORDESTE;-2221.101
2025-10-05 13:00:00;NORTE;NORDESTE;-2474.89
2025-10-05 14:00:00;NORTE;NORDESTE;-3225.802
2025-10-05 15:00:00;NORTE;NORDESTE;-4090.165
2025-10-05 16:00:00;NORTE;NORDESTE;-4764.97999999
2025-10-05 17:00:00;NORTE;NORDESTE;-5109.358
2025-10-05 18:00:00;NORTE;NORDESTE;-4289.832
2025-10-05 19:00:00;NORTE;NORDESTE;-4354.711
2025-10-05 20:00:00;NORTE;NORDESTE;-4653.381
2025-10-05 21:00:00;NORTE;NORDESTE;-4760.54299999
2025-10-05 22:00:00;NORTE;NORDESTE;-4996.164
2025-10-05 23:00:00;NORTE;NORDESTE;-5594.331
2025-10-06 00:00:00;NORTE;NORDESTE;-5547.649
2025-10-06 01:00:00;NORTE;NORDESTE;-5559.896
2025-10-06 02:00:00;NORTE;NORDESTE;-5582.11
2025-10-06 03:00:00;NORTE;NORDESTE;-5567.463
2025-10-06 04:00:00;NORTE;NORDESTE;-5487.753
2025-10-06 05:00:00;NORTE;NORDESTE;-5588.919
2025-10-06 06:00:00;NORTE;NORDESTE;-5844.422
2025-10-06 07:00:00;NORTE;NORDESTE;-5583.508
2025-10-06 08:00:00;NORTE;NORDESTE;-5326.357
2025-10-06 09:00:00;NORTE;NORDESTE;-5267.361
2025-10-06 10:00:00;NORTE;NORDESTE;-4945.85
2025-10-06 11:00:00;NORTE;NORDESTE;-4732.357
2025-10-06 12:00:00;NORTE;NORDESTE;-4667.89999999
2025-10-06 13:00:00;NORTE;NORDESTE;-4942.254
2025-10-06 14:00:00;NORTE;NORDESTE;-5277.532
2025-10-06 15:00:00;NORTE;NORDESTE;-5277.665
2025-10-06 16:00:00;NORTE;NORDESTE;-4352.259
2025-10-06 17:00:00;NORTE;NORDESTE;-3312.801
2025-10-06 18:00:00;NORTE;NORDESTE;-3307.152
2025-10-06 19:00:00;NORTE;NORDESTE;-4518.479
2025-10-06 20:00:00;NORTE;NORDESTE;-4683.656
2025-10-06 21:00:00;NORTE;NORDESTE;-4523.714
2025-10-06 22:00:00;NORTE;NORDESTE;-4336.541
2025-10-06 23:00:00;NORTE;NORDESTE;-4317.669
2025-10-07 00:00:00;NORTE;NORDESTE;-4215.77
2025-10-07 01:00:00;NORTE;NORDESTE;-4800.236
2025-10-07 02:00:00;NORTE;NORDESTE;-5278.493
2025-10-07 03:00:00;NORTE;NORDESTE;-5264.05199999
2025-10-07 04:00:00;NORTE;NORDESTE;-5014.299
2025-10-07 05:00:00;NORTE;NORDESTE;-4874.635
2025-10-07 06:00:00;NORTE;NORDESTE;-5093.484
2025-10-07 07:00:00;NORTE;NORDESTE;-4460.533
2025-10-07 08:00:00;NORTE;NORDESTE;-4727.652
2025-10-07 09:00:00;NORTE;NORDESTE;-4980.29
2025-10-07 10:00:00;NORTE;NORDESTE;-5173.804
2025-10-07 11:00:00;NORTE;NORDESTE;-5010.881
2025-10-07 12:00:00;NORTE;NORDESTE;-5075.716
2025-10-07 13:00:00;NORTE;NORDESTE;-5092.822
2025-10-07 14:00:00;NORTE;NORDESTE;-4908.192
2025-10-07 15:00:00;NORTE;NORDESTE;-4916.826
2025-10-07 16:00:00;NORTE;NORDESTE;-3643.486
2025-10-07 17:00:00;NORTE;NORDESTE;-3078.276
2025-10-07 18:00:00;NORTE;NORDESTE;-3797.939
2025-10-07 19:00:00;NORTE;NORDESTE;-5232.91799999
2025-10-07 20:00:00;NORTE;NORDESTE;-5302.828
2025-10-07 21:00:00;NORTE;NORDESTE;-5544.388
2025-10-07 22:00:00;NORTE;NORDESTE;-5959.743
2025-10-07 23:00:00;NORTE;NORDESTE;-5810.965
2025-10-08 00:00:00;NORTE;NORDESTE;-5784.054
2025-10-08 01:00:00;NORTE;NORDESTE;-5839.995
2025-10-08 02:00:00;NORTE;NORDESTE;-5786.548
2025-10-08 03:00:00;NORTE;NORDESTE;-5774.816
2025-10-08 04:00:00;NORTE;NORDESTE;-5636.481
2025-10-08 05:00:00;NORTE;NORDESTE;-5402.98899999
2025-10-08 06:00:00;NORTE;NORDESTE;-4920.135
2025-10-08 07:00:00;NORTE;NORDESTE;-5259.51
2025-10-08 08:00:00;NORTE;NORDESTE;-5547.188
2025-10-08 09:00:00;NORTE;NORDESTE;-5444.986
2025-10-08 10:00:00;NORTE;NORDESTE;-5305.183
2025-10-08 11:00:00;NORTE;NORDESTE;-5333.48899999
2025-10-08 12:00:00;NORTE;NORDESTE;-5238.5
2025-10-08 13:00:00;NORTE;NORDESTE;-5382.983
2025-10-08 14:00:00;NORTE;NORDESTE;-5265.05599999
2025-10-08 15:00:00;NORTE;NORDESTE;-5469.352
2025-10-08 16:00:00;NORTE;NORDESTE;-4882.776
2025-10-08 17:00:00;NORTE;NORDESTE;-3933.187
2025-10-08 18:00:00;NORTE;NORDESTE;-3932.899
2025-10-08 19:00:00;NORTE;NORDESTE;-4840.251
2025-10-08 20:00:00;NORTE;NORDESTE;-5245.38199999
2025-10-08 21:00:00;NORTE;NORDESTE;-4894.62299999
2025-10-08 22:00:00;NORTE;NORDESTE;-4824.321
2025-10-08 23:00:00;NORTE;NORDESTE;-4893.033
2025-10-09 00:00:00;NORTE;NORDESTE;-4966.969
2025-10-09 01:00:00;NORTE;NORDESTE;-5117.357
2025-10-09 02:00:00;NORTE;NORDESTE;-5127.566
2025-10-09 03:00:00;NORTE;NORDESTE;-5051.35999999
2025-10-09 04:00:00;NORTE;NORDESTE;-4900.18
2025-10-09 05:00:00;NORTE;NORDESTE;-5101.454
2025-10-09 06:00:00;NORTE;NORDESTE;-5519.475
2025-10-09 07:00:00;NORTE;NORDESTE;-5397.734
2025-10-09 08:00:00;NORTE;NORDESTE;-5256.553
2025-10-09 09:00:00;NORTE;NORDESTE;-5434.433
2025-10-09 10:00:00;NORTE;NORDESTE;-5286.029
2025-10-09 11:00:00;NORTE;NORDESTE;-5143.398
2025-10-09 12:00:00;NORTE;NORDESTE;-4995.24799999
2025-10-09 13:00:00;NORTE;NORDESTE;-5543.035
2025-10-09 14:00:00;NORTE;NORDESTE;-5627.857
2025-10-09 15:00:00;NORTE;NORDESTE;-5581.75
2025-10-09 16:00:00;NORTE;NORDESTE;-5403.032
2025-10-09 17:00:00;NORTE;NORDESTE;-4867.245
2025-10-09 18:00:00;NORTE;NORDESTE;-4596.322
2025-10-09 19:00:00;NORTE;NORDESTE;-4808.291
2025-10-09 20:00:00;NORTE;NORDESTE;-5236.64
2025-10-09 21:00:00;NORTE;NORDESTE;-5174.908
2025-10-09 22:00:00;NORTE;NORDESTE;-5229.523
2025-10-09 23:00:00;NORTE;NORDESTE;-4662.14999999
2025-10-10 00:00:00;NORTE;NORDESTE;-4623.318
2025-10-10 01:00:00;NORTE;NORDESTE;-4888.747
2025-10-10 02:00:00;NORTE;NORDESTE;-4954.231
2025-10-10 03:00:00;NORTE;NORDESTE;-4921.107
2025-10-10 04:00:00;NORTE;NORDESTE;-4770.175
2025-10-10 05:00:00;NORTE;NORDESTE;-5180.118
2025-10-10 06:00:00;NORTE;NORDESTE;-5703.618
2025-10-10 07:00:00;NORTE;NORDESTE;-5396.53
2025-10-10 08:00:00;NORTE;NORDESTE;-5583.445
2025-10-10 09:00:00;NORTE;NORDESTE;-5633.605
2025-10-10 10:00:00;NORTE;NORDESTE;-5578.239
2025-10-10 11:00:00;NORTE;NORDESTE;-5683.663
2025-10-10 12:00:00;NORTE;NORDESTE;-5194.403
2025-10-10 13:00:00;NORTE;NORDESTE;-5542.692
2025-10-10 14:00:00;NORTE;NORDESTE;-5698.683
2025-10-10 15:00:00;NORTE;NORDESTE;-5805.363
2025-10-10 16:00:00;NORTE;NORDESTE;-4053.353
2025-10-10 17:00:00;NORTE;NORDESTE;-2440.74899999
2025-10-10 18:00:00;NORTE;NORDESTE;-2137.11
2025-10-10 19:00:00;NORTE;NORDESTE;-3253.794
2025-10-10 20:00:00;NORTE;NORDESTE;-4386.995
2025-10-10 21:00:00;NORTE;NORDESTE;-4796.203
2025-10-10 22:00:00;NORTE;NORDESTE;-4344.075
2025-10-10 23:00:00;NORTE;NORDESTE;-4268.131
2025-10-11 00:00:00;NORTE;NORDESTE;-4461.088
2025-10-11 01:00:00;NORTE;NORDESTE;-4587.255
2025-10-11 02:00:00;NORTE;NORDESTE;-4630.68
2025-10-11 03:00:00;NORTE;NORDESTE;-4804.877
2025-10-11 04:00:00;NORTE;NORDESTE;-4782.598
2025-10-11 05:00:00;NORTE;NORDESTE;-4605.259
2025-10-11 06:00:00;NORTE;NORDESTE;-4802.964
2025-10-11 07:00:00;NORTE;NORDESTE;-5534.158
2025-10-11 08:00:00;NORTE;NORDESTE;-4998.935
2025-10-11 09:00:00;NORTE;NORDESTE;-4003.225
2025-10-11 10:00:00;NORTE;NORDESTE;-3123.79
2025-10-11 11:00:00;NORTE;NORDESTE;-2956.966
2025-10-11 12:00:00;NORTE;NORDESTE;-3110.52
2025-10-11 13:00:00;NORTE;NORDESTE;-3672.756
2025-10-11 14:00:00;NORTE;NORDESTE;-4542.16
2025-10-11 15:00:00;NORTE;NORDESTE;-5271.551
2025-10-11 16:00:00;NORTE;NORDESTE;-4153.361
2025-10-11 17:00:00;NORTE;NORDESTE;-2700.626
2025-10-11 18:00:00;NORTE;NORDESTE;-2157.203
2025-10-11 19:00:00;NORTE;NORDESTE;-2890.528
2025-10-11 20:00:00;NORTE;NORDESTE;-3382.193
2025-10-11 21:00:00;NORTE;NORDESTE;-3664.698
2025-10-11 22:00:00;NORTE;NORDESTE;-3572.013
2025-10-11 23:00:00;NORTE;NORDESTE;-3759.872
2025-10-12 00:00:00;NORTE;NORDESTE;-3769.934
2025-10-12 01:00:00;NORTE;NORDESTE;-3967.352
2025-10-12 02:00:00;NORTE;NORDESTE;-4232.289
2025-10-12 03:00:00;NORTE;NORDESTE;-4285.691
2025-10-12 04:00:00;NORTE;NORDESTE;-4228.036
2025-10-12 05:00:00;NORTE;NORDESTE;-4158.597
2025-10-12 06:00:00;NORTE;NORDESTE;-4474.17699999
2025-10-12 07:00:00;NORTE;NORDESTE;-4320.383
2025-10-12 08:00:00;NORTE;NORDESTE;-3856.057
2025-10-12 09:00:00;NORTE;NORDESTE;-3393.775
2025-10-12 10:00:00;NORTE;NORDESTE;-3248.85
2025-10-12 11:00:00;NORTE;NORDESTE;-3416.549
2025-10-12 12:00:00;NORTE;NORDESTE;-3508.863
2025-10-12 13:00:00;NORTE;NORDESTE;-3476.974
2025-10-12 14:00:00;NORTE;NORDESTE;-3881.057
2025-10-12 15:00:00;NORTE;NORDESTE;-4470.803
2025-10-12 16:00:00;NORTE;NORDESTE;-4317.377
2025-10-12 17:00:00;NORTE;NORDESTE;-3471.853
2025-10-12 18:00:00;NORTE;NORDESTE;-2782.679
2025-10-12 19:00:00;NORTE;NORDESTE;-3125.898
2025-10-12 20:00:00;NORTE;NORDESTE;-3778.872
2025-10-12 21:00:00;NORTE;NORDESTE;-4361.835
2025-10-12 22:00:00;NORTE;NORDESTE;-4604.773
2025-10-12 23:00:00;NORTE;NORDESTE;-4626.617
2025-10-13 00:00:00;NORTE;NORDESTE;-4202.125
2025-10-13 01:00:00;NORTE;NORDESTE;-4308.209
2025-10-13 02:00:00;NORTE;NORDESTE;-4350.345
2025-10-13 03:00:00;NORTE;NORDESTE;-4396.26599999
2025-10-13 04:00:00;NORTE;NORDESTE;-4389.683
2025-10-13 05:00:00;NORTE;NORDESTE;-5105.939
2025-10-13 06:00:00;NORTE;NORDESTE;-5971.426
2025-10-13 07:00:00;NORTE;NORDESTE;-5917.821
2025-10-13 08:00:00;NORTE;NORDESTE;-5961.808
2025-10-13 09:00:00;NORTE;NORDESTE;-5867.321
2025-10-13 10:00:00;NORTE;NORDESTE;-5750.293
2025-10-13 11:00:00;NORTE;NORDESTE;-5372.337
2025-10-13 12:00:00;NORTE;NORDESTE;-5045.16
2025-10-13 13:00:00;NORTE;NORDESTE;-4954.006
2025-10-13 14:00:00;NORTE;NORDESTE;-4868.972
2025-10-13 15:00:00;NORTE;NORDESTE;-4470.112
2025-10-13 16:00:00;NORTE;NORDESTE;-3657.733
2025-10-13 17:00:00;NORTE;NORDESTE;-2465.453
2025-10-13 18:00:00;NORTE;NORDESTE;-2127.05499999
2025-10-13 19:00:00;NORTE;NORDESTE;-2999.778
2025-10-13 20:00:00;NORTE;NORDESTE;-3837.64
2025-10-13 21:00:00;NORTE;NORDESTE;-4196.219
2025-10-13 22:00:00;NORTE;NORDESTE;-4645.237
2025-10-13 23:00:00;NORTE;NORDESTE;-4664.469
2025-10-14 00:00:00;NORTE;NORDESTE;-4489.435
2025-10-14 01:00:00;NORTE;NORDESTE;-3973.109
2025-10-14 02:00:00;NORTE;NORDESTE;-4268.606
2025-10-14 03:00:00;NORTE;NORDESTE;-4514.736
2025-10-14 04:00:00;NORTE;NORDESTE;-4217.723
2025-10-14 05:00:00;NORTE;NORDESTE;-4332.164
2025-10-14 06:00:00;NORTE;NORDESTE;-5491.12
2025-10-14 07:00:00;NORTE;NORDESTE;-5932.595
2025-10-14 08:00:00;NORTE;NORDESTE;-6039.226
2025-10-14 09:00:00;NORTE;NORDESTE;-5857.341
2025-10-14 10:00:00;NORTE;NORDESTE;-5786.512
2025-10-14 11:00:00;NORTE;NORDESTE;-5740.429
2025-10-14 12:00:00;NORTE;NORDESTE;-5282.49399999
2025-10-14 13:00:00;NORTE;NORDESTE;-5338.368
2025-10-14 14:00:00;NORTE;NORDESTE;-5097.84599999
2025-10-14 15:00:00;NORTE;NORDESTE;-4623.703
2025-10-14 16:00:00;NORTE;NORDESTE;-2897.114
2025-10-14 17:00:00;NORTE;NORDESTE;-1522.382
2025-10-14 18:00:00;NORTE;NORDESTE;-1224.327
2025-10-14 19:00:00;NORTE;NORDESTE;-2550.571
2025-10-14 20:00:00;NORTE;NORDESTE;-3453.146
2025-10-14 21:00:00;NORTE;NORDESTE;-3663.812
2025-10-14 22:00:00;NORTE;NORDESTE;-3367.229
2025-10-14 23:00:00;NORTE;NORDESTE;-3747.273
2025-10-15 00:00:00;NORTE;NORDESTE;-4116.807
2025-10-15 01:00:00;NORTE;NORDESTE;-4267.996
2025-10-15 02:00:00;NORTE;NORDESTE;-4193.081
2025-10-15 03:00:00;NORTE;NORDESTE;-4300.905
2025-10-15 04:00:00;NORTE;NORDESTE;-4322.655
2025-10-15 05:00:00;NORTE;NORDESTE;-4671.408
2025-10-15 06:00:00;NORTE;NORDESTE;-5260.524
2025-10-15 07:00:00;NORTE;NORDESTE;-4609.059
2025-10-15 08:00:00;NORTE;NORDESTE;-4797.187
2025-10-15 09:00:00;NORTE;NORDESTE;-4619.738
2025-10-15 10:00:00;NORTE;NORDESTE;-4309.321
2025-10-15 11:00:00;NORTE;NORDESTE;-4246.825
2025-10-15 12:00:00;NORTE;NORDESTE;-4178.68999999
2025-10-15 13:00:00;NORTE;NORDESTE;-4982.39999999
2025-10-15 14:00:00;NORTE;NORDESTE;-4994.377
2025-10-15 15:00:00;NORTE;NORDESTE;-4615.61899999
2025-10-15 16:00:00;NORTE;NORDESTE;-3740.051
2025-10-15 17:00:00;NORTE;NORDESTE;-2832.361
2025-10-15 18:00:00;NORTE;NORDESTE;-2196.128
2025-10-15 19:00:00;NORTE;NORDESTE;-3039.446
2025-10-15 20:00:00;NORTE;NORDESTE;-3681.407
2025-10-15 21:00:00;NORTE;NORDESTE;-3868.19
2025-10-15 22:00:00;NORTE;NORDESTE;-4189.46
2025-10-15 23:00:00;NORTE;NORDESTE;-4173.225
2025-10-16 00:00:00;NORTE;NORDESTE;-4245.796
2025-10-16 01:00:00;NORTE;NORDESTE;-4600.74
2025-10-16 02:00:00;NORTE;NORDESTE;-4640.62299999
2025-10-16 03:00:00;NORTE;NORDESTE;-4683.947
2025-10-16 04:00:00;NORTE;NORDESTE;-4724.514
2025-10-16 05:00:00;NORTE;NORDESTE;-4927.709
2025-10-16 06:00:00;NORTE;NORDESTE;-5386.484
2025-10-16 07:00:00;NORTE;NORDESTE;-4649.972
2025-10-16 08:00:00;NORTE;NORDESTE;-4377.003
2025-10-16 09:00:00;NORTE;NORDESTE;-4284.274
2025-10-16 10:00:00;NORTE;NORDESTE;-4258.781
2025-10-16 11:00:00;NORTE;NORDESTE;-4728.885
2025-10-16 12:00:00;NORTE;NORDESTE;-4936.272
2025-10-16 13:00:00;NORTE;NORDESTE;-4966.39
2025-10-16 14:00:00;NORTE;NORDESTE;-4894.604
2025-10-16 15:00:00;NORTE;NORDESTE;-4515.87299999
2025-10-16 16:00:00;NORTE;NORDESTE;-3274.854
2025-10-16 17:00:00;NORTE;NORDESTE;-2400.313
2025-10-16 18:00:00;NORTE;NORDESTE;-2108.562
2025-10-16 19:00:00;NORTE;NORDESTE;-2862.242
2025-10-16 20:00:00;NORTE;NORDESTE;-3765.714
2025-10-16 21:00:00;NORTE;NORDESTE;-4052.893
2025-10-16 22:00:00;NORTE;NORDESTE;-3998.172
2025-10-16 23:00:00;NORTE;NORDESTE;-4097.411
2025-10-17 00:00:00;NORTE;NORDESTE;-4173.232
2025-10-17 01:00:00;NORTE;NORDESTE;-4493.72
2025-10-17 02:00:00;NORTE;NORDESTE;-4610.91299999
2025-10-17 03:00:00;NORTE;NORDESTE;-4512.585
2025-10-17 04:00:00;NORTE;NORDESTE;-4409.68999999
2025-10-17 05:00:00;NORTE;NORDESTE;-4774.075
2025-10-17 06:00:00;NORTE;NORDESTE;-5316.897
2025-10-17 07:00:00;NORTE;NORDESTE;-4851.386
2025-10-17 08:00:00;NORTE;NORDESTE;-4721.812
2025-10-17 09:00:00;NORTE;NORDESTE;-4474.071
2025-10-17 10:00:00;NORTE;NORDESTE;-4601.054
2025-10-17 11:00:00;NORTE;NORDESTE;-4985.261
2025-10-17 12:00:00;NORTE;NORDESTE;-4835.261
2025-10-17 13:00:00;NORTE;NORDESTE;-4876.21699999
2025-10-17 14:00:00;NORTE;NORDESTE;-4999.068
2025-10-17 15:00:00;NORTE;NORDESTE;-4879.907
2025-10-17 16:00:00;NORTE;NORDESTE;-3370.719
2025-10-17 17:00:00;NORTE;NORDESTE;-1873.867
2025-10-17 18:00:00;NORTE;NORDESTE;-2050.337
2025-10-17 19:00:00;NORTE;NORDESTE;-2963.046
2025-10-17 20:00:00;NORTE;NORDESTE;-3550.196
2025-10-17 21:00:00;NORTE;NORDESTE;-4014.937
2025-10-17 22:00:00;NORTE;NORDESTE;-4147.486
2025-10-17 23:00:00;NORTE;NORDESTE;-4152.252
2025-10-18 00:00:00;NORTE;NORDESTE;-4300.468
2025-10-18 01:00:00;NORTE;NORDESTE;-4518.988
2025-10-18 02:00:00;NORTE;NORDESTE;-4662.895
2025-10-18 03:00:00;NORTE;NORDESTE;-4809.488
2025-10-18 04:00:00;NORTE;NORDESTE;-4810.585
2025-10-18 05:00:00;NORTE;NORDESTE;-5065.50699999
2025-10-18 06:00:00;NORTE;NORDESTE;-6007.307
2025-10-18 07:00:00;NORTE;NORDESTE;-5475.18599999
2025-10-18 08:00:00;NORTE;NORDESTE;-5262.316
2025-10-18 09:00:00;NORTE;NORDESTE;-5412.26
2025-10-18 10:00:00;NORTE;NORDESTE;-5352.749
2025-10-18 11:00:00;NORTE;NORDESTE;-5349.539
2025-10-18 12:00:00;NORTE;NORDESTE;-5221.143
2025-10-18 13:00:00;NORTE;NORDESTE;-5551.284
2025-10-18 14:00:00;NORTE;NORDESTE;-5557.868
2025-10-18 15:00:00;NORTE;NORDESTE;-5011.253
2025-10-18 16:00:00;NORTE;NORDESTE;-2476.67
2025-10-18 17:00:00;NORTE;NORDESTE;-1005.76
2025-10-18 18:00:00;NORTE;NORDESTE;-1037.731
2025-10-18 19:00:00;NORTE;NORDESTE;-1481.347
2025-10-18 20:00:00;NORTE;NORDESTE;-2038.423
2025-10-18 21:00:00;NORTE;NORDESTE;-2897.973
2025-10-18 22:00:00;NORTE;NORDESTE;-3424.844
2025-10-18 23:00:00;NORTE;NORDESTE;-3472.425
2025-10-19 00:00:00;NORTE;NORDESTE;-3823.747
2025-10-19 01:00:00;NORTE;NORDESTE;-3785.767
2025-10-19 02:00:00;NORTE;NORDESTE;-3861.526
2025-10-19 03:00:00;NORTE;NORDESTE;-3877.436
2025-10-19 04:00:00;NORTE;NORDESTE;-3725.964
2025-10-19 05:00:00;NORTE;NORDESTE;-3859.782
2025-10-19 06:00:00;NORTE;NORDESTE;-4101.064
2025-10-19 07:00:00;NORTE;NORDESTE;-3724.422
2025-10-19 08:00:00;NORTE;NORDESTE;-3007.991
2025-10-19 09:00:00;NORTE;NORDESTE;-2456.59499999
2025-10-19 10:00:00;NORTE;NORDESTE;-1996.652
2025-10-19 11:00:00;NORTE;NORDESTE;-1860.133
2025-10-19 12:00:00;NORTE;NORDESTE;-1886.679
2025-10-19 13:00:00;NORTE;NORDESTE;-2138.71099999
2025-10-19 14:00:00;NORTE;NORDESTE;-2494.80499999
2025-10-19 15:00:00;NORTE;NORDESTE;-2818.621
2025-10-19 16:00:00;NORTE;NORDESTE;-2552.26699999
2025-10-19 17:00:00;NORTE;NORDESTE;-2121.933
2025-10-19 18:00:00;NORTE;NORDESTE;-1509.487
2025-10-19 19:00:00;NORTE;NORDESTE;-1616.574
2025-10-19 20:00:00;NORTE;NORDESTE;-1332.837
2025-10-19 21:00:00;NORTE;NORDESTE;-1627.315
2025-10-19 22:00:00;NORTE;NORDESTE;-1724.027
2025-10-19 23:00:00;NORTE;NORDESTE;-2087.875
2025-10-20 00:00:00;NORTE;NORDESTE;-1883.151
2025-10-20 01:00:00;NORTE;NORDESTE;-2055.368
2025-10-20 02:00:00;NORTE;NORDESTE;-1887.733
2025-10-20 03:00:00;NORTE;NORDESTE;-1480.413
2025-10-20 04:00:00;NORTE;NORDESTE;-1223.36899999
2025-10-20 05:00:00;NORTE;NORDESTE;-1657.313
2025-10-20 06:00:00;NORTE;NORDESTE;-3014.011
2025-10-20 07:00:00;NORTE;NORDESTE;-3866.076
2025-10-20 08:00:00;NORTE;NORDESTE;-4185.509
2025-10-20 09:00:00;NORTE;NORDESTE;-3080.348
2025-10-20 10:00:00;NORTE;NORDESTE;-2928.94
2025-10-20 11:00:00;NORTE;NORDESTE;-3068.965
2025-10-20 12:00:00;NORTE;NORDESTE;-2867.783
2025-10-20 13:00:00;NORTE;NORDESTE;-2844.125
2025-10-20 14:00:00;NORTE;NORDESTE;-3291.493
2025-10-20 15:00:00;NORTE;NORDESTE;-3560.986
2025-10-20 16:00:00;NORTE;NORDESTE;-3471.216
2025-10-20 17:00:00;NORTE;NORDESTE;-3351.153
2025-10-20 18:00:00;NORTE;NORDESTE;-2733.011
2025-10-20 19:00:00;NORTE;NORDESTE;-3131.363
2025-10-20 20:00:00;NORTE;NORDESTE;-3943.129
2025-10-20 21:00:00;NORTE;NORDESTE;-4189.496
2025-10-20 22:00:00;NORTE;NORDESTE;-4349.768
2025-10-20 23:00:00;NORTE;NORDESTE;-4537.712
2025-10-21 00:00:00;NORTE;NORDESTE;-4946.56
2025-10-21 01:00:00;NORTE;NORDESTE;-5015.502
2025-10-21 02:00:00;NORTE;NORDESTE;-4958.385
2025-10-21 03:00:00;NORTE;NORDESTE;-4573.562
2025-10-21 04:00:00;NORTE;NORDESTE;-4291.02
2025-10-21 05:00:00;NORTE;NORDESTE;-4490.582
2025-10-21 06:00:00;NORTE;NORDESTE;-5048.347
2025-10-21 07:00:00;NORTE;NORDESTE;-4688.588
2025-10-21 08:00:00;NORTE;NORDESTE;-3769.21
2025-10-21 09:00:00;NORTE;NORDESTE;-3165.678
2025-10-21 10:00:00;NORTE;NORDESTE;-2945.811
2025-10-21 11:00:00;NORTE;NORDESTE;-3167.226
2025-10-21 12:00:00;NORTE;NORDESTE;-2988.067
2025-10-21 13:00:00;NORTE;NORDESTE;-3427.909
2025-10-21 14:00:00;NORTE;NORDESTE;-4490.88199999
2025-10-21 15:00:00;NORTE;NORDESTE;-5180.122
2025-10-21 16:00:00;NORTE;NORDESTE;-4486.776
2025-10-21 17:00:00;NORTE;NORDESTE;-4475.317
2025-10-21 18:00:00;NORTE;NORDESTE;-4591.357
2025-10-21 19:00:00;NORTE;NORDESTE;-5020.29699999
2025-10-21 20:00:00;NORTE;NORDESTE;-5346.01
2025-10-21 21:00:00;NORTE;NORDESTE;-5152.762
2025-10-21 22:00:00;NORTE;NORDESTE;-5320.98499999
2025-10-21 23:00:00;NORTE;NORDESTE;-5363.49399999
2025-10-22 00:00:00;NORTE;NORDESTE;-5323.597
2025-10-22 01:00:00;NORTE;NORDESTE;-5326.125
2025-10-22 02:00:00;NORTE;NORDESTE;-5505.528
2025-10-22 03:00:00;NORTE;NORDESTE;-5669.472
2025-10-22 04:00:00;NORTE;NORDESTE;-5734.669
2025-10-22 05:00:00;NORTE;NORDESTE;-5761.303
2025-10-22 06:00:00;NORTE;NORDESTE;-5210.204
2025-10-22 07:00:00;NORTE;NORDESTE;-4655.53
2025-10-22 08:00:00;NORTE;NORDESTE;-4233.084
2025-10-22 09:00:00;NORTE;NORDESTE;-3751.983
2025-10-22 10:00:00;NORTE;NORDESTE;-3504.325
2025-10-22 11:00:00;NORTE;NORDESTE;-3701.974
2025-10-22 12:00:00;NORTE;NORDESTE;-3415.986
2025-10-22 13:00:00;NORTE;NORDESTE;-3568.165
2025-10-22 14:00:00;NORTE;NORDESTE;-3999.909
2025-10-22 15:00:00;NORTE;NORDESTE;-4300.497
2025-10-22 16:00:00;NORTE;NORDESTE;-4022.006
2025-10-22 17:00:00;NORTE;NORDESTE;-4474.363
2025-10-22 18:00:00;NORTE;NORDESTE;-4516.568
2025-10-22 19:00:00;NORTE;NORDESTE;-4769.1
2025-10-22 20:00:00;NORTE;NORDESTE;-5255.588
2025-10-22 21:00:00;NORTE;NORDESTE;-5073.486
2025-10-22 22:00:00;NORTE;NORDESTE;-5303.10099999
2025-10-22 23:00:00;NORTE;NORDESTE;-5218.192
2025-10-23 00:00:00;NORTE;NORDESTE;-5323.829
2025-10-23 01:00:00;NORTE;NORDESTE;-5465.82
2025-10-23 02:00:00;NORTE;NORDESTE;-5518.363
2025-10-23 03:00:00;NORTE;NORDESTE;-5482.1
2025-10-23 04:00:00;NORTE;NORDESTE;-5426.683
2025-10-23 05:00:00;NORTE;NORDESTE;-5632.762
2025-10-23 06:00:00;NORTE;NORDESTE;-5690.632
2025-10-23 07:00:00;NORTE;NORDESTE;-5083.473
2025-10-23 08:00:00;NORTE;NORDESTE;-4250.716
2025-10-23 09:00:00;NORTE;NORDESTE;-3176.101
2025-10-23 10:00:00;NORTE;NORDESTE;-3067.39
2025-10-23 11:00:00;NORTE;NORDESTE;-3526.901
2025-10-23 12:00:00;NORTE;NORDESTE;-3387.159
2025-10-23 13:00:00;NORTE;NORDESTE;-3763.059
2025-10-23 14:00:00;NORTE;NORDESTE;-4780.782
2025-10-23 15:00:00;NORTE;NORDESTE;-5368.06499999
2025-10-23 16:00:00;NORTE;NORDESTE;-5006.867
2025-10-23 17:00:00;NORTE;NORDESTE;-4654.188
2025-10-23 18:00:00;NORTE;NORDESTE;-4575.322
2025-10-23 19:00:00;NORTE;NORDESTE;-5001.984
2025-10-23 20:00:00;NORTE;NORDESTE;-5516.229
2025-10-23 21:00:00;NORTE;NORDESTE;-5330.394
2025-10-23 22:00:00;NORTE;NORDESTE;-5411.47
2025-10-23 23:00:00;NORTE;NORDESTE;-5475.37299999
2025-10-24 00:00:00;NORTE;NORDESTE;-5451.375
2025-10-24 01:00:00;NORTE;NORDESTE;-5528.318
2025-10-24 02:00:00;NORTE;NORDESTE;-5587.644
2025-10-24 03:00:00;NORTE;NORDESTE;-5633.109
2025-10-24 04:00:00;NORTE;NORDESTE;-5613.685
2025-10-24 05:00:00;NORTE;NORDESTE;-5965.827
2025-10-24 06:00:00;NORTE;NORDESTE;-5938.808
2025-10-24 07:00:00;NORTE;NORDESTE;-5262.479
2025-10-24 08:00:00;NORTE;NORDESTE;-4758.039
2025-10-24 09:00:00;NORTE;NORDESTE;-4014.159
2025-10-24 10:00:00;NORTE;NORDESTE;-3630.485
2025-10-24 11:00:00;NORTE;NORDESTE;-3584.476
2025-10-24 12:00:00;NORTE;NORDESTE;-3555.678
2025-10-24 13:00:00;NORTE;NORDESTE;-3808.177
2025-10-24 14:00:00;NORTE;NORDESTE;-4520.95
2025-10-24 15:00:00;NORTE;NORDESTE;-5025.399
2025-10-24 16:00:00;NORTE;NORDESTE;-4864.338
2025-10-24 17:00:00;NORTE;NORDESTE;-4205.84199999
2025-10-24 18:00:00;NORTE;NORDESTE;-3638.684
2025-10-24 19:00:00;NORTE;NORDESTE;-4363.108
2025-10-24 20:00:00;NORTE;NORDESTE;-5073.524
2025-10-24 21:00:00;NORTE;NORDESTE;-5225.024
2025-10-24 22:00:00;NORTE;NORDESTE;-5360.642
2025-10-24 23:00:00;NORTE;NORDESTE;-5373.062
2025-10-25 00:00:00;NORTE;NORDESTE;-5433.491
2025-10-25 01:00:00;NORTE;NORDESTE;-5617.251
2025-10-25 02:00:00;NORTE;NORDESTE;-5516.947
2025-10-25 03:00:00;NORTE;NORDESTE;-5440.308
2025-10-25 04:00:00;NORTE;NORDESTE;-5319.38
2025-10-25 05:00:00;NORTE;NORDESTE;-5376.52499999
2025-10-25 06:00:00;NORTE;NORDESTE;-4858.889
2025-10-25 07:00:00;NORTE;NORDESTE;-4278.366
2025-10-25 08:00:00;NORTE;NORDESTE;-3843.558
2025-10-25 09:00:00;NORTE;NORDESTE;-3308.929
2025-10-25 10:00:00;NORTE;NORDESTE;-3323.339
2025-10-25 11:00:00;NORTE;NORDESTE;-3387.905
2025-10-25 12:00:00;NORTE;NORDESTE;-3370.46
2025-10-25 13:00:00;NORTE;NORDESTE;-3701.526
2025-10-25 14:00:00;NORTE;NORDESTE;-4462.895
2025-10-25 15:00:00;NORTE;NORDESTE;-5087.571
2025-10-25 16:00:00;NORTE;NORDESTE;-4836.472
2025-10-25 17:00:00;NORTE;NORDESTE;-4122.82399999
2025-10-25 18:00:00;NORTE;NORDESTE;-3445.595
2025-10-25 19:00:00;NORTE;NORDESTE;-4173.282
2025-10-25 20:00:00;NORTE;NORDESTE;-4965.097
2025-10-25 21:00:00;NORTE;NORDESTE;-5191.713
2025-10-25 22:00:00;NORTE;NORDESTE;-5275.142
2025-10-25 23:00:00;NORTE;NORDESTE;-5133.97999999
2025-10-26 00:00:00;NORTE;NORDESTE;-5095.243
2025-10-26 01:00:00;NORTE;NORDESTE;-5210.792
2025-10-26 02:00:00;NORTE;NORDESTE;-5168.222
2025-10-26 03:00:00;NORTE;NORDESTE;-5138.554
2025-10-26 04:00:00;NORTE;NORDESTE;-5044.72099999
2025-10-26 05:00:00;NORTE;NORDESTE;-5228.595
2025-10-26 06:00:00;NORTE;NORDESTE;-5216.435
2025-10-26 07:00:00;NORTE;NORDESTE;-3645.351
2025-10-26 08:00:00;NORTE;NORDESTE;-2757.346
2025-10-26 09:00:00;NORTE;NORDESTE;-2218.628
2025-10-26 10:00:00;NORTE;NORDESTE;-2055.414
2025-10-26 11:00:00;NORTE;NORDESTE;-2279.358
2025-10-26 12:00:00;NORTE;NORDESTE;-2744.677
2025-10-26 13:00:00;NORTE;NORDESTE;-3038.556
2025-10-26 14:00:00;NORTE;NORDESTE;-3712.934
2025-10-26 15:00:00;NORTE;NORDESTE;-4545.438
2025-10-26 16:00:00;NORTE;NORDESTE;-5297.22
2025-10-26 17:00:00;NORTE;NORDESTE;-4862.282
2025-10-26 18:00:00;NORTE;NORDESTE;-4410.079
2025-10-26 19:00:00;NORTE;NORDESTE;-4604.23899999
2025-10-26 20:00:00;NORTE;NORDESTE;-4666.746
2025-10-26 21:00:00;NORTE;NORDESTE;-4587.294
2025-10-26 22:00:00;NORTE;NORDESTE;-4935.746
2025-10-26 23:00:00;NORTE;NORDESTE;-5097.81
2025-10-27 00:00:00;NORTE;NORDESTE;-5235.035
2025-10-27 01:00:00;NORTE;NORDESTE;-5276.009
2025-10-27 02:00:00;NORTE;NORDESTE;-5244.365
2025-10-27 03:00:00;NORTE;NORDESTE;-5095.15899999
2025-10-27 04:00:00;NORTE;NORDESTE;-4997.135
2025-10-27 05:00:00;NORTE;NORDESTE;-5255.776
2025-10-27 06:00:00;NORTE;NORDESTE;-5675.88
2025-10-27 07:00:00;NORTE;NORDESTE;-5181.035
2025-10-27 08:00:00;NORTE;NORDESTE;-5132.898
2025-10-27 09:00:00;NORTE;NORDESTE;-4995.747
2025-10-27 10:00:00;NORTE;NORDESTE;-4676.027
2025-10-27 11:00:00;NORTE;NORDESTE;-4165.09599999
2025-10-27 12:00:00;NORTE;NORDESTE;-3867.009
2025-10-27 13:00:00;NORTE;NORDESTE;-3742.823
2025-10-27 14:00:00;NORTE;NORDESTE;-4142.06
2025-10-27 15:00:00;NORTE;NORDESTE;-4726.499
2025-10-27 16:00:00;NORTE;NORDESTE;-3839.241
2025-10-27 17:00:00;NORTE;NORDESTE;-2803.517
2025-10-27 18:00:00;NORTE;NORDESTE;-2884.113
2025-10-27 19:00:00;NORTE;NORDESTE;-3875.158
2025-10-27 20:00:00;NORTE;NORDESTE;-4515.511
2025-10-27 21:00:00;NORTE;NORDESTE;-4697.606
2025-10-27 22:00:00;NORTE;NORDESTE;-4904.628
2025-10-27 23:00:00;NORTE;NORDESTE;-5266.581
2025-10-28 00:00:00;NORTE;NORDESTE;-5036.901
2025-10-28 01:00:00;NORTE;NORDESTE;-5174.975
2025-10-28 02:00:00;NORTE;NORDESTE;-5201.546
2025-10-28 03:00:00;NORTE;NORDESTE;-5118.697
2025-10-28 04:00:00;NORTE;NORDESTE;-5111.343
2025-10-28 05:00:00;NORTE;NORDESTE;-5503.54
2025-10-28 06:00:00;NORTE;NORDESTE;-5738.956
2025-10-28 07:00:00;NORTE;NORDESTE;-5381.749
2025-10-28 08:00:00;NORTE;NORDESTE;-5654.991
2025-10-28 09:00:00;NORTE;NORDESTE;-5602.208
2025-10-28 10:00:00;NORTE;NORDESTE;-5435.747
2025-10-28 11:00:00;NORTE;NORDESTE;-5308.821
2025-10-28 12:00:00;NORTE;NORDESTE;-5208.232
2025-10-28 13:00:00;NORTE;NORDESTE;-4962.861
2025-10-28 14:00:00;NORTE;NORDESTE;-4792.818
2025-10-28 15:00:00;NORTE;NORDESTE;-4590.817
2025-10-28 16:00:00;NORTE;NORDESTE;-4098.96699999
2025-10-28 17:00:00;NORTE;NORDESTE;-3722.134
2025-10-28 18:00:00;NORTE;NORDESTE;-3607.7
2025-10-28 19:00:00;NORTE;NORDESTE;-3887.269
2025-10-28 20:00:00;NORTE;NORDESTE;-3657.199
2025-10-28 21:00:00;NORTE;NORDESTE;-3865.675
2025-10-28 22:00:00;NORTE;NORDESTE;-4362.316
2025-10-28 23:00:00;NORTE;NORDESTE;-4775.299
2025-10-29 00:00:00;NORTE;NORDESTE;-4721.464
2025-10-29 01:00:00;NORTE;NORDESTE;-5021.835
2025-10-29 02:00:00;NORTE;NORDESTE;-5110.515
2025-10-29 03:00:00;NORTE;NORDESTE;-5037.938
2025-10-29 04:00:00;NORTE;NORDESTE;-4933.318
2025-10-29 05:00:00;NORTE;NORDESTE;-5041.86899999
2025-10-29 06:00:00;NORTE;NORDESTE;-5505.793
2025-10-29 07:00:00;NORTE;NORDESTE;-5914.473
2025-10-29 08:00:00;NORTE;NORDESTE;-5907.235
2025-10-29 09:00:00;NORTE;NORDESTE;-5509.049
2025-10-29 10:00:00;NORTE;NORDESTE;-5364.126
2025-10-29 11:00:00;NORTE;NORDESTE;-5242.118
2025-10-29 12:00:00;NORTE;NORDESTE;-5338.60499999
2025-10-29 13:00:00;NORTE;NORDESTE;-5208.51
2025-10-29 14:00:00;NORTE;NORDESTE;-5166.544
2025-10-29 15:00:00;NORTE;NORDESTE;-5496.667
2025-10-29 16:00:00;NORTE;NORDESTE;-4160.975
2025-10-29 17:00:00;NORTE;NORDESTE;-3082.38
2025-10-29 18:00:00;NORTE;NORDESTE;-3345.696
2025-10-29 19:00:00;NORTE;NORDESTE;-4006.472
2025-10-29 20:00:00;NORTE;NORDESTE;-3809.251
2025-10-29 21:00:00;NORTE;NORDESTE;-4068.51
2025-10-29 22:00:00;NORTE;NORDESTE;-4289.472
2025-10-29 23:00:00;NORTE;NORDESTE;-4515.478
2025-10-30 00:00:00;NORTE;NORDESTE;-4902.568
2025-10-30 01:00:00;NORTE;NORDESTE;-5222.194
2025-10-30 02:00:00;NORTE;NORDESTE;-5226.081
2025-10-30 03:00:00;NORTE;NORDESTE;-5136.762
2025-10-30 04:00:00;NORTE;NORDESTE;-5111.331
2025-10-30 05:00:00;NORTE;NORDESTE;-5301.97
2025-10-30 06:00:00;NORTE;NORDESTE;-5751.767
2025-10-30 07:00:00;NORTE;NORDESTE;-5494.277
2025-10-30 08:00:00;NORTE;NORDESTE;-5493.336
2025-10-30 09:00:00;NORTE;NORDESTE;-5359.857
2025-10-30 10:00:00;NORTE;NORDESTE;-5019.837
2025-10-30 11:00:00;NORTE;NORDESTE;-4795.896
2025-10-30 12:00:00;NORTE;NORDESTE;-4728.651
2025-10-30 13:00:00;NORTE;NORDESTE;-4785.75
2025-10-30 14:00:00;NORTE;NORDESTE;-5021.816
2025-10-30 15:00:00;NORTE;NORDESTE;-4533.43099999
2025-10-30 16:00:00;NORTE;NORDESTE;-3377.618
2025-10-30 17:00:00;NORTE;NORDESTE;-2595.861
2025-10-30 18:00:00;NORTE;NORDESTE;-3156.035
2025-10-30 19:00:00;NORTE;NORDESTE;-3954.911
2025-10-30 20:00:00;NORTE;NORDESTE;-4259.703
2025-10-30 21:00:00;NORTE;NORDESTE;-4390.836
2025-10-30 22:00:00;NORTE;NORDESTE;-4472.048
2025-10-30 23:00:00;NORTE;NORDESTE;-4612.578
2025-10-31 00:00:00;NORTE;NORDESTE;-5025.09199999
2025-10-31 01:00:00;NORTE;NORDESTE;-4975.375
2025-10-31 02:00:00;NORTE;NORDESTE;-4884.43999999
2025-10-31 03:00:00;NORTE;NORDESTE;-5004.951
2025-10-31 04:00:00;NORTE;NORDESTE;-5017.519
2025-10-31 05:00:00;NORTE;NORDESTE;-5142.66299999
2025-10-31 06:00:00;NORTE;NORDESTE;-5860.734
2025-10-31 07:00:00;NORTE;NORDESTE;-5981.185
2025-10-31 08:00:00;NORTE;NORDESTE;-5808.505
2025-10-31 09:00:00;NORTE;NORDESTE;-5332.567
2025-10-31 10:00:00;NORTE;NORDESTE;-4505.291
2025-10-31 11:00:00;NORTE;NORDESTE;-4439.604
2025-10-31 12:00:00;NORTE;NORDESTE;-4385.822
2025-10-31 13:00:00;NORTE;NORDESTE;-4495.31499999
2025-10-31 14:00:00;NORTE;NORDESTE;-4964.93999999
2025-10-31 15:00:00;NORTE;NORDESTE;-4659.56
2025-10-31 16:00:00;NORTE;NORDESTE;-3883.535
2025-10-31 17:00:00;NORTE;NORDESTE;-3410.591
2025-10-31 18:00:00;NORTE;NORDESTE;-3648.095
2025-10-31 19:00:00;NORTE;NORDESTE;-4590.29
2025-10-31 20:00:00;NORTE;NORDESTE;-5184.17
2025-10-31 21:00:00;NORTE;NORDESTE;-5301.049
2025-10-31 22:00:00;NORTE;NORDESTE;-5292.169
2025-10-31 23:00:00;NORTE;NORDESTE;-5262.948
