din_instante;nom_subsistema_origem;nom_subsistema_destino;val_intercambiomwmed
2024-01-01 00:00:00;SUDESTE/CENTRO-OESTE;SUL;-4762.211
2024-01-01 01:00:00;SUDESTE/CENTRO-OESTE;SUL;-4765.38
2024-01-01 02:00:00;SUDESTE/CENTRO-OESTE;SUL;-4894.218
2024-01-01 03:00:00;SUDESTE/CENTRO-OESTE;SUL;-5010.323
2024-01-01 04:00:00;SUDESTE/CENTRO-OESTE;SUL;-5195.29699999
2024-01-01 05:00:00;SUDESTE/CENTRO-OESTE;SUL;-4732.437
2024-01-01 06:00:00;SUDESTE/CENTRO-OESTE;SUL;-4349.155
2024-01-01 07:00:00;SUDESTE/CENTRO-OESTE;SUL;-3492.786
2024-01-01 08:00:00;SUDESTE/CENTRO-OESTE;SUL;-2595.044
2024-01-01 09:00:00;SUDESTE/CENTRO-OESTE;SUL;-339.74
2024-01-01 10:00:00;SUDESTE/CENTRO-OESTE;SUL;-185.616
2024-01-01 11:00:00;SUDESTE/CENTRO-OESTE;SUL;-351.009
2024-01-01 12:00:00;SUDESTE/CENTRO-OESTE;SUL;-630.369
2024-01-01 13:00:00;SUDESTE/CENTRO-OESTE;SUL;-648.583
2024-01-01 14:00:00;SUDESTE/CENTRO-OESTE;SUL;-462.474
2024-01-01 15:00:00;SUDESTE/CENTRO-OESTE;SUL;-1599.724
2024-01-01 16:00:00;SUDESTE/CENTRO-OESTE;SUL;-4013.739
2024-01-01 17:00:00;SUDESTE/CENTRO-OESTE;SUL;-4080.795
2024-01-01 18:00:00;SUDESTE/CENTRO-OESTE;SUL;-4686.22099999
2024-01-01 19:00:00;SUDESTE/CENTRO-OESTE;SUL;-4521.804
2024-01-01 20:00:00;SUDESTE/CENTRO-OESTE;SUL;-3648.771
2024-01-01 21:00:00;SUDESTE/CENTRO-OESTE;SUL;-3807.804
2024-01-01 22:00:00;SUDESTE/CENTRO-OESTE;SUL;-4318.103
2024-01-01 23:00:00;SUDESTE/CENTRO-OESTE;SUL;-4917.167
2024-01-02 00:00:00;SUDESTE/CENTRO-OESTE;SUL;-4904.352
2024-01-02 01:00:00;SUDESTE/CENTRO-OESTE;SUL;-4284.442
2024-01-02 02:00:00;SUDESTE/CENTRO-OESTE;SUL;-4750.376
2024-01-02 03:00:00;SUDESTE/CENTRO-OESTE;SUL;-5247.643
2024-01-02 04:00:00;SUDESTE/CENTRO-OESTE;SUL;-5313.611
2024-01-02 05:00:00;SUDESTE/CENTRO-OESTE;SUL;-5254.588
2024-01-02 06:00:00;SUDESTE/CENTRO-OESTE;SUL;-5591.144
2024-01-02 07:00:00;SUDESTE/CENTRO-OESTE;SUL;-5263.08
2024-01-02 08:00:00;SUDESTE/CENTRO-OESTE;SUL;-4984.018
2024-01-02 09:00:00;SUDESTE/CENTRO-OESTE;SUL;-4658.192
2024-01-02 10:00:00;SUDESTE/CENTRO-OESTE;SUL;-4498.267
2024-01-02 11:00:00;SUDESTE/CENTRO-OESTE;SUL;-4025.47
2024-01-02 12:00:00;SUDESTE/CENTRO-OESTE;SUL;-4171.35999999
2024-01-02 13:00:00;SUDESTE/CENTRO-OESTE;SUL;-4278.84599999
2024-01-02 14:00:00;SUDESTE/CENTRO-OESTE;SUL;-3374.256
2024-01-02 15:00:00;SUDESTE/CENTRO-OESTE;SUL;-3342.18
2024-01-02 16:00:00;SUDESTE/CENTRO-OESTE;SUL;-4218.93
2024-01-02 17:00:00;SUDESTE/CENTRO-OESTE;SUL;-4407.313
2024-01-02 18:00:00;SUDESTE/CENTRO-OESTE;SUL;-4364.657
2024-01-02 19:00:00;SUDESTE/CENTRO-OESTE;SUL;-3461.946
2024-01-02 20:00:00;SUDESTE/CENTRO-OESTE;SUL;-3163.741
2024-01-02 21:00:00;SUDESTE/CENTRO-OESTE;SUL;-3517.971
2024-01-02 22:00:00;SUDESTE/CENTRO-OESTE;SUL;-4206.353
2024-01-02 23:00:00;SUDESTE/CENTRO-OESTE;SUL;-4979.689
2024-01-03 00:00:00;SUDESTE/CENTRO-OESTE;SUL;-5359.073
2024-01-03 01:00:00;SUDESTE/CENTRO-OESTE;SUL;-5408.401
2024-01-03 02:00:00;SUDESTE/CENTRO-OESTE;SUL;-4798.358
2024-01-03 03:00:00;SUDESTE/CENTRO-OESTE;SUL;-4627.512
2024-01-03 04:00:00;SUDESTE/CENTRO-OESTE;SUL;-4654.198
2024-01-03 05:00:00;SUDESTE/CENTRO-OESTE;SUL;-5387.753
2024-01-03 06:00:00;SUDESTE/CENTRO-OESTE;SUL;-5878.16299999
2024-01-03 07:00:00;SUDESTE/CENTRO-OESTE;SUL;-5662.722
2024-01-03 08:00:00;SUDESTE/CENTRO-OESTE;SUL;-5481.28799999
2024-01-03 09:00:00;SUDESTE/CENTRO-OESTE;SUL;-5127.537
2024-01-03 10:00:00;SUDESTE/CENTRO-OESTE;SUL;-4823.47
2024-01-03 11:00:00;SUDESTE/CENTRO-OESTE;SUL;-4163.191
2024-01-03 12:00:00;SUDESTE/CENTRO-OESTE;SUL;-3862.311
2024-01-03 13:00:00;SUDESTE/CENTRO-OESTE;SUL;-3932.314
2024-01-03 14:00:00;SUDESTE/CENTRO-OESTE;SUL;-3724.492
2024-01-03 15:00:00;SUDESTE/CENTRO-OESTE;SUL;-3650.743
2024-01-03 16:00:00;SUDESTE/CENTRO-OESTE;SUL;-3491.795
2024-01-03 17:00:00;SUDESTE/CENTRO-OESTE;SUL;-3184.009
2024-01-03 18:00:00;SUDESTE/CENTRO-OESTE;SUL;-3465.752
2024-01-03 19:00:00;SUDESTE/CENTRO-OESTE;SUL;-3356.617
2024-01-03 20:00:00;SUDESTE/CENTRO-OESTE;SUL;-2935.306
2024-01-03 21:00:00;SUDESTE/CENTRO-OESTE;SUL;-3169.029
2024-01-03 22:00:00;SUDESTE/CENTRO-OESTE;SUL;-3698.96
2024-01-03 23:00:00;SUDESTE/CENTRO-OESTE;SUL;-4220.598
2024-01-04 00:00:00;SUDESTE/CENTRO-OESTE;SUL;-4759.35999999
2024-01-04 01:00:00;SUDESTE/CENTRO-OESTE;SUL;-5282.52499999
2024-01-04 02:00:00;SUDESTE/CENTRO-OESTE;SUL;-5187.021
2024-01-04 03:00:00;SUDESTE/CENTRO-OESTE;SUL;-5337.397
2024-01-04 04:00:00;SUDESTE/CENTRO-OESTE;SUL;-5541.082
2024-01-04 05:00:00;SUDESTE/CENTRO-OESTE;SUL;-5607.459
2024-01-04 06:00:00;SUDESTE/CENTRO-OESTE;SUL;-5413.406
2024-01-04 07:00:00;SUDESTE/CENTRO-OESTE;SUL;-5051.394
2024-01-04 08:00:00;SUDESTE/CENTRO-OESTE;SUL;-4889.805
2024-01-04 09:00:00;SUDESTE/CENTRO-OESTE;SUL;-4391.814
2024-01-04 10:00:00;SUDESTE/CENTRO-OESTE;SUL;-3403.364
2024-01-04 11:00:00;SUDESTE/CENTRO-OESTE;SUL;-1917.129
2024-01-04 12:00:00;SUDESTE/CENTRO-OESTE;SUL;-1226.43599999
2024-01-04 13:00:00;SUDESTE/CENTRO-OESTE;SUL;-2496.13299999
2024-01-04 14:00:00;SUDESTE/CENTRO-OESTE;SUL;-3206.458
2024-01-04 15:00:00;SUDESTE/CENTRO-OESTE;SUL;-2812.978
2024-01-04 16:00:00;SUDESTE/CENTRO-OESTE;SUL;-2547.268
2024-01-04 17:00:00;SUDESTE/CENTRO-OESTE;SUL;-2900.916
2024-01-04 18:00:00;SUDESTE/CENTRO-OESTE;SUL;-3984.996
2024-01-04 19:00:00;SUDESTE/CENTRO-OESTE;SUL;-3131.612
2024-01-04 20:00:00;SUDESTE/CENTRO-OESTE;SUL;-2606.98999999
2024-01-04 21:00:00;SUDESTE/CENTRO-OESTE;SUL;-2778.492
2024-01-04 22:00:00;SUDESTE/CENTRO-OESTE;SUL;-3378.497
2024-01-04 23:00:00;SUDESTE/CENTRO-OESTE;SUL;-3956.713
2024-01-05 00:00:00;SUDESTE/CENTRO-OESTE;SUL;-4992.952
2024-01-05 01:00:00;SUDESTE/CENTRO-OESTE;SUL;-5691.867
2024-01-05 02:00:00;SUDESTE/CENTRO-OESTE;SUL;-5841.212
2024-01-05 03:00:00;SUDESTE/CENTRO-OESTE;SUL;-4889.785
2024-01-05 04:00:00;SUDESTE/CENTRO-OESTE;SUL;-4819.303
2024-01-05 05:00:00;SUDESTE/CENTRO-OESTE;SUL;-4938.424
2024-01-05 06:00:00;SUDESTE/CENTRO-OESTE;SUL;-4385.657
2024-01-05 07:00:00;SUDESTE/CENTRO-OESTE;SUL;-4063.091
2024-01-05 08:00:00;SUDESTE/CENTRO-OESTE;SUL;-4059.012
2024-01-05 09:00:00;SUDESTE/CENTRO-OESTE;SUL;-3847.506
2024-01-05 10:00:00;SUDESTE/CENTRO-OESTE;SUL;-3428.189
2024-01-05 11:00:00;SUDESTE/CENTRO-OESTE;SUL;-3011.842
2024-01-05 12:00:00;SUDESTE/CENTRO-OESTE;SUL;-3311.671
2024-01-05 13:00:00;SUDESTE/CENTRO-OESTE;SUL;-3615.05
2024-01-05 14:00:00;SUDESTE/CENTRO-OESTE;SUL;-4078.22
2024-01-05 15:00:00;SUDESTE/CENTRO-OESTE;SUL;-3891.639
2024-01-05 16:00:00;SUDESTE/CENTRO-OESTE;SUL;-3527.993
2024-01-05 17:00:00;SUDESTE/CENTRO-OESTE;SUL;-3359.062
2024-01-05 18:00:00;SUDESTE/CENTRO-OESTE;SUL;-3350.09
2024-01-05 19:00:00;SUDESTE/CENTRO-OESTE;SUL;-2921.71999999
2024-01-05 20:00:00;SUDESTE/CENTRO-OESTE;SUL;-2367.138
2024-01-05 21:00:00;SUDESTE/CENTRO-OESTE;SUL;-2541.773
2024-01-05 22:00:00;SUDESTE/CENTRO-OESTE;SUL;-3041.744
2024-01-05 23:00:00;SUDESTE/CENTRO-OESTE;SUL;-3646.876
2024-01-06 00:00:00;SUDESTE/CENTRO-OESTE;SUL;-4347.616
2024-01-06 01:00:00;SUDESTE/CENTRO-OESTE;SUL;-4903.527
2024-01-06 02:00:00;SUDESTE/CENTRO-OESTE;SUL;-4691.47999999
2024-01-06 03:00:00;SUDESTE/CENTRO-OESTE;SUL;-3888.895
2024-01-06 04:00:00;SUDESTE/CENTRO-OESTE;SUL;-3753.733
2024-01-06 05:00:00;SUDESTE/CENTRO-OESTE;SUL;-3734.146
2024-01-06 06:00:00;SUDESTE/CENTRO-OESTE;SUL;-3096.033
2024-01-06 07:00:00;SUDESTE/CENTRO-OESTE;SUL;-1726.314
2024-01-06 08:00:00;SUDESTE/CENTRO-OESTE;SUL;654.846
2024-01-06 09:00:00;SUDESTE/CENTRO-OESTE;SUL;1116.164
2024-01-06 10:00:00;SUDESTE/CENTRO-OESTE;SUL;1357.473
2024-01-06 11:00:00;SUDESTE/CENTRO-OESTE;SUL;1172.65799999
2024-01-06 12:00:00;SUDESTE/CENTRO-OESTE;SUL;-405.546
2024-01-06 13:00:00;SUDESTE/CENTRO-OESTE;SUL;-1884.945
2024-01-06 14:00:00;SUDESTE/CENTRO-OESTE;SUL;-2889.21
2024-01-06 15:00:00;SUDESTE/CENTRO-OESTE;SUL;-3336.148
2024-01-06 16:00:00;SUDESTE/CENTRO-OESTE;SUL;-3025.532
2024-01-06 17:00:00;SUDESTE/CENTRO-OESTE;SUL;-3714.806
2024-01-06 18:00:00;SUDESTE/CENTRO-OESTE;SUL;-3063.168
2024-01-06 19:00:00;SUDESTE/CENTRO-OESTE;SUL;-2187.006
2024-01-06 20:00:00;SUDESTE/CENTRO-OESTE;SUL;-1428.226
2024-01-06 21:00:00;SUDESTE/CENTRO-OESTE;SUL;-1777.333
2024-01-06 22:00:00;SUDESTE/CENTRO-OESTE;SUL;-2327.936
2024-01-06 23:00:00;SUDESTE/CENTRO-OESTE;SUL;-2929.956
2024-01-07 00:00:00;SUDESTE/CENTRO-OESTE;SUL;-3869.094
2024-01-07 01:00:00;SUDESTE/CENTRO-OESTE;SUL;-4210.67
2024-01-07 02:00:00;SUDESTE/CENTRO-OESTE;SUL;-3923.238
2024-01-07 03:00:00;SUDESTE/CENTRO-OESTE;SUL;-3344.157
2024-01-07 04:00:00;SUDESTE/CENTRO-OESTE;SUL;-2675.474
2024-01-07 05:00:00;SUDESTE/CENTRO-OESTE;SUL;-2832.755
2024-01-07 06:00:00;SUDESTE/CENTRO-OESTE;SUL;-2345.323
2024-01-07 07:00:00;SUDESTE/CENTRO-OESTE;SUL;-924.275
2024-01-07 08:00:00;SUDESTE/CENTRO-OESTE;SUL;429.944
2024-01-07 09:00:00;SUDESTE/CENTRO-OESTE;SUL;596.328
2024-01-07 10:00:00;SUDESTE/CENTRO-OESTE;SUL;591.53
2024-01-07 11:00:00;SUDESTE/CENTRO-OESTE;SUL;269.842
2024-01-07 12:00:00;SUDESTE/CENTRO-OESTE;SUL;-97.07899999
2024-01-07 13:00:00;SUDESTE/CENTRO-OESTE;SUL;22.181
2024-01-07 14:00:00;SUDESTE/CENTRO-OESTE;SUL;-1.383
2024-01-07 15:00:00;SUDESTE/CENTRO-OESTE;SUL;-1505.432
2024-01-07 16:00:00;SUDESTE/CENTRO-OESTE;SUL;-1847.428
2024-01-07 17:00:00;SUDESTE/CENTRO-OESTE;SUL;-2881.292
2024-01-07 18:00:00;SUDESTE/CENTRO-OESTE;SUL;-2562.356
2024-01-07 19:00:00;SUDESTE/CENTRO-OESTE;SUL;-1879.863
2024-01-07 20:00:00;SUDESTE/CENTRO-OESTE;SUL;-994.76
2024-01-07 21:00:00;SUDESTE/CENTRO-OESTE;SUL;-953.61
2024-01-07 22:00:00;SUDESTE/CENTRO-OESTE;SUL;-1310.20599999
2024-01-07 23:00:00;SUDESTE/CENTRO-OESTE;SUL;-1960.571
2024-01-08 00:00:00;SUDESTE/CENTRO-OESTE;SUL;-2404.167
2024-01-08 01:00:00;SUDESTE/CENTRO-OESTE;SUL;-2809.895
2024-01-08 02:00:00;SUDESTE/CENTRO-OESTE;SUL;-2843.62399999
2024-01-08 03:00:00;SUDESTE/CENTRO-OESTE;SUL;-2414.814
2024-01-08 04:00:00;SUDESTE/CENTRO-OESTE;SUL;-1850.122
2024-01-08 05:00:00;SUDESTE/CENTRO-OESTE;SUL;-1493.82
2024-01-08 06:00:00;SUDESTE/CENTRO-OESTE;SUL;-1378.93
2024-01-08 07:00:00;SUDESTE/CENTRO-OESTE;SUL;-1057.823
2024-01-08 08:00:00;SUDESTE/CENTRO-OESTE;SUL;-531.162
2024-01-08 09:00:00;SUDESTE/CENTRO-OESTE;SUL;-1139.098
2024-01-08 10:00:00;SUDESTE/CENTRO-OESTE;SUL;-1506.928
2024-01-08 11:00:00;SUDESTE/CENTRO-OESTE;SUL;-1523.59
2024-01-08 12:00:00;SUDESTE/CENTRO-OESTE;SUL;-1702.792
2024-01-08 13:00:00;SUDESTE/CENTRO-OESTE;SUL;-674.921
2024-01-08 14:00:00;SUDESTE/CENTRO-OESTE;SUL;80.22199999
2024-01-08 15:00:00;SUDESTE/CENTRO-OESTE;SUL;-438.099
2024-01-08 16:00:00;SUDESTE/CENTRO-OESTE;SUL;-382.426
2024-01-08 17:00:00;SUDESTE/CENTRO-OESTE;SUL;-867.017
2024-01-08 18:00:00;SUDESTE/CENTRO-OESTE;SUL;-1752.03299999
2024-01-08 19:00:00;SUDESTE/CENTRO-OESTE;SUL;-833.124
2024-01-08 20:00:00;SUDESTE/CENTRO-OESTE;SUL;173.738
2024-01-08 21:00:00;SUDESTE/CENTRO-OESTE;SUL;133.833
2024-01-08 22:00:00;SUDESTE/CENTRO-OESTE;SUL;-502.032
2024-01-08 23:00:00;SUDESTE/CENTRO-OESTE;SUL;-1616.222
2024-01-09 00:00:00;SUDESTE/CENTRO-OESTE;SUL;-1622.27399999
2024-01-09 01:00:00;SUDESTE/CENTRO-OESTE;SUL;-2489.69999999
2024-01-09 02:00:00;SUDESTE/CENTRO-OESTE;SUL;-2662.521
2024-01-09 03:00:00;SUDESTE/CENTRO-OESTE;SUL;-2190.09
2024-01-09 04:00:00;SUDESTE/CENTRO-OESTE;SUL;-1962.531
2024-01-09 05:00:00;SUDESTE/CENTRO-OESTE;SUL;-895.538
2024-01-09 06:00:00;SUDESTE/CENTRO-OESTE;SUL;424.435
2024-01-09 07:00:00;SUDESTE/CENTRO-OESTE;SUL;1015.776
2024-01-09 08:00:00;SUDESTE/CENTRO-OESTE;SUL;882.328
2024-01-09 09:00:00;SUDESTE/CENTRO-OESTE;SUL;963.548
2024-01-09 10:00:00;SUDESTE/CENTRO-OESTE;SUL;1273.479
2024-01-09 11:00:00;SUDESTE/CENTRO-OESTE;SUL;1008.804
2024-01-09 12:00:00;SUDESTE/CENTRO-OESTE;SUL;1626.086
2024-01-09 13:00:00;SUDESTE/CENTRO-OESTE;SUL;2656.195
2024-01-09 14:00:00;SUDESTE/CENTRO-OESTE;SUL;3351.483
2024-01-09 15:00:00;SUDESTE/CENTRO-OESTE;SUL;3189.597
2024-01-09 16:00:00;SUDESTE/CENTRO-OESTE;SUL;2054.242
2024-01-09 17:00:00;SUDESTE/CENTRO-OESTE;SUL;495.16
2024-01-09 18:00:00;SUDESTE/CENTRO-OESTE;SUL;-868.26
2024-01-09 19:00:00;SUDESTE/CENTRO-OESTE;SUL;-575.187
2024-01-09 20:00:00;SUDESTE/CENTRO-OESTE;SUL;-445.424
2024-01-09 21:00:00;SUDESTE/CENTRO-OESTE;SUL;-554.184
2024-01-09 22:00:00;SUDESTE/CENTRO-OESTE;SUL;-825.314
2024-01-09 23:00:00;SUDESTE/CENTRO-OESTE;SUL;-1651.511
2024-01-10 00:00:00;SUDESTE/CENTRO-OESTE;SUL;-2662.784
2024-01-10 01:00:00;SUDESTE/CENTRO-OESTE;SUL;-3334.662
2024-01-10 02:00:00;SUDESTE/CENTRO-OESTE;SUL;-3706.111
2024-01-10 03:00:00;SUDESTE/CENTRO-OESTE;SUL;-2676.30699999
2024-01-10 04:00:00;SUDESTE/CENTRO-OESTE;SUL;-2138.831
2024-01-10 05:00:00;SUDESTE/CENTRO-OESTE;SUL;-1369.635
2024-01-10 06:00:00;SUDESTE/CENTRO-OESTE;SUL;-357.225
2024-01-10 07:00:00;SUDESTE/CENTRO-OESTE;SUL;634.0
2024-01-10 08:00:00;SUDESTE/CENTRO-OESTE;SUL;340.47699999
2024-01-10 09:00:00;SUDESTE/CENTRO-OESTE;SUL;451.127
2024-01-10 10:00:00;SUDESTE/CENTRO-OESTE;SUL;639.5
2024-01-10 11:00:00;SUDESTE/CENTRO-OESTE;SUL;952.956
2024-01-10 12:00:00;SUDESTE/CENTRO-OESTE;SUL;796.604
2024-01-10 13:00:00;SUDESTE/CENTRO-OESTE;SUL;1546.221
2024-01-10 14:00:00;SUDESTE/CENTRO-OESTE;SUL;1952.647
2024-01-10 15:00:00;SUDESTE/CENTRO-OESTE;SUL;1757.599
2024-01-10 16:00:00;SUDESTE/CENTRO-OESTE;SUL;1841.627
2024-01-10 17:00:00;SUDESTE/CENTRO-OESTE;SUL;582.106
2024-01-10 18:00:00;SUDESTE/CENTRO-OESTE;SUL;-254.421
2024-01-10 19:00:00;SUDESTE/CENTRO-OESTE;SUL;283.039
2024-01-10 20:00:00;SUDESTE/CENTRO-OESTE;SUL;1269.948
2024-01-10 21:00:00;SUDESTE/CENTRO-OESTE;SUL;1770.189
2024-01-10 22:00:00;SUDESTE/CENTRO-OESTE;SUL;1219.303
2024-01-10 23:00:00;SUDESTE/CENTRO-OESTE;SUL;285.068
2024-01-11 00:00:00;SUDESTE/CENTRO-OESTE;SUL;-301.568
2024-01-11 01:00:00;SUDESTE/CENTRO-OESTE;SUL;-452.772
2024-01-11 02:00:00;SUDESTE/CENTRO-OESTE;SUL;-805.667
2024-01-11 03:00:00;SUDESTE/CENTRO-OESTE;SUL;-488.283
2024-01-11 04:00:00;SUDESTE/CENTRO-OESTE;SUL;-508.772
2024-01-11 05:00:00;SUDESTE/CENTRO-OESTE;SUL;125.213
2024-01-11 06:00:00;SUDESTE/CENTRO-OESTE;SUL;1318.063
2024-01-11 07:00:00;SUDESTE/CENTRO-OESTE;SUL;2591.201
2024-01-11 08:00:00;SUDESTE/CENTRO-OESTE;SUL;1946.606
2024-01-11 09:00:00;SUDESTE/CENTRO-OESTE;SUL;1650.635
2024-01-11 10:00:00;SUDESTE/CENTRO-OESTE;SUL;1609.177
2024-01-11 11:00:00;SUDESTE/CENTRO-OESTE;SUL;1053.82099999
2024-01-11 12:00:00;SUDESTE/CENTRO-OESTE;SUL;1039.89799999
2024-01-11 13:00:00;SUDESTE/CENTRO-OESTE;SUL;845.272
2024-01-11 14:00:00;SUDESTE/CENTRO-OESTE;SUL;806.821
2024-01-11 15:00:00;SUDESTE/CENTRO-OESTE;SUL;123.502
2024-01-11 16:00:00;SUDESTE/CENTRO-OESTE;SUL;58.721
2024-01-11 17:00:00;SUDESTE/CENTRO-OESTE;SUL;-766.09
2024-01-11 18:00:00;SUDESTE/CENTRO-OESTE;SUL;-1666.097
2024-01-11 19:00:00;SUDESTE/CENTRO-OESTE;SUL;-927.559
2024-01-11 20:00:00;SUDESTE/CENTRO-OESTE;SUL;-620.965
2024-01-11 21:00:00;SUDESTE/CENTRO-OESTE;SUL;-620.889
2024-01-11 22:00:00;SUDESTE/CENTRO-OESTE;SUL;-861.073
2024-01-11 23:00:00;SUDESTE/CENTRO-OESTE;SUL;-1403.272
2024-01-12 00:00:00;SUDESTE/CENTRO-OESTE;SUL;-2220.99699999
2024-01-12 01:00:00;SUDESTE/CENTRO-OESTE;SUL;-2861.838
2024-01-12 02:00:00;SUDESTE/CENTRO-OESTE;SUL;-2816.527
2024-01-12 03:00:00;SUDESTE/CENTRO-OESTE;SUL;-2487.049
2024-01-12 04:00:00;SUDESTE/CENTRO-OESTE;SUL;-1921.972
2024-01-12 05:00:00;SUDESTE/CENTRO-OESTE;SUL;-1276.844
2024-01-12 06:00:00;SUDESTE/CENTRO-OESTE;SUL;-562.717
2024-01-12 07:00:00;SUDESTE/CENTRO-OESTE;SUL;783.443
2024-01-12 08:00:00;SUDESTE/CENTRO-OESTE;SUL;1330.613
2024-01-12 09:00:00;SUDESTE/CENTRO-OESTE;SUL;1072.901
2024-01-12 10:00:00;SUDESTE/CENTRO-OESTE;SUL;1054.791
2024-01-12 11:00:00;SUDESTE/CENTRO-OESTE;SUL;471.625
2024-01-12 12:00:00;SUDESTE/CENTRO-OESTE;SUL;76.398
2024-01-12 13:00:00;SUDESTE/CENTRO-OESTE;SUL;643.711
2024-01-12 14:00:00;SUDESTE/CENTRO-OESTE;SUL;924.135
2024-01-12 15:00:00;SUDESTE/CENTRO-OESTE;SUL;221.677
2024-01-12 16:00:00;SUDESTE/CENTRO-OESTE;SUL;-263.73899999
2024-01-12 17:00:00;SUDESTE/CENTRO-OESTE;SUL;-1005.607
2024-01-12 18:00:00;SUDESTE/CENTRO-OESTE;SUL;-1808.403
2024-01-12 19:00:00;SUDESTE/CENTRO-OESTE;SUL;-1461.195
2024-01-12 20:00:00;SUDESTE/CENTRO-OESTE;SUL;-1248.49499999
2024-01-12 21:00:00;SUDESTE/CENTRO-OESTE;SUL;-1512.074
2024-01-12 22:00:00;SUDESTE/CENTRO-OESTE;SUL;-1896.544
2024-01-12 23:00:00;SUDESTE/CENTRO-OESTE;SUL;-2603.954
2024-01-13 00:00:00;SUDESTE/CENTRO-OESTE;SUL;-3046.007
2024-01-13 01:00:00;SUDESTE/CENTRO-OESTE;SUL;-3011.098
2024-01-13 02:00:00;SUDESTE/CENTRO-OESTE;SUL;-1902.473
2024-01-13 03:00:00;SUDESTE/CENTRO-OESTE;SUL;-1333.90799999
2024-01-13 04:00:00;SUDESTE/CENTRO-OESTE;SUL;-692.874
2024-01-13 05:00:00;SUDESTE/CENTRO-OESTE;SUL;-202.885
2024-01-13 06:00:00;SUDESTE/CENTRO-OESTE;SUL;-252.458
2024-01-13 07:00:00;SUDESTE/CENTRO-OESTE;SUL;61.927
2024-01-13 08:00:00;SUDESTE/CENTRO-OESTE;SUL;-209.925
2024-01-13 09:00:00;SUDESTE/CENTRO-OESTE;SUL;-107.393
2024-01-13 10:00:00;SUDESTE/CENTRO-OESTE;SUL;-37.60799999
2024-01-13 11:00:00;SUDESTE/CENTRO-OESTE;SUL;256.699
2024-01-13 12:00:00;SUDESTE/CENTRO-OESTE;SUL;76.974
2024-01-13 13:00:00;SUDESTE/CENTRO-OESTE;SUL;-1844.753
2024-01-13 14:00:00;SUDESTE/CENTRO-OESTE;SUL;-2805.397
2024-01-13 15:00:00;SUDESTE/CENTRO-OESTE;SUL;-3372.901
2024-01-13 16:00:00;SUDESTE/CENTRO-OESTE;SUL;-3822.312
2024-01-13 17:00:00;SUDESTE/CENTRO-OESTE;SUL;-3451.361
2024-01-13 18:00:00;SUDESTE/CENTRO-OESTE;SUL;-3009.444
2024-01-13 19:00:00;SUDESTE/CENTRO-OESTE;SUL;-2078.30499999
2024-01-13 20:00:00;SUDESTE/CENTRO-OESTE;SUL;-1627.637
2024-01-13 21:00:00;SUDESTE/CENTRO-OESTE;SUL;-2323.44099999
2024-01-13 22:00:00;SUDESTE/CENTRO-OESTE;SUL;-3056.603
2024-01-13 23:00:00;SUDESTE/CENTRO-OESTE;SUL;-3585.761
2024-01-14 00:00:00;SUDESTE/CENTRO-OESTE;SUL;-3463.74899999
2024-01-14 01:00:00;SUDESTE/CENTRO-OESTE;SUL;-2968.286
2024-01-14 02:00:00;SUDESTE/CENTRO-OESTE;SUL;-1908.582
2024-01-14 03:00:00;SUDESTE/CENTRO-OESTE;SUL;-1422.988
2024-01-14 04:00:00;SUDESTE/CENTRO-OESTE;SUL;-1159.531
2024-01-14 05:00:00;SUDESTE/CENTRO-OESTE;SUL;-687.688
2024-01-14 06:00:00;SUDESTE/CENTRO-OESTE;SUL;150.56899999
2024-01-14 07:00:00;SUDESTE/CENTRO-OESTE;SUL;1364.386
2024-01-14 08:00:00;SUDESTE/CENTRO-OESTE;SUL;2877.559
2024-01-14 09:00:00;SUDESTE/CENTRO-OESTE;SUL;3315.128
2024-01-14 10:00:00;SUDESTE/CENTRO-OESTE;SUL;3494.533
2024-01-14 11:00:00;SUDESTE/CENTRO-OESTE;SUL;3526.57
2024-01-14 12:00:00;SUDESTE/CENTRO-OESTE;SUL;3331.71999999
2024-01-14 13:00:00;SUDESTE/CENTRO-OESTE;SUL;3453.828
2024-01-14 14:00:00;SUDESTE/CENTRO-OESTE;SUL;2449.65299999
2024-01-14 15:00:00;SUDESTE/CENTRO-OESTE;SUL;1988.782
2024-01-14 16:00:00;SUDESTE/CENTRO-OESTE;SUL;2571.677
2024-01-14 17:00:00;SUDESTE/CENTRO-OESTE;SUL;2070.501
2024-01-14 18:00:00;SUDESTE/CENTRO-OESTE;SUL;1083.478
2024-01-14 19:00:00;SUDESTE/CENTRO-OESTE;SUL;684.249
2024-01-14 20:00:00;SUDESTE/CENTRO-OESTE;SUL;1313.708
2024-01-14 21:00:00;SUDESTE/CENTRO-OESTE;SUL;1774.17
2024-01-14 22:00:00;SUDESTE/CENTRO-OESTE;SUL;1815.213
2024-01-14 23:00:00;SUDESTE/CENTRO-OESTE;SUL;1885.273
2024-01-15 00:00:00;SUDESTE/CENTRO-OESTE;SUL;881.421
2024-01-15 01:00:00;SUDESTE/CENTRO-OESTE;SUL;941.796
2024-01-15 02:00:00;SUDESTE/CENTRO-OESTE;SUL;1018.605
2024-01-15 03:00:00;SUDESTE/CENTRO-OESTE;SUL;1151.286
2024-01-15 04:00:00;SUDESTE/CENTRO-OESTE;SUL;1285.48399999
2024-01-15 05:00:00;SUDESTE/CENTRO-OESTE;SUL;1912.016
2024-01-15 06:00:00;SUDESTE/CENTRO-OESTE;SUL;2749.176
2024-01-15 07:00:00;SUDESTE/CENTRO-OESTE;SUL;3728.068
2024-01-15 08:00:00;SUDESTE/CENTRO-OESTE;SUL;3496.198
2024-01-15 09:00:00;SUDESTE/CENTRO-OESTE;SUL;3167.488
2024-01-15 10:00:00;SUDESTE/CENTRO-OESTE;SUL;3005.51
2024-01-15 11:00:00;SUDESTE/CENTRO-OESTE;SUL;3143.545
2024-01-15 12:00:00;SUDESTE/CENTRO-OESTE;SUL;2586.096
2024-01-15 13:00:00;SUDESTE/CENTRO-OESTE;SUL;1943.169
2024-01-15 14:00:00;SUDESTE/CENTRO-OESTE;SUL;1698.129
2024-01-15 15:00:00;SUDESTE/CENTRO-OESTE;SUL;1787.67
2024-01-15 16:00:00;SUDESTE/CENTRO-OESTE;SUL;1795.647
2024-01-15 17:00:00;SUDESTE/CENTRO-OESTE;SUL;1465.058
2024-01-15 18:00:00;SUDESTE/CENTRO-OESTE;SUL;646.888
2024-01-15 19:00:00;SUDESTE/CENTRO-OESTE;SUL;1235.486
2024-01-15 20:00:00;SUDESTE/CENTRO-OESTE;SUL;1718.776
2024-01-15 21:00:00;SUDESTE/CENTRO-OESTE;SUL;2079.838
2024-01-15 22:00:00;SUDESTE/CENTRO-OESTE;SUL;1445.698
2024-01-15 23:00:00;SUDESTE/CENTRO-OESTE;SUL;433.44
2024-01-16 00:00:00;SUDESTE/CENTRO-OESTE;SUL;-1229.507
2024-01-16 01:00:00;SUDESTE/CENTRO-OESTE;SUL;-1635.858
2024-01-16 02:00:00;SUDESTE/CENTRO-OESTE;SUL;-1141.182
2024-01-16 03:00:00;SUDESTE/CENTRO-OESTE;SUL;-169.38999999
2024-01-16 04:00:00;SUDESTE/CENTRO-OESTE;SUL;-156.475
2024-01-16 05:00:00;SUDESTE/CENTRO-OESTE;SUL;164.776
2024-01-16 06:00:00;SUDESTE/CENTRO-OESTE;SUL;1192.891
2024-01-16 07:00:00;SUDESTE/CENTRO-OESTE;SUL;2993.123
2024-01-16 08:00:00;SUDESTE/CENTRO-OESTE;SUL;3293.385
2024-01-16 09:00:00;SUDESTE/CENTRO-OESTE;SUL;3138.277
2024-01-16 10:00:00;SUDESTE/CENTRO-OESTE;SUL;3176.686
2024-01-16 11:00:00;SUDESTE/CENTRO-OESTE;SUL;3353.413
2024-01-16 12:00:00;SUDESTE/CENTRO-OESTE;SUL;2754.178
2024-01-16 13:00:00;SUDESTE/CENTRO-OESTE;SUL;3434.71099999
2024-01-16 14:00:00;SUDESTE/CENTRO-OESTE;SUL;4355.929
2024-01-16 15:00:00;SUDESTE/CENTRO-OESTE;SUL;4513.39099999
2024-01-16 16:00:00;SUDESTE/CENTRO-OESTE;SUL;3703.11
2024-01-16 17:00:00;SUDESTE/CENTRO-OESTE;SUL;2551.33599999
2024-01-16 18:00:00;SUDESTE/CENTRO-OESTE;SUL;1302.425
2024-01-16 19:00:00;SUDESTE/CENTRO-OESTE;SUL;550.274
2024-01-16 20:00:00;SUDESTE/CENTRO-OESTE;SUL;893.109
2024-01-16 21:00:00;SUDESTE/CENTRO-OESTE;SUL;360.369
2024-01-16 22:00:00;SUDESTE/CENTRO-OESTE;SUL;-761.914
2024-01-16 23:00:00;SUDESTE/CENTRO-OESTE;SUL;-1622.03299999
2024-01-17 00:00:00;SUDESTE/CENTRO-OESTE;SUL;-2441.748
2024-01-17 01:00:00;SUDESTE/CENTRO-OESTE;SUL;-3043.009
2024-01-17 02:00:00;SUDESTE/CENTRO-OESTE;SUL;-3464.324
2024-01-17 03:00:00;SUDESTE/CENTRO-OESTE;SUL;-2813.79799999
2024-01-17 04:00:00;SUDESTE/CENTRO-OESTE;SUL;-2535.439
2024-01-17 05:00:00;SUDESTE/CENTRO-OESTE;SUL;-1919.776
2024-01-17 06:00:00;SUDESTE/CENTRO-OESTE;SUL;-963.928
2024-01-17 07:00:00;SUDESTE/CENTRO-OESTE;SUL;419.218
2024-01-17 08:00:00;SUDESTE/CENTRO-OESTE;SUL;961.407
2024-01-17 09:00:00;SUDESTE/CENTRO-OESTE;SUL;1433.39899999
2024-01-17 10:00:00;SUDESTE/CENTRO-OESTE;SUL;1895.335
2024-01-17 11:00:00;SUDESTE/CENTRO-OESTE;SUL;1660.682
2024-01-17 12:00:00;SUDESTE/CENTRO-OESTE;SUL;859.918
2024-01-17 13:00:00;SUDESTE/CENTRO-OESTE;SUL;588.341
2024-01-17 14:00:00;SUDESTE/CENTRO-OESTE;SUL;-172.449
2024-01-17 15:00:00;SUDESTE/CENTRO-OESTE;SUL;-687.683
2024-01-17 16:00:00;SUDESTE/CENTRO-OESTE;SUL;-1218.789
2024-01-17 17:00:00;SUDESTE/CENTRO-OESTE;SUL;-1707.211
2024-01-17 18:00:00;SUDESTE/CENTRO-OESTE;SUL;-2435.889
2024-01-17 19:00:00;SUDESTE/CENTRO-OESTE;SUL;-2275.478
2024-01-17 20:00:00;SUDESTE/CENTRO-OESTE;SUL;-2141.983
2024-01-17 21:00:00;SUDESTE/CENTRO-OESTE;SUL;-2425.338
2024-01-17 22:00:00;SUDESTE/CENTRO-OESTE;SUL;-2939.268
2024-01-17 23:00:00;SUDESTE/CENTRO-OESTE;SUL;-3756.747
2024-01-18 00:00:00;SUDESTE/CENTRO-OESTE;SUL;-4681.92699999
2024-01-18 01:00:00;SUDESTE/CENTRO-OESTE;SUL;-4958.11899999
2024-01-18 02:00:00;SUDESTE/CENTRO-OESTE;SUL;-5108.734
2024-01-18 03:00:00;SUDESTE/CENTRO-OESTE;SUL;-4828.18599999
2024-01-18 04:00:00;SUDESTE/CENTRO-OESTE;SUL;-4845.977
2024-01-18 05:00:00;SUDESTE/CENTRO-OESTE;SUL;-4693.695
2024-01-18 06:00:00;SUDESTE/CENTRO-OESTE;SUL;-3976.556
2024-01-18 07:00:00;SUDESTE/CENTRO-OESTE;SUL;-2004.304
2024-01-18 08:00:00;SUDESTE/CENTRO-OESTE;SUL;-1342.769
2024-01-18 09:00:00;SUDESTE/CENTRO-OESTE;SUL;-1392.89899999
2024-01-18 10:00:00;SUDESTE/CENTRO-OESTE;SUL;-1843.891
2024-01-18 11:00:00;SUDESTE/CENTRO-OESTE;SUL;-1780.57
2024-01-18 12:00:00;SUDESTE/CENTRO-OESTE;SUL;-1684.01
2024-01-18 13:00:00;SUDESTE/CENTRO-OESTE;SUL;-1489.861
2024-01-18 14:00:00;SUDESTE/CENTRO-OESTE;SUL;-585.298
2024-01-18 15:00:00;SUDESTE/CENTRO-OESTE;SUL;-155.435
2024-01-18 16:00:00;SUDESTE/CENTRO-OESTE;SUL;197.504
2024-01-18 17:00:00;SUDESTE/CENTRO-OESTE;SUL;-313.782
2024-01-18 18:00:00;SUDESTE/CENTRO-OESTE;SUL;-1615.38899999
2024-01-18 19:00:00;SUDESTE/CENTRO-OESTE;SUL;-1823.711
2024-01-18 20:00:00;SUDESTE/CENTRO-OESTE;SUL;-1422.0
2024-01-18 21:00:00;SUDESTE/CENTRO-OESTE;SUL;-1321.102
2024-01-18 22:00:00;SUDESTE/CENTRO-OESTE;SUL;-2104.335
2024-01-18 23:00:00;SUDESTE/CENTRO-OESTE;SUL;-3197.563
2024-01-19 00:00:00;SUDESTE/CENTRO-OESTE;SUL;-4209.289
2024-01-19 01:00:00;SUDESTE/CENTRO-OESTE;SUL;-4638.462
2024-01-19 02:00:00;SUDESTE/CENTRO-OESTE;SUL;-4494.252
2024-01-19 03:00:00;SUDESTE/CENTRO-OESTE;SUL;-3860.448
2024-01-19 04:00:00;SUDESTE/CENTRO-OESTE;SUL;-3693.703
2024-01-19 05:00:00;SUDESTE/CENTRO-OESTE;SUL;-3206.704
2024-01-19 06:00:00;SUDESTE/CENTRO-OESTE;SUL;-2736.666
2024-01-19 07:00:00;SUDESTE/CENTRO-OESTE;SUL;-1522.246
2024-01-19 08:00:00;SUDESTE/CENTRO-OESTE;SUL;-1470.731
2024-01-19 09:00:00;SUDESTE/CENTRO-OESTE;SUL;-1377.631
2024-01-19 10:00:00;SUDESTE/CENTRO-OESTE;SUL;-1284.172
2024-01-19 11:00:00;SUDESTE/CENTRO-OESTE;SUL;-957.409
2024-01-19 12:00:00;SUDESTE/CENTRO-OESTE;SUL;-1261.335
2024-01-19 13:00:00;SUDESTE/CENTRO-OESTE;SUL;-545.835
2024-01-19 14:00:00;SUDESTE/CENTRO-OESTE;SUL;-300.16199999
2024-01-19 15:00:00;SUDESTE/CENTRO-OESTE;SUL;-170.715
2024-01-19 16:00:00;SUDESTE/CENTRO-OESTE;SUL;-24.803
2024-01-19 17:00:00;SUDESTE/CENTRO-OESTE;SUL;-759.538
2024-01-19 18:00:00;SUDESTE/CENTRO-OESTE;SUL;-1510.403
2024-01-19 19:00:00;SUDESTE/CENTRO-OESTE;SUL;-753.408
2024-01-19 20:00:00;SUDESTE/CENTRO-OESTE;SUL;-127.371
2024-01-19 21:00:00;SUDESTE/CENTRO-OESTE;SUL;-179.973
2024-01-19 22:00:00;SUDESTE/CENTRO-OESTE;SUL;-616.341
2024-01-19 23:00:00;SUDESTE/CENTRO-OESTE;SUL;-1345.646
2024-01-20 00:00:00;SUDESTE/CENTRO-OESTE;SUL;-2006.879
2024-01-20 01:00:00;SUDESTE/CENTRO-OESTE;SUL;-2937.06599999
2024-01-20 02:00:00;SUDESTE/CENTRO-OESTE;SUL;-3541.701
2024-01-20 03:00:00;SUDESTE/CENTRO-OESTE;SUL;-3634.249
2024-01-20 04:00:00;SUDESTE/CENTRO-OESTE;SUL;-2867.221
2024-01-20 05:00:00;SUDESTE/CENTRO-OESTE;SUL;-2256.26899999
2024-01-20 06:00:00;SUDESTE/CENTRO-OESTE;SUL;-2026.289
2024-01-20 07:00:00;SUDESTE/CENTRO-OESTE;SUL;-1790.269
2024-01-20 08:00:00;SUDESTE/CENTRO-OESTE;SUL;-1234.053
2024-01-20 09:00:00;SUDESTE/CENTRO-OESTE;SUL;-652.044
2024-01-20 10:00:00;SUDESTE/CENTRO-OESTE;SUL;-539.187
2024-01-20 11:00:00;SUDESTE/CENTRO-OESTE;SUL;-585.921
2024-01-20 12:00:00;SUDESTE/CENTRO-OESTE;SUL;-950.435
2024-01-20 13:00:00;SUDESTE/CENTRO-OESTE;SUL;-1761.269
2024-01-20 14:00:00;SUDESTE/CENTRO-OESTE;SUL;-2508.617
2024-01-20 15:00:00;SUDESTE/CENTRO-OESTE;SUL;-3267.52
2024-01-20 16:00:00;SUDESTE/CENTRO-OESTE;SUL;-3578.241
2024-01-20 17:00:00;SUDESTE/CENTRO-OESTE;SUL;-3461.167
2024-01-20 18:00:00;SUDESTE/CENTRO-OESTE;SUL;-3124.37399999
2024-01-20 19:00:00;SUDESTE/CENTRO-OESTE;SUL;-2363.054
2024-01-20 20:00:00;SUDESTE/CENTRO-OESTE;SUL;-1982.952
2024-01-20 21:00:00;SUDESTE/CENTRO-OESTE;SUL;-2338.714
2024-01-20 22:00:00;SUDESTE/CENTRO-OESTE;SUL;-2613.635
2024-01-20 23:00:00;SUDESTE/CENTRO-OESTE;SUL;-3223.895
2024-01-21 00:00:00;SUDESTE/CENTRO-OESTE;SUL;-3788.398
2024-01-21 01:00:00;SUDESTE/CENTRO-OESTE;SUL;-4208.89099999
2024-01-21 02:00:00;SUDESTE/CENTRO-OESTE;SUL;-4652.778
2024-01-21 03:00:00;SUDESTE/CENTRO-OESTE;SUL;-4725.713
2024-01-21 04:00:00;SUDESTE/CENTRO-OESTE;SUL;-4827.164
2024-01-21 05:00:00;SUDESTE/CENTRO-OESTE;SUL;-4665.31099999
2024-01-21 06:00:00;SUDESTE/CENTRO-OESTE;SUL;-3582.237
2024-01-21 07:00:00;SUDESTE/CENTRO-OESTE;SUL;-1683.685
2024-01-21 08:00:00;SUDESTE/CENTRO-OESTE;SUL;-1526.374
2024-01-21 09:00:00;SUDESTE/CENTRO-OESTE;SUL;-1416.471
2024-01-21 10:00:00;SUDESTE/CENTRO-OESTE;SUL;-580.748
2024-01-21 11:00:00;SUDESTE/CENTRO-OESTE;SUL;-1474.477
2024-01-21 12:00:00;SUDESTE/CENTRO-OESTE;SUL;-1709.714
2024-01-21 13:00:00;SUDESTE/CENTRO-OESTE;SUL;-1852.517
2024-01-21 14:00:00;SUDESTE/CENTRO-OESTE;SUL;-1865.336
2024-01-21 15:00:00;SUDESTE/CENTRO-OESTE;SUL;-1617.585
2024-01-21 16:00:00;SUDESTE/CENTRO-OESTE;SUL;-1872.592
2024-01-21 17:00:00;SUDESTE/CENTRO-OESTE;SUL;-2318.014
2024-01-21 18:00:00;SUDESTE/CENTRO-OESTE;SUL;-2911.186
2024-01-21 19:00:00;SUDESTE/CENTRO-OESTE;SUL;-2916.1
2024-01-21 20:00:00;SUDESTE/CENTRO-OESTE;SUL;-2304.255
2024-01-21 21:00:00;SUDESTE/CENTRO-OESTE;SUL;-2695.465
2024-01-21 22:00:00;SUDESTE/CENTRO-OESTE;SUL;-3022.0
2024-01-21 23:00:00;SUDESTE/CENTRO-OESTE;SUL;-3271.30699999
2024-01-22 00:00:00;SUDESTE/CENTRO-OESTE;SUL;-3833.959
2024-01-22 01:00:00;SUDESTE/CENTRO-OESTE;SUL;-4252.705
2024-01-22 02:00:00;SUDESTE/CENTRO-OESTE;SUL;-3865.233
2024-01-22 03:00:00;SUDESTE/CENTRO-OESTE;SUL;-3177.438
2024-01-22 04:00:00;SUDESTE/CENTRO-OESTE;SUL;-3293.699
2024-01-22 05:00:00;SUDESTE/CENTRO-OESTE;SUL;-2780.434
2024-01-22 06:00:00;SUDESTE/CENTRO-OESTE;SUL;-2237.39
2024-01-22 07:00:00;SUDESTE/CENTRO-OESTE;SUL;-1470.66799999
2024-01-22 08:00:00;SUDESTE/CENTRO-OESTE;SUL;-1843.323
2024-01-22 09:00:00;SUDESTE/CENTRO-OESTE;SUL;-1721.114
2024-01-22 10:00:00;SUDESTE/CENTRO-OESTE;SUL;-1477.348
2024-01-22 11:00:00;SUDESTE/CENTRO-OESTE;SUL;-1193.454
2024-01-22 12:00:00;SUDESTE/CENTRO-OESTE;SUL;-1201.689
2024-01-22 13:00:00;SUDESTE/CENTRO-OESTE;SUL;-1519.491
2024-01-22 14:00:00;SUDESTE/CENTRO-OESTE;SUL;-1762.359
2024-01-22 15:00:00;SUDESTE/CENTRO-OESTE;SUL;-2803.039
2024-01-22 16:00:00;SUDESTE/CENTRO-OESTE;SUL;-3040.429
2024-01-22 17:00:00;SUDESTE/CENTRO-OESTE;SUL;-3321.811
2024-01-22 18:00:00;SUDESTE/CENTRO-OESTE;SUL;-4161.977
2024-01-22 19:00:00;SUDESTE/CENTRO-OESTE;SUL;-3549.15
2024-01-22 20:00:00;SUDESTE/CENTRO-OESTE;SUL;-3316.774
2024-01-22 21:00:00;SUDESTE/CENTRO-OESTE;SUL;-3648.19
2024-01-22 22:00:00;SUDESTE/CENTRO-OESTE;SUL;-4153.84
2024-01-22 23:00:00;SUDESTE/CENTRO-OESTE;SUL;-4591.92199999
2024-01-23 00:00:00;SUDESTE/CENTRO-OESTE;SUL;-5540.512
2024-01-23 01:00:00;SUDESTE/CENTRO-OESTE;SUL;-5984.032
2024-01-23 02:00:00;SUDESTE/CENTRO-OESTE;SUL;-6042.085
2024-01-23 03:00:00;SUDESTE/CENTRO-OESTE;SUL;-5999.725
2024-01-23 04:00:00;SUDESTE/CENTRO-OESTE;SUL;-5792.356
2024-01-23 05:00:00;SUDESTE/CENTRO-OESTE;SUL;-5164.094
2024-01-23 06:00:00;SUDESTE/CENTRO-OESTE;SUL;-4827.528
2024-01-23 07:00:00;SUDESTE/CENTRO-OESTE;SUL;-4262.359
2024-01-23 08:00:00;SUDESTE/CENTRO-OESTE;SUL;-3774.918
2024-01-23 09:00:00;SUDESTE/CENTRO-OESTE;SUL;-3354.768
2024-01-23 10:00:00;SUDESTE/CENTRO-OESTE;SUL;-3511.825
2024-01-23 11:00:00;SUDESTE/CENTRO-OESTE;SUL;-2776.084
2024-01-23 12:00:00;SUDESTE/CENTRO-OESTE;SUL;-1872.826
2024-01-23 13:00:00;SUDESTE/CENTRO-OESTE;SUL;-2352.67099999
2024-01-23 14:00:00;SUDESTE/CENTRO-OESTE;SUL;-4071.009
2024-01-23 15:00:00;SUDESTE/CENTRO-OESTE;SUL;-4729.839
2024-01-23 16:00:00;SUDESTE/CENTRO-OESTE;SUL;-4605.213
2024-01-23 17:00:00;SUDESTE/CENTRO-OESTE;SUL;-4647.857
2024-01-23 18:00:00;SUDESTE/CENTRO-OESTE;SUL;-4199.198
2024-01-23 19:00:00;SUDESTE/CENTRO-OESTE;SUL;-3103.161
2024-01-23 20:00:00;SUDESTE/CENTRO-OESTE;SUL;-2866.606
2024-01-23 21:00:00;SUDESTE/CENTRO-OESTE;SUL;-3224.721
2024-01-23 22:00:00;SUDESTE/CENTRO-OESTE;SUL;-3912.356
2024-01-23 23:00:00;SUDESTE/CENTRO-OESTE;SUL;-4639.039
2024-01-24 00:00:00;SUDESTE/CENTRO-OESTE;SUL;-5581.508
2024-01-24 01:00:00;SUDESTE/CENTRO-OESTE;SUL;-5985.97999999
2024-01-24 02:00:00;SUDESTE/CENTRO-OESTE;SUL;-6033.729
2024-01-24 03:00:00;SUDESTE/CENTRO-OESTE;SUL;-6181.214
2024-01-24 04:00:00;SUDESTE/CENTRO-OESTE;SUL;-5960.856
2024-01-24 05:00:00;SUDESTE/CENTRO-OESTE;SUL;-5553.626
2024-01-24 06:00:00;SUDESTE/CENTRO-OESTE;SUL;-5169.698
2024-01-24 07:00:00;SUDESTE/CENTRO-OESTE;SUL;-4747.853
2024-01-24 08:00:00;SUDESTE/CENTRO-OESTE;SUL;-4192.147
2024-01-24 09:00:00;SUDESTE/CENTRO-OESTE;SUL;-4218.656
2024-01-24 10:00:00;SUDESTE/CENTRO-OESTE;SUL;-2711.541
2024-01-24 11:00:00;SUDESTE/CENTRO-OESTE;SUL;-1511.58
2024-01-24 12:00:00;SUDESTE/CENTRO-OESTE;SUL;-2275.49899999
2024-01-24 13:00:00;SUDESTE/CENTRO-OESTE;SUL;-3446.631
2024-01-24 14:00:00;SUDESTE/CENTRO-OESTE;SUL;-4724.957
2024-01-24 15:00:00;SUDESTE/CENTRO-OESTE;SUL;-4727.834
2024-01-24 16:00:00;SUDESTE/CENTRO-OESTE;SUL;-4445.895
2024-01-24 17:00:00;SUDESTE/CENTRO-OESTE;SUL;-4075.793
2024-01-24 18:00:00;SUDESTE/CENTRO-OESTE;SUL;-3681.566
2024-01-24 19:00:00;SUDESTE/CENTRO-OESTE;SUL;-2932.322
2024-01-24 20:00:00;SUDESTE/CENTRO-OESTE;SUL;-2724.648
2024-01-24 21:00:00;SUDESTE/CENTRO-OESTE;SUL;-3104.536
2024-01-24 22:00:00;SUDESTE/CENTRO-OESTE;SUL;-3784.49
2024-01-24 23:00:00;SUDESTE/CENTRO-OESTE;SUL;-4193.036
2024-01-25 00:00:00;SUDESTE/CENTRO-OESTE;SUL;-5447.233
2024-01-25 01:00:00;SUDESTE/CENTRO-OESTE;SUL;-6119.826
2024-01-25 02:00:00;SUDESTE/CENTRO-OESTE;SUL;-5929.593
2024-01-25 03:00:00;SUDESTE/CENTRO-OESTE;SUL;-5685.075
2024-01-25 04:00:00;SUDESTE/CENTRO-OESTE;SUL;-5524.564
2024-01-25 05:00:00;SUDESTE/CENTRO-OESTE;SUL;-5113.827
2024-01-25 06:00:00;SUDESTE/CENTRO-OESTE;SUL;-4614.48499999
2024-01-25 07:00:00;SUDESTE/CENTRO-OESTE;SUL;-4955.805
2024-01-25 08:00:00;SUDESTE/CENTRO-OESTE;SUL;-4483.328
2024-01-25 09:00:00;SUDESTE/CENTRO-OESTE;SUL;-4265.109
2024-01-25 10:00:00;SUDESTE/CENTRO-OESTE;SUL;-2706.849
2024-01-25 11:00:00;SUDESTE/CENTRO-OESTE;SUL;-1777.904
2024-01-25 12:00:00;SUDESTE/CENTRO-OESTE;SUL;-1149.452
2024-01-25 13:00:00;SUDESTE/CENTRO-OESTE;SUL;-3171.159
2024-01-25 14:00:00;SUDESTE/CENTRO-OESTE;SUL;-3010.289
2024-01-25 15:00:00;SUDESTE/CENTRO-OESTE;SUL;-3227.32
2024-01-25 16:00:00;SUDESTE/CENTRO-OESTE;SUL;-2598.991
2024-01-25 17:00:00;SUDESTE/CENTRO-OESTE;SUL;-2127.649
2024-01-25 18:00:00;SUDESTE/CENTRO-OESTE;SUL;-2119.775
2024-01-25 19:00:00;SUDESTE/CENTRO-OESTE;SUL;-1860.064
2024-01-25 20:00:00;SUDESTE/CENTRO-OESTE;SUL;-1717.595
2024-01-25 21:00:00;SUDESTE/CENTRO-OESTE;SUL;-2224.666
2024-01-25 22:00:00;SUDESTE/CENTRO-OESTE;SUL;-2899.705
2024-01-25 23:00:00;SUDESTE/CENTRO-OESTE;SUL;-3693.749
2024-01-26 00:00:00;SUDESTE/CENTRO-OESTE;SUL;-4782.287
2024-01-26 01:00:00;SUDESTE/CENTRO-OESTE;SUL;-4851.829
2024-01-26 02:00:00;SUDESTE/CENTRO-OESTE;SUL;-4980.759
2024-01-26 03:00:00;SUDESTE/CENTRO-OESTE;SUL;-4973.68599999
2024-01-26 04:00:00;SUDESTE/CENTRO-OESTE;SUL;-4993.581
2024-01-26 05:00:00;SUDESTE/CENTRO-OESTE;SUL;-4615.937
2024-01-26 06:00:00;SUDESTE/CENTRO-OESTE;SUL;-3775.135
2024-01-26 07:00:00;SUDESTE/CENTRO-OESTE;SUL;-2594.632
2024-01-26 08:00:00;SUDESTE/CENTRO-OESTE;SUL;-2253.042
2024-01-26 09:00:00;SUDESTE/CENTRO-OESTE;SUL;-1615.91799999
2024-01-26 10:00:00;SUDESTE/CENTRO-OESTE;SUL;-280.999
2024-01-26 11:00:00;SUDESTE/CENTRO-OESTE;SUL;781.471
2024-01-26 12:00:00;SUDESTE/CENTRO-OESTE;SUL;1552.845
2024-01-26 13:00:00;SUDESTE/CENTRO-OESTE;SUL;829.472
2024-01-26 14:00:00;SUDESTE/CENTRO-OESTE;SUL;-1458.32199999
2024-01-26 15:00:00;SUDESTE/CENTRO-OESTE;SUL;-2757.171
2024-01-26 16:00:00;SUDESTE/CENTRO-OESTE;SUL;-2831.693
2024-01-26 17:00:00;SUDESTE/CENTRO-OESTE;SUL;-2424.90099999
2024-01-26 18:00:00;SUDESTE/CENTRO-OESTE;SUL;-2634.514
2024-01-26 19:00:00;SUDESTE/CENTRO-OESTE;SUL;-1945.576
2024-01-26 20:00:00;SUDESTE/CENTRO-OESTE;SUL;-1839.855
2024-01-26 21:00:00;SUDESTE/CENTRO-OESTE;SUL;-2281.81
2024-01-26 22:00:00;SUDESTE/CENTRO-OESTE;SUL;-3079.08599999
2024-01-26 23:00:00;SUDESTE/CENTRO-OESTE;SUL;-3803.114
2024-01-27 00:00:00;SUDESTE/CENTRO-OESTE;SUL;-4217.569
2024-01-27 01:00:00;SUDESTE/CENTRO-OESTE;SUL;-3666.577
2024-01-27 02:00:00;SUDESTE/CENTRO-OESTE;SUL;-3897.787
2024-01-27 03:00:00;SUDESTE/CENTRO-OESTE;SUL;-4070.976
2024-01-27 04:00:00;SUDESTE/CENTRO-OESTE;SUL;-3887.12
2024-01-27 05:00:00;SUDESTE/CENTRO-OESTE;SUL;-2620.391
2024-01-27 06:00:00;SUDESTE/CENTRO-OESTE;SUL;-690.561
2024-01-27 07:00:00;SUDESTE/CENTRO-OESTE;SUL;567.414
2024-01-27 08:00:00;SUDESTE/CENTRO-OESTE;SUL;370.637
2024-01-27 09:00:00;SUDESTE/CENTRO-OESTE;SUL;960.087
2024-01-27 10:00:00;SUDESTE/CENTRO-OESTE;SUL;1475.379
2024-01-27 11:00:00;SUDESTE/CENTRO-OESTE;SUL;1754.685
2024-01-27 12:00:00;SUDESTE/CENTRO-OESTE;SUL;1561.936
2024-01-27 13:00:00;SUDESTE/CENTRO-OESTE;SUL;1472.83
2024-01-27 14:00:00;SUDESTE/CENTRO-OESTE;SUL;1003.628
2024-01-27 15:00:00;SUDESTE/CENTRO-OESTE;SUL;-487.486
2024-01-27 16:00:00;SUDESTE/CENTRO-OESTE;SUL;-1180.443
2024-01-27 17:00:00;SUDESTE/CENTRO-OESTE;SUL;-1145.23499999
2024-01-27 18:00:00;SUDESTE/CENTRO-OESTE;SUL;-2156.01699999
2024-01-27 19:00:00;SUDESTE/CENTRO-OESTE;SUL;-2962.183
2024-01-27 20:00:00;SUDESTE/CENTRO-OESTE;SUL;-2958.666
2024-01-27 21:00:00;SUDESTE/CENTRO-OESTE;SUL;-3580.289
2024-01-27 22:00:00;SUDESTE/CENTRO-OESTE;SUL;-4439.878
2024-01-27 23:00:00;SUDESTE/CENTRO-OESTE;SUL;-4843.463
2024-01-28 00:00:00;SUDESTE/CENTRO-OESTE;SUL;-5142.35499999
2024-01-28 01:00:00;SUDESTE/CENTRO-OESTE;SUL;-4458.522
2024-01-28 02:00:00;SUDESTE/CENTRO-OESTE;SUL;-3891.418
2024-01-28 03:00:00;SUDESTE/CENTRO-OESTE;SUL;-3928.003
2024-01-28 04:00:00;SUDESTE/CENTRO-OESTE;SUL;-3796.548
2024-01-28 05:00:00;SUDESTE/CENTRO-OESTE;SUL;-3384.922
2024-01-28 06:00:00;SUDESTE/CENTRO-OESTE;SUL;-2020.779
2024-01-28 07:00:00;SUDESTE/CENTRO-OESTE;SUL;-78.062
2024-01-28 08:00:00;SUDESTE/CENTRO-OESTE;SUL;1146.573
2024-01-28 09:00:00;SUDESTE/CENTRO-OESTE;SUL;1613.008
2024-01-28 10:00:00;SUDESTE/CENTRO-OESTE;SUL;2303.913
2024-01-28 11:00:00;SUDESTE/CENTRO-OESTE;SUL;2473.295
2024-01-28 12:00:00;SUDESTE/CENTRO-OESTE;SUL;2072.55699999
2024-01-28 13:00:00;SUDESTE/CENTRO-OESTE;SUL;2242.75
2024-01-28 14:00:00;SUDESTE/CENTRO-OESTE;SUL;947.671
2024-01-28 15:00:00;SUDESTE/CENTRO-OESTE;SUL;9.254
2024-01-28 16:00:00;SUDESTE/CENTRO-OESTE;SUL;-1505.373
2024-01-28 17:00:00;SUDESTE/CENTRO-OESTE;SUL;-3056.422
2024-01-28 18:00:00;SUDESTE/CENTRO-OESTE;SUL;-2918.384
2024-01-28 19:00:00;SUDESTE/CENTRO-OESTE;SUL;-2975.921
2024-01-28 20:00:00;SUDESTE/CENTRO-OESTE;SUL;-2971.592
2024-01-28 21:00:00;SUDESTE/CENTRO-OESTE;SUL;-3327.763
2024-01-28 22:00:00;SUDESTE/CENTRO-OESTE;SUL;-3746.798
2024-01-28 23:00:00;SUDESTE/CENTRO-OESTE;SUL;-4076.709
2024-01-29 00:00:00;SUDESTE/CENTRO-OESTE;SUL;-3024.539
2024-01-29 01:00:00;SUDESTE/CENTRO-OESTE;SUL;-2720.973
2024-01-29 02:00:00;SUDESTE/CENTRO-OESTE;SUL;-2657.457
2024-01-29 03:00:00;SUDESTE/CENTRO-OESTE;SUL;-3048.089
2024-01-29 04:00:00;SUDESTE/CENTRO-OESTE;SUL;-2527.56599999
2024-01-29 05:00:00;SUDESTE/CENTRO-OESTE;SUL;-2648.855
2024-01-29 06:00:00;SUDESTE/CENTRO-OESTE;SUL;-1748.911
2024-01-29 07:00:00;SUDESTE/CENTRO-OESTE;SUL;362.162
2024-01-29 08:00:00;SUDESTE/CENTRO-OESTE;SUL;1959.198
2024-01-29 09:00:00;SUDESTE/CENTRO-OESTE;SUL;2025.249
2024-01-29 10:00:00;SUDESTE/CENTRO-OESTE;SUL;1883.48
2024-01-29 11:00:00;SUDESTE/CENTRO-OESTE;SUL;1914.802
2024-01-29 12:00:00;SUDESTE/CENTRO-OESTE;SUL;1967.211
2024-01-29 13:00:00;SUDESTE/CENTRO-OESTE;SUL;584.717
2024-01-29 14:00:00;SUDESTE/CENTRO-OESTE;SUL;-389.714
2024-01-29 15:00:00;SUDESTE/CENTRO-OESTE;SUL;-250.949
2024-01-29 16:00:00;SUDESTE/CENTRO-OESTE;SUL;-295.794
2024-01-29 17:00:00;SUDESTE/CENTRO-OESTE;SUL;-528.03099999
2024-01-29 18:00:00;SUDESTE/CENTRO-OESTE;SUL;-1041.602
2024-01-29 19:00:00;SUDESTE/CENTRO-OESTE;SUL;-335.324
2024-01-29 20:00:00;SUDESTE/CENTRO-OESTE;SUL;345.71499999
2024-01-29 21:00:00;SUDESTE/CENTRO-OESTE;SUL;179.245
2024-01-29 22:00:00;SUDESTE/CENTRO-OESTE;SUL;-428.87
2024-01-29 23:00:00;SUDESTE/CENTRO-OESTE;SUL;-1113.582
2024-01-30 00:00:00;SUDESTE/CENTRO-OESTE;SUL;-850.477
2024-01-30 01:00:00;SUDESTE/CENTRO-OESTE;SUL;-1653.522
2024-01-30 02:00:00;SUDESTE/CENTRO-OESTE;SUL;-2097.341
2024-01-30 03:00:00;SUDESTE/CENTRO-OESTE;SUL;-2043.017
2024-01-30 04:00:00;SUDESTE/CENTRO-OESTE;SUL;-2023.905
2024-01-30 05:00:00;SUDESTE/CENTRO-OESTE;SUL;-1638.789
2024-01-30 06:00:00;SUDESTE/CENTRO-OESTE;SUL;-1102.059
2024-01-30 07:00:00;SUDESTE/CENTRO-OESTE;SUL;-415.598
2024-01-30 08:00:00;SUDESTE/CENTRO-OESTE;SUL;-319.373
2024-01-30 09:00:00;SUDESTE/CENTRO-OESTE;SUL;-306.169
2024-01-30 10:00:00;SUDESTE/CENTRO-OESTE;SUL;415.419
2024-01-30 11:00:00;SUDESTE/CENTRO-OESTE;SUL;682.987
2024-01-30 12:00:00;SUDESTE/CENTRO-OESTE;SUL;198.501
2024-01-30 13:00:00;SUDESTE/CENTRO-OESTE;SUL;63.626
2024-01-30 14:00:00;SUDESTE/CENTRO-OESTE;SUL;26.065
2024-01-30 15:00:00;SUDESTE/CENTRO-OESTE;SUL;355.052
2024-01-30 16:00:00;SUDESTE/CENTRO-OESTE;SUL;986.221
2024-01-30 17:00:00;SUDESTE/CENTRO-OESTE;SUL;849.231
2024-01-30 18:00:00;SUDESTE/CENTRO-OESTE;SUL;267.337
2024-01-30 19:00:00;SUDESTE/CENTRO-OESTE;SUL;866.639
2024-01-30 20:00:00;SUDESTE/CENTRO-OESTE;SUL;1563.015
2024-01-30 21:00:00;SUDESTE/CENTRO-OESTE;SUL;1480.935
2024-01-30 22:00:00;SUDESTE/CENTRO-OESTE;SUL;1246.233
2024-01-30 23:00:00;SUDESTE/CENTRO-OESTE;SUL;577.801
2024-01-31 00:00:00;SUDESTE/CENTRO-OESTE;SUL;740.91
2024-01-31 01:00:00;SUDESTE/CENTRO-OESTE;SUL;-624.705
2024-01-31 02:00:00;SUDESTE/CENTRO-OESTE;SUL;-1620.213
2024-01-31 03:00:00;SUDESTE/CENTRO-OESTE;SUL;-1774.729
2024-01-31 04:00:00;SUDESTE/CENTRO-OESTE;SUL;-1623.596
2024-01-31 05:00:00;SUDESTE/CENTRO-OESTE;SUL;-1017.479
2024-01-31 06:00:00;SUDESTE/CENTRO-OESTE;SUL;-345.90499999
2024-01-31 07:00:00;SUDESTE/CENTRO-OESTE;SUL;315.747
2024-01-31 08:00:00;SUDESTE/CENTRO-OESTE;SUL;1036.27299999
2024-01-31 09:00:00;SUDESTE/CENTRO-OESTE;SUL;1554.483
2024-01-31 10:00:00;SUDESTE/CENTRO-OESTE;SUL;1816.334
2024-01-31 11:00:00;SUDESTE/CENTRO-OESTE;SUL;1912.829
2024-01-31 12:00:00;SUDESTE/CENTRO-OESTE;SUL;1670.254
2024-01-31 13:00:00;SUDESTE/CENTRO-OESTE;SUL;1771.647
2024-01-31 14:00:00;SUDESTE/CENTRO-OESTE;SUL;1121.94599999
2024-01-31 15:00:00;SUDESTE/CENTRO-OESTE;SUL;1157.65
2024-01-31 16:00:00;SUDESTE/CENTRO-OESTE;SUL;2016.432
2024-01-31 17:00:00;SUDESTE/CENTRO-OESTE;SUL;2060.96799999
2024-01-31 18:00:00;SUDESTE/CENTRO-OESTE;SUL;1967.235
2024-01-31 19:00:00;SUDESTE/CENTRO-OESTE;SUL;2299.951
2024-01-31 20:00:00;SUDESTE/CENTRO-OESTE;SUL;2694.692
2024-01-31 21:00:00;SUDESTE/CENTRO-OESTE;SUL;2613.886
2024-01-31 22:00:00;SUDESTE/CENTRO-OESTE;SUL;2124.646
2024-01-31 23:00:00;SUDESTE/CENTRO-OESTE;SUL;1827.079
2024-02-01 00:00:00;SUDESTE/CENTRO-OESTE;SUL;2026.288
2024-02-01 01:00:00;SUDESTE/CENTRO-OESTE;SUL;1826.577
2024-02-01 02:00:00;SUDESTE/CENTRO-OESTE;SUL;1619.678
2024-02-01 03:00:00;SUDESTE/CENTRO-OESTE;SUL;1499.969
2024-02-01 04:00:00;SUDESTE/CENTRO-OESTE;SUL;1135.169
2024-02-01 05:00:00;SUDESTE/CENTRO-OESTE;SUL;795.999
2024-02-01 06:00:00;SUDESTE/CENTRO-OESTE;SUL;1486.901
2024-02-01 07:00:00;SUDESTE/CENTRO-OESTE;SUL;2854.889
2024-02-01 08:00:00;SUDESTE/CENTRO-OESTE;SUL;5975.929
2024-02-01 09:00:00;SUDESTE/CENTRO-OESTE;SUL;6349.50699999
2024-02-01 10:00:00;SUDESTE/CENTRO-OESTE;SUL;6231.078
2024-02-01 11:00:00;SUDESTE/CENTRO-OESTE;SUL;6624.192
2024-02-01 12:00:00;SUDESTE/CENTRO-OESTE;SUL;6740.052
2024-02-01 13:00:00;SUDESTE/CENTRO-OESTE;SUL;6740.219
2024-02-01 14:00:00;SUDESTE/CENTRO-OESTE;SUL;6157.68
2024-02-01 15:00:00;SUDESTE/CENTRO-OESTE;SUL;6151.194
2024-02-01 16:00:00;SUDESTE/CENTRO-OESTE;SUL;6445.05599999
2024-02-01 17:00:00;SUDESTE/CENTRO-OESTE;SUL;5614.645
2024-02-01 18:00:00;SUDESTE/CENTRO-OESTE;SUL;3802.359
2024-02-01 19:00:00;SUDESTE/CENTRO-OESTE;SUL;3098.96099999
2024-02-01 20:00:00;SUDESTE/CENTRO-OESTE;SUL;3793.525
2024-02-01 21:00:00;SUDESTE/CENTRO-OESTE;SUL;3912.274
2024-02-01 22:00:00;SUDESTE/CENTRO-OESTE;SUL;3891.163
2024-02-01 23:00:00;SUDESTE/CENTRO-OESTE;SUL;3698.241
2024-02-02 00:00:00;SUDESTE/CENTRO-OESTE;SUL;2196.648
2024-02-02 01:00:00;SUDESTE/CENTRO-OESTE;SUL;786.353
2024-02-02 02:00:00;SUDESTE/CENTRO-OESTE;SUL;117.642
2024-02-02 03:00:00;SUDESTE/CENTRO-OESTE;SUL;289.491
2024-02-02 04:00:00;SUDESTE/CENTRO-OESTE;SUL;-83.166
2024-02-02 05:00:00;SUDESTE/CENTRO-OESTE;SUL;709.625
2024-02-02 06:00:00;SUDESTE/CENTRO-OESTE;SUL;1774.357
2024-02-02 07:00:00;SUDESTE/CENTRO-OESTE;SUL;3135.914
2024-02-02 08:00:00;SUDESTE/CENTRO-OESTE;SUL;3749.045
2024-02-02 09:00:00;SUDESTE/CENTRO-OESTE;SUL;3959.9
2024-02-02 10:00:00;SUDESTE/CENTRO-OESTE;SUL;4290.675
2024-02-02 11:00:00;SUDESTE/CENTRO-OESTE;SUL;4785.559
2024-02-02 12:00:00;SUDESTE/CENTRO-OESTE;SUL;4253.906
2024-02-02 13:00:00;SUDESTE/CENTRO-OESTE;SUL;4681.193
2024-02-02 14:00:00;SUDESTE/CENTRO-OESTE;SUL;4176.35099999
2024-02-02 15:00:00;SUDESTE/CENTRO-OESTE;SUL;3551.786
2024-02-02 16:00:00;SUDESTE/CENTRO-OESTE;SUL;3548.137
2024-02-02 17:00:00;SUDESTE/CENTRO-OESTE;SUL;2928.608
2024-02-02 18:00:00;SUDESTE/CENTRO-OESTE;SUL;1866.165
2024-02-02 19:00:00;SUDESTE/CENTRO-OESTE;SUL;1279.22
2024-02-02 20:00:00;SUDESTE/CENTRO-OESTE;SUL;1530.621
2024-02-02 21:00:00;SUDESTE/CENTRO-OESTE;SUL;1718.424
2024-02-02 22:00:00;SUDESTE/CENTRO-OESTE;SUL;1764.257
2024-02-02 23:00:00;SUDESTE/CENTRO-OESTE;SUL;1001.117
2024-02-03 00:00:00;SUDESTE/CENTRO-OESTE;SUL;-256.843
2024-02-03 01:00:00;SUDESTE/CENTRO-OESTE;SUL;-131.8
2024-02-03 02:00:00;SUDESTE/CENTRO-OESTE;SUL;691.521
2024-02-03 03:00:00;SUDESTE/CENTRO-OESTE;SUL;1467.729
2024-02-03 04:00:00;SUDESTE/CENTRO-OESTE;SUL;2371.56
2024-02-03 05:00:00;SUDESTE/CENTRO-OESTE;SUL;2491.645
2024-02-03 06:00:00;SUDESTE/CENTRO-OESTE;SUL;3160.379
2024-02-03 07:00:00;SUDESTE/CENTRO-OESTE;SUL;4796.23499999
2024-02-03 08:00:00;SUDESTE/CENTRO-OESTE;SUL;4687.546
2024-02-03 09:00:00;SUDESTE/CENTRO-OESTE;SUL;4674.398
2024-02-03 10:00:00;SUDESTE/CENTRO-OESTE;SUL;4744.497
2024-02-03 11:00:00;SUDESTE/CENTRO-OESTE;SUL;4838.01599999
2024-02-03 12:00:00;SUDESTE/CENTRO-OESTE;SUL;4888.18599999
2024-02-03 13:00:00;SUDESTE/CENTRO-OESTE;SUL;5266.045
2024-02-03 14:00:00;SUDESTE/CENTRO-OESTE;SUL;5384.611
2024-02-03 15:00:00;SUDESTE/CENTRO-OESTE;SUL;5630.779
2024-02-03 16:00:00;SUDESTE/CENTRO-OESTE;SUL;5439.591
2024-02-03 17:00:00;SUDESTE/CENTRO-OESTE;SUL;2585.768
2024-02-03 18:00:00;SUDESTE/CENTRO-OESTE;SUL;175.41399999
2024-02-03 19:00:00;SUDESTE/CENTRO-OESTE;SUL;799.383
2024-02-03 20:00:00;SUDESTE/CENTRO-OESTE;SUL;2012.442
2024-02-03 21:00:00;SUDESTE/CENTRO-OESTE;SUL;2241.744
2024-02-03 22:00:00;SUDESTE/CENTRO-OESTE;SUL;2398.632
2024-02-03 23:00:00;SUDESTE/CENTRO-OESTE;SUL;1960.803
2024-02-04 00:00:00;SUDESTE/CENTRO-OESTE;SUL;1928.581
2024-02-04 01:00:00;SUDESTE/CENTRO-OESTE;SUL;2560.82499999
2024-02-04 02:00:00;SUDESTE/CENTRO-OESTE;SUL;3156.967
2024-02-04 03:00:00;SUDESTE/CENTRO-OESTE;SUL;3393.463
2024-02-04 04:00:00;SUDESTE/CENTRO-OESTE;SUL;3539.377
2024-02-04 05:00:00;SUDESTE/CENTRO-OESTE;SUL;3010.739
2024-02-04 06:00:00;SUDESTE/CENTRO-OESTE;SUL;2760.64399999
2024-02-04 07:00:00;SUDESTE/CENTRO-OESTE;SUL;3725.35
2024-02-04 08:00:00;SUDESTE/CENTRO-OESTE;SUL;4656.454
2024-02-04 09:00:00;SUDESTE/CENTRO-OESTE;SUL;5118.5
2024-02-04 10:00:00;SUDESTE/CENTRO-OESTE;SUL;4851.169
2024-02-04 11:00:00;SUDESTE/CENTRO-OESTE;SUL;4802.618
2024-02-04 12:00:00;SUDESTE/CENTRO-OESTE;SUL;5326.334
2024-02-04 13:00:00;SUDESTE/CENTRO-OESTE;SUL;6204.374
2024-02-04 14:00:00;SUDESTE/CENTRO-OESTE;SUL;6614.122
2024-02-04 15:00:00;SUDESTE/CENTRO-OESTE;SUL;5904.872
2024-02-04 16:00:00;SUDESTE/CENTRO-OESTE;SUL;4193.045
2024-02-04 17:00:00;SUDESTE/CENTRO-OESTE;SUL;1519.368
2024-02-04 18:00:00;SUDESTE/CENTRO-OESTE;SUL;701.759
2024-02-04 19:00:00;SUDESTE/CENTRO-OESTE;SUL;1029.12899999
2024-02-04 20:00:00;SUDESTE/CENTRO-OESTE;SUL;1633.589
2024-02-04 21:00:00;SUDESTE/CENTRO-OESTE;SUL;1637.362
2024-02-04 22:00:00;SUDESTE/CENTRO-OESTE;SUL;1217.07099999
2024-02-04 23:00:00;SUDESTE/CENTRO-OESTE;SUL;2103.227
2024-02-05 00:00:00;SUDESTE/CENTRO-OESTE;SUL;2883.21999999
2024-02-05 01:00:00;SUDESTE/CENTRO-OESTE;SUL;3578.794
2024-02-05 02:00:00;SUDESTE/CENTRO-OESTE;SUL;3955.04
2024-02-05 03:00:00;SUDESTE/CENTRO-OESTE;SUL;4078.838
2024-02-05 04:00:00;SUDESTE/CENTRO-OESTE;SUL;4085.928
2024-02-05 05:00:00;SUDESTE/CENTRO-OESTE;SUL;3102.133
2024-02-05 06:00:00;SUDESTE/CENTRO-OESTE;SUL;3192.777
2024-02-05 07:00:00;SUDESTE/CENTRO-OESTE;SUL;4288.42199999
2024-02-05 08:00:00;SUDESTE/CENTRO-OESTE;SUL;4376.31499999
2024-02-05 09:00:00;SUDESTE/CENTRO-OESTE;SUL;4274.73899999
2024-02-05 10:00:00;SUDESTE/CENTRO-OESTE;SUL;4296.838
2024-02-05 11:00:00;SUDESTE/CENTRO-OESTE;SUL;4483.662
2024-02-05 12:00:00;SUDESTE/CENTRO-OESTE;SUL;4235.128
2024-02-05 13:00:00;SUDESTE/CENTRO-OESTE;SUL;2676.26899999
2024-02-05 14:00:00;SUDESTE/CENTRO-OESTE;SUL;2644.036
2024-02-05 15:00:00;SUDESTE/CENTRO-OESTE;SUL;2461.754
2024-02-05 16:00:00;SUDESTE/CENTRO-OESTE;SUL;2665.609
2024-02-05 17:00:00;SUDESTE/CENTRO-OESTE;SUL;2420.338
2024-02-05 18:00:00;SUDESTE/CENTRO-OESTE;SUL;965.426
2024-02-05 19:00:00;SUDESTE/CENTRO-OESTE;SUL;1715.025
2024-02-05 20:00:00;SUDESTE/CENTRO-OESTE;SUL;2418.482
2024-02-05 21:00:00;SUDESTE/CENTRO-OESTE;SUL;2562.281
2024-02-05 22:00:00;SUDESTE/CENTRO-OESTE;SUL;2056.436
2024-02-05 23:00:00;SUDESTE/CENTRO-OESTE;SUL;1128.251
2024-02-06 00:00:00;SUDESTE/CENTRO-OESTE;SUL;1394.652
2024-02-06 01:00:00;SUDESTE/CENTRO-OESTE;SUL;592.822
2024-02-06 02:00:00;SUDESTE/CENTRO-OESTE;SUL;-3.42
2024-02-06 03:00:00;SUDESTE/CENTRO-OESTE;SUL;-321.617
2024-02-06 04:00:00;SUDESTE/CENTRO-OESTE;SUL;-469.071
2024-02-06 05:00:00;SUDESTE/CENTRO-OESTE;SUL;-549.184
2024-02-06 06:00:00;SUDESTE/CENTRO-OESTE;SUL;158.53
2024-02-06 07:00:00;SUDESTE/CENTRO-OESTE;SUL;2419.859
2024-02-06 08:00:00;SUDESTE/CENTRO-OESTE;SUL;3429.381
2024-02-06 09:00:00;SUDESTE/CENTRO-OESTE;SUL;3611.837
2024-02-06 10:00:00;SUDESTE/CENTRO-OESTE;SUL;3802.928
2024-02-06 11:00:00;SUDESTE/CENTRO-OESTE;SUL;3727.387
2024-02-06 12:00:00;SUDESTE/CENTRO-OESTE;SUL;3993.609
2024-02-06 13:00:00;SUDESTE/CENTRO-OESTE;SUL;3469.44
2024-02-06 14:00:00;SUDESTE/CENTRO-OESTE;SUL;3381.721
2024-02-06 15:00:00;SUDESTE/CENTRO-OESTE;SUL;3217.556
2024-02-06 16:00:00;SUDESTE/CENTRO-OESTE;SUL;3401.033
2024-02-06 17:00:00;SUDESTE/CENTRO-OESTE;SUL;3321.378
2024-02-06 18:00:00;SUDESTE/CENTRO-OESTE;SUL;2437.344
2024-02-06 19:00:00;SUDESTE/CENTRO-OESTE;SUL;2867.582
2024-02-06 20:00:00;SUDESTE/CENTRO-OESTE;SUL;3495.023
2024-02-06 21:00:00;SUDESTE/CENTRO-OESTE;SUL;3723.424
2024-02-06 22:00:00;SUDESTE/CENTRO-OESTE;SUL;3448.26
2024-02-06 23:00:00;SUDESTE/CENTRO-OESTE;SUL;2304.237
2024-02-07 00:00:00;SUDESTE/CENTRO-OESTE;SUL;1441.337
2024-02-07 01:00:00;SUDESTE/CENTRO-OESTE;SUL;1230.66699999
2024-02-07 02:00:00;SUDESTE/CENTRO-OESTE;SUL;1642.673
2024-02-07 03:00:00;SUDESTE/CENTRO-OESTE;SUL;1671.045
2024-02-07 04:00:00;SUDESTE/CENTRO-OESTE;SUL;1194.272
2024-02-07 05:00:00;SUDESTE/CENTRO-OESTE;SUL;590.318
2024-02-07 06:00:00;SUDESTE/CENTRO-OESTE;SUL;1064.684
2024-02-07 07:00:00;SUDESTE/CENTRO-OESTE;SUL;3146.945
2024-02-07 08:00:00;SUDESTE/CENTRO-OESTE;SUL;4321.953
2024-02-07 09:00:00;SUDESTE/CENTRO-OESTE;SUL;5112.323
2024-02-07 10:00:00;SUDESTE/CENTRO-OESTE;SUL;5370.588
2024-02-07 11:00:00;SUDESTE/CENTRO-OESTE;SUL;5112.89999999
2024-02-07 12:00:00;SUDESTE/CENTRO-OESTE;SUL;4450.87
2024-02-07 13:00:00;SUDESTE/CENTRO-OESTE;SUL;4480.79699999
2024-02-07 14:00:00;SUDESTE/CENTRO-OESTE;SUL;4083.036
2024-02-07 15:00:00;SUDESTE/CENTRO-OESTE;SUL;4153.88199999
2024-02-07 16:00:00;SUDESTE/CENTRO-OESTE;SUL;4373.106
2024-02-07 17:00:00;SUDESTE/CENTRO-OESTE;SUL;3926.766
2024-02-07 18:00:00;SUDESTE/CENTRO-OESTE;SUL;2596.62399999
2024-02-07 19:00:00;SUDESTE/CENTRO-OESTE;SUL;3259.305
2024-02-07 20:00:00;SUDESTE/CENTRO-OESTE;SUL;3553.168
2024-02-07 21:00:00;SUDESTE/CENTRO-OESTE;SUL;3754.347
2024-02-07 22:00:00;SUDESTE/CENTRO-OESTE;SUL;3367.341
2024-02-07 23:00:00;SUDESTE/CENTRO-OESTE;SUL;1962.945
2024-02-08 00:00:00;SUDESTE/CENTRO-OESTE;SUL;1424.814
2024-02-08 01:00:00;SUDESTE/CENTRO-OESTE;SUL;305.418
2024-02-08 02:00:00;SUDESTE/CENTRO-OESTE;SUL;542.705
2024-02-08 03:00:00;SUDESTE/CENTRO-OESTE;SUL;582.541
2024-02-08 04:00:00;SUDESTE/CENTRO-OESTE;SUL;360.019
2024-02-08 05:00:00;SUDESTE/CENTRO-OESTE;SUL;135.858
2024-02-08 06:00:00;SUDESTE/CENTRO-OESTE;SUL;577.398
2024-02-08 07:00:00;SUDESTE/CENTRO-OESTE;SUL;2504.023
2024-02-08 08:00:00;SUDESTE/CENTRO-OESTE;SUL;3011.978
2024-02-08 09:00:00;SUDESTE/CENTRO-OESTE;SUL;3040.245
2024-02-08 10:00:00;SUDESTE/CENTRO-OESTE;SUL;1774.255
2024-02-08 11:00:00;SUDESTE/CENTRO-OESTE;SUL;3416.501
2024-02-08 12:00:00;SUDESTE/CENTRO-OESTE;SUL;3880.243
2024-02-08 13:00:00;SUDESTE/CENTRO-OESTE;SUL;4566.70799999
2024-02-08 14:00:00;SUDESTE/CENTRO-OESTE;SUL;4528.573
2024-02-08 15:00:00;SUDESTE/CENTRO-OESTE;SUL;4390.271
2024-02-08 16:00:00;SUDESTE/CENTRO-OESTE;SUL;4512.134
2024-02-08 17:00:00;SUDESTE/CENTRO-OESTE;SUL;3982.806
2024-02-08 18:00:00;SUDESTE/CENTRO-OESTE;SUL;2873.002
2024-02-08 19:00:00;SUDESTE/CENTRO-OESTE;SUL;3655.046
2024-02-08 20:00:00;SUDESTE/CENTRO-OESTE;SUL;4122.816
2024-02-08 21:00:00;SUDESTE/CENTRO-OESTE;SUL;4417.796
2024-02-08 22:00:00;SUDESTE/CENTRO-OESTE;SUL;4129.66799999
2024-02-08 23:00:00;SUDESTE/CENTRO-OESTE;SUL;2508.99899999
2024-02-09 00:00:00;SUDESTE/CENTRO-OESTE;SUL;640.559
2024-02-09 01:00:00;SUDESTE/CENTRO-OESTE;SUL;-21.05099999
2024-02-09 02:00:00;SUDESTE/CENTRO-OESTE;SUL;-655.535
2024-02-09 03:00:00;SUDESTE/CENTRO-OESTE;SUL;-935.138
2024-02-09 04:00:00;SUDESTE/CENTRO-OESTE;SUL;-1067.288
2024-02-09 05:00:00;SUDESTE/CENTRO-OESTE;SUL;-1000.748
2024-02-09 06:00:00;SUDESTE/CENTRO-OESTE;SUL;94.964
2024-02-09 07:00:00;SUDESTE/CENTRO-OESTE;SUL;1505.65799999
2024-02-09 08:00:00;SUDESTE/CENTRO-OESTE;SUL;2562.501
2024-02-09 09:00:00;SUDESTE/CENTRO-OESTE;SUL;3387.866
2024-02-09 10:00:00;SUDESTE/CENTRO-OESTE;SUL;3720.429
2024-02-09 11:00:00;SUDESTE/CENTRO-OESTE;SUL;3897.741
2024-02-09 12:00:00;SUDESTE/CENTRO-OESTE;SUL;4482.7
2024-02-09 13:00:00;SUDESTE/CENTRO-OESTE;SUL;4546.054
2024-02-09 14:00:00;SUDESTE/CENTRO-OESTE;SUL;4856.642
2024-02-09 15:00:00;SUDESTE/CENTRO-OESTE;SUL;4667.962
2024-02-09 16:00:00;SUDESTE/CENTRO-OESTE;SUL;3746.962
2024-02-09 17:00:00;SUDESTE/CENTRO-OESTE;SUL;4430.438
2024-02-09 18:00:00;SUDESTE/CENTRO-OESTE;SUL;3407.611
2024-02-09 19:00:00;SUDESTE/CENTRO-OESTE;SUL;3583.233
2024-02-09 20:00:00;SUDESTE/CENTRO-OESTE;SUL;3937.689
2024-02-09 21:00:00;SUDESTE/CENTRO-OESTE;SUL;4234.57399999
2024-02-09 22:00:00;SUDESTE/CENTRO-OESTE;SUL;3905.505
2024-02-09 23:00:00;SUDESTE/CENTRO-OESTE;SUL;3045.17
2024-02-10 00:00:00;SUDESTE/CENTRO-OESTE;SUL;2089.027
2024-02-10 01:00:00;SUDESTE/CENTRO-OESTE;SUL;957.046
2024-02-10 02:00:00;SUDESTE/CENTRO-OESTE;SUL;717.701
2024-02-10 03:00:00;SUDESTE/CENTRO-OESTE;SUL;868.814
2024-02-10 04:00:00;SUDESTE/CENTRO-OESTE;SUL;1262.18699999
2024-02-10 05:00:00;SUDESTE/CENTRO-OESTE;SUL;1659.56
2024-02-10 06:00:00;SUDESTE/CENTRO-OESTE;SUL;2427.378
2024-02-10 07:00:00;SUDESTE/CENTRO-OESTE;SUL;3663.088
2024-02-10 08:00:00;SUDESTE/CENTRO-OESTE;SUL;3575.761
2024-02-10 09:00:00;SUDESTE/CENTRO-OESTE;SUL;3292.736
2024-02-10 10:00:00;SUDESTE/CENTRO-OESTE;SUL;3872.634
2024-02-10 11:00:00;SUDESTE/CENTRO-OESTE;SUL;4261.674
2024-02-10 12:00:00;SUDESTE/CENTRO-OESTE;SUL;4301.298
2024-02-10 13:00:00;SUDESTE/CENTRO-OESTE;SUL;4999.965
2024-02-10 14:00:00;SUDESTE/CENTRO-OESTE;SUL;5182.963
2024-02-10 15:00:00;SUDESTE/CENTRO-OESTE;SUL;4106.385
2024-02-10 16:00:00;SUDESTE/CENTRO-OESTE;SUL;3130.887
2024-02-10 17:00:00;SUDESTE/CENTRO-OESTE;SUL;2391.126
2024-02-10 18:00:00;SUDESTE/CENTRO-OESTE;SUL;915.325
2024-02-10 19:00:00;SUDESTE/CENTRO-OESTE;SUL;772.362
2024-02-10 20:00:00;SUDESTE/CENTRO-OESTE;SUL;929.743
2024-02-10 21:00:00;SUDESTE/CENTRO-OESTE;SUL;649.172
2024-02-10 22:00:00;SUDESTE/CENTRO-OESTE;SUL;1085.372
2024-02-10 23:00:00;SUDESTE/CENTRO-OESTE;SUL;2070.175
2024-02-11 00:00:00;SUDESTE/CENTRO-OESTE;SUL;1602.188
2024-02-11 01:00:00;SUDESTE/CENTRO-OESTE;SUL;1475.605
2024-02-11 02:00:00;SUDESTE/CENTRO-OESTE;SUL;914.163
2024-02-11 03:00:00;SUDESTE/CENTRO-OESTE;SUL;853.02
2024-02-11 04:00:00;SUDESTE/CENTRO-OESTE;SUL;406.35
2024-02-11 05:00:00;SUDESTE/CENTRO-OESTE;SUL;664.335
2024-02-11 06:00:00;SUDESTE/CENTRO-OESTE;SUL;2477.92299999
2024-02-11 07:00:00;SUDESTE/CENTRO-OESTE;SUL;4328.008
2024-02-11 08:00:00;SUDESTE/CENTRO-OESTE;SUL;4719.198
2024-02-11 09:00:00;SUDESTE/CENTRO-OESTE;SUL;3975.363
2024-02-11 10:00:00;SUDESTE/CENTRO-OESTE;SUL;4437.301
2024-02-11 11:00:00;SUDESTE/CENTRO-OESTE;SUL;4710.385
2024-02-11 12:00:00;SUDESTE/CENTRO-OESTE;SUL;4469.089
2024-02-11 13:00:00;SUDESTE/CENTRO-OESTE;SUL;5350.55599999
2024-02-11 14:00:00;SUDESTE/CENTRO-OESTE;SUL;5667.28799999
2024-02-11 15:00:00;SUDESTE/CENTRO-OESTE;SUL;5292.523
2024-02-11 16:00:00;SUDESTE/CENTRO-OESTE;SUL;4958.74
2024-02-11 17:00:00;SUDESTE/CENTRO-OESTE;SUL;4769.5
2024-02-11 18:00:00;SUDESTE/CENTRO-OESTE;SUL;3631.979
2024-02-11 19:00:00;SUDESTE/CENTRO-OESTE;SUL;1035.32
2024-02-11 20:00:00;SUDESTE/CENTRO-OESTE;SUL;1203.073
2024-02-11 21:00:00;SUDESTE/CENTRO-OESTE;SUL;1631.88
2024-02-11 22:00:00;SUDESTE/CENTRO-OESTE;SUL;1815.526
2024-02-11 23:00:00;SUDESTE/CENTRO-OESTE;SUL;1814.281
2024-02-12 00:00:00;SUDESTE/CENTRO-OESTE;SUL;2699.649
2024-02-12 01:00:00;SUDESTE/CENTRO-OESTE;SUL;3240.377
2024-02-12 02:00:00;SUDESTE/CENTRO-OESTE;SUL;4033.297
2024-02-12 03:00:00;SUDESTE/CENTRO-OESTE;SUL;4588.345
2024-02-12 04:00:00;SUDESTE/CENTRO-OESTE;SUL;4321.026
2024-02-12 05:00:00;SUDESTE/CENTRO-OESTE;SUL;4507.307
2024-02-12 06:00:00;SUDESTE/CENTRO-OESTE;SUL;5166.896
2024-02-12 07:00:00;SUDESTE/CENTRO-OESTE;SUL;6192.558
2024-02-12 08:00:00;SUDESTE/CENTRO-OESTE;SUL;6721.429
2024-02-12 09:00:00;SUDESTE/CENTRO-OESTE;SUL;5553.41
2024-02-12 10:00:00;SUDESTE/CENTRO-OESTE;SUL;4825.67
2024-02-12 11:00:00;SUDESTE/CENTRO-OESTE;SUL;4410.621
2024-02-12 12:00:00;SUDESTE/CENTRO-OESTE;SUL;4107.688
2024-02-12 13:00:00;SUDESTE/CENTRO-OESTE;SUL;3924.656
2024-02-12 14:00:00;SUDESTE/CENTRO-OESTE;SUL;4682.813
2024-02-12 15:00:00;SUDESTE/CENTRO-OESTE;SUL;3382.525
2024-02-12 16:00:00;SUDESTE/CENTRO-OESTE;SUL;1830.722
2024-02-12 17:00:00;SUDESTE/CENTRO-OESTE;SUL;1757.451
2024-02-12 18:00:00;SUDESTE/CENTRO-OESTE;SUL;871.85
2024-02-12 19:00:00;SUDESTE/CENTRO-OESTE;SUL;2040.866
2024-02-12 20:00:00;SUDESTE/CENTRO-OESTE;SUL;2454.705
2024-02-12 21:00:00;SUDESTE/CENTRO-OESTE;SUL;2368.132
2024-02-12 22:00:00;SUDESTE/CENTRO-OESTE;SUL;1949.221
2024-02-12 23:00:00;SUDESTE/CENTRO-OESTE;SUL;1138.521
2024-02-13 00:00:00;SUDESTE/CENTRO-OESTE;SUL;1172.299
2024-02-13 01:00:00;SUDESTE/CENTRO-OESTE;SUL;2055.567
2024-02-13 02:00:00;SUDESTE/CENTRO-OESTE;SUL;3632.311
2024-02-13 03:00:00;SUDESTE/CENTRO-OESTE;SUL;3880.162
2024-02-13 04:00:00;SUDESTE/CENTRO-OESTE;SUL;3560.622
2024-02-13 05:00:00;SUDESTE/CENTRO-OESTE;SUL;3903.566
2024-02-13 06:00:00;SUDESTE/CENTRO-OESTE;SUL;5412.713
2024-02-13 07:00:00;SUDESTE/CENTRO-OESTE;SUL;6501.322
2024-02-13 08:00:00;SUDESTE/CENTRO-OESTE;SUL;6127.366
2024-02-13 09:00:00;SUDESTE/CENTRO-OESTE;SUL;5700.454
2024-02-13 10:00:00;SUDESTE/CENTRO-OESTE;SUL;4818.684
2024-02-13 11:00:00;SUDESTE/CENTRO-OESTE;SUL;4694.491
2024-02-13 12:00:00;SUDESTE/CENTRO-OESTE;SUL;4413.50699999
2024-02-13 13:00:00;SUDESTE/CENTRO-OESTE;SUL;4927.621
2024-02-13 14:00:00;SUDESTE/CENTRO-OESTE;SUL;4628.063
2024-02-13 15:00:00;SUDESTE/CENTRO-OESTE;SUL;3152.155
2024-02-13 16:00:00;SUDESTE/CENTRO-OESTE;SUL;850.667
2024-02-13 17:00:00;SUDESTE/CENTRO-OESTE;SUL;-856.727
2024-02-13 18:00:00;SUDESTE/CENTRO-OESTE;SUL;-1111.471
2024-02-13 19:00:00;SUDESTE/CENTRO-OESTE;SUL;-230.422
2024-02-13 20:00:00;SUDESTE/CENTRO-OESTE;SUL;-275.67399999
2024-02-13 21:00:00;SUDESTE/CENTRO-OESTE;SUL;-422.659
2024-02-13 22:00:00;SUDESTE/CENTRO-OESTE;SUL;-680.639
2024-02-13 23:00:00;SUDESTE/CENTRO-OESTE;SUL;-1031.77299999
2024-02-14 00:00:00;SUDESTE/CENTRO-OESTE;SUL;-514.038
2024-02-14 01:00:00;SUDESTE/CENTRO-OESTE;SUL;-393.293
2024-02-14 02:00:00;SUDESTE/CENTRO-OESTE;SUL;-23.779
2024-02-14 03:00:00;SUDESTE/CENTRO-OESTE;SUL;608.642
2024-02-14 04:00:00;SUDESTE/CENTRO-OESTE;SUL;669.782
2024-02-14 05:00:00;SUDESTE/CENTRO-OESTE;SUL;1319.64799999
2024-02-14 06:00:00;SUDESTE/CENTRO-OESTE;SUL;1427.17
2024-02-14 07:00:00;SUDESTE/CENTRO-OESTE;SUL;2417.663
2024-02-14 08:00:00;SUDESTE/CENTRO-OESTE;SUL;2423.54799999
2024-02-14 09:00:00;SUDESTE/CENTRO-OESTE;SUL;1218.313
2024-02-14 10:00:00;SUDESTE/CENTRO-OESTE;SUL;186.1
2024-02-14 11:00:00;SUDESTE/CENTRO-OESTE;SUL;-868.192
2024-02-14 12:00:00;SUDESTE/CENTRO-OESTE;SUL;-637.381
2024-02-14 13:00:00;SUDESTE/CENTRO-OESTE;SUL;-574.505
2024-02-14 14:00:00;SUDESTE/CENTRO-OESTE;SUL;-513.39
2024-02-14 15:00:00;SUDESTE/CENTRO-OESTE;SUL;-699.747
2024-02-14 16:00:00;SUDESTE/CENTRO-OESTE;SUL;-377.098
2024-02-14 17:00:00;SUDESTE/CENTRO-OESTE;SUL;-616.064
2024-02-14 18:00:00;SUDESTE/CENTRO-OESTE;SUL;-1017.455
2024-02-14 19:00:00;SUDESTE/CENTRO-OESTE;SUL;-408.661
2024-02-14 20:00:00;SUDESTE/CENTRO-OESTE;SUL;-949.096
2024-02-14 21:00:00;SUDESTE/CENTRO-OESTE;SUL;-1128.71499999
2024-02-14 22:00:00;SUDESTE/CENTRO-OESTE;SUL;-1668.467
2024-02-14 23:00:00;SUDESTE/CENTRO-OESTE;SUL;-2176.006
2024-02-15 00:00:00;SUDESTE/CENTRO-OESTE;SUL;-2933.802
2024-02-15 01:00:00;SUDESTE/CENTRO-OESTE;SUL;-2172.657
2024-02-15 02:00:00;SUDESTE/CENTRO-OESTE;SUL;-1459.205
2024-02-15 03:00:00;SUDESTE/CENTRO-OESTE;SUL;-761.641
2024-02-15 04:00:00;SUDESTE/CENTRO-OESTE;SUL;-667.015
2024-02-15 05:00:00;SUDESTE/CENTRO-OESTE;SUL;-1389.243
2024-02-15 06:00:00;SUDESTE/CENTRO-OESTE;SUL;-1467.904
2024-02-15 07:00:00;SUDESTE/CENTRO-OESTE;SUL;-702.381
2024-02-15 08:00:00;SUDESTE/CENTRO-OESTE;SUL;-1215.808
2024-02-15 09:00:00;SUDESTE/CENTRO-OESTE;SUL;-828.075
2024-02-15 10:00:00;SUDESTE/CENTRO-OESTE;SUL;-542.91999999
2024-02-15 11:00:00;SUDESTE/CENTRO-OESTE;SUL;-596.049
2024-02-15 12:00:00;SUDESTE/CENTRO-OESTE;SUL;517.052
2024-02-15 13:00:00;SUDESTE/CENTRO-OESTE;SUL;23.48999999
2024-02-15 14:00:00;SUDESTE/CENTRO-OESTE;SUL;-793.247
2024-02-15 15:00:00;SUDESTE/CENTRO-OESTE;SUL;-760.613
2024-02-15 16:00:00;SUDESTE/CENTRO-OESTE;SUL;-979.974
2024-02-15 17:00:00;SUDESTE/CENTRO-OESTE;SUL;-1690.219
2024-02-15 18:00:00;SUDESTE/CENTRO-OESTE;SUL;-2126.491
2024-02-15 19:00:00;SUDESTE/CENTRO-OESTE;SUL;-1984.065
2024-02-15 20:00:00;SUDESTE/CENTRO-OESTE;SUL;-2400.868
2024-02-15 21:00:00;SUDESTE/CENTRO-OESTE;SUL;-2753.821
2024-02-15 22:00:00;SUDESTE/CENTRO-OESTE;SUL;-3083.602
2024-02-15 23:00:00;SUDESTE/CENTRO-OESTE;SUL;-4008.706
2024-02-16 00:00:00;SUDESTE/CENTRO-OESTE;SUL;-3480.802
2024-02-16 01:00:00;SUDESTE/CENTRO-OESTE;SUL;-1203.441
2024-02-16 02:00:00;SUDESTE/CENTRO-OESTE;SUL;-373.392
2024-02-16 03:00:00;SUDESTE/CENTRO-OESTE;SUL;-243.883
2024-02-16 04:00:00;SUDESTE/CENTRO-OESTE;SUL;178.461
2024-02-16 05:00:00;SUDESTE/CENTRO-OESTE;SUL;526.527
2024-02-16 06:00:00;SUDESTE/CENTRO-OESTE;SUL;1400.629
2024-02-16 07:00:00;SUDESTE/CENTRO-OESTE;SUL;1977.411
2024-02-16 08:00:00;SUDESTE/CENTRO-OESTE;SUL;769.884
2024-02-16 09:00:00;SUDESTE/CENTRO-OESTE;SUL;555.823
2024-02-16 10:00:00;SUDESTE/CENTRO-OESTE;SUL;-703.495
2024-02-16 11:00:00;SUDESTE/CENTRO-OESTE;SUL;-806.925
2024-02-16 12:00:00;SUDESTE/CENTRO-OESTE;SUL;-1094.992
2024-02-16 13:00:00;SUDESTE/CENTRO-OESTE;SUL;-1929.801
2024-02-16 14:00:00;SUDESTE/CENTRO-OESTE;SUL;-2325.841
2024-02-16 15:00:00;SUDESTE/CENTRO-OESTE;SUL;-1770.325
2024-02-16 16:00:00;SUDESTE/CENTRO-OESTE;SUL;-2085.328
2024-02-16 17:00:00;SUDESTE/CENTRO-OESTE;SUL;-1582.02
2024-02-16 18:00:00;SUDESTE/CENTRO-OESTE;SUL;-1485.784
2024-02-16 19:00:00;SUDESTE/CENTRO-OESTE;SUL;-1033.919
2024-02-16 20:00:00;SUDESTE/CENTRO-OESTE;SUL;-1305.58099999
2024-02-16 21:00:00;SUDESTE/CENTRO-OESTE;SUL;-1739.099
2024-02-16 22:00:00;SUDESTE/CENTRO-OESTE;SUL;-2061.804
2024-02-16 23:00:00;SUDESTE/CENTRO-OESTE;SUL;-2731.723
2024-02-17 00:00:00;SUDESTE/CENTRO-OESTE;SUL;-2895.172
2024-02-17 01:00:00;SUDESTE/CENTRO-OESTE;SUL;-3021.678
2024-02-17 02:00:00;SUDESTE/CENTRO-OESTE;SUL;-3331.87399999
2024-02-17 03:00:00;SUDESTE/CENTRO-OESTE;SUL;-3173.656
2024-02-17 04:00:00;SUDESTE/CENTRO-OESTE;SUL;-2463.364
2024-02-17 05:00:00;SUDESTE/CENTRO-OESTE;SUL;-1805.669
2024-02-17 06:00:00;SUDESTE/CENTRO-OESTE;SUL;-1004.039
2024-02-17 07:00:00;SUDESTE/CENTRO-OESTE;SUL;-28.982
2024-02-17 08:00:00;SUDESTE/CENTRO-OESTE;SUL;976.495
2024-02-17 09:00:00;SUDESTE/CENTRO-OESTE;SUL;2630.916
2024-02-17 10:00:00;SUDESTE/CENTRO-OESTE;SUL;2312.022
2024-02-17 11:00:00;SUDESTE/CENTRO-OESTE;SUL;1329.893
2024-02-17 12:00:00;SUDESTE/CENTRO-OESTE;SUL;1591.847
2024-02-17 13:00:00;SUDESTE/CENTRO-OESTE;SUL;1008.899
2024-02-17 14:00:00;SUDESTE/CENTRO-OESTE;SUL;160.463
2024-02-17 15:00:00;SUDESTE/CENTRO-OESTE;SUL;-1135.134
2024-02-17 16:00:00;SUDESTE/CENTRO-OESTE;SUL;-572.643
2024-02-17 17:00:00;SUDESTE/CENTRO-OESTE;SUL;101.555
2024-02-17 18:00:00;SUDESTE/CENTRO-OESTE;SUL;8.49499999
2024-02-17 19:00:00;SUDESTE/CENTRO-OESTE;SUL;107.296
2024-02-17 20:00:00;SUDESTE/CENTRO-OESTE;SUL;274.096
2024-02-17 21:00:00;SUDESTE/CENTRO-OESTE;SUL;-543.52099999
2024-02-17 22:00:00;SUDESTE/CENTRO-OESTE;SUL;-740.298
2024-02-17 23:00:00;SUDESTE/CENTRO-OESTE;SUL;-808.291
2024-02-18 00:00:00;SUDESTE/CENTRO-OESTE;SUL;-899.577
2024-02-18 01:00:00;SUDESTE/CENTRO-OESTE;SUL;-1307.89
2024-02-18 02:00:00;SUDESTE/CENTRO-OESTE;SUL;-1573.155
2024-02-18 03:00:00;SUDESTE/CENTRO-OESTE;SUL;-1539.069
2024-02-18 04:00:00;SUDESTE/CENTRO-OESTE;SUL;-1265.176
2024-02-18 05:00:00;SUDESTE/CENTRO-OESTE;SUL;-476.756
2024-02-18 06:00:00;SUDESTE/CENTRO-OESTE;SUL;-277.456
2024-02-18 07:00:00;SUDESTE/CENTRO-OESTE;SUL;908.945
2024-02-18 08:00:00;SUDESTE/CENTRO-OESTE;SUL;1814.855
2024-02-18 09:00:00;SUDESTE/CENTRO-OESTE;SUL;3078.51899999
2024-02-18 10:00:00;SUDESTE/CENTRO-OESTE;SUL;3605.094
2024-02-18 11:00:00;SUDESTE/CENTRO-OESTE;SUL;3801.869
2024-02-18 12:00:00;SUDESTE/CENTRO-OESTE;SUL;3215.513
2024-02-18 13:00:00;SUDESTE/CENTRO-OESTE;SUL;3345.231
2024-02-18 14:00:00;SUDESTE/CENTRO-OESTE;SUL;2896.707
2024-02-18 15:00:00;SUDESTE/CENTRO-OESTE;SUL;2373.541
2024-02-18 16:00:00;SUDESTE/CENTRO-OESTE;SUL;2284.083
2024-02-18 17:00:00;SUDESTE/CENTRO-OESTE;SUL;1761.151
2024-02-18 18:00:00;SUDESTE/CENTRO-OESTE;SUL;-381.456
2024-02-18 19:00:00;SUDESTE/CENTRO-OESTE;SUL;-783.422
2024-02-18 20:00:00;SUDESTE/CENTRO-OESTE;SUL;-792.35799999
2024-02-18 21:00:00;SUDESTE/CENTRO-OESTE;SUL;-888.101
2024-02-18 22:00:00;SUDESTE/CENTRO-OESTE;SUL;-931.201
2024-02-18 23:00:00;SUDESTE/CENTRO-OESTE;SUL;-673.32899999
2024-02-19 00:00:00;SUDESTE/CENTRO-OESTE;SUL;-339.773
2024-02-19 01:00:00;SUDESTE/CENTRO-OESTE;SUL;-267.17
2024-02-19 02:00:00;SUDESTE/CENTRO-OESTE;SUL;-266.194
2024-02-19 03:00:00;SUDESTE/CENTRO-OESTE;SUL;154.329
2024-02-19 04:00:00;SUDESTE/CENTRO-OESTE;SUL;175.992
2024-02-19 05:00:00;SUDESTE/CENTRO-OESTE;SUL;161.029
2024-02-19 06:00:00;SUDESTE/CENTRO-OESTE;SUL;509.488
2024-02-19 07:00:00;SUDESTE/CENTRO-OESTE;SUL;1197.09099999
2024-02-19 08:00:00;SUDESTE/CENTRO-OESTE;SUL;823.399
2024-02-19 09:00:00;SUDESTE/CENTRO-OESTE;SUL;740.557
2024-02-19 10:00:00;SUDESTE/CENTRO-OESTE;SUL;877.238
2024-02-19 11:00:00;SUDESTE/CENTRO-OESTE;SUL;1391.505
2024-02-19 12:00:00;SUDESTE/CENTRO-OESTE;SUL;2528.85
2024-02-19 13:00:00;SUDESTE/CENTRO-OESTE;SUL;2238.983
2024-02-19 14:00:00;SUDESTE/CENTRO-OESTE;SUL;2301.458
2024-02-19 15:00:00;SUDESTE/CENTRO-OESTE;SUL;1427.143
2024-02-19 16:00:00;SUDESTE/CENTRO-OESTE;SUL;1149.011
2024-02-19 17:00:00;SUDESTE/CENTRO-OESTE;SUL;878.242
2024-02-19 18:00:00;SUDESTE/CENTRO-OESTE;SUL;-255.108
2024-02-19 19:00:00;SUDESTE/CENTRO-OESTE;SUL;157.512
2024-02-19 20:00:00;SUDESTE/CENTRO-OESTE;SUL;19.694
2024-02-19 21:00:00;SUDESTE/CENTRO-OESTE;SUL;-174.576
2024-02-19 22:00:00;SUDESTE/CENTRO-OESTE;SUL;-602.121
2024-02-19 23:00:00;SUDESTE/CENTRO-OESTE;SUL;-274.19
2024-02-20 00:00:00;SUDESTE/CENTRO-OESTE;SUL;84.782
2024-02-20 01:00:00;SUDESTE/CENTRO-OESTE;SUL;-210.113
2024-02-20 02:00:00;SUDESTE/CENTRO-OESTE;SUL;-500.583
2024-02-20 03:00:00;SUDESTE/CENTRO-OESTE;SUL;-788.367
2024-02-20 04:00:00;SUDESTE/CENTRO-OESTE;SUL;-813.222
2024-02-20 05:00:00;SUDESTE/CENTRO-OESTE;SUL;-998.362
2024-02-20 06:00:00;SUDESTE/CENTRO-OESTE;SUL;-837.318
2024-02-20 07:00:00;SUDESTE/CENTRO-OESTE;SUL;-782.88699999
2024-02-20 08:00:00;SUDESTE/CENTRO-OESTE;SUL;-867.811
2024-02-20 09:00:00;SUDESTE/CENTRO-OESTE;SUL;-1081.54
2024-02-20 10:00:00;SUDESTE/CENTRO-OESTE;SUL;58.062
2024-02-20 11:00:00;SUDESTE/CENTRO-OESTE;SUL;755.312
2024-02-20 12:00:00;SUDESTE/CENTRO-OESTE;SUL;1438.304
2024-02-20 13:00:00;SUDESTE/CENTRO-OESTE;SUL;2047.933
2024-02-20 14:00:00;SUDESTE/CENTRO-OESTE;SUL;1581.048
2024-02-20 15:00:00;SUDESTE/CENTRO-OESTE;SUL;-464.109
2024-02-20 16:00:00;SUDESTE/CENTRO-OESTE;SUL;-846.313
2024-02-20 17:00:00;SUDESTE/CENTRO-OESTE;SUL;-323.08
2024-02-20 18:00:00;SUDESTE/CENTRO-OESTE;SUL;-1072.919
2024-02-20 19:00:00;SUDESTE/CENTRO-OESTE;SUL;-493.112
2024-02-20 20:00:00;SUDESTE/CENTRO-OESTE;SUL;-485.216
2024-02-20 21:00:00;SUDESTE/CENTRO-OESTE;SUL;-661.259
2024-02-20 22:00:00;SUDESTE/CENTRO-OESTE;SUL;-1434.698
2024-02-20 23:00:00;SUDESTE/CENTRO-OESTE;SUL;-2254.44
2024-02-21 00:00:00;SUDESTE/CENTRO-OESTE;SUL;-2422.822
2024-02-21 01:00:00;SUDESTE/CENTRO-OESTE;SUL;-2440.918
2024-02-21 02:00:00;SUDESTE/CENTRO-OESTE;SUL;-2064.583
2024-02-21 03:00:00;SUDESTE/CENTRO-OESTE;SUL;-1757.199
2024-02-21 04:00:00;SUDESTE/CENTRO-OESTE;SUL;-1731.065
2024-02-21 05:00:00;SUDESTE/CENTRO-OESTE;SUL;-1856.996
2024-02-21 06:00:00;SUDESTE/CENTRO-OESTE;SUL;-654.956
2024-02-21 07:00:00;SUDESTE/CENTRO-OESTE;SUL;-37.706
2024-02-21 08:00:00;SUDESTE/CENTRO-OESTE;SUL;201.964
2024-02-21 09:00:00;SUDESTE/CENTRO-OESTE;SUL;840.164
2024-02-21 10:00:00;SUDESTE/CENTRO-OESTE;SUL;722.263
2024-02-21 11:00:00;SUDESTE/CENTRO-OESTE;SUL;1789.132
2024-02-21 12:00:00;SUDESTE/CENTRO-OESTE;SUL;3400.506
2024-02-21 13:00:00;SUDESTE/CENTRO-OESTE;SUL;1997.185
2024-02-21 14:00:00;SUDESTE/CENTRO-OESTE;SUL;1796.809
2024-02-21 15:00:00;SUDESTE/CENTRO-OESTE;SUL;1434.672
2024-02-21 16:00:00;SUDESTE/CENTRO-OESTE;SUL;827.261
2024-02-21 17:00:00;SUDESTE/CENTRO-OESTE;SUL;574.57899999
2024-02-21 18:00:00;SUDESTE/CENTRO-OESTE;SUL;365.484
2024-02-21 19:00:00;SUDESTE/CENTRO-OESTE;SUL;1188.805
2024-02-21 20:00:00;SUDESTE/CENTRO-OESTE;SUL;1212.09999999
2024-02-21 21:00:00;SUDESTE/CENTRO-OESTE;SUL;961.745
2024-02-21 22:00:00;SUDESTE/CENTRO-OESTE;SUL;314.574
2024-02-21 23:00:00;SUDESTE/CENTRO-OESTE;SUL;-528.72799999
2024-02-22 00:00:00;SUDESTE/CENTRO-OESTE;SUL;-1009.918
2024-02-22 01:00:00;SUDESTE/CENTRO-OESTE;SUL;-1179.851
2024-02-22 02:00:00;SUDESTE/CENTRO-OESTE;SUL;-1519.09099999
2024-02-22 03:00:00;SUDESTE/CENTRO-OESTE;SUL;-1670.409
2024-02-22 04:00:00;SUDESTE/CENTRO-OESTE;SUL;-1620.448
2024-02-22 05:00:00;SUDESTE/CENTRO-OESTE;SUL;-758.816
2024-02-22 06:00:00;SUDESTE/CENTRO-OESTE;SUL;343.658
2024-02-22 07:00:00;SUDESTE/CENTRO-OESTE;SUL;1117.842
2024-02-22 08:00:00;SUDESTE/CENTRO-OESTE;SUL;1038.271
2024-02-22 09:00:00;SUDESTE/CENTRO-OESTE;SUL;558.49
2024-02-22 10:00:00;SUDESTE/CENTRO-OESTE;SUL;43.61
2024-02-22 11:00:00;SUDESTE/CENTRO-OESTE;SUL;-283.153
2024-02-22 12:00:00;SUDESTE/CENTRO-OESTE;SUL;-158.013
2024-02-22 13:00:00;SUDESTE/CENTRO-OESTE;SUL;148.41
2024-02-22 14:00:00;SUDESTE/CENTRO-OESTE;SUL;1034.083
2024-02-22 15:00:00;SUDESTE/CENTRO-OESTE;SUL;1318.584
2024-02-22 16:00:00;SUDESTE/CENTRO-OESTE;SUL;1379.539
2024-02-22 17:00:00;SUDESTE/CENTRO-OESTE;SUL;865.405
2024-02-22 18:00:00;SUDESTE/CENTRO-OESTE;SUL;323.064
2024-02-22 19:00:00;SUDESTE/CENTRO-OESTE;SUL;1485.872
2024-02-22 20:00:00;SUDESTE/CENTRO-OESTE;SUL;1403.223
2024-02-22 21:00:00;SUDESTE/CENTRO-OESTE;SUL;1415.337
2024-02-22 22:00:00;SUDESTE/CENTRO-OESTE;SUL;953.135
2024-02-22 23:00:00;SUDESTE/CENTRO-OESTE;SUL;-298.523
2024-02-23 00:00:00;SUDESTE/CENTRO-OESTE;SUL;-1485.511
2024-02-23 01:00:00;SUDESTE/CENTRO-OESTE;SUL;-2045.865
2024-02-23 02:00:00;SUDESTE/CENTRO-OESTE;SUL;-1893.128
2024-02-23 03:00:00;SUDESTE/CENTRO-OESTE;SUL;-1769.564
2024-02-23 04:00:00;SUDESTE/CENTRO-OESTE;SUL;-1659.326
2024-02-23 05:00:00;SUDESTE/CENTRO-OESTE;SUL;-1732.349
2024-02-23 06:00:00;SUDESTE/CENTRO-OESTE;SUL;-1252.099
2024-02-23 07:00:00;SUDESTE/CENTRO-OESTE;SUL;-282.60899999
2024-02-23 08:00:00;SUDESTE/CENTRO-OESTE;SUL;-238.498
2024-02-23 09:00:00;SUDESTE/CENTRO-OESTE;SUL;-300.587
2024-02-23 10:00:00;SUDESTE/CENTRO-OESTE;SUL;231.384
2024-02-23 11:00:00;SUDESTE/CENTRO-OESTE;SUL;748.841
2024-02-23 12:00:00;SUDESTE/CENTRO-OESTE;SUL;1129.566
2024-02-23 13:00:00;SUDESTE/CENTRO-OESTE;SUL;1628.93
2024-02-23 14:00:00;SUDESTE/CENTRO-OESTE;SUL;1254.468
2024-02-23 15:00:00;SUDESTE/CENTRO-OESTE;SUL;1348.286
2024-02-23 16:00:00;SUDESTE/CENTRO-OESTE;SUL;1584.292
2024-02-23 17:00:00;SUDESTE/CENTRO-OESTE;SUL;1307.977
2024-02-23 18:00:00;SUDESTE/CENTRO-OESTE;SUL;859.499
2024-02-23 19:00:00;SUDESTE/CENTRO-OESTE;SUL;1956.347
2024-02-23 20:00:00;SUDESTE/CENTRO-OESTE;SUL;2002.662
2024-02-23 21:00:00;SUDESTE/CENTRO-OESTE;SUL;2078.765
2024-02-23 22:00:00;SUDESTE/CENTRO-OESTE;SUL;1636.607
2024-02-23 23:00:00;SUDESTE/CENTRO-OESTE;SUL;754.596
2024-02-24 00:00:00;SUDESTE/CENTRO-OESTE;SUL;564.27099999
2024-02-24 01:00:00;SUDESTE/CENTRO-OESTE;SUL;1371.843
2024-02-24 02:00:00;SUDESTE/CENTRO-OESTE;SUL;1860.745
2024-02-24 03:00:00;SUDESTE/CENTRO-OESTE;SUL;1983.606
2024-02-24 04:00:00;SUDESTE/CENTRO-OESTE;SUL;2051.259
2024-02-24 05:00:00;SUDESTE/CENTRO-OESTE;SUL;1876.847
2024-02-24 06:00:00;SUDESTE/CENTRO-OESTE;SUL;3082.623
2024-02-24 07:00:00;SUDESTE/CENTRO-OESTE;SUL;5533.116
2024-02-24 08:00:00;SUDESTE/CENTRO-OESTE;SUL;6260.896
2024-02-24 09:00:00;SUDESTE/CENTRO-OESTE;SUL;6145.572
2024-02-24 10:00:00;SUDESTE/CENTRO-OESTE;SUL;6015.702
2024-02-24 11:00:00;SUDESTE/CENTRO-OESTE;SUL;4946.823
2024-02-24 12:00:00;SUDESTE/CENTRO-OESTE;SUL;5026.475
2024-02-24 13:00:00;SUDESTE/CENTRO-OESTE;SUL;5517.732
2024-02-24 14:00:00;SUDESTE/CENTRO-OESTE;SUL;5839.699
2024-02-24 15:00:00;SUDESTE/CENTRO-OESTE;SUL;5238.47599999
2024-02-24 16:00:00;SUDESTE/CENTRO-OESTE;SUL;4242.81099999
2024-02-24 17:00:00;SUDESTE/CENTRO-OESTE;SUL;1399.749
2024-02-24 18:00:00;SUDESTE/CENTRO-OESTE;SUL;719.666
2024-02-24 19:00:00;SUDESTE/CENTRO-OESTE;SUL;1324.814
2024-02-24 20:00:00;SUDESTE/CENTRO-OESTE;SUL;1112.693
2024-02-24 21:00:00;SUDESTE/CENTRO-OESTE;SUL;1144.489
2024-02-24 22:00:00;SUDESTE/CENTRO-OESTE;SUL;1262.643
2024-02-24 23:00:00;SUDESTE/CENTRO-OESTE;SUL;630.03099999
2024-02-25 00:00:00;SUDESTE/CENTRO-OESTE;SUL;1456.215
2024-02-25 01:00:00;SUDESTE/CENTRO-OESTE;SUL;1699.896
2024-02-25 02:00:00;SUDESTE/CENTRO-OESTE;SUL;1745.164
2024-02-25 03:00:00;SUDESTE/CENTRO-OESTE;SUL;1845.678
2024-02-25 04:00:00;SUDESTE/CENTRO-OESTE;SUL;1789.727
2024-02-25 05:00:00;SUDESTE/CENTRO-OESTE;SUL;1614.501
2024-02-25 06:00:00;SUDESTE/CENTRO-OESTE;SUL;3051.885
2024-02-25 07:00:00;SUDESTE/CENTRO-OESTE;SUL;4388.072
2024-02-25 08:00:00;SUDESTE/CENTRO-OESTE;SUL;4582.142
2024-02-25 09:00:00;SUDESTE/CENTRO-OESTE;SUL;4418.263
2024-02-25 10:00:00;SUDESTE/CENTRO-OESTE;SUL;4323.905
2024-02-25 11:00:00;SUDESTE/CENTRO-OESTE;SUL;4088.034
2024-02-25 12:00:00;SUDESTE/CENTRO-OESTE;SUL;3945.924
2024-02-25 13:00:00;SUDESTE/CENTRO-OESTE;SUL;4262.142
2024-02-25 14:00:00;SUDESTE/CENTRO-OESTE;SUL;4918.22599999
2024-02-25 15:00:00;SUDESTE/CENTRO-OESTE;SUL;5742.129
2024-02-25 16:00:00;SUDESTE/CENTRO-OESTE;SUL;5715.61399999
2024-02-25 17:00:00;SUDESTE/CENTRO-OESTE;SUL;3220.975
2024-02-25 18:00:00;SUDESTE/CENTRO-OESTE;SUL;15.074
2024-02-25 19:00:00;SUDESTE/CENTRO-OESTE;SUL;-192.567
2024-02-25 20:00:00;SUDESTE/CENTRO-OESTE;SUL;-37.389
2024-02-25 21:00:00;SUDESTE/CENTRO-OESTE;SUL;63.947
2024-02-25 22:00:00;SUDESTE/CENTRO-OESTE;SUL;107.241
2024-02-25 23:00:00;SUDESTE/CENTRO-OESTE;SUL;864.057
2024-02-26 00:00:00;SUDESTE/CENTRO-OESTE;SUL;872.263
2024-02-26 01:00:00;SUDESTE/CENTRO-OESTE;SUL;1744.516
2024-02-26 02:00:00;SUDESTE/CENTRO-OESTE;SUL;3144.654
2024-02-26 03:00:00;SUDESTE/CENTRO-OESTE;SUL;3634.505
2024-02-26 04:00:00;SUDESTE/CENTRO-OESTE;SUL;3538.852
2024-02-26 05:00:00;SUDESTE/CENTRO-OESTE;SUL;3113.149
2024-02-26 06:00:00;SUDESTE/CENTRO-OESTE;SUL;4193.582
2024-02-26 07:00:00;SUDESTE/CENTRO-OESTE;SUL;4927.66299999
2024-02-26 08:00:00;SUDESTE/CENTRO-OESTE;SUL;4292.93599999
2024-02-26 09:00:00;SUDESTE/CENTRO-OESTE;SUL;4647.506
2024-02-26 10:00:00;SUDESTE/CENTRO-OESTE;SUL;4516.602
2024-02-26 11:00:00;SUDESTE/CENTRO-OESTE;SUL;4192.16299999
2024-02-26 12:00:00;SUDESTE/CENTRO-OESTE;SUL;4276.705
2024-02-26 13:00:00;SUDESTE/CENTRO-OESTE;SUL;3628.489
2024-02-26 14:00:00;SUDESTE/CENTRO-OESTE;SUL;3006.301
2024-02-26 15:00:00;SUDESTE/CENTRO-OESTE;SUL;1775.525
2024-02-26 16:00:00;SUDESTE/CENTRO-OESTE;SUL;1113.092
2024-02-26 17:00:00;SUDESTE/CENTRO-OESTE;SUL;348.681
2024-02-26 18:00:00;SUDESTE/CENTRO-OESTE;SUL;308.391
2024-02-26 19:00:00;SUDESTE/CENTRO-OESTE;SUL;1130.262
2024-02-26 20:00:00;SUDESTE/CENTRO-OESTE;SUL;194.196
2024-02-26 21:00:00;SUDESTE/CENTRO-OESTE;SUL;134.69999999
2024-02-26 22:00:00;SUDESTE/CENTRO-OESTE;SUL;777.403
2024-02-26 23:00:00;SUDESTE/CENTRO-OESTE;SUL;1369.52399999
2024-02-27 00:00:00;SUDESTE/CENTRO-OESTE;SUL;1106.796
2024-02-27 01:00:00;SUDESTE/CENTRO-OESTE;SUL;1291.771
2024-02-27 02:00:00;SUDESTE/CENTRO-OESTE;SUL;2224.957
2024-02-27 03:00:00;SUDESTE/CENTRO-OESTE;SUL;2910.984
2024-02-27 04:00:00;SUDESTE/CENTRO-OESTE;SUL;3972.895
2024-02-27 05:00:00;SUDESTE/CENTRO-OESTE;SUL;4065.025
2024-02-27 06:00:00;SUDESTE/CENTRO-OESTE;SUL;5309.87
2024-02-27 07:00:00;SUDESTE/CENTRO-OESTE;SUL;5927.12
2024-02-27 08:00:00;SUDESTE/CENTRO-OESTE;SUL;5845.371
2024-02-27 09:00:00;SUDESTE/CENTRO-OESTE;SUL;5835.571
2024-02-27 10:00:00;SUDESTE/CENTRO-OESTE;SUL;5982.204
2024-02-27 11:00:00;SUDESTE/CENTRO-OESTE;SUL;5791.85499999
2024-02-27 12:00:00;SUDESTE/CENTRO-OESTE;SUL;5029.381
2024-02-27 13:00:00;SUDESTE/CENTRO-OESTE;SUL;4667.517
2024-02-27 14:00:00;SUDESTE/CENTRO-OESTE;SUL;3952.968
2024-02-27 15:00:00;SUDESTE/CENTRO-OESTE;SUL;3794.466
2024-02-27 16:00:00;SUDESTE/CENTRO-OESTE;SUL;2294.477
2024-02-27 17:00:00;SUDESTE/CENTRO-OESTE;SUL;1645.056
2024-02-27 18:00:00;SUDESTE/CENTRO-OESTE;SUL;1197.693
2024-02-27 19:00:00;SUDESTE/CENTRO-OESTE;SUL;1106.625
2024-02-27 20:00:00;SUDESTE/CENTRO-OESTE;SUL;905.627
2024-02-27 21:00:00;SUDESTE/CENTRO-OESTE;SUL;824.297
2024-02-27 22:00:00;SUDESTE/CENTRO-OESTE;SUL;1109.939
2024-02-27 23:00:00;SUDESTE/CENTRO-OESTE;SUL;534.323
2024-02-28 00:00:00;SUDESTE/CENTRO-OESTE;SUL;318.54899999
2024-02-28 01:00:00;SUDESTE/CENTRO-OESTE;SUL;637.04499999
2024-02-28 02:00:00;SUDESTE/CENTRO-OESTE;SUL;838.915
2024-02-28 03:00:00;SUDESTE/CENTRO-OESTE;SUL;1220.111
2024-02-28 04:00:00;SUDESTE/CENTRO-OESTE;SUL;1208.18599999
2024-02-28 05:00:00;SUDESTE/CENTRO-OESTE;SUL;1161.376
2024-02-28 06:00:00;SUDESTE/CENTRO-OESTE;SUL;2127.939
2024-02-28 07:00:00;SUDESTE/CENTRO-OESTE;SUL;2988.14399999
2024-02-28 08:00:00;SUDESTE/CENTRO-OESTE;SUL;3474.54
2024-02-28 09:00:00;SUDESTE/CENTRO-OESTE;SUL;3477.777
2024-02-28 10:00:00;SUDESTE/CENTRO-OESTE;SUL;2598.46799999
2024-02-28 11:00:00;SUDESTE/CENTRO-OESTE;SUL;2300.683
2024-02-28 12:00:00;SUDESTE/CENTRO-OESTE;SUL;1686.3
2024-02-28 13:00:00;SUDESTE/CENTRO-OESTE;SUL;1021.314
2024-02-28 14:00:00;SUDESTE/CENTRO-OESTE;SUL;1253.24499999
2024-02-28 15:00:00;SUDESTE/CENTRO-OESTE;SUL;1508.869
2024-02-28 16:00:00;SUDESTE/CENTRO-OESTE;SUL;1914.622
2024-02-28 17:00:00;SUDESTE/CENTRO-OESTE;SUL;1092.299
2024-02-28 18:00:00;SUDESTE/CENTRO-OESTE;SUL;351.32799999
2024-02-28 19:00:00;SUDESTE/CENTRO-OESTE;SUL;1303.444
2024-02-28 20:00:00;SUDESTE/CENTRO-OESTE;SUL;1207.425
2024-02-28 21:00:00;SUDESTE/CENTRO-OESTE;SUL;1115.85999999
2024-02-28 22:00:00;SUDESTE/CENTRO-OESTE;SUL;440.986
2024-02-28 23:00:00;SUDESTE/CENTRO-OESTE;SUL;-625.989
2024-02-29 00:00:00;SUDESTE/CENTRO-OESTE;SUL;-1399.03299999
2024-02-29 01:00:00;SUDESTE/CENTRO-OESTE;SUL;-2132.962
2024-02-29 02:00:00;SUDESTE/CENTRO-OESTE;SUL;-2040.042
2024-02-29 03:00:00;SUDESTE/CENTRO-OESTE;SUL;-1432.378
2024-02-29 04:00:00;SUDESTE/CENTRO-OESTE;SUL;-1004.748
2024-02-29 05:00:00;SUDESTE/CENTRO-OESTE;SUL;-1462.843
2024-02-29 06:00:00;SUDESTE/CENTRO-OESTE;SUL;-279.729
2024-02-29 07:00:00;SUDESTE/CENTRO-OESTE;SUL;2027.319
2024-02-29 08:00:00;SUDESTE/CENTRO-OESTE;SUL;2101.532
2024-02-29 09:00:00;SUDESTE/CENTRO-OESTE;SUL;1941.636
2024-02-29 10:00:00;SUDESTE/CENTRO-OESTE;SUL;1230.992
2024-02-29 11:00:00;SUDESTE/CENTRO-OESTE;SUL;1015.877
2024-02-29 12:00:00;SUDESTE/CENTRO-OESTE;SUL;797.312
2024-02-29 13:00:00;SUDESTE/CENTRO-OESTE;SUL;1262.511
2024-02-29 14:00:00;SUDESTE/CENTRO-OESTE;SUL;827.88
2024-02-29 15:00:00;SUDESTE/CENTRO-OESTE;SUL;1080.06099999
2024-02-29 16:00:00;SUDESTE/CENTRO-OESTE;SUL;1555.078
2024-02-29 17:00:00;SUDESTE/CENTRO-OESTE;SUL;1008.302
2024-02-29 18:00:00;SUDESTE/CENTRO-OESTE;SUL;149.53899999
2024-02-29 19:00:00;SUDESTE/CENTRO-OESTE;SUL;1003.793
2024-02-29 20:00:00;SUDESTE/CENTRO-OESTE;SUL;998.719
2024-02-29 21:00:00;SUDESTE/CENTRO-OESTE;SUL;955.465
2024-02-29 22:00:00;SUDESTE/CENTRO-OESTE;SUL;280.954
2024-02-29 23:00:00;SUDESTE/CENTRO-OESTE;SUL;-725.925
2024-03-01 00:00:00;SUDESTE/CENTRO-OESTE;SUL;-1270.229
2024-03-01 01:00:00;SUDESTE/CENTRO-OESTE;SUL;-1363.982
2024-03-01 02:00:00;SUDESTE/CENTRO-OESTE;SUL;-1701.356
2024-03-01 03:00:00;SUDESTE/CENTRO-OESTE;SUL;-1601.535
2024-03-01 04:00:00;SUDESTE/CENTRO-OESTE;SUL;-1232.18
2024-03-01 05:00:00;SUDESTE/CENTRO-OESTE;SUL;-1105.433
2024-03-01 06:00:00;SUDESTE/CENTRO-OESTE;SUL;-751.148
2024-03-01 07:00:00;SUDESTE/CENTRO-OESTE;SUL;942.959
2024-03-01 08:00:00;SUDESTE/CENTRO-OESTE;SUL;803.809
2024-03-01 09:00:00;SUDESTE/CENTRO-OESTE;SUL;956.892
2024-03-01 10:00:00;SUDESTE/CENTRO-OESTE;SUL;1435.598
2024-03-01 11:00:00;SUDESTE/CENTRO-OESTE;SUL;1393.122
2024-03-01 12:00:00;SUDESTE/CENTRO-OESTE;SUL;1593.453
2024-03-01 13:00:00;SUDESTE/CENTRO-OESTE;SUL;513.64599999
2024-03-01 14:00:00;SUDESTE/CENTRO-OESTE;SUL;385.178
2024-03-01 15:00:00;SUDESTE/CENTRO-OESTE;SUL;824.391
2024-03-01 16:00:00;SUDESTE/CENTRO-OESTE;SUL;26.236
2024-03-01 17:00:00;SUDESTE/CENTRO-OESTE;SUL;-177.057
2024-03-01 18:00:00;SUDESTE/CENTRO-OESTE;SUL;-447.535
2024-03-01 19:00:00;SUDESTE/CENTRO-OESTE;SUL;579.908
2024-03-01 20:00:00;SUDESTE/CENTRO-OESTE;SUL;299.591
2024-03-01 21:00:00;SUDESTE/CENTRO-OESTE;SUL;152.327
2024-03-01 22:00:00;SUDESTE/CENTRO-OESTE;SUL;-331.454
2024-03-01 23:00:00;SUDESTE/CENTRO-OESTE;SUL;-1145.405
2024-03-02 00:00:00;SUDESTE/CENTRO-OESTE;SUL;-1439.973
2024-03-02 01:00:00;SUDESTE/CENTRO-OESTE;SUL;-1755.227
2024-03-02 02:00:00;SUDESTE/CENTRO-OESTE;SUL;-1938.196
2024-03-02 03:00:00;SUDESTE/CENTRO-OESTE;SUL;-1981.145
2024-03-02 04:00:00;SUDESTE/CENTRO-OESTE;SUL;-2064.304
2024-03-02 05:00:00;SUDESTE/CENTRO-OESTE;SUL;-2138.06599999
2024-03-02 06:00:00;SUDESTE/CENTRO-OESTE;SUL;-1189.805
2024-03-02 07:00:00;SUDESTE/CENTRO-OESTE;SUL;625.787
2024-03-02 08:00:00;SUDESTE/CENTRO-OESTE;SUL;1295.55
2024-03-02 09:00:00;SUDESTE/CENTRO-OESTE;SUL;2960.863
2024-03-02 10:00:00;SUDESTE/CENTRO-OESTE;SUL;3653.055
2024-03-02 11:00:00;SUDESTE/CENTRO-OESTE;SUL;4251.974
2024-03-02 12:00:00;SUDESTE/CENTRO-OESTE;SUL;4144.01
2024-03-02 13:00:00;SUDESTE/CENTRO-OESTE;SUL;4235.281
2024-03-02 14:00:00;SUDESTE/CENTRO-OESTE;SUL;3200.966
2024-03-02 15:00:00;SUDESTE/CENTRO-OESTE;SUL;1328.064
2024-03-02 16:00:00;SUDESTE/CENTRO-OESTE;SUL;554.422
2024-03-02 17:00:00;SUDESTE/CENTRO-OESTE;SUL;-419.259
2024-03-02 18:00:00;SUDESTE/CENTRO-OESTE;SUL;-95.693
2024-03-02 19:00:00;SUDESTE/CENTRO-OESTE;SUL;231.774
2024-03-02 20:00:00;SUDESTE/CENTRO-OESTE;SUL;676.32
2024-03-02 21:00:00;SUDESTE/CENTRO-OESTE;SUL;538.083
2024-03-02 22:00:00;SUDESTE/CENTRO-OESTE;SUL;266.314
2024-03-02 23:00:00;SUDESTE/CENTRO-OESTE;SUL;137.169
2024-03-03 00:00:00;SUDESTE/CENTRO-OESTE;SUL;-1027.885
2024-03-03 01:00:00;SUDESTE/CENTRO-OESTE;SUL;-1712.303
2024-03-03 02:00:00;SUDESTE/CENTRO-OESTE;SUL;-1178.23499999
2024-03-03 03:00:00;SUDESTE/CENTRO-OESTE;SUL;-1525.859
2024-03-03 04:00:00;SUDESTE/CENTRO-OESTE;SUL;-1393.817
2024-03-03 05:00:00;SUDESTE/CENTRO-OESTE;SUL;-503.45
2024-03-03 06:00:00;SUDESTE/CENTRO-OESTE;SUL;1487.808
2024-03-03 07:00:00;SUDESTE/CENTRO-OESTE;SUL;3036.044
2024-03-03 08:00:00;SUDESTE/CENTRO-OESTE;SUL;3675.039
2024-03-03 09:00:00;SUDESTE/CENTRO-OESTE;SUL;4529.417
2024-03-03 10:00:00;SUDESTE/CENTRO-OESTE;SUL;4569.228
2024-03-03 11:00:00;SUDESTE/CENTRO-OESTE;SUL;4705.135
2024-03-03 12:00:00;SUDESTE/CENTRO-OESTE;SUL;4453.544
2024-03-03 13:00:00;SUDESTE/CENTRO-OESTE;SUL;4181.40899999
2024-03-03 14:00:00;SUDESTE/CENTRO-OESTE;SUL;4330.91299999
2024-03-03 15:00:00;SUDESTE/CENTRO-OESTE;SUL;3766.516
2024-03-03 16:00:00;SUDESTE/CENTRO-OESTE;SUL;3385.248
2024-03-03 17:00:00;SUDESTE/CENTRO-OESTE;SUL;2803.565
2024-03-03 18:00:00;SUDESTE/CENTRO-OESTE;SUL;757.152
2024-03-03 19:00:00;SUDESTE/CENTRO-OESTE;SUL;489.994
2024-03-03 20:00:00;SUDESTE/CENTRO-OESTE;SUL;857.526
2024-03-03 21:00:00;SUDESTE/CENTRO-OESTE;SUL;-585.258
2024-03-03 22:00:00;SUDESTE/CENTRO-OESTE;SUL;-851.923
2024-03-03 23:00:00;SUDESTE/CENTRO-OESTE;SUL;-788.766
2024-03-04 00:00:00;SUDESTE/CENTRO-OESTE;SUL;-1073.612
2024-03-04 01:00:00;SUDESTE/CENTRO-OESTE;SUL;-1022.246
2024-03-04 02:00:00;SUDESTE/CENTRO-OESTE;SUL;617.105
2024-03-04 03:00:00;SUDESTE/CENTRO-OESTE;SUL;1536.133
2024-03-04 04:00:00;SUDESTE/CENTRO-OESTE;SUL;1211.261
2024-03-04 05:00:00;SUDESTE/CENTRO-OESTE;SUL;830.892
2024-03-04 06:00:00;SUDESTE/CENTRO-OESTE;SUL;1375.86999999
2024-03-04 07:00:00;SUDESTE/CENTRO-OESTE;SUL;2291.888
2024-03-04 08:00:00;SUDESTE/CENTRO-OESTE;SUL;861.772
2024-03-04 09:00:00;SUDESTE/CENTRO-OESTE;SUL;824.776
2024-03-04 10:00:00;SUDESTE/CENTRO-OESTE;SUL;2033.2
2024-03-04 11:00:00;SUDESTE/CENTRO-OESTE;SUL;2380.89399999
2024-03-04 12:00:00;SUDESTE/CENTRO-OESTE;SUL;2835.475
2024-03-04 13:00:00;SUDESTE/CENTRO-OESTE;SUL;1708.779
2024-03-04 14:00:00;SUDESTE/CENTRO-OESTE;SUL;1166.88899999
2024-03-04 15:00:00;SUDESTE/CENTRO-OESTE;SUL;-72.83499999
2024-03-04 16:00:00;SUDESTE/CENTRO-OESTE;SUL;-346.634
2024-03-04 17:00:00;SUDESTE/CENTRO-OESTE;SUL;-1041.559
2024-03-04 18:00:00;SUDESTE/CENTRO-OESTE;SUL;-1521.878
2024-03-04 19:00:00;SUDESTE/CENTRO-OESTE;SUL;-515.537
2024-03-04 20:00:00;SUDESTE/CENTRO-OESTE;SUL;-719.299
2024-03-04 21:00:00;SUDESTE/CENTRO-OESTE;SUL;-1003.57
2024-03-04 22:00:00;SUDESTE/CENTRO-OESTE;SUL;-1557.332
2024-03-04 23:00:00;SUDESTE/CENTRO-OESTE;SUL;-2298.024
2024-03-05 00:00:00;SUDESTE/CENTRO-OESTE;SUL;-2465.23
2024-03-05 01:00:00;SUDESTE/CENTRO-OESTE;SUL;-2765.835
2024-03-05 02:00:00;SUDESTE/CENTRO-OESTE;SUL;-2197.59499999
2024-03-05 03:00:00;SUDESTE/CENTRO-OESTE;SUL;-1020.653
2024-03-05 04:00:00;SUDESTE/CENTRO-OESTE;SUL;-21.312
2024-03-05 05:00:00;SUDESTE/CENTRO-OESTE;SUL;-6.47
2024-03-05 06:00:00;SUDESTE/CENTRO-OESTE;SUL;1272.163
2024-03-05 07:00:00;SUDESTE/CENTRO-OESTE;SUL;2301.983
2024-03-05 08:00:00;SUDESTE/CENTRO-OESTE;SUL;3187.716
2024-03-05 09:00:00;SUDESTE/CENTRO-OESTE;SUL;4036.192
2024-03-05 10:00:00;SUDESTE/CENTRO-OESTE;SUL;3677.161
2024-03-05 11:00:00;SUDESTE/CENTRO-OESTE;SUL;3217.362
2024-03-05 12:00:00;SUDESTE/CENTRO-OESTE;SUL;2818.725
2024-03-05 13:00:00;SUDESTE/CENTRO-OESTE;SUL;2451.572
2024-03-05 14:00:00;SUDESTE/CENTRO-OESTE;SUL;1283.931
2024-03-05 15:00:00;SUDESTE/CENTRO-OESTE;SUL;-395.282
2024-03-05 16:00:00;SUDESTE/CENTRO-OESTE;SUL;-1122.568
2024-03-05 17:00:00;SUDESTE/CENTRO-OESTE;SUL;-528.35
2024-03-05 18:00:00;SUDESTE/CENTRO-OESTE;SUL;-1200.018
2024-03-05 19:00:00;SUDESTE/CENTRO-OESTE;SUL;-739.32
2024-03-05 20:00:00;SUDESTE/CENTRO-OESTE;SUL;416.689
2024-03-05 21:00:00;SUDESTE/CENTRO-OESTE;SUL;1407.29
2024-03-05 22:00:00;SUDESTE/CENTRO-OESTE;SUL;1845.332
2024-03-05 23:00:00;SUDESTE/CENTRO-OESTE;SUL;2757.492
2024-03-06 00:00:00;SUDESTE/CENTRO-OESTE;SUL;2803.241
2024-03-06 01:00:00;SUDESTE/CENTRO-OESTE;SUL;2687.256
2024-03-06 02:00:00;SUDESTE/CENTRO-OESTE;SUL;2294.909
2024-03-06 03:00:00;SUDESTE/CENTRO-OESTE;SUL;2129.797
2024-03-06 04:00:00;SUDESTE/CENTRO-OESTE;SUL;2060.097
2024-03-06 05:00:00;SUDESTE/CENTRO-OESTE;SUL;2275.069
2024-03-06 06:00:00;SUDESTE/CENTRO-OESTE;SUL;3791.356
2024-03-06 07:00:00;SUDESTE/CENTRO-OESTE;SUL;4295.584
2024-03-06 08:00:00;SUDESTE/CENTRO-OESTE;SUL;4634.151
2024-03-06 09:00:00;SUDESTE/CENTRO-OESTE;SUL;5075.445
2024-03-06 10:00:00;SUDESTE/CENTRO-OESTE;SUL;4922.278
2024-03-06 11:00:00;SUDESTE/CENTRO-OESTE;SUL;4424.222
2024-03-06 12:00:00;SUDESTE/CENTRO-OESTE;SUL;4093.936
2024-03-06 13:00:00;SUDESTE/CENTRO-OESTE;SUL;3152.334
2024-03-06 14:00:00;SUDESTE/CENTRO-OESTE;SUL;1653.948
2024-03-06 15:00:00;SUDESTE/CENTRO-OESTE;SUL;411.494
2024-03-06 16:00:00;SUDESTE/CENTRO-OESTE;SUL;443.545
2024-03-06 17:00:00;SUDESTE/CENTRO-OESTE;SUL;609.365
2024-03-06 18:00:00;SUDESTE/CENTRO-OESTE;SUL;634.30999999
2024-03-06 19:00:00;SUDESTE/CENTRO-OESTE;SUL;1660.13
2024-03-06 20:00:00;SUDESTE/CENTRO-OESTE;SUL;1117.539
2024-03-06 21:00:00;SUDESTE/CENTRO-OESTE;SUL;636.29499999
2024-03-06 22:00:00;SUDESTE/CENTRO-OESTE;SUL;150.356
2024-03-06 23:00:00;SUDESTE/CENTRO-OESTE;SUL;582.71
2024-03-07 00:00:00;SUDESTE/CENTRO-OESTE;SUL;1313.791
2024-03-07 01:00:00;SUDESTE/CENTRO-OESTE;SUL;1257.957
2024-03-07 02:00:00;SUDESTE/CENTRO-OESTE;SUL;1057.396
2024-03-07 03:00:00;SUDESTE/CENTRO-OESTE;SUL;1481.51399999
2024-03-07 04:00:00;SUDESTE/CENTRO-OESTE;SUL;1702.106
2024-03-07 05:00:00;SUDESTE/CENTRO-OESTE;SUL;1302.518
2024-03-07 06:00:00;SUDESTE/CENTRO-OESTE;SUL;2652.284
2024-03-07 07:00:00;SUDESTE/CENTRO-OESTE;SUL;3905.878
2024-03-07 08:00:00;SUDESTE/CENTRO-OESTE;SUL;4325.362
2024-03-07 09:00:00;SUDESTE/CENTRO-OESTE;SUL;4627.048
2024-03-07 10:00:00;SUDESTE/CENTRO-OESTE;SUL;4786.254
2024-03-07 11:00:00;SUDESTE/CENTRO-OESTE;SUL;4403.588
2024-03-07 12:00:00;SUDESTE/CENTRO-OESTE;SUL;4668.125
2024-03-07 13:00:00;SUDESTE/CENTRO-OESTE;SUL;3855.04
2024-03-07 14:00:00;SUDESTE/CENTRO-OESTE;SUL;2523.893
2024-03-07 15:00:00;SUDESTE/CENTRO-OESTE;SUL;2055.58599999
2024-03-07 16:00:00;SUDESTE/CENTRO-OESTE;SUL;642.613
2024-03-07 17:00:00;SUDESTE/CENTRO-OESTE;SUL;1580.177
2024-03-07 18:00:00;SUDESTE/CENTRO-OESTE;SUL;1451.731
2024-03-07 19:00:00;SUDESTE/CENTRO-OESTE;SUL;1483.08
2024-03-07 20:00:00;SUDESTE/CENTRO-OESTE;SUL;1198.959
2024-03-07 21:00:00;SUDESTE/CENTRO-OESTE;SUL;1065.82199999
2024-03-07 22:00:00;SUDESTE/CENTRO-OESTE;SUL;1901.421
2024-03-07 23:00:00;SUDESTE/CENTRO-OESTE;SUL;3397.93
2024-03-08 00:00:00;SUDESTE/CENTRO-OESTE;SUL;3555.023
2024-03-08 01:00:00;SUDESTE/CENTRO-OESTE;SUL;3080.287
2024-03-08 02:00:00;SUDESTE/CENTRO-OESTE;SUL;2566.757
2024-03-08 03:00:00;SUDESTE/CENTRO-OESTE;SUL;2674.607
2024-03-08 04:00:00;SUDESTE/CENTRO-OESTE;SUL;2708.727
2024-03-08 05:00:00;SUDESTE/CENTRO-OESTE;SUL;2497.125
2024-03-08 06:00:00;SUDESTE/CENTRO-OESTE;SUL;3113.051
2024-03-08 07:00:00;SUDESTE/CENTRO-OESTE;SUL;4163.866
2024-03-08 08:00:00;SUDESTE/CENTRO-OESTE;SUL;4308.394
2024-03-08 09:00:00;SUDESTE/CENTRO-OESTE;SUL;4469.408
2024-03-08 10:00:00;SUDESTE/CENTRO-OESTE;SUL;4642.353
2024-03-08 11:00:00;SUDESTE/CENTRO-OESTE;SUL;4741.66799999
2024-03-08 12:00:00;SUDESTE/CENTRO-OESTE;SUL;4568.439
2024-03-08 13:00:00;SUDESTE/CENTRO-OESTE;SUL;2737.927
2024-03-08 14:00:00;SUDESTE/CENTRO-OESTE;SUL;2921.354
2024-03-08 15:00:00;SUDESTE/CENTRO-OESTE;SUL;2184.594
2024-03-08 16:00:00;SUDESTE/CENTRO-OESTE;SUL;1376.951
2024-03-08 17:00:00;SUDESTE/CENTRO-OESTE;SUL;130.528
2024-03-08 18:00:00;SUDESTE/CENTRO-OESTE;SUL;-1169.21599999
2024-03-08 19:00:00;SUDESTE/CENTRO-OESTE;SUL;-956.215
2024-03-08 20:00:00;SUDESTE/CENTRO-OESTE;SUL;-665.03099999
2024-03-08 21:00:00;SUDESTE/CENTRO-OESTE;SUL;-503.5
2024-03-08 22:00:00;SUDESTE/CENTRO-OESTE;SUL;112.564
2024-03-08 23:00:00;SUDESTE/CENTRO-OESTE;SUL;-226.446
2024-03-09 00:00:00;SUDESTE/CENTRO-OESTE;SUL;-525.083
2024-03-09 01:00:00;SUDESTE/CENTRO-OESTE;SUL;-524.871
2024-03-09 02:00:00;SUDESTE/CENTRO-OESTE;SUL;-1108.13
2024-03-09 03:00:00;SUDESTE/CENTRO-OESTE;SUL;-1279.134
2024-03-09 04:00:00;SUDESTE/CENTRO-OESTE;SUL;-700.927
2024-03-09 05:00:00;SUDESTE/CENTRO-OESTE;SUL;32.953
2024-03-09 06:00:00;SUDESTE/CENTRO-OESTE;SUL;1977.23
2024-03-09 07:00:00;SUDESTE/CENTRO-OESTE;SUL;4501.977
2024-03-09 08:00:00;SUDESTE/CENTRO-OESTE;SUL;5848.894
2024-03-09 09:00:00;SUDESTE/CENTRO-OESTE;SUL;5750.956
2024-03-09 10:00:00;SUDESTE/CENTRO-OESTE;SUL;5717.121
2024-03-09 11:00:00;SUDESTE/CENTRO-OESTE;SUL;4526.932
2024-03-09 12:00:00;SUDESTE/CENTRO-OESTE;SUL;4328.17199999
2024-03-09 13:00:00;SUDESTE/CENTRO-OESTE;SUL;4203.542
2024-03-09 14:00:00;SUDESTE/CENTRO-OESTE;SUL;3196.579
2024-03-09 15:00:00;SUDESTE/CENTRO-OESTE;SUL;1892.002
2024-03-09 16:00:00;SUDESTE/CENTRO-OESTE;SUL;967.06
2024-03-09 17:00:00;SUDESTE/CENTRO-OESTE;SUL;-655.272
2024-03-09 18:00:00;SUDESTE/CENTRO-OESTE;SUL;-1283.416
2024-03-09 19:00:00;SUDESTE/CENTRO-OESTE;SUL;-1344.766
2024-03-09 20:00:00;SUDESTE/CENTRO-OESTE;SUL;-1600.884
2024-03-09 21:00:00;SUDESTE/CENTRO-OESTE;SUL;-1674.563
2024-03-09 22:00:00;SUDESTE/CENTRO-OESTE;SUL;-1928.753
2024-03-09 23:00:00;SUDESTE/CENTRO-OESTE;SUL;-2074.431
2024-03-10 00:00:00;SUDESTE/CENTRO-OESTE;SUL;-2130.89199999
2024-03-10 01:00:00;SUDESTE/CENTRO-OESTE;SUL;-2204.605
2024-03-10 02:00:00;SUDESTE/CENTRO-OESTE;SUL;-2207.788
2024-03-10 03:00:00;SUDESTE/CENTRO-OESTE;SUL;-1678.825
2024-03-10 04:00:00;SUDESTE/CENTRO-OESTE;SUL;-1196.212
2024-03-10 05:00:00;SUDESTE/CENTRO-OESTE;SUL;-1158.635
2024-03-10 06:00:00;SUDESTE/CENTRO-OESTE;SUL;-379.128
2024-03-10 07:00:00;SUDESTE/CENTRO-OESTE;SUL;1485.91
2024-03-10 08:00:00;SUDESTE/CENTRO-OESTE;SUL;2660.88299999
2024-03-10 09:00:00;SUDESTE/CENTRO-OESTE;SUL;3250.502
2024-03-10 10:00:00;SUDESTE/CENTRO-OESTE;SUL;3597.204
2024-03-10 11:00:00;SUDESTE/CENTRO-OESTE;SUL;3991.203
2024-03-10 12:00:00;SUDESTE/CENTRO-OESTE;SUL;3457.104
2024-03-10 13:00:00;SUDESTE/CENTRO-OESTE;SUL;2301.431
2024-03-10 14:00:00;SUDESTE/CENTRO-OESTE;SUL;1791.667
2024-03-10 15:00:00;SUDESTE/CENTRO-OESTE;SUL;1377.302
2024-03-10 16:00:00;SUDESTE/CENTRO-OESTE;SUL;1007.552
2024-03-10 17:00:00;SUDESTE/CENTRO-OESTE;SUL;-70.997
2024-03-10 18:00:00;SUDESTE/CENTRO-OESTE;SUL;-1941.067
2024-03-10 19:00:00;SUDESTE/CENTRO-OESTE;SUL;-1493.558
2024-03-10 20:00:00;SUDESTE/CENTRO-OESTE;SUL;-1176.176
2024-03-10 21:00:00;SUDESTE/CENTRO-OESTE;SUL;-967.799
2024-03-10 22:00:00;SUDESTE/CENTRO-OESTE;SUL;-1474.644
2024-03-10 23:00:00;SUDESTE/CENTRO-OESTE;SUL;-1515.53299999
2024-03-11 00:00:00;SUDESTE/CENTRO-OESTE;SUL;-1495.407
2024-03-11 01:00:00;SUDESTE/CENTRO-OESTE;SUL;-1044.323
2024-03-11 02:00:00;SUDESTE/CENTRO-OESTE;SUL;-617.612
2024-03-11 03:00:00;SUDESTE/CENTRO-OESTE;SUL;-641.735
2024-03-11 04:00:00;SUDESTE/CENTRO-OESTE;SUL;-497.878
2024-03-11 05:00:00;SUDESTE/CENTRO-OESTE;SUL;331.081
2024-03-11 06:00:00;SUDESTE/CENTRO-OESTE;SUL;1347.75399999
2024-03-11 07:00:00;SUDESTE/CENTRO-OESTE;SUL;2180.768
2024-03-11 08:00:00;SUDESTE/CENTRO-OESTE;SUL;2335.676
2024-03-11 09:00:00;SUDESTE/CENTRO-OESTE;SUL;1488.498
2024-03-11 10:00:00;SUDESTE/CENTRO-OESTE;SUL;891.094
2024-03-11 11:00:00;SUDESTE/CENTRO-OESTE;SUL;253.278
2024-03-11 12:00:00;SUDESTE/CENTRO-OESTE;SUL;67.59399999
2024-03-11 13:00:00;SUDESTE/CENTRO-OESTE;SUL;-80.656
2024-03-11 14:00:00;SUDESTE/CENTRO-OESTE;SUL;65.047
2024-03-11 15:00:00;SUDESTE/CENTRO-OESTE;SUL;-187.061
2024-03-11 16:00:00;SUDESTE/CENTRO-OESTE;SUL;237.144
2024-03-11 17:00:00;SUDESTE/CENTRO-OESTE;SUL;157.778
2024-03-11 18:00:00;SUDESTE/CENTRO-OESTE;SUL;-166.157
2024-03-11 19:00:00;SUDESTE/CENTRO-OESTE;SUL;454.086
2024-03-11 20:00:00;SUDESTE/CENTRO-OESTE;SUL;290.952
2024-03-11 21:00:00;SUDESTE/CENTRO-OESTE;SUL;108.194
2024-03-11 22:00:00;SUDESTE/CENTRO-OESTE;SUL;-494.051
2024-03-11 23:00:00;SUDESTE/CENTRO-OESTE;SUL;-1538.112
2024-03-12 00:00:00;SUDESTE/CENTRO-OESTE;SUL;-2567.091
2024-03-12 01:00:00;SUDESTE/CENTRO-OESTE;SUL;-3080.949
2024-03-12 02:00:00;SUDESTE/CENTRO-OESTE;SUL;-2642.603
2024-03-12 03:00:00;SUDESTE/CENTRO-OESTE;SUL;-2441.918
2024-03-12 04:00:00;SUDESTE/CENTRO-OESTE;SUL;-2326.45899999
2024-03-12 05:00:00;SUDESTE/CENTRO-OESTE;SUL;-2024.262
2024-03-12 06:00:00;SUDESTE/CENTRO-OESTE;SUL;-989.945
2024-03-12 07:00:00;SUDESTE/CENTRO-OESTE;SUL;-153.529
2024-03-12 08:00:00;SUDESTE/CENTRO-OESTE;SUL;2.247
2024-03-12 09:00:00;SUDESTE/CENTRO-OESTE;SUL;913.794
2024-03-12 10:00:00;SUDESTE/CENTRO-OESTE;SUL;1022.008
2024-03-12 11:00:00;SUDESTE/CENTRO-OESTE;SUL;709.144
2024-03-12 12:00:00;SUDESTE/CENTRO-OESTE;SUL;1207.079
2024-03-12 13:00:00;SUDESTE/CENTRO-OESTE;SUL;934.195
2024-03-12 14:00:00;SUDESTE/CENTRO-OESTE;SUL;-286.906
2024-03-12 15:00:00;SUDESTE/CENTRO-OESTE;SUL;316.003
2024-03-12 16:00:00;SUDESTE/CENTRO-OESTE;SUL;773.354
2024-03-12 17:00:00;SUDESTE/CENTRO-OESTE;SUL;1441.944
2024-03-12 18:00:00;SUDESTE/CENTRO-OESTE;SUL;1561.201
2024-03-12 19:00:00;SUDESTE/CENTRO-OESTE;SUL;2861.45
2024-03-12 20:00:00;SUDESTE/CENTRO-OESTE;SUL;2177.966
2024-03-12 21:00:00;SUDESTE/CENTRO-OESTE;SUL;1487.46
2024-03-12 22:00:00;SUDESTE/CENTRO-OESTE;SUL;768.683
2024-03-12 23:00:00;SUDESTE/CENTRO-OESTE;SUL;-204.085
2024-03-13 00:00:00;SUDESTE/CENTRO-OESTE;SUL;-942.359
2024-03-13 01:00:00;SUDESTE/CENTRO-OESTE;SUL;-1105.262
2024-03-13 02:00:00;SUDESTE/CENTRO-OESTE;SUL;-1457.613
2024-03-13 03:00:00;SUDESTE/CENTRO-OESTE;SUL;-1951.188
2024-03-13 04:00:00;SUDESTE/CENTRO-OESTE;SUL;-2044.39
2024-03-13 05:00:00;SUDESTE/CENTRO-OESTE;SUL;-2477.971
2024-03-13 06:00:00;SUDESTE/CENTRO-OESTE;SUL;-1377.737
2024-03-13 07:00:00;SUDESTE/CENTRO-OESTE;SUL;-237.722
2024-03-13 08:00:00;SUDESTE/CENTRO-OESTE;SUL;584.365
2024-03-13 09:00:00;SUDESTE/CENTRO-OESTE;SUL;1231.336
2024-03-13 10:00:00;SUDESTE/CENTRO-OESTE;SUL;1552.544
2024-03-13 11:00:00;SUDESTE/CENTRO-OESTE;SUL;1410.471
2024-03-13 12:00:00;SUDESTE/CENTRO-OESTE;SUL;1456.246
2024-03-13 13:00:00;SUDESTE/CENTRO-OESTE;SUL;734.533
2024-03-13 14:00:00;SUDESTE/CENTRO-OESTE;SUL;963.875
2024-03-13 15:00:00;SUDESTE/CENTRO-OESTE;SUL;1611.346
2024-03-13 16:00:00;SUDESTE/CENTRO-OESTE;SUL;2353.24899999
2024-03-13 17:00:00;SUDESTE/CENTRO-OESTE;SUL;1861.043
2024-03-13 18:00:00;SUDESTE/CENTRO-OESTE;SUL;1518.684
2024-03-13 19:00:00;SUDESTE/CENTRO-OESTE;SUL;2393.455
2024-03-13 20:00:00;SUDESTE/CENTRO-OESTE;SUL;2535.29599999
2024-03-13 21:00:00;SUDESTE/CENTRO-OESTE;SUL;2032.872
2024-03-13 22:00:00;SUDESTE/CENTRO-OESTE;SUL;1573.917
2024-03-13 23:00:00;SUDESTE/CENTRO-OESTE;SUL;1055.938
2024-03-14 00:00:00;SUDESTE/CENTRO-OESTE;SUL;589.85299999
2024-03-14 01:00:00;SUDESTE/CENTRO-OESTE;SUL;133.933
2024-03-14 02:00:00;SUDESTE/CENTRO-OESTE;SUL;-855.179
2024-03-14 03:00:00;SUDESTE/CENTRO-OESTE;SUL;-1485.262
2024-03-14 04:00:00;SUDESTE/CENTRO-OESTE;SUL;-1726.252
2024-03-14 05:00:00;SUDESTE/CENTRO-OESTE;SUL;-1194.358
2024-03-14 06:00:00;SUDESTE/CENTRO-OESTE;SUL;-136.028
2024-03-14 07:00:00;SUDESTE/CENTRO-OESTE;SUL;1303.455
2024-03-14 08:00:00;SUDESTE/CENTRO-OESTE;SUL;1541.321
2024-03-14 09:00:00;SUDESTE/CENTRO-OESTE;SUL;1729.847
2024-03-14 10:00:00;SUDESTE/CENTRO-OESTE;SUL;1081.626
2024-03-14 11:00:00;SUDESTE/CENTRO-OESTE;SUL;1369.916
2024-03-14 12:00:00;SUDESTE/CENTRO-OESTE;SUL;1313.807
2024-03-14 13:00:00;SUDESTE/CENTRO-OESTE;SUL;1239.881
2024-03-14 14:00:00;SUDESTE/CENTRO-OESTE;SUL;2226.536
2024-03-14 15:00:00;SUDESTE/CENTRO-OESTE;SUL;2809.864
2024-03-14 16:00:00;SUDESTE/CENTRO-OESTE;SUL;3072.119
2024-03-14 17:00:00;SUDESTE/CENTRO-OESTE;SUL;2556.54799999
2024-03-14 18:00:00;SUDESTE/CENTRO-OESTE;SUL;2081.194
2024-03-14 19:00:00;SUDESTE/CENTRO-OESTE;SUL;3333.005
2024-03-14 20:00:00;SUDESTE/CENTRO-OESTE;SUL;3486.016
2024-03-14 21:00:00;SUDESTE/CENTRO-OESTE;SUL;3110.448
2024-03-14 22:00:00;SUDESTE/CENTRO-OESTE;SUL;2571.81599999
2024-03-14 23:00:00;SUDESTE/CENTRO-OESTE;SUL;1827.908
2024-03-15 00:00:00;SUDESTE/CENTRO-OESTE;SUL;1862.631
2024-03-15 01:00:00;SUDESTE/CENTRO-OESTE;SUL;962.356
2024-03-15 02:00:00;SUDESTE/CENTRO-OESTE;SUL;410.595
2024-03-15 03:00:00;SUDESTE/CENTRO-OESTE;SUL;203.126
2024-03-15 04:00:00;SUDESTE/CENTRO-OESTE;SUL;-113.549
2024-03-15 05:00:00;SUDESTE/CENTRO-OESTE;SUL;162.016
2024-03-15 06:00:00;SUDESTE/CENTRO-OESTE;SUL;970.842
2024-03-15 07:00:00;SUDESTE/CENTRO-OESTE;SUL;2808.706
2024-03-15 08:00:00;SUDESTE/CENTRO-OESTE;SUL;3081.952
2024-03-15 09:00:00;SUDESTE/CENTRO-OESTE;SUL;2916.753
2024-03-15 10:00:00;SUDESTE/CENTRO-OESTE;SUL;2244.373
2024-03-15 11:00:00;SUDESTE/CENTRO-OESTE;SUL;2202.86299999
2024-03-15 12:00:00;SUDESTE/CENTRO-OESTE;SUL;2454.52599999
2024-03-15 13:00:00;SUDESTE/CENTRO-OESTE;SUL;2814.43199999
2024-03-15 14:00:00;SUDESTE/CENTRO-OESTE;SUL;3246.362
2024-03-15 15:00:00;SUDESTE/CENTRO-OESTE;SUL;3551.054
2024-03-15 16:00:00;SUDESTE/CENTRO-OESTE;SUL;2782.51
2024-03-15 17:00:00;SUDESTE/CENTRO-OESTE;SUL;2159.393
2024-03-15 18:00:00;SUDESTE/CENTRO-OESTE;SUL;1744.016
2024-03-15 19:00:00;SUDESTE/CENTRO-OESTE;SUL;2366.542
2024-03-15 20:00:00;SUDESTE/CENTRO-OESTE;SUL;1897.933
2024-03-15 21:00:00;SUDESTE/CENTRO-OESTE;SUL;1635.76
2024-03-15 22:00:00;SUDESTE/CENTRO-OESTE;SUL;1182.926
2024-03-15 23:00:00;SUDESTE/CENTRO-OESTE;SUL;558.068
2024-03-16 00:00:00;SUDESTE/CENTRO-OESTE;SUL;-281.98899999
2024-03-16 01:00:00;SUDESTE/CENTRO-OESTE;SUL;-965.21
2024-03-16 02:00:00;SUDESTE/CENTRO-OESTE;SUL;-1513.259
2024-03-16 03:00:00;SUDESTE/CENTRO-OESTE;SUL;-1693.545
2024-03-16 04:00:00;SUDESTE/CENTRO-OESTE;SUL;-1321.88799999
2024-03-16 05:00:00;SUDESTE/CENTRO-OESTE;SUL;-909.681
2024-03-16 06:00:00;SUDESTE/CENTRO-OESTE;SUL;304.87599999
2024-03-16 07:00:00;SUDESTE/CENTRO-OESTE;SUL;2891.293
2024-03-16 08:00:00;SUDESTE/CENTRO-OESTE;SUL;4516.09199999
2024-03-16 09:00:00;SUDESTE/CENTRO-OESTE;SUL;4646.075
2024-03-16 10:00:00;SUDESTE/CENTRO-OESTE;SUL;4165.831
2024-03-16 11:00:00;SUDESTE/CENTRO-OESTE;SUL;4184.843
2024-03-16 12:00:00;SUDESTE/CENTRO-OESTE;SUL;4593.41299999
2024-03-16 13:00:00;SUDESTE/CENTRO-OESTE;SUL;4013.199
2024-03-16 14:00:00;SUDESTE/CENTRO-OESTE;SUL;3745.018
2024-03-16 15:00:00;SUDESTE/CENTRO-OESTE;SUL;3712.912
2024-03-16 16:00:00;SUDESTE/CENTRO-OESTE;SUL;2440.628
2024-03-16 17:00:00;SUDESTE/CENTRO-OESTE;SUL;322.14999999
2024-03-16 18:00:00;SUDESTE/CENTRO-OESTE;SUL;49.904
2024-03-16 19:00:00;SUDESTE/CENTRO-OESTE;SUL;772.50699999
2024-03-16 20:00:00;SUDESTE/CENTRO-OESTE;SUL;54.873
2024-03-16 21:00:00;SUDESTE/CENTRO-OESTE;SUL;-576.356
2024-03-16 22:00:00;SUDESTE/CENTRO-OESTE;SUL;-1225.045
2024-03-16 23:00:00;SUDESTE/CENTRO-OESTE;SUL;-1897.131
2024-03-17 00:00:00;SUDESTE/CENTRO-OESTE;SUL;-1980.753
2024-03-17 01:00:00;SUDESTE/CENTRO-OESTE;SUL;-2560.001
2024-03-17 02:00:00;SUDESTE/CENTRO-OESTE;SUL;-2740.083
2024-03-17 03:00:00;SUDESTE/CENTRO-OESTE;SUL;-2566.909
2024-03-17 04:00:00;SUDESTE/CENTRO-OESTE;SUL;-1962.04
2024-03-17 05:00:00;SUDESTE/CENTRO-OESTE;SUL;-1373.65
2024-03-17 06:00:00;SUDESTE/CENTRO-OESTE;SUL;1007.045
2024-03-17 07:00:00;SUDESTE/CENTRO-OESTE;SUL;3694.31
2024-03-17 08:00:00;SUDESTE/CENTRO-OESTE;SUL;5064.932
2024-03-17 09:00:00;SUDESTE/CENTRO-OESTE;SUL;5103.066
2024-03-17 10:00:00;SUDESTE/CENTRO-OESTE;SUL;5270.473
2024-03-17 11:00:00;SUDESTE/CENTRO-OESTE;SUL;5265.99399999
2024-03-17 12:00:00;SUDESTE/CENTRO-OESTE;SUL;4114.57
2024-03-17 13:00:00;SUDESTE/CENTRO-OESTE;SUL;3266.15
2024-03-17 14:00:00;SUDESTE/CENTRO-OESTE;SUL;2479.641
2024-03-17 15:00:00;SUDESTE/CENTRO-OESTE;SUL;2222.15299999
2024-03-17 16:00:00;SUDESTE/CENTRO-OESTE;SUL;1403.602
2024-03-17 17:00:00;SUDESTE/CENTRO-OESTE;SUL;-695.837
2024-03-17 18:00:00;SUDESTE/CENTRO-OESTE;SUL;-652.361
2024-03-17 19:00:00;SUDESTE/CENTRO-OESTE;SUL;-503.732
2024-03-17 20:00:00;SUDESTE/CENTRO-OESTE;SUL;-735.756
2024-03-17 21:00:00;SUDESTE/CENTRO-OESTE;SUL;-1055.123
2024-03-17 22:00:00;SUDESTE/CENTRO-OESTE;SUL;-1421.392
2024-03-17 23:00:00;SUDESTE/CENTRO-OESTE;SUL;-1931.877
2024-03-18 00:00:00;SUDESTE/CENTRO-OESTE;SUL;-2560.37
2024-03-18 01:00:00;SUDESTE/CENTRO-OESTE;SUL;-2962.677
2024-03-18 02:00:00;SUDESTE/CENTRO-OESTE;SUL;-3298.76
2024-03-18 03:00:00;SUDESTE/CENTRO-OESTE;SUL;-3116.137
2024-03-18 04:00:00;SUDESTE/CENTRO-OESTE;SUL;-3081.59
2024-03-18 05:00:00;SUDESTE/CENTRO-OESTE;SUL;-2335.074
2024-03-18 06:00:00;SUDESTE/CENTRO-OESTE;SUL;-736.275
2024-03-18 07:00:00;SUDESTE/CENTRO-OESTE;SUL;539.163
2024-03-18 08:00:00;SUDESTE/CENTRO-OESTE;SUL;1498.767
2024-03-18 09:00:00;SUDESTE/CENTRO-OESTE;SUL;1193.42699999
2024-03-18 10:00:00;SUDESTE/CENTRO-OESTE;SUL;1077.545
2024-03-18 11:00:00;SUDESTE/CENTRO-OESTE;SUL;584.388
2024-03-18 12:00:00;SUDESTE/CENTRO-OESTE;SUL;140.952
2024-03-18 13:00:00;SUDESTE/CENTRO-OESTE;SUL;819.042
2024-03-18 14:00:00;SUDESTE/CENTRO-OESTE;SUL;1553.833
2024-03-18 15:00:00;SUDESTE/CENTRO-OESTE;SUL;1949.954
2024-03-18 16:00:00;SUDESTE/CENTRO-OESTE;SUL;2687.46799999
2024-03-18 17:00:00;SUDESTE/CENTRO-OESTE;SUL;1966.177
2024-03-18 18:00:00;SUDESTE/CENTRO-OESTE;SUL;2034.552
2024-03-18 19:00:00;SUDESTE/CENTRO-OESTE;SUL;1511.411
2024-03-18 20:00:00;SUDESTE/CENTRO-OESTE;SUL;1151.906
2024-03-18 21:00:00;SUDESTE/CENTRO-OESTE;SUL;728.738
2024-03-18 22:00:00;SUDESTE/CENTRO-OESTE;SUL;11.13
2024-03-18 23:00:00;SUDESTE/CENTRO-OESTE;SUL;-1081.634
2024-03-19 00:00:00;SUDESTE/CENTRO-OESTE;SUL;-1825.864
2024-03-19 01:00:00;SUDESTE/CENTRO-OESTE;SUL;-2377.731
2024-03-19 02:00:00;SUDESTE/CENTRO-OESTE;SUL;-1939.549
2024-03-19 03:00:00;SUDESTE/CENTRO-OESTE;SUL;-1733.502
2024-03-19 04:00:00;SUDESTE/CENTRO-OESTE;SUL;-1850.862
2024-03-19 05:00:00;SUDESTE/CENTRO-OESTE;SUL;-1305.702
2024-03-19 06:00:00;SUDESTE/CENTRO-OESTE;SUL;210.168
2024-03-19 07:00:00;SUDESTE/CENTRO-OESTE;SUL;2054.56
2024-03-19 08:00:00;SUDESTE/CENTRO-OESTE;SUL;3265.623
2024-03-19 09:00:00;SUDESTE/CENTRO-OESTE;SUL;3144.076
2024-03-19 10:00:00;SUDESTE/CENTRO-OESTE;SUL;2579.654
2024-03-19 11:00:00;SUDESTE/CENTRO-OESTE;SUL;1286.7
2024-03-19 12:00:00;SUDESTE/CENTRO-OESTE;SUL;1200.56
2024-03-19 13:00:00;SUDESTE/CENTRO-OESTE;SUL;2012.485
2024-03-19 14:00:00;SUDESTE/CENTRO-OESTE;SUL;904.88
2024-03-19 15:00:00;SUDESTE/CENTRO-OESTE;SUL;685.237
2024-03-19 16:00:00;SUDESTE/CENTRO-OESTE;SUL;805.884
2024-03-19 17:00:00;SUDESTE/CENTRO-OESTE;SUL;586.575
2024-03-19 18:00:00;SUDESTE/CENTRO-OESTE;SUL;1221.817
2024-03-19 19:00:00;SUDESTE/CENTRO-OESTE;SUL;1625.518
2024-03-19 20:00:00;SUDESTE/CENTRO-OESTE;SUL;1185.498
2024-03-19 21:00:00;SUDESTE/CENTRO-OESTE;SUL;180.746
2024-03-19 22:00:00;SUDESTE/CENTRO-OESTE;SUL;-639.79
2024-03-19 23:00:00;SUDESTE/CENTRO-OESTE;SUL;-1550.265
2024-03-20 00:00:00;SUDESTE/CENTRO-OESTE;SUL;-2610.664
2024-03-20 01:00:00;SUDESTE/CENTRO-OESTE;SUL;-2369.018
2024-03-20 02:00:00;SUDESTE/CENTRO-OESTE;SUL;-2325.256
2024-03-20 03:00:00;SUDESTE/CENTRO-OESTE;SUL;-2820.676
2024-03-20 04:00:00;SUDESTE/CENTRO-OESTE;SUL;-2349.667
2024-03-20 05:00:00;SUDESTE/CENTRO-OESTE;SUL;-1740.584
2024-03-20 06:00:00;SUDESTE/CENTRO-OESTE;SUL;-1035.558
2024-03-20 07:00:00;SUDESTE/CENTRO-OESTE;SUL;-458.236
2024-03-20 08:00:00;SUDESTE/CENTRO-OESTE;SUL;-90.24
2024-03-20 09:00:00;SUDESTE/CENTRO-OESTE;SUL;-49.129
2024-03-20 10:00:00;SUDESTE/CENTRO-OESTE;SUL;-491.637
2024-03-20 11:00:00;SUDESTE/CENTRO-OESTE;SUL;-297.189
2024-03-20 12:00:00;SUDESTE/CENTRO-OESTE;SUL;449.535
2024-03-20 13:00:00;SUDESTE/CENTRO-OESTE;SUL;964.115
2024-03-20 14:00:00;SUDESTE/CENTRO-OESTE;SUL;2059.556
2024-03-20 15:00:00;SUDESTE/CENTRO-OESTE;SUL;1799.429
2024-03-20 16:00:00;SUDESTE/CENTRO-OESTE;SUL;1488.747
2024-03-20 17:00:00;SUDESTE/CENTRO-OESTE;SUL;1301.16699999
2024-03-20 18:00:00;SUDESTE/CENTRO-OESTE;SUL;1171.159
2024-03-20 19:00:00;SUDESTE/CENTRO-OESTE;SUL;2192.898
2024-03-20 20:00:00;SUDESTE/CENTRO-OESTE;SUL;1921.752
2024-03-20 21:00:00;SUDESTE/CENTRO-OESTE;SUL;1812.717
2024-03-20 22:00:00;SUDESTE/CENTRO-OESTE;SUL;1246.19599999
2024-03-20 23:00:00;SUDESTE/CENTRO-OESTE;SUL;202.268
2024-03-21 00:00:00;SUDESTE/CENTRO-OESTE;SUL;-820.847
2024-03-21 01:00:00;SUDESTE/CENTRO-OESTE;SUL;-1759.437
2024-03-21 02:00:00;SUDESTE/CENTRO-OESTE;SUL;-2019.047
2024-03-21 03:00:00;SUDESTE/CENTRO-OESTE;SUL;-2623.37
2024-03-21 04:00:00;SUDESTE/CENTRO-OESTE;SUL;-2788.393
2024-03-21 05:00:00;SUDESTE/CENTRO-OESTE;SUL;-3319.564
2024-03-21 06:00:00;SUDESTE/CENTRO-OESTE;SUL;-2028.68
2024-03-21 07:00:00;SUDESTE/CENTRO-OESTE;SUL;-471.323
2024-03-21 08:00:00;SUDESTE/CENTRO-OESTE;SUL;296.249
2024-03-21 09:00:00;SUDESTE/CENTRO-OESTE;SUL;1159.955
2024-03-21 10:00:00;SUDESTE/CENTRO-OESTE;SUL;1106.865
2024-03-21 11:00:00;SUDESTE/CENTRO-OESTE;SUL;1463.382
2024-03-21 12:00:00;SUDESTE/CENTRO-OESTE;SUL;1329.262
2024-03-21 13:00:00;SUDESTE/CENTRO-OESTE;SUL;1567.02
2024-03-21 14:00:00;SUDESTE/CENTRO-OESTE;SUL;1176.535
2024-03-21 15:00:00;SUDESTE/CENTRO-OESTE;SUL;-320.738
2024-03-21 16:00:00;SUDESTE/CENTRO-OESTE;SUL;-1404.459
2024-03-21 17:00:00;SUDESTE/CENTRO-OESTE;SUL;-1548.773
2024-03-21 18:00:00;SUDESTE/CENTRO-OESTE;SUL;-1585.992
2024-03-21 19:00:00;SUDESTE/CENTRO-OESTE;SUL;-790.593
2024-03-21 20:00:00;SUDESTE/CENTRO-OESTE;SUL;-1444.704
2024-03-21 21:00:00;SUDESTE/CENTRO-OESTE;SUL;-2132.626
2024-03-21 22:00:00;SUDESTE/CENTRO-OESTE;SUL;-2410.18199999
2024-03-21 23:00:00;SUDESTE/CENTRO-OESTE;SUL;-2812.058
2024-03-22 00:00:00;SUDESTE/CENTRO-OESTE;SUL;-3588.304
2024-03-22 01:00:00;SUDESTE/CENTRO-OESTE;SUL;-3142.351
2024-03-22 02:00:00;SUDESTE/CENTRO-OESTE;SUL;-3580.631
2024-03-22 03:00:00;SUDESTE/CENTRO-OESTE;SUL;-3931.356
2024-03-22 04:00:00;SUDESTE/CENTRO-OESTE;SUL;-3649.096
2024-03-22 05:00:00;SUDESTE/CENTRO-OESTE;SUL;-3156.383
2024-03-22 06:00:00;SUDESTE/CENTRO-OESTE;SUL;-1919.648
2024-03-22 07:00:00;SUDESTE/CENTRO-OESTE;SUL;-754.009
2024-03-22 08:00:00;SUDESTE/CENTRO-OESTE;SUL;-384.253
2024-03-22 09:00:00;SUDESTE/CENTRO-OESTE;SUL;-711.933
2024-03-22 10:00:00;SUDESTE/CENTRO-OESTE;SUL;-1126.33999999
2024-03-22 11:00:00;SUDESTE/CENTRO-OESTE;SUL;-734.352
2024-03-22 12:00:00;SUDESTE/CENTRO-OESTE;SUL;-180.26
2024-03-22 13:00:00;SUDESTE/CENTRO-OESTE;SUL;736.203
2024-03-22 14:00:00;SUDESTE/CENTRO-OESTE;SUL;1072.332
2024-03-22 15:00:00;SUDESTE/CENTRO-OESTE;SUL;976.137
2024-03-22 16:00:00;SUDESTE/CENTRO-OESTE;SUL;1289.43699999
2024-03-22 17:00:00;SUDESTE/CENTRO-OESTE;SUL;1284.79
2024-03-22 18:00:00;SUDESTE/CENTRO-OESTE;SUL;1850.458
2024-03-22 19:00:00;SUDESTE/CENTRO-OESTE;SUL;2177.521
2024-03-22 20:00:00;SUDESTE/CENTRO-OESTE;SUL;1119.707
2024-03-22 21:00:00;SUDESTE/CENTRO-OESTE;SUL;945.369
2024-03-22 22:00:00;SUDESTE/CENTRO-OESTE;SUL;443.467
2024-03-22 23:00:00;SUDESTE/CENTRO-OESTE;SUL;-456.638
2024-03-23 00:00:00;SUDESTE/CENTRO-OESTE;SUL;-1185.955
2024-03-23 01:00:00;SUDESTE/CENTRO-OESTE;SUL;-914.508
2024-03-23 02:00:00;SUDESTE/CENTRO-OESTE;SUL;-592.91099999
2024-03-23 03:00:00;SUDESTE/CENTRO-OESTE;SUL;-617.04
2024-03-23 04:00:00;SUDESTE/CENTRO-OESTE;SUL;-187.168
2024-03-23 05:00:00;SUDESTE/CENTRO-OESTE;SUL;-715.695
2024-03-23 06:00:00;SUDESTE/CENTRO-OESTE;SUL;755.879
2024-03-23 07:00:00;SUDESTE/CENTRO-OESTE;SUL;2763.297
2024-03-23 08:00:00;SUDESTE/CENTRO-OESTE;SUL;2777.194
2024-03-23 09:00:00;SUDESTE/CENTRO-OESTE;SUL;2367.49699999
2024-03-23 10:00:00;SUDESTE/CENTRO-OESTE;SUL;2077.79599999
2024-03-23 11:00:00;SUDESTE/CENTRO-OESTE;SUL;1802.025
2024-03-23 12:00:00;SUDESTE/CENTRO-OESTE;SUL;1698.935
2024-03-23 13:00:00;SUDESTE/CENTRO-OESTE;SUL;1266.87899999
2024-03-23 14:00:00;SUDESTE/CENTRO-OESTE;SUL;1490.615
2024-03-23 15:00:00;SUDESTE/CENTRO-OESTE;SUL;1518.397
2024-03-23 16:00:00;SUDESTE/CENTRO-OESTE;SUL;964.499
2024-03-23 17:00:00;SUDESTE/CENTRO-OESTE;SUL;-452.971
2024-03-23 18:00:00;SUDESTE/CENTRO-OESTE;SUL;-884.322
2024-03-23 19:00:00;SUDESTE/CENTRO-OESTE;SUL;510.313
2024-03-23 20:00:00;SUDESTE/CENTRO-OESTE;SUL;769.546
2024-03-23 21:00:00;SUDESTE/CENTRO-OESTE;SUL;1724.222
2024-03-23 22:00:00;SUDESTE/CENTRO-OESTE;SUL;1148.377
2024-03-23 23:00:00;SUDESTE/CENTRO-OESTE;SUL;748.17999999
2024-03-24 00:00:00;SUDESTE/CENTRO-OESTE;SUL;1105.098
2024-03-24 01:00:00;SUDESTE/CENTRO-OESTE;SUL;2135.148
2024-03-24 02:00:00;SUDESTE/CENTRO-OESTE;SUL;3083.229
2024-03-24 03:00:00;SUDESTE/CENTRO-OESTE;SUL;3332.928
2024-03-24 04:00:00;SUDESTE/CENTRO-OESTE;SUL;3415.319
2024-03-24 05:00:00;SUDESTE/CENTRO-OESTE;SUL;3604.033
2024-03-24 06:00:00;SUDESTE/CENTRO-OESTE;SUL;3792.62
2024-03-24 07:00:00;SUDESTE/CENTRO-OESTE;SUL;4176.09
2024-03-24 08:00:00;SUDESTE/CENTRO-OESTE;SUL;3872.284
2024-03-24 09:00:00;SUDESTE/CENTRO-OESTE;SUL;3390.828
2024-03-24 10:00:00;SUDESTE/CENTRO-OESTE;SUL;3700.153
2024-03-24 11:00:00;SUDESTE/CENTRO-OESTE;SUL;3880.785
2024-03-24 12:00:00;SUDESTE/CENTRO-OESTE;SUL;3862.64
2024-03-24 13:00:00;SUDESTE/CENTRO-OESTE;SUL;4047.219
2024-03-24 14:00:00;SUDESTE/CENTRO-OESTE;SUL;4496.39099999
2024-03-24 15:00:00;SUDESTE/CENTRO-OESTE;SUL;3926.828
2024-03-24 16:00:00;SUDESTE/CENTRO-OESTE;SUL;3598.766
2024-03-24 17:00:00;SUDESTE/CENTRO-OESTE;SUL;2071.147
2024-03-24 18:00:00;SUDESTE/CENTRO-OESTE;SUL;1093.094
2024-03-24 19:00:00;SUDESTE/CENTRO-OESTE;SUL;2227.794
2024-03-24 20:00:00;SUDESTE/CENTRO-OESTE;SUL;2837.729
2024-03-24 21:00:00;SUDESTE/CENTRO-OESTE;SUL;2293.493
2024-03-24 22:00:00;SUDESTE/CENTRO-OESTE;SUL;2359.67099999
2024-03-24 23:00:00;SUDESTE/CENTRO-OESTE;SUL;2560.246
2024-03-25 00:00:00;SUDESTE/CENTRO-OESTE;SUL;3308.75
2024-03-25 01:00:00;SUDESTE/CENTRO-OESTE;SUL;4403.134
2024-03-25 02:00:00;SUDESTE/CENTRO-OESTE;SUL;4864.662
2024-03-25 03:00:00;SUDESTE/CENTRO-OESTE;SUL;5204.924
2024-03-25 04:00:00;SUDESTE/CENTRO-OESTE;SUL;4966.905
2024-03-25 05:00:00;SUDESTE/CENTRO-OESTE;SUL;4525.249
2024-03-25 06:00:00;SUDESTE/CENTRO-OESTE;SUL;5030.995
2024-03-25 07:00:00;SUDESTE/CENTRO-OESTE;SUL;5187.459
2024-03-25 08:00:00;SUDESTE/CENTRO-OESTE;SUL;4401.86399999
2024-03-25 09:00:00;SUDESTE/CENTRO-OESTE;SUL;3266.143
2024-03-25 10:00:00;SUDESTE/CENTRO-OESTE;SUL;3492.962
2024-03-25 11:00:00;SUDESTE/CENTRO-OESTE;SUL;3908.138
2024-03-25 12:00:00;SUDESTE/CENTRO-OESTE;SUL;3778.88
2024-03-25 13:00:00;SUDESTE/CENTRO-OESTE;SUL;4134.128
2024-03-25 14:00:00;SUDESTE/CENTRO-OESTE;SUL;3473.379
2024-03-25 15:00:00;SUDESTE/CENTRO-OESTE;SUL;2394.663
2024-03-25 16:00:00;SUDESTE/CENTRO-OESTE;SUL;1550.99499999
2024-03-25 17:00:00;SUDESTE/CENTRO-OESTE;SUL;1135.828
2024-03-25 18:00:00;SUDESTE/CENTRO-OESTE;SUL;1030.045
2024-03-25 19:00:00;SUDESTE/CENTRO-OESTE;SUL;1840.583
2024-03-25 20:00:00;SUDESTE/CENTRO-OESTE;SUL;1932.251
2024-03-25 21:00:00;SUDESTE/CENTRO-OESTE;SUL;1853.456
2024-03-25 22:00:00;SUDESTE/CENTRO-OESTE;SUL;1649.16799999
2024-03-25 23:00:00;SUDESTE/CENTRO-OESTE;SUL;1509.999
2024-03-26 00:00:00;SUDESTE/CENTRO-OESTE;SUL;508.86
2024-03-26 01:00:00;SUDESTE/CENTRO-OESTE;SUL;-157.741
2024-03-26 02:00:00;SUDESTE/CENTRO-OESTE;SUL;-246.726
2024-03-26 03:00:00;SUDESTE/CENTRO-OESTE;SUL;350.88
2024-03-26 04:00:00;SUDESTE/CENTRO-OESTE;SUL;847.311
2024-03-26 05:00:00;SUDESTE/CENTRO-OESTE;SUL;697.721
2024-03-26 06:00:00;SUDESTE/CENTRO-OESTE;SUL;2227.934
2024-03-26 07:00:00;SUDESTE/CENTRO-OESTE;SUL;4099.513
2024-03-26 08:00:00;SUDESTE/CENTRO-OESTE;SUL;4069.059
2024-03-26 09:00:00;SUDESTE/CENTRO-OESTE;SUL;3711.64
2024-03-26 10:00:00;SUDESTE/CENTRO-OESTE;SUL;3903.125
2024-03-26 11:00:00;SUDESTE/CENTRO-OESTE;SUL;3946.256
2024-03-26 12:00:00;SUDESTE/CENTRO-OESTE;SUL;3796.038
2024-03-26 13:00:00;SUDESTE/CENTRO-OESTE;SUL;3313.657
2024-03-26 14:00:00;SUDESTE/CENTRO-OESTE;SUL;3368.073
2024-03-26 15:00:00;SUDESTE/CENTRO-OESTE;SUL;2767.843
2024-03-26 16:00:00;SUDESTE/CENTRO-OESTE;SUL;1335.732
2024-03-26 17:00:00;SUDESTE/CENTRO-OESTE;SUL;761.38
2024-03-26 18:00:00;SUDESTE/CENTRO-OESTE;SUL;478.838
2024-03-26 19:00:00;SUDESTE/CENTRO-OESTE;SUL;1052.156
2024-03-26 20:00:00;SUDESTE/CENTRO-OESTE;SUL;1091.661
2024-03-26 21:00:00;SUDESTE/CENTRO-OESTE;SUL;813.621
2024-03-26 22:00:00;SUDESTE/CENTRO-OESTE;SUL;1783.78
2024-03-26 23:00:00;SUDESTE/CENTRO-OESTE;SUL;2394.554
2024-03-27 00:00:00;SUDESTE/CENTRO-OESTE;SUL;1922.577
2024-03-27 01:00:00;SUDESTE/CENTRO-OESTE;SUL;2004.247
2024-03-27 02:00:00;SUDESTE/CENTRO-OESTE;SUL;2254.397
2024-03-27 03:00:00;SUDESTE/CENTRO-OESTE;SUL;3006.99899999
2024-03-27 04:00:00;SUDESTE/CENTRO-OESTE;SUL;4099.158
2024-03-27 05:00:00;SUDESTE/CENTRO-OESTE;SUL;3457.741
2024-03-27 06:00:00;SUDESTE/CENTRO-OESTE;SUL;3119.531
2024-03-27 07:00:00;SUDESTE/CENTRO-OESTE;SUL;3397.707
2024-03-27 08:00:00;SUDESTE/CENTRO-OESTE;SUL;4156.318
2024-03-27 09:00:00;SUDESTE/CENTRO-OESTE;SUL;3481.341
2024-03-27 10:00:00;SUDESTE/CENTRO-OESTE;SUL;3167.413
2024-03-27 11:00:00;SUDESTE/CENTRO-OESTE;SUL;3444.803
2024-03-27 12:00:00;SUDESTE/CENTRO-OESTE;SUL;3434.934
2024-03-27 13:00:00;SUDESTE/CENTRO-OESTE;SUL;2886.248
2024-03-27 14:00:00;SUDESTE/CENTRO-OESTE;SUL;3138.478
2024-03-27 15:00:00;SUDESTE/CENTRO-OESTE;SUL;3343.916
2024-03-27 16:00:00;SUDESTE/CENTRO-OESTE;SUL;3383.197
2024-03-27 17:00:00;SUDESTE/CENTRO-OESTE;SUL;2596.71099999
2024-03-27 18:00:00;SUDESTE/CENTRO-OESTE;SUL;2845.55
2024-03-27 19:00:00;SUDESTE/CENTRO-OESTE;SUL;3193.043
2024-03-27 20:00:00;SUDESTE/CENTRO-OESTE;SUL;3319.826
2024-03-27 21:00:00;SUDESTE/CENTRO-OESTE;SUL;2877.985
2024-03-27 22:00:00;SUDESTE/CENTRO-OESTE;SUL;2932.613
2024-03-27 23:00:00;SUDESTE/CENTRO-OESTE;SUL;2059.893
2024-03-28 00:00:00;SUDESTE/CENTRO-OESTE;SUL;1532.378
2024-03-28 01:00:00;SUDESTE/CENTRO-OESTE;SUL;3344.466
2024-03-28 02:00:00;SUDESTE/CENTRO-OESTE;SUL;4739.348
2024-03-28 03:00:00;SUDESTE/CENTRO-OESTE;SUL;5186.598
2024-03-28 04:00:00;SUDESTE/CENTRO-OESTE;SUL;5435.361
2024-03-28 05:00:00;SUDESTE/CENTRO-OESTE;SUL;5254.555
2024-03-28 06:00:00;SUDESTE/CENTRO-OESTE;SUL;5522.165
2024-03-28 07:00:00;SUDESTE/CENTRO-OESTE;SUL;5068.187
2024-03-28 08:00:00;SUDESTE/CENTRO-OESTE;SUL;4043.317
2024-03-28 09:00:00;SUDESTE/CENTRO-OESTE;SUL;3997.64
2024-03-28 10:00:00;SUDESTE/CENTRO-OESTE;SUL;3991.652
2024-03-28 11:00:00;SUDESTE/CENTRO-OESTE;SUL;3694.73
2024-03-28 12:00:00;SUDESTE/CENTRO-OESTE;SUL;3508.977
2024-03-28 13:00:00;SUDESTE/CENTRO-OESTE;SUL;4434.92199999
2024-03-28 14:00:00;SUDESTE/CENTRO-OESTE;SUL;4744.262
2024-03-28 15:00:00;SUDESTE/CENTRO-OESTE;SUL;4917.144
2024-03-28 16:00:00;SUDESTE/CENTRO-OESTE;SUL;5032.06499999
2024-03-28 17:00:00;SUDESTE/CENTRO-OESTE;SUL;4575.973
2024-03-28 18:00:00;SUDESTE/CENTRO-OESTE;SUL;4464.363
2024-03-28 19:00:00;SUDESTE/CENTRO-OESTE;SUL;4791.8
2024-03-28 20:00:00;SUDESTE/CENTRO-OESTE;SUL;4851.644
2024-03-28 21:00:00;SUDESTE/CENTRO-OESTE;SUL;4501.192
2024-03-28 22:00:00;SUDESTE/CENTRO-OESTE;SUL;4451.82
2024-03-28 23:00:00;SUDESTE/CENTRO-OESTE;SUL;4434.92699999
2024-03-29 00:00:00;SUDESTE/CENTRO-OESTE;SUL;4286.439
2024-03-29 01:00:00;SUDESTE/CENTRO-OESTE;SUL;5639.084
2024-03-29 02:00:00;SUDESTE/CENTRO-OESTE;SUL;6772.502
2024-03-29 03:00:00;SUDESTE/CENTRO-OESTE;SUL;6707.80599999
2024-03-29 04:00:00;SUDESTE/CENTRO-OESTE;SUL;6485.173
2024-03-29 05:00:00;SUDESTE/CENTRO-OESTE;SUL;6645.133
2024-03-29 06:00:00;SUDESTE/CENTRO-OESTE;SUL;6794.387
2024-03-29 07:00:00;SUDESTE/CENTRO-OESTE;SUL;5874.337
2024-03-29 08:00:00;SUDESTE/CENTRO-OESTE;SUL;5524.176
2024-03-29 09:00:00;SUDESTE/CENTRO-OESTE;SUL;5270.41
2024-03-29 10:00:00;SUDESTE/CENTRO-OESTE;SUL;5020.334
2024-03-29 11:00:00;SUDESTE/CENTRO-OESTE;SUL;4964.223
2024-03-29 12:00:00;SUDESTE/CENTRO-OESTE;SUL;4956.24799999
2024-03-29 13:00:00;SUDESTE/CENTRO-OESTE;SUL;5216.956
2024-03-29 14:00:00;SUDESTE/CENTRO-OESTE;SUL;5824.146
2024-03-29 15:00:00;SUDESTE/CENTRO-OESTE;SUL;6109.392
2024-03-29 16:00:00;SUDESTE/CENTRO-OESTE;SUL;5879.909
2024-03-29 17:00:00;SUDESTE/CENTRO-OESTE;SUL;4765.674
2024-03-29 18:00:00;SUDESTE/CENTRO-OESTE;SUL;2552.215
2024-03-29 19:00:00;SUDESTE/CENTRO-OESTE;SUL;3246.143
2024-03-29 20:00:00;SUDESTE/CENTRO-OESTE;SUL;4303.457
2024-03-29 21:00:00;SUDESTE/CENTRO-OESTE;SUL;5475.957
2024-03-29 22:00:00;SUDESTE/CENTRO-OESTE;SUL;5684.987
2024-03-29 23:00:00;SUDESTE/CENTRO-OESTE;SUL;5109.943
2024-03-30 00:00:00;SUDESTE/CENTRO-OESTE;SUL;4833.05599999
2024-03-30 01:00:00;SUDESTE/CENTRO-OESTE;SUL;5181.05199999
2024-03-30 02:00:00;SUDESTE/CENTRO-OESTE;SUL;5588.027
2024-03-30 03:00:00;SUDESTE/CENTRO-OESTE;SUL;5511.519
2024-03-30 04:00:00;SUDESTE/CENTRO-OESTE;SUL;5901.841
2024-03-30 05:00:00;SUDESTE/CENTRO-OESTE;SUL;6048.588
2024-03-30 06:00:00;SUDESTE/CENTRO-OESTE;SUL;6018.245
2024-03-30 07:00:00;SUDESTE/CENTRO-OESTE;SUL;5747.918
2024-03-30 08:00:00;SUDESTE/CENTRO-OESTE;SUL;5823.859
2024-03-30 09:00:00;SUDESTE/CENTRO-OESTE;SUL;5761.573
2024-03-30 10:00:00;SUDESTE/CENTRO-OESTE;SUL;5654.394
2024-03-30 11:00:00;SUDESTE/CENTRO-OESTE;SUL;5474.916
2024-03-30 12:00:00;SUDESTE/CENTRO-OESTE;SUL;4890.193
2024-03-30 13:00:00;SUDESTE/CENTRO-OESTE;SUL;3598.964
2024-03-30 14:00:00;SUDESTE/CENTRO-OESTE;SUL;1976.997
2024-03-30 15:00:00;SUDESTE/CENTRO-OESTE;SUL;1369.412
2024-03-30 16:00:00;SUDESTE/CENTRO-OESTE;SUL;1213.258
2024-03-30 17:00:00;SUDESTE/CENTRO-OESTE;SUL;1490.64
2024-03-30 18:00:00;SUDESTE/CENTRO-OESTE;SUL;1764.623
2024-03-30 19:00:00;SUDESTE/CENTRO-OESTE;SUL;1959.185
2024-03-30 20:00:00;SUDESTE/CENTRO-OESTE;SUL;1622.486
2024-03-30 21:00:00;SUDESTE/CENTRO-OESTE;SUL;1436.46
2024-03-30 22:00:00;SUDESTE/CENTRO-OESTE;SUL;1069.059
2024-03-30 23:00:00;SUDESTE/CENTRO-OESTE;SUL;305.302
2024-03-31 00:00:00;SUDESTE/CENTRO-OESTE;SUL;790.884
2024-03-31 01:00:00;SUDESTE/CENTRO-OESTE;SUL;2250.05
2024-03-31 02:00:00;SUDESTE/CENTRO-OESTE;SUL;3394.077
2024-03-31 03:00:00;SUDESTE/CENTRO-OESTE;SUL;4563.832
2024-03-31 04:00:00;SUDESTE/CENTRO-OESTE;SUL;4159.13
2024-03-31 05:00:00;SUDESTE/CENTRO-OESTE;SUL;3467.84499999
2024-03-31 06:00:00;SUDESTE/CENTRO-OESTE;SUL;4112.237
2024-03-31 07:00:00;SUDESTE/CENTRO-OESTE;SUL;4725.977
2024-03-31 08:00:00;SUDESTE/CENTRO-OESTE;SUL;5208.733
2024-03-31 09:00:00;SUDESTE/CENTRO-OESTE;SUL;4559.803
2024-03-31 10:00:00;SUDESTE/CENTRO-OESTE;SUL;4111.635
2024-03-31 11:00:00;SUDESTE/CENTRO-OESTE;SUL;3870.42
2024-03-31 12:00:00;SUDESTE/CENTRO-OESTE;SUL;3721.728
2024-03-31 13:00:00;SUDESTE/CENTRO-OESTE;SUL;3954.279
2024-03-31 14:00:00;SUDESTE/CENTRO-OESTE;SUL;4525.039
2024-03-31 15:00:00;SUDESTE/CENTRO-OESTE;SUL;4574.58
2024-03-31 16:00:00;SUDESTE/CENTRO-OESTE;SUL;4126.759
2024-03-31 17:00:00;SUDESTE/CENTRO-OESTE;SUL;3556.893
2024-03-31 18:00:00;SUDESTE/CENTRO-OESTE;SUL;3686.721
2024-03-31 19:00:00;SUDESTE/CENTRO-OESTE;SUL;3845.23
2024-03-31 20:00:00;SUDESTE/CENTRO-OESTE;SUL;3471.096
2024-03-31 21:00:00;SUDESTE/CENTRO-OESTE;SUL;3834.787
2024-03-31 22:00:00;SUDESTE/CENTRO-OESTE;SUL;4203.178
2024-03-31 23:00:00;SUDESTE/CENTRO-OESTE;SUL;4381.627
2024-04-01 00:00:00;SUDESTE/CENTRO-OESTE;SUL;4388.387
2024-04-01 01:00:00;SUDESTE/CENTRO-OESTE;SUL;4058.273
2024-04-01 02:00:00;SUDESTE/CENTRO-OESTE;SUL;3582.261
2024-04-01 03:00:00;SUDESTE/CENTRO-OESTE;SUL;1278.88899999
2024-04-01 04:00:00;SUDESTE/CENTRO-OESTE;SUL;112.556
2024-04-01 05:00:00;SUDESTE/CENTRO-OESTE;SUL;-926.093
2024-04-01 06:00:00;SUDESTE/CENTRO-OESTE;SUL;-641.915
2024-04-01 07:00:00;SUDESTE/CENTRO-OESTE;SUL;1150.886
2024-04-01 08:00:00;SUDESTE/CENTRO-OESTE;SUL;922.747
2024-04-01 09:00:00;SUDESTE/CENTRO-OESTE;SUL;1815.654
2024-04-01 10:00:00;SUDESTE/CENTRO-OESTE;SUL;1495.278
2024-04-01 11:00:00;SUDESTE/CENTRO-OESTE;SUL;1169.904
2024-04-01 12:00:00;SUDESTE/CENTRO-OESTE;SUL;1124.124
2024-04-01 13:00:00;SUDESTE/CENTRO-OESTE;SUL;203.172
2024-04-01 14:00:00;SUDESTE/CENTRO-OESTE;SUL;93.682
2024-04-01 15:00:00;SUDESTE/CENTRO-OESTE;SUL;733.047
2024-04-01 16:00:00;SUDESTE/CENTRO-OESTE;SUL;1632.784
2024-04-01 17:00:00;SUDESTE/CENTRO-OESTE;SUL;1512.636
2024-04-01 18:00:00;SUDESTE/CENTRO-OESTE;SUL;961.264
2024-04-01 19:00:00;SUDESTE/CENTRO-OESTE;SUL;1455.936
2024-04-01 20:00:00;SUDESTE/CENTRO-OESTE;SUL;879.804
2024-04-01 21:00:00;SUDESTE/CENTRO-OESTE;SUL;512.667
2024-04-01 22:00:00;SUDESTE/CENTRO-OESTE;SUL;-61.538
2024-04-01 23:00:00;SUDESTE/CENTRO-OESTE;SUL;-297.716
2024-04-02 00:00:00;SUDESTE/CENTRO-OESTE;SUL;-141.618
2024-04-02 01:00:00;SUDESTE/CENTRO-OESTE;SUL;-130.47399999
2024-04-02 02:00:00;SUDESTE/CENTRO-OESTE;SUL;-893.461
2024-04-02 03:00:00;SUDESTE/CENTRO-OESTE;SUL;-1131.695
2024-04-02 04:00:00;SUDESTE/CENTRO-OESTE;SUL;-1165.955
2024-04-02 05:00:00;SUDESTE/CENTRO-OESTE;SUL;-1792.986
2024-04-02 06:00:00;SUDESTE/CENTRO-OESTE;SUL;-1531.135
2024-04-02 07:00:00;SUDESTE/CENTRO-OESTE;SUL;-461.958
2024-04-02 08:00:00;SUDESTE/CENTRO-OESTE;SUL;135.839
2024-04-02 09:00:00;SUDESTE/CENTRO-OESTE;SUL;42.777
2024-04-02 10:00:00;SUDESTE/CENTRO-OESTE;SUL;-62.915
2024-04-02 11:00:00;SUDESTE/CENTRO-OESTE;SUL;-419.741
2024-04-02 12:00:00;SUDESTE/CENTRO-OESTE;SUL;-266.54899999
2024-04-02 13:00:00;SUDESTE/CENTRO-OESTE;SUL;707.542
2024-04-02 14:00:00;SUDESTE/CENTRO-OESTE;SUL;587.224
2024-04-02 15:00:00;SUDESTE/CENTRO-OESTE;SUL;944.08
2024-04-02 16:00:00;SUDESTE/CENTRO-OESTE;SUL;1702.145
2024-04-02 17:00:00;SUDESTE/CENTRO-OESTE;SUL;1753.164
2024-04-02 18:00:00;SUDESTE/CENTRO-OESTE;SUL;1683.384
2024-04-02 19:00:00;SUDESTE/CENTRO-OESTE;SUL;1843.468
2024-04-02 20:00:00;SUDESTE/CENTRO-OESTE;SUL;1376.414
2024-04-02 21:00:00;SUDESTE/CENTRO-OESTE;SUL;1199.839
2024-04-02 22:00:00;SUDESTE/CENTRO-OESTE;SUL;1244.03299999
2024-04-02 23:00:00;SUDESTE/CENTRO-OESTE;SUL;254.387
2024-04-03 00:00:00;SUDESTE/CENTRO-OESTE;SUL;-995.064
2024-04-03 01:00:00;SUDESTE/CENTRO-OESTE;SUL;-1759.438
2024-04-03 02:00:00;SUDESTE/CENTRO-OESTE;SUL;-2306.96799999
2024-04-03 03:00:00;SUDESTE/CENTRO-OESTE;SUL;-2445.393
2024-04-03 04:00:00;SUDESTE/CENTRO-OESTE;SUL;-2524.359
2024-04-03 05:00:00;SUDESTE/CENTRO-OESTE;SUL;-2079.61
2024-04-03 06:00:00;SUDESTE/CENTRO-OESTE;SUL;-562.421
2024-04-03 07:00:00;SUDESTE/CENTRO-OESTE;SUL;810.07
2024-04-03 08:00:00;SUDESTE/CENTRO-OESTE;SUL;656.845
2024-04-03 09:00:00;SUDESTE/CENTRO-OESTE;SUL;417.685
2024-04-03 10:00:00;SUDESTE/CENTRO-OESTE;SUL;-135.6
2024-04-03 11:00:00;SUDESTE/CENTRO-OESTE;SUL;167.655
2024-04-03 12:00:00;SUDESTE/CENTRO-OESTE;SUL;787.295
2024-04-03 13:00:00;SUDESTE/CENTRO-OESTE;SUL;1204.902
2024-04-03 14:00:00;SUDESTE/CENTRO-OESTE;SUL;1400.994
2024-04-03 15:00:00;SUDESTE/CENTRO-OESTE;SUL;1923.81
2024-04-03 16:00:00;SUDESTE/CENTRO-OESTE;SUL;1401.568
2024-04-03 17:00:00;SUDESTE/CENTRO-OESTE;SUL;1098.596
2024-04-03 18:00:00;SUDESTE/CENTRO-OESTE;SUL;658.94899999
2024-04-03 19:00:00;SUDESTE/CENTRO-OESTE;SUL;960.328
2024-04-03 20:00:00;SUDESTE/CENTRO-OESTE;SUL;340.446
2024-04-03 21:00:00;SUDESTE/CENTRO-OESTE;SUL;697.968
2024-04-03 22:00:00;SUDESTE/CENTRO-OESTE;SUL;232.337
2024-04-03 23:00:00;SUDESTE/CENTRO-OESTE;SUL;-314.574
2024-04-04 00:00:00;SUDESTE/CENTRO-OESTE;SUL;-406.755
2024-04-04 01:00:00;SUDESTE/CENTRO-OESTE;SUL;-1158.412
2024-04-04 02:00:00;SUDESTE/CENTRO-OESTE;SUL;-1568.398
2024-04-04 03:00:00;SUDESTE/CENTRO-OESTE;SUL;-1810.973
2024-04-04 04:00:00;SUDESTE/CENTRO-OESTE;SUL;-1458.365
2024-04-04 05:00:00;SUDESTE/CENTRO-OESTE;SUL;-1386.09
2024-04-04 06:00:00;SUDESTE/CENTRO-OESTE;SUL;-237.214
2024-04-04 07:00:00;SUDESTE/CENTRO-OESTE;SUL;639.314
2024-04-04 08:00:00;SUDESTE/CENTRO-OESTE;SUL;1393.442
2024-04-04 09:00:00;SUDESTE/CENTRO-OESTE;SUL;1007.857
2024-04-04 10:00:00;SUDESTE/CENTRO-OESTE;SUL;1054.374
2024-04-04 11:00:00;SUDESTE/CENTRO-OESTE;SUL;1340.439
2024-04-04 12:00:00;SUDESTE/CENTRO-OESTE;SUL;826.892
2024-04-04 13:00:00;SUDESTE/CENTRO-OESTE;SUL;1308.025
2024-04-04 14:00:00;SUDESTE/CENTRO-OESTE;SUL;1962.467
2024-04-04 15:00:00;SUDESTE/CENTRO-OESTE;SUL;2360.867
2024-04-04 16:00:00;SUDESTE/CENTRO-OESTE;SUL;2158.815
2024-04-04 17:00:00;SUDESTE/CENTRO-OESTE;SUL;1805.134
2024-04-04 18:00:00;SUDESTE/CENTRO-OESTE;SUL;1884.806
2024-04-04 19:00:00;SUDESTE/CENTRO-OESTE;SUL;2227.785
2024-04-04 20:00:00;SUDESTE/CENTRO-OESTE;SUL;1523.605
2024-04-04 21:00:00;SUDESTE/CENTRO-OESTE;SUL;1123.10999999
2024-04-04 22:00:00;SUDESTE/CENTRO-OESTE;SUL;596.413
2024-04-04 23:00:00;SUDESTE/CENTRO-OESTE;SUL;568.857
2024-04-05 00:00:00;SUDESTE/CENTRO-OESTE;SUL;730.969
2024-04-05 01:00:00;SUDESTE/CENTRO-OESTE;SUL;461.585
2024-04-05 02:00:00;SUDESTE/CENTRO-OESTE;SUL;7.436
2024-04-05 03:00:00;SUDESTE/CENTRO-OESTE;SUL;-341.644
2024-04-05 04:00:00;SUDESTE/CENTRO-OESTE;SUL;-952.563
2024-04-05 05:00:00;SUDESTE/CENTRO-OESTE;SUL;-1090.856
2024-04-05 06:00:00;SUDESTE/CENTRO-OESTE;SUL;-419.999
2024-04-05 07:00:00;SUDESTE/CENTRO-OESTE;SUL;760.883
2024-04-05 08:00:00;SUDESTE/CENTRO-OESTE;SUL;2391.32499999
2024-04-05 09:00:00;SUDESTE/CENTRO-OESTE;SUL;3550.87
2024-04-05 10:00:00;SUDESTE/CENTRO-OESTE;SUL;3491.827
2024-04-05 11:00:00;SUDESTE/CENTRO-OESTE;SUL;3143.428
2024-04-05 12:00:00;SUDESTE/CENTRO-OESTE;SUL;2391.80499999
2024-04-05 13:00:00;SUDESTE/CENTRO-OESTE;SUL;1969.682
2024-04-05 14:00:00;SUDESTE/CENTRO-OESTE;SUL;2164.262
2024-04-05 15:00:00;SUDESTE/CENTRO-OESTE;SUL;1578.361
2024-04-05 16:00:00;SUDESTE/CENTRO-OESTE;SUL;1742.843
2024-04-05 17:00:00;SUDESTE/CENTRO-OESTE;SUL;1907.635
2024-04-05 18:00:00;SUDESTE/CENTRO-OESTE;SUL;2077.764
2024-04-05 19:00:00;SUDESTE/CENTRO-OESTE;SUL;2496.74699999
2024-04-05 20:00:00;SUDESTE/CENTRO-OESTE;SUL;2256.08
2024-04-05 21:00:00;SUDESTE/CENTRO-OESTE;SUL;1594.662
2024-04-05 22:00:00;SUDESTE/CENTRO-OESTE;SUL;614.427
2024-04-05 23:00:00;SUDESTE/CENTRO-OESTE;SUL;-816.671
2024-04-06 00:00:00;SUDESTE/CENTRO-OESTE;SUL;-78.282
2024-04-06 01:00:00;SUDESTE/CENTRO-OESTE;SUL;-1170.8
2024-04-06 02:00:00;SUDESTE/CENTRO-OESTE;SUL;-1656.107
2024-04-06 03:00:00;SUDESTE/CENTRO-OESTE;SUL;-1317.152
2024-04-06 04:00:00;SUDESTE/CENTRO-OESTE;SUL;-1630.52399999
2024-04-06 05:00:00;SUDESTE/CENTRO-OESTE;SUL;-1070.333
2024-04-06 06:00:00;SUDESTE/CENTRO-OESTE;SUL;424.014
2024-04-06 07:00:00;SUDESTE/CENTRO-OESTE;SUL;2423.881
2024-04-06 08:00:00;SUDESTE/CENTRO-OESTE;SUL;4461.165
2024-04-06 09:00:00;SUDESTE/CENTRO-OESTE;SUL;4719.683
2024-04-06 10:00:00;SUDESTE/CENTRO-OESTE;SUL;4345.201
2024-04-06 11:00:00;SUDESTE/CENTRO-OESTE;SUL;3973.791
2024-04-06 12:00:00;SUDESTE/CENTRO-OESTE;SUL;3401.265
2024-04-06 13:00:00;SUDESTE/CENTRO-OESTE;SUL;3376.187
2024-04-06 14:00:00;SUDESTE/CENTRO-OESTE;SUL;3832.05
2024-04-06 15:00:00;SUDESTE/CENTRO-OESTE;SUL;3912.349
2024-04-06 16:00:00;SUDESTE/CENTRO-OESTE;SUL;3906.281
2024-04-06 17:00:00;SUDESTE/CENTRO-OESTE;SUL;2500.83399999
2024-04-06 18:00:00;SUDESTE/CENTRO-OESTE;SUL;2385.473
2024-04-06 19:00:00;SUDESTE/CENTRO-OESTE;SUL;2467.237
2024-04-06 20:00:00;SUDESTE/CENTRO-OESTE;SUL;1738.927
2024-04-06 21:00:00;SUDESTE/CENTRO-OESTE;SUL;1214.867
2024-04-06 22:00:00;SUDESTE/CENTRO-OESTE;SUL;498.927
2024-04-06 23:00:00;SUDESTE/CENTRO-OESTE;SUL;-430.035
2024-04-07 00:00:00;SUDESTE/CENTRO-OESTE;SUL;-531.74
2024-04-07 01:00:00;SUDESTE/CENTRO-OESTE;SUL;-575.363
2024-04-07 02:00:00;SUDESTE/CENTRO-OESTE;SUL;-9.409
2024-04-07 03:00:00;SUDESTE/CENTRO-OESTE;SUL;2.466
2024-04-07 04:00:00;SUDESTE/CENTRO-OESTE;SUL;-526.884
2024-04-07 05:00:00;SUDESTE/CENTRO-OESTE;SUL;-454.377
2024-04-07 06:00:00;SUDESTE/CENTRO-OESTE;SUL;1562.424
2024-04-07 07:00:00;SUDESTE/CENTRO-OESTE;SUL;3972.19
2024-04-07 08:00:00;SUDESTE/CENTRO-OESTE;SUL;5576.153
2024-04-07 09:00:00;SUDESTE/CENTRO-OESTE;SUL;5999.521
2024-04-07 10:00:00;SUDESTE/CENTRO-OESTE;SUL;6218.655
2024-04-07 11:00:00;SUDESTE/CENTRO-OESTE;SUL;5994.943
2024-04-07 12:00:00;SUDESTE/CENTRO-OESTE;SUL;5158.624
2024-04-07 13:00:00;SUDESTE/CENTRO-OESTE;SUL;4663.27499999
2024-04-07 14:00:00;SUDESTE/CENTRO-OESTE;SUL;4694.142
2024-04-07 15:00:00;SUDESTE/CENTRO-OESTE;SUL;4092.705
2024-04-07 16:00:00;SUDESTE/CENTRO-OESTE;SUL;3758.947
2024-04-07 17:00:00;SUDESTE/CENTRO-OESTE;SUL;2919.588
2024-04-07 18:00:00;SUDESTE/CENTRO-OESTE;SUL;2288.045
2024-04-07 19:00:00;SUDESTE/CENTRO-OESTE;SUL;3263.537
2024-04-07 20:00:00;SUDESTE/CENTRO-OESTE;SUL;3134.603
2024-04-07 21:00:00;SUDESTE/CENTRO-OESTE;SUL;3303.188
2024-04-07 22:00:00;SUDESTE/CENTRO-OESTE;SUL;3711.076
2024-04-07 23:00:00;SUDESTE/CENTRO-OESTE;SUL;3973.957
2024-04-08 00:00:00;SUDESTE/CENTRO-OESTE;SUL;4006.92
2024-04-08 01:00:00;SUDESTE/CENTRO-OESTE;SUL;4131.179
2024-04-08 02:00:00;SUDESTE/CENTRO-OESTE;SUL;4657.877
2024-04-08 03:00:00;SUDESTE/CENTRO-OESTE;SUL;5294.72099999
2024-04-08 04:00:00;SUDESTE/CENTRO-OESTE;SUL;5470.96
2024-04-08 05:00:00;SUDESTE/CENTRO-OESTE;SUL;4699.94899999
2024-04-08 06:00:00;SUDESTE/CENTRO-OESTE;SUL;4731.341
2024-04-08 07:00:00;SUDESTE/CENTRO-OESTE;SUL;5693.465
2024-04-08 08:00:00;SUDESTE/CENTRO-OESTE;SUL;5050.945
2024-04-08 09:00:00;SUDESTE/CENTRO-OESTE;SUL;4193.014
2024-04-08 10:00:00;SUDESTE/CENTRO-OESTE;SUL;4177.328
2024-04-08 11:00:00;SUDESTE/CENTRO-OESTE;SUL;4195.669
2024-04-08 12:00:00;SUDESTE/CENTRO-OESTE;SUL;4243.405
2024-04-08 13:00:00;SUDESTE/CENTRO-OESTE;SUL;3729.414
2024-04-08 14:00:00;SUDESTE/CENTRO-OESTE;SUL;2720.67
2024-04-08 15:00:00;SUDESTE/CENTRO-OESTE;SUL;1505.125
2024-04-08 16:00:00;SUDESTE/CENTRO-OESTE;SUL;1738.177
2024-04-08 17:00:00;SUDESTE/CENTRO-OESTE;SUL;2067.485
2024-04-08 18:00:00;SUDESTE/CENTRO-OESTE;SUL;2498.329
2024-04-08 19:00:00;SUDESTE/CENTRO-OESTE;SUL;3457.179
2024-04-08 20:00:00;SUDESTE/CENTRO-OESTE;SUL;2901.609
2024-04-08 21:00:00;SUDESTE/CENTRO-OESTE;SUL;2618.683
2024-04-08 22:00:00;SUDESTE/CENTRO-OESTE;SUL;2143.59299999
2024-04-08 23:00:00;SUDESTE/CENTRO-OESTE;SUL;968.402
2024-04-09 00:00:00;SUDESTE/CENTRO-OESTE;SUL;655.568
2024-04-09 01:00:00;SUDESTE/CENTRO-OESTE;SUL;1823.906
2024-04-09 02:00:00;SUDESTE/CENTRO-OESTE;SUL;3248.46
2024-04-09 03:00:00;SUDESTE/CENTRO-OESTE;SUL;3909.286
2024-04-09 04:00:00;SUDESTE/CENTRO-OESTE;SUL;4313.628
2024-04-09 05:00:00;SUDESTE/CENTRO-OESTE;SUL;3250.058
2024-04-09 06:00:00;SUDESTE/CENTRO-OESTE;SUL;2786.214
2024-04-09 07:00:00;SUDESTE/CENTRO-OESTE;SUL;4614.86899999
2024-04-09 08:00:00;SUDESTE/CENTRO-OESTE;SUL;4451.903
2024-04-09 09:00:00;SUDESTE/CENTRO-OESTE;SUL;3889.185
2024-04-09 10:00:00;SUDESTE/CENTRO-OESTE;SUL;3325.413
2024-04-09 11:00:00;SUDESTE/CENTRO-OESTE;SUL;3722.893
2024-04-09 12:00:00;SUDESTE/CENTRO-OESTE;SUL;4044.971
2024-04-09 13:00:00;SUDESTE/CENTRO-OESTE;SUL;4516.255
2024-04-09 14:00:00;SUDESTE/CENTRO-OESTE;SUL;2796.21
2024-04-09 15:00:00;SUDESTE/CENTRO-OESTE;SUL;1400.238
2024-04-09 16:00:00;SUDESTE/CENTRO-OESTE;SUL;1754.249
2024-04-09 17:00:00;SUDESTE/CENTRO-OESTE;SUL;2156.67999999
2024-04-09 18:00:00;SUDESTE/CENTRO-OESTE;SUL;2584.408
2024-04-09 19:00:00;SUDESTE/CENTRO-OESTE;SUL;2683.554
2024-04-09 20:00:00;SUDESTE/CENTRO-OESTE;SUL;1675.228
2024-04-09 21:00:00;SUDESTE/CENTRO-OESTE;SUL;1304.557
2024-04-09 22:00:00;SUDESTE/CENTRO-OESTE;SUL;1207.185
2024-04-09 23:00:00;SUDESTE/CENTRO-OESTE;SUL;1833.788
2024-04-10 00:00:00;SUDESTE/CENTRO-OESTE;SUL;2581.81
2024-04-10 01:00:00;SUDESTE/CENTRO-OESTE;SUL;2257.32499999
2024-04-10 02:00:00;SUDESTE/CENTRO-OESTE;SUL;1726.226
2024-04-10 03:00:00;SUDESTE/CENTRO-OESTE;SUL;102.456
2024-04-10 04:00:00;SUDESTE/CENTRO-OESTE;SUL;-915.685
2024-04-10 05:00:00;SUDESTE/CENTRO-OESTE;SUL;-1494.047
2024-04-10 06:00:00;SUDESTE/CENTRO-OESTE;SUL;-654.594
2024-04-10 07:00:00;SUDESTE/CENTRO-OESTE;SUL;-261.692
2024-04-10 08:00:00;SUDESTE/CENTRO-OESTE;SUL;-352.971
2024-04-10 09:00:00;SUDESTE/CENTRO-OESTE;SUL;-295.279
2024-04-10 10:00:00;SUDESTE/CENTRO-OESTE;SUL;-90.075
2024-04-10 11:00:00;SUDESTE/CENTRO-OESTE;SUL;20.482
2024-04-10 12:00:00;SUDESTE/CENTRO-OESTE;SUL;-401.047
2024-04-10 13:00:00;SUDESTE/CENTRO-OESTE;SUL;-322.067
2024-04-10 14:00:00;SUDESTE/CENTRO-OESTE;SUL;-24.249
2024-04-10 15:00:00;SUDESTE/CENTRO-OESTE;SUL;-193.821
2024-04-10 16:00:00;SUDESTE/CENTRO-OESTE;SUL;381.188
2024-04-10 17:00:00;SUDESTE/CENTRO-OESTE;SUL;641.821
2024-04-10 18:00:00;SUDESTE/CENTRO-OESTE;SUL;1906.119
2024-04-10 19:00:00;SUDESTE/CENTRO-OESTE;SUL;839.747
2024-04-10 20:00:00;SUDESTE/CENTRO-OESTE;SUL;626.293
2024-04-10 21:00:00;SUDESTE/CENTRO-OESTE;SUL;1083.68699999
2024-04-10 22:00:00;SUDESTE/CENTRO-OESTE;SUL;551.78099999
2024-04-10 23:00:00;SUDESTE/CENTRO-OESTE;SUL;-304.47199999
2024-04-11 00:00:00;SUDESTE/CENTRO-OESTE;SUL;-1616.795
2024-04-11 01:00:00;SUDESTE/CENTRO-OESTE;SUL;-2097.004
2024-04-11 02:00:00;SUDESTE/CENTRO-OESTE;SUL;-2193.802
2024-04-11 03:00:00;SUDESTE/CENTRO-OESTE;SUL;-2623.672
2024-04-11 04:00:00;SUDESTE/CENTRO-OESTE;SUL;-3094.235
2024-04-11 05:00:00;SUDESTE/CENTRO-OESTE;SUL;-3189.397
2024-04-11 06:00:00;SUDESTE/CENTRO-OESTE;SUL;-1997.822
2024-04-11 07:00:00;SUDESTE/CENTRO-OESTE;SUL;-948.052
2024-04-11 08:00:00;SUDESTE/CENTRO-OESTE;SUL;-671.294
2024-04-11 09:00:00;SUDESTE/CENTRO-OESTE;SUL;48.151
2024-04-11 10:00:00;SUDESTE/CENTRO-OESTE;SUL;-257.194
2024-04-11 11:00:00;SUDESTE/CENTRO-OESTE;SUL;-528.39599999
2024-04-11 12:00:00;SUDESTE/CENTRO-OESTE;SUL;77.68
2024-04-11 13:00:00;SUDESTE/CENTRO-OESTE;SUL;-211.714
2024-04-11 14:00:00;SUDESTE/CENTRO-OESTE;SUL;-184.316
2024-04-11 15:00:00;SUDESTE/CENTRO-OESTE;SUL;659.059
2024-04-11 16:00:00;SUDESTE/CENTRO-OESTE;SUL;573.635
2024-04-11 17:00:00;SUDESTE/CENTRO-OESTE;SUL;317.108
2024-04-11 18:00:00;SUDESTE/CENTRO-OESTE;SUL;1037.29299999
2024-04-11 19:00:00;SUDESTE/CENTRO-OESTE;SUL;1564.417
2024-04-11 20:00:00;SUDESTE/CENTRO-OESTE;SUL;965.408
2024-04-11 21:00:00;SUDESTE/CENTRO-OESTE;SUL;899.13
2024-04-11 22:00:00;SUDESTE/CENTRO-OESTE;SUL;531.744
2024-04-11 23:00:00;SUDESTE/CENTRO-OESTE;SUL;-476.189
2024-04-12 00:00:00;SUDESTE/CENTRO-OESTE;SUL;-980.569
2024-04-12 01:00:00;SUDESTE/CENTRO-OESTE;SUL;-1267.449
2024-04-12 02:00:00;SUDESTE/CENTRO-OESTE;SUL;-1370.434
2024-04-12 03:00:00;SUDESTE/CENTRO-OESTE;SUL;-1906.694
2024-04-12 04:00:00;SUDESTE/CENTRO-OESTE;SUL;-1964.015
2024-04-12 05:00:00;SUDESTE/CENTRO-OESTE;SUL;-2468.553
2024-04-12 06:00:00;SUDESTE/CENTRO-OESTE;SUL;-1426.975
2024-04-12 07:00:00;SUDESTE/CENTRO-OESTE;SUL;-570.643
2024-04-12 08:00:00;SUDESTE/CENTRO-OESTE;SUL;-31.415
2024-04-12 09:00:00;SUDESTE/CENTRO-OESTE;SUL;118.543
2024-04-12 10:00:00;SUDESTE/CENTRO-OESTE;SUL;960.949
2024-04-12 11:00:00;SUDESTE/CENTRO-OESTE;SUL;2019.525
2024-04-12 12:00:00;SUDESTE/CENTRO-OESTE;SUL;2671.106
2024-04-12 13:00:00;SUDESTE/CENTRO-OESTE;SUL;2517.194
2024-04-12 14:00:00;SUDESTE/CENTRO-OESTE;SUL;2695.587
2024-04-12 15:00:00;SUDESTE/CENTRO-OESTE;SUL;1986.454
2024-04-12 16:00:00;SUDESTE/CENTRO-OESTE;SUL;1404.179
2024-04-12 17:00:00;SUDESTE/CENTRO-OESTE;SUL;1005.352
2024-04-12 18:00:00;SUDESTE/CENTRO-OESTE;SUL;1152.806
2024-04-12 19:00:00;SUDESTE/CENTRO-OESTE;SUL;1113.33999999
2024-04-12 20:00:00;SUDESTE/CENTRO-OESTE;SUL;998.393
2024-04-12 21:00:00;SUDESTE/CENTRO-OESTE;SUL;612.57899999
2024-04-12 22:00:00;SUDESTE/CENTRO-OESTE;SUL;-7.088
2024-04-12 23:00:00;SUDESTE/CENTRO-OESTE;SUL;-477.254
2024-04-13 00:00:00;SUDESTE/CENTRO-OESTE;SUL;-1402.808
2024-04-13 01:00:00;SUDESTE/CENTRO-OESTE;SUL;-1899.795
2024-04-13 02:00:00;SUDESTE/CENTRO-OESTE;SUL;-1051.351
2024-04-13 03:00:00;SUDESTE/CENTRO-OESTE;SUL;-581.90099999
2024-04-13 04:00:00;SUDESTE/CENTRO-OESTE;SUL;-623.965
2024-04-13 05:00:00;SUDESTE/CENTRO-OESTE;SUL;-470.435
2024-04-13 06:00:00;SUDESTE/CENTRO-OESTE;SUL;1405.848
2024-04-13 07:00:00;SUDESTE/CENTRO-OESTE;SUL;4354.746
2024-04-13 08:00:00;SUDESTE/CENTRO-OESTE;SUL;4843.32399999
2024-04-13 09:00:00;SUDESTE/CENTRO-OESTE;SUL;5043.628
2024-04-13 10:00:00;SUDESTE/CENTRO-OESTE;SUL;4689.271
2024-04-13 11:00:00;SUDESTE/CENTRO-OESTE;SUL;4566.75699999
2024-04-13 12:00:00;SUDESTE/CENTRO-OESTE;SUL;4203.301
2024-04-13 13:00:00;SUDESTE/CENTRO-OESTE;SUL;4274.84
2024-04-13 14:00:00;SUDESTE/CENTRO-OESTE;SUL;4564.12
2024-04-13 15:00:00;SUDESTE/CENTRO-OESTE;SUL;4388.41299999
2024-04-13 16:00:00;SUDESTE/CENTRO-OESTE;SUL;3470.363
2024-04-13 17:00:00;SUDESTE/CENTRO-OESTE;SUL;1745.528
2024-04-13 18:00:00;SUDESTE/CENTRO-OESTE;SUL;1625.814
2024-04-13 19:00:00;SUDESTE/CENTRO-OESTE;SUL;2528.809
2024-04-13 20:00:00;SUDESTE/CENTRO-OESTE;SUL;2424.015
2024-04-13 21:00:00;SUDESTE/CENTRO-OESTE;SUL;1916.95
2024-04-13 22:00:00;SUDESTE/CENTRO-OESTE;SUL;1693.59099999
2024-04-13 23:00:00;SUDESTE/CENTRO-OESTE;SUL;1460.767
2024-04-14 00:00:00;SUDESTE/CENTRO-OESTE;SUL;260.831
2024-04-14 01:00:00;SUDESTE/CENTRO-OESTE;SUL;-134.544
2024-04-14 02:00:00;SUDESTE/CENTRO-OESTE;SUL;1025.69699999
2024-04-14 03:00:00;SUDESTE/CENTRO-OESTE;SUL;1343.306
2024-04-14 04:00:00;SUDESTE/CENTRO-OESTE;SUL;1222.576
2024-04-14 05:00:00;SUDESTE/CENTRO-OESTE;SUL;895.056
2024-04-14 06:00:00;SUDESTE/CENTRO-OESTE;SUL;1859.152
2024-04-14 07:00:00;SUDESTE/CENTRO-OESTE;SUL;4221.22599999
2024-04-14 08:00:00;SUDESTE/CENTRO-OESTE;SUL;4992.201
2024-04-14 09:00:00;SUDESTE/CENTRO-OESTE;SUL;4978.965
2024-04-14 10:00:00;SUDESTE/CENTRO-OESTE;SUL;4891.479
2024-04-14 11:00:00;SUDESTE/CENTRO-OESTE;SUL;4909.58
2024-04-14 12:00:00;SUDESTE/CENTRO-OESTE;SUL;4406.524
2024-04-14 13:00:00;SUDESTE/CENTRO-OESTE;SUL;4292.615
2024-04-14 14:00:00;SUDESTE/CENTRO-OESTE;SUL;4867.886
2024-04-14 15:00:00;SUDESTE/CENTRO-OESTE;SUL;4367.28
2024-04-14 16:00:00;SUDESTE/CENTRO-OESTE;SUL;2572.768
2024-04-14 17:00:00;SUDESTE/CENTRO-OESTE;SUL;285.83
2024-04-14 18:00:00;SUDESTE/CENTRO-OESTE;SUL;334.817
2024-04-14 19:00:00;SUDESTE/CENTRO-OESTE;SUL;765.23
2024-04-14 20:00:00;SUDESTE/CENTRO-OESTE;SUL;1955.69
2024-04-14 21:00:00;SUDESTE/CENTRO-OESTE;SUL;1770.249
2024-04-14 22:00:00;SUDESTE/CENTRO-OESTE;SUL;1190.647
2024-04-14 23:00:00;SUDESTE/CENTRO-OESTE;SUL;937.549
2024-04-15 00:00:00;SUDESTE/CENTRO-OESTE;SUL;1137.366
2024-04-15 01:00:00;SUDESTE/CENTRO-OESTE;SUL;2205.489
2024-04-15 02:00:00;SUDESTE/CENTRO-OESTE;SUL;4293.877
2024-04-15 03:00:00;SUDESTE/CENTRO-OESTE;SUL;4820.32399999
2024-04-15 04:00:00;SUDESTE/CENTRO-OESTE;SUL;4938.34599999
2024-04-15 05:00:00;SUDESTE/CENTRO-OESTE;SUL;3703.629
2024-04-15 06:00:00;SUDESTE/CENTRO-OESTE;SUL;2025.689
2024-04-15 07:00:00;SUDESTE/CENTRO-OESTE;SUL;2936.234
2024-04-15 08:00:00;SUDESTE/CENTRO-OESTE;SUL;3661.677
2024-04-15 09:00:00;SUDESTE/CENTRO-OESTE;SUL;3716.228
2024-04-15 10:00:00;SUDESTE/CENTRO-OESTE;SUL;3734.246
2024-04-15 11:00:00;SUDESTE/CENTRO-OESTE;SUL;3810.042
2024-04-15 12:00:00;SUDESTE/CENTRO-OESTE;SUL;3571.734
2024-04-15 13:00:00;SUDESTE/CENTRO-OESTE;SUL;3619.36
2024-04-15 14:00:00;SUDESTE/CENTRO-OESTE;SUL;3354.439
2024-04-15 15:00:00;SUDESTE/CENTRO-OESTE;SUL;2367.86299999
2024-04-15 16:00:00;SUDESTE/CENTRO-OESTE;SUL;1339.511
2024-04-15 17:00:00;SUDESTE/CENTRO-OESTE;SUL;900.266
2024-04-15 18:00:00;SUDESTE/CENTRO-OESTE;SUL;1581.771
2024-04-15 19:00:00;SUDESTE/CENTRO-OESTE;SUL;2073.065
2024-04-15 20:00:00;SUDESTE/CENTRO-OESTE;SUL;2070.215
2024-04-15 21:00:00;SUDESTE/CENTRO-OESTE;SUL;817.152
2024-04-15 22:00:00;SUDESTE/CENTRO-OESTE;SUL;256.211
2024-04-15 23:00:00;SUDESTE/CENTRO-OESTE;SUL;-438.324
2024-04-16 00:00:00;SUDESTE/CENTRO-OESTE;SUL;1202.627
2024-04-16 01:00:00;SUDESTE/CENTRO-OESTE;SUL;3162.957
2024-04-16 02:00:00;SUDESTE/CENTRO-OESTE;SUL;3807.815
2024-04-16 03:00:00;SUDESTE/CENTRO-OESTE;SUL;4099.31099999
2024-04-16 04:00:00;SUDESTE/CENTRO-OESTE;SUL;3909.368
2024-04-16 05:00:00;SUDESTE/CENTRO-OESTE;SUL;2016.457
2024-04-16 06:00:00;SUDESTE/CENTRO-OESTE;SUL;1782.255
2024-04-16 07:00:00;SUDESTE/CENTRO-OESTE;SUL;2918.943
2024-04-16 08:00:00;SUDESTE/CENTRO-OESTE;SUL;1816.087
2024-04-16 09:00:00;SUDESTE/CENTRO-OESTE;SUL;3288.681
2024-04-16 10:00:00;SUDESTE/CENTRO-OESTE;SUL;3900.34
2024-04-16 11:00:00;SUDESTE/CENTRO-OESTE;SUL;3859.504
2024-04-16 12:00:00;SUDESTE/CENTRO-OESTE;SUL;3738.241
2024-04-16 13:00:00;SUDESTE/CENTRO-OESTE;SUL;3581.953
2024-04-16 14:00:00;SUDESTE/CENTRO-OESTE;SUL;2918.741
2024-04-16 15:00:00;SUDESTE/CENTRO-OESTE;SUL;2401.49899999
2024-04-16 16:00:00;SUDESTE/CENTRO-OESTE;SUL;1696.945
2024-04-16 17:00:00;SUDESTE/CENTRO-OESTE;SUL;1845.18
2024-04-16 18:00:00;SUDESTE/CENTRO-OESTE;SUL;1862.79
2024-04-16 19:00:00;SUDESTE/CENTRO-OESTE;SUL;1949.601
2024-04-16 20:00:00;SUDESTE/CENTRO-OESTE;SUL;1548.733
2024-04-16 21:00:00;SUDESTE/CENTRO-OESTE;SUL;1028.70599999
2024-04-16 22:00:00;SUDESTE/CENTRO-OESTE;SUL;773.72
2024-04-16 23:00:00;SUDESTE/CENTRO-OESTE;SUL;813.842
2024-04-17 00:00:00;SUDESTE/CENTRO-OESTE;SUL;1719.685
2024-04-17 01:00:00;SUDESTE/CENTRO-OESTE;SUL;2429.329
2024-04-17 02:00:00;SUDESTE/CENTRO-OESTE;SUL;3463.246
2024-04-17 03:00:00;SUDESTE/CENTRO-OESTE;SUL;4438.856
2024-04-17 04:00:00;SUDESTE/CENTRO-OESTE;SUL;4568.281
2024-04-17 05:00:00;SUDESTE/CENTRO-OESTE;SUL;4145.49399999
2024-04-17 06:00:00;SUDESTE/CENTRO-OESTE;SUL;3455.149
2024-04-17 07:00:00;SUDESTE/CENTRO-OESTE;SUL;3045.888
2024-04-17 08:00:00;SUDESTE/CENTRO-OESTE;SUL;3054.034
2024-04-17 09:00:00;SUDESTE/CENTRO-OESTE;SUL;2612.073
2024-04-17 10:00:00;SUDESTE/CENTRO-OESTE;SUL;1898.277
2024-04-17 11:00:00;SUDESTE/CENTRO-OESTE;SUL;2840.456
2024-04-17 12:00:00;SUDESTE/CENTRO-OESTE;SUL;3597.357
2024-04-17 13:00:00;SUDESTE/CENTRO-OESTE;SUL;3966.337
2024-04-17 14:00:00;SUDESTE/CENTRO-OESTE;SUL;3770.655
2024-04-17 15:00:00;SUDESTE/CENTRO-OESTE;SUL;2691.242
2024-04-17 16:00:00;SUDESTE/CENTRO-OESTE;SUL;1708.862
2024-04-17 17:00:00;SUDESTE/CENTRO-OESTE;SUL;1549.246
2024-04-17 18:00:00;SUDESTE/CENTRO-OESTE;SUL;1860.906
2024-04-17 19:00:00;SUDESTE/CENTRO-OESTE;SUL;1595.318
2024-04-17 20:00:00;SUDESTE/CENTRO-OESTE;SUL;819.966
2024-04-17 21:00:00;SUDESTE/CENTRO-OESTE;SUL;961.875
2024-04-17 22:00:00;SUDESTE/CENTRO-OESTE;SUL;1117.05199999
2024-04-17 23:00:00;SUDESTE/CENTRO-OESTE;SUL;1250.95
2024-04-18 00:00:00;SUDESTE/CENTRO-OESTE;SUL;908.09
2024-04-18 01:00:00;SUDESTE/CENTRO-OESTE;SUL;2079.751
2024-04-18 02:00:00;SUDESTE/CENTRO-OESTE;SUL;2539.55699999
2024-04-18 03:00:00;SUDESTE/CENTRO-OESTE;SUL;3037.824
2024-04-18 04:00:00;SUDESTE/CENTRO-OESTE;SUL;3123.948
2024-04-18 05:00:00;SUDESTE/CENTRO-OESTE;SUL;2802.418
2024-04-18 06:00:00;SUDESTE/CENTRO-OESTE;SUL;2914.409
2024-04-18 07:00:00;SUDESTE/CENTRO-OESTE;SUL;4140.515
2024-04-18 08:00:00;SUDESTE/CENTRO-OESTE;SUL;4338.843
2024-04-18 09:00:00;SUDESTE/CENTRO-OESTE;SUL;4647.591
2024-04-18 10:00:00;SUDESTE/CENTRO-OESTE;SUL;3240.038
2024-04-18 11:00:00;SUDESTE/CENTRO-OESTE;SUL;3111.487
2024-04-18 12:00:00;SUDESTE/CENTRO-OESTE;SUL;3248.733
2024-04-18 13:00:00;SUDESTE/CENTRO-OESTE;SUL;3327.334
2024-04-18 14:00:00;SUDESTE/CENTRO-OESTE;SUL;3616.857
2024-04-18 15:00:00;SUDESTE/CENTRO-OESTE;SUL;2797.752
2024-04-18 16:00:00;SUDESTE/CENTRO-OESTE;SUL;1102.58999999
2024-04-18 17:00:00;SUDESTE/CENTRO-OESTE;SUL;1393.705
2024-04-18 18:00:00;SUDESTE/CENTRO-OESTE;SUL;1922.958
2024-04-18 19:00:00;SUDESTE/CENTRO-OESTE;SUL;1751.378
2024-04-18 20:00:00;SUDESTE/CENTRO-OESTE;SUL;1317.422
2024-04-18 21:00:00;SUDESTE/CENTRO-OESTE;SUL;1127.565
2024-04-18 22:00:00;SUDESTE/CENTRO-OESTE;SUL;1077.73399999
2024-04-18 23:00:00;SUDESTE/CENTRO-OESTE;SUL;1435.71599999
2024-04-19 00:00:00;SUDESTE/CENTRO-OESTE;SUL;3077.588
2024-04-19 01:00:00;SUDESTE/CENTRO-OESTE;SUL;4592.74399999
2024-04-19 02:00:00;SUDESTE/CENTRO-OESTE;SUL;5097.921
2024-04-19 03:00:00;SUDESTE/CENTRO-OESTE;SUL;5282.352
2024-04-19 04:00:00;SUDESTE/CENTRO-OESTE;SUL;5378.261
2024-04-19 05:00:00;SUDESTE/CENTRO-OESTE;SUL;5581.874
2024-04-19 06:00:00;SUDESTE/CENTRO-OESTE;SUL;5775.784
2024-04-19 07:00:00;SUDESTE/CENTRO-OESTE;SUL;5769.771
2024-04-19 08:00:00;SUDESTE/CENTRO-OESTE;SUL;5060.58299999
2024-04-19 09:00:00;SUDESTE/CENTRO-OESTE;SUL;3857.717
2024-04-19 10:00:00;SUDESTE/CENTRO-OESTE;SUL;3832.607
2024-04-19 11:00:00;SUDESTE/CENTRO-OESTE;SUL;3014.11
2024-04-19 12:00:00;SUDESTE/CENTRO-OESTE;SUL;2458.07499999
2024-04-19 13:00:00;SUDESTE/CENTRO-OESTE;SUL;2765.408
2024-04-19 14:00:00;SUDESTE/CENTRO-OESTE;SUL;2869.456
2024-04-19 15:00:00;SUDESTE/CENTRO-OESTE;SUL;2204.442
2024-04-19 16:00:00;SUDESTE/CENTRO-OESTE;SUL;1482.482
2024-04-19 17:00:00;SUDESTE/CENTRO-OESTE;SUL;1602.331
2024-04-19 18:00:00;SUDESTE/CENTRO-OESTE;SUL;2614.76699999
2024-04-19 19:00:00;SUDESTE/CENTRO-OESTE;SUL;3041.497
2024-04-19 20:00:00;SUDESTE/CENTRO-OESTE;SUL;2613.17
2024-04-19 21:00:00;SUDESTE/CENTRO-OESTE;SUL;3413.476
2024-04-19 22:00:00;SUDESTE/CENTRO-OESTE;SUL;4565.707
2024-04-19 23:00:00;SUDESTE/CENTRO-OESTE;SUL;5144.477
2024-04-20 00:00:00;SUDESTE/CENTRO-OESTE;SUL;4737.412
2024-04-20 01:00:00;SUDESTE/CENTRO-OESTE;SUL;5233.129
2024-04-20 02:00:00;SUDESTE/CENTRO-OESTE;SUL;5963.585
2024-04-20 03:00:00;SUDESTE/CENTRO-OESTE;SUL;6000.216
2024-04-20 04:00:00;SUDESTE/CENTRO-OESTE;SUL;5878.963
2024-04-20 05:00:00;SUDESTE/CENTRO-OESTE;SUL;6302.022
2024-04-20 06:00:00;SUDESTE/CENTRO-OESTE;SUL;6902.386
2024-04-20 07:00:00;SUDESTE/CENTRO-OESTE;SUL;6565.487
2024-04-20 08:00:00;SUDESTE/CENTRO-OESTE;SUL;5607.811
2024-04-20 09:00:00;SUDESTE/CENTRO-OESTE;SUL;5148.454
2024-04-20 10:00:00;SUDESTE/CENTRO-OESTE;SUL;4592.961
2024-04-20 11:00:00;SUDESTE/CENTRO-OESTE;SUL;4322.204
2024-04-20 12:00:00;SUDESTE/CENTRO-OESTE;SUL;3957.146
2024-04-20 13:00:00;SUDESTE/CENTRO-OESTE;SUL;3987.31
2024-04-20 14:00:00;SUDESTE/CENTRO-OESTE;SUL;4580.83
2024-04-20 15:00:00;SUDESTE/CENTRO-OESTE;SUL;5491.746
2024-04-20 16:00:00;SUDESTE/CENTRO-OESTE;SUL;5775.512
2024-04-20 17:00:00;SUDESTE/CENTRO-OESTE;SUL;3948.96
2024-04-20 18:00:00;SUDESTE/CENTRO-OESTE;SUL;2301.503
2024-04-20 19:00:00;SUDESTE/CENTRO-OESTE;SUL;1959.658
2024-04-20 20:00:00;SUDESTE/CENTRO-OESTE;SUL;2205.283
2024-04-20 21:00:00;SUDESTE/CENTRO-OESTE;SUL;3046.634
2024-04-20 22:00:00;SUDESTE/CENTRO-OESTE;SUL;3908.98
2024-04-20 23:00:00;SUDESTE/CENTRO-OESTE;SUL;3694.231
2024-04-21 00:00:00;SUDESTE/CENTRO-OESTE;SUL;3278.436
2024-04-21 01:00:00;SUDESTE/CENTRO-OESTE;SUL;3378.131
2024-04-21 02:00:00;SUDESTE/CENTRO-OESTE;SUL;3765.803
2024-04-21 03:00:00;SUDESTE/CENTRO-OESTE;SUL;3741.199
2024-04-21 04:00:00;SUDESTE/CENTRO-OESTE;SUL;3813.29
2024-04-21 05:00:00;SUDESTE/CENTRO-OESTE;SUL;3954.162
2024-04-21 06:00:00;SUDESTE/CENTRO-OESTE;SUL;4308.32
2024-04-21 07:00:00;SUDESTE/CENTRO-OESTE;SUL;5145.05599999
2024-04-21 08:00:00;SUDESTE/CENTRO-OESTE;SUL;4375.675
2024-04-21 09:00:00;SUDESTE/CENTRO-OESTE;SUL;3712.534
2024-04-21 10:00:00;SUDESTE/CENTRO-OESTE;SUL;3418.03
2024-04-21 11:00:00;SUDESTE/CENTRO-OESTE;SUL;2938.126
2024-04-21 12:00:00;SUDESTE/CENTRO-OESTE;SUL;1984.692
2024-04-21 13:00:00;SUDESTE/CENTRO-OESTE;SUL;1761.246
2024-04-21 14:00:00;SUDESTE/CENTRO-OESTE;SUL;2068.369
2024-04-21 15:00:00;SUDESTE/CENTRO-OESTE;SUL;1972.41
2024-04-21 16:00:00;SUDESTE/CENTRO-OESTE;SUL;2211.772
2024-04-21 17:00:00;SUDESTE/CENTRO-OESTE;SUL;3029.467
2024-04-21 18:00:00;SUDESTE/CENTRO-OESTE;SUL;3423.399
2024-04-21 19:00:00;SUDESTE/CENTRO-OESTE;SUL;3473.309
2024-04-21 20:00:00;SUDESTE/CENTRO-OESTE;SUL;3943.426
2024-04-21 21:00:00;SUDESTE/CENTRO-OESTE;SUL;4351.629
2024-04-21 22:00:00;SUDESTE/CENTRO-OESTE;SUL;4291.569
2024-04-21 23:00:00;SUDESTE/CENTRO-OESTE;SUL;4393.344
2024-04-22 00:00:00;SUDESTE/CENTRO-OESTE;SUL;4718.7
2024-04-22 01:00:00;SUDESTE/CENTRO-OESTE;SUL;5853.11
2024-04-22 02:00:00;SUDESTE/CENTRO-OESTE;SUL;6341.725
2024-04-22 03:00:00;SUDESTE/CENTRO-OESTE;SUL;6320.894
2024-04-22 04:00:00;SUDESTE/CENTRO-OESTE;SUL;6323.923
2024-04-22 05:00:00;SUDESTE/CENTRO-OESTE;SUL;5494.269
2024-04-22 06:00:00;SUDESTE/CENTRO-OESTE;SUL;5069.96
2024-04-22 07:00:00;SUDESTE/CENTRO-OESTE;SUL;5799.516
2024-04-22 08:00:00;SUDESTE/CENTRO-OESTE;SUL;5697.09599999
2024-04-22 09:00:00;SUDESTE/CENTRO-OESTE;SUL;5461.796
2024-04-22 10:00:00;SUDESTE/CENTRO-OESTE;SUL;5457.969
2024-04-22 11:00:00;SUDESTE/CENTRO-OESTE;SUL;5436.176
2024-04-22 12:00:00;SUDESTE/CENTRO-OESTE;SUL;5258.139
2024-04-22 13:00:00;SUDESTE/CENTRO-OESTE;SUL;5565.567
2024-04-22 14:00:00;SUDESTE/CENTRO-OESTE;SUL;5028.50699999
2024-04-22 15:00:00;SUDESTE/CENTRO-OESTE;SUL;4832.348
2024-04-22 16:00:00;SUDESTE/CENTRO-OESTE;SUL;4800.03399999
2024-04-22 17:00:00;SUDESTE/CENTRO-OESTE;SUL;4575.729
2024-04-22 18:00:00;SUDESTE/CENTRO-OESTE;SUL;4122.911
2024-04-22 19:00:00;SUDESTE/CENTRO-OESTE;SUL;3979.901
2024-04-22 20:00:00;SUDESTE/CENTRO-OESTE;SUL;4183.198
2024-04-22 21:00:00;SUDESTE/CENTRO-OESTE;SUL;5286.068
2024-04-22 22:00:00;SUDESTE/CENTRO-OESTE;SUL;5657.49799999
2024-04-22 23:00:00;SUDESTE/CENTRO-OESTE;SUL;6184.674
2024-04-23 00:00:00;SUDESTE/CENTRO-OESTE;SUL;6148.861
2024-04-23 01:00:00;SUDESTE/CENTRO-OESTE;SUL;5981.674
2024-04-23 02:00:00;SUDESTE/CENTRO-OESTE;SUL;6287.946
2024-04-23 03:00:00;SUDESTE/CENTRO-OESTE;SUL;6227.923
2024-04-23 04:00:00;SUDESTE/CENTRO-OESTE;SUL;5785.61399999
2024-04-23 05:00:00;SUDESTE/CENTRO-OESTE;SUL;5067.818
2024-04-23 06:00:00;SUDESTE/CENTRO-OESTE;SUL;4646.77499999
2024-04-23 07:00:00;SUDESTE/CENTRO-OESTE;SUL;6370.199
2024-04-23 08:00:00;SUDESTE/CENTRO-OESTE;SUL;6162.077
2024-04-23 09:00:00;SUDESTE/CENTRO-OESTE;SUL;5525.801
2024-04-23 10:00:00;SUDESTE/CENTRO-OESTE;SUL;5249.097
2024-04-23 11:00:00;SUDESTE/CENTRO-OESTE;SUL;5097.104
2024-04-23 12:00:00;SUDESTE/CENTRO-OESTE;SUL;5188.261
2024-04-23 13:00:00;SUDESTE/CENTRO-OESTE;SUL;5542.811
2024-04-23 14:00:00;SUDESTE/CENTRO-OESTE;SUL;5284.807
2024-04-23 15:00:00;SUDESTE/CENTRO-OESTE;SUL;3940.141
2024-04-23 16:00:00;SUDESTE/CENTRO-OESTE;SUL;1960.135
2024-04-23 17:00:00;SUDESTE/CENTRO-OESTE;SUL;2181.255
2024-04-23 18:00:00;SUDESTE/CENTRO-OESTE;SUL;2878.377
2024-04-23 19:00:00;SUDESTE/CENTRO-OESTE;SUL;2994.388
2024-04-23 20:00:00;SUDESTE/CENTRO-OESTE;SUL;3388.375
2024-04-23 21:00:00;SUDESTE/CENTRO-OESTE;SUL;3947.218
2024-04-23 22:00:00;SUDESTE/CENTRO-OESTE;SUL;4539.372
2024-04-23 23:00:00;SUDESTE/CENTRO-OESTE;SUL;4638.97099999
2024-04-24 00:00:00;SUDESTE/CENTRO-OESTE;SUL;4925.127
2024-04-24 01:00:00;SUDESTE/CENTRO-OESTE;SUL;5641.12299999
2024-04-24 02:00:00;SUDESTE/CENTRO-OESTE;SUL;6245.326
2024-04-24 03:00:00;SUDESTE/CENTRO-OESTE;SUL;6257.251
2024-04-24 04:00:00;SUDESTE/CENTRO-OESTE;SUL;6107.733
2024-04-24 05:00:00;SUDESTE/CENTRO-OESTE;SUL;5570.687
2024-04-24 06:00:00;SUDESTE/CENTRO-OESTE;SUL;5120.472
2024-04-24 07:00:00;SUDESTE/CENTRO-OESTE;SUL;5890.956
2024-04-24 08:00:00;SUDESTE/CENTRO-OESTE;SUL;5444.405
2024-04-24 09:00:00;SUDESTE/CENTRO-OESTE;SUL;4654.832
2024-04-24 10:00:00;SUDESTE/CENTRO-OESTE;SUL;4971.787
2024-04-24 11:00:00;SUDESTE/CENTRO-OESTE;SUL;4862.395
2024-04-24 12:00:00;SUDESTE/CENTRO-OESTE;SUL;4445.234
2024-04-24 13:00:00;SUDESTE/CENTRO-OESTE;SUL;4729.192
2024-04-24 14:00:00;SUDESTE/CENTRO-OESTE;SUL;5060.535
2024-04-24 15:00:00;SUDESTE/CENTRO-OESTE;SUL;4464.978
2024-04-24 16:00:00;SUDESTE/CENTRO-OESTE;SUL;3134.796
2024-04-24 17:00:00;SUDESTE/CENTRO-OESTE;SUL;3411.361
2024-04-24 18:00:00;SUDESTE/CENTRO-OESTE;SUL;2465.442
2024-04-24 19:00:00;SUDESTE/CENTRO-OESTE;SUL;2180.071
2024-04-24 20:00:00;SUDESTE/CENTRO-OESTE;SUL;3140.01899999
2024-04-24 21:00:00;SUDESTE/CENTRO-OESTE;SUL;3606.096
2024-04-24 22:00:00;SUDESTE/CENTRO-OESTE;SUL;3545.621
2024-04-24 23:00:00;SUDESTE/CENTRO-OESTE;SUL;3396.985
2024-04-25 00:00:00;SUDESTE/CENTRO-OESTE;SUL;4196.004
2024-04-25 01:00:00;SUDESTE/CENTRO-OESTE;SUL;4991.62
2024-04-25 02:00:00;SUDESTE/CENTRO-OESTE;SUL;5665.153
2024-04-25 03:00:00;SUDESTE/CENTRO-OESTE;SUL;5798.401
2024-04-25 04:00:00;SUDESTE/CENTRO-OESTE;SUL;6049.38
2024-04-25 05:00:00;SUDESTE/CENTRO-OESTE;SUL;5119.779
2024-04-25 06:00:00;SUDESTE/CENTRO-OESTE;SUL;4063.261
2024-04-25 07:00:00;SUDESTE/CENTRO-OESTE;SUL;5449.85499999
2024-04-25 08:00:00;SUDESTE/CENTRO-OESTE;SUL;5658.367
2024-04-25 09:00:00;SUDESTE/CENTRO-OESTE;SUL;5219.39099999
2024-04-25 10:00:00;SUDESTE/CENTRO-OESTE;SUL;4800.578
2024-04-25 11:00:00;SUDESTE/CENTRO-OESTE;SUL;4634.774
2024-04-25 12:00:00;SUDESTE/CENTRO-OESTE;SUL;5239.593
2024-04-25 13:00:00;SUDESTE/CENTRO-OESTE;SUL;5206.912
2024-04-25 14:00:00;SUDESTE/CENTRO-OESTE;SUL;4867.10099999
2024-04-25 15:00:00;SUDESTE/CENTRO-OESTE;SUL;4426.789
2024-04-25 16:00:00;SUDESTE/CENTRO-OESTE;SUL;2049.034
2024-04-25 17:00:00;SUDESTE/CENTRO-OESTE;SUL;1947.369
2024-04-25 18:00:00;SUDESTE/CENTRO-OESTE;SUL;2316.37199999
2024-04-25 19:00:00;SUDESTE/CENTRO-OESTE;SUL;2350.621
2024-04-25 20:00:00;SUDESTE/CENTRO-OESTE;SUL;2232.618
2024-04-25 21:00:00;SUDESTE/CENTRO-OESTE;SUL;2499.112
2024-04-25 22:00:00;SUDESTE/CENTRO-OESTE;SUL;3529.479
2024-04-25 23:00:00;SUDESTE/CENTRO-OESTE;SUL;3270.33
2024-04-26 00:00:00;SUDESTE/CENTRO-OESTE;SUL;3698.115
2024-04-26 01:00:00;SUDESTE/CENTRO-OESTE;SUL;4457.118
2024-04-26 02:00:00;SUDESTE/CENTRO-OESTE;SUL;4559.466
2024-04-26 03:00:00;SUDESTE/CENTRO-OESTE;SUL;4960.55599999
2024-04-26 04:00:00;SUDESTE/CENTRO-OESTE;SUL;5011.664
2024-04-26 05:00:00;SUDESTE/CENTRO-OESTE;SUL;4941.16799999
2024-04-26 06:00:00;SUDESTE/CENTRO-OESTE;SUL;3721.288
2024-04-26 07:00:00;SUDESTE/CENTRO-OESTE;SUL;3773.084
2024-04-26 08:00:00;SUDESTE/CENTRO-OESTE;SUL;4208.456
2024-04-26 09:00:00;SUDESTE/CENTRO-OESTE;SUL;3804.23
2024-04-26 10:00:00;SUDESTE/CENTRO-OESTE;SUL;3314.73
2024-04-26 11:00:00;SUDESTE/CENTRO-OESTE;SUL;3469.899
2024-04-26 12:00:00;SUDESTE/CENTRO-OESTE;SUL;3000.083
2024-04-26 13:00:00;SUDESTE/CENTRO-OESTE;SUL;3724.112
2024-04-26 14:00:00;SUDESTE/CENTRO-OESTE;SUL;3011.353
2024-04-26 15:00:00;SUDESTE/CENTRO-OESTE;SUL;1422.243
2024-04-26 16:00:00;SUDESTE/CENTRO-OESTE;SUL;465.983
2024-04-26 17:00:00;SUDESTE/CENTRO-OESTE;SUL;745.36
2024-04-26 18:00:00;SUDESTE/CENTRO-OESTE;SUL;1644.46
2024-04-26 19:00:00;SUDESTE/CENTRO-OESTE;SUL;1667.016
2024-04-26 20:00:00;SUDESTE/CENTRO-OESTE;SUL;761.80999999
2024-04-26 21:00:00;SUDESTE/CENTRO-OESTE;SUL;721.228
2024-04-26 22:00:00;SUDESTE/CENTRO-OESTE;SUL;901.521
2024-04-26 23:00:00;SUDESTE/CENTRO-OESTE;SUL;1332.32
2024-04-27 00:00:00;SUDESTE/CENTRO-OESTE;SUL;3310.888
2024-04-27 01:00:00;SUDESTE/CENTRO-OESTE;SUL;4445.254
2024-04-27 02:00:00;SUDESTE/CENTRO-OESTE;SUL;5597.99
2024-04-27 03:00:00;SUDESTE/CENTRO-OESTE;SUL;5975.463
2024-04-27 04:00:00;SUDESTE/CENTRO-OESTE;SUL;5984.894
2024-04-27 05:00:00;SUDESTE/CENTRO-OESTE;SUL;5897.958
2024-04-27 06:00:00;SUDESTE/CENTRO-OESTE;SUL;5446.326
2024-04-27 07:00:00;SUDESTE/CENTRO-OESTE;SUL;5420.745
2024-04-27 08:00:00;SUDESTE/CENTRO-OESTE;SUL;5092.817
2024-04-27 09:00:00;SUDESTE/CENTRO-OESTE;SUL;5109.071
2024-04-27 10:00:00;SUDESTE/CENTRO-OESTE;SUL;4697.24799999
2024-04-27 11:00:00;SUDESTE/CENTRO-OESTE;SUL;4108.935
2024-04-27 12:00:00;SUDESTE/CENTRO-OESTE;SUL;4236.084
2024-04-27 13:00:00;SUDESTE/CENTRO-OESTE;SUL;4300.425
2024-04-27 14:00:00;SUDESTE/CENTRO-OESTE;SUL;4725.756
2024-04-27 15:00:00;SUDESTE/CENTRO-OESTE;SUL;4726.241
2024-04-27 16:00:00;SUDESTE/CENTRO-OESTE;SUL;4146.158
2024-04-27 17:00:00;SUDESTE/CENTRO-OESTE;SUL;1750.51399999
2024-04-27 18:00:00;SUDESTE/CENTRO-OESTE;SUL;1588.395
2024-04-27 19:00:00;SUDESTE/CENTRO-OESTE;SUL;1366.991
2024-04-27 20:00:00;SUDESTE/CENTRO-OESTE;SUL;913.549
2024-04-27 21:00:00;SUDESTE/CENTRO-OESTE;SUL;793.986
2024-04-27 22:00:00;SUDESTE/CENTRO-OESTE;SUL;1502.867
2024-04-27 23:00:00;SUDESTE/CENTRO-OESTE;SUL;1755.944
2024-04-28 00:00:00;SUDESTE/CENTRO-OESTE;SUL;2303.53699999
2024-04-28 01:00:00;SUDESTE/CENTRO-OESTE;SUL;2484.44
2024-04-28 02:00:00;SUDESTE/CENTRO-OESTE;SUL;3212.61
2024-04-28 03:00:00;SUDESTE/CENTRO-OESTE;SUL;3228.9
2024-04-28 04:00:00;SUDESTE/CENTRO-OESTE;SUL;3633.149
2024-04-28 05:00:00;SUDESTE/CENTRO-OESTE;SUL;4067.709
2024-04-28 06:00:00;SUDESTE/CENTRO-OESTE;SUL;4398.443
2024-04-28 07:00:00;SUDESTE/CENTRO-OESTE;SUL;5700.61399999
2024-04-28 08:00:00;SUDESTE/CENTRO-OESTE;SUL;5655.058
2024-04-28 09:00:00;SUDESTE/CENTRO-OESTE;SUL;6028.144
2024-04-28 10:00:00;SUDESTE/CENTRO-OESTE;SUL;6220.302
2024-04-28 11:00:00;SUDESTE/CENTRO-OESTE;SUL;6193.175
2024-04-28 12:00:00;SUDESTE/CENTRO-OESTE;SUL;5694.185
2024-04-28 13:00:00;SUDESTE/CENTRO-OESTE;SUL;5571.21
2024-04-28 14:00:00;SUDESTE/CENTRO-OESTE;SUL;5616.664
2024-04-28 15:00:00;SUDESTE/CENTRO-OESTE;SUL;4620.017
2024-04-28 16:00:00;SUDESTE/CENTRO-OESTE;SUL;2279.96799999
2024-04-28 17:00:00;SUDESTE/CENTRO-OESTE;SUL;-30.558
2024-04-28 18:00:00;SUDESTE/CENTRO-OESTE;SUL;295.295
2024-04-28 19:00:00;SUDESTE/CENTRO-OESTE;SUL;-137.692
2024-04-28 20:00:00;SUDESTE/CENTRO-OESTE;SUL;-554.793
2024-04-28 21:00:00;SUDESTE/CENTRO-OESTE;SUL;-478.165
2024-04-28 22:00:00;SUDESTE/CENTRO-OESTE;SUL;-321.16199999
2024-04-28 23:00:00;SUDESTE/CENTRO-OESTE;SUL;-191.863
2024-04-29 00:00:00;SUDESTE/CENTRO-OESTE;SUL;-74.937
2024-04-29 01:00:00;SUDESTE/CENTRO-OESTE;SUL;262.982
2024-04-29 02:00:00;SUDESTE/CENTRO-OESTE;SUL;1802.577
2024-04-29 03:00:00;SUDESTE/CENTRO-OESTE;SUL;2506.207
2024-04-29 04:00:00;SUDESTE/CENTRO-OESTE;SUL;2286.982
2024-04-29 05:00:00;SUDESTE/CENTRO-OESTE;SUL;2060.025
2024-04-29 06:00:00;SUDESTE/CENTRO-OESTE;SUL;2487.222
2024-04-29 07:00:00;SUDESTE/CENTRO-OESTE;SUL;3357.071
2024-04-29 08:00:00;SUDESTE/CENTRO-OESTE;SUL;3728.376
2024-04-29 09:00:00;SUDESTE/CENTRO-OESTE;SUL;3068.076
2024-04-29 10:00:00;SUDESTE/CENTRO-OESTE;SUL;2548.038
2024-04-29 11:00:00;SUDESTE/CENTRO-OESTE;SUL;2156.632
2024-04-29 12:00:00;SUDESTE/CENTRO-OESTE;SUL;1721.715
2024-04-29 13:00:00;SUDESTE/CENTRO-OESTE;SUL;1771.472
2024-04-29 14:00:00;SUDESTE/CENTRO-OESTE;SUL;559.588
2024-04-29 15:00:00;SUDESTE/CENTRO-OESTE;SUL;188.746
2024-04-29 16:00:00;SUDESTE/CENTRO-OESTE;SUL;680.54
2024-04-29 17:00:00;SUDESTE/CENTRO-OESTE;SUL;1379.755
2024-04-29 18:00:00;SUDESTE/CENTRO-OESTE;SUL;1633.85999999
2024-04-29 19:00:00;SUDESTE/CENTRO-OESTE;SUL;1186.101
2024-04-29 20:00:00;SUDESTE/CENTRO-OESTE;SUL;62.598
2024-04-29 21:00:00;SUDESTE/CENTRO-OESTE;SUL;-138.74
2024-04-29 22:00:00;SUDESTE/CENTRO-OESTE;SUL;273.12
2024-04-29 23:00:00;SUDESTE/CENTRO-OESTE;SUL;1071.041
2024-04-30 00:00:00;SUDESTE/CENTRO-OESTE;SUL;1540.648
2024-04-30 01:00:00;SUDESTE/CENTRO-OESTE;SUL;1924.724
2024-04-30 02:00:00;SUDESTE/CENTRO-OESTE;SUL;2973.902
2024-04-30 03:00:00;SUDESTE/CENTRO-OESTE;SUL;3700.484
2024-04-30 04:00:00;SUDESTE/CENTRO-OESTE;SUL;3086.024
2024-04-30 05:00:00;SUDESTE/CENTRO-OESTE;SUL;1941.37
2024-04-30 06:00:00;SUDESTE/CENTRO-OESTE;SUL;1619.013
2024-04-30 07:00:00;SUDESTE/CENTRO-OESTE;SUL;2811.899
2024-04-30 08:00:00;SUDESTE/CENTRO-OESTE;SUL;2849.844
2024-04-30 09:00:00;SUDESTE/CENTRO-OESTE;SUL;3307.078
2024-04-30 10:00:00;SUDESTE/CENTRO-OESTE;SUL;2607.971
2024-04-30 11:00:00;SUDESTE/CENTRO-OESTE;SUL;1764.76
2024-04-30 12:00:00;SUDESTE/CENTRO-OESTE;SUL;1596.361
2024-04-30 13:00:00;SUDESTE/CENTRO-OESTE;SUL;1896.259
2024-04-30 14:00:00;SUDESTE/CENTRO-OESTE;SUL;778.561
2024-04-30 15:00:00;SUDESTE/CENTRO-OESTE;SUL;165.344
2024-04-30 16:00:00;SUDESTE/CENTRO-OESTE;SUL;504.07
2024-04-30 17:00:00;SUDESTE/CENTRO-OESTE;SUL;348.367
2024-04-30 18:00:00;SUDESTE/CENTRO-OESTE;SUL;453.663
2024-04-30 19:00:00;SUDESTE/CENTRO-OESTE;SUL;114.613
2024-04-30 20:00:00;SUDESTE/CENTRO-OESTE;SUL;-774.981
2024-04-30 21:00:00;SUDESTE/CENTRO-OESTE;SUL;-1407.298
2024-04-30 22:00:00;SUDESTE/CENTRO-OESTE;SUL;-1497.512
2024-04-30 23:00:00;SUDESTE/CENTRO-OESTE;SUL;5.458
2024-05-01 00:00:00;SUDESTE/CENTRO-OESTE;SUL;-1.621
2024-05-01 01:00:00;SUDESTE/CENTRO-OESTE;SUL;1112.54299999
2024-05-01 02:00:00;SUDESTE/CENTRO-OESTE;SUL;2469.375
2024-05-01 03:00:00;SUDESTE/CENTRO-OESTE;SUL;2902.332
2024-05-01 04:00:00;SUDESTE/CENTRO-OESTE;SUL;2626.777
2024-05-01 05:00:00;SUDESTE/CENTRO-OESTE;SUL;2647.801
2024-05-01 06:00:00;SUDESTE/CENTRO-OESTE;SUL;2788.96999999
2024-05-01 07:00:00;SUDESTE/CENTRO-OESTE;SUL;3399.715
2024-05-01 08:00:00;SUDESTE/CENTRO-OESTE;SUL;4747.12299999
2024-05-01 09:00:00;SUDESTE/CENTRO-OESTE;SUL;5451.136
2024-05-01 10:00:00;SUDESTE/CENTRO-OESTE;SUL;5789.708
2024-05-01 11:00:00;SUDESTE/CENTRO-OESTE;SUL;4705.799
2024-05-01 12:00:00;SUDESTE/CENTRO-OESTE;SUL;3973.997
2024-05-01 13:00:00;SUDESTE/CENTRO-OESTE;SUL;3813.547
2024-05-01 14:00:00;SUDESTE/CENTRO-OESTE;SUL;3517.309
2024-05-01 15:00:00;SUDESTE/CENTRO-OESTE;SUL;3677.337
2024-05-01 16:00:00;SUDESTE/CENTRO-OESTE;SUL;3069.297
2024-05-01 17:00:00;SUDESTE/CENTRO-OESTE;SUL;557.886
2024-05-01 18:00:00;SUDESTE/CENTRO-OESTE;SUL;795.433
2024-05-01 19:00:00;SUDESTE/CENTRO-OESTE;SUL;625.157
2024-05-01 20:00:00;SUDESTE/CENTRO-OESTE;SUL;-45.59899999
2024-05-01 21:00:00;SUDESTE/CENTRO-OESTE;SUL;-453.638
2024-05-01 22:00:00;SUDESTE/CENTRO-OESTE;SUL;-763.216
2024-05-01 23:00:00;SUDESTE/CENTRO-OESTE;SUL;-519.924
2024-05-02 00:00:00;SUDESTE/CENTRO-OESTE;SUL;531.591
2024-05-02 01:00:00;SUDESTE/CENTRO-OESTE;SUL;1825.578
2024-05-02 02:00:00;SUDESTE/CENTRO-OESTE;SUL;2432.775
2024-05-02 03:00:00;SUDESTE/CENTRO-OESTE;SUL;2547.265
2024-05-02 04:00:00;SUDESTE/CENTRO-OESTE;SUL;2439.123
2024-05-02 05:00:00;SUDESTE/CENTRO-OESTE;SUL;1218.599
2024-05-02 06:00:00;SUDESTE/CENTRO-OESTE;SUL;484.924
2024-05-02 07:00:00;SUDESTE/CENTRO-OESTE;SUL;1733.8
2024-05-02 08:00:00;SUDESTE/CENTRO-OESTE;SUL;2475.971
2024-05-02 09:00:00;SUDESTE/CENTRO-OESTE;SUL;2002.242
2024-05-02 10:00:00;SUDESTE/CENTRO-OESTE;SUL;2065.049
2024-05-02 11:00:00;SUDESTE/CENTRO-OESTE;SUL;2288.198
2024-05-02 12:00:00;SUDESTE/CENTRO-OESTE;SUL;2510.887
2024-05-02 13:00:00;SUDESTE/CENTRO-OESTE;SUL;1599.363
2024-05-02 14:00:00;SUDESTE/CENTRO-OESTE;SUL;206.593
2024-05-02 15:00:00;SUDESTE/CENTRO-OESTE;SUL;226.148
2024-05-02 16:00:00;SUDESTE/CENTRO-OESTE;SUL;138.03299999
2024-05-02 17:00:00;SUDESTE/CENTRO-OESTE;SUL;86.676
2024-05-02 18:00:00;SUDESTE/CENTRO-OESTE;SUL;464.052
2024-05-02 19:00:00;SUDESTE/CENTRO-OESTE;SUL;252.343
2024-05-02 20:00:00;SUDESTE/CENTRO-OESTE;SUL;-212.88999999
2024-05-02 21:00:00;SUDESTE/CENTRO-OESTE;SUL;-463.014
2024-05-02 22:00:00;SUDESTE/CENTRO-OESTE;SUL;-405.614
2024-05-02 23:00:00;SUDESTE/CENTRO-OESTE;SUL;-742.45399999
2024-05-03 00:00:00;SUDESTE/CENTRO-OESTE;SUL;-126.064
2024-05-03 01:00:00;SUDESTE/CENTRO-OESTE;SUL;847.91099999
2024-05-03 02:00:00;SUDESTE/CENTRO-OESTE;SUL;1409.474
2024-05-03 03:00:00;SUDESTE/CENTRO-OESTE;SUL;1470.011
2024-05-03 04:00:00;SUDESTE/CENTRO-OESTE;SUL;1479.176
2024-05-03 05:00:00;SUDESTE/CENTRO-OESTE;SUL;1177.91799999
2024-05-03 06:00:00;SUDESTE/CENTRO-OESTE;SUL;788.26199999
2024-05-03 07:00:00;SUDESTE/CENTRO-OESTE;SUL;1893.912
2024-05-03 08:00:00;SUDESTE/CENTRO-OESTE;SUL;2696.379
2024-05-03 09:00:00;SUDESTE/CENTRO-OESTE;SUL;2587.44
2024-05-03 10:00:00;SUDESTE/CENTRO-OESTE;SUL;2545.08599999
2024-05-03 11:00:00;SUDESTE/CENTRO-OESTE;SUL;2533.833
2024-05-03 12:00:00;SUDESTE/CENTRO-OESTE;SUL;1915.855
2024-05-03 13:00:00;SUDESTE/CENTRO-OESTE;SUL;1985.898
2024-05-03 14:00:00;SUDESTE/CENTRO-OESTE;SUL;980.949
2024-05-03 15:00:00;SUDESTE/CENTRO-OESTE;SUL;515.885
2024-05-03 16:00:00;SUDESTE/CENTRO-OESTE;SUL;-12.831
2024-05-03 17:00:00;SUDESTE/CENTRO-OESTE;SUL;-463.92
2024-05-03 18:00:00;SUDESTE/CENTRO-OESTE;SUL;-68.684
2024-05-03 19:00:00;SUDESTE/CENTRO-OESTE;SUL;-318.339
2024-05-03 20:00:00;SUDESTE/CENTRO-OESTE;SUL;-799.5
2024-05-03 21:00:00;SUDESTE/CENTRO-OESTE;SUL;-1099.724
2024-05-03 22:00:00;SUDESTE/CENTRO-OESTE;SUL;-760.627
2024-05-03 23:00:00;SUDESTE/CENTRO-OESTE;SUL;-575.928
2024-05-04 00:00:00;SUDESTE/CENTRO-OESTE;SUL;-512.97299999
2024-05-04 01:00:00;SUDESTE/CENTRO-OESTE;SUL;-612.165
2024-05-04 02:00:00;SUDESTE/CENTRO-OESTE;SUL;-484.591
2024-05-04 03:00:00;SUDESTE/CENTRO-OESTE;SUL;-438.063
2024-05-04 04:00:00;SUDESTE/CENTRO-OESTE;SUL;-250.623
2024-05-04 05:00:00;SUDESTE/CENTRO-OESTE;SUL;-129.41999999
2024-05-04 06:00:00;SUDESTE/CENTRO-OESTE;SUL;530.691
2024-05-04 07:00:00;SUDESTE/CENTRO-OESTE;SUL;726.274
2024-05-04 08:00:00;SUDESTE/CENTRO-OESTE;SUL;2202.955
2024-05-04 09:00:00;SUDESTE/CENTRO-OESTE;SUL;2033.457
2024-05-04 10:00:00;SUDESTE/CENTRO-OESTE;SUL;2468.889
2024-05-04 11:00:00;SUDESTE/CENTRO-OESTE;SUL;2542.568
2024-05-04 12:00:00;SUDESTE/CENTRO-OESTE;SUL;2280.079
2024-05-04 13:00:00;SUDESTE/CENTRO-OESTE;SUL;2150.257
2024-05-04 14:00:00;SUDESTE/CENTRO-OESTE;SUL;1593.587
2024-05-04 15:00:00;SUDESTE/CENTRO-OESTE;SUL;1181.26
2024-05-04 16:00:00;SUDESTE/CENTRO-OESTE;SUL;148.514
2024-05-04 17:00:00;SUDESTE/CENTRO-OESTE;SUL;177.669
2024-05-04 18:00:00;SUDESTE/CENTRO-OESTE;SUL;-1154.815
2024-05-04 19:00:00;SUDESTE/CENTRO-OESTE;SUL;-1087.079
2024-05-04 20:00:00;SUDESTE/CENTRO-OESTE;SUL;-1045.96499999
2024-05-04 21:00:00;SUDESTE/CENTRO-OESTE;SUL;-914.348
2024-05-04 22:00:00;SUDESTE/CENTRO-OESTE;SUL;-436.3
2024-05-04 23:00:00;SUDESTE/CENTRO-OESTE;SUL;303.166
2024-05-05 00:00:00;SUDESTE/CENTRO-OESTE;SUL;127.853
2024-05-05 01:00:00;SUDESTE/CENTRO-OESTE;SUL;-311.415
2024-05-05 02:00:00;SUDESTE/CENTRO-OESTE;SUL;-275.738
2024-05-05 03:00:00;SUDESTE/CENTRO-OESTE;SUL;-353.546
2024-05-05 04:00:00;SUDESTE/CENTRO-OESTE;SUL;-498.639
2024-05-05 05:00:00;SUDESTE/CENTRO-OESTE;SUL;-609.153
2024-05-05 06:00:00;SUDESTE/CENTRO-OESTE;SUL;-42.213
2024-05-05 07:00:00;SUDESTE/CENTRO-OESTE;SUL;1287.853
2024-05-05 08:00:00;SUDESTE/CENTRO-OESTE;SUL;1344.868
2024-05-05 09:00:00;SUDESTE/CENTRO-OESTE;SUL;1107.479
2024-05-05 10:00:00;SUDESTE/CENTRO-OESTE;SUL;1013.613
2024-05-05 11:00:00;SUDESTE/CENTRO-OESTE;SUL;861.173
2024-05-05 12:00:00;SUDESTE/CENTRO-OESTE;SUL;616.244
2024-05-05 13:00:00;SUDESTE/CENTRO-OESTE;SUL;642.697
2024-05-05 14:00:00;SUDESTE/CENTRO-OESTE;SUL;1206.419
2024-05-05 15:00:00;SUDESTE/CENTRO-OESTE;SUL;1513.46599999
2024-05-05 16:00:00;SUDESTE/CENTRO-OESTE;SUL;846.371
2024-05-05 17:00:00;SUDESTE/CENTRO-OESTE;SUL;-604.405
2024-05-05 18:00:00;SUDESTE/CENTRO-OESTE;SUL;-99.291
2024-05-05 19:00:00;SUDESTE/CENTRO-OESTE;SUL;-1347.229
2024-05-05 20:00:00;SUDESTE/CENTRO-OESTE;SUL;-1594.326
2024-05-05 21:00:00;SUDESTE/CENTRO-OESTE;SUL;-1548.63899999
2024-05-05 22:00:00;SUDESTE/CENTRO-OESTE;SUL;-2100.455
2024-05-05 23:00:00;SUDESTE/CENTRO-OESTE;SUL;-2050.443
2024-05-06 00:00:00;SUDESTE/CENTRO-OESTE;SUL;-701.568
2024-05-06 01:00:00;SUDESTE/CENTRO-OESTE;SUL;45.858
2024-05-06 02:00:00;SUDESTE/CENTRO-OESTE;SUL;883.012
2024-05-06 03:00:00;SUDESTE/CENTRO-OESTE;SUL;1188.425
2024-05-06 04:00:00;SUDESTE/CENTRO-OESTE;SUL;1364.085
2024-05-06 05:00:00;SUDESTE/CENTRO-OESTE;SUL;158.942
2024-05-06 06:00:00;SUDESTE/CENTRO-OESTE;SUL;-751.53599999
2024-05-06 07:00:00;SUDESTE/CENTRO-OESTE;SUL;822.711
2024-05-06 08:00:00;SUDESTE/CENTRO-OESTE;SUL;1249.116
2024-05-06 09:00:00;SUDESTE/CENTRO-OESTE;SUL;1097.022
2024-05-06 10:00:00;SUDESTE/CENTRO-OESTE;SUL;1206.191
2024-05-06 11:00:00;SUDESTE/CENTRO-OESTE;SUL;1254.182
2024-05-06 12:00:00;SUDESTE/CENTRO-OESTE;SUL;1450.83
2024-05-06 13:00:00;SUDESTE/CENTRO-OESTE;SUL;19.51599999
2024-05-06 14:00:00;SUDESTE/CENTRO-OESTE;SUL;-302.73
2024-05-06 15:00:00;SUDESTE/CENTRO-OESTE;SUL;-422.933
2024-05-06 16:00:00;SUDESTE/CENTRO-OESTE;SUL;-173.126
2024-05-06 17:00:00;SUDESTE/CENTRO-OESTE;SUL;-131.518
2024-05-06 18:00:00;SUDESTE/CENTRO-OESTE;SUL;94.947
2024-05-06 19:00:00;SUDESTE/CENTRO-OESTE;SUL;-492.629
2024-05-06 20:00:00;SUDESTE/CENTRO-OESTE;SUL;-837.902
2024-05-06 21:00:00;SUDESTE/CENTRO-OESTE;SUL;-1193.425
2024-05-06 22:00:00;SUDESTE/CENTRO-OESTE;SUL;-1699.512
2024-05-06 23:00:00;SUDESTE/CENTRO-OESTE;SUL;-1737.154
2024-05-07 00:00:00;SUDESTE/CENTRO-OESTE;SUL;-880.099
2024-05-07 01:00:00;SUDESTE/CENTRO-OESTE;SUL;-125.958
2024-05-07 02:00:00;SUDESTE/CENTRO-OESTE;SUL;367.795
2024-05-07 03:00:00;SUDESTE/CENTRO-OESTE;SUL;562.407
2024-05-07 04:00:00;SUDESTE/CENTRO-OESTE;SUL;167.15199999
2024-05-07 05:00:00;SUDESTE/CENTRO-OESTE;SUL;-189.788
2024-05-07 06:00:00;SUDESTE/CENTRO-OESTE;SUL;-751.274
2024-05-07 07:00:00;SUDESTE/CENTRO-OESTE;SUL;477.703
2024-05-07 08:00:00;SUDESTE/CENTRO-OESTE;SUL;658.221
2024-05-07 09:00:00;SUDESTE/CENTRO-OESTE;SUL;713.996
2024-05-07 10:00:00;SUDESTE/CENTRO-OESTE;SUL;800.502
2024-05-07 11:00:00;SUDESTE/CENTRO-OESTE;SUL;793.48
2024-05-07 12:00:00;SUDESTE/CENTRO-OESTE;SUL;735.843
2024-05-07 13:00:00;SUDESTE/CENTRO-OESTE;SUL;-79.797
2024-05-07 14:00:00;SUDESTE/CENTRO-OESTE;SUL;-264.894
2024-05-07 15:00:00;SUDESTE/CENTRO-OESTE;SUL;-520.052
2024-05-07 16:00:00;SUDESTE/CENTRO-OESTE;SUL;53.098
2024-05-07 17:00:00;SUDESTE/CENTRO-OESTE;SUL;-114.487
2024-05-07 18:00:00;SUDESTE/CENTRO-OESTE;SUL;301.25099999
2024-05-07 19:00:00;SUDESTE/CENTRO-OESTE;SUL;-203.477
2024-05-07 20:00:00;SUDESTE/CENTRO-OESTE;SUL;-597.111
2024-05-07 21:00:00;SUDESTE/CENTRO-OESTE;SUL;-988.163
2024-05-07 22:00:00;SUDESTE/CENTRO-OESTE;SUL;-1754.844
2024-05-07 23:00:00;SUDESTE/CENTRO-OESTE;SUL;-1429.892
2024-05-08 00:00:00;SUDESTE/CENTRO-OESTE;SUL;-1705.864
2024-05-08 01:00:00;SUDESTE/CENTRO-OESTE;SUL;-1576.332
2024-05-08 02:00:00;SUDESTE/CENTRO-OESTE;SUL;-949.402
2024-05-08 03:00:00;SUDESTE/CENTRO-OESTE;SUL;-379.58
2024-05-08 04:00:00;SUDESTE/CENTRO-OESTE;SUL;-522.31899999
2024-05-08 05:00:00;SUDESTE/CENTRO-OESTE;SUL;-960.447
2024-05-08 06:00:00;SUDESTE/CENTRO-OESTE;SUL;-1232.652
2024-05-08 07:00:00;SUDESTE/CENTRO-OESTE;SUL;540.748
2024-05-08 08:00:00;SUDESTE/CENTRO-OESTE;SUL;1231.95
2024-05-08 09:00:00;SUDESTE/CENTRO-OESTE;SUL;1254.319
2024-05-08 10:00:00;SUDESTE/CENTRO-OESTE;SUL;880.58
2024-05-08 11:00:00;SUDESTE/CENTRO-OESTE;SUL;948.279
2024-05-08 12:00:00;SUDESTE/CENTRO-OESTE;SUL;974.518
2024-05-08 13:00:00;SUDESTE/CENTRO-OESTE;SUL;761.081
2024-05-08 14:00:00;SUDESTE/CENTRO-OESTE;SUL;350.467
2024-05-08 15:00:00;SUDESTE/CENTRO-OESTE;SUL;-473.753
2024-05-08 16:00:00;SUDESTE/CENTRO-OESTE;SUL;-71.069
2024-05-08 17:00:00;SUDESTE/CENTRO-OESTE;SUL;-109.612
2024-05-08 18:00:00;SUDESTE/CENTRO-OESTE;SUL;-198.347
2024-05-08 19:00:00;SUDESTE/CENTRO-OESTE;SUL;-738.885
2024-05-08 20:00:00;SUDESTE/CENTRO-OESTE;SUL;-1286.33
2024-05-08 21:00:00;SUDESTE/CENTRO-OESTE;SUL;-1648.059
2024-05-08 22:00:00;SUDESTE/CENTRO-OESTE;SUL;-2048.207
2024-05-08 23:00:00;SUDESTE/CENTRO-OESTE;SUL;-2256.957
2024-05-09 00:00:00;SUDESTE/CENTRO-OESTE;SUL;-2495.80499999
2024-05-09 01:00:00;SUDESTE/CENTRO-OESTE;SUL;-2464.65
2024-05-09 02:00:00;SUDESTE/CENTRO-OESTE;SUL;-1816.978
2024-05-09 03:00:00;SUDESTE/CENTRO-OESTE;SUL;-1036.249
2024-05-09 04:00:00;SUDESTE/CENTRO-OESTE;SUL;-778.30499999
2024-05-09 05:00:00;SUDESTE/CENTRO-OESTE;SUL;-964.873
2024-05-09 06:00:00;SUDESTE/CENTRO-OESTE;SUL;-1080.642
2024-05-09 07:00:00;SUDESTE/CENTRO-OESTE;SUL;724.38199999
2024-05-09 08:00:00;SUDESTE/CENTRO-OESTE;SUL;1657.03
2024-05-09 09:00:00;SUDESTE/CENTRO-OESTE;SUL;1660.652
2024-05-09 10:00:00;SUDESTE/CENTRO-OESTE;SUL;1638.897
2024-05-09 11:00:00;SUDESTE/CENTRO-OESTE;SUL;1969.448
2024-05-09 12:00:00;SUDESTE/CENTRO-OESTE;SUL;1372.518
2024-05-09 13:00:00;SUDESTE/CENTRO-OESTE;SUL;412.75
2024-05-09 14:00:00;SUDESTE/CENTRO-OESTE;SUL;-575.683
2024-05-09 15:00:00;SUDESTE/CENTRO-OESTE;SUL;-1174.79199999
2024-05-09 16:00:00;SUDESTE/CENTRO-OESTE;SUL;-753.429
2024-05-09 17:00:00;SUDESTE/CENTRO-OESTE;SUL;-354.192
2024-05-09 18:00:00;SUDESTE/CENTRO-OESTE;SUL;-25.67299999
2024-05-09 19:00:00;SUDESTE/CENTRO-OESTE;SUL;-633.56899999
2024-05-09 20:00:00;SUDESTE/CENTRO-OESTE;SUL;-1122.825
2024-05-09 21:00:00;SUDESTE/CENTRO-OESTE;SUL;-1178.373
2024-05-09 22:00:00;SUDESTE/CENTRO-OESTE;SUL;-1278.713
2024-05-09 23:00:00;SUDESTE/CENTRO-OESTE;SUL;-1593.934
2024-05-10 00:00:00;SUDESTE/CENTRO-OESTE;SUL;-1225.016
2024-05-10 01:00:00;SUDESTE/CENTRO-OESTE;SUL;-1251.785
2024-05-10 02:00:00;SUDESTE/CENTRO-OESTE;SUL;-580.69
2024-05-10 03:00:00;SUDESTE/CENTRO-OESTE;SUL;442.732
2024-05-10 04:00:00;SUDESTE/CENTRO-OESTE;SUL;359.647
2024-05-10 05:00:00;SUDESTE/CENTRO-OESTE;SUL;72.407
2024-05-10 06:00:00;SUDESTE/CENTRO-OESTE;SUL;-405.472
2024-05-10 07:00:00;SUDESTE/CENTRO-OESTE;SUL;273.61399999
2024-05-10 08:00:00;SUDESTE/CENTRO-OESTE;SUL;1249.144
2024-05-10 09:00:00;SUDESTE/CENTRO-OESTE;SUL;1209.527
2024-05-10 10:00:00;SUDESTE/CENTRO-OESTE;SUL;1137.926
2024-05-10 11:00:00;SUDESTE/CENTRO-OESTE;SUL;1232.642
2024-05-10 12:00:00;SUDESTE/CENTRO-OESTE;SUL;976.951
2024-05-10 13:00:00;SUDESTE/CENTRO-OESTE;SUL;769.917
2024-05-10 14:00:00;SUDESTE/CENTRO-OESTE;SUL;222.638
2024-05-10 15:00:00;SUDESTE/CENTRO-OESTE;SUL;-62.807
2024-05-10 16:00:00;SUDESTE/CENTRO-OESTE;SUL;-1261.924
2024-05-10 17:00:00;SUDESTE/CENTRO-OESTE;SUL;-1032.934
2024-05-10 18:00:00;SUDESTE/CENTRO-OESTE;SUL;-729.609
2024-05-10 19:00:00;SUDESTE/CENTRO-OESTE;SUL;-1220.653
2024-05-10 20:00:00;SUDESTE/CENTRO-OESTE;SUL;-1524.288
2024-05-10 21:00:00;SUDESTE/CENTRO-OESTE;SUL;-1791.279
2024-05-10 22:00:00;SUDESTE/CENTRO-OESTE;SUL;-2288.623
2024-05-10 23:00:00;SUDESTE/CENTRO-OESTE;SUL;-2002.954
2024-05-11 00:00:00;SUDESTE/CENTRO-OESTE;SUL;-2655.846
2024-05-11 01:00:00;SUDESTE/CENTRO-OESTE;SUL;-2756.854
2024-05-11 02:00:00;SUDESTE/CENTRO-OESTE;SUL;-3283.623
2024-05-11 03:00:00;SUDESTE/CENTRO-OESTE;SUL;-3759.981
2024-05-11 04:00:00;SUDESTE/CENTRO-OESTE;SUL;-3261.418
2024-05-11 05:00:00;SUDESTE/CENTRO-OESTE;SUL;-2378.108
2024-05-11 06:00:00;SUDESTE/CENTRO-OESTE;SUL;-761.564
2024-05-11 07:00:00;SUDESTE/CENTRO-OESTE;SUL;174.125
2024-05-11 08:00:00;SUDESTE/CENTRO-OESTE;SUL;538.96
2024-05-11 09:00:00;SUDESTE/CENTRO-OESTE;SUL;1611.098
2024-05-11 10:00:00;SUDESTE/CENTRO-OESTE;SUL;1211.52299999
2024-05-11 11:00:00;SUDESTE/CENTRO-OESTE;SUL;395.71
2024-05-11 12:00:00;SUDESTE/CENTRO-OESTE;SUL;71.348
2024-05-11 13:00:00;SUDESTE/CENTRO-OESTE;SUL;-738.254
2024-05-11 14:00:00;SUDESTE/CENTRO-OESTE;SUL;-1880.579
2024-05-11 15:00:00;SUDESTE/CENTRO-OESTE;SUL;-2245.628
2024-05-11 16:00:00;SUDESTE/CENTRO-OESTE;SUL;-2618.84499999
2024-05-11 17:00:00;SUDESTE/CENTRO-OESTE;SUL;-2263.437
2024-05-11 18:00:00;SUDESTE/CENTRO-OESTE;SUL;-1624.165
2024-05-11 19:00:00;SUDESTE/CENTRO-OESTE;SUL;-2184.627
2024-05-11 20:00:00;SUDESTE/CENTRO-OESTE;SUL;-2422.11
2024-05-11 21:00:00;SUDESTE/CENTRO-OESTE;SUL;-2398.63299999
2024-05-11 22:00:00;SUDESTE/CENTRO-OESTE;SUL;-3098.794
2024-05-11 23:00:00;SUDESTE/CENTRO-OESTE;SUL;-3269.454
2024-05-12 00:00:00;SUDESTE/CENTRO-OESTE;SUL;-3553.209
2024-05-12 01:00:00;SUDESTE/CENTRO-OESTE;SUL;-3210.038
2024-05-12 02:00:00;SUDESTE/CENTRO-OESTE;SUL;-3147.114
2024-05-12 03:00:00;SUDESTE/CENTRO-OESTE;SUL;-3288.132
2024-05-12 04:00:00;SUDESTE/CENTRO-OESTE;SUL;-3026.414
2024-05-12 05:00:00;SUDESTE/CENTRO-OESTE;SUL;-2258.038
2024-05-12 06:00:00;SUDESTE/CENTRO-OESTE;SUL;-1815.283
2024-05-12 07:00:00;SUDESTE/CENTRO-OESTE;SUL;-896.853
2024-05-12 08:00:00;SUDESTE/CENTRO-OESTE;SUL;-499.046
2024-05-12 09:00:00;SUDESTE/CENTRO-OESTE;SUL;-395.653
2024-05-12 10:00:00;SUDESTE/CENTRO-OESTE;SUL;-397.666
2024-05-12 11:00:00;SUDESTE/CENTRO-OESTE;SUL;-514.998
2024-05-12 12:00:00;SUDESTE/CENTRO-OESTE;SUL;-988.911
2024-05-12 13:00:00;SUDESTE/CENTRO-OESTE;SUL;-1039.528
2024-05-12 14:00:00;SUDESTE/CENTRO-OESTE;SUL;-1549.696
2024-05-12 15:00:00;SUDESTE/CENTRO-OESTE;SUL;-1564.021
2024-05-12 16:00:00;SUDESTE/CENTRO-OESTE;SUL;-2372.618
2024-05-12 17:00:00;SUDESTE/CENTRO-OESTE;SUL;-2298.236
2024-05-12 18:00:00;SUDESTE/CENTRO-OESTE;SUL;-2093.265
2024-05-12 19:00:00;SUDESTE/CENTRO-OESTE;SUL;-2011.058
2024-05-12 20:00:00;SUDESTE/CENTRO-OESTE;SUL;-2272.978
2024-05-12 21:00:00;SUDESTE/CENTRO-OESTE;SUL;-3111.046
2024-05-12 22:00:00;SUDESTE/CENTRO-OESTE;SUL;-3817.216
2024-05-12 23:00:00;SUDESTE/CENTRO-OESTE;SUL;-4180.8
2024-05-13 00:00:00;SUDESTE/CENTRO-OESTE;SUL;-2586.839
2024-05-13 01:00:00;SUDESTE/CENTRO-OESTE;SUL;-1796.284
2024-05-13 02:00:00;SUDESTE/CENTRO-OESTE;SUL;-1406.896
2024-05-13 03:00:00;SUDESTE/CENTRO-OESTE;SUL;-978.352
2024-05-13 04:00:00;SUDESTE/CENTRO-OESTE;SUL;-806.944
2024-05-13 05:00:00;SUDESTE/CENTRO-OESTE;SUL;-376.66
2024-05-13 06:00:00;SUDESTE/CENTRO-OESTE;SUL;-206.931
2024-05-13 07:00:00;SUDESTE/CENTRO-OESTE;SUL;-71.45999999
2024-05-13 08:00:00;SUDESTE/CENTRO-OESTE;SUL;-255.704
2024-05-13 09:00:00;SUDESTE/CENTRO-OESTE;SUL;-20.605
2024-05-13 10:00:00;SUDESTE/CENTRO-OESTE;SUL;582.907
2024-05-13 11:00:00;SUDESTE/CENTRO-OESTE;SUL;2043.091
2024-05-13 12:00:00;SUDESTE/CENTRO-OESTE;SUL;1839.856
2024-05-13 13:00:00;SUDESTE/CENTRO-OESTE;SUL;997.142
2024-05-13 14:00:00;SUDESTE/CENTRO-OESTE;SUL;-80.99299999
2024-05-13 15:00:00;SUDESTE/CENTRO-OESTE;SUL;-1231.757
2024-05-13 16:00:00;SUDESTE/CENTRO-OESTE;SUL;-1319.58099999
2024-05-13 17:00:00;SUDESTE/CENTRO-OESTE;SUL;-1125.661
2024-05-13 18:00:00;SUDESTE/CENTRO-OESTE;SUL;-685.644
2024-05-13 19:00:00;SUDESTE/CENTRO-OESTE;SUL;-1096.768
2024-05-13 20:00:00;SUDESTE/CENTRO-OESTE;SUL;-1742.628
2024-05-13 21:00:00;SUDESTE/CENTRO-OESTE;SUL;-2207.87199999
2024-05-13 22:00:00;SUDESTE/CENTRO-OESTE;SUL;-2655.28699999
2024-05-13 23:00:00;SUDESTE/CENTRO-OESTE;SUL;-3044.65299999
2024-05-14 00:00:00;SUDESTE/CENTRO-OESTE;SUL;-3673.665
2024-05-14 01:00:00;SUDESTE/CENTRO-OESTE;SUL;-3740.657
2024-05-14 02:00:00;SUDESTE/CENTRO-OESTE;SUL;-2960.488
2024-05-14 03:00:00;SUDESTE/CENTRO-OESTE;SUL;-2992.18199999
2024-05-14 04:00:00;SUDESTE/CENTRO-OESTE;SUL;-3126.331
2024-05-14 05:00:00;SUDESTE/CENTRO-OESTE;SUL;-3080.047
2024-05-14 06:00:00;SUDESTE/CENTRO-OESTE;SUL;-2315.405
2024-05-14 07:00:00;SUDESTE/CENTRO-OESTE;SUL;-405.769
2024-05-14 08:00:00;SUDESTE/CENTRO-OESTE;SUL;-535.59799999
2024-05-14 09:00:00;SUDESTE/CENTRO-OESTE;SUL;-463.144
2024-05-14 10:00:00;SUDESTE/CENTRO-OESTE;SUL;-610.628
2024-05-14 11:00:00;SUDESTE/CENTRO-OESTE;SUL;-1001.741
2024-05-14 12:00:00;SUDESTE/CENTRO-OESTE;SUL;-891.916
2024-05-14 13:00:00;SUDESTE/CENTRO-OESTE;SUL;-621.55999999
2024-05-14 14:00:00;SUDESTE/CENTRO-OESTE;SUL;-444.964
2024-05-14 15:00:00;SUDESTE/CENTRO-OESTE;SUL;-870.55999999
2024-05-14 16:00:00;SUDESTE/CENTRO-OESTE;SUL;-1217.393
2024-05-14 17:00:00;SUDESTE/CENTRO-OESTE;SUL;-716.455
2024-05-14 18:00:00;SUDESTE/CENTRO-OESTE;SUL;-558.93499999
2024-05-14 19:00:00;SUDESTE/CENTRO-OESTE;SUL;-661.808
2024-05-14 20:00:00;SUDESTE/CENTRO-OESTE;SUL;-1066.865
2024-05-14 21:00:00;SUDESTE/CENTRO-OESTE;SUL;-1135.64899999
2024-05-14 22:00:00;SUDESTE/CENTRO-OESTE;SUL;-1231.194
2024-05-14 23:00:00;SUDESTE/CENTRO-OESTE;SUL;-829.362
2024-05-15 00:00:00;SUDESTE/CENTRO-OESTE;SUL;-795.766
2024-05-15 01:00:00;SUDESTE/CENTRO-OESTE;SUL;-484.902
2024-05-15 02:00:00;SUDESTE/CENTRO-OESTE;SUL;214.739
2024-05-15 03:00:00;SUDESTE/CENTRO-OESTE;SUL;567.001
2024-05-15 04:00:00;SUDESTE/CENTRO-OESTE;SUL;722.42999999
2024-05-15 05:00:00;SUDESTE/CENTRO-OESTE;SUL;320.339
2024-05-15 06:00:00;SUDESTE/CENTRO-OESTE;SUL;539.328
2024-05-15 07:00:00;SUDESTE/CENTRO-OESTE;SUL;989.698
2024-05-15 08:00:00;SUDESTE/CENTRO-OESTE;SUL;1010.559
2024-05-15 09:00:00;SUDESTE/CENTRO-OESTE;SUL;1810.38899999
2024-05-15 10:00:00;SUDESTE/CENTRO-OESTE;SUL;1723.308
2024-05-15 11:00:00;SUDESTE/CENTRO-OESTE;SUL;1981.679
2024-05-15 12:00:00;SUDESTE/CENTRO-OESTE;SUL;1832.706
2024-05-15 13:00:00;SUDESTE/CENTRO-OESTE;SUL;1271.817
2024-05-15 14:00:00;SUDESTE/CENTRO-OESTE;SUL;639.104
2024-05-15 15:00:00;SUDESTE/CENTRO-OESTE;SUL;197.782
2024-05-15 16:00:00;SUDESTE/CENTRO-OESTE;SUL;-54.682
2024-05-15 17:00:00;SUDESTE/CENTRO-OESTE;SUL;-141.19999999
2024-05-15 18:00:00;SUDESTE/CENTRO-OESTE;SUL;260.069
2024-05-15 19:00:00;SUDESTE/CENTRO-OESTE;SUL;278.956
2024-05-15 20:00:00;SUDESTE/CENTRO-OESTE;SUL;-738.394
2024-05-15 21:00:00;SUDESTE/CENTRO-OESTE;SUL;-1457.28299999
2024-05-15 22:00:00;SUDESTE/CENTRO-OESTE;SUL;-1008.485
2024-05-15 23:00:00;SUDESTE/CENTRO-OESTE;SUL;-232.144
2024-05-16 00:00:00;SUDESTE/CENTRO-OESTE;SUL;773.791
2024-05-16 01:00:00;SUDESTE/CENTRO-OESTE;SUL;1613.394
2024-05-16 02:00:00;SUDESTE/CENTRO-OESTE;SUL;2343.28699999
2024-05-16 03:00:00;SUDESTE/CENTRO-OESTE;SUL;2784.065
2024-05-16 04:00:00;SUDESTE/CENTRO-OESTE;SUL;2194.512
2024-05-16 05:00:00;SUDESTE/CENTRO-OESTE;SUL;1159.788
2024-05-16 06:00:00;SUDESTE/CENTRO-OESTE;SUL;400.119
2024-05-16 07:00:00;SUDESTE/CENTRO-OESTE;SUL;570.011
2024-05-16 08:00:00;SUDESTE/CENTRO-OESTE;SUL;1569.397
2024-05-16 09:00:00;SUDESTE/CENTRO-OESTE;SUL;2154.665
2024-05-16 10:00:00;SUDESTE/CENTRO-OESTE;SUL;1270.407
2024-05-16 11:00:00;SUDESTE/CENTRO-OESTE;SUL;1447.467
2024-05-16 12:00:00;SUDESTE/CENTRO-OESTE;SUL;1419.299
2024-05-16 13:00:00;SUDESTE/CENTRO-OESTE;SUL;1396.872
2024-05-16 14:00:00;SUDESTE/CENTRO-OESTE;SUL;627.74
2024-05-16 15:00:00;SUDESTE/CENTRO-OESTE;SUL;-606.124
2024-05-16 16:00:00;SUDESTE/CENTRO-OESTE;SUL;-978.342
2024-05-16 17:00:00;SUDESTE/CENTRO-OESTE;SUL;-336.493
2024-05-16 18:00:00;SUDESTE/CENTRO-OESTE;SUL;741.076
2024-05-16 19:00:00;SUDESTE/CENTRO-OESTE;SUL;171.138
2024-05-16 20:00:00;SUDESTE/CENTRO-OESTE;SUL;-471.283
2024-05-16 21:00:00;SUDESTE/CENTRO-OESTE;SUL;-1095.969
2024-05-16 22:00:00;SUDESTE/CENTRO-OESTE;SUL;-1353.217
2024-05-16 23:00:00;SUDESTE/CENTRO-OESTE;SUL;-1581.922
2024-05-17 00:00:00;SUDESTE/CENTRO-OESTE;SUL;-584.631
2024-05-17 01:00:00;SUDESTE/CENTRO-OESTE;SUL;109.301
2024-05-17 02:00:00;SUDESTE/CENTRO-OESTE;SUL;-209.381
2024-05-17 03:00:00;SUDESTE/CENTRO-OESTE;SUL;-89.783
2024-05-17 04:00:00;SUDESTE/CENTRO-OESTE;SUL;-384.248
2024-05-17 05:00:00;SUDESTE/CENTRO-OESTE;SUL;45.957
2024-05-17 06:00:00;SUDESTE/CENTRO-OESTE;SUL;-508.077
2024-05-17 07:00:00;SUDESTE/CENTRO-OESTE;SUL;-146.982
2024-05-17 08:00:00;SUDESTE/CENTRO-OESTE;SUL;1155.568
2024-05-17 09:00:00;SUDESTE/CENTRO-OESTE;SUL;1513.191
2024-05-17 10:00:00;SUDESTE/CENTRO-OESTE;SUL;1358.487
2024-05-17 11:00:00;SUDESTE/CENTRO-OESTE;SUL;1596.147
2024-05-17 12:00:00;SUDESTE/CENTRO-OESTE;SUL;1876.446
2024-05-17 13:00:00;SUDESTE/CENTRO-OESTE;SUL;1220.063
2024-05-17 14:00:00;SUDESTE/CENTRO-OESTE;SUL;361.442
2024-05-17 15:00:00;SUDESTE/CENTRO-OESTE;SUL;252.803
2024-05-17 16:00:00;SUDESTE/CENTRO-OESTE;SUL;-260.071
2024-05-17 17:00:00;SUDESTE/CENTRO-OESTE;SUL;-547.979
2024-05-17 18:00:00;SUDESTE/CENTRO-OESTE;SUL;-31.798
2024-05-17 19:00:00;SUDESTE/CENTRO-OESTE;SUL;-568.45899999
2024-05-17 20:00:00;SUDESTE/CENTRO-OESTE;SUL;-232.462
2024-05-17 21:00:00;SUDESTE/CENTRO-OESTE;SUL;-566.53599999
2024-05-17 22:00:00;SUDESTE/CENTRO-OESTE;SUL;-1282.683
2024-05-17 23:00:00;SUDESTE/CENTRO-OESTE;SUL;-2140.65099999
2024-05-18 00:00:00;SUDESTE/CENTRO-OESTE;SUL;-3206.436
2024-05-18 01:00:00;SUDESTE/CENTRO-OESTE;SUL;-4080.539
2024-05-18 02:00:00;SUDESTE/CENTRO-OESTE;SUL;-4891.935
2024-05-18 03:00:00;SUDESTE/CENTRO-OESTE;SUL;-4947.514
2024-05-18 04:00:00;SUDESTE/CENTRO-OESTE;SUL;-4899.979
2024-05-18 05:00:00;SUDESTE/CENTRO-OESTE;SUL;-4929.089
2024-05-18 06:00:00;SUDESTE/CENTRO-OESTE;SUL;-4223.946
2024-05-18 07:00:00;SUDESTE/CENTRO-OESTE;SUL;-2093.163
2024-05-18 08:00:00;SUDESTE/CENTRO-OESTE;SUL;376.302
2024-05-18 09:00:00;SUDESTE/CENTRO-OESTE;SUL;883.178
2024-05-18 10:00:00;SUDESTE/CENTRO-OESTE;SUL;1290.53
2024-05-18 11:00:00;SUDESTE/CENTRO-OESTE;SUL;1029.767
2024-05-18 12:00:00;SUDESTE/CENTRO-OESTE;SUL;408.18
2024-05-18 13:00:00;SUDESTE/CENTRO-OESTE;SUL;-346.396
2024-05-18 14:00:00;SUDESTE/CENTRO-OESTE;SUL;-1834.691
2024-05-18 15:00:00;SUDESTE/CENTRO-OESTE;SUL;-2618.04599999
2024-05-18 16:00:00;SUDESTE/CENTRO-OESTE;SUL;-3177.32
2024-05-18 17:00:00;SUDESTE/CENTRO-OESTE;SUL;-2404.17999999
2024-05-18 18:00:00;SUDESTE/CENTRO-OESTE;SUL;-1472.124
2024-05-18 19:00:00;SUDESTE/CENTRO-OESTE;SUL;-2125.708
2024-05-18 20:00:00;SUDESTE/CENTRO-OESTE;SUL;-2948.177
2024-05-18 21:00:00;SUDESTE/CENTRO-OESTE;SUL;-3606.499
2024-05-18 22:00:00;SUDESTE/CENTRO-OESTE;SUL;-4176.78799999
2024-05-18 23:00:00;SUDESTE/CENTRO-OESTE;SUL;-4631.097
2024-05-19 00:00:00;SUDESTE/CENTRO-OESTE;SUL;-5066.715
2024-05-19 01:00:00;SUDESTE/CENTRO-OESTE;SUL;-4416.273
2024-05-19 02:00:00;SUDESTE/CENTRO-OESTE;SUL;-4600.16799999
2024-05-19 03:00:00;SUDESTE/CENTRO-OESTE;SUL;-4442.59199999
2024-05-19 04:00:00;SUDESTE/CENTRO-OESTE;SUL;-3929.339
2024-05-19 05:00:00;SUDESTE/CENTRO-OESTE;SUL;-3528.282
2024-05-19 06:00:00;SUDESTE/CENTRO-OESTE;SUL;-2079.98799999
2024-05-19 07:00:00;SUDESTE/CENTRO-OESTE;SUL;415.432
2024-05-19 08:00:00;SUDESTE/CENTRO-OESTE;SUL;197.916
2024-05-19 09:00:00;SUDESTE/CENTRO-OESTE;SUL;593.886
2024-05-19 10:00:00;SUDESTE/CENTRO-OESTE;SUL;970.444
2024-05-19 11:00:00;SUDESTE/CENTRO-OESTE;SUL;933.295
2024-05-19 12:00:00;SUDESTE/CENTRO-OESTE;SUL;515.072
2024-05-19 13:00:00;SUDESTE/CENTRO-OESTE;SUL;1.39199999
2024-05-19 14:00:00;SUDESTE/CENTRO-OESTE;SUL;-540.024
2024-05-19 15:00:00;SUDESTE/CENTRO-OESTE;SUL;-868.129
2024-05-19 16:00:00;SUDESTE/CENTRO-OESTE;SUL;-532.15599999
2024-05-19 17:00:00;SUDESTE/CENTRO-OESTE;SUL;-712.312
2024-05-19 18:00:00;SUDESTE/CENTRO-OESTE;SUL;-1423.75
2024-05-19 19:00:00;SUDESTE/CENTRO-OESTE;SUL;-1703.467
2024-05-19 20:00:00;SUDESTE/CENTRO-OESTE;SUL;-1999.307
2024-05-19 21:00:00;SUDESTE/CENTRO-OESTE;SUL;-2443.82
2024-05-19 22:00:00;SUDESTE/CENTRO-OESTE;SUL;-3097.421
2024-05-19 23:00:00;SUDESTE/CENTRO-OESTE;SUL;-2901.512
2024-05-20 00:00:00;SUDESTE/CENTRO-OESTE;SUL;-1856.816
2024-05-20 01:00:00;SUDESTE/CENTRO-OESTE;SUL;-512.541
2024-05-20 02:00:00;SUDESTE/CENTRO-OESTE;SUL;-65.69499999
2024-05-20 03:00:00;SUDESTE/CENTRO-OESTE;SUL;169.895
2024-05-20 04:00:00;SUDESTE/CENTRO-OESTE;SUL;413.20299999
2024-05-20 05:00:00;SUDESTE/CENTRO-OESTE;SUL;-251.842
2024-05-20 06:00:00;SUDESTE/CENTRO-OESTE;SUL;-356.91699999
2024-05-20 07:00:00;SUDESTE/CENTRO-OESTE;SUL;1406.725
2024-05-20 08:00:00;SUDESTE/CENTRO-OESTE;SUL;2089.621
2024-05-20 09:00:00;SUDESTE/CENTRO-OESTE;SUL;2076.472
2024-05-20 10:00:00;SUDESTE/CENTRO-OESTE;SUL;1887.719
2024-05-20 11:00:00;SUDESTE/CENTRO-OESTE;SUL;621.455
2024-05-20 12:00:00;SUDESTE/CENTRO-OESTE;SUL;-326.831
2024-05-20 13:00:00;SUDESTE/CENTRO-OESTE;SUL;-849.742
2024-05-20 14:00:00;SUDESTE/CENTRO-OESTE;SUL;-616.987
2024-05-20 15:00:00;SUDESTE/CENTRO-OESTE;SUL;-362.246
2024-05-20 16:00:00;SUDESTE/CENTRO-OESTE;SUL;-653.192
2024-05-20 17:00:00;SUDESTE/CENTRO-OESTE;SUL;-212.936
2024-05-20 18:00:00;SUDESTE/CENTRO-OESTE;SUL;146.37799999
2024-05-20 19:00:00;SUDESTE/CENTRO-OESTE;SUL;-121.411
2024-05-20 20:00:00;SUDESTE/CENTRO-OESTE;SUL;-883.431
2024-05-20 21:00:00;SUDESTE/CENTRO-OESTE;SUL;-1393.347
2024-05-20 22:00:00;SUDESTE/CENTRO-OESTE;SUL;-1388.189
2024-05-20 23:00:00;SUDESTE/CENTRO-OESTE;SUL;-1522.904
2024-05-21 00:00:00;SUDESTE/CENTRO-OESTE;SUL;-1701.601
2024-05-21 01:00:00;SUDESTE/CENTRO-OESTE;SUL;-1338.538
2024-05-21 02:00:00;SUDESTE/CENTRO-OESTE;SUL;-387.823
2024-05-21 03:00:00;SUDESTE/CENTRO-OESTE;SUL;-199.178
2024-05-21 04:00:00;SUDESTE/CENTRO-OESTE;SUL;-63.444
2024-05-21 05:00:00;SUDESTE/CENTRO-OESTE;SUL;-408.90499999
2024-05-21 06:00:00;SUDESTE/CENTRO-OESTE;SUL;-146.74199999
2024-05-21 07:00:00;SUDESTE/CENTRO-OESTE;SUL;922.584
2024-05-21 08:00:00;SUDESTE/CENTRO-OESTE;SUL;1144.722
2024-05-21 09:00:00;SUDESTE/CENTRO-OESTE;SUL;1915.187
2024-05-21 10:00:00;SUDESTE/CENTRO-OESTE;SUL;1485.871
2024-05-21 11:00:00;SUDESTE/CENTRO-OESTE;SUL;1062.595
2024-05-21 12:00:00;SUDESTE/CENTRO-OESTE;SUL;895.59
2024-05-21 13:00:00;SUDESTE/CENTRO-OESTE;SUL;720.926
2024-05-21 14:00:00;SUDESTE/CENTRO-OESTE;SUL;644.47
2024-05-21 15:00:00;SUDESTE/CENTRO-OESTE;SUL;522.21799999
2024-05-21 16:00:00;SUDESTE/CENTRO-OESTE;SUL;236.972
2024-05-21 17:00:00;SUDESTE/CENTRO-OESTE;SUL;451.971
2024-05-21 18:00:00;SUDESTE/CENTRO-OESTE;SUL;-144.215
2024-05-21 19:00:00;SUDESTE/CENTRO-OESTE;SUL;-373.819
2024-05-21 20:00:00;SUDESTE/CENTRO-OESTE;SUL;-990.909
2024-05-21 21:00:00;SUDESTE/CENTRO-OESTE;SUL;-1550.433
2024-05-21 22:00:00;SUDESTE/CENTRO-OESTE;SUL;-1740.242
2024-05-21 23:00:00;SUDESTE/CENTRO-OESTE;SUL;-1787.343
2024-05-22 00:00:00;SUDESTE/CENTRO-OESTE;SUL;-1030.16799999
2024-05-22 01:00:00;SUDESTE/CENTRO-OESTE;SUL;-806.189
2024-05-22 02:00:00;SUDESTE/CENTRO-OESTE;SUL;-673.307
2024-05-22 03:00:00;SUDESTE/CENTRO-OESTE;SUL;-555.414
2024-05-22 04:00:00;SUDESTE/CENTRO-OESTE;SUL;-338.67399999
2024-05-22 05:00:00;SUDESTE/CENTRO-OESTE;SUL;-875.726
2024-05-22 06:00:00;SUDESTE/CENTRO-OESTE;SUL;-673.631
2024-05-22 07:00:00;SUDESTE/CENTRO-OESTE;SUL;471.688
2024-05-22 08:00:00;SUDESTE/CENTRO-OESTE;SUL;922.863
2024-05-22 09:00:00;SUDESTE/CENTRO-OESTE;SUL;1112.366
2024-05-22 10:00:00;SUDESTE/CENTRO-OESTE;SUL;1422.86999999
2024-05-22 11:00:00;SUDESTE/CENTRO-OESTE;SUL;922.438
2024-05-22 12:00:00;SUDESTE/CENTRO-OESTE;SUL;621.054
2024-05-22 13:00:00;SUDESTE/CENTRO-OESTE;SUL;449.19
2024-05-22 14:00:00;SUDESTE/CENTRO-OESTE;SUL;647.436
2024-05-22 15:00:00;SUDESTE/CENTRO-OESTE;SUL;421.123
2024-05-22 16:00:00;SUDESTE/CENTRO-OESTE;SUL;-595.547
2024-05-22 17:00:00;SUDESTE/CENTRO-OESTE;SUL;-112.603
2024-05-22 18:00:00;SUDESTE/CENTRO-OESTE;SUL;254.353
2024-05-22 19:00:00;SUDESTE/CENTRO-OESTE;SUL;-337.593
2024-05-22 20:00:00;SUDESTE/CENTRO-OESTE;SUL;-1239.419
2024-05-22 21:00:00;SUDESTE/CENTRO-OESTE;SUL;-1175.468
2024-05-22 22:00:00;SUDESTE/CENTRO-OESTE;SUL;-1607.924
2024-05-22 23:00:00;SUDESTE/CENTRO-OESTE;SUL;-2164.889
2024-05-23 00:00:00;SUDESTE/CENTRO-OESTE;SUL;-1781.235
2024-05-23 01:00:00;SUDESTE/CENTRO-OESTE;SUL;-1922.439
2024-05-23 02:00:00;SUDESTE/CENTRO-OESTE;SUL;-1457.179
2024-05-23 03:00:00;SUDESTE/CENTRO-OESTE;SUL;-1062.845
2024-05-23 04:00:00;SUDESTE/CENTRO-OESTE;SUL;-1297.95
2024-05-23 05:00:00;SUDESTE/CENTRO-OESTE;SUL;-1855.577
2024-05-23 06:00:00;SUDESTE/CENTRO-OESTE;SUL;-1725.601
2024-05-23 07:00:00;SUDESTE/CENTRO-OESTE;SUL;-633.477
2024-05-23 08:00:00;SUDESTE/CENTRO-OESTE;SUL;-126.606
2024-05-23 09:00:00;SUDESTE/CENTRO-OESTE;SUL;672.564
2024-05-23 10:00:00;SUDESTE/CENTRO-OESTE;SUL;1243.75
2024-05-23 11:00:00;SUDESTE/CENTRO-OESTE;SUL;710.889
2024-05-23 12:00:00;SUDESTE/CENTRO-OESTE;SUL;649.916
2024-05-23 13:00:00;SUDESTE/CENTRO-OESTE;SUL;275.088
2024-05-23 14:00:00;SUDESTE/CENTRO-OESTE;SUL;-245.192
2024-05-23 15:00:00;SUDESTE/CENTRO-OESTE;SUL;-697.223
2024-05-23 16:00:00;SUDESTE/CENTRO-OESTE;SUL;105.936
2024-05-23 17:00:00;SUDESTE/CENTRO-OESTE;SUL;165.75
2024-05-23 18:00:00;SUDESTE/CENTRO-OESTE;SUL;-95.665
2024-05-23 19:00:00;SUDESTE/CENTRO-OESTE;SUL;-318.83999999
2024-05-23 20:00:00;SUDESTE/CENTRO-OESTE;SUL;-858.813
2024-05-23 21:00:00;SUDESTE/CENTRO-OESTE;SUL;-1109.029
2024-05-23 22:00:00;SUDESTE/CENTRO-OESTE;SUL;-229.903
2024-05-23 23:00:00;SUDESTE/CENTRO-OESTE;SUL;-721.38
2024-05-24 00:00:00;SUDESTE/CENTRO-OESTE;SUL;-1769.258
2024-05-24 01:00:00;SUDESTE/CENTRO-OESTE;SUL;-2299.871
2024-05-24 02:00:00;SUDESTE/CENTRO-OESTE;SUL;-1800.176
2024-05-24 03:00:00;SUDESTE/CENTRO-OESTE;SUL;-2037.053
2024-05-24 04:00:00;SUDESTE/CENTRO-OESTE;SUL;-2250.542
2024-05-24 05:00:00;SUDESTE/CENTRO-OESTE;SUL;-3686.917
2024-05-24 06:00:00;SUDESTE/CENTRO-OESTE;SUL;-3759.119
2024-05-24 07:00:00;SUDESTE/CENTRO-OESTE;SUL;-1701.483
2024-05-24 08:00:00;SUDESTE/CENTRO-OESTE;SUL;505.511
2024-05-24 09:00:00;SUDESTE/CENTRO-OESTE;SUL;1034.698
2024-05-24 10:00:00;SUDESTE/CENTRO-OESTE;SUL;949.389
2024-05-24 11:00:00;SUDESTE/CENTRO-OESTE;SUL;370.247
2024-05-24 12:00:00;SUDESTE/CENTRO-OESTE;SUL;-242.224
2024-05-24 13:00:00;SUDESTE/CENTRO-OESTE;SUL;-793.615
2024-05-24 14:00:00;SUDESTE/CENTRO-OESTE;SUL;-576.402
2024-05-24 15:00:00;SUDESTE/CENTRO-OESTE;SUL;-861.467
2024-05-24 16:00:00;SUDESTE/CENTRO-OESTE;SUL;-725.693
2024-05-24 17:00:00;SUDESTE/CENTRO-OESTE;SUL;-852.595
2024-05-24 18:00:00;SUDESTE/CENTRO-OESTE;SUL;-692.154
2024-05-24 19:00:00;SUDESTE/CENTRO-OESTE;SUL;-1249.72
2024-05-24 20:00:00;SUDESTE/CENTRO-OESTE;SUL;-1544.715
2024-05-24 21:00:00;SUDESTE/CENTRO-OESTE;SUL;-2111.029
2024-05-24 22:00:00;SUDESTE/CENTRO-OESTE;SUL;-2670.943
2024-05-24 23:00:00;SUDESTE/CENTRO-OESTE;SUL;-2545.871
2024-05-25 00:00:00;SUDESTE/CENTRO-OESTE;SUL;-2963.686
2024-05-25 01:00:00;SUDESTE/CENTRO-OESTE;SUL;-3910.95
2024-05-25 02:00:00;SUDESTE/CENTRO-OESTE;SUL;-4554.59599999
2024-05-25 03:00:00;SUDESTE/CENTRO-OESTE;SUL;-5474.925
2024-05-25 04:00:00;SUDESTE/CENTRO-OESTE;SUL;-6044.751
2024-05-25 05:00:00;SUDESTE/CENTRO-OESTE;SUL;-5571.601
2024-05-25 06:00:00;SUDESTE/CENTRO-OESTE;SUL;-4765.438
2024-05-25 07:00:00;SUDESTE/CENTRO-OESTE;SUL;-2455.987
2024-05-25 08:00:00;SUDESTE/CENTRO-OESTE;SUL;-1026.519
2024-05-25 09:00:00;SUDESTE/CENTRO-OESTE;SUL;-1193.003
2024-05-25 10:00:00;SUDESTE/CENTRO-OESTE;SUL;-940.468
2024-05-25 11:00:00;SUDESTE/CENTRO-OESTE;SUL;-878.046
2024-05-25 12:00:00;SUDESTE/CENTRO-OESTE;SUL;-1310.468
2024-05-25 13:00:00;SUDESTE/CENTRO-OESTE;SUL;-1848.345
2024-05-25 14:00:00;SUDESTE/CENTRO-OESTE;SUL;-2277.573
2024-05-25 15:00:00;SUDESTE/CENTRO-OESTE;SUL;-2636.39
2024-05-25 16:00:00;SUDESTE/CENTRO-OESTE;SUL;-2146.63299999
2024-05-25 17:00:00;SUDESTE/CENTRO-OESTE;SUL;-1488.532
2024-05-25 18:00:00;SUDESTE/CENTRO-OESTE;SUL;-947.507
2024-05-25 19:00:00;SUDESTE/CENTRO-OESTE;SUL;-1352.12899999
2024-05-25 20:00:00;SUDESTE/CENTRO-OESTE;SUL;-2543.289
2024-05-25 21:00:00;SUDESTE/CENTRO-OESTE;SUL;-3110.085
2024-05-25 22:00:00;SUDESTE/CENTRO-OESTE;SUL;-3443.494
2024-05-25 23:00:00;SUDESTE/CENTRO-OESTE;SUL;-3264.801
2024-05-26 00:00:00;SUDESTE/CENTRO-OESTE;SUL;-3818.98
2024-05-26 01:00:00;SUDESTE/CENTRO-OESTE;SUL;-4094.401
2024-05-26 02:00:00;SUDESTE/CENTRO-OESTE;SUL;-4114.441
2024-05-26 03:00:00;SUDESTE/CENTRO-OESTE;SUL;-4287.314
2024-05-26 04:00:00;SUDESTE/CENTRO-OESTE;SUL;-4694.81499999
2024-05-26 05:00:00;SUDESTE/CENTRO-OESTE;SUL;-4757.995
2024-05-26 06:00:00;SUDESTE/CENTRO-OESTE;SUL;-3092.947
2024-05-26 07:00:00;SUDESTE/CENTRO-OESTE;SUL;-1529.369
2024-05-26 08:00:00;SUDESTE/CENTRO-OESTE;SUL;-998.641
2024-05-26 09:00:00;SUDESTE/CENTRO-OESTE;SUL;-349.77999999
2024-05-26 10:00:00;SUDESTE/CENTRO-OESTE;SUL;-314.94099999
2024-05-26 11:00:00;SUDESTE/CENTRO-OESTE;SUL;-436.68
2024-05-26 12:00:00;SUDESTE/CENTRO-OESTE;SUL;-497.197
2024-05-26 13:00:00;SUDESTE/CENTRO-OESTE;SUL;-570.982
2024-05-26 14:00:00;SUDESTE/CENTRO-OESTE;SUL;-534.011
2024-05-26 15:00:00;SUDESTE/CENTRO-OESTE;SUL;-251.969
2024-05-26 16:00:00;SUDESTE/CENTRO-OESTE;SUL;-1092.547
2024-05-26 17:00:00;SUDESTE/CENTRO-OESTE;SUL;-768.434
2024-05-26 18:00:00;SUDESTE/CENTRO-OESTE;SUL;578.116
2024-05-26 19:00:00;SUDESTE/CENTRO-OESTE;SUL;-220.087
2024-05-26 20:00:00;SUDESTE/CENTRO-OESTE;SUL;-765.585
2024-05-26 21:00:00;SUDESTE/CENTRO-OESTE;SUL;-1363.7
2024-05-26 22:00:00;SUDESTE/CENTRO-OESTE;SUL;-2468.254
2024-05-26 23:00:00;SUDESTE/CENTRO-OESTE;SUL;-3051.795
2024-05-27 00:00:00;SUDESTE/CENTRO-OESTE;SUL;-3284.034
2024-05-27 01:00:00;SUDESTE/CENTRO-OESTE;SUL;-2470.949
2024-05-27 02:00:00;SUDESTE/CENTRO-OESTE;SUL;-1366.596
2024-05-27 03:00:00;SUDESTE/CENTRO-OESTE;SUL;-821.55
2024-05-27 04:00:00;SUDESTE/CENTRO-OESTE;SUL;-760.072
2024-05-27 05:00:00;SUDESTE/CENTRO-OESTE;SUL;-2009.282
2024-05-27 06:00:00;SUDESTE/CENTRO-OESTE;SUL;-2111.581
2024-05-27 07:00:00;SUDESTE/CENTRO-OESTE;SUL;55.397
2024-05-27 08:00:00;SUDESTE/CENTRO-OESTE;SUL;682.789
2024-05-27 09:00:00;SUDESTE/CENTRO-OESTE;SUL;1189.789
2024-05-27 10:00:00;SUDESTE/CENTRO-OESTE;SUL;1715.332
2024-05-27 11:00:00;SUDESTE/CENTRO-OESTE;SUL;1950.022
2024-05-27 12:00:00;SUDESTE/CENTRO-OESTE;SUL;2100.19099999
2024-05-27 13:00:00;SUDESTE/CENTRO-OESTE;SUL;1467.351
2024-05-27 14:00:00;SUDESTE/CENTRO-OESTE;SUL;1646.473
2024-05-27 15:00:00;SUDESTE/CENTRO-OESTE;SUL;576.028
2024-05-27 16:00:00;SUDESTE/CENTRO-OESTE;SUL;-398.389
2024-05-27 17:00:00;SUDESTE/CENTRO-OESTE;SUL;-765.668
2024-05-27 18:00:00;SUDESTE/CENTRO-OESTE;SUL;-143.62799999
2024-05-27 19:00:00;SUDESTE/CENTRO-OESTE;SUL;-183.572
2024-05-27 20:00:00;SUDESTE/CENTRO-OESTE;SUL;-944.257
2024-05-27 21:00:00;SUDESTE/CENTRO-OESTE;SUL;-1990.926
2024-05-27 22:00:00;SUDESTE/CENTRO-OESTE;SUL;-2569.552
2024-05-27 23:00:00;SUDESTE/CENTRO-OESTE;SUL;-2766.251
2024-05-28 00:00:00;SUDESTE/CENTRO-OESTE;SUL;-3574.356
2024-05-28 01:00:00;SUDESTE/CENTRO-OESTE;SUL;-4179.265
2024-05-28 02:00:00;SUDESTE/CENTRO-OESTE;SUL;-4063.061
2024-05-28 03:00:00;SUDESTE/CENTRO-OESTE;SUL;-3682.759
2024-05-28 04:00:00;SUDESTE/CENTRO-OESTE;SUL;-3778.529
2024-05-28 05:00:00;SUDESTE/CENTRO-OESTE;SUL;-4883.982
2024-05-28 06:00:00;SUDESTE/CENTRO-OESTE;SUL;-3884.186
2024-05-28 07:00:00;SUDESTE/CENTRO-OESTE;SUL;-2505.176
2024-05-28 08:00:00;SUDESTE/CENTRO-OESTE;SUL;-983.614
2024-05-28 09:00:00;SUDESTE/CENTRO-OESTE;SUL;-428.16699999
2024-05-28 10:00:00;SUDESTE/CENTRO-OESTE;SUL;-695.85799999
2024-05-28 11:00:00;SUDESTE/CENTRO-OESTE;SUL;-1065.036
2024-05-28 12:00:00;SUDESTE/CENTRO-OESTE;SUL;-250.967
2024-05-28 13:00:00;SUDESTE/CENTRO-OESTE;SUL;-969.061
2024-05-28 14:00:00;SUDESTE/CENTRO-OESTE;SUL;-1779.859
2024-05-28 15:00:00;SUDESTE/CENTRO-OESTE;SUL;-1690.082
2024-05-28 16:00:00;SUDESTE/CENTRO-OESTE;SUL;-1125.587
2024-05-28 17:00:00;SUDESTE/CENTRO-OESTE;SUL;216.36
2024-05-28 18:00:00;SUDESTE/CENTRO-OESTE;SUL;1228.33
2024-05-28 19:00:00;SUDESTE/CENTRO-OESTE;SUL;988.182
2024-05-28 20:00:00;SUDESTE/CENTRO-OESTE;SUL;362.41
2024-05-28 21:00:00;SUDESTE/CENTRO-OESTE;SUL;-243.627
2024-05-28 22:00:00;SUDESTE/CENTRO-OESTE;SUL;40.869
2024-05-28 23:00:00;SUDESTE/CENTRO-OESTE;SUL;-45.655
2024-05-29 00:00:00;SUDESTE/CENTRO-OESTE;SUL;-2082.563
2024-05-29 01:00:00;SUDESTE/CENTRO-OESTE;SUL;-2572.36499999
2024-05-29 02:00:00;SUDESTE/CENTRO-OESTE;SUL;-2826.863
2024-05-29 03:00:00;SUDESTE/CENTRO-OESTE;SUL;-2701.49899999
2024-05-29 04:00:00;SUDESTE/CENTRO-OESTE;SUL;-3343.907
2024-05-29 05:00:00;SUDESTE/CENTRO-OESTE;SUL;-3945.243
2024-05-29 06:00:00;SUDESTE/CENTRO-OESTE;SUL;-2094.507
2024-05-29 07:00:00;SUDESTE/CENTRO-OESTE;SUL;-856.041
2024-05-29 08:00:00;SUDESTE/CENTRO-OESTE;SUL;140.883
2024-05-29 09:00:00;SUDESTE/CENTRO-OESTE;SUL;182.44
2024-05-29 10:00:00;SUDESTE/CENTRO-OESTE;SUL;237.789
2024-05-29 11:00:00;SUDESTE/CENTRO-OESTE;SUL;-399.547
2024-05-29 12:00:00;SUDESTE/CENTRO-OESTE;SUL;-1430.992
2024-05-29 13:00:00;SUDESTE/CENTRO-OESTE;SUL;-2493.859
2024-05-29 14:00:00;SUDESTE/CENTRO-OESTE;SUL;-2274.011
2024-05-29 15:00:00;SUDESTE/CENTRO-OESTE;SUL;-2244.75799999
2024-05-29 16:00:00;SUDESTE/CENTRO-OESTE;SUL;-1084.64799999
2024-05-29 17:00:00;SUDESTE/CENTRO-OESTE;SUL;-141.631
2024-05-29 18:00:00;SUDESTE/CENTRO-OESTE;SUL;460.945
2024-05-29 19:00:00;SUDESTE/CENTRO-OESTE;SUL;113.341
2024-05-29 20:00:00;SUDESTE/CENTRO-OESTE;SUL;-627.249
2024-05-29 21:00:00;SUDESTE/CENTRO-OESTE;SUL;-654.264
2024-05-29 22:00:00;SUDESTE/CENTRO-OESTE;SUL;-1164.435
2024-05-29 23:00:00;SUDESTE/CENTRO-OESTE;SUL;-2037.354
2024-05-30 00:00:00;SUDESTE/CENTRO-OESTE;SUL;-1995.493
2024-05-30 01:00:00;SUDESTE/CENTRO-OESTE;SUL;-2308.98799999
2024-05-30 02:00:00;SUDESTE/CENTRO-OESTE;SUL;-3111.021
2024-05-30 03:00:00;SUDESTE/CENTRO-OESTE;SUL;-3582.133
2024-05-30 04:00:00;SUDESTE/CENTRO-OESTE;SUL;-3602.898
2024-05-30 05:00:00;SUDESTE/CENTRO-OESTE;SUL;-3498.699
2024-05-30 06:00:00;SUDESTE/CENTRO-OESTE;SUL;-2463.415
2024-05-30 07:00:00;SUDESTE/CENTRO-OESTE;SUL;278.337
2024-05-30 08:00:00;SUDESTE/CENTRO-OESTE;SUL;1134.457
2024-05-30 09:00:00;SUDESTE/CENTRO-OESTE;SUL;802.804
2024-05-30 10:00:00;SUDESTE/CENTRO-OESTE;SUL;588.499
2024-05-30 11:00:00;SUDESTE/CENTRO-OESTE;SUL;-154.693
2024-05-30 12:00:00;SUDESTE/CENTRO-OESTE;SUL;-593.26
2024-05-30 13:00:00;SUDESTE/CENTRO-OESTE;SUL;-640.28599999
2024-05-30 14:00:00;SUDESTE/CENTRO-OESTE;SUL;-1573.755
2024-05-30 15:00:00;SUDESTE/CENTRO-OESTE;SUL;-1701.852
2024-05-30 16:00:00;SUDESTE/CENTRO-OESTE;SUL;-2031.949
2024-05-30 17:00:00;SUDESTE/CENTRO-OESTE;SUL;-169.38399999
2024-05-30 18:00:00;SUDESTE/CENTRO-OESTE;SUL;1354.86999999
2024-05-30 19:00:00;SUDESTE/CENTRO-OESTE;SUL;512.13199999
2024-05-30 20:00:00;SUDESTE/CENTRO-OESTE;SUL;804.649
2024-05-30 21:00:00;SUDESTE/CENTRO-OESTE;SUL;498.328
2024-05-30 22:00:00;SUDESTE/CENTRO-OESTE;SUL;-29.76
2024-05-30 23:00:00;SUDESTE/CENTRO-OESTE;SUL;549.102
2024-05-31 00:00:00;SUDESTE/CENTRO-OESTE;SUL;1099.713
2024-05-31 01:00:00;SUDESTE/CENTRO-OESTE;SUL;1164.55
2024-05-31 02:00:00;SUDESTE/CENTRO-OESTE;SUL;969.515
2024-05-31 03:00:00;SUDESTE/CENTRO-OESTE;SUL;1286.07199999
2024-05-31 04:00:00;SUDESTE/CENTRO-OESTE;SUL;1823.427
2024-05-31 05:00:00;SUDESTE/CENTRO-OESTE;SUL;1159.659
2024-05-31 06:00:00;SUDESTE/CENTRO-OESTE;SUL;2254.833
2024-05-31 07:00:00;SUDESTE/CENTRO-OESTE;SUL;3600.279
2024-05-31 08:00:00;SUDESTE/CENTRO-OESTE;SUL;5305.265
2024-05-31 09:00:00;SUDESTE/CENTRO-OESTE;SUL;5329.337
2024-05-31 10:00:00;SUDESTE/CENTRO-OESTE;SUL;3982.103
2024-05-31 11:00:00;SUDESTE/CENTRO-OESTE;SUL;3428.217
2024-05-31 12:00:00;SUDESTE/CENTRO-OESTE;SUL;2218.39199999
2024-05-31 13:00:00;SUDESTE/CENTRO-OESTE;SUL;1813.915
2024-05-31 14:00:00;SUDESTE/CENTRO-OESTE;SUL;1912.824
2024-05-31 15:00:00;SUDESTE/CENTRO-OESTE;SUL;1241.76299999
2024-05-31 16:00:00;SUDESTE/CENTRO-OESTE;SUL;1202.479
2024-05-31 17:00:00;SUDESTE/CENTRO-OESTE;SUL;1841.956
2024-05-31 18:00:00;SUDESTE/CENTRO-OESTE;SUL;1622.44
2024-05-31 19:00:00;SUDESTE/CENTRO-OESTE;SUL;1247.843
2024-05-31 20:00:00;SUDESTE/CENTRO-OESTE;SUL;114.338
2024-05-31 21:00:00;SUDESTE/CENTRO-OESTE;SUL;132.461
2024-05-31 22:00:00;SUDESTE/CENTRO-OESTE;SUL;213.219
2024-05-31 23:00:00;SUDESTE/CENTRO-OESTE;SUL;148.369
2024-06-01 00:00:00;SUDESTE/CENTRO-OESTE;SUL;330.382
2024-06-01 01:00:00;SUDESTE/CENTRO-OESTE;SUL;444.281
2024-06-01 02:00:00;SUDESTE/CENTRO-OESTE;SUL;27.805
2024-06-01 03:00:00;SUDESTE/CENTRO-OESTE;SUL;187.184
2024-06-01 04:00:00;SUDESTE/CENTRO-OESTE;SUL;-118.806
2024-06-01 05:00:00;SUDESTE/CENTRO-OESTE;SUL;-375.707
2024-06-01 06:00:00;SUDESTE/CENTRO-OESTE;SUL;291.02999999
2024-06-01 07:00:00;SUDESTE/CENTRO-OESTE;SUL;7.887
2024-06-01 08:00:00;SUDESTE/CENTRO-OESTE;SUL;-359.931
2024-06-01 09:00:00;SUDESTE/CENTRO-OESTE;SUL;-34.601
2024-06-01 10:00:00;SUDESTE/CENTRO-OESTE;SUL;725.731
2024-06-01 11:00:00;SUDESTE/CENTRO-OESTE;SUL;1106.772
2024-06-01 12:00:00;SUDESTE/CENTRO-OESTE;SUL;1861.186
2024-06-01 13:00:00;SUDESTE/CENTRO-OESTE;SUL;1827.614
2024-06-01 14:00:00;SUDESTE/CENTRO-OESTE;SUL;1257.46499999
2024-06-01 15:00:00;SUDESTE/CENTRO-OESTE;SUL;1241.856
2024-06-01 16:00:00;SUDESTE/CENTRO-OESTE;SUL;342.831
2024-06-01 17:00:00;SUDESTE/CENTRO-OESTE;SUL;108.238
2024-06-01 18:00:00;SUDESTE/CENTRO-OESTE;SUL;848.393
2024-06-01 19:00:00;SUDESTE/CENTRO-OESTE;SUL;651.259
2024-06-01 20:00:00;SUDESTE/CENTRO-OESTE;SUL;-525.238
2024-06-01 21:00:00;SUDESTE/CENTRO-OESTE;SUL;-1421.432
2024-06-01 22:00:00;SUDESTE/CENTRO-OESTE;SUL;-1346.307
2024-06-01 23:00:00;SUDESTE/CENTRO-OESTE;SUL;-1356.81199999
2024-06-02 00:00:00;SUDESTE/CENTRO-OESTE;SUL;-165.115
2024-06-02 01:00:00;SUDESTE/CENTRO-OESTE;SUL;543.241
2024-06-02 02:00:00;SUDESTE/CENTRO-OESTE;SUL;330.159
2024-06-02 03:00:00;SUDESTE/CENTRO-OESTE;SUL;-70.491
2024-06-02 04:00:00;SUDESTE/CENTRO-OESTE;SUL;-410.818
2024-06-02 05:00:00;SUDESTE/CENTRO-OESTE;SUL;-455.417
2024-06-02 06:00:00;SUDESTE/CENTRO-OESTE;SUL;-879.318
2024-06-02 07:00:00;SUDESTE/CENTRO-OESTE;SUL;670.767
2024-06-02 08:00:00;SUDESTE/CENTRO-OESTE;SUL;1356.477
2024-06-02 09:00:00;SUDESTE/CENTRO-OESTE;SUL;1113.79
2024-06-02 10:00:00;SUDESTE/CENTRO-OESTE;SUL;786.649
2024-06-02 11:00:00;SUDESTE/CENTRO-OESTE;SUL;556.618
2024-06-02 12:00:00;SUDESTE/CENTRO-OESTE;SUL;104.343
2024-06-02 13:00:00;SUDESTE/CENTRO-OESTE;SUL;-537.421
2024-06-02 14:00:00;SUDESTE/CENTRO-OESTE;SUL;-1326.63899999
2024-06-02 15:00:00;SUDESTE/CENTRO-OESTE;SUL;-2221.097
2024-06-02 16:00:00;SUDESTE/CENTRO-OESTE;SUL;-3291.902
2024-06-02 17:00:00;SUDESTE/CENTRO-OESTE;SUL;-2276.26899999
2024-06-02 18:00:00;SUDESTE/CENTRO-OESTE;SUL;-381.776
2024-06-02 19:00:00;SUDESTE/CENTRO-OESTE;SUL;-787.035
2024-06-02 20:00:00;SUDESTE/CENTRO-OESTE;SUL;-1162.739
2024-06-02 21:00:00;SUDESTE/CENTRO-OESTE;SUL;-1136.029
2024-06-02 22:00:00;SUDESTE/CENTRO-OESTE;SUL;-1996.588
2024-06-02 23:00:00;SUDESTE/CENTRO-OESTE;SUL;-852.933
2024-06-03 00:00:00;SUDESTE/CENTRO-OESTE;SUL;-32.942
2024-06-03 01:00:00;SUDESTE/CENTRO-OESTE;SUL;-27.32999999
2024-06-03 02:00:00;SUDESTE/CENTRO-OESTE;SUL;-207.643
2024-06-03 03:00:00;SUDESTE/CENTRO-OESTE;SUL;-122.083
2024-06-03 04:00:00;SUDESTE/CENTRO-OESTE;SUL;-967.209
2024-06-03 05:00:00;SUDESTE/CENTRO-OESTE;SUL;-1831.932
2024-06-03 06:00:00;SUDESTE/CENTRO-OESTE;SUL;-1611.206
2024-06-03 07:00:00;SUDESTE/CENTRO-OESTE;SUL;794.05499999
2024-06-03 08:00:00;SUDESTE/CENTRO-OESTE;SUL;981.194
2024-06-03 09:00:00;SUDESTE/CENTRO-OESTE;SUL;1273.759
2024-06-03 10:00:00;SUDESTE/CENTRO-OESTE;SUL;1700.516
2024-06-03 11:00:00;SUDESTE/CENTRO-OESTE;SUL;2225.396
2024-06-03 12:00:00;SUDESTE/CENTRO-OESTE;SUL;2000.094
2024-06-03 13:00:00;SUDESTE/CENTRO-OESTE;SUL;251.601
2024-06-03 14:00:00;SUDESTE/CENTRO-OESTE;SUL;-1245.93
2024-06-03 15:00:00;SUDESTE/CENTRO-OESTE;SUL;-1149.837
2024-06-03 16:00:00;SUDESTE/CENTRO-OESTE;SUL;273.33999999
2024-06-03 17:00:00;SUDESTE/CENTRO-OESTE;SUL;1153.384
2024-06-03 18:00:00;SUDESTE/CENTRO-OESTE;SUL;2065.068
2024-06-03 19:00:00;SUDESTE/CENTRO-OESTE;SUL;1876.95
2024-06-03 20:00:00;SUDESTE/CENTRO-OESTE;SUL;1317.491
2024-06-03 21:00:00;SUDESTE/CENTRO-OESTE;SUL;715.412
2024-06-03 22:00:00;SUDESTE/CENTRO-OESTE;SUL;-414.597
2024-06-03 23:00:00;SUDESTE/CENTRO-OESTE;SUL;-1765.045
2024-06-04 00:00:00;SUDESTE/CENTRO-OESTE;SUL;-2769.318
2024-06-04 01:00:00;SUDESTE/CENTRO-OESTE;SUL;-3454.172
2024-06-04 02:00:00;SUDESTE/CENTRO-OESTE;SUL;-3439.164
2024-06-04 03:00:00;SUDESTE/CENTRO-OESTE;SUL;-3460.492
2024-06-04 04:00:00;SUDESTE/CENTRO-OESTE;SUL;-3625.507
2024-06-04 05:00:00;SUDESTE/CENTRO-OESTE;SUL;-3646.738
2024-06-04 06:00:00;SUDESTE/CENTRO-OESTE;SUL;-1837.833
2024-06-04 07:00:00;SUDESTE/CENTRO-OESTE;SUL;-207.988
2024-06-04 08:00:00;SUDESTE/CENTRO-OESTE;SUL;1167.32099999
2024-06-04 09:00:00;SUDESTE/CENTRO-OESTE;SUL;912.65
2024-06-04 10:00:00;SUDESTE/CENTRO-OESTE;SUL;268.493
2024-06-04 11:00:00;SUDESTE/CENTRO-OESTE;SUL;-929.354
2024-06-04 12:00:00;SUDESTE/CENTRO-OESTE;SUL;-1468.163
2024-06-04 13:00:00;SUDESTE/CENTRO-OESTE;SUL;-2199.261
2024-06-04 14:00:00;SUDESTE/CENTRO-OESTE;SUL;-1232.366
2024-06-04 15:00:00;SUDESTE/CENTRO-OESTE;SUL;-1027.897
2024-06-04 16:00:00;SUDESTE/CENTRO-OESTE;SUL;-149.032
2024-06-04 17:00:00;SUDESTE/CENTRO-OESTE;SUL;857.574
2024-06-04 18:00:00;SUDESTE/CENTRO-OESTE;SUL;1565.375
2024-06-04 19:00:00;SUDESTE/CENTRO-OESTE;SUL;1067.416
2024-06-04 20:00:00;SUDESTE/CENTRO-OESTE;SUL;263.95999999
2024-06-04 21:00:00;SUDESTE/CENTRO-OESTE;SUL;-344.197
2024-06-04 22:00:00;SUDESTE/CENTRO-OESTE;SUL;-793.34
2024-06-04 23:00:00;SUDESTE/CENTRO-OESTE;SUL;-936.628
2024-06-05 00:00:00;SUDESTE/CENTRO-OESTE;SUL;-2092.771
2024-06-05 01:00:00;SUDESTE/CENTRO-OESTE;SUL;-3499.808
2024-06-05 02:00:00;SUDESTE/CENTRO-OESTE;SUL;-4115.58
2024-06-05 03:00:00;SUDESTE/CENTRO-OESTE;SUL;-4490.764
2024-06-05 04:00:00;SUDESTE/CENTRO-OESTE;SUL;-4410.337
2024-06-05 05:00:00;SUDESTE/CENTRO-OESTE;SUL;-3595.037
2024-06-05 06:00:00;SUDESTE/CENTRO-OESTE;SUL;-2478.17299999
2024-06-05 07:00:00;SUDESTE/CENTRO-OESTE;SUL;-404.315
2024-06-05 08:00:00;SUDESTE/CENTRO-OESTE;SUL;991.959
2024-06-05 09:00:00;SUDESTE/CENTRO-OESTE;SUL;612.817
2024-06-05 10:00:00;SUDESTE/CENTRO-OESTE;SUL;475.746
2024-06-05 11:00:00;SUDESTE/CENTRO-OESTE;SUL;-10.966
2024-06-05 12:00:00;SUDESTE/CENTRO-OESTE;SUL;-377.611
2024-06-05 13:00:00;SUDESTE/CENTRO-OESTE;SUL;-917.322
2024-06-05 14:00:00;SUDESTE/CENTRO-OESTE;SUL;-1385.61999999
2024-06-05 15:00:00;SUDESTE/CENTRO-OESTE;SUL;-1128.643
2024-06-05 16:00:00;SUDESTE/CENTRO-OESTE;SUL;67.44
2024-06-05 17:00:00;SUDESTE/CENTRO-OESTE;SUL;1143.65799999
2024-06-05 18:00:00;SUDESTE/CENTRO-OESTE;SUL;1960.554
2024-06-05 19:00:00;SUDESTE/CENTRO-OESTE;SUL;1324.525
2024-06-05 20:00:00;SUDESTE/CENTRO-OESTE;SUL;1101.641
2024-06-05 21:00:00;SUDESTE/CENTRO-OESTE;SUL;309.406
2024-06-05 22:00:00;SUDESTE/CENTRO-OESTE;SUL;-191.597
2024-06-05 23:00:00;SUDESTE/CENTRO-OESTE;SUL;-1239.919
2024-06-06 00:00:00;SUDESTE/CENTRO-OESTE;SUL;-2077.753
2024-06-06 01:00:00;SUDESTE/CENTRO-OESTE;SUL;-3125.784
2024-06-06 02:00:00;SUDESTE/CENTRO-OESTE;SUL;-2243.19099999
2024-06-06 03:00:00;SUDESTE/CENTRO-OESTE;SUL;-1490.996
2024-06-06 04:00:00;SUDESTE/CENTRO-OESTE;SUL;-1234.459
2024-06-06 05:00:00;SUDESTE/CENTRO-OESTE;SUL;-2059.765
2024-06-06 06:00:00;SUDESTE/CENTRO-OESTE;SUL;-1649.94699999
2024-06-06 07:00:00;SUDESTE/CENTRO-OESTE;SUL;151.32499999
2024-06-06 08:00:00;SUDESTE/CENTRO-OESTE;SUL;1354.655
2024-06-06 09:00:00;SUDESTE/CENTRO-OESTE;SUL;2384.044
2024-06-06 10:00:00;SUDESTE/CENTRO-OESTE;SUL;2658.176
2024-06-06 11:00:00;SUDESTE/CENTRO-OESTE;SUL;2344.185
2024-06-06 12:00:00;SUDESTE/CENTRO-OESTE;SUL;1873.516
2024-06-06 13:00:00;SUDESTE/CENTRO-OESTE;SUL;397.807
2024-06-06 14:00:00;SUDESTE/CENTRO-OESTE;SUL;-902.879
2024-06-06 15:00:00;SUDESTE/CENTRO-OESTE;SUL;-1034.556
2024-06-06 16:00:00;SUDESTE/CENTRO-OESTE;SUL;9.496
2024-06-06 17:00:00;SUDESTE/CENTRO-OESTE;SUL;564.495
2024-06-06 18:00:00;SUDESTE/CENTRO-OESTE;SUL;685.95
2024-06-06 19:00:00;SUDESTE/CENTRO-OESTE;SUL;251.037
2024-06-06 20:00:00;SUDESTE/CENTRO-OESTE;SUL;143.619
2024-06-06 21:00:00;SUDESTE/CENTRO-OESTE;SUL;96.302
2024-06-06 22:00:00;SUDESTE/CENTRO-OESTE;SUL;-512.748
2024-06-06 23:00:00;SUDESTE/CENTRO-OESTE;SUL;-1703.693
2024-06-07 00:00:00;SUDESTE/CENTRO-OESTE;SUL;-2371.978
2024-06-07 01:00:00;SUDESTE/CENTRO-OESTE;SUL;-2937.444
2024-06-07 02:00:00;SUDESTE/CENTRO-OESTE;SUL;-3156.419
2024-06-07 03:00:00;SUDESTE/CENTRO-OESTE;SUL;-3569.001
2024-06-07 04:00:00;SUDESTE/CENTRO-OESTE;SUL;-3707.341
2024-06-07 05:00:00;SUDESTE/CENTRO-OESTE;SUL;-3167.495
2024-06-07 06:00:00;SUDESTE/CENTRO-OESTE;SUL;-1486.554
2024-06-07 07:00:00;SUDESTE/CENTRO-OESTE;SUL;232.514
2024-06-07 08:00:00;SUDESTE/CENTRO-OESTE;SUL;2521.936
2024-06-07 09:00:00;SUDESTE/CENTRO-OESTE;SUL;3044.569
2024-06-07 10:00:00;SUDESTE/CENTRO-OESTE;SUL;2846.15299999
2024-06-07 11:00:00;SUDESTE/CENTRO-OESTE;SUL;1912.018
2024-06-07 12:00:00;SUDESTE/CENTRO-OESTE;SUL;1303.067
2024-06-07 13:00:00;SUDESTE/CENTRO-OESTE;SUL;140.207
2024-06-07 14:00:00;SUDESTE/CENTRO-OESTE;SUL;-1322.104
2024-06-07 15:00:00;SUDESTE/CENTRO-OESTE;SUL;-772.904
2024-06-07 16:00:00;SUDESTE/CENTRO-OESTE;SUL;249.194
2024-06-07 17:00:00;SUDESTE/CENTRO-OESTE;SUL;1033.242
2024-06-07 18:00:00;SUDESTE/CENTRO-OESTE;SUL;2012.099
2024-06-07 19:00:00;SUDESTE/CENTRO-OESTE;SUL;1230.43699999
2024-06-07 20:00:00;SUDESTE/CENTRO-OESTE;SUL;177.463
2024-06-07 21:00:00;SUDESTE/CENTRO-OESTE;SUL;-382.556
2024-06-07 22:00:00;SUDESTE/CENTRO-OESTE;SUL;-1136.765
2024-06-07 23:00:00;SUDESTE/CENTRO-OESTE;SUL;-1568.585
2024-06-08 00:00:00;SUDESTE/CENTRO-OESTE;SUL;-2857.113
2024-06-08 01:00:00;SUDESTE/CENTRO-OESTE;SUL;-3825.438
2024-06-08 02:00:00;SUDESTE/CENTRO-OESTE;SUL;-4398.245
2024-06-08 03:00:00;SUDESTE/CENTRO-OESTE;SUL;-4697.803
2024-06-08 04:00:00;SUDESTE/CENTRO-OESTE;SUL;-4753.106
2024-06-08 05:00:00;SUDESTE/CENTRO-OESTE;SUL;-4674.352
2024-06-08 06:00:00;SUDESTE/CENTRO-OESTE;SUL;-3703.768
2024-06-08 07:00:00;SUDESTE/CENTRO-OESTE;SUL;-1591.801
2024-06-08 08:00:00;SUDESTE/CENTRO-OESTE;SUL;112.101
2024-06-08 09:00:00;SUDESTE/CENTRO-OESTE;SUL;699.282
2024-06-08 10:00:00;SUDESTE/CENTRO-OESTE;SUL;829.3
2024-06-08 11:00:00;SUDESTE/CENTRO-OESTE;SUL;728.393
2024-06-08 12:00:00;SUDESTE/CENTRO-OESTE;SUL;70.3
2024-06-08 13:00:00;SUDESTE/CENTRO-OESTE;SUL;-450.92
2024-06-08 14:00:00;SUDESTE/CENTRO-OESTE;SUL;-689.876
2024-06-08 15:00:00;SUDESTE/CENTRO-OESTE;SUL;-1504.494
2024-06-08 16:00:00;SUDESTE/CENTRO-OESTE;SUL;-2139.668
2024-06-08 17:00:00;SUDESTE/CENTRO-OESTE;SUL;-1176.509
2024-06-08 18:00:00;SUDESTE/CENTRO-OESTE;SUL;-320.372
2024-06-08 19:00:00;SUDESTE/CENTRO-OESTE;SUL;-1356.655
2024-06-08 20:00:00;SUDESTE/CENTRO-OESTE;SUL;-2384.251
2024-06-08 21:00:00;SUDESTE/CENTRO-OESTE;SUL;-3188.582
2024-06-08 22:00:00;SUDESTE/CENTRO-OESTE;SUL;-4076.563
2024-06-08 23:00:00;SUDESTE/CENTRO-OESTE;SUL;-4285.751
2024-06-09 00:00:00;SUDESTE/CENTRO-OESTE;SUL;-4712.595
2024-06-09 01:00:00;SUDESTE/CENTRO-OESTE;SUL;-3743.192
2024-06-09 02:00:00;SUDESTE/CENTRO-OESTE;SUL;-3094.783
2024-06-09 03:00:00;SUDESTE/CENTRO-OESTE;SUL;-2047.724
2024-06-09 04:00:00;SUDESTE/CENTRO-OESTE;SUL;-1529.736
2024-06-09 05:00:00;SUDESTE/CENTRO-OESTE;SUL;-1872.764
2024-06-09 06:00:00;SUDESTE/CENTRO-OESTE;SUL;-1381.523
2024-06-09 07:00:00;SUDESTE/CENTRO-OESTE;SUL;1645.76
2024-06-09 08:00:00;SUDESTE/CENTRO-OESTE;SUL;2347.562
2024-06-09 09:00:00;SUDESTE/CENTRO-OESTE;SUL;2021.972
2024-06-09 10:00:00;SUDESTE/CENTRO-OESTE;SUL;2041.844
2024-06-09 11:00:00;SUDESTE/CENTRO-OESTE;SUL;1962.735
2024-06-09 12:00:00;SUDESTE/CENTRO-OESTE;SUL;1318.553
2024-06-09 13:00:00;SUDESTE/CENTRO-OESTE;SUL;842.729
2024-06-09 14:00:00;SUDESTE/CENTRO-OESTE;SUL;181.837
2024-06-09 15:00:00;SUDESTE/CENTRO-OESTE;SUL;-1.355
2024-06-09 16:00:00;SUDESTE/CENTRO-OESTE;SUL;-2843.768
2024-06-09 17:00:00;SUDESTE/CENTRO-OESTE;SUL;-1984.975
2024-06-09 18:00:00;SUDESTE/CENTRO-OESTE;SUL;-1021.535
2024-06-09 19:00:00;SUDESTE/CENTRO-OESTE;SUL;-1746.642
2024-06-09 20:00:00;SUDESTE/CENTRO-OESTE;SUL;-2277.059
2024-06-09 21:00:00;SUDESTE/CENTRO-OESTE;SUL;-2750.508
2024-06-09 22:00:00;SUDESTE/CENTRO-OESTE;SUL;-3401.878
2024-06-09 23:00:00;SUDESTE/CENTRO-OESTE;SUL;-3613.493
2024-06-10 00:00:00;SUDESTE/CENTRO-OESTE;SUL;-3900.435
2024-06-10 01:00:00;SUDESTE/CENTRO-OESTE;SUL;-3356.286
2024-06-10 02:00:00;SUDESTE/CENTRO-OESTE;SUL;-2467.46799999
2024-06-10 03:00:00;SUDESTE/CENTRO-OESTE;SUL;-1816.09099999
2024-06-10 04:00:00;SUDESTE/CENTRO-OESTE;SUL;-1923.848
2024-06-10 05:00:00;SUDESTE/CENTRO-OESTE;SUL;-2525.481
2024-06-10 06:00:00;SUDESTE/CENTRO-OESTE;SUL;-1764.96
2024-06-10 07:00:00;SUDESTE/CENTRO-OESTE;SUL;60.214
2024-06-10 08:00:00;SUDESTE/CENTRO-OESTE;SUL;1315.602
2024-06-10 09:00:00;SUDESTE/CENTRO-OESTE;SUL;1494.48
2024-06-10 10:00:00;SUDESTE/CENTRO-OESTE;SUL;1288.77
2024-06-10 11:00:00;SUDESTE/CENTRO-OESTE;SUL;457.848
2024-06-10 12:00:00;SUDESTE/CENTRO-OESTE;SUL;723.176
2024-06-10 13:00:00;SUDESTE/CENTRO-OESTE;SUL;-547.719
2024-06-10 14:00:00;SUDESTE/CENTRO-OESTE;SUL;-361.216
2024-06-10 15:00:00;SUDESTE/CENTRO-OESTE;SUL;-220.13
2024-06-10 16:00:00;SUDESTE/CENTRO-OESTE;SUL;375.945
2024-06-10 17:00:00;SUDESTE/CENTRO-OESTE;SUL;1006.292
2024-06-10 18:00:00;SUDESTE/CENTRO-OESTE;SUL;1298.769
2024-06-10 19:00:00;SUDESTE/CENTRO-OESTE;SUL;1027.909
2024-06-10 20:00:00;SUDESTE/CENTRO-OESTE;SUL;-87.354
2024-06-10 21:00:00;SUDESTE/CENTRO-OESTE;SUL;-533.859
2024-06-10 22:00:00;SUDESTE/CENTRO-OESTE;SUL;-1395.285
2024-06-10 23:00:00;SUDESTE/CENTRO-OESTE;SUL;-2631.734
2024-06-11 00:00:00;SUDESTE/CENTRO-OESTE;SUL;-3889.483
2024-06-11 01:00:00;SUDESTE/CENTRO-OESTE;SUL;-4335.37299999
2024-06-11 02:00:00;SUDESTE/CENTRO-OESTE;SUL;-4534.807
2024-06-11 03:00:00;SUDESTE/CENTRO-OESTE;SUL;-4615.323
2024-06-11 04:00:00;SUDESTE/CENTRO-OESTE;SUL;-4291.17
2024-06-11 05:00:00;SUDESTE/CENTRO-OESTE;SUL;-3364.181
2024-06-11 06:00:00;SUDESTE/CENTRO-OESTE;SUL;-1424.02
2024-06-11 07:00:00;SUDESTE/CENTRO-OESTE;SUL;-283.81599999
2024-06-11 08:00:00;SUDESTE/CENTRO-OESTE;SUL;80.839
2024-06-11 09:00:00;SUDESTE/CENTRO-OESTE;SUL;772.987
2024-06-11 10:00:00;SUDESTE/CENTRO-OESTE;SUL;876.623
2024-06-11 11:00:00;SUDESTE/CENTRO-OESTE;SUL;799.627
2024-06-11 12:00:00;SUDESTE/CENTRO-OESTE;SUL;991.265
2024-06-11 13:00:00;SUDESTE/CENTRO-OESTE;SUL;-470.223
2024-06-11 14:00:00;SUDESTE/CENTRO-OESTE;SUL;-1146.709
2024-06-11 15:00:00;SUDESTE/CENTRO-OESTE;SUL;-1311.084
2024-06-11 16:00:00;SUDESTE/CENTRO-OESTE;SUL;-296.106
2024-06-11 17:00:00;SUDESTE/CENTRO-OESTE;SUL;544.739
2024-06-11 18:00:00;SUDESTE/CENTRO-OESTE;SUL;913.867
2024-06-11 19:00:00;SUDESTE/CENTRO-OESTE;SUL;354.183
2024-06-11 20:00:00;SUDESTE/CENTRO-OESTE;SUL;-612.169
2024-06-11 21:00:00;SUDESTE/CENTRO-OESTE;SUL;-1255.318
2024-06-11 22:00:00;SUDESTE/CENTRO-OESTE;SUL;-2162.513
2024-06-11 23:00:00;SUDESTE/CENTRO-OESTE;SUL;-2615.764
2024-06-12 00:00:00;SUDESTE/CENTRO-OESTE;SUL;-3808.782
2024-06-12 01:00:00;SUDESTE/CENTRO-OESTE;SUL;-4625.192
2024-06-12 02:00:00;SUDESTE/CENTRO-OESTE;SUL;-5226.136
2024-06-12 03:00:00;SUDESTE/CENTRO-OESTE;SUL;-5100.76
2024-06-12 04:00:00;SUDESTE/CENTRO-OESTE;SUL;-4910.258
2024-06-12 05:00:00;SUDESTE/CENTRO-OESTE;SUL;-4274.961
2024-06-12 06:00:00;SUDESTE/CENTRO-OESTE;SUL;-2732.55
2024-06-12 07:00:00;SUDESTE/CENTRO-OESTE;SUL;-1022.188
2024-06-12 08:00:00;SUDESTE/CENTRO-OESTE;SUL;-157.121
2024-06-12 09:00:00;SUDESTE/CENTRO-OESTE;SUL;-733.179
2024-06-12 10:00:00;SUDESTE/CENTRO-OESTE;SUL;-830.004
2024-06-12 11:00:00;SUDESTE/CENTRO-OESTE;SUL;196.005
2024-06-12 12:00:00;SUDESTE/CENTRO-OESTE;SUL;954.024
2024-06-12 13:00:00;SUDESTE/CENTRO-OESTE;SUL;653.84799999
2024-06-12 14:00:00;SUDESTE/CENTRO-OESTE;SUL;657.636
2024-06-12 15:00:00;SUDESTE/CENTRO-OESTE;SUL;1219.85899999
2024-06-12 16:00:00;SUDESTE/CENTRO-OESTE;SUL;739.62
2024-06-12 17:00:00;SUDESTE/CENTRO-OESTE;SUL;951.983
2024-06-12 18:00:00;SUDESTE/CENTRO-OESTE;SUL;1679.393
2024-06-12 19:00:00;SUDESTE/CENTRO-OESTE;SUL;910.888
2024-06-12 20:00:00;SUDESTE/CENTRO-OESTE;SUL;-346.76799999
2024-06-12 21:00:00;SUDESTE/CENTRO-OESTE;SUL;-1116.621
2024-06-12 22:00:00;SUDESTE/CENTRO-OESTE;SUL;-1911.033
2024-06-12 23:00:00;SUDESTE/CENTRO-OESTE;SUL;-3026.503
2024-06-13 00:00:00;SUDESTE/CENTRO-OESTE;SUL;-4123.653
2024-06-13 01:00:00;SUDESTE/CENTRO-OESTE;SUL;-4501.069
2024-06-13 02:00:00;SUDESTE/CENTRO-OESTE;SUL;-4479.779
2024-06-13 03:00:00;SUDESTE/CENTRO-OESTE;SUL;-3952.346
2024-06-13 04:00:00;SUDESTE/CENTRO-OESTE;SUL;-3736.931
2024-06-13 05:00:00;SUDESTE/CENTRO-OESTE;SUL;-3409.272
2024-06-13 06:00:00;SUDESTE/CENTRO-OESTE;SUL;-1992.324
2024-06-13 07:00:00;SUDESTE/CENTRO-OESTE;SUL;-403.21499999
2024-06-13 08:00:00;SUDESTE/CENTRO-OESTE;SUL;-176.72
2024-06-13 09:00:00;SUDESTE/CENTRO-OESTE;SUL;890.267
2024-06-13 10:00:00;SUDESTE/CENTRO-OESTE;SUL;1376.933
2024-06-13 11:00:00;SUDESTE/CENTRO-OESTE;SUL;1360.626
2024-06-13 12:00:00;SUDESTE/CENTRO-OESTE;SUL;1263.506
2024-06-13 13:00:00;SUDESTE/CENTRO-OESTE;SUL;44.127
2024-06-13 14:00:00;SUDESTE/CENTRO-OESTE;SUL;-328.64999999
2024-06-13 15:00:00;SUDESTE/CENTRO-OESTE;SUL;-313.782
2024-06-13 16:00:00;SUDESTE/CENTRO-OESTE;SUL;-525.056
2024-06-13 17:00:00;SUDESTE/CENTRO-OESTE;SUL;-368.043
2024-06-13 18:00:00;SUDESTE/CENTRO-OESTE;SUL;275.431
2024-06-13 19:00:00;SUDESTE/CENTRO-OESTE;SUL;-302.254
2024-06-13 20:00:00;SUDESTE/CENTRO-OESTE;SUL;-1038.79299999
2024-06-13 21:00:00;SUDESTE/CENTRO-OESTE;SUL;-1447.757
2024-06-13 22:00:00;SUDESTE/CENTRO-OESTE;SUL;-2241.245
2024-06-13 23:00:00;SUDESTE/CENTRO-OESTE;SUL;-3586.643
2024-06-14 00:00:00;SUDESTE/CENTRO-OESTE;SUL;-4939.04299999
2024-06-14 01:00:00;SUDESTE/CENTRO-OESTE;SUL;-5066.392
2024-06-14 02:00:00;SUDESTE/CENTRO-OESTE;SUL;-5148.892
2024-06-14 03:00:00;SUDESTE/CENTRO-OESTE;SUL;-4607.924
2024-06-14 04:00:00;SUDESTE/CENTRO-OESTE;SUL;-4322.305
2024-06-14 05:00:00;SUDESTE/CENTRO-OESTE;SUL;-3977.612
2024-06-14 06:00:00;SUDESTE/CENTRO-OESTE;SUL;-3235.493
2024-06-14 07:00:00;SUDESTE/CENTRO-OESTE;SUL;-2383.96
2024-06-14 08:00:00;SUDESTE/CENTRO-OESTE;SUL;-1800.619
2024-06-14 09:00:00;SUDESTE/CENTRO-OESTE;SUL;-1353.077
2024-06-14 10:00:00;SUDESTE/CENTRO-OESTE;SUL;-1081.709
2024-06-14 11:00:00;SUDESTE/CENTRO-OESTE;SUL;-849.413
2024-06-14 12:00:00;SUDESTE/CENTRO-OESTE;SUL;-619.571
2024-06-14 13:00:00;SUDESTE/CENTRO-OESTE;SUL;-2084.146
2024-06-14 14:00:00;SUDESTE/CENTRO-OESTE;SUL;-2575.108
2024-06-14 15:00:00;SUDESTE/CENTRO-OESTE;SUL;-2042.565
2024-06-14 16:00:00;SUDESTE/CENTRO-OESTE;SUL;-1148.424
2024-06-14 17:00:00;SUDESTE/CENTRO-OESTE;SUL;-622.75199999
2024-06-14 18:00:00;SUDESTE/CENTRO-OESTE;SUL;72.376
2024-06-14 19:00:00;SUDESTE/CENTRO-OESTE;SUL;-748.997
2024-06-14 20:00:00;SUDESTE/CENTRO-OESTE;SUL;-1709.469
2024-06-14 21:00:00;SUDESTE/CENTRO-OESTE;SUL;-1841.906
2024-06-14 22:00:00;SUDESTE/CENTRO-OESTE;SUL;-2267.088
2024-06-14 23:00:00;SUDESTE/CENTRO-OESTE;SUL;-3199.402
2024-06-15 00:00:00;SUDESTE/CENTRO-OESTE;SUL;-3174.453
2024-06-15 01:00:00;SUDESTE/CENTRO-OESTE;SUL;-3542.161
2024-06-15 02:00:00;SUDESTE/CENTRO-OESTE;SUL;-3879.54
2024-06-15 03:00:00;SUDESTE/CENTRO-OESTE;SUL;-4141.223
2024-06-15 04:00:00;SUDESTE/CENTRO-OESTE;SUL;-4176.394
2024-06-15 05:00:00;SUDESTE/CENTRO-OESTE;SUL;-3691.928
2024-06-15 06:00:00;SUDESTE/CENTRO-OESTE;SUL;-2769.157
2024-06-15 07:00:00;SUDESTE/CENTRO-OESTE;SUL;-1150.469
2024-06-15 08:00:00;SUDESTE/CENTRO-OESTE;SUL;738.187
2024-06-15 09:00:00;SUDESTE/CENTRO-OESTE;SUL;1513.545
2024-06-15 10:00:00;SUDESTE/CENTRO-OESTE;SUL;1588.881
2024-06-15 11:00:00;SUDESTE/CENTRO-OESTE;SUL;1398.821
2024-06-15 12:00:00;SUDESTE/CENTRO-OESTE;SUL;1280.875
2024-06-15 13:00:00;SUDESTE/CENTRO-OESTE;SUL;811.415
2024-06-15 14:00:00;SUDESTE/CENTRO-OESTE;SUL;161.526
2024-06-15 15:00:00;SUDESTE/CENTRO-OESTE;SUL;-41.091
2024-06-15 16:00:00;SUDESTE/CENTRO-OESTE;SUL;-613.072
2024-06-15 17:00:00;SUDESTE/CENTRO-OESTE;SUL;-931.2
2024-06-15 18:00:00;SUDESTE/CENTRO-OESTE;SUL;-100.975
2024-06-15 19:00:00;SUDESTE/CENTRO-OESTE;SUL;-1003.792
2024-06-15 20:00:00;SUDESTE/CENTRO-OESTE;SUL;-1888.402
2024-06-15 21:00:00;SUDESTE/CENTRO-OESTE;SUL;-2595.375
2024-06-15 22:00:00;SUDESTE/CENTRO-OESTE;SUL;-3017.931
2024-06-15 23:00:00;SUDESTE/CENTRO-OESTE;SUL;-3204.065
2024-06-16 00:00:00;SUDESTE/CENTRO-OESTE;SUL;-4129.396
2024-06-16 01:00:00;SUDESTE/CENTRO-OESTE;SUL;-4148.35099999
2024-06-16 02:00:00;SUDESTE/CENTRO-OESTE;SUL;-3771.363
2024-06-16 03:00:00;SUDESTE/CENTRO-OESTE;SUL;-2979.09
2024-06-16 04:00:00;SUDESTE/CENTRO-OESTE;SUL;-2070.46999999
2024-06-16 05:00:00;SUDESTE/CENTRO-OESTE;SUL;-2087.001
2024-06-16 06:00:00;SUDESTE/CENTRO-OESTE;SUL;-1421.394
2024-06-16 07:00:00;SUDESTE/CENTRO-OESTE;SUL;312.204
2024-06-16 08:00:00;SUDESTE/CENTRO-OESTE;SUL;1241.974
2024-06-16 09:00:00;SUDESTE/CENTRO-OESTE;SUL;1843.65
2024-06-16 10:00:00;SUDESTE/CENTRO-OESTE;SUL;2143.73999999
2024-06-16 11:00:00;SUDESTE/CENTRO-OESTE;SUL;2118.127
2024-06-16 12:00:00;SUDESTE/CENTRO-OESTE;SUL;1823.331
2024-06-16 13:00:00;SUDESTE/CENTRO-OESTE;SUL;711.368
2024-06-16 14:00:00;SUDESTE/CENTRO-OESTE;SUL;-25.527
2024-06-16 15:00:00;SUDESTE/CENTRO-OESTE;SUL;-654.189
2024-06-16 16:00:00;SUDESTE/CENTRO-OESTE;SUL;-1605.762
2024-06-16 17:00:00;SUDESTE/CENTRO-OESTE;SUL;-1830.73
2024-06-16 18:00:00;SUDESTE/CENTRO-OESTE;SUL;-1649.166
2024-06-16 19:00:00;SUDESTE/CENTRO-OESTE;SUL;-1616.885
2024-06-16 20:00:00;SUDESTE/CENTRO-OESTE;SUL;-2165.523
2024-06-16 21:00:00;SUDESTE/CENTRO-OESTE;SUL;-2685.67
2024-06-16 22:00:00;SUDESTE/CENTRO-OESTE;SUL;-2683.452
2024-06-16 23:00:00;SUDESTE/CENTRO-OESTE;SUL;-2552.433
2024-06-17 00:00:00;SUDESTE/CENTRO-OESTE;SUL;-2591.62199999
2024-06-17 01:00:00;SUDESTE/CENTRO-OESTE;SUL;-3306.736
2024-06-17 02:00:00;SUDESTE/CENTRO-OESTE;SUL;-3668.666
2024-06-17 03:00:00;SUDESTE/CENTRO-OESTE;SUL;-3816.758
2024-06-17 04:00:00;SUDESTE/CENTRO-OESTE;SUL;-4363.151
2024-06-17 05:00:00;SUDESTE/CENTRO-OESTE;SUL;-4607.175
2024-06-17 06:00:00;SUDESTE/CENTRO-OESTE;SUL;-3097.349
2024-06-17 07:00:00;SUDESTE/CENTRO-OESTE;SUL;-751.279
2024-06-17 08:00:00;SUDESTE/CENTRO-OESTE;SUL;1184.162
2024-06-17 09:00:00;SUDESTE/CENTRO-OESTE;SUL;2344.409
2024-06-17 10:00:00;SUDESTE/CENTRO-OESTE;SUL;2425.268
2024-06-17 11:00:00;SUDESTE/CENTRO-OESTE;SUL;1789.356
2024-06-17 12:00:00;SUDESTE/CENTRO-OESTE;SUL;1193.905
2024-06-17 13:00:00;SUDESTE/CENTRO-OESTE;SUL;150.596
2024-06-17 14:00:00;SUDESTE/CENTRO-OESTE;SUL;-331.60199999
2024-06-17 15:00:00;SUDESTE/CENTRO-OESTE;SUL;-645.086
2024-06-17 16:00:00;SUDESTE/CENTRO-OESTE;SUL;-204.617
2024-06-17 17:00:00;SUDESTE/CENTRO-OESTE;SUL;397.35
2024-06-17 18:00:00;SUDESTE/CENTRO-OESTE;SUL;184.103
2024-06-17 19:00:00;SUDESTE/CENTRO-OESTE;SUL;-123.97
2024-06-17 20:00:00;SUDESTE/CENTRO-OESTE;SUL;-788.497
2024-06-17 21:00:00;SUDESTE/CENTRO-OESTE;SUL;-1295.573
2024-06-17 22:00:00;SUDESTE/CENTRO-OESTE;SUL;-2182.746
2024-06-17 23:00:00;SUDESTE/CENTRO-OESTE;SUL;-3522.182
2024-06-18 00:00:00;SUDESTE/CENTRO-OESTE;SUL;-4470.259
2024-06-18 01:00:00;SUDESTE/CENTRO-OESTE;SUL;-4979.961
2024-06-18 02:00:00;SUDESTE/CENTRO-OESTE;SUL;-5111.03799999
2024-06-18 03:00:00;SUDESTE/CENTRO-OESTE;SUL;-4658.322
2024-06-18 04:00:00;SUDESTE/CENTRO-OESTE;SUL;-4461.72
2024-06-18 05:00:00;SUDESTE/CENTRO-OESTE;SUL;-3242.421
2024-06-18 06:00:00;SUDESTE/CENTRO-OESTE;SUL;-2243.725
2024-06-18 07:00:00;SUDESTE/CENTRO-OESTE;SUL;-1078.497
2024-06-18 08:00:00;SUDESTE/CENTRO-OESTE;SUL;-450.398
2024-06-18 09:00:00;SUDESTE/CENTRO-OESTE;SUL;-564.368
2024-06-18 10:00:00;SUDESTE/CENTRO-OESTE;SUL;-543.499
2024-06-18 11:00:00;SUDESTE/CENTRO-OESTE;SUL;-284.254
2024-06-18 12:00:00;SUDESTE/CENTRO-OESTE;SUL;299.769
2024-06-18 13:00:00;SUDESTE/CENTRO-OESTE;SUL;68.20099999
2024-06-18 14:00:00;SUDESTE/CENTRO-OESTE;SUL;-965.531
2024-06-18 15:00:00;SUDESTE/CENTRO-OESTE;SUL;-206.55099999
2024-06-18 16:00:00;SUDESTE/CENTRO-OESTE;SUL;-364.436
2024-06-18 17:00:00;SUDESTE/CENTRO-OESTE;SUL;103.052
2024-06-18 18:00:00;SUDESTE/CENTRO-OESTE;SUL;716.553
2024-06-18 19:00:00;SUDESTE/CENTRO-OESTE;SUL;150.398
2024-06-18 20:00:00;SUDESTE/CENTRO-OESTE;SUL;-645.696
2024-06-18 21:00:00;SUDESTE/CENTRO-OESTE;SUL;-1222.517
2024-06-18 22:00:00;SUDESTE/CENTRO-OESTE;SUL;-2212.572
2024-06-18 23:00:00;SUDESTE/CENTRO-OESTE;SUL;-3427.482
2024-06-19 00:00:00;SUDESTE/CENTRO-OESTE;SUL;-4235.032
2024-06-19 01:00:00;SUDESTE/CENTRO-OESTE;SUL;-4537.835
2024-06-19 02:00:00;SUDESTE/CENTRO-OESTE;SUL;-4780.95
2024-06-19 03:00:00;SUDESTE/CENTRO-OESTE;SUL;-5003.57399999
2024-06-19 04:00:00;SUDESTE/CENTRO-OESTE;SUL;-4777.586
2024-06-19 05:00:00;SUDESTE/CENTRO-OESTE;SUL;-4028.125
2024-06-19 06:00:00;SUDESTE/CENTRO-OESTE;SUL;-2851.56599999
2024-06-19 07:00:00;SUDESTE/CENTRO-OESTE;SUL;-1685.421
2024-06-19 08:00:00;SUDESTE/CENTRO-OESTE;SUL;-729.418
2024-06-19 09:00:00;SUDESTE/CENTRO-OESTE;SUL;-196.258
2024-06-19 10:00:00;SUDESTE/CENTRO-OESTE;SUL;-105.473
2024-06-19 11:00:00;SUDESTE/CENTRO-OESTE;SUL;-95.117
2024-06-19 12:00:00;SUDESTE/CENTRO-OESTE;SUL;419.967
2024-06-19 13:00:00;SUDESTE/CENTRO-OESTE;SUL;-448.134
2024-06-19 14:00:00;SUDESTE/CENTRO-OESTE;SUL;-1929.986
2024-06-19 15:00:00;SUDESTE/CENTRO-OESTE;SUL;-1559.559
2024-06-19 16:00:00;SUDESTE/CENTRO-OESTE;SUL;-773.526
2024-06-19 17:00:00;SUDESTE/CENTRO-OESTE;SUL;-56.365
2024-06-19 18:00:00;SUDESTE/CENTRO-OESTE;SUL;462.798
2024-06-19 19:00:00;SUDESTE/CENTRO-OESTE;SUL;-32.409
2024-06-19 20:00:00;SUDESTE/CENTRO-OESTE;SUL;-775.847
2024-06-19 21:00:00;SUDESTE/CENTRO-OESTE;SUL;-1288.112
2024-06-19 22:00:00;SUDESTE/CENTRO-OESTE;SUL;-2060.975
2024-06-19 23:00:00;SUDESTE/CENTRO-OESTE;SUL;-3217.981
2024-06-20 00:00:00;SUDESTE/CENTRO-OESTE;SUL;-4131.751
2024-06-20 01:00:00;SUDESTE/CENTRO-OESTE;SUL;-4453.959
2024-06-20 02:00:00;SUDESTE/CENTRO-OESTE;SUL;-4091.805
2024-06-20 03:00:00;SUDESTE/CENTRO-OESTE;SUL;-3083.305
2024-06-20 04:00:00;SUDESTE/CENTRO-OESTE;SUL;-2792.734
2024-06-20 05:00:00;SUDESTE/CENTRO-OESTE;SUL;-2851.421
2024-06-20 06:00:00;SUDESTE/CENTRO-OESTE;SUL;-2109.885
2024-06-20 07:00:00;SUDESTE/CENTRO-OESTE;SUL;-1168.41799999
2024-06-20 08:00:00;SUDESTE/CENTRO-OESTE;SUL;180.16
2024-06-20 09:00:00;SUDESTE/CENTRO-OESTE;SUL;725.009
2024-06-20 10:00:00;SUDESTE/CENTRO-OESTE;SUL;1117.857
2024-06-20 11:00:00;SUDESTE/CENTRO-OESTE;SUL;1947.106
2024-06-20 12:00:00;SUDESTE/CENTRO-OESTE;SUL;2891.823
2024-06-20 13:00:00;SUDESTE/CENTRO-OESTE;SUL;2828.049
2024-06-20 14:00:00;SUDESTE/CENTRO-OESTE;SUL;719.273
2024-06-20 15:00:00;SUDESTE/CENTRO-OESTE;SUL;336.482
2024-06-20 16:00:00;SUDESTE/CENTRO-OESTE;SUL;355.199
2024-06-20 17:00:00;SUDESTE/CENTRO-OESTE;SUL;149.336
2024-06-20 18:00:00;SUDESTE/CENTRO-OESTE;SUL;439.046
2024-06-20 19:00:00;SUDESTE/CENTRO-OESTE;SUL;-178.907
2024-06-20 20:00:00;SUDESTE/CENTRO-OESTE;SUL;-637.184
2024-06-20 21:00:00;SUDESTE/CENTRO-OESTE;SUL;-1055.133
2024-06-20 22:00:00;SUDESTE/CENTRO-OESTE;SUL;-1932.51
2024-06-20 23:00:00;SUDESTE/CENTRO-OESTE;SUL;-3290.387
2024-06-21 00:00:00;SUDESTE/CENTRO-OESTE;SUL;-3198.94
2024-06-21 01:00:00;SUDESTE/CENTRO-OESTE;SUL;-3442.815
2024-06-21 02:00:00;SUDESTE/CENTRO-OESTE;SUL;-2911.131
2024-06-21 03:00:00;SUDESTE/CENTRO-OESTE;SUL;-2116.963
2024-06-21 04:00:00;SUDESTE/CENTRO-OESTE;SUL;-2029.911
2024-06-21 05:00:00;SUDESTE/CENTRO-OESTE;SUL;-3364.444
2024-06-21 06:00:00;SUDESTE/CENTRO-OESTE;SUL;-3062.632
2024-06-21 07:00:00;SUDESTE/CENTRO-OESTE;SUL;-1275.272
2024-06-21 08:00:00;SUDESTE/CENTRO-OESTE;SUL;-132.33699999
2024-06-21 09:00:00;SUDESTE/CENTRO-OESTE;SUL;877.532
2024-06-21 10:00:00;SUDESTE/CENTRO-OESTE;SUL;1510.186
2024-06-21 11:00:00;SUDESTE/CENTRO-OESTE;SUL;2023.403
2024-06-21 12:00:00;SUDESTE/CENTRO-OESTE;SUL;70.385
2024-06-21 13:00:00;SUDESTE/CENTRO-OESTE;SUL;-766.42999999
2024-06-21 14:00:00;SUDESTE/CENTRO-OESTE;SUL;-488.688
2024-06-21 15:00:00;SUDESTE/CENTRO-OESTE;SUL;-855.527
2024-06-21 16:00:00;SUDESTE/CENTRO-OESTE;SUL;-847.051
2024-06-21 17:00:00;SUDESTE/CENTRO-OESTE;SUL;-327.651
2024-06-21 18:00:00;SUDESTE/CENTRO-OESTE;SUL;465.607
2024-06-21 19:00:00;SUDESTE/CENTRO-OESTE;SUL;64.436
2024-06-21 20:00:00;SUDESTE/CENTRO-OESTE;SUL;-1172.402
2024-06-21 21:00:00;SUDESTE/CENTRO-OESTE;SUL;-1724.43699999
2024-06-21 22:00:00;SUDESTE/CENTRO-OESTE;SUL;-2439.486
2024-06-21 23:00:00;SUDESTE/CENTRO-OESTE;SUL;-2986.037
2024-06-22 00:00:00;SUDESTE/CENTRO-OESTE;SUL;-3376.285
2024-06-22 01:00:00;SUDESTE/CENTRO-OESTE;SUL;-4371.312
2024-06-22 02:00:00;SUDESTE/CENTRO-OESTE;SUL;-4803.018
2024-06-22 03:00:00;SUDESTE/CENTRO-OESTE;SUL;-4737.415
2024-06-22 04:00:00;SUDESTE/CENTRO-OESTE;SUL;-4666.049
2024-06-22 05:00:00;SUDESTE/CENTRO-OESTE;SUL;-4288.054
2024-06-22 06:00:00;SUDESTE/CENTRO-OESTE;SUL;-3046.497
2024-06-22 07:00:00;SUDESTE/CENTRO-OESTE;SUL;-1362.11999999
2024-06-22 08:00:00;SUDESTE/CENTRO-OESTE;SUL;933.694
2024-06-22 09:00:00;SUDESTE/CENTRO-OESTE;SUL;1944.616
2024-06-22 10:00:00;SUDESTE/CENTRO-OESTE;SUL;2310.91
2024-06-22 11:00:00;SUDESTE/CENTRO-OESTE;SUL;2321.044
2024-06-22 12:00:00;SUDESTE/CENTRO-OESTE;SUL;1894.132
2024-06-22 13:00:00;SUDESTE/CENTRO-OESTE;SUL;1267.304
2024-06-22 14:00:00;SUDESTE/CENTRO-OESTE;SUL;-333.704
2024-06-22 15:00:00;SUDESTE/CENTRO-OESTE;SUL;-1774.98
2024-06-22 16:00:00;SUDESTE/CENTRO-OESTE;SUL;-2467.886
2024-06-22 17:00:00;SUDESTE/CENTRO-OESTE;SUL;-1896.968
2024-06-22 18:00:00;SUDESTE/CENTRO-OESTE;SUL;-420.484
2024-06-22 19:00:00;SUDESTE/CENTRO-OESTE;SUL;-1468.199
2024-06-22 20:00:00;SUDESTE/CENTRO-OESTE;SUL;-2291.735
2024-06-22 21:00:00;SUDESTE/CENTRO-OESTE;SUL;-3296.428
2024-06-22 22:00:00;SUDESTE/CENTRO-OESTE;SUL;-3896.245
2024-06-22 23:00:00;SUDESTE/CENTRO-OESTE;SUL;-4385.93
2024-06-23 00:00:00;SUDESTE/CENTRO-OESTE;SUL;-5197.371
2024-06-23 01:00:00;SUDESTE/CENTRO-OESTE;SUL;-5628.51
2024-06-23 02:00:00;SUDESTE/CENTRO-OESTE;SUL;-5463.21699999
2024-06-23 03:00:00;SUDESTE/CENTRO-OESTE;SUL;-5099.021
2024-06-23 04:00:00;SUDESTE/CENTRO-OESTE;SUL;-4779.432
2024-06-23 05:00:00;SUDESTE/CENTRO-OESTE;SUL;-4491.32
2024-06-23 06:00:00;SUDESTE/CENTRO-OESTE;SUL;-2589.867
2024-06-23 07:00:00;SUDESTE/CENTRO-OESTE;SUL;335.88799999
2024-06-23 08:00:00;SUDESTE/CENTRO-OESTE;SUL;835.69
2024-06-23 09:00:00;SUDESTE/CENTRO-OESTE;SUL;864.323
2024-06-23 10:00:00;SUDESTE/CENTRO-OESTE;SUL;627.799
2024-06-23 11:00:00;SUDESTE/CENTRO-OESTE;SUL;387.21499999
2024-06-23 12:00:00;SUDESTE/CENTRO-OESTE;SUL;-366.206
2024-06-23 13:00:00;SUDESTE/CENTRO-OESTE;SUL;-171.445
2024-06-23 14:00:00;SUDESTE/CENTRO-OESTE;SUL;-665.816
2024-06-23 15:00:00;SUDESTE/CENTRO-OESTE;SUL;-2490.55699999
2024-06-23 16:00:00;SUDESTE/CENTRO-OESTE;SUL;-3345.65
2024-06-23 17:00:00;SUDESTE/CENTRO-OESTE;SUL;-2553.809
2024-06-23 18:00:00;SUDESTE/CENTRO-OESTE;SUL;-1372.978
2024-06-23 19:00:00;SUDESTE/CENTRO-OESTE;SUL;-1854.285
2024-06-23 20:00:00;SUDESTE/CENTRO-OESTE;SUL;-2292.118
2024-06-23 21:00:00;SUDESTE/CENTRO-OESTE;SUL;-2748.125
2024-06-23 22:00:00;SUDESTE/CENTRO-OESTE;SUL;-3061.92
2024-06-23 23:00:00;SUDESTE/CENTRO-OESTE;SUL;-4085.757
2024-06-24 00:00:00;SUDESTE/CENTRO-OESTE;SUL;-4755.273
2024-06-24 01:00:00;SUDESTE/CENTRO-OESTE;SUL;-4735.999
2024-06-24 02:00:00;SUDESTE/CENTRO-OESTE;SUL;-4010.327
2024-06-24 03:00:00;SUDESTE/CENTRO-OESTE;SUL;-3260.204
2024-06-24 04:00:00;SUDESTE/CENTRO-OESTE;SUL;-3646.598
2024-06-24 05:00:00;SUDESTE/CENTRO-OESTE;SUL;-3420.21099999
2024-06-24 06:00:00;SUDESTE/CENTRO-OESTE;SUL;-2388.244
2024-06-24 07:00:00;SUDESTE/CENTRO-OESTE;SUL;-1520.369
2024-06-24 08:00:00;SUDESTE/CENTRO-OESTE;SUL;-560.379
2024-06-24 09:00:00;SUDESTE/CENTRO-OESTE;SUL;-402.097
2024-06-24 10:00:00;SUDESTE/CENTRO-OESTE;SUL;-566.41
2024-06-24 11:00:00;SUDESTE/CENTRO-OESTE;SUL;-675.256
2024-06-24 12:00:00;SUDESTE/CENTRO-OESTE;SUL;-1669.652
2024-06-24 13:00:00;SUDESTE/CENTRO-OESTE;SUL;-1650.03299999
2024-06-24 14:00:00;SUDESTE/CENTRO-OESTE;SUL;-1035.949
2024-06-24 15:00:00;SUDESTE/CENTRO-OESTE;SUL;-537.142
2024-06-24 16:00:00;SUDESTE/CENTRO-OESTE;SUL;35.93699999
2024-06-24 17:00:00;SUDESTE/CENTRO-OESTE;SUL;537.787
2024-06-24 18:00:00;SUDESTE/CENTRO-OESTE;SUL;894.275
2024-06-24 19:00:00;SUDESTE/CENTRO-OESTE;SUL;260.98899999
2024-06-24 20:00:00;SUDESTE/CENTRO-OESTE;SUL;-418.826
2024-06-24 21:00:00;SUDESTE/CENTRO-OESTE;SUL;-730.586
2024-06-24 22:00:00;SUDESTE/CENTRO-OESTE;SUL;-1527.469
2024-06-24 23:00:00;SUDESTE/CENTRO-OESTE;SUL;-2128.254
2024-06-25 00:00:00;SUDESTE/CENTRO-OESTE;SUL;-2636.698
2024-06-25 01:00:00;SUDESTE/CENTRO-OESTE;SUL;-3473.991
2024-06-25 02:00:00;SUDESTE/CENTRO-OESTE;SUL;-3839.074
2024-06-25 03:00:00;SUDESTE/CENTRO-OESTE;SUL;-3643.627
2024-06-25 04:00:00;SUDESTE/CENTRO-OESTE;SUL;-3532.673
2024-06-25 05:00:00;SUDESTE/CENTRO-OESTE;SUL;-3351.814
2024-06-25 06:00:00;SUDESTE/CENTRO-OESTE;SUL;-2177.355
2024-06-25 07:00:00;SUDESTE/CENTRO-OESTE;SUL;-999.665
2024-06-25 08:00:00;SUDESTE/CENTRO-OESTE;SUL;-481.996
2024-06-25 09:00:00;SUDESTE/CENTRO-OESTE;SUL;203.072
2024-06-25 10:00:00;SUDESTE/CENTRO-OESTE;SUL;28.509
2024-06-25 11:00:00;SUDESTE/CENTRO-OESTE;SUL;-83.538
2024-06-25 12:00:00;SUDESTE/CENTRO-OESTE;SUL;-689.683
2024-06-25 13:00:00;SUDESTE/CENTRO-OESTE;SUL;-863.434
2024-06-25 14:00:00;SUDESTE/CENTRO-OESTE;SUL;-365.46
2024-06-25 15:00:00;SUDESTE/CENTRO-OESTE;SUL;-59.486
2024-06-25 16:00:00;SUDESTE/CENTRO-OESTE;SUL;538.761
2024-06-25 17:00:00;SUDESTE/CENTRO-OESTE;SUL;1144.78299999
2024-06-25 18:00:00;SUDESTE/CENTRO-OESTE;SUL;1792.165
2024-06-25 19:00:00;SUDESTE/CENTRO-OESTE;SUL;1351.413
2024-06-25 20:00:00;SUDESTE/CENTRO-OESTE;SUL;521.909
2024-06-25 21:00:00;SUDESTE/CENTRO-OESTE;SUL;-282.583
2024-06-25 22:00:00;SUDESTE/CENTRO-OESTE;SUL;-1466.24499999
2024-06-25 23:00:00;SUDESTE/CENTRO-OESTE;SUL;-2913.296
2024-06-26 00:00:00;SUDESTE/CENTRO-OESTE;SUL;-3495.929
2024-06-26 01:00:00;SUDESTE/CENTRO-OESTE;SUL;-4426.1
2024-06-26 02:00:00;SUDESTE/CENTRO-OESTE;SUL;-3521.23
2024-06-26 03:00:00;SUDESTE/CENTRO-OESTE;SUL;-3000.33599999
2024-06-26 04:00:00;SUDESTE/CENTRO-OESTE;SUL;-2930.26
2024-06-26 05:00:00;SUDESTE/CENTRO-OESTE;SUL;-3940.235
2024-06-26 06:00:00;SUDESTE/CENTRO-OESTE;SUL;-2727.577
2024-06-26 07:00:00;SUDESTE/CENTRO-OESTE;SUL;-1220.978
2024-06-26 08:00:00;SUDESTE/CENTRO-OESTE;SUL;-400.778
2024-06-26 09:00:00;SUDESTE/CENTRO-OESTE;SUL;269.60899999
2024-06-26 10:00:00;SUDESTE/CENTRO-OESTE;SUL;301.028
2024-06-26 11:00:00;SUDESTE/CENTRO-OESTE;SUL;-411.235
2024-06-26 12:00:00;SUDESTE/CENTRO-OESTE;SUL;-1236.232
2024-06-26 13:00:00;SUDESTE/CENTRO-OESTE;SUL;-1879.157
2024-06-26 14:00:00;SUDESTE/CENTRO-OESTE;SUL;-1783.226
2024-06-26 15:00:00;SUDESTE/CENTRO-OESTE;SUL;-1800.769
2024-06-26 16:00:00;SUDESTE/CENTRO-OESTE;SUL;-1871.709
2024-06-26 17:00:00;SUDESTE/CENTRO-OESTE;SUL;-992.434
2024-06-26 18:00:00;SUDESTE/CENTRO-OESTE;SUL;-179.518
2024-06-26 19:00:00;SUDESTE/CENTRO-OESTE;SUL;-300.433
2024-06-26 20:00:00;SUDESTE/CENTRO-OESTE;SUL;-910.969
2024-06-26 21:00:00;SUDESTE/CENTRO-OESTE;SUL;-1831.148
2024-06-26 22:00:00;SUDESTE/CENTRO-OESTE;SUL;-2122.983
2024-06-26 23:00:00;SUDESTE/CENTRO-OESTE;SUL;-3003.752
2024-06-27 00:00:00;SUDESTE/CENTRO-OESTE;SUL;-3998.251
2024-06-27 01:00:00;SUDESTE/CENTRO-OESTE;SUL;-5135.484
2024-06-27 02:00:00;SUDESTE/CENTRO-OESTE;SUL;-5493.298
2024-06-27 03:00:00;SUDESTE/CENTRO-OESTE;SUL;-5590.153
2024-06-27 04:00:00;SUDESTE/CENTRO-OESTE;SUL;-5255.779
2024-06-27 05:00:00;SUDESTE/CENTRO-OESTE;SUL;-4523.452
2024-06-27 06:00:00;SUDESTE/CENTRO-OESTE;SUL;-2567.523
2024-06-27 07:00:00;SUDESTE/CENTRO-OESTE;SUL;-1497.794
2024-06-27 08:00:00;SUDESTE/CENTRO-OESTE;SUL;-1352.205
2024-06-27 09:00:00;SUDESTE/CENTRO-OESTE;SUL;-2063.92099999
2024-06-27 10:00:00;SUDESTE/CENTRO-OESTE;SUL;-2327.603
2024-06-27 11:00:00;SUDESTE/CENTRO-OESTE;SUL;-3330.725
2024-06-27 12:00:00;SUDESTE/CENTRO-OESTE;SUL;-4590.523
2024-06-27 13:00:00;SUDESTE/CENTRO-OESTE;SUL;-3954.655
2024-06-27 14:00:00;SUDESTE/CENTRO-OESTE;SUL;-3805.841
2024-06-27 15:00:00;SUDESTE/CENTRO-OESTE;SUL;-3693.537
2024-06-27 16:00:00;SUDESTE/CENTRO-OESTE;SUL;-3055.34
2024-06-27 17:00:00;SUDESTE/CENTRO-OESTE;SUL;-1850.326
2024-06-27 18:00:00;SUDESTE/CENTRO-OESTE;SUL;-460.664
2024-06-27 19:00:00;SUDESTE/CENTRO-OESTE;SUL;-720.102
2024-06-27 20:00:00;SUDESTE/CENTRO-OESTE;SUL;-1476.003
2024-06-27 21:00:00;SUDESTE/CENTRO-OESTE;SUL;-2060.599
2024-06-27 22:00:00;SUDESTE/CENTRO-OESTE;SUL;-2118.61299999
2024-06-27 23:00:00;SUDESTE/CENTRO-OESTE;SUL;-2638.663
2024-06-28 00:00:00;SUDESTE/CENTRO-OESTE;SUL;-3564.496
2024-06-28 01:00:00;SUDESTE/CENTRO-OESTE;SUL;-4418.723
2024-06-28 02:00:00;SUDESTE/CENTRO-OESTE;SUL;-4719.39999999
2024-06-28 03:00:00;SUDESTE/CENTRO-OESTE;SUL;-4582.734
2024-06-28 04:00:00;SUDESTE/CENTRO-OESTE;SUL;-4503.193
2024-06-28 05:00:00;SUDESTE/CENTRO-OESTE;SUL;-3661.727
2024-06-28 06:00:00;SUDESTE/CENTRO-OESTE;SUL;-1784.4
2024-06-28 07:00:00;SUDESTE/CENTRO-OESTE;SUL;-1070.60899999
2024-06-28 08:00:00;SUDESTE/CENTRO-OESTE;SUL;-618.695
2024-06-28 09:00:00;SUDESTE/CENTRO-OESTE;SUL;-774.223
2024-06-28 10:00:00;SUDESTE/CENTRO-OESTE;SUL;-910.712
2024-06-28 11:00:00;SUDESTE/CENTRO-OESTE;SUL;-1185.31099999
2024-06-28 12:00:00;SUDESTE/CENTRO-OESTE;SUL;-1371.237
2024-06-28 13:00:00;SUDESTE/CENTRO-OESTE;SUL;-1317.577
2024-06-28 14:00:00;SUDESTE/CENTRO-OESTE;SUL;-1554.019
2024-06-28 15:00:00;SUDESTE/CENTRO-OESTE;SUL;-2707.15
2024-06-28 16:00:00;SUDESTE/CENTRO-OESTE;SUL;-2839.695
2024-06-28 17:00:00;SUDESTE/CENTRO-OESTE;SUL;-2172.092
2024-06-28 18:00:00;SUDESTE/CENTRO-OESTE;SUL;-857.045
2024-06-28 19:00:00;SUDESTE/CENTRO-OESTE;SUL;-1200.89
2024-06-28 20:00:00;SUDESTE/CENTRO-OESTE;SUL;-1977.281
2024-06-28 21:00:00;SUDESTE/CENTRO-OESTE;SUL;-2640.024
2024-06-28 22:00:00;SUDESTE/CENTRO-OESTE;SUL;-2634.295
2024-06-28 23:00:00;SUDESTE/CENTRO-OESTE;SUL;-2880.225
2024-06-29 00:00:00;SUDESTE/CENTRO-OESTE;SUL;-3473.414
2024-06-29 01:00:00;SUDESTE/CENTRO-OESTE;SUL;-3788.885
2024-06-29 02:00:00;SUDESTE/CENTRO-OESTE;SUL;-3952.934
2024-06-29 03:00:00;SUDESTE/CENTRO-OESTE;SUL;-4347.469
2024-06-29 04:00:00;SUDESTE/CENTRO-OESTE;SUL;-4383.535
2024-06-29 05:00:00;SUDESTE/CENTRO-OESTE;SUL;-4596.72999999
2024-06-29 06:00:00;SUDESTE/CENTRO-OESTE;SUL;-3557.567
2024-06-29 07:00:00;SUDESTE/CENTRO-OESTE;SUL;-2536.187
2024-06-29 08:00:00;SUDESTE/CENTRO-OESTE;SUL;-1122.902
2024-06-29 09:00:00;SUDESTE/CENTRO-OESTE;SUL;-140.418
2024-06-29 10:00:00;SUDESTE/CENTRO-OESTE;SUL;477.677
2024-06-29 11:00:00;SUDESTE/CENTRO-OESTE;SUL;-339.36399999
2024-06-29 12:00:00;SUDESTE/CENTRO-OESTE;SUL;-1157.721
2024-06-29 13:00:00;SUDESTE/CENTRO-OESTE;SUL;-2381.003
2024-06-29 14:00:00;SUDESTE/CENTRO-OESTE;SUL;-3988.047
2024-06-29 15:00:00;SUDESTE/CENTRO-OESTE;SUL;-4427.171
2024-06-29 16:00:00;SUDESTE/CENTRO-OESTE;SUL;-3785.922
2024-06-29 17:00:00;SUDESTE/CENTRO-OESTE;SUL;-2817.087
2024-06-29 18:00:00;SUDESTE/CENTRO-OESTE;SUL;-1647.24
2024-06-29 19:00:00;SUDESTE/CENTRO-OESTE;SUL;-2429.529
2024-06-29 20:00:00;SUDESTE/CENTRO-OESTE;SUL;-2880.404
2024-06-29 21:00:00;SUDESTE/CENTRO-OESTE;SUL;-3681.275
2024-06-29 22:00:00;SUDESTE/CENTRO-OESTE;SUL;-4489.321
2024-06-29 23:00:00;SUDESTE/CENTRO-OESTE;SUL;-4864.796
2024-06-30 00:00:00;SUDESTE/CENTRO-OESTE;SUL;-5015.586
2024-06-30 01:00:00;SUDESTE/CENTRO-OESTE;SUL;-5444.67199999
2024-06-30 02:00:00;SUDESTE/CENTRO-OESTE;SUL;-5016.99
2024-06-30 03:00:00;SUDESTE/CENTRO-OESTE;SUL;-4929.964
2024-06-30 04:00:00;SUDESTE/CENTRO-OESTE;SUL;-4509.84199999
2024-06-30 05:00:00;SUDESTE/CENTRO-OESTE;SUL;-4554.713
2024-06-30 06:00:00;SUDESTE/CENTRO-OESTE;SUL;-3224.427
2024-06-30 07:00:00;SUDESTE/CENTRO-OESTE;SUL;-589.318
2024-06-30 08:00:00;SUDESTE/CENTRO-OESTE;SUL;-262.512
2024-06-30 09:00:00;SUDESTE/CENTRO-OESTE;SUL;-200.556
2024-06-30 10:00:00;SUDESTE/CENTRO-OESTE;SUL;-432.424
2024-06-30 11:00:00;SUDESTE/CENTRO-OESTE;SUL;-861.1
2024-06-30 12:00:00;SUDESTE/CENTRO-OESTE;SUL;-1017.25
2024-06-30 13:00:00;SUDESTE/CENTRO-OESTE;SUL;-1103.827
2024-06-30 14:00:00;SUDESTE/CENTRO-OESTE;SUL;-720.30999999
2024-06-30 15:00:00;SUDESTE/CENTRO-OESTE;SUL;-668.928
2024-06-30 16:00:00;SUDESTE/CENTRO-OESTE;SUL;-3053.002
2024-06-30 17:00:00;SUDESTE/CENTRO-OESTE;SUL;-2791.221
2024-06-30 18:00:00;SUDESTE/CENTRO-OESTE;SUL;-761.30499999
2024-06-30 19:00:00;SUDESTE/CENTRO-OESTE;SUL;-1270.86999999
2024-06-30 20:00:00;SUDESTE/CENTRO-OESTE;SUL;-1765.708
2024-06-30 21:00:00;SUDESTE/CENTRO-OESTE;SUL;-2543.255
2024-06-30 22:00:00;SUDESTE/CENTRO-OESTE;SUL;-3466.256
2024-06-30 23:00:00;SUDESTE/CENTRO-OESTE;SUL;-3685.807
2024-07-01 00:00:00;SUDESTE/CENTRO-OESTE;SUL;-3715.166
2024-07-01 01:00:00;SUDESTE/CENTRO-OESTE;SUL;-2687.521
2024-07-01 02:00:00;SUDESTE/CENTRO-OESTE;SUL;-1695.581
2024-07-01 03:00:00;SUDESTE/CENTRO-OESTE;SUL;-1212.459
2024-07-01 04:00:00;SUDESTE/CENTRO-OESTE;SUL;-1262.054
2024-07-01 05:00:00;SUDESTE/CENTRO-OESTE;SUL;-2229.579
2024-07-01 06:00:00;SUDESTE/CENTRO-OESTE;SUL;-985.786
2024-07-01 07:00:00;SUDESTE/CENTRO-OESTE;SUL;-683.183
2024-07-01 08:00:00;SUDESTE/CENTRO-OESTE;SUL;-581.948
2024-07-01 09:00:00;SUDESTE/CENTRO-OESTE;SUL;-905.881
2024-07-01 10:00:00;SUDESTE/CENTRO-OESTE;SUL;-1213.96599999
2024-07-01 11:00:00;SUDESTE/CENTRO-OESTE;SUL;-1114.04299999
2024-07-01 12:00:00;SUDESTE/CENTRO-OESTE;SUL;-1527.48
2024-07-01 13:00:00;SUDESTE/CENTRO-OESTE;SUL;-2646.63
2024-07-01 14:00:00;SUDESTE/CENTRO-OESTE;SUL;-3145.468
2024-07-01 15:00:00;SUDESTE/CENTRO-OESTE;SUL;-1811.737
2024-07-01 16:00:00;SUDESTE/CENTRO-OESTE;SUL;-1037.757
2024-07-01 17:00:00;SUDESTE/CENTRO-OESTE;SUL;208.504
2024-07-01 18:00:00;SUDESTE/CENTRO-OESTE;SUL;1869.564
2024-07-01 19:00:00;SUDESTE/CENTRO-OESTE;SUL;2023.617
2024-07-01 20:00:00;SUDESTE/CENTRO-OESTE;SUL;1296.105
2024-07-01 21:00:00;SUDESTE/CENTRO-OESTE;SUL;647.552
2024-07-01 22:00:00;SUDESTE/CENTRO-OESTE;SUL;-838.663
2024-07-01 23:00:00;SUDESTE/CENTRO-OESTE;SUL;-2548.96799999
2024-07-02 00:00:00;SUDESTE/CENTRO-OESTE;SUL;-3374.009
2024-07-02 01:00:00;SUDESTE/CENTRO-OESTE;SUL;-2717.987
2024-07-02 02:00:00;SUDESTE/CENTRO-OESTE;SUL;-1773.256
2024-07-02 03:00:00;SUDESTE/CENTRO-OESTE;SUL;-1207.219
2024-07-02 04:00:00;SUDESTE/CENTRO-OESTE;SUL;-1317.403
2024-07-02 05:00:00;SUDESTE/CENTRO-OESTE;SUL;-1825.326
2024-07-02 06:00:00;SUDESTE/CENTRO-OESTE;SUL;-1118.676
2024-07-02 07:00:00;SUDESTE/CENTRO-OESTE;SUL;-731.494
2024-07-02 08:00:00;SUDESTE/CENTRO-OESTE;SUL;320.452
2024-07-02 09:00:00;SUDESTE/CENTRO-OESTE;SUL;757.133
2024-07-02 10:00:00;SUDESTE/CENTRO-OESTE;SUL;1191.58
2024-07-02 11:00:00;SUDESTE/CENTRO-OESTE;SUL;1376.077
2024-07-02 12:00:00;SUDESTE/CENTRO-OESTE;SUL;1776.67
2024-07-02 13:00:00;SUDESTE/CENTRO-OESTE;SUL;1072.423
2024-07-02 14:00:00;SUDESTE/CENTRO-OESTE;SUL;154.66999999
2024-07-02 15:00:00;SUDESTE/CENTRO-OESTE;SUL;-240.889
2024-07-02 16:00:00;SUDESTE/CENTRO-OESTE;SUL;-171.217
2024-07-02 17:00:00;SUDESTE/CENTRO-OESTE;SUL;-269.916
2024-07-02 18:00:00;SUDESTE/CENTRO-OESTE;SUL;968.401
2024-07-02 19:00:00;SUDESTE/CENTRO-OESTE;SUL;672.519
2024-07-02 20:00:00;SUDESTE/CENTRO-OESTE;SUL;-155.074
2024-07-02 21:00:00;SUDESTE/CENTRO-OESTE;SUL;-903.327
2024-07-02 22:00:00;SUDESTE/CENTRO-OESTE;SUL;-1391.912
2024-07-02 23:00:00;SUDESTE/CENTRO-OESTE;SUL;-2695.536
2024-07-03 00:00:00;SUDESTE/CENTRO-OESTE;SUL;-3731.981
2024-07-03 01:00:00;SUDESTE/CENTRO-OESTE;SUL;-4064.171
2024-07-03 02:00:00;SUDESTE/CENTRO-OESTE;SUL;-2441.801
2024-07-03 03:00:00;SUDESTE/CENTRO-OESTE;SUL;-1610.838
2024-07-03 04:00:00;SUDESTE/CENTRO-OESTE;SUL;-1608.551
2024-07-03 05:00:00;SUDESTE/CENTRO-OESTE;SUL;-2549.99899999
2024-07-03 06:00:00;SUDESTE/CENTRO-OESTE;SUL;-2692.981
2024-07-03 07:00:00;SUDESTE/CENTRO-OESTE;SUL;-1467.688
2024-07-03 08:00:00;SUDESTE/CENTRO-OESTE;SUL;-576.993
2024-07-03 09:00:00;SUDESTE/CENTRO-OESTE;SUL;151.047
2024-07-03 10:00:00;SUDESTE/CENTRO-OESTE;SUL;348.163
2024-07-03 11:00:00;SUDESTE/CENTRO-OESTE;SUL;383.287
2024-07-03 12:00:00;SUDESTE/CENTRO-OESTE;SUL;-305.289
2024-07-03 13:00:00;SUDESTE/CENTRO-OESTE;SUL;-218.182
2024-07-03 14:00:00;SUDESTE/CENTRO-OESTE;SUL;-1328.386
2024-07-03 15:00:00;SUDESTE/CENTRO-OESTE;SUL;-2151.648
2024-07-03 16:00:00;SUDESTE/CENTRO-OESTE;SUL;-1672.535
2024-07-03 17:00:00;SUDESTE/CENTRO-OESTE;SUL;-769.225
2024-07-03 18:00:00;SUDESTE/CENTRO-OESTE;SUL;189.994
2024-07-03 19:00:00;SUDESTE/CENTRO-OESTE;SUL;-159.822
2024-07-03 20:00:00;SUDESTE/CENTRO-OESTE;SUL;-879.778
2024-07-03 21:00:00;SUDESTE/CENTRO-OESTE;SUL;-1435.034
2024-07-03 22:00:00;SUDESTE/CENTRO-OESTE;SUL;-1604.748
2024-07-03 23:00:00;SUDESTE/CENTRO-OESTE;SUL;-2279.207
2024-07-04 00:00:00;SUDESTE/CENTRO-OESTE;SUL;-3486.444
2024-07-04 01:00:00;SUDESTE/CENTRO-OESTE;SUL;-4350.41799999
2024-07-04 02:00:00;SUDESTE/CENTRO-OESTE;SUL;-3846.649
2024-07-04 03:00:00;SUDESTE/CENTRO-OESTE;SUL;-2699.352
2024-07-04 04:00:00;SUDESTE/CENTRO-OESTE;SUL;-2565.17299999
2024-07-04 05:00:00;SUDESTE/CENTRO-OESTE;SUL;-2238.851
2024-07-04 06:00:00;SUDESTE/CENTRO-OESTE;SUL;-1935.614
2024-07-04 07:00:00;SUDESTE/CENTRO-OESTE;SUL;-561.72299999
2024-07-04 08:00:00;SUDESTE/CENTRO-OESTE;SUL;253.523
2024-07-04 09:00:00;SUDESTE/CENTRO-OESTE;SUL;310.671
2024-07-04 10:00:00;SUDESTE/CENTRO-OESTE;SUL;740.18499999
2024-07-04 11:00:00;SUDESTE/CENTRO-OESTE;SUL;1251.255
2024-07-04 12:00:00;SUDESTE/CENTRO-OESTE;SUL;386.898
2024-07-04 13:00:00;SUDESTE/CENTRO-OESTE;SUL;588.79499999
2024-07-04 14:00:00;SUDESTE/CENTRO-OESTE;SUL;726.98
2024-07-04 15:00:00;SUDESTE/CENTRO-OESTE;SUL;117.073
2024-07-04 16:00:00;SUDESTE/CENTRO-OESTE;SUL;-698.251
2024-07-04 17:00:00;SUDESTE/CENTRO-OESTE;SUL;-404.823
2024-07-04 18:00:00;SUDESTE/CENTRO-OESTE;SUL;488.21
2024-07-04 19:00:00;SUDESTE/CENTRO-OESTE;SUL;71.059
2024-07-04 20:00:00;SUDESTE/CENTRO-OESTE;SUL;-650.535
2024-07-04 21:00:00;SUDESTE/CENTRO-OESTE;SUL;-1176.826
2024-07-04 22:00:00;SUDESTE/CENTRO-OESTE;SUL;-1464.253
2024-07-04 23:00:00;SUDESTE/CENTRO-OESTE;SUL;-2159.491
2024-07-05 00:00:00;SUDESTE/CENTRO-OESTE;SUL;-3348.654
2024-07-05 01:00:00;SUDESTE/CENTRO-OESTE;SUL;-4214.86399999
2024-07-05 02:00:00;SUDESTE/CENTRO-OESTE;SUL;-3509.223
2024-07-05 03:00:00;SUDESTE/CENTRO-OESTE;SUL;-3755.825
2024-07-05 04:00:00;SUDESTE/CENTRO-OESTE;SUL;-3985.541
2024-07-05 05:00:00;SUDESTE/CENTRO-OESTE;SUL;-3504.914
2024-07-05 06:00:00;SUDESTE/CENTRO-OESTE;SUL;-2055.213
2024-07-05 07:00:00;SUDESTE/CENTRO-OESTE;SUL;-301.307
2024-07-05 08:00:00;SUDESTE/CENTRO-OESTE;SUL;473.716
2024-07-05 09:00:00;SUDESTE/CENTRO-OESTE;SUL;653.793
2024-07-05 10:00:00;SUDESTE/CENTRO-OESTE;SUL;340.696
2024-07-05 11:00:00;SUDESTE/CENTRO-OESTE;SUL;172.393
2024-07-05 12:00:00;SUDESTE/CENTRO-OESTE;SUL;-945.897
2024-07-05 13:00:00;SUDESTE/CENTRO-OESTE;SUL;-444.58
2024-07-05 14:00:00;SUDESTE/CENTRO-OESTE;SUL;-137.03299999
2024-07-05 15:00:00;SUDESTE/CENTRO-OESTE;SUL;-576.337
2024-07-05 16:00:00;SUDESTE/CENTRO-OESTE;SUL;-728.78
2024-07-05 17:00:00;SUDESTE/CENTRO-OESTE;SUL;-256.444
2024-07-05 18:00:00;SUDESTE/CENTRO-OESTE;SUL;460.507
2024-07-05 19:00:00;SUDESTE/CENTRO-OESTE;SUL;126.533
2024-07-05 20:00:00;SUDESTE/CENTRO-OESTE;SUL;-805.568
2024-07-05 21:00:00;SUDESTE/CENTRO-OESTE;SUL;-1355.612
2024-07-05 22:00:00;SUDESTE/CENTRO-OESTE;SUL;-1280.012
2024-07-05 23:00:00;SUDESTE/CENTRO-OESTE;SUL;-1823.831
2024-07-06 00:00:00;SUDESTE/CENTRO-OESTE;SUL;-3010.795
2024-07-06 01:00:00;SUDESTE/CENTRO-OESTE;SUL;-3838.469
2024-07-06 02:00:00;SUDESTE/CENTRO-OESTE;SUL;-4498.867
2024-07-06 03:00:00;SUDESTE/CENTRO-OESTE;SUL;-4832.719
2024-07-06 04:00:00;SUDESTE/CENTRO-OESTE;SUL;-4731.86899999
2024-07-06 05:00:00;SUDESTE/CENTRO-OESTE;SUL;-4580.62299999
2024-07-06 06:00:00;SUDESTE/CENTRO-OESTE;SUL;-3833.17
2024-07-06 07:00:00;SUDESTE/CENTRO-OESTE;SUL;-2699.678
2024-07-06 08:00:00;SUDESTE/CENTRO-OESTE;SUL;-1722.663
2024-07-06 09:00:00;SUDESTE/CENTRO-OESTE;SUL;-474.324
2024-07-06 10:00:00;SUDESTE/CENTRO-OESTE;SUL;461.513
2024-07-06 11:00:00;SUDESTE/CENTRO-OESTE;SUL;1079.631
2024-07-06 12:00:00;SUDESTE/CENTRO-OESTE;SUL;277.617
2024-07-06 13:00:00;SUDESTE/CENTRO-OESTE;SUL;-486.047
2024-07-06 14:00:00;SUDESTE/CENTRO-OESTE;SUL;-1414.356
2024-07-06 15:00:00;SUDESTE/CENTRO-OESTE;SUL;-1694.775
2024-07-06 16:00:00;SUDESTE/CENTRO-OESTE;SUL;-1755.904
2024-07-06 17:00:00;SUDESTE/CENTRO-OESTE;SUL;-1804.831
2024-07-06 18:00:00;SUDESTE/CENTRO-OESTE;SUL;-881.151
2024-07-06 19:00:00;SUDESTE/CENTRO-OESTE;SUL;-1524.491
2024-07-06 20:00:00;SUDESTE/CENTRO-OESTE;SUL;-1371.89899999
2024-07-06 21:00:00;SUDESTE/CENTRO-OESTE;SUL;-1377.888
2024-07-06 22:00:00;SUDESTE/CENTRO-OESTE;SUL;-2359.184
2024-07-06 23:00:00;SUDESTE/CENTRO-OESTE;SUL;-3252.31599999
2024-07-07 00:00:00;SUDESTE/CENTRO-OESTE;SUL;-4100.70799999
2024-07-07 01:00:00;SUDESTE/CENTRO-OESTE;SUL;-4896.941
2024-07-07 02:00:00;SUDESTE/CENTRO-OESTE;SUL;-4962.783
2024-07-07 03:00:00;SUDESTE/CENTRO-OESTE;SUL;-4478.656
2024-07-07 04:00:00;SUDESTE/CENTRO-OESTE;SUL;-3899.176
2024-07-07 05:00:00;SUDESTE/CENTRO-OESTE;SUL;-3226.134
2024-07-07 06:00:00;SUDESTE/CENTRO-OESTE;SUL;-2463.436
2024-07-07 07:00:00;SUDESTE/CENTRO-OESTE;SUL;361.729
2024-07-07 08:00:00;SUDESTE/CENTRO-OESTE;SUL;2555.74899999
2024-07-07 09:00:00;SUDESTE/CENTRO-OESTE;SUL;2920.9
2024-07-07 10:00:00;SUDESTE/CENTRO-OESTE;SUL;3375.536
2024-07-07 11:00:00;SUDESTE/CENTRO-OESTE;SUL;3035.121
2024-07-07 12:00:00;SUDESTE/CENTRO-OESTE;SUL;2634.367
2024-07-07 13:00:00;SUDESTE/CENTRO-OESTE;SUL;2308.92
2024-07-07 14:00:00;SUDESTE/CENTRO-OESTE;SUL;2230.951
2024-07-07 15:00:00;SUDESTE/CENTRO-OESTE;SUL;1985.867
2024-07-07 16:00:00;SUDESTE/CENTRO-OESTE;SUL;-57.281
2024-07-07 17:00:00;SUDESTE/CENTRO-OESTE;SUL;-637.95899999
2024-07-07 18:00:00;SUDESTE/CENTRO-OESTE;SUL;192.13999999
2024-07-07 19:00:00;SUDESTE/CENTRO-OESTE;SUL;-782.95
2024-07-07 20:00:00;SUDESTE/CENTRO-OESTE;SUL;-1295.942
2024-07-07 21:00:00;SUDESTE/CENTRO-OESTE;SUL;-1560.924
2024-07-07 22:00:00;SUDESTE/CENTRO-OESTE;SUL;-2049.396
2024-07-07 23:00:00;SUDESTE/CENTRO-OESTE;SUL;-3271.484
2024-07-08 00:00:00;SUDESTE/CENTRO-OESTE;SUL;-4462.189
2024-07-08 01:00:00;SUDESTE/CENTRO-OESTE;SUL;-4758.05
2024-07-08 02:00:00;SUDESTE/CENTRO-OESTE;SUL;-4313.609
2024-07-08 03:00:00;SUDESTE/CENTRO-OESTE;SUL;-4376.122
2024-07-08 04:00:00;SUDESTE/CENTRO-OESTE;SUL;-4260.69899999
2024-07-08 05:00:00;SUDESTE/CENTRO-OESTE;SUL;-3883.603
2024-07-08 06:00:00;SUDESTE/CENTRO-OESTE;SUL;-2516.434
2024-07-08 07:00:00;SUDESTE/CENTRO-OESTE;SUL;-605.211
2024-07-08 08:00:00;SUDESTE/CENTRO-OESTE;SUL;617.01199999
2024-07-08 09:00:00;SUDESTE/CENTRO-OESTE;SUL;1039.19599999
2024-07-08 10:00:00;SUDESTE/CENTRO-OESTE;SUL;1672.912
2024-07-08 11:00:00;SUDESTE/CENTRO-OESTE;SUL;2195.76899999
2024-07-08 12:00:00;SUDESTE/CENTRO-OESTE;SUL;2034.762
2024-07-08 13:00:00;SUDESTE/CENTRO-OESTE;SUL;2263.25799999
2024-07-08 14:00:00;SUDESTE/CENTRO-OESTE;SUL;1814.325
2024-07-08 15:00:00;SUDESTE/CENTRO-OESTE;SUL;1302.627
2024-07-08 16:00:00;SUDESTE/CENTRO-OESTE;SUL;254.779
2024-07-08 17:00:00;SUDESTE/CENTRO-OESTE;SUL;637.55999999
2024-07-08 18:00:00;SUDESTE/CENTRO-OESTE;SUL;1566.799
2024-07-08 19:00:00;SUDESTE/CENTRO-OESTE;SUL;1488.422
2024-07-08 20:00:00;SUDESTE/CENTRO-OESTE;SUL;761.474
2024-07-08 21:00:00;SUDESTE/CENTRO-OESTE;SUL;12.493
2024-07-08 22:00:00;SUDESTE/CENTRO-OESTE;SUL;-624.729
2024-07-08 23:00:00;SUDESTE/CENTRO-OESTE;SUL;-1446.147
2024-07-09 00:00:00;SUDESTE/CENTRO-OESTE;SUL;-2679.715
2024-07-09 01:00:00;SUDESTE/CENTRO-OESTE;SUL;-3116.189
2024-07-09 02:00:00;SUDESTE/CENTRO-OESTE;SUL;-3103.147
2024-07-09 03:00:00;SUDESTE/CENTRO-OESTE;SUL;-3515.568
2024-07-09 04:00:00;SUDESTE/CENTRO-OESTE;SUL;-3442.889
2024-07-09 05:00:00;SUDESTE/CENTRO-OESTE;SUL;-2878.353
2024-07-09 06:00:00;SUDESTE/CENTRO-OESTE;SUL;-1687.642
2024-07-09 07:00:00;SUDESTE/CENTRO-OESTE;SUL;-163.09
2024-07-09 08:00:00;SUDESTE/CENTRO-OESTE;SUL;575.994
2024-07-09 09:00:00;SUDESTE/CENTRO-OESTE;SUL;647.201
2024-07-09 10:00:00;SUDESTE/CENTRO-OESTE;SUL;591.544
2024-07-09 11:00:00;SUDESTE/CENTRO-OESTE;SUL;937.686
2024-07-09 12:00:00;SUDESTE/CENTRO-OESTE;SUL;852.933
2024-07-09 13:00:00;SUDESTE/CENTRO-OESTE;SUL;777.148
2024-07-09 14:00:00;SUDESTE/CENTRO-OESTE;SUL;1127.665
2024-07-09 15:00:00;SUDESTE/CENTRO-OESTE;SUL;547.96
2024-07-09 16:00:00;SUDESTE/CENTRO-OESTE;SUL;336.094
2024-07-09 17:00:00;SUDESTE/CENTRO-OESTE;SUL;947.817
2024-07-09 18:00:00;SUDESTE/CENTRO-OESTE;SUL;1845.954
2024-07-09 19:00:00;SUDESTE/CENTRO-OESTE;SUL;1613.077
2024-07-09 20:00:00;SUDESTE/CENTRO-OESTE;SUL;717.123
2024-07-09 21:00:00;SUDESTE/CENTRO-OESTE;SUL;-320.706
2024-07-09 22:00:00;SUDESTE/CENTRO-OESTE;SUL;-765.186
2024-07-09 23:00:00;SUDESTE/CENTRO-OESTE;SUL;-1672.016
2024-07-10 00:00:00;SUDESTE/CENTRO-OESTE;SUL;-2890.082
2024-07-10 01:00:00;SUDESTE/CENTRO-OESTE;SUL;-3552.837
2024-07-10 02:00:00;SUDESTE/CENTRO-OESTE;SUL;-4108.357
2024-07-10 03:00:00;SUDESTE/CENTRO-OESTE;SUL;-4334.307
2024-07-10 04:00:00;SUDESTE/CENTRO-OESTE;SUL;-4275.706
2024-07-10 05:00:00;SUDESTE/CENTRO-OESTE;SUL;-3724.303
2024-07-10 06:00:00;SUDESTE/CENTRO-OESTE;SUL;-1957.666
2024-07-10 07:00:00;SUDESTE/CENTRO-OESTE;SUL;-192.005
2024-07-10 08:00:00;SUDESTE/CENTRO-OESTE;SUL;1338.165
2024-07-10 09:00:00;SUDESTE/CENTRO-OESTE;SUL;1497.661
2024-07-10 10:00:00;SUDESTE/CENTRO-OESTE;SUL;1433.144
2024-07-10 11:00:00;SUDESTE/CENTRO-OESTE;SUL;1194.032
2024-07-10 12:00:00;SUDESTE/CENTRO-OESTE;SUL;372.41699999
2024-07-10 13:00:00;SUDESTE/CENTRO-OESTE;SUL;230.879
2024-07-10 14:00:00;SUDESTE/CENTRO-OESTE;SUL;405.157
2024-07-10 15:00:00;SUDESTE/CENTRO-OESTE;SUL;153.397
2024-07-10 16:00:00;SUDESTE/CENTRO-OESTE;SUL;-140.06299999
2024-07-10 17:00:00;SUDESTE/CENTRO-OESTE;SUL;455.331
2024-07-10 18:00:00;SUDESTE/CENTRO-OESTE;SUL;1695.306
2024-07-10 19:00:00;SUDESTE/CENTRO-OESTE;SUL;1406.923
2024-07-10 20:00:00;SUDESTE/CENTRO-OESTE;SUL;605.695
2024-07-10 21:00:00;SUDESTE/CENTRO-OESTE;SUL;-73.43899999
2024-07-10 22:00:00;SUDESTE/CENTRO-OESTE;SUL;-431.958
2024-07-10 23:00:00;SUDESTE/CENTRO-OESTE;SUL;-1244.115
2024-07-11 00:00:00;SUDESTE/CENTRO-OESTE;SUL;-2373.591
2024-07-11 01:00:00;SUDESTE/CENTRO-OESTE;SUL;-2803.842
2024-07-11 02:00:00;SUDESTE/CENTRO-OESTE;SUL;-3264.64
2024-07-11 03:00:00;SUDESTE/CENTRO-OESTE;SUL;-3088.56
2024-07-11 04:00:00;SUDESTE/CENTRO-OESTE;SUL;-2924.187
2024-07-11 05:00:00;SUDESTE/CENTRO-OESTE;SUL;-2696.23
2024-07-11 06:00:00;SUDESTE/CENTRO-OESTE;SUL;-1553.321
2024-07-11 07:00:00;SUDESTE/CENTRO-OESTE;SUL;267.226
2024-07-11 08:00:00;SUDESTE/CENTRO-OESTE;SUL;1710.844
2024-07-11 09:00:00;SUDESTE/CENTRO-OESTE;SUL;1656.001
2024-07-11 10:00:00;SUDESTE/CENTRO-OESTE;SUL;1474.868
2024-07-11 11:00:00;SUDESTE/CENTRO-OESTE;SUL;1471.115
2024-07-11 12:00:00;SUDESTE/CENTRO-OESTE;SUL;1713.886
2024-07-11 13:00:00;SUDESTE/CENTRO-OESTE;SUL;1505.81199999
2024-07-11 14:00:00;SUDESTE/CENTRO-OESTE;SUL;358.41699999
2024-07-11 15:00:00;SUDESTE/CENTRO-OESTE;SUL;331.516
2024-07-11 16:00:00;SUDESTE/CENTRO-OESTE;SUL;571.316
2024-07-11 17:00:00;SUDESTE/CENTRO-OESTE;SUL;1317.429
2024-07-11 18:00:00;SUDESTE/CENTRO-OESTE;SUL;1707.559
2024-07-11 19:00:00;SUDESTE/CENTRO-OESTE;SUL;1459.379
2024-07-11 20:00:00;SUDESTE/CENTRO-OESTE;SUL;731.436
2024-07-11 21:00:00;SUDESTE/CENTRO-OESTE;SUL;-81.58799999
2024-07-11 22:00:00;SUDESTE/CENTRO-OESTE;SUL;-1412.203
2024-07-11 23:00:00;SUDESTE/CENTRO-OESTE;SUL;-2244.524
2024-07-12 00:00:00;SUDESTE/CENTRO-OESTE;SUL;-2670.76899999
2024-07-12 01:00:00;SUDESTE/CENTRO-OESTE;SUL;-3112.285
2024-07-12 02:00:00;SUDESTE/CENTRO-OESTE;SUL;-3555.166
2024-07-12 03:00:00;SUDESTE/CENTRO-OESTE;SUL;-3808.437
2024-07-12 04:00:00;SUDESTE/CENTRO-OESTE;SUL;-3656.912
2024-07-12 05:00:00;SUDESTE/CENTRO-OESTE;SUL;-3224.533
2024-07-12 06:00:00;SUDESTE/CENTRO-OESTE;SUL;-1894.618
2024-07-12 07:00:00;SUDESTE/CENTRO-OESTE;SUL;140.687
2024-07-12 08:00:00;SUDESTE/CENTRO-OESTE;SUL;1200.29199999
2024-07-12 09:00:00;SUDESTE/CENTRO-OESTE;SUL;1653.973
2024-07-12 10:00:00;SUDESTE/CENTRO-OESTE;SUL;2148.965
2024-07-12 11:00:00;SUDESTE/CENTRO-OESTE;SUL;2031.479
2024-07-12 12:00:00;SUDESTE/CENTRO-OESTE;SUL;1168.568
2024-07-12 13:00:00;SUDESTE/CENTRO-OESTE;SUL;1381.871
2024-07-12 14:00:00;SUDESTE/CENTRO-OESTE;SUL;793.077
2024-07-12 15:00:00;SUDESTE/CENTRO-OESTE;SUL;811.078
2024-07-12 16:00:00;SUDESTE/CENTRO-OESTE;SUL;1328.862
2024-07-12 17:00:00;SUDESTE/CENTRO-OESTE;SUL;842.228
2024-07-12 18:00:00;SUDESTE/CENTRO-OESTE;SUL;1538.058
2024-07-12 19:00:00;SUDESTE/CENTRO-OESTE;SUL;1174.405
2024-07-12 20:00:00;SUDESTE/CENTRO-OESTE;SUL;296.863
2024-07-12 21:00:00;SUDESTE/CENTRO-OESTE;SUL;-446.596
2024-07-12 22:00:00;SUDESTE/CENTRO-OESTE;SUL;-384.876
2024-07-12 23:00:00;SUDESTE/CENTRO-OESTE;SUL;-492.293
2024-07-13 00:00:00;SUDESTE/CENTRO-OESTE;SUL;-1709.617
2024-07-13 01:00:00;SUDESTE/CENTRO-OESTE;SUL;-1958.086
2024-07-13 02:00:00;SUDESTE/CENTRO-OESTE;SUL;-2592.551
2024-07-13 03:00:00;SUDESTE/CENTRO-OESTE;SUL;-2542.839
2024-07-13 04:00:00;SUDESTE/CENTRO-OESTE;SUL;-3069.337
2024-07-13 05:00:00;SUDESTE/CENTRO-OESTE;SUL;-3061.366
2024-07-13 06:00:00;SUDESTE/CENTRO-OESTE;SUL;-2851.447
2024-07-13 07:00:00;SUDESTE/CENTRO-OESTE;SUL;-2343.817
2024-07-13 08:00:00;SUDESTE/CENTRO-OESTE;SUL;-1540.373
2024-07-13 09:00:00;SUDESTE/CENTRO-OESTE;SUL;-978.102
2024-07-13 10:00:00;SUDESTE/CENTRO-OESTE;SUL;-440.117
2024-07-13 11:00:00;SUDESTE/CENTRO-OESTE;SUL;-18.595
2024-07-13 12:00:00;SUDESTE/CENTRO-OESTE;SUL;77.808
2024-07-13 13:00:00;SUDESTE/CENTRO-OESTE;SUL;-6.839
2024-07-13 14:00:00;SUDESTE/CENTRO-OESTE;SUL;-287.677
2024-07-13 15:00:00;SUDESTE/CENTRO-OESTE;SUL;-938.93
2024-07-13 16:00:00;SUDESTE/CENTRO-OESTE;SUL;-670.95399999
2024-07-13 17:00:00;SUDESTE/CENTRO-OESTE;SUL;-192.261
2024-07-13 18:00:00;SUDESTE/CENTRO-OESTE;SUL;-199.415
2024-07-13 19:00:00;SUDESTE/CENTRO-OESTE;SUL;-912.183
2024-07-13 20:00:00;SUDESTE/CENTRO-OESTE;SUL;-1056.386
2024-07-13 21:00:00;SUDESTE/CENTRO-OESTE;SUL;-1105.849
2024-07-13 22:00:00;SUDESTE/CENTRO-OESTE;SUL;-2003.304
2024-07-13 23:00:00;SUDESTE/CENTRO-OESTE;SUL;-2938.23
2024-07-14 00:00:00;SUDESTE/CENTRO-OESTE;SUL;-3822.5
2024-07-14 01:00:00;SUDESTE/CENTRO-OESTE;SUL;-3949.98
2024-07-14 02:00:00;SUDESTE/CENTRO-OESTE;SUL;-3676.707
2024-07-14 03:00:00;SUDESTE/CENTRO-OESTE;SUL;-3458.843
2024-07-14 04:00:00;SUDESTE/CENTRO-OESTE;SUL;-2454.056
2024-07-14 05:00:00;SUDESTE/CENTRO-OESTE;SUL;-1814.752
2024-07-14 06:00:00;SUDESTE/CENTRO-OESTE;SUL;-661.24199999
2024-07-14 07:00:00;SUDESTE/CENTRO-OESTE;SUL;1752.715
2024-07-14 08:00:00;SUDESTE/CENTRO-OESTE;SUL;2282.83
2024-07-14 09:00:00;SUDESTE/CENTRO-OESTE;SUL;2329.871
2024-07-14 10:00:00;SUDESTE/CENTRO-OESTE;SUL;3304.223
2024-07-14 11:00:00;SUDESTE/CENTRO-OESTE;SUL;3467.638
2024-07-14 12:00:00;SUDESTE/CENTRO-OESTE;SUL;3270.233
2024-07-14 13:00:00;SUDESTE/CENTRO-OESTE;SUL;3234.145
2024-07-14 14:00:00;SUDESTE/CENTRO-OESTE;SUL;3199.92
2024-07-14 15:00:00;SUDESTE/CENTRO-OESTE;SUL;2686.203
2024-07-14 16:00:00;SUDESTE/CENTRO-OESTE;SUL;573.814
2024-07-14 17:00:00;SUDESTE/CENTRO-OESTE;SUL;-272.903
2024-07-14 18:00:00;SUDESTE/CENTRO-OESTE;SUL;385.913
2024-07-14 19:00:00;SUDESTE/CENTRO-OESTE;SUL;44.84899999
2024-07-14 20:00:00;SUDESTE/CENTRO-OESTE;SUL;-419.738
2024-07-14 21:00:00;SUDESTE/CENTRO-OESTE;SUL;-1069.44699999
2024-07-14 22:00:00;SUDESTE/CENTRO-OESTE;SUL;-1992.99
2024-07-14 23:00:00;SUDESTE/CENTRO-OESTE;SUL;-2614.378
2024-07-15 00:00:00;SUDESTE/CENTRO-OESTE;SUL;-3093.824
2024-07-15 01:00:00;SUDESTE/CENTRO-OESTE;SUL;-3776.15
2024-07-15 02:00:00;SUDESTE/CENTRO-OESTE;SUL;-4410.153
2024-07-15 03:00:00;SUDESTE/CENTRO-OESTE;SUL;-3747.033
2024-07-15 04:00:00;SUDESTE/CENTRO-OESTE;SUL;-3361.96999999
2024-07-15 05:00:00;SUDESTE/CENTRO-OESTE;SUL;-3627.678
2024-07-15 06:00:00;SUDESTE/CENTRO-OESTE;SUL;-2956.386
2024-07-15 07:00:00;SUDESTE/CENTRO-OESTE;SUL;-1216.726
2024-07-15 08:00:00;SUDESTE/CENTRO-OESTE;SUL;-229.152
2024-07-15 09:00:00;SUDESTE/CENTRO-OESTE;SUL;1016.346
2024-07-15 10:00:00;SUDESTE/CENTRO-OESTE;SUL;1735.779
2024-07-15 11:00:00;SUDESTE/CENTRO-OESTE;SUL;2466.244
2024-07-15 12:00:00;SUDESTE/CENTRO-OESTE;SUL;3260.149
2024-07-15 13:00:00;SUDESTE/CENTRO-OESTE;SUL;2219.395
2024-07-15 14:00:00;SUDESTE/CENTRO-OESTE;SUL;1321.98499999
2024-07-15 15:00:00;SUDESTE/CENTRO-OESTE;SUL;1117.01299999
2024-07-15 16:00:00;SUDESTE/CENTRO-OESTE;SUL;804.978
2024-07-15 17:00:00;SUDESTE/CENTRO-OESTE;SUL;317.341
2024-07-15 18:00:00;SUDESTE/CENTRO-OESTE;SUL;409.034
2024-07-15 19:00:00;SUDESTE/CENTRO-OESTE;SUL;181.841
2024-07-15 20:00:00;SUDESTE/CENTRO-OESTE;SUL;-445.65
2024-07-15 21:00:00;SUDESTE/CENTRO-OESTE;SUL;-1191.401
2024-07-15 22:00:00;SUDESTE/CENTRO-OESTE;SUL;-1751.04299999
2024-07-15 23:00:00;SUDESTE/CENTRO-OESTE;SUL;-2175.41
2024-07-16 00:00:00;SUDESTE/CENTRO-OESTE;SUL;-2857.004
2024-07-16 01:00:00;SUDESTE/CENTRO-OESTE;SUL;-2556.259
2024-07-16 02:00:00;SUDESTE/CENTRO-OESTE;SUL;-2679.98
2024-07-16 03:00:00;SUDESTE/CENTRO-OESTE;SUL;-2928.862
2024-07-16 04:00:00;SUDESTE/CENTRO-OESTE;SUL;-3730.127
2024-07-16 05:00:00;SUDESTE/CENTRO-OESTE;SUL;-3450.034
2024-07-16 06:00:00;SUDESTE/CENTRO-OESTE;SUL;-2463.437
2024-07-16 07:00:00;SUDESTE/CENTRO-OESTE;SUL;-1320.098
2024-07-16 08:00:00;SUDESTE/CENTRO-OESTE;SUL;-170.81899999
2024-07-16 09:00:00;SUDESTE/CENTRO-OESTE;SUL;45.451
2024-07-16 10:00:00;SUDESTE/CENTRO-OESTE;SUL;687.624
2024-07-16 11:00:00;SUDESTE/CENTRO-OESTE;SUL;1194.156
2024-07-16 12:00:00;SUDESTE/CENTRO-OESTE;SUL;2031.123
2024-07-16 13:00:00;SUDESTE/CENTRO-OESTE;SUL;856.806
2024-07-16 14:00:00;SUDESTE/CENTRO-OESTE;SUL;863.664
2024-07-16 15:00:00;SUDESTE/CENTRO-OESTE;SUL;818.149
2024-07-16 16:00:00;SUDESTE/CENTRO-OESTE;SUL;17.014
2024-07-16 17:00:00;SUDESTE/CENTRO-OESTE;SUL;-660.469
2024-07-16 18:00:00;SUDESTE/CENTRO-OESTE;SUL;213.461
2024-07-16 19:00:00;SUDESTE/CENTRO-OESTE;SUL;-35.469
2024-07-16 20:00:00;SUDESTE/CENTRO-OESTE;SUL;-788.668
2024-07-16 21:00:00;SUDESTE/CENTRO-OESTE;SUL;-1620.636
2024-07-16 22:00:00;SUDESTE/CENTRO-OESTE;SUL;-2223.947
2024-07-16 23:00:00;SUDESTE/CENTRO-OESTE;SUL;-2735.102
2024-07-17 00:00:00;SUDESTE/CENTRO-OESTE;SUL;-3712.466
2024-07-17 01:00:00;SUDESTE/CENTRO-OESTE;SUL;-4337.942
2024-07-17 02:00:00;SUDESTE/CENTRO-OESTE;SUL;-4350.48499999
2024-07-17 03:00:00;SUDESTE/CENTRO-OESTE;SUL;-4317.26599999
2024-07-17 04:00:00;SUDESTE/CENTRO-OESTE;SUL;-4118.015
2024-07-17 05:00:00;SUDESTE/CENTRO-OESTE;SUL;-3550.409
2024-07-17 06:00:00;SUDESTE/CENTRO-OESTE;SUL;-2347.945
2024-07-17 07:00:00;SUDESTE/CENTRO-OESTE;SUL;-875.236
2024-07-17 08:00:00;SUDESTE/CENTRO-OESTE;SUL;-311.344
2024-07-17 09:00:00;SUDESTE/CENTRO-OESTE;SUL;-171.31
2024-07-17 10:00:00;SUDESTE/CENTRO-OESTE;SUL;528.55499999
2024-07-17 11:00:00;SUDESTE/CENTRO-OESTE;SUL;1091.079
2024-07-17 12:00:00;SUDESTE/CENTRO-OESTE;SUL;1439.515
2024-07-17 13:00:00;SUDESTE/CENTRO-OESTE;SUL;661.70899999
2024-07-17 14:00:00;SUDESTE/CENTRO-OESTE;SUL;22.87
2024-07-17 15:00:00;SUDESTE/CENTRO-OESTE;SUL;455.569
2024-07-17 16:00:00;SUDESTE/CENTRO-OESTE;SUL;-1151.09999999
2024-07-17 17:00:00;SUDESTE/CENTRO-OESTE;SUL;-1425.005
2024-07-17 18:00:00;SUDESTE/CENTRO-OESTE;SUL;235.21
2024-07-17 19:00:00;SUDESTE/CENTRO-OESTE;SUL;127.462
2024-07-17 20:00:00;SUDESTE/CENTRO-OESTE;SUL;-596.293
2024-07-17 21:00:00;SUDESTE/CENTRO-OESTE;SUL;-1113.897
2024-07-17 22:00:00;SUDESTE/CENTRO-OESTE;SUL;-1340.736
2024-07-17 23:00:00;SUDESTE/CENTRO-OESTE;SUL;-1880.516
2024-07-18 00:00:00;SUDESTE/CENTRO-OESTE;SUL;-3025.484
2024-07-18 01:00:00;SUDESTE/CENTRO-OESTE;SUL;-3698.611
2024-07-18 02:00:00;SUDESTE/CENTRO-OESTE;SUL;-4528.72
2024-07-18 03:00:00;SUDESTE/CENTRO-OESTE;SUL;-4509.685
2024-07-18 04:00:00;SUDESTE/CENTRO-OESTE;SUL;-4398.086
2024-07-18 05:00:00;SUDESTE/CENTRO-OESTE;SUL;-3585.106
2024-07-18 06:00:00;SUDESTE/CENTRO-OESTE;SUL;-2115.957
2024-07-18 07:00:00;SUDESTE/CENTRO-OESTE;SUL;-529.338
2024-07-18 08:00:00;SUDESTE/CENTRO-OESTE;SUL;586.69
2024-07-18 09:00:00;SUDESTE/CENTRO-OESTE;SUL;356.759
2024-07-18 10:00:00;SUDESTE/CENTRO-OESTE;SUL;-31.184
2024-07-18 11:00:00;SUDESTE/CENTRO-OESTE;SUL;-460.053
2024-07-18 12:00:00;SUDESTE/CENTRO-OESTE;SUL;500.596
2024-07-18 13:00:00;SUDESTE/CENTRO-OESTE;SUL;-169.018
2024-07-18 14:00:00;SUDESTE/CENTRO-OESTE;SUL;-1345.665
2024-07-18 15:00:00;SUDESTE/CENTRO-OESTE;SUL;-1184.106
2024-07-18 16:00:00;SUDESTE/CENTRO-OESTE;SUL;-728.628
2024-07-18 17:00:00;SUDESTE/CENTRO-OESTE;SUL;-377.842
2024-07-18 18:00:00;SUDESTE/CENTRO-OESTE;SUL;972.634
2024-07-18 19:00:00;SUDESTE/CENTRO-OESTE;SUL;780.422
2024-07-18 20:00:00;SUDESTE/CENTRO-OESTE;SUL;-410.24
2024-07-18 21:00:00;SUDESTE/CENTRO-OESTE;SUL;-1166.896
2024-07-18 22:00:00;SUDESTE/CENTRO-OESTE;SUL;-1324.976
2024-07-18 23:00:00;SUDESTE/CENTRO-OESTE;SUL;-1632.46599999
2024-07-19 00:00:00;SUDESTE/CENTRO-OESTE;SUL;-3069.437
2024-07-19 01:00:00;SUDESTE/CENTRO-OESTE;SUL;-3703.184
2024-07-19 02:00:00;SUDESTE/CENTRO-OESTE;SUL;-4287.509
2024-07-19 03:00:00;SUDESTE/CENTRO-OESTE;SUL;-4276.013
2024-07-19 04:00:00;SUDESTE/CENTRO-OESTE;SUL;-4270.984
2024-07-19 05:00:00;SUDESTE/CENTRO-OESTE;SUL;-3424.969
2024-07-19 06:00:00;SUDESTE/CENTRO-OESTE;SUL;-2353.806
2024-07-19 07:00:00;SUDESTE/CENTRO-OESTE;SUL;-817.48299999
2024-07-19 08:00:00;SUDESTE/CENTRO-OESTE;SUL;100.07899999
2024-07-19 09:00:00;SUDESTE/CENTRO-OESTE;SUL;-337.584
2024-07-19 10:00:00;SUDESTE/CENTRO-OESTE;SUL;-215.032
2024-07-19 11:00:00;SUDESTE/CENTRO-OESTE;SUL;151.994
2024-07-19 12:00:00;SUDESTE/CENTRO-OESTE;SUL;142.77099999
2024-07-19 13:00:00;SUDESTE/CENTRO-OESTE;SUL;-1151.318
2024-07-19 14:00:00;SUDESTE/CENTRO-OESTE;SUL;-1917.647
2024-07-19 15:00:00;SUDESTE/CENTRO-OESTE;SUL;-1304.432
2024-07-19 16:00:00;SUDESTE/CENTRO-OESTE;SUL;-461.633
2024-07-19 17:00:00;SUDESTE/CENTRO-OESTE;SUL;-1042.093
2024-07-19 18:00:00;SUDESTE/CENTRO-OESTE;SUL;-560.432
2024-07-19 19:00:00;SUDESTE/CENTRO-OESTE;SUL;-850.561
2024-07-19 20:00:00;SUDESTE/CENTRO-OESTE;SUL;-1242.928
2024-07-19 21:00:00;SUDESTE/CENTRO-OESTE;SUL;-1499.206
2024-07-19 22:00:00;SUDESTE/CENTRO-OESTE;SUL;-1629.815
2024-07-19 23:00:00;SUDESTE/CENTRO-OESTE;SUL;-2193.036
2024-07-20 00:00:00;SUDESTE/CENTRO-OESTE;SUL;-3362.083
2024-07-20 01:00:00;SUDESTE/CENTRO-OESTE;SUL;-4232.77
2024-07-20 02:00:00;SUDESTE/CENTRO-OESTE;SUL;-4013.5
2024-07-20 03:00:00;SUDESTE/CENTRO-OESTE;SUL;-3687.223
2024-07-20 04:00:00;SUDESTE/CENTRO-OESTE;SUL;-4015.869
2024-07-20 05:00:00;SUDESTE/CENTRO-OESTE;SUL;-4411.83
2024-07-20 06:00:00;SUDESTE/CENTRO-OESTE;SUL;-3580.43
2024-07-20 07:00:00;SUDESTE/CENTRO-OESTE;SUL;-559.349
2024-07-20 08:00:00;SUDESTE/CENTRO-OESTE;SUL;-353.955
2024-07-20 09:00:00;SUDESTE/CENTRO-OESTE;SUL;-337.882
2024-07-20 10:00:00;SUDESTE/CENTRO-OESTE;SUL;-940.881
2024-07-20 11:00:00;SUDESTE/CENTRO-OESTE;SUL;-1538.933
2024-07-20 12:00:00;SUDESTE/CENTRO-OESTE;SUL;-1644.629
2024-07-20 13:00:00;SUDESTE/CENTRO-OESTE;SUL;-1992.902
2024-07-20 14:00:00;SUDESTE/CENTRO-OESTE;SUL;-1929.876
2024-07-20 15:00:00;SUDESTE/CENTRO-OESTE;SUL;-1517.587
2024-07-20 16:00:00;SUDESTE/CENTRO-OESTE;SUL;-1786.465
2024-07-20 17:00:00;SUDESTE/CENTRO-OESTE;SUL;-1660.884
2024-07-20 18:00:00;SUDESTE/CENTRO-OESTE;SUL;-1750.75
2024-07-20 19:00:00;SUDESTE/CENTRO-OESTE;SUL;-2686.58599999
2024-07-20 20:00:00;SUDESTE/CENTRO-OESTE;SUL;-3154.417
2024-07-20 21:00:00;SUDESTE/CENTRO-OESTE;SUL;-2972.032
2024-07-20 22:00:00;SUDESTE/CENTRO-OESTE;SUL;-3731.712
2024-07-20 23:00:00;SUDESTE/CENTRO-OESTE;SUL;-4535.554
2024-07-21 00:00:00;SUDESTE/CENTRO-OESTE;SUL;-5181.878
2024-07-21 01:00:00;SUDESTE/CENTRO-OESTE;SUL;-5628.861
2024-07-21 02:00:00;SUDESTE/CENTRO-OESTE;SUL;-3757.745
2024-07-21 03:00:00;SUDESTE/CENTRO-OESTE;SUL;-2854.698
2024-07-21 04:00:00;SUDESTE/CENTRO-OESTE;SUL;-2531.179
2024-07-21 05:00:00;SUDESTE/CENTRO-OESTE;SUL;-2572.753
2024-07-21 06:00:00;SUDESTE/CENTRO-OESTE;SUL;-2453.023
2024-07-21 07:00:00;SUDESTE/CENTRO-OESTE;SUL;-1265.431
2024-07-21 08:00:00;SUDESTE/CENTRO-OESTE;SUL;-596.219
2024-07-21 09:00:00;SUDESTE/CENTRO-OESTE;SUL;-411.63
2024-07-21 10:00:00;SUDESTE/CENTRO-OESTE;SUL;-149.876
2024-07-21 11:00:00;SUDESTE/CENTRO-OESTE;SUL;-276.66699999
2024-07-21 12:00:00;SUDESTE/CENTRO-OESTE;SUL;-984.004
2024-07-21 13:00:00;SUDESTE/CENTRO-OESTE;SUL;-1403.772
2024-07-21 14:00:00;SUDESTE/CENTRO-OESTE;SUL;-1182.315
2024-07-21 15:00:00;SUDESTE/CENTRO-OESTE;SUL;-923.632
2024-07-21 16:00:00;SUDESTE/CENTRO-OESTE;SUL;-1299.085
2024-07-21 17:00:00;SUDESTE/CENTRO-OESTE;SUL;-2086.53699999
2024-07-21 18:00:00;SUDESTE/CENTRO-OESTE;SUL;-902.859
2024-07-21 19:00:00;SUDESTE/CENTRO-OESTE;SUL;-1180.884
2024-07-21 20:00:00;SUDESTE/CENTRO-OESTE;SUL;-1701.023
2024-07-21 21:00:00;SUDESTE/CENTRO-OESTE;SUL;-2185.295
2024-07-21 22:00:00;SUDESTE/CENTRO-OESTE;SUL;-2950.21
2024-07-21 23:00:00;SUDESTE/CENTRO-OESTE;SUL;-3647.064
2024-07-22 00:00:00;SUDESTE/CENTRO-OESTE;SUL;-4216.35999999
2024-07-22 01:00:00;SUDESTE/CENTRO-OESTE;SUL;-4830.46699999
2024-07-22 02:00:00;SUDESTE/CENTRO-OESTE;SUL;-3971.87
2024-07-22 03:00:00;SUDESTE/CENTRO-OESTE;SUL;-3431.96099999
2024-07-22 04:00:00;SUDESTE/CENTRO-OESTE;SUL;-3175.063
2024-07-22 05:00:00;SUDESTE/CENTRO-OESTE;SUL;-4019.687
2024-07-22 06:00:00;SUDESTE/CENTRO-OESTE;SUL;-3028.684
2024-07-22 07:00:00;SUDESTE/CENTRO-OESTE;SUL;-1325.442
2024-07-22 08:00:00;SUDESTE/CENTRO-OESTE;SUL;-464.231
2024-07-22 09:00:00;SUDESTE/CENTRO-OESTE;SUL;48.556
2024-07-22 10:00:00;SUDESTE/CENTRO-OESTE;SUL;966.831
2024-07-22 11:00:00;SUDESTE/CENTRO-OESTE;SUL;1323.789
2024-07-22 12:00:00;SUDESTE/CENTRO-OESTE;SUL;1740.502
2024-07-22 13:00:00;SUDESTE/CENTRO-OESTE;SUL;478.849
2024-07-22 14:00:00;SUDESTE/CENTRO-OESTE;SUL;-651.312
2024-07-22 15:00:00;SUDESTE/CENTRO-OESTE;SUL;-961.139
2024-07-22 16:00:00;SUDESTE/CENTRO-OESTE;SUL;-417.046
2024-07-22 17:00:00;SUDESTE/CENTRO-OESTE;SUL;-746.692
2024-07-22 18:00:00;SUDESTE/CENTRO-OESTE;SUL;317.83499999
2024-07-22 19:00:00;SUDESTE/CENTRO-OESTE;SUL;210.132
2024-07-22 20:00:00;SUDESTE/CENTRO-OESTE;SUL;-63.582
2024-07-22 21:00:00;SUDESTE/CENTRO-OESTE;SUL;-455.232
2024-07-22 22:00:00;SUDESTE/CENTRO-OESTE;SUL;-913.126
2024-07-22 23:00:00;SUDESTE/CENTRO-OESTE;SUL;-1820.849
2024-07-23 00:00:00;SUDESTE/CENTRO-OESTE;SUL;-2762.092
2024-07-23 01:00:00;SUDESTE/CENTRO-OESTE;SUL;-3101.29799999
2024-07-23 02:00:00;SUDESTE/CENTRO-OESTE;SUL;-2818.431
2024-07-23 03:00:00;SUDESTE/CENTRO-OESTE;SUL;-2132.21999999
2024-07-23 04:00:00;SUDESTE/CENTRO-OESTE;SUL;-1570.094
2024-07-23 05:00:00;SUDESTE/CENTRO-OESTE;SUL;-2052.32499999
2024-07-23 06:00:00;SUDESTE/CENTRO-OESTE;SUL;-1591.575
2024-07-23 07:00:00;SUDESTE/CENTRO-OESTE;SUL;-534.239
2024-07-23 08:00:00;SUDESTE/CENTRO-OESTE;SUL;-165.23599999
2024-07-23 09:00:00;SUDESTE/CENTRO-OESTE;SUL;276.31
2024-07-23 10:00:00;SUDESTE/CENTRO-OESTE;SUL;883.591
2024-07-23 11:00:00;SUDESTE/CENTRO-OESTE;SUL;1267.837
2024-07-23 12:00:00;SUDESTE/CENTRO-OESTE;SUL;1511.984
2024-07-23 13:00:00;SUDESTE/CENTRO-OESTE;SUL;-611.482
2024-07-23 14:00:00;SUDESTE/CENTRO-OESTE;SUL;-1585.594
2024-07-23 15:00:00;SUDESTE/CENTRO-OESTE;SUL;-1081.726
2024-07-23 16:00:00;SUDESTE/CENTRO-OESTE;SUL;-199.159
2024-07-23 17:00:00;SUDESTE/CENTRO-OESTE;SUL;-587.654
2024-07-23 18:00:00;SUDESTE/CENTRO-OESTE;SUL;236.627
2024-07-23 19:00:00;SUDESTE/CENTRO-OESTE;SUL;-179.02
2024-07-23 20:00:00;SUDESTE/CENTRO-OESTE;SUL;-519.12
2024-07-23 21:00:00;SUDESTE/CENTRO-OESTE;SUL;-343.29
2024-07-23 22:00:00;SUDESTE/CENTRO-OESTE;SUL;-1458.326
2024-07-23 23:00:00;SUDESTE/CENTRO-OESTE;SUL;-2887.01899999
2024-07-24 00:00:00;SUDESTE/CENTRO-OESTE;SUL;-3627.376
2024-07-24 01:00:00;SUDESTE/CENTRO-OESTE;SUL;-3675.128
2024-07-24 02:00:00;SUDESTE/CENTRO-OESTE;SUL;-4144.22
2024-07-24 03:00:00;SUDESTE/CENTRO-OESTE;SUL;-3696.84
2024-07-24 04:00:00;SUDESTE/CENTRO-OESTE;SUL;-3663.459
2024-07-24 05:00:00;SUDESTE/CENTRO-OESTE;SUL;-3137.054
2024-07-24 06:00:00;SUDESTE/CENTRO-OESTE;SUL;-2363.025
2024-07-24 07:00:00;SUDESTE/CENTRO-OESTE;SUL;-1062.126
2024-07-24 08:00:00;SUDESTE/CENTRO-OESTE;SUL;-768.521
2024-07-24 09:00:00;SUDESTE/CENTRO-OESTE;SUL;411.278
2024-07-24 10:00:00;SUDESTE/CENTRO-OESTE;SUL;934.981
2024-07-24 11:00:00;SUDESTE/CENTRO-OESTE;SUL;1691.461
2024-07-24 12:00:00;SUDESTE/CENTRO-OESTE;SUL;2032.199
2024-07-24 13:00:00;SUDESTE/CENTRO-OESTE;SUL;585.766
2024-07-24 14:00:00;SUDESTE/CENTRO-OESTE;SUL;-525.431
2024-07-24 15:00:00;SUDESTE/CENTRO-OESTE;SUL;-676.464
2024-07-24 16:00:00;SUDESTE/CENTRO-OESTE;SUL;-161.567
2024-07-24 17:00:00;SUDESTE/CENTRO-OESTE;SUL;-752.707
2024-07-24 18:00:00;SUDESTE/CENTRO-OESTE;SUL;-375.569
2024-07-24 19:00:00;SUDESTE/CENTRO-OESTE;SUL;-792.96
2024-07-24 20:00:00;SUDESTE/CENTRO-OESTE;SUL;-1054.49399999
2024-07-24 21:00:00;SUDESTE/CENTRO-OESTE;SUL;-745.485
2024-07-24 22:00:00;SUDESTE/CENTRO-OESTE;SUL;-1523.344
2024-07-24 23:00:00;SUDESTE/CENTRO-OESTE;SUL;-2554.20899999
2024-07-25 00:00:00;SUDESTE/CENTRO-OESTE;SUL;-3581.691
2024-07-25 01:00:00;SUDESTE/CENTRO-OESTE;SUL;-4109.577
2024-07-25 02:00:00;SUDESTE/CENTRO-OESTE;SUL;-4394.625
2024-07-25 03:00:00;SUDESTE/CENTRO-OESTE;SUL;-4506.841
2024-07-25 04:00:00;SUDESTE/CENTRO-OESTE;SUL;-4301.463
2024-07-25 05:00:00;SUDESTE/CENTRO-OESTE;SUL;-3952.383
2024-07-25 06:00:00;SUDESTE/CENTRO-OESTE;SUL;-2753.334
2024-07-25 07:00:00;SUDESTE/CENTRO-OESTE;SUL;-1350.032
2024-07-25 08:00:00;SUDESTE/CENTRO-OESTE;SUL;-399.749
2024-07-25 09:00:00;SUDESTE/CENTRO-OESTE;SUL;739.897
2024-07-25 10:00:00;SUDESTE/CENTRO-OESTE;SUL;949.6
2024-07-25 11:00:00;SUDESTE/CENTRO-OESTE;SUL;1608.849
2024-07-25 12:00:00;SUDESTE/CENTRO-OESTE;SUL;1656.41
2024-07-25 13:00:00;SUDESTE/CENTRO-OESTE;SUL;4.949
2024-07-25 14:00:00;SUDESTE/CENTRO-OESTE;SUL;-774.324
2024-07-25 15:00:00;SUDESTE/CENTRO-OESTE;SUL;-557.66099999
2024-07-25 16:00:00;SUDESTE/CENTRO-OESTE;SUL;-753.504
2024-07-25 17:00:00;SUDESTE/CENTRO-OESTE;SUL;-1004.593
2024-07-25 18:00:00;SUDESTE/CENTRO-OESTE;SUL;288.068
2024-07-25 19:00:00;SUDESTE/CENTRO-OESTE;SUL;7.732
2024-07-25 20:00:00;SUDESTE/CENTRO-OESTE;SUL;-951.996
2024-07-25 21:00:00;SUDESTE/CENTRO-OESTE;SUL;-1505.671
2024-07-25 22:00:00;SUDESTE/CENTRO-OESTE;SUL;-1356.002
2024-07-25 23:00:00;SUDESTE/CENTRO-OESTE;SUL;-1692.81199999
2024-07-26 00:00:00;SUDESTE/CENTRO-OESTE;SUL;-2497.688
2024-07-26 01:00:00;SUDESTE/CENTRO-OESTE;SUL;-3206.767
2024-07-26 02:00:00;SUDESTE/CENTRO-OESTE;SUL;-3883.392
2024-07-26 03:00:00;SUDESTE/CENTRO-OESTE;SUL;-3751.114
2024-07-26 04:00:00;SUDESTE/CENTRO-OESTE;SUL;-3821.366
2024-07-26 05:00:00;SUDESTE/CENTRO-OESTE;SUL;-3632.009
2024-07-26 06:00:00;SUDESTE/CENTRO-OESTE;SUL;-1533.425
2024-07-26 07:00:00;SUDESTE/CENTRO-OESTE;SUL;-252.294
2024-07-26 08:00:00;SUDESTE/CENTRO-OESTE;SUL;-3.294
2024-07-26 09:00:00;SUDESTE/CENTRO-OESTE;SUL;-183.311
2024-07-26 10:00:00;SUDESTE/CENTRO-OESTE;SUL;78.483
2024-07-26 11:00:00;SUDESTE/CENTRO-OESTE;SUL;497.017
2024-07-26 12:00:00;SUDESTE/CENTRO-OESTE;SUL;621.802
2024-07-26 13:00:00;SUDESTE/CENTRO-OESTE;SUL;-952.798
2024-07-26 14:00:00;SUDESTE/CENTRO-OESTE;SUL;-1056.452
2024-07-26 15:00:00;SUDESTE/CENTRO-OESTE;SUL;-818.433
2024-07-26 16:00:00;SUDESTE/CENTRO-OESTE;SUL;-487.76
2024-07-26 17:00:00;SUDESTE/CENTRO-OESTE;SUL;-1139.967
2024-07-26 18:00:00;SUDESTE/CENTRO-OESTE;SUL;-235.915
2024-07-26 19:00:00;SUDESTE/CENTRO-OESTE;SUL;-652.419
2024-07-26 20:00:00;SUDESTE/CENTRO-OESTE;SUL;-1311.262
2024-07-26 21:00:00;SUDESTE/CENTRO-OESTE;SUL;-1680.777
2024-07-26 22:00:00;SUDESTE/CENTRO-OESTE;SUL;-1395.582
2024-07-26 23:00:00;SUDESTE/CENTRO-OESTE;SUL;-2387.081
2024-07-27 00:00:00;SUDESTE/CENTRO-OESTE;SUL;-3273.322
2024-07-27 01:00:00;SUDESTE/CENTRO-OESTE;SUL;-4294.017
2024-07-27 02:00:00;SUDESTE/CENTRO-OESTE;SUL;-4360.84199999
2024-07-27 03:00:00;SUDESTE/CENTRO-OESTE;SUL;-4331.169
2024-07-27 04:00:00;SUDESTE/CENTRO-OESTE;SUL;-4259.18999999
2024-07-27 05:00:00;SUDESTE/CENTRO-OESTE;SUL;-4045.489
2024-07-27 06:00:00;SUDESTE/CENTRO-OESTE;SUL;-3153.215
2024-07-27 07:00:00;SUDESTE/CENTRO-OESTE;SUL;-2081.722
2024-07-27 08:00:00;SUDESTE/CENTRO-OESTE;SUL;-1793.55
2024-07-27 09:00:00;SUDESTE/CENTRO-OESTE;SUL;-1791.311
2024-07-27 10:00:00;SUDESTE/CENTRO-OESTE;SUL;-2144.157
2024-07-27 11:00:00;SUDESTE/CENTRO-OESTE;SUL;-2022.428
2024-07-27 12:00:00;SUDESTE/CENTRO-OESTE;SUL;-2161.888
2024-07-27 13:00:00;SUDESTE/CENTRO-OESTE;SUL;-2731.765
2024-07-27 14:00:00;SUDESTE/CENTRO-OESTE;SUL;-2948.479
2024-07-27 15:00:00;SUDESTE/CENTRO-OESTE;SUL;-2619.96099999
2024-07-27 16:00:00;SUDESTE/CENTRO-OESTE;SUL;-2513.685
2024-07-27 17:00:00;SUDESTE/CENTRO-OESTE;SUL;-2667.103
2024-07-27 18:00:00;SUDESTE/CENTRO-OESTE;SUL;-1574.01
2024-07-27 19:00:00;SUDESTE/CENTRO-OESTE;SUL;-2168.235
2024-07-27 20:00:00;SUDESTE/CENTRO-OESTE;SUL;-2274.366
2024-07-27 21:00:00;SUDESTE/CENTRO-OESTE;SUL;-2297.661
2024-07-27 22:00:00;SUDESTE/CENTRO-OESTE;SUL;-3116.805
2024-07-27 23:00:00;SUDESTE/CENTRO-OESTE;SUL;-4017.494
2024-07-28 00:00:00;SUDESTE/CENTRO-OESTE;SUL;-4398.05199999
2024-07-28 01:00:00;SUDESTE/CENTRO-OESTE;SUL;-5067.38
2024-07-28 02:00:00;SUDESTE/CENTRO-OESTE;SUL;-4675.827
2024-07-28 03:00:00;SUDESTE/CENTRO-OESTE;SUL;-3857.293
2024-07-28 04:00:00;SUDESTE/CENTRO-OESTE;SUL;-3622.74
2024-07-28 05:00:00;SUDESTE/CENTRO-OESTE;SUL;-4347.138
2024-07-28 06:00:00;SUDESTE/CENTRO-OESTE;SUL;-4153.019
2024-07-28 07:00:00;SUDESTE/CENTRO-OESTE;SUL;-968.499
2024-07-28 08:00:00;SUDESTE/CENTRO-OESTE;SUL;557.24
2024-07-28 09:00:00;SUDESTE/CENTRO-OESTE;SUL;2009.138
2024-07-28 10:00:00;SUDESTE/CENTRO-OESTE;SUL;2337.774
2024-07-28 11:00:00;SUDESTE/CENTRO-OESTE;SUL;2003.539
2024-07-28 12:00:00;SUDESTE/CENTRO-OESTE;SUL;1441.31199999
2024-07-28 13:00:00;SUDESTE/CENTRO-OESTE;SUL;1241.42
2024-07-28 14:00:00;SUDESTE/CENTRO-OESTE;SUL;1040.74399999
2024-07-28 15:00:00;SUDESTE/CENTRO-OESTE;SUL;-781.773
2024-07-28 16:00:00;SUDESTE/CENTRO-OESTE;SUL;-3106.579
2024-07-28 17:00:00;SUDESTE/CENTRO-OESTE;SUL;-2609.809
2024-07-28 18:00:00;SUDESTE/CENTRO-OESTE;SUL;-1143.83099999
2024-07-28 19:00:00;SUDESTE/CENTRO-OESTE;SUL;-1673.84
2024-07-28 20:00:00;SUDESTE/CENTRO-OESTE;SUL;-2272.398
2024-07-28 21:00:00;SUDESTE/CENTRO-OESTE;SUL;-2933.24899999
2024-07-28 22:00:00;SUDESTE/CENTRO-OESTE;SUL;-3749.44
2024-07-28 23:00:00;SUDESTE/CENTRO-OESTE;SUL;-4725.852
2024-07-29 00:00:00;SUDESTE/CENTRO-OESTE;SUL;-5193.308
2024-07-29 01:00:00;SUDESTE/CENTRO-OESTE;SUL;-5494.984
2024-07-29 02:00:00;SUDESTE/CENTRO-OESTE;SUL;-5928.778
2024-07-29 03:00:00;SUDESTE/CENTRO-OESTE;SUL;-5603.089
2024-07-29 04:00:00;SUDESTE/CENTRO-OESTE;SUL;-5029.72
2024-07-29 05:00:00;SUDESTE/CENTRO-OESTE;SUL;-4364.478
2024-07-29 06:00:00;SUDESTE/CENTRO-OESTE;SUL;-2612.05499999
2024-07-29 07:00:00;SUDESTE/CENTRO-OESTE;SUL;-905.728
2024-07-29 08:00:00;SUDESTE/CENTRO-OESTE;SUL;70.802
2024-07-29 09:00:00;SUDESTE/CENTRO-OESTE;SUL;654.849
2024-07-29 10:00:00;SUDESTE/CENTRO-OESTE;SUL;1871.86
2024-07-29 11:00:00;SUDESTE/CENTRO-OESTE;SUL;2062.001
2024-07-29 12:00:00;SUDESTE/CENTRO-OESTE;SUL;1637.427
2024-07-29 13:00:00;SUDESTE/CENTRO-OESTE;SUL;450.477
2024-07-29 14:00:00;SUDESTE/CENTRO-OESTE;SUL;-614.832
2024-07-29 15:00:00;SUDESTE/CENTRO-OESTE;SUL;-722.573
2024-07-29 16:00:00;SUDESTE/CENTRO-OESTE;SUL;-513.432
2024-07-29 17:00:00;SUDESTE/CENTRO-OESTE;SUL;-912.483
2024-07-29 18:00:00;SUDESTE/CENTRO-OESTE;SUL;-685.99699999
2024-07-29 19:00:00;SUDESTE/CENTRO-OESTE;SUL;-489.482
2024-07-29 20:00:00;SUDESTE/CENTRO-OESTE;SUL;-1067.433
2024-07-29 21:00:00;SUDESTE/CENTRO-OESTE;SUL;-1540.868
2024-07-29 22:00:00;SUDESTE/CENTRO-OESTE;SUL;-1598.52399999
2024-07-29 23:00:00;SUDESTE/CENTRO-OESTE;SUL;-2480.103
2024-07-30 00:00:00;SUDESTE/CENTRO-OESTE;SUL;-3143.24899999
2024-07-30 01:00:00;SUDESTE/CENTRO-OESTE;SUL;-3434.696
2024-07-30 02:00:00;SUDESTE/CENTRO-OESTE;SUL;-3670.344
2024-07-30 03:00:00;SUDESTE/CENTRO-OESTE;SUL;-3696.228
2024-07-30 04:00:00;SUDESTE/CENTRO-OESTE;SUL;-3599.78
2024-07-30 05:00:00;SUDESTE/CENTRO-OESTE;SUL;-3859.618
2024-07-30 06:00:00;SUDESTE/CENTRO-OESTE;SUL;-2470.18199999
2024-07-30 07:00:00;SUDESTE/CENTRO-OESTE;SUL;-1249.66799999
2024-07-30 08:00:00;SUDESTE/CENTRO-OESTE;SUL;-684.553
2024-07-30 09:00:00;SUDESTE/CENTRO-OESTE;SUL;-993.654
2024-07-30 10:00:00;SUDESTE/CENTRO-OESTE;SUL;-1507.196
2024-07-30 11:00:00;SUDESTE/CENTRO-OESTE;SUL;-1665.454
2024-07-30 12:00:00;SUDESTE/CENTRO-OESTE;SUL;-1520.13899999
2024-07-30 13:00:00;SUDESTE/CENTRO-OESTE;SUL;-1841.714
2024-07-30 14:00:00;SUDESTE/CENTRO-OESTE;SUL;-1850.42
2024-07-30 15:00:00;SUDESTE/CENTRO-OESTE;SUL;-1437.873
2024-07-30 16:00:00;SUDESTE/CENTRO-OESTE;SUL;-1388.251
2024-07-30 17:00:00;SUDESTE/CENTRO-OESTE;SUL;-1564.496
2024-07-30 18:00:00;SUDESTE/CENTRO-OESTE;SUL;-354.108
2024-07-30 19:00:00;SUDESTE/CENTRO-OESTE;SUL;-599.183
2024-07-30 20:00:00;SUDESTE/CENTRO-OESTE;SUL;-1537.409
2024-07-30 21:00:00;SUDESTE/CENTRO-OESTE;SUL;-1482.365
2024-07-30 22:00:00;SUDESTE/CENTRO-OESTE;SUL;-1418.209
2024-07-30 23:00:00;SUDESTE/CENTRO-OESTE;SUL;-2887.475
2024-07-31 00:00:00;SUDESTE/CENTRO-OESTE;SUL;-3690.357
2024-07-31 01:00:00;SUDESTE/CENTRO-OESTE;SUL;-4396.907
2024-07-31 02:00:00;SUDESTE/CENTRO-OESTE;SUL;-4084.18
2024-07-31 03:00:00;SUDESTE/CENTRO-OESTE;SUL;-3404.263
2024-07-31 04:00:00;SUDESTE/CENTRO-OESTE;SUL;-3577.35
2024-07-31 05:00:00;SUDESTE/CENTRO-OESTE;SUL;-3790.983
2024-07-31 06:00:00;SUDESTE/CENTRO-OESTE;SUL;-2084.46
2024-07-31 07:00:00;SUDESTE/CENTRO-OESTE;SUL;-447.322
2024-07-31 08:00:00;SUDESTE/CENTRO-OESTE;SUL;487.56
2024-07-31 09:00:00;SUDESTE/CENTRO-OESTE;SUL;328.567
2024-07-31 10:00:00;SUDESTE/CENTRO-OESTE;SUL;505.55
2024-07-31 11:00:00;SUDESTE/CENTRO-OESTE;SUL;705.725
2024-07-31 12:00:00;SUDESTE/CENTRO-OESTE;SUL;1057.669
2024-07-31 13:00:00;SUDESTE/CENTRO-OESTE;SUL;134.417
2024-07-31 14:00:00;SUDESTE/CENTRO-OESTE;SUL;286.502
2024-07-31 15:00:00;SUDESTE/CENTRO-OESTE;SUL;-430.621
2024-07-31 16:00:00;SUDESTE/CENTRO-OESTE;SUL;-1550.541
2024-07-31 17:00:00;SUDESTE/CENTRO-OESTE;SUL;-2142.439
2024-07-31 18:00:00;SUDESTE/CENTRO-OESTE;SUL;-1057.741
2024-07-31 19:00:00;SUDESTE/CENTRO-OESTE;SUL;-1332.383
2024-07-31 20:00:00;SUDESTE/CENTRO-OESTE;SUL;-2167.65
2024-07-31 21:00:00;SUDESTE/CENTRO-OESTE;SUL;-2026.849
2024-07-31 22:00:00;SUDESTE/CENTRO-OESTE;SUL;-1619.123
2024-07-31 23:00:00;SUDESTE/CENTRO-OESTE;SUL;-3190.877
2024-08-01 00:00:00;SUDESTE/CENTRO-OESTE;SUL;-4032.328
2024-08-01 01:00:00;SUDESTE/CENTRO-OESTE;SUL;-4294.56
2024-08-01 02:00:00;SUDESTE/CENTRO-OESTE;SUL;-3736.925
2024-08-01 03:00:00;SUDESTE/CENTRO-OESTE;SUL;-3265.145
2024-08-01 04:00:00;SUDESTE/CENTRO-OESTE;SUL;-3115.385
2024-08-01 05:00:00;SUDESTE/CENTRO-OESTE;SUL;-2065.398
2024-08-01 06:00:00;SUDESTE/CENTRO-OESTE;SUL;-1947.733
2024-08-01 07:00:00;SUDESTE/CENTRO-OESTE;SUL;-1273.142
2024-08-01 08:00:00;SUDESTE/CENTRO-OESTE;SUL;-281.258
2024-08-01 09:00:00;SUDESTE/CENTRO-OESTE;SUL;-975.702
2024-08-01 10:00:00;SUDESTE/CENTRO-OESTE;SUL;13.545
2024-08-01 11:00:00;SUDESTE/CENTRO-OESTE;SUL;631.092
2024-08-01 12:00:00;SUDESTE/CENTRO-OESTE;SUL;822.808
2024-08-01 13:00:00;SUDESTE/CENTRO-OESTE;SUL;-170.157
2024-08-01 14:00:00;SUDESTE/CENTRO-OESTE;SUL;-593.72299999
2024-08-01 15:00:00;SUDESTE/CENTRO-OESTE;SUL;-1541.464
2024-08-01 16:00:00;SUDESTE/CENTRO-OESTE;SUL;-1596.578
2024-08-01 17:00:00;SUDESTE/CENTRO-OESTE;SUL;-732.449
2024-08-01 18:00:00;SUDESTE/CENTRO-OESTE;SUL;-1032.902
2024-08-01 19:00:00;SUDESTE/CENTRO-OESTE;SUL;-1552.021
2024-08-01 20:00:00;SUDESTE/CENTRO-OESTE;SUL;-2491.464
2024-08-01 21:00:00;SUDESTE/CENTRO-OESTE;SUL;-2382.791
2024-08-01 22:00:00;SUDESTE/CENTRO-OESTE;SUL;-2224.26699999
2024-08-01 23:00:00;SUDESTE/CENTRO-OESTE;SUL;-3297.284
2024-08-02 00:00:00;SUDESTE/CENTRO-OESTE;SUL;-4259.488
2024-08-02 01:00:00;SUDESTE/CENTRO-OESTE;SUL;-4413.527
2024-08-02 02:00:00;SUDESTE/CENTRO-OESTE;SUL;-4225.513
2024-08-02 03:00:00;SUDESTE/CENTRO-OESTE;SUL;-3382.324
2024-08-02 04:00:00;SUDESTE/CENTRO-OESTE;SUL;-3234.95
2024-08-02 05:00:00;SUDESTE/CENTRO-OESTE;SUL;-2917.466
2024-08-02 06:00:00;SUDESTE/CENTRO-OESTE;SUL;-1922.862
2024-08-02 07:00:00;SUDESTE/CENTRO-OESTE;SUL;-1394.991
2024-08-02 08:00:00;SUDESTE/CENTRO-OESTE;SUL;-1579.681
2024-08-02 09:00:00;SUDESTE/CENTRO-OESTE;SUL;-1258.886
2024-08-02 10:00:00;SUDESTE/CENTRO-OESTE;SUL;-674.213
2024-08-02 11:00:00;SUDESTE/CENTRO-OESTE;SUL;-271.89999999
2024-08-02 12:00:00;SUDESTE/CENTRO-OESTE;SUL;-109.595
2024-08-02 13:00:00;SUDESTE/CENTRO-OESTE;SUL;-1553.011
2024-08-02 14:00:00;SUDESTE/CENTRO-OESTE;SUL;-2286.261
2024-08-02 15:00:00;SUDESTE/CENTRO-OESTE;SUL;-1913.444
2024-08-02 16:00:00;SUDESTE/CENTRO-OESTE;SUL;-2141.861
2024-08-02 17:00:00;SUDESTE/CENTRO-OESTE;SUL;-2471.474
2024-08-02 18:00:00;SUDESTE/CENTRO-OESTE;SUL;-1686.829
2024-08-02 19:00:00;SUDESTE/CENTRO-OESTE;SUL;-1896.2
2024-08-02 20:00:00;SUDESTE/CENTRO-OESTE;SUL;-2803.709
2024-08-02 21:00:00;SUDESTE/CENTRO-OESTE;SUL;-2142.09499999
2024-08-02 22:00:00;SUDESTE/CENTRO-OESTE;SUL;-2322.74899999
2024-08-02 23:00:00;SUDESTE/CENTRO-OESTE;SUL;-3282.718
2024-08-03 00:00:00;SUDESTE/CENTRO-OESTE;SUL;-4837.884
2024-08-03 01:00:00;SUDESTE/CENTRO-OESTE;SUL;-4942.528
2024-08-03 02:00:00;SUDESTE/CENTRO-OESTE;SUL;-5189.267
2024-08-03 03:00:00;SUDESTE/CENTRO-OESTE;SUL;-4773.197
2024-08-03 04:00:00;SUDESTE/CENTRO-OESTE;SUL;-4144.219
2024-08-03 05:00:00;SUDESTE/CENTRO-OESTE;SUL;-4415.121
2024-08-03 06:00:00;SUDESTE/CENTRO-OESTE;SUL;-3863.81
2024-08-03 07:00:00;SUDESTE/CENTRO-OESTE;SUL;-3507.094
2024-08-03 08:00:00;SUDESTE/CENTRO-OESTE;SUL;-2806.642
2024-08-03 09:00:00;SUDESTE/CENTRO-OESTE;SUL;-1872.713
2024-08-03 10:00:00;SUDESTE/CENTRO-OESTE;SUL;-1530.476
2024-08-03 11:00:00;SUDESTE/CENTRO-OESTE;SUL;-811.135
2024-08-03 12:00:00;SUDESTE/CENTRO-OESTE;SUL;-1238.546
2024-08-03 13:00:00;SUDESTE/CENTRO-OESTE;SUL;-2063.183
2024-08-03 14:00:00;SUDESTE/CENTRO-OESTE;SUL;-2967.752
2024-08-03 15:00:00;SUDESTE/CENTRO-OESTE;SUL;-2869.922
2024-08-03 16:00:00;SUDESTE/CENTRO-OESTE;SUL;-2157.648
2024-08-03 17:00:00;SUDESTE/CENTRO-OESTE;SUL;-2369.252
2024-08-03 18:00:00;SUDESTE/CENTRO-OESTE;SUL;-1666.348
2024-08-03 19:00:00;SUDESTE/CENTRO-OESTE;SUL;-2242.76
2024-08-03 20:00:00;SUDESTE/CENTRO-OESTE;SUL;-2377.063
2024-08-03 21:00:00;SUDESTE/CENTRO-OESTE;SUL;-2800.273
2024-08-03 22:00:00;SUDESTE/CENTRO-OESTE;SUL;-3464.532
2024-08-03 23:00:00;SUDESTE/CENTRO-OESTE;SUL;-4466.652
2024-08-04 00:00:00;SUDESTE/CENTRO-OESTE;SUL;-6080.488
2024-08-04 01:00:00;SUDESTE/CENTRO-OESTE;SUL;-6289.7
2024-08-04 02:00:00;SUDESTE/CENTRO-OESTE;SUL;-4957.828
2024-08-04 03:00:00;SUDESTE/CENTRO-OESTE;SUL;-3904.052
2024-08-04 04:00:00;SUDESTE/CENTRO-OESTE;SUL;-3260.841
2024-08-04 05:00:00;SUDESTE/CENTRO-OESTE;SUL;-3040.301
2024-08-04 06:00:00;SUDESTE/CENTRO-OESTE;SUL;-1971.984
2024-08-04 07:00:00;SUDESTE/CENTRO-OESTE;SUL;-834.881
2024-08-04 08:00:00;SUDESTE/CENTRO-OESTE;SUL;559.716
2024-08-04 09:00:00;SUDESTE/CENTRO-OESTE;SUL;1237.80199999
2024-08-04 10:00:00;SUDESTE/CENTRO-OESTE;SUL;1559.875
2024-08-04 11:00:00;SUDESTE/CENTRO-OESTE;SUL;1228.305
2024-08-04 12:00:00;SUDESTE/CENTRO-OESTE;SUL;1589.423
2024-08-04 13:00:00;SUDESTE/CENTRO-OESTE;SUL;2224.619
2024-08-04 14:00:00;SUDESTE/CENTRO-OESTE;SUL;3158.679
2024-08-04 15:00:00;SUDESTE/CENTRO-OESTE;SUL;2752.195
2024-08-04 16:00:00;SUDESTE/CENTRO-OESTE;SUL;1401.578
2024-08-04 17:00:00;SUDESTE/CENTRO-OESTE;SUL;-1773.759
2024-08-04 18:00:00;SUDESTE/CENTRO-OESTE;SUL;-1374.704
2024-08-04 19:00:00;SUDESTE/CENTRO-OESTE;SUL;-1592.486
2024-08-04 20:00:00;SUDESTE/CENTRO-OESTE;SUL;-2221.48
2024-08-04 21:00:00;SUDESTE/CENTRO-OESTE;SUL;-2739.674
2024-08-04 22:00:00;SUDESTE/CENTRO-OESTE;SUL;-3840.921
2024-08-04 23:00:00;SUDESTE/CENTRO-OESTE;SUL;-4576.99
2024-08-05 00:00:00;SUDESTE/CENTRO-OESTE;SUL;-5074.182
2024-08-05 01:00:00;SUDESTE/CENTRO-OESTE;SUL;-4648.526
2024-08-05 02:00:00;SUDESTE/CENTRO-OESTE;SUL;-3734.884
2024-08-05 03:00:00;SUDESTE/CENTRO-OESTE;SUL;-3289.908
2024-08-05 04:00:00;SUDESTE/CENTRO-OESTE;SUL;-3378.142
2024-08-05 05:00:00;SUDESTE/CENTRO-OESTE;SUL;-3192.426
2024-08-05 06:00:00;SUDESTE/CENTRO-OESTE;SUL;-1987.442
2024-08-05 07:00:00;SUDESTE/CENTRO-OESTE;SUL;-871.598
2024-08-05 08:00:00;SUDESTE/CENTRO-OESTE;SUL;-218.853
2024-08-05 09:00:00;SUDESTE/CENTRO-OESTE;SUL;501.879
2024-08-05 10:00:00;SUDESTE/CENTRO-OESTE;SUL;440.753
2024-08-05 11:00:00;SUDESTE/CENTRO-OESTE;SUL;-464.017
2024-08-05 12:00:00;SUDESTE/CENTRO-OESTE;SUL;-985.778
2024-08-05 13:00:00;SUDESTE/CENTRO-OESTE;SUL;-1946.812
2024-08-05 14:00:00;SUDESTE/CENTRO-OESTE;SUL;-1560.162
2024-08-05 15:00:00;SUDESTE/CENTRO-OESTE;SUL;-641.336
2024-08-05 16:00:00;SUDESTE/CENTRO-OESTE;SUL;-722.962
2024-08-05 17:00:00;SUDESTE/CENTRO-OESTE;SUL;-1473.99499999
2024-08-05 18:00:00;SUDESTE/CENTRO-OESTE;SUL;-689.32
2024-08-05 19:00:00;SUDESTE/CENTRO-OESTE;SUL;-1010.432
2024-08-05 20:00:00;SUDESTE/CENTRO-OESTE;SUL;-1691.948
2024-08-05 21:00:00;SUDESTE/CENTRO-OESTE;SUL;-2443.75799999
2024-08-05 22:00:00;SUDESTE/CENTRO-OESTE;SUL;-3008.01899999
2024-08-05 23:00:00;SUDESTE/CENTRO-OESTE;SUL;-3746.393
2024-08-06 00:00:00;SUDESTE/CENTRO-OESTE;SUL;-3870.343
2024-08-06 01:00:00;SUDESTE/CENTRO-OESTE;SUL;-3918.569
2024-08-06 02:00:00;SUDESTE/CENTRO-OESTE;SUL;-2972.391
2024-08-06 03:00:00;SUDESTE/CENTRO-OESTE;SUL;-2426.976
2024-08-06 04:00:00;SUDESTE/CENTRO-OESTE;SUL;-2599.01899999
2024-08-06 05:00:00;SUDESTE/CENTRO-OESTE;SUL;-2283.502
2024-08-06 06:00:00;SUDESTE/CENTRO-OESTE;SUL;-1016.915
2024-08-06 07:00:00;SUDESTE/CENTRO-OESTE;SUL;168.517
2024-08-06 08:00:00;SUDESTE/CENTRO-OESTE;SUL;1622.718
2024-08-06 09:00:00;SUDESTE/CENTRO-OESTE;SUL;1667.435
2024-08-06 10:00:00;SUDESTE/CENTRO-OESTE;SUL;1283.71499999
2024-08-06 11:00:00;SUDESTE/CENTRO-OESTE;SUL;790.594
2024-08-06 12:00:00;SUDESTE/CENTRO-OESTE;SUL;452.876
2024-08-06 13:00:00;SUDESTE/CENTRO-OESTE;SUL;-1070.86999999
2024-08-06 14:00:00;SUDESTE/CENTRO-OESTE;SUL;-1345.39799999
2024-08-06 15:00:00;SUDESTE/CENTRO-OESTE;SUL;-997.873
2024-08-06 16:00:00;SUDESTE/CENTRO-OESTE;SUL;-1167.81099999
2024-08-06 17:00:00;SUDESTE/CENTRO-OESTE;SUL;-1620.953
2024-08-06 18:00:00;SUDESTE/CENTRO-OESTE;SUL;-813.397
2024-08-06 19:00:00;SUDESTE/CENTRO-OESTE;SUL;-963.427
2024-08-06 20:00:00;SUDESTE/CENTRO-OESTE;SUL;-1709.258
2024-08-06 21:00:00;SUDESTE/CENTRO-OESTE;SUL;-2219.335
2024-08-06 22:00:00;SUDESTE/CENTRO-OESTE;SUL;-2165.926
2024-08-06 23:00:00;SUDESTE/CENTRO-OESTE;SUL;-2588.487
2024-08-07 00:00:00;SUDESTE/CENTRO-OESTE;SUL;-3020.683
2024-08-07 01:00:00;SUDESTE/CENTRO-OESTE;SUL;-3147.134
2024-08-07 02:00:00;SUDESTE/CENTRO-OESTE;SUL;-3230.854
2024-08-07 03:00:00;SUDESTE/CENTRO-OESTE;SUL;-2594.15099999
2024-08-07 04:00:00;SUDESTE/CENTRO-OESTE;SUL;-1908.52
2024-08-07 05:00:00;SUDESTE/CENTRO-OESTE;SUL;-1363.43599999
2024-08-07 06:00:00;SUDESTE/CENTRO-OESTE;SUL;-593.421
2024-08-07 07:00:00;SUDESTE/CENTRO-OESTE;SUL;180.07
2024-08-07 08:00:00;SUDESTE/CENTRO-OESTE;SUL;899.61
2024-08-07 09:00:00;SUDESTE/CENTRO-OESTE;SUL;1138.957
2024-08-07 10:00:00;SUDESTE/CENTRO-OESTE;SUL;924.949
2024-08-07 11:00:00;SUDESTE/CENTRO-OESTE;SUL;344.147
2024-08-07 12:00:00;SUDESTE/CENTRO-OESTE;SUL;810.565
2024-08-07 13:00:00;SUDESTE/CENTRO-OESTE;SUL;401.299
2024-08-07 14:00:00;SUDESTE/CENTRO-OESTE;SUL;768.785
2024-08-07 15:00:00;SUDESTE/CENTRO-OESTE;SUL;-72.062
2024-08-07 16:00:00;SUDESTE/CENTRO-OESTE;SUL;-925.698
2024-08-07 17:00:00;SUDESTE/CENTRO-OESTE;SUL;-516.614
2024-08-07 18:00:00;SUDESTE/CENTRO-OESTE;SUL;484.427
2024-08-07 19:00:00;SUDESTE/CENTRO-OESTE;SUL;321.30399999
2024-08-07 20:00:00;SUDESTE/CENTRO-OESTE;SUL;-648.70399999
2024-08-07 21:00:00;SUDESTE/CENTRO-OESTE;SUL;-1511.174
2024-08-07 22:00:00;SUDESTE/CENTRO-OESTE;SUL;-1879.156
2024-08-07 23:00:00;SUDESTE/CENTRO-OESTE;SUL;-2833.034
2024-08-08 00:00:00;SUDESTE/CENTRO-OESTE;SUL;-2651.16
2024-08-08 01:00:00;SUDESTE/CENTRO-OESTE;SUL;-1470.791
2024-08-08 02:00:00;SUDESTE/CENTRO-OESTE;SUL;-1375.333
2024-08-08 03:00:00;SUDESTE/CENTRO-OESTE;SUL;-1242.794
2024-08-08 04:00:00;SUDESTE/CENTRO-OESTE;SUL;-911.208
2024-08-08 05:00:00;SUDESTE/CENTRO-OESTE;SUL;-656.487
2024-08-08 06:00:00;SUDESTE/CENTRO-OESTE;SUL;821.239
2024-08-08 07:00:00;SUDESTE/CENTRO-OESTE;SUL;1423.101
2024-08-08 08:00:00;SUDESTE/CENTRO-OESTE;SUL;1256.299
2024-08-08 09:00:00;SUDESTE/CENTRO-OESTE;SUL;1824.754
2024-08-08 10:00:00;SUDESTE/CENTRO-OESTE;SUL;2069.28699999
2024-08-08 11:00:00;SUDESTE/CENTRO-OESTE;SUL;1788.702
2024-08-08 12:00:00;SUDESTE/CENTRO-OESTE;SUL;451.713
2024-08-08 13:00:00;SUDESTE/CENTRO-OESTE;SUL;-118.188
2024-08-08 14:00:00;SUDESTE/CENTRO-OESTE;SUL;-122.7
2024-08-08 15:00:00;SUDESTE/CENTRO-OESTE;SUL;-859.374
2024-08-08 16:00:00;SUDESTE/CENTRO-OESTE;SUL;-2030.672
2024-08-08 17:00:00;SUDESTE/CENTRO-OESTE;SUL;-1575.681
2024-08-08 18:00:00;SUDESTE/CENTRO-OESTE;SUL;-785.966
2024-08-08 19:00:00;SUDESTE/CENTRO-OESTE;SUL;-1137.972
2024-08-08 20:00:00;SUDESTE/CENTRO-OESTE;SUL;-1851.672
2024-08-08 21:00:00;SUDESTE/CENTRO-OESTE;SUL;-2459.804
2024-08-08 22:00:00;SUDESTE/CENTRO-OESTE;SUL;-2593.453
2024-08-08 23:00:00;SUDESTE/CENTRO-OESTE;SUL;-3747.205
2024-08-09 00:00:00;SUDESTE/CENTRO-OESTE;SUL;-4826.963
2024-08-09 01:00:00;SUDESTE/CENTRO-OESTE;SUL;-5438.143
2024-08-09 02:00:00;SUDESTE/CENTRO-OESTE;SUL;-4017.543
2024-08-09 03:00:00;SUDESTE/CENTRO-OESTE;SUL;-3212.257
2024-08-09 04:00:00;SUDESTE/CENTRO-OESTE;SUL;-2643.406
2024-08-09 05:00:00;SUDESTE/CENTRO-OESTE;SUL;-2711.983
2024-08-09 06:00:00;SUDESTE/CENTRO-OESTE;SUL;-1770.315
2024-08-09 07:00:00;SUDESTE/CENTRO-OESTE;SUL;-1010.596
2024-08-09 08:00:00;SUDESTE/CENTRO-OESTE;SUL;-491.642
2024-08-09 09:00:00;SUDESTE/CENTRO-OESTE;SUL;-863.932
2024-08-09 10:00:00;SUDESTE/CENTRO-OESTE;SUL;-1131.73399999
2024-08-09 11:00:00;SUDESTE/CENTRO-OESTE;SUL;-1529.671
2024-08-09 12:00:00;SUDESTE/CENTRO-OESTE;SUL;-1325.538
2024-08-09 13:00:00;SUDESTE/CENTRO-OESTE;SUL;-2104.105
2024-08-09 14:00:00;SUDESTE/CENTRO-OESTE;SUL;-2106.741
2024-08-09 15:00:00;SUDESTE/CENTRO-OESTE;SUL;-2875.128
2024-08-09 16:00:00;SUDESTE/CENTRO-OESTE;SUL;-3328.604
2024-08-09 17:00:00;SUDESTE/CENTRO-OESTE;SUL;-2987.337
2024-08-09 18:00:00;SUDESTE/CENTRO-OESTE;SUL;-1664.503
2024-08-09 19:00:00;SUDESTE/CENTRO-OESTE;SUL;-1422.999
2024-08-09 20:00:00;SUDESTE/CENTRO-OESTE;SUL;-2111.27
2024-08-09 21:00:00;SUDESTE/CENTRO-OESTE;SUL;-2544.756
2024-08-09 22:00:00;SUDESTE/CENTRO-OESTE;SUL;-1973.401
2024-08-09 23:00:00;SUDESTE/CENTRO-OESTE;SUL;-2225.712
2024-08-10 00:00:00;SUDESTE/CENTRO-OESTE;SUL;-3195.949
2024-08-10 01:00:00;SUDESTE/CENTRO-OESTE;SUL;-3529.62
2024-08-10 02:00:00;SUDESTE/CENTRO-OESTE;SUL;-3702.717
2024-08-10 03:00:00;SUDESTE/CENTRO-OESTE;SUL;-3358.33599999
2024-08-10 04:00:00;SUDESTE/CENTRO-OESTE;SUL;-3249.727
2024-08-10 05:00:00;SUDESTE/CENTRO-OESTE;SUL;-3179.731
2024-08-10 06:00:00;SUDESTE/CENTRO-OESTE;SUL;-2958.26
2024-08-10 07:00:00;SUDESTE/CENTRO-OESTE;SUL;-712.421
2024-08-10 08:00:00;SUDESTE/CENTRO-OESTE;SUL;-506.693
2024-08-10 09:00:00;SUDESTE/CENTRO-OESTE;SUL;-546.857
2024-08-10 10:00:00;SUDESTE/CENTRO-OESTE;SUL;-212.179
2024-08-10 11:00:00;SUDESTE/CENTRO-OESTE;SUL;-199.592
2024-08-10 12:00:00;SUDESTE/CENTRO-OESTE;SUL;645.885
2024-08-10 13:00:00;SUDESTE/CENTRO-OESTE;SUL;462.854
2024-08-10 14:00:00;SUDESTE/CENTRO-OESTE;SUL;285.257
2024-08-10 15:00:00;SUDESTE/CENTRO-OESTE;SUL;676.45
2024-08-10 16:00:00;SUDESTE/CENTRO-OESTE;SUL;306.544
2024-08-10 17:00:00;SUDESTE/CENTRO-OESTE;SUL;-2185.939
2024-08-10 18:00:00;SUDESTE/CENTRO-OESTE;SUL;-1837.453
2024-08-10 19:00:00;SUDESTE/CENTRO-OESTE;SUL;-2231.928
2024-08-10 20:00:00;SUDESTE/CENTRO-OESTE;SUL;-2776.143
2024-08-10 21:00:00;SUDESTE/CENTRO-OESTE;SUL;-3455.503
2024-08-10 22:00:00;SUDESTE/CENTRO-OESTE;SUL;-3350.018
2024-08-10 23:00:00;SUDESTE/CENTRO-OESTE;SUL;-2182.88
2024-08-11 00:00:00;SUDESTE/CENTRO-OESTE;SUL;-3372.025
2024-08-11 01:00:00;SUDESTE/CENTRO-OESTE;SUL;-3210.743
2024-08-11 02:00:00;SUDESTE/CENTRO-OESTE;SUL;-4021.818
2024-08-11 03:00:00;SUDESTE/CENTRO-OESTE;SUL;-3985.405
2024-08-11 04:00:00;SUDESTE/CENTRO-OESTE;SUL;-4285.826
2024-08-11 05:00:00;SUDESTE/CENTRO-OESTE;SUL;-4253.439
2024-08-11 06:00:00;SUDESTE/CENTRO-OESTE;SUL;-2871.349
2024-08-11 07:00:00;SUDESTE/CENTRO-OESTE;SUL;718.791
2024-08-11 08:00:00;SUDESTE/CENTRO-OESTE;SUL;2288.402
2024-08-11 09:00:00;SUDESTE/CENTRO-OESTE;SUL;2244.318
2024-08-11 10:00:00;SUDESTE/CENTRO-OESTE;SUL;1834.635
2024-08-11 11:00:00;SUDESTE/CENTRO-OESTE;SUL;1033.808
2024-08-11 12:00:00;SUDESTE/CENTRO-OESTE;SUL;561.827
2024-08-11 13:00:00;SUDESTE/CENTRO-OESTE;SUL;679.328
2024-08-11 14:00:00;SUDESTE/CENTRO-OESTE;SUL;231.489
2024-08-11 15:00:00;SUDESTE/CENTRO-OESTE;SUL;-913.418
2024-08-11 16:00:00;SUDESTE/CENTRO-OESTE;SUL;-2516.755
2024-08-11 17:00:00;SUDESTE/CENTRO-OESTE;SUL;-2333.944
2024-08-11 18:00:00;SUDESTE/CENTRO-OESTE;SUL;-1529.724
2024-08-11 19:00:00;SUDESTE/CENTRO-OESTE;SUL;-1653.279
2024-08-11 20:00:00;SUDESTE/CENTRO-OESTE;SUL;-2045.467
2024-08-11 21:00:00;SUDESTE/CENTRO-OESTE;SUL;-2112.32499999
2024-08-11 22:00:00;SUDESTE/CENTRO-OESTE;SUL;-2487.253
2024-08-11 23:00:00;SUDESTE/CENTRO-OESTE;SUL;-2456.607
2024-08-12 00:00:00;SUDESTE/CENTRO-OESTE;SUL;-996.403
2024-08-12 01:00:00;SUDESTE/CENTRO-OESTE;SUL;446.053
2024-08-12 02:00:00;SUDESTE/CENTRO-OESTE;SUL;1371.317
2024-08-12 03:00:00;SUDESTE/CENTRO-OESTE;SUL;1805.926
2024-08-12 04:00:00;SUDESTE/CENTRO-OESTE;SUL;1901.367
2024-08-12 05:00:00;SUDESTE/CENTRO-OESTE;SUL;1079.349
2024-08-12 06:00:00;SUDESTE/CENTRO-OESTE;SUL;398.433
2024-08-12 07:00:00;SUDESTE/CENTRO-OESTE;SUL;1942.493
2024-08-12 08:00:00;SUDESTE/CENTRO-OESTE;SUL;3767.979
2024-08-12 09:00:00;SUDESTE/CENTRO-OESTE;SUL;4413.326
2024-08-12 10:00:00;SUDESTE/CENTRO-OESTE;SUL;4532.94899999
2024-08-12 11:00:00;SUDESTE/CENTRO-OESTE;SUL;4496.812
2024-08-12 12:00:00;SUDESTE/CENTRO-OESTE;SUL;4288.336
2024-08-12 13:00:00;SUDESTE/CENTRO-OESTE;SUL;3702.639
2024-08-12 14:00:00;SUDESTE/CENTRO-OESTE;SUL;2019.794
2024-08-12 15:00:00;SUDESTE/CENTRO-OESTE;SUL;931.4
2024-08-12 16:00:00;SUDESTE/CENTRO-OESTE;SUL;-1816.684
2024-08-12 17:00:00;SUDESTE/CENTRO-OESTE;SUL;-221.926
2024-08-12 18:00:00;SUDESTE/CENTRO-OESTE;SUL;202.809
2024-08-12 19:00:00;SUDESTE/CENTRO-OESTE;SUL;593.706
2024-08-12 20:00:00;SUDESTE/CENTRO-OESTE;SUL;-8.103
2024-08-12 21:00:00;SUDESTE/CENTRO-OESTE;SUL;-597.831
2024-08-12 22:00:00;SUDESTE/CENTRO-OESTE;SUL;-876.892
2024-08-12 23:00:00;SUDESTE/CENTRO-OESTE;SUL;-1661.143
2024-08-13 00:00:00;SUDESTE/CENTRO-OESTE;SUL;-1894.74
2024-08-13 01:00:00;SUDESTE/CENTRO-OESTE;SUL;-1565.577
2024-08-13 02:00:00;SUDESTE/CENTRO-OESTE;SUL;-1034.728
2024-08-13 03:00:00;SUDESTE/CENTRO-OESTE;SUL;-1086.91
2024-08-13 04:00:00;SUDESTE/CENTRO-OESTE;SUL;-855.35799999
2024-08-13 05:00:00;SUDESTE/CENTRO-OESTE;SUL;-1465.817
2024-08-13 06:00:00;SUDESTE/CENTRO-OESTE;SUL;142.638
2024-08-13 07:00:00;SUDESTE/CENTRO-OESTE;SUL;2233.582
2024-08-13 08:00:00;SUDESTE/CENTRO-OESTE;SUL;3149.822
2024-08-13 09:00:00;SUDESTE/CENTRO-OESTE;SUL;3851.151
2024-08-13 10:00:00;SUDESTE/CENTRO-OESTE;SUL;4035.45
2024-08-13 11:00:00;SUDESTE/CENTRO-OESTE;SUL;3459.543
2024-08-13 12:00:00;SUDESTE/CENTRO-OESTE;SUL;3892.927
2024-08-13 13:00:00;SUDESTE/CENTRO-OESTE;SUL;2661.504
2024-08-13 14:00:00;SUDESTE/CENTRO-OESTE;SUL;739.78599999
2024-08-13 15:00:00;SUDESTE/CENTRO-OESTE;SUL;-914.07
2024-08-13 16:00:00;SUDESTE/CENTRO-OESTE;SUL;-1763.422
2024-08-13 17:00:00;SUDESTE/CENTRO-OESTE;SUL;-104.172
2024-08-13 18:00:00;SUDESTE/CENTRO-OESTE;SUL;1385.319
2024-08-13 19:00:00;SUDESTE/CENTRO-OESTE;SUL;1252.534
2024-08-13 20:00:00;SUDESTE/CENTRO-OESTE;SUL;223.41
2024-08-13 21:00:00;SUDESTE/CENTRO-OESTE;SUL;-503.529
2024-08-13 22:00:00;SUDESTE/CENTRO-OESTE;SUL;-514.565
2024-08-13 23:00:00;SUDESTE/CENTRO-OESTE;SUL;-835.492
2024-08-14 00:00:00;SUDESTE/CENTRO-OESTE;SUL;149.004
2024-08-14 01:00:00;SUDESTE/CENTRO-OESTE;SUL;1214.605
2024-08-14 02:00:00;SUDESTE/CENTRO-OESTE;SUL;2144.522
2024-08-14 03:00:00;SUDESTE/CENTRO-OESTE;SUL;2742.447
2024-08-14 04:00:00;SUDESTE/CENTRO-OESTE;SUL;2625.02599999
2024-08-14 05:00:00;SUDESTE/CENTRO-OESTE;SUL;1475.921
2024-08-14 06:00:00;SUDESTE/CENTRO-OESTE;SUL;1638.428
2024-08-14 07:00:00;SUDESTE/CENTRO-OESTE;SUL;2475.56
2024-08-14 08:00:00;SUDESTE/CENTRO-OESTE;SUL;2983.596
2024-08-14 09:00:00;SUDESTE/CENTRO-OESTE;SUL;3610.577
2024-08-14 10:00:00;SUDESTE/CENTRO-OESTE;SUL;4727.17699999
2024-08-14 11:00:00;SUDESTE/CENTRO-OESTE;SUL;4481.539
2024-08-14 12:00:00;SUDESTE/CENTRO-OESTE;SUL;5612.143
2024-08-14 13:00:00;SUDESTE/CENTRO-OESTE;SUL;4318.468
2024-08-14 14:00:00;SUDESTE/CENTRO-OESTE;SUL;2155.84
2024-08-14 15:00:00;SUDESTE/CENTRO-OESTE;SUL;1302.017
2024-08-14 16:00:00;SUDESTE/CENTRO-OESTE;SUL;-312.06099999
2024-08-14 17:00:00;SUDESTE/CENTRO-OESTE;SUL;75.105
2024-08-14 18:00:00;SUDESTE/CENTRO-OESTE;SUL;1528.719
2024-08-14 19:00:00;SUDESTE/CENTRO-OESTE;SUL;1521.192
2024-08-14 20:00:00;SUDESTE/CENTRO-OESTE;SUL;550.407
2024-08-14 21:00:00;SUDESTE/CENTRO-OESTE;SUL;-280.324
2024-08-14 22:00:00;SUDESTE/CENTRO-OESTE;SUL;-187.37
2024-08-14 23:00:00;SUDESTE/CENTRO-OESTE;SUL;-1217.227
2024-08-15 00:00:00;SUDESTE/CENTRO-OESTE;SUL;-299.56599999
2024-08-15 01:00:00;SUDESTE/CENTRO-OESTE;SUL;346.039
2024-08-15 02:00:00;SUDESTE/CENTRO-OESTE;SUL;800.38199999
2024-08-15 03:00:00;SUDESTE/CENTRO-OESTE;SUL;1532.462
2024-08-15 04:00:00;SUDESTE/CENTRO-OESTE;SUL;1455.026
2024-08-15 05:00:00;SUDESTE/CENTRO-OESTE;SUL;269.89999999
2024-08-15 06:00:00;SUDESTE/CENTRO-OESTE;SUL;216.45
2024-08-15 07:00:00;SUDESTE/CENTRO-OESTE;SUL;1270.517
2024-08-15 08:00:00;SUDESTE/CENTRO-OESTE;SUL;2699.911
2024-08-15 09:00:00;SUDESTE/CENTRO-OESTE;SUL;3611.314
2024-08-15 10:00:00;SUDESTE/CENTRO-OESTE;SUL;3937.379
2024-08-15 11:00:00;SUDESTE/CENTRO-OESTE;SUL;3961.359
2024-08-15 12:00:00;SUDESTE/CENTRO-OESTE;SUL;4269.032
2024-08-15 13:00:00;SUDESTE/CENTRO-OESTE;SUL;2800.337
2024-08-15 14:00:00;SUDESTE/CENTRO-OESTE;SUL;1691.964
2024-08-15 15:00:00;SUDESTE/CENTRO-OESTE;SUL;835.985
2024-08-15 16:00:00;SUDESTE/CENTRO-OESTE;SUL;753.473
2024-08-15 17:00:00;SUDESTE/CENTRO-OESTE;SUL;527.041
2024-08-15 18:00:00;SUDESTE/CENTRO-OESTE;SUL;1510.941
2024-08-15 19:00:00;SUDESTE/CENTRO-OESTE;SUL;1096.124
2024-08-15 20:00:00;SUDESTE/CENTRO-OESTE;SUL;428.02
2024-08-15 21:00:00;SUDESTE/CENTRO-OESTE;SUL;4.087
2024-08-15 22:00:00;SUDESTE/CENTRO-OESTE;SUL;37.631
2024-08-15 23:00:00;SUDESTE/CENTRO-OESTE;SUL;53.47399999
2024-08-16 00:00:00;SUDESTE/CENTRO-OESTE;SUL;-999.198
2024-08-16 01:00:00;SUDESTE/CENTRO-OESTE;SUL;-875.048
2024-08-16 02:00:00;SUDESTE/CENTRO-OESTE;SUL;-219.121
2024-08-16 03:00:00;SUDESTE/CENTRO-OESTE;SUL;53.548
2024-08-16 04:00:00;SUDESTE/CENTRO-OESTE;SUL;167.37799999
2024-08-16 05:00:00;SUDESTE/CENTRO-OESTE;SUL;-656.359
2024-08-16 06:00:00;SUDESTE/CENTRO-OESTE;SUL;-126.688
2024-08-16 07:00:00;SUDESTE/CENTRO-OESTE;SUL;489.066
2024-08-16 08:00:00;SUDESTE/CENTRO-OESTE;SUL;1523.223
2024-08-16 09:00:00;SUDESTE/CENTRO-OESTE;SUL;2033.622
2024-08-16 10:00:00;SUDESTE/CENTRO-OESTE;SUL;2522.235
2024-08-16 11:00:00;SUDESTE/CENTRO-OESTE;SUL;3221.169
2024-08-16 12:00:00;SUDESTE/CENTRO-OESTE;SUL;3565.115
2024-08-16 13:00:00;SUDESTE/CENTRO-OESTE;SUL;1635.593
2024-08-16 14:00:00;SUDESTE/CENTRO-OESTE;SUL;-459.539
2024-08-16 15:00:00;SUDESTE/CENTRO-OESTE;SUL;-1197.255
2024-08-16 16:00:00;SUDESTE/CENTRO-OESTE;SUL;-980.703
2024-08-16 17:00:00;SUDESTE/CENTRO-OESTE;SUL;-534.261
2024-08-16 18:00:00;SUDESTE/CENTRO-OESTE;SUL;-109.24
2024-08-16 19:00:00;SUDESTE/CENTRO-OESTE;SUL;-90.185
2024-08-16 20:00:00;SUDESTE/CENTRO-OESTE;SUL;-1001.724
2024-08-16 21:00:00;SUDESTE/CENTRO-OESTE;SUL;-1490.956
2024-08-16 22:00:00;SUDESTE/CENTRO-OESTE;SUL;-1888.255
2024-08-16 23:00:00;SUDESTE/CENTRO-OESTE;SUL;-2407.256
2024-08-17 00:00:00;SUDESTE/CENTRO-OESTE;SUL;-3261.939
2024-08-17 01:00:00;SUDESTE/CENTRO-OESTE;SUL;-2812.997
2024-08-17 02:00:00;SUDESTE/CENTRO-OESTE;SUL;-2692.76899999
2024-08-17 03:00:00;SUDESTE/CENTRO-OESTE;SUL;-2681.987
2024-08-17 04:00:00;SUDESTE/CENTRO-OESTE;SUL;-2500.119
2024-08-17 05:00:00;SUDESTE/CENTRO-OESTE;SUL;-2241.669
2024-08-17 06:00:00;SUDESTE/CENTRO-OESTE;SUL;-1658.99499999
2024-08-17 07:00:00;SUDESTE/CENTRO-OESTE;SUL;50.992
2024-08-17 08:00:00;SUDESTE/CENTRO-OESTE;SUL;1834.377
2024-08-17 09:00:00;SUDESTE/CENTRO-OESTE;SUL;2935.379
2024-08-17 10:00:00;SUDESTE/CENTRO-OESTE;SUL;2971.39399999
2024-08-17 11:00:00;SUDESTE/CENTRO-OESTE;SUL;1945.442
2024-08-17 12:00:00;SUDESTE/CENTRO-OESTE;SUL;757.923
2024-08-17 13:00:00;SUDESTE/CENTRO-OESTE;SUL;155.531
2024-08-17 14:00:00;SUDESTE/CENTRO-OESTE;SUL;-263.356
2024-08-17 15:00:00;SUDESTE/CENTRO-OESTE;SUL;-702.917
2024-08-17 16:00:00;SUDESTE/CENTRO-OESTE;SUL;-2337.38299999
2024-08-17 17:00:00;SUDESTE/CENTRO-OESTE;SUL;-3427.478
2024-08-17 18:00:00;SUDESTE/CENTRO-OESTE;SUL;-2571.532
2024-08-17 19:00:00;SUDESTE/CENTRO-OESTE;SUL;-2457.279
2024-08-17 20:00:00;SUDESTE/CENTRO-OESTE;SUL;-2929.491
2024-08-17 21:00:00;SUDESTE/CENTRO-OESTE;SUL;-3637.829
2024-08-17 22:00:00;SUDESTE/CENTRO-OESTE;SUL;-4364.85
2024-08-17 23:00:00;SUDESTE/CENTRO-OESTE;SUL;-4831.486
2024-08-18 00:00:00;SUDESTE/CENTRO-OESTE;SUL;-5007.013
2024-08-18 01:00:00;SUDESTE/CENTRO-OESTE;SUL;-5437.01
2024-08-18 02:00:00;SUDESTE/CENTRO-OESTE;SUL;-5423.575
2024-08-18 03:00:00;SUDESTE/CENTRO-OESTE;SUL;-4520.347
2024-08-18 04:00:00;SUDESTE/CENTRO-OESTE;SUL;-3042.867
2024-08-18 05:00:00;SUDESTE/CENTRO-OESTE;SUL;-3232.529
2024-08-18 06:00:00;SUDESTE/CENTRO-OESTE;SUL;-2564.157
2024-08-18 07:00:00;SUDESTE/CENTRO-OESTE;SUL;532.405
2024-08-18 08:00:00;SUDESTE/CENTRO-OESTE;SUL;1338.53299999
2024-08-18 09:00:00;SUDESTE/CENTRO-OESTE;SUL;1344.733
2024-08-18 10:00:00;SUDESTE/CENTRO-OESTE;SUL;1132.605
2024-08-18 11:00:00;SUDESTE/CENTRO-OESTE;SUL;-42.90999999
2024-08-18 12:00:00;SUDESTE/CENTRO-OESTE;SUL;-596.66099999
2024-08-18 13:00:00;SUDESTE/CENTRO-OESTE;SUL;-646.317
2024-08-18 14:00:00;SUDESTE/CENTRO-OESTE;SUL;-464.835
2024-08-18 15:00:00;SUDESTE/CENTRO-OESTE;SUL;-795.18499999
2024-08-18 16:00:00;SUDESTE/CENTRO-OESTE;SUL;-2250.937
2024-08-18 17:00:00;SUDESTE/CENTRO-OESTE;SUL;-2855.764
2024-08-18 18:00:00;SUDESTE/CENTRO-OESTE;SUL;-2118.448
2024-08-18 19:00:00;SUDESTE/CENTRO-OESTE;SUL;-2317.149
2024-08-18 20:00:00;SUDESTE/CENTRO-OESTE;SUL;-2844.604
2024-08-18 21:00:00;SUDESTE/CENTRO-OESTE;SUL;-2763.747
2024-08-18 22:00:00;SUDESTE/CENTRO-OESTE;SUL;-2870.081
2024-08-18 23:00:00;SUDESTE/CENTRO-OESTE;SUL;-3644.468
2024-08-19 00:00:00;SUDESTE/CENTRO-OESTE;SUL;-3903.149
2024-08-19 01:00:00;SUDESTE/CENTRO-OESTE;SUL;-3238.368
2024-08-19 02:00:00;SUDESTE/CENTRO-OESTE;SUL;-2132.098
2024-08-19 03:00:00;SUDESTE/CENTRO-OESTE;SUL;-1157.284
2024-08-19 04:00:00;SUDESTE/CENTRO-OESTE;SUL;-1357.981
2024-08-19 05:00:00;SUDESTE/CENTRO-OESTE;SUL;-1557.631
2024-08-19 06:00:00;SUDESTE/CENTRO-OESTE;SUL;-407.976
2024-08-19 07:00:00;SUDESTE/CENTRO-OESTE;SUL;292.527
2024-08-19 08:00:00;SUDESTE/CENTRO-OESTE;SUL;1846.133
2024-08-19 09:00:00;SUDESTE/CENTRO-OESTE;SUL;2046.601
2024-08-19 10:00:00;SUDESTE/CENTRO-OESTE;SUL;1877.319
2024-08-19 11:00:00;SUDESTE/CENTRO-OESTE;SUL;3612.932
2024-08-19 12:00:00;SUDESTE/CENTRO-OESTE;SUL;3815.755
2024-08-19 13:00:00;SUDESTE/CENTRO-OESTE;SUL;3763.095
2024-08-19 14:00:00;SUDESTE/CENTRO-OESTE;SUL;1471.026
2024-08-19 15:00:00;SUDESTE/CENTRO-OESTE;SUL;1415.435
2024-08-19 16:00:00;SUDESTE/CENTRO-OESTE;SUL;1443.361
2024-08-19 17:00:00;SUDESTE/CENTRO-OESTE;SUL;309.671
2024-08-19 18:00:00;SUDESTE/CENTRO-OESTE;SUL;-412.363
2024-08-19 19:00:00;SUDESTE/CENTRO-OESTE;SUL;-781.354
2024-08-19 20:00:00;SUDESTE/CENTRO-OESTE;SUL;-1259.803
2024-08-19 21:00:00;SUDESTE/CENTRO-OESTE;SUL;-1759.116
2024-08-19 22:00:00;SUDESTE/CENTRO-OESTE;SUL;-2183.948
2024-08-19 23:00:00;SUDESTE/CENTRO-OESTE;SUL;-1711.14899999
2024-08-20 00:00:00;SUDESTE/CENTRO-OESTE;SUL;-1591.755
2024-08-20 01:00:00;SUDESTE/CENTRO-OESTE;SUL;-1411.675
2024-08-20 02:00:00;SUDESTE/CENTRO-OESTE;SUL;-607.607
2024-08-20 03:00:00;SUDESTE/CENTRO-OESTE;SUL;-366.992
2024-08-20 04:00:00;SUDESTE/CENTRO-OESTE;SUL;-529.551
2024-08-20 05:00:00;SUDESTE/CENTRO-OESTE;SUL;-863.142
2024-08-20 06:00:00;SUDESTE/CENTRO-OESTE;SUL;382.524
2024-08-20 07:00:00;SUDESTE/CENTRO-OESTE;SUL;1202.634
2024-08-20 08:00:00;SUDESTE/CENTRO-OESTE;SUL;1565.458
2024-08-20 09:00:00;SUDESTE/CENTRO-OESTE;SUL;1871.046
2024-08-20 10:00:00;SUDESTE/CENTRO-OESTE;SUL;1897.886
2024-08-20 11:00:00;SUDESTE/CENTRO-OESTE;SUL;2047.168
2024-08-20 12:00:00;SUDESTE/CENTRO-OESTE;SUL;1563.852
2024-08-20 13:00:00;SUDESTE/CENTRO-OESTE;SUL;159.768
2024-08-20 14:00:00;SUDESTE/CENTRO-OESTE;SUL;-321.99599999
2024-08-20 15:00:00;SUDESTE/CENTRO-OESTE;SUL;416.608
2024-08-20 16:00:00;SUDESTE/CENTRO-OESTE;SUL;687.63699999
2024-08-20 17:00:00;SUDESTE/CENTRO-OESTE;SUL;-802.117
2024-08-20 18:00:00;SUDESTE/CENTRO-OESTE;SUL;-887.319
2024-08-20 19:00:00;SUDESTE/CENTRO-OESTE;SUL;-872.229
2024-08-20 20:00:00;SUDESTE/CENTRO-OESTE;SUL;-1504.931
2024-08-20 21:00:00;SUDESTE/CENTRO-OESTE;SUL;-1461.273
2024-08-20 22:00:00;SUDESTE/CENTRO-OESTE;SUL;-2173.563
2024-08-20 23:00:00;SUDESTE/CENTRO-OESTE;SUL;-2280.65299999
2024-08-21 00:00:00;SUDESTE/CENTRO-OESTE;SUL;-2279.454
2024-08-21 01:00:00;SUDESTE/CENTRO-OESTE;SUL;-1829.874
2024-08-21 02:00:00;SUDESTE/CENTRO-OESTE;SUL;-717.49
2024-08-21 03:00:00;SUDESTE/CENTRO-OESTE;SUL;-259.63099999
2024-08-21 04:00:00;SUDESTE/CENTRO-OESTE;SUL;-303.634
2024-08-21 05:00:00;SUDESTE/CENTRO-OESTE;SUL;-680.301
2024-08-21 06:00:00;SUDESTE/CENTRO-OESTE;SUL;-635.39
2024-08-21 07:00:00;SUDESTE/CENTRO-OESTE;SUL;-108.879
2024-08-21 08:00:00;SUDESTE/CENTRO-OESTE;SUL;54.057
2024-08-21 09:00:00;SUDESTE/CENTRO-OESTE;SUL;591.937
2024-08-21 10:00:00;SUDESTE/CENTRO-OESTE;SUL;1393.336
2024-08-21 11:00:00;SUDESTE/CENTRO-OESTE;SUL;1157.064
2024-08-21 12:00:00;SUDESTE/CENTRO-OESTE;SUL;869.206
2024-08-21 13:00:00;SUDESTE/CENTRO-OESTE;SUL;-427.747
2024-08-21 14:00:00;SUDESTE/CENTRO-OESTE;SUL;-2321.895
2024-08-21 15:00:00;SUDESTE/CENTRO-OESTE;SUL;-1995.177
2024-08-21 16:00:00;SUDESTE/CENTRO-OESTE;SUL;-872.835
2024-08-21 17:00:00;SUDESTE/CENTRO-OESTE;SUL;-907.15
2024-08-21 18:00:00;SUDESTE/CENTRO-OESTE;SUL;-259.273
2024-08-21 19:00:00;SUDESTE/CENTRO-OESTE;SUL;-267.616
2024-08-21 20:00:00;SUDESTE/CENTRO-OESTE;SUL;-898.092
2024-08-21 21:00:00;SUDESTE/CENTRO-OESTE;SUL;-1032.671
2024-08-21 22:00:00;SUDESTE/CENTRO-OESTE;SUL;-1639.627
2024-08-21 23:00:00;SUDESTE/CENTRO-OESTE;SUL;-1756.964
2024-08-22 00:00:00;SUDESTE/CENTRO-OESTE;SUL;-1219.5
2024-08-22 01:00:00;SUDESTE/CENTRO-OESTE;SUL;-1399.574
2024-08-22 02:00:00;SUDESTE/CENTRO-OESTE;SUL;-930.297
2024-08-22 03:00:00;SUDESTE/CENTRO-OESTE;SUL;-732.62
2024-08-22 04:00:00;SUDESTE/CENTRO-OESTE;SUL;-693.347
2024-08-22 05:00:00;SUDESTE/CENTRO-OESTE;SUL;-906.428
2024-08-22 06:00:00;SUDESTE/CENTRO-OESTE;SUL;-675.434
2024-08-22 07:00:00;SUDESTE/CENTRO-OESTE;SUL;1120.007
2024-08-22 08:00:00;SUDESTE/CENTRO-OESTE;SUL;2294.01699999
2024-08-22 09:00:00;SUDESTE/CENTRO-OESTE;SUL;2965.895
2024-08-22 10:00:00;SUDESTE/CENTRO-OESTE;SUL;2684.989
2024-08-22 11:00:00;SUDESTE/CENTRO-OESTE;SUL;2432.974
2024-08-22 12:00:00;SUDESTE/CENTRO-OESTE;SUL;2049.434
2024-08-22 13:00:00;SUDESTE/CENTRO-OESTE;SUL;1940.832
2024-08-22 14:00:00;SUDESTE/CENTRO-OESTE;SUL;569.195
2024-08-22 15:00:00;SUDESTE/CENTRO-OESTE;SUL;-209.468
2024-08-22 16:00:00;SUDESTE/CENTRO-OESTE;SUL;331.48899999
2024-08-22 17:00:00;SUDESTE/CENTRO-OESTE;SUL;-105.382
2024-08-22 18:00:00;SUDESTE/CENTRO-OESTE;SUL;-267.874
2024-08-22 19:00:00;SUDESTE/CENTRO-OESTE;SUL;-311.704
2024-08-22 20:00:00;SUDESTE/CENTRO-OESTE;SUL;-1203.30199999
2024-08-22 21:00:00;SUDESTE/CENTRO-OESTE;SUL;-1545.60999999
2024-08-22 22:00:00;SUDESTE/CENTRO-OESTE;SUL;-2256.944
2024-08-22 23:00:00;SUDESTE/CENTRO-OESTE;SUL;-2780.284
2024-08-23 00:00:00;SUDESTE/CENTRO-OESTE;SUL;-2110.63299999
2024-08-23 01:00:00;SUDESTE/CENTRO-OESTE;SUL;-2235.15
2024-08-23 02:00:00;SUDESTE/CENTRO-OESTE;SUL;-1504.049
2024-08-23 03:00:00;SUDESTE/CENTRO-OESTE;SUL;-880.409
2024-08-23 04:00:00;SUDESTE/CENTRO-OESTE;SUL;-819.616
2024-08-23 05:00:00;SUDESTE/CENTRO-OESTE;SUL;-874.623
2024-08-23 06:00:00;SUDESTE/CENTRO-OESTE;SUL;-1462.013
2024-08-23 07:00:00;SUDESTE/CENTRO-OESTE;SUL;-435.903
2024-08-23 08:00:00;SUDESTE/CENTRO-OESTE;SUL;184.274
2024-08-23 09:00:00;SUDESTE/CENTRO-OESTE;SUL;895.685
2024-08-23 10:00:00;SUDESTE/CENTRO-OESTE;SUL;401.574
2024-08-23 11:00:00;SUDESTE/CENTRO-OESTE;SUL;444.736
2024-08-23 12:00:00;SUDESTE/CENTRO-OESTE;SUL;500.337
2024-08-23 13:00:00;SUDESTE/CENTRO-OESTE;SUL;-939.613
2024-08-23 14:00:00;SUDESTE/CENTRO-OESTE;SUL;-1476.675
2024-08-23 15:00:00;SUDESTE/CENTRO-OESTE;SUL;-1379.552
2024-08-23 16:00:00;SUDESTE/CENTRO-OESTE;SUL;-979.352
2024-08-23 17:00:00;SUDESTE/CENTRO-OESTE;SUL;-1009.925
2024-08-23 18:00:00;SUDESTE/CENTRO-OESTE;SUL;-633.898
2024-08-23 19:00:00;SUDESTE/CENTRO-OESTE;SUL;-1116.887
2024-08-23 20:00:00;SUDESTE/CENTRO-OESTE;SUL;-1907.366
2024-08-23 21:00:00;SUDESTE/CENTRO-OESTE;SUL;-2457.771
2024-08-23 22:00:00;SUDESTE/CENTRO-OESTE;SUL;-2669.998
2024-08-23 23:00:00;SUDESTE/CENTRO-OESTE;SUL;-3364.741
2024-08-24 00:00:00;SUDESTE/CENTRO-OESTE;SUL;-3273.729
2024-08-24 01:00:00;SUDESTE/CENTRO-OESTE;SUL;-3041.774
2024-08-24 02:00:00;SUDESTE/CENTRO-OESTE;SUL;-1957.084
2024-08-24 03:00:00;SUDESTE/CENTRO-OESTE;SUL;-1817.819
2024-08-24 04:00:00;SUDESTE/CENTRO-OESTE;SUL;-1904.633
2024-08-24 05:00:00;SUDESTE/CENTRO-OESTE;SUL;-2481.867
2024-08-24 06:00:00;SUDESTE/CENTRO-OESTE;SUL;-1870.558
2024-08-24 07:00:00;SUDESTE/CENTRO-OESTE;SUL;-485.469
2024-08-24 08:00:00;SUDESTE/CENTRO-OESTE;SUL;-563.797
2024-08-24 09:00:00;SUDESTE/CENTRO-OESTE;SUL;-62.507
2024-08-24 10:00:00;SUDESTE/CENTRO-OESTE;SUL;21.803
2024-08-24 11:00:00;SUDESTE/CENTRO-OESTE;SUL;-315.76
2024-08-24 12:00:00;SUDESTE/CENTRO-OESTE;SUL;-403.478
2024-08-24 13:00:00;SUDESTE/CENTRO-OESTE;SUL;-1012.37
2024-08-24 14:00:00;SUDESTE/CENTRO-OESTE;SUL;-2010.304
2024-08-24 15:00:00;SUDESTE/CENTRO-OESTE;SUL;-3047.3
2024-08-24 16:00:00;SUDESTE/CENTRO-OESTE;SUL;-3989.615
2024-08-24 17:00:00;SUDESTE/CENTRO-OESTE;SUL;-3798.514
2024-08-24 18:00:00;SUDESTE/CENTRO-OESTE;SUL;-2128.131
2024-08-24 19:00:00;SUDESTE/CENTRO-OESTE;SUL;-2082.418
2024-08-24 20:00:00;SUDESTE/CENTRO-OESTE;SUL;-2894.846
2024-08-24 21:00:00;SUDESTE/CENTRO-OESTE;SUL;-2795.004
2024-08-24 22:00:00;SUDESTE/CENTRO-OESTE;SUL;-2109.081
2024-08-24 23:00:00;SUDESTE/CENTRO-OESTE;SUL;-2687.976
2024-08-25 00:00:00;SUDESTE/CENTRO-OESTE;SUL;-2175.98799999
2024-08-25 01:00:00;SUDESTE/CENTRO-OESTE;SUL;-1982.194
2024-08-25 02:00:00;SUDESTE/CENTRO-OESTE;SUL;-2020.067
2024-08-25 03:00:00;SUDESTE/CENTRO-OESTE;SUL;-1905.229
2024-08-25 04:00:00;SUDESTE/CENTRO-OESTE;SUL;-1587.464
2024-08-25 05:00:00;SUDESTE/CENTRO-OESTE;SUL;-2074.512
2024-08-25 06:00:00;SUDESTE/CENTRO-OESTE;SUL;-1948.617
2024-08-25 07:00:00;SUDESTE/CENTRO-OESTE;SUL;-948.349
2024-08-25 08:00:00;SUDESTE/CENTRO-OESTE;SUL;-280.906
2024-08-25 09:00:00;SUDESTE/CENTRO-OESTE;SUL;-65.373
2024-08-25 10:00:00;SUDESTE/CENTRO-OESTE;SUL;113.965
2024-08-25 11:00:00;SUDESTE/CENTRO-OESTE;SUL;312.253
2024-08-25 12:00:00;SUDESTE/CENTRO-OESTE;SUL;211.1
2024-08-25 13:00:00;SUDESTE/CENTRO-OESTE;SUL;133.338
2024-08-25 14:00:00;SUDESTE/CENTRO-OESTE;SUL;-1159.986
2024-08-25 15:00:00;SUDESTE/CENTRO-OESTE;SUL;-2777.449
2024-08-25 16:00:00;SUDESTE/CENTRO-OESTE;SUL;-3239.446
2024-08-25 17:00:00;SUDESTE/CENTRO-OESTE;SUL;-2467.23
2024-08-25 18:00:00;SUDESTE/CENTRO-OESTE;SUL;-1856.566
2024-08-25 19:00:00;SUDESTE/CENTRO-OESTE;SUL;-1968.252
2024-08-25 20:00:00;SUDESTE/CENTRO-OESTE;SUL;-2314.656
2024-08-25 21:00:00;SUDESTE/CENTRO-OESTE;SUL;-1158.711
2024-08-25 22:00:00;SUDESTE/CENTRO-OESTE;SUL;334.687
2024-08-25 23:00:00;SUDESTE/CENTRO-OESTE;SUL;-43.697
2024-08-26 00:00:00;SUDESTE/CENTRO-OESTE;SUL;-482.972
2024-08-26 01:00:00;SUDESTE/CENTRO-OESTE;SUL;-381.421
2024-08-26 02:00:00;SUDESTE/CENTRO-OESTE;SUL;585.034
2024-08-26 03:00:00;SUDESTE/CENTRO-OESTE;SUL;820.413
2024-08-26 04:00:00;SUDESTE/CENTRO-OESTE;SUL;963.594
2024-08-26 05:00:00;SUDESTE/CENTRO-OESTE;SUL;-128.501
2024-08-26 06:00:00;SUDESTE/CENTRO-OESTE;SUL;623.197
2024-08-26 07:00:00;SUDESTE/CENTRO-OESTE;SUL;1218.422
2024-08-26 08:00:00;SUDESTE/CENTRO-OESTE;SUL;1658.969
2024-08-26 09:00:00;SUDESTE/CENTRO-OESTE;SUL;3057.645
2024-08-26 10:00:00;SUDESTE/CENTRO-OESTE;SUL;3496.023
2024-08-26 11:00:00;SUDESTE/CENTRO-OESTE;SUL;3220.846
2024-08-26 12:00:00;SUDESTE/CENTRO-OESTE;SUL;3393.14399999
2024-08-26 13:00:00;SUDESTE/CENTRO-OESTE;SUL;2580.524
2024-08-26 14:00:00;SUDESTE/CENTRO-OESTE;SUL;1600.381
2024-08-26 15:00:00;SUDESTE/CENTRO-OESTE;SUL;848.16099999
2024-08-26 16:00:00;SUDESTE/CENTRO-OESTE;SUL;23.425
2024-08-26 17:00:00;SUDESTE/CENTRO-OESTE;SUL;-1055.81
2024-08-26 18:00:00;SUDESTE/CENTRO-OESTE;SUL;492.093
2024-08-26 19:00:00;SUDESTE/CENTRO-OESTE;SUL;1084.858
2024-08-26 20:00:00;SUDESTE/CENTRO-OESTE;SUL;438.431
2024-08-26 21:00:00;SUDESTE/CENTRO-OESTE;SUL;-165.836
2024-08-26 22:00:00;SUDESTE/CENTRO-OESTE;SUL;381.229
2024-08-26 23:00:00;SUDESTE/CENTRO-OESTE;SUL;-921.943
2024-08-27 00:00:00;SUDESTE/CENTRO-OESTE;SUL;-263.794
2024-08-27 01:00:00;SUDESTE/CENTRO-OESTE;SUL;637.629
2024-08-27 02:00:00;SUDESTE/CENTRO-OESTE;SUL;968.856
2024-08-27 03:00:00;SUDESTE/CENTRO-OESTE;SUL;1089.372
2024-08-27 04:00:00;SUDESTE/CENTRO-OESTE;SUL;563.27
2024-08-27 05:00:00;SUDESTE/CENTRO-OESTE;SUL;170.11699999
2024-08-27 06:00:00;SUDESTE/CENTRO-OESTE;SUL;1179.029
2024-08-27 07:00:00;SUDESTE/CENTRO-OESTE;SUL;1583.041
2024-08-27 08:00:00;SUDESTE/CENTRO-OESTE;SUL;3385.854
2024-08-27 09:00:00;SUDESTE/CENTRO-OESTE;SUL;4185.229
2024-08-27 10:00:00;SUDESTE/CENTRO-OESTE;SUL;5044.072
2024-08-27 11:00:00;SUDESTE/CENTRO-OESTE;SUL;4777.786
2024-08-27 12:00:00;SUDESTE/CENTRO-OESTE;SUL;4653.426
2024-08-27 13:00:00;SUDESTE/CENTRO-OESTE;SUL;3408.8
2024-08-27 14:00:00;SUDESTE/CENTRO-OESTE;SUL;2718.793
2024-08-27 15:00:00;SUDESTE/CENTRO-OESTE;SUL;1194.115
2024-08-27 16:00:00;SUDESTE/CENTRO-OESTE;SUL;1132.25
2024-08-27 17:00:00;SUDESTE/CENTRO-OESTE;SUL;540.15
2024-08-27 18:00:00;SUDESTE/CENTRO-OESTE;SUL;1246.604
2024-08-27 19:00:00;SUDESTE/CENTRO-OESTE;SUL;1592.306
2024-08-27 20:00:00;SUDESTE/CENTRO-OESTE;SUL;858.547
2024-08-27 21:00:00;SUDESTE/CENTRO-OESTE;SUL;89.421
2024-08-27 22:00:00;SUDESTE/CENTRO-OESTE;SUL;-99.491
2024-08-27 23:00:00;SUDESTE/CENTRO-OESTE;SUL;-196.882
2024-08-28 00:00:00;SUDESTE/CENTRO-OESTE;SUL;-128.116
2024-08-28 01:00:00;SUDESTE/CENTRO-OESTE;SUL;241.11
2024-08-28 02:00:00;SUDESTE/CENTRO-OESTE;SUL;918.596
2024-08-28 03:00:00;SUDESTE/CENTRO-OESTE;SUL;1388.042
2024-08-28 04:00:00;SUDESTE/CENTRO-OESTE;SUL;1129.685
2024-08-28 05:00:00;SUDESTE/CENTRO-OESTE;SUL;-354.376
2024-08-28 06:00:00;SUDESTE/CENTRO-OESTE;SUL;-322.56599999
2024-08-28 07:00:00;SUDESTE/CENTRO-OESTE;SUL;1699.042
2024-08-28 08:00:00;SUDESTE/CENTRO-OESTE;SUL;3346.514
2024-08-28 09:00:00;SUDESTE/CENTRO-OESTE;SUL;4005.063
2024-08-28 10:00:00;SUDESTE/CENTRO-OESTE;SUL;4291.179
2024-08-28 11:00:00;SUDESTE/CENTRO-OESTE;SUL;4173.146
2024-08-28 12:00:00;SUDESTE/CENTRO-OESTE;SUL;4333.964
2024-08-28 13:00:00;SUDESTE/CENTRO-OESTE;SUL;3248.967
2024-08-28 14:00:00;SUDESTE/CENTRO-OESTE;SUL;1278.60899999
2024-08-28 15:00:00;SUDESTE/CENTRO-OESTE;SUL;482.29
2024-08-28 16:00:00;SUDESTE/CENTRO-OESTE;SUL;1237.286
2024-08-28 17:00:00;SUDESTE/CENTRO-OESTE;SUL;1341.892
2024-08-28 18:00:00;SUDESTE/CENTRO-OESTE;SUL;1599.554
2024-08-28 19:00:00;SUDESTE/CENTRO-OESTE;SUL;1561.09099999
2024-08-28 20:00:00;SUDESTE/CENTRO-OESTE;SUL;-8.372
2024-08-28 21:00:00;SUDESTE/CENTRO-OESTE;SUL;-457.854
2024-08-28 22:00:00;SUDESTE/CENTRO-OESTE;SUL;6.75399999
2024-08-28 23:00:00;SUDESTE/CENTRO-OESTE;SUL;693.691
2024-08-29 00:00:00;SUDESTE/CENTRO-OESTE;SUL;768.799
2024-08-29 01:00:00;SUDESTE/CENTRO-OESTE;SUL;1483.588
2024-08-29 02:00:00;SUDESTE/CENTRO-OESTE;SUL;1746.35999999
2024-08-29 03:00:00;SUDESTE/CENTRO-OESTE;SUL;1688.01
2024-08-29 04:00:00;SUDESTE/CENTRO-OESTE;SUL;1399.356
2024-08-29 05:00:00;SUDESTE/CENTRO-OESTE;SUL;2.18
2024-08-29 06:00:00;SUDESTE/CENTRO-OESTE;SUL;-83.261
2024-08-29 07:00:00;SUDESTE/CENTRO-OESTE;SUL;1445.64
2024-08-29 08:00:00;SUDESTE/CENTRO-OESTE;SUL;2669.719
2024-08-29 09:00:00;SUDESTE/CENTRO-OESTE;SUL;2653.068
2024-08-29 10:00:00;SUDESTE/CENTRO-OESTE;SUL;2746.94999999
2024-08-29 11:00:00;SUDESTE/CENTRO-OESTE;SUL;2752.201
2024-08-29 12:00:00;SUDESTE/CENTRO-OESTE;SUL;3191.495
2024-08-29 13:00:00;SUDESTE/CENTRO-OESTE;SUL;1866.759
2024-08-29 14:00:00;SUDESTE/CENTRO-OESTE;SUL;1337.027
2024-08-29 15:00:00;SUDESTE/CENTRO-OESTE;SUL;1041.51299999
2024-08-29 16:00:00;SUDESTE/CENTRO-OESTE;SUL;627.028
2024-08-29 17:00:00;SUDESTE/CENTRO-OESTE;SUL;1240.907
2024-08-29 18:00:00;SUDESTE/CENTRO-OESTE;SUL;1196.026
2024-08-29 19:00:00;SUDESTE/CENTRO-OESTE;SUL;932.899
2024-08-29 20:00:00;SUDESTE/CENTRO-OESTE;SUL;326.45299999
2024-08-29 21:00:00;SUDESTE/CENTRO-OESTE;SUL;-809.527
2024-08-29 22:00:00;SUDESTE/CENTRO-OESTE;SUL;-718.15
2024-08-29 23:00:00;SUDESTE/CENTRO-OESTE;SUL;-656.456
2024-08-30 00:00:00;SUDESTE/CENTRO-OESTE;SUL;-315.687
2024-08-30 01:00:00;SUDESTE/CENTRO-OESTE;SUL;552.77
2024-08-30 02:00:00;SUDESTE/CENTRO-OESTE;SUL;1266.19
2024-08-30 03:00:00;SUDESTE/CENTRO-OESTE;SUL;1407.549
2024-08-30 04:00:00;SUDESTE/CENTRO-OESTE;SUL;1333.317
2024-08-30 05:00:00;SUDESTE/CENTRO-OESTE;SUL;-125.568
2024-08-30 06:00:00;SUDESTE/CENTRO-OESTE;SUL;-258.97
2024-08-30 07:00:00;SUDESTE/CENTRO-OESTE;SUL;1618.676
2024-08-30 08:00:00;SUDESTE/CENTRO-OESTE;SUL;2575.279
2024-08-30 09:00:00;SUDESTE/CENTRO-OESTE;SUL;2892.011
2024-08-30 10:00:00;SUDESTE/CENTRO-OESTE;SUL;3378.737
2024-08-30 11:00:00;SUDESTE/CENTRO-OESTE;SUL;3146.83599999
2024-08-30 12:00:00;SUDESTE/CENTRO-OESTE;SUL;3413.884
2024-08-30 13:00:00;SUDESTE/CENTRO-OESTE;SUL;2665.474
2024-08-30 14:00:00;SUDESTE/CENTRO-OESTE;SUL;1610.842
2024-08-30 15:00:00;SUDESTE/CENTRO-OESTE;SUL;2344.82499999
2024-08-30 16:00:00;SUDESTE/CENTRO-OESTE;SUL;2321.422
2024-08-30 17:00:00;SUDESTE/CENTRO-OESTE;SUL;832.378
2024-08-30 18:00:00;SUDESTE/CENTRO-OESTE;SUL;-205.812
2024-08-30 19:00:00;SUDESTE/CENTRO-OESTE;SUL;-587.726
2024-08-30 20:00:00;SUDESTE/CENTRO-OESTE;SUL;-1206.41799999
2024-08-30 21:00:00;SUDESTE/CENTRO-OESTE;SUL;-1697.332
2024-08-30 22:00:00;SUDESTE/CENTRO-OESTE;SUL;-1405.715
2024-08-30 23:00:00;SUDESTE/CENTRO-OESTE;SUL;-1596.775
2024-08-31 00:00:00;SUDESTE/CENTRO-OESTE;SUL;-2458.116
2024-08-31 01:00:00;SUDESTE/CENTRO-OESTE;SUL;-2264.143
2024-08-31 02:00:00;SUDESTE/CENTRO-OESTE;SUL;-1835.097
2024-08-31 03:00:00;SUDESTE/CENTRO-OESTE;SUL;-2613.314
2024-08-31 04:00:00;SUDESTE/CENTRO-OESTE;SUL;-3061.52799999
2024-08-31 05:00:00;SUDESTE/CENTRO-OESTE;SUL;-3246.225
2024-08-31 06:00:00;SUDESTE/CENTRO-OESTE;SUL;-1481.075
2024-08-31 07:00:00;SUDESTE/CENTRO-OESTE;SUL;2497.002
2024-08-31 08:00:00;SUDESTE/CENTRO-OESTE;SUL;1799.762
2024-08-31 09:00:00;SUDESTE/CENTRO-OESTE;SUL;1466.26
2024-08-31 10:00:00;SUDESTE/CENTRO-OESTE;SUL;1657.933
2024-08-31 11:00:00;SUDESTE/CENTRO-OESTE;SUL;1868.927
2024-08-31 12:00:00;SUDESTE/CENTRO-OESTE;SUL;1708.863
2024-08-31 13:00:00;SUDESTE/CENTRO-OESTE;SUL;1493.094
2024-08-31 14:00:00;SUDESTE/CENTRO-OESTE;SUL;558.941
2024-08-31 15:00:00;SUDESTE/CENTRO-OESTE;SUL;-608.017
2024-08-31 16:00:00;SUDESTE/CENTRO-OESTE;SUL;-957.545
2024-08-31 17:00:00;SUDESTE/CENTRO-OESTE;SUL;-2078.335
2024-08-31 18:00:00;SUDESTE/CENTRO-OESTE;SUL;-1356.81
2024-08-31 19:00:00;SUDESTE/CENTRO-OESTE;SUL;-1274.967
2024-08-31 20:00:00;SUDESTE/CENTRO-OESTE;SUL;-1021.914
2024-08-31 21:00:00;SUDESTE/CENTRO-OESTE;SUL;-750.097
2024-08-31 22:00:00;SUDESTE/CENTRO-OESTE;SUL;-1088.266
2024-08-31 23:00:00;SUDESTE/CENTRO-OESTE;SUL;-1249.978
2024-09-01 00:00:00;SUDESTE/CENTRO-OESTE;SUL;-1762.689
2024-09-01 01:00:00;SUDESTE/CENTRO-OESTE;SUL;-1224.72499999
2024-09-01 02:00:00;SUDESTE/CENTRO-OESTE;SUL;-411.23
2024-09-01 03:00:00;SUDESTE/CENTRO-OESTE;SUL;399.714
2024-09-01 04:00:00;SUDESTE/CENTRO-OESTE;SUL;960.607
2024-09-01 05:00:00;SUDESTE/CENTRO-OESTE;SUL;1104.669
2024-09-01 06:00:00;SUDESTE/CENTRO-OESTE;SUL;1481.571
2024-09-01 07:00:00;SUDESTE/CENTRO-OESTE;SUL;2354.685
2024-09-01 08:00:00;SUDESTE/CENTRO-OESTE;SUL;2618.245
2024-09-01 09:00:00;SUDESTE/CENTRO-OESTE;SUL;2791.763
2024-09-01 10:00:00;SUDESTE/CENTRO-OESTE;SUL;2836.873
2024-09-01 11:00:00;SUDESTE/CENTRO-OESTE;SUL;2731.112
2024-09-01 12:00:00;SUDESTE/CENTRO-OESTE;SUL;2107.29
2024-09-01 13:00:00;SUDESTE/CENTRO-OESTE;SUL;1210.868
2024-09-01 14:00:00;SUDESTE/CENTRO-OESTE;SUL;682.972
2024-09-01 15:00:00;SUDESTE/CENTRO-OESTE;SUL;208.298
2024-09-01 16:00:00;SUDESTE/CENTRO-OESTE;SUL;-177.399
2024-09-01 17:00:00;SUDESTE/CENTRO-OESTE;SUL;-2016.385
2024-09-01 18:00:00;SUDESTE/CENTRO-OESTE;SUL;-998.537
2024-09-01 19:00:00;SUDESTE/CENTRO-OESTE;SUL;-761.875
2024-09-01 20:00:00;SUDESTE/CENTRO-OESTE;SUL;-951.376
2024-09-01 21:00:00;SUDESTE/CENTRO-OESTE;SUL;-1140.499
2024-09-01 22:00:00;SUDESTE/CENTRO-OESTE;SUL;-1119.92699999
2024-09-01 23:00:00;SUDESTE/CENTRO-OESTE;SUL;-890.131
2024-09-02 00:00:00;SUDESTE/CENTRO-OESTE;SUL;-575.405
2024-09-02 01:00:00;SUDESTE/CENTRO-OESTE;SUL;1074.65799999
2024-09-02 02:00:00;SUDESTE/CENTRO-OESTE;SUL;2062.939
2024-09-02 03:00:00;SUDESTE/CENTRO-OESTE;SUL;2850.286
2024-09-02 04:00:00;SUDESTE/CENTRO-OESTE;SUL;2751.933
2024-09-02 05:00:00;SUDESTE/CENTRO-OESTE;SUL;2037.668
2024-09-02 06:00:00;SUDESTE/CENTRO-OESTE;SUL;2145.373
2024-09-02 07:00:00;SUDESTE/CENTRO-OESTE;SUL;3337.927
2024-09-02 08:00:00;SUDESTE/CENTRO-OESTE;SUL;4798.544
2024-09-02 09:00:00;SUDESTE/CENTRO-OESTE;SUL;4583.251
2024-09-02 10:00:00;SUDESTE/CENTRO-OESTE;SUL;4141.678
2024-09-02 11:00:00;SUDESTE/CENTRO-OESTE;SUL;3698.332
2024-09-02 12:00:00;SUDESTE/CENTRO-OESTE;SUL;3892.806
2024-09-02 13:00:00;SUDESTE/CENTRO-OESTE;SUL;2722.817
2024-09-02 14:00:00;SUDESTE/CENTRO-OESTE;SUL;1180.4
2024-09-02 15:00:00;SUDESTE/CENTRO-OESTE;SUL;1115.82199999
2024-09-02 16:00:00;SUDESTE/CENTRO-OESTE;SUL;1085.153
2024-09-02 17:00:00;SUDESTE/CENTRO-OESTE;SUL;548.962
2024-09-02 18:00:00;SUDESTE/CENTRO-OESTE;SUL;1346.02399999
2024-09-02 19:00:00;SUDESTE/CENTRO-OESTE;SUL;1843.999
2024-09-02 20:00:00;SUDESTE/CENTRO-OESTE;SUL;1378.193
2024-09-02 21:00:00;SUDESTE/CENTRO-OESTE;SUL;612.184
2024-09-02 22:00:00;SUDESTE/CENTRO-OESTE;SUL;-508.659
2024-09-02 23:00:00;SUDESTE/CENTRO-OESTE;SUL;-716.455
2024-09-03 00:00:00;SUDESTE/CENTRO-OESTE;SUL;123.654
2024-09-03 01:00:00;SUDESTE/CENTRO-OESTE;SUL;1154.901
2024-09-03 02:00:00;SUDESTE/CENTRO-OESTE;SUL;1359.583
2024-09-03 03:00:00;SUDESTE/CENTRO-OESTE;SUL;1175.0
2024-09-03 04:00:00;SUDESTE/CENTRO-OESTE;SUL;562.672
2024-09-03 05:00:00;SUDESTE/CENTRO-OESTE;SUL;-724.229
2024-09-03 06:00:00;SUDESTE/CENTRO-OESTE;SUL;310.741
2024-09-03 07:00:00;SUDESTE/CENTRO-OESTE;SUL;2860.199
2024-09-03 08:00:00;SUDESTE/CENTRO-OESTE;SUL;4325.94899999
2024-09-03 09:00:00;SUDESTE/CENTRO-OESTE;SUL;4369.874
2024-09-03 10:00:00;SUDESTE/CENTRO-OESTE;SUL;3928.698
2024-09-03 11:00:00;SUDESTE/CENTRO-OESTE;SUL;2810.858
2024-09-03 12:00:00;SUDESTE/CENTRO-OESTE;SUL;2764.123
2024-09-03 13:00:00;SUDESTE/CENTRO-OESTE;SUL;1251.991
2024-09-03 14:00:00;SUDESTE/CENTRO-OESTE;SUL;246.643
2024-09-03 15:00:00;SUDESTE/CENTRO-OESTE;SUL;505.933
2024-09-03 16:00:00;SUDESTE/CENTRO-OESTE;SUL;923.137
2024-09-03 17:00:00;SUDESTE/CENTRO-OESTE;SUL;1317.86999999
2024-09-03 18:00:00;SUDESTE/CENTRO-OESTE;SUL;2401.507
2024-09-03 19:00:00;SUDESTE/CENTRO-OESTE;SUL;2700.22899999
2024-09-03 20:00:00;SUDESTE/CENTRO-OESTE;SUL;1722.413
2024-09-03 21:00:00;SUDESTE/CENTRO-OESTE;SUL;876.738
2024-09-03 22:00:00;SUDESTE/CENTRO-OESTE;SUL;27.374
2024-09-03 23:00:00;SUDESTE/CENTRO-OESTE;SUL;-1067.48399999
2024-09-04 00:00:00;SUDESTE/CENTRO-OESTE;SUL;-1112.926
2024-09-04 01:00:00;SUDESTE/CENTRO-OESTE;SUL;58.26
2024-09-04 02:00:00;SUDESTE/CENTRO-OESTE;SUL;1358.958
2024-09-04 03:00:00;SUDESTE/CENTRO-OESTE;SUL;1641.777
2024-09-04 04:00:00;SUDESTE/CENTRO-OESTE;SUL;1586.929
2024-09-04 05:00:00;SUDESTE/CENTRO-OESTE;SUL;859.874
2024-09-04 06:00:00;SUDESTE/CENTRO-OESTE;SUL;1659.882
2024-09-04 07:00:00;SUDESTE/CENTRO-OESTE;SUL;2496.272
2024-09-04 08:00:00;SUDESTE/CENTRO-OESTE;SUL;3572.853
2024-09-04 09:00:00;SUDESTE/CENTRO-OESTE;SUL;3830.615
2024-09-04 10:00:00;SUDESTE/CENTRO-OESTE;SUL;3455.776
2024-09-04 11:00:00;SUDESTE/CENTRO-OESTE;SUL;3062.573
2024-09-04 12:00:00;SUDESTE/CENTRO-OESTE;SUL;3602.018
2024-09-04 13:00:00;SUDESTE/CENTRO-OESTE;SUL;1788.708
2024-09-04 14:00:00;SUDESTE/CENTRO-OESTE;SUL;1161.674
2024-09-04 15:00:00;SUDESTE/CENTRO-OESTE;SUL;1768.936
2024-09-04 16:00:00;SUDESTE/CENTRO-OESTE;SUL;1899.745
2024-09-04 17:00:00;SUDESTE/CENTRO-OESTE;SUL;1652.19699999
2024-09-04 18:00:00;SUDESTE/CENTRO-OESTE;SUL;2121.659
2024-09-04 19:00:00;SUDESTE/CENTRO-OESTE;SUL;1977.888
2024-09-04 20:00:00;SUDESTE/CENTRO-OESTE;SUL;1204.03299999
2024-09-04 21:00:00;SUDESTE/CENTRO-OESTE;SUL;918.923
2024-09-04 22:00:00;SUDESTE/CENTRO-OESTE;SUL;346.186
2024-09-04 23:00:00;SUDESTE/CENTRO-OESTE;SUL;-666.953
2024-09-05 00:00:00;SUDESTE/CENTRO-OESTE;SUL;99.99
2024-09-05 01:00:00;SUDESTE/CENTRO-OESTE;SUL;1588.855
2024-09-05 02:00:00;SUDESTE/CENTRO-OESTE;SUL;2251.978
2024-09-05 03:00:00;SUDESTE/CENTRO-OESTE;SUL;2781.783
2024-09-05 04:00:00;SUDESTE/CENTRO-OESTE;SUL;2728.02
2024-09-05 05:00:00;SUDESTE/CENTRO-OESTE;SUL;1945.701
2024-09-05 06:00:00;SUDESTE/CENTRO-OESTE;SUL;552.11699999
2024-09-05 07:00:00;SUDESTE/CENTRO-OESTE;SUL;1659.532
2024-09-05 08:00:00;SUDESTE/CENTRO-OESTE;SUL;3275.657
2024-09-05 09:00:00;SUDESTE/CENTRO-OESTE;SUL;4322.446
2024-09-05 10:00:00;SUDESTE/CENTRO-OESTE;SUL;3414.068
2024-09-05 11:00:00;SUDESTE/CENTRO-OESTE;SUL;2990.2
2024-09-05 12:00:00;SUDESTE/CENTRO-OESTE;SUL;3194.488
2024-09-05 13:00:00;SUDESTE/CENTRO-OESTE;SUL;2379.908
2024-09-05 14:00:00;SUDESTE/CENTRO-OESTE;SUL;1732.542
2024-09-05 15:00:00;SUDESTE/CENTRO-OESTE;SUL;1488.856
2024-09-05 16:00:00;SUDESTE/CENTRO-OESTE;SUL;1379.848
2024-09-05 17:00:00;SUDESTE/CENTRO-OESTE;SUL;1205.37899999
2024-09-05 18:00:00;SUDESTE/CENTRO-OESTE;SUL;1932.124
2024-09-05 19:00:00;SUDESTE/CENTRO-OESTE;SUL;2146.652
2024-09-05 20:00:00;SUDESTE/CENTRO-OESTE;SUL;1415.263
2024-09-05 21:00:00;SUDESTE/CENTRO-OESTE;SUL;1365.72499999
2024-09-05 22:00:00;SUDESTE/CENTRO-OESTE;SUL;1108.069
2024-09-05 23:00:00;SUDESTE/CENTRO-OESTE;SUL;-126.016
2024-09-06 00:00:00;SUDESTE/CENTRO-OESTE;SUL;-638.739
2024-09-06 01:00:00;SUDESTE/CENTRO-OESTE;SUL;453.138
2024-09-06 02:00:00;SUDESTE/CENTRO-OESTE;SUL;1285.916
2024-09-06 03:00:00;SUDESTE/CENTRO-OESTE;SUL;1969.854
2024-09-06 04:00:00;SUDESTE/CENTRO-OESTE;SUL;2104.67999999
2024-09-06 05:00:00;SUDESTE/CENTRO-OESTE;SUL;1250.07
2024-09-06 06:00:00;SUDESTE/CENTRO-OESTE;SUL;1154.36899999
2024-09-06 07:00:00;SUDESTE/CENTRO-OESTE;SUL;2570.782
2024-09-06 08:00:00;SUDESTE/CENTRO-OESTE;SUL;3157.824
2024-09-06 09:00:00;SUDESTE/CENTRO-OESTE;SUL;3331.356
2024-09-06 10:00:00;SUDESTE/CENTRO-OESTE;SUL;2985.52799999
2024-09-06 11:00:00;SUDESTE/CENTRO-OESTE;SUL;2824.291
2024-09-06 12:00:00;SUDESTE/CENTRO-OESTE;SUL;3177.529
2024-09-06 13:00:00;SUDESTE/CENTRO-OESTE;SUL;2136.174
2024-09-06 14:00:00;SUDESTE/CENTRO-OESTE;SUL;1849.675
2024-09-06 15:00:00;SUDESTE/CENTRO-OESTE;SUL;1152.837
2024-09-06 16:00:00;SUDESTE/CENTRO-OESTE;SUL;683.698
2024-09-06 17:00:00;SUDESTE/CENTRO-OESTE;SUL;-352.25
2024-09-06 18:00:00;SUDESTE/CENTRO-OESTE;SUL;988.474
2024-09-06 19:00:00;SUDESTE/CENTRO-OESTE;SUL;1295.299
2024-09-06 20:00:00;SUDESTE/CENTRO-OESTE;SUL;1075.71499999
2024-09-06 21:00:00;SUDESTE/CENTRO-OESTE;SUL;541.72299999
2024-09-06 22:00:00;SUDESTE/CENTRO-OESTE;SUL;345.279
2024-09-06 23:00:00;SUDESTE/CENTRO-OESTE;SUL;335.843
2024-09-07 00:00:00;SUDESTE/CENTRO-OESTE;SUL;-539.408
2024-09-07 01:00:00;SUDESTE/CENTRO-OESTE;SUL;881.46
2024-09-07 02:00:00;SUDESTE/CENTRO-OESTE;SUL;1767.222
2024-09-07 03:00:00;SUDESTE/CENTRO-OESTE;SUL;2360.226
2024-09-07 04:00:00;SUDESTE/CENTRO-OESTE;SUL;2486.206
2024-09-07 05:00:00;SUDESTE/CENTRO-OESTE;SUL;1679.859
2024-09-07 06:00:00;SUDESTE/CENTRO-OESTE;SUL;2616.639
2024-09-07 07:00:00;SUDESTE/CENTRO-OESTE;SUL;3798.089
2024-09-07 08:00:00;SUDESTE/CENTRO-OESTE;SUL;4023.758
2024-09-07 09:00:00;SUDESTE/CENTRO-OESTE;SUL;3762.304
2024-09-07 10:00:00;SUDESTE/CENTRO-OESTE;SUL;3096.126
2024-09-07 11:00:00;SUDESTE/CENTRO-OESTE;SUL;2591.31
2024-09-07 12:00:00;SUDESTE/CENTRO-OESTE;SUL;2152.23799999
2024-09-07 13:00:00;SUDESTE/CENTRO-OESTE;SUL;2085.299
2024-09-07 14:00:00;SUDESTE/CENTRO-OESTE;SUL;1586.346
2024-09-07 15:00:00;SUDESTE/CENTRO-OESTE;SUL;747.928
2024-09-07 16:00:00;SUDESTE/CENTRO-OESTE;SUL;737.717
2024-09-07 17:00:00;SUDESTE/CENTRO-OESTE;SUL;-530.106
2024-09-07 18:00:00;SUDESTE/CENTRO-OESTE;SUL;-19.395
2024-09-07 19:00:00;SUDESTE/CENTRO-OESTE;SUL;-242.564
2024-09-07 20:00:00;SUDESTE/CENTRO-OESTE;SUL;-835.141
2024-09-07 21:00:00;SUDESTE/CENTRO-OESTE;SUL;-1232.353
2024-09-07 22:00:00;SUDESTE/CENTRO-OESTE;SUL;-1749.008
2024-09-07 23:00:00;SUDESTE/CENTRO-OESTE;SUL;-1304.416
2024-09-08 00:00:00;SUDESTE/CENTRO-OESTE;SUL;-873.545
2024-09-08 01:00:00;SUDESTE/CENTRO-OESTE;SUL;-814.562
2024-09-08 02:00:00;SUDESTE/CENTRO-OESTE;SUL;-7.464
2024-09-08 03:00:00;SUDESTE/CENTRO-OESTE;SUL;526.63
2024-09-08 04:00:00;SUDESTE/CENTRO-OESTE;SUL;540.45399999
2024-09-08 05:00:00;SUDESTE/CENTRO-OESTE;SUL;926.592
2024-09-08 06:00:00;SUDESTE/CENTRO-OESTE;SUL;1648.465
2024-09-08 07:00:00;SUDESTE/CENTRO-OESTE;SUL;2497.06599999
2024-09-08 08:00:00;SUDESTE/CENTRO-OESTE;SUL;468.187
2024-09-08 09:00:00;SUDESTE/CENTRO-OESTE;SUL;261.344
2024-09-08 10:00:00;SUDESTE/CENTRO-OESTE;SUL;203.595
2024-09-08 11:00:00;SUDESTE/CENTRO-OESTE;SUL;-441.986
2024-09-08 12:00:00;SUDESTE/CENTRO-OESTE;SUL;-285.346
2024-09-08 13:00:00;SUDESTE/CENTRO-OESTE;SUL;332.867
2024-09-08 14:00:00;SUDESTE/CENTRO-OESTE;SUL;692.097
2024-09-08 15:00:00;SUDESTE/CENTRO-OESTE;SUL;-715.30999999
2024-09-08 16:00:00;SUDESTE/CENTRO-OESTE;SUL;-504.369
2024-09-08 17:00:00;SUDESTE/CENTRO-OESTE;SUL;486.373
2024-09-08 18:00:00;SUDESTE/CENTRO-OESTE;SUL;80.132
2024-09-08 19:00:00;SUDESTE/CENTRO-OESTE;SUL;-539.821
2024-09-08 20:00:00;SUDESTE/CENTRO-OESTE;SUL;-1072.074
2024-09-08 21:00:00;SUDESTE/CENTRO-OESTE;SUL;-1652.09099999
2024-09-08 22:00:00;SUDESTE/CENTRO-OESTE;SUL;-2091.906
2024-09-08 23:00:00;SUDESTE/CENTRO-OESTE;SUL;-2600.982
2024-09-09 00:00:00;SUDESTE/CENTRO-OESTE;SUL;-2372.199
2024-09-09 01:00:00;SUDESTE/CENTRO-OESTE;SUL;-668.702
2024-09-09 02:00:00;SUDESTE/CENTRO-OESTE;SUL;289.826
2024-09-09 03:00:00;SUDESTE/CENTRO-OESTE;SUL;701.934
2024-09-09 04:00:00;SUDESTE/CENTRO-OESTE;SUL;431.346
2024-09-09 05:00:00;SUDESTE/CENTRO-OESTE;SUL;-382.231
2024-09-09 06:00:00;SUDESTE/CENTRO-OESTE;SUL;-101.293
2024-09-09 07:00:00;SUDESTE/CENTRO-OESTE;SUL;1413.27399999
2024-09-09 08:00:00;SUDESTE/CENTRO-OESTE;SUL;2919.088
2024-09-09 09:00:00;SUDESTE/CENTRO-OESTE;SUL;3553.38
2024-09-09 10:00:00;SUDESTE/CENTRO-OESTE;SUL;2657.10399999
2024-09-09 11:00:00;SUDESTE/CENTRO-OESTE;SUL;2089.105
2024-09-09 12:00:00;SUDESTE/CENTRO-OESTE;SUL;2168.159
2024-09-09 13:00:00;SUDESTE/CENTRO-OESTE;SUL;1094.06199999
2024-09-09 14:00:00;SUDESTE/CENTRO-OESTE;SUL;848.064
2024-09-09 15:00:00;SUDESTE/CENTRO-OESTE;SUL;418.568
2024-09-09 16:00:00;SUDESTE/CENTRO-OESTE;SUL;674.763
2024-09-09 17:00:00;SUDESTE/CENTRO-OESTE;SUL;107.44
2024-09-09 18:00:00;SUDESTE/CENTRO-OESTE;SUL;878.432
2024-09-09 19:00:00;SUDESTE/CENTRO-OESTE;SUL;1322.996
2024-09-09 20:00:00;SUDESTE/CENTRO-OESTE;SUL;1145.291
2024-09-09 21:00:00;SUDESTE/CENTRO-OESTE;SUL;564.538
2024-09-09 22:00:00;SUDESTE/CENTRO-OESTE;SUL;-440.206
2024-09-09 23:00:00;SUDESTE/CENTRO-OESTE;SUL;-1168.839
2024-09-10 00:00:00;SUDESTE/CENTRO-OESTE;SUL;-1044.517
2024-09-10 01:00:00;SUDESTE/CENTRO-OESTE;SUL;-865.57
2024-09-10 02:00:00;SUDESTE/CENTRO-OESTE;SUL;-253.939
2024-09-10 03:00:00;SUDESTE/CENTRO-OESTE;SUL;-107.865
2024-09-10 04:00:00;SUDESTE/CENTRO-OESTE;SUL;-257.433
2024-09-10 05:00:00;SUDESTE/CENTRO-OESTE;SUL;-721.706
2024-09-10 06:00:00;SUDESTE/CENTRO-OESTE;SUL;725.703
2024-09-10 07:00:00;SUDESTE/CENTRO-OESTE;SUL;2099.455
2024-09-10 08:00:00;SUDESTE/CENTRO-OESTE;SUL;1473.772
2024-09-10 09:00:00;SUDESTE/CENTRO-OESTE;SUL;1476.458
2024-09-10 10:00:00;SUDESTE/CENTRO-OESTE;SUL;1775.237
2024-09-10 11:00:00;SUDESTE/CENTRO-OESTE;SUL;1496.932
2024-09-10 12:00:00;SUDESTE/CENTRO-OESTE;SUL;2297.207
2024-09-10 13:00:00;SUDESTE/CENTRO-OESTE;SUL;2354.29799999
2024-09-10 14:00:00;SUDESTE/CENTRO-OESTE;SUL;1595.343
2024-09-10 15:00:00;SUDESTE/CENTRO-OESTE;SUL;1347.434
2024-09-10 16:00:00;SUDESTE/CENTRO-OESTE;SUL;1691.109
2024-09-10 17:00:00;SUDESTE/CENTRO-OESTE;SUL;2054.498
2024-09-10 18:00:00;SUDESTE/CENTRO-OESTE;SUL;2961.858
2024-09-10 19:00:00;SUDESTE/CENTRO-OESTE;SUL;3323.815
2024-09-10 20:00:00;SUDESTE/CENTRO-OESTE;SUL;2032.063
2024-09-10 21:00:00;SUDESTE/CENTRO-OESTE;SUL;1114.535
2024-09-10 22:00:00;SUDESTE/CENTRO-OESTE;SUL;877.488
2024-09-10 23:00:00;SUDESTE/CENTRO-OESTE;SUL;3.988
2024-09-11 00:00:00;SUDESTE/CENTRO-OESTE;SUL;185.139
2024-09-11 01:00:00;SUDESTE/CENTRO-OESTE;SUL;1113.88799999
2024-09-11 02:00:00;SUDESTE/CENTRO-OESTE;SUL;1815.658
2024-09-11 03:00:00;SUDESTE/CENTRO-OESTE;SUL;1550.368
2024-09-11 04:00:00;SUDESTE/CENTRO-OESTE;SUL;1804.754
2024-09-11 05:00:00;SUDESTE/CENTRO-OESTE;SUL;705.43499999
2024-09-11 06:00:00;SUDESTE/CENTRO-OESTE;SUL;1008.483
2024-09-11 07:00:00;SUDESTE/CENTRO-OESTE;SUL;3776.568
2024-09-11 08:00:00;SUDESTE/CENTRO-OESTE;SUL;4428.762
2024-09-11 09:00:00;SUDESTE/CENTRO-OESTE;SUL;3919.634
2024-09-11 10:00:00;SUDESTE/CENTRO-OESTE;SUL;4634.621
2024-09-11 11:00:00;SUDESTE/CENTRO-OESTE;SUL;5344.938
2024-09-11 12:00:00;SUDESTE/CENTRO-OESTE;SUL;4742.511
2024-09-11 13:00:00;SUDESTE/CENTRO-OESTE;SUL;3763.654
2024-09-11 14:00:00;SUDESTE/CENTRO-OESTE;SUL;2675.73799999
2024-09-11 15:00:00;SUDESTE/CENTRO-OESTE;SUL;2420.257
2024-09-11 16:00:00;SUDESTE/CENTRO-OESTE;SUL;1520.925
2024-09-11 17:00:00;SUDESTE/CENTRO-OESTE;SUL;213.47
2024-09-11 18:00:00;SUDESTE/CENTRO-OESTE;SUL;606.91099999
2024-09-11 19:00:00;SUDESTE/CENTRO-OESTE;SUL;1309.732
2024-09-11 20:00:00;SUDESTE/CENTRO-OESTE;SUL;799.823
2024-09-11 21:00:00;SUDESTE/CENTRO-OESTE;SUL;64.024
2024-09-11 22:00:00;SUDESTE/CENTRO-OESTE;SUL;24.198
2024-09-11 23:00:00;SUDESTE/CENTRO-OESTE;SUL;-46.439
2024-09-12 00:00:00;SUDESTE/CENTRO-OESTE;SUL;382.348
2024-09-12 01:00:00;SUDESTE/CENTRO-OESTE;SUL;966.702
2024-09-12 02:00:00;SUDESTE/CENTRO-OESTE;SUL;1627.037
2024-09-12 03:00:00;SUDESTE/CENTRO-OESTE;SUL;1604.516
2024-09-12 04:00:00;SUDESTE/CENTRO-OESTE;SUL;1795.769
2024-09-12 05:00:00;SUDESTE/CENTRO-OESTE;SUL;1786.938
2024-09-12 06:00:00;SUDESTE/CENTRO-OESTE;SUL;1885.674
2024-09-12 07:00:00;SUDESTE/CENTRO-OESTE;SUL;3021.092
2024-09-12 08:00:00;SUDESTE/CENTRO-OESTE;SUL;3792.498
2024-09-12 09:00:00;SUDESTE/CENTRO-OESTE;SUL;4699.46
2024-09-12 10:00:00;SUDESTE/CENTRO-OESTE;SUL;4617.039
2024-09-12 11:00:00;SUDESTE/CENTRO-OESTE;SUL;5241.837
2024-09-12 12:00:00;SUDESTE/CENTRO-OESTE;SUL;5377.82399999
2024-09-12 13:00:00;SUDESTE/CENTRO-OESTE;SUL;5220.33
2024-09-12 14:00:00;SUDESTE/CENTRO-OESTE;SUL;3617.807
2024-09-12 15:00:00;SUDESTE/CENTRO-OESTE;SUL;1972.187
2024-09-12 16:00:00;SUDESTE/CENTRO-OESTE;SUL;1248.86899999
2024-09-12 17:00:00;SUDESTE/CENTRO-OESTE;SUL;631.936
2024-09-12 18:00:00;SUDESTE/CENTRO-OESTE;SUL;801.874
2024-09-12 19:00:00;SUDESTE/CENTRO-OESTE;SUL;1028.551
2024-09-12 20:00:00;SUDESTE/CENTRO-OESTE;SUL;621.664
2024-09-12 21:00:00;SUDESTE/CENTRO-OESTE;SUL;227.514
2024-09-12 22:00:00;SUDESTE/CENTRO-OESTE;SUL;-418.682
2024-09-12 23:00:00;SUDESTE/CENTRO-OESTE;SUL;-249.842
2024-09-13 00:00:00;SUDESTE/CENTRO-OESTE;SUL;256.45999999
2024-09-13 01:00:00;SUDESTE/CENTRO-OESTE;SUL;988.293
2024-09-13 02:00:00;SUDESTE/CENTRO-OESTE;SUL;1023.461
2024-09-13 03:00:00;SUDESTE/CENTRO-OESTE;SUL;1038.84099999
2024-09-13 04:00:00;SUDESTE/CENTRO-OESTE;SUL;1213.84099999
2024-09-13 05:00:00;SUDESTE/CENTRO-OESTE;SUL;129.73599999
2024-09-13 06:00:00;SUDESTE/CENTRO-OESTE;SUL;351.782
2024-09-13 07:00:00;SUDESTE/CENTRO-OESTE;SUL;2545.815
2024-09-13 08:00:00;SUDESTE/CENTRO-OESTE;SUL;4376.462
2024-09-13 09:00:00;SUDESTE/CENTRO-OESTE;SUL;4695.906
2024-09-13 10:00:00;SUDESTE/CENTRO-OESTE;SUL;4782.374
2024-09-13 11:00:00;SUDESTE/CENTRO-OESTE;SUL;4888.706
2024-09-13 12:00:00;SUDESTE/CENTRO-OESTE;SUL;4817.049
2024-09-13 13:00:00;SUDESTE/CENTRO-OESTE;SUL;3628.767
2024-09-13 14:00:00;SUDESTE/CENTRO-OESTE;SUL;2782.174
2024-09-13 15:00:00;SUDESTE/CENTRO-OESTE;SUL;2084.135
2024-09-13 16:00:00;SUDESTE/CENTRO-OESTE;SUL;2098.256
2024-09-13 17:00:00;SUDESTE/CENTRO-OESTE;SUL;384.265
2024-09-13 18:00:00;SUDESTE/CENTRO-OESTE;SUL;542.97
2024-09-13 19:00:00;SUDESTE/CENTRO-OESTE;SUL;1222.605
2024-09-13 20:00:00;SUDESTE/CENTRO-OESTE;SUL;499.477
2024-09-13 21:00:00;SUDESTE/CENTRO-OESTE;SUL;-23.303
2024-09-13 22:00:00;SUDESTE/CENTRO-OESTE;SUL;-633.47799999
2024-09-13 23:00:00;SUDESTE/CENTRO-OESTE;SUL;-864.372
2024-09-14 00:00:00;SUDESTE/CENTRO-OESTE;SUL;-1080.574
2024-09-14 01:00:00;SUDESTE/CENTRO-OESTE;SUL;-696.889
2024-09-14 02:00:00;SUDESTE/CENTRO-OESTE;SUL;462.108
2024-09-14 03:00:00;SUDESTE/CENTRO-OESTE;SUL;675.71799999
2024-09-14 04:00:00;SUDESTE/CENTRO-OESTE;SUL;446.255
2024-09-14 05:00:00;SUDESTE/CENTRO-OESTE;SUL;563.476
2024-09-14 06:00:00;SUDESTE/CENTRO-OESTE;SUL;1229.384
2024-09-14 07:00:00;SUDESTE/CENTRO-OESTE;SUL;3089.321
2024-09-14 08:00:00;SUDESTE/CENTRO-OESTE;SUL;3237.523
2024-09-14 09:00:00;SUDESTE/CENTRO-OESTE;SUL;2387.12199999
2024-09-14 10:00:00;SUDESTE/CENTRO-OESTE;SUL;1712.627
2024-09-14 11:00:00;SUDESTE/CENTRO-OESTE;SUL;1742.036
2024-09-14 12:00:00;SUDESTE/CENTRO-OESTE;SUL;1560.998
2024-09-14 13:00:00;SUDESTE/CENTRO-OESTE;SUL;543.49
2024-09-14 14:00:00;SUDESTE/CENTRO-OESTE;SUL;-767.848
2024-09-14 15:00:00;SUDESTE/CENTRO-OESTE;SUL;-685.809
2024-09-14 16:00:00;SUDESTE/CENTRO-OESTE;SUL;-909.334
2024-09-14 17:00:00;SUDESTE/CENTRO-OESTE;SUL;-1597.81
2024-09-14 18:00:00;SUDESTE/CENTRO-OESTE;SUL;-638.398
2024-09-14 19:00:00;SUDESTE/CENTRO-OESTE;SUL;801.743
2024-09-14 20:00:00;SUDESTE/CENTRO-OESTE;SUL;-24.008
2024-09-14 21:00:00;SUDESTE/CENTRO-OESTE;SUL;-1327.046
2024-09-14 22:00:00;SUDESTE/CENTRO-OESTE;SUL;-1284.01399999
2024-09-14 23:00:00;SUDESTE/CENTRO-OESTE;SUL;-1146.576
2024-09-15 00:00:00;SUDESTE/CENTRO-OESTE;SUL;-1047.357
2024-09-15 01:00:00;SUDESTE/CENTRO-OESTE;SUL;-377.126
2024-09-15 02:00:00;SUDESTE/CENTRO-OESTE;SUL;-550.57899999
2024-09-15 03:00:00;SUDESTE/CENTRO-OESTE;SUL;-197.137
2024-09-15 04:00:00;SUDESTE/CENTRO-OESTE;SUL;-201.588
2024-09-15 05:00:00;SUDESTE/CENTRO-OESTE;SUL;-254.868
2024-09-15 06:00:00;SUDESTE/CENTRO-OESTE;SUL;1318.592
2024-09-15 07:00:00;SUDESTE/CENTRO-OESTE;SUL;2753.577
2024-09-15 08:00:00;SUDESTE/CENTRO-OESTE;SUL;3424.325
2024-09-15 09:00:00;SUDESTE/CENTRO-OESTE;SUL;3966.139
2024-09-15 10:00:00;SUDESTE/CENTRO-OESTE;SUL;4109.18
2024-09-15 11:00:00;SUDESTE/CENTRO-OESTE;SUL;3991.716
2024-09-15 12:00:00;SUDESTE/CENTRO-OESTE;SUL;3738.689
2024-09-15 13:00:00;SUDESTE/CENTRO-OESTE;SUL;3380.112
2024-09-15 14:00:00;SUDESTE/CENTRO-OESTE;SUL;3484.23999999
2024-09-15 15:00:00;SUDESTE/CENTRO-OESTE;SUL;2912.716
2024-09-15 16:00:00;SUDESTE/CENTRO-OESTE;SUL;1890.952
2024-09-15 17:00:00;SUDESTE/CENTRO-OESTE;SUL;519.855
2024-09-15 18:00:00;SUDESTE/CENTRO-OESTE;SUL;927.359
2024-09-15 19:00:00;SUDESTE/CENTRO-OESTE;SUL;1475.287
2024-09-15 20:00:00;SUDESTE/CENTRO-OESTE;SUL;702.54
2024-09-15 21:00:00;SUDESTE/CENTRO-OESTE;SUL;-432.612
2024-09-15 22:00:00;SUDESTE/CENTRO-OESTE;SUL;-321.357
2024-09-15 23:00:00;SUDESTE/CENTRO-OESTE;SUL;-600.639
2024-09-16 00:00:00;SUDESTE/CENTRO-OESTE;SUL;-806.564
2024-09-16 01:00:00;SUDESTE/CENTRO-OESTE;SUL;50.899
2024-09-16 02:00:00;SUDESTE/CENTRO-OESTE;SUL;889.785
2024-09-16 03:00:00;SUDESTE/CENTRO-OESTE;SUL;1400.66799999
2024-09-16 04:00:00;SUDESTE/CENTRO-OESTE;SUL;1307.53299999
2024-09-16 05:00:00;SUDESTE/CENTRO-OESTE;SUL;234.775
2024-09-16 06:00:00;SUDESTE/CENTRO-OESTE;SUL;824.931
2024-09-16 07:00:00;SUDESTE/CENTRO-OESTE;SUL;2265.471
2024-09-16 08:00:00;SUDESTE/CENTRO-OESTE;SUL;2325.61
2024-09-16 09:00:00;SUDESTE/CENTRO-OESTE;SUL;2903.363
2024-09-16 10:00:00;SUDESTE/CENTRO-OESTE;SUL;3069.002
2024-09-16 11:00:00;SUDESTE/CENTRO-OESTE;SUL;2912.935
2024-09-16 12:00:00;SUDESTE/CENTRO-OESTE;SUL;2025.881
2024-09-16 13:00:00;SUDESTE/CENTRO-OESTE;SUL;2604.495
2024-09-16 14:00:00;SUDESTE/CENTRO-OESTE;SUL;1660.179
2024-09-16 15:00:00;SUDESTE/CENTRO-OESTE;SUL;973.402
2024-09-16 16:00:00;SUDESTE/CENTRO-OESTE;SUL;425.717
2024-09-16 17:00:00;SUDESTE/CENTRO-OESTE;SUL;-747.501
2024-09-16 18:00:00;SUDESTE/CENTRO-OESTE;SUL;885.336
2024-09-16 19:00:00;SUDESTE/CENTRO-OESTE;SUL;2308.612
2024-09-16 20:00:00;SUDESTE/CENTRO-OESTE;SUL;2014.651
2024-09-16 21:00:00;SUDESTE/CENTRO-OESTE;SUL;870.45399999
2024-09-16 22:00:00;SUDESTE/CENTRO-OESTE;SUL;387.39299999
2024-09-16 23:00:00;SUDESTE/CENTRO-OESTE;SUL;634.42499999
2024-09-17 00:00:00;SUDESTE/CENTRO-OESTE;SUL;610.371
2024-09-17 01:00:00;SUDESTE/CENTRO-OESTE;SUL;848.905
2024-09-17 02:00:00;SUDESTE/CENTRO-OESTE;SUL;1880.647
2024-09-17 03:00:00;SUDESTE/CENTRO-OESTE;SUL;2574.534
2024-09-17 04:00:00;SUDESTE/CENTRO-OESTE;SUL;2514.862
2024-09-17 05:00:00;SUDESTE/CENTRO-OESTE;SUL;1405.349
2024-09-17 06:00:00;SUDESTE/CENTRO-OESTE;SUL;1491.497
2024-09-17 07:00:00;SUDESTE/CENTRO-OESTE;SUL;2670.906
2024-09-17 08:00:00;SUDESTE/CENTRO-OESTE;SUL;3579.519
2024-09-17 09:00:00;SUDESTE/CENTRO-OESTE;SUL;4461.992
2024-09-17 10:00:00;SUDESTE/CENTRO-OESTE;SUL;4495.17699999
2024-09-17 11:00:00;SUDESTE/CENTRO-OESTE;SUL;4686.8
2024-09-17 12:00:00;SUDESTE/CENTRO-OESTE;SUL;3990.84
2024-09-17 13:00:00;SUDESTE/CENTRO-OESTE;SUL;4164.252
2024-09-17 14:00:00;SUDESTE/CENTRO-OESTE;SUL;3006.126
2024-09-17 15:00:00;SUDESTE/CENTRO-OESTE;SUL;1125.932
2024-09-17 16:00:00;SUDESTE/CENTRO-OESTE;SUL;-384.969
2024-09-17 17:00:00;SUDESTE/CENTRO-OESTE;SUL;-556.743
2024-09-17 18:00:00;SUDESTE/CENTRO-OESTE;SUL;672.696
2024-09-17 19:00:00;SUDESTE/CENTRO-OESTE;SUL;1663.906
2024-09-17 20:00:00;SUDESTE/CENTRO-OESTE;SUL;78.715
2024-09-17 21:00:00;SUDESTE/CENTRO-OESTE;SUL;-1093.784
2024-09-17 22:00:00;SUDESTE/CENTRO-OESTE;SUL;-2164.373
2024-09-17 23:00:00;SUDESTE/CENTRO-OESTE;SUL;-2710.881
2024-09-18 00:00:00;SUDESTE/CENTRO-OESTE;SUL;-543.82399999
2024-09-18 01:00:00;SUDESTE/CENTRO-OESTE;SUL;1032.94599999
2024-09-18 02:00:00;SUDESTE/CENTRO-OESTE;SUL;1955.217
2024-09-18 03:00:00;SUDESTE/CENTRO-OESTE;SUL;2488.98
2024-09-18 04:00:00;SUDESTE/CENTRO-OESTE;SUL;2679.224
2024-09-18 05:00:00;SUDESTE/CENTRO-OESTE;SUL;1621.297
2024-09-18 06:00:00;SUDESTE/CENTRO-OESTE;SUL;916.326
2024-09-18 07:00:00;SUDESTE/CENTRO-OESTE;SUL;2462.60399999
2024-09-18 08:00:00;SUDESTE/CENTRO-OESTE;SUL;3763.907
2024-09-18 09:00:00;SUDESTE/CENTRO-OESTE;SUL;5209.633
2024-09-18 10:00:00;SUDESTE/CENTRO-OESTE;SUL;5146.588
2024-09-18 11:00:00;SUDESTE/CENTRO-OESTE;SUL;5097.707
2024-09-18 12:00:00;SUDESTE/CENTRO-OESTE;SUL;4637.261
2024-09-18 13:00:00;SUDESTE/CENTRO-OESTE;SUL;4299.959
2024-09-18 14:00:00;SUDESTE/CENTRO-OESTE;SUL;3429.53
2024-09-18 15:00:00;SUDESTE/CENTRO-OESTE;SUL;2344.491
2024-09-18 16:00:00;SUDESTE/CENTRO-OESTE;SUL;-12.253
2024-09-18 17:00:00;SUDESTE/CENTRO-OESTE;SUL;-1328.229
2024-09-18 18:00:00;SUDESTE/CENTRO-OESTE;SUL;-266.591
2024-09-18 19:00:00;SUDESTE/CENTRO-OESTE;SUL;165.095
2024-09-18 20:00:00;SUDESTE/CENTRO-OESTE;SUL;-383.616
2024-09-18 21:00:00;SUDESTE/CENTRO-OESTE;SUL;-1015.759
2024-09-18 22:00:00;SUDESTE/CENTRO-OESTE;SUL;-1693.404
2024-09-18 23:00:00;SUDESTE/CENTRO-OESTE;SUL;-1270.565
2024-09-19 00:00:00;SUDESTE/CENTRO-OESTE;SUL;190.419
2024-09-19 01:00:00;SUDESTE/CENTRO-OESTE;SUL;1849.49
2024-09-19 02:00:00;SUDESTE/CENTRO-OESTE;SUL;2445.574
2024-09-19 03:00:00;SUDESTE/CENTRO-OESTE;SUL;2674.634
2024-09-19 04:00:00;SUDESTE/CENTRO-OESTE;SUL;2327.731
2024-09-19 05:00:00;SUDESTE/CENTRO-OESTE;SUL;1699.986
2024-09-19 06:00:00;SUDESTE/CENTRO-OESTE;SUL;1769.501
2024-09-19 07:00:00;SUDESTE/CENTRO-OESTE;SUL;3047.914
2024-09-19 08:00:00;SUDESTE/CENTRO-OESTE;SUL;5329.84599999
2024-09-19 09:00:00;SUDESTE/CENTRO-OESTE;SUL;5879.601
2024-09-19 10:00:00;SUDESTE/CENTRO-OESTE;SUL;5230.118
2024-09-19 11:00:00;SUDESTE/CENTRO-OESTE;SUL;4928.082
2024-09-19 12:00:00;SUDESTE/CENTRO-OESTE;SUL;3921.704
2024-09-19 13:00:00;SUDESTE/CENTRO-OESTE;SUL;4129.423
2024-09-19 14:00:00;SUDESTE/CENTRO-OESTE;SUL;2763.012
2024-09-19 15:00:00;SUDESTE/CENTRO-OESTE;SUL;221.953
2024-09-19 16:00:00;SUDESTE/CENTRO-OESTE;SUL;-388.231
2024-09-19 17:00:00;SUDESTE/CENTRO-OESTE;SUL;106.017
2024-09-19 18:00:00;SUDESTE/CENTRO-OESTE;SUL;1467.934
2024-09-19 19:00:00;SUDESTE/CENTRO-OESTE;SUL;2045.993
2024-09-19 20:00:00;SUDESTE/CENTRO-OESTE;SUL;505.089
2024-09-19 21:00:00;SUDESTE/CENTRO-OESTE;SUL;-104.078
2024-09-19 22:00:00;SUDESTE/CENTRO-OESTE;SUL;-427.529
2024-09-19 23:00:00;SUDESTE/CENTRO-OESTE;SUL;-688.889
2024-09-20 00:00:00;SUDESTE/CENTRO-OESTE;SUL;-443.859
2024-09-20 01:00:00;SUDESTE/CENTRO-OESTE;SUL;168.782
2024-09-20 02:00:00;SUDESTE/CENTRO-OESTE;SUL;1158.16
2024-09-20 03:00:00;SUDESTE/CENTRO-OESTE;SUL;2275.152
2024-09-20 04:00:00;SUDESTE/CENTRO-OESTE;SUL;2649.727
2024-09-20 05:00:00;SUDESTE/CENTRO-OESTE;SUL;1623.961
2024-09-20 06:00:00;SUDESTE/CENTRO-OESTE;SUL;1645.099
2024-09-20 07:00:00;SUDESTE/CENTRO-OESTE;SUL;2784.038
2024-09-20 08:00:00;SUDESTE/CENTRO-OESTE;SUL;3746.91
2024-09-20 09:00:00;SUDESTE/CENTRO-OESTE;SUL;4641.96699999
2024-09-20 10:00:00;SUDESTE/CENTRO-OESTE;SUL;4761.103
2024-09-20 11:00:00;SUDESTE/CENTRO-OESTE;SUL;4492.5
2024-09-20 12:00:00;SUDESTE/CENTRO-OESTE;SUL;4313.067
2024-09-20 13:00:00;SUDESTE/CENTRO-OESTE;SUL;4315.695
2024-09-20 14:00:00;SUDESTE/CENTRO-OESTE;SUL;3188.468
2024-09-20 15:00:00;SUDESTE/CENTRO-OESTE;SUL;224.968
2024-09-20 16:00:00;SUDESTE/CENTRO-OESTE;SUL;-1728.625
2024-09-20 17:00:00;SUDESTE/CENTRO-OESTE;SUL;-1777.007
2024-09-20 18:00:00;SUDESTE/CENTRO-OESTE;SUL;233.307
2024-09-20 19:00:00;SUDESTE/CENTRO-OESTE;SUL;1070.174
2024-09-20 20:00:00;SUDESTE/CENTRO-OESTE;SUL;-172.95
2024-09-20 21:00:00;SUDESTE/CENTRO-OESTE;SUL;-1491.324
2024-09-20 22:00:00;SUDESTE/CENTRO-OESTE;SUL;-1373.038
2024-09-20 23:00:00;SUDESTE/CENTRO-OESTE;SUL;-2074.719
2024-09-21 00:00:00;SUDESTE/CENTRO-OESTE;SUL;-2650.39199999
2024-09-21 01:00:00;SUDESTE/CENTRO-OESTE;SUL;-2075.588
2024-09-21 02:00:00;SUDESTE/CENTRO-OESTE;SUL;-1715.337
2024-09-21 03:00:00;SUDESTE/CENTRO-OESTE;SUL;-1001.655
2024-09-21 04:00:00;SUDESTE/CENTRO-OESTE;SUL;-432.654
2024-09-21 05:00:00;SUDESTE/CENTRO-OESTE;SUL;-188.649
2024-09-21 06:00:00;SUDESTE/CENTRO-OESTE;SUL;541.672
2024-09-21 07:00:00;SUDESTE/CENTRO-OESTE;SUL;2451.611
2024-09-21 08:00:00;SUDESTE/CENTRO-OESTE;SUL;3303.126
2024-09-21 09:00:00;SUDESTE/CENTRO-OESTE;SUL;3297.024
2024-09-21 10:00:00;SUDESTE/CENTRO-OESTE;SUL;2850.71
2024-09-21 11:00:00;SUDESTE/CENTRO-OESTE;SUL;2218.40299999
2024-09-21 12:00:00;SUDESTE/CENTRO-OESTE;SUL;1595.067
2024-09-21 13:00:00;SUDESTE/CENTRO-OESTE;SUL;1042.353
2024-09-21 14:00:00;SUDESTE/CENTRO-OESTE;SUL;203.187
2024-09-21 15:00:00;SUDESTE/CENTRO-OESTE;SUL;-1797.67
2024-09-21 16:00:00;SUDESTE/CENTRO-OESTE;SUL;-3511.448
2024-09-21 17:00:00;SUDESTE/CENTRO-OESTE;SUL;-4093.587
2024-09-21 18:00:00;SUDESTE/CENTRO-OESTE;SUL;-2754.37
2024-09-21 19:00:00;SUDESTE/CENTRO-OESTE;SUL;-2360.523
2024-09-21 20:00:00;SUDESTE/CENTRO-OESTE;SUL;-2696.212
2024-09-21 21:00:00;SUDESTE/CENTRO-OESTE;SUL;-3224.621
2024-09-21 22:00:00;SUDESTE/CENTRO-OESTE;SUL;-3066.11
2024-09-21 23:00:00;SUDESTE/CENTRO-OESTE;SUL;-3456.797
2024-09-22 00:00:00;SUDESTE/CENTRO-OESTE;SUL;-3380.545
2024-09-22 01:00:00;SUDESTE/CENTRO-OESTE;SUL;-2897.74899999
2024-09-22 02:00:00;SUDESTE/CENTRO-OESTE;SUL;-2020.226
2024-09-22 03:00:00;SUDESTE/CENTRO-OESTE;SUL;-1522.115
2024-09-22 04:00:00;SUDESTE/CENTRO-OESTE;SUL;-1510.148
2024-09-22 05:00:00;SUDESTE/CENTRO-OESTE;SUL;-1406.371
2024-09-22 06:00:00;SUDESTE/CENTRO-OESTE;SUL;-419.863
2024-09-22 07:00:00;SUDESTE/CENTRO-OESTE;SUL;568.902
2024-09-22 08:00:00;SUDESTE/CENTRO-OESTE;SUL;1619.712
2024-09-22 09:00:00;SUDESTE/CENTRO-OESTE;SUL;2055.149
2024-09-22 10:00:00;SUDESTE/CENTRO-OESTE;SUL;1781.287
2024-09-22 11:00:00;SUDESTE/CENTRO-OESTE;SUL;1038.893
2024-09-22 12:00:00;SUDESTE/CENTRO-OESTE;SUL;455.125
2024-09-22 13:00:00;SUDESTE/CENTRO-OESTE;SUL;229.976
2024-09-22 14:00:00;SUDESTE/CENTRO-OESTE;SUL;250.165
2024-09-22 15:00:00;SUDESTE/CENTRO-OESTE;SUL;204.597
2024-09-22 16:00:00;SUDESTE/CENTRO-OESTE;SUL;-688.939
2024-09-22 17:00:00;SUDESTE/CENTRO-OESTE;SUL;-2221.77
2024-09-22 18:00:00;SUDESTE/CENTRO-OESTE;SUL;-1027.03299999
2024-09-22 19:00:00;SUDESTE/CENTRO-OESTE;SUL;82.186
2024-09-22 20:00:00;SUDESTE/CENTRO-OESTE;SUL;-252.795
2024-09-22 21:00:00;SUDESTE/CENTRO-OESTE;SUL;-796.66099999
2024-09-22 22:00:00;SUDESTE/CENTRO-OESTE;SUL;-1189.775
2024-09-22 23:00:00;SUDESTE/CENTRO-OESTE;SUL;-1509.4
2024-09-23 00:00:00;SUDESTE/CENTRO-OESTE;SUL;-1484.329
2024-09-23 01:00:00;SUDESTE/CENTRO-OESTE;SUL;-1036.71599999
2024-09-23 02:00:00;SUDESTE/CENTRO-OESTE;SUL;364.276
2024-09-23 03:00:00;SUDESTE/CENTRO-OESTE;SUL;129.609
2024-09-23 04:00:00;SUDESTE/CENTRO-OESTE;SUL;705.75699999
2024-09-23 05:00:00;SUDESTE/CENTRO-OESTE;SUL;502.274
2024-09-23 06:00:00;SUDESTE/CENTRO-OESTE;SUL;805.623
2024-09-23 07:00:00;SUDESTE/CENTRO-OESTE;SUL;1935.669
2024-09-23 08:00:00;SUDESTE/CENTRO-OESTE;SUL;2123.658
2024-09-23 09:00:00;SUDESTE/CENTRO-OESTE;SUL;2972.085
2024-09-23 10:00:00;SUDESTE/CENTRO-OESTE;SUL;3028.467
2024-09-23 11:00:00;SUDESTE/CENTRO-OESTE;SUL;2639.64399999
2024-09-23 12:00:00;SUDESTE/CENTRO-OESTE;SUL;1460.881
2024-09-23 13:00:00;SUDESTE/CENTRO-OESTE;SUL;411.713
2024-09-23 14:00:00;SUDESTE/CENTRO-OESTE;SUL;-145.787
2024-09-23 15:00:00;SUDESTE/CENTRO-OESTE;SUL;538.546
2024-09-23 16:00:00;SUDESTE/CENTRO-OESTE;SUL;73.592
2024-09-23 17:00:00;SUDESTE/CENTRO-OESTE;SUL;-1293.683
2024-09-23 18:00:00;SUDESTE/CENTRO-OESTE;SUL;-1093.826
2024-09-23 19:00:00;SUDESTE/CENTRO-OESTE;SUL;-824.671
2024-09-23 20:00:00;SUDESTE/CENTRO-OESTE;SUL;-1354.38899999
2024-09-23 21:00:00;SUDESTE/CENTRO-OESTE;SUL;-1724.925
2024-09-23 22:00:00;SUDESTE/CENTRO-OESTE;SUL;-1428.473
2024-09-23 23:00:00;SUDESTE/CENTRO-OESTE;SUL;-2456.341
2024-09-24 00:00:00;SUDESTE/CENTRO-OESTE;SUL;-3369.703
2024-09-24 01:00:00;SUDESTE/CENTRO-OESTE;SUL;-3015.329
2024-09-24 02:00:00;SUDESTE/CENTRO-OESTE;SUL;-3090.308
2024-09-24 03:00:00;SUDESTE/CENTRO-OESTE;SUL;-2084.67299999
2024-09-24 04:00:00;SUDESTE/CENTRO-OESTE;SUL;-1725.67
2024-09-24 05:00:00;SUDESTE/CENTRO-OESTE;SUL;-1281.85899999
2024-09-24 06:00:00;SUDESTE/CENTRO-OESTE;SUL;57.652
2024-09-24 07:00:00;SUDESTE/CENTRO-OESTE;SUL;3066.459
2024-09-24 08:00:00;SUDESTE/CENTRO-OESTE;SUL;3922.908
2024-09-24 09:00:00;SUDESTE/CENTRO-OESTE;SUL;4013.055
2024-09-24 10:00:00;SUDESTE/CENTRO-OESTE;SUL;3615.237
2024-09-24 11:00:00;SUDESTE/CENTRO-OESTE;SUL;3295.158
2024-09-24 12:00:00;SUDESTE/CENTRO-OESTE;SUL;2672.277
2024-09-24 13:00:00;SUDESTE/CENTRO-OESTE;SUL;894.917
2024-09-24 14:00:00;SUDESTE/CENTRO-OESTE;SUL;-544.51199999
2024-09-24 15:00:00;SUDESTE/CENTRO-OESTE;SUL;-725.003
2024-09-24 16:00:00;SUDESTE/CENTRO-OESTE;SUL;-831.487
2024-09-24 17:00:00;SUDESTE/CENTRO-OESTE;SUL;-1461.045
2024-09-24 18:00:00;SUDESTE/CENTRO-OESTE;SUL;-1543.799
2024-09-24 19:00:00;SUDESTE/CENTRO-OESTE;SUL;-807.548
2024-09-24 20:00:00;SUDESTE/CENTRO-OESTE;SUL;-1943.134
2024-09-24 21:00:00;SUDESTE/CENTRO-OESTE;SUL;-2640.159
2024-09-24 22:00:00;SUDESTE/CENTRO-OESTE;SUL;-2029.605
2024-09-24 23:00:00;SUDESTE/CENTRO-OESTE;SUL;-1871.818
2024-09-25 00:00:00;SUDESTE/CENTRO-OESTE;SUL;-2443.477
2024-09-25 01:00:00;SUDESTE/CENTRO-OESTE;SUL;-2372.515
2024-09-25 02:00:00;SUDESTE/CENTRO-OESTE;SUL;-2321.117
2024-09-25 03:00:00;SUDESTE/CENTRO-OESTE;SUL;-1907.2
2024-09-25 04:00:00;SUDESTE/CENTRO-OESTE;SUL;-1724.394
2024-09-25 05:00:00;SUDESTE/CENTRO-OESTE;SUL;-1223.688
2024-09-25 06:00:00;SUDESTE/CENTRO-OESTE;SUL;-166.494
2024-09-25 07:00:00;SUDESTE/CENTRO-OESTE;SUL;2241.79799999
2024-09-25 08:00:00;SUDESTE/CENTRO-OESTE;SUL;3138.507
2024-09-25 09:00:00;SUDESTE/CENTRO-OESTE;SUL;2391.701
2024-09-25 10:00:00;SUDESTE/CENTRO-OESTE;SUL;2394.554
2024-09-25 11:00:00;SUDESTE/CENTRO-OESTE;SUL;2239.51
2024-09-25 12:00:00;SUDESTE/CENTRO-OESTE;SUL;1550.221
2024-09-25 13:00:00;SUDESTE/CENTRO-OESTE;SUL;21.537
2024-09-25 14:00:00;SUDESTE/CENTRO-OESTE;SUL;-515.94
2024-09-25 15:00:00;SUDESTE/CENTRO-OESTE;SUL;-336.02499999
2024-09-25 16:00:00;SUDESTE/CENTRO-OESTE;SUL;-473.042
2024-09-25 17:00:00;SUDESTE/CENTRO-OESTE;SUL;-1608.001
2024-09-25 18:00:00;SUDESTE/CENTRO-OESTE;SUL;-1483.403
2024-09-25 19:00:00;SUDESTE/CENTRO-OESTE;SUL;-1570.717
2024-09-25 20:00:00;SUDESTE/CENTRO-OESTE;SUL;-2013.688
2024-09-25 21:00:00;SUDESTE/CENTRO-OESTE;SUL;-2326.668
2024-09-25 22:00:00;SUDESTE/CENTRO-OESTE;SUL;-2418.799
2024-09-25 23:00:00;SUDESTE/CENTRO-OESTE;SUL;-2121.693
2024-09-26 00:00:00;SUDESTE/CENTRO-OESTE;SUL;-2528.484
2024-09-26 01:00:00;SUDESTE/CENTRO-OESTE;SUL;-2040.525
2024-09-26 02:00:00;SUDESTE/CENTRO-OESTE;SUL;-1724.34099999
2024-09-26 03:00:00;SUDESTE/CENTRO-OESTE;SUL;-1576.876
2024-09-26 04:00:00;SUDESTE/CENTRO-OESTE;SUL;-1574.451
2024-09-26 05:00:00;SUDESTE/CENTRO-OESTE;SUL;-1303.80199999
2024-09-26 06:00:00;SUDESTE/CENTRO-OESTE;SUL;-435.961
2024-09-26 07:00:00;SUDESTE/CENTRO-OESTE;SUL;1821.654
2024-09-26 08:00:00;SUDESTE/CENTRO-OESTE;SUL;2798.90299999
2024-09-26 09:00:00;SUDESTE/CENTRO-OESTE;SUL;2829.368
2024-09-26 10:00:00;SUDESTE/CENTRO-OESTE;SUL;2399.46999999
2024-09-26 11:00:00;SUDESTE/CENTRO-OESTE;SUL;2804.937
2024-09-26 12:00:00;SUDESTE/CENTRO-OESTE;SUL;2696.543
2024-09-26 13:00:00;SUDESTE/CENTRO-OESTE;SUL;1616.14899999
2024-09-26 14:00:00;SUDESTE/CENTRO-OESTE;SUL;250.217
2024-09-26 15:00:00;SUDESTE/CENTRO-OESTE;SUL;-1806.346
2024-09-26 16:00:00;SUDESTE/CENTRO-OESTE;SUL;-2001.63
2024-09-26 17:00:00;SUDESTE/CENTRO-OESTE;SUL;-2486.081
2024-09-26 18:00:00;SUDESTE/CENTRO-OESTE;SUL;-2137.327
2024-09-26 19:00:00;SUDESTE/CENTRO-OESTE;SUL;-2199.064
2024-09-26 20:00:00;SUDESTE/CENTRO-OESTE;SUL;-2697.82
2024-09-26 21:00:00;SUDESTE/CENTRO-OESTE;SUL;-3156.908
2024-09-26 22:00:00;SUDESTE/CENTRO-OESTE;SUL;-4161.381
2024-09-26 23:00:00;SUDESTE/CENTRO-OESTE;SUL;-4125.624
2024-09-27 00:00:00;SUDESTE/CENTRO-OESTE;SUL;-3916.637
2024-09-27 01:00:00;SUDESTE/CENTRO-OESTE;SUL;-3502.014
2024-09-27 02:00:00;SUDESTE/CENTRO-OESTE;SUL;-2226.259
2024-09-27 03:00:00;SUDESTE/CENTRO-OESTE;SUL;-1487.643
2024-09-27 04:00:00;SUDESTE/CENTRO-OESTE;SUL;-1300.381
2024-09-27 05:00:00;SUDESTE/CENTRO-OESTE;SUL;-1393.724
2024-09-27 06:00:00;SUDESTE/CENTRO-OESTE;SUL;-38.188
2024-09-27 07:00:00;SUDESTE/CENTRO-OESTE;SUL;1690.35
2024-09-27 08:00:00;SUDESTE/CENTRO-OESTE;SUL;46.754
2024-09-27 09:00:00;SUDESTE/CENTRO-OESTE;SUL;-235.829
2024-09-27 10:00:00;SUDESTE/CENTRO-OESTE;SUL;-779.199
2024-09-27 11:00:00;SUDESTE/CENTRO-OESTE;SUL;1040.487
2024-09-27 12:00:00;SUDESTE/CENTRO-OESTE;SUL;2367.067
2024-09-27 13:00:00;SUDESTE/CENTRO-OESTE;SUL;1910.899
2024-09-27 14:00:00;SUDESTE/CENTRO-OESTE;SUL;-257.911
2024-09-27 15:00:00;SUDESTE/CENTRO-OESTE;SUL;-2058.09
2024-09-27 16:00:00;SUDESTE/CENTRO-OESTE;SUL;-2391.904
2024-09-27 17:00:00;SUDESTE/CENTRO-OESTE;SUL;-2814.164
2024-09-27 18:00:00;SUDESTE/CENTRO-OESTE;SUL;-2017.982
2024-09-27 19:00:00;SUDESTE/CENTRO-OESTE;SUL;-1540.048
2024-09-27 20:00:00;SUDESTE/CENTRO-OESTE;SUL;-2060.79599999
2024-09-27 21:00:00;SUDESTE/CENTRO-OESTE;SUL;-2610.833
2024-09-27 22:00:00;SUDESTE/CENTRO-OESTE;SUL;-2902.244
2024-09-27 23:00:00;SUDESTE/CENTRO-OESTE;SUL;-3271.141
2024-09-28 00:00:00;SUDESTE/CENTRO-OESTE;SUL;-2468.454
2024-09-28 01:00:00;SUDESTE/CENTRO-OESTE;SUL;-2486.062
2024-09-28 02:00:00;SUDESTE/CENTRO-OESTE;SUL;-2031.039
2024-09-28 03:00:00;SUDESTE/CENTRO-OESTE;SUL;-819.20399999
2024-09-28 04:00:00;SUDESTE/CENTRO-OESTE;SUL;-398.787
2024-09-28 05:00:00;SUDESTE/CENTRO-OESTE;SUL;-85.631
2024-09-28 06:00:00;SUDESTE/CENTRO-OESTE;SUL;1694.401
2024-09-28 07:00:00;SUDESTE/CENTRO-OESTE;SUL;3821.468
2024-09-28 08:00:00;SUDESTE/CENTRO-OESTE;SUL;3501.39399999
2024-09-28 09:00:00;SUDESTE/CENTRO-OESTE;SUL;3567.382
2024-09-28 10:00:00;SUDESTE/CENTRO-OESTE;SUL;3770.133
2024-09-28 11:00:00;SUDESTE/CENTRO-OESTE;SUL;3657.756
2024-09-28 12:00:00;SUDESTE/CENTRO-OESTE;SUL;3564.725
2024-09-28 13:00:00;SUDESTE/CENTRO-OESTE;SUL;3585.623
2024-09-28 14:00:00;SUDESTE/CENTRO-OESTE;SUL;2609.612
2024-09-28 15:00:00;SUDESTE/CENTRO-OESTE;SUL;730.98
2024-09-28 16:00:00;SUDESTE/CENTRO-OESTE;SUL;-1137.252
2024-09-28 17:00:00;SUDESTE/CENTRO-OESTE;SUL;-638.51
2024-09-28 18:00:00;SUDESTE/CENTRO-OESTE;SUL;1286.21499999
2024-09-28 19:00:00;SUDESTE/CENTRO-OESTE;SUL;2498.71
2024-09-28 20:00:00;SUDESTE/CENTRO-OESTE;SUL;1176.848
2024-09-28 21:00:00;SUDESTE/CENTRO-OESTE;SUL;550.371
2024-09-28 22:00:00;SUDESTE/CENTRO-OESTE;SUL;-278.911
2024-09-28 23:00:00;SUDESTE/CENTRO-OESTE;SUL;-494.889
2024-09-29 00:00:00;SUDESTE/CENTRO-OESTE;SUL;-192.236
2024-09-29 01:00:00;SUDESTE/CENTRO-OESTE;SUL;178.499
2024-09-29 02:00:00;SUDESTE/CENTRO-OESTE;SUL;1507.47
2024-09-29 03:00:00;SUDESTE/CENTRO-OESTE;SUL;2068.185
2024-09-29 04:00:00;SUDESTE/CENTRO-OESTE;SUL;2298.311
2024-09-29 05:00:00;SUDESTE/CENTRO-OESTE;SUL;2420.283
2024-09-29 06:00:00;SUDESTE/CENTRO-OESTE;SUL;2267.331
2024-09-29 07:00:00;SUDESTE/CENTRO-OESTE;SUL;2721.189
2024-09-29 08:00:00;SUDESTE/CENTRO-OESTE;SUL;1937.985
2024-09-29 09:00:00;SUDESTE/CENTRO-OESTE;SUL;1284.596
2024-09-29 10:00:00;SUDESTE/CENTRO-OESTE;SUL;1232.826
2024-09-29 11:00:00;SUDESTE/CENTRO-OESTE;SUL;1126.46
2024-09-29 12:00:00;SUDESTE/CENTRO-OESTE;SUL;727.107
2024-09-29 13:00:00;SUDESTE/CENTRO-OESTE;SUL;459.778
2024-09-29 14:00:00;SUDESTE/CENTRO-OESTE;SUL;690.38699999
2024-09-29 15:00:00;SUDESTE/CENTRO-OESTE;SUL;832.651
2024-09-29 16:00:00;SUDESTE/CENTRO-OESTE;SUL;-295.60199999
2024-09-29 17:00:00;SUDESTE/CENTRO-OESTE;SUL;-1142.79299999
2024-09-29 18:00:00;SUDESTE/CENTRO-OESTE;SUL;-1121.862
2024-09-29 19:00:00;SUDESTE/CENTRO-OESTE;SUL;-1056.29199999
2024-09-29 20:00:00;SUDESTE/CENTRO-OESTE;SUL;-1629.51
2024-09-29 21:00:00;SUDESTE/CENTRO-OESTE;SUL;-1950.779
2024-09-29 22:00:00;SUDESTE/CENTRO-OESTE;SUL;-2250.914
2024-09-29 23:00:00;SUDESTE/CENTRO-OESTE;SUL;-1637.97
2024-09-30 00:00:00;SUDESTE/CENTRO-OESTE;SUL;-1054.558
2024-09-30 01:00:00;SUDESTE/CENTRO-OESTE;SUL;-790.83
2024-09-30 02:00:00;SUDESTE/CENTRO-OESTE;SUL;-110.456
2024-09-30 03:00:00;SUDESTE/CENTRO-OESTE;SUL;689.011
2024-09-30 04:00:00;SUDESTE/CENTRO-OESTE;SUL;1113.304
2024-09-30 05:00:00;SUDESTE/CENTRO-OESTE;SUL;436.613
2024-09-30 06:00:00;SUDESTE/CENTRO-OESTE;SUL;1135.693
2024-09-30 07:00:00;SUDESTE/CENTRO-OESTE;SUL;2546.837
2024-09-30 08:00:00;SUDESTE/CENTRO-OESTE;SUL;2944.492
2024-09-30 09:00:00;SUDESTE/CENTRO-OESTE;SUL;2747.38
2024-09-30 10:00:00;SUDESTE/CENTRO-OESTE;SUL;2844.973
2024-09-30 11:00:00;SUDESTE/CENTRO-OESTE;SUL;2395.495
2024-09-30 12:00:00;SUDESTE/CENTRO-OESTE;SUL;1730.198
2024-09-30 13:00:00;SUDESTE/CENTRO-OESTE;SUL;177.888
2024-09-30 14:00:00;SUDESTE/CENTRO-OESTE;SUL;-939.765
2024-09-30 15:00:00;SUDESTE/CENTRO-OESTE;SUL;-1244.044
2024-09-30 16:00:00;SUDESTE/CENTRO-OESTE;SUL;-441.932
2024-09-30 17:00:00;SUDESTE/CENTRO-OESTE;SUL;-1044.556
2024-09-30 18:00:00;SUDESTE/CENTRO-OESTE;SUL;-1677.57199999
2024-09-30 19:00:00;SUDESTE/CENTRO-OESTE;SUL;-1095.949
2024-09-30 20:00:00;SUDESTE/CENTRO-OESTE;SUL;-1023.432
2024-09-30 21:00:00;SUDESTE/CENTRO-OESTE;SUL;-1175.903
2024-09-30 22:00:00;SUDESTE/CENTRO-OESTE;SUL;-722.885
2024-09-30 23:00:00;SUDESTE/CENTRO-OESTE;SUL;-1167.24399999
2024-10-01 00:00:00;SUDESTE/CENTRO-OESTE;SUL;-1570.445
2024-10-01 01:00:00;SUDESTE/CENTRO-OESTE;SUL;-1575.246
2024-10-01 02:00:00;SUDESTE/CENTRO-OESTE;SUL;-706.092
2024-10-01 03:00:00;SUDESTE/CENTRO-OESTE;SUL;-0.131
2024-10-01 04:00:00;SUDESTE/CENTRO-OESTE;SUL;360.64
2024-10-01 05:00:00;SUDESTE/CENTRO-OESTE;SUL;584.019
2024-10-01 06:00:00;SUDESTE/CENTRO-OESTE;SUL;1309.723
2024-10-01 07:00:00;SUDESTE/CENTRO-OESTE;SUL;2910.788
2024-10-01 08:00:00;SUDESTE/CENTRO-OESTE;SUL;4401.674
2024-10-01 09:00:00;SUDESTE/CENTRO-OESTE;SUL;5196.67
2024-10-01 10:00:00;SUDESTE/CENTRO-OESTE;SUL;5584.525
2024-10-01 11:00:00;SUDESTE/CENTRO-OESTE;SUL;5055.607
2024-10-01 12:00:00;SUDESTE/CENTRO-OESTE;SUL;4301.961
2024-10-01 13:00:00;SUDESTE/CENTRO-OESTE;SUL;3578.614
2024-10-01 14:00:00;SUDESTE/CENTRO-OESTE;SUL;1528.548
2024-10-01 15:00:00;SUDESTE/CENTRO-OESTE;SUL;1142.262
2024-10-01 16:00:00;SUDESTE/CENTRO-OESTE;SUL;876.881
2024-10-01 17:00:00;SUDESTE/CENTRO-OESTE;SUL;-138.84299999
2024-10-01 18:00:00;SUDESTE/CENTRO-OESTE;SUL;-606.647
2024-10-01 19:00:00;SUDESTE/CENTRO-OESTE;SUL;-452.208
2024-10-01 20:00:00;SUDESTE/CENTRO-OESTE;SUL;-706.523
2024-10-01 21:00:00;SUDESTE/CENTRO-OESTE;SUL;-1766.358
2024-10-01 22:00:00;SUDESTE/CENTRO-OESTE;SUL;-842.948
2024-10-01 23:00:00;SUDESTE/CENTRO-OESTE;SUL;-1603.963
2024-10-02 00:00:00;SUDESTE/CENTRO-OESTE;SUL;-1116.23399999
2024-10-02 01:00:00;SUDESTE/CENTRO-OESTE;SUL;-800.333
2024-10-02 02:00:00;SUDESTE/CENTRO-OESTE;SUL;-22.67599999
2024-10-02 03:00:00;SUDESTE/CENTRO-OESTE;SUL;351.0
2024-10-02 04:00:00;SUDESTE/CENTRO-OESTE;SUL;397.954
2024-10-02 05:00:00;SUDESTE/CENTRO-OESTE;SUL;699.129
2024-10-02 06:00:00;SUDESTE/CENTRO-OESTE;SUL;1782.531
2024-10-02 07:00:00;SUDESTE/CENTRO-OESTE;SUL;4210.026
2024-10-02 08:00:00;SUDESTE/CENTRO-OESTE;SUL;5204.185
2024-10-02 09:00:00;SUDESTE/CENTRO-OESTE;SUL;5830.264
2024-10-02 10:00:00;SUDESTE/CENTRO-OESTE;SUL;5567.333
2024-10-02 11:00:00;SUDESTE/CENTRO-OESTE;SUL;5190.271
2024-10-02 12:00:00;SUDESTE/CENTRO-OESTE;SUL;4636.66799999
2024-10-02 13:00:00;SUDESTE/CENTRO-OESTE;SUL;4282.267
2024-10-02 14:00:00;SUDESTE/CENTRO-OESTE;SUL;3736.992
2024-10-02 15:00:00;SUDESTE/CENTRO-OESTE;SUL;2234.977
2024-10-02 16:00:00;SUDESTE/CENTRO-OESTE;SUL;68.518
2024-10-02 17:00:00;SUDESTE/CENTRO-OESTE;SUL;-1.977
2024-10-02 18:00:00;SUDESTE/CENTRO-OESTE;SUL;378.732
2024-10-02 19:00:00;SUDESTE/CENTRO-OESTE;SUL;600.082
2024-10-02 20:00:00;SUDESTE/CENTRO-OESTE;SUL;-129.762
2024-10-02 21:00:00;SUDESTE/CENTRO-OESTE;SUL;-798.03099999
2024-10-02 22:00:00;SUDESTE/CENTRO-OESTE;SUL;-1524.353
2024-10-02 23:00:00;SUDESTE/CENTRO-OESTE;SUL;-1510.395
2024-10-03 00:00:00;SUDESTE/CENTRO-OESTE;SUL;-1379.218
2024-10-03 01:00:00;SUDESTE/CENTRO-OESTE;SUL;-1743.696
2024-10-03 02:00:00;SUDESTE/CENTRO-OESTE;SUL;36.825
2024-10-03 03:00:00;SUDESTE/CENTRO-OESTE;SUL;1017.5
2024-10-03 04:00:00;SUDESTE/CENTRO-OESTE;SUL;440.52
2024-10-03 05:00:00;SUDESTE/CENTRO-OESTE;SUL;-15.772
2024-10-03 06:00:00;SUDESTE/CENTRO-OESTE;SUL;1129.559
2024-10-03 07:00:00;SUDESTE/CENTRO-OESTE;SUL;2465.129
2024-10-03 08:00:00;SUDESTE/CENTRO-OESTE;SUL;2632.906
2024-10-03 09:00:00;SUDESTE/CENTRO-OESTE;SUL;3067.584
2024-10-03 10:00:00;SUDESTE/CENTRO-OESTE;SUL;3623.826
2024-10-03 11:00:00;SUDESTE/CENTRO-OESTE;SUL;3842.501
2024-10-03 12:00:00;SUDESTE/CENTRO-OESTE;SUL;3712.002
2024-10-03 13:00:00;SUDESTE/CENTRO-OESTE;SUL;2642.621
2024-10-03 14:00:00;SUDESTE/CENTRO-OESTE;SUL;1149.288
2024-10-03 15:00:00;SUDESTE/CENTRO-OESTE;SUL;-235.761
2024-10-03 16:00:00;SUDESTE/CENTRO-OESTE;SUL;-835.38199999
2024-10-03 17:00:00;SUDESTE/CENTRO-OESTE;SUL;-733.545
2024-10-03 18:00:00;SUDESTE/CENTRO-OESTE;SUL;50.466
2024-10-03 19:00:00;SUDESTE/CENTRO-OESTE;SUL;948.859
2024-10-03 20:00:00;SUDESTE/CENTRO-OESTE;SUL;1067.942
2024-10-03 21:00:00;SUDESTE/CENTRO-OESTE;SUL;1208.323
2024-10-03 22:00:00;SUDESTE/CENTRO-OESTE;SUL;672.868
2024-10-03 23:00:00;SUDESTE/CENTRO-OESTE;SUL;-353.942
2024-10-04 00:00:00;SUDESTE/CENTRO-OESTE;SUL;-1027.76299999
2024-10-04 01:00:00;SUDESTE/CENTRO-OESTE;SUL;-566.623
2024-10-04 02:00:00;SUDESTE/CENTRO-OESTE;SUL;21.717
2024-10-04 03:00:00;SUDESTE/CENTRO-OESTE;SUL;514.46
2024-10-04 04:00:00;SUDESTE/CENTRO-OESTE;SUL;805.943
2024-10-04 05:00:00;SUDESTE/CENTRO-OESTE;SUL;884.441
2024-10-04 06:00:00;SUDESTE/CENTRO-OESTE;SUL;2249.445
2024-10-04 07:00:00;SUDESTE/CENTRO-OESTE;SUL;3535.657
2024-10-04 08:00:00;SUDESTE/CENTRO-OESTE;SUL;3592.137
2024-10-04 09:00:00;SUDESTE/CENTRO-OESTE;SUL;3691.841
2024-10-04 10:00:00;SUDESTE/CENTRO-OESTE;SUL;3255.58
2024-10-04 11:00:00;SUDESTE/CENTRO-OESTE;SUL;3315.385
2024-10-04 12:00:00;SUDESTE/CENTRO-OESTE;SUL;2891.414
2024-10-04 13:00:00;SUDESTE/CENTRO-OESTE;SUL;2097.14399999
2024-10-04 14:00:00;SUDESTE/CENTRO-OESTE;SUL;717.495
2024-10-04 15:00:00;SUDESTE/CENTRO-OESTE;SUL;-311.567
2024-10-04 16:00:00;SUDESTE/CENTRO-OESTE;SUL;-508.622
2024-10-04 17:00:00;SUDESTE/CENTRO-OESTE;SUL;-1544.426
2024-10-04 18:00:00;SUDESTE/CENTRO-OESTE;SUL;-426.862
2024-10-04 19:00:00;SUDESTE/CENTRO-OESTE;SUL;259.06599999
2024-10-04 20:00:00;SUDESTE/CENTRO-OESTE;SUL;-838.611
2024-10-04 21:00:00;SUDESTE/CENTRO-OESTE;SUL;-1417.252
2024-10-04 22:00:00;SUDESTE/CENTRO-OESTE;SUL;-1246.882
2024-10-04 23:00:00;SUDESTE/CENTRO-OESTE;SUL;-2084.288
2024-10-05 00:00:00;SUDESTE/CENTRO-OESTE;SUL;-2922.792
2024-10-05 01:00:00;SUDESTE/CENTRO-OESTE;SUL;-2842.518
2024-10-05 02:00:00;SUDESTE/CENTRO-OESTE;SUL;-2171.41199999
2024-10-05 03:00:00;SUDESTE/CENTRO-OESTE;SUL;-1446.39
2024-10-05 04:00:00;SUDESTE/CENTRO-OESTE;SUL;-733.943
2024-10-05 05:00:00;SUDESTE/CENTRO-OESTE;SUL;373.994
2024-10-05 06:00:00;SUDESTE/CENTRO-OESTE;SUL;3313.349
2024-10-05 07:00:00;SUDESTE/CENTRO-OESTE;SUL;3783.497
2024-10-05 08:00:00;SUDESTE/CENTRO-OESTE;SUL;3138.304
2024-10-05 09:00:00;SUDESTE/CENTRO-OESTE;SUL;2314.55499999
2024-10-05 10:00:00;SUDESTE/CENTRO-OESTE;SUL;1867.921
2024-10-05 11:00:00;SUDESTE/CENTRO-OESTE;SUL;1395.839
2024-10-05 12:00:00;SUDESTE/CENTRO-OESTE;SUL;1229.702
2024-10-05 13:00:00;SUDESTE/CENTRO-OESTE;SUL;1251.384
2024-10-05 14:00:00;SUDESTE/CENTRO-OESTE;SUL;1296.5
2024-10-05 15:00:00;SUDESTE/CENTRO-OESTE;SUL;1036.771
2024-10-05 16:00:00;SUDESTE/CENTRO-OESTE;SUL;-100.872
2024-10-05 17:00:00;SUDESTE/CENTRO-OESTE;SUL;-1030.205
2024-10-05 18:00:00;SUDESTE/CENTRO-OESTE;SUL;-1446.614
2024-10-05 19:00:00;SUDESTE/CENTRO-OESTE;SUL;-810.845
2024-10-05 20:00:00;SUDESTE/CENTRO-OESTE;SUL;-1300.628
2024-10-05 21:00:00;SUDESTE/CENTRO-OESTE;SUL;-1388.74
2024-10-05 22:00:00;SUDESTE/CENTRO-OESTE;SUL;-1302.708
2024-10-05 23:00:00;SUDESTE/CENTRO-OESTE;SUL;-1421.567
2024-10-06 00:00:00;SUDESTE/CENTRO-OESTE;SUL;-1396.458
2024-10-06 01:00:00;SUDESTE/CENTRO-OESTE;SUL;-895.744
2024-10-06 02:00:00;SUDESTE/CENTRO-OESTE;SUL;210.68
2024-10-06 03:00:00;SUDESTE/CENTRO-OESTE;SUL;568.854
2024-10-06 04:00:00;SUDESTE/CENTRO-OESTE;SUL;878.072
2024-10-06 05:00:00;SUDESTE/CENTRO-OESTE;SUL;1501.338
2024-10-06 06:00:00;SUDESTE/CENTRO-OESTE;SUL;3299.921
2024-10-06 07:00:00;SUDESTE/CENTRO-OESTE;SUL;4210.555
2024-10-06 08:00:00;SUDESTE/CENTRO-OESTE;SUL;3597.574
2024-10-06 09:00:00;SUDESTE/CENTRO-OESTE;SUL;2925.15299999
2024-10-06 10:00:00;SUDESTE/CENTRO-OESTE;SUL;2654.31599999
2024-10-06 11:00:00;SUDESTE/CENTRO-OESTE;SUL;2766.522
2024-10-06 12:00:00;SUDESTE/CENTRO-OESTE;SUL;2462.105
2024-10-06 13:00:00;SUDESTE/CENTRO-OESTE;SUL;2306.42999999
2024-10-06 14:00:00;SUDESTE/CENTRO-OESTE;SUL;2793.331
2024-10-06 15:00:00;SUDESTE/CENTRO-OESTE;SUL;3611.801
2024-10-06 16:00:00;SUDESTE/CENTRO-OESTE;SUL;2157.216
2024-10-06 17:00:00;SUDESTE/CENTRO-OESTE;SUL;-1156.016
2024-10-06 18:00:00;SUDESTE/CENTRO-OESTE;SUL;-1636.796
2024-10-06 19:00:00;SUDESTE/CENTRO-OESTE;SUL;-583.99699999
2024-10-06 20:00:00;SUDESTE/CENTRO-OESTE;SUL;-294.08499999
2024-10-06 21:00:00;SUDESTE/CENTRO-OESTE;SUL;-468.562
2024-10-06 22:00:00;SUDESTE/CENTRO-OESTE;SUL;-624.743
2024-10-06 23:00:00;SUDESTE/CENTRO-OESTE;SUL;-798.43499999
2024-10-07 00:00:00;SUDESTE/CENTRO-OESTE;SUL;-1314.445
2024-10-07 01:00:00;SUDESTE/CENTRO-OESTE;SUL;-1465.44
2024-10-07 02:00:00;SUDESTE/CENTRO-OESTE;SUL;-1061.666
2024-10-07 03:00:00;SUDESTE/CENTRO-OESTE;SUL;-671.726
2024-10-07 04:00:00;SUDESTE/CENTRO-OESTE;SUL;-281.041
2024-10-07 05:00:00;SUDESTE/CENTRO-OESTE;SUL;-746.728
2024-10-07 06:00:00;SUDESTE/CENTRO-OESTE;SUL;669.796
2024-10-07 07:00:00;SUDESTE/CENTRO-OESTE;SUL;2579.568
2024-10-07 08:00:00;SUDESTE/CENTRO-OESTE;SUL;2717.641
2024-10-07 09:00:00;SUDESTE/CENTRO-OESTE;SUL;2506.369
2024-10-07 10:00:00;SUDESTE/CENTRO-OESTE;SUL;2738.873
2024-10-07 11:00:00;SUDESTE/CENTRO-OESTE;SUL;3042.268
2024-10-07 12:00:00;SUDESTE/CENTRO-OESTE;SUL;2587.804
2024-10-07 13:00:00;SUDESTE/CENTRO-OESTE;SUL;2659.179
2024-10-07 14:00:00;SUDESTE/CENTRO-OESTE;SUL;1124.00399999
2024-10-07 15:00:00;SUDESTE/CENTRO-OESTE;SUL;-704.043
2024-10-07 16:00:00;SUDESTE/CENTRO-OESTE;SUL;-744.349
2024-10-07 17:00:00;SUDESTE/CENTRO-OESTE;SUL;-1331.651
2024-10-07 18:00:00;SUDESTE/CENTRO-OESTE;SUL;-720.682
2024-10-07 19:00:00;SUDESTE/CENTRO-OESTE;SUL;-349.142
2024-10-07 20:00:00;SUDESTE/CENTRO-OESTE;SUL;-958.769
2024-10-07 21:00:00;SUDESTE/CENTRO-OESTE;SUL;-1432.877
2024-10-07 22:00:00;SUDESTE/CENTRO-OESTE;SUL;-1184.573
2024-10-07 23:00:00;SUDESTE/CENTRO-OESTE;SUL;-2074.85
2024-10-08 00:00:00;SUDESTE/CENTRO-OESTE;SUL;-1927.498
2024-10-08 01:00:00;SUDESTE/CENTRO-OESTE;SUL;-573.70399999
2024-10-08 02:00:00;SUDESTE/CENTRO-OESTE;SUL;419.423
2024-10-08 03:00:00;SUDESTE/CENTRO-OESTE;SUL;432.722
2024-10-08 04:00:00;SUDESTE/CENTRO-OESTE;SUL;-241.63
2024-10-08 05:00:00;SUDESTE/CENTRO-OESTE;SUL;-929.449
2024-10-08 06:00:00;SUDESTE/CENTRO-OESTE;SUL;93.97
2024-10-08 07:00:00;SUDESTE/CENTRO-OESTE;SUL;2330.101
2024-10-08 08:00:00;SUDESTE/CENTRO-OESTE;SUL;3068.039
2024-10-08 09:00:00;SUDESTE/CENTRO-OESTE;SUL;3667.859
2024-10-08 10:00:00;SUDESTE/CENTRO-OESTE;SUL;3361.296
2024-10-08 11:00:00;SUDESTE/CENTRO-OESTE;SUL;3462.56
2024-10-08 12:00:00;SUDESTE/CENTRO-OESTE;SUL;3531.171
2024-10-08 13:00:00;SUDESTE/CENTRO-OESTE;SUL;2852.346
2024-10-08 14:00:00;SUDESTE/CENTRO-OESTE;SUL;1160.008
2024-10-08 15:00:00;SUDESTE/CENTRO-OESTE;SUL;-266.41699999
2024-10-08 16:00:00;SUDESTE/CENTRO-OESTE;SUL;-1886.998
2024-10-08 17:00:00;SUDESTE/CENTRO-OESTE;SUL;-2813.405
2024-10-08 18:00:00;SUDESTE/CENTRO-OESTE;SUL;-1679.994
2024-10-08 19:00:00;SUDESTE/CENTRO-OESTE;SUL;-965.296
2024-10-08 20:00:00;SUDESTE/CENTRO-OESTE;SUL;-2271.24899999
2024-10-08 21:00:00;SUDESTE/CENTRO-OESTE;SUL;-2701.99899999
2024-10-08 22:00:00;SUDESTE/CENTRO-OESTE;SUL;-3204.224
2024-10-08 23:00:00;SUDESTE/CENTRO-OESTE;SUL;-2927.649
2024-10-09 00:00:00;SUDESTE/CENTRO-OESTE;SUL;-3637.359
2024-10-09 01:00:00;SUDESTE/CENTRO-OESTE;SUL;-4467.79
2024-10-09 02:00:00;SUDESTE/CENTRO-OESTE;SUL;-4666.365
2024-10-09 03:00:00;SUDESTE/CENTRO-OESTE;SUL;-4661.801
2024-10-09 04:00:00;SUDESTE/CENTRO-OESTE;SUL;-4618.671
2024-10-09 05:00:00;SUDESTE/CENTRO-OESTE;SUL;-4154.972
2024-10-09 06:00:00;SUDESTE/CENTRO-OESTE;SUL;-3228.606
2024-10-09 07:00:00;SUDESTE/CENTRO-OESTE;SUL;-1447.193
2024-10-09 08:00:00;SUDESTE/CENTRO-OESTE;SUL;-509.526
2024-10-09 09:00:00;SUDESTE/CENTRO-OESTE;SUL;377.319
2024-10-09 10:00:00;SUDESTE/CENTRO-OESTE;SUL;349.17899999
2024-10-09 11:00:00;SUDESTE/CENTRO-OESTE;SUL;1032.69599999
2024-10-09 12:00:00;SUDESTE/CENTRO-OESTE;SUL;350.902
2024-10-09 13:00:00;SUDESTE/CENTRO-OESTE;SUL;-708.111
2024-10-09 14:00:00;SUDESTE/CENTRO-OESTE;SUL;-2374.943
2024-10-09 15:00:00;SUDESTE/CENTRO-OESTE;SUL;-2652.707
2024-10-09 16:00:00;SUDESTE/CENTRO-OESTE;SUL;-3055.344
2024-10-09 17:00:00;SUDESTE/CENTRO-OESTE;SUL;-3911.131
2024-10-09 18:00:00;SUDESTE/CENTRO-OESTE;SUL;-3285.494
2024-10-09 19:00:00;SUDESTE/CENTRO-OESTE;SUL;-3263.538
2024-10-09 20:00:00;SUDESTE/CENTRO-OESTE;SUL;-3652.956
2024-10-09 21:00:00;SUDESTE/CENTRO-OESTE;SUL;-4287.795
2024-10-09 22:00:00;SUDESTE/CENTRO-OESTE;SUL;-4693.749
2024-10-09 23:00:00;SUDESTE/CENTRO-OESTE;SUL;-4462.445
2024-10-10 00:00:00;SUDESTE/CENTRO-OESTE;SUL;-5156.018
2024-10-10 01:00:00;SUDESTE/CENTRO-OESTE;SUL;-6015.66299999
2024-10-10 02:00:00;SUDESTE/CENTRO-OESTE;SUL;-6338.226
2024-10-10 03:00:00;SUDESTE/CENTRO-OESTE;SUL;-6204.789
2024-10-10 04:00:00;SUDESTE/CENTRO-OESTE;SUL;-5943.841
2024-10-10 05:00:00;SUDESTE/CENTRO-OESTE;SUL;-5470.68
2024-10-10 06:00:00;SUDESTE/CENTRO-OESTE;SUL;-3315.369
2024-10-10 07:00:00;SUDESTE/CENTRO-OESTE;SUL;-1943.918
2024-10-10 08:00:00;SUDESTE/CENTRO-OESTE;SUL;-1846.287
2024-10-10 09:00:00;SUDESTE/CENTRO-OESTE;SUL;-1218.851
2024-10-10 10:00:00;SUDESTE/CENTRO-OESTE;SUL;-157.87299999
2024-10-10 11:00:00;SUDESTE/CENTRO-OESTE;SUL;262.48
2024-10-10 12:00:00;SUDESTE/CENTRO-OESTE;SUL;-500.494
2024-10-10 13:00:00;SUDESTE/CENTRO-OESTE;SUL;-50.29399999
2024-10-10 14:00:00;SUDESTE/CENTRO-OESTE;SUL;-192.636
2024-10-10 15:00:00;SUDESTE/CENTRO-OESTE;SUL;-943.055
2024-10-10 16:00:00;SUDESTE/CENTRO-OESTE;SUL;-2516.257
2024-10-10 17:00:00;SUDESTE/CENTRO-OESTE;SUL;-3004.496
2024-10-10 18:00:00;SUDESTE/CENTRO-OESTE;SUL;-2171.063
2024-10-10 19:00:00;SUDESTE/CENTRO-OESTE;SUL;-1876.668
2024-10-10 20:00:00;SUDESTE/CENTRO-OESTE;SUL;-2331.34
2024-10-10 21:00:00;SUDESTE/CENTRO-OESTE;SUL;-2157.715
2024-10-10 22:00:00;SUDESTE/CENTRO-OESTE;SUL;-2570.925
2024-10-10 23:00:00;SUDESTE/CENTRO-OESTE;SUL;-2609.531
2024-10-11 00:00:00;SUDESTE/CENTRO-OESTE;SUL;-3007.469
2024-10-11 01:00:00;SUDESTE/CENTRO-OESTE;SUL;-2178.549
2024-10-11 02:00:00;SUDESTE/CENTRO-OESTE;SUL;-990.777
2024-10-11 03:00:00;SUDESTE/CENTRO-OESTE;SUL;-645.972
2024-10-11 04:00:00;SUDESTE/CENTRO-OESTE;SUL;-1789.507
2024-10-11 05:00:00;SUDESTE/CENTRO-OESTE;SUL;-2159.73999999
2024-10-11 06:00:00;SUDESTE/CENTRO-OESTE;SUL;-1366.94699999
2024-10-11 07:00:00;SUDESTE/CENTRO-OESTE;SUL;271.74599999
2024-10-11 08:00:00;SUDESTE/CENTRO-OESTE;SUL;1633.227
2024-10-11 09:00:00;SUDESTE/CENTRO-OESTE;SUL;1743.396
2024-10-11 10:00:00;SUDESTE/CENTRO-OESTE;SUL;1944.88
2024-10-11 11:00:00;SUDESTE/CENTRO-OESTE;SUL;1223.43599999
2024-10-11 12:00:00;SUDESTE/CENTRO-OESTE;SUL;540.82899999
2024-10-11 13:00:00;SUDESTE/CENTRO-OESTE;SUL;-90.602
2024-10-11 14:00:00;SUDESTE/CENTRO-OESTE;SUL;-790.95899999
2024-10-11 15:00:00;SUDESTE/CENTRO-OESTE;SUL;-1282.271
2024-10-11 16:00:00;SUDESTE/CENTRO-OESTE;SUL;-1837.618
2024-10-11 17:00:00;SUDESTE/CENTRO-OESTE;SUL;-2400.62399999
2024-10-11 18:00:00;SUDESTE/CENTRO-OESTE;SUL;-1296.511
2024-10-11 19:00:00;SUDESTE/CENTRO-OESTE;SUL;382.17899999
2024-10-11 20:00:00;SUDESTE/CENTRO-OESTE;SUL;777.188
2024-10-11 21:00:00;SUDESTE/CENTRO-OESTE;SUL;624.255
2024-10-11 22:00:00;SUDESTE/CENTRO-OESTE;SUL;-373.694
2024-10-11 23:00:00;SUDESTE/CENTRO-OESTE;SUL;-917.484
2024-10-12 00:00:00;SUDESTE/CENTRO-OESTE;SUL;-1569.866
2024-10-12 01:00:00;SUDESTE/CENTRO-OESTE;SUL;-1776.986
2024-10-12 02:00:00;SUDESTE/CENTRO-OESTE;SUL;-150.853
2024-10-12 03:00:00;SUDESTE/CENTRO-OESTE;SUL;170.316
2024-10-12 04:00:00;SUDESTE/CENTRO-OESTE;SUL;1.869
2024-10-12 05:00:00;SUDESTE/CENTRO-OESTE;SUL;525.32
2024-10-12 06:00:00;SUDESTE/CENTRO-OESTE;SUL;858.006
2024-10-12 07:00:00;SUDESTE/CENTRO-OESTE;SUL;1065.076
2024-10-12 08:00:00;SUDESTE/CENTRO-OESTE;SUL;1587.61999999
2024-10-12 09:00:00;SUDESTE/CENTRO-OESTE;SUL;1620.085
2024-10-12 10:00:00;SUDESTE/CENTRO-OESTE;SUL;1739.852
2024-10-12 11:00:00;SUDESTE/CENTRO-OESTE;SUL;1639.601
2024-10-12 12:00:00;SUDESTE/CENTRO-OESTE;SUL;1140.951
2024-10-12 13:00:00;SUDESTE/CENTRO-OESTE;SUL;774.492
2024-10-12 14:00:00;SUDESTE/CENTRO-OESTE;SUL;-40.741
2024-10-12 15:00:00;SUDESTE/CENTRO-OESTE;SUL;-968.795
2024-10-12 16:00:00;SUDESTE/CENTRO-OESTE;SUL;-2550.472
2024-10-12 17:00:00;SUDESTE/CENTRO-OESTE;SUL;-3683.104
2024-10-12 18:00:00;SUDESTE/CENTRO-OESTE;SUL;-3240.733
2024-10-12 19:00:00;SUDESTE/CENTRO-OESTE;SUL;-2152.608
2024-10-12 20:00:00;SUDESTE/CENTRO-OESTE;SUL;-2405.117
2024-10-12 21:00:00;SUDESTE/CENTRO-OESTE;SUL;-2328.425
2024-10-12 22:00:00;SUDESTE/CENTRO-OESTE;SUL;-2667.512
2024-10-12 23:00:00;SUDESTE/CENTRO-OESTE;SUL;-3083.818
2024-10-13 00:00:00;SUDESTE/CENTRO-OESTE;SUL;-1315.66799999
2024-10-13 01:00:00;SUDESTE/CENTRO-OESTE;SUL;-74.497
2024-10-13 02:00:00;SUDESTE/CENTRO-OESTE;SUL;-201.687
2024-10-13 03:00:00;SUDESTE/CENTRO-OESTE;SUL;-300.843
2024-10-13 04:00:00;SUDESTE/CENTRO-OESTE;SUL;-284.37
2024-10-13 05:00:00;SUDESTE/CENTRO-OESTE;SUL;-155.66399999
2024-10-13 06:00:00;SUDESTE/CENTRO-OESTE;SUL;164.77099999
2024-10-13 07:00:00;SUDESTE/CENTRO-OESTE;SUL;-371.255
2024-10-13 08:00:00;SUDESTE/CENTRO-OESTE;SUL;-650.176
2024-10-13 09:00:00;SUDESTE/CENTRO-OESTE;SUL;-714.707
2024-10-13 10:00:00;SUDESTE/CENTRO-OESTE;SUL;-800.034
2024-10-13 11:00:00;SUDESTE/CENTRO-OESTE;SUL;-1087.546
2024-10-13 12:00:00;SUDESTE/CENTRO-OESTE;SUL;-1347.48499999
2024-10-13 13:00:00;SUDESTE/CENTRO-OESTE;SUL;-1597.171
2024-10-13 14:00:00;SUDESTE/CENTRO-OESTE;SUL;-1880.429
2024-10-13 15:00:00;SUDESTE/CENTRO-OESTE;SUL;-1459.851
2024-10-13 16:00:00;SUDESTE/CENTRO-OESTE;SUL;-1281.204
2024-10-13 17:00:00;SUDESTE/CENTRO-OESTE;SUL;-3222.89
2024-10-13 18:00:00;SUDESTE/CENTRO-OESTE;SUL;-2721.539
2024-10-13 19:00:00;SUDESTE/CENTRO-OESTE;SUL;-1701.709
2024-10-13 20:00:00;SUDESTE/CENTRO-OESTE;SUL;-1618.305
2024-10-13 21:00:00;SUDESTE/CENTRO-OESTE;SUL;-1777.492
2024-10-13 22:00:00;SUDESTE/CENTRO-OESTE;SUL;-1760.489
2024-10-13 23:00:00;SUDESTE/CENTRO-OESTE;SUL;-1773.172
2024-10-14 00:00:00;SUDESTE/CENTRO-OESTE;SUL;-1497.546
2024-10-14 01:00:00;SUDESTE/CENTRO-OESTE;SUL;-1024.009
2024-10-14 02:00:00;SUDESTE/CENTRO-OESTE;SUL;618.707
2024-10-14 03:00:00;SUDESTE/CENTRO-OESTE;SUL;1297.626
2024-10-14 04:00:00;SUDESTE/CENTRO-OESTE;SUL;1451.611
2024-10-14 05:00:00;SUDESTE/CENTRO-OESTE;SUL;2137.976
2024-10-14 06:00:00;SUDESTE/CENTRO-OESTE;SUL;2794.96999999
2024-10-14 07:00:00;SUDESTE/CENTRO-OESTE;SUL;3372.672
2024-10-14 08:00:00;SUDESTE/CENTRO-OESTE;SUL;3329.164
2024-10-14 09:00:00;SUDESTE/CENTRO-OESTE;SUL;3511.57
2024-10-14 10:00:00;SUDESTE/CENTRO-OESTE;SUL;3588.097
2024-10-14 11:00:00;SUDESTE/CENTRO-OESTE;SUL;3464.654
2024-10-14 12:00:00;SUDESTE/CENTRO-OESTE;SUL;2990.411
2024-10-14 13:00:00;SUDESTE/CENTRO-OESTE;SUL;2345.63299999
2024-10-14 14:00:00;SUDESTE/CENTRO-OESTE;SUL;1853.013
2024-10-14 15:00:00;SUDESTE/CENTRO-OESTE;SUL;58.58
2024-10-14 16:00:00;SUDESTE/CENTRO-OESTE;SUL;-2136.65099999
2024-10-14 17:00:00;SUDESTE/CENTRO-OESTE;SUL;-2787.096
2024-10-14 18:00:00;SUDESTE/CENTRO-OESTE;SUL;-2255.63
2024-10-14 19:00:00;SUDESTE/CENTRO-OESTE;SUL;-1781.896
2024-10-14 20:00:00;SUDESTE/CENTRO-OESTE;SUL;-2497.927
2024-10-14 21:00:00;SUDESTE/CENTRO-OESTE;SUL;-3127.164
2024-10-14 22:00:00;SUDESTE/CENTRO-OESTE;SUL;-3154.332
2024-10-14 23:00:00;SUDESTE/CENTRO-OESTE;SUL;-3603.095
2024-10-15 00:00:00;SUDESTE/CENTRO-OESTE;SUL;-3998.676
2024-10-15 01:00:00;SUDESTE/CENTRO-OESTE;SUL;-2775.666
2024-10-15 02:00:00;SUDESTE/CENTRO-OESTE;SUL;-1816.94699999
2024-10-15 03:00:00;SUDESTE/CENTRO-OESTE;SUL;-1366.006
2024-10-15 04:00:00;SUDESTE/CENTRO-OESTE;SUL;-1537.415
2024-10-15 05:00:00;SUDESTE/CENTRO-OESTE;SUL;-1520.921
2024-10-15 06:00:00;SUDESTE/CENTRO-OESTE;SUL;573.392
2024-10-15 07:00:00;SUDESTE/CENTRO-OESTE;SUL;3494.73
2024-10-15 08:00:00;SUDESTE/CENTRO-OESTE;SUL;4070.236
2024-10-15 09:00:00;SUDESTE/CENTRO-OESTE;SUL;4135.652
2024-10-15 10:00:00;SUDESTE/CENTRO-OESTE;SUL;4173.399
2024-10-15 11:00:00;SUDESTE/CENTRO-OESTE;SUL;4412.732
2024-10-15 12:00:00;SUDESTE/CENTRO-OESTE;SUL;3638.087
2024-10-15 13:00:00;SUDESTE/CENTRO-OESTE;SUL;2528.503
2024-10-15 14:00:00;SUDESTE/CENTRO-OESTE;SUL;1277.313
2024-10-15 15:00:00;SUDESTE/CENTRO-OESTE;SUL;-70.401
2024-10-15 16:00:00;SUDESTE/CENTRO-OESTE;SUL;12.48
2024-10-15 17:00:00;SUDESTE/CENTRO-OESTE;SUL;-110.194
2024-10-15 18:00:00;SUDESTE/CENTRO-OESTE;SUL;-226.236
2024-10-15 19:00:00;SUDESTE/CENTRO-OESTE;SUL;306.58999999
2024-10-15 20:00:00;SUDESTE/CENTRO-OESTE;SUL;-707.803
2024-10-15 21:00:00;SUDESTE/CENTRO-OESTE;SUL;-876.683
2024-10-15 22:00:00;SUDESTE/CENTRO-OESTE;SUL;-1739.816
2024-10-15 23:00:00;SUDESTE/CENTRO-OESTE;SUL;-2475.904
2024-10-16 00:00:00;SUDESTE/CENTRO-OESTE;SUL;-2546.948
2024-10-16 01:00:00;SUDESTE/CENTRO-OESTE;SUL;-973.093
2024-10-16 02:00:00;SUDESTE/CENTRO-OESTE;SUL;-374.557
2024-10-16 03:00:00;SUDESTE/CENTRO-OESTE;SUL;-406.468
2024-10-16 04:00:00;SUDESTE/CENTRO-OESTE;SUL;-655.596
2024-10-16 05:00:00;SUDESTE/CENTRO-OESTE;SUL;-1170.124
2024-10-16 06:00:00;SUDESTE/CENTRO-OESTE;SUL;-272.04
2024-10-16 07:00:00;SUDESTE/CENTRO-OESTE;SUL;1549.14
2024-10-16 08:00:00;SUDESTE/CENTRO-OESTE;SUL;2178.034
2024-10-16 09:00:00;SUDESTE/CENTRO-OESTE;SUL;1856.699
2024-10-16 10:00:00;SUDESTE/CENTRO-OESTE;SUL;1648.742
2024-10-16 11:00:00;SUDESTE/CENTRO-OESTE;SUL;1328.467
2024-10-16 12:00:00;SUDESTE/CENTRO-OESTE;SUL;658.237
2024-10-16 13:00:00;SUDESTE/CENTRO-OESTE;SUL;233.696
2024-10-16 14:00:00;SUDESTE/CENTRO-OESTE;SUL;-1875.128
2024-10-16 15:00:00;SUDESTE/CENTRO-OESTE;SUL;-3330.543
2024-10-16 16:00:00;SUDESTE/CENTRO-OESTE;SUL;-3430.152
2024-10-16 17:00:00;SUDESTE/CENTRO-OESTE;SUL;-3254.401
2024-10-16 18:00:00;SUDESTE/CENTRO-OESTE;SUL;-2392.572
2024-10-16 19:00:00;SUDESTE/CENTRO-OESTE;SUL;-1548.355
2024-10-16 20:00:00;SUDESTE/CENTRO-OESTE;SUL;-2460.606
2024-10-16 21:00:00;SUDESTE/CENTRO-OESTE;SUL;-3060.176
2024-10-16 22:00:00;SUDESTE/CENTRO-OESTE;SUL;-2968.133
2024-10-16 23:00:00;SUDESTE/CENTRO-OESTE;SUL;-3606.497
2024-10-17 00:00:00;SUDESTE/CENTRO-OESTE;SUL;-4083.525
2024-10-17 01:00:00;SUDESTE/CENTRO-OESTE;SUL;-2647.833
2024-10-17 02:00:00;SUDESTE/CENTRO-OESTE;SUL;-1524.82
2024-10-17 03:00:00;SUDESTE/CENTRO-OESTE;SUL;-816.404
2024-10-17 04:00:00;SUDESTE/CENTRO-OESTE;SUL;-697.081
2024-10-17 05:00:00;SUDESTE/CENTRO-OESTE;SUL;-553.505
2024-10-17 06:00:00;SUDESTE/CENTRO-OESTE;SUL;322.007
2024-10-17 07:00:00;SUDESTE/CENTRO-OESTE;SUL;2680.936
2024-10-17 08:00:00;SUDESTE/CENTRO-OESTE;SUL;2765.473
2024-10-17 09:00:00;SUDESTE/CENTRO-OESTE;SUL;2433.676
2024-10-17 10:00:00;SUDESTE/CENTRO-OESTE;SUL;1832.026
2024-10-17 11:00:00;SUDESTE/CENTRO-OESTE;SUL;1678.438
2024-10-17 12:00:00;SUDESTE/CENTRO-OESTE;SUL;932.96
2024-10-17 13:00:00;SUDESTE/CENTRO-OESTE;SUL;-329.41699999
2024-10-17 14:00:00;SUDESTE/CENTRO-OESTE;SUL;-2891.209
2024-10-17 15:00:00;SUDESTE/CENTRO-OESTE;SUL;-3258.835
2024-10-17 16:00:00;SUDESTE/CENTRO-OESTE;SUL;-2991.4
2024-10-17 17:00:00;SUDESTE/CENTRO-OESTE;SUL;-2384.59499999
2024-10-17 18:00:00;SUDESTE/CENTRO-OESTE;SUL;-1722.528
2024-10-17 19:00:00;SUDESTE/CENTRO-OESTE;SUL;-986.684
2024-10-17 20:00:00;SUDESTE/CENTRO-OESTE;SUL;-1693.246
2024-10-17 21:00:00;SUDESTE/CENTRO-OESTE;SUL;-2174.542
2024-10-17 22:00:00;SUDESTE/CENTRO-OESTE;SUL;-2730.375
2024-10-17 23:00:00;SUDESTE/CENTRO-OESTE;SUL;-3249.119
2024-10-18 00:00:00;SUDESTE/CENTRO-OESTE;SUL;-3556.14
2024-10-18 01:00:00;SUDESTE/CENTRO-OESTE;SUL;-3753.945
2024-10-18 02:00:00;SUDESTE/CENTRO-OESTE;SUL;-3522.146
2024-10-18 03:00:00;SUDESTE/CENTRO-OESTE;SUL;-3515.448
2024-10-18 04:00:00;SUDESTE/CENTRO-OESTE;SUL;-3471.607
2024-10-18 05:00:00;SUDESTE/CENTRO-OESTE;SUL;-2961.701
2024-10-18 06:00:00;SUDESTE/CENTRO-OESTE;SUL;-1810.26
2024-10-18 07:00:00;SUDESTE/CENTRO-OESTE;SUL;228.857
2024-10-18 08:00:00;SUDESTE/CENTRO-OESTE;SUL;68.35299999
2024-10-18 09:00:00;SUDESTE/CENTRO-OESTE;SUL;-141.544
2024-10-18 10:00:00;SUDESTE/CENTRO-OESTE;SUL;-516.20899999
2024-10-18 11:00:00;SUDESTE/CENTRO-OESTE;SUL;195.741
2024-10-18 12:00:00;SUDESTE/CENTRO-OESTE;SUL;1071.227
2024-10-18 13:00:00;SUDESTE/CENTRO-OESTE;SUL;303.31
2024-10-18 14:00:00;SUDESTE/CENTRO-OESTE;SUL;-1059.136
2024-10-18 15:00:00;SUDESTE/CENTRO-OESTE;SUL;-1786.247
2024-10-18 16:00:00;SUDESTE/CENTRO-OESTE;SUL;-1669.625
2024-10-18 17:00:00;SUDESTE/CENTRO-OESTE;SUL;-2436.935
2024-10-18 18:00:00;SUDESTE/CENTRO-OESTE;SUL;-2049.024
2024-10-18 19:00:00;SUDESTE/CENTRO-OESTE;SUL;-1305.29199999
2024-10-18 20:00:00;SUDESTE/CENTRO-OESTE;SUL;-2726.785
2024-10-18 21:00:00;SUDESTE/CENTRO-OESTE;SUL;-3218.299
2024-10-18 22:00:00;SUDESTE/CENTRO-OESTE;SUL;-2761.56599999
2024-10-18 23:00:00;SUDESTE/CENTRO-OESTE;SUL;-3421.107
2024-10-19 00:00:00;SUDESTE/CENTRO-OESTE;SUL;-4377.921
2024-10-19 01:00:00;SUDESTE/CENTRO-OESTE;SUL;-4785.654
2024-10-19 02:00:00;SUDESTE/CENTRO-OESTE;SUL;-4833.90899999
2024-10-19 03:00:00;SUDESTE/CENTRO-OESTE;SUL;-4383.48499999
2024-10-19 04:00:00;SUDESTE/CENTRO-OESTE;SUL;-3517.671
2024-10-19 05:00:00;SUDESTE/CENTRO-OESTE;SUL;-2881.236
2024-10-19 06:00:00;SUDESTE/CENTRO-OESTE;SUL;-868.78599999
2024-10-19 07:00:00;SUDESTE/CENTRO-OESTE;SUL;782.28099999
2024-10-19 08:00:00;SUDESTE/CENTRO-OESTE;SUL;891.747
2024-10-19 09:00:00;SUDESTE/CENTRO-OESTE;SUL;1250.891
2024-10-19 10:00:00;SUDESTE/CENTRO-OESTE;SUL;1959.709
2024-10-19 11:00:00;SUDESTE/CENTRO-OESTE;SUL;1530.193
2024-10-19 12:00:00;SUDESTE/CENTRO-OESTE;SUL;1900.644
2024-10-19 13:00:00;SUDESTE/CENTRO-OESTE;SUL;2147.193
2024-10-19 14:00:00;SUDESTE/CENTRO-OESTE;SUL;1485.36999999
2024-10-19 15:00:00;SUDESTE/CENTRO-OESTE;SUL;1151.813
2024-10-19 16:00:00;SUDESTE/CENTRO-OESTE;SUL;-246.251
2024-10-19 17:00:00;SUDESTE/CENTRO-OESTE;SUL;-2018.069
2024-10-19 18:00:00;SUDESTE/CENTRO-OESTE;SUL;-2450.75
2024-10-19 19:00:00;SUDESTE/CENTRO-OESTE;SUL;-1254.355
2024-10-19 20:00:00;SUDESTE/CENTRO-OESTE;SUL;-794.423
2024-10-19 21:00:00;SUDESTE/CENTRO-OESTE;SUL;-134.859
2024-10-19 22:00:00;SUDESTE/CENTRO-OESTE;SUL;614.534
2024-10-19 23:00:00;SUDESTE/CENTRO-OESTE;SUL;700.71
2024-10-20 00:00:00;SUDESTE/CENTRO-OESTE;SUL;-29.594
2024-10-20 01:00:00;SUDESTE/CENTRO-OESTE;SUL;242.594
2024-10-20 02:00:00;SUDESTE/CENTRO-OESTE;SUL;896.363
2024-10-20 03:00:00;SUDESTE/CENTRO-OESTE;SUL;903.918
2024-10-20 04:00:00;SUDESTE/CENTRO-OESTE;SUL;693.246
2024-10-20 05:00:00;SUDESTE/CENTRO-OESTE;SUL;906.629
2024-10-20 06:00:00;SUDESTE/CENTRO-OESTE;SUL;480.536
2024-10-20 07:00:00;SUDESTE/CENTRO-OESTE;SUL;130.058
2024-10-20 08:00:00;SUDESTE/CENTRO-OESTE;SUL;-742.11
2024-10-20 09:00:00;SUDESTE/CENTRO-OESTE;SUL;-771.647
2024-10-20 10:00:00;SUDESTE/CENTRO-OESTE;SUL;-1119.823
2024-10-20 11:00:00;SUDESTE/CENTRO-OESTE;SUL;-767.934
2024-10-20 12:00:00;SUDESTE/CENTRO-OESTE;SUL;-739.441
2024-10-20 13:00:00;SUDESTE/CENTRO-OESTE;SUL;-364.412
2024-10-20 14:00:00;SUDESTE/CENTRO-OESTE;SUL;116.289
2024-10-20 15:00:00;SUDESTE/CENTRO-OESTE;SUL;254.081
2024-10-20 16:00:00;SUDESTE/CENTRO-OESTE;SUL;324.82299999
2024-10-20 17:00:00;SUDESTE/CENTRO-OESTE;SUL;137.186
2024-10-20 18:00:00;SUDESTE/CENTRO-OESTE;SUL;-46.417
2024-10-20 19:00:00;SUDESTE/CENTRO-OESTE;SUL;398.806
2024-10-20 20:00:00;SUDESTE/CENTRO-OESTE;SUL;299.909
2024-10-20 21:00:00;SUDESTE/CENTRO-OESTE;SUL;151.044
2024-10-20 22:00:00;SUDESTE/CENTRO-OESTE;SUL;503.971
2024-10-20 23:00:00;SUDESTE/CENTRO-OESTE;SUL;773.38
2024-10-21 00:00:00;SUDESTE/CENTRO-OESTE;SUL;614.34299999
2024-10-21 01:00:00;SUDESTE/CENTRO-OESTE;SUL;1354.932
2024-10-21 02:00:00;SUDESTE/CENTRO-OESTE;SUL;1466.238
2024-10-21 03:00:00;SUDESTE/CENTRO-OESTE;SUL;1754.7
2024-10-21 04:00:00;SUDESTE/CENTRO-OESTE;SUL;2062.44
2024-10-21 05:00:00;SUDESTE/CENTRO-OESTE;SUL;2603.056
2024-10-21 06:00:00;SUDESTE/CENTRO-OESTE;SUL;3372.871
2024-10-21 07:00:00;SUDESTE/CENTRO-OESTE;SUL;3732.332
2024-10-21 08:00:00;SUDESTE/CENTRO-OESTE;SUL;4012.878
2024-10-21 09:00:00;SUDESTE/CENTRO-OESTE;SUL;3927.056
2024-10-21 10:00:00;SUDESTE/CENTRO-OESTE;SUL;3752.033
2024-10-21 11:00:00;SUDESTE/CENTRO-OESTE;SUL;3711.196
2024-10-21 12:00:00;SUDESTE/CENTRO-OESTE;SUL;3251.994
2024-10-21 13:00:00;SUDESTE/CENTRO-OESTE;SUL;4383.755
2024-10-21 14:00:00;SUDESTE/CENTRO-OESTE;SUL;4896.537
2024-10-21 15:00:00;SUDESTE/CENTRO-OESTE;SUL;2823.09
2024-10-21 16:00:00;SUDESTE/CENTRO-OESTE;SUL;280.47699999
2024-10-21 17:00:00;SUDESTE/CENTRO-OESTE;SUL;-191.851
2024-10-21 18:00:00;SUDESTE/CENTRO-OESTE;SUL;-80.994
2024-10-21 19:00:00;SUDESTE/CENTRO-OESTE;SUL;926.381
2024-10-21 20:00:00;SUDESTE/CENTRO-OESTE;SUL;191.316
2024-10-21 21:00:00;SUDESTE/CENTRO-OESTE;SUL;-269.236
2024-10-21 22:00:00;SUDESTE/CENTRO-OESTE;SUL;-48.0
2024-10-21 23:00:00;SUDESTE/CENTRO-OESTE;SUL;1515.892
2024-10-22 00:00:00;SUDESTE/CENTRO-OESTE;SUL;2622.489
2024-10-22 01:00:00;SUDESTE/CENTRO-OESTE;SUL;3774.95
2024-10-22 02:00:00;SUDESTE/CENTRO-OESTE;SUL;4568.31099999
2024-10-22 03:00:00;SUDESTE/CENTRO-OESTE;SUL;4754.896
2024-10-22 04:00:00;SUDESTE/CENTRO-OESTE;SUL;4885.533
2024-10-22 05:00:00;SUDESTE/CENTRO-OESTE;SUL;4575.89
2024-10-22 06:00:00;SUDESTE/CENTRO-OESTE;SUL;4346.18
2024-10-22 07:00:00;SUDESTE/CENTRO-OESTE;SUL;4928.299
2024-10-22 08:00:00;SUDESTE/CENTRO-OESTE;SUL;3543.024
2024-10-22 09:00:00;SUDESTE/CENTRO-OESTE;SUL;3376.498
2024-10-22 10:00:00;SUDESTE/CENTRO-OESTE;SUL;4060.543
2024-10-22 11:00:00;SUDESTE/CENTRO-OESTE;SUL;4200.586
2024-10-22 12:00:00;SUDESTE/CENTRO-OESTE;SUL;3956.495
2024-10-22 13:00:00;SUDESTE/CENTRO-OESTE;SUL;4663.99399999
2024-10-22 14:00:00;SUDESTE/CENTRO-OESTE;SUL;4269.499
2024-10-22 15:00:00;SUDESTE/CENTRO-OESTE;SUL;2907.55699999
2024-10-22 16:00:00;SUDESTE/CENTRO-OESTE;SUL;2497.475
2024-10-22 17:00:00;SUDESTE/CENTRO-OESTE;SUL;2550.775
2024-10-22 18:00:00;SUDESTE/CENTRO-OESTE;SUL;2284.42299999
2024-10-22 19:00:00;SUDESTE/CENTRO-OESTE;SUL;2215.76899999
2024-10-22 20:00:00;SUDESTE/CENTRO-OESTE;SUL;1682.135
2024-10-22 21:00:00;SUDESTE/CENTRO-OESTE;SUL;1389.551
2024-10-22 22:00:00;SUDESTE/CENTRO-OESTE;SUL;964.23
2024-10-22 23:00:00;SUDESTE/CENTRO-OESTE;SUL;658.93499999
2024-10-23 00:00:00;SUDESTE/CENTRO-OESTE;SUL;1130.695
2024-10-23 01:00:00;SUDESTE/CENTRO-OESTE;SUL;2769.074
2024-10-23 02:00:00;SUDESTE/CENTRO-OESTE;SUL;4060.296
2024-10-23 03:00:00;SUDESTE/CENTRO-OESTE;SUL;4614.532
2024-10-23 04:00:00;SUDESTE/CENTRO-OESTE;SUL;4369.446
2024-10-23 05:00:00;SUDESTE/CENTRO-OESTE;SUL;4369.521
2024-10-23 06:00:00;SUDESTE/CENTRO-OESTE;SUL;4704.232
2024-10-23 07:00:00;SUDESTE/CENTRO-OESTE;SUL;5861.07
2024-10-23 08:00:00;SUDESTE/CENTRO-OESTE;SUL;5018.145
2024-10-23 09:00:00;SUDESTE/CENTRO-OESTE;SUL;3477.549
2024-10-23 10:00:00;SUDESTE/CENTRO-OESTE;SUL;3638.94
2024-10-23 11:00:00;SUDESTE/CENTRO-OESTE;SUL;3659.05
2024-10-23 12:00:00;SUDESTE/CENTRO-OESTE;SUL;3603.402
2024-10-23 13:00:00;SUDESTE/CENTRO-OESTE;SUL;4208.329
2024-10-23 14:00:00;SUDESTE/CENTRO-OESTE;SUL;4381.646
2024-10-23 15:00:00;SUDESTE/CENTRO-OESTE;SUL;2862.89
2024-10-23 16:00:00;SUDESTE/CENTRO-OESTE;SUL;836.25
2024-10-23 17:00:00;SUDESTE/CENTRO-OESTE;SUL;474.64
2024-10-23 18:00:00;SUDESTE/CENTRO-OESTE;SUL;930.006
2024-10-23 19:00:00;SUDESTE/CENTRO-OESTE;SUL;1297.25
2024-10-23 20:00:00;SUDESTE/CENTRO-OESTE;SUL;523.428
2024-10-23 21:00:00;SUDESTE/CENTRO-OESTE;SUL;-374.07799999
2024-10-23 22:00:00;SUDESTE/CENTRO-OESTE;SUL;-673.05499999
2024-10-23 23:00:00;SUDESTE/CENTRO-OESTE;SUL;23.52199999
2024-10-24 00:00:00;SUDESTE/CENTRO-OESTE;SUL;469.583
2024-10-24 01:00:00;SUDESTE/CENTRO-OESTE;SUL;674.936
2024-10-24 02:00:00;SUDESTE/CENTRO-OESTE;SUL;501.583
2024-10-24 03:00:00;SUDESTE/CENTRO-OESTE;SUL;743.867
2024-10-24 04:00:00;SUDESTE/CENTRO-OESTE;SUL;1103.21499999
2024-10-24 05:00:00;SUDESTE/CENTRO-OESTE;SUL;1990.382
2024-10-24 06:00:00;SUDESTE/CENTRO-OESTE;SUL;3309.11499999
2024-10-24 07:00:00;SUDESTE/CENTRO-OESTE;SUL;4519.455
2024-10-24 08:00:00;SUDESTE/CENTRO-OESTE;SUL;5172.566
2024-10-24 09:00:00;SUDESTE/CENTRO-OESTE;SUL;5671.511
2024-10-24 10:00:00;SUDESTE/CENTRO-OESTE;SUL;5366.886
2024-10-24 11:00:00;SUDESTE/CENTRO-OESTE;SUL;5281.53
2024-10-24 12:00:00;SUDESTE/CENTRO-OESTE;SUL;4628.572
2024-10-24 13:00:00;SUDESTE/CENTRO-OESTE;SUL;3456.914
2024-10-24 14:00:00;SUDESTE/CENTRO-OESTE;SUL;661.855
2024-10-24 15:00:00;SUDESTE/CENTRO-OESTE;SUL;-1126.93599999
2024-10-24 16:00:00;SUDESTE/CENTRO-OESTE;SUL;-1665.063
2024-10-24 17:00:00;SUDESTE/CENTRO-OESTE;SUL;-1443.301
2024-10-24 18:00:00;SUDESTE/CENTRO-OESTE;SUL;-1509.59
2024-10-24 19:00:00;SUDESTE/CENTRO-OESTE;SUL;-833.13699999
2024-10-24 20:00:00;SUDESTE/CENTRO-OESTE;SUL;-1323.897
2024-10-24 21:00:00;SUDESTE/CENTRO-OESTE;SUL;-1832.374
2024-10-24 22:00:00;SUDESTE/CENTRO-OESTE;SUL;-1798.852
2024-10-24 23:00:00;SUDESTE/CENTRO-OESTE;SUL;-2481.754
2024-10-25 00:00:00;SUDESTE/CENTRO-OESTE;SUL;-1557.69699999
2024-10-25 01:00:00;SUDESTE/CENTRO-OESTE;SUL;-542.6
2024-10-25 02:00:00;SUDESTE/CENTRO-OESTE;SUL;-382.398
2024-10-25 03:00:00;SUDESTE/CENTRO-OESTE;SUL;-84.789
2024-10-25 04:00:00;SUDESTE/CENTRO-OESTE;SUL;424.332
2024-10-25 05:00:00;SUDESTE/CENTRO-OESTE;SUL;695.292
2024-10-25 06:00:00;SUDESTE/CENTRO-OESTE;SUL;1781.203
2024-10-25 07:00:00;SUDESTE/CENTRO-OESTE;SUL;1888.351
2024-10-25 08:00:00;SUDESTE/CENTRO-OESTE;SUL;1560.247
2024-10-25 09:00:00;SUDESTE/CENTRO-OESTE;SUL;733.888
2024-10-25 10:00:00;SUDESTE/CENTRO-OESTE;SUL;599.462
2024-10-25 11:00:00;SUDESTE/CENTRO-OESTE;SUL;372.822
2024-10-25 12:00:00;SUDESTE/CENTRO-OESTE;SUL;374.266
2024-10-25 13:00:00;SUDESTE/CENTRO-OESTE;SUL;374.266
2024-10-25 14:00:00;SUDESTE/CENTRO-OESTE;SUL;374.266
2024-10-25 15:00:00;SUDESTE/CENTRO-OESTE;SUL;-793.298
2024-10-25 16:00:00;SUDESTE/CENTRO-OESTE;SUL;-3241.781
2024-10-25 17:00:00;SUDESTE/CENTRO-OESTE;SUL;-3487.031
2024-10-25 18:00:00;SUDESTE/CENTRO-OESTE;SUL;-2161.687
2024-10-25 19:00:00;SUDESTE/CENTRO-OESTE;SUL;-1235.094
2024-10-25 20:00:00;SUDESTE/CENTRO-OESTE;SUL;-1923.638
2024-10-25 21:00:00;SUDESTE/CENTRO-OESTE;SUL;-1817.539
2024-10-25 22:00:00;SUDESTE/CENTRO-OESTE;SUL;-1870.614
2024-10-25 23:00:00;SUDESTE/CENTRO-OESTE;SUL;-950.192
2024-10-26 00:00:00;SUDESTE/CENTRO-OESTE;SUL;-707.428
2024-10-26 01:00:00;SUDESTE/CENTRO-OESTE;SUL;-1753.431
2024-10-26 02:00:00;SUDESTE/CENTRO-OESTE;SUL;-2393.77
2024-10-26 03:00:00;SUDESTE/CENTRO-OESTE;SUL;-2800.569
2024-10-26 04:00:00;SUDESTE/CENTRO-OESTE;SUL;-2960.184
2024-10-26 05:00:00;SUDESTE/CENTRO-OESTE;SUL;-1552.90799999
2024-10-26 06:00:00;SUDESTE/CENTRO-OESTE;SUL;666.797
2024-10-26 07:00:00;SUDESTE/CENTRO-OESTE;SUL;474.56
2024-10-26 08:00:00;SUDESTE/CENTRO-OESTE;SUL;-136.231
2024-10-26 09:00:00;SUDESTE/CENTRO-OESTE;SUL;-493.449
2024-10-26 10:00:00;SUDESTE/CENTRO-OESTE;SUL;-407.923
2024-10-26 11:00:00;SUDESTE/CENTRO-OESTE;SUL;-51.009
2024-10-26 12:00:00;SUDESTE/CENTRO-OESTE;SUL;171.542
2024-10-26 13:00:00;SUDESTE/CENTRO-OESTE;SUL;-248.207
2024-10-26 14:00:00;SUDESTE/CENTRO-OESTE;SUL;-860.946
2024-10-26 15:00:00;SUDESTE/CENTRO-OESTE;SUL;-1010.226
2024-10-26 16:00:00;SUDESTE/CENTRO-OESTE;SUL;-541.051
2024-10-26 17:00:00;SUDESTE/CENTRO-OESTE;SUL;-599.929
2024-10-26 18:00:00;SUDESTE/CENTRO-OESTE;SUL;-528.399
2024-10-26 19:00:00;SUDESTE/CENTRO-OESTE;SUL;20.529
2024-10-26 20:00:00;SUDESTE/CENTRO-OESTE;SUL;-84.568
2024-10-26 21:00:00;SUDESTE/CENTRO-OESTE;SUL;182.764
2024-10-26 22:00:00;SUDESTE/CENTRO-OESTE;SUL;-435.587
2024-10-26 23:00:00;SUDESTE/CENTRO-OESTE;SUL;-1298.588
2024-10-27 00:00:00;SUDESTE/CENTRO-OESTE;SUL;-1938.106
2024-10-27 01:00:00;SUDESTE/CENTRO-OESTE;SUL;-1849.4
2024-10-27 02:00:00;SUDESTE/CENTRO-OESTE;SUL;-2241.37199999
2024-10-27 03:00:00;SUDESTE/CENTRO-OESTE;SUL;-1832.251
2024-10-27 04:00:00;SUDESTE/CENTRO-OESTE;SUL;-1507.281
2024-10-27 05:00:00;SUDESTE/CENTRO-OESTE;SUL;-898.751
2024-10-27 06:00:00;SUDESTE/CENTRO-OESTE;SUL;381.214
2024-10-27 07:00:00;SUDESTE/CENTRO-OESTE;SUL;743.52
2024-10-27 08:00:00;SUDESTE/CENTRO-OESTE;SUL;561.803
2024-10-27 09:00:00;SUDESTE/CENTRO-OESTE;SUL;119.995
2024-10-27 10:00:00;SUDESTE/CENTRO-OESTE;SUL;-34.129
2024-10-27 11:00:00;SUDESTE/CENTRO-OESTE;SUL;108.788
2024-10-27 12:00:00;SUDESTE/CENTRO-OESTE;SUL;-328.079
2024-10-27 13:00:00;SUDESTE/CENTRO-OESTE;SUL;-205.91999999
2024-10-27 14:00:00;SUDESTE/CENTRO-OESTE;SUL;-5.736
2024-10-27 15:00:00;SUDESTE/CENTRO-OESTE;SUL;-460.223
2024-10-27 16:00:00;SUDESTE/CENTRO-OESTE;SUL;-381.972
2024-10-27 17:00:00;SUDESTE/CENTRO-OESTE;SUL;-169.03299999
2024-10-27 18:00:00;SUDESTE/CENTRO-OESTE;SUL;340.122
2024-10-27 19:00:00;SUDESTE/CENTRO-OESTE;SUL;165.18199999
2024-10-27 20:00:00;SUDESTE/CENTRO-OESTE;SUL;-173.388
2024-10-27 21:00:00;SUDESTE/CENTRO-OESTE;SUL;-637.79
2024-10-27 22:00:00;SUDESTE/CENTRO-OESTE;SUL;-663.356
2024-10-27 23:00:00;SUDESTE/CENTRO-OESTE;SUL;-1143.113
2024-10-28 00:00:00;SUDESTE/CENTRO-OESTE;SUL;-629.737
2024-10-28 01:00:00;SUDESTE/CENTRO-OESTE;SUL;-218.21
2024-10-28 02:00:00;SUDESTE/CENTRO-OESTE;SUL;260.43599999
2024-10-28 03:00:00;SUDESTE/CENTRO-OESTE;SUL;1574.316
2024-10-28 04:00:00;SUDESTE/CENTRO-OESTE;SUL;1486.394
2024-10-28 05:00:00;SUDESTE/CENTRO-OESTE;SUL;1835.122
2024-10-28 06:00:00;SUDESTE/CENTRO-OESTE;SUL;3355.951
2024-10-28 07:00:00;SUDESTE/CENTRO-OESTE;SUL;4315.024
2024-10-28 08:00:00;SUDESTE/CENTRO-OESTE;SUL;3974.157
2024-10-28 09:00:00;SUDESTE/CENTRO-OESTE;SUL;3690.673
2024-10-28 10:00:00;SUDESTE/CENTRO-OESTE;SUL;3647.826
2024-10-28 11:00:00;SUDESTE/CENTRO-OESTE;SUL;4060.613
2024-10-28 12:00:00;SUDESTE/CENTRO-OESTE;SUL;3708.497
2024-10-28 13:00:00;SUDESTE/CENTRO-OESTE;SUL;3865.086
2024-10-28 14:00:00;SUDESTE/CENTRO-OESTE;SUL;3401.788
2024-10-28 15:00:00;SUDESTE/CENTRO-OESTE;SUL;2175.589
2024-10-28 16:00:00;SUDESTE/CENTRO-OESTE;SUL;255.757
2024-10-28 17:00:00;SUDESTE/CENTRO-OESTE;SUL;-958.544
2024-10-28 18:00:00;SUDESTE/CENTRO-OESTE;SUL;-608.404
2024-10-28 19:00:00;SUDESTE/CENTRO-OESTE;SUL;35.456
2024-10-28 20:00:00;SUDESTE/CENTRO-OESTE;SUL;-641.07899999
2024-10-28 21:00:00;SUDESTE/CENTRO-OESTE;SUL;-1206.095
2024-10-28 22:00:00;SUDESTE/CENTRO-OESTE;SUL;-811.326
2024-10-28 23:00:00;SUDESTE/CENTRO-OESTE;SUL;-141.102
2024-10-29 00:00:00;SUDESTE/CENTRO-OESTE;SUL;517.087
2024-10-29 01:00:00;SUDESTE/CENTRO-OESTE;SUL;1904.499
2024-10-29 02:00:00;SUDESTE/CENTRO-OESTE;SUL;2870.117
2024-10-29 03:00:00;SUDESTE/CENTRO-OESTE;SUL;2973.317
2024-10-29 04:00:00;SUDESTE/CENTRO-OESTE;SUL;3048.125
2024-10-29 05:00:00;SUDESTE/CENTRO-OESTE;SUL;3313.289
2024-10-29 06:00:00;SUDESTE/CENTRO-OESTE;SUL;3376.688
2024-10-29 07:00:00;SUDESTE/CENTRO-OESTE;SUL;4179.496
2024-10-29 08:00:00;SUDESTE/CENTRO-OESTE;SUL;3940.623
2024-10-29 09:00:00;SUDESTE/CENTRO-OESTE;SUL;4215.968
2024-10-29 10:00:00;SUDESTE/CENTRO-OESTE;SUL;3823.059
2024-10-29 11:00:00;SUDESTE/CENTRO-OESTE;SUL;3469.715
2024-10-29 12:00:00;SUDESTE/CENTRO-OESTE;SUL;3060.715
2024-10-29 13:00:00;SUDESTE/CENTRO-OESTE;SUL;2218.851
2024-10-29 14:00:00;SUDESTE/CENTRO-OESTE;SUL;624.378
2024-10-29 15:00:00;SUDESTE/CENTRO-OESTE;SUL;-93.622
2024-10-29 16:00:00;SUDESTE/CENTRO-OESTE;SUL;27.671
2024-10-29 17:00:00;SUDESTE/CENTRO-OESTE;SUL;227.559
2024-10-29 18:00:00;SUDESTE/CENTRO-OESTE;SUL;217.679
2024-10-29 19:00:00;SUDESTE/CENTRO-OESTE;SUL;1438.35999999
2024-10-29 20:00:00;SUDESTE/CENTRO-OESTE;SUL;707.18499999
2024-10-29 21:00:00;SUDESTE/CENTRO-OESTE;SUL;-33.11399999
2024-10-29 22:00:00;SUDESTE/CENTRO-OESTE;SUL;-405.489
2024-10-29 23:00:00;SUDESTE/CENTRO-OESTE;SUL;-1463.381
2024-10-30 00:00:00;SUDESTE/CENTRO-OESTE;SUL;-170.93
2024-10-30 01:00:00;SUDESTE/CENTRO-OESTE;SUL;1187.164
2024-10-30 02:00:00;SUDESTE/CENTRO-OESTE;SUL;2715.424
2024-10-30 03:00:00;SUDESTE/CENTRO-OESTE;SUL;3174.552
2024-10-30 04:00:00;SUDESTE/CENTRO-OESTE;SUL;3404.293
2024-10-30 05:00:00;SUDESTE/CENTRO-OESTE;SUL;4087.924
2024-10-30 06:00:00;SUDESTE/CENTRO-OESTE;SUL;4213.27
2024-10-30 07:00:00;SUDESTE/CENTRO-OESTE;SUL;5502.393
2024-10-30 08:00:00;SUDESTE/CENTRO-OESTE;SUL;5696.205
2024-10-30 09:00:00;SUDESTE/CENTRO-OESTE;SUL;5408.18
2024-10-30 10:00:00;SUDESTE/CENTRO-OESTE;SUL;3907.08
2024-10-30 11:00:00;SUDESTE/CENTRO-OESTE;SUL;3093.654
2024-10-30 12:00:00;SUDESTE/CENTRO-OESTE;SUL;3131.834
2024-10-30 13:00:00;SUDESTE/CENTRO-OESTE;SUL;2247.23799999
2024-10-30 14:00:00;SUDESTE/CENTRO-OESTE;SUL;1861.985
2024-10-30 15:00:00;SUDESTE/CENTRO-OESTE;SUL;419.196
2024-10-30 16:00:00;SUDESTE/CENTRO-OESTE;SUL;228.555
2024-10-30 17:00:00;SUDESTE/CENTRO-OESTE;SUL;927.49
2024-10-30 18:00:00;SUDESTE/CENTRO-OESTE;SUL;1073.426
2024-10-30 19:00:00;SUDESTE/CENTRO-OESTE;SUL;2025.385
2024-10-30 20:00:00;SUDESTE/CENTRO-OESTE;SUL;1818.91
2024-10-30 21:00:00;SUDESTE/CENTRO-OESTE;SUL;1054.585
2024-10-30 22:00:00;SUDESTE/CENTRO-OESTE;SUL;346.789
2024-10-30 23:00:00;SUDESTE/CENTRO-OESTE;SUL;2.808
2024-10-31 00:00:00;SUDESTE/CENTRO-OESTE;SUL;313.108
2024-10-31 01:00:00;SUDESTE/CENTRO-OESTE;SUL;2134.525
2024-10-31 02:00:00;SUDESTE/CENTRO-OESTE;SUL;2871.404
2024-10-31 03:00:00;SUDESTE/CENTRO-OESTE;SUL;2972.68199999
2024-10-31 04:00:00;SUDESTE/CENTRO-OESTE;SUL;3034.172
2024-10-31 05:00:00;SUDESTE/CENTRO-OESTE;SUL;3214.968
2024-10-31 06:00:00;SUDESTE/CENTRO-OESTE;SUL;3585.757
2024-10-31 07:00:00;SUDESTE/CENTRO-OESTE;SUL;4660.555
2024-10-31 08:00:00;SUDESTE/CENTRO-OESTE;SUL;4828.082
2024-10-31 09:00:00;SUDESTE/CENTRO-OESTE;SUL;4351.189
2024-10-31 10:00:00;SUDESTE/CENTRO-OESTE;SUL;3999.475
2024-10-31 11:00:00;SUDESTE/CENTRO-OESTE;SUL;3516.299
2024-10-31 12:00:00;SUDESTE/CENTRO-OESTE;SUL;2876.683
2024-10-31 13:00:00;SUDESTE/CENTRO-OESTE;SUL;1782.19699999
2024-10-31 14:00:00;SUDESTE/CENTRO-OESTE;SUL;923.908
2024-10-31 15:00:00;SUDESTE/CENTRO-OESTE;SUL;120.302
2024-10-31 16:00:00;SUDESTE/CENTRO-OESTE;SUL;-413.549
2024-10-31 17:00:00;SUDESTE/CENTRO-OESTE;SUL;578.016
2024-10-31 18:00:00;SUDESTE/CENTRO-OESTE;SUL;420.734
2024-10-31 19:00:00;SUDESTE/CENTRO-OESTE;SUL;1049.626
2024-10-31 20:00:00;SUDESTE/CENTRO-OESTE;SUL;305.54899999
2024-10-31 21:00:00;SUDESTE/CENTRO-OESTE;SUL;-437.357
2024-10-31 22:00:00;SUDESTE/CENTRO-OESTE;SUL;-752.695
2024-10-31 23:00:00;SUDESTE/CENTRO-OESTE;SUL;-376.22699999
2024-11-01 00:00:00;SUDESTE/CENTRO-OESTE;SUL;-363.344
2024-11-01 01:00:00;SUDESTE/CENTRO-OESTE;SUL;897.785
2024-11-01 02:00:00;SUDESTE/CENTRO-OESTE;SUL;2612.073
2024-11-01 03:00:00;SUDESTE/CENTRO-OESTE;SUL;2597.516
2024-11-01 04:00:00;SUDESTE/CENTRO-OESTE;SUL;2453.11
2024-11-01 05:00:00;SUDESTE/CENTRO-OESTE;SUL;2573.195
2024-11-01 06:00:00;SUDESTE/CENTRO-OESTE;SUL;3381.698
2024-11-01 07:00:00;SUDESTE/CENTRO-OESTE;SUL;3777.276
2024-11-01 08:00:00;SUDESTE/CENTRO-OESTE;SUL;4267.27499999
2024-11-01 09:00:00;SUDESTE/CENTRO-OESTE;SUL;3697.659
2024-11-01 10:00:00;SUDESTE/CENTRO-OESTE;SUL;3151.741
2024-11-01 11:00:00;SUDESTE/CENTRO-OESTE;SUL;3195.221
2024-11-01 12:00:00;SUDESTE/CENTRO-OESTE;SUL;2859.605
2024-11-01 13:00:00;SUDESTE/CENTRO-OESTE;SUL;2302.01899999
2024-11-01 14:00:00;SUDESTE/CENTRO-OESTE;SUL;38.577
2024-11-01 15:00:00;SUDESTE/CENTRO-OESTE;SUL;-270.182
2024-11-01 16:00:00;SUDESTE/CENTRO-OESTE;SUL;-99.512
2024-11-01 17:00:00;SUDESTE/CENTRO-OESTE;SUL;-683.077
2024-11-01 18:00:00;SUDESTE/CENTRO-OESTE;SUL;-740.062
2024-11-01 19:00:00;SUDESTE/CENTRO-OESTE;SUL;143.5
2024-11-01 20:00:00;SUDESTE/CENTRO-OESTE;SUL;-506.158
2024-11-01 21:00:00;SUDESTE/CENTRO-OESTE;SUL;-372.944
2024-11-01 22:00:00;SUDESTE/CENTRO-OESTE;SUL;-899.821
2024-11-01 23:00:00;SUDESTE/CENTRO-OESTE;SUL;-1416.384
2024-11-02 00:00:00;SUDESTE/CENTRO-OESTE;SUL;-70.976
2024-11-02 01:00:00;SUDESTE/CENTRO-OESTE;SUL;1188.29299999
2024-11-02 02:00:00;SUDESTE/CENTRO-OESTE;SUL;2305.561
2024-11-02 03:00:00;SUDESTE/CENTRO-OESTE;SUL;2676.751
2024-11-02 04:00:00;SUDESTE/CENTRO-OESTE;SUL;3187.289
2024-11-02 05:00:00;SUDESTE/CENTRO-OESTE;SUL;3757.547
2024-11-02 06:00:00;SUDESTE/CENTRO-OESTE;SUL;4528.43599999
2024-11-02 07:00:00;SUDESTE/CENTRO-OESTE;SUL;5140.111
2024-11-02 08:00:00;SUDESTE/CENTRO-OESTE;SUL;5732.188
2024-11-02 09:00:00;SUDESTE/CENTRO-OESTE;SUL;6136.619
2024-11-02 10:00:00;SUDESTE/CENTRO-OESTE;SUL;6375.174
2024-11-02 11:00:00;SUDESTE/CENTRO-OESTE;SUL;6258.312
2024-11-02 12:00:00;SUDESTE/CENTRO-OESTE;SUL;5850.42
2024-11-02 13:00:00;SUDESTE/CENTRO-OESTE;SUL;5242.331
2024-11-02 14:00:00;SUDESTE/CENTRO-OESTE;SUL;5346.194
2024-11-02 15:00:00;SUDESTE/CENTRO-OESTE;SUL;4456.212
2024-11-02 16:00:00;SUDESTE/CENTRO-OESTE;SUL;3016.105
2024-11-02 17:00:00;SUDESTE/CENTRO-OESTE;SUL;942.908
2024-11-02 18:00:00;SUDESTE/CENTRO-OESTE;SUL;-188.876
2024-11-02 19:00:00;SUDESTE/CENTRO-OESTE;SUL;645.261
2024-11-02 20:00:00;SUDESTE/CENTRO-OESTE;SUL;780.784
2024-11-02 21:00:00;SUDESTE/CENTRO-OESTE;SUL;909.758
2024-11-02 22:00:00;SUDESTE/CENTRO-OESTE;SUL;981.78
2024-11-02 23:00:00;SUDESTE/CENTRO-OESTE;SUL;870.258
2024-11-03 00:00:00;SUDESTE/CENTRO-OESTE;SUL;1100.902
2024-11-03 01:00:00;SUDESTE/CENTRO-OESTE;SUL;544.38
2024-11-03 02:00:00;SUDESTE/CENTRO-OESTE;SUL;75.063
2024-11-03 03:00:00;SUDESTE/CENTRO-OESTE;SUL;-144.584
2024-11-03 04:00:00;SUDESTE/CENTRO-OESTE;SUL;-161.616
2024-11-03 05:00:00;SUDESTE/CENTRO-OESTE;SUL;1384.18
2024-11-03 06:00:00;SUDESTE/CENTRO-OESTE;SUL;2792.997
2024-11-03 07:00:00;SUDESTE/CENTRO-OESTE;SUL;2947.061
2024-11-03 08:00:00;SUDESTE/CENTRO-OESTE;SUL;3359.46099999
2024-11-03 09:00:00;SUDESTE/CENTRO-OESTE;SUL;3493.337
2024-11-03 10:00:00;SUDESTE/CENTRO-OESTE;SUL;3511.141
2024-11-03 11:00:00;SUDESTE/CENTRO-OESTE;SUL;3357.938
2024-11-03 12:00:00;SUDESTE/CENTRO-OESTE;SUL;2844.288
2024-11-03 13:00:00;SUDESTE/CENTRO-OESTE;SUL;2555.8
2024-11-03 14:00:00;SUDESTE/CENTRO-OESTE;SUL;2605.623
2024-11-03 15:00:00;SUDESTE/CENTRO-OESTE;SUL;2229.266
2024-11-03 16:00:00;SUDESTE/CENTRO-OESTE;SUL;-157.24199999
2024-11-03 17:00:00;SUDESTE/CENTRO-OESTE;SUL;-2882.071
2024-11-03 18:00:00;SUDESTE/CENTRO-OESTE;SUL;-3001.879
2024-11-03 19:00:00;SUDESTE/CENTRO-OESTE;SUL;-1868.37
2024-11-03 20:00:00;SUDESTE/CENTRO-OESTE;SUL;-1107.387
2024-11-03 21:00:00;SUDESTE/CENTRO-OESTE;SUL;-499.444
2024-11-03 22:00:00;SUDESTE/CENTRO-OESTE;SUL;629.794
2024-11-03 23:00:00;SUDESTE/CENTRO-OESTE;SUL;1885.675
2024-11-04 00:00:00;SUDESTE/CENTRO-OESTE;SUL;1550.905
2024-11-04 01:00:00;SUDESTE/CENTRO-OESTE;SUL;1281.749
2024-11-04 02:00:00;SUDESTE/CENTRO-OESTE;SUL;1211.692
2024-11-04 03:00:00;SUDESTE/CENTRO-OESTE;SUL;1122.704
2024-11-04 04:00:00;SUDESTE/CENTRO-OESTE;SUL;864.282
2024-11-04 05:00:00;SUDESTE/CENTRO-OESTE;SUL;1857.628
2024-11-04 06:00:00;SUDESTE/CENTRO-OESTE;SUL;2696.473
2024-11-04 07:00:00;SUDESTE/CENTRO-OESTE;SUL;2817.825
2024-11-04 08:00:00;SUDESTE/CENTRO-OESTE;SUL;1879.015
2024-11-04 09:00:00;SUDESTE/CENTRO-OESTE;SUL;1681.354
2024-11-04 10:00:00;SUDESTE/CENTRO-OESTE;SUL;1587.411
2024-11-04 11:00:00;SUDESTE/CENTRO-OESTE;SUL;1531.499
2024-11-04 12:00:00;SUDESTE/CENTRO-OESTE;SUL;1526.332
2024-11-04 13:00:00;SUDESTE/CENTRO-OESTE;SUL;1384.082
2024-11-04 14:00:00;SUDESTE/CENTRO-OESTE;SUL;-307.622
2024-11-04 15:00:00;SUDESTE/CENTRO-OESTE;SUL;-1178.885
2024-11-04 16:00:00;SUDESTE/CENTRO-OESTE;SUL;-749.415
2024-11-04 17:00:00;SUDESTE/CENTRO-OESTE;SUL;-376.978
2024-11-04 18:00:00;SUDESTE/CENTRO-OESTE;SUL;-185.709
2024-11-04 19:00:00;SUDESTE/CENTRO-OESTE;SUL;645.873
2024-11-04 20:00:00;SUDESTE/CENTRO-OESTE;SUL;160.20599999
2024-11-04 21:00:00;SUDESTE/CENTRO-OESTE;SUL;-253.786
2024-11-04 22:00:00;SUDESTE/CENTRO-OESTE;SUL;-1039.199
2024-11-04 23:00:00;SUDESTE/CENTRO-OESTE;SUL;-2307.377
2024-11-05 00:00:00;SUDESTE/CENTRO-OESTE;SUL;-2536.351
2024-11-05 01:00:00;SUDESTE/CENTRO-OESTE;SUL;-568.91099999
2024-11-05 02:00:00;SUDESTE/CENTRO-OESTE;SUL;1104.171
2024-11-05 03:00:00;SUDESTE/CENTRO-OESTE;SUL;1305.133
2024-11-05 04:00:00;SUDESTE/CENTRO-OESTE;SUL;1213.689
2024-11-05 05:00:00;SUDESTE/CENTRO-OESTE;SUL;1217.298
2024-11-05 06:00:00;SUDESTE/CENTRO-OESTE;SUL;1103.872
2024-11-05 07:00:00;SUDESTE/CENTRO-OESTE;SUL;1756.52
2024-11-05 08:00:00;SUDESTE/CENTRO-OESTE;SUL;1701.305
2024-11-05 09:00:00;SUDESTE/CENTRO-OESTE;SUL;1323.525
2024-11-05 10:00:00;SUDESTE/CENTRO-OESTE;SUL;955.405
2024-11-05 11:00:00;SUDESTE/CENTRO-OESTE;SUL;954.274
2024-11-05 12:00:00;SUDESTE/CENTRO-OESTE;SUL;693.14
2024-11-05 13:00:00;SUDESTE/CENTRO-OESTE;SUL;848.392
2024-11-05 14:00:00;SUDESTE/CENTRO-OESTE;SUL;-605.844
2024-11-05 15:00:00;SUDESTE/CENTRO-OESTE;SUL;-953.874
2024-11-05 16:00:00;SUDESTE/CENTRO-OESTE;SUL;-685.408
2024-11-05 17:00:00;SUDESTE/CENTRO-OESTE;SUL;-992.907
2024-11-05 18:00:00;SUDESTE/CENTRO-OESTE;SUL;-738.287
2024-11-05 19:00:00;SUDESTE/CENTRO-OESTE;SUL;171.389
2024-11-05 20:00:00;SUDESTE/CENTRO-OESTE;SUL;-250.799
2024-11-05 21:00:00;SUDESTE/CENTRO-OESTE;SUL;-303.555
2024-11-05 22:00:00;SUDESTE/CENTRO-OESTE;SUL;-838.318
2024-11-05 23:00:00;SUDESTE/CENTRO-OESTE;SUL;-1521.777
2024-11-06 00:00:00;SUDESTE/CENTRO-OESTE;SUL;-1144.595
2024-11-06 01:00:00;SUDESTE/CENTRO-OESTE;SUL;-75.541
2024-11-06 02:00:00;SUDESTE/CENTRO-OESTE;SUL;1058.24
2024-11-06 03:00:00;SUDESTE/CENTRO-OESTE;SUL;1279.98
2024-11-06 04:00:00;SUDESTE/CENTRO-OESTE;SUL;1306.267
2024-11-06 05:00:00;SUDESTE/CENTRO-OESTE;SUL;1156.304
2024-11-06 06:00:00;SUDESTE/CENTRO-OESTE;SUL;2126.625
2024-11-06 07:00:00;SUDESTE/CENTRO-OESTE;SUL;2258.056
2024-11-06 08:00:00;SUDESTE/CENTRO-OESTE;SUL;999.066
2024-11-06 09:00:00;SUDESTE/CENTRO-OESTE;SUL;685.905
2024-11-06 10:00:00;SUDESTE/CENTRO-OESTE;SUL;157.385
2024-11-06 11:00:00;SUDESTE/CENTRO-OESTE;SUL;-147.282
2024-11-06 12:00:00;SUDESTE/CENTRO-OESTE;SUL;1273.332
2024-11-06 13:00:00;SUDESTE/CENTRO-OESTE;SUL;568.346
2024-11-06 14:00:00;SUDESTE/CENTRO-OESTE;SUL;329.38
2024-11-06 15:00:00;SUDESTE/CENTRO-OESTE;SUL;1230.62899999
2024-11-06 16:00:00;SUDESTE/CENTRO-OESTE;SUL;1955.546
2024-11-06 17:00:00;SUDESTE/CENTRO-OESTE;SUL;106.625
2024-11-06 18:00:00;SUDESTE/CENTRO-OESTE;SUL;-866.103
2024-11-06 19:00:00;SUDESTE/CENTRO-OESTE;SUL;-170.235
2024-11-06 20:00:00;SUDESTE/CENTRO-OESTE;SUL;-622.498
2024-11-06 21:00:00;SUDESTE/CENTRO-OESTE;SUL;-498.325
2024-11-06 22:00:00;SUDESTE/CENTRO-OESTE;SUL;-537.566
2024-11-06 23:00:00;SUDESTE/CENTRO-OESTE;SUL;-1108.798
2024-11-07 00:00:00;SUDESTE/CENTRO-OESTE;SUL;-1420.682
2024-11-07 01:00:00;SUDESTE/CENTRO-OESTE;SUL;-661.245
2024-11-07 02:00:00;SUDESTE/CENTRO-OESTE;SUL;-254.561
2024-11-07 03:00:00;SUDESTE/CENTRO-OESTE;SUL;-89.992
2024-11-07 04:00:00;SUDESTE/CENTRO-OESTE;SUL;-203.136
2024-11-07 05:00:00;SUDESTE/CENTRO-OESTE;SUL;413.276
2024-11-07 06:00:00;SUDESTE/CENTRO-OESTE;SUL;1622.281
2024-11-07 07:00:00;SUDESTE/CENTRO-OESTE;SUL;882.667
2024-11-07 08:00:00;SUDESTE/CENTRO-OESTE;SUL;-66.413
2024-11-07 09:00:00;SUDESTE/CENTRO-OESTE;SUL;587.897
2024-11-07 10:00:00;SUDESTE/CENTRO-OESTE;SUL;1174.47499999
2024-11-07 11:00:00;SUDESTE/CENTRO-OESTE;SUL;1717.717
2024-11-07 12:00:00;SUDESTE/CENTRO-OESTE;SUL;2302.299
2024-11-07 13:00:00;SUDESTE/CENTRO-OESTE;SUL;1319.769
2024-11-07 14:00:00;SUDESTE/CENTRO-OESTE;SUL;-12.692
2024-11-07 15:00:00;SUDESTE/CENTRO-OESTE;SUL;-104.166
2024-11-07 16:00:00;SUDESTE/CENTRO-OESTE;SUL;406.611
2024-11-07 17:00:00;SUDESTE/CENTRO-OESTE;SUL;-763.713
2024-11-07 18:00:00;SUDESTE/CENTRO-OESTE;SUL;-1195.448
2024-11-07 19:00:00;SUDESTE/CENTRO-OESTE;SUL;-398.384
2024-11-07 20:00:00;SUDESTE/CENTRO-OESTE;SUL;-1042.44
2024-11-07 21:00:00;SUDESTE/CENTRO-OESTE;SUL;-1384.427
2024-11-07 22:00:00;SUDESTE/CENTRO-OESTE;SUL;-1448.714
2024-11-07 23:00:00;SUDESTE/CENTRO-OESTE;SUL;-2352.293
2024-11-08 00:00:00;SUDESTE/CENTRO-OESTE;SUL;-3018.771
2024-11-08 01:00:00;SUDESTE/CENTRO-OESTE;SUL;-3361.392
2024-11-08 02:00:00;SUDESTE/CENTRO-OESTE;SUL;-3716.403
2024-11-08 03:00:00;SUDESTE/CENTRO-OESTE;SUL;-3888.035
2024-11-08 04:00:00;SUDESTE/CENTRO-OESTE;SUL;-4502.298
2024-11-08 05:00:00;SUDESTE/CENTRO-OESTE;SUL;-4290.57
2024-11-08 06:00:00;SUDESTE/CENTRO-OESTE;SUL;-3206.08599999
2024-11-08 07:00:00;SUDESTE/CENTRO-OESTE;SUL;-2666.608
2024-11-08 08:00:00;SUDESTE/CENTRO-OESTE;SUL;-2403.549
2024-11-08 09:00:00;SUDESTE/CENTRO-OESTE;SUL;-1825.214
2024-11-08 10:00:00;SUDESTE/CENTRO-OESTE;SUL;-1209.39799999
2024-11-08 11:00:00;SUDESTE/CENTRO-OESTE;SUL;-717.754
2024-11-08 12:00:00;SUDESTE/CENTRO-OESTE;SUL;-25.811
2024-11-08 13:00:00;SUDESTE/CENTRO-OESTE;SUL;-709.631
2024-11-08 14:00:00;SUDESTE/CENTRO-OESTE;SUL;-602.38
2024-11-08 15:00:00;SUDESTE/CENTRO-OESTE;SUL;-1927.911
2024-11-08 16:00:00;SUDESTE/CENTRO-OESTE;SUL;-2218.092
2024-11-08 17:00:00;SUDESTE/CENTRO-OESTE;SUL;-2057.402
2024-11-08 18:00:00;SUDESTE/CENTRO-OESTE;SUL;-1183.952
2024-11-08 19:00:00;SUDESTE/CENTRO-OESTE;SUL;-1143.852
2024-11-08 20:00:00;SUDESTE/CENTRO-OESTE;SUL;-1256.52299999
2024-11-08 21:00:00;SUDESTE/CENTRO-OESTE;SUL;-1256.52299999
2024-11-08 22:00:00;SUDESTE/CENTRO-OESTE;SUL;-1256.52299999
2024-11-08 23:00:00;SUDESTE/CENTRO-OESTE;SUL;-1256.52299999
2024-11-09 00:00:00;SUDESTE/CENTRO-OESTE;SUL;-2570.62
2024-11-09 01:00:00;SUDESTE/CENTRO-OESTE;SUL;-2176.447
2024-11-09 02:00:00;SUDESTE/CENTRO-OESTE;SUL;-1947.63
2024-11-09 03:00:00;SUDESTE/CENTRO-OESTE;SUL;-1492.005
2024-11-09 04:00:00;SUDESTE/CENTRO-OESTE;SUL;-1160.03
2024-11-09 05:00:00;SUDESTE/CENTRO-OESTE;SUL;-268.70999999
2024-11-09 06:00:00;SUDESTE/CENTRO-OESTE;SUL;1365.15
2024-11-09 07:00:00;SUDESTE/CENTRO-OESTE;SUL;2793.27
2024-11-09 08:00:00;SUDESTE/CENTRO-OESTE;SUL;2710.85
2024-11-09 09:00:00;SUDESTE/CENTRO-OESTE;SUL;2557.84
2024-11-09 10:00:00;SUDESTE/CENTRO-OESTE;SUL;2258.01
2024-11-09 11:00:00;SUDESTE/CENTRO-OESTE;SUL;2318.77
2024-11-09 12:00:00;SUDESTE/CENTRO-OESTE;SUL;2108.48999999
2024-11-09 13:00:00;SUDESTE/CENTRO-OESTE;SUL;1699.82
2024-11-09 14:00:00;SUDESTE/CENTRO-OESTE;SUL;1139.8
2024-11-09 15:00:00;SUDESTE/CENTRO-OESTE;SUL;170.8
2024-11-09 16:00:00;SUDESTE/CENTRO-OESTE;SUL;-1436.26
2024-11-09 17:00:00;SUDESTE/CENTRO-OESTE;SUL;-2620.05
2024-11-09 18:00:00;SUDESTE/CENTRO-OESTE;SUL;-1624.01
2024-11-09 19:00:00;SUDESTE/CENTRO-OESTE;SUL;-1108.33
2024-11-09 20:00:00;SUDESTE/CENTRO-OESTE;SUL;-1129.61999999
2024-11-09 21:00:00;SUDESTE/CENTRO-OESTE;SUL;-2092.84
2024-11-09 22:00:00;SUDESTE/CENTRO-OESTE;SUL;-2351.17999999
2024-11-09 23:00:00;SUDESTE/CENTRO-OESTE;SUL;-1456.1
2024-11-10 00:00:00;SUDESTE/CENTRO-OESTE;SUL;-1513.74
2024-11-10 01:00:00;SUDESTE/CENTRO-OESTE;SUL;-1519.75
2024-11-10 02:00:00;SUDESTE/CENTRO-OESTE;SUL;-388.25
2024-11-10 03:00:00;SUDESTE/CENTRO-OESTE;SUL;-960.05
2024-11-10 04:00:00;SUDESTE/CENTRO-OESTE;SUL;-290.72
2024-11-10 05:00:00;SUDESTE/CENTRO-OESTE;SUL;287.70999999
2024-11-10 06:00:00;SUDESTE/CENTRO-OESTE;SUL;828.57
2024-11-10 07:00:00;SUDESTE/CENTRO-OESTE;SUL;1616.86999999
2024-11-10 08:00:00;SUDESTE/CENTRO-OESTE;SUL;889.58
2024-11-10 09:00:00;SUDESTE/CENTRO-OESTE;SUL;827.74
2024-11-10 10:00:00;SUDESTE/CENTRO-OESTE;SUL;863.87
2024-11-10 11:00:00;SUDESTE/CENTRO-OESTE;SUL;1220.586
2024-11-10 12:00:00;SUDESTE/CENTRO-OESTE;SUL;1079.113
2024-11-10 13:00:00;SUDESTE/CENTRO-OESTE;SUL;1186.772
2024-11-10 14:00:00;SUDESTE/CENTRO-OESTE;SUL;1637.291
2024-11-10 15:00:00;SUDESTE/CENTRO-OESTE;SUL;1887.48
2024-11-10 16:00:00;SUDESTE/CENTRO-OESTE;SUL;1003.36
2024-11-10 17:00:00;SUDESTE/CENTRO-OESTE;SUL;-386.261
2024-11-10 18:00:00;SUDESTE/CENTRO-OESTE;SUL;502.27
2024-11-10 19:00:00;SUDESTE/CENTRO-OESTE;SUL;-683.92999999
2024-11-10 20:00:00;SUDESTE/CENTRO-OESTE;SUL;-1574.32
2024-11-10 21:00:00;SUDESTE/CENTRO-OESTE;SUL;-1028.64
2024-11-10 22:00:00;SUDESTE/CENTRO-OESTE;SUL;-329.64999999
2024-11-10 23:00:00;SUDESTE/CENTRO-OESTE;SUL;-427.08
2024-11-11 00:00:00;SUDESTE/CENTRO-OESTE;SUL;-1722.651
2024-11-11 01:00:00;SUDESTE/CENTRO-OESTE;SUL;-2329.08
2024-11-11 02:00:00;SUDESTE/CENTRO-OESTE;SUL;-2706.608
2024-11-11 03:00:00;SUDESTE/CENTRO-OESTE;SUL;-2683.629
2024-11-11 04:00:00;SUDESTE/CENTRO-OESTE;SUL;-2985.322
2024-11-11 05:00:00;SUDESTE/CENTRO-OESTE;SUL;-2505.243
2024-11-11 06:00:00;SUDESTE/CENTRO-OESTE;SUL;-1060.165
2024-11-11 07:00:00;SUDESTE/CENTRO-OESTE;SUL;951.378
2024-11-11 08:00:00;SUDESTE/CENTRO-OESTE;SUL;1095.883
2024-11-11 09:00:00;SUDESTE/CENTRO-OESTE;SUL;30.955
2024-11-11 10:00:00;SUDESTE/CENTRO-OESTE;SUL;-176.879
2024-11-11 11:00:00;SUDESTE/CENTRO-OESTE;SUL;-718.314
2024-11-11 12:00:00;SUDESTE/CENTRO-OESTE;SUL;-935.988
2024-11-11 13:00:00;SUDESTE/CENTRO-OESTE;SUL;-1359.75
2024-11-11 14:00:00;SUDESTE/CENTRO-OESTE;SUL;-1994.299
2024-11-11 15:00:00;SUDESTE/CENTRO-OESTE;SUL;-1507.94699999
2024-11-11 16:00:00;SUDESTE/CENTRO-OESTE;SUL;-1685.819
2024-11-11 17:00:00;SUDESTE/CENTRO-OESTE;SUL;-1355.363
2024-11-11 18:00:00;SUDESTE/CENTRO-OESTE;SUL;-1997.99
2024-11-11 19:00:00;SUDESTE/CENTRO-OESTE;SUL;-1589.559
2024-11-11 20:00:00;SUDESTE/CENTRO-OESTE;SUL;-1915.022
2024-11-11 21:00:00;SUDESTE/CENTRO-OESTE;SUL;-2526.273
2024-11-11 22:00:00;SUDESTE/CENTRO-OESTE;SUL;-3153.525
2024-11-11 23:00:00;SUDESTE/CENTRO-OESTE;SUL;-3262.308
2024-11-12 00:00:00;SUDESTE/CENTRO-OESTE;SUL;-3784.08
2024-11-12 01:00:00;SUDESTE/CENTRO-OESTE;SUL;-4816.709
2024-11-12 02:00:00;SUDESTE/CENTRO-OESTE;SUL;-4892.251
2024-11-12 03:00:00;SUDESTE/CENTRO-OESTE;SUL;-5140.095
2024-11-12 04:00:00;SUDESTE/CENTRO-OESTE;SUL;-4929.454
2024-11-12 05:00:00;SUDESTE/CENTRO-OESTE;SUL;-4407.706
2024-11-12 06:00:00;SUDESTE/CENTRO-OESTE;SUL;-2980.466
2024-11-12 07:00:00;SUDESTE/CENTRO-OESTE;SUL;-751.822
2024-11-12 08:00:00;SUDESTE/CENTRO-OESTE;SUL;-588.39599999
2024-11-12 09:00:00;SUDESTE/CENTRO-OESTE;SUL;-144.858
2024-11-12 10:00:00;SUDESTE/CENTRO-OESTE;SUL;-363.95
2024-11-12 11:00:00;SUDESTE/CENTRO-OESTE;SUL;-568.49699999
2024-11-12 12:00:00;SUDESTE/CENTRO-OESTE;SUL;-279.45999999
2024-11-12 13:00:00;SUDESTE/CENTRO-OESTE;SUL;-1655.069
2024-11-12 14:00:00;SUDESTE/CENTRO-OESTE;SUL;-2670.386
2024-11-12 15:00:00;SUDESTE/CENTRO-OESTE;SUL;-3253.068
2024-11-12 16:00:00;SUDESTE/CENTRO-OESTE;SUL;-3290.506
2024-11-12 17:00:00;SUDESTE/CENTRO-OESTE;SUL;-3434.114
2024-11-12 18:00:00;SUDESTE/CENTRO-OESTE;SUL;-2913.505
2024-11-12 19:00:00;SUDESTE/CENTRO-OESTE;SUL;-1347.592
2024-11-12 20:00:00;SUDESTE/CENTRO-OESTE;SUL;-1460.38899999
2024-11-12 21:00:00;SUDESTE/CENTRO-OESTE;SUL;-1699.042
2024-11-12 22:00:00;SUDESTE/CENTRO-OESTE;SUL;-2285.452
2024-11-12 23:00:00;SUDESTE/CENTRO-OESTE;SUL;-2531.362
2024-11-13 00:00:00;SUDESTE/CENTRO-OESTE;SUL;-2283.59
2024-11-13 01:00:00;SUDESTE/CENTRO-OESTE;SUL;-2072.715
2024-11-13 02:00:00;SUDESTE/CENTRO-OESTE;SUL;-1611.941
2024-11-13 03:00:00;SUDESTE/CENTRO-OESTE;SUL;-1783.931
2024-11-13 04:00:00;SUDESTE/CENTRO-OESTE;SUL;-1377.087
2024-11-13 05:00:00;SUDESTE/CENTRO-OESTE;SUL;-816.687
2024-11-13 06:00:00;SUDESTE/CENTRO-OESTE;SUL;836.569
2024-11-13 07:00:00;SUDESTE/CENTRO-OESTE;SUL;2228.39199999
2024-11-13 08:00:00;SUDESTE/CENTRO-OESTE;SUL;1769.901
2024-11-13 09:00:00;SUDESTE/CENTRO-OESTE;SUL;1557.09099999
2024-11-13 10:00:00;SUDESTE/CENTRO-OESTE;SUL;1418.204
2024-11-13 11:00:00;SUDESTE/CENTRO-OESTE;SUL;1330.094
2024-11-13 12:00:00;SUDESTE/CENTRO-OESTE;SUL;2230.852
2024-11-13 13:00:00;SUDESTE/CENTRO-OESTE;SUL;1652.292
2024-11-13 14:00:00;SUDESTE/CENTRO-OESTE;SUL;239.237
2024-11-13 15:00:00;SUDESTE/CENTRO-OESTE;SUL;-207.455
2024-11-13 16:00:00;SUDESTE/CENTRO-OESTE;SUL;-354.224
2024-11-13 17:00:00;SUDESTE/CENTRO-OESTE;SUL;318.467
2024-11-13 18:00:00;SUDESTE/CENTRO-OESTE;SUL;409.246
2024-11-13 19:00:00;SUDESTE/CENTRO-OESTE;SUL;1164.27399999
2024-11-13 20:00:00;SUDESTE/CENTRO-OESTE;SUL;871.815
2024-11-13 21:00:00;SUDESTE/CENTRO-OESTE;SUL;435.90499999
2024-11-13 22:00:00;SUDESTE/CENTRO-OESTE;SUL;-490.931
2024-11-13 23:00:00;SUDESTE/CENTRO-OESTE;SUL;-1637.897
2024-11-14 00:00:00;SUDESTE/CENTRO-OESTE;SUL;-1515.448
2024-11-14 01:00:00;SUDESTE/CENTRO-OESTE;SUL;-77.31
2024-11-14 02:00:00;SUDESTE/CENTRO-OESTE;SUL;853.13199999
2024-11-14 03:00:00;SUDESTE/CENTRO-OESTE;SUL;1507.105
2024-11-14 04:00:00;SUDESTE/CENTRO-OESTE;SUL;1260.161
2024-11-14 05:00:00;SUDESTE/CENTRO-OESTE;SUL;1190.982
2024-11-14 06:00:00;SUDESTE/CENTRO-OESTE;SUL;1558.491
2024-11-14 07:00:00;SUDESTE/CENTRO-OESTE;SUL;2646.109
2024-11-14 08:00:00;SUDESTE/CENTRO-OESTE;SUL;3180.971
2024-11-14 09:00:00;SUDESTE/CENTRO-OESTE;SUL;3668.875
2024-11-14 10:00:00;SUDESTE/CENTRO-OESTE;SUL;3644.712
2024-11-14 11:00:00;SUDESTE/CENTRO-OESTE;SUL;3327.198
2024-11-14 12:00:00;SUDESTE/CENTRO-OESTE;SUL;4008.778
2024-11-14 13:00:00;SUDESTE/CENTRO-OESTE;SUL;2938.388
2024-11-14 14:00:00;SUDESTE/CENTRO-OESTE;SUL;1114.067
2024-11-14 15:00:00;SUDESTE/CENTRO-OESTE;SUL;-271.303
2024-11-14 16:00:00;SUDESTE/CENTRO-OESTE;SUL;509.571
2024-11-14 17:00:00;SUDESTE/CENTRO-OESTE;SUL;1216.464
2024-11-14 18:00:00;SUDESTE/CENTRO-OESTE;SUL;1391.907
2024-11-14 19:00:00;SUDESTE/CENTRO-OESTE;SUL;1229.076
2024-11-14 20:00:00;SUDESTE/CENTRO-OESTE;SUL;752.565
2024-11-14 21:00:00;SUDESTE/CENTRO-OESTE;SUL;901.636
2024-11-14 22:00:00;SUDESTE/CENTRO-OESTE;SUL;1131.163
2024-11-14 23:00:00;SUDESTE/CENTRO-OESTE;SUL;1346.962
2024-11-15 00:00:00;SUDESTE/CENTRO-OESTE;SUL;1128.04299999
2024-11-15 01:00:00;SUDESTE/CENTRO-OESTE;SUL;1312.534
2024-11-15 02:00:00;SUDESTE/CENTRO-OESTE;SUL;2383.063
2024-11-15 03:00:00;SUDESTE/CENTRO-OESTE;SUL;2805.871
2024-11-15 04:00:00;SUDESTE/CENTRO-OESTE;SUL;2596.161
2024-11-15 05:00:00;SUDESTE/CENTRO-OESTE;SUL;3157.216
2024-11-15 06:00:00;SUDESTE/CENTRO-OESTE;SUL;4854.662
2024-11-15 07:00:00;SUDESTE/CENTRO-OESTE;SUL;4536.348
2024-11-15 08:00:00;SUDESTE/CENTRO-OESTE;SUL;4012.114
2024-11-15 09:00:00;SUDESTE/CENTRO-OESTE;SUL;4397.901
2024-11-15 10:00:00;SUDESTE/CENTRO-OESTE;SUL;4974.736
2024-11-15 11:00:00;SUDESTE/CENTRO-OESTE;SUL;5095.616
2024-11-15 12:00:00;SUDESTE/CENTRO-OESTE;SUL;4709.629
2024-11-15 13:00:00;SUDESTE/CENTRO-OESTE;SUL;5338.491
2024-11-15 14:00:00;SUDESTE/CENTRO-OESTE;SUL;5222.148
2024-11-15 15:00:00;SUDESTE/CENTRO-OESTE;SUL;5868.039
2024-11-15 16:00:00;SUDESTE/CENTRO-OESTE;SUL;4681.915
2024-11-15 17:00:00;SUDESTE/CENTRO-OESTE;SUL;2085.186
2024-11-15 18:00:00;SUDESTE/CENTRO-OESTE;SUL;1530.059
2024-11-15 19:00:00;SUDESTE/CENTRO-OESTE;SUL;2248.658
2024-11-15 20:00:00;SUDESTE/CENTRO-OESTE;SUL;2221.76
2024-11-15 21:00:00;SUDESTE/CENTRO-OESTE;SUL;1995.126
2024-11-15 22:00:00;SUDESTE/CENTRO-OESTE;SUL;1486.46
2024-11-15 23:00:00;SUDESTE/CENTRO-OESTE;SUL;506.233
2024-11-16 00:00:00;SUDESTE/CENTRO-OESTE;SUL;709.313
2024-11-16 01:00:00;SUDESTE/CENTRO-OESTE;SUL;1464.271
2024-11-16 02:00:00;SUDESTE/CENTRO-OESTE;SUL;2085.68199999
2024-11-16 03:00:00;SUDESTE/CENTRO-OESTE;SUL;2307.757
2024-11-16 04:00:00;SUDESTE/CENTRO-OESTE;SUL;2670.005
2024-11-16 05:00:00;SUDESTE/CENTRO-OESTE;SUL;3778.944
2024-11-16 06:00:00;SUDESTE/CENTRO-OESTE;SUL;4824.571
2024-11-16 07:00:00;SUDESTE/CENTRO-OESTE;SUL;4684.287
2024-11-16 08:00:00;SUDESTE/CENTRO-OESTE;SUL;4173.218
2024-11-16 09:00:00;SUDESTE/CENTRO-OESTE;SUL;3990.118
2024-11-16 10:00:00;SUDESTE/CENTRO-OESTE;SUL;3639.113
2024-11-16 11:00:00;SUDESTE/CENTRO-OESTE;SUL;4569.024
2024-11-16 12:00:00;SUDESTE/CENTRO-OESTE;SUL;5109.688
2024-11-16 13:00:00;SUDESTE/CENTRO-OESTE;SUL;5262.285
2024-11-16 14:00:00;SUDESTE/CENTRO-OESTE;SUL;5301.323
2024-11-16 15:00:00;SUDESTE/CENTRO-OESTE;SUL;5570.479
2024-11-16 16:00:00;SUDESTE/CENTRO-OESTE;SUL;4704.085
2024-11-16 17:00:00;SUDESTE/CENTRO-OESTE;SUL;1401.89899999
2024-11-16 18:00:00;SUDESTE/CENTRO-OESTE;SUL;864.717
2024-11-16 19:00:00;SUDESTE/CENTRO-OESTE;SUL;2047.79
2024-11-16 20:00:00;SUDESTE/CENTRO-OESTE;SUL;2184.69999999
2024-11-16 21:00:00;SUDESTE/CENTRO-OESTE;SUL;1625.78299999
2024-11-16 22:00:00;SUDESTE/CENTRO-OESTE;SUL;1809.711
2024-11-16 23:00:00;SUDESTE/CENTRO-OESTE;SUL;1243.262
2024-11-17 00:00:00;SUDESTE/CENTRO-OESTE;SUL;1517.78299999
2024-11-17 01:00:00;SUDESTE/CENTRO-OESTE;SUL;2188.713
2024-11-17 02:00:00;SUDESTE/CENTRO-OESTE;SUL;3102.942
2024-11-17 03:00:00;SUDESTE/CENTRO-OESTE;SUL;3785.753
2024-11-17 04:00:00;SUDESTE/CENTRO-OESTE;SUL;4090.976
2024-11-17 05:00:00;SUDESTE/CENTRO-OESTE;SUL;4578.229
2024-11-17 06:00:00;SUDESTE/CENTRO-OESTE;SUL;4768.741
2024-11-17 07:00:00;SUDESTE/CENTRO-OESTE;SUL;3893.985
2024-11-17 08:00:00;SUDESTE/CENTRO-OESTE;SUL;3010.792
2024-11-17 09:00:00;SUDESTE/CENTRO-OESTE;SUL;2437.992
2024-11-17 10:00:00;SUDESTE/CENTRO-OESTE;SUL;2365.535
2024-11-17 11:00:00;SUDESTE/CENTRO-OESTE;SUL;2579.86499999
2024-11-17 12:00:00;SUDESTE/CENTRO-OESTE;SUL;2577.035
2024-11-17 13:00:00;SUDESTE/CENTRO-OESTE;SUL;3077.853
2024-11-17 14:00:00;SUDESTE/CENTRO-OESTE;SUL;3837.21
2024-11-17 15:00:00;SUDESTE/CENTRO-OESTE;SUL;4422.144
2024-11-17 16:00:00;SUDESTE/CENTRO-OESTE;SUL;4090.22
2024-11-17 17:00:00;SUDESTE/CENTRO-OESTE;SUL;1478.798
2024-11-17 18:00:00;SUDESTE/CENTRO-OESTE;SUL;1060.284
2024-11-17 19:00:00;SUDESTE/CENTRO-OESTE;SUL;2036.05
2024-11-17 20:00:00;SUDESTE/CENTRO-OESTE;SUL;2328.099
2024-11-17 21:00:00;SUDESTE/CENTRO-OESTE;SUL;2348.927
2024-11-17 22:00:00;SUDESTE/CENTRO-OESTE;SUL;2631.073
2024-11-17 23:00:00;SUDESTE/CENTRO-OESTE;SUL;2778.105
2024-11-18 00:00:00;SUDESTE/CENTRO-OESTE;SUL;3660.216
2024-11-18 01:00:00;SUDESTE/CENTRO-OESTE;SUL;5880.47
2024-11-18 02:00:00;SUDESTE/CENTRO-OESTE;SUL;6390.214
2024-11-18 03:00:00;SUDESTE/CENTRO-OESTE;SUL;5943.483
2024-11-18 04:00:00;SUDESTE/CENTRO-OESTE;SUL;5812.225
2024-11-18 05:00:00;SUDESTE/CENTRO-OESTE;SUL;5875.341
2024-11-18 06:00:00;SUDESTE/CENTRO-OESTE;SUL;5120.387
2024-11-18 07:00:00;SUDESTE/CENTRO-OESTE;SUL;5265.956
2024-11-18 08:00:00;SUDESTE/CENTRO-OESTE;SUL;4033.271
2024-11-18 09:00:00;SUDESTE/CENTRO-OESTE;SUL;3433.469
2024-11-18 10:00:00;SUDESTE/CENTRO-OESTE;SUL;2521.516
2024-11-18 11:00:00;SUDESTE/CENTRO-OESTE;SUL;1889.609
2024-11-18 12:00:00;SUDESTE/CENTRO-OESTE;SUL;1745.483
2024-11-18 13:00:00;SUDESTE/CENTRO-OESTE;SUL;1616.40799999
2024-11-18 14:00:00;SUDESTE/CENTRO-OESTE;SUL;1384.656
2024-11-18 15:00:00;SUDESTE/CENTRO-OESTE;SUL;2508.87
2024-11-18 16:00:00;SUDESTE/CENTRO-OESTE;SUL;2854.36499999
2024-11-18 17:00:00;SUDESTE/CENTRO-OESTE;SUL;2098.273
2024-11-18 18:00:00;SUDESTE/CENTRO-OESTE;SUL;1588.451
2024-11-18 19:00:00;SUDESTE/CENTRO-OESTE;SUL;2618.62199999
2024-11-18 20:00:00;SUDESTE/CENTRO-OESTE;SUL;1865.977
2024-11-18 21:00:00;SUDESTE/CENTRO-OESTE;SUL;1088.24399999
2024-11-18 22:00:00;SUDESTE/CENTRO-OESTE;SUL;549.30499999
2024-11-18 23:00:00;SUDESTE/CENTRO-OESTE;SUL;-258.556
2024-11-19 00:00:00;SUDESTE/CENTRO-OESTE;SUL;397.615
2024-11-19 01:00:00;SUDESTE/CENTRO-OESTE;SUL;2158.727
2024-11-19 02:00:00;SUDESTE/CENTRO-OESTE;SUL;3309.369
2024-11-19 03:00:00;SUDESTE/CENTRO-OESTE;SUL;3614.661
2024-11-19 04:00:00;SUDESTE/CENTRO-OESTE;SUL;3592.731
2024-11-19 05:00:00;SUDESTE/CENTRO-OESTE;SUL;4229.627
2024-11-19 06:00:00;SUDESTE/CENTRO-OESTE;SUL;4629.785
2024-11-19 07:00:00;SUDESTE/CENTRO-OESTE;SUL;5350.492
2024-11-19 08:00:00;SUDESTE/CENTRO-OESTE;SUL;3541.122
2024-11-19 09:00:00;SUDESTE/CENTRO-OESTE;SUL;3365.85
2024-11-19 10:00:00;SUDESTE/CENTRO-OESTE;SUL;2421.189
2024-11-19 11:00:00;SUDESTE/CENTRO-OESTE;SUL;2659.351
2024-11-19 12:00:00;SUDESTE/CENTRO-OESTE;SUL;2780.392
2024-11-19 13:00:00;SUDESTE/CENTRO-OESTE;SUL;2150.014
2024-11-19 14:00:00;SUDESTE/CENTRO-OESTE;SUL;1690.4
2024-11-19 15:00:00;SUDESTE/CENTRO-OESTE;SUL;1635.741
2024-11-19 16:00:00;SUDESTE/CENTRO-OESTE;SUL;441.145
2024-11-19 17:00:00;SUDESTE/CENTRO-OESTE;SUL;-241.87
2024-11-19 18:00:00;SUDESTE/CENTRO-OESTE;SUL;-1532.297
2024-11-19 19:00:00;SUDESTE/CENTRO-OESTE;SUL;-1884.714
2024-11-19 20:00:00;SUDESTE/CENTRO-OESTE;SUL;-2384.12199999
2024-11-19 21:00:00;SUDESTE/CENTRO-OESTE;SUL;-2449.283
2024-11-19 22:00:00;SUDESTE/CENTRO-OESTE;SUL;-1569.52399999
2024-11-19 23:00:00;SUDESTE/CENTRO-OESTE;SUL;-2128.358
2024-11-20 00:00:00;SUDESTE/CENTRO-OESTE;SUL;-2413.578
2024-11-20 01:00:00;SUDESTE/CENTRO-OESTE;SUL;-2855.51
2024-11-20 02:00:00;SUDESTE/CENTRO-OESTE;SUL;-683.277
2024-11-20 03:00:00;SUDESTE/CENTRO-OESTE;SUL;-892.49
2024-11-20 04:00:00;SUDESTE/CENTRO-OESTE;SUL;-1129.333
2024-11-20 05:00:00;SUDESTE/CENTRO-OESTE;SUL;771.458
2024-11-20 06:00:00;SUDESTE/CENTRO-OESTE;SUL;4071.432
2024-11-20 07:00:00;SUDESTE/CENTRO-OESTE;SUL;4634.853
2024-11-20 08:00:00;SUDESTE/CENTRO-OESTE;SUL;4418.198
2024-11-20 09:00:00;SUDESTE/CENTRO-OESTE;SUL;4372.517
2024-11-20 10:00:00;SUDESTE/CENTRO-OESTE;SUL;3698.541
2024-11-20 11:00:00;SUDESTE/CENTRO-OESTE;SUL;2756.392
2024-11-20 12:00:00;SUDESTE/CENTRO-OESTE;SUL;1883.751
2024-11-20 13:00:00;SUDESTE/CENTRO-OESTE;SUL;2029.284
2024-11-20 14:00:00;SUDESTE/CENTRO-OESTE;SUL;1597.98
2024-11-20 15:00:00;SUDESTE/CENTRO-OESTE;SUL;432.016
2024-11-20 16:00:00;SUDESTE/CENTRO-OESTE;SUL;-1624.951
2024-11-20 17:00:00;SUDESTE/CENTRO-OESTE;SUL;-2048.42
2024-11-20 18:00:00;SUDESTE/CENTRO-OESTE;SUL;-2473.757
2024-11-20 19:00:00;SUDESTE/CENTRO-OESTE;SUL;-2284.906
2024-11-20 20:00:00;SUDESTE/CENTRO-OESTE;SUL;-2200.84299999
2024-11-20 21:00:00;SUDESTE/CENTRO-OESTE;SUL;-2554.176
2024-11-20 22:00:00;SUDESTE/CENTRO-OESTE;SUL;-2148.953
2024-11-20 23:00:00;SUDESTE/CENTRO-OESTE;SUL;-3130.554
2024-11-21 00:00:00;SUDESTE/CENTRO-OESTE;SUL;-3677.321
2024-11-21 01:00:00;SUDESTE/CENTRO-OESTE;SUL;-4134.511
2024-11-21 02:00:00;SUDESTE/CENTRO-OESTE;SUL;-4289.957
2024-11-21 03:00:00;SUDESTE/CENTRO-OESTE;SUL;-4611.716
2024-11-21 04:00:00;SUDESTE/CENTRO-OESTE;SUL;-4707.09
2024-11-21 05:00:00;SUDESTE/CENTRO-OESTE;SUL;-4317.952
2024-11-21 06:00:00;SUDESTE/CENTRO-OESTE;SUL;-2630.065
2024-11-21 07:00:00;SUDESTE/CENTRO-OESTE;SUL;-1126.923
2024-11-21 08:00:00;SUDESTE/CENTRO-OESTE;SUL;-1720.713
2024-11-21 09:00:00;SUDESTE/CENTRO-OESTE;SUL;-1690.313
2024-11-21 10:00:00;SUDESTE/CENTRO-OESTE;SUL;-962.871
2024-11-21 11:00:00;SUDESTE/CENTRO-OESTE;SUL;-876.495
2024-11-21 12:00:00;SUDESTE/CENTRO-OESTE;SUL;-520.533
2024-11-21 13:00:00;SUDESTE/CENTRO-OESTE;SUL;-570.307
2024-11-21 14:00:00;SUDESTE/CENTRO-OESTE;SUL;-848.92
2024-11-21 15:00:00;SUDESTE/CENTRO-OESTE;SUL;-1431.057
2024-11-21 16:00:00;SUDESTE/CENTRO-OESTE;SUL;-1539.386
2024-11-21 17:00:00;SUDESTE/CENTRO-OESTE;SUL;-3385.258
2024-11-21 18:00:00;SUDESTE/CENTRO-OESTE;SUL;-3649.956
2024-11-21 19:00:00;SUDESTE/CENTRO-OESTE;SUL;-2843.314
2024-11-21 20:00:00;SUDESTE/CENTRO-OESTE;SUL;-3536.335
2024-11-21 21:00:00;SUDESTE/CENTRO-OESTE;SUL;-3968.899
2024-11-21 22:00:00;SUDESTE/CENTRO-OESTE;SUL;-4374.642
2024-11-21 23:00:00;SUDESTE/CENTRO-OESTE;SUL;-3781.558
2024-11-22 00:00:00;SUDESTE/CENTRO-OESTE;SUL;-4204.511
2024-11-22 01:00:00;SUDESTE/CENTRO-OESTE;SUL;-4313.849
2024-11-22 02:00:00;SUDESTE/CENTRO-OESTE;SUL;-4527.238
2024-11-22 03:00:00;SUDESTE/CENTRO-OESTE;SUL;-4651.48499999
2024-11-22 04:00:00;SUDESTE/CENTRO-OESTE;SUL;-4618.58299999
2024-11-22 05:00:00;SUDESTE/CENTRO-OESTE;SUL;-4135.85999999
2024-11-22 06:00:00;SUDESTE/CENTRO-OESTE;SUL;-3405.165
2024-11-22 07:00:00;SUDESTE/CENTRO-OESTE;SUL;-2489.389
2024-11-22 08:00:00;SUDESTE/CENTRO-OESTE;SUL;-1685.458
2024-11-22 09:00:00;SUDESTE/CENTRO-OESTE;SUL;-926.938
2024-11-22 10:00:00;SUDESTE/CENTRO-OESTE;SUL;-899.356
2024-11-22 11:00:00;SUDESTE/CENTRO-OESTE;SUL;-1048.852
2024-11-22 12:00:00;SUDESTE/CENTRO-OESTE;SUL;-919.649
2024-11-22 13:00:00;SUDESTE/CENTRO-OESTE;SUL;-378.782
2024-11-22 14:00:00;SUDESTE/CENTRO-OESTE;SUL;-461.648
2024-11-22 15:00:00;SUDESTE/CENTRO-OESTE;SUL;-971.858
2024-11-22 16:00:00;SUDESTE/CENTRO-OESTE;SUL;-1475.38
2024-11-22 17:00:00;SUDESTE/CENTRO-OESTE;SUL;-2410.08
2024-11-22 18:00:00;SUDESTE/CENTRO-OESTE;SUL;-2499.904
2024-11-22 19:00:00;SUDESTE/CENTRO-OESTE;SUL;-1892.906
2024-11-22 20:00:00;SUDESTE/CENTRO-OESTE;SUL;-2234.561
2024-11-22 21:00:00;SUDESTE/CENTRO-OESTE;SUL;-2690.221
2024-11-22 22:00:00;SUDESTE/CENTRO-OESTE;SUL;-3224.106
2024-11-22 23:00:00;SUDESTE/CENTRO-OESTE;SUL;-3799.533
2024-11-23 00:00:00;SUDESTE/CENTRO-OESTE;SUL;-3881.935
2024-11-23 01:00:00;SUDESTE/CENTRO-OESTE;SUL;-3697.588
2024-11-23 02:00:00;SUDESTE/CENTRO-OESTE;SUL;-3946.762
2024-11-23 03:00:00;SUDESTE/CENTRO-OESTE;SUL;-4003.417
2024-11-23 04:00:00;SUDESTE/CENTRO-OESTE;SUL;-4091.546
2024-11-23 05:00:00;SUDESTE/CENTRO-OESTE;SUL;-4057.643
2024-11-23 06:00:00;SUDESTE/CENTRO-OESTE;SUL;-3868.729
2024-11-23 07:00:00;SUDESTE/CENTRO-OESTE;SUL;-3914.553
2024-11-23 08:00:00;SUDESTE/CENTRO-OESTE;SUL;-4144.48899999
2024-11-23 09:00:00;SUDESTE/CENTRO-OESTE;SUL;-2539.11299999
2024-11-23 10:00:00;SUDESTE/CENTRO-OESTE;SUL;-1173.086
2024-11-23 11:00:00;SUDESTE/CENTRO-OESTE;SUL;-284.712
2024-11-23 12:00:00;SUDESTE/CENTRO-OESTE;SUL;-599.109
2024-11-23 13:00:00;SUDESTE/CENTRO-OESTE;SUL;-451.301
2024-11-23 14:00:00;SUDESTE/CENTRO-OESTE;SUL;-2091.138
2024-11-23 15:00:00;SUDESTE/CENTRO-OESTE;SUL;-4606.72099999
2024-11-23 16:00:00;SUDESTE/CENTRO-OESTE;SUL;-4812.532
2024-11-23 17:00:00;SUDESTE/CENTRO-OESTE;SUL;-4091.152
2024-11-23 18:00:00;SUDESTE/CENTRO-OESTE;SUL;-3126.718
2024-11-23 19:00:00;SUDESTE/CENTRO-OESTE;SUL;-2630.852
2024-11-23 20:00:00;SUDESTE/CENTRO-OESTE;SUL;-2873.043
2024-11-23 21:00:00;SUDESTE/CENTRO-OESTE;SUL;-3292.787
2024-11-23 22:00:00;SUDESTE/CENTRO-OESTE;SUL;-3928.053
2024-11-23 23:00:00;SUDESTE/CENTRO-OESTE;SUL;-4722.764
2024-11-24 00:00:00;SUDESTE/CENTRO-OESTE;SUL;-5239.372
2024-11-24 01:00:00;SUDESTE/CENTRO-OESTE;SUL;-5087.904
2024-11-24 02:00:00;SUDESTE/CENTRO-OESTE;SUL;-4720.689
2024-11-24 03:00:00;SUDESTE/CENTRO-OESTE;SUL;-4925.604
2024-11-24 04:00:00;SUDESTE/CENTRO-OESTE;SUL;-4848.463
2024-11-24 05:00:00;SUDESTE/CENTRO-OESTE;SUL;-3744.557
2024-11-24 06:00:00;SUDESTE/CENTRO-OESTE;SUL;-1459.673
2024-11-24 07:00:00;SUDESTE/CENTRO-OESTE;SUL;327.966
2024-11-24 08:00:00;SUDESTE/CENTRO-OESTE;SUL;-195.90199999
2024-11-24 09:00:00;SUDESTE/CENTRO-OESTE;SUL;57.169
2024-11-24 10:00:00;SUDESTE/CENTRO-OESTE;SUL;640.446
2024-11-24 11:00:00;SUDESTE/CENTRO-OESTE;SUL;533.655
2024-11-24 12:00:00;SUDESTE/CENTRO-OESTE;SUL;153.787
2024-11-24 13:00:00;SUDESTE/CENTRO-OESTE;SUL;312.385
2024-11-24 14:00:00;SUDESTE/CENTRO-OESTE;SUL;522.782
2024-11-24 15:00:00;SUDESTE/CENTRO-OESTE;SUL;-629.266
2024-11-24 16:00:00;SUDESTE/CENTRO-OESTE;SUL;-2705.235
2024-11-24 17:00:00;SUDESTE/CENTRO-OESTE;SUL;-3746.576
2024-11-24 18:00:00;SUDESTE/CENTRO-OESTE;SUL;-3190.038
2024-11-24 19:00:00;SUDESTE/CENTRO-OESTE;SUL;-1939.368
2024-11-24 20:00:00;SUDESTE/CENTRO-OESTE;SUL;-1735.903
2024-11-24 21:00:00;SUDESTE/CENTRO-OESTE;SUL;-1969.937
2024-11-24 22:00:00;SUDESTE/CENTRO-OESTE;SUL;-1703.207
2024-11-24 23:00:00;SUDESTE/CENTRO-OESTE;SUL;-2021.391
2024-11-25 00:00:00;SUDESTE/CENTRO-OESTE;SUL;-2511.39199999
2024-11-25 01:00:00;SUDESTE/CENTRO-OESTE;SUL;-2071.279
2024-11-25 02:00:00;SUDESTE/CENTRO-OESTE;SUL;-1696.857
2024-11-25 03:00:00;SUDESTE/CENTRO-OESTE;SUL;-1091.852
2024-11-25 04:00:00;SUDESTE/CENTRO-OESTE;SUL;-784.0
2024-11-25 05:00:00;SUDESTE/CENTRO-OESTE;SUL;195.69
2024-11-25 06:00:00;SUDESTE/CENTRO-OESTE;SUL;1491.996
2024-11-25 07:00:00;SUDESTE/CENTRO-OESTE;SUL;2586.108
2024-11-25 08:00:00;SUDESTE/CENTRO-OESTE;SUL;3106.517
2024-11-25 09:00:00;SUDESTE/CENTRO-OESTE;SUL;3773.216
2024-11-25 10:00:00;SUDESTE/CENTRO-OESTE;SUL;3747.644
2024-11-25 11:00:00;SUDESTE/CENTRO-OESTE;SUL;3171.436
2024-11-25 12:00:00;SUDESTE/CENTRO-OESTE;SUL;2488.443
2024-11-25 13:00:00;SUDESTE/CENTRO-OESTE;SUL;2035.564
2024-11-25 14:00:00;SUDESTE/CENTRO-OESTE;SUL;1273.511
2024-11-25 15:00:00;SUDESTE/CENTRO-OESTE;SUL;1113.99499999
2024-11-25 16:00:00;SUDESTE/CENTRO-OESTE;SUL;1395.242
2024-11-25 17:00:00;SUDESTE/CENTRO-OESTE;SUL;1587.424
2024-11-25 18:00:00;SUDESTE/CENTRO-OESTE;SUL;1149.227
2024-11-25 19:00:00;SUDESTE/CENTRO-OESTE;SUL;2526.893
2024-11-25 20:00:00;SUDESTE/CENTRO-OESTE;SUL;2502.61299999
2024-11-25 21:00:00;SUDESTE/CENTRO-OESTE;SUL;2281.694
2024-11-25 22:00:00;SUDESTE/CENTRO-OESTE;SUL;1922.899
2024-11-25 23:00:00;SUDESTE/CENTRO-OESTE;SUL;2298.861
2024-11-26 00:00:00;SUDESTE/CENTRO-OESTE;SUL;2707.422
2024-11-26 01:00:00;SUDESTE/CENTRO-OESTE;SUL;1817.893
2024-11-26 02:00:00;SUDESTE/CENTRO-OESTE;SUL;748.551
2024-11-26 03:00:00;SUDESTE/CENTRO-OESTE;SUL;779.879
2024-11-26 04:00:00;SUDESTE/CENTRO-OESTE;SUL;814.969
2024-11-26 05:00:00;SUDESTE/CENTRO-OESTE;SUL;817.64
2024-11-26 06:00:00;SUDESTE/CENTRO-OESTE;SUL;1519.252
2024-11-26 07:00:00;SUDESTE/CENTRO-OESTE;SUL;4345.786
2024-11-26 08:00:00;SUDESTE/CENTRO-OESTE;SUL;3641.678
2024-11-26 09:00:00;SUDESTE/CENTRO-OESTE;SUL;3483.12
2024-11-26 10:00:00;SUDESTE/CENTRO-OESTE;SUL;3625.132
2024-11-26 11:00:00;SUDESTE/CENTRO-OESTE;SUL;2749.425
2024-11-26 12:00:00;SUDESTE/CENTRO-OESTE;SUL;1961.559
2024-11-26 13:00:00;SUDESTE/CENTRO-OESTE;SUL;2868.929
2024-11-26 14:00:00;SUDESTE/CENTRO-OESTE;SUL;3892.938
2024-11-26 15:00:00;SUDESTE/CENTRO-OESTE;SUL;3616.214
2024-11-26 16:00:00;SUDESTE/CENTRO-OESTE;SUL;3048.209
2024-11-26 17:00:00;SUDESTE/CENTRO-OESTE;SUL;2629.458
2024-11-26 18:00:00;SUDESTE/CENTRO-OESTE;SUL;2592.454
2024-11-26 19:00:00;SUDESTE/CENTRO-OESTE;SUL;3435.065
2024-11-26 20:00:00;SUDESTE/CENTRO-OESTE;SUL;3407.596
2024-11-26 21:00:00;SUDESTE/CENTRO-OESTE;SUL;3350.154
2024-11-26 22:00:00;SUDESTE/CENTRO-OESTE;SUL;2983.797
2024-11-26 23:00:00;SUDESTE/CENTRO-OESTE;SUL;1830.628
2024-11-27 00:00:00;SUDESTE/CENTRO-OESTE;SUL;1105.019
2024-11-27 01:00:00;SUDESTE/CENTRO-OESTE;SUL;531.539
2024-11-27 02:00:00;SUDESTE/CENTRO-OESTE;SUL;1091.9
2024-11-27 03:00:00;SUDESTE/CENTRO-OESTE;SUL;1726.189
2024-11-27 04:00:00;SUDESTE/CENTRO-OESTE;SUL;2054.859
2024-11-27 05:00:00;SUDESTE/CENTRO-OESTE;SUL;2084.348
2024-11-27 06:00:00;SUDESTE/CENTRO-OESTE;SUL;3134.6
2024-11-27 07:00:00;SUDESTE/CENTRO-OESTE;SUL;2745.73999999
2024-11-27 08:00:00;SUDESTE/CENTRO-OESTE;SUL;3124.934
2024-11-27 09:00:00;SUDESTE/CENTRO-OESTE;SUL;2794.356
2024-11-27 10:00:00;SUDESTE/CENTRO-OESTE;SUL;3169.654
2024-11-27 11:00:00;SUDESTE/CENTRO-OESTE;SUL;3228.36499999
2024-11-27 12:00:00;SUDESTE/CENTRO-OESTE;SUL;2860.081
2024-11-27 13:00:00;SUDESTE/CENTRO-OESTE;SUL;4153.49399999
2024-11-27 14:00:00;SUDESTE/CENTRO-OESTE;SUL;5149.47
2024-11-27 15:00:00;SUDESTE/CENTRO-OESTE;SUL;5427.426
2024-11-27 16:00:00;SUDESTE/CENTRO-OESTE;SUL;4761.53799999
2024-11-27 17:00:00;SUDESTE/CENTRO-OESTE;SUL;3426.856
2024-11-27 18:00:00;SUDESTE/CENTRO-OESTE;SUL;3332.175
2024-11-27 19:00:00;SUDESTE/CENTRO-OESTE;SUL;2547.49899999
2024-11-27 20:00:00;SUDESTE/CENTRO-OESTE;SUL;2049.445
2024-11-27 21:00:00;SUDESTE/CENTRO-OESTE;SUL;1708.228
2024-11-27 22:00:00;SUDESTE/CENTRO-OESTE;SUL;2381.954
2024-11-27 23:00:00;SUDESTE/CENTRO-OESTE;SUL;1538.76
2024-11-28 00:00:00;SUDESTE/CENTRO-OESTE;SUL;1559.013
2024-11-28 01:00:00;SUDESTE/CENTRO-OESTE;SUL;1754.963
2024-11-28 02:00:00;SUDESTE/CENTRO-OESTE;SUL;2069.523
2024-11-28 03:00:00;SUDESTE/CENTRO-OESTE;SUL;2428.505
2024-11-28 04:00:00;SUDESTE/CENTRO-OESTE;SUL;2112.67999999
2024-11-28 05:00:00;SUDESTE/CENTRO-OESTE;SUL;2741.463
2024-11-28 06:00:00;SUDESTE/CENTRO-OESTE;SUL;3784.982
2024-11-28 07:00:00;SUDESTE/CENTRO-OESTE;SUL;3014.428
2024-11-28 08:00:00;SUDESTE/CENTRO-OESTE;SUL;3286.01
2024-11-28 09:00:00;SUDESTE/CENTRO-OESTE;SUL;3545.914
2024-11-28 10:00:00;SUDESTE/CENTRO-OESTE;SUL;4073.356
2024-11-28 11:00:00;SUDESTE/CENTRO-OESTE;SUL;3835.993
2024-11-28 12:00:00;SUDESTE/CENTRO-OESTE;SUL;3544.635
2024-11-28 13:00:00;SUDESTE/CENTRO-OESTE;SUL;3573.707
2024-11-28 14:00:00;SUDESTE/CENTRO-OESTE;SUL;2348.327
2024-11-28 15:00:00;SUDESTE/CENTRO-OESTE;SUL;2465.426
2024-11-28 16:00:00;SUDESTE/CENTRO-OESTE;SUL;2887.686
2024-11-28 17:00:00;SUDESTE/CENTRO-OESTE;SUL;2193.977
2024-11-28 18:00:00;SUDESTE/CENTRO-OESTE;SUL;1526.578
2024-11-28 19:00:00;SUDESTE/CENTRO-OESTE;SUL;1456.401
2024-11-28 20:00:00;SUDESTE/CENTRO-OESTE;SUL;1687.824
2024-11-28 21:00:00;SUDESTE/CENTRO-OESTE;SUL;1705.75
2024-11-28 22:00:00;SUDESTE/CENTRO-OESTE;SUL;1258.444
2024-11-28 23:00:00;SUDESTE/CENTRO-OESTE;SUL;392.295
2024-11-29 00:00:00;SUDESTE/CENTRO-OESTE;SUL;-571.402
2024-11-29 01:00:00;SUDESTE/CENTRO-OESTE;SUL;-917.382
2024-11-29 02:00:00;SUDESTE/CENTRO-OESTE;SUL;-847.183
2024-11-29 03:00:00;SUDESTE/CENTRO-OESTE;SUL;-737.232
2024-11-29 04:00:00;SUDESTE/CENTRO-OESTE;SUL;-758.67999999
2024-11-29 05:00:00;SUDESTE/CENTRO-OESTE;SUL;-363.86
2024-11-29 06:00:00;SUDESTE/CENTRO-OESTE;SUL;1007.35
2024-11-29 07:00:00;SUDESTE/CENTRO-OESTE;SUL;2689.96999999
2024-11-29 08:00:00;SUDESTE/CENTRO-OESTE;SUL;1970.534
2024-11-29 09:00:00;SUDESTE/CENTRO-OESTE;SUL;2147.37
2024-11-29 10:00:00;SUDESTE/CENTRO-OESTE;SUL;1616.487
2024-11-29 11:00:00;SUDESTE/CENTRO-OESTE;SUL;2039.161
2024-11-29 12:00:00;SUDESTE/CENTRO-OESTE;SUL;1812.393
2024-11-29 13:00:00;SUDESTE/CENTRO-OESTE;SUL;2009.028
2024-11-29 14:00:00;SUDESTE/CENTRO-OESTE;SUL;2197.789
2024-11-29 15:00:00;SUDESTE/CENTRO-OESTE;SUL;2148.254
2024-11-29 16:00:00;SUDESTE/CENTRO-OESTE;SUL;1585.981
2024-11-29 17:00:00;SUDESTE/CENTRO-OESTE;SUL;1575.128
2024-11-29 18:00:00;SUDESTE/CENTRO-OESTE;SUL;1554.441
2024-11-29 19:00:00;SUDESTE/CENTRO-OESTE;SUL;2276.21999999
2024-11-29 20:00:00;SUDESTE/CENTRO-OESTE;SUL;3104.559
2024-11-29 21:00:00;SUDESTE/CENTRO-OESTE;SUL;2467.335
2024-11-29 22:00:00;SUDESTE/CENTRO-OESTE;SUL;2353.991
2024-11-29 23:00:00;SUDESTE/CENTRO-OESTE;SUL;2054.108
2024-11-30 00:00:00;SUDESTE/CENTRO-OESTE;SUL;1104.261
2024-11-30 01:00:00;SUDESTE/CENTRO-OESTE;SUL;1050.593
2024-11-30 02:00:00;SUDESTE/CENTRO-OESTE;SUL;1174.41699999
2024-11-30 03:00:00;SUDESTE/CENTRO-OESTE;SUL;936.846
2024-11-30 04:00:00;SUDESTE/CENTRO-OESTE;SUL;675.26199999
2024-11-30 05:00:00;SUDESTE/CENTRO-OESTE;SUL;1223.40799999
2024-11-30 06:00:00;SUDESTE/CENTRO-OESTE;SUL;2876.596
2024-11-30 07:00:00;SUDESTE/CENTRO-OESTE;SUL;4285.955
2024-11-30 08:00:00;SUDESTE/CENTRO-OESTE;SUL;4455.579
2024-11-30 09:00:00;SUDESTE/CENTRO-OESTE;SUL;4733.233
2024-11-30 10:00:00;SUDESTE/CENTRO-OESTE;SUL;4241.406
2024-11-30 11:00:00;SUDESTE/CENTRO-OESTE;SUL;3722.38
2024-11-30 12:00:00;SUDESTE/CENTRO-OESTE;SUL;3438.236
2024-11-30 13:00:00;SUDESTE/CENTRO-OESTE;SUL;3899.518
2024-11-30 14:00:00;SUDESTE/CENTRO-OESTE;SUL;3452.842
2024-11-30 15:00:00;SUDESTE/CENTRO-OESTE;SUL;1147.93599999
2024-11-30 16:00:00;SUDESTE/CENTRO-OESTE;SUL;-846.828
2024-11-30 17:00:00;SUDESTE/CENTRO-OESTE;SUL;-593.318
2024-11-30 18:00:00;SUDESTE/CENTRO-OESTE;SUL;266.69099999
2024-11-30 19:00:00;SUDESTE/CENTRO-OESTE;SUL;1648.681
2024-11-30 20:00:00;SUDESTE/CENTRO-OESTE;SUL;1371.968
2024-11-30 21:00:00;SUDESTE/CENTRO-OESTE;SUL;676.035
2024-11-30 22:00:00;SUDESTE/CENTRO-OESTE;SUL;64.098
2024-11-30 23:00:00;SUDESTE/CENTRO-OESTE;SUL;-589.849
2024-12-01 00:00:00;SUDESTE/CENTRO-OESTE;SUL;-1259.626
2024-12-01 01:00:00;SUDESTE/CENTRO-OESTE;SUL;-1792.191
2024-12-01 02:00:00;SUDESTE/CENTRO-OESTE;SUL;-1864.186
2024-12-01 03:00:00;SUDESTE/CENTRO-OESTE;SUL;-2153.726
2024-12-01 04:00:00;SUDESTE/CENTRO-OESTE;SUL;-1671.472
2024-12-01 05:00:00;SUDESTE/CENTRO-OESTE;SUL;-280.383
2024-12-01 06:00:00;SUDESTE/CENTRO-OESTE;SUL;1774.206
2024-12-01 07:00:00;SUDESTE/CENTRO-OESTE;SUL;2797.605
2024-12-01 08:00:00;SUDESTE/CENTRO-OESTE;SUL;1656.398
2024-12-01 09:00:00;SUDESTE/CENTRO-OESTE;SUL;1321.895
2024-12-01 10:00:00;SUDESTE/CENTRO-OESTE;SUL;1374.703
2024-12-01 11:00:00;SUDESTE/CENTRO-OESTE;SUL;1272.125
2024-12-01 12:00:00;SUDESTE/CENTRO-OESTE;SUL;998.136
2024-12-01 13:00:00;SUDESTE/CENTRO-OESTE;SUL;785.987
2024-12-01 14:00:00;SUDESTE/CENTRO-OESTE;SUL;1273.38799999
2024-12-01 15:00:00;SUDESTE/CENTRO-OESTE;SUL;1388.439
2024-12-01 16:00:00;SUDESTE/CENTRO-OESTE;SUL;920.445
2024-12-01 17:00:00;SUDESTE/CENTRO-OESTE;SUL;93.281
2024-12-01 18:00:00;SUDESTE/CENTRO-OESTE;SUL;1066.517
2024-12-01 19:00:00;SUDESTE/CENTRO-OESTE;SUL;2067.766
2024-12-01 20:00:00;SUDESTE/CENTRO-OESTE;SUL;1662.227
2024-12-01 21:00:00;SUDESTE/CENTRO-OESTE;SUL;1231.394
2024-12-01 22:00:00;SUDESTE/CENTRO-OESTE;SUL;-108.43
2024-12-01 23:00:00;SUDESTE/CENTRO-OESTE;SUL;-830.26
2024-12-02 00:00:00;SUDESTE/CENTRO-OESTE;SUL;-864.792
2024-12-02 01:00:00;SUDESTE/CENTRO-OESTE;SUL;-480.372
2024-12-02 02:00:00;SUDESTE/CENTRO-OESTE;SUL;-678.537
2024-12-02 03:00:00;SUDESTE/CENTRO-OESTE;SUL;-1105.077
2024-12-02 04:00:00;SUDESTE/CENTRO-OESTE;SUL;-1159.825
2024-12-02 05:00:00;SUDESTE/CENTRO-OESTE;SUL;-544.788
2024-12-02 06:00:00;SUDESTE/CENTRO-OESTE;SUL;627.57399999
2024-12-02 07:00:00;SUDESTE/CENTRO-OESTE;SUL;1128.112
2024-12-02 08:00:00;SUDESTE/CENTRO-OESTE;SUL;1020.452
2024-12-02 09:00:00;SUDESTE/CENTRO-OESTE;SUL;1609.192
2024-12-02 10:00:00;SUDESTE/CENTRO-OESTE;SUL;1975.543
2024-12-02 11:00:00;SUDESTE/CENTRO-OESTE;SUL;2416.728
2024-12-02 12:00:00;SUDESTE/CENTRO-OESTE;SUL;3114.433
2024-12-02 13:00:00;SUDESTE/CENTRO-OESTE;SUL;3343.19
2024-12-02 14:00:00;SUDESTE/CENTRO-OESTE;SUL;2971.902
2024-12-02 15:00:00;SUDESTE/CENTRO-OESTE;SUL;1164.60899999
2024-12-02 16:00:00;SUDESTE/CENTRO-OESTE;SUL;1070.576
2024-12-02 17:00:00;SUDESTE/CENTRO-OESTE;SUL;355.275
2024-12-02 18:00:00;SUDESTE/CENTRO-OESTE;SUL;24.905
2024-12-02 19:00:00;SUDESTE/CENTRO-OESTE;SUL;1472.939
2024-12-02 20:00:00;SUDESTE/CENTRO-OESTE;SUL;963.111
2024-12-02 21:00:00;SUDESTE/CENTRO-OESTE;SUL;205.9
2024-12-02 22:00:00;SUDESTE/CENTRO-OESTE;SUL;450.886
2024-12-02 23:00:00;SUDESTE/CENTRO-OESTE;SUL;-89.493
2024-12-03 00:00:00;SUDESTE/CENTRO-OESTE;SUL;-22.636
2024-12-03 01:00:00;SUDESTE/CENTRO-OESTE;SUL;557.929
2024-12-03 02:00:00;SUDESTE/CENTRO-OESTE;SUL;-900.101
2024-12-03 03:00:00;SUDESTE/CENTRO-OESTE;SUL;-1064.958
2024-12-03 04:00:00;SUDESTE/CENTRO-OESTE;SUL;-1075.505
2024-12-03 05:00:00;SUDESTE/CENTRO-OESTE;SUL;-774.563
2024-12-03 06:00:00;SUDESTE/CENTRO-OESTE;SUL;156.169
2024-12-03 07:00:00;SUDESTE/CENTRO-OESTE;SUL;1199.68599999
2024-12-03 08:00:00;SUDESTE/CENTRO-OESTE;SUL;257.95999999
2024-12-03 09:00:00;SUDESTE/CENTRO-OESTE;SUL;180.203
2024-12-03 10:00:00;SUDESTE/CENTRO-OESTE;SUL;75.798
2024-12-03 11:00:00;SUDESTE/CENTRO-OESTE;SUL;-91.609
2024-12-03 12:00:00;SUDESTE/CENTRO-OESTE;SUL;311.374
2024-12-03 13:00:00;SUDESTE/CENTRO-OESTE;SUL;1476.933
2024-12-03 14:00:00;SUDESTE/CENTRO-OESTE;SUL;1759.102
2024-12-03 15:00:00;SUDESTE/CENTRO-OESTE;SUL;1937.747
2024-12-03 16:00:00;SUDESTE/CENTRO-OESTE;SUL;1198.332
2024-12-03 17:00:00;SUDESTE/CENTRO-OESTE;SUL;921.519
2024-12-03 18:00:00;SUDESTE/CENTRO-OESTE;SUL;392.686
2024-12-03 19:00:00;SUDESTE/CENTRO-OESTE;SUL;1260.01299999
2024-12-03 20:00:00;SUDESTE/CENTRO-OESTE;SUL;1374.16
2024-12-03 21:00:00;SUDESTE/CENTRO-OESTE;SUL;1533.776
2024-12-03 22:00:00;SUDESTE/CENTRO-OESTE;SUL;1233.499
2024-12-03 23:00:00;SUDESTE/CENTRO-OESTE;SUL;30.248
2024-12-04 00:00:00;SUDESTE/CENTRO-OESTE;SUL;-808.103
2024-12-04 01:00:00;SUDESTE/CENTRO-OESTE;SUL;-1013.413
2024-12-04 02:00:00;SUDESTE/CENTRO-OESTE;SUL;-117.94
2024-12-04 03:00:00;SUDESTE/CENTRO-OESTE;SUL;843.057
2024-12-04 04:00:00;SUDESTE/CENTRO-OESTE;SUL;531.18499999
2024-12-04 05:00:00;SUDESTE/CENTRO-OESTE;SUL;-60.59
2024-12-04 06:00:00;SUDESTE/CENTRO-OESTE;SUL;608.515
2024-12-04 07:00:00;SUDESTE/CENTRO-OESTE;SUL;1482.46599999
2024-12-04 08:00:00;SUDESTE/CENTRO-OESTE;SUL;1820.522
2024-12-04 09:00:00;SUDESTE/CENTRO-OESTE;SUL;1879.351
2024-12-04 10:00:00;SUDESTE/CENTRO-OESTE;SUL;3046.268
2024-12-04 11:00:00;SUDESTE/CENTRO-OESTE;SUL;4048.065
2024-12-04 12:00:00;SUDESTE/CENTRO-OESTE;SUL;4408.345
2024-12-04 13:00:00;SUDESTE/CENTRO-OESTE;SUL;4431.926
2024-12-04 14:00:00;SUDESTE/CENTRO-OESTE;SUL;3245.201
2024-12-04 15:00:00;SUDESTE/CENTRO-OESTE;SUL;1828.863
2024-12-04 16:00:00;SUDESTE/CENTRO-OESTE;SUL;1777.15
2024-12-04 17:00:00;SUDESTE/CENTRO-OESTE;SUL;1935.416
2024-12-04 18:00:00;SUDESTE/CENTRO-OESTE;SUL;1435.362
2024-12-04 19:00:00;SUDESTE/CENTRO-OESTE;SUL;2034.722
2024-12-04 20:00:00;SUDESTE/CENTRO-OESTE;SUL;2137.381
2024-12-04 21:00:00;SUDESTE/CENTRO-OESTE;SUL;1688.03299999
2024-12-04 22:00:00;SUDESTE/CENTRO-OESTE;SUL;1371.00399999
2024-12-04 23:00:00;SUDESTE/CENTRO-OESTE;SUL;1486.398
2024-12-05 00:00:00;SUDESTE/CENTRO-OESTE;SUL;635.082
2024-12-05 01:00:00;SUDESTE/CENTRO-OESTE;SUL;854.641
2024-12-05 02:00:00;SUDESTE/CENTRO-OESTE;SUL;1326.99499999
2024-12-05 03:00:00;SUDESTE/CENTRO-OESTE;SUL;1424.225
2024-12-05 04:00:00;SUDESTE/CENTRO-OESTE;SUL;1388.21599999
2024-12-05 05:00:00;SUDESTE/CENTRO-OESTE;SUL;971.175
2024-12-05 06:00:00;SUDESTE/CENTRO-OESTE;SUL;3337.68199999
2024-12-05 07:00:00;SUDESTE/CENTRO-OESTE;SUL;5688.386
2024-12-05 08:00:00;SUDESTE/CENTRO-OESTE;SUL;6207.88
2024-12-05 09:00:00;SUDESTE/CENTRO-OESTE;SUL;5519.582
2024-12-05 10:00:00;SUDESTE/CENTRO-OESTE;SUL;5468.814
2024-12-05 11:00:00;SUDESTE/CENTRO-OESTE;SUL;5816.887
2024-12-05 12:00:00;SUDESTE/CENTRO-OESTE;SUL;5662.537
2024-12-05 13:00:00;SUDESTE/CENTRO-OESTE;SUL;6469.492
2024-12-05 14:00:00;SUDESTE/CENTRO-OESTE;SUL;6226.594
2024-12-05 15:00:00;SUDESTE/CENTRO-OESTE;SUL;4670.77499999
2024-12-05 16:00:00;SUDESTE/CENTRO-OESTE;SUL;3204.959
2024-12-05 17:00:00;SUDESTE/CENTRO-OESTE;SUL;1701.871
2024-12-05 18:00:00;SUDESTE/CENTRO-OESTE;SUL;1610.955
2024-12-05 19:00:00;SUDESTE/CENTRO-OESTE;SUL;2446.69999999
2024-12-05 20:00:00;SUDESTE/CENTRO-OESTE;SUL;2589.225
2024-12-05 21:00:00;SUDESTE/CENTRO-OESTE;SUL;2203.36299999
2024-12-05 22:00:00;SUDESTE/CENTRO-OESTE;SUL;1569.021
2024-12-05 23:00:00;SUDESTE/CENTRO-OESTE;SUL;1317.242
2024-12-06 00:00:00;SUDESTE/CENTRO-OESTE;SUL;2427.428
2024-12-06 01:00:00;SUDESTE/CENTRO-OESTE;SUL;2655.027
2024-12-06 02:00:00;SUDESTE/CENTRO-OESTE;SUL;2701.493
2024-12-06 03:00:00;SUDESTE/CENTRO-OESTE;SUL;2653.341
2024-12-06 04:00:00;SUDESTE/CENTRO-OESTE;SUL;2334.3
2024-12-06 05:00:00;SUDESTE/CENTRO-OESTE;SUL;2224.71099999
2024-12-06 06:00:00;SUDESTE/CENTRO-OESTE;SUL;4554.889
2024-12-06 07:00:00;SUDESTE/CENTRO-OESTE;SUL;4797.325
2024-12-06 08:00:00;SUDESTE/CENTRO-OESTE;SUL;4479.377
2024-12-06 09:00:00;SUDESTE/CENTRO-OESTE;SUL;4156.278
2024-12-06 10:00:00;SUDESTE/CENTRO-OESTE;SUL;3703.232
2024-12-06 11:00:00;SUDESTE/CENTRO-OESTE;SUL;3524.565
2024-12-06 12:00:00;SUDESTE/CENTRO-OESTE;SUL;3218.483
2024-12-06 13:00:00;SUDESTE/CENTRO-OESTE;SUL;4056.909
2024-12-06 14:00:00;SUDESTE/CENTRO-OESTE;SUL;4583.718
2024-12-06 15:00:00;SUDESTE/CENTRO-OESTE;SUL;4707.358
2024-12-06 16:00:00;SUDESTE/CENTRO-OESTE;SUL;4417.481
2024-12-06 17:00:00;SUDESTE/CENTRO-OESTE;SUL;3653.466
2024-12-06 18:00:00;SUDESTE/CENTRO-OESTE;SUL;2635.034
2024-12-06 19:00:00;SUDESTE/CENTRO-OESTE;SUL;3038.648
2024-12-06 20:00:00;SUDESTE/CENTRO-OESTE;SUL;3809.184
2024-12-06 21:00:00;SUDESTE/CENTRO-OESTE;SUL;3692.072
2024-12-06 22:00:00;SUDESTE/CENTRO-OESTE;SUL;3604.455
2024-12-06 23:00:00;SUDESTE/CENTRO-OESTE;SUL;3222.799
2024-12-07 00:00:00;SUDESTE/CENTRO-OESTE;SUL;2330.741
2024-12-07 01:00:00;SUDESTE/CENTRO-OESTE;SUL;1336.987
2024-12-07 02:00:00;SUDESTE/CENTRO-OESTE;SUL;812.726
2024-12-07 03:00:00;SUDESTE/CENTRO-OESTE;SUL;769.461
2024-12-07 04:00:00;SUDESTE/CENTRO-OESTE;SUL;964.507
2024-12-07 05:00:00;SUDESTE/CENTRO-OESTE;SUL;730.306
2024-12-07 06:00:00;SUDESTE/CENTRO-OESTE;SUL;1478.34
2024-12-07 07:00:00;SUDESTE/CENTRO-OESTE;SUL;3257.738
2024-12-07 08:00:00;SUDESTE/CENTRO-OESTE;SUL;3667.541
2024-12-07 09:00:00;SUDESTE/CENTRO-OESTE;SUL;3670.137
2024-12-07 10:00:00;SUDESTE/CENTRO-OESTE;SUL;3110.793
2024-12-07 11:00:00;SUDESTE/CENTRO-OESTE;SUL;1551.33
2024-12-07 12:00:00;SUDESTE/CENTRO-OESTE;SUL;943.532
2024-12-07 13:00:00;SUDESTE/CENTRO-OESTE;SUL;462.673
2024-12-07 14:00:00;SUDESTE/CENTRO-OESTE;SUL;357.733
2024-12-07 15:00:00;SUDESTE/CENTRO-OESTE;SUL;420.443
2024-12-07 16:00:00;SUDESTE/CENTRO-OESTE;SUL;310.94099999
2024-12-07 17:00:00;SUDESTE/CENTRO-OESTE;SUL;-476.07
2024-12-07 18:00:00;SUDESTE/CENTRO-OESTE;SUL;-696.167
2024-12-07 19:00:00;SUDESTE/CENTRO-OESTE;SUL;-50.793
2024-12-07 20:00:00;SUDESTE/CENTRO-OESTE;SUL;143.541
2024-12-07 21:00:00;SUDESTE/CENTRO-OESTE;SUL;-658.174
2024-12-07 22:00:00;SUDESTE/CENTRO-OESTE;SUL;-1070.029
2024-12-07 23:00:00;SUDESTE/CENTRO-OESTE;SUL;-1675.54299999
2024-12-08 00:00:00;SUDESTE/CENTRO-OESTE;SUL;-2531.252
2024-12-08 01:00:00;SUDESTE/CENTRO-OESTE;SUL;-2891.744
2024-12-08 02:00:00;SUDESTE/CENTRO-OESTE;SUL;-2828.434
2024-12-08 03:00:00;SUDESTE/CENTRO-OESTE;SUL;-3033.315
2024-12-08 04:00:00;SUDESTE/CENTRO-OESTE;SUL;-3221.295
2024-12-08 05:00:00;SUDESTE/CENTRO-OESTE;SUL;-3206.501
2024-12-08 06:00:00;SUDESTE/CENTRO-OESTE;SUL;-1684.302
2024-12-08 07:00:00;SUDESTE/CENTRO-OESTE;SUL;-696.07899999
2024-12-08 08:00:00;SUDESTE/CENTRO-OESTE;SUL;190.286
2024-12-08 09:00:00;SUDESTE/CENTRO-OESTE;SUL;616.618
2024-12-08 10:00:00;SUDESTE/CENTRO-OESTE;SUL;801.595
2024-12-08 11:00:00;SUDESTE/CENTRO-OESTE;SUL;917.819
2024-12-08 12:00:00;SUDESTE/CENTRO-OESTE;SUL;308.998
2024-12-08 13:00:00;SUDESTE/CENTRO-OESTE;SUL;-254.844
2024-12-08 14:00:00;SUDESTE/CENTRO-OESTE;SUL;-546.688
2024-12-08 15:00:00;SUDESTE/CENTRO-OESTE;SUL;-1279.329
2024-12-08 16:00:00;SUDESTE/CENTRO-OESTE;SUL;-1744.629
2024-12-08 17:00:00;SUDESTE/CENTRO-OESTE;SUL;-1990.492
2024-12-08 18:00:00;SUDESTE/CENTRO-OESTE;SUL;-1013.1
2024-12-08 19:00:00;SUDESTE/CENTRO-OESTE;SUL;266.163
2024-12-08 20:00:00;SUDESTE/CENTRO-OESTE;SUL;1074.29
2024-12-08 21:00:00;SUDESTE/CENTRO-OESTE;SUL;629.323
2024-12-08 22:00:00;SUDESTE/CENTRO-OESTE;SUL;-472.68
2024-12-08 23:00:00;SUDESTE/CENTRO-OESTE;SUL;-798.703
2024-12-09 00:00:00;SUDESTE/CENTRO-OESTE;SUL;-1894.224
2024-12-09 01:00:00;SUDESTE/CENTRO-OESTE;SUL;-2365.24899999
2024-12-09 02:00:00;SUDESTE/CENTRO-OESTE;SUL;-1384.942
2024-12-09 03:00:00;SUDESTE/CENTRO-OESTE;SUL;-371.517
2024-12-09 04:00:00;SUDESTE/CENTRO-OESTE;SUL;-623.88199999
2024-12-09 05:00:00;SUDESTE/CENTRO-OESTE;SUL;-432.65
2024-12-09 06:00:00;SUDESTE/CENTRO-OESTE;SUL;1809.153
2024-12-09 07:00:00;SUDESTE/CENTRO-OESTE;SUL;3521.191
2024-12-09 08:00:00;SUDESTE/CENTRO-OESTE;SUL;2853.634
2024-12-09 09:00:00;SUDESTE/CENTRO-OESTE;SUL;2619.26899999
2024-12-09 10:00:00;SUDESTE/CENTRO-OESTE;SUL;2524.326
2024-12-09 11:00:00;SUDESTE/CENTRO-OESTE;SUL;1554.178
2024-12-09 12:00:00;SUDESTE/CENTRO-OESTE;SUL;766.764
2024-12-09 13:00:00;SUDESTE/CENTRO-OESTE;SUL;1471.263
2024-12-09 14:00:00;SUDESTE/CENTRO-OESTE;SUL;2376.87399999
2024-12-09 15:00:00;SUDESTE/CENTRO-OESTE;SUL;1936.724
2024-12-09 16:00:00;SUDESTE/CENTRO-OESTE;SUL;1600.511
2024-12-09 17:00:00;SUDESTE/CENTRO-OESTE;SUL;727.969
2024-12-09 18:00:00;SUDESTE/CENTRO-OESTE;SUL;397.969
2024-12-09 19:00:00;SUDESTE/CENTRO-OESTE;SUL;753.085
2024-12-09 20:00:00;SUDESTE/CENTRO-OESTE;SUL;378.185
2024-12-09 21:00:00;SUDESTE/CENTRO-OESTE;SUL;-191.941
2024-12-09 22:00:00;SUDESTE/CENTRO-OESTE;SUL;-1227.919
2024-12-09 23:00:00;SUDESTE/CENTRO-OESTE;SUL;-1549.523
2024-12-10 00:00:00;SUDESTE/CENTRO-OESTE;SUL;-2179.174
2024-12-10 01:00:00;SUDESTE/CENTRO-OESTE;SUL;-1690.036
2024-12-10 02:00:00;SUDESTE/CENTRO-OESTE;SUL;-1370.176
2024-12-10 03:00:00;SUDESTE/CENTRO-OESTE;SUL;-934.813
2024-12-10 04:00:00;SUDESTE/CENTRO-OESTE;SUL;-1245.529
2024-12-10 05:00:00;SUDESTE/CENTRO-OESTE;SUL;-790.708
2024-12-10 06:00:00;SUDESTE/CENTRO-OESTE;SUL;326.343
2024-12-10 07:00:00;SUDESTE/CENTRO-OESTE;SUL;1942.939
2024-12-10 08:00:00;SUDESTE/CENTRO-OESTE;SUL;1905.531
2024-12-10 09:00:00;SUDESTE/CENTRO-OESTE;SUL;2231.38299999
2024-12-10 10:00:00;SUDESTE/CENTRO-OESTE;SUL;2338.494
2024-12-10 11:00:00;SUDESTE/CENTRO-OESTE;SUL;1807.426
2024-12-10 12:00:00;SUDESTE/CENTRO-OESTE;SUL;705.379
2024-12-10 13:00:00;SUDESTE/CENTRO-OESTE;SUL;468.661
2024-12-10 14:00:00;SUDESTE/CENTRO-OESTE;SUL;683.54
2024-12-10 15:00:00;SUDESTE/CENTRO-OESTE;SUL;886.111
2024-12-10 16:00:00;SUDESTE/CENTRO-OESTE;SUL;180.806
2024-12-10 17:00:00;SUDESTE/CENTRO-OESTE;SUL;458.285
2024-12-10 18:00:00;SUDESTE/CENTRO-OESTE;SUL;1388.522
2024-12-10 19:00:00;SUDESTE/CENTRO-OESTE;SUL;2638.388
2024-12-10 20:00:00;SUDESTE/CENTRO-OESTE;SUL;2349.445
2024-12-10 21:00:00;SUDESTE/CENTRO-OESTE;SUL;1663.133
2024-12-10 22:00:00;SUDESTE/CENTRO-OESTE;SUL;305.341
2024-12-10 23:00:00;SUDESTE/CENTRO-OESTE;SUL;-797.836
2024-12-11 00:00:00;SUDESTE/CENTRO-OESTE;SUL;-2562.94099999
2024-12-11 01:00:00;SUDESTE/CENTRO-OESTE;SUL;-2800.241
2024-12-11 02:00:00;SUDESTE/CENTRO-OESTE;SUL;-2260.215
2024-12-11 03:00:00;SUDESTE/CENTRO-OESTE;SUL;-1804.058
2024-12-11 04:00:00;SUDESTE/CENTRO-OESTE;SUL;-1452.913
2024-12-11 05:00:00;SUDESTE/CENTRO-OESTE;SUL;-844.187
2024-12-11 06:00:00;SUDESTE/CENTRO-OESTE;SUL;1552.263
2024-12-11 07:00:00;SUDESTE/CENTRO-OESTE;SUL;2752.04
2024-12-11 08:00:00;SUDESTE/CENTRO-OESTE;SUL;2242.21799999
2024-12-11 09:00:00;SUDESTE/CENTRO-OESTE;SUL;1403.714
2024-12-11 10:00:00;SUDESTE/CENTRO-OESTE;SUL;1817.272
2024-12-11 11:00:00;SUDESTE/CENTRO-OESTE;SUL;2105.773
2024-12-11 12:00:00;SUDESTE/CENTRO-OESTE;SUL;1292.259
2024-12-11 13:00:00;SUDESTE/CENTRO-OESTE;SUL;378.76
2024-12-11 14:00:00;SUDESTE/CENTRO-OESTE;SUL;824.849
2024-12-11 15:00:00;SUDESTE/CENTRO-OESTE;SUL;945.273
2024-12-11 16:00:00;SUDESTE/CENTRO-OESTE;SUL;1113.477
2024-12-11 17:00:00;SUDESTE/CENTRO-OESTE;SUL;1290.26399999
2024-12-11 18:00:00;SUDESTE/CENTRO-OESTE;SUL;1466.038
2024-12-11 19:00:00;SUDESTE/CENTRO-OESTE;SUL;2646.506
2024-12-11 20:00:00;SUDESTE/CENTRO-OESTE;SUL;2825.076
2024-12-11 21:00:00;SUDESTE/CENTRO-OESTE;SUL;2116.35
2024-12-11 22:00:00;SUDESTE/CENTRO-OESTE;SUL;1551.587
2024-12-11 23:00:00;SUDESTE/CENTRO-OESTE;SUL;123.358
2024-12-12 00:00:00;SUDESTE/CENTRO-OESTE;SUL;-1411.115
2024-12-12 01:00:00;SUDESTE/CENTRO-OESTE;SUL;-2229.73
2024-12-12 02:00:00;SUDESTE/CENTRO-OESTE;SUL;-1910.739
2024-12-12 03:00:00;SUDESTE/CENTRO-OESTE;SUL;-1669.84
2024-12-12 04:00:00;SUDESTE/CENTRO-OESTE;SUL;-1811.792
2024-12-12 05:00:00;SUDESTE/CENTRO-OESTE;SUL;-1638.696
2024-12-12 06:00:00;SUDESTE/CENTRO-OESTE;SUL;-87.819
2024-12-12 07:00:00;SUDESTE/CENTRO-OESTE;SUL;552.851
2024-12-12 08:00:00;SUDESTE/CENTRO-OESTE;SUL;794.518
2024-12-12 09:00:00;SUDESTE/CENTRO-OESTE;SUL;827.557
2024-12-12 10:00:00;SUDESTE/CENTRO-OESTE;SUL;629.612
2024-12-12 11:00:00;SUDESTE/CENTRO-OESTE;SUL;348.512
2024-12-12 12:00:00;SUDESTE/CENTRO-OESTE;SUL;447.933
2024-12-12 13:00:00;SUDESTE/CENTRO-OESTE;SUL;486.645
2024-12-12 14:00:00;SUDESTE/CENTRO-OESTE;SUL;104.881
2024-12-12 15:00:00;SUDESTE/CENTRO-OESTE;SUL;-456.547
2024-12-12 16:00:00;SUDESTE/CENTRO-OESTE;SUL;509.471
2024-12-12 17:00:00;SUDESTE/CENTRO-OESTE;SUL;1054.919
2024-12-12 18:00:00;SUDESTE/CENTRO-OESTE;SUL;909.714
2024-12-12 19:00:00;SUDESTE/CENTRO-OESTE;SUL;1220.041
2024-12-12 20:00:00;SUDESTE/CENTRO-OESTE;SUL;1783.203
2024-12-12 21:00:00;SUDESTE/CENTRO-OESTE;SUL;994.304
2024-12-12 22:00:00;SUDESTE/CENTRO-OESTE;SUL;816.261
2024-12-12 23:00:00;SUDESTE/CENTRO-OESTE;SUL;389.692
2024-12-13 00:00:00;SUDESTE/CENTRO-OESTE;SUL;-71.988
2024-12-13 01:00:00;SUDESTE/CENTRO-OESTE;SUL;53.655
2024-12-13 02:00:00;SUDESTE/CENTRO-OESTE;SUL;353.07
2024-12-13 03:00:00;SUDESTE/CENTRO-OESTE;SUL;235.915
2024-12-13 04:00:00;SUDESTE/CENTRO-OESTE;SUL;78.35899999
2024-12-13 05:00:00;SUDESTE/CENTRO-OESTE;SUL;341.136
2024-12-13 06:00:00;SUDESTE/CENTRO-OESTE;SUL;901.176
2024-12-13 07:00:00;SUDESTE/CENTRO-OESTE;SUL;1524.695
2024-12-13 08:00:00;SUDESTE/CENTRO-OESTE;SUL;2323.12399999
2024-12-13 09:00:00;SUDESTE/CENTRO-OESTE;SUL;2740.733
2024-12-13 10:00:00;SUDESTE/CENTRO-OESTE;SUL;3359.089
2024-12-13 11:00:00;SUDESTE/CENTRO-OESTE;SUL;3401.892
2024-12-13 12:00:00;SUDESTE/CENTRO-OESTE;SUL;2540.477
2024-12-13 13:00:00;SUDESTE/CENTRO-OESTE;SUL;3180.003
2024-12-13 14:00:00;SUDESTE/CENTRO-OESTE;SUL;2729.61499999
2024-12-13 15:00:00;SUDESTE/CENTRO-OESTE;SUL;2498.55499999
2024-12-13 16:00:00;SUDESTE/CENTRO-OESTE;SUL;2631.071
2024-12-13 17:00:00;SUDESTE/CENTRO-OESTE;SUL;2462.472
2024-12-13 18:00:00;SUDESTE/CENTRO-OESTE;SUL;1186.815
2024-12-13 19:00:00;SUDESTE/CENTRO-OESTE;SUL;1301.679
2024-12-13 20:00:00;SUDESTE/CENTRO-OESTE;SUL;1158.752
2024-12-13 21:00:00;SUDESTE/CENTRO-OESTE;SUL;877.14
2024-12-13 22:00:00;SUDESTE/CENTRO-OESTE;SUL;332.772
2024-12-13 23:00:00;SUDESTE/CENTRO-OESTE;SUL;127.581
2024-12-14 00:00:00;SUDESTE/CENTRO-OESTE;SUL;-666.741
2024-12-14 01:00:00;SUDESTE/CENTRO-OESTE;SUL;-1242.058
2024-12-14 02:00:00;SUDESTE/CENTRO-OESTE;SUL;-1232.01399999
2024-12-14 03:00:00;SUDESTE/CENTRO-OESTE;SUL;-1133.982
2024-12-14 04:00:00;SUDESTE/CENTRO-OESTE;SUL;-1145.11899999
2024-12-14 05:00:00;SUDESTE/CENTRO-OESTE;SUL;-908.969
2024-12-14 06:00:00;SUDESTE/CENTRO-OESTE;SUL;-675.099
2024-12-14 07:00:00;SUDESTE/CENTRO-OESTE;SUL;682.726
2024-12-14 08:00:00;SUDESTE/CENTRO-OESTE;SUL;1017.077
2024-12-14 09:00:00;SUDESTE/CENTRO-OESTE;SUL;812.964
2024-12-14 10:00:00;SUDESTE/CENTRO-OESTE;SUL;531.53
2024-12-14 11:00:00;SUDESTE/CENTRO-OESTE;SUL;780.532
2024-12-14 12:00:00;SUDESTE/CENTRO-OESTE;SUL;452.539
2024-12-14 13:00:00;SUDESTE/CENTRO-OESTE;SUL;187.724
2024-12-14 14:00:00;SUDESTE/CENTRO-OESTE;SUL;-90.557
2024-12-14 15:00:00;SUDESTE/CENTRO-OESTE;SUL;-490.516
2024-12-14 16:00:00;SUDESTE/CENTRO-OESTE;SUL;-1775.494
2024-12-14 17:00:00;SUDESTE/CENTRO-OESTE;SUL;-1351.585
2024-12-14 18:00:00;SUDESTE/CENTRO-OESTE;SUL;-8.642
2024-12-14 19:00:00;SUDESTE/CENTRO-OESTE;SUL;-226.365
2024-12-14 20:00:00;SUDESTE/CENTRO-OESTE;SUL;143.255
2024-12-14 21:00:00;SUDESTE/CENTRO-OESTE;SUL;-671.833
2024-12-14 22:00:00;SUDESTE/CENTRO-OESTE;SUL;-1472.444
2024-12-14 23:00:00;SUDESTE/CENTRO-OESTE;SUL;-1461.544
2024-12-15 00:00:00;SUDESTE/CENTRO-OESTE;SUL;-1249.425
2024-12-15 01:00:00;SUDESTE/CENTRO-OESTE;SUL;-1587.251
2024-12-15 02:00:00;SUDESTE/CENTRO-OESTE;SUL;-1924.14
2024-12-15 03:00:00;SUDESTE/CENTRO-OESTE;SUL;-1982.592
2024-12-15 04:00:00;SUDESTE/CENTRO-OESTE;SUL;-2029.08
2024-12-15 05:00:00;SUDESTE/CENTRO-OESTE;SUL;-1156.56099999
2024-12-15 06:00:00;SUDESTE/CENTRO-OESTE;SUL;-146.537
2024-12-15 07:00:00;SUDESTE/CENTRO-OESTE;SUL;-674.923
2024-12-15 08:00:00;SUDESTE/CENTRO-OESTE;SUL;-519.182
2024-12-15 09:00:00;SUDESTE/CENTRO-OESTE;SUL;-524.982
2024-12-15 10:00:00;SUDESTE/CENTRO-OESTE;SUL;-380.382
2024-12-15 11:00:00;SUDESTE/CENTRO-OESTE;SUL;-295.488
2024-12-15 12:00:00;SUDESTE/CENTRO-OESTE;SUL;-414.442
2024-12-15 13:00:00;SUDESTE/CENTRO-OESTE;SUL;-455.12
2024-12-15 14:00:00;SUDESTE/CENTRO-OESTE;SUL;-478.943
2024-12-15 15:00:00;SUDESTE/CENTRO-OESTE;SUL;-908.025
2024-12-15 16:00:00;SUDESTE/CENTRO-OESTE;SUL;-1941.976
2024-12-15 17:00:00;SUDESTE/CENTRO-OESTE;SUL;-1662.839
2024-12-15 18:00:00;SUDESTE/CENTRO-OESTE;SUL;-139.1
2024-12-15 19:00:00;SUDESTE/CENTRO-OESTE;SUL;1119.471
2024-12-15 20:00:00;SUDESTE/CENTRO-OESTE;SUL;1382.68699999
2024-12-15 21:00:00;SUDESTE/CENTRO-OESTE;SUL;820.022
2024-12-15 22:00:00;SUDESTE/CENTRO-OESTE;SUL;301.73
2024-12-15 23:00:00;SUDESTE/CENTRO-OESTE;SUL;1.841
2024-12-16 00:00:00;SUDESTE/CENTRO-OESTE;SUL;52.594
2024-12-16 01:00:00;SUDESTE/CENTRO-OESTE;SUL;-320.57799999
2024-12-16 02:00:00;SUDESTE/CENTRO-OESTE;SUL;-1080.615
2024-12-16 03:00:00;SUDESTE/CENTRO-OESTE;SUL;-1024.082
2024-12-16 04:00:00;SUDESTE/CENTRO-OESTE;SUL;-1055.67699999
2024-12-16 05:00:00;SUDESTE/CENTRO-OESTE;SUL;-651.69399999
2024-12-16 06:00:00;SUDESTE/CENTRO-OESTE;SUL;352.903
2024-12-16 07:00:00;SUDESTE/CENTRO-OESTE;SUL;1227.402
2024-12-16 08:00:00;SUDESTE/CENTRO-OESTE;SUL;1753.829
2024-12-16 09:00:00;SUDESTE/CENTRO-OESTE;SUL;1797.016
2024-12-16 10:00:00;SUDESTE/CENTRO-OESTE;SUL;1378.93699999
2024-12-16 11:00:00;SUDESTE/CENTRO-OESTE;SUL;1619.055
2024-12-16 12:00:00;SUDESTE/CENTRO-OESTE;SUL;665.294
2024-12-16 13:00:00;SUDESTE/CENTRO-OESTE;SUL;1087.795
2024-12-16 14:00:00;SUDESTE/CENTRO-OESTE;SUL;843.058
2024-12-16 15:00:00;SUDESTE/CENTRO-OESTE;SUL;689.576
2024-12-16 16:00:00;SUDESTE/CENTRO-OESTE;SUL;1286.911
2024-12-16 17:00:00;SUDESTE/CENTRO-OESTE;SUL;1233.421
2024-12-16 18:00:00;SUDESTE/CENTRO-OESTE;SUL;183.663
2024-12-16 19:00:00;SUDESTE/CENTRO-OESTE;SUL;1200.361
2024-12-16 20:00:00;SUDESTE/CENTRO-OESTE;SUL;1543.106
2024-12-16 21:00:00;SUDESTE/CENTRO-OESTE;SUL;1376.747
2024-12-16 22:00:00;SUDESTE/CENTRO-OESTE;SUL;1655.96599999
2024-12-16 23:00:00;SUDESTE/CENTRO-OESTE;SUL;1558.91
2024-12-17 00:00:00;SUDESTE/CENTRO-OESTE;SUL;788.815
2024-12-17 01:00:00;SUDESTE/CENTRO-OESTE;SUL;59.526
2024-12-17 02:00:00;SUDESTE/CENTRO-OESTE;SUL;-259.485
2024-12-17 03:00:00;SUDESTE/CENTRO-OESTE;SUL;14.058
2024-12-17 04:00:00;SUDESTE/CENTRO-OESTE;SUL;-854.054
2024-12-17 05:00:00;SUDESTE/CENTRO-OESTE;SUL;-447.206
2024-12-17 06:00:00;SUDESTE/CENTRO-OESTE;SUL;724.336
2024-12-17 07:00:00;SUDESTE/CENTRO-OESTE;SUL;1635.673
2024-12-17 08:00:00;SUDESTE/CENTRO-OESTE;SUL;904.244
2024-12-17 09:00:00;SUDESTE/CENTRO-OESTE;SUL;658.52099999
2024-12-17 10:00:00;SUDESTE/CENTRO-OESTE;SUL;1023.745
2024-12-17 11:00:00;SUDESTE/CENTRO-OESTE;SUL;1350.656
2024-12-17 12:00:00;SUDESTE/CENTRO-OESTE;SUL;1188.73
2024-12-17 13:00:00;SUDESTE/CENTRO-OESTE;SUL;1805.927
2024-12-17 14:00:00;SUDESTE/CENTRO-OESTE;SUL;1841.129
2024-12-17 15:00:00;SUDESTE/CENTRO-OESTE;SUL;2020.385
2024-12-17 16:00:00;SUDESTE/CENTRO-OESTE;SUL;1170.025
2024-12-17 17:00:00;SUDESTE/CENTRO-OESTE;SUL;1033.397
2024-12-17 18:00:00;SUDESTE/CENTRO-OESTE;SUL;276.442
2024-12-17 19:00:00;SUDESTE/CENTRO-OESTE;SUL;1214.637
2024-12-17 20:00:00;SUDESTE/CENTRO-OESTE;SUL;1177.227
2024-12-17 21:00:00;SUDESTE/CENTRO-OESTE;SUL;745.855
2024-12-17 22:00:00;SUDESTE/CENTRO-OESTE;SUL;357.049
2024-12-17 23:00:00;SUDESTE/CENTRO-OESTE;SUL;-441.115
2024-12-18 00:00:00;SUDESTE/CENTRO-OESTE;SUL;-332.839
2024-12-18 01:00:00;SUDESTE/CENTRO-OESTE;SUL;542.044
2024-12-18 02:00:00;SUDESTE/CENTRO-OESTE;SUL;515.447
2024-12-18 03:00:00;SUDESTE/CENTRO-OESTE;SUL;221.377
2024-12-18 04:00:00;SUDESTE/CENTRO-OESTE;SUL;-85.968
2024-12-18 05:00:00;SUDESTE/CENTRO-OESTE;SUL;625.471
2024-12-18 06:00:00;SUDESTE/CENTRO-OESTE;SUL;1556.56199999
2024-12-18 07:00:00;SUDESTE/CENTRO-OESTE;SUL;2438.812
2024-12-18 08:00:00;SUDESTE/CENTRO-OESTE;SUL;1897.573
2024-12-18 09:00:00;SUDESTE/CENTRO-OESTE;SUL;1359.37899999
2024-12-18 10:00:00;SUDESTE/CENTRO-OESTE;SUL;1090.218
2024-12-18 11:00:00;SUDESTE/CENTRO-OESTE;SUL;970.42
2024-12-18 12:00:00;SUDESTE/CENTRO-OESTE;SUL;987.594
2024-12-18 13:00:00;SUDESTE/CENTRO-OESTE;SUL;1393.919
2024-12-18 14:00:00;SUDESTE/CENTRO-OESTE;SUL;2238.007
2024-12-18 15:00:00;SUDESTE/CENTRO-OESTE;SUL;2617.193
2024-12-18 16:00:00;SUDESTE/CENTRO-OESTE;SUL;2190.573
2024-12-18 17:00:00;SUDESTE/CENTRO-OESTE;SUL;1210.88
2024-12-18 18:00:00;SUDESTE/CENTRO-OESTE;SUL;-22.312
2024-12-18 19:00:00;SUDESTE/CENTRO-OESTE;SUL;2282.486
2024-12-18 20:00:00;SUDESTE/CENTRO-OESTE;SUL;2461.552
2024-12-18 21:00:00;SUDESTE/CENTRO-OESTE;SUL;1880.716
2024-12-18 22:00:00;SUDESTE/CENTRO-OESTE;SUL;1574.855
2024-12-18 23:00:00;SUDESTE/CENTRO-OESTE;SUL;1069.296
2024-12-19 00:00:00;SUDESTE/CENTRO-OESTE;SUL;-59.914
2024-12-19 01:00:00;SUDESTE/CENTRO-OESTE;SUL;-315.321
2024-12-19 02:00:00;SUDESTE/CENTRO-OESTE;SUL;341.383
2024-12-19 03:00:00;SUDESTE/CENTRO-OESTE;SUL;-36.336
2024-12-19 04:00:00;SUDESTE/CENTRO-OESTE;SUL;64.887
2024-12-19 05:00:00;SUDESTE/CENTRO-OESTE;SUL;509.276
2024-12-19 06:00:00;SUDESTE/CENTRO-OESTE;SUL;1550.989
2024-12-19 07:00:00;SUDESTE/CENTRO-OESTE;SUL;2373.72899999
2024-12-19 08:00:00;SUDESTE/CENTRO-OESTE;SUL;2068.395
2024-12-19 09:00:00;SUDESTE/CENTRO-OESTE;SUL;2116.288
2024-12-19 10:00:00;SUDESTE/CENTRO-OESTE;SUL;2050.006
2024-12-19 11:00:00;SUDESTE/CENTRO-OESTE;SUL;2555.399
2024-12-19 12:00:00;SUDESTE/CENTRO-OESTE;SUL;2592.946
2024-12-19 13:00:00;SUDESTE/CENTRO-OESTE;SUL;3123.764
2024-12-19 14:00:00;SUDESTE/CENTRO-OESTE;SUL;4162.715
2024-12-19 15:00:00;SUDESTE/CENTRO-OESTE;SUL;4243.176
2024-12-19 16:00:00;SUDESTE/CENTRO-OESTE;SUL;4220.658
2024-12-19 17:00:00;SUDESTE/CENTRO-OESTE;SUL;3131.779
2024-12-19 18:00:00;SUDESTE/CENTRO-OESTE;SUL;2271.714
2024-12-19 19:00:00;SUDESTE/CENTRO-OESTE;SUL;2797.225
2024-12-19 20:00:00;SUDESTE/CENTRO-OESTE;SUL;2696.524
2024-12-19 21:00:00;SUDESTE/CENTRO-OESTE;SUL;2456.70899999
2024-12-19 22:00:00;SUDESTE/CENTRO-OESTE;SUL;2158.645
2024-12-19 23:00:00;SUDESTE/CENTRO-OESTE;SUL;1285.569
2024-12-20 00:00:00;SUDESTE/CENTRO-OESTE;SUL;613.078
2024-12-20 01:00:00;SUDESTE/CENTRO-OESTE;SUL;204.939
2024-12-20 02:00:00;SUDESTE/CENTRO-OESTE;SUL;-283.47
2024-12-20 03:00:00;SUDESTE/CENTRO-OESTE;SUL;-657.542
2024-12-20 04:00:00;SUDESTE/CENTRO-OESTE;SUL;-606.51199999
2024-12-20 05:00:00;SUDESTE/CENTRO-OESTE;SUL;-459.18
2024-12-20 06:00:00;SUDESTE/CENTRO-OESTE;SUL;892.428
2024-12-20 07:00:00;SUDESTE/CENTRO-OESTE;SUL;2073.49699999
2024-12-20 08:00:00;SUDESTE/CENTRO-OESTE;SUL;1994.581
2024-12-20 09:00:00;SUDESTE/CENTRO-OESTE;SUL;1591.085
2024-12-20 10:00:00;SUDESTE/CENTRO-OESTE;SUL;1493.568
2024-12-20 11:00:00;SUDESTE/CENTRO-OESTE;SUL;1704.057
2024-12-20 12:00:00;SUDESTE/CENTRO-OESTE;SUL;1331.52399999
2024-12-20 13:00:00;SUDESTE/CENTRO-OESTE;SUL;1582.377
2024-12-20 14:00:00;SUDESTE/CENTRO-OESTE;SUL;2397.77
2024-12-20 15:00:00;SUDESTE/CENTRO-OESTE;SUL;2517.157
2024-12-20 16:00:00;SUDESTE/CENTRO-OESTE;SUL;3091.025
2024-12-20 17:00:00;SUDESTE/CENTRO-OESTE;SUL;2280.688
2024-12-20 18:00:00;SUDESTE/CENTRO-OESTE;SUL;1111.676
2024-12-20 19:00:00;SUDESTE/CENTRO-OESTE;SUL;2047.91
2024-12-20 20:00:00;SUDESTE/CENTRO-OESTE;SUL;2210.39399999
2024-12-20 21:00:00;SUDESTE/CENTRO-OESTE;SUL;1974.667
2024-12-20 22:00:00;SUDESTE/CENTRO-OESTE;SUL;1379.643
2024-12-20 23:00:00;SUDESTE/CENTRO-OESTE;SUL;554.777
2024-12-21 00:00:00;SUDESTE/CENTRO-OESTE;SUL;-80.47499999
2024-12-21 01:00:00;SUDESTE/CENTRO-OESTE;SUL;-993.501
2024-12-21 02:00:00;SUDESTE/CENTRO-OESTE;SUL;-1309.141
2024-12-21 03:00:00;SUDESTE/CENTRO-OESTE;SUL;-1673.73499999
2024-12-21 04:00:00;SUDESTE/CENTRO-OESTE;SUL;-1457.79
2024-12-21 05:00:00;SUDESTE/CENTRO-OESTE;SUL;-1094.758
2024-12-21 06:00:00;SUDESTE/CENTRO-OESTE;SUL;-405.966
2024-12-21 07:00:00;SUDESTE/CENTRO-OESTE;SUL;-276.689
2024-12-21 08:00:00;SUDESTE/CENTRO-OESTE;SUL;-1301.406
2024-12-21 09:00:00;SUDESTE/CENTRO-OESTE;SUL;-1290.902
2024-12-21 10:00:00;SUDESTE/CENTRO-OESTE;SUL;-1004.651
2024-12-21 11:00:00;SUDESTE/CENTRO-OESTE;SUL;-353.961
2024-12-21 12:00:00;SUDESTE/CENTRO-OESTE;SUL;-323.269
2024-12-21 13:00:00;SUDESTE/CENTRO-OESTE;SUL;-191.466
2024-12-21 14:00:00;SUDESTE/CENTRO-OESTE;SUL;-213.752
2024-12-21 15:00:00;SUDESTE/CENTRO-OESTE;SUL;-310.956
2024-12-21 16:00:00;SUDESTE/CENTRO-OESTE;SUL;-992.499
2024-12-21 17:00:00;SUDESTE/CENTRO-OESTE;SUL;-283.806
2024-12-21 18:00:00;SUDESTE/CENTRO-OESTE;SUL;569.154
2024-12-21 19:00:00;SUDESTE/CENTRO-OESTE;SUL;1287.955
2024-12-21 20:00:00;SUDESTE/CENTRO-OESTE;SUL;1459.441
2024-12-21 21:00:00;SUDESTE/CENTRO-OESTE;SUL;1079.746
2024-12-21 22:00:00;SUDESTE/CENTRO-OESTE;SUL;702.018
2024-12-21 23:00:00;SUDESTE/CENTRO-OESTE;SUL;28.997
2024-12-22 00:00:00;SUDESTE/CENTRO-OESTE;SUL;-1053.656
2024-12-22 01:00:00;SUDESTE/CENTRO-OESTE;SUL;-1542.204
2024-12-22 02:00:00;SUDESTE/CENTRO-OESTE;SUL;-2350.582
2024-12-22 03:00:00;SUDESTE/CENTRO-OESTE;SUL;-2403.132
2024-12-22 04:00:00;SUDESTE/CENTRO-OESTE;SUL;-1959.762
2024-12-22 05:00:00;SUDESTE/CENTRO-OESTE;SUL;-1155.703
2024-12-22 06:00:00;SUDESTE/CENTRO-OESTE;SUL;-106.833
2024-12-22 07:00:00;SUDESTE/CENTRO-OESTE;SUL;-454.224
2024-12-22 08:00:00;SUDESTE/CENTRO-OESTE;SUL;-1343.069
2024-12-22 09:00:00;SUDESTE/CENTRO-OESTE;SUL;-1523.834
2024-12-22 10:00:00;SUDESTE/CENTRO-OESTE;SUL;-1685.172
2024-12-22 11:00:00;SUDESTE/CENTRO-OESTE;SUL;-1085.83
2024-12-22 12:00:00;SUDESTE/CENTRO-OESTE;SUL;-1015.067
2024-12-22 13:00:00;SUDESTE/CENTRO-OESTE;SUL;-1341.621
2024-12-22 14:00:00;SUDESTE/CENTRO-OESTE;SUL;-1660.208
2024-12-22 15:00:00;SUDESTE/CENTRO-OESTE;SUL;-1219.008
2024-12-22 16:00:00;SUDESTE/CENTRO-OESTE;SUL;-1740.858
2024-12-22 17:00:00;SUDESTE/CENTRO-OESTE;SUL;-1744.246
2024-12-22 18:00:00;SUDESTE/CENTRO-OESTE;SUL;-1516.715
2024-12-22 19:00:00;SUDESTE/CENTRO-OESTE;SUL;-786.565
2024-12-22 20:00:00;SUDESTE/CENTRO-OESTE;SUL;-351.836
2024-12-22 21:00:00;SUDESTE/CENTRO-OESTE;SUL;-794.565
2024-12-22 22:00:00;SUDESTE/CENTRO-OESTE;SUL;-1393.145
2024-12-22 23:00:00;SUDESTE/CENTRO-OESTE;SUL;-2098.875
2024-12-23 00:00:00;SUDESTE/CENTRO-OESTE;SUL;-2155.14199999
2024-12-23 01:00:00;SUDESTE/CENTRO-OESTE;SUL;-1880.907
2024-12-23 02:00:00;SUDESTE/CENTRO-OESTE;SUL;-1387.992
2024-12-23 03:00:00;SUDESTE/CENTRO-OESTE;SUL;-1460.608
2024-12-23 04:00:00;SUDESTE/CENTRO-OESTE;SUL;-1382.898
2024-12-23 05:00:00;SUDESTE/CENTRO-OESTE;SUL;-982.364
2024-12-23 06:00:00;SUDESTE/CENTRO-OESTE;SUL;51.40699999
2024-12-23 07:00:00;SUDESTE/CENTRO-OESTE;SUL;51.884
2024-12-23 08:00:00;SUDESTE/CENTRO-OESTE;SUL;-1340.99499999
2024-12-23 09:00:00;SUDESTE/CENTRO-OESTE;SUL;-1861.325
2024-12-23 10:00:00;SUDESTE/CENTRO-OESTE;SUL;-2048.541
2024-12-23 11:00:00;SUDESTE/CENTRO-OESTE;SUL;-2153.743
2024-12-23 12:00:00;SUDESTE/CENTRO-OESTE;SUL;-2614.41199999
2024-12-23 13:00:00;SUDESTE/CENTRO-OESTE;SUL;-1905.556
2024-12-23 14:00:00;SUDESTE/CENTRO-OESTE;SUL;-1549.191
2024-12-23 15:00:00;SUDESTE/CENTRO-OESTE;SUL;-1747.978
2024-12-23 16:00:00;SUDESTE/CENTRO-OESTE;SUL;-1566.699
2024-12-23 17:00:00;SUDESTE/CENTRO-OESTE;SUL;-1110.992
2024-12-23 18:00:00;SUDESTE/CENTRO-OESTE;SUL;-981.909
2024-12-23 19:00:00;SUDESTE/CENTRO-OESTE;SUL;-114.554
2024-12-23 20:00:00;SUDESTE/CENTRO-OESTE;SUL;223.987
2024-12-23 21:00:00;SUDESTE/CENTRO-OESTE;SUL;-401.649
2024-12-23 22:00:00;SUDESTE/CENTRO-OESTE;SUL;-1084.529
2024-12-23 23:00:00;SUDESTE/CENTRO-OESTE;SUL;-1926.398
2024-12-24 00:00:00;SUDESTE/CENTRO-OESTE;SUL;-2646.158
2024-12-24 01:00:00;SUDESTE/CENTRO-OESTE;SUL;-2615.053
2024-12-24 02:00:00;SUDESTE/CENTRO-OESTE;SUL;-2897.962
2024-12-24 03:00:00;SUDESTE/CENTRO-OESTE;SUL;-3157.475
2024-12-24 04:00:00;SUDESTE/CENTRO-OESTE;SUL;-3010.007
2024-12-24 05:00:00;SUDESTE/CENTRO-OESTE;SUL;-3024.512
2024-12-24 06:00:00;SUDESTE/CENTRO-OESTE;SUL;-1957.351
2024-12-24 07:00:00;SUDESTE/CENTRO-OESTE;SUL;-1513.527
2024-12-24 08:00:00;SUDESTE/CENTRO-OESTE;SUL;-1761.629
2024-12-24 09:00:00;SUDESTE/CENTRO-OESTE;SUL;-2334.82499999
2024-12-24 10:00:00;SUDESTE/CENTRO-OESTE;SUL;-2247.387
2024-12-24 11:00:00;SUDESTE/CENTRO-OESTE;SUL;-2259.25799999
2024-12-24 12:00:00;SUDESTE/CENTRO-OESTE;SUL;-1934.893
2024-12-24 13:00:00;SUDESTE/CENTRO-OESTE;SUL;-1551.227
2024-12-24 14:00:00;SUDESTE/CENTRO-OESTE;SUL;-1906.014
2024-12-24 15:00:00;SUDESTE/CENTRO-OESTE;SUL;-1368.291
2024-12-24 16:00:00;SUDESTE/CENTRO-OESTE;SUL;-804.08
2024-12-24 17:00:00;SUDESTE/CENTRO-OESTE;SUL;-574.248
2024-12-24 18:00:00;SUDESTE/CENTRO-OESTE;SUL;-246.206
2024-12-24 19:00:00;SUDESTE/CENTRO-OESTE;SUL;-427.116
2024-12-24 20:00:00;SUDESTE/CENTRO-OESTE;SUL;-1172.862
2024-12-24 21:00:00;SUDESTE/CENTRO-OESTE;SUL;-1374.882
2024-12-24 22:00:00;SUDESTE/CENTRO-OESTE;SUL;-1536.686
2024-12-24 23:00:00;SUDESTE/CENTRO-OESTE;SUL;-1688.331
2024-12-25 00:00:00;SUDESTE/CENTRO-OESTE;SUL;-1372.925
2024-12-25 01:00:00;SUDESTE/CENTRO-OESTE;SUL;-2070.33599999
2024-12-25 02:00:00;SUDESTE/CENTRO-OESTE;SUL;-2339.986
2024-12-25 03:00:00;SUDESTE/CENTRO-OESTE;SUL;-2443.092
2024-12-25 04:00:00;SUDESTE/CENTRO-OESTE;SUL;-2441.98799999
2024-12-25 05:00:00;SUDESTE/CENTRO-OESTE;SUL;-2774.683
2024-12-25 06:00:00;SUDESTE/CENTRO-OESTE;SUL;-2466.04799999
2024-12-25 07:00:00;SUDESTE/CENTRO-OESTE;SUL;-617.874
2024-12-25 08:00:00;SUDESTE/CENTRO-OESTE;SUL;-450.457
2024-12-25 09:00:00;SUDESTE/CENTRO-OESTE;SUL;-517.214
2024-12-25 10:00:00;SUDESTE/CENTRO-OESTE;SUL;-753.389
2024-12-25 11:00:00;SUDESTE/CENTRO-OESTE;SUL;-1136.299
2024-12-25 12:00:00;SUDESTE/CENTRO-OESTE;SUL;-1579.959
2024-12-25 13:00:00;SUDESTE/CENTRO-OESTE;SUL;-1895.435
2024-12-25 14:00:00;SUDESTE/CENTRO-OESTE;SUL;-1722.651
2024-12-25 15:00:00;SUDESTE/CENTRO-OESTE;SUL;-1987.752
2024-12-25 16:00:00;SUDESTE/CENTRO-OESTE;SUL;-2375.15299999
2024-12-25 17:00:00;SUDESTE/CENTRO-OESTE;SUL;-3058.214
2024-12-25 18:00:00;SUDESTE/CENTRO-OESTE;SUL;-2211.65299999
2024-12-25 19:00:00;SUDESTE/CENTRO-OESTE;SUL;-996.26
2024-12-25 20:00:00;SUDESTE/CENTRO-OESTE;SUL;-142.935
2024-12-25 21:00:00;SUDESTE/CENTRO-OESTE;SUL;421.434
2024-12-25 22:00:00;SUDESTE/CENTRO-OESTE;SUL;290.16699999
2024-12-25 23:00:00;SUDESTE/CENTRO-OESTE;SUL;118.839
2024-12-26 00:00:00;SUDESTE/CENTRO-OESTE;SUL;-580.386
2024-12-26 01:00:00;SUDESTE/CENTRO-OESTE;SUL;-715.371
2024-12-26 02:00:00;SUDESTE/CENTRO-OESTE;SUL;-941.219
2024-12-26 03:00:00;SUDESTE/CENTRO-OESTE;SUL;-992.607
2024-12-26 04:00:00;SUDESTE/CENTRO-OESTE;SUL;-735.569
2024-12-26 05:00:00;SUDESTE/CENTRO-OESTE;SUL;-938.066
2024-12-26 06:00:00;SUDESTE/CENTRO-OESTE;SUL;-1133.067
2024-12-26 07:00:00;SUDESTE/CENTRO-OESTE;SUL;-261.29
2024-12-26 08:00:00;SUDESTE/CENTRO-OESTE;SUL;-582.342
2024-12-26 09:00:00;SUDESTE/CENTRO-OESTE;SUL;-1285.702
2024-12-26 10:00:00;SUDESTE/CENTRO-OESTE;SUL;-1323.978
2024-12-26 11:00:00;SUDESTE/CENTRO-OESTE;SUL;-1435.241
2024-12-26 12:00:00;SUDESTE/CENTRO-OESTE;SUL;-1891.057
2024-12-26 13:00:00;SUDESTE/CENTRO-OESTE;SUL;-2124.33599999
2024-12-26 14:00:00;SUDESTE/CENTRO-OESTE;SUL;-1589.796
2024-12-26 15:00:00;SUDESTE/CENTRO-OESTE;SUL;-1086.896
2024-12-26 16:00:00;SUDESTE/CENTRO-OESTE;SUL;-507.696
2024-12-26 17:00:00;SUDESTE/CENTRO-OESTE;SUL;-290.675
2024-12-26 18:00:00;SUDESTE/CENTRO-OESTE;SUL;-213.705
2024-12-26 19:00:00;SUDESTE/CENTRO-OESTE;SUL;830.078
2024-12-26 20:00:00;SUDESTE/CENTRO-OESTE;SUL;1658.05
2024-12-26 21:00:00;SUDESTE/CENTRO-OESTE;SUL;1324.435
2024-12-26 22:00:00;SUDESTE/CENTRO-OESTE;SUL;1262.534
2024-12-26 23:00:00;SUDESTE/CENTRO-OESTE;SUL;828.776
2024-12-27 00:00:00;SUDESTE/CENTRO-OESTE;SUL;1061.027
2024-12-27 01:00:00;SUDESTE/CENTRO-OESTE;SUL;1714.243
2024-12-27 02:00:00;SUDESTE/CENTRO-OESTE;SUL;1412.875
2024-12-27 03:00:00;SUDESTE/CENTRO-OESTE;SUL;851.081
2024-12-27 04:00:00;SUDESTE/CENTRO-OESTE;SUL;979.097
2024-12-27 05:00:00;SUDESTE/CENTRO-OESTE;SUL;1373.88799999
2024-12-27 06:00:00;SUDESTE/CENTRO-OESTE;SUL;1465.561
2024-12-27 07:00:00;SUDESTE/CENTRO-OESTE;SUL;554.851
2024-12-27 08:00:00;SUDESTE/CENTRO-OESTE;SUL;274.225
2024-12-27 09:00:00;SUDESTE/CENTRO-OESTE;SUL;-47.978
2024-12-27 10:00:00;SUDESTE/CENTRO-OESTE;SUL;-168.46
2024-12-27 11:00:00;SUDESTE/CENTRO-OESTE;SUL;139.772
2024-12-27 12:00:00;SUDESTE/CENTRO-OESTE;SUL;-991.778
2024-12-27 13:00:00;SUDESTE/CENTRO-OESTE;SUL;-1656.932
2024-12-27 14:00:00;SUDESTE/CENTRO-OESTE;SUL;-2103.96
2024-12-27 15:00:00;SUDESTE/CENTRO-OESTE;SUL;-1366.833
2024-12-27 16:00:00;SUDESTE/CENTRO-OESTE;SUL;-334.282
2024-12-27 17:00:00;SUDESTE/CENTRO-OESTE;SUL;971.494
2024-12-27 18:00:00;SUDESTE/CENTRO-OESTE;SUL;2091.05699999
2024-12-27 19:00:00;SUDESTE/CENTRO-OESTE;SUL;3335.574
2024-12-27 20:00:00;SUDESTE/CENTRO-OESTE;SUL;3967.097
2024-12-27 21:00:00;SUDESTE/CENTRO-OESTE;SUL;4046.464
2024-12-27 22:00:00;SUDESTE/CENTRO-OESTE;SUL;3585.164
2024-12-27 23:00:00;SUDESTE/CENTRO-OESTE;SUL;2906.267
2024-12-28 00:00:00;SUDESTE/CENTRO-OESTE;SUL;2228.927
2024-12-28 01:00:00;SUDESTE/CENTRO-OESTE;SUL;1645.241
2024-12-28 02:00:00;SUDESTE/CENTRO-OESTE;SUL;1356.928
2024-12-28 03:00:00;SUDESTE/CENTRO-OESTE;SUL;1356.799
2024-12-28 04:00:00;SUDESTE/CENTRO-OESTE;SUL;1469.13899999
2024-12-28 05:00:00;SUDESTE/CENTRO-OESTE;SUL;1432.939
2024-12-28 06:00:00;SUDESTE/CENTRO-OESTE;SUL;1864.751
2024-12-28 07:00:00;SUDESTE/CENTRO-OESTE;SUL;1641.833
2024-12-28 08:00:00;SUDESTE/CENTRO-OESTE;SUL;1161.875
2024-12-28 09:00:00;SUDESTE/CENTRO-OESTE;SUL;644.678
2024-12-28 10:00:00;SUDESTE/CENTRO-OESTE;SUL;481.086
2024-12-28 11:00:00;SUDESTE/CENTRO-OESTE;SUL;219.44
2024-12-28 12:00:00;SUDESTE/CENTRO-OESTE;SUL;-305.588
2024-12-28 13:00:00;SUDESTE/CENTRO-OESTE;SUL;-228.173
2024-12-28 14:00:00;SUDESTE/CENTRO-OESTE;SUL;30.57
2024-12-28 15:00:00;SUDESTE/CENTRO-OESTE;SUL;798.393
2024-12-28 16:00:00;SUDESTE/CENTRO-OESTE;SUL;1709.906
2024-12-28 17:00:00;SUDESTE/CENTRO-OESTE;SUL;2214.663
2024-12-28 18:00:00;SUDESTE/CENTRO-OESTE;SUL;1966.52
2024-12-28 19:00:00;SUDESTE/CENTRO-OESTE;SUL;2732.916
2024-12-28 20:00:00;SUDESTE/CENTRO-OESTE;SUL;3534.464
2024-12-28 21:00:00;SUDESTE/CENTRO-OESTE;SUL;2988.259
2024-12-28 22:00:00;SUDESTE/CENTRO-OESTE;SUL;2610.36499999
2024-12-28 23:00:00;SUDESTE/CENTRO-OESTE;SUL;2036.322
2024-12-29 00:00:00;SUDESTE/CENTRO-OESTE;SUL;2560.544
2024-12-29 01:00:00;SUDESTE/CENTRO-OESTE;SUL;2198.081
2024-12-29 02:00:00;SUDESTE/CENTRO-OESTE;SUL;1791.81
2024-12-29 03:00:00;SUDESTE/CENTRO-OESTE;SUL;1462.167
2024-12-29 04:00:00;SUDESTE/CENTRO-OESTE;SUL;1467.439
2024-12-29 05:00:00;SUDESTE/CENTRO-OESTE;SUL;1021.555
2024-12-29 06:00:00;SUDESTE/CENTRO-OESTE;SUL;1244.482
2024-12-29 07:00:00;SUDESTE/CENTRO-OESTE;SUL;1766.702
2024-12-29 08:00:00;SUDESTE/CENTRO-OESTE;SUL;952.261
2024-12-29 09:00:00;SUDESTE/CENTRO-OESTE;SUL;-164.721
2024-12-29 10:00:00;SUDESTE/CENTRO-OESTE;SUL;-832.625
2024-12-29 11:00:00;SUDESTE/CENTRO-OESTE;SUL;-1165.549
2024-12-29 12:00:00;SUDESTE/CENTRO-OESTE;SUL;-1363.851
2024-12-29 13:00:00;SUDESTE/CENTRO-OESTE;SUL;-1372.826
2024-12-29 14:00:00;SUDESTE/CENTRO-OESTE;SUL;-1061.91
2024-12-29 15:00:00;SUDESTE/CENTRO-OESTE;SUL;-1015.055
2024-12-29 16:00:00;SUDESTE/CENTRO-OESTE;SUL;-1125.74499999
2024-12-29 17:00:00;SUDESTE/CENTRO-OESTE;SUL;-1960.668
2024-12-29 18:00:00;SUDESTE/CENTRO-OESTE;SUL;-735.226
2024-12-29 19:00:00;SUDESTE/CENTRO-OESTE;SUL;788.215
2024-12-29 20:00:00;SUDESTE/CENTRO-OESTE;SUL;1769.44699999
2024-12-29 21:00:00;SUDESTE/CENTRO-OESTE;SUL;1103.682
2024-12-29 22:00:00;SUDESTE/CENTRO-OESTE;SUL;384.011
2024-12-29 23:00:00;SUDESTE/CENTRO-OESTE;SUL;134.651
2024-12-30 00:00:00;SUDESTE/CENTRO-OESTE;SUL;588.965
2024-12-30 01:00:00;SUDESTE/CENTRO-OESTE;SUL;693.716
2024-12-30 02:00:00;SUDESTE/CENTRO-OESTE;SUL;516.76
2024-12-30 03:00:00;SUDESTE/CENTRO-OESTE;SUL;419.217
2024-12-30 04:00:00;SUDESTE/CENTRO-OESTE;SUL;-78.398
2024-12-30 05:00:00;SUDESTE/CENTRO-OESTE;SUL;-391.329
2024-12-30 06:00:00;SUDESTE/CENTRO-OESTE;SUL;919.621
2024-12-30 07:00:00;SUDESTE/CENTRO-OESTE;SUL;1240.01299999
2024-12-30 08:00:00;SUDESTE/CENTRO-OESTE;SUL;760.956
2024-12-30 09:00:00;SUDESTE/CENTRO-OESTE;SUL;639.587
2024-12-30 10:00:00;SUDESTE/CENTRO-OESTE;SUL;-322.187
2024-12-30 11:00:00;SUDESTE/CENTRO-OESTE;SUL;-212.227
2024-12-30 12:00:00;SUDESTE/CENTRO-OESTE;SUL;106.292
2024-12-30 13:00:00;SUDESTE/CENTRO-OESTE;SUL;759.905
2024-12-30 14:00:00;SUDESTE/CENTRO-OESTE;SUL;1374.978
2024-12-30 15:00:00;SUDESTE/CENTRO-OESTE;SUL;2069.84499999
2024-12-30 16:00:00;SUDESTE/CENTRO-OESTE;SUL;1378.29299999
2024-12-30 17:00:00;SUDESTE/CENTRO-OESTE;SUL;-20.001
2024-12-30 18:00:00;SUDESTE/CENTRO-OESTE;SUL;134.50899999
2024-12-30 19:00:00;SUDESTE/CENTRO-OESTE;SUL;1419.636
2024-12-30 20:00:00;SUDESTE/CENTRO-OESTE;SUL;2388.445
2024-12-30 21:00:00;SUDESTE/CENTRO-OESTE;SUL;2330.909
2024-12-30 22:00:00;SUDESTE/CENTRO-OESTE;SUL;2044.949
2024-12-30 23:00:00;SUDESTE/CENTRO-OESTE;SUL;1320.14899999
2024-12-31 00:00:00;SUDESTE/CENTRO-OESTE;SUL;282.3
2024-12-31 01:00:00;SUDESTE/CENTRO-OESTE;SUL;-853.764
2024-12-31 02:00:00;SUDESTE/CENTRO-OESTE;SUL;-1759.592
2024-12-31 03:00:00;SUDESTE/CENTRO-OESTE;SUL;-2057.118
2024-12-31 04:00:00;SUDESTE/CENTRO-OESTE;SUL;-2230.73999999
2024-12-31 05:00:00;SUDESTE/CENTRO-OESTE;SUL;-1732.348
2024-12-31 06:00:00;SUDESTE/CENTRO-OESTE;SUL;-1399.15
2024-12-31 07:00:00;SUDESTE/CENTRO-OESTE;SUL;197.711
2024-12-31 08:00:00;SUDESTE/CENTRO-OESTE;SUL;-213.421
2024-12-31 09:00:00;SUDESTE/CENTRO-OESTE;SUL;-182.544
2024-12-31 10:00:00;SUDESTE/CENTRO-OESTE;SUL;-140.394
2024-12-31 11:00:00;SUDESTE/CENTRO-OESTE;SUL;-341.718
2024-12-31 12:00:00;SUDESTE/CENTRO-OESTE;SUL;-416.445
2024-12-31 13:00:00;SUDESTE/CENTRO-OESTE;SUL;194.375
2024-12-31 14:00:00;SUDESTE/CENTRO-OESTE;SUL;620.87
2024-12-31 15:00:00;SUDESTE/CENTRO-OESTE;SUL;339.749
2024-12-31 16:00:00;SUDESTE/CENTRO-OESTE;SUL;-3.908
2024-12-31 17:00:00;SUDESTE/CENTRO-OESTE;SUL;-324.088
2024-12-31 18:00:00;SUDESTE/CENTRO-OESTE;SUL;-472.943
2024-12-31 19:00:00;SUDESTE/CENTRO-OESTE;SUL;-13.255
2024-12-31 20:00:00;SUDESTE/CENTRO-OESTE;SUL;231.56
2024-12-31 21:00:00;SUDESTE/CENTRO-OESTE;SUL;108.974
2024-12-31 22:00:00;SUDESTE/CENTRO-OESTE;SUL;1019.119
2024-12-31 23:00:00;SUDESTE/CENTRO-OESTE;SUL;1258.27
2025-01-01 00:00:00;SUDESTE/CENTRO-OESTE;SUL;1096.231
2025-01-01 01:00:00;SUDESTE/CENTRO-OESTE;SUL;841.104
2025-01-01 02:00:00;SUDESTE/CENTRO-OESTE;SUL;1104.902
2025-01-01 03:00:00;SUDESTE/CENTRO-OESTE;SUL;906.489
2025-01-01 04:00:00;SUDESTE/CENTRO-OESTE;SUL;1098.55
2025-01-01 05:00:00;SUDESTE/CENTRO-OESTE;SUL;835.286
2025-01-01 06:00:00;SUDESTE/CENTRO-OESTE;SUL;671.366
2025-01-01 07:00:00;SUDESTE/CENTRO-OESTE;SUL;1740.47
2025-01-01 08:00:00;SUDESTE/CENTRO-OESTE;SUL;1134.387
2025-01-01 09:00:00;SUDESTE/CENTRO-OESTE;SUL;886.82
2025-01-01 10:00:00;SUDESTE/CENTRO-OESTE;SUL;519.34799999
2025-01-01 11:00:00;SUDESTE/CENTRO-OESTE;SUL;229.722
2025-01-01 12:00:00;SUDESTE/CENTRO-OESTE;SUL;285.349
2025-01-01 13:00:00;SUDESTE/CENTRO-OESTE;SUL;614.216
2025-01-01 14:00:00;SUDESTE/CENTRO-OESTE;SUL;805.296
2025-01-01 15:00:00;SUDESTE/CENTRO-OESTE;SUL;768.978
2025-01-01 16:00:00;SUDESTE/CENTRO-OESTE;SUL;-98.053
2025-01-01 17:00:00;SUDESTE/CENTRO-OESTE;SUL;-628.39599999
2025-01-01 18:00:00;SUDESTE/CENTRO-OESTE;SUL;-246.453
2025-01-01 19:00:00;SUDESTE/CENTRO-OESTE;SUL;674.049
2025-01-01 20:00:00;SUDESTE/CENTRO-OESTE;SUL;1351.054
2025-01-01 21:00:00;SUDESTE/CENTRO-OESTE;SUL;1847.666
2025-01-01 22:00:00;SUDESTE/CENTRO-OESTE;SUL;2192.395
2025-01-01 23:00:00;SUDESTE/CENTRO-OESTE;SUL;3181.475
2025-01-02 00:00:00;SUDESTE/CENTRO-OESTE;SUL;3845.931
2025-01-02 01:00:00;SUDESTE/CENTRO-OESTE;SUL;3199.632
2025-01-02 02:00:00;SUDESTE/CENTRO-OESTE;SUL;3255.085
2025-01-02 03:00:00;SUDESTE/CENTRO-OESTE;SUL;3325.152
2025-01-02 04:00:00;SUDESTE/CENTRO-OESTE;SUL;3005.52
2025-01-02 05:00:00;SUDESTE/CENTRO-OESTE;SUL;3160.85
2025-01-02 06:00:00;SUDESTE/CENTRO-OESTE;SUL;3313.507
2025-01-02 07:00:00;SUDESTE/CENTRO-OESTE;SUL;3929.969
2025-01-02 08:00:00;SUDESTE/CENTRO-OESTE;SUL;4211.327
2025-01-02 09:00:00;SUDESTE/CENTRO-OESTE;SUL;3435.036
2025-01-02 10:00:00;SUDESTE/CENTRO-OESTE;SUL;3294.183
2025-01-02 11:00:00;SUDESTE/CENTRO-OESTE;SUL;2887.005
2025-01-02 12:00:00;SUDESTE/CENTRO-OESTE;SUL;2259.397
2025-01-02 13:00:00;SUDESTE/CENTRO-OESTE;SUL;1791.676
2025-01-02 14:00:00;SUDESTE/CENTRO-OESTE;SUL;2974.565
2025-01-02 15:00:00;SUDESTE/CENTRO-OESTE;SUL;3175.143
2025-01-02 16:00:00;SUDESTE/CENTRO-OESTE;SUL;3447.223
2025-01-02 17:00:00;SUDESTE/CENTRO-OESTE;SUL;2686.37
2025-01-02 18:00:00;SUDESTE/CENTRO-OESTE;SUL;2491.447
2025-01-02 19:00:00;SUDESTE/CENTRO-OESTE;SUL;3399.882
2025-01-02 20:00:00;SUDESTE/CENTRO-OESTE;SUL;4263.67
2025-01-02 21:00:00;SUDESTE/CENTRO-OESTE;SUL;4146.868
2025-01-02 22:00:00;SUDESTE/CENTRO-OESTE;SUL;3575.507
2025-01-02 23:00:00;SUDESTE/CENTRO-OESTE;SUL;3697.827
2025-01-03 00:00:00;SUDESTE/CENTRO-OESTE;SUL;3555.974
2025-01-03 01:00:00;SUDESTE/CENTRO-OESTE;SUL;3818.355
2025-01-03 02:00:00;SUDESTE/CENTRO-OESTE;SUL;3782.085
2025-01-03 03:00:00;SUDESTE/CENTRO-OESTE;SUL;3714.501
2025-01-03 04:00:00;SUDESTE/CENTRO-OESTE;SUL;3571.957
2025-01-03 05:00:00;SUDESTE/CENTRO-OESTE;SUL;2906.756
2025-01-03 06:00:00;SUDESTE/CENTRO-OESTE;SUL;3020.207
2025-01-03 07:00:00;SUDESTE/CENTRO-OESTE;SUL;3159.317
2025-01-03 08:00:00;SUDESTE/CENTRO-OESTE;SUL;2668.117
2025-01-03 09:00:00;SUDESTE/CENTRO-OESTE;SUL;2299.664
2025-01-03 10:00:00;SUDESTE/CENTRO-OESTE;SUL;1662.874
2025-01-03 11:00:00;SUDESTE/CENTRO-OESTE;SUL;1810.702
2025-01-03 12:00:00;SUDESTE/CENTRO-OESTE;SUL;1654.231
2025-01-03 13:00:00;SUDESTE/CENTRO-OESTE;SUL;2315.628
2025-01-03 14:00:00;SUDESTE/CENTRO-OESTE;SUL;1101.616
2025-01-03 15:00:00;SUDESTE/CENTRO-OESTE;SUL;560.711
2025-01-03 16:00:00;SUDESTE/CENTRO-OESTE;SUL;65.521
2025-01-03 17:00:00;SUDESTE/CENTRO-OESTE;SUL;662.04499999
2025-01-03 18:00:00;SUDESTE/CENTRO-OESTE;SUL;1537.337
2025-01-03 19:00:00;SUDESTE/CENTRO-OESTE;SUL;3267.297
2025-01-03 20:00:00;SUDESTE/CENTRO-OESTE;SUL;4308.608
2025-01-03 21:00:00;SUDESTE/CENTRO-OESTE;SUL;4479.481
2025-01-03 22:00:00;SUDESTE/CENTRO-OESTE;SUL;4280.31499999
2025-01-03 23:00:00;SUDESTE/CENTRO-OESTE;SUL;4196.53799999
2025-01-04 00:00:00;SUDESTE/CENTRO-OESTE;SUL;3655.207
2025-01-04 01:00:00;SUDESTE/CENTRO-OESTE;SUL;2949.942
2025-01-04 02:00:00;SUDESTE/CENTRO-OESTE;SUL;2445.327
2025-01-04 03:00:00;SUDESTE/CENTRO-OESTE;SUL;2187.819
2025-01-04 04:00:00;SUDESTE/CENTRO-OESTE;SUL;1908.101
2025-01-04 05:00:00;SUDESTE/CENTRO-OESTE;SUL;1511.942
2025-01-04 06:00:00;SUDESTE/CENTRO-OESTE;SUL;2168.449
2025-01-04 07:00:00;SUDESTE/CENTRO-OESTE;SUL;3189.013
2025-01-04 08:00:00;SUDESTE/CENTRO-OESTE;SUL;2499.221
2025-01-04 09:00:00;SUDESTE/CENTRO-OESTE;SUL;1362.391
2025-01-04 10:00:00;SUDESTE/CENTRO-OESTE;SUL;1268.026
2025-01-04 11:00:00;SUDESTE/CENTRO-OESTE;SUL;1153.017
2025-01-04 12:00:00;SUDESTE/CENTRO-OESTE;SUL;685.231
2025-01-04 13:00:00;SUDESTE/CENTRO-OESTE;SUL;201.342
2025-01-04 14:00:00;SUDESTE/CENTRO-OESTE;SUL;296.169
2025-01-04 15:00:00;SUDESTE/CENTRO-OESTE;SUL;508.022
2025-01-04 16:00:00;SUDESTE/CENTRO-OESTE;SUL;1071.029
2025-01-04 17:00:00;SUDESTE/CENTRO-OESTE;SUL;2051.338
2025-01-04 18:00:00;SUDESTE/CENTRO-OESTE;SUL;1105.213
2025-01-04 19:00:00;SUDESTE/CENTRO-OESTE;SUL;1398.252
2025-01-04 20:00:00;SUDESTE/CENTRO-OESTE;SUL;2402.823
2025-01-04 21:00:00;SUDESTE/CENTRO-OESTE;SUL;2177.206
2025-01-04 22:00:00;SUDESTE/CENTRO-OESTE;SUL;1549.376
2025-01-04 23:00:00;SUDESTE/CENTRO-OESTE;SUL;1326.661
2025-01-05 00:00:00;SUDESTE/CENTRO-OESTE;SUL;969.193
2025-01-05 01:00:00;SUDESTE/CENTRO-OESTE;SUL;852.485
2025-01-05 02:00:00;SUDESTE/CENTRO-OESTE;SUL;1435.23
2025-01-05 03:00:00;SUDESTE/CENTRO-OESTE;SUL;2165.628
2025-01-05 04:00:00;SUDESTE/CENTRO-OESTE;SUL;1859.931
2025-01-05 05:00:00;SUDESTE/CENTRO-OESTE;SUL;1677.648
2025-01-05 06:00:00;SUDESTE/CENTRO-OESTE;SUL;1568.16
2025-01-05 07:00:00;SUDESTE/CENTRO-OESTE;SUL;1752.61
2025-01-05 08:00:00;SUDESTE/CENTRO-OESTE;SUL;1989.674
2025-01-05 09:00:00;SUDESTE/CENTRO-OESTE;SUL;2029.092
2025-01-05 10:00:00;SUDESTE/CENTRO-OESTE;SUL;1445.8
2025-01-05 11:00:00;SUDESTE/CENTRO-OESTE;SUL;1257.28299999
2025-01-05 12:00:00;SUDESTE/CENTRO-OESTE;SUL;967.347
2025-01-05 13:00:00;SUDESTE/CENTRO-OESTE;SUL;1184.174
2025-01-05 14:00:00;SUDESTE/CENTRO-OESTE;SUL;1533.116
2025-01-05 15:00:00;SUDESTE/CENTRO-OESTE;SUL;2323.006
2025-01-05 16:00:00;SUDESTE/CENTRO-OESTE;SUL;1830.652
2025-01-05 17:00:00;SUDESTE/CENTRO-OESTE;SUL;636.249
2025-01-05 18:00:00;SUDESTE/CENTRO-OESTE;SUL;663.335
2025-01-05 19:00:00;SUDESTE/CENTRO-OESTE;SUL;1871.635
2025-01-05 20:00:00;SUDESTE/CENTRO-OESTE;SUL;2896.433
2025-01-05 21:00:00;SUDESTE/CENTRO-OESTE;SUL;2472.536
2025-01-05 22:00:00;SUDESTE/CENTRO-OESTE;SUL;1886.005
2025-01-05 23:00:00;SUDESTE/CENTRO-OESTE;SUL;1186.22
2025-01-06 00:00:00;SUDESTE/CENTRO-OESTE;SUL;374.632
2025-01-06 01:00:00;SUDESTE/CENTRO-OESTE;SUL;-355.315
2025-01-06 02:00:00;SUDESTE/CENTRO-OESTE;SUL;-588.751
2025-01-06 03:00:00;SUDESTE/CENTRO-OESTE;SUL;-1285.71
2025-01-06 04:00:00;SUDESTE/CENTRO-OESTE;SUL;-1397.155
2025-01-06 05:00:00;SUDESTE/CENTRO-OESTE;SUL;-905.094
2025-01-06 06:00:00;SUDESTE/CENTRO-OESTE;SUL;-413.153
2025-01-06 07:00:00;SUDESTE/CENTRO-OESTE;SUL;1746.314
2025-01-06 08:00:00;SUDESTE/CENTRO-OESTE;SUL;2002.399
2025-01-06 09:00:00;SUDESTE/CENTRO-OESTE;SUL;1958.157
2025-01-06 10:00:00;SUDESTE/CENTRO-OESTE;SUL;2237.159
2025-01-06 11:00:00;SUDESTE/CENTRO-OESTE;SUL;2114.552
2025-01-06 12:00:00;SUDESTE/CENTRO-OESTE;SUL;1355.589
2025-01-06 13:00:00;SUDESTE/CENTRO-OESTE;SUL;337.708
2025-01-06 14:00:00;SUDESTE/CENTRO-OESTE;SUL;-131.334
2025-01-06 15:00:00;SUDESTE/CENTRO-OESTE;SUL;-1519.952
2025-01-06 16:00:00;SUDESTE/CENTRO-OESTE;SUL;-202.282
2025-01-06 17:00:00;SUDESTE/CENTRO-OESTE;SUL;1101.981
2025-01-06 18:00:00;SUDESTE/CENTRO-OESTE;SUL;836.956
2025-01-06 19:00:00;SUDESTE/CENTRO-OESTE;SUL;1710.17
2025-01-06 20:00:00;SUDESTE/CENTRO-OESTE;SUL;2403.40099999
2025-01-06 21:00:00;SUDESTE/CENTRO-OESTE;SUL;2209.36299999
2025-01-06 22:00:00;SUDESTE/CENTRO-OESTE;SUL;1794.802
2025-01-06 23:00:00;SUDESTE/CENTRO-OESTE;SUL;758.359
2025-01-07 00:00:00;SUDESTE/CENTRO-OESTE;SUL;-367.543
2025-01-07 01:00:00;SUDESTE/CENTRO-OESTE;SUL;-488.046
2025-01-07 02:00:00;SUDESTE/CENTRO-OESTE;SUL;-64.805
2025-01-07 03:00:00;SUDESTE/CENTRO-OESTE;SUL;444.432
2025-01-07 04:00:00;SUDESTE/CENTRO-OESTE;SUL;519.84799999
2025-01-07 05:00:00;SUDESTE/CENTRO-OESTE;SUL;627.517
2025-01-07 06:00:00;SUDESTE/CENTRO-OESTE;SUL;1320.4
2025-01-07 07:00:00;SUDESTE/CENTRO-OESTE;SUL;1822.672
2025-01-07 08:00:00;SUDESTE/CENTRO-OESTE;SUL;2756.555
2025-01-07 09:00:00;SUDESTE/CENTRO-OESTE;SUL;3933.463
2025-01-07 10:00:00;SUDESTE/CENTRO-OESTE;SUL;4015.199
2025-01-07 11:00:00;SUDESTE/CENTRO-OESTE;SUL;3874.493
2025-01-07 12:00:00;SUDESTE/CENTRO-OESTE;SUL;3251.505
2025-01-07 13:00:00;SUDESTE/CENTRO-OESTE;SUL;3516.921
2025-01-07 14:00:00;SUDESTE/CENTRO-OESTE;SUL;1822.566
2025-01-07 15:00:00;SUDESTE/CENTRO-OESTE;SUL;887.533
2025-01-07 16:00:00;SUDESTE/CENTRO-OESTE;SUL;1189.157
2025-01-07 17:00:00;SUDESTE/CENTRO-OESTE;SUL;2825.02
2025-01-07 18:00:00;SUDESTE/CENTRO-OESTE;SUL;2962.733
2025-01-07 19:00:00;SUDESTE/CENTRO-OESTE;SUL;3778.974
2025-01-07 20:00:00;SUDESTE/CENTRO-OESTE;SUL;4028.422
2025-01-07 21:00:00;SUDESTE/CENTRO-OESTE;SUL;3274.676
2025-01-07 22:00:00;SUDESTE/CENTRO-OESTE;SUL;2084.973
2025-01-07 23:00:00;SUDESTE/CENTRO-OESTE;SUL;1005.663
2025-01-08 00:00:00;SUDESTE/CENTRO-OESTE;SUL;332.605
2025-01-08 01:00:00;SUDESTE/CENTRO-OESTE;SUL;613.654
2025-01-08 02:00:00;SUDESTE/CENTRO-OESTE;SUL;1114.714
2025-01-08 03:00:00;SUDESTE/CENTRO-OESTE;SUL;896.966
2025-01-08 04:00:00;SUDESTE/CENTRO-OESTE;SUL;426.559
2025-01-08 05:00:00;SUDESTE/CENTRO-OESTE;SUL;236.166
2025-01-08 06:00:00;SUDESTE/CENTRO-OESTE;SUL;149.839
2025-01-08 07:00:00;SUDESTE/CENTRO-OESTE;SUL;864.772
2025-01-08 08:00:00;SUDESTE/CENTRO-OESTE;SUL;1335.46
2025-01-08 09:00:00;SUDESTE/CENTRO-OESTE;SUL;2317.663
2025-01-08 10:00:00;SUDESTE/CENTRO-OESTE;SUL;2972.486
2025-01-08 11:00:00;SUDESTE/CENTRO-OESTE;SUL;3551.556
2025-01-08 12:00:00;SUDESTE/CENTRO-OESTE;SUL;3514.141
2025-01-08 13:00:00;SUDESTE/CENTRO-OESTE;SUL;3705.928
2025-01-08 14:00:00;SUDESTE/CENTRO-OESTE;SUL;4028.72
2025-01-08 15:00:00;SUDESTE/CENTRO-OESTE;SUL;3778.958
2025-01-08 16:00:00;SUDESTE/CENTRO-OESTE;SUL;3514.729
2025-01-08 17:00:00;SUDESTE/CENTRO-OESTE;SUL;4006.454
2025-01-08 18:00:00;SUDESTE/CENTRO-OESTE;SUL;4456.78799999
2025-01-08 19:00:00;SUDESTE/CENTRO-OESTE;SUL;4673.493
2025-01-08 20:00:00;SUDESTE/CENTRO-OESTE;SUL;4498.839
2025-01-08 21:00:00;SUDESTE/CENTRO-OESTE;SUL;4353.96
2025-01-08 22:00:00;SUDESTE/CENTRO-OESTE;SUL;3715.376
2025-01-08 23:00:00;SUDESTE/CENTRO-OESTE;SUL;2312.637
2025-01-09 00:00:00;SUDESTE/CENTRO-OESTE;SUL;368.867
2025-01-09 01:00:00;SUDESTE/CENTRO-OESTE;SUL;-305.027
2025-01-09 02:00:00;SUDESTE/CENTRO-OESTE;SUL;-578.998
2025-01-09 03:00:00;SUDESTE/CENTRO-OESTE;SUL;-326.897
2025-01-09 04:00:00;SUDESTE/CENTRO-OESTE;SUL;39.05599999
2025-01-09 05:00:00;SUDESTE/CENTRO-OESTE;SUL;672.02
2025-01-09 06:00:00;SUDESTE/CENTRO-OESTE;SUL;1252.839
2025-01-09 07:00:00;SUDESTE/CENTRO-OESTE;SUL;2731.665
2025-01-09 08:00:00;SUDESTE/CENTRO-OESTE;SUL;3390.1
2025-01-09 09:00:00;SUDESTE/CENTRO-OESTE;SUL;4165.31099999
2025-01-09 10:00:00;SUDESTE/CENTRO-OESTE;SUL;4405.554
2025-01-09 11:00:00;SUDESTE/CENTRO-OESTE;SUL;5067.39
2025-01-09 12:00:00;SUDESTE/CENTRO-OESTE;SUL;5589.547
2025-01-09 13:00:00;SUDESTE/CENTRO-OESTE;SUL;4765.416
2025-01-09 14:00:00;SUDESTE/CENTRO-OESTE;SUL;4214.21699999
2025-01-09 15:00:00;SUDESTE/CENTRO-OESTE;SUL;4294.214
2025-01-09 16:00:00;SUDESTE/CENTRO-OESTE;SUL;4462.033
2025-01-09 17:00:00;SUDESTE/CENTRO-OESTE;SUL;5559.495
2025-01-09 18:00:00;SUDESTE/CENTRO-OESTE;SUL;5124.501
2025-01-09 19:00:00;SUDESTE/CENTRO-OESTE;SUL;4537.541
2025-01-09 20:00:00;SUDESTE/CENTRO-OESTE;SUL;5198.60999999
2025-01-09 21:00:00;SUDESTE/CENTRO-OESTE;SUL;4511.36899999
2025-01-09 22:00:00;SUDESTE/CENTRO-OESTE;SUL;3696.792
2025-01-09 23:00:00;SUDESTE/CENTRO-OESTE;SUL;2976.638
2025-01-10 00:00:00;SUDESTE/CENTRO-OESTE;SUL;1526.074
2025-01-10 01:00:00;SUDESTE/CENTRO-OESTE;SUL;1065.337
2025-01-10 02:00:00;SUDESTE/CENTRO-OESTE;SUL;1011.448
2025-01-10 03:00:00;SUDESTE/CENTRO-OESTE;SUL;644.14599999
2025-01-10 04:00:00;SUDESTE/CENTRO-OESTE;SUL;425.902
2025-01-10 05:00:00;SUDESTE/CENTRO-OESTE;SUL;536.373
2025-01-10 06:00:00;SUDESTE/CENTRO-OESTE;SUL;1652.323
2025-01-10 07:00:00;SUDESTE/CENTRO-OESTE;SUL;2652.909
2025-01-10 08:00:00;SUDESTE/CENTRO-OESTE;SUL;3608.138
2025-01-10 09:00:00;SUDESTE/CENTRO-OESTE;SUL;3498.692
2025-01-10 10:00:00;SUDESTE/CENTRO-OESTE;SUL;3388.476
2025-01-10 11:00:00;SUDESTE/CENTRO-OESTE;SUL;3464.276
2025-01-10 12:00:00;SUDESTE/CENTRO-OESTE;SUL;3154.227
2025-01-10 13:00:00;SUDESTE/CENTRO-OESTE;SUL;3895.729
2025-01-10 14:00:00;SUDESTE/CENTRO-OESTE;SUL;4173.781
2025-01-10 15:00:00;SUDESTE/CENTRO-OESTE;SUL;4630.937
2025-01-10 16:00:00;SUDESTE/CENTRO-OESTE;SUL;6221.225
2025-01-10 17:00:00;SUDESTE/CENTRO-OESTE;SUL;6471.449
2025-01-10 18:00:00;SUDESTE/CENTRO-OESTE;SUL;5385.059
2025-01-10 19:00:00;SUDESTE/CENTRO-OESTE;SUL;4940.568
2025-01-10 20:00:00;SUDESTE/CENTRO-OESTE;SUL;4647.559
2025-01-10 21:00:00;SUDESTE/CENTRO-OESTE;SUL;4435.684
2025-01-10 22:00:00;SUDESTE/CENTRO-OESTE;SUL;4147.665
2025-01-10 23:00:00;SUDESTE/CENTRO-OESTE;SUL;3664.011
2025-01-11 00:00:00;SUDESTE/CENTRO-OESTE;SUL;2540.217
2025-01-11 01:00:00;SUDESTE/CENTRO-OESTE;SUL;3607.049
2025-01-11 02:00:00;SUDESTE/CENTRO-OESTE;SUL;3765.344
2025-01-11 03:00:00;SUDESTE/CENTRO-OESTE;SUL;2976.447
2025-01-11 04:00:00;SUDESTE/CENTRO-OESTE;SUL;2456.19999999
2025-01-11 05:00:00;SUDESTE/CENTRO-OESTE;SUL;2685.44
2025-01-11 06:00:00;SUDESTE/CENTRO-OESTE;SUL;3517.781
2025-01-11 07:00:00;SUDESTE/CENTRO-OESTE;SUL;3905.051
2025-01-11 08:00:00;SUDESTE/CENTRO-OESTE;SUL;4309.13199999
2025-01-11 09:00:00;SUDESTE/CENTRO-OESTE;SUL;6156.511
2025-01-11 10:00:00;SUDESTE/CENTRO-OESTE;SUL;6274.53
2025-01-11 11:00:00;SUDESTE/CENTRO-OESTE;SUL;5230.157
2025-01-11 12:00:00;SUDESTE/CENTRO-OESTE;SUL;4475.655
2025-01-11 13:00:00;SUDESTE/CENTRO-OESTE;SUL;4867.907
2025-01-11 14:00:00;SUDESTE/CENTRO-OESTE;SUL;5349.087
2025-01-11 15:00:00;SUDESTE/CENTRO-OESTE;SUL;5409.41
2025-01-11 16:00:00;SUDESTE/CENTRO-OESTE;SUL;4571.214
2025-01-11 17:00:00;SUDESTE/CENTRO-OESTE;SUL;4111.528
2025-01-11 18:00:00;SUDESTE/CENTRO-OESTE;SUL;3923.102
2025-01-11 19:00:00;SUDESTE/CENTRO-OESTE;SUL;3845.652
2025-01-11 20:00:00;SUDESTE/CENTRO-OESTE;SUL;4480.95
2025-01-11 21:00:00;SUDESTE/CENTRO-OESTE;SUL;4239.854
2025-01-11 22:00:00;SUDESTE/CENTRO-OESTE;SUL;3302.042
2025-01-11 23:00:00;SUDESTE/CENTRO-OESTE;SUL;2741.724
2025-01-12 00:00:00;SUDESTE/CENTRO-OESTE;SUL;1407.565
2025-01-12 01:00:00;SUDESTE/CENTRO-OESTE;SUL;1234.842
2025-01-12 02:00:00;SUDESTE/CENTRO-OESTE;SUL;904.446
2025-01-12 03:00:00;SUDESTE/CENTRO-OESTE;SUL;1818.029
2025-01-12 04:00:00;SUDESTE/CENTRO-OESTE;SUL;1955.686
2025-01-12 05:00:00;SUDESTE/CENTRO-OESTE;SUL;2146.553
2025-01-12 06:00:00;SUDESTE/CENTRO-OESTE;SUL;2491.369
2025-01-12 07:00:00;SUDESTE/CENTRO-OESTE;SUL;4200.296
2025-01-12 08:00:00;SUDESTE/CENTRO-OESTE;SUL;4357.652
2025-01-12 09:00:00;SUDESTE/CENTRO-OESTE;SUL;2754.525
2025-01-12 10:00:00;SUDESTE/CENTRO-OESTE;SUL;2487.203
2025-01-12 11:00:00;SUDESTE/CENTRO-OESTE;SUL;3238.34
2025-01-12 12:00:00;SUDESTE/CENTRO-OESTE;SUL;3453.349
2025-01-12 13:00:00;SUDESTE/CENTRO-OESTE;SUL;3355.389
2025-01-12 14:00:00;SUDESTE/CENTRO-OESTE;SUL;3994.772
2025-01-12 15:00:00;SUDESTE/CENTRO-OESTE;SUL;3532.747
2025-01-12 16:00:00;SUDESTE/CENTRO-OESTE;SUL;4009.651
2025-01-12 17:00:00;SUDESTE/CENTRO-OESTE;SUL;3997.057
2025-01-12 18:00:00;SUDESTE/CENTRO-OESTE;SUL;2997.844
2025-01-12 19:00:00;SUDESTE/CENTRO-OESTE;SUL;2741.407
2025-01-12 20:00:00;SUDESTE/CENTRO-OESTE;SUL;2831.827
2025-01-12 21:00:00;SUDESTE/CENTRO-OESTE;SUL;2307.283
2025-01-12 22:00:00;SUDESTE/CENTRO-OESTE;SUL;2145.242
2025-01-12 23:00:00;SUDESTE/CENTRO-OESTE;SUL;1384.165
2025-01-13 00:00:00;SUDESTE/CENTRO-OESTE;SUL;2813.133
2025-01-13 01:00:00;SUDESTE/CENTRO-OESTE;SUL;5765.161
2025-01-13 02:00:00;SUDESTE/CENTRO-OESTE;SUL;7686.524
2025-01-13 03:00:00;SUDESTE/CENTRO-OESTE;SUL;6519.539
2025-01-13 04:00:00;SUDESTE/CENTRO-OESTE;SUL;6458.546
2025-01-13 05:00:00;SUDESTE/CENTRO-OESTE;SUL;6353.129
2025-01-13 06:00:00;SUDESTE/CENTRO-OESTE;SUL;6421.985
2025-01-13 07:00:00;SUDESTE/CENTRO-OESTE;SUL;6583.896
2025-01-13 08:00:00;SUDESTE/CENTRO-OESTE;SUL;6437.895
2025-01-13 09:00:00;SUDESTE/CENTRO-OESTE;SUL;5685.435
2025-01-13 10:00:00;SUDESTE/CENTRO-OESTE;SUL;5072.545
2025-01-13 11:00:00;SUDESTE/CENTRO-OESTE;SUL;5680.26
2025-01-13 12:00:00;SUDESTE/CENTRO-OESTE;SUL;4469.491
2025-01-13 13:00:00;SUDESTE/CENTRO-OESTE;SUL;4806.093
2025-01-13 14:00:00;SUDESTE/CENTRO-OESTE;SUL;5472.796
2025-01-13 15:00:00;SUDESTE/CENTRO-OESTE;SUL;5920.984
2025-01-13 16:00:00;SUDESTE/CENTRO-OESTE;SUL;4273.033
2025-01-13 17:00:00;SUDESTE/CENTRO-OESTE;SUL;4280.838
2025-01-13 18:00:00;SUDESTE/CENTRO-OESTE;SUL;3932.826
2025-01-13 19:00:00;SUDESTE/CENTRO-OESTE;SUL;3888.982
2025-01-13 20:00:00;SUDESTE/CENTRO-OESTE;SUL;4671.849
2025-01-13 21:00:00;SUDESTE/CENTRO-OESTE;SUL;4382.29699999
2025-01-13 22:00:00;SUDESTE/CENTRO-OESTE;SUL;3903.687
2025-01-13 23:00:00;SUDESTE/CENTRO-OESTE;SUL;3992.151
2025-01-14 00:00:00;SUDESTE/CENTRO-OESTE;SUL;4505.997
2025-01-14 01:00:00;SUDESTE/CENTRO-OESTE;SUL;5077.955
2025-01-14 02:00:00;SUDESTE/CENTRO-OESTE;SUL;6168.225
2025-01-14 03:00:00;SUDESTE/CENTRO-OESTE;SUL;5821.126
2025-01-14 04:00:00;SUDESTE/CENTRO-OESTE;SUL;5859.947
2025-01-14 05:00:00;SUDESTE/CENTRO-OESTE;SUL;4956.228
2025-01-14 06:00:00;SUDESTE/CENTRO-OESTE;SUL;4867.013
2025-01-14 07:00:00;SUDESTE/CENTRO-OESTE;SUL;6052.305
2025-01-14 08:00:00;SUDESTE/CENTRO-OESTE;SUL;6109.61
2025-01-14 09:00:00;SUDESTE/CENTRO-OESTE;SUL;6162.859
2025-01-14 10:00:00;SUDESTE/CENTRO-OESTE;SUL;5066.785
2025-01-14 11:00:00;SUDESTE/CENTRO-OESTE;SUL;4316.18599999
2025-01-14 12:00:00;SUDESTE/CENTRO-OESTE;SUL;4885.451
2025-01-14 13:00:00;SUDESTE/CENTRO-OESTE;SUL;5869.162
2025-01-14 14:00:00;SUDESTE/CENTRO-OESTE;SUL;5840.271
2025-01-14 15:00:00;SUDESTE/CENTRO-OESTE;SUL;5876.537
2025-01-14 16:00:00;SUDESTE/CENTRO-OESTE;SUL;5942.421
2025-01-14 17:00:00;SUDESTE/CENTRO-OESTE;SUL;5478.595
2025-01-14 18:00:00;SUDESTE/CENTRO-OESTE;SUL;5323.74399999
2025-01-14 19:00:00;SUDESTE/CENTRO-OESTE;SUL;4754.899
2025-01-14 20:00:00;SUDESTE/CENTRO-OESTE;SUL;4106.622
2025-01-14 21:00:00;SUDESTE/CENTRO-OESTE;SUL;4323.08299999
2025-01-14 22:00:00;SUDESTE/CENTRO-OESTE;SUL;5020.414
2025-01-14 23:00:00;SUDESTE/CENTRO-OESTE;SUL;4624.652
2025-01-15 00:00:00;SUDESTE/CENTRO-OESTE;SUL;4688.589
2025-01-15 01:00:00;SUDESTE/CENTRO-OESTE;SUL;6752.352
2025-01-15 02:00:00;SUDESTE/CENTRO-OESTE;SUL;7581.566
2025-01-15 03:00:00;SUDESTE/CENTRO-OESTE;SUL;6832.794
2025-01-15 04:00:00;SUDESTE/CENTRO-OESTE;SUL;6677.774
2025-01-15 05:00:00;SUDESTE/CENTRO-OESTE;SUL;5150.849
2025-01-15 06:00:00;SUDESTE/CENTRO-OESTE;SUL;5432.47
2025-01-15 07:00:00;SUDESTE/CENTRO-OESTE;SUL;5450.33
2025-01-15 08:00:00;SUDESTE/CENTRO-OESTE;SUL;4642.486
2025-01-15 09:00:00;SUDESTE/CENTRO-OESTE;SUL;4201.818
2025-01-15 10:00:00;SUDESTE/CENTRO-OESTE;SUL;4461.987
2025-01-15 11:00:00;SUDESTE/CENTRO-OESTE;SUL;4387.367
2025-01-15 12:00:00;SUDESTE/CENTRO-OESTE;SUL;3935.872
2025-01-15 13:00:00;SUDESTE/CENTRO-OESTE;SUL;4044.33
2025-01-15 14:00:00;SUDESTE/CENTRO-OESTE;SUL;4150.631
2025-01-15 15:00:00;SUDESTE/CENTRO-OESTE;SUL;4740.483
2025-01-15 16:00:00;SUDESTE/CENTRO-OESTE;SUL;4342.553
2025-01-15 17:00:00;SUDESTE/CENTRO-OESTE;SUL;3521.951
2025-01-15 18:00:00;SUDESTE/CENTRO-OESTE;SUL;2896.321
2025-01-15 19:00:00;SUDESTE/CENTRO-OESTE;SUL;2666.056
2025-01-15 20:00:00;SUDESTE/CENTRO-OESTE;SUL;3190.761
2025-01-15 21:00:00;SUDESTE/CENTRO-OESTE;SUL;3019.642
2025-01-15 22:00:00;SUDESTE/CENTRO-OESTE;SUL;3002.641
2025-01-15 23:00:00;SUDESTE/CENTRO-OESTE;SUL;2529.554
2025-01-16 00:00:00;SUDESTE/CENTRO-OESTE;SUL;3713.301
2025-01-16 01:00:00;SUDESTE/CENTRO-OESTE;SUL;5786.287
2025-01-16 02:00:00;SUDESTE/CENTRO-OESTE;SUL;6883.024
2025-01-16 03:00:00;SUDESTE/CENTRO-OESTE;SUL;6458.115
2025-01-16 04:00:00;SUDESTE/CENTRO-OESTE;SUL;6207.01
2025-01-16 05:00:00;SUDESTE/CENTRO-OESTE;SUL;6691.862
2025-01-16 06:00:00;SUDESTE/CENTRO-OESTE;SUL;6295.003
2025-01-16 07:00:00;SUDESTE/CENTRO-OESTE;SUL;6007.83
2025-01-16 08:00:00;SUDESTE/CENTRO-OESTE;SUL;5123.945
2025-01-16 09:00:00;SUDESTE/CENTRO-OESTE;SUL;4539.102
2025-01-16 10:00:00;SUDESTE/CENTRO-OESTE;SUL;4607.888
2025-01-16 11:00:00;SUDESTE/CENTRO-OESTE;SUL;4843.274
2025-01-16 12:00:00;SUDESTE/CENTRO-OESTE;SUL;4627.503
2025-01-16 13:00:00;SUDESTE/CENTRO-OESTE;SUL;5438.827
2025-01-16 14:00:00;SUDESTE/CENTRO-OESTE;SUL;5473.348
2025-01-16 15:00:00;SUDESTE/CENTRO-OESTE;SUL;5454.84
2025-01-16 16:00:00;SUDESTE/CENTRO-OESTE;SUL;4930.01599999
2025-01-16 17:00:00;SUDESTE/CENTRO-OESTE;SUL;3707.878
2025-01-16 18:00:00;SUDESTE/CENTRO-OESTE;SUL;4200.53799999
2025-01-16 19:00:00;SUDESTE/CENTRO-OESTE;SUL;4260.55199999
2025-01-16 20:00:00;SUDESTE/CENTRO-OESTE;SUL;4445.314
2025-01-16 21:00:00;SUDESTE/CENTRO-OESTE;SUL;4168.261
2025-01-16 22:00:00;SUDESTE/CENTRO-OESTE;SUL;3500.049
2025-01-16 23:00:00;SUDESTE/CENTRO-OESTE;SUL;2576.562
2025-01-17 00:00:00;SUDESTE/CENTRO-OESTE;SUL;3930.616
2025-01-17 01:00:00;SUDESTE/CENTRO-OESTE;SUL;5991.652
2025-01-17 02:00:00;SUDESTE/CENTRO-OESTE;SUL;6775.809
2025-01-17 03:00:00;SUDESTE/CENTRO-OESTE;SUL;6748.831
2025-01-17 04:00:00;SUDESTE/CENTRO-OESTE;SUL;6376.219
2025-01-17 05:00:00;SUDESTE/CENTRO-OESTE;SUL;6812.432
2025-01-17 06:00:00;SUDESTE/CENTRO-OESTE;SUL;6581.889
2025-01-17 07:00:00;SUDESTE/CENTRO-OESTE;SUL;6264.805
2025-01-17 08:00:00;SUDESTE/CENTRO-OESTE;SUL;5110.439
2025-01-17 09:00:00;SUDESTE/CENTRO-OESTE;SUL;3222.694
2025-01-17 10:00:00;SUDESTE/CENTRO-OESTE;SUL;3133.554
2025-01-17 11:00:00;SUDESTE/CENTRO-OESTE;SUL;2917.705
2025-01-17 12:00:00;SUDESTE/CENTRO-OESTE;SUL;2444.708
2025-01-17 13:00:00;SUDESTE/CENTRO-OESTE;SUL;3663.474
2025-01-17 14:00:00;SUDESTE/CENTRO-OESTE;SUL;5358.57
2025-01-17 15:00:00;SUDESTE/CENTRO-OESTE;SUL;4977.98499999
2025-01-17 16:00:00;SUDESTE/CENTRO-OESTE;SUL;4636.02499999
2025-01-17 17:00:00;SUDESTE/CENTRO-OESTE;SUL;4102.358
2025-01-17 18:00:00;SUDESTE/CENTRO-OESTE;SUL;3284.214
2025-01-17 19:00:00;SUDESTE/CENTRO-OESTE;SUL;3846.412
2025-01-17 20:00:00;SUDESTE/CENTRO-OESTE;SUL;4439.044
2025-01-17 21:00:00;SUDESTE/CENTRO-OESTE;SUL;4112.345
2025-01-17 22:00:00;SUDESTE/CENTRO-OESTE;SUL;3984.593
2025-01-17 23:00:00;SUDESTE/CENTRO-OESTE;SUL;4674.943
2025-01-18 00:00:00;SUDESTE/CENTRO-OESTE;SUL;5338.965
2025-01-18 01:00:00;SUDESTE/CENTRO-OESTE;SUL;5244.126
2025-01-18 02:00:00;SUDESTE/CENTRO-OESTE;SUL;5619.098
2025-01-18 03:00:00;SUDESTE/CENTRO-OESTE;SUL;5425.685
2025-01-18 04:00:00;SUDESTE/CENTRO-OESTE;SUL;4737.158
2025-01-18 05:00:00;SUDESTE/CENTRO-OESTE;SUL;4785.13199999
2025-01-18 06:00:00;SUDESTE/CENTRO-OESTE;SUL;5707.327
2025-01-18 07:00:00;SUDESTE/CENTRO-OESTE;SUL;6150.532
2025-01-18 08:00:00;SUDESTE/CENTRO-OESTE;SUL;5943.875
2025-01-18 09:00:00;SUDESTE/CENTRO-OESTE;SUL;5331.54699999
2025-01-18 10:00:00;SUDESTE/CENTRO-OESTE;SUL;4608.725
2025-01-18 11:00:00;SUDESTE/CENTRO-OESTE;SUL;3456.862
2025-01-18 12:00:00;SUDESTE/CENTRO-OESTE;SUL;3221.362
2025-01-18 13:00:00;SUDESTE/CENTRO-OESTE;SUL;3275.863
2025-01-18 14:00:00;SUDESTE/CENTRO-OESTE;SUL;2625.259
2025-01-18 15:00:00;SUDESTE/CENTRO-OESTE;SUL;2616.322
2025-01-18 16:00:00;SUDESTE/CENTRO-OESTE;SUL;4352.67199999
2025-01-18 17:00:00;SUDESTE/CENTRO-OESTE;SUL;5391.533
2025-01-18 18:00:00;SUDESTE/CENTRO-OESTE;SUL;5127.884
2025-01-18 19:00:00;SUDESTE/CENTRO-OESTE;SUL;4384.053
2025-01-18 20:00:00;SUDESTE/CENTRO-OESTE;SUL;5006.124
2025-01-18 21:00:00;SUDESTE/CENTRO-OESTE;SUL;4851.362
2025-01-18 22:00:00;SUDESTE/CENTRO-OESTE;SUL;4123.857
2025-01-18 23:00:00;SUDESTE/CENTRO-OESTE;SUL;3067.685
2025-01-19 00:00:00;SUDESTE/CENTRO-OESTE;SUL;2776.477
2025-01-19 01:00:00;SUDESTE/CENTRO-OESTE;SUL;2008.921
2025-01-19 02:00:00;SUDESTE/CENTRO-OESTE;SUL;1893.073
2025-01-19 03:00:00;SUDESTE/CENTRO-OESTE;SUL;1457.723
2025-01-19 04:00:00;SUDESTE/CENTRO-OESTE;SUL;1313.96599999
2025-01-19 05:00:00;SUDESTE/CENTRO-OESTE;SUL;1268.282
2025-01-19 06:00:00;SUDESTE/CENTRO-OESTE;SUL;1568.832
2025-01-19 07:00:00;SUDESTE/CENTRO-OESTE;SUL;3484.917
2025-01-19 08:00:00;SUDESTE/CENTRO-OESTE;SUL;4553.865
2025-01-19 09:00:00;SUDESTE/CENTRO-OESTE;SUL;5559.722
2025-01-19 10:00:00;SUDESTE/CENTRO-OESTE;SUL;6230.536
2025-01-19 11:00:00;SUDESTE/CENTRO-OESTE;SUL;6183.146
2025-01-19 12:00:00;SUDESTE/CENTRO-OESTE;SUL;6096.615
2025-01-19 13:00:00;SUDESTE/CENTRO-OESTE;SUL;6177.352
2025-01-19 14:00:00;SUDESTE/CENTRO-OESTE;SUL;6036.568
2025-01-19 15:00:00;SUDESTE/CENTRO-OESTE;SUL;4728.906
2025-01-19 16:00:00;SUDESTE/CENTRO-OESTE;SUL;4343.86399999
2025-01-19 17:00:00;SUDESTE/CENTRO-OESTE;SUL;2628.371
2025-01-19 18:00:00;SUDESTE/CENTRO-OESTE;SUL;3022.712
2025-01-19 19:00:00;SUDESTE/CENTRO-OESTE;SUL;3461.003
2025-01-19 20:00:00;SUDESTE/CENTRO-OESTE;SUL;4244.173
2025-01-19 21:00:00;SUDESTE/CENTRO-OESTE;SUL;4376.363
2025-01-19 22:00:00;SUDESTE/CENTRO-OESTE;SUL;4473.428
2025-01-19 23:00:00;SUDESTE/CENTRO-OESTE;SUL;3484.526
2025-01-20 00:00:00;SUDESTE/CENTRO-OESTE;SUL;2915.665
2025-01-20 01:00:00;SUDESTE/CENTRO-OESTE;SUL;2250.675
2025-01-20 02:00:00;SUDESTE/CENTRO-OESTE;SUL;2117.097
2025-01-20 03:00:00;SUDESTE/CENTRO-OESTE;SUL;2008.471
2025-01-20 04:00:00;SUDESTE/CENTRO-OESTE;SUL;1792.253
2025-01-20 05:00:00;SUDESTE/CENTRO-OESTE;SUL;2289.06599999
2025-01-20 06:00:00;SUDESTE/CENTRO-OESTE;SUL;3563.943
2025-01-20 07:00:00;SUDESTE/CENTRO-OESTE;SUL;5123.225
2025-01-20 08:00:00;SUDESTE/CENTRO-OESTE;SUL;4026.091
2025-01-20 09:00:00;SUDESTE/CENTRO-OESTE;SUL;3737.068
2025-01-20 10:00:00;SUDESTE/CENTRO-OESTE;SUL;3427.885
2025-01-20 11:00:00;SUDESTE/CENTRO-OESTE;SUL;4087.866
2025-01-20 12:00:00;SUDESTE/CENTRO-OESTE;SUL;3986.677
2025-01-20 13:00:00;SUDESTE/CENTRO-OESTE;SUL;4706.50699999
2025-01-20 14:00:00;SUDESTE/CENTRO-OESTE;SUL;5019.566
2025-01-20 15:00:00;SUDESTE/CENTRO-OESTE;SUL;5702.71
2025-01-20 16:00:00;SUDESTE/CENTRO-OESTE;SUL;5457.518
2025-01-20 17:00:00;SUDESTE/CENTRO-OESTE;SUL;5212.841
2025-01-20 18:00:00;SUDESTE/CENTRO-OESTE;SUL;4378.68099999
2025-01-20 19:00:00;SUDESTE/CENTRO-OESTE;SUL;3707.149
2025-01-20 20:00:00;SUDESTE/CENTRO-OESTE;SUL;3364.05
2025-01-20 21:00:00;SUDESTE/CENTRO-OESTE;SUL;3157.603
2025-01-20 22:00:00;SUDESTE/CENTRO-OESTE;SUL;3043.116
2025-01-20 23:00:00;SUDESTE/CENTRO-OESTE;SUL;2229.991
2025-01-21 00:00:00;SUDESTE/CENTRO-OESTE;SUL;1027.66
2025-01-21 01:00:00;SUDESTE/CENTRO-OESTE;SUL;839.782
2025-01-21 02:00:00;SUDESTE/CENTRO-OESTE;SUL;1601.07
2025-01-21 03:00:00;SUDESTE/CENTRO-OESTE;SUL;1812.28
2025-01-21 04:00:00;SUDESTE/CENTRO-OESTE;SUL;2201.102
2025-01-21 05:00:00;SUDESTE/CENTRO-OESTE;SUL;2433.069
2025-01-21 06:00:00;SUDESTE/CENTRO-OESTE;SUL;4060.468
2025-01-21 07:00:00;SUDESTE/CENTRO-OESTE;SUL;4711.523
2025-01-21 08:00:00;SUDESTE/CENTRO-OESTE;SUL;3033.905
2025-01-21 09:00:00;SUDESTE/CENTRO-OESTE;SUL;2982.408
2025-01-21 10:00:00;SUDESTE/CENTRO-OESTE;SUL;2795.375
2025-01-21 11:00:00;SUDESTE/CENTRO-OESTE;SUL;2816.05
2025-01-21 12:00:00;SUDESTE/CENTRO-OESTE;SUL;2685.714
2025-01-21 13:00:00;SUDESTE/CENTRO-OESTE;SUL;2768.735
2025-01-21 14:00:00;SUDESTE/CENTRO-OESTE;SUL;3042.982
2025-01-21 15:00:00;SUDESTE/CENTRO-OESTE;SUL;3340.119
2025-01-21 16:00:00;SUDESTE/CENTRO-OESTE;SUL;4100.746
2025-01-21 17:00:00;SUDESTE/CENTRO-OESTE;SUL;5001.432
2025-01-21 18:00:00;SUDESTE/CENTRO-OESTE;SUL;4165.231
2025-01-21 19:00:00;SUDESTE/CENTRO-OESTE;SUL;4028.529
2025-01-21 20:00:00;SUDESTE/CENTRO-OESTE;SUL;4833.737
2025-01-21 21:00:00;SUDESTE/CENTRO-OESTE;SUL;4712.655
2025-01-21 22:00:00;SUDESTE/CENTRO-OESTE;SUL;4351.456
2025-01-21 23:00:00;SUDESTE/CENTRO-OESTE;SUL;3336.627
2025-01-22 00:00:00;SUDESTE/CENTRO-OESTE;SUL;2903.799
2025-01-22 01:00:00;SUDESTE/CENTRO-OESTE;SUL;3675.956
2025-01-22 02:00:00;SUDESTE/CENTRO-OESTE;SUL;4272.122
2025-01-22 03:00:00;SUDESTE/CENTRO-OESTE;SUL;4124.94899999
2025-01-22 04:00:00;SUDESTE/CENTRO-OESTE;SUL;3907.076
2025-01-22 05:00:00;SUDESTE/CENTRO-OESTE;SUL;4001.77
2025-01-22 06:00:00;SUDESTE/CENTRO-OESTE;SUL;4469.607
2025-01-22 07:00:00;SUDESTE/CENTRO-OESTE;SUL;4157.961
2025-01-22 08:00:00;SUDESTE/CENTRO-OESTE;SUL;3642.3
2025-01-22 09:00:00;SUDESTE/CENTRO-OESTE;SUL;3237.584
2025-01-22 10:00:00;SUDESTE/CENTRO-OESTE;SUL;3786.852
2025-01-22 11:00:00;SUDESTE/CENTRO-OESTE;SUL;4186.35499999
2025-01-22 12:00:00;SUDESTE/CENTRO-OESTE;SUL;3570.834
2025-01-22 13:00:00;SUDESTE/CENTRO-OESTE;SUL;4388.718
2025-01-22 14:00:00;SUDESTE/CENTRO-OESTE;SUL;4783.236
2025-01-22 15:00:00;SUDESTE/CENTRO-OESTE;SUL;5162.658
2025-01-22 16:00:00;SUDESTE/CENTRO-OESTE;SUL;4010.842
2025-01-22 17:00:00;SUDESTE/CENTRO-OESTE;SUL;4017.222
2025-01-22 18:00:00;SUDESTE/CENTRO-OESTE;SUL;3331.28
2025-01-22 19:00:00;SUDESTE/CENTRO-OESTE;SUL;3097.849
2025-01-22 20:00:00;SUDESTE/CENTRO-OESTE;SUL;3640.034
2025-01-22 21:00:00;SUDESTE/CENTRO-OESTE;SUL;3965.231
2025-01-22 22:00:00;SUDESTE/CENTRO-OESTE;SUL;3766.333
2025-01-22 23:00:00;SUDESTE/CENTRO-OESTE;SUL;2932.95
2025-01-23 00:00:00;SUDESTE/CENTRO-OESTE;SUL;2119.134
2025-01-23 01:00:00;SUDESTE/CENTRO-OESTE;SUL;2517.308
2025-01-23 02:00:00;SUDESTE/CENTRO-OESTE;SUL;3255.99
2025-01-23 03:00:00;SUDESTE/CENTRO-OESTE;SUL;3595.12
2025-01-23 04:00:00;SUDESTE/CENTRO-OESTE;SUL;3611.769
2025-01-23 05:00:00;SUDESTE/CENTRO-OESTE;SUL;3764.818
2025-01-23 06:00:00;SUDESTE/CENTRO-OESTE;SUL;4053.8
2025-01-23 07:00:00;SUDESTE/CENTRO-OESTE;SUL;3408.006
2025-01-23 08:00:00;SUDESTE/CENTRO-OESTE;SUL;2980.564
2025-01-23 09:00:00;SUDESTE/CENTRO-OESTE;SUL;2569.96799999
2025-01-23 10:00:00;SUDESTE/CENTRO-OESTE;SUL;2573.12399999
2025-01-23 11:00:00;SUDESTE/CENTRO-OESTE;SUL;3722.768
2025-01-23 12:00:00;SUDESTE/CENTRO-OESTE;SUL;3939.882
2025-01-23 13:00:00;SUDESTE/CENTRO-OESTE;SUL;4586.423
2025-01-23 14:00:00;SUDESTE/CENTRO-OESTE;SUL;5231.283
2025-01-23 15:00:00;SUDESTE/CENTRO-OESTE;SUL;4916.634
2025-01-23 16:00:00;SUDESTE/CENTRO-OESTE;SUL;4546.137
2025-01-23 17:00:00;SUDESTE/CENTRO-OESTE;SUL;4682.35999999
2025-01-23 18:00:00;SUDESTE/CENTRO-OESTE;SUL;2652.64
2025-01-23 19:00:00;SUDESTE/CENTRO-OESTE;SUL;3037.737
2025-01-23 20:00:00;SUDESTE/CENTRO-OESTE;SUL;3565.721
2025-01-23 21:00:00;SUDESTE/CENTRO-OESTE;SUL;3569.229
2025-01-23 22:00:00;SUDESTE/CENTRO-OESTE;SUL;3659.89
2025-01-23 23:00:00;SUDESTE/CENTRO-OESTE;SUL;2872.889
2025-01-24 00:00:00;SUDESTE/CENTRO-OESTE;SUL;2437.80499999
2025-01-24 01:00:00;SUDESTE/CENTRO-OESTE;SUL;3685.248
2025-01-24 02:00:00;SUDESTE/CENTRO-OESTE;SUL;3255.433
2025-01-24 03:00:00;SUDESTE/CENTRO-OESTE;SUL;2622.522
2025-01-24 04:00:00;SUDESTE/CENTRO-OESTE;SUL;2870.547
2025-01-24 05:00:00;SUDESTE/CENTRO-OESTE;SUL;3359.978
2025-01-24 06:00:00;SUDESTE/CENTRO-OESTE;SUL;4322.115
2025-01-24 07:00:00;SUDESTE/CENTRO-OESTE;SUL;4785.579
2025-01-24 08:00:00;SUDESTE/CENTRO-OESTE;SUL;4317.477
2025-01-24 09:00:00;SUDESTE/CENTRO-OESTE;SUL;4659.911
2025-01-24 10:00:00;SUDESTE/CENTRO-OESTE;SUL;4952.205
2025-01-24 11:00:00;SUDESTE/CENTRO-OESTE;SUL;5191.80199999
2025-01-24 12:00:00;SUDESTE/CENTRO-OESTE;SUL;4970.696
2025-01-24 13:00:00;SUDESTE/CENTRO-OESTE;SUL;4740.259
2025-01-24 14:00:00;SUDESTE/CENTRO-OESTE;SUL;2142.42299999
2025-01-24 15:00:00;SUDESTE/CENTRO-OESTE;SUL;4058.2
2025-01-24 16:00:00;SUDESTE/CENTRO-OESTE;SUL;6108.807
2025-01-24 17:00:00;SUDESTE/CENTRO-OESTE;SUL;6213.589
2025-01-24 18:00:00;SUDESTE/CENTRO-OESTE;SUL;5323.764
2025-01-24 19:00:00;SUDESTE/CENTRO-OESTE;SUL;3355.882
2025-01-24 20:00:00;SUDESTE/CENTRO-OESTE;SUL;3742.837
2025-01-24 21:00:00;SUDESTE/CENTRO-OESTE;SUL;3579.065
2025-01-24 22:00:00;SUDESTE/CENTRO-OESTE;SUL;3840.084
2025-01-24 23:00:00;SUDESTE/CENTRO-OESTE;SUL;3407.437
2025-01-25 00:00:00;SUDESTE/CENTRO-OESTE;SUL;2247.097
2025-01-25 01:00:00;SUDESTE/CENTRO-OESTE;SUL;2126.69099999
2025-01-25 02:00:00;SUDESTE/CENTRO-OESTE;SUL;2323.252
2025-01-25 03:00:00;SUDESTE/CENTRO-OESTE;SUL;1974.349
2025-01-25 04:00:00;SUDESTE/CENTRO-OESTE;SUL;2231.929
2025-01-25 05:00:00;SUDESTE/CENTRO-OESTE;SUL;2157.71999999
2025-01-25 06:00:00;SUDESTE/CENTRO-OESTE;SUL;3187.037
2025-01-25 07:00:00;SUDESTE/CENTRO-OESTE;SUL;3807.704
2025-01-25 08:00:00;SUDESTE/CENTRO-OESTE;SUL;3225.46
2025-01-25 09:00:00;SUDESTE/CENTRO-OESTE;SUL;2883.514
2025-01-25 10:00:00;SUDESTE/CENTRO-OESTE;SUL;2544.02599999
2025-01-25 11:00:00;SUDESTE/CENTRO-OESTE;SUL;2363.751
2025-01-25 12:00:00;SUDESTE/CENTRO-OESTE;SUL;2261.053
2025-01-25 13:00:00;SUDESTE/CENTRO-OESTE;SUL;2484.347
2025-01-25 14:00:00;SUDESTE/CENTRO-OESTE;SUL;2354.72899999
2025-01-25 15:00:00;SUDESTE/CENTRO-OESTE;SUL;2394.332
2025-01-25 16:00:00;SUDESTE/CENTRO-OESTE;SUL;3524.83
2025-01-25 17:00:00;SUDESTE/CENTRO-OESTE;SUL;2940.149
2025-01-25 18:00:00;SUDESTE/CENTRO-OESTE;SUL;1509.39
2025-01-25 19:00:00;SUDESTE/CENTRO-OESTE;SUL;758.291
2025-01-25 20:00:00;SUDESTE/CENTRO-OESTE;SUL;917.266
2025-01-25 21:00:00;SUDESTE/CENTRO-OESTE;SUL;622.439
2025-01-25 22:00:00;SUDESTE/CENTRO-OESTE;SUL;1295.26299999
2025-01-25 23:00:00;SUDESTE/CENTRO-OESTE;SUL;887.437
2025-01-26 00:00:00;SUDESTE/CENTRO-OESTE;SUL;211.87
2025-01-26 01:00:00;SUDESTE/CENTRO-OESTE;SUL;795.562
2025-01-26 02:00:00;SUDESTE/CENTRO-OESTE;SUL;1450.766
2025-01-26 03:00:00;SUDESTE/CENTRO-OESTE;SUL;1912.96
2025-01-26 04:00:00;SUDESTE/CENTRO-OESTE;SUL;1671.536
2025-01-26 05:00:00;SUDESTE/CENTRO-OESTE;SUL;1604.848
2025-01-26 06:00:00;SUDESTE/CENTRO-OESTE;SUL;2036.494
2025-01-26 07:00:00;SUDESTE/CENTRO-OESTE;SUL;3398.354
2025-01-26 08:00:00;SUDESTE/CENTRO-OESTE;SUL;3401.646
2025-01-26 09:00:00;SUDESTE/CENTRO-OESTE;SUL;4172.148
2025-01-26 10:00:00;SUDESTE/CENTRO-OESTE;SUL;4499.942
2025-01-26 11:00:00;SUDESTE/CENTRO-OESTE;SUL;4150.778
2025-01-26 12:00:00;SUDESTE/CENTRO-OESTE;SUL;3675.179
2025-01-26 13:00:00;SUDESTE/CENTRO-OESTE;SUL;4042.123
2025-01-26 14:00:00;SUDESTE/CENTRO-OESTE;SUL;3647.443
2025-01-26 15:00:00;SUDESTE/CENTRO-OESTE;SUL;3862.026
2025-01-26 16:00:00;SUDESTE/CENTRO-OESTE;SUL;4641.42199999
2025-01-26 17:00:00;SUDESTE/CENTRO-OESTE;SUL;2248.417
2025-01-26 18:00:00;SUDESTE/CENTRO-OESTE;SUL;1118.778
2025-01-26 19:00:00;SUDESTE/CENTRO-OESTE;SUL;1388.428
2025-01-26 20:00:00;SUDESTE/CENTRO-OESTE;SUL;1309.397
2025-01-26 21:00:00;SUDESTE/CENTRO-OESTE;SUL;1209.565
2025-01-26 22:00:00;SUDESTE/CENTRO-OESTE;SUL;811.191
2025-01-26 23:00:00;SUDESTE/CENTRO-OESTE;SUL;300.348
2025-01-27 00:00:00;SUDESTE/CENTRO-OESTE;SUL;1007.939
2025-01-27 01:00:00;SUDESTE/CENTRO-OESTE;SUL;1917.894
2025-01-27 02:00:00;SUDESTE/CENTRO-OESTE;SUL;1986.446
2025-01-27 03:00:00;SUDESTE/CENTRO-OESTE;SUL;2517.492
2025-01-27 04:00:00;SUDESTE/CENTRO-OESTE;SUL;3006.755
2025-01-27 05:00:00;SUDESTE/CENTRO-OESTE;SUL;2663.183
2025-01-27 06:00:00;SUDESTE/CENTRO-OESTE;SUL;2871.198
2025-01-27 07:00:00;SUDESTE/CENTRO-OESTE;SUL;3209.986
2025-01-27 08:00:00;SUDESTE/CENTRO-OESTE;SUL;2754.959
2025-01-27 09:00:00;SUDESTE/CENTRO-OESTE;SUL;3029.361
2025-01-27 10:00:00;SUDESTE/CENTRO-OESTE;SUL;3570.786
2025-01-27 11:00:00;SUDESTE/CENTRO-OESTE;SUL;4118.66299999
2025-01-27 12:00:00;SUDESTE/CENTRO-OESTE;SUL;4331.041
2025-01-27 13:00:00;SUDESTE/CENTRO-OESTE;SUL;2681.147
2025-01-27 14:00:00;SUDESTE/CENTRO-OESTE;SUL;2682.65299999
2025-01-27 15:00:00;SUDESTE/CENTRO-OESTE;SUL;2549.958
2025-01-27 16:00:00;SUDESTE/CENTRO-OESTE;SUL;2271.15
2025-01-27 17:00:00;SUDESTE/CENTRO-OESTE;SUL;1425.926
2025-01-27 18:00:00;SUDESTE/CENTRO-OESTE;SUL;439.328
2025-01-27 19:00:00;SUDESTE/CENTRO-OESTE;SUL;1476.488
2025-01-27 20:00:00;SUDESTE/CENTRO-OESTE;SUL;2036.841
2025-01-27 21:00:00;SUDESTE/CENTRO-OESTE;SUL;1899.616
2025-01-27 22:00:00;SUDESTE/CENTRO-OESTE;SUL;1224.99
2025-01-27 23:00:00;SUDESTE/CENTRO-OESTE;SUL;170.65
2025-01-28 00:00:00;SUDESTE/CENTRO-OESTE;SUL;731.957
2025-01-28 01:00:00;SUDESTE/CENTRO-OESTE;SUL;2960.196
2025-01-28 02:00:00;SUDESTE/CENTRO-OESTE;SUL;3803.842
2025-01-28 03:00:00;SUDESTE/CENTRO-OESTE;SUL;4100.1
2025-01-28 04:00:00;SUDESTE/CENTRO-OESTE;SUL;3401.76
2025-01-28 05:00:00;SUDESTE/CENTRO-OESTE;SUL;3203.86
2025-01-28 06:00:00;SUDESTE/CENTRO-OESTE;SUL;3519.53
2025-01-28 07:00:00;SUDESTE/CENTRO-OESTE;SUL;4019.269
2025-01-28 08:00:00;SUDESTE/CENTRO-OESTE;SUL;3378.299
2025-01-28 09:00:00;SUDESTE/CENTRO-OESTE;SUL;3615.133
2025-01-28 10:00:00;SUDESTE/CENTRO-OESTE;SUL;4444.224
2025-01-28 11:00:00;SUDESTE/CENTRO-OESTE;SUL;5139.714
2025-01-28 12:00:00;SUDESTE/CENTRO-OESTE;SUL;5249.112
2025-01-28 13:00:00;SUDESTE/CENTRO-OESTE;SUL;4899.572
2025-01-28 14:00:00;SUDESTE/CENTRO-OESTE;SUL;3659.215
2025-01-28 15:00:00;SUDESTE/CENTRO-OESTE;SUL;3404.674
2025-01-28 16:00:00;SUDESTE/CENTRO-OESTE;SUL;3587.663
2025-01-28 17:00:00;SUDESTE/CENTRO-OESTE;SUL;3178.278
2025-01-28 18:00:00;SUDESTE/CENTRO-OESTE;SUL;1315.007
2025-01-28 19:00:00;SUDESTE/CENTRO-OESTE;SUL;2114.933
2025-01-28 20:00:00;SUDESTE/CENTRO-OESTE;SUL;2685.741
2025-01-28 21:00:00;SUDESTE/CENTRO-OESTE;SUL;2772.447
2025-01-28 22:00:00;SUDESTE/CENTRO-OESTE;SUL;2134.303
2025-01-28 23:00:00;SUDESTE/CENTRO-OESTE;SUL;1453.545
2025-01-29 00:00:00;SUDESTE/CENTRO-OESTE;SUL;2463.637
2025-01-29 01:00:00;SUDESTE/CENTRO-OESTE;SUL;4502.691
2025-01-29 02:00:00;SUDESTE/CENTRO-OESTE;SUL;5317.785
2025-01-29 03:00:00;SUDESTE/CENTRO-OESTE;SUL;5631.099
2025-01-29 04:00:00;SUDESTE/CENTRO-OESTE;SUL;5581.98
2025-01-29 05:00:00;SUDESTE/CENTRO-OESTE;SUL;5083.307
2025-01-29 06:00:00;SUDESTE/CENTRO-OESTE;SUL;4411.988
2025-01-29 07:00:00;SUDESTE/CENTRO-OESTE;SUL;3808.845
2025-01-29 08:00:00;SUDESTE/CENTRO-OESTE;SUL;3114.393
2025-01-29 09:00:00;SUDESTE/CENTRO-OESTE;SUL;3387.321
2025-01-29 10:00:00;SUDESTE/CENTRO-OESTE;SUL;3292.412
2025-01-29 11:00:00;SUDESTE/CENTRO-OESTE;SUL;4312.03799999
2025-01-29 12:00:00;SUDESTE/CENTRO-OESTE;SUL;5020.58299999
2025-01-29 13:00:00;SUDESTE/CENTRO-OESTE;SUL;4188.412
2025-01-29 14:00:00;SUDESTE/CENTRO-OESTE;SUL;2814.523
2025-01-29 15:00:00;SUDESTE/CENTRO-OESTE;SUL;2930.474
2025-01-29 16:00:00;SUDESTE/CENTRO-OESTE;SUL;3211.088
2025-01-29 17:00:00;SUDESTE/CENTRO-OESTE;SUL;3317.561
2025-01-29 18:00:00;SUDESTE/CENTRO-OESTE;SUL;3077.025
2025-01-29 19:00:00;SUDESTE/CENTRO-OESTE;SUL;4180.69899999
2025-01-29 20:00:00;SUDESTE/CENTRO-OESTE;SUL;4348.443
2025-01-29 21:00:00;SUDESTE/CENTRO-OESTE;SUL;4152.051
2025-01-29 22:00:00;SUDESTE/CENTRO-OESTE;SUL;3570.304
2025-01-29 23:00:00;SUDESTE/CENTRO-OESTE;SUL;3429.849
2025-01-30 00:00:00;SUDESTE/CENTRO-OESTE;SUL;4192.291
2025-01-30 01:00:00;SUDESTE/CENTRO-OESTE;SUL;4504.638
2025-01-30 02:00:00;SUDESTE/CENTRO-OESTE;SUL;4662.816
2025-01-30 03:00:00;SUDESTE/CENTRO-OESTE;SUL;4500.513
2025-01-30 04:00:00;SUDESTE/CENTRO-OESTE;SUL;4675.076
2025-01-30 05:00:00;SUDESTE/CENTRO-OESTE;SUL;4596.634
2025-01-30 06:00:00;SUDESTE/CENTRO-OESTE;SUL;4456.968
2025-01-30 07:00:00;SUDESTE/CENTRO-OESTE;SUL;5172.151
2025-01-30 08:00:00;SUDESTE/CENTRO-OESTE;SUL;5545.544
2025-01-30 09:00:00;SUDESTE/CENTRO-OESTE;SUL;5130.542
2025-01-30 10:00:00;SUDESTE/CENTRO-OESTE;SUL;4913.439
2025-01-30 11:00:00;SUDESTE/CENTRO-OESTE;SUL;6009.72
2025-01-30 12:00:00;SUDESTE/CENTRO-OESTE;SUL;6780.351
2025-01-30 13:00:00;SUDESTE/CENTRO-OESTE;SUL;7334.43
2025-01-30 14:00:00;SUDESTE/CENTRO-OESTE;SUL;5905.64
2025-01-30 15:00:00;SUDESTE/CENTRO-OESTE;SUL;4277.709
2025-01-30 16:00:00;SUDESTE/CENTRO-OESTE;SUL;4337.078
2025-01-30 17:00:00;SUDESTE/CENTRO-OESTE;SUL;3477.927
2025-01-30 18:00:00;SUDESTE/CENTRO-OESTE;SUL;2040.366
2025-01-30 19:00:00;SUDESTE/CENTRO-OESTE;SUL;3058.372
2025-01-30 20:00:00;SUDESTE/CENTRO-OESTE;SUL;3134.593
2025-01-30 21:00:00;SUDESTE/CENTRO-OESTE;SUL;3145.477
2025-01-30 22:00:00;SUDESTE/CENTRO-OESTE;SUL;3038.961
2025-01-30 23:00:00;SUDESTE/CENTRO-OESTE;SUL;2657.719
2025-01-31 00:00:00;SUDESTE/CENTRO-OESTE;SUL;3950.517
2025-01-31 01:00:00;SUDESTE/CENTRO-OESTE;SUL;4690.097
2025-01-31 02:00:00;SUDESTE/CENTRO-OESTE;SUL;4660.182
2025-01-31 03:00:00;SUDESTE/CENTRO-OESTE;SUL;5110.44899999
2025-01-31 04:00:00;SUDESTE/CENTRO-OESTE;SUL;5858.917
2025-01-31 05:00:00;SUDESTE/CENTRO-OESTE;SUL;5513.107
2025-01-31 06:00:00;SUDESTE/CENTRO-OESTE;SUL;5321.417
2025-01-31 07:00:00;SUDESTE/CENTRO-OESTE;SUL;5561.31
2025-01-31 08:00:00;SUDESTE/CENTRO-OESTE;SUL;5659.063
2025-01-31 09:00:00;SUDESTE/CENTRO-OESTE;SUL;5385.562
2025-01-31 10:00:00;SUDESTE/CENTRO-OESTE;SUL;5347.27499999
2025-01-31 11:00:00;SUDESTE/CENTRO-OESTE;SUL;5788.621
2025-01-31 12:00:00;SUDESTE/CENTRO-OESTE;SUL;5779.11
2025-01-31 13:00:00;SUDESTE/CENTRO-OESTE;SUL;4751.169
2025-01-31 14:00:00;SUDESTE/CENTRO-OESTE;SUL;5374.117
2025-01-31 15:00:00;SUDESTE/CENTRO-OESTE;SUL;4618.47099999
2025-01-31 16:00:00;SUDESTE/CENTRO-OESTE;SUL;4166.189
2025-01-31 17:00:00;SUDESTE/CENTRO-OESTE;SUL;3884.483
2025-01-31 18:00:00;SUDESTE/CENTRO-OESTE;SUL;3563.672
2025-01-31 19:00:00;SUDESTE/CENTRO-OESTE;SUL;4157.633
2025-01-31 20:00:00;SUDESTE/CENTRO-OESTE;SUL;4272.626
2025-01-31 21:00:00;SUDESTE/CENTRO-OESTE;SUL;4641.897
2025-01-31 22:00:00;SUDESTE/CENTRO-OESTE;SUL;4843.819
2025-01-31 23:00:00;SUDESTE/CENTRO-OESTE;SUL;5693.707
2025-02-01 00:00:00;SUDESTE/CENTRO-OESTE;SUL;6465.016
2025-02-01 01:00:00;SUDESTE/CENTRO-OESTE;SUL;7194.996
2025-02-01 02:00:00;SUDESTE/CENTRO-OESTE;SUL;7898.298
2025-02-01 03:00:00;SUDESTE/CENTRO-OESTE;SUL;7572.367
2025-02-01 04:00:00;SUDESTE/CENTRO-OESTE;SUL;7438.059
2025-02-01 05:00:00;SUDESTE/CENTRO-OESTE;SUL;7353.71
2025-02-01 06:00:00;SUDESTE/CENTRO-OESTE;SUL;7623.346
2025-02-01 07:00:00;SUDESTE/CENTRO-OESTE;SUL;7173.654
2025-02-01 08:00:00;SUDESTE/CENTRO-OESTE;SUL;6749.524
2025-02-01 09:00:00;SUDESTE/CENTRO-OESTE;SUL;6287.672
2025-02-01 10:00:00;SUDESTE/CENTRO-OESTE;SUL;5862.353
2025-02-01 11:00:00;SUDESTE/CENTRO-OESTE;SUL;6050.274
2025-02-01 12:00:00;SUDESTE/CENTRO-OESTE;SUL;5816.295
2025-02-01 13:00:00;SUDESTE/CENTRO-OESTE;SUL;5811.544
2025-02-01 14:00:00;SUDESTE/CENTRO-OESTE;SUL;6429.655
2025-02-01 15:00:00;SUDESTE/CENTRO-OESTE;SUL;6621.178
2025-02-01 16:00:00;SUDESTE/CENTRO-OESTE;SUL;5643.654
2025-02-01 17:00:00;SUDESTE/CENTRO-OESTE;SUL;5300.68099999
2025-02-01 18:00:00;SUDESTE/CENTRO-OESTE;SUL;4514.5
2025-02-01 19:00:00;SUDESTE/CENTRO-OESTE;SUL;3965.682
2025-02-01 20:00:00;SUDESTE/CENTRO-OESTE;SUL;3821.626
2025-02-01 21:00:00;SUDESTE/CENTRO-OESTE;SUL;3504.67
2025-02-01 22:00:00;SUDESTE/CENTRO-OESTE;SUL;3364.564
2025-02-01 23:00:00;SUDESTE/CENTRO-OESTE;SUL;3443.092
2025-02-02 00:00:00;SUDESTE/CENTRO-OESTE;SUL;4101.566
2025-02-02 01:00:00;SUDESTE/CENTRO-OESTE;SUL;5564.338
2025-02-02 02:00:00;SUDESTE/CENTRO-OESTE;SUL;6579.305
2025-02-02 03:00:00;SUDESTE/CENTRO-OESTE;SUL;6849.388
2025-02-02 04:00:00;SUDESTE/CENTRO-OESTE;SUL;7020.037
2025-02-02 05:00:00;SUDESTE/CENTRO-OESTE;SUL;6745.128
2025-02-02 06:00:00;SUDESTE/CENTRO-OESTE;SUL;6243.931
2025-02-02 07:00:00;SUDESTE/CENTRO-OESTE;SUL;5739.004
2025-02-02 08:00:00;SUDESTE/CENTRO-OESTE;SUL;4707.008
2025-02-02 09:00:00;SUDESTE/CENTRO-OESTE;SUL;4236.613
2025-02-02 10:00:00;SUDESTE/CENTRO-OESTE;SUL;4714.665
2025-02-02 11:00:00;SUDESTE/CENTRO-OESTE;SUL;5397.189
2025-02-02 12:00:00;SUDESTE/CENTRO-OESTE;SUL;5895.072
2025-02-02 13:00:00;SUDESTE/CENTRO-OESTE;SUL;5829.998
2025-02-02 14:00:00;SUDESTE/CENTRO-OESTE;SUL;6115.027
2025-02-02 15:00:00;SUDESTE/CENTRO-OESTE;SUL;5373.227
2025-02-02 16:00:00;SUDESTE/CENTRO-OESTE;SUL;4195.649
2025-02-02 17:00:00;SUDESTE/CENTRO-OESTE;SUL;4508.081
2025-02-02 18:00:00;SUDESTE/CENTRO-OESTE;SUL;4097.862
2025-02-02 19:00:00;SUDESTE/CENTRO-OESTE;SUL;2979.199
2025-02-02 20:00:00;SUDESTE/CENTRO-OESTE;SUL;3366.156
2025-02-02 21:00:00;SUDESTE/CENTRO-OESTE;SUL;3657.477
2025-02-02 22:00:00;SUDESTE/CENTRO-OESTE;SUL;4361.054
2025-02-02 23:00:00;SUDESTE/CENTRO-OESTE;SUL;5228.026
2025-02-03 00:00:00;SUDESTE/CENTRO-OESTE;SUL;6661.487
2025-02-03 01:00:00;SUDESTE/CENTRO-OESTE;SUL;7436.461
2025-02-03 02:00:00;SUDESTE/CENTRO-OESTE;SUL;7948.029
2025-02-03 03:00:00;SUDESTE/CENTRO-OESTE;SUL;8082.251
2025-02-03 04:00:00;SUDESTE/CENTRO-OESTE;SUL;8117.107
2025-02-03 05:00:00;SUDESTE/CENTRO-OESTE;SUL;7381.338
2025-02-03 06:00:00;SUDESTE/CENTRO-OESTE;SUL;6608.228
2025-02-03 07:00:00;SUDESTE/CENTRO-OESTE;SUL;6576.647
2025-02-03 08:00:00;SUDESTE/CENTRO-OESTE;SUL;5362.142
2025-02-03 09:00:00;SUDESTE/CENTRO-OESTE;SUL;5945.832
2025-02-03 10:00:00;SUDESTE/CENTRO-OESTE;SUL;6089.962
2025-02-03 11:00:00;SUDESTE/CENTRO-OESTE;SUL;6609.93
2025-02-03 12:00:00;SUDESTE/CENTRO-OESTE;SUL;6699.859
2025-02-03 13:00:00;SUDESTE/CENTRO-OESTE;SUL;7447.939
2025-02-03 14:00:00;SUDESTE/CENTRO-OESTE;SUL;6713.879
2025-02-03 15:00:00;SUDESTE/CENTRO-OESTE;SUL;6289.887
2025-02-03 16:00:00;SUDESTE/CENTRO-OESTE;SUL;6060.945
2025-02-03 17:00:00;SUDESTE/CENTRO-OESTE;SUL;5434.05199999
2025-02-03 18:00:00;SUDESTE/CENTRO-OESTE;SUL;4695.71
2025-02-03 19:00:00;SUDESTE/CENTRO-OESTE;SUL;4963.118
2025-02-03 20:00:00;SUDESTE/CENTRO-OESTE;SUL;5242.015
2025-02-03 21:00:00;SUDESTE/CENTRO-OESTE;SUL;4987.213
2025-02-03 22:00:00;SUDESTE/CENTRO-OESTE;SUL;5104.52499999
2025-02-03 23:00:00;SUDESTE/CENTRO-OESTE;SUL;5119.085
2025-02-04 00:00:00;SUDESTE/CENTRO-OESTE;SUL;6330.499
2025-02-04 01:00:00;SUDESTE/CENTRO-OESTE;SUL;8736.044
2025-02-04 02:00:00;SUDESTE/CENTRO-OESTE;SUL;8782.989
2025-02-04 03:00:00;SUDESTE/CENTRO-OESTE;SUL;9194.506
2025-02-04 04:00:00;SUDESTE/CENTRO-OESTE;SUL;9364.775
2025-02-04 05:00:00;SUDESTE/CENTRO-OESTE;SUL;9096.447
2025-02-04 06:00:00;SUDESTE/CENTRO-OESTE;SUL;8219.70099999
2025-02-04 07:00:00;SUDESTE/CENTRO-OESTE;SUL;7470.65
2025-02-04 08:00:00;SUDESTE/CENTRO-OESTE;SUL;6394.596
2025-02-04 09:00:00;SUDESTE/CENTRO-OESTE;SUL;5758.333
2025-02-04 10:00:00;SUDESTE/CENTRO-OESTE;SUL;5672.101
2025-02-04 11:00:00;SUDESTE/CENTRO-OESTE;SUL;5411.36899999
2025-02-04 12:00:00;SUDESTE/CENTRO-OESTE;SUL;5281.68099999
2025-02-04 13:00:00;SUDESTE/CENTRO-OESTE;SUL;6443.154
2025-02-04 14:00:00;SUDESTE/CENTRO-OESTE;SUL;6663.664
2025-02-04 15:00:00;SUDESTE/CENTRO-OESTE;SUL;6749.485
2025-02-04 16:00:00;SUDESTE/CENTRO-OESTE;SUL;7046.525
2025-02-04 17:00:00;SUDESTE/CENTRO-OESTE;SUL;6634.861
2025-02-04 18:00:00;SUDESTE/CENTRO-OESTE;SUL;5410.867
2025-02-04 19:00:00;SUDESTE/CENTRO-OESTE;SUL;5429.392
2025-02-04 20:00:00;SUDESTE/CENTRO-OESTE;SUL;5920.492
2025-02-04 21:00:00;SUDESTE/CENTRO-OESTE;SUL;5759.213
2025-02-04 22:00:00;SUDESTE/CENTRO-OESTE;SUL;6908.498
2025-02-04 23:00:00;SUDESTE/CENTRO-OESTE;SUL;6478.191
2025-02-05 00:00:00;SUDESTE/CENTRO-OESTE;SUL;6877.172
2025-02-05 01:00:00;SUDESTE/CENTRO-OESTE;SUL;8338.705
2025-02-05 02:00:00;SUDESTE/CENTRO-OESTE;SUL;8410.303
2025-02-05 03:00:00;SUDESTE/CENTRO-OESTE;SUL;8354.667
2025-02-05 04:00:00;SUDESTE/CENTRO-OESTE;SUL;8356.375
2025-02-05 05:00:00;SUDESTE/CENTRO-OESTE;SUL;8598.459
2025-02-05 06:00:00;SUDESTE/CENTRO-OESTE;SUL;8121.3
2025-02-05 07:00:00;SUDESTE/CENTRO-OESTE;SUL;7125.284
2025-02-05 08:00:00;SUDESTE/CENTRO-OESTE;SUL;6936.416
2025-02-05 09:00:00;SUDESTE/CENTRO-OESTE;SUL;6222.815
2025-02-05 10:00:00;SUDESTE/CENTRO-OESTE;SUL;6048.929
2025-02-05 11:00:00;SUDESTE/CENTRO-OESTE;SUL;6051.515
2025-02-05 12:00:00;SUDESTE/CENTRO-OESTE;SUL;5044.019
2025-02-05 13:00:00;SUDESTE/CENTRO-OESTE;SUL;5044.723
2025-02-05 14:00:00;SUDESTE/CENTRO-OESTE;SUL;5298.134
2025-02-05 15:00:00;SUDESTE/CENTRO-OESTE;SUL;6076.717
2025-02-05 16:00:00;SUDESTE/CENTRO-OESTE;SUL;6425.783
2025-02-05 17:00:00;SUDESTE/CENTRO-OESTE;SUL;5736.537
2025-02-05 18:00:00;SUDESTE/CENTRO-OESTE;SUL;4049.671
2025-02-05 19:00:00;SUDESTE/CENTRO-OESTE;SUL;4714.91299999
2025-02-05 20:00:00;SUDESTE/CENTRO-OESTE;SUL;5208.38199999
2025-02-05 21:00:00;SUDESTE/CENTRO-OESTE;SUL;5247.379
2025-02-05 22:00:00;SUDESTE/CENTRO-OESTE;SUL;6472.732
2025-02-05 23:00:00;SUDESTE/CENTRO-OESTE;SUL;6321.758
2025-02-06 00:00:00;SUDESTE/CENTRO-OESTE;SUL;6745.353
2025-02-06 01:00:00;SUDESTE/CENTRO-OESTE;SUL;8012.214
2025-02-06 02:00:00;SUDESTE/CENTRO-OESTE;SUL;8524.823
2025-02-06 03:00:00;SUDESTE/CENTRO-OESTE;SUL;8279.004
2025-02-06 04:00:00;SUDESTE/CENTRO-OESTE;SUL;8211.981
2025-02-06 05:00:00;SUDESTE/CENTRO-OESTE;SUL;7582.393
2025-02-06 06:00:00;SUDESTE/CENTRO-OESTE;SUL;7745.616
2025-02-06 07:00:00;SUDESTE/CENTRO-OESTE;SUL;6930.792
2025-02-06 08:00:00;SUDESTE/CENTRO-OESTE;SUL;6278.725
2025-02-06 09:00:00;SUDESTE/CENTRO-OESTE;SUL;5792.507
2025-02-06 10:00:00;SUDESTE/CENTRO-OESTE;SUL;4003.616
2025-02-06 11:00:00;SUDESTE/CENTRO-OESTE;SUL;2649.01899999
2025-02-06 12:00:00;SUDESTE/CENTRO-OESTE;SUL;2431.308
2025-02-06 13:00:00;SUDESTE/CENTRO-OESTE;SUL;2809.453
2025-02-06 14:00:00;SUDESTE/CENTRO-OESTE;SUL;3276.173
2025-02-06 15:00:00;SUDESTE/CENTRO-OESTE;SUL;3395.577
2025-02-06 16:00:00;SUDESTE/CENTRO-OESTE;SUL;4436.433
2025-02-06 17:00:00;SUDESTE/CENTRO-OESTE;SUL;4825.121
2025-02-06 18:00:00;SUDESTE/CENTRO-OESTE;SUL;4083.919
2025-02-06 19:00:00;SUDESTE/CENTRO-OESTE;SUL;4478.31
2025-02-06 20:00:00;SUDESTE/CENTRO-OESTE;SUL;4870.398
2025-02-06 21:00:00;SUDESTE/CENTRO-OESTE;SUL;4751.627
2025-02-06 22:00:00;SUDESTE/CENTRO-OESTE;SUL;4671.008
2025-02-06 23:00:00;SUDESTE/CENTRO-OESTE;SUL;5578.965
2025-02-07 00:00:00;SUDESTE/CENTRO-OESTE;SUL;5413.44899999
2025-02-07 01:00:00;SUDESTE/CENTRO-OESTE;SUL;6230.425
2025-02-07 02:00:00;SUDESTE/CENTRO-OESTE;SUL;7481.179
2025-02-07 03:00:00;SUDESTE/CENTRO-OESTE;SUL;7536.586
2025-02-07 04:00:00;SUDESTE/CENTRO-OESTE;SUL;7248.878
2025-02-07 05:00:00;SUDESTE/CENTRO-OESTE;SUL;6334.632
2025-02-07 06:00:00;SUDESTE/CENTRO-OESTE;SUL;5401.59
2025-02-07 07:00:00;SUDESTE/CENTRO-OESTE;SUL;5492.578
2025-02-07 08:00:00;SUDESTE/CENTRO-OESTE;SUL;5014.193
2025-02-07 09:00:00;SUDESTE/CENTRO-OESTE;SUL;4958.916
2025-02-07 10:00:00;SUDESTE/CENTRO-OESTE;SUL;4677.706
2025-02-07 11:00:00;SUDESTE/CENTRO-OESTE;SUL;4332.486
2025-02-07 12:00:00;SUDESTE/CENTRO-OESTE;SUL;3969.963
2025-02-07 13:00:00;SUDESTE/CENTRO-OESTE;SUL;3853.677
2025-02-07 14:00:00;SUDESTE/CENTRO-OESTE;SUL;4874.475
2025-02-07 15:00:00;SUDESTE/CENTRO-OESTE;SUL;4805.121
2025-02-07 16:00:00;SUDESTE/CENTRO-OESTE;SUL;5159.67199999
2025-02-07 17:00:00;SUDESTE/CENTRO-OESTE;SUL;4912.265
2025-02-07 18:00:00;SUDESTE/CENTRO-OESTE;SUL;4506.53799999
2025-02-07 19:00:00;SUDESTE/CENTRO-OESTE;SUL;3918.88
2025-02-07 20:00:00;SUDESTE/CENTRO-OESTE;SUL;3794.435
2025-02-07 21:00:00;SUDESTE/CENTRO-OESTE;SUL;3457.419
2025-02-07 22:00:00;SUDESTE/CENTRO-OESTE;SUL;3301.331
2025-02-07 23:00:00;SUDESTE/CENTRO-OESTE;SUL;4224.469
2025-02-08 00:00:00;SUDESTE/CENTRO-OESTE;SUL;4345.245
2025-02-08 01:00:00;SUDESTE/CENTRO-OESTE;SUL;6354.801
2025-02-08 02:00:00;SUDESTE/CENTRO-OESTE;SUL;7105.641
2025-02-08 03:00:00;SUDESTE/CENTRO-OESTE;SUL;6980.688
2025-02-08 04:00:00;SUDESTE/CENTRO-OESTE;SUL;6983.379
2025-02-08 05:00:00;SUDESTE/CENTRO-OESTE;SUL;7352.671
2025-02-08 06:00:00;SUDESTE/CENTRO-OESTE;SUL;7478.867
2025-02-08 07:00:00;SUDESTE/CENTRO-OESTE;SUL;7476.912
2025-02-08 08:00:00;SUDESTE/CENTRO-OESTE;SUL;7046.956
2025-02-08 09:00:00;SUDESTE/CENTRO-OESTE;SUL;6279.449
2025-02-08 10:00:00;SUDESTE/CENTRO-OESTE;SUL;6139.305
2025-02-08 11:00:00;SUDESTE/CENTRO-OESTE;SUL;5318.50699999
2025-02-08 12:00:00;SUDESTE/CENTRO-OESTE;SUL;5043.72599999
2025-02-08 13:00:00;SUDESTE/CENTRO-OESTE;SUL;4994.956
2025-02-08 14:00:00;SUDESTE/CENTRO-OESTE;SUL;5069.51
2025-02-08 15:00:00;SUDESTE/CENTRO-OESTE;SUL;4952.388
2025-02-08 16:00:00;SUDESTE/CENTRO-OESTE;SUL;5101.781
2025-02-08 17:00:00;SUDESTE/CENTRO-OESTE;SUL;5271.74799999
2025-02-08 18:00:00;SUDESTE/CENTRO-OESTE;SUL;5253.68099999
2025-02-08 19:00:00;SUDESTE/CENTRO-OESTE;SUL;4862.34599999
2025-02-08 20:00:00;SUDESTE/CENTRO-OESTE;SUL;4912.924
2025-02-08 21:00:00;SUDESTE/CENTRO-OESTE;SUL;5114.0
2025-02-08 22:00:00;SUDESTE/CENTRO-OESTE;SUL;4812.687
2025-02-08 23:00:00;SUDESTE/CENTRO-OESTE;SUL;4340.073
2025-02-09 00:00:00;SUDESTE/CENTRO-OESTE;SUL;4379.649
2025-02-09 01:00:00;SUDESTE/CENTRO-OESTE;SUL;5937.745
2025-02-09 02:00:00;SUDESTE/CENTRO-OESTE;SUL;7161.102
2025-02-09 03:00:00;SUDESTE/CENTRO-OESTE;SUL;7710.805
2025-02-09 04:00:00;SUDESTE/CENTRO-OESTE;SUL;7591.86
2025-02-09 05:00:00;SUDESTE/CENTRO-OESTE;SUL;7606.244
2025-02-09 06:00:00;SUDESTE/CENTRO-OESTE;SUL;7793.332
2025-02-09 07:00:00;SUDESTE/CENTRO-OESTE;SUL;7206.338
2025-02-09 08:00:00;SUDESTE/CENTRO-OESTE;SUL;5543.646
2025-02-09 09:00:00;SUDESTE/CENTRO-OESTE;SUL;4617.31499999
2025-02-09 10:00:00;SUDESTE/CENTRO-OESTE;SUL;4329.282
2025-02-09 11:00:00;SUDESTE/CENTRO-OESTE;SUL;4268.252
2025-02-09 12:00:00;SUDESTE/CENTRO-OESTE;SUL;4080.573
2025-02-09 13:00:00;SUDESTE/CENTRO-OESTE;SUL;4285.461
2025-02-09 14:00:00;SUDESTE/CENTRO-OESTE;SUL;4936.392
2025-02-09 15:00:00;SUDESTE/CENTRO-OESTE;SUL;5430.497
2025-02-09 16:00:00;SUDESTE/CENTRO-OESTE;SUL;5117.151
2025-02-09 17:00:00;SUDESTE/CENTRO-OESTE;SUL;4994.586
2025-02-09 18:00:00;SUDESTE/CENTRO-OESTE;SUL;3759.067
2025-02-09 19:00:00;SUDESTE/CENTRO-OESTE;SUL;4470.045
2025-02-09 20:00:00;SUDESTE/CENTRO-OESTE;SUL;5643.404
2025-02-09 21:00:00;SUDESTE/CENTRO-OESTE;SUL;5644.052
2025-02-09 22:00:00;SUDESTE/CENTRO-OESTE;SUL;5528.008
2025-02-09 23:00:00;SUDESTE/CENTRO-OESTE;SUL;5089.456
2025-02-10 00:00:00;SUDESTE/CENTRO-OESTE;SUL;6129.824
2025-02-10 01:00:00;SUDESTE/CENTRO-OESTE;SUL;7485.861
2025-02-10 02:00:00;SUDESTE/CENTRO-OESTE;SUL;7569.234
2025-02-10 03:00:00;SUDESTE/CENTRO-OESTE;SUL;8156.877
2025-02-10 04:00:00;SUDESTE/CENTRO-OESTE;SUL;8019.497
2025-02-10 05:00:00;SUDESTE/CENTRO-OESTE;SUL;7358.062
2025-02-10 06:00:00;SUDESTE/CENTRO-OESTE;SUL;7032.879
2025-02-10 07:00:00;SUDESTE/CENTRO-OESTE;SUL;6885.893
2025-02-10 08:00:00;SUDESTE/CENTRO-OESTE;SUL;6045.238
2025-02-10 09:00:00;SUDESTE/CENTRO-OESTE;SUL;5883.471
2025-02-10 10:00:00;SUDESTE/CENTRO-OESTE;SUL;5646.732
2025-02-10 11:00:00;SUDESTE/CENTRO-OESTE;SUL;5974.333
2025-02-10 12:00:00;SUDESTE/CENTRO-OESTE;SUL;6002.547
2025-02-10 13:00:00;SUDESTE/CENTRO-OESTE;SUL;6909.305
2025-02-10 14:00:00;SUDESTE/CENTRO-OESTE;SUL;6755.981
2025-02-10 15:00:00;SUDESTE/CENTRO-OESTE;SUL;7307.144
2025-02-10 16:00:00;SUDESTE/CENTRO-OESTE;SUL;6661.993
2025-02-10 17:00:00;SUDESTE/CENTRO-OESTE;SUL;6726.011
2025-02-10 18:00:00;SUDESTE/CENTRO-OESTE;SUL;4515.271
2025-02-10 19:00:00;SUDESTE/CENTRO-OESTE;SUL;4614.854
2025-02-10 20:00:00;SUDESTE/CENTRO-OESTE;SUL;5360.98899999
2025-02-10 21:00:00;SUDESTE/CENTRO-OESTE;SUL;5624.978
2025-02-10 22:00:00;SUDESTE/CENTRO-OESTE;SUL;5122.55
2025-02-10 23:00:00;SUDESTE/CENTRO-OESTE;SUL;5490.941
2025-02-11 00:00:00;SUDESTE/CENTRO-OESTE;SUL;6556.284
2025-02-11 01:00:00;SUDESTE/CENTRO-OESTE;SUL;8051.958
2025-02-11 02:00:00;SUDESTE/CENTRO-OESTE;SUL;8859.509
2025-02-11 03:00:00;SUDESTE/CENTRO-OESTE;SUL;8803.722
2025-02-11 04:00:00;SUDESTE/CENTRO-OESTE;SUL;8550.515
2025-02-11 05:00:00;SUDESTE/CENTRO-OESTE;SUL;8281.87999999
2025-02-11 06:00:00;SUDESTE/CENTRO-OESTE;SUL;7955.322
2025-02-11 07:00:00;SUDESTE/CENTRO-OESTE;SUL;7004.685
2025-02-11 08:00:00;SUDESTE/CENTRO-OESTE;SUL;6663.033
2025-02-11 09:00:00;SUDESTE/CENTRO-OESTE;SUL;6413.964
2025-02-11 10:00:00;SUDESTE/CENTRO-OESTE;SUL;6287.812
2025-02-11 11:00:00;SUDESTE/CENTRO-OESTE;SUL;5863.83
2025-02-11 12:00:00;SUDESTE/CENTRO-OESTE;SUL;6421.71
2025-02-11 13:00:00;SUDESTE/CENTRO-OESTE;SUL;6552.976
2025-02-11 14:00:00;SUDESTE/CENTRO-OESTE;SUL;6886.287
2025-02-11 15:00:00;SUDESTE/CENTRO-OESTE;SUL;6793.66
2025-02-11 16:00:00;SUDESTE/CENTRO-OESTE;SUL;7157.086
2025-02-11 17:00:00;SUDESTE/CENTRO-OESTE;SUL;7387.371
2025-02-11 18:00:00;SUDESTE/CENTRO-OESTE;SUL;6263.642
2025-02-11 19:00:00;SUDESTE/CENTRO-OESTE;SUL;5243.078
2025-02-11 20:00:00;SUDESTE/CENTRO-OESTE;SUL;6092.223
2025-02-11 21:00:00;SUDESTE/CENTRO-OESTE;SUL;6471.166
2025-02-11 22:00:00;SUDESTE/CENTRO-OESTE;SUL;5968.554
2025-02-11 23:00:00;SUDESTE/CENTRO-OESTE;SUL;5236.79
2025-02-12 00:00:00;SUDESTE/CENTRO-OESTE;SUL;5049.241
2025-02-12 01:00:00;SUDESTE/CENTRO-OESTE;SUL;7610.153
2025-02-12 02:00:00;SUDESTE/CENTRO-OESTE;SUL;8154.051
2025-02-12 03:00:00;SUDESTE/CENTRO-OESTE;SUL;8394.918
2025-02-12 04:00:00;SUDESTE/CENTRO-OESTE;SUL;8540.529
2025-02-12 05:00:00;SUDESTE/CENTRO-OESTE;SUL;8278.357
2025-02-12 06:00:00;SUDESTE/CENTRO-OESTE;SUL;7463.161
2025-02-12 07:00:00;SUDESTE/CENTRO-OESTE;SUL;7055.104
2025-02-12 08:00:00;SUDESTE/CENTRO-OESTE;SUL;7169.282
2025-02-12 09:00:00;SUDESTE/CENTRO-OESTE;SUL;6536.978
2025-02-12 10:00:00;SUDESTE/CENTRO-OESTE;SUL;5877.121
2025-02-12 11:00:00;SUDESTE/CENTRO-OESTE;SUL;5747.671
2025-02-12 12:00:00;SUDESTE/CENTRO-OESTE;SUL;5654.675
2025-02-12 13:00:00;SUDESTE/CENTRO-OESTE;SUL;6117.71
2025-02-12 14:00:00;SUDESTE/CENTRO-OESTE;SUL;6017.215
2025-02-12 15:00:00;SUDESTE/CENTRO-OESTE;SUL;5618.722
2025-02-12 16:00:00;SUDESTE/CENTRO-OESTE;SUL;6155.038
2025-02-12 17:00:00;SUDESTE/CENTRO-OESTE;SUL;5758.015
2025-02-12 18:00:00;SUDESTE/CENTRO-OESTE;SUL;4877.84199999
2025-02-12 19:00:00;SUDESTE/CENTRO-OESTE;SUL;4246.607
2025-02-12 20:00:00;SUDESTE/CENTRO-OESTE;SUL;4325.017
2025-02-12 21:00:00;SUDESTE/CENTRO-OESTE;SUL;4478.893
2025-02-12 22:00:00;SUDESTE/CENTRO-OESTE;SUL;4174.046
2025-02-12 23:00:00;SUDESTE/CENTRO-OESTE;SUL;4240.006
2025-02-13 00:00:00;SUDESTE/CENTRO-OESTE;SUL;4149.071
2025-02-13 01:00:00;SUDESTE/CENTRO-OESTE;SUL;6317.34
2025-02-13 02:00:00;SUDESTE/CENTRO-OESTE;SUL;7158.289
2025-02-13 03:00:00;SUDESTE/CENTRO-OESTE;SUL;7306.562
2025-02-13 04:00:00;SUDESTE/CENTRO-OESTE;SUL;7422.249
2025-02-13 05:00:00;SUDESTE/CENTRO-OESTE;SUL;7256.957
2025-02-13 06:00:00;SUDESTE/CENTRO-OESTE;SUL;5814.705
2025-02-13 07:00:00;SUDESTE/CENTRO-OESTE;SUL;5602.729
2025-02-13 08:00:00;SUDESTE/CENTRO-OESTE;SUL;6159.127
2025-02-13 09:00:00;SUDESTE/CENTRO-OESTE;SUL;6192.09
2025-02-13 10:00:00;SUDESTE/CENTRO-OESTE;SUL;6274.703
2025-02-13 11:00:00;SUDESTE/CENTRO-OESTE;SUL;5484.429
2025-02-13 12:00:00;SUDESTE/CENTRO-OESTE;SUL;5063.34
2025-02-13 13:00:00;SUDESTE/CENTRO-OESTE;SUL;5414.888
2025-02-13 14:00:00;SUDESTE/CENTRO-OESTE;SUL;6463.565
2025-02-13 15:00:00;SUDESTE/CENTRO-OESTE;SUL;5712.711
2025-02-13 16:00:00;SUDESTE/CENTRO-OESTE;SUL;5675.921
2025-02-13 17:00:00;SUDESTE/CENTRO-OESTE;SUL;5395.375
2025-02-13 18:00:00;SUDESTE/CENTRO-OESTE;SUL;4754.462
2025-02-13 19:00:00;SUDESTE/CENTRO-OESTE;SUL;5322.18999999
2025-02-13 20:00:00;SUDESTE/CENTRO-OESTE;SUL;5277.673
2025-02-13 21:00:00;SUDESTE/CENTRO-OESTE;SUL;5161.314
2025-02-13 22:00:00;SUDESTE/CENTRO-OESTE;SUL;5290.272
2025-02-13 23:00:00;SUDESTE/CENTRO-OESTE;SUL;4429.001
2025-02-14 00:00:00;SUDESTE/CENTRO-OESTE;SUL;5428.167
2025-02-14 01:00:00;SUDESTE/CENTRO-OESTE;SUL;7190.39
2025-02-14 02:00:00;SUDESTE/CENTRO-OESTE;SUL;7157.882
2025-02-14 03:00:00;SUDESTE/CENTRO-OESTE;SUL;7723.014
2025-02-14 04:00:00;SUDESTE/CENTRO-OESTE;SUL;8356.733
2025-02-14 05:00:00;SUDESTE/CENTRO-OESTE;SUL;8341.29099999
2025-02-14 06:00:00;SUDESTE/CENTRO-OESTE;SUL;7614.769
2025-02-14 07:00:00;SUDESTE/CENTRO-OESTE;SUL;7143.09
2025-02-14 08:00:00;SUDESTE/CENTRO-OESTE;SUL;5676.274
2025-02-14 09:00:00;SUDESTE/CENTRO-OESTE;SUL;5865.284
2025-02-14 10:00:00;SUDESTE/CENTRO-OESTE;SUL;6397.444
2025-02-14 11:00:00;SUDESTE/CENTRO-OESTE;SUL;6298.509
2025-02-14 12:00:00;SUDESTE/CENTRO-OESTE;SUL;6535.826
2025-02-14 13:00:00;SUDESTE/CENTRO-OESTE;SUL;6623.439
2025-02-14 14:00:00;SUDESTE/CENTRO-OESTE;SUL;6441.859
2025-02-14 15:00:00;SUDESTE/CENTRO-OESTE;SUL;6126.1
2025-02-14 16:00:00;SUDESTE/CENTRO-OESTE;SUL;6355.478
2025-02-14 17:00:00;SUDESTE/CENTRO-OESTE;SUL;6341.232
2025-02-14 18:00:00;SUDESTE/CENTRO-OESTE;SUL;5249.771
2025-02-14 19:00:00;SUDESTE/CENTRO-OESTE;SUL;5039.381
2025-02-14 20:00:00;SUDESTE/CENTRO-OESTE;SUL;3856.526
2025-02-14 21:00:00;SUDESTE/CENTRO-OESTE;SUL;3876.03
2025-02-14 22:00:00;SUDESTE/CENTRO-OESTE;SUL;5139.895
2025-02-14 23:00:00;SUDESTE/CENTRO-OESTE;SUL;5095.88
2025-02-15 00:00:00;SUDESTE/CENTRO-OESTE;SUL;5228.685
2025-02-15 01:00:00;SUDESTE/CENTRO-OESTE;SUL;6312.284
2025-02-15 02:00:00;SUDESTE/CENTRO-OESTE;SUL;7414.822
2025-02-15 03:00:00;SUDESTE/CENTRO-OESTE;SUL;7591.798
2025-02-15 04:00:00;SUDESTE/CENTRO-OESTE;SUL;7596.369
2025-02-15 05:00:00;SUDESTE/CENTRO-OESTE;SUL;8009.428
2025-02-15 06:00:00;SUDESTE/CENTRO-OESTE;SUL;7912.991
2025-02-15 07:00:00;SUDESTE/CENTRO-OESTE;SUL;6278.007
2025-02-15 08:00:00;SUDESTE/CENTRO-OESTE;SUL;4177.55
2025-02-15 09:00:00;SUDESTE/CENTRO-OESTE;SUL;4527.046
2025-02-15 10:00:00;SUDESTE/CENTRO-OESTE;SUL;4154.528
2025-02-15 11:00:00;SUDESTE/CENTRO-OESTE;SUL;4277.521
2025-02-15 12:00:00;SUDESTE/CENTRO-OESTE;SUL;4200.539
2025-02-15 13:00:00;SUDESTE/CENTRO-OESTE;SUL;4429.037
2025-02-15 14:00:00;SUDESTE/CENTRO-OESTE;SUL;4630.16
2025-02-15 15:00:00;SUDESTE/CENTRO-OESTE;SUL;4905.07399999
2025-02-15 16:00:00;SUDESTE/CENTRO-OESTE;SUL;4936.738
2025-02-15 17:00:00;SUDESTE/CENTRO-OESTE;SUL;4728.245
2025-02-15 18:00:00;SUDESTE/CENTRO-OESTE;SUL;4250.262
2025-02-15 19:00:00;SUDESTE/CENTRO-OESTE;SUL;3098.586
2025-02-15 20:00:00;SUDESTE/CENTRO-OESTE;SUL;2822.457
2025-02-15 21:00:00;SUDESTE/CENTRO-OESTE;SUL;3188.382
2025-02-15 22:00:00;SUDESTE/CENTRO-OESTE;SUL;4132.218
2025-02-15 23:00:00;SUDESTE/CENTRO-OESTE;SUL;3885.335
2025-02-16 00:00:00;SUDESTE/CENTRO-OESTE;SUL;3114.68
2025-02-16 01:00:00;SUDESTE/CENTRO-OESTE;SUL;4344.079
2025-02-16 02:00:00;SUDESTE/CENTRO-OESTE;SUL;5400.501
2025-02-16 03:00:00;SUDESTE/CENTRO-OESTE;SUL;5832.964
2025-02-16 04:00:00;SUDESTE/CENTRO-OESTE;SUL;5540.784
2025-02-16 05:00:00;SUDESTE/CENTRO-OESTE;SUL;5699.159
2025-02-16 06:00:00;SUDESTE/CENTRO-OESTE;SUL;5829.692
2025-02-16 07:00:00;SUDESTE/CENTRO-OESTE;SUL;5926.632
2025-02-16 08:00:00;SUDESTE/CENTRO-OESTE;SUL;5472.34199999
2025-02-16 09:00:00;SUDESTE/CENTRO-OESTE;SUL;5333.192
2025-02-16 10:00:00;SUDESTE/CENTRO-OESTE;SUL;5045.7
2025-02-16 11:00:00;SUDESTE/CENTRO-OESTE;SUL;5074.73499999
2025-02-16 12:00:00;SUDESTE/CENTRO-OESTE;SUL;4971.30599999
2025-02-16 13:00:00;SUDESTE/CENTRO-OESTE;SUL;4901.77499999
2025-02-16 14:00:00;SUDESTE/CENTRO-OESTE;SUL;4580.36399999
2025-02-16 15:00:00;SUDESTE/CENTRO-OESTE;SUL;3538.203
2025-02-16 16:00:00;SUDESTE/CENTRO-OESTE;SUL;3467.903
2025-02-16 17:00:00;SUDESTE/CENTRO-OESTE;SUL;4267.04
2025-02-16 18:00:00;SUDESTE/CENTRO-OESTE;SUL;3678.287
2025-02-16 19:00:00;SUDESTE/CENTRO-OESTE;SUL;3466.031
2025-02-16 20:00:00;SUDESTE/CENTRO-OESTE;SUL;3940.636
2025-02-16 21:00:00;SUDESTE/CENTRO-OESTE;SUL;3509.213
2025-02-16 22:00:00;SUDESTE/CENTRO-OESTE;SUL;2866.3
2025-02-16 23:00:00;SUDESTE/CENTRO-OESTE;SUL;2470.29599999
2025-02-17 00:00:00;SUDESTE/CENTRO-OESTE;SUL;3894.168
2025-02-17 01:00:00;SUDESTE/CENTRO-OESTE;SUL;6464.855
2025-02-17 02:00:00;SUDESTE/CENTRO-OESTE;SUL;7796.408
2025-02-17 03:00:00;SUDESTE/CENTRO-OESTE;SUL;8448.698
2025-02-17 04:00:00;SUDESTE/CENTRO-OESTE;SUL;8531.056
2025-02-17 05:00:00;SUDESTE/CENTRO-OESTE;SUL;8226.545
2025-02-17 06:00:00;SUDESTE/CENTRO-OESTE;SUL;7417.154
2025-02-17 07:00:00;SUDESTE/CENTRO-OESTE;SUL;5705.998
2025-02-17 08:00:00;SUDESTE/CENTRO-OESTE;SUL;4786.85999999
2025-02-17 09:00:00;SUDESTE/CENTRO-OESTE;SUL;4779.012
2025-02-17 10:00:00;SUDESTE/CENTRO-OESTE;SUL;4453.554
2025-02-17 11:00:00;SUDESTE/CENTRO-OESTE;SUL;3690.689
2025-02-17 12:00:00;SUDESTE/CENTRO-OESTE;SUL;4088.124
2025-02-17 13:00:00;SUDESTE/CENTRO-OESTE;SUL;4625.62
2025-02-17 14:00:00;SUDESTE/CENTRO-OESTE;SUL;5052.371
2025-02-17 15:00:00;SUDESTE/CENTRO-OESTE;SUL;4642.295
2025-02-17 16:00:00;SUDESTE/CENTRO-OESTE;SUL;5447.554
2025-02-17 17:00:00;SUDESTE/CENTRO-OESTE;SUL;5528.98
2025-02-17 18:00:00;SUDESTE/CENTRO-OESTE;SUL;5171.218
2025-02-17 19:00:00;SUDESTE/CENTRO-OESTE;SUL;4328.01
2025-02-17 20:00:00;SUDESTE/CENTRO-OESTE;SUL;3680.795
2025-02-17 21:00:00;SUDESTE/CENTRO-OESTE;SUL;3441.195
2025-02-17 22:00:00;SUDESTE/CENTRO-OESTE;SUL;4199.582
2025-02-17 23:00:00;SUDESTE/CENTRO-OESTE;SUL;3783.94
2025-02-18 00:00:00;SUDESTE/CENTRO-OESTE;SUL;3846.41
2025-02-18 01:00:00;SUDESTE/CENTRO-OESTE;SUL;4566.291
2025-02-18 02:00:00;SUDESTE/CENTRO-OESTE;SUL;5121.393
2025-02-18 03:00:00;SUDESTE/CENTRO-OESTE;SUL;5827.799
2025-02-18 04:00:00;SUDESTE/CENTRO-OESTE;SUL;5258.23899999
2025-02-18 05:00:00;SUDESTE/CENTRO-OESTE;SUL;4335.477
2025-02-18 06:00:00;SUDESTE/CENTRO-OESTE;SUL;4262.276
2025-02-18 07:00:00;SUDESTE/CENTRO-OESTE;SUL;4665.502
2025-02-18 08:00:00;SUDESTE/CENTRO-OESTE;SUL;2595.44999999
2025-02-18 09:00:00;SUDESTE/CENTRO-OESTE;SUL;1945.307
2025-02-18 10:00:00;SUDESTE/CENTRO-OESTE;SUL;1989.454
2025-02-18 11:00:00;SUDESTE/CENTRO-OESTE;SUL;2642.347
2025-02-18 12:00:00;SUDESTE/CENTRO-OESTE;SUL;2125.141
2025-02-18 13:00:00;SUDESTE/CENTRO-OESTE;SUL;2727.846
2025-02-18 14:00:00;SUDESTE/CENTRO-OESTE;SUL;3098.974
2025-02-18 15:00:00;SUDESTE/CENTRO-OESTE;SUL;3336.159
2025-02-18 16:00:00;SUDESTE/CENTRO-OESTE;SUL;3097.613
2025-02-18 17:00:00;SUDESTE/CENTRO-OESTE;SUL;3094.015
2025-02-18 18:00:00;SUDESTE/CENTRO-OESTE;SUL;4633.89999999
2025-02-18 19:00:00;SUDESTE/CENTRO-OESTE;SUL;5155.751
2025-02-18 20:00:00;SUDESTE/CENTRO-OESTE;SUL;4802.76
2025-02-18 21:00:00;SUDESTE/CENTRO-OESTE;SUL;4435.814
2025-02-18 22:00:00;SUDESTE/CENTRO-OESTE;SUL;3922.806
2025-02-18 23:00:00;SUDESTE/CENTRO-OESTE;SUL;3781.105
2025-02-19 00:00:00;SUDESTE/CENTRO-OESTE;SUL;4599.99799999
2025-02-19 01:00:00;SUDESTE/CENTRO-OESTE;SUL;5018.203
2025-02-19 02:00:00;SUDESTE/CENTRO-OESTE;SUL;5421.928
2025-02-19 03:00:00;SUDESTE/CENTRO-OESTE;SUL;5407.521
2025-02-19 04:00:00;SUDESTE/CENTRO-OESTE;SUL;5323.658
2025-02-19 05:00:00;SUDESTE/CENTRO-OESTE;SUL;5069.395
2025-02-19 06:00:00;SUDESTE/CENTRO-OESTE;SUL;5427.191
2025-02-19 07:00:00;SUDESTE/CENTRO-OESTE;SUL;5536.966
2025-02-19 08:00:00;SUDESTE/CENTRO-OESTE;SUL;4812.147
2025-02-19 09:00:00;SUDESTE/CENTRO-OESTE;SUL;4362.57
2025-02-19 10:00:00;SUDESTE/CENTRO-OESTE;SUL;4575.854
2025-02-19 11:00:00;SUDESTE/CENTRO-OESTE;SUL;4489.719
2025-02-19 12:00:00;SUDESTE/CENTRO-OESTE;SUL;3775.027
2025-02-19 13:00:00;SUDESTE/CENTRO-OESTE;SUL;3228.212
2025-02-19 14:00:00;SUDESTE/CENTRO-OESTE;SUL;3477.22
2025-02-19 15:00:00;SUDESTE/CENTRO-OESTE;SUL;3202.059
2025-02-19 16:00:00;SUDESTE/CENTRO-OESTE;SUL;3640.479
2025-02-19 17:00:00;SUDESTE/CENTRO-OESTE;SUL;3918.806
2025-02-19 18:00:00;SUDESTE/CENTRO-OESTE;SUL;3988.571
2025-02-19 19:00:00;SUDESTE/CENTRO-OESTE;SUL;5070.76
2025-02-19 20:00:00;SUDESTE/CENTRO-OESTE;SUL;5307.594
2025-02-19 21:00:00;SUDESTE/CENTRO-OESTE;SUL;4868.85499999
2025-02-19 22:00:00;SUDESTE/CENTRO-OESTE;SUL;4462.599
2025-02-19 23:00:00;SUDESTE/CENTRO-OESTE;SUL;4131.35099999
2025-02-20 00:00:00;SUDESTE/CENTRO-OESTE;SUL;4230.564
2025-02-20 01:00:00;SUDESTE/CENTRO-OESTE;SUL;5191.18599999
2025-02-20 02:00:00;SUDESTE/CENTRO-OESTE;SUL;5436.865
2025-02-20 03:00:00;SUDESTE/CENTRO-OESTE;SUL;5528.612
2025-02-20 04:00:00;SUDESTE/CENTRO-OESTE;SUL;5524.191
2025-02-20 05:00:00;SUDESTE/CENTRO-OESTE;SUL;5394.942
2025-02-20 06:00:00;SUDESTE/CENTRO-OESTE;SUL;4688.902
2025-02-20 07:00:00;SUDESTE/CENTRO-OESTE;SUL;4892.283
2025-02-20 08:00:00;SUDESTE/CENTRO-OESTE;SUL;4897.652
2025-02-20 09:00:00;SUDESTE/CENTRO-OESTE;SUL;4663.414
2025-02-20 10:00:00;SUDESTE/CENTRO-OESTE;SUL;4569.589
2025-02-20 11:00:00;SUDESTE/CENTRO-OESTE;SUL;4314.149
2025-02-20 12:00:00;SUDESTE/CENTRO-OESTE;SUL;3478.103
2025-02-20 13:00:00;SUDESTE/CENTRO-OESTE;SUL;4370.019
2025-02-20 14:00:00;SUDESTE/CENTRO-OESTE;SUL;4818.80599999
2025-02-20 15:00:00;SUDESTE/CENTRO-OESTE;SUL;4766.557
2025-02-20 16:00:00;SUDESTE/CENTRO-OESTE;SUL;5328.08299999
2025-02-20 17:00:00;SUDESTE/CENTRO-OESTE;SUL;5127.433
2025-02-20 18:00:00;SUDESTE/CENTRO-OESTE;SUL;4979.687
2025-02-20 19:00:00;SUDESTE/CENTRO-OESTE;SUL;5455.17199999
2025-02-20 20:00:00;SUDESTE/CENTRO-OESTE;SUL;5542.855
2025-02-20 21:00:00;SUDESTE/CENTRO-OESTE;SUL;5190.415
2025-02-20 22:00:00;SUDESTE/CENTRO-OESTE;SUL;4803.063
2025-02-20 23:00:00;SUDESTE/CENTRO-OESTE;SUL;4163.675
2025-02-21 00:00:00;SUDESTE/CENTRO-OESTE;SUL;4322.131
2025-02-21 01:00:00;SUDESTE/CENTRO-OESTE;SUL;5028.43
2025-02-21 02:00:00;SUDESTE/CENTRO-OESTE;SUL;5408.812
2025-02-21 03:00:00;SUDESTE/CENTRO-OESTE;SUL;5265.118
2025-02-21 04:00:00;SUDESTE/CENTRO-OESTE;SUL;5041.678
2025-02-21 05:00:00;SUDESTE/CENTRO-OESTE;SUL;5192.058
2025-02-21 06:00:00;SUDESTE/CENTRO-OESTE;SUL;4898.426
2025-02-21 07:00:00;SUDESTE/CENTRO-OESTE;SUL;4239.549
2025-02-21 08:00:00;SUDESTE/CENTRO-OESTE;SUL;3994.563
2025-02-21 09:00:00;SUDESTE/CENTRO-OESTE;SUL;4923.18099999
2025-02-21 10:00:00;SUDESTE/CENTRO-OESTE;SUL;5148.722
2025-02-21 11:00:00;SUDESTE/CENTRO-OESTE;SUL;5314.12
2025-02-21 12:00:00;SUDESTE/CENTRO-OESTE;SUL;5010.254
2025-02-21 13:00:00;SUDESTE/CENTRO-OESTE;SUL;5487.96699999
2025-02-21 14:00:00;SUDESTE/CENTRO-OESTE;SUL;5195.551
2025-02-21 15:00:00;SUDESTE/CENTRO-OESTE;SUL;5405.366
2025-02-21 16:00:00;SUDESTE/CENTRO-OESTE;SUL;5431.146
2025-02-21 17:00:00;SUDESTE/CENTRO-OESTE;SUL;5315.531
2025-02-21 18:00:00;SUDESTE/CENTRO-OESTE;SUL;5462.741
2025-02-21 19:00:00;SUDESTE/CENTRO-OESTE;SUL;5328.545
2025-02-21 20:00:00;SUDESTE/CENTRO-OESTE;SUL;5037.249
2025-02-21 21:00:00;SUDESTE/CENTRO-OESTE;SUL;5415.455
2025-02-21 22:00:00;SUDESTE/CENTRO-OESTE;SUL;5026.193
2025-02-21 23:00:00;SUDESTE/CENTRO-OESTE;SUL;4840.546
2025-02-22 00:00:00;SUDESTE/CENTRO-OESTE;SUL;4991.298
2025-02-22 01:00:00;SUDESTE/CENTRO-OESTE;SUL;4994.261
2025-02-22 02:00:00;SUDESTE/CENTRO-OESTE;SUL;5100.43099999
2025-02-22 03:00:00;SUDESTE/CENTRO-OESTE;SUL;5051.836
2025-02-22 04:00:00;SUDESTE/CENTRO-OESTE;SUL;4619.249
2025-02-22 05:00:00;SUDESTE/CENTRO-OESTE;SUL;4332.585
2025-02-22 06:00:00;SUDESTE/CENTRO-OESTE;SUL;4605.24799999
2025-02-22 07:00:00;SUDESTE/CENTRO-OESTE;SUL;4482.993
2025-02-22 08:00:00;SUDESTE/CENTRO-OESTE;SUL;4399.93099999
2025-02-22 09:00:00;SUDESTE/CENTRO-OESTE;SUL;3557.968
2025-02-22 10:00:00;SUDESTE/CENTRO-OESTE;SUL;3297.537
2025-02-22 11:00:00;SUDESTE/CENTRO-OESTE;SUL;3202.617
2025-02-22 12:00:00;SUDESTE/CENTRO-OESTE;SUL;3080.21
2025-02-22 13:00:00;SUDESTE/CENTRO-OESTE;SUL;3553.766
2025-02-22 14:00:00;SUDESTE/CENTRO-OESTE;SUL;3564.982
2025-02-22 15:00:00;SUDESTE/CENTRO-OESTE;SUL;3479.679
2025-02-22 16:00:00;SUDESTE/CENTRO-OESTE;SUL;2438.449
2025-02-22 17:00:00;SUDESTE/CENTRO-OESTE;SUL;3198.916
2025-02-22 18:00:00;SUDESTE/CENTRO-OESTE;SUL;3863.99
2025-02-22 19:00:00;SUDESTE/CENTRO-OESTE;SUL;4293.954
2025-02-22 20:00:00;SUDESTE/CENTRO-OESTE;SUL;4366.828
2025-02-22 21:00:00;SUDESTE/CENTRO-OESTE;SUL;4078.527
2025-02-22 22:00:00;SUDESTE/CENTRO-OESTE;SUL;4116.923
2025-02-22 23:00:00;SUDESTE/CENTRO-OESTE;SUL;4426.304
2025-02-23 00:00:00;SUDESTE/CENTRO-OESTE;SUL;3037.575
2025-02-23 01:00:00;SUDESTE/CENTRO-OESTE;SUL;3488.167
2025-02-23 02:00:00;SUDESTE/CENTRO-OESTE;SUL;3794.155
2025-02-23 03:00:00;SUDESTE/CENTRO-OESTE;SUL;3439.193
2025-02-23 04:00:00;SUDESTE/CENTRO-OESTE;SUL;3794.689
2025-02-23 05:00:00;SUDESTE/CENTRO-OESTE;SUL;3461.888
2025-02-23 06:00:00;SUDESTE/CENTRO-OESTE;SUL;3662.012
2025-02-23 07:00:00;SUDESTE/CENTRO-OESTE;SUL;5253.392
2025-02-23 08:00:00;SUDESTE/CENTRO-OESTE;SUL;4919.133
2025-02-23 09:00:00;SUDESTE/CENTRO-OESTE;SUL;4240.335
2025-02-23 10:00:00;SUDESTE/CENTRO-OESTE;SUL;4515.76
2025-02-23 11:00:00;SUDESTE/CENTRO-OESTE;SUL;4707.269
2025-02-23 12:00:00;SUDESTE/CENTRO-OESTE;SUL;4441.031
2025-02-23 13:00:00;SUDESTE/CENTRO-OESTE;SUL;4528.767
2025-02-23 14:00:00;SUDESTE/CENTRO-OESTE;SUL;4410.504
2025-02-23 15:00:00;SUDESTE/CENTRO-OESTE;SUL;3798.049
2025-02-23 16:00:00;SUDESTE/CENTRO-OESTE;SUL;4353.234
2025-02-23 17:00:00;SUDESTE/CENTRO-OESTE;SUL;2591.38299999
2025-02-23 18:00:00;SUDESTE/CENTRO-OESTE;SUL;1656.231
2025-02-23 19:00:00;SUDESTE/CENTRO-OESTE;SUL;3172.792
2025-02-23 20:00:00;SUDESTE/CENTRO-OESTE;SUL;3610.06
2025-02-23 21:00:00;SUDESTE/CENTRO-OESTE;SUL;3440.977
2025-02-23 22:00:00;SUDESTE/CENTRO-OESTE;SUL;2951.354
2025-02-23 23:00:00;SUDESTE/CENTRO-OESTE;SUL;2155.90099999
2025-02-24 00:00:00;SUDESTE/CENTRO-OESTE;SUL;3706.621
2025-02-24 01:00:00;SUDESTE/CENTRO-OESTE;SUL;5072.782
2025-02-24 02:00:00;SUDESTE/CENTRO-OESTE;SUL;5303.981
2025-02-24 03:00:00;SUDESTE/CENTRO-OESTE;SUL;5547.861
2025-02-24 04:00:00;SUDESTE/CENTRO-OESTE;SUL;5778.009
2025-02-24 05:00:00;SUDESTE/CENTRO-OESTE;SUL;5383.438
2025-02-24 06:00:00;SUDESTE/CENTRO-OESTE;SUL;5111.91799999
2025-02-24 07:00:00;SUDESTE/CENTRO-OESTE;SUL;5380.121
2025-02-24 08:00:00;SUDESTE/CENTRO-OESTE;SUL;5194.282
2025-02-24 09:00:00;SUDESTE/CENTRO-OESTE;SUL;5262.151
2025-02-24 10:00:00;SUDESTE/CENTRO-OESTE;SUL;5056.678
2025-02-24 11:00:00;SUDESTE/CENTRO-OESTE;SUL;4906.17199999
2025-02-24 12:00:00;SUDESTE/CENTRO-OESTE;SUL;4420.303
2025-02-24 13:00:00;SUDESTE/CENTRO-OESTE;SUL;4936.569
2025-02-24 14:00:00;SUDESTE/CENTRO-OESTE;SUL;4648.821
2025-02-24 15:00:00;SUDESTE/CENTRO-OESTE;SUL;4866.588
2025-02-24 16:00:00;SUDESTE/CENTRO-OESTE;SUL;5379.639
2025-02-24 17:00:00;SUDESTE/CENTRO-OESTE;SUL;5234.164
2025-02-24 18:00:00;SUDESTE/CENTRO-OESTE;SUL;5117.528
2025-02-24 19:00:00;SUDESTE/CENTRO-OESTE;SUL;5916.733
2025-02-24 20:00:00;SUDESTE/CENTRO-OESTE;SUL;6198.666
2025-02-24 21:00:00;SUDESTE/CENTRO-OESTE;SUL;6166.329
2025-02-24 22:00:00;SUDESTE/CENTRO-OESTE;SUL;5861.363
2025-02-24 23:00:00;SUDESTE/CENTRO-OESTE;SUL;4990.406
2025-02-25 00:00:00;SUDESTE/CENTRO-OESTE;SUL;5256.511
2025-02-25 01:00:00;SUDESTE/CENTRO-OESTE;SUL;4828.301
2025-02-25 02:00:00;SUDESTE/CENTRO-OESTE;SUL;4596.167
2025-02-25 03:00:00;SUDESTE/CENTRO-OESTE;SUL;5101.72599999
2025-02-25 04:00:00;SUDESTE/CENTRO-OESTE;SUL;5159.37
2025-02-25 05:00:00;SUDESTE/CENTRO-OESTE;SUL;5215.975
2025-02-25 06:00:00;SUDESTE/CENTRO-OESTE;SUL;4840.838
2025-02-25 07:00:00;SUDESTE/CENTRO-OESTE;SUL;5020.487
2025-02-25 08:00:00;SUDESTE/CENTRO-OESTE;SUL;4303.352
2025-02-25 09:00:00;SUDESTE/CENTRO-OESTE;SUL;3757.284
2025-02-25 10:00:00;SUDESTE/CENTRO-OESTE;SUL;4084.382
2025-02-25 11:00:00;SUDESTE/CENTRO-OESTE;SUL;4202.701
2025-02-25 12:00:00;SUDESTE/CENTRO-OESTE;SUL;4296.638
2025-02-25 13:00:00;SUDESTE/CENTRO-OESTE;SUL;4901.304
2025-02-25 14:00:00;SUDESTE/CENTRO-OESTE;SUL;4775.62
2025-02-25 15:00:00;SUDESTE/CENTRO-OESTE;SUL;4643.82399999
2025-02-25 16:00:00;SUDESTE/CENTRO-OESTE;SUL;5002.805
2025-02-25 17:00:00;SUDESTE/CENTRO-OESTE;SUL;4928.598
2025-02-25 18:00:00;SUDESTE/CENTRO-OESTE;SUL;4724.131
2025-02-25 19:00:00;SUDESTE/CENTRO-OESTE;SUL;4991.69899999
2025-02-25 20:00:00;SUDESTE/CENTRO-OESTE;SUL;5062.206
2025-02-25 21:00:00;SUDESTE/CENTRO-OESTE;SUL;5258.751
2025-02-25 22:00:00;SUDESTE/CENTRO-OESTE;SUL;5425.93099999
2025-02-25 23:00:00;SUDESTE/CENTRO-OESTE;SUL;4751.685
2025-02-26 00:00:00;SUDESTE/CENTRO-OESTE;SUL;5914.38
2025-02-26 01:00:00;SUDESTE/CENTRO-OESTE;SUL;5323.39999999
2025-02-26 02:00:00;SUDESTE/CENTRO-OESTE;SUL;5045.83299999
2025-02-26 03:00:00;SUDESTE/CENTRO-OESTE;SUL;5078.553
2025-02-26 04:00:00;SUDESTE/CENTRO-OESTE;SUL;5166.737
2025-02-26 05:00:00;SUDESTE/CENTRO-OESTE;SUL;5355.35499999
2025-02-26 06:00:00;SUDESTE/CENTRO-OESTE;SUL;5063.184
2025-02-26 07:00:00;SUDESTE/CENTRO-OESTE;SUL;4975.15899999
2025-02-26 08:00:00;SUDESTE/CENTRO-OESTE;SUL;4605.272
2025-02-26 09:00:00;SUDESTE/CENTRO-OESTE;SUL;3758.651
2025-02-26 10:00:00;SUDESTE/CENTRO-OESTE;SUL;3905.017
2025-02-26 11:00:00;SUDESTE/CENTRO-OESTE;SUL;4124.67699999
2025-02-26 12:00:00;SUDESTE/CENTRO-OESTE;SUL;3756.287
2025-02-26 13:00:00;SUDESTE/CENTRO-OESTE;SUL;3910.105
2025-02-26 14:00:00;SUDESTE/CENTRO-OESTE;SUL;4395.474
2025-02-26 15:00:00;SUDESTE/CENTRO-OESTE;SUL;4608.318
2025-02-26 16:00:00;SUDESTE/CENTRO-OESTE;SUL;5136.03799999
2025-02-26 17:00:00;SUDESTE/CENTRO-OESTE;SUL;4815.289
2025-02-26 18:00:00;SUDESTE/CENTRO-OESTE;SUL;4293.622
2025-02-26 19:00:00;SUDESTE/CENTRO-OESTE;SUL;4943.841
2025-02-26 20:00:00;SUDESTE/CENTRO-OESTE;SUL;4770.84
2025-02-26 21:00:00;SUDESTE/CENTRO-OESTE;SUL;4625.809
2025-02-26 22:00:00;SUDESTE/CENTRO-OESTE;SUL;4272.127
2025-02-26 23:00:00;SUDESTE/CENTRO-OESTE;SUL;4562.189
2025-02-27 00:00:00;SUDESTE/CENTRO-OESTE;SUL;4349.80199999
2025-02-27 01:00:00;SUDESTE/CENTRO-OESTE;SUL;4534.309
2025-02-27 02:00:00;SUDESTE/CENTRO-OESTE;SUL;4937.54299999
2025-02-27 03:00:00;SUDESTE/CENTRO-OESTE;SUL;5008.941
2025-02-27 04:00:00;SUDESTE/CENTRO-OESTE;SUL;5189.154
2025-02-27 05:00:00;SUDESTE/CENTRO-OESTE;SUL;5130.80199999
2025-02-27 06:00:00;SUDESTE/CENTRO-OESTE;SUL;4572.044
2025-02-27 07:00:00;SUDESTE/CENTRO-OESTE;SUL;4477.331
2025-02-27 08:00:00;SUDESTE/CENTRO-OESTE;SUL;4158.359
2025-02-27 09:00:00;SUDESTE/CENTRO-OESTE;SUL;3896.996
2025-02-27 10:00:00;SUDESTE/CENTRO-OESTE;SUL;3340.289
2025-02-27 11:00:00;SUDESTE/CENTRO-OESTE;SUL;3668.308
2025-02-27 12:00:00;SUDESTE/CENTRO-OESTE;SUL;3957.408
2025-02-27 13:00:00;SUDESTE/CENTRO-OESTE;SUL;3906.294
2025-02-27 14:00:00;SUDESTE/CENTRO-OESTE;SUL;4464.652
2025-02-27 15:00:00;SUDESTE/CENTRO-OESTE;SUL;4574.329
2025-02-27 16:00:00;SUDESTE/CENTRO-OESTE;SUL;4571.42199999
2025-02-27 17:00:00;SUDESTE/CENTRO-OESTE;SUL;4887.134
2025-02-27 18:00:00;SUDESTE/CENTRO-OESTE;SUL;4159.915
2025-02-27 19:00:00;SUDESTE/CENTRO-OESTE;SUL;4919.715
2025-02-27 20:00:00;SUDESTE/CENTRO-OESTE;SUL;4663.175
2025-02-27 21:00:00;SUDESTE/CENTRO-OESTE;SUL;4452.439
2025-02-27 22:00:00;SUDESTE/CENTRO-OESTE;SUL;4367.843
2025-02-27 23:00:00;SUDESTE/CENTRO-OESTE;SUL;4197.225
2025-02-28 00:00:00;SUDESTE/CENTRO-OESTE;SUL;4477.185
2025-02-28 01:00:00;SUDESTE/CENTRO-OESTE;SUL;4569.50699999
2025-02-28 02:00:00;SUDESTE/CENTRO-OESTE;SUL;4284.09199999
2025-02-28 03:00:00;SUDESTE/CENTRO-OESTE;SUL;4264.453
2025-02-28 04:00:00;SUDESTE/CENTRO-OESTE;SUL;4217.281
2025-02-28 05:00:00;SUDESTE/CENTRO-OESTE;SUL;4137.741
2025-02-28 06:00:00;SUDESTE/CENTRO-OESTE;SUL;3866.82
2025-02-28 07:00:00;SUDESTE/CENTRO-OESTE;SUL;4550.86899999
2025-02-28 08:00:00;SUDESTE/CENTRO-OESTE;SUL;4791.819
2025-02-28 09:00:00;SUDESTE/CENTRO-OESTE;SUL;4304.122
2025-02-28 10:00:00;SUDESTE/CENTRO-OESTE;SUL;4406.74399999
2025-02-28 11:00:00;SUDESTE/CENTRO-OESTE;SUL;4297.83299999
2025-02-28 12:00:00;SUDESTE/CENTRO-OESTE;SUL;4393.969
2025-02-28 13:00:00;SUDESTE/CENTRO-OESTE;SUL;4512.01599999
2025-02-28 14:00:00;SUDESTE/CENTRO-OESTE;SUL;3741.123
2025-02-28 15:00:00;SUDESTE/CENTRO-OESTE;SUL;4211.389
2025-02-28 16:00:00;SUDESTE/CENTRO-OESTE;SUL;4389.491
2025-02-28 17:00:00;SUDESTE/CENTRO-OESTE;SUL;4366.022
2025-02-28 18:00:00;SUDESTE/CENTRO-OESTE;SUL;4019.451
2025-02-28 19:00:00;SUDESTE/CENTRO-OESTE;SUL;4948.252
2025-02-28 20:00:00;SUDESTE/CENTRO-OESTE;SUL;4804.24
2025-02-28 21:00:00;SUDESTE/CENTRO-OESTE;SUL;4417.068
2025-02-28 22:00:00;SUDESTE/CENTRO-OESTE;SUL;4609.946
2025-02-28 23:00:00;SUDESTE/CENTRO-OESTE;SUL;4801.838
2025-03-01 00:00:00;SUDESTE/CENTRO-OESTE;SUL;6757.99
2025-03-01 01:00:00;SUDESTE/CENTRO-OESTE;SUL;7099.929
2025-03-01 02:00:00;SUDESTE/CENTRO-OESTE;SUL;7306.723
2025-03-01 03:00:00;SUDESTE/CENTRO-OESTE;SUL;6885.011
2025-03-01 04:00:00;SUDESTE/CENTRO-OESTE;SUL;6839.027
2025-03-01 05:00:00;SUDESTE/CENTRO-OESTE;SUL;6965.303
2025-03-01 06:00:00;SUDESTE/CENTRO-OESTE;SUL;6693.411
2025-03-01 07:00:00;SUDESTE/CENTRO-OESTE;SUL;6084.004
2025-03-01 08:00:00;SUDESTE/CENTRO-OESTE;SUL;4897.828
2025-03-01 09:00:00;SUDESTE/CENTRO-OESTE;SUL;4067.24
2025-03-01 10:00:00;SUDESTE/CENTRO-OESTE;SUL;3509.204
2025-03-01 11:00:00;SUDESTE/CENTRO-OESTE;SUL;3024.484
2025-03-01 12:00:00;SUDESTE/CENTRO-OESTE;SUL;2616.926
2025-03-01 13:00:00;SUDESTE/CENTRO-OESTE;SUL;2970.839
2025-03-01 14:00:00;SUDESTE/CENTRO-OESTE;SUL;2925.22
2025-03-01 15:00:00;SUDESTE/CENTRO-OESTE;SUL;4594.335
2025-03-01 16:00:00;SUDESTE/CENTRO-OESTE;SUL;5398.97099999
2025-03-01 17:00:00;SUDESTE/CENTRO-OESTE;SUL;6098.578
2025-03-01 18:00:00;SUDESTE/CENTRO-OESTE;SUL;5325.438
2025-03-01 19:00:00;SUDESTE/CENTRO-OESTE;SUL;4985.322
2025-03-01 20:00:00;SUDESTE/CENTRO-OESTE;SUL;4987.752
2025-03-01 21:00:00;SUDESTE/CENTRO-OESTE;SUL;4562.92699999
2025-03-01 22:00:00;SUDESTE/CENTRO-OESTE;SUL;4447.493
2025-03-01 23:00:00;SUDESTE/CENTRO-OESTE;SUL;4571.425
2025-03-02 00:00:00;SUDESTE/CENTRO-OESTE;SUL;6534.515
2025-03-02 01:00:00;SUDESTE/CENTRO-OESTE;SUL;6584.541
2025-03-02 02:00:00;SUDESTE/CENTRO-OESTE;SUL;6636.052
2025-03-02 03:00:00;SUDESTE/CENTRO-OESTE;SUL;6894.454
2025-03-02 04:00:00;SUDESTE/CENTRO-OESTE;SUL;6922.333
2025-03-02 05:00:00;SUDESTE/CENTRO-OESTE;SUL;6833.595
2025-03-02 06:00:00;SUDESTE/CENTRO-OESTE;SUL;6933.184
2025-03-02 07:00:00;SUDESTE/CENTRO-OESTE;SUL;6068.061
2025-03-02 08:00:00;SUDESTE/CENTRO-OESTE;SUL;5883.219
2025-03-02 09:00:00;SUDESTE/CENTRO-OESTE;SUL;5495.607
2025-03-02 10:00:00;SUDESTE/CENTRO-OESTE;SUL;5051.10099999
2025-03-02 11:00:00;SUDESTE/CENTRO-OESTE;SUL;4696.77
2025-03-02 12:00:00;SUDESTE/CENTRO-OESTE;SUL;4897.484
2025-03-02 13:00:00;SUDESTE/CENTRO-OESTE;SUL;5479.587
2025-03-02 14:00:00;SUDESTE/CENTRO-OESTE;SUL;6127.499
2025-03-02 15:00:00;SUDESTE/CENTRO-OESTE;SUL;6220.726
2025-03-02 16:00:00;SUDESTE/CENTRO-OESTE;SUL;6463.306
2025-03-02 17:00:00;SUDESTE/CENTRO-OESTE;SUL;6815.537
2025-03-02 18:00:00;SUDESTE/CENTRO-OESTE;SUL;5806.779
2025-03-02 19:00:00;SUDESTE/CENTRO-OESTE;SUL;5803.421
2025-03-02 20:00:00;SUDESTE/CENTRO-OESTE;SUL;6140.098
2025-03-02 21:00:00;SUDESTE/CENTRO-OESTE;SUL;6039.626
2025-03-02 22:00:00;SUDESTE/CENTRO-OESTE;SUL;5185.999
2025-03-02 23:00:00;SUDESTE/CENTRO-OESTE;SUL;3570.842
2025-03-03 00:00:00;SUDESTE/CENTRO-OESTE;SUL;4125.577
2025-03-03 01:00:00;SUDESTE/CENTRO-OESTE;SUL;6116.563
2025-03-03 02:00:00;SUDESTE/CENTRO-OESTE;SUL;7056.83
2025-03-03 03:00:00;SUDESTE/CENTRO-OESTE;SUL;7323.051
2025-03-03 04:00:00;SUDESTE/CENTRO-OESTE;SUL;7767.838
2025-03-03 05:00:00;SUDESTE/CENTRO-OESTE;SUL;7681.007
2025-03-03 06:00:00;SUDESTE/CENTRO-OESTE;SUL;6050.677
2025-03-03 07:00:00;SUDESTE/CENTRO-OESTE;SUL;6230.665
2025-03-03 08:00:00;SUDESTE/CENTRO-OESTE;SUL;5039.30199999
2025-03-03 09:00:00;SUDESTE/CENTRO-OESTE;SUL;4059.525
2025-03-03 10:00:00;SUDESTE/CENTRO-OESTE;SUL;3658.449
2025-03-03 11:00:00;SUDESTE/CENTRO-OESTE;SUL;3603.226
2025-03-03 12:00:00;SUDESTE/CENTRO-OESTE;SUL;3227.03
2025-03-03 13:00:00;SUDESTE/CENTRO-OESTE;SUL;4354.47599999
2025-03-03 14:00:00;SUDESTE/CENTRO-OESTE;SUL;4726.456
2025-03-03 15:00:00;SUDESTE/CENTRO-OESTE;SUL;4945.42699999
2025-03-03 16:00:00;SUDESTE/CENTRO-OESTE;SUL;5351.02499999
2025-03-03 17:00:00;SUDESTE/CENTRO-OESTE;SUL;6555.496
2025-03-03 18:00:00;SUDESTE/CENTRO-OESTE;SUL;6576.021
2025-03-03 19:00:00;SUDESTE/CENTRO-OESTE;SUL;6345.376
2025-03-03 20:00:00;SUDESTE/CENTRO-OESTE;SUL;6359.977
2025-03-03 21:00:00;SUDESTE/CENTRO-OESTE;SUL;6189.487
2025-03-03 22:00:00;SUDESTE/CENTRO-OESTE;SUL;6242.316
2025-03-03 23:00:00;SUDESTE/CENTRO-OESTE;SUL;5607.954
2025-03-04 00:00:00;SUDESTE/CENTRO-OESTE;SUL;5250.8
2025-03-04 01:00:00;SUDESTE/CENTRO-OESTE;SUL;5468.643
2025-03-04 02:00:00;SUDESTE/CENTRO-OESTE;SUL;6978.757
2025-03-04 03:00:00;SUDESTE/CENTRO-OESTE;SUL;7662.171
2025-03-04 04:00:00;SUDESTE/CENTRO-OESTE;SUL;7861.975
2025-03-04 05:00:00;SUDESTE/CENTRO-OESTE;SUL;7615.401
2025-03-04 06:00:00;SUDESTE/CENTRO-OESTE;SUL;6800.582
2025-03-04 07:00:00;SUDESTE/CENTRO-OESTE;SUL;6412.546
2025-03-04 08:00:00;SUDESTE/CENTRO-OESTE;SUL;5884.159
2025-03-04 09:00:00;SUDESTE/CENTRO-OESTE;SUL;4473.96699999
2025-03-04 10:00:00;SUDESTE/CENTRO-OESTE;SUL;3716.619
2025-03-04 11:00:00;SUDESTE/CENTRO-OESTE;SUL;3799.881
2025-03-04 12:00:00;SUDESTE/CENTRO-OESTE;SUL;3810.735
2025-03-04 13:00:00;SUDESTE/CENTRO-OESTE;SUL;4404.781
2025-03-04 14:00:00;SUDESTE/CENTRO-OESTE;SUL;4476.67699999
2025-03-04 15:00:00;SUDESTE/CENTRO-OESTE;SUL;4744.189
2025-03-04 16:00:00;SUDESTE/CENTRO-OESTE;SUL;6032.947
2025-03-04 17:00:00;SUDESTE/CENTRO-OESTE;SUL;6056.573
2025-03-04 18:00:00;SUDESTE/CENTRO-OESTE;SUL;6157.694
2025-03-04 19:00:00;SUDESTE/CENTRO-OESTE;SUL;6954.261
2025-03-04 20:00:00;SUDESTE/CENTRO-OESTE;SUL;6783.36
2025-03-04 21:00:00;SUDESTE/CENTRO-OESTE;SUL;6716.298
2025-03-04 22:00:00;SUDESTE/CENTRO-OESTE;SUL;6744.797
2025-03-04 23:00:00;SUDESTE/CENTRO-OESTE;SUL;5813.184
2025-03-05 00:00:00;SUDESTE/CENTRO-OESTE;SUL;5000.767
2025-03-05 01:00:00;SUDESTE/CENTRO-OESTE;SUL;5777.294
2025-03-05 02:00:00;SUDESTE/CENTRO-OESTE;SUL;6383.737
2025-03-05 03:00:00;SUDESTE/CENTRO-OESTE;SUL;7274.501
2025-03-05 04:00:00;SUDESTE/CENTRO-OESTE;SUL;7400.856
2025-03-05 05:00:00;SUDESTE/CENTRO-OESTE;SUL;6207.662
2025-03-05 06:00:00;SUDESTE/CENTRO-OESTE;SUL;5273.812
2025-03-05 07:00:00;SUDESTE/CENTRO-OESTE;SUL;4822.43599999
2025-03-05 08:00:00;SUDESTE/CENTRO-OESTE;SUL;4525.789
2025-03-05 09:00:00;SUDESTE/CENTRO-OESTE;SUL;4683.1
2025-03-05 10:00:00;SUDESTE/CENTRO-OESTE;SUL;4919.987
2025-03-05 11:00:00;SUDESTE/CENTRO-OESTE;SUL;5002.371
2025-03-05 12:00:00;SUDESTE/CENTRO-OESTE;SUL;4762.724
2025-03-05 13:00:00;SUDESTE/CENTRO-OESTE;SUL;5958.438
2025-03-05 14:00:00;SUDESTE/CENTRO-OESTE;SUL;6126.175
2025-03-05 15:00:00;SUDESTE/CENTRO-OESTE;SUL;6736.862
2025-03-05 16:00:00;SUDESTE/CENTRO-OESTE;SUL;7206.98
2025-03-05 17:00:00;SUDESTE/CENTRO-OESTE;SUL;6443.995
2025-03-05 18:00:00;SUDESTE/CENTRO-OESTE;SUL;4881.211
2025-03-05 19:00:00;SUDESTE/CENTRO-OESTE;SUL;5931.701
2025-03-05 20:00:00;SUDESTE/CENTRO-OESTE;SUL;6315.651
2025-03-05 21:00:00;SUDESTE/CENTRO-OESTE;SUL;6507.929
2025-03-05 22:00:00;SUDESTE/CENTRO-OESTE;SUL;6691.857
2025-03-05 23:00:00;SUDESTE/CENTRO-OESTE;SUL;6516.515
2025-03-06 00:00:00;SUDESTE/CENTRO-OESTE;SUL;6828.149
2025-03-06 01:00:00;SUDESTE/CENTRO-OESTE;SUL;7862.035
2025-03-06 02:00:00;SUDESTE/CENTRO-OESTE;SUL;8117.84
2025-03-06 03:00:00;SUDESTE/CENTRO-OESTE;SUL;8581.69299999
2025-03-06 04:00:00;SUDESTE/CENTRO-OESTE;SUL;8460.875
2025-03-06 05:00:00;SUDESTE/CENTRO-OESTE;SUL;8474.628
2025-03-06 06:00:00;SUDESTE/CENTRO-OESTE;SUL;6587.615
2025-03-06 07:00:00;SUDESTE/CENTRO-OESTE;SUL;5221.729
2025-03-06 08:00:00;SUDESTE/CENTRO-OESTE;SUL;5461.595
2025-03-06 09:00:00;SUDESTE/CENTRO-OESTE;SUL;5725.553
2025-03-06 10:00:00;SUDESTE/CENTRO-OESTE;SUL;5216.433
2025-03-06 11:00:00;SUDESTE/CENTRO-OESTE;SUL;5558.488
2025-03-06 12:00:00;SUDESTE/CENTRO-OESTE;SUL;5765.2
2025-03-06 13:00:00;SUDESTE/CENTRO-OESTE;SUL;6336.672
2025-03-06 14:00:00;SUDESTE/CENTRO-OESTE;SUL;6783.773
2025-03-06 15:00:00;SUDESTE/CENTRO-OESTE;SUL;6846.629
2025-03-06 16:00:00;SUDESTE/CENTRO-OESTE;SUL;6305.982
2025-03-06 17:00:00;SUDESTE/CENTRO-OESTE;SUL;7606.919
2025-03-06 18:00:00;SUDESTE/CENTRO-OESTE;SUL;7037.208
2025-03-06 19:00:00;SUDESTE/CENTRO-OESTE;SUL;7185.608
2025-03-06 20:00:00;SUDESTE/CENTRO-OESTE;SUL;7255.416
2025-03-06 21:00:00;SUDESTE/CENTRO-OESTE;SUL;6982.683
2025-03-06 22:00:00;SUDESTE/CENTRO-OESTE;SUL;6139.805
2025-03-06 23:00:00;SUDESTE/CENTRO-OESTE;SUL;6105.172
2025-03-07 00:00:00;SUDESTE/CENTRO-OESTE;SUL;6197.919
2025-03-07 01:00:00;SUDESTE/CENTRO-OESTE;SUL;7172.337
2025-03-07 02:00:00;SUDESTE/CENTRO-OESTE;SUL;7058.147
2025-03-07 03:00:00;SUDESTE/CENTRO-OESTE;SUL;8158.405
2025-03-07 04:00:00;SUDESTE/CENTRO-OESTE;SUL;8327.32
2025-03-07 05:00:00;SUDESTE/CENTRO-OESTE;SUL;6941.672
2025-03-07 06:00:00;SUDESTE/CENTRO-OESTE;SUL;5811.293
2025-03-07 07:00:00;SUDESTE/CENTRO-OESTE;SUL;5394.271
2025-03-07 08:00:00;SUDESTE/CENTRO-OESTE;SUL;5043.367
2025-03-07 09:00:00;SUDESTE/CENTRO-OESTE;SUL;4910.769
2025-03-07 10:00:00;SUDESTE/CENTRO-OESTE;SUL;5152.34
2025-03-07 11:00:00;SUDESTE/CENTRO-OESTE;SUL;5539.804
2025-03-07 12:00:00;SUDESTE/CENTRO-OESTE;SUL;6097.145
2025-03-07 13:00:00;SUDESTE/CENTRO-OESTE;SUL;6073.809
2025-03-07 14:00:00;SUDESTE/CENTRO-OESTE;SUL;6477.545
2025-03-07 15:00:00;SUDESTE/CENTRO-OESTE;SUL;6592.666
2025-03-07 16:00:00;SUDESTE/CENTRO-OESTE;SUL;6195.431
2025-03-07 17:00:00;SUDESTE/CENTRO-OESTE;SUL;6466.704
2025-03-07 18:00:00;SUDESTE/CENTRO-OESTE;SUL;6416.053
2025-03-07 19:00:00;SUDESTE/CENTRO-OESTE;SUL;7707.623
2025-03-07 20:00:00;SUDESTE/CENTRO-OESTE;SUL;7775.321
2025-03-07 21:00:00;SUDESTE/CENTRO-OESTE;SUL;8392.338
2025-03-07 22:00:00;SUDESTE/CENTRO-OESTE;SUL;8025.604
2025-03-07 23:00:00;SUDESTE/CENTRO-OESTE;SUL;7539.122
2025-03-08 00:00:00;SUDESTE/CENTRO-OESTE;SUL;6895.232
2025-03-08 01:00:00;SUDESTE/CENTRO-OESTE;SUL;7134.611
2025-03-08 02:00:00;SUDESTE/CENTRO-OESTE;SUL;7284.483
2025-03-08 03:00:00;SUDESTE/CENTRO-OESTE;SUL;7656.704
2025-03-08 04:00:00;SUDESTE/CENTRO-OESTE;SUL;7355.841
2025-03-08 05:00:00;SUDESTE/CENTRO-OESTE;SUL;6391.608
2025-03-08 06:00:00;SUDESTE/CENTRO-OESTE;SUL;5086.612
2025-03-08 07:00:00;SUDESTE/CENTRO-OESTE;SUL;4584.215
2025-03-08 08:00:00;SUDESTE/CENTRO-OESTE;SUL;4000.948
2025-03-08 09:00:00;SUDESTE/CENTRO-OESTE;SUL;3235.26
2025-03-08 10:00:00;SUDESTE/CENTRO-OESTE;SUL;3271.388
2025-03-08 11:00:00;SUDESTE/CENTRO-OESTE;SUL;3493.062
2025-03-08 12:00:00;SUDESTE/CENTRO-OESTE;SUL;3489.012
2025-03-08 13:00:00;SUDESTE/CENTRO-OESTE;SUL;3991.904
2025-03-08 14:00:00;SUDESTE/CENTRO-OESTE;SUL;3881.513
2025-03-08 15:00:00;SUDESTE/CENTRO-OESTE;SUL;3751.405
2025-03-08 16:00:00;SUDESTE/CENTRO-OESTE;SUL;4823.38
2025-03-08 17:00:00;SUDESTE/CENTRO-OESTE;SUL;6172.042
2025-03-08 18:00:00;SUDESTE/CENTRO-OESTE;SUL;4889.969
2025-03-08 19:00:00;SUDESTE/CENTRO-OESTE;SUL;5167.651
2025-03-08 20:00:00;SUDESTE/CENTRO-OESTE;SUL;5790.497
2025-03-08 21:00:00;SUDESTE/CENTRO-OESTE;SUL;5255.664
2025-03-08 22:00:00;SUDESTE/CENTRO-OESTE;SUL;4950.097
2025-03-08 23:00:00;SUDESTE/CENTRO-OESTE;SUL;4284.93999999
2025-03-09 00:00:00;SUDESTE/CENTRO-OESTE;SUL;5175.018
2025-03-09 01:00:00;SUDESTE/CENTRO-OESTE;SUL;6043.04
2025-03-09 02:00:00;SUDESTE/CENTRO-OESTE;SUL;6482.327
2025-03-09 03:00:00;SUDESTE/CENTRO-OESTE;SUL;6837.05
2025-03-09 04:00:00;SUDESTE/CENTRO-OESTE;SUL;7152.892
2025-03-09 05:00:00;SUDESTE/CENTRO-OESTE;SUL;7219.866
2025-03-09 06:00:00;SUDESTE/CENTRO-OESTE;SUL;7196.466
2025-03-09 07:00:00;SUDESTE/CENTRO-OESTE;SUL;6416.311
2025-03-09 08:00:00;SUDESTE/CENTRO-OESTE;SUL;6034.737
2025-03-09 09:00:00;SUDESTE/CENTRO-OESTE;SUL;5911.69
2025-03-09 10:00:00;SUDESTE/CENTRO-OESTE;SUL;5448.60499999
2025-03-09 11:00:00;SUDESTE/CENTRO-OESTE;SUL;5634.118
2025-03-09 12:00:00;SUDESTE/CENTRO-OESTE;SUL;5651.353
2025-03-09 13:00:00;SUDESTE/CENTRO-OESTE;SUL;5227.905
2025-03-09 14:00:00;SUDESTE/CENTRO-OESTE;SUL;4376.541
2025-03-09 15:00:00;SUDESTE/CENTRO-OESTE;SUL;3786.507
2025-03-09 16:00:00;SUDESTE/CENTRO-OESTE;SUL;4126.462
2025-03-09 17:00:00;SUDESTE/CENTRO-OESTE;SUL;4786.872
2025-03-09 18:00:00;SUDESTE/CENTRO-OESTE;SUL;3639.873
2025-03-09 19:00:00;SUDESTE/CENTRO-OESTE;SUL;3418.157
2025-03-09 20:00:00;SUDESTE/CENTRO-OESTE;SUL;3268.191
2025-03-09 21:00:00;SUDESTE/CENTRO-OESTE;SUL;3116.535
2025-03-09 22:00:00;SUDESTE/CENTRO-OESTE;SUL;2876.158
2025-03-09 23:00:00;SUDESTE/CENTRO-OESTE;SUL;2638.879
2025-03-10 00:00:00;SUDESTE/CENTRO-OESTE;SUL;4734.09
2025-03-10 01:00:00;SUDESTE/CENTRO-OESTE;SUL;6110.006
2025-03-10 02:00:00;SUDESTE/CENTRO-OESTE;SUL;7263.203
2025-03-10 03:00:00;SUDESTE/CENTRO-OESTE;SUL;7674.108
2025-03-10 04:00:00;SUDESTE/CENTRO-OESTE;SUL;7911.896
2025-03-10 05:00:00;SUDESTE/CENTRO-OESTE;SUL;7758.036
2025-03-10 06:00:00;SUDESTE/CENTRO-OESTE;SUL;6649.606
2025-03-10 07:00:00;SUDESTE/CENTRO-OESTE;SUL;5299.965
2025-03-10 08:00:00;SUDESTE/CENTRO-OESTE;SUL;4995.35099999
2025-03-10 09:00:00;SUDESTE/CENTRO-OESTE;SUL;4564.72
2025-03-10 10:00:00;SUDESTE/CENTRO-OESTE;SUL;4684.628
2025-03-10 11:00:00;SUDESTE/CENTRO-OESTE;SUL;4028.594
2025-03-10 12:00:00;SUDESTE/CENTRO-OESTE;SUL;4244.889
2025-03-10 13:00:00;SUDESTE/CENTRO-OESTE;SUL;3987.465
2025-03-10 14:00:00;SUDESTE/CENTRO-OESTE;SUL;3434.679
2025-03-10 15:00:00;SUDESTE/CENTRO-OESTE;SUL;3418.522
2025-03-10 16:00:00;SUDESTE/CENTRO-OESTE;SUL;3843.862
2025-03-10 17:00:00;SUDESTE/CENTRO-OESTE;SUL;4172.664
2025-03-10 18:00:00;SUDESTE/CENTRO-OESTE;SUL;4171.03399999
2025-03-10 19:00:00;SUDESTE/CENTRO-OESTE;SUL;5224.829
2025-03-10 20:00:00;SUDESTE/CENTRO-OESTE;SUL;5271.104
2025-03-10 21:00:00;SUDESTE/CENTRO-OESTE;SUL;4477.72599999
2025-03-10 22:00:00;SUDESTE/CENTRO-OESTE;SUL;3586.435
2025-03-10 23:00:00;SUDESTE/CENTRO-OESTE;SUL;3220.21
2025-03-11 00:00:00;SUDESTE/CENTRO-OESTE;SUL;5461.99399999
2025-03-11 01:00:00;SUDESTE/CENTRO-OESTE;SUL;7227.568
2025-03-11 02:00:00;SUDESTE/CENTRO-OESTE;SUL;8609.384
2025-03-11 03:00:00;SUDESTE/CENTRO-OESTE;SUL;8953.606
2025-03-11 04:00:00;SUDESTE/CENTRO-OESTE;SUL;8992.519
2025-03-11 05:00:00;SUDESTE/CENTRO-OESTE;SUL;8946.937
2025-03-11 06:00:00;SUDESTE/CENTRO-OESTE;SUL;7647.985
2025-03-11 07:00:00;SUDESTE/CENTRO-OESTE;SUL;6991.892
2025-03-11 08:00:00;SUDESTE/CENTRO-OESTE;SUL;6605.566
2025-03-11 09:00:00;SUDESTE/CENTRO-OESTE;SUL;5759.245
2025-03-11 10:00:00;SUDESTE/CENTRO-OESTE;SUL;5446.805
2025-03-11 11:00:00;SUDESTE/CENTRO-OESTE;SUL;5631.163
2025-03-11 12:00:00;SUDESTE/CENTRO-OESTE;SUL;5136.965
2025-03-11 13:00:00;SUDESTE/CENTRO-OESTE;SUL;5664.509
2025-03-11 14:00:00;SUDESTE/CENTRO-OESTE;SUL;5688.24
2025-03-11 15:00:00;SUDESTE/CENTRO-OESTE;SUL;4893.46
2025-03-11 16:00:00;SUDESTE/CENTRO-OESTE;SUL;4692.268
2025-03-11 17:00:00;SUDESTE/CENTRO-OESTE;SUL;5570.933
2025-03-11 18:00:00;SUDESTE/CENTRO-OESTE;SUL;5382.75
2025-03-11 19:00:00;SUDESTE/CENTRO-OESTE;SUL;5580.907
2025-03-11 20:00:00;SUDESTE/CENTRO-OESTE;SUL;5635.949
2025-03-11 21:00:00;SUDESTE/CENTRO-OESTE;SUL;6018.518
2025-03-11 22:00:00;SUDESTE/CENTRO-OESTE;SUL;5610.504
2025-03-11 23:00:00;SUDESTE/CENTRO-OESTE;SUL;5483.38
2025-03-12 00:00:00;SUDESTE/CENTRO-OESTE;SUL;5670.769
2025-03-12 01:00:00;SUDESTE/CENTRO-OESTE;SUL;6071.155
2025-03-12 02:00:00;SUDESTE/CENTRO-OESTE;SUL;6879.965
2025-03-12 03:00:00;SUDESTE/CENTRO-OESTE;SUL;7159.339
2025-03-12 04:00:00;SUDESTE/CENTRO-OESTE;SUL;7315.511
2025-03-12 05:00:00;SUDESTE/CENTRO-OESTE;SUL;7928.356
2025-03-12 06:00:00;SUDESTE/CENTRO-OESTE;SUL;7594.094
2025-03-12 07:00:00;SUDESTE/CENTRO-OESTE;SUL;7218.977
2025-03-12 08:00:00;SUDESTE/CENTRO-OESTE;SUL;6790.424
2025-03-12 09:00:00;SUDESTE/CENTRO-OESTE;SUL;6519.64
2025-03-12 10:00:00;SUDESTE/CENTRO-OESTE;SUL;6025.588
2025-03-12 11:00:00;SUDESTE/CENTRO-OESTE;SUL;6192.535
2025-03-12 12:00:00;SUDESTE/CENTRO-OESTE;SUL;5538.371
2025-03-12 13:00:00;SUDESTE/CENTRO-OESTE;SUL;6493.427
2025-03-12 14:00:00;SUDESTE/CENTRO-OESTE;SUL;6756.548
2025-03-12 15:00:00;SUDESTE/CENTRO-OESTE;SUL;6749.125
2025-03-12 16:00:00;SUDESTE/CENTRO-OESTE;SUL;6133.671
2025-03-12 17:00:00;SUDESTE/CENTRO-OESTE;SUL;6648.56
2025-03-12 18:00:00;SUDESTE/CENTRO-OESTE;SUL;6337.436
2025-03-12 19:00:00;SUDESTE/CENTRO-OESTE;SUL;6835.987
2025-03-12 20:00:00;SUDESTE/CENTRO-OESTE;SUL;6662.425
2025-03-12 21:00:00;SUDESTE/CENTRO-OESTE;SUL;5896.973
2025-03-12 22:00:00;SUDESTE/CENTRO-OESTE;SUL;4969.74799999
2025-03-12 23:00:00;SUDESTE/CENTRO-OESTE;SUL;4255.952
2025-03-13 00:00:00;SUDESTE/CENTRO-OESTE;SUL;4314.827
2025-03-13 01:00:00;SUDESTE/CENTRO-OESTE;SUL;5462.402
2025-03-13 02:00:00;SUDESTE/CENTRO-OESTE;SUL;6241.638
2025-03-13 03:00:00;SUDESTE/CENTRO-OESTE;SUL;7215.868
2025-03-13 04:00:00;SUDESTE/CENTRO-OESTE;SUL;7553.448
2025-03-13 05:00:00;SUDESTE/CENTRO-OESTE;SUL;7717.186
2025-03-13 06:00:00;SUDESTE/CENTRO-OESTE;SUL;6328.956
2025-03-13 07:00:00;SUDESTE/CENTRO-OESTE;SUL;5878.713
2025-03-13 08:00:00;SUDESTE/CENTRO-OESTE;SUL;5484.625
2025-03-13 09:00:00;SUDESTE/CENTRO-OESTE;SUL;5208.926
2025-03-13 10:00:00;SUDESTE/CENTRO-OESTE;SUL;4825.37
2025-03-13 11:00:00;SUDESTE/CENTRO-OESTE;SUL;4704.491
2025-03-13 12:00:00;SUDESTE/CENTRO-OESTE;SUL;4057.692
2025-03-13 13:00:00;SUDESTE/CENTRO-OESTE;SUL;4923.012
2025-03-13 14:00:00;SUDESTE/CENTRO-OESTE;SUL;5321.376
2025-03-13 15:00:00;SUDESTE/CENTRO-OESTE;SUL;4550.568
2025-03-13 16:00:00;SUDESTE/CENTRO-OESTE;SUL;4835.17199999
2025-03-13 17:00:00;SUDESTE/CENTRO-OESTE;SUL;4795.06499999
2025-03-13 18:00:00;SUDESTE/CENTRO-OESTE;SUL;4303.21
2025-03-13 19:00:00;SUDESTE/CENTRO-OESTE;SUL;5128.845
2025-03-13 20:00:00;SUDESTE/CENTRO-OESTE;SUL;5488.911
2025-03-13 21:00:00;SUDESTE/CENTRO-OESTE;SUL;5496.307
2025-03-13 22:00:00;SUDESTE/CENTRO-OESTE;SUL;4999.95
2025-03-13 23:00:00;SUDESTE/CENTRO-OESTE;SUL;4587.099
2025-03-14 00:00:00;SUDESTE/CENTRO-OESTE;SUL;5513.536
2025-03-14 01:00:00;SUDESTE/CENTRO-OESTE;SUL;6399.212
2025-03-14 02:00:00;SUDESTE/CENTRO-OESTE;SUL;7599.638
2025-03-14 03:00:00;SUDESTE/CENTRO-OESTE;SUL;8167.259
2025-03-14 04:00:00;SUDESTE/CENTRO-OESTE;SUL;8081.565
2025-03-14 05:00:00;SUDESTE/CENTRO-OESTE;SUL;7998.282
2025-03-14 06:00:00;SUDESTE/CENTRO-OESTE;SUL;7080.014
2025-03-14 07:00:00;SUDESTE/CENTRO-OESTE;SUL;6563.741
2025-03-14 08:00:00;SUDESTE/CENTRO-OESTE;SUL;5634.371
2025-03-14 09:00:00;SUDESTE/CENTRO-OESTE;SUL;4658.258
2025-03-14 10:00:00;SUDESTE/CENTRO-OESTE;SUL;4287.818
2025-03-14 11:00:00;SUDESTE/CENTRO-OESTE;SUL;4421.29
2025-03-14 12:00:00;SUDESTE/CENTRO-OESTE;SUL;3927.38
2025-03-14 13:00:00;SUDESTE/CENTRO-OESTE;SUL;4989.853
2025-03-14 14:00:00;SUDESTE/CENTRO-OESTE;SUL;5953.118
2025-03-14 15:00:00;SUDESTE/CENTRO-OESTE;SUL;6468.381
2025-03-14 16:00:00;SUDESTE/CENTRO-OESTE;SUL;5457.05599999
2025-03-14 17:00:00;SUDESTE/CENTRO-OESTE;SUL;4189.323
2025-03-14 18:00:00;SUDESTE/CENTRO-OESTE;SUL;4146.468
2025-03-14 19:00:00;SUDESTE/CENTRO-OESTE;SUL;4506.751
2025-03-14 20:00:00;SUDESTE/CENTRO-OESTE;SUL;4281.412
2025-03-14 21:00:00;SUDESTE/CENTRO-OESTE;SUL;4388.78
2025-03-14 22:00:00;SUDESTE/CENTRO-OESTE;SUL;3854.039
2025-03-14 23:00:00;SUDESTE/CENTRO-OESTE;SUL;3066.691
2025-03-15 00:00:00;SUDESTE/CENTRO-OESTE;SUL;5221.22
2025-03-15 01:00:00;SUDESTE/CENTRO-OESTE;SUL;6727.244
2025-03-15 02:00:00;SUDESTE/CENTRO-OESTE;SUL;7469.374
2025-03-15 03:00:00;SUDESTE/CENTRO-OESTE;SUL;8148.348
2025-03-15 04:00:00;SUDESTE/CENTRO-OESTE;SUL;8098.737
2025-03-15 05:00:00;SUDESTE/CENTRO-OESTE;SUL;8261.31
2025-03-15 06:00:00;SUDESTE/CENTRO-OESTE;SUL;7603.475
2025-03-15 07:00:00;SUDESTE/CENTRO-OESTE;SUL;7039.932
2025-03-15 08:00:00;SUDESTE/CENTRO-OESTE;SUL;5475.615
2025-03-15 09:00:00;SUDESTE/CENTRO-OESTE;SUL;4110.43099999
2025-03-15 10:00:00;SUDESTE/CENTRO-OESTE;SUL;3548.182
2025-03-15 11:00:00;SUDESTE/CENTRO-OESTE;SUL;3756.091
2025-03-15 12:00:00;SUDESTE/CENTRO-OESTE;SUL;3429.517
2025-03-15 13:00:00;SUDESTE/CENTRO-OESTE;SUL;4155.195
2025-03-15 14:00:00;SUDESTE/CENTRO-OESTE;SUL;4530.075
2025-03-15 15:00:00;SUDESTE/CENTRO-OESTE;SUL;5055.167
2025-03-15 16:00:00;SUDESTE/CENTRO-OESTE;SUL;5815.702
2025-03-15 17:00:00;SUDESTE/CENTRO-OESTE;SUL;5837.926
2025-03-15 18:00:00;SUDESTE/CENTRO-OESTE;SUL;4099.694
2025-03-15 19:00:00;SUDESTE/CENTRO-OESTE;SUL;4007.626
2025-03-15 20:00:00;SUDESTE/CENTRO-OESTE;SUL;4096.627
2025-03-15 21:00:00;SUDESTE/CENTRO-OESTE;SUL;4022.899
2025-03-15 22:00:00;SUDESTE/CENTRO-OESTE;SUL;3811.007
2025-03-15 23:00:00;SUDESTE/CENTRO-OESTE;SUL;3284.737
2025-03-16 00:00:00;SUDESTE/CENTRO-OESTE;SUL;3033.52
2025-03-16 01:00:00;SUDESTE/CENTRO-OESTE;SUL;3423.009
2025-03-16 02:00:00;SUDESTE/CENTRO-OESTE;SUL;3735.792
2025-03-16 03:00:00;SUDESTE/CENTRO-OESTE;SUL;4047.017
2025-03-16 04:00:00;SUDESTE/CENTRO-OESTE;SUL;4569.6
2025-03-16 05:00:00;SUDESTE/CENTRO-OESTE;SUL;4942.206
2025-03-16 06:00:00;SUDESTE/CENTRO-OESTE;SUL;5576.853
2025-03-16 07:00:00;SUDESTE/CENTRO-OESTE;SUL;5490.338
2025-03-16 08:00:00;SUDESTE/CENTRO-OESTE;SUL;5186.526
2025-03-16 09:00:00;SUDESTE/CENTRO-OESTE;SUL;4760.155
2025-03-16 10:00:00;SUDESTE/CENTRO-OESTE;SUL;4417.544
2025-03-16 11:00:00;SUDESTE/CENTRO-OESTE;SUL;4588.711
2025-03-16 12:00:00;SUDESTE/CENTRO-OESTE;SUL;4487.41799999
2025-03-16 13:00:00;SUDESTE/CENTRO-OESTE;SUL;4467.222
2025-03-16 14:00:00;SUDESTE/CENTRO-OESTE;SUL;4786.416
2025-03-16 15:00:00;SUDESTE/CENTRO-OESTE;SUL;5430.515
2025-03-16 16:00:00;SUDESTE/CENTRO-OESTE;SUL;6172.285
2025-03-16 17:00:00;SUDESTE/CENTRO-OESTE;SUL;5318.707
2025-03-16 18:00:00;SUDESTE/CENTRO-OESTE;SUL;4352.962
2025-03-16 19:00:00;SUDESTE/CENTRO-OESTE;SUL;4126.17199999
2025-03-16 20:00:00;SUDESTE/CENTRO-OESTE;SUL;3546.567
2025-03-16 21:00:00;SUDESTE/CENTRO-OESTE;SUL;3255.748
2025-03-16 22:00:00;SUDESTE/CENTRO-OESTE;SUL;3526.647
2025-03-16 23:00:00;SUDESTE/CENTRO-OESTE;SUL;3145.537
2025-03-17 00:00:00;SUDESTE/CENTRO-OESTE;SUL;5230.695
2025-03-17 01:00:00;SUDESTE/CENTRO-OESTE;SUL;7470.724
2025-03-17 02:00:00;SUDESTE/CENTRO-OESTE;SUL;8216.216
2025-03-17 03:00:00;SUDESTE/CENTRO-OESTE;SUL;8307.941
2025-03-17 04:00:00;SUDESTE/CENTRO-OESTE;SUL;8305.004
2025-03-17 05:00:00;SUDESTE/CENTRO-OESTE;SUL;8276.357
2025-03-17 06:00:00;SUDESTE/CENTRO-OESTE;SUL;7841.663
2025-03-17 07:00:00;SUDESTE/CENTRO-OESTE;SUL;6818.075
2025-03-17 08:00:00;SUDESTE/CENTRO-OESTE;SUL;5893.53
2025-03-17 09:00:00;SUDESTE/CENTRO-OESTE;SUL;5302.155
2025-03-17 10:00:00;SUDESTE/CENTRO-OESTE;SUL;5382.906
2025-03-17 11:00:00;SUDESTE/CENTRO-OESTE;SUL;5738.242
2025-03-17 12:00:00;SUDESTE/CENTRO-OESTE;SUL;5745.763
2025-03-17 13:00:00;SUDESTE/CENTRO-OESTE;SUL;6576.534
2025-03-17 14:00:00;SUDESTE/CENTRO-OESTE;SUL;6818.927
2025-03-17 15:00:00;SUDESTE/CENTRO-OESTE;SUL;6717.534
2025-03-17 16:00:00;SUDESTE/CENTRO-OESTE;SUL;6853.62
2025-03-17 17:00:00;SUDESTE/CENTRO-OESTE;SUL;6574.689
2025-03-17 18:00:00;SUDESTE/CENTRO-OESTE;SUL;6523.419
2025-03-17 19:00:00;SUDESTE/CENTRO-OESTE;SUL;7272.855
2025-03-17 20:00:00;SUDESTE/CENTRO-OESTE;SUL;6326.219
2025-03-17 21:00:00;SUDESTE/CENTRO-OESTE;SUL;5919.688
2025-03-17 22:00:00;SUDESTE/CENTRO-OESTE;SUL;5692.57
2025-03-17 23:00:00;SUDESTE/CENTRO-OESTE;SUL;6253.693
2025-03-18 00:00:00;SUDESTE/CENTRO-OESTE;SUL;7800.009
2025-03-18 01:00:00;SUDESTE/CENTRO-OESTE;SUL;9114.322
2025-03-18 02:00:00;SUDESTE/CENTRO-OESTE;SUL;9404.687
2025-03-18 03:00:00;SUDESTE/CENTRO-OESTE;SUL;9760.334
2025-03-18 04:00:00;SUDESTE/CENTRO-OESTE;SUL;9674.821
2025-03-18 05:00:00;SUDESTE/CENTRO-OESTE;SUL;8996.734
2025-03-18 06:00:00;SUDESTE/CENTRO-OESTE;SUL;8092.018
2025-03-18 07:00:00;SUDESTE/CENTRO-OESTE;SUL;7854.911
2025-03-18 08:00:00;SUDESTE/CENTRO-OESTE;SUL;7129.87
2025-03-18 09:00:00;SUDESTE/CENTRO-OESTE;SUL;6618.704
2025-03-18 10:00:00;SUDESTE/CENTRO-OESTE;SUL;6531.391
2025-03-18 11:00:00;SUDESTE/CENTRO-OESTE;SUL;6347.045
2025-03-18 12:00:00;SUDESTE/CENTRO-OESTE;SUL;6202.979
2025-03-18 13:00:00;SUDESTE/CENTRO-OESTE;SUL;6521.076
2025-03-18 14:00:00;SUDESTE/CENTRO-OESTE;SUL;7020.194
2025-03-18 15:00:00;SUDESTE/CENTRO-OESTE;SUL;7337.185
2025-03-18 16:00:00;SUDESTE/CENTRO-OESTE;SUL;7036.313
2025-03-18 17:00:00;SUDESTE/CENTRO-OESTE;SUL;6071.538
2025-03-18 18:00:00;SUDESTE/CENTRO-OESTE;SUL;6516.725
2025-03-18 19:00:00;SUDESTE/CENTRO-OESTE;SUL;6459.473
2025-03-18 20:00:00;SUDESTE/CENTRO-OESTE;SUL;5532.664
2025-03-18 21:00:00;SUDESTE/CENTRO-OESTE;SUL;5118.548
2025-03-18 22:00:00;SUDESTE/CENTRO-OESTE;SUL;4770.35499999
2025-03-18 23:00:00;SUDESTE/CENTRO-OESTE;SUL;5627.332
2025-03-19 00:00:00;SUDESTE/CENTRO-OESTE;SUL;6792.546
2025-03-19 01:00:00;SUDESTE/CENTRO-OESTE;SUL;8483.878
2025-03-19 02:00:00;SUDESTE/CENTRO-OESTE;SUL;9174.40699999
2025-03-19 03:00:00;SUDESTE/CENTRO-OESTE;SUL;9117.061
2025-03-19 04:00:00;SUDESTE/CENTRO-OESTE;SUL;9102.703
2025-03-19 05:00:00;SUDESTE/CENTRO-OESTE;SUL;8957.706
2025-03-19 06:00:00;SUDESTE/CENTRO-OESTE;SUL;8881.155
2025-03-19 07:00:00;SUDESTE/CENTRO-OESTE;SUL;6614.454
2025-03-19 08:00:00;SUDESTE/CENTRO-OESTE;SUL;5528.505
2025-03-19 09:00:00;SUDESTE/CENTRO-OESTE;SUL;5968.938
2025-03-19 10:00:00;SUDESTE/CENTRO-OESTE;SUL;6546.918
2025-03-19 11:00:00;SUDESTE/CENTRO-OESTE;SUL;6482.415
2025-03-19 12:00:00;SUDESTE/CENTRO-OESTE;SUL;6152.326
2025-03-19 13:00:00;SUDESTE/CENTRO-OESTE;SUL;6414.521
2025-03-19 14:00:00;SUDESTE/CENTRO-OESTE;SUL;6888.86
2025-03-19 15:00:00;SUDESTE/CENTRO-OESTE;SUL;7632.7
2025-03-19 16:00:00;SUDESTE/CENTRO-OESTE;SUL;7529.905
2025-03-19 17:00:00;SUDESTE/CENTRO-OESTE;SUL;7467.042
2025-03-19 18:00:00;SUDESTE/CENTRO-OESTE;SUL;7838.557
2025-03-19 19:00:00;SUDESTE/CENTRO-OESTE;SUL;8265.415
2025-03-19 20:00:00;SUDESTE/CENTRO-OESTE;SUL;7592.341
2025-03-19 21:00:00;SUDESTE/CENTRO-OESTE;SUL;7419.454
2025-03-19 22:00:00;SUDESTE/CENTRO-OESTE;SUL;7462.89
2025-03-19 23:00:00;SUDESTE/CENTRO-OESTE;SUL;6837.843
2025-03-20 00:00:00;SUDESTE/CENTRO-OESTE;SUL;7085.078
2025-03-20 01:00:00;SUDESTE/CENTRO-OESTE;SUL;8196.034
2025-03-20 02:00:00;SUDESTE/CENTRO-OESTE;SUL;9182.85
2025-03-20 03:00:00;SUDESTE/CENTRO-OESTE;SUL;8933.1
2025-03-20 04:00:00;SUDESTE/CENTRO-OESTE;SUL;9020.467
2025-03-20 05:00:00;SUDESTE/CENTRO-OESTE;SUL;8872.123
2025-03-20 06:00:00;SUDESTE/CENTRO-OESTE;SUL;8304.471
2025-03-20 07:00:00;SUDESTE/CENTRO-OESTE;SUL;7134.376
2025-03-20 08:00:00;SUDESTE/CENTRO-OESTE;SUL;5726.187
2025-03-20 09:00:00;SUDESTE/CENTRO-OESTE;SUL;5990.822
2025-03-20 10:00:00;SUDESTE/CENTRO-OESTE;SUL;5904.023
2025-03-20 11:00:00;SUDESTE/CENTRO-OESTE;SUL;5713.238
2025-03-20 12:00:00;SUDESTE/CENTRO-OESTE;SUL;5684.859
2025-03-20 13:00:00;SUDESTE/CENTRO-OESTE;SUL;6522.881
2025-03-20 14:00:00;SUDESTE/CENTRO-OESTE;SUL;6229.899
2025-03-20 15:00:00;SUDESTE/CENTRO-OESTE;SUL;6796.703
2025-03-20 16:00:00;SUDESTE/CENTRO-OESTE;SUL;7355.424
2025-03-20 17:00:00;SUDESTE/CENTRO-OESTE;SUL;7399.253
2025-03-20 18:00:00;SUDESTE/CENTRO-OESTE;SUL;7494.907
2025-03-20 19:00:00;SUDESTE/CENTRO-OESTE;SUL;7935.581
2025-03-20 20:00:00;SUDESTE/CENTRO-OESTE;SUL;7321.385
2025-03-20 21:00:00;SUDESTE/CENTRO-OESTE;SUL;7350.013
2025-03-20 22:00:00;SUDESTE/CENTRO-OESTE;SUL;7099.639
2025-03-20 23:00:00;SUDESTE/CENTRO-OESTE;SUL;6323.06
2025-03-21 00:00:00;SUDESTE/CENTRO-OESTE;SUL;7173.183
2025-03-21 01:00:00;SUDESTE/CENTRO-OESTE;SUL;9033.426
2025-03-21 02:00:00;SUDESTE/CENTRO-OESTE;SUL;9031.256
2025-03-21 03:00:00;SUDESTE/CENTRO-OESTE;SUL;8981.877
2025-03-21 04:00:00;SUDESTE/CENTRO-OESTE;SUL;8854.823
2025-03-21 05:00:00;SUDESTE/CENTRO-OESTE;SUL;8938.437
2025-03-21 06:00:00;SUDESTE/CENTRO-OESTE;SUL;8505.928
2025-03-21 07:00:00;SUDESTE/CENTRO-OESTE;SUL;6930.557
2025-03-21 08:00:00;SUDESTE/CENTRO-OESTE;SUL;5540.042
2025-03-21 09:00:00;SUDESTE/CENTRO-OESTE;SUL;5360.457
2025-03-21 10:00:00;SUDESTE/CENTRO-OESTE;SUL;5666.162
2025-03-21 11:00:00;SUDESTE/CENTRO-OESTE;SUL;5500.204
2025-03-21 12:00:00;SUDESTE/CENTRO-OESTE;SUL;5807.698
2025-03-21 13:00:00;SUDESTE/CENTRO-OESTE;SUL;5530.8
2025-03-21 14:00:00;SUDESTE/CENTRO-OESTE;SUL;5731.306
2025-03-21 15:00:00;SUDESTE/CENTRO-OESTE;SUL;5937.835
2025-03-21 16:00:00;SUDESTE/CENTRO-OESTE;SUL;5959.834
2025-03-21 17:00:00;SUDESTE/CENTRO-OESTE;SUL;6047.336
2025-03-21 18:00:00;SUDESTE/CENTRO-OESTE;SUL;6870.091
2025-03-21 19:00:00;SUDESTE/CENTRO-OESTE;SUL;7139.585
2025-03-21 20:00:00;SUDESTE/CENTRO-OESTE;SUL;6592.936
2025-03-21 21:00:00;SUDESTE/CENTRO-OESTE;SUL;6768.339
2025-03-21 22:00:00;SUDESTE/CENTRO-OESTE;SUL;6121.902
2025-03-21 23:00:00;SUDESTE/CENTRO-OESTE;SUL;5087.649
2025-03-22 00:00:00;SUDESTE/CENTRO-OESTE;SUL;4566.33
2025-03-22 01:00:00;SUDESTE/CENTRO-OESTE;SUL;5095.767
2025-03-22 02:00:00;SUDESTE/CENTRO-OESTE;SUL;6246.977
2025-03-22 03:00:00;SUDESTE/CENTRO-OESTE;SUL;7444.684
2025-03-22 04:00:00;SUDESTE/CENTRO-OESTE;SUL;7742.499
2025-03-22 05:00:00;SUDESTE/CENTRO-OESTE;SUL;7684.985
2025-03-22 06:00:00;SUDESTE/CENTRO-OESTE;SUL;7122.225
2025-03-22 07:00:00;SUDESTE/CENTRO-OESTE;SUL;6647.983
2025-03-22 08:00:00;SUDESTE/CENTRO-OESTE;SUL;5877.251
2025-03-22 09:00:00;SUDESTE/CENTRO-OESTE;SUL;5155.17699999
2025-03-22 10:00:00;SUDESTE/CENTRO-OESTE;SUL;4903.432
2025-03-22 11:00:00;SUDESTE/CENTRO-OESTE;SUL;4393.857
2025-03-22 12:00:00;SUDESTE/CENTRO-OESTE;SUL;4443.77
2025-03-22 13:00:00;SUDESTE/CENTRO-OESTE;SUL;5194.39099999
2025-03-22 14:00:00;SUDESTE/CENTRO-OESTE;SUL;5815.386
2025-03-22 15:00:00;SUDESTE/CENTRO-OESTE;SUL;5722.356
2025-03-22 16:00:00;SUDESTE/CENTRO-OESTE;SUL;5289.296
2025-03-22 17:00:00;SUDESTE/CENTRO-OESTE;SUL;4392.405
2025-03-22 18:00:00;SUDESTE/CENTRO-OESTE;SUL;4540.638
2025-03-22 19:00:00;SUDESTE/CENTRO-OESTE;SUL;5389.856
2025-03-22 20:00:00;SUDESTE/CENTRO-OESTE;SUL;4610.617
2025-03-22 21:00:00;SUDESTE/CENTRO-OESTE;SUL;3599.874
2025-03-22 22:00:00;SUDESTE/CENTRO-OESTE;SUL;3186.562
2025-03-22 23:00:00;SUDESTE/CENTRO-OESTE;SUL;3809.112
2025-03-23 00:00:00;SUDESTE/CENTRO-OESTE;SUL;4104.761
2025-03-23 01:00:00;SUDESTE/CENTRO-OESTE;SUL;5060.707
2025-03-23 02:00:00;SUDESTE/CENTRO-OESTE;SUL;6184.729
2025-03-23 03:00:00;SUDESTE/CENTRO-OESTE;SUL;6719.928
2025-03-23 04:00:00;SUDESTE/CENTRO-OESTE;SUL;7029.987
2025-03-23 05:00:00;SUDESTE/CENTRO-OESTE;SUL;7320.801
2025-03-23 06:00:00;SUDESTE/CENTRO-OESTE;SUL;7328.974
2025-03-23 07:00:00;SUDESTE/CENTRO-OESTE;SUL;6693.137
2025-03-23 08:00:00;SUDESTE/CENTRO-OESTE;SUL;6257.512
2025-03-23 09:00:00;SUDESTE/CENTRO-OESTE;SUL;6042.684
2025-03-23 10:00:00;SUDESTE/CENTRO-OESTE;SUL;5711.351
2025-03-23 11:00:00;SUDESTE/CENTRO-OESTE;SUL;5605.39
2025-03-23 12:00:00;SUDESTE/CENTRO-OESTE;SUL;5505.884
2025-03-23 13:00:00;SUDESTE/CENTRO-OESTE;SUL;5918.987
2025-03-23 14:00:00;SUDESTE/CENTRO-OESTE;SUL;6480.198
2025-03-23 15:00:00;SUDESTE/CENTRO-OESTE;SUL;6572.004
2025-03-23 16:00:00;SUDESTE/CENTRO-OESTE;SUL;6969.872
2025-03-23 17:00:00;SUDESTE/CENTRO-OESTE;SUL;6649.156
2025-03-23 18:00:00;SUDESTE/CENTRO-OESTE;SUL;7308.716
2025-03-23 19:00:00;SUDESTE/CENTRO-OESTE;SUL;7197.416
2025-03-23 20:00:00;SUDESTE/CENTRO-OESTE;SUL;7350.616
2025-03-23 21:00:00;SUDESTE/CENTRO-OESTE;SUL;6535.525
2025-03-23 22:00:00;SUDESTE/CENTRO-OESTE;SUL;6236.881
2025-03-23 23:00:00;SUDESTE/CENTRO-OESTE;SUL;5896.77
2025-03-24 00:00:00;SUDESTE/CENTRO-OESTE;SUL;5905.095
2025-03-24 01:00:00;SUDESTE/CENTRO-OESTE;SUL;8000.072
2025-03-24 02:00:00;SUDESTE/CENTRO-OESTE;SUL;8491.027
2025-03-24 03:00:00;SUDESTE/CENTRO-OESTE;SUL;9108.841
2025-03-24 04:00:00;SUDESTE/CENTRO-OESTE;SUL;8935.276
2025-03-24 05:00:00;SUDESTE/CENTRO-OESTE;SUL;8273.325
2025-03-24 06:00:00;SUDESTE/CENTRO-OESTE;SUL;7735.64
2025-03-24 07:00:00;SUDESTE/CENTRO-OESTE;SUL;7053.157
2025-03-24 08:00:00;SUDESTE/CENTRO-OESTE;SUL;5593.66
2025-03-24 09:00:00;SUDESTE/CENTRO-OESTE;SUL;5018.084
2025-03-24 10:00:00;SUDESTE/CENTRO-OESTE;SUL;5625.604
2025-03-24 11:00:00;SUDESTE/CENTRO-OESTE;SUL;5818.406
2025-03-24 12:00:00;SUDESTE/CENTRO-OESTE;SUL;6068.899
2025-03-24 13:00:00;SUDESTE/CENTRO-OESTE;SUL;6367.506
2025-03-24 14:00:00;SUDESTE/CENTRO-OESTE;SUL;6541.615
2025-03-24 15:00:00;SUDESTE/CENTRO-OESTE;SUL;6880.904
2025-03-24 16:00:00;SUDESTE/CENTRO-OESTE;SUL;6597.005
2025-03-24 17:00:00;SUDESTE/CENTRO-OESTE;SUL;6293.046
2025-03-24 18:00:00;SUDESTE/CENTRO-OESTE;SUL;6709.74
2025-03-24 19:00:00;SUDESTE/CENTRO-OESTE;SUL;7517.606
2025-03-24 20:00:00;SUDESTE/CENTRO-OESTE;SUL;7198.853
2025-03-24 21:00:00;SUDESTE/CENTRO-OESTE;SUL;7827.428
2025-03-24 22:00:00;SUDESTE/CENTRO-OESTE;SUL;7881.353
2025-03-24 23:00:00;SUDESTE/CENTRO-OESTE;SUL;7537.322
2025-03-25 00:00:00;SUDESTE/CENTRO-OESTE;SUL;7900.531
2025-03-25 01:00:00;SUDESTE/CENTRO-OESTE;SUL;8977.056
2025-03-25 02:00:00;SUDESTE/CENTRO-OESTE;SUL;9352.564
2025-03-25 03:00:00;SUDESTE/CENTRO-OESTE;SUL;9023.449
2025-03-25 04:00:00;SUDESTE/CENTRO-OESTE;SUL;8875.849
2025-03-25 05:00:00;SUDESTE/CENTRO-OESTE;SUL;8151.677
2025-03-25 06:00:00;SUDESTE/CENTRO-OESTE;SUL;6789.001
2025-03-25 07:00:00;SUDESTE/CENTRO-OESTE;SUL;6157.921
2025-03-25 08:00:00;SUDESTE/CENTRO-OESTE;SUL;6099.31
2025-03-25 09:00:00;SUDESTE/CENTRO-OESTE;SUL;5876.643
2025-03-25 10:00:00;SUDESTE/CENTRO-OESTE;SUL;6078.039
2025-03-25 11:00:00;SUDESTE/CENTRO-OESTE;SUL;6239.709
2025-03-25 12:00:00;SUDESTE/CENTRO-OESTE;SUL;5892.532
2025-03-25 13:00:00;SUDESTE/CENTRO-OESTE;SUL;6707.09
2025-03-25 14:00:00;SUDESTE/CENTRO-OESTE;SUL;6762.597
2025-03-25 15:00:00;SUDESTE/CENTRO-OESTE;SUL;6766.737
2025-03-25 16:00:00;SUDESTE/CENTRO-OESTE;SUL;6126.08
2025-03-25 17:00:00;SUDESTE/CENTRO-OESTE;SUL;6631.997
2025-03-25 18:00:00;SUDESTE/CENTRO-OESTE;SUL;5708.872
2025-03-25 19:00:00;SUDESTE/CENTRO-OESTE;SUL;6131.487
2025-03-25 20:00:00;SUDESTE/CENTRO-OESTE;SUL;5978.348
2025-03-25 21:00:00;SUDESTE/CENTRO-OESTE;SUL;5941.496
2025-03-25 22:00:00;SUDESTE/CENTRO-OESTE;SUL;5988.088
2025-03-25 23:00:00;SUDESTE/CENTRO-OESTE;SUL;5284.347
2025-03-26 00:00:00;SUDESTE/CENTRO-OESTE;SUL;5780.304
2025-03-26 01:00:00;SUDESTE/CENTRO-OESTE;SUL;7708.452
2025-03-26 02:00:00;SUDESTE/CENTRO-OESTE;SUL;8510.601
2025-03-26 03:00:00;SUDESTE/CENTRO-OESTE;SUL;8346.69299999
2025-03-26 04:00:00;SUDESTE/CENTRO-OESTE;SUL;8516.739
2025-03-26 05:00:00;SUDESTE/CENTRO-OESTE;SUL;8262.15
2025-03-26 06:00:00;SUDESTE/CENTRO-OESTE;SUL;7461.333
2025-03-26 07:00:00;SUDESTE/CENTRO-OESTE;SUL;6674.374
2025-03-26 08:00:00;SUDESTE/CENTRO-OESTE;SUL;6237.239
2025-03-26 09:00:00;SUDESTE/CENTRO-OESTE;SUL;5356.604
2025-03-26 10:00:00;SUDESTE/CENTRO-OESTE;SUL;5323.853
2025-03-26 11:00:00;SUDESTE/CENTRO-OESTE;SUL;5269.95799999
2025-03-26 12:00:00;SUDESTE/CENTRO-OESTE;SUL;5748.78
2025-03-26 13:00:00;SUDESTE/CENTRO-OESTE;SUL;6038.24
2025-03-26 14:00:00;SUDESTE/CENTRO-OESTE;SUL;6241.297
2025-03-26 15:00:00;SUDESTE/CENTRO-OESTE;SUL;5596.0
2025-03-26 16:00:00;SUDESTE/CENTRO-OESTE;SUL;5479.021
2025-03-26 17:00:00;SUDESTE/CENTRO-OESTE;SUL;5259.357
2025-03-26 18:00:00;SUDESTE/CENTRO-OESTE;SUL;5322.591
2025-03-26 19:00:00;SUDESTE/CENTRO-OESTE;SUL;5938.448
2025-03-26 20:00:00;SUDESTE/CENTRO-OESTE;SUL;5913.798
2025-03-26 21:00:00;SUDESTE/CENTRO-OESTE;SUL;6351.754
2025-03-26 22:00:00;SUDESTE/CENTRO-OESTE;SUL;6910.114
2025-03-26 23:00:00;SUDESTE/CENTRO-OESTE;SUL;6119.724
2025-03-27 00:00:00;SUDESTE/CENTRO-OESTE;SUL;5461.954
2025-03-27 01:00:00;SUDESTE/CENTRO-OESTE;SUL;7301.724
2025-03-27 02:00:00;SUDESTE/CENTRO-OESTE;SUL;8477.007
2025-03-27 03:00:00;SUDESTE/CENTRO-OESTE;SUL;8317.696
2025-03-27 04:00:00;SUDESTE/CENTRO-OESTE;SUL;8374.179
2025-03-27 05:00:00;SUDESTE/CENTRO-OESTE;SUL;8307.36
2025-03-27 06:00:00;SUDESTE/CENTRO-OESTE;SUL;7426.402
2025-03-27 07:00:00;SUDESTE/CENTRO-OESTE;SUL;6960.113
2025-03-27 08:00:00;SUDESTE/CENTRO-OESTE;SUL;5666.201
2025-03-27 09:00:00;SUDESTE/CENTRO-OESTE;SUL;5405.361
2025-03-27 10:00:00;SUDESTE/CENTRO-OESTE;SUL;5424.329
2025-03-27 11:00:00;SUDESTE/CENTRO-OESTE;SUL;5496.585
2025-03-27 12:00:00;SUDESTE/CENTRO-OESTE;SUL;5400.54
2025-03-27 13:00:00;SUDESTE/CENTRO-OESTE;SUL;6156.381
2025-03-27 14:00:00;SUDESTE/CENTRO-OESTE;SUL;6515.313
2025-03-27 15:00:00;SUDESTE/CENTRO-OESTE;SUL;6529.273
2025-03-27 16:00:00;SUDESTE/CENTRO-OESTE;SUL;6789.619
2025-03-27 17:00:00;SUDESTE/CENTRO-OESTE;SUL;6599.71
2025-03-27 18:00:00;SUDESTE/CENTRO-OESTE;SUL;6507.492
2025-03-27 19:00:00;SUDESTE/CENTRO-OESTE;SUL;6817.527
2025-03-27 20:00:00;SUDESTE/CENTRO-OESTE;SUL;7659.361
2025-03-27 21:00:00;SUDESTE/CENTRO-OESTE;SUL;7959.177
2025-03-27 22:00:00;SUDESTE/CENTRO-OESTE;SUL;7647.275
2025-03-27 23:00:00;SUDESTE/CENTRO-OESTE;SUL;6810.494
2025-03-28 00:00:00;SUDESTE/CENTRO-OESTE;SUL;7052.734
2025-03-28 01:00:00;SUDESTE/CENTRO-OESTE;SUL;8205.937
2025-03-28 02:00:00;SUDESTE/CENTRO-OESTE;SUL;8673.477
2025-03-28 03:00:00;SUDESTE/CENTRO-OESTE;SUL;8849.681
2025-03-28 04:00:00;SUDESTE/CENTRO-OESTE;SUL;8619.393
2025-03-28 05:00:00;SUDESTE/CENTRO-OESTE;SUL;8575.32
2025-03-28 06:00:00;SUDESTE/CENTRO-OESTE;SUL;8319.71999999
2025-03-28 07:00:00;SUDESTE/CENTRO-OESTE;SUL;6737.646
2025-03-28 08:00:00;SUDESTE/CENTRO-OESTE;SUL;5844.167
2025-03-28 09:00:00;SUDESTE/CENTRO-OESTE;SUL;5727.254
2025-03-28 10:00:00;SUDESTE/CENTRO-OESTE;SUL;6112.391
2025-03-28 11:00:00;SUDESTE/CENTRO-OESTE;SUL;6102.812
2025-03-28 12:00:00;SUDESTE/CENTRO-OESTE;SUL;5784.91
2025-03-28 13:00:00;SUDESTE/CENTRO-OESTE;SUL;5638.063
2025-03-28 14:00:00;SUDESTE/CENTRO-OESTE;SUL;6145.964
2025-03-28 15:00:00;SUDESTE/CENTRO-OESTE;SUL;6736.551
2025-03-28 16:00:00;SUDESTE/CENTRO-OESTE;SUL;6892.638
2025-03-28 17:00:00;SUDESTE/CENTRO-OESTE;SUL;7034.303
2025-03-28 18:00:00;SUDESTE/CENTRO-OESTE;SUL;7089.047
2025-03-28 19:00:00;SUDESTE/CENTRO-OESTE;SUL;7611.003
2025-03-28 20:00:00;SUDESTE/CENTRO-OESTE;SUL;7504.767
2025-03-28 21:00:00;SUDESTE/CENTRO-OESTE;SUL;7316.962
2025-03-28 22:00:00;SUDESTE/CENTRO-OESTE;SUL;7281.396
2025-03-28 23:00:00;SUDESTE/CENTRO-OESTE;SUL;7114.38
2025-03-29 00:00:00;SUDESTE/CENTRO-OESTE;SUL;7254.28
2025-03-29 01:00:00;SUDESTE/CENTRO-OESTE;SUL;8131.828
2025-03-29 02:00:00;SUDESTE/CENTRO-OESTE;SUL;8494.5
2025-03-29 03:00:00;SUDESTE/CENTRO-OESTE;SUL;8076.906
2025-03-29 04:00:00;SUDESTE/CENTRO-OESTE;SUL;7638.908
2025-03-29 05:00:00;SUDESTE/CENTRO-OESTE;SUL;7856.677
2025-03-29 06:00:00;SUDESTE/CENTRO-OESTE;SUL;8143.485
2025-03-29 07:00:00;SUDESTE/CENTRO-OESTE;SUL;8151.041
2025-03-29 08:00:00;SUDESTE/CENTRO-OESTE;SUL;6499.607
2025-03-29 09:00:00;SUDESTE/CENTRO-OESTE;SUL;5841.781
2025-03-29 10:00:00;SUDESTE/CENTRO-OESTE;SUL;5090.749
2025-03-29 11:00:00;SUDESTE/CENTRO-OESTE;SUL;5504.005
2025-03-29 12:00:00;SUDESTE/CENTRO-OESTE;SUL;5183.593
2025-03-29 13:00:00;SUDESTE/CENTRO-OESTE;SUL;5497.667
2025-03-29 14:00:00;SUDESTE/CENTRO-OESTE;SUL;5141.876
2025-03-29 15:00:00;SUDESTE/CENTRO-OESTE;SUL;5371.772
2025-03-29 16:00:00;SUDESTE/CENTRO-OESTE;SUL;5773.223
2025-03-29 17:00:00;SUDESTE/CENTRO-OESTE;SUL;5762.355
2025-03-29 18:00:00;SUDESTE/CENTRO-OESTE;SUL;6892.309
2025-03-29 19:00:00;SUDESTE/CENTRO-OESTE;SUL;7035.777
2025-03-29 20:00:00;SUDESTE/CENTRO-OESTE;SUL;6522.911
2025-03-29 21:00:00;SUDESTE/CENTRO-OESTE;SUL;6484.444
2025-03-29 22:00:00;SUDESTE/CENTRO-OESTE;SUL;6267.146
2025-03-29 23:00:00;SUDESTE/CENTRO-OESTE;SUL;5983.334
2025-03-30 00:00:00;SUDESTE/CENTRO-OESTE;SUL;5872.824
2025-03-30 01:00:00;SUDESTE/CENTRO-OESTE;SUL;6360.353
2025-03-30 02:00:00;SUDESTE/CENTRO-OESTE;SUL;6740.617
2025-03-30 03:00:00;SUDESTE/CENTRO-OESTE;SUL;6852.573
2025-03-30 04:00:00;SUDESTE/CENTRO-OESTE;SUL;7184.203
2025-03-30 05:00:00;SUDESTE/CENTRO-OESTE;SUL;7376.099
2025-03-30 06:00:00;SUDESTE/CENTRO-OESTE;SUL;7593.59
2025-03-30 07:00:00;SUDESTE/CENTRO-OESTE;SUL;6299.179
2025-03-30 08:00:00;SUDESTE/CENTRO-OESTE;SUL;5871.29
2025-03-30 09:00:00;SUDESTE/CENTRO-OESTE;SUL;5027.848
2025-03-30 10:00:00;SUDESTE/CENTRO-OESTE;SUL;4429.831
2025-03-30 11:00:00;SUDESTE/CENTRO-OESTE;SUL;4274.731
2025-03-30 12:00:00;SUDESTE/CENTRO-OESTE;SUL;3788.544
2025-03-30 13:00:00;SUDESTE/CENTRO-OESTE;SUL;3820.189
2025-03-30 14:00:00;SUDESTE/CENTRO-OESTE;SUL;4530.131
2025-03-30 15:00:00;SUDESTE/CENTRO-OESTE;SUL;5433.08299999
2025-03-30 16:00:00;SUDESTE/CENTRO-OESTE;SUL;6360.184
2025-03-30 17:00:00;SUDESTE/CENTRO-OESTE;SUL;7484.085
2025-03-30 18:00:00;SUDESTE/CENTRO-OESTE;SUL;6970.131
2025-03-30 19:00:00;SUDESTE/CENTRO-OESTE;SUL;7134.46
2025-03-30 20:00:00;SUDESTE/CENTRO-OESTE;SUL;7690.546
2025-03-30 21:00:00;SUDESTE/CENTRO-OESTE;SUL;7491.337
2025-03-30 22:00:00;SUDESTE/CENTRO-OESTE;SUL;7305.13
2025-03-30 23:00:00;SUDESTE/CENTRO-OESTE;SUL;7058.792
2025-03-31 00:00:00;SUDESTE/CENTRO-OESTE;SUL;7193.516
2025-03-31 01:00:00;SUDESTE/CENTRO-OESTE;SUL;7033.036
2025-03-31 02:00:00;SUDESTE/CENTRO-OESTE;SUL;7725.737
2025-03-31 03:00:00;SUDESTE/CENTRO-OESTE;SUL;7906.174
2025-03-31 04:00:00;SUDESTE/CENTRO-OESTE;SUL;7939.188
2025-03-31 05:00:00;SUDESTE/CENTRO-OESTE;SUL;7688.935
2025-03-31 06:00:00;SUDESTE/CENTRO-OESTE;SUL;6897.605
2025-03-31 07:00:00;SUDESTE/CENTRO-OESTE;SUL;5982.762
2025-03-31 08:00:00;SUDESTE/CENTRO-OESTE;SUL;4921.05199999
2025-03-31 09:00:00;SUDESTE/CENTRO-OESTE;SUL;5077.379
2025-03-31 10:00:00;SUDESTE/CENTRO-OESTE;SUL;5368.535
2025-03-31 11:00:00;SUDESTE/CENTRO-OESTE;SUL;5837.01
2025-03-31 12:00:00;SUDESTE/CENTRO-OESTE;SUL;6217.953
2025-03-31 13:00:00;SUDESTE/CENTRO-OESTE;SUL;6820.045
2025-03-31 14:00:00;SUDESTE/CENTRO-OESTE;SUL;6869.135
2025-03-31 15:00:00;SUDESTE/CENTRO-OESTE;SUL;7205.296
2025-03-31 16:00:00;SUDESTE/CENTRO-OESTE;SUL;7051.062
2025-03-31 17:00:00;SUDESTE/CENTRO-OESTE;SUL;5916.563
2025-03-31 18:00:00;SUDESTE/CENTRO-OESTE;SUL;5558.613
2025-03-31 19:00:00;SUDESTE/CENTRO-OESTE;SUL;5886.885
2025-03-31 20:00:00;SUDESTE/CENTRO-OESTE;SUL;6582.489
2025-03-31 21:00:00;SUDESTE/CENTRO-OESTE;SUL;6968.281
2025-03-31 22:00:00;SUDESTE/CENTRO-OESTE;SUL;6929.86
2025-03-31 23:00:00;SUDESTE/CENTRO-OESTE;SUL;6640.354
2025-04-01 00:00:00;SUDESTE/CENTRO-OESTE;SUL;6758.712
2025-04-01 01:00:00;SUDESTE/CENTRO-OESTE;SUL;7379.35
2025-04-01 02:00:00;SUDESTE/CENTRO-OESTE;SUL;8057.992
2025-04-01 03:00:00;SUDESTE/CENTRO-OESTE;SUL;8426.284
2025-04-01 04:00:00;SUDESTE/CENTRO-OESTE;SUL;8484.249
2025-04-01 05:00:00;SUDESTE/CENTRO-OESTE;SUL;7873.896
2025-04-01 06:00:00;SUDESTE/CENTRO-OESTE;SUL;6655.557
2025-04-01 07:00:00;SUDESTE/CENTRO-OESTE;SUL;7104.344
2025-04-01 08:00:00;SUDESTE/CENTRO-OESTE;SUL;5722.97
2025-04-01 09:00:00;SUDESTE/CENTRO-OESTE;SUL;5139.727
2025-04-01 10:00:00;SUDESTE/CENTRO-OESTE;SUL;6192.16
2025-04-01 11:00:00;SUDESTE/CENTRO-OESTE;SUL;6000.393
2025-04-01 12:00:00;SUDESTE/CENTRO-OESTE;SUL;5437.63
2025-04-01 13:00:00;SUDESTE/CENTRO-OESTE;SUL;6089.623
2025-04-01 14:00:00;SUDESTE/CENTRO-OESTE;SUL;6708.717
2025-04-01 15:00:00;SUDESTE/CENTRO-OESTE;SUL;6519.309
2025-04-01 16:00:00;SUDESTE/CENTRO-OESTE;SUL;6315.988
2025-04-01 17:00:00;SUDESTE/CENTRO-OESTE;SUL;6453.358
2025-04-01 18:00:00;SUDESTE/CENTRO-OESTE;SUL;7002.226
2025-04-01 19:00:00;SUDESTE/CENTRO-OESTE;SUL;7258.909
2025-04-01 20:00:00;SUDESTE/CENTRO-OESTE;SUL;6736.101
2025-04-01 21:00:00;SUDESTE/CENTRO-OESTE;SUL;6745.051
2025-04-01 22:00:00;SUDESTE/CENTRO-OESTE;SUL;6664.456
2025-04-01 23:00:00;SUDESTE/CENTRO-OESTE;SUL;6392.601
2025-04-02 00:00:00;SUDESTE/CENTRO-OESTE;SUL;6716.639
2025-04-02 01:00:00;SUDESTE/CENTRO-OESTE;SUL;8129.457
2025-04-02 02:00:00;SUDESTE/CENTRO-OESTE;SUL;8484.183
2025-04-02 03:00:00;SUDESTE/CENTRO-OESTE;SUL;8655.09
2025-04-02 04:00:00;SUDESTE/CENTRO-OESTE;SUL;8784.662
2025-04-02 05:00:00;SUDESTE/CENTRO-OESTE;SUL;8022.497
2025-04-02 06:00:00;SUDESTE/CENTRO-OESTE;SUL;7345.933
2025-04-02 07:00:00;SUDESTE/CENTRO-OESTE;SUL;7132.186
2025-04-02 08:00:00;SUDESTE/CENTRO-OESTE;SUL;6897.2
2025-04-02 09:00:00;SUDESTE/CENTRO-OESTE;SUL;6586.588
2025-04-02 10:00:00;SUDESTE/CENTRO-OESTE;SUL;6835.223
2025-04-02 11:00:00;SUDESTE/CENTRO-OESTE;SUL;6833.971
2025-04-02 12:00:00;SUDESTE/CENTRO-OESTE;SUL;6099.441
2025-04-02 13:00:00;SUDESTE/CENTRO-OESTE;SUL;6929.652
2025-04-02 14:00:00;SUDESTE/CENTRO-OESTE;SUL;7411.71
2025-04-02 15:00:00;SUDESTE/CENTRO-OESTE;SUL;6998.504
2025-04-02 16:00:00;SUDESTE/CENTRO-OESTE;SUL;7156.077
2025-04-02 17:00:00;SUDESTE/CENTRO-OESTE;SUL;6818.933
2025-04-02 18:00:00;SUDESTE/CENTRO-OESTE;SUL;6593.168
2025-04-02 19:00:00;SUDESTE/CENTRO-OESTE;SUL;7038.209
2025-04-02 20:00:00;SUDESTE/CENTRO-OESTE;SUL;7502.638
2025-04-02 21:00:00;SUDESTE/CENTRO-OESTE;SUL;7623.816
2025-04-02 22:00:00;SUDESTE/CENTRO-OESTE;SUL;7831.122
2025-04-02 23:00:00;SUDESTE/CENTRO-OESTE;SUL;7458.647
2025-04-03 00:00:00;SUDESTE/CENTRO-OESTE;SUL;7682.422
2025-04-03 01:00:00;SUDESTE/CENTRO-OESTE;SUL;8609.177
2025-04-03 02:00:00;SUDESTE/CENTRO-OESTE;SUL;8522.90699999
2025-04-03 03:00:00;SUDESTE/CENTRO-OESTE;SUL;8505.01
2025-04-03 04:00:00;SUDESTE/CENTRO-OESTE;SUL;8545.343
2025-04-03 05:00:00;SUDESTE/CENTRO-OESTE;SUL;8799.57699999
2025-04-03 06:00:00;SUDESTE/CENTRO-OESTE;SUL;8556.242
2025-04-03 07:00:00;SUDESTE/CENTRO-OESTE;SUL;6895.705
2025-04-03 08:00:00;SUDESTE/CENTRO-OESTE;SUL;7113.746
2025-04-03 09:00:00;SUDESTE/CENTRO-OESTE;SUL;6956.657
2025-04-03 10:00:00;SUDESTE/CENTRO-OESTE;SUL;7048.562
2025-04-03 11:00:00;SUDESTE/CENTRO-OESTE;SUL;7235.507
2025-04-03 12:00:00;SUDESTE/CENTRO-OESTE;SUL;7278.122
2025-04-03 13:00:00;SUDESTE/CENTRO-OESTE;SUL;7253.796
2025-04-03 14:00:00;SUDESTE/CENTRO-OESTE;SUL;6912.775
2025-04-03 15:00:00;SUDESTE/CENTRO-OESTE;SUL;7103.846
2025-04-03 16:00:00;SUDESTE/CENTRO-OESTE;SUL;7323.84
2025-04-03 17:00:00;SUDESTE/CENTRO-OESTE;SUL;7317.051
2025-04-03 18:00:00;SUDESTE/CENTRO-OESTE;SUL;7623.802
2025-04-03 19:00:00;SUDESTE/CENTRO-OESTE;SUL;8143.466
2025-04-03 20:00:00;SUDESTE/CENTRO-OESTE;SUL;8034.002
2025-04-03 21:00:00;SUDESTE/CENTRO-OESTE;SUL;8095.206
2025-04-03 22:00:00;SUDESTE/CENTRO-OESTE;SUL;7662.629
2025-04-03 23:00:00;SUDESTE/CENTRO-OESTE;SUL;7700.85
2025-04-04 00:00:00;SUDESTE/CENTRO-OESTE;SUL;7751.439
2025-04-04 01:00:00;SUDESTE/CENTRO-OESTE;SUL;7984.759
2025-04-04 02:00:00;SUDESTE/CENTRO-OESTE;SUL;7537.695
2025-04-04 03:00:00;SUDESTE/CENTRO-OESTE;SUL;7116.571
2025-04-04 04:00:00;SUDESTE/CENTRO-OESTE;SUL;6835.732
2025-04-04 05:00:00;SUDESTE/CENTRO-OESTE;SUL;6740.062
2025-04-04 06:00:00;SUDESTE/CENTRO-OESTE;SUL;6126.686
2025-04-04 07:00:00;SUDESTE/CENTRO-OESTE;SUL;6208.155
2025-04-04 08:00:00;SUDESTE/CENTRO-OESTE;SUL;6299.582
2025-04-04 09:00:00;SUDESTE/CENTRO-OESTE;SUL;6058.538
2025-04-04 10:00:00;SUDESTE/CENTRO-OESTE;SUL;6278.261
2025-04-04 11:00:00;SUDESTE/CENTRO-OESTE;SUL;6436.875
2025-04-04 12:00:00;SUDESTE/CENTRO-OESTE;SUL;5318.12299999
2025-04-04 13:00:00;SUDESTE/CENTRO-OESTE;SUL;5882.545
2025-04-04 14:00:00;SUDESTE/CENTRO-OESTE;SUL;6710.598
2025-04-04 15:00:00;SUDESTE/CENTRO-OESTE;SUL;7494.715
2025-04-04 16:00:00;SUDESTE/CENTRO-OESTE;SUL;7339.552
2025-04-04 17:00:00;SUDESTE/CENTRO-OESTE;SUL;7371.411
2025-04-04 18:00:00;SUDESTE/CENTRO-OESTE;SUL;8249.581
2025-04-04 19:00:00;SUDESTE/CENTRO-OESTE;SUL;8617.197
2025-04-04 20:00:00;SUDESTE/CENTRO-OESTE;SUL;8639.531
2025-04-04 21:00:00;SUDESTE/CENTRO-OESTE;SUL;8656.047
2025-04-04 22:00:00;SUDESTE/CENTRO-OESTE;SUL;8111.398
2025-04-04 23:00:00;SUDESTE/CENTRO-OESTE;SUL;7244.047
2025-04-05 00:00:00;SUDESTE/CENTRO-OESTE;SUL;7045.221
2025-04-05 01:00:00;SUDESTE/CENTRO-OESTE;SUL;7228.502
2025-04-05 02:00:00;SUDESTE/CENTRO-OESTE;SUL;6768.996
2025-04-05 03:00:00;SUDESTE/CENTRO-OESTE;SUL;6500.355
2025-04-05 04:00:00;SUDESTE/CENTRO-OESTE;SUL;6322.217
2025-04-05 05:00:00;SUDESTE/CENTRO-OESTE;SUL;6506.23
2025-04-05 06:00:00;SUDESTE/CENTRO-OESTE;SUL;6254.783
2025-04-05 07:00:00;SUDESTE/CENTRO-OESTE;SUL;6747.638
2025-04-05 08:00:00;SUDESTE/CENTRO-OESTE;SUL;5798.93
2025-04-05 09:00:00;SUDESTE/CENTRO-OESTE;SUL;4958.974
2025-04-05 10:00:00;SUDESTE/CENTRO-OESTE;SUL;5064.628
2025-04-05 11:00:00;SUDESTE/CENTRO-OESTE;SUL;5127.852
2025-04-05 12:00:00;SUDESTE/CENTRO-OESTE;SUL;4788.628
2025-04-05 13:00:00;SUDESTE/CENTRO-OESTE;SUL;4748.29299999
2025-04-05 14:00:00;SUDESTE/CENTRO-OESTE;SUL;5012.524
2025-04-05 15:00:00;SUDESTE/CENTRO-OESTE;SUL;5675.838
2025-04-05 16:00:00;SUDESTE/CENTRO-OESTE;SUL;6295.24
2025-04-05 17:00:00;SUDESTE/CENTRO-OESTE;SUL;7454.119
2025-04-05 18:00:00;SUDESTE/CENTRO-OESTE;SUL;8205.23799999
2025-04-05 19:00:00;SUDESTE/CENTRO-OESTE;SUL;7950.866
2025-04-05 20:00:00;SUDESTE/CENTRO-OESTE;SUL;7602.124
2025-04-05 21:00:00;SUDESTE/CENTRO-OESTE;SUL;7355.182
2025-04-05 22:00:00;SUDESTE/CENTRO-OESTE;SUL;7187.458
2025-04-05 23:00:00;SUDESTE/CENTRO-OESTE;SUL;7046.662
2025-04-06 00:00:00;SUDESTE/CENTRO-OESTE;SUL;7059.63
2025-04-06 01:00:00;SUDESTE/CENTRO-OESTE;SUL;6600.149
2025-04-06 02:00:00;SUDESTE/CENTRO-OESTE;SUL;6303.596
2025-04-06 03:00:00;SUDESTE/CENTRO-OESTE;SUL;6256.105
2025-04-06 04:00:00;SUDESTE/CENTRO-OESTE;SUL;6227.49
2025-04-06 05:00:00;SUDESTE/CENTRO-OESTE;SUL;6301.655
2025-04-06 06:00:00;SUDESTE/CENTRO-OESTE;SUL;6256.729
2025-04-06 07:00:00;SUDESTE/CENTRO-OESTE;SUL;5604.722
2025-04-06 08:00:00;SUDESTE/CENTRO-OESTE;SUL;4661.128
2025-04-06 09:00:00;SUDESTE/CENTRO-OESTE;SUL;3742.875
2025-04-06 10:00:00;SUDESTE/CENTRO-OESTE;SUL;3771.274
2025-04-06 11:00:00;SUDESTE/CENTRO-OESTE;SUL;3823.514
2025-04-06 12:00:00;SUDESTE/CENTRO-OESTE;SUL;3524.907
2025-04-06 13:00:00;SUDESTE/CENTRO-OESTE;SUL;3470.074
2025-04-06 14:00:00;SUDESTE/CENTRO-OESTE;SUL;3184.462
2025-04-06 15:00:00;SUDESTE/CENTRO-OESTE;SUL;3686.722
2025-04-06 16:00:00;SUDESTE/CENTRO-OESTE;SUL;5258.999
2025-04-06 17:00:00;SUDESTE/CENTRO-OESTE;SUL;7193.693
2025-04-06 18:00:00;SUDESTE/CENTRO-OESTE;SUL;9153.575
2025-04-06 19:00:00;SUDESTE/CENTRO-OESTE;SUL;9174.189
2025-04-06 20:00:00;SUDESTE/CENTRO-OESTE;SUL;8931.625
2025-04-06 21:00:00;SUDESTE/CENTRO-OESTE;SUL;8737.761
2025-04-06 22:00:00;SUDESTE/CENTRO-OESTE;SUL;8321.94199999
2025-04-06 23:00:00;SUDESTE/CENTRO-OESTE;SUL;7657.835
2025-04-07 00:00:00;SUDESTE/CENTRO-OESTE;SUL;7132.483
2025-04-07 01:00:00;SUDESTE/CENTRO-OESTE;SUL;6737.582
2025-04-07 02:00:00;SUDESTE/CENTRO-OESTE;SUL;6548.221
2025-04-07 03:00:00;SUDESTE/CENTRO-OESTE;SUL;6439.732
2025-04-07 04:00:00;SUDESTE/CENTRO-OESTE;SUL;6555.47
2025-04-07 05:00:00;SUDESTE/CENTRO-OESTE;SUL;6836.965
2025-04-07 06:00:00;SUDESTE/CENTRO-OESTE;SUL;6972.381
2025-04-07 07:00:00;SUDESTE/CENTRO-OESTE;SUL;7141.399
2025-04-07 08:00:00;SUDESTE/CENTRO-OESTE;SUL;6219.566
2025-04-07 09:00:00;SUDESTE/CENTRO-OESTE;SUL;5228.335
2025-04-07 10:00:00;SUDESTE/CENTRO-OESTE;SUL;5063.148
2025-04-07 11:00:00;SUDESTE/CENTRO-OESTE;SUL;5403.407
2025-04-07 12:00:00;SUDESTE/CENTRO-OESTE;SUL;5234.555
2025-04-07 13:00:00;SUDESTE/CENTRO-OESTE;SUL;5650.37
2025-04-07 14:00:00;SUDESTE/CENTRO-OESTE;SUL;6077.966
2025-04-07 15:00:00;SUDESTE/CENTRO-OESTE;SUL;6598.047
2025-04-07 16:00:00;SUDESTE/CENTRO-OESTE;SUL;6871.374
2025-04-07 17:00:00;SUDESTE/CENTRO-OESTE;SUL;6817.956
2025-04-07 18:00:00;SUDESTE/CENTRO-OESTE;SUL;7606.008
2025-04-07 19:00:00;SUDESTE/CENTRO-OESTE;SUL;8163.73
2025-04-07 20:00:00;SUDESTE/CENTRO-OESTE;SUL;8221.492
2025-04-07 21:00:00;SUDESTE/CENTRO-OESTE;SUL;8189.937
2025-04-07 22:00:00;SUDESTE/CENTRO-OESTE;SUL;7851.3
2025-04-07 23:00:00;SUDESTE/CENTRO-OESTE;SUL;7656.305
2025-04-08 00:00:00;SUDESTE/CENTRO-OESTE;SUL;7809.981
2025-04-08 01:00:00;SUDESTE/CENTRO-OESTE;SUL;7500.667
2025-04-08 02:00:00;SUDESTE/CENTRO-OESTE;SUL;7300.723
2025-04-08 03:00:00;SUDESTE/CENTRO-OESTE;SUL;7252.348
2025-04-08 04:00:00;SUDESTE/CENTRO-OESTE;SUL;7266.842
2025-04-08 05:00:00;SUDESTE/CENTRO-OESTE;SUL;7581.976
2025-04-08 06:00:00;SUDESTE/CENTRO-OESTE;SUL;8004.302
2025-04-08 07:00:00;SUDESTE/CENTRO-OESTE;SUL;7416.183
2025-04-08 08:00:00;SUDESTE/CENTRO-OESTE;SUL;7172.842
2025-04-08 09:00:00;SUDESTE/CENTRO-OESTE;SUL;6151.36
2025-04-08 10:00:00;SUDESTE/CENTRO-OESTE;SUL;6210.762
2025-04-08 11:00:00;SUDESTE/CENTRO-OESTE;SUL;6232.536
2025-04-08 12:00:00;SUDESTE/CENTRO-OESTE;SUL;6224.459
2025-04-08 13:00:00;SUDESTE/CENTRO-OESTE;SUL;6111.811
2025-04-08 14:00:00;SUDESTE/CENTRO-OESTE;SUL;6497.406
2025-04-08 15:00:00;SUDESTE/CENTRO-OESTE;SUL;6709.453
2025-04-08 16:00:00;SUDESTE/CENTRO-OESTE;SUL;6913.184
2025-04-08 17:00:00;SUDESTE/CENTRO-OESTE;SUL;6602.337
2025-04-08 18:00:00;SUDESTE/CENTRO-OESTE;SUL;7568.635
2025-04-08 19:00:00;SUDESTE/CENTRO-OESTE;SUL;8400.03
2025-04-08 20:00:00;SUDESTE/CENTRO-OESTE;SUL;8539.708
2025-04-08 21:00:00;SUDESTE/CENTRO-OESTE;SUL;8143.968
2025-04-08 22:00:00;SUDESTE/CENTRO-OESTE;SUL;8045.866
2025-04-08 23:00:00;SUDESTE/CENTRO-OESTE;SUL;8096.392
2025-04-09 00:00:00;SUDESTE/CENTRO-OESTE;SUL;7875.772
2025-04-09 01:00:00;SUDESTE/CENTRO-OESTE;SUL;7455.319
2025-04-09 02:00:00;SUDESTE/CENTRO-OESTE;SUL;7156.824
2025-04-09 03:00:00;SUDESTE/CENTRO-OESTE;SUL;7052.465
2025-04-09 04:00:00;SUDESTE/CENTRO-OESTE;SUL;7205.464
2025-04-09 05:00:00;SUDESTE/CENTRO-OESTE;SUL;7920.834
2025-04-09 06:00:00;SUDESTE/CENTRO-OESTE;SUL;8325.037
2025-04-09 07:00:00;SUDESTE/CENTRO-OESTE;SUL;8111.033
2025-04-09 08:00:00;SUDESTE/CENTRO-OESTE;SUL;7088.925
2025-04-09 09:00:00;SUDESTE/CENTRO-OESTE;SUL;6282.907
2025-04-09 10:00:00;SUDESTE/CENTRO-OESTE;SUL;6049.602
2025-04-09 11:00:00;SUDESTE/CENTRO-OESTE;SUL;5827.208
2025-04-09 12:00:00;SUDESTE/CENTRO-OESTE;SUL;4958.751
2025-04-09 13:00:00;SUDESTE/CENTRO-OESTE;SUL;5479.874
2025-04-09 14:00:00;SUDESTE/CENTRO-OESTE;SUL;5654.809
2025-04-09 15:00:00;SUDESTE/CENTRO-OESTE;SUL;5636.32
2025-04-09 16:00:00;SUDESTE/CENTRO-OESTE;SUL;6023.065
2025-04-09 17:00:00;SUDESTE/CENTRO-OESTE;SUL;6862.34
2025-04-09 18:00:00;SUDESTE/CENTRO-OESTE;SUL;7610.336
2025-04-09 19:00:00;SUDESTE/CENTRO-OESTE;SUL;7996.575
2025-04-09 20:00:00;SUDESTE/CENTRO-OESTE;SUL;8044.585
2025-04-09 21:00:00;SUDESTE/CENTRO-OESTE;SUL;8434.308
2025-04-09 22:00:00;SUDESTE/CENTRO-OESTE;SUL;8103.05
2025-04-09 23:00:00;SUDESTE/CENTRO-OESTE;SUL;7929.562
2025-04-10 00:00:00;SUDESTE/CENTRO-OESTE;SUL;7167.797
2025-04-10 01:00:00;SUDESTE/CENTRO-OESTE;SUL;6351.086
2025-04-10 02:00:00;SUDESTE/CENTRO-OESTE;SUL;5996.432
2025-04-10 03:00:00;SUDESTE/CENTRO-OESTE;SUL;5871.337
2025-04-10 04:00:00;SUDESTE/CENTRO-OESTE;SUL;6239.037
2025-04-10 05:00:00;SUDESTE/CENTRO-OESTE;SUL;6809.587
2025-04-10 06:00:00;SUDESTE/CENTRO-OESTE;SUL;6642.278
2025-04-10 07:00:00;SUDESTE/CENTRO-OESTE;SUL;6247.526
2025-04-10 08:00:00;SUDESTE/CENTRO-OESTE;SUL;5055.263
2025-04-10 09:00:00;SUDESTE/CENTRO-OESTE;SUL;4349.029
2025-04-10 10:00:00;SUDESTE/CENTRO-OESTE;SUL;4344.30599999
2025-04-10 11:00:00;SUDESTE/CENTRO-OESTE;SUL;4396.848
2025-04-10 12:00:00;SUDESTE/CENTRO-OESTE;SUL;4344.878
2025-04-10 13:00:00;SUDESTE/CENTRO-OESTE;SUL;4430.156
2025-04-10 14:00:00;SUDESTE/CENTRO-OESTE;SUL;4642.12299999
2025-04-10 15:00:00;SUDESTE/CENTRO-OESTE;SUL;5216.959
2025-04-10 16:00:00;SUDESTE/CENTRO-OESTE;SUL;5669.44
2025-04-10 17:00:00;SUDESTE/CENTRO-OESTE;SUL;5776.383
2025-04-10 18:00:00;SUDESTE/CENTRO-OESTE;SUL;6062.505
2025-04-10 19:00:00;SUDESTE/CENTRO-OESTE;SUL;7173.504
2025-04-10 20:00:00;SUDESTE/CENTRO-OESTE;SUL;8427.365
2025-04-10 21:00:00;SUDESTE/CENTRO-OESTE;SUL;8496.592
2025-04-10 22:00:00;SUDESTE/CENTRO-OESTE;SUL;8492.859
2025-04-10 23:00:00;SUDESTE/CENTRO-OESTE;SUL;7648.716
2025-04-11 00:00:00;SUDESTE/CENTRO-OESTE;SUL;7205.319
2025-04-11 01:00:00;SUDESTE/CENTRO-OESTE;SUL;6665.629
2025-04-11 02:00:00;SUDESTE/CENTRO-OESTE;SUL;6512.392
2025-04-11 03:00:00;SUDESTE/CENTRO-OESTE;SUL;6493.524
2025-04-11 04:00:00;SUDESTE/CENTRO-OESTE;SUL;6713.728
2025-04-11 05:00:00;SUDESTE/CENTRO-OESTE;SUL;6789.675
2025-04-11 06:00:00;SUDESTE/CENTRO-OESTE;SUL;6828.625
2025-04-11 07:00:00;SUDESTE/CENTRO-OESTE;SUL;6674.965
2025-04-11 08:00:00;SUDESTE/CENTRO-OESTE;SUL;5925.851
2025-04-11 09:00:00;SUDESTE/CENTRO-OESTE;SUL;5547.595
2025-04-11 10:00:00;SUDESTE/CENTRO-OESTE;SUL;4871.984
2025-04-11 11:00:00;SUDESTE/CENTRO-OESTE;SUL;4491.886
2025-04-11 12:00:00;SUDESTE/CENTRO-OESTE;SUL;4331.75
2025-04-11 13:00:00;SUDESTE/CENTRO-OESTE;SUL;4555.606
2025-04-11 14:00:00;SUDESTE/CENTRO-OESTE;SUL;4489.126
2025-04-11 15:00:00;SUDESTE/CENTRO-OESTE;SUL;4919.862
2025-04-11 16:00:00;SUDESTE/CENTRO-OESTE;SUL;5541.424
2025-04-11 17:00:00;SUDESTE/CENTRO-OESTE;SUL;5980.965
2025-04-11 18:00:00;SUDESTE/CENTRO-OESTE;SUL;5663.17
2025-04-11 19:00:00;SUDESTE/CENTRO-OESTE;SUL;6310.203
2025-04-11 20:00:00;SUDESTE/CENTRO-OESTE;SUL;7384.43
2025-04-11 21:00:00;SUDESTE/CENTRO-OESTE;SUL;7573.061
2025-04-11 22:00:00;SUDESTE/CENTRO-OESTE;SUL;8397.73
2025-04-11 23:00:00;SUDESTE/CENTRO-OESTE;SUL;7683.403
2025-04-12 00:00:00;SUDESTE/CENTRO-OESTE;SUL;6847.314
2025-04-12 01:00:00;SUDESTE/CENTRO-OESTE;SUL;6305.443
2025-04-12 02:00:00;SUDESTE/CENTRO-OESTE;SUL;5908.919
2025-04-12 03:00:00;SUDESTE/CENTRO-OESTE;SUL;5729.429
2025-04-12 04:00:00;SUDESTE/CENTRO-OESTE;SUL;5676.706
2025-04-12 05:00:00;SUDESTE/CENTRO-OESTE;SUL;6017.955
2025-04-12 06:00:00;SUDESTE/CENTRO-OESTE;SUL;6564.259
2025-04-12 07:00:00;SUDESTE/CENTRO-OESTE;SUL;6356.658
2025-04-12 08:00:00;SUDESTE/CENTRO-OESTE;SUL;6315.384
2025-04-12 09:00:00;SUDESTE/CENTRO-OESTE;SUL;6102.082
2025-04-12 10:00:00;SUDESTE/CENTRO-OESTE;SUL;6312.039
2025-04-12 11:00:00;SUDESTE/CENTRO-OESTE;SUL;6224.491
2025-04-12 12:00:00;SUDESTE/CENTRO-OESTE;SUL;6037.196
2025-04-12 13:00:00;SUDESTE/CENTRO-OESTE;SUL;6088.932
2025-04-12 14:00:00;SUDESTE/CENTRO-OESTE;SUL;6070.541
2025-04-12 15:00:00;SUDESTE/CENTRO-OESTE;SUL;6704.635
2025-04-12 16:00:00;SUDESTE/CENTRO-OESTE;SUL;6831.171
2025-04-12 17:00:00;SUDESTE/CENTRO-OESTE;SUL;5681.348
2025-04-12 18:00:00;SUDESTE/CENTRO-OESTE;SUL;5011.18599999
2025-04-12 19:00:00;SUDESTE/CENTRO-OESTE;SUL;5078.778
2025-04-12 20:00:00;SUDESTE/CENTRO-OESTE;SUL;5932.28
2025-04-12 21:00:00;SUDESTE/CENTRO-OESTE;SUL;6615.677
2025-04-12 22:00:00;SUDESTE/CENTRO-OESTE;SUL;6992.0
2025-04-12 23:00:00;SUDESTE/CENTRO-OESTE;SUL;6784.308
2025-04-13 00:00:00;SUDESTE/CENTRO-OESTE;SUL;6788.959
2025-04-13 01:00:00;SUDESTE/CENTRO-OESTE;SUL;6375.021
2025-04-13 02:00:00;SUDESTE/CENTRO-OESTE;SUL;5701.675
2025-04-13 03:00:00;SUDESTE/CENTRO-OESTE;SUL;5535.114
2025-04-13 04:00:00;SUDESTE/CENTRO-OESTE;SUL;5542.18
2025-04-13 05:00:00;SUDESTE/CENTRO-OESTE;SUL;5681.036
2025-04-13 06:00:00;SUDESTE/CENTRO-OESTE;SUL;5521.694
2025-04-13 07:00:00;SUDESTE/CENTRO-OESTE;SUL;5288.921
2025-04-13 08:00:00;SUDESTE/CENTRO-OESTE;SUL;5428.515
2025-04-13 09:00:00;SUDESTE/CENTRO-OESTE;SUL;5541.228
2025-04-13 10:00:00;SUDESTE/CENTRO-OESTE;SUL;5560.994
2025-04-13 11:00:00;SUDESTE/CENTRO-OESTE;SUL;5248.799
2025-04-13 12:00:00;SUDESTE/CENTRO-OESTE;SUL;5240.191
2025-04-13 13:00:00;SUDESTE/CENTRO-OESTE;SUL;5077.155
2025-04-13 14:00:00;SUDESTE/CENTRO-OESTE;SUL;4890.144
2025-04-13 15:00:00;SUDESTE/CENTRO-OESTE;SUL;4813.832
2025-04-13 16:00:00;SUDESTE/CENTRO-OESTE;SUL;5207.18099999
2025-04-13 17:00:00;SUDESTE/CENTRO-OESTE;SUL;5781.21
2025-04-13 18:00:00;SUDESTE/CENTRO-OESTE;SUL;5893.078
2025-04-13 19:00:00;SUDESTE/CENTRO-OESTE;SUL;6698.525
2025-04-13 20:00:00;SUDESTE/CENTRO-OESTE;SUL;6803.513
2025-04-13 21:00:00;SUDESTE/CENTRO-OESTE;SUL;6853.881
2025-04-13 22:00:00;SUDESTE/CENTRO-OESTE;SUL;6613.105
2025-04-13 23:00:00;SUDESTE/CENTRO-OESTE;SUL;5915.898
2025-04-14 00:00:00;SUDESTE/CENTRO-OESTE;SUL;5298.175
2025-04-14 01:00:00;SUDESTE/CENTRO-OESTE;SUL;4895.945
2025-04-14 02:00:00;SUDESTE/CENTRO-OESTE;SUL;4846.502
2025-04-14 03:00:00;SUDESTE/CENTRO-OESTE;SUL;4840.84599999
2025-04-14 04:00:00;SUDESTE/CENTRO-OESTE;SUL;5001.29299999
2025-04-14 05:00:00;SUDESTE/CENTRO-OESTE;SUL;5429.439
2025-04-14 06:00:00;SUDESTE/CENTRO-OESTE;SUL;4797.678
2025-04-14 07:00:00;SUDESTE/CENTRO-OESTE;SUL;5405.563
2025-04-14 08:00:00;SUDESTE/CENTRO-OESTE;SUL;4524.377
2025-04-14 09:00:00;SUDESTE/CENTRO-OESTE;SUL;4034.286
2025-04-14 10:00:00;SUDESTE/CENTRO-OESTE;SUL;4159.203
2025-04-14 11:00:00;SUDESTE/CENTRO-OESTE;SUL;4276.41299999
2025-04-14 12:00:00;SUDESTE/CENTRO-OESTE;SUL;3248.694
2025-04-14 13:00:00;SUDESTE/CENTRO-OESTE;SUL;4010.371
2025-04-14 14:00:00;SUDESTE/CENTRO-OESTE;SUL;4308.193
2025-04-14 15:00:00;SUDESTE/CENTRO-OESTE;SUL;4807.38199999
2025-04-14 16:00:00;SUDESTE/CENTRO-OESTE;SUL;5106.818
2025-04-14 17:00:00;SUDESTE/CENTRO-OESTE;SUL;5313.066
2025-04-14 18:00:00;SUDESTE/CENTRO-OESTE;SUL;6502.931
2025-04-14 19:00:00;SUDESTE/CENTRO-OESTE;SUL;7783.665
2025-04-14 20:00:00;SUDESTE/CENTRO-OESTE;SUL;7924.194
2025-04-14 21:00:00;SUDESTE/CENTRO-OESTE;SUL;7395.73
2025-04-14 22:00:00;SUDESTE/CENTRO-OESTE;SUL;7496.094
2025-04-14 23:00:00;SUDESTE/CENTRO-OESTE;SUL;7270.449
2025-04-15 00:00:00;SUDESTE/CENTRO-OESTE;SUL;7007.948
2025-04-15 01:00:00;SUDESTE/CENTRO-OESTE;SUL;6443.56
2025-04-15 02:00:00;SUDESTE/CENTRO-OESTE;SUL;6056.588
2025-04-15 03:00:00;SUDESTE/CENTRO-OESTE;SUL;5967.719
2025-04-15 04:00:00;SUDESTE/CENTRO-OESTE;SUL;6081.668
2025-04-15 05:00:00;SUDESTE/CENTRO-OESTE;SUL;6141.041
2025-04-15 06:00:00;SUDESTE/CENTRO-OESTE;SUL;6596.844
2025-04-15 07:00:00;SUDESTE/CENTRO-OESTE;SUL;6149.149
2025-04-15 08:00:00;SUDESTE/CENTRO-OESTE;SUL;4550.094
2025-04-15 09:00:00;SUDESTE/CENTRO-OESTE;SUL;3755.386
2025-04-15 10:00:00;SUDESTE/CENTRO-OESTE;SUL;3864.465
2025-04-15 11:00:00;SUDESTE/CENTRO-OESTE;SUL;3935.317
2025-04-15 12:00:00;SUDESTE/CENTRO-OESTE;SUL;3789.813
2025-04-15 13:00:00;SUDESTE/CENTRO-OESTE;SUL;4495.964
2025-04-15 14:00:00;SUDESTE/CENTRO-OESTE;SUL;4232.376
2025-04-15 15:00:00;SUDESTE/CENTRO-OESTE;SUL;4416.34199999
2025-04-15 16:00:00;SUDESTE/CENTRO-OESTE;SUL;5112.151
2025-04-15 17:00:00;SUDESTE/CENTRO-OESTE;SUL;5579.627
2025-04-15 18:00:00;SUDESTE/CENTRO-OESTE;SUL;6723.126
2025-04-15 19:00:00;SUDESTE/CENTRO-OESTE;SUL;7297.728
2025-04-15 20:00:00;SUDESTE/CENTRO-OESTE;SUL;7763.913
2025-04-15 21:00:00;SUDESTE/CENTRO-OESTE;SUL;7870.687
2025-04-15 22:00:00;SUDESTE/CENTRO-OESTE;SUL;7764.016
2025-04-15 23:00:00;SUDESTE/CENTRO-OESTE;SUL;7305.773
2025-04-16 00:00:00;SUDESTE/CENTRO-OESTE;SUL;7137.777
2025-04-16 01:00:00;SUDESTE/CENTRO-OESTE;SUL;6640.151
2025-04-16 02:00:00;SUDESTE/CENTRO-OESTE;SUL;6347.503
2025-04-16 03:00:00;SUDESTE/CENTRO-OESTE;SUL;6281.755
2025-04-16 04:00:00;SUDESTE/CENTRO-OESTE;SUL;6099.496
2025-04-16 05:00:00;SUDESTE/CENTRO-OESTE;SUL;6399.153
2025-04-16 06:00:00;SUDESTE/CENTRO-OESTE;SUL;6177.004
2025-04-16 07:00:00;SUDESTE/CENTRO-OESTE;SUL;5732.31
2025-04-16 08:00:00;SUDESTE/CENTRO-OESTE;SUL;4939.727
2025-04-16 09:00:00;SUDESTE/CENTRO-OESTE;SUL;4443.54
2025-04-16 10:00:00;SUDESTE/CENTRO-OESTE;SUL;4655.639
2025-04-16 11:00:00;SUDESTE/CENTRO-OESTE;SUL;5076.651
2025-04-16 12:00:00;SUDESTE/CENTRO-OESTE;SUL;4718.82
2025-04-16 13:00:00;SUDESTE/CENTRO-OESTE;SUL;5137.843
2025-04-16 14:00:00;SUDESTE/CENTRO-OESTE;SUL;5065.879
2025-04-16 15:00:00;SUDESTE/CENTRO-OESTE;SUL;5457.79699999
2025-04-16 16:00:00;SUDESTE/CENTRO-OESTE;SUL;6222.738
2025-04-16 17:00:00;SUDESTE/CENTRO-OESTE;SUL;6636.605
2025-04-16 18:00:00;SUDESTE/CENTRO-OESTE;SUL;8136.178
2025-04-16 19:00:00;SUDESTE/CENTRO-OESTE;SUL;8765.806
2025-04-16 20:00:00;SUDESTE/CENTRO-OESTE;SUL;8803.848
2025-04-16 21:00:00;SUDESTE/CENTRO-OESTE;SUL;8637.69299999
2025-04-16 22:00:00;SUDESTE/CENTRO-OESTE;SUL;8314.156
2025-04-16 23:00:00;SUDESTE/CENTRO-OESTE;SUL;8130.353
2025-04-17 00:00:00;SUDESTE/CENTRO-OESTE;SUL;7773.214
2025-04-17 01:00:00;SUDESTE/CENTRO-OESTE;SUL;7317.798
2025-04-17 02:00:00;SUDESTE/CENTRO-OESTE;SUL;7053.091
2025-04-17 03:00:00;SUDESTE/CENTRO-OESTE;SUL;6963.183
2025-04-17 04:00:00;SUDESTE/CENTRO-OESTE;SUL;6827.245
2025-04-17 05:00:00;SUDESTE/CENTRO-OESTE;SUL;6839.624
2025-04-17 06:00:00;SUDESTE/CENTRO-OESTE;SUL;7355.816
2025-04-17 07:00:00;SUDESTE/CENTRO-OESTE;SUL;6485.627
2025-04-17 08:00:00;SUDESTE/CENTRO-OESTE;SUL;5123.188
2025-04-17 09:00:00;SUDESTE/CENTRO-OESTE;SUL;4626.062
2025-04-17 10:00:00;SUDESTE/CENTRO-OESTE;SUL;4684.045
2025-04-17 11:00:00;SUDESTE/CENTRO-OESTE;SUL;4608.10499999
2025-04-17 12:00:00;SUDESTE/CENTRO-OESTE;SUL;4905.695
2025-04-17 13:00:00;SUDESTE/CENTRO-OESTE;SUL;5282.585
2025-04-17 14:00:00;SUDESTE/CENTRO-OESTE;SUL;5169.569
2025-04-17 15:00:00;SUDESTE/CENTRO-OESTE;SUL;5503.475
2025-04-17 16:00:00;SUDESTE/CENTRO-OESTE;SUL;6133.867
2025-04-17 17:00:00;SUDESTE/CENTRO-OESTE;SUL;6008.495
2025-04-17 18:00:00;SUDESTE/CENTRO-OESTE;SUL;6547.513
2025-04-17 19:00:00;SUDESTE/CENTRO-OESTE;SUL;6961.037
2025-04-17 20:00:00;SUDESTE/CENTRO-OESTE;SUL;7662.772
2025-04-17 21:00:00;SUDESTE/CENTRO-OESTE;SUL;7829.347
2025-04-17 22:00:00;SUDESTE/CENTRO-OESTE;SUL;7828.226
2025-04-17 23:00:00;SUDESTE/CENTRO-OESTE;SUL;7334.28
2025-04-18 00:00:00;SUDESTE/CENTRO-OESTE;SUL;7366.092
2025-04-18 01:00:00;SUDESTE/CENTRO-OESTE;SUL;6797.577
2025-04-18 02:00:00;SUDESTE/CENTRO-OESTE;SUL;6250.416
2025-04-18 03:00:00;SUDESTE/CENTRO-OESTE;SUL;5831.062
2025-04-18 04:00:00;SUDESTE/CENTRO-OESTE;SUL;5562.756
2025-04-18 05:00:00;SUDESTE/CENTRO-OESTE;SUL;5643.451
2025-04-18 06:00:00;SUDESTE/CENTRO-OESTE;SUL;5436.291
2025-04-18 07:00:00;SUDESTE/CENTRO-OESTE;SUL;4993.607
2025-04-18 08:00:00;SUDESTE/CENTRO-OESTE;SUL;5382.621
2025-04-18 09:00:00;SUDESTE/CENTRO-OESTE;SUL;5330.07
2025-04-18 10:00:00;SUDESTE/CENTRO-OESTE;SUL;5026.301
2025-04-18 11:00:00;SUDESTE/CENTRO-OESTE;SUL;5033.945
2025-04-18 12:00:00;SUDESTE/CENTRO-OESTE;SUL;4644.856
2025-04-18 13:00:00;SUDESTE/CENTRO-OESTE;SUL;4756.213
2025-04-18 14:00:00;SUDESTE/CENTRO-OESTE;SUL;4984.486
2025-04-18 15:00:00;SUDESTE/CENTRO-OESTE;SUL;5646.927
2025-04-18 16:00:00;SUDESTE/CENTRO-OESTE;SUL;6286.329
2025-04-18 17:00:00;SUDESTE/CENTRO-OESTE;SUL;6788.418
2025-04-18 18:00:00;SUDESTE/CENTRO-OESTE;SUL;7183.207
2025-04-18 19:00:00;SUDESTE/CENTRO-OESTE;SUL;6813.795
2025-04-18 20:00:00;SUDESTE/CENTRO-OESTE;SUL;6864.987
2025-04-18 21:00:00;SUDESTE/CENTRO-OESTE;SUL;7098.323
2025-04-18 22:00:00;SUDESTE/CENTRO-OESTE;SUL;7464.716
2025-04-18 23:00:00;SUDESTE/CENTRO-OESTE;SUL;7085.965
2025-04-19 00:00:00;SUDESTE/CENTRO-OESTE;SUL;6436.453
2025-04-19 01:00:00;SUDESTE/CENTRO-OESTE;SUL;6184.422
2025-04-19 02:00:00;SUDESTE/CENTRO-OESTE;SUL;5786.443
2025-04-19 03:00:00;SUDESTE/CENTRO-OESTE;SUL;5435.849
2025-04-19 04:00:00;SUDESTE/CENTRO-OESTE;SUL;5306.562
2025-04-19 05:00:00;SUDESTE/CENTRO-OESTE;SUL;5391.693
2025-04-19 06:00:00;SUDESTE/CENTRO-OESTE;SUL;5849.501
2025-04-19 07:00:00;SUDESTE/CENTRO-OESTE;SUL;5429.354
2025-04-19 08:00:00;SUDESTE/CENTRO-OESTE;SUL;5116.697
2025-04-19 09:00:00;SUDESTE/CENTRO-OESTE;SUL;4794.515
2025-04-19 10:00:00;SUDESTE/CENTRO-OESTE;SUL;4595.063
2025-04-19 11:00:00;SUDESTE/CENTRO-OESTE;SUL;4502.124
2025-04-19 12:00:00;SUDESTE/CENTRO-OESTE;SUL;4058.732
2025-04-19 13:00:00;SUDESTE/CENTRO-OESTE;SUL;4196.438
2025-04-19 14:00:00;SUDESTE/CENTRO-OESTE;SUL;4346.5
2025-04-19 15:00:00;SUDESTE/CENTRO-OESTE;SUL;4837.61399999
2025-04-19 16:00:00;SUDESTE/CENTRO-OESTE;SUL;4930.787
2025-04-19 17:00:00;SUDESTE/CENTRO-OESTE;SUL;4790.149
2025-04-19 18:00:00;SUDESTE/CENTRO-OESTE;SUL;5611.881
2025-04-19 19:00:00;SUDESTE/CENTRO-OESTE;SUL;5829.457
2025-04-19 20:00:00;SUDESTE/CENTRO-OESTE;SUL;6505.483
2025-04-19 21:00:00;SUDESTE/CENTRO-OESTE;SUL;7244.413
2025-04-19 22:00:00;SUDESTE/CENTRO-OESTE;SUL;6938.109
2025-04-19 23:00:00;SUDESTE/CENTRO-OESTE;SUL;6390.231
2025-04-20 00:00:00;SUDESTE/CENTRO-OESTE;SUL;5621.729
2025-04-20 01:00:00;SUDESTE/CENTRO-OESTE;SUL;5313.966
2025-04-20 02:00:00;SUDESTE/CENTRO-OESTE;SUL;5096.269
2025-04-20 03:00:00;SUDESTE/CENTRO-OESTE;SUL;4968.33
2025-04-20 04:00:00;SUDESTE/CENTRO-OESTE;SUL;4873.511
2025-04-20 05:00:00;SUDESTE/CENTRO-OESTE;SUL;4914.822
2025-04-20 06:00:00;SUDESTE/CENTRO-OESTE;SUL;5066.662
2025-04-20 07:00:00;SUDESTE/CENTRO-OESTE;SUL;4818.91299999
2025-04-20 08:00:00;SUDESTE/CENTRO-OESTE;SUL;4304.896
2025-04-20 09:00:00;SUDESTE/CENTRO-OESTE;SUL;3510.335
2025-04-20 10:00:00;SUDESTE/CENTRO-OESTE;SUL;2994.004
2025-04-20 11:00:00;SUDESTE/CENTRO-OESTE;SUL;2540.232
2025-04-20 12:00:00;SUDESTE/CENTRO-OESTE;SUL;1936.081
2025-04-20 13:00:00;SUDESTE/CENTRO-OESTE;SUL;1762.487
2025-04-20 14:00:00;SUDESTE/CENTRO-OESTE;SUL;2040.68
2025-04-20 15:00:00;SUDESTE/CENTRO-OESTE;SUL;3072.813
2025-04-20 16:00:00;SUDESTE/CENTRO-OESTE;SUL;4726.151
2025-04-20 17:00:00;SUDESTE/CENTRO-OESTE;SUL;5571.435
2025-04-20 18:00:00;SUDESTE/CENTRO-OESTE;SUL;5966.709
2025-04-20 19:00:00;SUDESTE/CENTRO-OESTE;SUL;6517.437
2025-04-20 20:00:00;SUDESTE/CENTRO-OESTE;SUL;7346.664
2025-04-20 21:00:00;SUDESTE/CENTRO-OESTE;SUL;7289.692
2025-04-20 22:00:00;SUDESTE/CENTRO-OESTE;SUL;6972.436
2025-04-20 23:00:00;SUDESTE/CENTRO-OESTE;SUL;6321.183
2025-04-21 00:00:00;SUDESTE/CENTRO-OESTE;SUL;5750.93
2025-04-21 01:00:00;SUDESTE/CENTRO-OESTE;SUL;5266.259
2025-04-21 02:00:00;SUDESTE/CENTRO-OESTE;SUL;5024.154
2025-04-21 03:00:00;SUDESTE/CENTRO-OESTE;SUL;4769.60499999
2025-04-21 04:00:00;SUDESTE/CENTRO-OESTE;SUL;4773.41299999
2025-04-21 05:00:00;SUDESTE/CENTRO-OESTE;SUL;5131.687
2025-04-21 06:00:00;SUDESTE/CENTRO-OESTE;SUL;5643.862
2025-04-21 07:00:00;SUDESTE/CENTRO-OESTE;SUL;5559.354
2025-04-21 08:00:00;SUDESTE/CENTRO-OESTE;SUL;5090.68099999
2025-04-21 09:00:00;SUDESTE/CENTRO-OESTE;SUL;5081.821
2025-04-21 10:00:00;SUDESTE/CENTRO-OESTE;SUL;4575.082
2025-04-21 11:00:00;SUDESTE/CENTRO-OESTE;SUL;4525.448
2025-04-21 12:00:00;SUDESTE/CENTRO-OESTE;SUL;4181.296
2025-04-21 13:00:00;SUDESTE/CENTRO-OESTE;SUL;4408.767
2025-04-21 14:00:00;SUDESTE/CENTRO-OESTE;SUL;4844.60099999
2025-04-21 15:00:00;SUDESTE/CENTRO-OESTE;SUL;5547.013
2025-04-21 16:00:00;SUDESTE/CENTRO-OESTE;SUL;6311.926
2025-04-21 17:00:00;SUDESTE/CENTRO-OESTE;SUL;6851.73
2025-04-21 18:00:00;SUDESTE/CENTRO-OESTE;SUL;7285.78
2025-04-21 19:00:00;SUDESTE/CENTRO-OESTE;SUL;7062.441
2025-04-21 20:00:00;SUDESTE/CENTRO-OESTE;SUL;6652.77
2025-04-21 21:00:00;SUDESTE/CENTRO-OESTE;SUL;7175.874
2025-04-21 22:00:00;SUDESTE/CENTRO-OESTE;SUL;8048.869
2025-04-21 23:00:00;SUDESTE/CENTRO-OESTE;SUL;7542.528
2025-04-22 00:00:00;SUDESTE/CENTRO-OESTE;SUL;7092.383
2025-04-22 01:00:00;SUDESTE/CENTRO-OESTE;SUL;6834.008
2025-04-22 02:00:00;SUDESTE/CENTRO-OESTE;SUL;6414.062
2025-04-22 03:00:00;SUDESTE/CENTRO-OESTE;SUL;6203.67
2025-04-22 04:00:00;SUDESTE/CENTRO-OESTE;SUL;6292.678
2025-04-22 05:00:00;SUDESTE/CENTRO-OESTE;SUL;6640.677
2025-04-22 06:00:00;SUDESTE/CENTRO-OESTE;SUL;6728.225
2025-04-22 07:00:00;SUDESTE/CENTRO-OESTE;SUL;6649.377
2025-04-22 08:00:00;SUDESTE/CENTRO-OESTE;SUL;5836.148
2025-04-22 09:00:00;SUDESTE/CENTRO-OESTE;SUL;5114.514
2025-04-22 10:00:00;SUDESTE/CENTRO-OESTE;SUL;3553.166
2025-04-22 11:00:00;SUDESTE/CENTRO-OESTE;SUL;3187.389
2025-04-22 12:00:00;SUDESTE/CENTRO-OESTE;SUL;2948.624
2025-04-22 13:00:00;SUDESTE/CENTRO-OESTE;SUL;4095.139
2025-04-22 14:00:00;SUDESTE/CENTRO-OESTE;SUL;4380.544
2025-04-22 15:00:00;SUDESTE/CENTRO-OESTE;SUL;4531.249
2025-04-22 16:00:00;SUDESTE/CENTRO-OESTE;SUL;5003.318
2025-04-22 17:00:00;SUDESTE/CENTRO-OESTE;SUL;5457.213
2025-04-22 18:00:00;SUDESTE/CENTRO-OESTE;SUL;6487.281
2025-04-22 19:00:00;SUDESTE/CENTRO-OESTE;SUL;6730.635
2025-04-22 20:00:00;SUDESTE/CENTRO-OESTE;SUL;6970.6
2025-04-22 21:00:00;SUDESTE/CENTRO-OESTE;SUL;6847.081
2025-04-22 22:00:00;SUDESTE/CENTRO-OESTE;SUL;7128.722
2025-04-22 23:00:00;SUDESTE/CENTRO-OESTE;SUL;7188.716
2025-04-23 00:00:00;SUDESTE/CENTRO-OESTE;SUL;7350.703
2025-04-23 01:00:00;SUDESTE/CENTRO-OESTE;SUL;6860.493
2025-04-23 02:00:00;SUDESTE/CENTRO-OESTE;SUL;6688.464
2025-04-23 03:00:00;SUDESTE/CENTRO-OESTE;SUL;6383.34
2025-04-23 04:00:00;SUDESTE/CENTRO-OESTE;SUL;6295.234
2025-04-23 05:00:00;SUDESTE/CENTRO-OESTE;SUL;6193.171
2025-04-23 06:00:00;SUDESTE/CENTRO-OESTE;SUL;6084.811
2025-04-23 07:00:00;SUDESTE/CENTRO-OESTE;SUL;6092.918
2025-04-23 08:00:00;SUDESTE/CENTRO-OESTE;SUL;5417.27
2025-04-23 09:00:00;SUDESTE/CENTRO-OESTE;SUL;4898.318
2025-04-23 10:00:00;SUDESTE/CENTRO-OESTE;SUL;3461.303
2025-04-23 11:00:00;SUDESTE/CENTRO-OESTE;SUL;2952.285
2025-04-23 12:00:00;SUDESTE/CENTRO-OESTE;SUL;3193.305
2025-04-23 13:00:00;SUDESTE/CENTRO-OESTE;SUL;3708.968
2025-04-23 14:00:00;SUDESTE/CENTRO-OESTE;SUL;3544.172
2025-04-23 15:00:00;SUDESTE/CENTRO-OESTE;SUL;3972.141
2025-04-23 16:00:00;SUDESTE/CENTRO-OESTE;SUL;4992.313
2025-04-23 17:00:00;SUDESTE/CENTRO-OESTE;SUL;5702.195
2025-04-23 18:00:00;SUDESTE/CENTRO-OESTE;SUL;6296.649
2025-04-23 19:00:00;SUDESTE/CENTRO-OESTE;SUL;6505.951
2025-04-23 20:00:00;SUDESTE/CENTRO-OESTE;SUL;6670.499
2025-04-23 21:00:00;SUDESTE/CENTRO-OESTE;SUL;7132.754
2025-04-23 22:00:00;SUDESTE/CENTRO-OESTE;SUL;6582.724
2025-04-23 23:00:00;SUDESTE/CENTRO-OESTE;SUL;7254.073
2025-04-24 00:00:00;SUDESTE/CENTRO-OESTE;SUL;7696.477
2025-04-24 01:00:00;SUDESTE/CENTRO-OESTE;SUL;7169.816
2025-04-24 02:00:00;SUDESTE/CENTRO-OESTE;SUL;7054.79
2025-04-24 03:00:00;SUDESTE/CENTRO-OESTE;SUL;7091.645
2025-04-24 04:00:00;SUDESTE/CENTRO-OESTE;SUL;7080.676
2025-04-24 05:00:00;SUDESTE/CENTRO-OESTE;SUL;7065.578
2025-04-24 06:00:00;SUDESTE/CENTRO-OESTE;SUL;6880.938
2025-04-24 07:00:00;SUDESTE/CENTRO-OESTE;SUL;6395.666
2025-04-24 08:00:00;SUDESTE/CENTRO-OESTE;SUL;5277.787
2025-04-24 09:00:00;SUDESTE/CENTRO-OESTE;SUL;4522.265
2025-04-24 10:00:00;SUDESTE/CENTRO-OESTE;SUL;4639.858
2025-04-24 11:00:00;SUDESTE/CENTRO-OESTE;SUL;4598.911
2025-04-24 12:00:00;SUDESTE/CENTRO-OESTE;SUL;4395.272
2025-04-24 13:00:00;SUDESTE/CENTRO-OESTE;SUL;3804.87
2025-04-24 14:00:00;SUDESTE/CENTRO-OESTE;SUL;3791.075
2025-04-24 15:00:00;SUDESTE/CENTRO-OESTE;SUL;3580.599
2025-04-24 16:00:00;SUDESTE/CENTRO-OESTE;SUL;3915.069
2025-04-24 17:00:00;SUDESTE/CENTRO-OESTE;SUL;4249.386
2025-04-24 18:00:00;SUDESTE/CENTRO-OESTE;SUL;5320.666
2025-04-24 19:00:00;SUDESTE/CENTRO-OESTE;SUL;5348.733
2025-04-24 20:00:00;SUDESTE/CENTRO-OESTE;SUL;5807.413
2025-04-24 21:00:00;SUDESTE/CENTRO-OESTE;SUL;5811.95
2025-04-24 22:00:00;SUDESTE/CENTRO-OESTE;SUL;5536.595
2025-04-24 23:00:00;SUDESTE/CENTRO-OESTE;SUL;5952.335
2025-04-25 00:00:00;SUDESTE/CENTRO-OESTE;SUL;7304.936
2025-04-25 01:00:00;SUDESTE/CENTRO-OESTE;SUL;6445.552
2025-04-25 02:00:00;SUDESTE/CENTRO-OESTE;SUL;6140.157
2025-04-25 03:00:00;SUDESTE/CENTRO-OESTE;SUL;6110.415
2025-04-25 04:00:00;SUDESTE/CENTRO-OESTE;SUL;6160.393
2025-04-25 05:00:00;SUDESTE/CENTRO-OESTE;SUL;6405.599
2025-04-25 06:00:00;SUDESTE/CENTRO-OESTE;SUL;5856.318
2025-04-25 07:00:00;SUDESTE/CENTRO-OESTE;SUL;5910.85
2025-04-25 08:00:00;SUDESTE/CENTRO-OESTE;SUL;4565.926
2025-04-25 09:00:00;SUDESTE/CENTRO-OESTE;SUL;4170.504
2025-04-25 10:00:00;SUDESTE/CENTRO-OESTE;SUL;4382.348
2025-04-25 11:00:00;SUDESTE/CENTRO-OESTE;SUL;4335.928
2025-04-25 12:00:00;SUDESTE/CENTRO-OESTE;SUL;4260.755
2025-04-25 13:00:00;SUDESTE/CENTRO-OESTE;SUL;4689.923
2025-04-25 14:00:00;SUDESTE/CENTRO-OESTE;SUL;5152.589
2025-04-25 15:00:00;SUDESTE/CENTRO-OESTE;SUL;5487.09599999
2025-04-25 16:00:00;SUDESTE/CENTRO-OESTE;SUL;5378.654
2025-04-25 17:00:00;SUDESTE/CENTRO-OESTE;SUL;6237.163
2025-04-25 18:00:00;SUDESTE/CENTRO-OESTE;SUL;6888.934
2025-04-25 19:00:00;SUDESTE/CENTRO-OESTE;SUL;6424.225
2025-04-25 20:00:00;SUDESTE/CENTRO-OESTE;SUL;6769.459
2025-04-25 21:00:00;SUDESTE/CENTRO-OESTE;SUL;7080.686
2025-04-25 22:00:00;SUDESTE/CENTRO-OESTE;SUL;7174.433
2025-04-25 23:00:00;SUDESTE/CENTRO-OESTE;SUL;7118.515
2025-04-26 00:00:00;SUDESTE/CENTRO-OESTE;SUL;7568.868
2025-04-26 01:00:00;SUDESTE/CENTRO-OESTE;SUL;7133.4
2025-04-26 02:00:00;SUDESTE/CENTRO-OESTE;SUL;6698.407
2025-04-26 03:00:00;SUDESTE/CENTRO-OESTE;SUL;6604.97
2025-04-26 04:00:00;SUDESTE/CENTRO-OESTE;SUL;6746.954
2025-04-26 05:00:00;SUDESTE/CENTRO-OESTE;SUL;6534.233
2025-04-26 06:00:00;SUDESTE/CENTRO-OESTE;SUL;6581.481
2025-04-26 07:00:00;SUDESTE/CENTRO-OESTE;SUL;6388.517
2025-04-26 08:00:00;SUDESTE/CENTRO-OESTE;SUL;6140.311
2025-04-26 09:00:00;SUDESTE/CENTRO-OESTE;SUL;5934.333
2025-04-26 10:00:00;SUDESTE/CENTRO-OESTE;SUL;6197.936
2025-04-26 11:00:00;SUDESTE/CENTRO-OESTE;SUL;6061.684
2025-04-26 12:00:00;SUDESTE/CENTRO-OESTE;SUL;5497.421
2025-04-26 13:00:00;SUDESTE/CENTRO-OESTE;SUL;5667.689
2025-04-26 14:00:00;SUDESTE/CENTRO-OESTE;SUL;6019.874
2025-04-26 15:00:00;SUDESTE/CENTRO-OESTE;SUL;6438.766
2025-04-26 16:00:00;SUDESTE/CENTRO-OESTE;SUL;7065.693
2025-04-26 17:00:00;SUDESTE/CENTRO-OESTE;SUL;6488.364
2025-04-26 18:00:00;SUDESTE/CENTRO-OESTE;SUL;6365.655
2025-04-26 19:00:00;SUDESTE/CENTRO-OESTE;SUL;6264.928
2025-04-26 20:00:00;SUDESTE/CENTRO-OESTE;SUL;6047.662
2025-04-26 21:00:00;SUDESTE/CENTRO-OESTE;SUL;6457.465
2025-04-26 22:00:00;SUDESTE/CENTRO-OESTE;SUL;7519.749
2025-04-26 23:00:00;SUDESTE/CENTRO-OESTE;SUL;7211.801
2025-04-27 00:00:00;SUDESTE/CENTRO-OESTE;SUL;6541.084
2025-04-27 01:00:00;SUDESTE/CENTRO-OESTE;SUL;6074.421
2025-04-27 02:00:00;SUDESTE/CENTRO-OESTE;SUL;5778.564
2025-04-27 03:00:00;SUDESTE/CENTRO-OESTE;SUL;5764.236
2025-04-27 04:00:00;SUDESTE/CENTRO-OESTE;SUL;5693.084
2025-04-27 05:00:00;SUDESTE/CENTRO-OESTE;SUL;5816.143
2025-04-27 06:00:00;SUDESTE/CENTRO-OESTE;SUL;5963.056
2025-04-27 07:00:00;SUDESTE/CENTRO-OESTE;SUL;5732.157
2025-04-27 08:00:00;SUDESTE/CENTRO-OESTE;SUL;5570.373
2025-04-27 09:00:00;SUDESTE/CENTRO-OESTE;SUL;5297.318
2025-04-27 10:00:00;SUDESTE/CENTRO-OESTE;SUL;5428.295
2025-04-27 11:00:00;SUDESTE/CENTRO-OESTE;SUL;5490.643
2025-04-27 12:00:00;SUDESTE/CENTRO-OESTE;SUL;5184.753
2025-04-27 13:00:00;SUDESTE/CENTRO-OESTE;SUL;5345.031
2025-04-27 14:00:00;SUDESTE/CENTRO-OESTE;SUL;5606.351
2025-04-27 15:00:00;SUDESTE/CENTRO-OESTE;SUL;5249.338
2025-04-27 16:00:00;SUDESTE/CENTRO-OESTE;SUL;5601.261
2025-04-27 17:00:00;SUDESTE/CENTRO-OESTE;SUL;6751.294
2025-04-27 18:00:00;SUDESTE/CENTRO-OESTE;SUL;6580.072
2025-04-27 19:00:00;SUDESTE/CENTRO-OESTE;SUL;5975.082
2025-04-27 20:00:00;SUDESTE/CENTRO-OESTE;SUL;6071.747
2025-04-27 21:00:00;SUDESTE/CENTRO-OESTE;SUL;7037.998
2025-04-27 22:00:00;SUDESTE/CENTRO-OESTE;SUL;6979.894
2025-04-27 23:00:00;SUDESTE/CENTRO-OESTE;SUL;6224.926
2025-04-28 00:00:00;SUDESTE/CENTRO-OESTE;SUL;6131.617
2025-04-28 01:00:00;SUDESTE/CENTRO-OESTE;SUL;6201.461
2025-04-28 02:00:00;SUDESTE/CENTRO-OESTE;SUL;5901.91
2025-04-28 03:00:00;SUDESTE/CENTRO-OESTE;SUL;5668.613
2025-04-28 04:00:00;SUDESTE/CENTRO-OESTE;SUL;5800.852
2025-04-28 05:00:00;SUDESTE/CENTRO-OESTE;SUL;5914.979
2025-04-28 06:00:00;SUDESTE/CENTRO-OESTE;SUL;5487.948
2025-04-28 07:00:00;SUDESTE/CENTRO-OESTE;SUL;4977.64999999
2025-04-28 08:00:00;SUDESTE/CENTRO-OESTE;SUL;4252.014
2025-04-28 09:00:00;SUDESTE/CENTRO-OESTE;SUL;3328.033
2025-04-28 10:00:00;SUDESTE/CENTRO-OESTE;SUL;3359.764
2025-04-28 11:00:00;SUDESTE/CENTRO-OESTE;SUL;3538.794
2025-04-28 12:00:00;SUDESTE/CENTRO-OESTE;SUL;3080.853
2025-04-28 13:00:00;SUDESTE/CENTRO-OESTE;SUL;3663.116
2025-04-28 14:00:00;SUDESTE/CENTRO-OESTE;SUL;3861.964
2025-04-28 15:00:00;SUDESTE/CENTRO-OESTE;SUL;4902.347
2025-04-28 16:00:00;SUDESTE/CENTRO-OESTE;SUL;5116.63
2025-04-28 17:00:00;SUDESTE/CENTRO-OESTE;SUL;5578.072
2025-04-28 18:00:00;SUDESTE/CENTRO-OESTE;SUL;5737.449
2025-04-28 19:00:00;SUDESTE/CENTRO-OESTE;SUL;7098.087
2025-04-28 20:00:00;SUDESTE/CENTRO-OESTE;SUL;6982.103
2025-04-28 21:00:00;SUDESTE/CENTRO-OESTE;SUL;7076.574
2025-04-28 22:00:00;SUDESTE/CENTRO-OESTE;SUL;7141.248
2025-04-28 23:00:00;SUDESTE/CENTRO-OESTE;SUL;7400.724
2025-04-29 00:00:00;SUDESTE/CENTRO-OESTE;SUL;7165.25
2025-04-29 01:00:00;SUDESTE/CENTRO-OESTE;SUL;6750.012
2025-04-29 02:00:00;SUDESTE/CENTRO-OESTE;SUL;6387.844
2025-04-29 03:00:00;SUDESTE/CENTRO-OESTE;SUL;6328.201
2025-04-29 04:00:00;SUDESTE/CENTRO-OESTE;SUL;6263.814
2025-04-29 05:00:00;SUDESTE/CENTRO-OESTE;SUL;6312.358
2025-04-29 06:00:00;SUDESTE/CENTRO-OESTE;SUL;6015.401
2025-04-29 07:00:00;SUDESTE/CENTRO-OESTE;SUL;5708.568
2025-04-29 08:00:00;SUDESTE/CENTRO-OESTE;SUL;4035.23
2025-04-29 09:00:00;SUDESTE/CENTRO-OESTE;SUL;4113.82
2025-04-29 10:00:00;SUDESTE/CENTRO-OESTE;SUL;3577.558
2025-04-29 11:00:00;SUDESTE/CENTRO-OESTE;SUL;3093.418
2025-04-29 12:00:00;SUDESTE/CENTRO-OESTE;SUL;2745.612
2025-04-29 13:00:00;SUDESTE/CENTRO-OESTE;SUL;3109.706
2025-04-29 14:00:00;SUDESTE/CENTRO-OESTE;SUL;3679.309
2025-04-29 15:00:00;SUDESTE/CENTRO-OESTE;SUL;4425.871
2025-04-29 16:00:00;SUDESTE/CENTRO-OESTE;SUL;4715.10099999
2025-04-29 17:00:00;SUDESTE/CENTRO-OESTE;SUL;4729.53
2025-04-29 18:00:00;SUDESTE/CENTRO-OESTE;SUL;5067.112
2025-04-29 19:00:00;SUDESTE/CENTRO-OESTE;SUL;6197.844
2025-04-29 20:00:00;SUDESTE/CENTRO-OESTE;SUL;6679.279
2025-04-29 21:00:00;SUDESTE/CENTRO-OESTE;SUL;6489.172
2025-04-29 22:00:00;SUDESTE/CENTRO-OESTE;SUL;6388.612
2025-04-29 23:00:00;SUDESTE/CENTRO-OESTE;SUL;6274.958
2025-04-30 00:00:00;SUDESTE/CENTRO-OESTE;SUL;7246.165
2025-04-30 01:00:00;SUDESTE/CENTRO-OESTE;SUL;6902.071
2025-04-30 02:00:00;SUDESTE/CENTRO-OESTE;SUL;6552.761
2025-04-30 03:00:00;SUDESTE/CENTRO-OESTE;SUL;6360.295
2025-04-30 04:00:00;SUDESTE/CENTRO-OESTE;SUL;6526.271
2025-04-30 05:00:00;SUDESTE/CENTRO-OESTE;SUL;6870.427
2025-04-30 06:00:00;SUDESTE/CENTRO-OESTE;SUL;7168.78
2025-04-30 07:00:00;SUDESTE/CENTRO-OESTE;SUL;7030.701
2025-04-30 08:00:00;SUDESTE/CENTRO-OESTE;SUL;6428.614
2025-04-30 09:00:00;SUDESTE/CENTRO-OESTE;SUL;5813.423
2025-04-30 10:00:00;SUDESTE/CENTRO-OESTE;SUL;5275.79699999
2025-04-30 11:00:00;SUDESTE/CENTRO-OESTE;SUL;3641.855
2025-04-30 12:00:00;SUDESTE/CENTRO-OESTE;SUL;3069.148
2025-04-30 13:00:00;SUDESTE/CENTRO-OESTE;SUL;3820.387
2025-04-30 14:00:00;SUDESTE/CENTRO-OESTE;SUL;5012.462
2025-04-30 15:00:00;SUDESTE/CENTRO-OESTE;SUL;5041.571
2025-04-30 16:00:00;SUDESTE/CENTRO-OESTE;SUL;5672.921
2025-04-30 17:00:00;SUDESTE/CENTRO-OESTE;SUL;6835.619
2025-04-30 18:00:00;SUDESTE/CENTRO-OESTE;SUL;7538.222
2025-04-30 19:00:00;SUDESTE/CENTRO-OESTE;SUL;7481.806
2025-04-30 20:00:00;SUDESTE/CENTRO-OESTE;SUL;7245.263
2025-04-30 21:00:00;SUDESTE/CENTRO-OESTE;SUL;7155.511
2025-04-30 22:00:00;SUDESTE/CENTRO-OESTE;SUL;6662.446
2025-04-30 23:00:00;SUDESTE/CENTRO-OESTE;SUL;7108.122
2025-05-01 00:00:00;SUDESTE/CENTRO-OESTE;SUL;7448.503
2025-05-01 01:00:00;SUDESTE/CENTRO-OESTE;SUL;6897.92
2025-05-01 02:00:00;SUDESTE/CENTRO-OESTE;SUL;7351.202
2025-05-01 03:00:00;SUDESTE/CENTRO-OESTE;SUL;7293.255
2025-05-01 04:00:00;SUDESTE/CENTRO-OESTE;SUL;7195.731
2025-05-01 05:00:00;SUDESTE/CENTRO-OESTE;SUL;7398.211
2025-05-01 06:00:00;SUDESTE/CENTRO-OESTE;SUL;7317.341
2025-05-01 07:00:00;SUDESTE/CENTRO-OESTE;SUL;6851.353
2025-05-01 08:00:00;SUDESTE/CENTRO-OESTE;SUL;6096.385
2025-05-01 09:00:00;SUDESTE/CENTRO-OESTE;SUL;5211.848
2025-05-01 10:00:00;SUDESTE/CENTRO-OESTE;SUL;5089.915
2025-05-01 11:00:00;SUDESTE/CENTRO-OESTE;SUL;4806.334
2025-05-01 12:00:00;SUDESTE/CENTRO-OESTE;SUL;4369.80599999
2025-05-01 13:00:00;SUDESTE/CENTRO-OESTE;SUL;4557.228
2025-05-01 14:00:00;SUDESTE/CENTRO-OESTE;SUL;5275.729
2025-05-01 15:00:00;SUDESTE/CENTRO-OESTE;SUL;6399.454
2025-05-01 16:00:00;SUDESTE/CENTRO-OESTE;SUL;7639.975
2025-05-01 17:00:00;SUDESTE/CENTRO-OESTE;SUL;8601.178
2025-05-01 18:00:00;SUDESTE/CENTRO-OESTE;SUL;7973.519
2025-05-01 19:00:00;SUDESTE/CENTRO-OESTE;SUL;8253.482
2025-05-01 20:00:00;SUDESTE/CENTRO-OESTE;SUL;8987.938
2025-05-01 21:00:00;SUDESTE/CENTRO-OESTE;SUL;8969.557
2025-05-01 22:00:00;SUDESTE/CENTRO-OESTE;SUL;8659.649
2025-05-01 23:00:00;SUDESTE/CENTRO-OESTE;SUL;7769.697
2025-05-02 00:00:00;SUDESTE/CENTRO-OESTE;SUL;7085.973
2025-05-02 01:00:00;SUDESTE/CENTRO-OESTE;SUL;6737.988
2025-05-02 02:00:00;SUDESTE/CENTRO-OESTE;SUL;6386.942
2025-05-02 03:00:00;SUDESTE/CENTRO-OESTE;SUL;6529.772
2025-05-02 04:00:00;SUDESTE/CENTRO-OESTE;SUL;7029.17
2025-05-02 05:00:00;SUDESTE/CENTRO-OESTE;SUL;6953.543
2025-05-02 06:00:00;SUDESTE/CENTRO-OESTE;SUL;6818.956
2025-05-02 07:00:00;SUDESTE/CENTRO-OESTE;SUL;6943.574
2025-05-02 08:00:00;SUDESTE/CENTRO-OESTE;SUL;7234.98
2025-05-02 09:00:00;SUDESTE/CENTRO-OESTE;SUL;6795.033
2025-05-02 10:00:00;SUDESTE/CENTRO-OESTE;SUL;6997.708
2025-05-02 11:00:00;SUDESTE/CENTRO-OESTE;SUL;6870.486
2025-05-02 12:00:00;SUDESTE/CENTRO-OESTE;SUL;6423.731
2025-05-02 13:00:00;SUDESTE/CENTRO-OESTE;SUL;6956.194
2025-05-02 14:00:00;SUDESTE/CENTRO-OESTE;SUL;7285.314
2025-05-02 15:00:00;SUDESTE/CENTRO-OESTE;SUL;7410.354
2025-05-02 16:00:00;SUDESTE/CENTRO-OESTE;SUL;7109.257
2025-05-02 17:00:00;SUDESTE/CENTRO-OESTE;SUL;7087.164
2025-05-02 18:00:00;SUDESTE/CENTRO-OESTE;SUL;6591.701
2025-05-02 19:00:00;SUDESTE/CENTRO-OESTE;SUL;7711.371
2025-05-02 20:00:00;SUDESTE/CENTRO-OESTE;SUL;8302.009
2025-05-02 21:00:00;SUDESTE/CENTRO-OESTE;SUL;8276.017
2025-05-02 22:00:00;SUDESTE/CENTRO-OESTE;SUL;8422.151
2025-05-02 23:00:00;SUDESTE/CENTRO-OESTE;SUL;8205.884
2025-05-03 00:00:00;SUDESTE/CENTRO-OESTE;SUL;7322.562
2025-05-03 01:00:00;SUDESTE/CENTRO-OESTE;SUL;6914.436
2025-05-03 02:00:00;SUDESTE/CENTRO-OESTE;SUL;7154.355
2025-05-03 03:00:00;SUDESTE/CENTRO-OESTE;SUL;7346.07
2025-05-03 04:00:00;SUDESTE/CENTRO-OESTE;SUL;7320.861
2025-05-03 05:00:00;SUDESTE/CENTRO-OESTE;SUL;7522.225
2025-05-03 06:00:00;SUDESTE/CENTRO-OESTE;SUL;7536.268
2025-05-03 07:00:00;SUDESTE/CENTRO-OESTE;SUL;7274.163
2025-05-03 08:00:00;SUDESTE/CENTRO-OESTE;SUL;6785.093
2025-05-03 09:00:00;SUDESTE/CENTRO-OESTE;SUL;6062.987
2025-05-03 10:00:00;SUDESTE/CENTRO-OESTE;SUL;5668.217
2025-05-03 11:00:00;SUDESTE/CENTRO-OESTE;SUL;5334.884
2025-05-03 12:00:00;SUDESTE/CENTRO-OESTE;SUL;5257.68
2025-05-03 13:00:00;SUDESTE/CENTRO-OESTE;SUL;5387.012
2025-05-03 14:00:00;SUDESTE/CENTRO-OESTE;SUL;5774.963
2025-05-03 15:00:00;SUDESTE/CENTRO-OESTE;SUL;6111.405
2025-05-03 16:00:00;SUDESTE/CENTRO-OESTE;SUL;6509.984
2025-05-03 17:00:00;SUDESTE/CENTRO-OESTE;SUL;7596.885
2025-05-03 18:00:00;SUDESTE/CENTRO-OESTE;SUL;7406.095
2025-05-03 19:00:00;SUDESTE/CENTRO-OESTE;SUL;7217.344
2025-05-03 20:00:00;SUDESTE/CENTRO-OESTE;SUL;8441.628
2025-05-03 21:00:00;SUDESTE/CENTRO-OESTE;SUL;8585.091
2025-05-03 22:00:00;SUDESTE/CENTRO-OESTE;SUL;8504.933
2025-05-03 23:00:00;SUDESTE/CENTRO-OESTE;SUL;8208.285
2025-05-04 00:00:00;SUDESTE/CENTRO-OESTE;SUL;6938.989
2025-05-04 01:00:00;SUDESTE/CENTRO-OESTE;SUL;6224.923
2025-05-04 02:00:00;SUDESTE/CENTRO-OESTE;SUL;6311.474
2025-05-04 03:00:00;SUDESTE/CENTRO-OESTE;SUL;6190.628
2025-05-04 04:00:00;SUDESTE/CENTRO-OESTE;SUL;5944.174
2025-05-04 05:00:00;SUDESTE/CENTRO-OESTE;SUL;5949.324
2025-05-04 06:00:00;SUDESTE/CENTRO-OESTE;SUL;6037.792
2025-05-04 07:00:00;SUDESTE/CENTRO-OESTE;SUL;5709.965
2025-05-04 08:00:00;SUDESTE/CENTRO-OESTE;SUL;5191.25699999
2025-05-04 09:00:00;SUDESTE/CENTRO-OESTE;SUL;4287.868
2025-05-04 10:00:00;SUDESTE/CENTRO-OESTE;SUL;3694.807
2025-05-04 11:00:00;SUDESTE/CENTRO-OESTE;SUL;3514.564
2025-05-04 12:00:00;SUDESTE/CENTRO-OESTE;SUL;3189.76
2025-05-04 13:00:00;SUDESTE/CENTRO-OESTE;SUL;3321.346
2025-05-04 14:00:00;SUDESTE/CENTRO-OESTE;SUL;3986.456
2025-05-04 15:00:00;SUDESTE/CENTRO-OESTE;SUL;5078.321
2025-05-04 16:00:00;SUDESTE/CENTRO-OESTE;SUL;6420.776
2025-05-04 17:00:00;SUDESTE/CENTRO-OESTE;SUL;7907.588
2025-05-04 18:00:00;SUDESTE/CENTRO-OESTE;SUL;8125.479
2025-05-04 19:00:00;SUDESTE/CENTRO-OESTE;SUL;9184.474
2025-05-04 20:00:00;SUDESTE/CENTRO-OESTE;SUL;9171.825
2025-05-04 21:00:00;SUDESTE/CENTRO-OESTE;SUL;8737.909
2025-05-04 22:00:00;SUDESTE/CENTRO-OESTE;SUL;7977.107
2025-05-04 23:00:00;SUDESTE/CENTRO-OESTE;SUL;7261.613
2025-05-05 00:00:00;SUDESTE/CENTRO-OESTE;SUL;6835.005
2025-05-05 01:00:00;SUDESTE/CENTRO-OESTE;SUL;6522.255
2025-05-05 02:00:00;SUDESTE/CENTRO-OESTE;SUL;6333.925
2025-05-05 03:00:00;SUDESTE/CENTRO-OESTE;SUL;6333.882
2025-05-05 04:00:00;SUDESTE/CENTRO-OESTE;SUL;6336.951
2025-05-05 05:00:00;SUDESTE/CENTRO-OESTE;SUL;6764.259
2025-05-05 06:00:00;SUDESTE/CENTRO-OESTE;SUL;7066.749
2025-05-05 07:00:00;SUDESTE/CENTRO-OESTE;SUL;7390.934
2025-05-05 08:00:00;SUDESTE/CENTRO-OESTE;SUL;6990.174
2025-05-05 09:00:00;SUDESTE/CENTRO-OESTE;SUL;6623.792
2025-05-05 10:00:00;SUDESTE/CENTRO-OESTE;SUL;5942.98
2025-05-05 11:00:00;SUDESTE/CENTRO-OESTE;SUL;4733.706
2025-05-05 12:00:00;SUDESTE/CENTRO-OESTE;SUL;4923.638
2025-05-05 13:00:00;SUDESTE/CENTRO-OESTE;SUL;5755.992
2025-05-05 14:00:00;SUDESTE/CENTRO-OESTE;SUL;5512.729
2025-05-05 15:00:00;SUDESTE/CENTRO-OESTE;SUL;6098.385
2025-05-05 16:00:00;SUDESTE/CENTRO-OESTE;SUL;6778.596
2025-05-05 17:00:00;SUDESTE/CENTRO-OESTE;SUL;7123.532
2025-05-05 18:00:00;SUDESTE/CENTRO-OESTE;SUL;7754.537
2025-05-05 19:00:00;SUDESTE/CENTRO-OESTE;SUL;8401.946
2025-05-05 20:00:00;SUDESTE/CENTRO-OESTE;SUL;8974.87
2025-05-05 21:00:00;SUDESTE/CENTRO-OESTE;SUL;9142.018
2025-05-05 22:00:00;SUDESTE/CENTRO-OESTE;SUL;8733.634
2025-05-05 23:00:00;SUDESTE/CENTRO-OESTE;SUL;8832.386
2025-05-06 00:00:00;SUDESTE/CENTRO-OESTE;SUL;8441.137
2025-05-06 01:00:00;SUDESTE/CENTRO-OESTE;SUL;8315.314
2025-05-06 02:00:00;SUDESTE/CENTRO-OESTE;SUL;8026.692
2025-05-06 03:00:00;SUDESTE/CENTRO-OESTE;SUL;7914.751
2025-05-06 04:00:00;SUDESTE/CENTRO-OESTE;SUL;7964.302
2025-05-06 05:00:00;SUDESTE/CENTRO-OESTE;SUL;7755.933
2025-05-06 06:00:00;SUDESTE/CENTRO-OESTE;SUL;7290.76
2025-05-06 07:00:00;SUDESTE/CENTRO-OESTE;SUL;6869.431
2025-05-06 08:00:00;SUDESTE/CENTRO-OESTE;SUL;6055.515
2025-05-06 09:00:00;SUDESTE/CENTRO-OESTE;SUL;4992.529
2025-05-06 10:00:00;SUDESTE/CENTRO-OESTE;SUL;4608.621
2025-05-06 11:00:00;SUDESTE/CENTRO-OESTE;SUL;4670.482
2025-05-06 12:00:00;SUDESTE/CENTRO-OESTE;SUL;4308.54
2025-05-06 13:00:00;SUDESTE/CENTRO-OESTE;SUL;5419.336
2025-05-06 14:00:00;SUDESTE/CENTRO-OESTE;SUL;5044.895
2025-05-06 15:00:00;SUDESTE/CENTRO-OESTE;SUL;5454.697
2025-05-06 16:00:00;SUDESTE/CENTRO-OESTE;SUL;6235.945
2025-05-06 17:00:00;SUDESTE/CENTRO-OESTE;SUL;6320.022
2025-05-06 18:00:00;SUDESTE/CENTRO-OESTE;SUL;6818.787
2025-05-06 19:00:00;SUDESTE/CENTRO-OESTE;SUL;7485.858
2025-05-06 20:00:00;SUDESTE/CENTRO-OESTE;SUL;7837.142
2025-05-06 21:00:00;SUDESTE/CENTRO-OESTE;SUL;7740.379
2025-05-06 22:00:00;SUDESTE/CENTRO-OESTE;SUL;7528.049
2025-05-06 23:00:00;SUDESTE/CENTRO-OESTE;SUL;7557.914
2025-05-07 00:00:00;SUDESTE/CENTRO-OESTE;SUL;7523.444
2025-05-07 01:00:00;SUDESTE/CENTRO-OESTE;SUL;7070.994
2025-05-07 02:00:00;SUDESTE/CENTRO-OESTE;SUL;7126.044
2025-05-07 03:00:00;SUDESTE/CENTRO-OESTE;SUL;7043.486
2025-05-07 04:00:00;SUDESTE/CENTRO-OESTE;SUL;6816.48
2025-05-07 05:00:00;SUDESTE/CENTRO-OESTE;SUL;6685.835
2025-05-07 06:00:00;SUDESTE/CENTRO-OESTE;SUL;6041.453
2025-05-07 07:00:00;SUDESTE/CENTRO-OESTE;SUL;6013.025
2025-05-07 08:00:00;SUDESTE/CENTRO-OESTE;SUL;5652.367
2025-05-07 09:00:00;SUDESTE/CENTRO-OESTE;SUL;4197.567
2025-05-07 10:00:00;SUDESTE/CENTRO-OESTE;SUL;4541.72599999
2025-05-07 11:00:00;SUDESTE/CENTRO-OESTE;SUL;4467.188
2025-05-07 12:00:00;SUDESTE/CENTRO-OESTE;SUL;4568.884
2025-05-07 13:00:00;SUDESTE/CENTRO-OESTE;SUL;4788.241
2025-05-07 14:00:00;SUDESTE/CENTRO-OESTE;SUL;4573.812
2025-05-07 15:00:00;SUDESTE/CENTRO-OESTE;SUL;4485.528
2025-05-07 16:00:00;SUDESTE/CENTRO-OESTE;SUL;4845.04699999
2025-05-07 17:00:00;SUDESTE/CENTRO-OESTE;SUL;5033.524
2025-05-07 18:00:00;SUDESTE/CENTRO-OESTE;SUL;5686.397
2025-05-07 19:00:00;SUDESTE/CENTRO-OESTE;SUL;6111.629
2025-05-07 20:00:00;SUDESTE/CENTRO-OESTE;SUL;6353.873
2025-05-07 21:00:00;SUDESTE/CENTRO-OESTE;SUL;6437.831
2025-05-07 22:00:00;SUDESTE/CENTRO-OESTE;SUL;6365.15
2025-05-07 23:00:00;SUDESTE/CENTRO-OESTE;SUL;6228.201
2025-05-08 00:00:00;SUDESTE/CENTRO-OESTE;SUL;7189.529
2025-05-08 01:00:00;SUDESTE/CENTRO-OESTE;SUL;6804.863
2025-05-08 02:00:00;SUDESTE/CENTRO-OESTE;SUL;7131.391
2025-05-08 03:00:00;SUDESTE/CENTRO-OESTE;SUL;7288.03
2025-05-08 04:00:00;SUDESTE/CENTRO-OESTE;SUL;7362.84
2025-05-08 05:00:00;SUDESTE/CENTRO-OESTE;SUL;7133.205
2025-05-08 06:00:00;SUDESTE/CENTRO-OESTE;SUL;6585.437
2025-05-08 07:00:00;SUDESTE/CENTRO-OESTE;SUL;6045.434
2025-05-08 08:00:00;SUDESTE/CENTRO-OESTE;SUL;4893.049
2025-05-08 09:00:00;SUDESTE/CENTRO-OESTE;SUL;3326.968
2025-05-08 10:00:00;SUDESTE/CENTRO-OESTE;SUL;3556.094
2025-05-08 11:00:00;SUDESTE/CENTRO-OESTE;SUL;3478.19
2025-05-08 12:00:00;SUDESTE/CENTRO-OESTE;SUL;3743.103
2025-05-08 13:00:00;SUDESTE/CENTRO-OESTE;SUL;4408.379
2025-05-08 14:00:00;SUDESTE/CENTRO-OESTE;SUL;4369.837
2025-05-08 15:00:00;SUDESTE/CENTRO-OESTE;SUL;4459.18999999
2025-05-08 16:00:00;SUDESTE/CENTRO-OESTE;SUL;4810.465
2025-05-08 17:00:00;SUDESTE/CENTRO-OESTE;SUL;5121.372
2025-05-08 18:00:00;SUDESTE/CENTRO-OESTE;SUL;6011.147
2025-05-08 19:00:00;SUDESTE/CENTRO-OESTE;SUL;6605.183
2025-05-08 20:00:00;SUDESTE/CENTRO-OESTE;SUL;6882.751
2025-05-08 21:00:00;SUDESTE/CENTRO-OESTE;SUL;7271.137
2025-05-08 22:00:00;SUDESTE/CENTRO-OESTE;SUL;6715.402
2025-05-08 23:00:00;SUDESTE/CENTRO-OESTE;SUL;6104.119
2025-05-09 00:00:00;SUDESTE/CENTRO-OESTE;SUL;6934.727
2025-05-09 01:00:00;SUDESTE/CENTRO-OESTE;SUL;6758.338
2025-05-09 02:00:00;SUDESTE/CENTRO-OESTE;SUL;6660.112
2025-05-09 03:00:00;SUDESTE/CENTRO-OESTE;SUL;6844.83
2025-05-09 04:00:00;SUDESTE/CENTRO-OESTE;SUL;7108.547
2025-05-09 05:00:00;SUDESTE/CENTRO-OESTE;SUL;7371.935
2025-05-09 06:00:00;SUDESTE/CENTRO-OESTE;SUL;6508.059
2025-05-09 07:00:00;SUDESTE/CENTRO-OESTE;SUL;5361.314
2025-05-09 08:00:00;SUDESTE/CENTRO-OESTE;SUL;3498.423
2025-05-09 09:00:00;SUDESTE/CENTRO-OESTE;SUL;4179.282
2025-05-09 10:00:00;SUDESTE/CENTRO-OESTE;SUL;4284.292
2025-05-09 11:00:00;SUDESTE/CENTRO-OESTE;SUL;4213.16799999
2025-05-09 12:00:00;SUDESTE/CENTRO-OESTE;SUL;4201.719
2025-05-09 13:00:00;SUDESTE/CENTRO-OESTE;SUL;4326.472
2025-05-09 14:00:00;SUDESTE/CENTRO-OESTE;SUL;4285.849
2025-05-09 15:00:00;SUDESTE/CENTRO-OESTE;SUL;4343.098
2025-05-09 16:00:00;SUDESTE/CENTRO-OESTE;SUL;4284.798
2025-05-09 17:00:00;SUDESTE/CENTRO-OESTE;SUL;4297.211
2025-05-09 18:00:00;SUDESTE/CENTRO-OESTE;SUL;5352.67199999
2025-05-09 19:00:00;SUDESTE/CENTRO-OESTE;SUL;5455.341
2025-05-09 20:00:00;SUDESTE/CENTRO-OESTE;SUL;5186.336
2025-05-09 21:00:00;SUDESTE/CENTRO-OESTE;SUL;4896.303
2025-05-09 22:00:00;SUDESTE/CENTRO-OESTE;SUL;4719.731
2025-05-09 23:00:00;SUDESTE/CENTRO-OESTE;SUL;5375.161
2025-05-10 00:00:00;SUDESTE/CENTRO-OESTE;SUL;6138.159
2025-05-10 01:00:00;SUDESTE/CENTRO-OESTE;SUL;6048.99
2025-05-10 02:00:00;SUDESTE/CENTRO-OESTE;SUL;5855.133
2025-05-10 03:00:00;SUDESTE/CENTRO-OESTE;SUL;5733.311
2025-05-10 04:00:00;SUDESTE/CENTRO-OESTE;SUL;5820.253
2025-05-10 05:00:00;SUDESTE/CENTRO-OESTE;SUL;5950.424
2025-05-10 06:00:00;SUDESTE/CENTRO-OESTE;SUL;6002.051
2025-05-10 07:00:00;SUDESTE/CENTRO-OESTE;SUL;5172.053
2025-05-10 08:00:00;SUDESTE/CENTRO-OESTE;SUL;5280.06099999
2025-05-10 09:00:00;SUDESTE/CENTRO-OESTE;SUL;5099.647
2025-05-10 10:00:00;SUDESTE/CENTRO-OESTE;SUL;5029.636
2025-05-10 11:00:00;SUDESTE/CENTRO-OESTE;SUL;4486.463
2025-05-10 12:00:00;SUDESTE/CENTRO-OESTE;SUL;3987.506
2025-05-10 13:00:00;SUDESTE/CENTRO-OESTE;SUL;3988.344
2025-05-10 14:00:00;SUDESTE/CENTRO-OESTE;SUL;4482.345
2025-05-10 15:00:00;SUDESTE/CENTRO-OESTE;SUL;5462.088
2025-05-10 16:00:00;SUDESTE/CENTRO-OESTE;SUL;6240.579
2025-05-10 17:00:00;SUDESTE/CENTRO-OESTE;SUL;6463.973
2025-05-10 18:00:00;SUDESTE/CENTRO-OESTE;SUL;6578.44
2025-05-10 19:00:00;SUDESTE/CENTRO-OESTE;SUL;6317.464
2025-05-10 20:00:00;SUDESTE/CENTRO-OESTE;SUL;6502.436
2025-05-10 21:00:00;SUDESTE/CENTRO-OESTE;SUL;6583.592
2025-05-10 22:00:00;SUDESTE/CENTRO-OESTE;SUL;6480.082
2025-05-10 23:00:00;SUDESTE/CENTRO-OESTE;SUL;6150.118
2025-05-11 00:00:00;SUDESTE/CENTRO-OESTE;SUL;5891.373
2025-05-11 01:00:00;SUDESTE/CENTRO-OESTE;SUL;5734.315
2025-05-11 02:00:00;SUDESTE/CENTRO-OESTE;SUL;5627.119
2025-05-11 03:00:00;SUDESTE/CENTRO-OESTE;SUL;5400.502
2025-05-11 04:00:00;SUDESTE/CENTRO-OESTE;SUL;5338.818
2025-05-11 05:00:00;SUDESTE/CENTRO-OESTE;SUL;5333.908
2025-05-11 06:00:00;SUDESTE/CENTRO-OESTE;SUL;5224.87
2025-05-11 07:00:00;SUDESTE/CENTRO-OESTE;SUL;4839.36899999
2025-05-11 08:00:00;SUDESTE/CENTRO-OESTE;SUL;4368.899
2025-05-11 09:00:00;SUDESTE/CENTRO-OESTE;SUL;3599.455
2025-05-11 10:00:00;SUDESTE/CENTRO-OESTE;SUL;3422.977
2025-05-11 11:00:00;SUDESTE/CENTRO-OESTE;SUL;3084.12
2025-05-11 12:00:00;SUDESTE/CENTRO-OESTE;SUL;2403.58
2025-05-11 13:00:00;SUDESTE/CENTRO-OESTE;SUL;2277.717
2025-05-11 14:00:00;SUDESTE/CENTRO-OESTE;SUL;2747.823
2025-05-11 15:00:00;SUDESTE/CENTRO-OESTE;SUL;4001.664
2025-05-11 16:00:00;SUDESTE/CENTRO-OESTE;SUL;5298.339
2025-05-11 17:00:00;SUDESTE/CENTRO-OESTE;SUL;6939.796
2025-05-11 18:00:00;SUDESTE/CENTRO-OESTE;SUL;7661.007
2025-05-11 19:00:00;SUDESTE/CENTRO-OESTE;SUL;7579.359
2025-05-11 20:00:00;SUDESTE/CENTRO-OESTE;SUL;7617.275
2025-05-11 21:00:00;SUDESTE/CENTRO-OESTE;SUL;7632.74
2025-05-11 22:00:00;SUDESTE/CENTRO-OESTE;SUL;7343.47
2025-05-11 23:00:00;SUDESTE/CENTRO-OESTE;SUL;6660.492
2025-05-12 00:00:00;SUDESTE/CENTRO-OESTE;SUL;6539.435
2025-05-12 01:00:00;SUDESTE/CENTRO-OESTE;SUL;6307.296
2025-05-12 02:00:00;SUDESTE/CENTRO-OESTE;SUL;6343.883
2025-05-12 03:00:00;SUDESTE/CENTRO-OESTE;SUL;6484.485
2025-05-12 04:00:00;SUDESTE/CENTRO-OESTE;SUL;6395.698
2025-05-12 05:00:00;SUDESTE/CENTRO-OESTE;SUL;6058.007
2025-05-12 06:00:00;SUDESTE/CENTRO-OESTE;SUL;5625.19
2025-05-12 07:00:00;SUDESTE/CENTRO-OESTE;SUL;5908.894
2025-05-12 08:00:00;SUDESTE/CENTRO-OESTE;SUL;5280.085
2025-05-12 09:00:00;SUDESTE/CENTRO-OESTE;SUL;3993.251
2025-05-12 10:00:00;SUDESTE/CENTRO-OESTE;SUL;3292.397
2025-05-12 11:00:00;SUDESTE/CENTRO-OESTE;SUL;4090.513
2025-05-12 12:00:00;SUDESTE/CENTRO-OESTE;SUL;3674.865
2025-05-12 13:00:00;SUDESTE/CENTRO-OESTE;SUL;4473.395
2025-05-12 14:00:00;SUDESTE/CENTRO-OESTE;SUL;4825.647
2025-05-12 15:00:00;SUDESTE/CENTRO-OESTE;SUL;3771.177
2025-05-12 16:00:00;SUDESTE/CENTRO-OESTE;SUL;4242.457
2025-05-12 17:00:00;SUDESTE/CENTRO-OESTE;SUL;4887.36399999
2025-05-12 18:00:00;SUDESTE/CENTRO-OESTE;SUL;5444.072
2025-05-12 19:00:00;SUDESTE/CENTRO-OESTE;SUL;5817.542
2025-05-12 20:00:00;SUDESTE/CENTRO-OESTE;SUL;6233.194
2025-05-12 21:00:00;SUDESTE/CENTRO-OESTE;SUL;6302.04
2025-05-12 22:00:00;SUDESTE/CENTRO-OESTE;SUL;5953.564
2025-05-12 23:00:00;SUDESTE/CENTRO-OESTE;SUL;6942.042
2025-05-13 00:00:00;SUDESTE/CENTRO-OESTE;SUL;6871.449
2025-05-13 01:00:00;SUDESTE/CENTRO-OESTE;SUL;6576.017
2025-05-13 02:00:00;SUDESTE/CENTRO-OESTE;SUL;6579.257
2025-05-13 03:00:00;SUDESTE/CENTRO-OESTE;SUL;6590.691
2025-05-13 04:00:00;SUDESTE/CENTRO-OESTE;SUL;6607.097
2025-05-13 05:00:00;SUDESTE/CENTRO-OESTE;SUL;6371.304
2025-05-13 06:00:00;SUDESTE/CENTRO-OESTE;SUL;5875.443
2025-05-13 07:00:00;SUDESTE/CENTRO-OESTE;SUL;5412.88199999
2025-05-13 08:00:00;SUDESTE/CENTRO-OESTE;SUL;5191.692
2025-05-13 09:00:00;SUDESTE/CENTRO-OESTE;SUL;5095.419
2025-05-13 10:00:00;SUDESTE/CENTRO-OESTE;SUL;4677.664
2025-05-13 11:00:00;SUDESTE/CENTRO-OESTE;SUL;3561.411
2025-05-13 12:00:00;SUDESTE/CENTRO-OESTE;SUL;4090.151
2025-05-13 13:00:00;SUDESTE/CENTRO-OESTE;SUL;4788.63
2025-05-13 14:00:00;SUDESTE/CENTRO-OESTE;SUL;4012.482
2025-05-13 15:00:00;SUDESTE/CENTRO-OESTE;SUL;3963.038
2025-05-13 16:00:00;SUDESTE/CENTRO-OESTE;SUL;3992.476
2025-05-13 17:00:00;SUDESTE/CENTRO-OESTE;SUL;4676.008
2025-05-13 18:00:00;SUDESTE/CENTRO-OESTE;SUL;5172.078
2025-05-13 19:00:00;SUDESTE/CENTRO-OESTE;SUL;5421.057
2025-05-13 20:00:00;SUDESTE/CENTRO-OESTE;SUL;5823.567
2025-05-13 21:00:00;SUDESTE/CENTRO-OESTE;SUL;5859.937
2025-05-13 22:00:00;SUDESTE/CENTRO-OESTE;SUL;6231.091
2025-05-13 23:00:00;SUDESTE/CENTRO-OESTE;SUL;7087.978
2025-05-14 00:00:00;SUDESTE/CENTRO-OESTE;SUL;7231.576
2025-05-14 01:00:00;SUDESTE/CENTRO-OESTE;SUL;6777.076
2025-05-14 02:00:00;SUDESTE/CENTRO-OESTE;SUL;6346.09
2025-05-14 03:00:00;SUDESTE/CENTRO-OESTE;SUL;6200.56
2025-05-14 04:00:00;SUDESTE/CENTRO-OESTE;SUL;5935.883
2025-05-14 05:00:00;SUDESTE/CENTRO-OESTE;SUL;6153.421
2025-05-14 06:00:00;SUDESTE/CENTRO-OESTE;SUL;5903.912
2025-05-14 07:00:00;SUDESTE/CENTRO-OESTE;SUL;5891.905
2025-05-14 08:00:00;SUDESTE/CENTRO-OESTE;SUL;5728.76
2025-05-14 09:00:00;SUDESTE/CENTRO-OESTE;SUL;5016.188
2025-05-14 10:00:00;SUDESTE/CENTRO-OESTE;SUL;4489.671
2025-05-14 11:00:00;SUDESTE/CENTRO-OESTE;SUL;4297.138
2025-05-14 12:00:00;SUDESTE/CENTRO-OESTE;SUL;4575.195
2025-05-14 13:00:00;SUDESTE/CENTRO-OESTE;SUL;5689.939
2025-05-14 14:00:00;SUDESTE/CENTRO-OESTE;SUL;4511.461
2025-05-14 15:00:00;SUDESTE/CENTRO-OESTE;SUL;4884.981
2025-05-14 16:00:00;SUDESTE/CENTRO-OESTE;SUL;4972.41799999
2025-05-14 17:00:00;SUDESTE/CENTRO-OESTE;SUL;6668.535
2025-05-14 18:00:00;SUDESTE/CENTRO-OESTE;SUL;6878.837
2025-05-14 19:00:00;SUDESTE/CENTRO-OESTE;SUL;6349.225
2025-05-14 20:00:00;SUDESTE/CENTRO-OESTE;SUL;6411.921
2025-05-14 21:00:00;SUDESTE/CENTRO-OESTE;SUL;7049.487
2025-05-14 22:00:00;SUDESTE/CENTRO-OESTE;SUL;7509.168
2025-05-14 23:00:00;SUDESTE/CENTRO-OESTE;SUL;7678.139
2025-05-15 00:00:00;SUDESTE/CENTRO-OESTE;SUL;7317.792
2025-05-15 01:00:00;SUDESTE/CENTRO-OESTE;SUL;6670.255
2025-05-15 02:00:00;SUDESTE/CENTRO-OESTE;SUL;6653.184
2025-05-15 03:00:00;SUDESTE/CENTRO-OESTE;SUL;6825.286
2025-05-15 04:00:00;SUDESTE/CENTRO-OESTE;SUL;6806.941
2025-05-15 05:00:00;SUDESTE/CENTRO-OESTE;SUL;6127.729
2025-05-15 06:00:00;SUDESTE/CENTRO-OESTE;SUL;5112.088
2025-05-15 07:00:00;SUDESTE/CENTRO-OESTE;SUL;5118.54
2025-05-15 08:00:00;SUDESTE/CENTRO-OESTE;SUL;4760.488
2025-05-15 09:00:00;SUDESTE/CENTRO-OESTE;SUL;4833.908
2025-05-15 10:00:00;SUDESTE/CENTRO-OESTE;SUL;4761.515
2025-05-15 11:00:00;SUDESTE/CENTRO-OESTE;SUL;4955.64
2025-05-15 12:00:00;SUDESTE/CENTRO-OESTE;SUL;5055.597
2025-05-15 13:00:00;SUDESTE/CENTRO-OESTE;SUL;5656.699
2025-05-15 14:00:00;SUDESTE/CENTRO-OESTE;SUL;5510.239
2025-05-15 15:00:00;SUDESTE/CENTRO-OESTE;SUL;4369.408
2025-05-15 16:00:00;SUDESTE/CENTRO-OESTE;SUL;3917.93
2025-05-15 17:00:00;SUDESTE/CENTRO-OESTE;SUL;5436.512
2025-05-15 18:00:00;SUDESTE/CENTRO-OESTE;SUL;6470.146
2025-05-15 19:00:00;SUDESTE/CENTRO-OESTE;SUL;6156.523
2025-05-15 20:00:00;SUDESTE/CENTRO-OESTE;SUL;6979.461
2025-05-15 21:00:00;SUDESTE/CENTRO-OESTE;SUL;6937.949
2025-05-15 22:00:00;SUDESTE/CENTRO-OESTE;SUL;5584.206
2025-05-15 23:00:00;SUDESTE/CENTRO-OESTE;SUL;4266.727
2025-05-16 00:00:00;SUDESTE/CENTRO-OESTE;SUL;5628.759
2025-05-16 01:00:00;SUDESTE/CENTRO-OESTE;SUL;6075.112
2025-05-16 02:00:00;SUDESTE/CENTRO-OESTE;SUL;6563.716
2025-05-16 03:00:00;SUDESTE/CENTRO-OESTE;SUL;6750.232
2025-05-16 04:00:00;SUDESTE/CENTRO-OESTE;SUL;6493.658
2025-05-16 05:00:00;SUDESTE/CENTRO-OESTE;SUL;5804.442
2025-05-16 06:00:00;SUDESTE/CENTRO-OESTE;SUL;5094.725
2025-05-16 07:00:00;SUDESTE/CENTRO-OESTE;SUL;5656.627
2025-05-16 08:00:00;SUDESTE/CENTRO-OESTE;SUL;5215.52
2025-05-16 09:00:00;SUDESTE/CENTRO-OESTE;SUL;4294.204
2025-05-16 10:00:00;SUDESTE/CENTRO-OESTE;SUL;4289.118
2025-05-16 11:00:00;SUDESTE/CENTRO-OESTE;SUL;5043.13
2025-05-16 12:00:00;SUDESTE/CENTRO-OESTE;SUL;4954.098
2025-05-16 13:00:00;SUDESTE/CENTRO-OESTE;SUL;5574.364
2025-05-16 14:00:00;SUDESTE/CENTRO-OESTE;SUL;4720.12
2025-05-16 15:00:00;SUDESTE/CENTRO-OESTE;SUL;3594.801
2025-05-16 16:00:00;SUDESTE/CENTRO-OESTE;SUL;3689.399
2025-05-16 17:00:00;SUDESTE/CENTRO-OESTE;SUL;4652.29
2025-05-16 18:00:00;SUDESTE/CENTRO-OESTE;SUL;5649.468
2025-05-16 19:00:00;SUDESTE/CENTRO-OESTE;SUL;5365.192
2025-05-16 20:00:00;SUDESTE/CENTRO-OESTE;SUL;5333.32
2025-05-16 21:00:00;SUDESTE/CENTRO-OESTE;SUL;5017.395
2025-05-16 22:00:00;SUDESTE/CENTRO-OESTE;SUL;4928.031
2025-05-16 23:00:00;SUDESTE/CENTRO-OESTE;SUL;6910.105
2025-05-17 00:00:00;SUDESTE/CENTRO-OESTE;SUL;7590.93
2025-05-17 01:00:00;SUDESTE/CENTRO-OESTE;SUL;7632.469
2025-05-17 02:00:00;SUDESTE/CENTRO-OESTE;SUL;7682.736
2025-05-17 03:00:00;SUDESTE/CENTRO-OESTE;SUL;7759.699
2025-05-17 04:00:00;SUDESTE/CENTRO-OESTE;SUL;7622.336
2025-05-17 05:00:00;SUDESTE/CENTRO-OESTE;SUL;7575.987
2025-05-17 06:00:00;SUDESTE/CENTRO-OESTE;SUL;6661.636
2025-05-17 07:00:00;SUDESTE/CENTRO-OESTE;SUL;4984.612
2025-05-17 08:00:00;SUDESTE/CENTRO-OESTE;SUL;5040.545
2025-05-17 09:00:00;SUDESTE/CENTRO-OESTE;SUL;5142.74
2025-05-17 10:00:00;SUDESTE/CENTRO-OESTE;SUL;5448.437
2025-05-17 11:00:00;SUDESTE/CENTRO-OESTE;SUL;5347.194
2025-05-17 12:00:00;SUDESTE/CENTRO-OESTE;SUL;5325.779
2025-05-17 13:00:00;SUDESTE/CENTRO-OESTE;SUL;5416.662
2025-05-17 14:00:00;SUDESTE/CENTRO-OESTE;SUL;5463.35499999
2025-05-17 15:00:00;SUDESTE/CENTRO-OESTE;SUL;5618.413
2025-05-17 16:00:00;SUDESTE/CENTRO-OESTE;SUL;6461.2
2025-05-17 17:00:00;SUDESTE/CENTRO-OESTE;SUL;7450.664
2025-05-17 18:00:00;SUDESTE/CENTRO-OESTE;SUL;6973.439
2025-05-17 19:00:00;SUDESTE/CENTRO-OESTE;SUL;7150.172
2025-05-17 20:00:00;SUDESTE/CENTRO-OESTE;SUL;7207.301
2025-05-17 21:00:00;SUDESTE/CENTRO-OESTE;SUL;7740.409
2025-05-17 22:00:00;SUDESTE/CENTRO-OESTE;SUL;8054.126
2025-05-17 23:00:00;SUDESTE/CENTRO-OESTE;SUL;7578.872
2025-05-18 00:00:00;SUDESTE/CENTRO-OESTE;SUL;6819.321
2025-05-18 01:00:00;SUDESTE/CENTRO-OESTE;SUL;5843.058
2025-05-18 02:00:00;SUDESTE/CENTRO-OESTE;SUL;5565.943
2025-05-18 03:00:00;SUDESTE/CENTRO-OESTE;SUL;5638.411
2025-05-18 04:00:00;SUDESTE/CENTRO-OESTE;SUL;5694.693
2025-05-18 05:00:00;SUDESTE/CENTRO-OESTE;SUL;5715.378
2025-05-18 06:00:00;SUDESTE/CENTRO-OESTE;SUL;5790.146
2025-05-18 07:00:00;SUDESTE/CENTRO-OESTE;SUL;4959.04699999
2025-05-18 08:00:00;SUDESTE/CENTRO-OESTE;SUL;4356.625
2025-05-18 09:00:00;SUDESTE/CENTRO-OESTE;SUL;4452.821
2025-05-18 10:00:00;SUDESTE/CENTRO-OESTE;SUL;4633.42699999
2025-05-18 11:00:00;SUDESTE/CENTRO-OESTE;SUL;4882.032
2025-05-18 12:00:00;SUDESTE/CENTRO-OESTE;SUL;4613.705
2025-05-18 13:00:00;SUDESTE/CENTRO-OESTE;SUL;4784.175
2025-05-18 14:00:00;SUDESTE/CENTRO-OESTE;SUL;5168.616
2025-05-18 15:00:00;SUDESTE/CENTRO-OESTE;SUL;5234.828
2025-05-18 16:00:00;SUDESTE/CENTRO-OESTE;SUL;5621.995
2025-05-18 17:00:00;SUDESTE/CENTRO-OESTE;SUL;6949.945
2025-05-18 18:00:00;SUDESTE/CENTRO-OESTE;SUL;6169.169
2025-05-18 19:00:00;SUDESTE/CENTRO-OESTE;SUL;6013.018
2025-05-18 20:00:00;SUDESTE/CENTRO-OESTE;SUL;7454.72
2025-05-18 21:00:00;SUDESTE/CENTRO-OESTE;SUL;7604.969
2025-05-18 22:00:00;SUDESTE/CENTRO-OESTE;SUL;7598.266
2025-05-18 23:00:00;SUDESTE/CENTRO-OESTE;SUL;7092.729
2025-05-19 00:00:00;SUDESTE/CENTRO-OESTE;SUL;7547.519
2025-05-19 01:00:00;SUDESTE/CENTRO-OESTE;SUL;7535.701
2025-05-19 02:00:00;SUDESTE/CENTRO-OESTE;SUL;7631.107
2025-05-19 03:00:00;SUDESTE/CENTRO-OESTE;SUL;7609.74
2025-05-19 04:00:00;SUDESTE/CENTRO-OESTE;SUL;7754.744
2025-05-19 05:00:00;SUDESTE/CENTRO-OESTE;SUL;7744.166
2025-05-19 06:00:00;SUDESTE/CENTRO-OESTE;SUL;7718.727
2025-05-19 07:00:00;SUDESTE/CENTRO-OESTE;SUL;7472.627
2025-05-19 08:00:00;SUDESTE/CENTRO-OESTE;SUL;7330.763
2025-05-19 09:00:00;SUDESTE/CENTRO-OESTE;SUL;6913.551
2025-05-19 10:00:00;SUDESTE/CENTRO-OESTE;SUL;5481.669
2025-05-19 11:00:00;SUDESTE/CENTRO-OESTE;SUL;5290.37299999
2025-05-19 12:00:00;SUDESTE/CENTRO-OESTE;SUL;5469.02
2025-05-19 13:00:00;SUDESTE/CENTRO-OESTE;SUL;6094.111
2025-05-19 14:00:00;SUDESTE/CENTRO-OESTE;SUL;5644.621
2025-05-19 15:00:00;SUDESTE/CENTRO-OESTE;SUL;5951.808
2025-05-19 16:00:00;SUDESTE/CENTRO-OESTE;SUL;6347.584
2025-05-19 17:00:00;SUDESTE/CENTRO-OESTE;SUL;6969.638
2025-05-19 18:00:00;SUDESTE/CENTRO-OESTE;SUL;6755.324
2025-05-19 19:00:00;SUDESTE/CENTRO-OESTE;SUL;6801.117
2025-05-19 20:00:00;SUDESTE/CENTRO-OESTE;SUL;7030.684
2025-05-19 21:00:00;SUDESTE/CENTRO-OESTE;SUL;7619.648
2025-05-19 22:00:00;SUDESTE/CENTRO-OESTE;SUL;7965.181
2025-05-19 23:00:00;SUDESTE/CENTRO-OESTE;SUL;7660.612
2025-05-20 00:00:00;SUDESTE/CENTRO-OESTE;SUL;8524.03199999
2025-05-20 01:00:00;SUDESTE/CENTRO-OESTE;SUL;8160.177
2025-05-20 02:00:00;SUDESTE/CENTRO-OESTE;SUL;7692.048
2025-05-20 03:00:00;SUDESTE/CENTRO-OESTE;SUL;7741.956
2025-05-20 04:00:00;SUDESTE/CENTRO-OESTE;SUL;7877.65
2025-05-20 05:00:00;SUDESTE/CENTRO-OESTE;SUL;8057.787
2025-05-20 06:00:00;SUDESTE/CENTRO-OESTE;SUL;8008.392
2025-05-20 07:00:00;SUDESTE/CENTRO-OESTE;SUL;7470.557
2025-05-20 08:00:00;SUDESTE/CENTRO-OESTE;SUL;7110.409
2025-05-20 09:00:00;SUDESTE/CENTRO-OESTE;SUL;6217.584
2025-05-20 10:00:00;SUDESTE/CENTRO-OESTE;SUL;5376.963
2025-05-20 11:00:00;SUDESTE/CENTRO-OESTE;SUL;5570.553
2025-05-20 12:00:00;SUDESTE/CENTRO-OESTE;SUL;5910.113
2025-05-20 13:00:00;SUDESTE/CENTRO-OESTE;SUL;5874.348
2025-05-20 14:00:00;SUDESTE/CENTRO-OESTE;SUL;5357.688
2025-05-20 15:00:00;SUDESTE/CENTRO-OESTE;SUL;5396.934
2025-05-20 16:00:00;SUDESTE/CENTRO-OESTE;SUL;5665.357
2025-05-20 17:00:00;SUDESTE/CENTRO-OESTE;SUL;6338.496
2025-05-20 18:00:00;SUDESTE/CENTRO-OESTE;SUL;7093.667
2025-05-20 19:00:00;SUDESTE/CENTRO-OESTE;SUL;7526.617
2025-05-20 20:00:00;SUDESTE/CENTRO-OESTE;SUL;7571.816
2025-05-20 21:00:00;SUDESTE/CENTRO-OESTE;SUL;7992.044
2025-05-20 22:00:00;SUDESTE/CENTRO-OESTE;SUL;8277.82
2025-05-20 23:00:00;SUDESTE/CENTRO-OESTE;SUL;7847.381
2025-05-21 00:00:00;SUDESTE/CENTRO-OESTE;SUL;8309.393
2025-05-21 01:00:00;SUDESTE/CENTRO-OESTE;SUL;7701.954
2025-05-21 02:00:00;SUDESTE/CENTRO-OESTE;SUL;7188.428
2025-05-21 03:00:00;SUDESTE/CENTRO-OESTE;SUL;6946.16
2025-05-21 04:00:00;SUDESTE/CENTRO-OESTE;SUL;6868.646
2025-05-21 05:00:00;SUDESTE/CENTRO-OESTE;SUL;7280.141
2025-05-21 06:00:00;SUDESTE/CENTRO-OESTE;SUL;7896.647
2025-05-21 07:00:00;SUDESTE/CENTRO-OESTE;SUL;7356.985
2025-05-21 08:00:00;SUDESTE/CENTRO-OESTE;SUL;6773.28
2025-05-21 09:00:00;SUDESTE/CENTRO-OESTE;SUL;5704.033
2025-05-21 10:00:00;SUDESTE/CENTRO-OESTE;SUL;5102.752
2025-05-21 11:00:00;SUDESTE/CENTRO-OESTE;SUL;4997.64099999
2025-05-21 12:00:00;SUDESTE/CENTRO-OESTE;SUL;4489.039
2025-05-21 13:00:00;SUDESTE/CENTRO-OESTE;SUL;5341.29699999
2025-05-21 14:00:00;SUDESTE/CENTRO-OESTE;SUL;5481.539
2025-05-21 15:00:00;SUDESTE/CENTRO-OESTE;SUL;6041.174
2025-05-21 16:00:00;SUDESTE/CENTRO-OESTE;SUL;6414.02
2025-05-21 17:00:00;SUDESTE/CENTRO-OESTE;SUL;6917.536
2025-05-21 18:00:00;SUDESTE/CENTRO-OESTE;SUL;7022.574
2025-05-21 19:00:00;SUDESTE/CENTRO-OESTE;SUL;7761.089
2025-05-21 20:00:00;SUDESTE/CENTRO-OESTE;SUL;8429.439
2025-05-21 21:00:00;SUDESTE/CENTRO-OESTE;SUL;8232.465
2025-05-21 22:00:00;SUDESTE/CENTRO-OESTE;SUL;7921.457
2025-05-21 23:00:00;SUDESTE/CENTRO-OESTE;SUL;8408.515
2025-05-22 00:00:00;SUDESTE/CENTRO-OESTE;SUL;8519.618
2025-05-22 01:00:00;SUDESTE/CENTRO-OESTE;SUL;7986.254
2025-05-22 02:00:00;SUDESTE/CENTRO-OESTE;SUL;7538.489
2025-05-22 03:00:00;SUDESTE/CENTRO-OESTE;SUL;7424.826
2025-05-22 04:00:00;SUDESTE/CENTRO-OESTE;SUL;7553.864
2025-05-22 05:00:00;SUDESTE/CENTRO-OESTE;SUL;7881.71
2025-05-22 06:00:00;SUDESTE/CENTRO-OESTE;SUL;8094.051
2025-05-22 07:00:00;SUDESTE/CENTRO-OESTE;SUL;7861.384
2025-05-22 08:00:00;SUDESTE/CENTRO-OESTE;SUL;7685.275
2025-05-22 09:00:00;SUDESTE/CENTRO-OESTE;SUL;6682.814
2025-05-22 10:00:00;SUDESTE/CENTRO-OESTE;SUL;5983.731
2025-05-22 11:00:00;SUDESTE/CENTRO-OESTE;SUL;5795.542
2025-05-22 12:00:00;SUDESTE/CENTRO-OESTE;SUL;5580.612
2025-05-22 13:00:00;SUDESTE/CENTRO-OESTE;SUL;5845.964
2025-05-22 14:00:00;SUDESTE/CENTRO-OESTE;SUL;6079.144
2025-05-22 15:00:00;SUDESTE/CENTRO-OESTE;SUL;6069.696
2025-05-22 16:00:00;SUDESTE/CENTRO-OESTE;SUL;5901.649
2025-05-22 17:00:00;SUDESTE/CENTRO-OESTE;SUL;6060.779
2025-05-22 18:00:00;SUDESTE/CENTRO-OESTE;SUL;7572.907
2025-05-22 19:00:00;SUDESTE/CENTRO-OESTE;SUL;7568.125
2025-05-22 20:00:00;SUDESTE/CENTRO-OESTE;SUL;8026.854
2025-05-22 21:00:00;SUDESTE/CENTRO-OESTE;SUL;8206.81
2025-05-22 22:00:00;SUDESTE/CENTRO-OESTE;SUL;8045.335
2025-05-22 23:00:00;SUDESTE/CENTRO-OESTE;SUL;8227.698
2025-05-23 00:00:00;SUDESTE/CENTRO-OESTE;SUL;8307.373
2025-05-23 01:00:00;SUDESTE/CENTRO-OESTE;SUL;7595.423
2025-05-23 02:00:00;SUDESTE/CENTRO-OESTE;SUL;7187.816
2025-05-23 03:00:00;SUDESTE/CENTRO-OESTE;SUL;7078.189
2025-05-23 04:00:00;SUDESTE/CENTRO-OESTE;SUL;7225.231
2025-05-23 05:00:00;SUDESTE/CENTRO-OESTE;SUL;7998.647
2025-05-23 06:00:00;SUDESTE/CENTRO-OESTE;SUL;7413.299
2025-05-23 07:00:00;SUDESTE/CENTRO-OESTE;SUL;7597.75
2025-05-23 08:00:00;SUDESTE/CENTRO-OESTE;SUL;7170.878
2025-05-23 09:00:00;SUDESTE/CENTRO-OESTE;SUL;5772.622
2025-05-23 10:00:00;SUDESTE/CENTRO-OESTE;SUL;5068.036
2025-05-23 11:00:00;SUDESTE/CENTRO-OESTE;SUL;5269.942
2025-05-23 12:00:00;SUDESTE/CENTRO-OESTE;SUL;5905.864
2025-05-23 13:00:00;SUDESTE/CENTRO-OESTE;SUL;5949.336
2025-05-23 14:00:00;SUDESTE/CENTRO-OESTE;SUL;5624.611
2025-05-23 15:00:00;SUDESTE/CENTRO-OESTE;SUL;5758.72
2025-05-23 16:00:00;SUDESTE/CENTRO-OESTE;SUL;5777.418
2025-05-23 17:00:00;SUDESTE/CENTRO-OESTE;SUL;6280.74
2025-05-23 18:00:00;SUDESTE/CENTRO-OESTE;SUL;6349.053
2025-05-23 19:00:00;SUDESTE/CENTRO-OESTE;SUL;7773.533
2025-05-23 20:00:00;SUDESTE/CENTRO-OESTE;SUL;8771.837
2025-05-23 21:00:00;SUDESTE/CENTRO-OESTE;SUL;8590.013
2025-05-23 22:00:00;SUDESTE/CENTRO-OESTE;SUL;8538.145
2025-05-23 23:00:00;SUDESTE/CENTRO-OESTE;SUL;8493.347
2025-05-24 00:00:00;SUDESTE/CENTRO-OESTE;SUL;7463.054
2025-05-24 01:00:00;SUDESTE/CENTRO-OESTE;SUL;7072.157
2025-05-24 02:00:00;SUDESTE/CENTRO-OESTE;SUL;6676.857
2025-05-24 03:00:00;SUDESTE/CENTRO-OESTE;SUL;6452.733
2025-05-24 04:00:00;SUDESTE/CENTRO-OESTE;SUL;6370.255
2025-05-24 05:00:00;SUDESTE/CENTRO-OESTE;SUL;6601.138
2025-05-24 06:00:00;SUDESTE/CENTRO-OESTE;SUL;7158.659
2025-05-24 07:00:00;SUDESTE/CENTRO-OESTE;SUL;7068.797
2025-05-24 08:00:00;SUDESTE/CENTRO-OESTE;SUL;7091.211
2025-05-24 09:00:00;SUDESTE/CENTRO-OESTE;SUL;7218.576
2025-05-24 10:00:00;SUDESTE/CENTRO-OESTE;SUL;6915.677
2025-05-24 11:00:00;SUDESTE/CENTRO-OESTE;SUL;6860.93
2025-05-24 12:00:00;SUDESTE/CENTRO-OESTE;SUL;6442.895
2025-05-24 13:00:00;SUDESTE/CENTRO-OESTE;SUL;6125.289
2025-05-24 14:00:00;SUDESTE/CENTRO-OESTE;SUL;6467.349
2025-05-24 15:00:00;SUDESTE/CENTRO-OESTE;SUL;6974.916
2025-05-24 16:00:00;SUDESTE/CENTRO-OESTE;SUL;7339.912
2025-05-24 17:00:00;SUDESTE/CENTRO-OESTE;SUL;7336.049
2025-05-24 18:00:00;SUDESTE/CENTRO-OESTE;SUL;7368.464
2025-05-24 19:00:00;SUDESTE/CENTRO-OESTE;SUL;8087.027
2025-05-24 20:00:00;SUDESTE/CENTRO-OESTE;SUL;8407.92499999
2025-05-24 21:00:00;SUDESTE/CENTRO-OESTE;SUL;8844.605
2025-05-24 22:00:00;SUDESTE/CENTRO-OESTE;SUL;7935.167
2025-05-24 23:00:00;SUDESTE/CENTRO-OESTE;SUL;7073.78
2025-05-25 00:00:00;SUDESTE/CENTRO-OESTE;SUL;6611.222
2025-05-25 01:00:00;SUDESTE/CENTRO-OESTE;SUL;6036.733
2025-05-25 02:00:00;SUDESTE/CENTRO-OESTE;SUL;5656.316
2025-05-25 03:00:00;SUDESTE/CENTRO-OESTE;SUL;5497.04
2025-05-25 04:00:00;SUDESTE/CENTRO-OESTE;SUL;5473.943
2025-05-25 05:00:00;SUDESTE/CENTRO-OESTE;SUL;5439.871
2025-05-25 06:00:00;SUDESTE/CENTRO-OESTE;SUL;5350.979
2025-05-25 07:00:00;SUDESTE/CENTRO-OESTE;SUL;5482.637
2025-05-25 08:00:00;SUDESTE/CENTRO-OESTE;SUL;5369.17199999
2025-05-25 09:00:00;SUDESTE/CENTRO-OESTE;SUL;4924.136
2025-05-25 10:00:00;SUDESTE/CENTRO-OESTE;SUL;4659.426
2025-05-25 11:00:00;SUDESTE/CENTRO-OESTE;SUL;4510.144
2025-05-25 12:00:00;SUDESTE/CENTRO-OESTE;SUL;4085.551
2025-05-25 13:00:00;SUDESTE/CENTRO-OESTE;SUL;4177.75
2025-05-25 14:00:00;SUDESTE/CENTRO-OESTE;SUL;4295.829
2025-05-25 15:00:00;SUDESTE/CENTRO-OESTE;SUL;4809.276
2025-05-25 16:00:00;SUDESTE/CENTRO-OESTE;SUL;6189.217
2025-05-25 17:00:00;SUDESTE/CENTRO-OESTE;SUL;6989.76
2025-05-25 18:00:00;SUDESTE/CENTRO-OESTE;SUL;7692.67
2025-05-25 19:00:00;SUDESTE/CENTRO-OESTE;SUL;8768.256
2025-05-25 20:00:00;SUDESTE/CENTRO-OESTE;SUL;8926.908
2025-05-25 21:00:00;SUDESTE/CENTRO-OESTE;SUL;8849.572
2025-05-25 22:00:00;SUDESTE/CENTRO-OESTE;SUL;8158.791
2025-05-25 23:00:00;SUDESTE/CENTRO-OESTE;SUL;7275.654
2025-05-26 00:00:00;SUDESTE/CENTRO-OESTE;SUL;6550.95
2025-05-26 01:00:00;SUDESTE/CENTRO-OESTE;SUL;6272.183
2025-05-26 02:00:00;SUDESTE/CENTRO-OESTE;SUL;6187.336
2025-05-26 03:00:00;SUDESTE/CENTRO-OESTE;SUL;6094.685
2025-05-26 04:00:00;SUDESTE/CENTRO-OESTE;SUL;6187.028
2025-05-26 05:00:00;SUDESTE/CENTRO-OESTE;SUL;6875.664
2025-05-26 06:00:00;SUDESTE/CENTRO-OESTE;SUL;7104.999
2025-05-26 07:00:00;SUDESTE/CENTRO-OESTE;SUL;7823.218
2025-05-26 08:00:00;SUDESTE/CENTRO-OESTE;SUL;7677.034
2025-05-26 09:00:00;SUDESTE/CENTRO-OESTE;SUL;7341.937
2025-05-26 10:00:00;SUDESTE/CENTRO-OESTE;SUL;6589.963
2025-05-26 11:00:00;SUDESTE/CENTRO-OESTE;SUL;5893.014
2025-05-26 12:00:00;SUDESTE/CENTRO-OESTE;SUL;5737.743
2025-05-26 13:00:00;SUDESTE/CENTRO-OESTE;SUL;6173.775
2025-05-26 14:00:00;SUDESTE/CENTRO-OESTE;SUL;6087.984
2025-05-26 15:00:00;SUDESTE/CENTRO-OESTE;SUL;6302.368
2025-05-26 16:00:00;SUDESTE/CENTRO-OESTE;SUL;6589.633
2025-05-26 17:00:00;SUDESTE/CENTRO-OESTE;SUL;7132.617
2025-05-26 18:00:00;SUDESTE/CENTRO-OESTE;SUL;7755.404
2025-05-26 19:00:00;SUDESTE/CENTRO-OESTE;SUL;7674.597
2025-05-26 20:00:00;SUDESTE/CENTRO-OESTE;SUL;7807.974
2025-05-26 21:00:00;SUDESTE/CENTRO-OESTE;SUL;7776.643
2025-05-26 22:00:00;SUDESTE/CENTRO-OESTE;SUL;7723.276
2025-05-26 23:00:00;SUDESTE/CENTRO-OESTE;SUL;8369.002
2025-05-27 00:00:00;SUDESTE/CENTRO-OESTE;SUL;7952.407
2025-05-27 01:00:00;SUDESTE/CENTRO-OESTE;SUL;7375.891
2025-05-27 02:00:00;SUDESTE/CENTRO-OESTE;SUL;6959.951
2025-05-27 03:00:00;SUDESTE/CENTRO-OESTE;SUL;6655.288
2025-05-27 04:00:00;SUDESTE/CENTRO-OESTE;SUL;6663.556
2025-05-27 05:00:00;SUDESTE/CENTRO-OESTE;SUL;7521.583
2025-05-27 06:00:00;SUDESTE/CENTRO-OESTE;SUL;8508.896
2025-05-27 07:00:00;SUDESTE/CENTRO-OESTE;SUL;8109.831
2025-05-27 08:00:00;SUDESTE/CENTRO-OESTE;SUL;7711.22
2025-05-27 09:00:00;SUDESTE/CENTRO-OESTE;SUL;6476.311
2025-05-27 10:00:00;SUDESTE/CENTRO-OESTE;SUL;6499.329
2025-05-27 11:00:00;SUDESTE/CENTRO-OESTE;SUL;6349.346
2025-05-27 12:00:00;SUDESTE/CENTRO-OESTE;SUL;5855.419
2025-05-27 13:00:00;SUDESTE/CENTRO-OESTE;SUL;6209.417
2025-05-27 14:00:00;SUDESTE/CENTRO-OESTE;SUL;6262.767
2025-05-27 15:00:00;SUDESTE/CENTRO-OESTE;SUL;6261.447
2025-05-27 16:00:00;SUDESTE/CENTRO-OESTE;SUL;6474.38
2025-05-27 17:00:00;SUDESTE/CENTRO-OESTE;SUL;7611.97
2025-05-27 18:00:00;SUDESTE/CENTRO-OESTE;SUL;8488.392
2025-05-27 19:00:00;SUDESTE/CENTRO-OESTE;SUL;8248.83499999
2025-05-27 20:00:00;SUDESTE/CENTRO-OESTE;SUL;8291.36299999
2025-05-27 21:00:00;SUDESTE/CENTRO-OESTE;SUL;7989.144
2025-05-27 22:00:00;SUDESTE/CENTRO-OESTE;SUL;8166.953
2025-05-27 23:00:00;SUDESTE/CENTRO-OESTE;SUL;7849.902
2025-05-28 00:00:00;SUDESTE/CENTRO-OESTE;SUL;7002.225
2025-05-28 01:00:00;SUDESTE/CENTRO-OESTE;SUL;6380.833
2025-05-28 02:00:00;SUDESTE/CENTRO-OESTE;SUL;6020.486
2025-05-28 03:00:00;SUDESTE/CENTRO-OESTE;SUL;5920.678
2025-05-28 04:00:00;SUDESTE/CENTRO-OESTE;SUL;6080.656
2025-05-28 05:00:00;SUDESTE/CENTRO-OESTE;SUL;6597.91
2025-05-28 06:00:00;SUDESTE/CENTRO-OESTE;SUL;7693.05
2025-05-28 07:00:00;SUDESTE/CENTRO-OESTE;SUL;7557.635
2025-05-28 08:00:00;SUDESTE/CENTRO-OESTE;SUL;6619.208
2025-05-28 09:00:00;SUDESTE/CENTRO-OESTE;SUL;6312.236
2025-05-28 10:00:00;SUDESTE/CENTRO-OESTE;SUL;6364.546
2025-05-28 11:00:00;SUDESTE/CENTRO-OESTE;SUL;6047.138
2025-05-28 12:00:00;SUDESTE/CENTRO-OESTE;SUL;6060.644
2025-05-28 13:00:00;SUDESTE/CENTRO-OESTE;SUL;6348.669
2025-05-28 14:00:00;SUDESTE/CENTRO-OESTE;SUL;6397.828
2025-05-28 15:00:00;SUDESTE/CENTRO-OESTE;SUL;6079.28
2025-05-28 16:00:00;SUDESTE/CENTRO-OESTE;SUL;6116.423
2025-05-28 17:00:00;SUDESTE/CENTRO-OESTE;SUL;6617.528
2025-05-28 18:00:00;SUDESTE/CENTRO-OESTE;SUL;7662.073
2025-05-28 19:00:00;SUDESTE/CENTRO-OESTE;SUL;7885.69
2025-05-28 20:00:00;SUDESTE/CENTRO-OESTE;SUL;7886.342
2025-05-28 21:00:00;SUDESTE/CENTRO-OESTE;SUL;7841.49
2025-05-28 22:00:00;SUDESTE/CENTRO-OESTE;SUL;7461.514
2025-05-28 23:00:00;SUDESTE/CENTRO-OESTE;SUL;6701.672
2025-05-29 00:00:00;SUDESTE/CENTRO-OESTE;SUL;6203.678
2025-05-29 01:00:00;SUDESTE/CENTRO-OESTE;SUL;5480.729
2025-05-29 02:00:00;SUDESTE/CENTRO-OESTE;SUL;4870.255
2025-05-29 03:00:00;SUDESTE/CENTRO-OESTE;SUL;4871.526
2025-05-29 04:00:00;SUDESTE/CENTRO-OESTE;SUL;4978.569
2025-05-29 05:00:00;SUDESTE/CENTRO-OESTE;SUL;5576.591
2025-05-29 06:00:00;SUDESTE/CENTRO-OESTE;SUL;6503.641
2025-05-29 07:00:00;SUDESTE/CENTRO-OESTE;SUL;7404.383
2025-05-29 08:00:00;SUDESTE/CENTRO-OESTE;SUL;7475.272
2025-05-29 09:00:00;SUDESTE/CENTRO-OESTE;SUL;7160.288
2025-05-29 10:00:00;SUDESTE/CENTRO-OESTE;SUL;5991.847
2025-05-29 11:00:00;SUDESTE/CENTRO-OESTE;SUL;6110.585
2025-05-29 12:00:00;SUDESTE/CENTRO-OESTE;SUL;5531.158
2025-05-29 13:00:00;SUDESTE/CENTRO-OESTE;SUL;5943.981
2025-05-29 14:00:00;SUDESTE/CENTRO-OESTE;SUL;6120.89
2025-05-29 15:00:00;SUDESTE/CENTRO-OESTE;SUL;5914.832
2025-05-29 16:00:00;SUDESTE/CENTRO-OESTE;SUL;5707.545
2025-05-29 17:00:00;SUDESTE/CENTRO-OESTE;SUL;6853.089
2025-05-29 18:00:00;SUDESTE/CENTRO-OESTE;SUL;8333.908
2025-05-29 19:00:00;SUDESTE/CENTRO-OESTE;SUL;8337.14799999
2025-05-29 20:00:00;SUDESTE/CENTRO-OESTE;SUL;8139.499
2025-05-29 21:00:00;SUDESTE/CENTRO-OESTE;SUL;8107.67
2025-05-29 22:00:00;SUDESTE/CENTRO-OESTE;SUL;8258.072
2025-05-29 23:00:00;SUDESTE/CENTRO-OESTE;SUL;7924.521
2025-05-30 00:00:00;SUDESTE/CENTRO-OESTE;SUL;7083.286
2025-05-30 01:00:00;SUDESTE/CENTRO-OESTE;SUL;6263.52
2025-05-30 02:00:00;SUDESTE/CENTRO-OESTE;SUL;5524.713
2025-05-30 03:00:00;SUDESTE/CENTRO-OESTE;SUL;5376.849
2025-05-30 04:00:00;SUDESTE/CENTRO-OESTE;SUL;5639.927
2025-05-30 05:00:00;SUDESTE/CENTRO-OESTE;SUL;6468.089
2025-05-30 06:00:00;SUDESTE/CENTRO-OESTE;SUL;7761.903
2025-05-30 07:00:00;SUDESTE/CENTRO-OESTE;SUL;8031.496
2025-05-30 08:00:00;SUDESTE/CENTRO-OESTE;SUL;7454.803
2025-05-30 09:00:00;SUDESTE/CENTRO-OESTE;SUL;7434.751
2025-05-30 10:00:00;SUDESTE/CENTRO-OESTE;SUL;7208.356
2025-05-30 11:00:00;SUDESTE/CENTRO-OESTE;SUL;6703.358
2025-05-30 12:00:00;SUDESTE/CENTRO-OESTE;SUL;5567.854
2025-05-30 13:00:00;SUDESTE/CENTRO-OESTE;SUL;6061.183
2025-05-30 14:00:00;SUDESTE/CENTRO-OESTE;SUL;6622.1
2025-05-30 15:00:00;SUDESTE/CENTRO-OESTE;SUL;7160.461
2025-05-30 16:00:00;SUDESTE/CENTRO-OESTE;SUL;7206.709
2025-05-30 17:00:00;SUDESTE/CENTRO-OESTE;SUL;8048.609
2025-05-30 18:00:00;SUDESTE/CENTRO-OESTE;SUL;8518.65699999
2025-05-30 19:00:00;SUDESTE/CENTRO-OESTE;SUL;8344.59399999
2025-05-30 20:00:00;SUDESTE/CENTRO-OESTE;SUL;7911.382
2025-05-30 21:00:00;SUDESTE/CENTRO-OESTE;SUL;8068.96
2025-05-30 22:00:00;SUDESTE/CENTRO-OESTE;SUL;8532.974
2025-05-30 23:00:00;SUDESTE/CENTRO-OESTE;SUL;8333.194
2025-05-31 00:00:00;SUDESTE/CENTRO-OESTE;SUL;7643.312
2025-05-31 01:00:00;SUDESTE/CENTRO-OESTE;SUL;6792.281
2025-05-31 02:00:00;SUDESTE/CENTRO-OESTE;SUL;6325.174
2025-05-31 03:00:00;SUDESTE/CENTRO-OESTE;SUL;6087.155
2025-05-31 04:00:00;SUDESTE/CENTRO-OESTE;SUL;5974.872
2025-05-31 05:00:00;SUDESTE/CENTRO-OESTE;SUL;6154.845
2025-05-31 06:00:00;SUDESTE/CENTRO-OESTE;SUL;6667.603
2025-05-31 07:00:00;SUDESTE/CENTRO-OESTE;SUL;6598.038
2025-05-31 08:00:00;SUDESTE/CENTRO-OESTE;SUL;6066.424
2025-05-31 09:00:00;SUDESTE/CENTRO-OESTE;SUL;5240.905
2025-05-31 10:00:00;SUDESTE/CENTRO-OESTE;SUL;4948.179
2025-05-31 11:00:00;SUDESTE/CENTRO-OESTE;SUL;4644.794
2025-05-31 12:00:00;SUDESTE/CENTRO-OESTE;SUL;4262.121
2025-05-31 13:00:00;SUDESTE/CENTRO-OESTE;SUL;4029.933
2025-05-31 14:00:00;SUDESTE/CENTRO-OESTE;SUL;4307.383
2025-05-31 15:00:00;SUDESTE/CENTRO-OESTE;SUL;5215.013
2025-05-31 16:00:00;SUDESTE/CENTRO-OESTE;SUL;6497.964
2025-05-31 17:00:00;SUDESTE/CENTRO-OESTE;SUL;7590.437
2025-05-31 18:00:00;SUDESTE/CENTRO-OESTE;SUL;7672.739
2025-05-31 19:00:00;SUDESTE/CENTRO-OESTE;SUL;7356.571
2025-05-31 20:00:00;SUDESTE/CENTRO-OESTE;SUL;8312.941
2025-05-31 21:00:00;SUDESTE/CENTRO-OESTE;SUL;8272.94199999
2025-05-31 22:00:00;SUDESTE/CENTRO-OESTE;SUL;7746.534
2025-05-31 23:00:00;SUDESTE/CENTRO-OESTE;SUL;6800.893
2025-06-01 00:00:00;SUDESTE/CENTRO-OESTE;SUL;6263.089
2025-06-01 01:00:00;SUDESTE/CENTRO-OESTE;SUL;5537.184
2025-06-01 02:00:00;SUDESTE/CENTRO-OESTE;SUL;5133.334
2025-06-01 03:00:00;SUDESTE/CENTRO-OESTE;SUL;4838.675
2025-06-01 04:00:00;SUDESTE/CENTRO-OESTE;SUL;4757.252
2025-06-01 05:00:00;SUDESTE/CENTRO-OESTE;SUL;4907.45
2025-06-01 06:00:00;SUDESTE/CENTRO-OESTE;SUL;5213.563
2025-06-01 07:00:00;SUDESTE/CENTRO-OESTE;SUL;5290.956
2025-06-01 08:00:00;SUDESTE/CENTRO-OESTE;SUL;5010.195
2025-06-01 09:00:00;SUDESTE/CENTRO-OESTE;SUL;4627.804
2025-06-01 10:00:00;SUDESTE/CENTRO-OESTE;SUL;4082.647
2025-06-01 11:00:00;SUDESTE/CENTRO-OESTE;SUL;3688.948
2025-06-01 12:00:00;SUDESTE/CENTRO-OESTE;SUL;2965.086
2025-06-01 13:00:00;SUDESTE/CENTRO-OESTE;SUL;2514.907
2025-06-01 14:00:00;SUDESTE/CENTRO-OESTE;SUL;2831.989
2025-06-01 15:00:00;SUDESTE/CENTRO-OESTE;SUL;3984.851
2025-06-01 16:00:00;SUDESTE/CENTRO-OESTE;SUL;4961.957
2025-06-01 17:00:00;SUDESTE/CENTRO-OESTE;SUL;7226.81
2025-06-01 18:00:00;SUDESTE/CENTRO-OESTE;SUL;6783.387
2025-06-01 19:00:00;SUDESTE/CENTRO-OESTE;SUL;6996.123
2025-06-01 20:00:00;SUDESTE/CENTRO-OESTE;SUL;7142.184
2025-06-01 21:00:00;SUDESTE/CENTRO-OESTE;SUL;7155.93
2025-06-01 22:00:00;SUDESTE/CENTRO-OESTE;SUL;6763.621
2025-06-01 23:00:00;SUDESTE/CENTRO-OESTE;SUL;5944.025
2025-06-02 00:00:00;SUDESTE/CENTRO-OESTE;SUL;5795.565
2025-06-02 01:00:00;SUDESTE/CENTRO-OESTE;SUL;6216.489
2025-06-02 02:00:00;SUDESTE/CENTRO-OESTE;SUL;5919.064
2025-06-02 03:00:00;SUDESTE/CENTRO-OESTE;SUL;5887.126
2025-06-02 04:00:00;SUDESTE/CENTRO-OESTE;SUL;5999.723
2025-06-02 05:00:00;SUDESTE/CENTRO-OESTE;SUL;6558.27
2025-06-02 06:00:00;SUDESTE/CENTRO-OESTE;SUL;7255.475
2025-06-02 07:00:00;SUDESTE/CENTRO-OESTE;SUL;7009.79
2025-06-02 08:00:00;SUDESTE/CENTRO-OESTE;SUL;6872.287
2025-06-02 09:00:00;SUDESTE/CENTRO-OESTE;SUL;6793.237
2025-06-02 10:00:00;SUDESTE/CENTRO-OESTE;SUL;6334.773
2025-06-02 11:00:00;SUDESTE/CENTRO-OESTE;SUL;5093.957
2025-06-02 12:00:00;SUDESTE/CENTRO-OESTE;SUL;6565.829
2025-06-02 13:00:00;SUDESTE/CENTRO-OESTE;SUL;6547.728
2025-06-02 14:00:00;SUDESTE/CENTRO-OESTE;SUL;5134.782
2025-06-02 15:00:00;SUDESTE/CENTRO-OESTE;SUL;4983.118
2025-06-02 16:00:00;SUDESTE/CENTRO-OESTE;SUL;5553.446
2025-06-02 17:00:00;SUDESTE/CENTRO-OESTE;SUL;7219.526
2025-06-02 18:00:00;SUDESTE/CENTRO-OESTE;SUL;7653.358
2025-06-02 19:00:00;SUDESTE/CENTRO-OESTE;SUL;7224.437
2025-06-02 20:00:00;SUDESTE/CENTRO-OESTE;SUL;6791.613
2025-06-02 21:00:00;SUDESTE/CENTRO-OESTE;SUL;6694.043
2025-06-02 22:00:00;SUDESTE/CENTRO-OESTE;SUL;6182.311
2025-06-02 23:00:00;SUDESTE/CENTRO-OESTE;SUL;6781.002
2025-06-03 00:00:00;SUDESTE/CENTRO-OESTE;SUL;6708.647
2025-06-03 01:00:00;SUDESTE/CENTRO-OESTE;SUL;6191.422
2025-06-03 02:00:00;SUDESTE/CENTRO-OESTE;SUL;6158.837
2025-06-03 03:00:00;SUDESTE/CENTRO-OESTE;SUL;6249.816
2025-06-03 04:00:00;SUDESTE/CENTRO-OESTE;SUL;6422.964
2025-06-03 05:00:00;SUDESTE/CENTRO-OESTE;SUL;6780.376
2025-06-03 06:00:00;SUDESTE/CENTRO-OESTE;SUL;7004.319
2025-06-03 07:00:00;SUDESTE/CENTRO-OESTE;SUL;6779.708
2025-06-03 08:00:00;SUDESTE/CENTRO-OESTE;SUL;6578.617
2025-06-03 09:00:00;SUDESTE/CENTRO-OESTE;SUL;5062.157
2025-06-03 10:00:00;SUDESTE/CENTRO-OESTE;SUL;4485.58
2025-06-03 11:00:00;SUDESTE/CENTRO-OESTE;SUL;4446.85999999
2025-06-03 12:00:00;SUDESTE/CENTRO-OESTE;SUL;4945.80599999
2025-06-03 13:00:00;SUDESTE/CENTRO-OESTE;SUL;4947.398
2025-06-03 14:00:00;SUDESTE/CENTRO-OESTE;SUL;4583.81
2025-06-03 15:00:00;SUDESTE/CENTRO-OESTE;SUL;4582.167
2025-06-03 16:00:00;SUDESTE/CENTRO-OESTE;SUL;4865.247
2025-06-03 17:00:00;SUDESTE/CENTRO-OESTE;SUL;5453.497
2025-06-03 18:00:00;SUDESTE/CENTRO-OESTE;SUL;6481.079
2025-06-03 19:00:00;SUDESTE/CENTRO-OESTE;SUL;6411.771
2025-06-03 20:00:00;SUDESTE/CENTRO-OESTE;SUL;6288.675
2025-06-03 21:00:00;SUDESTE/CENTRO-OESTE;SUL;6190.91
2025-06-03 22:00:00;SUDESTE/CENTRO-OESTE;SUL;6122.791
2025-06-03 23:00:00;SUDESTE/CENTRO-OESTE;SUL;6550.477
2025-06-04 00:00:00;SUDESTE/CENTRO-OESTE;SUL;6615.102
2025-06-04 01:00:00;SUDESTE/CENTRO-OESTE;SUL;6078.808
2025-06-04 02:00:00;SUDESTE/CENTRO-OESTE;SUL;5677.009
2025-06-04 03:00:00;SUDESTE/CENTRO-OESTE;SUL;5454.488
2025-06-04 04:00:00;SUDESTE/CENTRO-OESTE;SUL;5624.517
2025-06-04 05:00:00;SUDESTE/CENTRO-OESTE;SUL;5735.753
2025-06-04 06:00:00;SUDESTE/CENTRO-OESTE;SUL;6545.977
2025-06-04 07:00:00;SUDESTE/CENTRO-OESTE;SUL;5927.261
2025-06-04 08:00:00;SUDESTE/CENTRO-OESTE;SUL;6058.62
2025-06-04 09:00:00;SUDESTE/CENTRO-OESTE;SUL;5325.986
2025-06-04 10:00:00;SUDESTE/CENTRO-OESTE;SUL;4424.41
2025-06-04 11:00:00;SUDESTE/CENTRO-OESTE;SUL;3729.058
2025-06-04 12:00:00;SUDESTE/CENTRO-OESTE;SUL;3964.73
2025-06-04 13:00:00;SUDESTE/CENTRO-OESTE;SUL;5273.269
2025-06-04 14:00:00;SUDESTE/CENTRO-OESTE;SUL;5042.461
2025-06-04 15:00:00;SUDESTE/CENTRO-OESTE;SUL;4954.048
2025-06-04 16:00:00;SUDESTE/CENTRO-OESTE;SUL;4907.54299999
2025-06-04 17:00:00;SUDESTE/CENTRO-OESTE;SUL;5771.069
2025-06-04 18:00:00;SUDESTE/CENTRO-OESTE;SUL;6141.959
2025-06-04 19:00:00;SUDESTE/CENTRO-OESTE;SUL;6214.387
2025-06-04 20:00:00;SUDESTE/CENTRO-OESTE;SUL;6621.937
2025-06-04 21:00:00;SUDESTE/CENTRO-OESTE;SUL;6546.341
2025-06-04 22:00:00;SUDESTE/CENTRO-OESTE;SUL;5694.245
2025-06-04 23:00:00;SUDESTE/CENTRO-OESTE;SUL;6378.397
2025-06-05 00:00:00;SUDESTE/CENTRO-OESTE;SUL;6462.443
2025-06-05 01:00:00;SUDESTE/CENTRO-OESTE;SUL;6108.224
2025-06-05 02:00:00;SUDESTE/CENTRO-OESTE;SUL;5691.784
2025-06-05 03:00:00;SUDESTE/CENTRO-OESTE;SUL;5330.127
2025-06-05 04:00:00;SUDESTE/CENTRO-OESTE;SUL;5300.901
2025-06-05 05:00:00;SUDESTE/CENTRO-OESTE;SUL;5983.187
2025-06-05 06:00:00;SUDESTE/CENTRO-OESTE;SUL;6098.077
2025-06-05 07:00:00;SUDESTE/CENTRO-OESTE;SUL;6633.239
2025-06-05 08:00:00;SUDESTE/CENTRO-OESTE;SUL;6583.039
2025-06-05 09:00:00;SUDESTE/CENTRO-OESTE;SUL;5016.723
2025-06-05 10:00:00;SUDESTE/CENTRO-OESTE;SUL;5069.693
2025-06-05 11:00:00;SUDESTE/CENTRO-OESTE;SUL;5042.193
2025-06-05 12:00:00;SUDESTE/CENTRO-OESTE;SUL;4843.841
2025-06-05 13:00:00;SUDESTE/CENTRO-OESTE;SUL;4861.406
2025-06-05 14:00:00;SUDESTE/CENTRO-OESTE;SUL;4958.865
2025-06-05 15:00:00;SUDESTE/CENTRO-OESTE;SUL;5111.645
2025-06-05 16:00:00;SUDESTE/CENTRO-OESTE;SUL;5140.612
2025-06-05 17:00:00;SUDESTE/CENTRO-OESTE;SUL;5390.395
2025-06-05 18:00:00;SUDESTE/CENTRO-OESTE;SUL;6925.877
2025-06-05 19:00:00;SUDESTE/CENTRO-OESTE;SUL;6532.534
2025-06-05 20:00:00;SUDESTE/CENTRO-OESTE;SUL;5924.022
2025-06-05 21:00:00;SUDESTE/CENTRO-OESTE;SUL;5599.638
2025-06-05 22:00:00;SUDESTE/CENTRO-OESTE;SUL;4706.55199999
2025-06-05 23:00:00;SUDESTE/CENTRO-OESTE;SUL;4158.526
2025-06-06 00:00:00;SUDESTE/CENTRO-OESTE;SUL;4613.087
2025-06-06 01:00:00;SUDESTE/CENTRO-OESTE;SUL;5072.11899999
2025-06-06 02:00:00;SUDESTE/CENTRO-OESTE;SUL;5097.526
2025-06-06 03:00:00;SUDESTE/CENTRO-OESTE;SUL;5065.287
2025-06-06 04:00:00;SUDESTE/CENTRO-OESTE;SUL;5313.798
2025-06-06 05:00:00;SUDESTE/CENTRO-OESTE;SUL;5940.349
2025-06-06 06:00:00;SUDESTE/CENTRO-OESTE;SUL;6620.087
2025-06-06 07:00:00;SUDESTE/CENTRO-OESTE;SUL;6132.961
2025-06-06 08:00:00;SUDESTE/CENTRO-OESTE;SUL;5506.051
2025-06-06 09:00:00;SUDESTE/CENTRO-OESTE;SUL;4662.85999999
2025-06-06 10:00:00;SUDESTE/CENTRO-OESTE;SUL;4114.04
2025-06-06 11:00:00;SUDESTE/CENTRO-OESTE;SUL;3773.561
2025-06-06 12:00:00;SUDESTE/CENTRO-OESTE;SUL;3286.155
2025-06-06 13:00:00;SUDESTE/CENTRO-OESTE;SUL;4189.662
2025-06-06 14:00:00;SUDESTE/CENTRO-OESTE;SUL;4783.17
2025-06-06 15:00:00;SUDESTE/CENTRO-OESTE;SUL;4906.74
2025-06-06 16:00:00;SUDESTE/CENTRO-OESTE;SUL;5583.435
2025-06-06 17:00:00;SUDESTE/CENTRO-OESTE;SUL;6137.971
2025-06-06 18:00:00;SUDESTE/CENTRO-OESTE;SUL;6941.38
2025-06-06 19:00:00;SUDESTE/CENTRO-OESTE;SUL;6409.315
2025-06-06 20:00:00;SUDESTE/CENTRO-OESTE;SUL;6497.241
2025-06-06 21:00:00;SUDESTE/CENTRO-OESTE;SUL;6693.47
2025-06-06 22:00:00;SUDESTE/CENTRO-OESTE;SUL;6755.849
2025-06-06 23:00:00;SUDESTE/CENTRO-OESTE;SUL;6669.905
2025-06-07 00:00:00;SUDESTE/CENTRO-OESTE;SUL;6639.09
2025-06-07 01:00:00;SUDESTE/CENTRO-OESTE;SUL;6297.469
2025-06-07 02:00:00;SUDESTE/CENTRO-OESTE;SUL;5930.59
2025-06-07 03:00:00;SUDESTE/CENTRO-OESTE;SUL;5789.831
2025-06-07 04:00:00;SUDESTE/CENTRO-OESTE;SUL;5819.59
2025-06-07 05:00:00;SUDESTE/CENTRO-OESTE;SUL;5966.998
2025-06-07 06:00:00;SUDESTE/CENTRO-OESTE;SUL;6224.436
2025-06-07 07:00:00;SUDESTE/CENTRO-OESTE;SUL;6067.455
2025-06-07 08:00:00;SUDESTE/CENTRO-OESTE;SUL;6054.28
2025-06-07 09:00:00;SUDESTE/CENTRO-OESTE;SUL;5770.721
2025-06-07 10:00:00;SUDESTE/CENTRO-OESTE;SUL;5870.415
2025-06-07 11:00:00;SUDESTE/CENTRO-OESTE;SUL;5443.39999999
2025-06-07 12:00:00;SUDESTE/CENTRO-OESTE;SUL;4778.93599999
2025-06-07 13:00:00;SUDESTE/CENTRO-OESTE;SUL;5003.312
2025-06-07 14:00:00;SUDESTE/CENTRO-OESTE;SUL;5736.524
2025-06-07 15:00:00;SUDESTE/CENTRO-OESTE;SUL;6732.059
2025-06-07 16:00:00;SUDESTE/CENTRO-OESTE;SUL;6731.659
2025-06-07 17:00:00;SUDESTE/CENTRO-OESTE;SUL;6946.085
2025-06-07 18:00:00;SUDESTE/CENTRO-OESTE;SUL;6861.065
2025-06-07 19:00:00;SUDESTE/CENTRO-OESTE;SUL;6512.596
2025-06-07 20:00:00;SUDESTE/CENTRO-OESTE;SUL;7069.632
2025-06-07 21:00:00;SUDESTE/CENTRO-OESTE;SUL;7741.473
2025-06-07 22:00:00;SUDESTE/CENTRO-OESTE;SUL;7369.244
2025-06-07 23:00:00;SUDESTE/CENTRO-OESTE;SUL;6641.489
2025-06-08 00:00:00;SUDESTE/CENTRO-OESTE;SUL;5956.576
2025-06-08 01:00:00;SUDESTE/CENTRO-OESTE;SUL;5312.719
2025-06-08 02:00:00;SUDESTE/CENTRO-OESTE;SUL;4882.182
2025-06-08 03:00:00;SUDESTE/CENTRO-OESTE;SUL;4657.182
2025-06-08 04:00:00;SUDESTE/CENTRO-OESTE;SUL;4510.93599999
2025-06-08 05:00:00;SUDESTE/CENTRO-OESTE;SUL;4583.52499999
2025-06-08 06:00:00;SUDESTE/CENTRO-OESTE;SUL;4722.099
2025-06-08 07:00:00;SUDESTE/CENTRO-OESTE;SUL;4852.176
2025-06-08 08:00:00;SUDESTE/CENTRO-OESTE;SUL;5440.834
2025-06-08 09:00:00;SUDESTE/CENTRO-OESTE;SUL;5652.763
2025-06-08 10:00:00;SUDESTE/CENTRO-OESTE;SUL;5922.306
2025-06-08 11:00:00;SUDESTE/CENTRO-OESTE;SUL;5936.543
2025-06-08 12:00:00;SUDESTE/CENTRO-OESTE;SUL;5525.911
2025-06-08 13:00:00;SUDESTE/CENTRO-OESTE;SUL;5017.121
2025-06-08 14:00:00;SUDESTE/CENTRO-OESTE;SUL;4742.264
2025-06-08 15:00:00;SUDESTE/CENTRO-OESTE;SUL;5023.08299999
2025-06-08 16:00:00;SUDESTE/CENTRO-OESTE;SUL;4886.34
2025-06-08 17:00:00;SUDESTE/CENTRO-OESTE;SUL;6728.382
2025-06-08 18:00:00;SUDESTE/CENTRO-OESTE;SUL;7580.972
2025-06-08 19:00:00;SUDESTE/CENTRO-OESTE;SUL;7836.994
2025-06-08 20:00:00;SUDESTE/CENTRO-OESTE;SUL;7681.552
2025-06-08 21:00:00;SUDESTE/CENTRO-OESTE;SUL;7184.353
2025-06-08 22:00:00;SUDESTE/CENTRO-OESTE;SUL;6755.173
2025-06-08 23:00:00;SUDESTE/CENTRO-OESTE;SUL;6024.098
2025-06-09 00:00:00;SUDESTE/CENTRO-OESTE;SUL;5423.309
2025-06-09 01:00:00;SUDESTE/CENTRO-OESTE;SUL;5232.254
2025-06-09 02:00:00;SUDESTE/CENTRO-OESTE;SUL;5086.542
2025-06-09 03:00:00;SUDESTE/CENTRO-OESTE;SUL;5130.024
2025-06-09 04:00:00;SUDESTE/CENTRO-OESTE;SUL;5366.024
2025-06-09 05:00:00;SUDESTE/CENTRO-OESTE;SUL;6322.004
2025-06-09 06:00:00;SUDESTE/CENTRO-OESTE;SUL;6831.203
2025-06-09 07:00:00;SUDESTE/CENTRO-OESTE;SUL;6421.73
2025-06-09 08:00:00;SUDESTE/CENTRO-OESTE;SUL;5682.009
2025-06-09 09:00:00;SUDESTE/CENTRO-OESTE;SUL;5661.952
2025-06-09 10:00:00;SUDESTE/CENTRO-OESTE;SUL;4139.736
2025-06-09 11:00:00;SUDESTE/CENTRO-OESTE;SUL;4089.158
2025-06-09 12:00:00;SUDESTE/CENTRO-OESTE;SUL;4216.429
2025-06-09 13:00:00;SUDESTE/CENTRO-OESTE;SUL;4213.738
2025-06-09 14:00:00;SUDESTE/CENTRO-OESTE;SUL;3977.22
2025-06-09 15:00:00;SUDESTE/CENTRO-OESTE;SUL;4225.87
2025-06-09 16:00:00;SUDESTE/CENTRO-OESTE;SUL;4495.38199999
2025-06-09 17:00:00;SUDESTE/CENTRO-OESTE;SUL;5223.371
2025-06-09 18:00:00;SUDESTE/CENTRO-OESTE;SUL;6029.292
2025-06-09 19:00:00;SUDESTE/CENTRO-OESTE;SUL;6820.772
2025-06-09 20:00:00;SUDESTE/CENTRO-OESTE;SUL;6300.658
2025-06-09 21:00:00;SUDESTE/CENTRO-OESTE;SUL;6119.458
2025-06-09 22:00:00;SUDESTE/CENTRO-OESTE;SUL;6579.115
2025-06-09 23:00:00;SUDESTE/CENTRO-OESTE;SUL;7581.781
2025-06-10 00:00:00;SUDESTE/CENTRO-OESTE;SUL;7169.282
2025-06-10 01:00:00;SUDESTE/CENTRO-OESTE;SUL;6801.224
2025-06-10 02:00:00;SUDESTE/CENTRO-OESTE;SUL;6493.205
2025-06-10 03:00:00;SUDESTE/CENTRO-OESTE;SUL;6355.673
2025-06-10 04:00:00;SUDESTE/CENTRO-OESTE;SUL;6403.589
2025-06-10 05:00:00;SUDESTE/CENTRO-OESTE;SUL;6912.515
2025-06-10 06:00:00;SUDESTE/CENTRO-OESTE;SUL;7156.692
2025-06-10 07:00:00;SUDESTE/CENTRO-OESTE;SUL;6122.745
2025-06-10 08:00:00;SUDESTE/CENTRO-OESTE;SUL;5635.792
2025-06-10 09:00:00;SUDESTE/CENTRO-OESTE;SUL;4608.992
2025-06-10 10:00:00;SUDESTE/CENTRO-OESTE;SUL;2451.772
2025-06-10 11:00:00;SUDESTE/CENTRO-OESTE;SUL;2635.705
2025-06-10 12:00:00;SUDESTE/CENTRO-OESTE;SUL;4147.795
2025-06-10 13:00:00;SUDESTE/CENTRO-OESTE;SUL;4938.423
2025-06-10 14:00:00;SUDESTE/CENTRO-OESTE;SUL;5550.198
2025-06-10 15:00:00;SUDESTE/CENTRO-OESTE;SUL;5274.001
2025-06-10 16:00:00;SUDESTE/CENTRO-OESTE;SUL;4938.18599999
2025-06-10 17:00:00;SUDESTE/CENTRO-OESTE;SUL;5757.655
2025-06-10 18:00:00;SUDESTE/CENTRO-OESTE;SUL;6500.11
2025-06-10 19:00:00;SUDESTE/CENTRO-OESTE;SUL;6091.6
2025-06-10 20:00:00;SUDESTE/CENTRO-OESTE;SUL;5941.004
2025-06-10 21:00:00;SUDESTE/CENTRO-OESTE;SUL;5715.986
2025-06-10 22:00:00;SUDESTE/CENTRO-OESTE;SUL;5640.512
2025-06-10 23:00:00;SUDESTE/CENTRO-OESTE;SUL;6655.729
2025-06-11 00:00:00;SUDESTE/CENTRO-OESTE;SUL;6801.023
2025-06-11 01:00:00;SUDESTE/CENTRO-OESTE;SUL;6605.841
2025-06-11 02:00:00;SUDESTE/CENTRO-OESTE;SUL;6030.376
2025-06-11 03:00:00;SUDESTE/CENTRO-OESTE;SUL;5253.696
2025-06-11 04:00:00;SUDESTE/CENTRO-OESTE;SUL;5616.078
2025-06-11 05:00:00;SUDESTE/CENTRO-OESTE;SUL;6696.761
2025-06-11 06:00:00;SUDESTE/CENTRO-OESTE;SUL;6930.862
2025-06-11 07:00:00;SUDESTE/CENTRO-OESTE;SUL;6973.71
2025-06-11 08:00:00;SUDESTE/CENTRO-OESTE;SUL;6303.156
2025-06-11 09:00:00;SUDESTE/CENTRO-OESTE;SUL;5804.466
2025-06-11 10:00:00;SUDESTE/CENTRO-OESTE;SUL;5034.517
2025-06-11 11:00:00;SUDESTE/CENTRO-OESTE;SUL;3903.96
2025-06-11 12:00:00;SUDESTE/CENTRO-OESTE;SUL;4527.116
2025-06-11 13:00:00;SUDESTE/CENTRO-OESTE;SUL;5190.683
2025-06-11 14:00:00;SUDESTE/CENTRO-OESTE;SUL;5650.833
2025-06-11 15:00:00;SUDESTE/CENTRO-OESTE;SUL;5524.5
2025-06-11 16:00:00;SUDESTE/CENTRO-OESTE;SUL;5118.375
2025-06-11 17:00:00;SUDESTE/CENTRO-OESTE;SUL;5760.045
2025-06-11 18:00:00;SUDESTE/CENTRO-OESTE;SUL;6532.787
2025-06-11 19:00:00;SUDESTE/CENTRO-OESTE;SUL;6507.219
2025-06-11 20:00:00;SUDESTE/CENTRO-OESTE;SUL;6358.019
2025-06-11 21:00:00;SUDESTE/CENTRO-OESTE;SUL;6070.904
2025-06-11 22:00:00;SUDESTE/CENTRO-OESTE;SUL;5959.237
2025-06-11 23:00:00;SUDESTE/CENTRO-OESTE;SUL;7173.024
2025-06-12 00:00:00;SUDESTE/CENTRO-OESTE;SUL;7228.274
2025-06-12 01:00:00;SUDESTE/CENTRO-OESTE;SUL;6531.485
2025-06-12 02:00:00;SUDESTE/CENTRO-OESTE;SUL;6420.053
2025-06-12 03:00:00;SUDESTE/CENTRO-OESTE;SUL;6137.92
2025-06-12 04:00:00;SUDESTE/CENTRO-OESTE;SUL;6323.688
2025-06-12 05:00:00;SUDESTE/CENTRO-OESTE;SUL;6365.218
2025-06-12 06:00:00;SUDESTE/CENTRO-OESTE;SUL;5946.856
2025-06-12 07:00:00;SUDESTE/CENTRO-OESTE;SUL;6322.456
2025-06-12 08:00:00;SUDESTE/CENTRO-OESTE;SUL;5840.441
2025-06-12 09:00:00;SUDESTE/CENTRO-OESTE;SUL;5731.365
2025-06-12 10:00:00;SUDESTE/CENTRO-OESTE;SUL;6032.364
2025-06-12 11:00:00;SUDESTE/CENTRO-OESTE;SUL;6133.295
2025-06-12 12:00:00;SUDESTE/CENTRO-OESTE;SUL;5020.719
2025-06-12 13:00:00;SUDESTE/CENTRO-OESTE;SUL;5522.648
2025-06-12 14:00:00;SUDESTE/CENTRO-OESTE;SUL;6254.909
2025-06-12 15:00:00;SUDESTE/CENTRO-OESTE;SUL;6370.718
2025-06-12 16:00:00;SUDESTE/CENTRO-OESTE;SUL;5891.825
2025-06-12 17:00:00;SUDESTE/CENTRO-OESTE;SUL;5762.042
2025-06-12 18:00:00;SUDESTE/CENTRO-OESTE;SUL;6821.317
2025-06-12 19:00:00;SUDESTE/CENTRO-OESTE;SUL;6518.734
2025-06-12 20:00:00;SUDESTE/CENTRO-OESTE;SUL;6065.389
2025-06-12 21:00:00;SUDESTE/CENTRO-OESTE;SUL;5819.432
2025-06-12 22:00:00;SUDESTE/CENTRO-OESTE;SUL;5961.967
2025-06-12 23:00:00;SUDESTE/CENTRO-OESTE;SUL;6977.672
2025-06-13 00:00:00;SUDESTE/CENTRO-OESTE;SUL;5908.356
2025-06-13 01:00:00;SUDESTE/CENTRO-OESTE;SUL;5881.959
2025-06-13 02:00:00;SUDESTE/CENTRO-OESTE;SUL;5769.945
2025-06-13 03:00:00;SUDESTE/CENTRO-OESTE;SUL;5577.61
2025-06-13 04:00:00;SUDESTE/CENTRO-OESTE;SUL;5595.379
2025-06-13 05:00:00;SUDESTE/CENTRO-OESTE;SUL;5630.868
2025-06-13 06:00:00;SUDESTE/CENTRO-OESTE;SUL;4716.325
2025-06-13 07:00:00;SUDESTE/CENTRO-OESTE;SUL;5619.587
2025-06-13 08:00:00;SUDESTE/CENTRO-OESTE;SUL;5990.953
2025-06-13 09:00:00;SUDESTE/CENTRO-OESTE;SUL;5792.544
2025-06-13 10:00:00;SUDESTE/CENTRO-OESTE;SUL;5868.416
2025-06-13 11:00:00;SUDESTE/CENTRO-OESTE;SUL;5849.318
2025-06-13 12:00:00;SUDESTE/CENTRO-OESTE;SUL;5148.147
2025-06-13 13:00:00;SUDESTE/CENTRO-OESTE;SUL;5722.801
2025-06-13 14:00:00;SUDESTE/CENTRO-OESTE;SUL;6082.723
2025-06-13 15:00:00;SUDESTE/CENTRO-OESTE;SUL;6379.654
2025-06-13 16:00:00;SUDESTE/CENTRO-OESTE;SUL;5558.582
2025-06-13 17:00:00;SUDESTE/CENTRO-OESTE;SUL;4213.572
2025-06-13 18:00:00;SUDESTE/CENTRO-OESTE;SUL;3969.035
2025-06-13 19:00:00;SUDESTE/CENTRO-OESTE;SUL;3825.4
2025-06-13 20:00:00;SUDESTE/CENTRO-OESTE;SUL;3749.547
2025-06-13 21:00:00;SUDESTE/CENTRO-OESTE;SUL;3054.973
2025-06-13 22:00:00;SUDESTE/CENTRO-OESTE;SUL;3762.37
2025-06-13 23:00:00;SUDESTE/CENTRO-OESTE;SUL;5035.597
2025-06-14 00:00:00;SUDESTE/CENTRO-OESTE;SUL;5380.79699999
2025-06-14 01:00:00;SUDESTE/CENTRO-OESTE;SUL;5827.833
2025-06-14 02:00:00;SUDESTE/CENTRO-OESTE;SUL;5670.564
2025-06-14 03:00:00;SUDESTE/CENTRO-OESTE;SUL;5568.459
2025-06-14 04:00:00;SUDESTE/CENTRO-OESTE;SUL;5504.064
2025-06-14 05:00:00;SUDESTE/CENTRO-OESTE;SUL;5521.702
2025-06-14 06:00:00;SUDESTE/CENTRO-OESTE;SUL;5247.648
2025-06-14 07:00:00;SUDESTE/CENTRO-OESTE;SUL;5677.417
2025-06-14 08:00:00;SUDESTE/CENTRO-OESTE;SUL;6245.884
2025-06-14 09:00:00;SUDESTE/CENTRO-OESTE;SUL;6176.169
2025-06-14 10:00:00;SUDESTE/CENTRO-OESTE;SUL;5720.822
2025-06-14 11:00:00;SUDESTE/CENTRO-OESTE;SUL;5530.957
2025-06-14 12:00:00;SUDESTE/CENTRO-OESTE;SUL;5128.02
2025-06-14 13:00:00;SUDESTE/CENTRO-OESTE;SUL;5378.948
2025-06-14 14:00:00;SUDESTE/CENTRO-OESTE;SUL;5844.126
2025-06-14 15:00:00;SUDESTE/CENTRO-OESTE;SUL;5899.541
2025-06-14 16:00:00;SUDESTE/CENTRO-OESTE;SUL;6018.737
2025-06-14 17:00:00;SUDESTE/CENTRO-OESTE;SUL;6557.195
2025-06-14 18:00:00;SUDESTE/CENTRO-OESTE;SUL;4551.329
2025-06-14 19:00:00;SUDESTE/CENTRO-OESTE;SUL;4805.337
2025-06-14 20:00:00;SUDESTE/CENTRO-OESTE;SUL;6136.337
2025-06-14 21:00:00;SUDESTE/CENTRO-OESTE;SUL;6313.134
2025-06-14 22:00:00;SUDESTE/CENTRO-OESTE;SUL;6030.876
2025-06-14 23:00:00;SUDESTE/CENTRO-OESTE;SUL;5948.519
2025-06-15 00:00:00;SUDESTE/CENTRO-OESTE;SUL;5367.155
2025-06-15 01:00:00;SUDESTE/CENTRO-OESTE;SUL;5148.447
2025-06-15 02:00:00;SUDESTE/CENTRO-OESTE;SUL;4791.733
2025-06-15 03:00:00;SUDESTE/CENTRO-OESTE;SUL;4803.518
2025-06-15 04:00:00;SUDESTE/CENTRO-OESTE;SUL;4714.309
2025-06-15 05:00:00;SUDESTE/CENTRO-OESTE;SUL;4773.487
2025-06-15 06:00:00;SUDESTE/CENTRO-OESTE;SUL;4749.352
2025-06-15 07:00:00;SUDESTE/CENTRO-OESTE;SUL;5439.259
2025-06-15 08:00:00;SUDESTE/CENTRO-OESTE;SUL;5616.362
2025-06-15 09:00:00;SUDESTE/CENTRO-OESTE;SUL;5310.358
2025-06-15 10:00:00;SUDESTE/CENTRO-OESTE;SUL;4915.716
2025-06-15 11:00:00;SUDESTE/CENTRO-OESTE;SUL;4629.361
2025-06-15 12:00:00;SUDESTE/CENTRO-OESTE;SUL;3773.448
2025-06-15 13:00:00;SUDESTE/CENTRO-OESTE;SUL;3353.189
2025-06-15 14:00:00;SUDESTE/CENTRO-OESTE;SUL;3451.028
2025-06-15 15:00:00;SUDESTE/CENTRO-OESTE;SUL;3683.467
2025-06-15 16:00:00;SUDESTE/CENTRO-OESTE;SUL;5095.268
2025-06-15 17:00:00;SUDESTE/CENTRO-OESTE;SUL;6117.756
2025-06-15 18:00:00;SUDESTE/CENTRO-OESTE;SUL;5863.576
2025-06-15 19:00:00;SUDESTE/CENTRO-OESTE;SUL;5885.849
2025-06-15 20:00:00;SUDESTE/CENTRO-OESTE;SUL;6495.997
2025-06-15 21:00:00;SUDESTE/CENTRO-OESTE;SUL;6140.044
2025-06-15 22:00:00;SUDESTE/CENTRO-OESTE;SUL;5815.563
2025-06-15 23:00:00;SUDESTE/CENTRO-OESTE;SUL;6118.133
2025-06-16 00:00:00;SUDESTE/CENTRO-OESTE;SUL;5354.655
2025-06-16 01:00:00;SUDESTE/CENTRO-OESTE;SUL;5161.292
2025-06-16 02:00:00;SUDESTE/CENTRO-OESTE;SUL;4732.438
2025-06-16 03:00:00;SUDESTE/CENTRO-OESTE;SUL;4814.245
2025-06-16 04:00:00;SUDESTE/CENTRO-OESTE;SUL;5041.61399999
2025-06-16 05:00:00;SUDESTE/CENTRO-OESTE;SUL;5794.929
2025-06-16 06:00:00;SUDESTE/CENTRO-OESTE;SUL;6610.878
2025-06-16 07:00:00;SUDESTE/CENTRO-OESTE;SUL;6463.204
2025-06-16 08:00:00;SUDESTE/CENTRO-OESTE;SUL;5243.258
2025-06-16 09:00:00;SUDESTE/CENTRO-OESTE;SUL;4828.343
2025-06-16 10:00:00;SUDESTE/CENTRO-OESTE;SUL;4889.99
2025-06-16 11:00:00;SUDESTE/CENTRO-OESTE;SUL;4983.356
2025-06-16 12:00:00;SUDESTE/CENTRO-OESTE;SUL;4558.08
2025-06-16 13:00:00;SUDESTE/CENTRO-OESTE;SUL;5168.416
2025-06-16 14:00:00;SUDESTE/CENTRO-OESTE;SUL;4866.892
2025-06-16 15:00:00;SUDESTE/CENTRO-OESTE;SUL;4325.004
2025-06-16 16:00:00;SUDESTE/CENTRO-OESTE;SUL;4130.406
2025-06-16 17:00:00;SUDESTE/CENTRO-OESTE;SUL;5110.555
2025-06-16 18:00:00;SUDESTE/CENTRO-OESTE;SUL;5775.679
2025-06-16 19:00:00;SUDESTE/CENTRO-OESTE;SUL;5328.768
2025-06-16 20:00:00;SUDESTE/CENTRO-OESTE;SUL;4865.057
2025-06-16 21:00:00;SUDESTE/CENTRO-OESTE;SUL;5157.81499999
2025-06-16 22:00:00;SUDESTE/CENTRO-OESTE;SUL;5452.635
2025-06-16 23:00:00;SUDESTE/CENTRO-OESTE;SUL;5223.142
2025-06-17 00:00:00;SUDESTE/CENTRO-OESTE;SUL;5432.252
2025-06-17 01:00:00;SUDESTE/CENTRO-OESTE;SUL;5129.143
2025-06-17 02:00:00;SUDESTE/CENTRO-OESTE;SUL;4823.07
2025-06-17 03:00:00;SUDESTE/CENTRO-OESTE;SUL;5241.554
2025-06-17 04:00:00;SUDESTE/CENTRO-OESTE;SUL;5680.945
2025-06-17 05:00:00;SUDESTE/CENTRO-OESTE;SUL;6233.586
2025-06-17 06:00:00;SUDESTE/CENTRO-OESTE;SUL;6202.607
2025-06-17 07:00:00;SUDESTE/CENTRO-OESTE;SUL;4679.508
2025-06-17 08:00:00;SUDESTE/CENTRO-OESTE;SUL;4544.999
2025-06-17 09:00:00;SUDESTE/CENTRO-OESTE;SUL;4624.292
2025-06-17 10:00:00;SUDESTE/CENTRO-OESTE;SUL;4564.831
2025-06-17 11:00:00;SUDESTE/CENTRO-OESTE;SUL;3944.722
2025-06-17 12:00:00;SUDESTE/CENTRO-OESTE;SUL;3931.261
2025-06-17 13:00:00;SUDESTE/CENTRO-OESTE;SUL;4723.014
2025-06-17 14:00:00;SUDESTE/CENTRO-OESTE;SUL;4398.037
2025-06-17 15:00:00;SUDESTE/CENTRO-OESTE;SUL;4400.398
2025-06-17 16:00:00;SUDESTE/CENTRO-OESTE;SUL;4781.053
2025-06-17 17:00:00;SUDESTE/CENTRO-OESTE;SUL;5222.724
2025-06-17 18:00:00;SUDESTE/CENTRO-OESTE;SUL;5407.56099999
2025-06-17 19:00:00;SUDESTE/CENTRO-OESTE;SUL;4749.188
2025-06-17 20:00:00;SUDESTE/CENTRO-OESTE;SUL;5136.584
2025-06-17 21:00:00;SUDESTE/CENTRO-OESTE;SUL;5181.227
2025-06-17 22:00:00;SUDESTE/CENTRO-OESTE;SUL;4878.23499999
2025-06-17 23:00:00;SUDESTE/CENTRO-OESTE;SUL;6127.802
2025-06-18 00:00:00;SUDESTE/CENTRO-OESTE;SUL;5527.901
2025-06-18 01:00:00;SUDESTE/CENTRO-OESTE;SUL;5216.298
2025-06-18 02:00:00;SUDESTE/CENTRO-OESTE;SUL;4983.934
2025-06-18 03:00:00;SUDESTE/CENTRO-OESTE;SUL;5161.216
2025-06-18 04:00:00;SUDESTE/CENTRO-OESTE;SUL;5482.331
2025-06-18 05:00:00;SUDESTE/CENTRO-OESTE;SUL;6029.214
2025-06-18 06:00:00;SUDESTE/CENTRO-OESTE;SUL;5948.954
2025-06-18 07:00:00;SUDESTE/CENTRO-OESTE;SUL;5243.407
2025-06-18 08:00:00;SUDESTE/CENTRO-OESTE;SUL;5664.836
2025-06-18 09:00:00;SUDESTE/CENTRO-OESTE;SUL;4953.517
2025-06-18 10:00:00;SUDESTE/CENTRO-OESTE;SUL;4529.617
2025-06-18 11:00:00;SUDESTE/CENTRO-OESTE;SUL;4115.731
2025-06-18 12:00:00;SUDESTE/CENTRO-OESTE;SUL;4374.503
2025-06-18 13:00:00;SUDESTE/CENTRO-OESTE;SUL;4295.262
2025-06-18 14:00:00;SUDESTE/CENTRO-OESTE;SUL;3817.872
2025-06-18 15:00:00;SUDESTE/CENTRO-OESTE;SUL;4153.831
2025-06-18 16:00:00;SUDESTE/CENTRO-OESTE;SUL;4724.328
2025-06-18 17:00:00;SUDESTE/CENTRO-OESTE;SUL;5560.526
2025-06-18 18:00:00;SUDESTE/CENTRO-OESTE;SUL;5522.232
2025-06-18 19:00:00;SUDESTE/CENTRO-OESTE;SUL;5082.02
2025-06-18 20:00:00;SUDESTE/CENTRO-OESTE;SUL;4473.89999999
2025-06-18 21:00:00;SUDESTE/CENTRO-OESTE;SUL;4465.0
2025-06-18 22:00:00;SUDESTE/CENTRO-OESTE;SUL;5064.079
2025-06-18 23:00:00;SUDESTE/CENTRO-OESTE;SUL;5921.205
2025-06-19 00:00:00;SUDESTE/CENTRO-OESTE;SUL;6043.055
2025-06-19 01:00:00;SUDESTE/CENTRO-OESTE;SUL;5723.684
2025-06-19 02:00:00;SUDESTE/CENTRO-OESTE;SUL;5647.08
2025-06-19 03:00:00;SUDESTE/CENTRO-OESTE;SUL;5687.304
2025-06-19 04:00:00;SUDESTE/CENTRO-OESTE;SUL;5986.112
2025-06-19 05:00:00;SUDESTE/CENTRO-OESTE;SUL;5990.392
2025-06-19 06:00:00;SUDESTE/CENTRO-OESTE;SUL;5651.97
2025-06-19 07:00:00;SUDESTE/CENTRO-OESTE;SUL;5521.186
2025-06-19 08:00:00;SUDESTE/CENTRO-OESTE;SUL;5954.163
2025-06-19 09:00:00;SUDESTE/CENTRO-OESTE;SUL;5978.677
2025-06-19 10:00:00;SUDESTE/CENTRO-OESTE;SUL;6069.056
2025-06-19 11:00:00;SUDESTE/CENTRO-OESTE;SUL;6191.048
2025-06-19 12:00:00;SUDESTE/CENTRO-OESTE;SUL;5976.553
2025-06-19 13:00:00;SUDESTE/CENTRO-OESTE;SUL;5988.375
2025-06-19 14:00:00;SUDESTE/CENTRO-OESTE;SUL;6129.396
2025-06-19 15:00:00;SUDESTE/CENTRO-OESTE;SUL;6004.366
2025-06-19 16:00:00;SUDESTE/CENTRO-OESTE;SUL;6178.581
2025-06-19 17:00:00;SUDESTE/CENTRO-OESTE;SUL;6308.075
2025-06-19 18:00:00;SUDESTE/CENTRO-OESTE;SUL;5955.567
2025-06-19 19:00:00;SUDESTE/CENTRO-OESTE;SUL;5775.999
2025-06-19 20:00:00;SUDESTE/CENTRO-OESTE;SUL;5342.5
2025-06-19 21:00:00;SUDESTE/CENTRO-OESTE;SUL;5033.464
2025-06-19 22:00:00;SUDESTE/CENTRO-OESTE;SUL;5080.439
2025-06-19 23:00:00;SUDESTE/CENTRO-OESTE;SUL;5204.444
2025-06-20 00:00:00;SUDESTE/CENTRO-OESTE;SUL;5111.691
2025-06-20 01:00:00;SUDESTE/CENTRO-OESTE;SUL;4798.85499999
2025-06-20 02:00:00;SUDESTE/CENTRO-OESTE;SUL;4771.213
2025-06-20 03:00:00;SUDESTE/CENTRO-OESTE;SUL;4456.732
2025-06-20 04:00:00;SUDESTE/CENTRO-OESTE;SUL;4257.35999999
2025-06-20 05:00:00;SUDESTE/CENTRO-OESTE;SUL;4604.22099999
2025-06-20 06:00:00;SUDESTE/CENTRO-OESTE;SUL;5833.319
2025-06-20 07:00:00;SUDESTE/CENTRO-OESTE;SUL;5889.492
2025-06-20 08:00:00;SUDESTE/CENTRO-OESTE;SUL;5896.092
2025-06-20 09:00:00;SUDESTE/CENTRO-OESTE;SUL;6115.971
2025-06-20 10:00:00;SUDESTE/CENTRO-OESTE;SUL;6167.485
2025-06-20 11:00:00;SUDESTE/CENTRO-OESTE;SUL;5716.728
2025-06-20 12:00:00;SUDESTE/CENTRO-OESTE;SUL;4956.804
2025-06-20 13:00:00;SUDESTE/CENTRO-OESTE;SUL;5540.409
2025-06-20 14:00:00;SUDESTE/CENTRO-OESTE;SUL;5841.986
2025-06-20 15:00:00;SUDESTE/CENTRO-OESTE;SUL;5630.393
2025-06-20 16:00:00;SUDESTE/CENTRO-OESTE;SUL;4840.894
2025-06-20 17:00:00;SUDESTE/CENTRO-OESTE;SUL;4896.358
2025-06-20 18:00:00;SUDESTE/CENTRO-OESTE;SUL;5198.357
2025-06-20 19:00:00;SUDESTE/CENTRO-OESTE;SUL;4061.326
2025-06-20 20:00:00;SUDESTE/CENTRO-OESTE;SUL;2793.04
2025-06-20 21:00:00;SUDESTE/CENTRO-OESTE;SUL;2067.875
2025-06-20 22:00:00;SUDESTE/CENTRO-OESTE;SUL;1797.899
2025-06-20 23:00:00;SUDESTE/CENTRO-OESTE;SUL;1737.314
2025-06-21 00:00:00;SUDESTE/CENTRO-OESTE;SUL;960.612
2025-06-21 01:00:00;SUDESTE/CENTRO-OESTE;SUL;1083.662
2025-06-21 02:00:00;SUDESTE/CENTRO-OESTE;SUL;841.437
2025-06-21 03:00:00;SUDESTE/CENTRO-OESTE;SUL;746.341
2025-06-21 04:00:00;SUDESTE/CENTRO-OESTE;SUL;1108.521
2025-06-21 05:00:00;SUDESTE/CENTRO-OESTE;SUL;1334.232
2025-06-21 06:00:00;SUDESTE/CENTRO-OESTE;SUL;1927.592
2025-06-21 07:00:00;SUDESTE/CENTRO-OESTE;SUL;2258.939
2025-06-21 08:00:00;SUDESTE/CENTRO-OESTE;SUL;2525.042
2025-06-21 09:00:00;SUDESTE/CENTRO-OESTE;SUL;2566.15099999
2025-06-21 10:00:00;SUDESTE/CENTRO-OESTE;SUL;2676.25799999
2025-06-21 11:00:00;SUDESTE/CENTRO-OESTE;SUL;2983.696
2025-06-21 12:00:00;SUDESTE/CENTRO-OESTE;SUL;2965.491
2025-06-21 13:00:00;SUDESTE/CENTRO-OESTE;SUL;2882.606
2025-06-21 14:00:00;SUDESTE/CENTRO-OESTE;SUL;3364.782
2025-06-21 15:00:00;SUDESTE/CENTRO-OESTE;SUL;2875.617
2025-06-21 16:00:00;SUDESTE/CENTRO-OESTE;SUL;1839.838
2025-06-21 17:00:00;SUDESTE/CENTRO-OESTE;SUL;677.313
2025-06-21 18:00:00;SUDESTE/CENTRO-OESTE;SUL;1665.887
2025-06-21 19:00:00;SUDESTE/CENTRO-OESTE;SUL;919.437
2025-06-21 20:00:00;SUDESTE/CENTRO-OESTE;SUL;748.143
2025-06-21 21:00:00;SUDESTE/CENTRO-OESTE;SUL;1216.171
2025-06-21 22:00:00;SUDESTE/CENTRO-OESTE;SUL;1163.137
2025-06-21 23:00:00;SUDESTE/CENTRO-OESTE;SUL;320.503
2025-06-22 00:00:00;SUDESTE/CENTRO-OESTE;SUL;-1457.79
2025-06-22 01:00:00;SUDESTE/CENTRO-OESTE;SUL;-1788.776
2025-06-22 02:00:00;SUDESTE/CENTRO-OESTE;SUL;-1724.464
2025-06-22 03:00:00;SUDESTE/CENTRO-OESTE;SUL;-1528.067
2025-06-22 04:00:00;SUDESTE/CENTRO-OESTE;SUL;-1144.43
2025-06-22 05:00:00;SUDESTE/CENTRO-OESTE;SUL;-1099.232
2025-06-22 06:00:00;SUDESTE/CENTRO-OESTE;SUL;-1154.305
2025-06-22 07:00:00;SUDESTE/CENTRO-OESTE;SUL;863.791
2025-06-22 08:00:00;SUDESTE/CENTRO-OESTE;SUL;1807.809
2025-06-22 09:00:00;SUDESTE/CENTRO-OESTE;SUL;1678.185
2025-06-22 10:00:00;SUDESTE/CENTRO-OESTE;SUL;2017.943
2025-06-22 11:00:00;SUDESTE/CENTRO-OESTE;SUL;2349.216
2025-06-22 12:00:00;SUDESTE/CENTRO-OESTE;SUL;2410.766
2025-06-22 13:00:00;SUDESTE/CENTRO-OESTE;SUL;2671.135
2025-06-22 14:00:00;SUDESTE/CENTRO-OESTE;SUL;2644.166
2025-06-22 15:00:00;SUDESTE/CENTRO-OESTE;SUL;2816.516
2025-06-22 16:00:00;SUDESTE/CENTRO-OESTE;SUL;2432.371
2025-06-22 17:00:00;SUDESTE/CENTRO-OESTE;SUL;1290.095
2025-06-22 18:00:00;SUDESTE/CENTRO-OESTE;SUL;1758.927
2025-06-22 19:00:00;SUDESTE/CENTRO-OESTE;SUL;1880.424
2025-06-22 20:00:00;SUDESTE/CENTRO-OESTE;SUL;1108.455
2025-06-22 21:00:00;SUDESTE/CENTRO-OESTE;SUL;324.344
2025-06-22 22:00:00;SUDESTE/CENTRO-OESTE;SUL;125.002
2025-06-22 23:00:00;SUDESTE/CENTRO-OESTE;SUL;-114.132
2025-06-23 00:00:00;SUDESTE/CENTRO-OESTE;SUL;1236.051
2025-06-23 01:00:00;SUDESTE/CENTRO-OESTE;SUL;2028.936
2025-06-23 02:00:00;SUDESTE/CENTRO-OESTE;SUL;2360.539
2025-06-23 03:00:00;SUDESTE/CENTRO-OESTE;SUL;2346.602
2025-06-23 04:00:00;SUDESTE/CENTRO-OESTE;SUL;1334.895
2025-06-23 05:00:00;SUDESTE/CENTRO-OESTE;SUL;966.321
2025-06-23 06:00:00;SUDESTE/CENTRO-OESTE;SUL;2014.023
2025-06-23 07:00:00;SUDESTE/CENTRO-OESTE;SUL;2823.318
2025-06-23 08:00:00;SUDESTE/CENTRO-OESTE;SUL;3100.381
2025-06-23 09:00:00;SUDESTE/CENTRO-OESTE;SUL;2825.824
2025-06-23 10:00:00;SUDESTE/CENTRO-OESTE;SUL;2264.429
2025-06-23 11:00:00;SUDESTE/CENTRO-OESTE;SUL;1795.319
2025-06-23 12:00:00;SUDESTE/CENTRO-OESTE;SUL;1306.24
2025-06-23 13:00:00;SUDESTE/CENTRO-OESTE;SUL;1515.918
2025-06-23 14:00:00;SUDESTE/CENTRO-OESTE;SUL;1866.421
2025-06-23 15:00:00;SUDESTE/CENTRO-OESTE;SUL;1552.509
2025-06-23 16:00:00;SUDESTE/CENTRO-OESTE;SUL;1237.91699999
2025-06-23 17:00:00;SUDESTE/CENTRO-OESTE;SUL;1306.758
2025-06-23 18:00:00;SUDESTE/CENTRO-OESTE;SUL;2327.131
2025-06-23 19:00:00;SUDESTE/CENTRO-OESTE;SUL;2995.908
2025-06-23 20:00:00;SUDESTE/CENTRO-OESTE;SUL;1787.903
2025-06-23 21:00:00;SUDESTE/CENTRO-OESTE;SUL;973.802
2025-06-23 22:00:00;SUDESTE/CENTRO-OESTE;SUL;676.27099999
2025-06-23 23:00:00;SUDESTE/CENTRO-OESTE;SUL;324.13799999
2025-06-24 00:00:00;SUDESTE/CENTRO-OESTE;SUL;-311.865
2025-06-24 01:00:00;SUDESTE/CENTRO-OESTE;SUL;-637.842
2025-06-24 02:00:00;SUDESTE/CENTRO-OESTE;SUL;-665.761
2025-06-24 03:00:00;SUDESTE/CENTRO-OESTE;SUL;-1484.535
2025-06-24 04:00:00;SUDESTE/CENTRO-OESTE;SUL;-2363.786
2025-06-24 05:00:00;SUDESTE/CENTRO-OESTE;SUL;-3105.72
2025-06-24 06:00:00;SUDESTE/CENTRO-OESTE;SUL;-2462.051
2025-06-24 07:00:00;SUDESTE/CENTRO-OESTE;SUL;-1023.479
2025-06-24 08:00:00;SUDESTE/CENTRO-OESTE;SUL;-368.804
2025-06-24 09:00:00;SUDESTE/CENTRO-OESTE;SUL;-711.72
2025-06-24 10:00:00;SUDESTE/CENTRO-OESTE;SUL;371.027
2025-06-24 11:00:00;SUDESTE/CENTRO-OESTE;SUL;131.778
2025-06-24 12:00:00;SUDESTE/CENTRO-OESTE;SUL;240.938
2025-06-24 13:00:00;SUDESTE/CENTRO-OESTE;SUL;388.16
2025-06-24 14:00:00;SUDESTE/CENTRO-OESTE;SUL;-5.15599999
2025-06-24 15:00:00;SUDESTE/CENTRO-OESTE;SUL;-776.647
2025-06-24 16:00:00;SUDESTE/CENTRO-OESTE;SUL;-1012.976
2025-06-24 17:00:00;SUDESTE/CENTRO-OESTE;SUL;663.84
2025-06-24 18:00:00;SUDESTE/CENTRO-OESTE;SUL;2304.318
2025-06-24 19:00:00;SUDESTE/CENTRO-OESTE;SUL;2967.212
2025-06-24 20:00:00;SUDESTE/CENTRO-OESTE;SUL;2262.784
2025-06-24 21:00:00;SUDESTE/CENTRO-OESTE;SUL;1485.273
2025-06-24 22:00:00;SUDESTE/CENTRO-OESTE;SUL;459.99
2025-06-24 23:00:00;SUDESTE/CENTRO-OESTE;SUL;15.515
2025-06-25 00:00:00;SUDESTE/CENTRO-OESTE;SUL;266.987
2025-06-25 01:00:00;SUDESTE/CENTRO-OESTE;SUL;315.539
2025-06-25 02:00:00;SUDESTE/CENTRO-OESTE;SUL;315.423
2025-06-25 03:00:00;SUDESTE/CENTRO-OESTE;SUL;710.033
2025-06-25 04:00:00;SUDESTE/CENTRO-OESTE;SUL;820.25
2025-06-25 05:00:00;SUDESTE/CENTRO-OESTE;SUL;-443.657
2025-06-25 06:00:00;SUDESTE/CENTRO-OESTE;SUL;-1305.74
2025-06-25 07:00:00;SUDESTE/CENTRO-OESTE;SUL;1157.487
2025-06-25 08:00:00;SUDESTE/CENTRO-OESTE;SUL;2546.385
2025-06-25 09:00:00;SUDESTE/CENTRO-OESTE;SUL;2331.647
2025-06-25 10:00:00;SUDESTE/CENTRO-OESTE;SUL;2813.445
2025-06-25 11:00:00;SUDESTE/CENTRO-OESTE;SUL;2407.985
2025-06-25 12:00:00;SUDESTE/CENTRO-OESTE;SUL;1728.699
2025-06-25 13:00:00;SUDESTE/CENTRO-OESTE;SUL;1425.237
2025-06-25 14:00:00;SUDESTE/CENTRO-OESTE;SUL;1170.775
2025-06-25 15:00:00;SUDESTE/CENTRO-OESTE;SUL;440.72
2025-06-25 16:00:00;SUDESTE/CENTRO-OESTE;SUL;-3.383
2025-06-25 17:00:00;SUDESTE/CENTRO-OESTE;SUL;798.218
2025-06-25 18:00:00;SUDESTE/CENTRO-OESTE;SUL;2247.902
2025-06-25 19:00:00;SUDESTE/CENTRO-OESTE;SUL;2067.167
2025-06-25 20:00:00;SUDESTE/CENTRO-OESTE;SUL;1319.679
2025-06-25 21:00:00;SUDESTE/CENTRO-OESTE;SUL;874.073
2025-06-25 22:00:00;SUDESTE/CENTRO-OESTE;SUL;-301.617
2025-06-25 23:00:00;SUDESTE/CENTRO-OESTE;SUL;-165.59
2025-06-26 00:00:00;SUDESTE/CENTRO-OESTE;SUL;827.922
2025-06-26 01:00:00;SUDESTE/CENTRO-OESTE;SUL;1817.951
2025-06-26 02:00:00;SUDESTE/CENTRO-OESTE;SUL;2376.30499999
2025-06-26 03:00:00;SUDESTE/CENTRO-OESTE;SUL;2408.226
2025-06-26 04:00:00;SUDESTE/CENTRO-OESTE;SUL;2606.83
2025-06-26 05:00:00;SUDESTE/CENTRO-OESTE;SUL;1561.826
2025-06-26 06:00:00;SUDESTE/CENTRO-OESTE;SUL;1062.285
2025-06-26 07:00:00;SUDESTE/CENTRO-OESTE;SUL;2924.658
2025-06-26 08:00:00;SUDESTE/CENTRO-OESTE;SUL;4473.893
2025-06-26 09:00:00;SUDESTE/CENTRO-OESTE;SUL;5682.658
2025-06-26 10:00:00;SUDESTE/CENTRO-OESTE;SUL;5564.108
2025-06-26 11:00:00;SUDESTE/CENTRO-OESTE;SUL;4062.948
2025-06-26 12:00:00;SUDESTE/CENTRO-OESTE;SUL;3793.269
2025-06-26 13:00:00;SUDESTE/CENTRO-OESTE;SUL;3633.37
2025-06-26 14:00:00;SUDESTE/CENTRO-OESTE;SUL;3106.595
2025-06-26 15:00:00;SUDESTE/CENTRO-OESTE;SUL;3108.272
2025-06-26 16:00:00;SUDESTE/CENTRO-OESTE;SUL;2669.498
2025-06-26 17:00:00;SUDESTE/CENTRO-OESTE;SUL;2673.387
2025-06-26 18:00:00;SUDESTE/CENTRO-OESTE;SUL;3579.145
2025-06-26 19:00:00;SUDESTE/CENTRO-OESTE;SUL;3430.607
2025-06-26 20:00:00;SUDESTE/CENTRO-OESTE;SUL;2311.884
2025-06-26 21:00:00;SUDESTE/CENTRO-OESTE;SUL;1111.315
2025-06-26 22:00:00;SUDESTE/CENTRO-OESTE;SUL;234.444
2025-06-26 23:00:00;SUDESTE/CENTRO-OESTE;SUL;32.43399999
2025-06-27 00:00:00;SUDESTE/CENTRO-OESTE;SUL;1017.498
2025-06-27 01:00:00;SUDESTE/CENTRO-OESTE;SUL;1839.328
2025-06-27 02:00:00;SUDESTE/CENTRO-OESTE;SUL;1455.905
2025-06-27 03:00:00;SUDESTE/CENTRO-OESTE;SUL;1221.11999999
2025-06-27 04:00:00;SUDESTE/CENTRO-OESTE;SUL;139.832
2025-06-27 05:00:00;SUDESTE/CENTRO-OESTE;SUL;-1417.611
2025-06-27 06:00:00;SUDESTE/CENTRO-OESTE;SUL;-1237.078
2025-06-27 07:00:00;SUDESTE/CENTRO-OESTE;SUL;788.45
2025-06-27 08:00:00;SUDESTE/CENTRO-OESTE;SUL;3184.929
2025-06-27 09:00:00;SUDESTE/CENTRO-OESTE;SUL;4612.89099999
2025-06-27 10:00:00;SUDESTE/CENTRO-OESTE;SUL;4362.819
2025-06-27 11:00:00;SUDESTE/CENTRO-OESTE;SUL;4291.544
2025-06-27 12:00:00;SUDESTE/CENTRO-OESTE;SUL;4481.116
2025-06-27 13:00:00;SUDESTE/CENTRO-OESTE;SUL;3836.875
2025-06-27 14:00:00;SUDESTE/CENTRO-OESTE;SUL;2672.788
2025-06-27 15:00:00;SUDESTE/CENTRO-OESTE;SUL;1839.249
2025-06-27 16:00:00;SUDESTE/CENTRO-OESTE;SUL;991.298
2025-06-27 17:00:00;SUDESTE/CENTRO-OESTE;SUL;940.452
2025-06-27 18:00:00;SUDESTE/CENTRO-OESTE;SUL;2130.48999999
2025-06-27 19:00:00;SUDESTE/CENTRO-OESTE;SUL;1671.802
2025-06-27 20:00:00;SUDESTE/CENTRO-OESTE;SUL;912.152
2025-06-27 21:00:00;SUDESTE/CENTRO-OESTE;SUL;275.312
2025-06-27 22:00:00;SUDESTE/CENTRO-OESTE;SUL;-364.855
2025-06-27 23:00:00;SUDESTE/CENTRO-OESTE;SUL;-630.385
2025-06-28 00:00:00;SUDESTE/CENTRO-OESTE;SUL;-1895.663
2025-06-28 01:00:00;SUDESTE/CENTRO-OESTE;SUL;-2082.449
2025-06-28 02:00:00;SUDESTE/CENTRO-OESTE;SUL;-1389.558
2025-06-28 03:00:00;SUDESTE/CENTRO-OESTE;SUL;-162.172
2025-06-28 04:00:00;SUDESTE/CENTRO-OESTE;SUL;-473.384
2025-06-28 05:00:00;SUDESTE/CENTRO-OESTE;SUL;-1217.068
2025-06-28 06:00:00;SUDESTE/CENTRO-OESTE;SUL;-458.421
2025-06-28 07:00:00;SUDESTE/CENTRO-OESTE;SUL;1435.843
2025-06-28 08:00:00;SUDESTE/CENTRO-OESTE;SUL;1737.244
2025-06-28 09:00:00;SUDESTE/CENTRO-OESTE;SUL;2906.484
2025-06-28 10:00:00;SUDESTE/CENTRO-OESTE;SUL;4368.68999999
2025-06-28 11:00:00;SUDESTE/CENTRO-OESTE;SUL;4839.192
2025-06-28 12:00:00;SUDESTE/CENTRO-OESTE;SUL;5153.304
2025-06-28 13:00:00;SUDESTE/CENTRO-OESTE;SUL;5169.95799999
2025-06-28 14:00:00;SUDESTE/CENTRO-OESTE;SUL;3684.245
2025-06-28 15:00:00;SUDESTE/CENTRO-OESTE;SUL;2138.166
2025-06-28 16:00:00;SUDESTE/CENTRO-OESTE;SUL;1456.779
2025-06-28 17:00:00;SUDESTE/CENTRO-OESTE;SUL;38.69
2025-06-28 18:00:00;SUDESTE/CENTRO-OESTE;SUL;59.752
2025-06-28 19:00:00;SUDESTE/CENTRO-OESTE;SUL;-825.477
2025-06-28 20:00:00;SUDESTE/CENTRO-OESTE;SUL;-1433.238
2025-06-28 21:00:00;SUDESTE/CENTRO-OESTE;SUL;-2016.387
2025-06-28 22:00:00;SUDESTE/CENTRO-OESTE;SUL;-2329.742
2025-06-28 23:00:00;SUDESTE/CENTRO-OESTE;SUL;-1583.648
2025-06-29 00:00:00;SUDESTE/CENTRO-OESTE;SUL;-1526.051
2025-06-29 01:00:00;SUDESTE/CENTRO-OESTE;SUL;-1877.835
2025-06-29 02:00:00;SUDESTE/CENTRO-OESTE;SUL;-1262.047
2025-06-29 03:00:00;SUDESTE/CENTRO-OESTE;SUL;5.498
2025-06-29 04:00:00;SUDESTE/CENTRO-OESTE;SUL;-880.238
2025-06-29 05:00:00;SUDESTE/CENTRO-OESTE;SUL;-1304.863
2025-06-29 06:00:00;SUDESTE/CENTRO-OESTE;SUL;-1066.10899999
2025-06-29 07:00:00;SUDESTE/CENTRO-OESTE;SUL;146.499
2025-06-29 08:00:00;SUDESTE/CENTRO-OESTE;SUL;968.128
2025-06-29 09:00:00;SUDESTE/CENTRO-OESTE;SUL;1842.547
2025-06-29 10:00:00;SUDESTE/CENTRO-OESTE;SUL;2382.021
2025-06-29 11:00:00;SUDESTE/CENTRO-OESTE;SUL;2490.84499999
2025-06-29 12:00:00;SUDESTE/CENTRO-OESTE;SUL;2247.699
2025-06-29 13:00:00;SUDESTE/CENTRO-OESTE;SUL;1993.46
2025-06-29 14:00:00;SUDESTE/CENTRO-OESTE;SUL;600.15
2025-06-29 15:00:00;SUDESTE/CENTRO-OESTE;SUL;-880.001
2025-06-29 16:00:00;SUDESTE/CENTRO-OESTE;SUL;-2809.684
2025-06-29 17:00:00;SUDESTE/CENTRO-OESTE;SUL;-2598.003
2025-06-29 18:00:00;SUDESTE/CENTRO-OESTE;SUL;-1568.854
2025-06-29 19:00:00;SUDESTE/CENTRO-OESTE;SUL;-735.822
2025-06-29 20:00:00;SUDESTE/CENTRO-OESTE;SUL;-1337.161
2025-06-29 21:00:00;SUDESTE/CENTRO-OESTE;SUL;-1888.466
2025-06-29 22:00:00;SUDESTE/CENTRO-OESTE;SUL;-2064.74899999
2025-06-29 23:00:00;SUDESTE/CENTRO-OESTE;SUL;-1816.28
2025-06-30 00:00:00;SUDESTE/CENTRO-OESTE;SUL;-1778.641
2025-06-30 01:00:00;SUDESTE/CENTRO-OESTE;SUL;-1482.197
2025-06-30 02:00:00;SUDESTE/CENTRO-OESTE;SUL;-1134.111
2025-06-30 03:00:00;SUDESTE/CENTRO-OESTE;SUL;-883.139
2025-06-30 04:00:00;SUDESTE/CENTRO-OESTE;SUL;-1485.827
2025-06-30 05:00:00;SUDESTE/CENTRO-OESTE;SUL;-2370.814
2025-06-30 06:00:00;SUDESTE/CENTRO-OESTE;SUL;-1669.096
2025-06-30 07:00:00;SUDESTE/CENTRO-OESTE;SUL;575.66999999
2025-06-30 08:00:00;SUDESTE/CENTRO-OESTE;SUL;2710.851
2025-06-30 09:00:00;SUDESTE/CENTRO-OESTE;SUL;3290.402
2025-06-30 10:00:00;SUDESTE/CENTRO-OESTE;SUL;3922.863
2025-06-30 11:00:00;SUDESTE/CENTRO-OESTE;SUL;4167.463
2025-06-30 12:00:00;SUDESTE/CENTRO-OESTE;SUL;4044.112
2025-06-30 13:00:00;SUDESTE/CENTRO-OESTE;SUL;3322.995
2025-06-30 14:00:00;SUDESTE/CENTRO-OESTE;SUL;2592.366
2025-06-30 15:00:00;SUDESTE/CENTRO-OESTE;SUL;2618.079
2025-06-30 16:00:00;SUDESTE/CENTRO-OESTE;SUL;1903.803
2025-06-30 17:00:00;SUDESTE/CENTRO-OESTE;SUL;2148.433
2025-06-30 18:00:00;SUDESTE/CENTRO-OESTE;SUL;3006.531
2025-06-30 19:00:00;SUDESTE/CENTRO-OESTE;SUL;3661.98
2025-06-30 20:00:00;SUDESTE/CENTRO-OESTE;SUL;3013.61
2025-06-30 21:00:00;SUDESTE/CENTRO-OESTE;SUL;2029.446
2025-06-30 22:00:00;SUDESTE/CENTRO-OESTE;SUL;656.453
2025-06-30 23:00:00;SUDESTE/CENTRO-OESTE;SUL;-1369.224
2025-07-01 00:00:00;SUDESTE/CENTRO-OESTE;SUL;-1605.852
2025-07-01 01:00:00;SUDESTE/CENTRO-OESTE;SUL;-1520.162
2025-07-01 02:00:00;SUDESTE/CENTRO-OESTE;SUL;-1001.597
2025-07-01 03:00:00;SUDESTE/CENTRO-OESTE;SUL;-1065.28299999
2025-07-01 04:00:00;SUDESTE/CENTRO-OESTE;SUL;-1535.717
2025-07-01 05:00:00;SUDESTE/CENTRO-OESTE;SUL;-1990.747
2025-07-01 06:00:00;SUDESTE/CENTRO-OESTE;SUL;-2374.35399999
2025-07-01 07:00:00;SUDESTE/CENTRO-OESTE;SUL;-241.241
2025-07-01 08:00:00;SUDESTE/CENTRO-OESTE;SUL;2812.325
2025-07-01 09:00:00;SUDESTE/CENTRO-OESTE;SUL;3791.784
2025-07-01 10:00:00;SUDESTE/CENTRO-OESTE;SUL;4086.96
2025-07-01 11:00:00;SUDESTE/CENTRO-OESTE;SUL;3071.915
2025-07-01 12:00:00;SUDESTE/CENTRO-OESTE;SUL;3009.402
2025-07-01 13:00:00;SUDESTE/CENTRO-OESTE;SUL;3386.899
2025-07-01 14:00:00;SUDESTE/CENTRO-OESTE;SUL;2772.461
2025-07-01 15:00:00;SUDESTE/CENTRO-OESTE;SUL;2121.934
2025-07-01 16:00:00;SUDESTE/CENTRO-OESTE;SUL;1578.153
2025-07-01 17:00:00;SUDESTE/CENTRO-OESTE;SUL;2039.005
2025-07-01 18:00:00;SUDESTE/CENTRO-OESTE;SUL;3553.729
2025-07-01 19:00:00;SUDESTE/CENTRO-OESTE;SUL;3732.968
2025-07-01 20:00:00;SUDESTE/CENTRO-OESTE;SUL;3074.026
2025-07-01 21:00:00;SUDESTE/CENTRO-OESTE;SUL;1928.916
2025-07-01 22:00:00;SUDESTE/CENTRO-OESTE;SUL;384.221
2025-07-01 23:00:00;SUDESTE/CENTRO-OESTE;SUL;-817.801
2025-07-02 00:00:00;SUDESTE/CENTRO-OESTE;SUL;49.91
2025-07-02 01:00:00;SUDESTE/CENTRO-OESTE;SUL;1440.557
2025-07-02 02:00:00;SUDESTE/CENTRO-OESTE;SUL;1958.874
2025-07-02 03:00:00;SUDESTE/CENTRO-OESTE;SUL;1698.459
2025-07-02 04:00:00;SUDESTE/CENTRO-OESTE;SUL;1791.345
2025-07-02 05:00:00;SUDESTE/CENTRO-OESTE;SUL;1085.074
2025-07-02 06:00:00;SUDESTE/CENTRO-OESTE;SUL;534.77
2025-07-02 07:00:00;SUDESTE/CENTRO-OESTE;SUL;3379.473
2025-07-02 08:00:00;SUDESTE/CENTRO-OESTE;SUL;4919.52499999
2025-07-02 09:00:00;SUDESTE/CENTRO-OESTE;SUL;5718.017
2025-07-02 10:00:00;SUDESTE/CENTRO-OESTE;SUL;5061.091
2025-07-02 11:00:00;SUDESTE/CENTRO-OESTE;SUL;4253.242
2025-07-02 12:00:00;SUDESTE/CENTRO-OESTE;SUL;3822.715
2025-07-02 13:00:00;SUDESTE/CENTRO-OESTE;SUL;3541.254
2025-07-02 14:00:00;SUDESTE/CENTRO-OESTE;SUL;2421.67999999
2025-07-02 15:00:00;SUDESTE/CENTRO-OESTE;SUL;1287.076
2025-07-02 16:00:00;SUDESTE/CENTRO-OESTE;SUL;1735.453
2025-07-02 17:00:00;SUDESTE/CENTRO-OESTE;SUL;2728.107
2025-07-02 18:00:00;SUDESTE/CENTRO-OESTE;SUL;4380.724
2025-07-02 19:00:00;SUDESTE/CENTRO-OESTE;SUL;4708.733
2025-07-02 20:00:00;SUDESTE/CENTRO-OESTE;SUL;4006.503
2025-07-02 21:00:00;SUDESTE/CENTRO-OESTE;SUL;2534.704
2025-07-02 22:00:00;SUDESTE/CENTRO-OESTE;SUL;1340.702
2025-07-02 23:00:00;SUDESTE/CENTRO-OESTE;SUL;153.535
2025-07-03 00:00:00;SUDESTE/CENTRO-OESTE;SUL;710.947
2025-07-03 01:00:00;SUDESTE/CENTRO-OESTE;SUL;1944.387
2025-07-03 02:00:00;SUDESTE/CENTRO-OESTE;SUL;2010.902
2025-07-03 03:00:00;SUDESTE/CENTRO-OESTE;SUL;2460.46799999
2025-07-03 04:00:00;SUDESTE/CENTRO-OESTE;SUL;2071.599
2025-07-03 05:00:00;SUDESTE/CENTRO-OESTE;SUL;1483.396
2025-07-03 06:00:00;SUDESTE/CENTRO-OESTE;SUL;922.682
2025-07-03 07:00:00;SUDESTE/CENTRO-OESTE;SUL;2490.431
2025-07-03 08:00:00;SUDESTE/CENTRO-OESTE;SUL;3455.595
2025-07-03 09:00:00;SUDESTE/CENTRO-OESTE;SUL;4563.059
2025-07-03 10:00:00;SUDESTE/CENTRO-OESTE;SUL;4783.45
2025-07-03 11:00:00;SUDESTE/CENTRO-OESTE;SUL;5112.148
2025-07-03 12:00:00;SUDESTE/CENTRO-OESTE;SUL;5591.826
2025-07-03 13:00:00;SUDESTE/CENTRO-OESTE;SUL;4827.12299999
2025-07-03 14:00:00;SUDESTE/CENTRO-OESTE;SUL;4225.647
2025-07-03 15:00:00;SUDESTE/CENTRO-OESTE;SUL;4678.287
2025-07-03 16:00:00;SUDESTE/CENTRO-OESTE;SUL;2673.219
2025-07-03 17:00:00;SUDESTE/CENTRO-OESTE;SUL;2192.25
2025-07-03 18:00:00;SUDESTE/CENTRO-OESTE;SUL;3267.85
2025-07-03 19:00:00;SUDESTE/CENTRO-OESTE;SUL;3186.404
2025-07-03 20:00:00;SUDESTE/CENTRO-OESTE;SUL;2536.535
2025-07-03 21:00:00;SUDESTE/CENTRO-OESTE;SUL;1565.995
2025-07-03 22:00:00;SUDESTE/CENTRO-OESTE;SUL;204.966
2025-07-03 23:00:00;SUDESTE/CENTRO-OESTE;SUL;-1061.407
2025-07-04 00:00:00;SUDESTE/CENTRO-OESTE;SUL;-1229.671
2025-07-04 01:00:00;SUDESTE/CENTRO-OESTE;SUL;101.523
2025-07-04 02:00:00;SUDESTE/CENTRO-OESTE;SUL;1248.16799999
2025-07-04 03:00:00;SUDESTE/CENTRO-OESTE;SUL;1838.911
2025-07-04 04:00:00;SUDESTE/CENTRO-OESTE;SUL;1783.825
2025-07-04 05:00:00;SUDESTE/CENTRO-OESTE;SUL;-23.005
2025-07-04 06:00:00;SUDESTE/CENTRO-OESTE;SUL;-814.614
2025-07-04 07:00:00;SUDESTE/CENTRO-OESTE;SUL;1715.694
2025-07-04 08:00:00;SUDESTE/CENTRO-OESTE;SUL;3590.724
2025-07-04 09:00:00;SUDESTE/CENTRO-OESTE;SUL;4807.158
2025-07-04 10:00:00;SUDESTE/CENTRO-OESTE;SUL;4917.053
2025-07-04 11:00:00;SUDESTE/CENTRO-OESTE;SUL;5683.455
2025-07-04 12:00:00;SUDESTE/CENTRO-OESTE;SUL;5295.745
2025-07-04 13:00:00;SUDESTE/CENTRO-OESTE;SUL;4767.1
2025-07-04 14:00:00;SUDESTE/CENTRO-OESTE;SUL;3989.723
2025-07-04 15:00:00;SUDESTE/CENTRO-OESTE;SUL;4296.691
2025-07-04 16:00:00;SUDESTE/CENTRO-OESTE;SUL;3408.577
2025-07-04 17:00:00;SUDESTE/CENTRO-OESTE;SUL;1988.23
2025-07-04 18:00:00;SUDESTE/CENTRO-OESTE;SUL;2047.305
2025-07-04 19:00:00;SUDESTE/CENTRO-OESTE;SUL;2496.09
2025-07-04 20:00:00;SUDESTE/CENTRO-OESTE;SUL;2653.259
2025-07-04 21:00:00;SUDESTE/CENTRO-OESTE;SUL;1045.52399999
2025-07-04 22:00:00;SUDESTE/CENTRO-OESTE;SUL;-1172.593
2025-07-04 23:00:00;SUDESTE/CENTRO-OESTE;SUL;-1890.209
2025-07-05 00:00:00;SUDESTE/CENTRO-OESTE;SUL;-1019.032
2025-07-05 01:00:00;SUDESTE/CENTRO-OESTE;SUL;-236.965
2025-07-05 02:00:00;SUDESTE/CENTRO-OESTE;SUL;999.02
2025-07-05 03:00:00;SUDESTE/CENTRO-OESTE;SUL;1786.773
2025-07-05 04:00:00;SUDESTE/CENTRO-OESTE;SUL;1731.472
2025-07-05 05:00:00;SUDESTE/CENTRO-OESTE;SUL;1675.943
2025-07-05 06:00:00;SUDESTE/CENTRO-OESTE;SUL;1485.444
2025-07-05 07:00:00;SUDESTE/CENTRO-OESTE;SUL;3466.789
2025-07-05 08:00:00;SUDESTE/CENTRO-OESTE;SUL;3755.613
2025-07-05 09:00:00;SUDESTE/CENTRO-OESTE;SUL;3383.067
2025-07-05 10:00:00;SUDESTE/CENTRO-OESTE;SUL;3110.633
2025-07-05 11:00:00;SUDESTE/CENTRO-OESTE;SUL;2262.55499999
2025-07-05 12:00:00;SUDESTE/CENTRO-OESTE;SUL;1592.662
2025-07-05 13:00:00;SUDESTE/CENTRO-OESTE;SUL;1245.67699999
2025-07-05 14:00:00;SUDESTE/CENTRO-OESTE;SUL;1223.02
2025-07-05 15:00:00;SUDESTE/CENTRO-OESTE;SUL;705.686
2025-07-05 16:00:00;SUDESTE/CENTRO-OESTE;SUL;627.44899999
2025-07-05 17:00:00;SUDESTE/CENTRO-OESTE;SUL;210.16
2025-07-05 18:00:00;SUDESTE/CENTRO-OESTE;SUL;310.197
2025-07-05 19:00:00;SUDESTE/CENTRO-OESTE;SUL;289.991
2025-07-05 20:00:00;SUDESTE/CENTRO-OESTE;SUL;13.654
2025-07-05 21:00:00;SUDESTE/CENTRO-OESTE;SUL;-1192.96
2025-07-05 22:00:00;SUDESTE/CENTRO-OESTE;SUL;-2515.416
2025-07-05 23:00:00;SUDESTE/CENTRO-OESTE;SUL;-3115.195
2025-07-06 00:00:00;SUDESTE/CENTRO-OESTE;SUL;-3247.484
2025-07-06 01:00:00;SUDESTE/CENTRO-OESTE;SUL;-1469.226
2025-07-06 02:00:00;SUDESTE/CENTRO-OESTE;SUL;-586.594
2025-07-06 03:00:00;SUDESTE/CENTRO-OESTE;SUL;-345.8
2025-07-06 04:00:00;SUDESTE/CENTRO-OESTE;SUL;-679.05499999
2025-07-06 05:00:00;SUDESTE/CENTRO-OESTE;SUL;-1035.095
2025-07-06 06:00:00;SUDESTE/CENTRO-OESTE;SUL;296.105
2025-07-06 07:00:00;SUDESTE/CENTRO-OESTE;SUL;2079.58399999
2025-07-06 08:00:00;SUDESTE/CENTRO-OESTE;SUL;3129.216
2025-07-06 09:00:00;SUDESTE/CENTRO-OESTE;SUL;2683.472
2025-07-06 10:00:00;SUDESTE/CENTRO-OESTE;SUL;2497.064
2025-07-06 11:00:00;SUDESTE/CENTRO-OESTE;SUL;1811.191
2025-07-06 12:00:00;SUDESTE/CENTRO-OESTE;SUL;937.423
2025-07-06 13:00:00;SUDESTE/CENTRO-OESTE;SUL;901.189
2025-07-06 14:00:00;SUDESTE/CENTRO-OESTE;SUL;452.55
2025-07-06 15:00:00;SUDESTE/CENTRO-OESTE;SUL;1232.626
2025-07-06 16:00:00;SUDESTE/CENTRO-OESTE;SUL;2667.314
2025-07-06 17:00:00;SUDESTE/CENTRO-OESTE;SUL;1462.794
2025-07-06 18:00:00;SUDESTE/CENTRO-OESTE;SUL;927.312
2025-07-06 19:00:00;SUDESTE/CENTRO-OESTE;SUL;235.133
2025-07-06 20:00:00;SUDESTE/CENTRO-OESTE;SUL;-1196.73399999
2025-07-06 21:00:00;SUDESTE/CENTRO-OESTE;SUL;-1523.179
2025-07-06 22:00:00;SUDESTE/CENTRO-OESTE;SUL;-1568.551
2025-07-06 23:00:00;SUDESTE/CENTRO-OESTE;SUL;-1955.666
2025-07-07 00:00:00;SUDESTE/CENTRO-OESTE;SUL;167.291
2025-07-07 01:00:00;SUDESTE/CENTRO-OESTE;SUL;1628.431
2025-07-07 02:00:00;SUDESTE/CENTRO-OESTE;SUL;2020.418
2025-07-07 03:00:00;SUDESTE/CENTRO-OESTE;SUL;2162.726
2025-07-07 04:00:00;SUDESTE/CENTRO-OESTE;SUL;1927.67
2025-07-07 05:00:00;SUDESTE/CENTRO-OESTE;SUL;1640.551
2025-07-07 06:00:00;SUDESTE/CENTRO-OESTE;SUL;222.279
2025-07-07 07:00:00;SUDESTE/CENTRO-OESTE;SUL;2019.878
2025-07-07 08:00:00;SUDESTE/CENTRO-OESTE;SUL;4183.071
2025-07-07 09:00:00;SUDESTE/CENTRO-OESTE;SUL;3740.329
2025-07-07 10:00:00;SUDESTE/CENTRO-OESTE;SUL;3530.393
2025-07-07 11:00:00;SUDESTE/CENTRO-OESTE;SUL;3495.195
2025-07-07 12:00:00;SUDESTE/CENTRO-OESTE;SUL;2781.861
2025-07-07 13:00:00;SUDESTE/CENTRO-OESTE;SUL;2574.087
2025-07-07 14:00:00;SUDESTE/CENTRO-OESTE;SUL;3048.968
2025-07-07 15:00:00;SUDESTE/CENTRO-OESTE;SUL;2581.41199999
2025-07-07 16:00:00;SUDESTE/CENTRO-OESTE;SUL;2589.541
2025-07-07 17:00:00;SUDESTE/CENTRO-OESTE;SUL;3494.16
2025-07-07 18:00:00;SUDESTE/CENTRO-OESTE;SUL;2836.557
2025-07-07 19:00:00;SUDESTE/CENTRO-OESTE;SUL;2584.90099999
2025-07-07 20:00:00;SUDESTE/CENTRO-OESTE;SUL;1904.607
2025-07-07 21:00:00;SUDESTE/CENTRO-OESTE;SUL;1221.492
2025-07-07 22:00:00;SUDESTE/CENTRO-OESTE;SUL;-333.939
2025-07-07 23:00:00;SUDESTE/CENTRO-OESTE;SUL;-1515.41
2025-07-08 00:00:00;SUDESTE/CENTRO-OESTE;SUL;-1549.918
2025-07-08 01:00:00;SUDESTE/CENTRO-OESTE;SUL;66.923
2025-07-08 02:00:00;SUDESTE/CENTRO-OESTE;SUL;1163.355
2025-07-08 03:00:00;SUDESTE/CENTRO-OESTE;SUL;1247.426
2025-07-08 04:00:00;SUDESTE/CENTRO-OESTE;SUL;791.451
2025-07-08 05:00:00;SUDESTE/CENTRO-OESTE;SUL;-351.559
2025-07-08 06:00:00;SUDESTE/CENTRO-OESTE;SUL;-289.70299999
2025-07-08 07:00:00;SUDESTE/CENTRO-OESTE;SUL;1849.564
2025-07-08 08:00:00;SUDESTE/CENTRO-OESTE;SUL;2825.933
2025-07-08 09:00:00;SUDESTE/CENTRO-OESTE;SUL;3236.57
2025-07-08 10:00:00;SUDESTE/CENTRO-OESTE;SUL;2790.054
2025-07-08 11:00:00;SUDESTE/CENTRO-OESTE;SUL;2418.871
2025-07-08 12:00:00;SUDESTE/CENTRO-OESTE;SUL;1439.663
2025-07-08 13:00:00;SUDESTE/CENTRO-OESTE;SUL;1632.628
2025-07-08 14:00:00;SUDESTE/CENTRO-OESTE;SUL;2254.457
2025-07-08 15:00:00;SUDESTE/CENTRO-OESTE;SUL;1465.074
2025-07-08 16:00:00;SUDESTE/CENTRO-OESTE;SUL;283.973
2025-07-08 17:00:00;SUDESTE/CENTRO-OESTE;SUL;592.99
2025-07-08 18:00:00;SUDESTE/CENTRO-OESTE;SUL;2665.759
2025-07-08 19:00:00;SUDESTE/CENTRO-OESTE;SUL;2903.283
2025-07-08 20:00:00;SUDESTE/CENTRO-OESTE;SUL;2420.34
2025-07-08 21:00:00;SUDESTE/CENTRO-OESTE;SUL;1667.614
2025-07-08 22:00:00;SUDESTE/CENTRO-OESTE;SUL;772.41
2025-07-08 23:00:00;SUDESTE/CENTRO-OESTE;SUL;-527.642
2025-07-09 00:00:00;SUDESTE/CENTRO-OESTE;SUL;-694.676
2025-07-09 01:00:00;SUDESTE/CENTRO-OESTE;SUL;125.151
2025-07-09 02:00:00;SUDESTE/CENTRO-OESTE;SUL;454.098
2025-07-09 03:00:00;SUDESTE/CENTRO-OESTE;SUL;709.479
2025-07-09 04:00:00;SUDESTE/CENTRO-OESTE;SUL;725.231
2025-07-09 05:00:00;SUDESTE/CENTRO-OESTE;SUL;650.407
2025-07-09 06:00:00;SUDESTE/CENTRO-OESTE;SUL;711.154
2025-07-09 07:00:00;SUDESTE/CENTRO-OESTE;SUL;3090.103
2025-07-09 08:00:00;SUDESTE/CENTRO-OESTE;SUL;4026.057
2025-07-09 09:00:00;SUDESTE/CENTRO-OESTE;SUL;4306.577
2025-07-09 10:00:00;SUDESTE/CENTRO-OESTE;SUL;3888.299
2025-07-09 11:00:00;SUDESTE/CENTRO-OESTE;SUL;3609.686
2025-07-09 12:00:00;SUDESTE/CENTRO-OESTE;SUL;1993.789
2025-07-09 13:00:00;SUDESTE/CENTRO-OESTE;SUL;2126.192
2025-07-09 14:00:00;SUDESTE/CENTRO-OESTE;SUL;2756.752
2025-07-09 15:00:00;SUDESTE/CENTRO-OESTE;SUL;2267.717
2025-07-09 16:00:00;SUDESTE/CENTRO-OESTE;SUL;608.232
2025-07-09 17:00:00;SUDESTE/CENTRO-OESTE;SUL;1019.638
2025-07-09 18:00:00;SUDESTE/CENTRO-OESTE;SUL;2154.222
2025-07-09 19:00:00;SUDESTE/CENTRO-OESTE;SUL;1841.243
2025-07-09 20:00:00;SUDESTE/CENTRO-OESTE;SUL;1054.104
2025-07-09 21:00:00;SUDESTE/CENTRO-OESTE;SUL;361.435
2025-07-09 22:00:00;SUDESTE/CENTRO-OESTE;SUL;-313.652
2025-07-09 23:00:00;SUDESTE/CENTRO-OESTE;SUL;336.247
2025-07-10 00:00:00;SUDESTE/CENTRO-OESTE;SUL;265.63099999
2025-07-10 01:00:00;SUDESTE/CENTRO-OESTE;SUL;1085.69599999
2025-07-10 02:00:00;SUDESTE/CENTRO-OESTE;SUL;1389.519
2025-07-10 03:00:00;SUDESTE/CENTRO-OESTE;SUL;1733.07
2025-07-10 04:00:00;SUDESTE/CENTRO-OESTE;SUL;1715.291
2025-07-10 05:00:00;SUDESTE/CENTRO-OESTE;SUL;686.017
2025-07-10 06:00:00;SUDESTE/CENTRO-OESTE;SUL;-251.236
2025-07-10 07:00:00;SUDESTE/CENTRO-OESTE;SUL;1775.214
2025-07-10 08:00:00;SUDESTE/CENTRO-OESTE;SUL;3100.209
2025-07-10 09:00:00;SUDESTE/CENTRO-OESTE;SUL;4948.112
2025-07-10 10:00:00;SUDESTE/CENTRO-OESTE;SUL;4723.966
2025-07-10 11:00:00;SUDESTE/CENTRO-OESTE;SUL;3871.719
2025-07-10 12:00:00;SUDESTE/CENTRO-OESTE;SUL;2900.397
2025-07-10 13:00:00;SUDESTE/CENTRO-OESTE;SUL;2504.174
2025-07-10 14:00:00;SUDESTE/CENTRO-OESTE;SUL;2486.71999999
2025-07-10 15:00:00;SUDESTE/CENTRO-OESTE;SUL;2098.309
2025-07-10 16:00:00;SUDESTE/CENTRO-OESTE;SUL;2024.306
2025-07-10 17:00:00;SUDESTE/CENTRO-OESTE;SUL;2727.785
2025-07-10 18:00:00;SUDESTE/CENTRO-OESTE;SUL;4019.881
2025-07-10 19:00:00;SUDESTE/CENTRO-OESTE;SUL;3842.844
2025-07-10 20:00:00;SUDESTE/CENTRO-OESTE;SUL;2065.069
2025-07-10 21:00:00;SUDESTE/CENTRO-OESTE;SUL;1125.688
2025-07-10 22:00:00;SUDESTE/CENTRO-OESTE;SUL;178.629
2025-07-10 23:00:00;SUDESTE/CENTRO-OESTE;SUL;-340.386
2025-07-11 00:00:00;SUDESTE/CENTRO-OESTE;SUL;-629.458
2025-07-11 01:00:00;SUDESTE/CENTRO-OESTE;SUL;1003.806
2025-07-11 02:00:00;SUDESTE/CENTRO-OESTE;SUL;1986.363
2025-07-11 03:00:00;SUDESTE/CENTRO-OESTE;SUL;2889.516
2025-07-11 04:00:00;SUDESTE/CENTRO-OESTE;SUL;2781.341
2025-07-11 05:00:00;SUDESTE/CENTRO-OESTE;SUL;1431.176
2025-07-11 06:00:00;SUDESTE/CENTRO-OESTE;SUL;-734.372
2025-07-11 07:00:00;SUDESTE/CENTRO-OESTE;SUL;736.281
2025-07-11 08:00:00;SUDESTE/CENTRO-OESTE;SUL;2802.913
2025-07-11 09:00:00;SUDESTE/CENTRO-OESTE;SUL;3753.021
2025-07-11 10:00:00;SUDESTE/CENTRO-OESTE;SUL;3657.737
2025-07-11 11:00:00;SUDESTE/CENTRO-OESTE;SUL;3277.383
2025-07-11 12:00:00;SUDESTE/CENTRO-OESTE;SUL;3466.649
2025-07-11 13:00:00;SUDESTE/CENTRO-OESTE;SUL;3595.718
2025-07-11 14:00:00;SUDESTE/CENTRO-OESTE;SUL;1814.323
2025-07-11 15:00:00;SUDESTE/CENTRO-OESTE;SUL;2111.606
2025-07-11 16:00:00;SUDESTE/CENTRO-OESTE;SUL;1738.425
2025-07-11 17:00:00;SUDESTE/CENTRO-OESTE;SUL;2462.511
2025-07-11 18:00:00;SUDESTE/CENTRO-OESTE;SUL;3637.917
2025-07-11 19:00:00;SUDESTE/CENTRO-OESTE;SUL;1468.342
2025-07-11 20:00:00;SUDESTE/CENTRO-OESTE;SUL;636.80499999
2025-07-11 21:00:00;SUDESTE/CENTRO-OESTE;SUL;272.255
2025-07-11 22:00:00;SUDESTE/CENTRO-OESTE;SUL;-151.3
2025-07-11 23:00:00;SUDESTE/CENTRO-OESTE;SUL;-655.924
2025-07-12 00:00:00;SUDESTE/CENTRO-OESTE;SUL;-492.79
2025-07-12 01:00:00;SUDESTE/CENTRO-OESTE;SUL;-954.646
2025-07-12 02:00:00;SUDESTE/CENTRO-OESTE;SUL;-1723.7
2025-07-12 03:00:00;SUDESTE/CENTRO-OESTE;SUL;-866.485
2025-07-12 04:00:00;SUDESTE/CENTRO-OESTE;SUL;-433.845
2025-07-12 05:00:00;SUDESTE/CENTRO-OESTE;SUL;-681.277
2025-07-12 06:00:00;SUDESTE/CENTRO-OESTE;SUL;-1001.876
2025-07-12 07:00:00;SUDESTE/CENTRO-OESTE;SUL;713.505
2025-07-12 08:00:00;SUDESTE/CENTRO-OESTE;SUL;2135.657
2025-07-12 09:00:00;SUDESTE/CENTRO-OESTE;SUL;3018.76
2025-07-12 10:00:00;SUDESTE/CENTRO-OESTE;SUL;3244.658
2025-07-12 11:00:00;SUDESTE/CENTRO-OESTE;SUL;2852.047
2025-07-12 12:00:00;SUDESTE/CENTRO-OESTE;SUL;2317.764
2025-07-12 13:00:00;SUDESTE/CENTRO-OESTE;SUL;1831.888
2025-07-12 14:00:00;SUDESTE/CENTRO-OESTE;SUL;2263.434
2025-07-12 15:00:00;SUDESTE/CENTRO-OESTE;SUL;1516.559
2025-07-12 16:00:00;SUDESTE/CENTRO-OESTE;SUL;511.532
2025-07-12 17:00:00;SUDESTE/CENTRO-OESTE;SUL;-551.606
2025-07-12 18:00:00;SUDESTE/CENTRO-OESTE;SUL;423.152
2025-07-12 19:00:00;SUDESTE/CENTRO-OESTE;SUL;-578.573
2025-07-12 20:00:00;SUDESTE/CENTRO-OESTE;SUL;-2324.63299999
2025-07-12 21:00:00;SUDESTE/CENTRO-OESTE;SUL;-2901.092
2025-07-12 22:00:00;SUDESTE/CENTRO-OESTE;SUL;-3747.458
2025-07-12 23:00:00;SUDESTE/CENTRO-OESTE;SUL;-4267.115
2025-07-13 00:00:00;SUDESTE/CENTRO-OESTE;SUL;-3570.812
2025-07-13 01:00:00;SUDESTE/CENTRO-OESTE;SUL;-1837.162
2025-07-13 02:00:00;SUDESTE/CENTRO-OESTE;SUL;-221.048
2025-07-13 03:00:00;SUDESTE/CENTRO-OESTE;SUL;412.762
2025-07-13 04:00:00;SUDESTE/CENTRO-OESTE;SUL;259.582
2025-07-13 05:00:00;SUDESTE/CENTRO-OESTE;SUL;46.006
2025-07-13 06:00:00;SUDESTE/CENTRO-OESTE;SUL;1251.26399999
2025-07-13 07:00:00;SUDESTE/CENTRO-OESTE;SUL;2823.045
2025-07-13 08:00:00;SUDESTE/CENTRO-OESTE;SUL;2631.254
2025-07-13 09:00:00;SUDESTE/CENTRO-OESTE;SUL;1816.232
2025-07-13 10:00:00;SUDESTE/CENTRO-OESTE;SUL;1203.781
2025-07-13 11:00:00;SUDESTE/CENTRO-OESTE;SUL;689.923
2025-07-13 12:00:00;SUDESTE/CENTRO-OESTE;SUL;-154.17599999
2025-07-13 13:00:00;SUDESTE/CENTRO-OESTE;SUL;-507.351
2025-07-13 14:00:00;SUDESTE/CENTRO-OESTE;SUL;-312.603
2025-07-13 15:00:00;SUDESTE/CENTRO-OESTE;SUL;478.029
2025-07-13 16:00:00;SUDESTE/CENTRO-OESTE;SUL;-101.865
2025-07-13 17:00:00;SUDESTE/CENTRO-OESTE;SUL;301.532
2025-07-13 18:00:00;SUDESTE/CENTRO-OESTE;SUL;793.822
2025-07-13 19:00:00;SUDESTE/CENTRO-OESTE;SUL;-278.766
2025-07-13 20:00:00;SUDESTE/CENTRO-OESTE;SUL;-992.516
2025-07-13 21:00:00;SUDESTE/CENTRO-OESTE;SUL;-1774.863
2025-07-13 22:00:00;SUDESTE/CENTRO-OESTE;SUL;-2450.93199999
2025-07-13 23:00:00;SUDESTE/CENTRO-OESTE;SUL;-1905.137
2025-07-14 00:00:00;SUDESTE/CENTRO-OESTE;SUL;-433.426
2025-07-14 01:00:00;SUDESTE/CENTRO-OESTE;SUL;888.754
2025-07-14 02:00:00;SUDESTE/CENTRO-OESTE;SUL;1989.407
2025-07-14 03:00:00;SUDESTE/CENTRO-OESTE;SUL;1764.531
2025-07-14 04:00:00;SUDESTE/CENTRO-OESTE;SUL;1157.23399999
2025-07-14 05:00:00;SUDESTE/CENTRO-OESTE;SUL;-246.446
2025-07-14 06:00:00;SUDESTE/CENTRO-OESTE;SUL;-605.139
2025-07-14 07:00:00;SUDESTE/CENTRO-OESTE;SUL;2008.824
2025-07-14 08:00:00;SUDESTE/CENTRO-OESTE;SUL;3464.963
2025-07-14 09:00:00;SUDESTE/CENTRO-OESTE;SUL;3793.835
2025-07-14 10:00:00;SUDESTE/CENTRO-OESTE;SUL;4304.399
2025-07-14 11:00:00;SUDESTE/CENTRO-OESTE;SUL;4183.441
2025-07-14 12:00:00;SUDESTE/CENTRO-OESTE;SUL;2778.343
2025-07-14 13:00:00;SUDESTE/CENTRO-OESTE;SUL;1727.253
2025-07-14 14:00:00;SUDESTE/CENTRO-OESTE;SUL;1892.025
2025-07-14 15:00:00;SUDESTE/CENTRO-OESTE;SUL;2122.793
2025-07-14 16:00:00;SUDESTE/CENTRO-OESTE;SUL;1433.012
2025-07-14 17:00:00;SUDESTE/CENTRO-OESTE;SUL;1256.199
2025-07-14 18:00:00;SUDESTE/CENTRO-OESTE;SUL;2383.301
2025-07-14 19:00:00;SUDESTE/CENTRO-OESTE;SUL;2233.753
2025-07-14 20:00:00;SUDESTE/CENTRO-OESTE;SUL;1563.471
2025-07-14 21:00:00;SUDESTE/CENTRO-OESTE;SUL;785.843
2025-07-14 22:00:00;SUDESTE/CENTRO-OESTE;SUL;-483.809
2025-07-14 23:00:00;SUDESTE/CENTRO-OESTE;SUL;-1533.628
2025-07-15 00:00:00;SUDESTE/CENTRO-OESTE;SUL;57.703
2025-07-15 01:00:00;SUDESTE/CENTRO-OESTE;SUL;1579.8
2025-07-15 02:00:00;SUDESTE/CENTRO-OESTE;SUL;2631.466
2025-07-15 03:00:00;SUDESTE/CENTRO-OESTE;SUL;2917.105
2025-07-15 04:00:00;SUDESTE/CENTRO-OESTE;SUL;2410.23999999
2025-07-15 05:00:00;SUDESTE/CENTRO-OESTE;SUL;1823.586
2025-07-15 06:00:00;SUDESTE/CENTRO-OESTE;SUL;1112.345
2025-07-15 07:00:00;SUDESTE/CENTRO-OESTE;SUL;1288.185
2025-07-15 08:00:00;SUDESTE/CENTRO-OESTE;SUL;1250.482
2025-07-15 09:00:00;SUDESTE/CENTRO-OESTE;SUL;3806.404
2025-07-15 10:00:00;SUDESTE/CENTRO-OESTE;SUL;4827.865
2025-07-15 11:00:00;SUDESTE/CENTRO-OESTE;SUL;4527.318
2025-07-15 12:00:00;SUDESTE/CENTRO-OESTE;SUL;3903.518
2025-07-15 13:00:00;SUDESTE/CENTRO-OESTE;SUL;3617.658
2025-07-15 14:00:00;SUDESTE/CENTRO-OESTE;SUL;2155.022
2025-07-15 15:00:00;SUDESTE/CENTRO-OESTE;SUL;1508.669
2025-07-15 16:00:00;SUDESTE/CENTRO-OESTE;SUL;1694.082
2025-07-15 17:00:00;SUDESTE/CENTRO-OESTE;SUL;1119.74499999
2025-07-15 18:00:00;SUDESTE/CENTRO-OESTE;SUL;1914.672
2025-07-15 19:00:00;SUDESTE/CENTRO-OESTE;SUL;1646.398
2025-07-15 20:00:00;SUDESTE/CENTRO-OESTE;SUL;696.522
2025-07-15 21:00:00;SUDESTE/CENTRO-OESTE;SUL;-192.585
2025-07-15 22:00:00;SUDESTE/CENTRO-OESTE;SUL;-1090.99399999
2025-07-15 23:00:00;SUDESTE/CENTRO-OESTE;SUL;-2084.259
2025-07-16 00:00:00;SUDESTE/CENTRO-OESTE;SUL;-537.707
2025-07-16 01:00:00;SUDESTE/CENTRO-OESTE;SUL;1036.297
2025-07-16 02:00:00;SUDESTE/CENTRO-OESTE;SUL;2168.759
2025-07-16 03:00:00;SUDESTE/CENTRO-OESTE;SUL;2271.784
2025-07-16 04:00:00;SUDESTE/CENTRO-OESTE;SUL;2377.93199999
2025-07-16 05:00:00;SUDESTE/CENTRO-OESTE;SUL;1128.32199999
2025-07-16 06:00:00;SUDESTE/CENTRO-OESTE;SUL;446.746
2025-07-16 07:00:00;SUDESTE/CENTRO-OESTE;SUL;1368.232
2025-07-16 08:00:00;SUDESTE/CENTRO-OESTE;SUL;2338.446
2025-07-16 09:00:00;SUDESTE/CENTRO-OESTE;SUL;3971.701
2025-07-16 10:00:00;SUDESTE/CENTRO-OESTE;SUL;4639.532
2025-07-16 11:00:00;SUDESTE/CENTRO-OESTE;SUL;4457.826
2025-07-16 12:00:00;SUDESTE/CENTRO-OESTE;SUL;4312.054
2025-07-16 13:00:00;SUDESTE/CENTRO-OESTE;SUL;4203.482
2025-07-16 14:00:00;SUDESTE/CENTRO-OESTE;SUL;3738.317
2025-07-16 15:00:00;SUDESTE/CENTRO-OESTE;SUL;2247.71799999
2025-07-16 16:00:00;SUDESTE/CENTRO-OESTE;SUL;1196.751
2025-07-16 17:00:00;SUDESTE/CENTRO-OESTE;SUL;1175.90799999
2025-07-16 18:00:00;SUDESTE/CENTRO-OESTE;SUL;2250.469
2025-07-16 19:00:00;SUDESTE/CENTRO-OESTE;SUL;2683.812
2025-07-16 20:00:00;SUDESTE/CENTRO-OESTE;SUL;1348.049
2025-07-16 21:00:00;SUDESTE/CENTRO-OESTE;SUL;344.947
2025-07-16 22:00:00;SUDESTE/CENTRO-OESTE;SUL;-542.369
2025-07-16 23:00:00;SUDESTE/CENTRO-OESTE;SUL;-1412.878
2025-07-17 00:00:00;SUDESTE/CENTRO-OESTE;SUL;69.902
2025-07-17 01:00:00;SUDESTE/CENTRO-OESTE;SUL;1906.997
2025-07-17 02:00:00;SUDESTE/CENTRO-OESTE;SUL;3360.73
2025-07-17 03:00:00;SUDESTE/CENTRO-OESTE;SUL;3029.886
2025-07-17 04:00:00;SUDESTE/CENTRO-OESTE;SUL;2432.786
2025-07-17 05:00:00;SUDESTE/CENTRO-OESTE;SUL;578.855
2025-07-17 06:00:00;SUDESTE/CENTRO-OESTE;SUL;-975.701
2025-07-17 07:00:00;SUDESTE/CENTRO-OESTE;SUL;544.717
2025-07-17 08:00:00;SUDESTE/CENTRO-OESTE;SUL;2706.898
2025-07-17 09:00:00;SUDESTE/CENTRO-OESTE;SUL;3966.001
2025-07-17 10:00:00;SUDESTE/CENTRO-OESTE;SUL;5048.18999999
2025-07-17 11:00:00;SUDESTE/CENTRO-OESTE;SUL;5002.771
2025-07-17 12:00:00;SUDESTE/CENTRO-OESTE;SUL;5397.848
2025-07-17 13:00:00;SUDESTE/CENTRO-OESTE;SUL;4300.475
2025-07-17 14:00:00;SUDESTE/CENTRO-OESTE;SUL;3183.582
2025-07-17 15:00:00;SUDESTE/CENTRO-OESTE;SUL;3046.398
2025-07-17 16:00:00;SUDESTE/CENTRO-OESTE;SUL;1994.292
2025-07-17 17:00:00;SUDESTE/CENTRO-OESTE;SUL;925.541
2025-07-17 18:00:00;SUDESTE/CENTRO-OESTE;SUL;1327.01399999
2025-07-17 19:00:00;SUDESTE/CENTRO-OESTE;SUL;1489.113
2025-07-17 20:00:00;SUDESTE/CENTRO-OESTE;SUL;1288.926
2025-07-17 21:00:00;SUDESTE/CENTRO-OESTE;SUL;760.191
2025-07-17 22:00:00;SUDESTE/CENTRO-OESTE;SUL;-548.463
2025-07-17 23:00:00;SUDESTE/CENTRO-OESTE;SUL;-1130.053
2025-07-18 00:00:00;SUDESTE/CENTRO-OESTE;SUL;-1094.035
2025-07-18 01:00:00;SUDESTE/CENTRO-OESTE;SUL;1095.448
2025-07-18 02:00:00;SUDESTE/CENTRO-OESTE;SUL;1813.241
2025-07-18 03:00:00;SUDESTE/CENTRO-OESTE;SUL;1964.698
2025-07-18 04:00:00;SUDESTE/CENTRO-OESTE;SUL;1780.836
2025-07-18 05:00:00;SUDESTE/CENTRO-OESTE;SUL;849.917
2025-07-18 06:00:00;SUDESTE/CENTRO-OESTE;SUL;-161.507
2025-07-18 07:00:00;SUDESTE/CENTRO-OESTE;SUL;1603.275
2025-07-18 08:00:00;SUDESTE/CENTRO-OESTE;SUL;2922.406
2025-07-18 09:00:00;SUDESTE/CENTRO-OESTE;SUL;3907.697
2025-07-18 10:00:00;SUDESTE/CENTRO-OESTE;SUL;4738.443
2025-07-18 11:00:00;SUDESTE/CENTRO-OESTE;SUL;5000.646
2025-07-18 12:00:00;SUDESTE/CENTRO-OESTE;SUL;4712.892
2025-07-18 13:00:00;SUDESTE/CENTRO-OESTE;SUL;3735.378
2025-07-18 14:00:00;SUDESTE/CENTRO-OESTE;SUL;3786.206
2025-07-18 15:00:00;SUDESTE/CENTRO-OESTE;SUL;3601.819
2025-07-18 16:00:00;SUDESTE/CENTRO-OESTE;SUL;2574.625
2025-07-18 17:00:00;SUDESTE/CENTRO-OESTE;SUL;1896.058
2025-07-18 18:00:00;SUDESTE/CENTRO-OESTE;SUL;2827.606
2025-07-18 19:00:00;SUDESTE/CENTRO-OESTE;SUL;2863.294
2025-07-18 20:00:00;SUDESTE/CENTRO-OESTE;SUL;2037.237
2025-07-18 21:00:00;SUDESTE/CENTRO-OESTE;SUL;1069.925
2025-07-18 22:00:00;SUDESTE/CENTRO-OESTE;SUL;-100.339
2025-07-18 23:00:00;SUDESTE/CENTRO-OESTE;SUL;-899.243
2025-07-19 00:00:00;SUDESTE/CENTRO-OESTE;SUL;-350.842
2025-07-19 01:00:00;SUDESTE/CENTRO-OESTE;SUL;931.191
2025-07-19 02:00:00;SUDESTE/CENTRO-OESTE;SUL;1375.554
2025-07-19 03:00:00;SUDESTE/CENTRO-OESTE;SUL;1213.07099999
2025-07-19 04:00:00;SUDESTE/CENTRO-OESTE;SUL;1366.82
2025-07-19 05:00:00;SUDESTE/CENTRO-OESTE;SUL;1159.532
2025-07-19 06:00:00;SUDESTE/CENTRO-OESTE;SUL;1301.827
2025-07-19 07:00:00;SUDESTE/CENTRO-OESTE;SUL;3023.307
2025-07-19 08:00:00;SUDESTE/CENTRO-OESTE;SUL;3598.811
2025-07-19 09:00:00;SUDESTE/CENTRO-OESTE;SUL;3500.164
2025-07-19 10:00:00;SUDESTE/CENTRO-OESTE;SUL;2801.06
2025-07-19 11:00:00;SUDESTE/CENTRO-OESTE;SUL;1995.287
2025-07-19 12:00:00;SUDESTE/CENTRO-OESTE;SUL;922.539
2025-07-19 13:00:00;SUDESTE/CENTRO-OESTE;SUL;724.236
2025-07-19 14:00:00;SUDESTE/CENTRO-OESTE;SUL;974.013
2025-07-19 15:00:00;SUDESTE/CENTRO-OESTE;SUL;1745.435
2025-07-19 16:00:00;SUDESTE/CENTRO-OESTE;SUL;1324.304
2025-07-19 17:00:00;SUDESTE/CENTRO-OESTE;SUL;1094.457
2025-07-19 18:00:00;SUDESTE/CENTRO-OESTE;SUL;1860.851
2025-07-19 19:00:00;SUDESTE/CENTRO-OESTE;SUL;1263.747
2025-07-19 20:00:00;SUDESTE/CENTRO-OESTE;SUL;287.845
2025-07-19 21:00:00;SUDESTE/CENTRO-OESTE;SUL;-683.772
2025-07-19 22:00:00;SUDESTE/CENTRO-OESTE;SUL;-1023.674
2025-07-19 23:00:00;SUDESTE/CENTRO-OESTE;SUL;-910.897
2025-07-20 00:00:00;SUDESTE/CENTRO-OESTE;SUL;-38.728
2025-07-20 01:00:00;SUDESTE/CENTRO-OESTE;SUL;1576.254
2025-07-20 02:00:00;SUDESTE/CENTRO-OESTE;SUL;2394.165
2025-07-20 03:00:00;SUDESTE/CENTRO-OESTE;SUL;2290.722
2025-07-20 04:00:00;SUDESTE/CENTRO-OESTE;SUL;2059.145
2025-07-20 05:00:00;SUDESTE/CENTRO-OESTE;SUL;1708.748
2025-07-20 06:00:00;SUDESTE/CENTRO-OESTE;SUL;2400.07499999
2025-07-20 07:00:00;SUDESTE/CENTRO-OESTE;SUL;3986.466
2025-07-20 08:00:00;SUDESTE/CENTRO-OESTE;SUL;3904.897
2025-07-20 09:00:00;SUDESTE/CENTRO-OESTE;SUL;3869.588
2025-07-20 10:00:00;SUDESTE/CENTRO-OESTE;SUL;3853.859
2025-07-20 11:00:00;SUDESTE/CENTRO-OESTE;SUL;3182.022
2025-07-20 12:00:00;SUDESTE/CENTRO-OESTE;SUL;2421.74899999
2025-07-20 13:00:00;SUDESTE/CENTRO-OESTE;SUL;1885.847
2025-07-20 14:00:00;SUDESTE/CENTRO-OESTE;SUL;1923.985
2025-07-20 15:00:00;SUDESTE/CENTRO-OESTE;SUL;2616.456
2025-07-20 16:00:00;SUDESTE/CENTRO-OESTE;SUL;2355.52
2025-07-20 17:00:00;SUDESTE/CENTRO-OESTE;SUL;1454.636
2025-07-20 18:00:00;SUDESTE/CENTRO-OESTE;SUL;875.019
2025-07-20 19:00:00;SUDESTE/CENTRO-OESTE;SUL;375.899
2025-07-20 20:00:00;SUDESTE/CENTRO-OESTE;SUL;-455.571
2025-07-20 21:00:00;SUDESTE/CENTRO-OESTE;SUL;-1001.265
2025-07-20 22:00:00;SUDESTE/CENTRO-OESTE;SUL;-1681.139
2025-07-20 23:00:00;SUDESTE/CENTRO-OESTE;SUL;-1296.077
2025-07-21 00:00:00;SUDESTE/CENTRO-OESTE;SUL;830.958
2025-07-21 01:00:00;SUDESTE/CENTRO-OESTE;SUL;1685.102
2025-07-21 02:00:00;SUDESTE/CENTRO-OESTE;SUL;1678.647
2025-07-21 03:00:00;SUDESTE/CENTRO-OESTE;SUL;1782.138
2025-07-21 04:00:00;SUDESTE/CENTRO-OESTE;SUL;2080.565
2025-07-21 05:00:00;SUDESTE/CENTRO-OESTE;SUL;1569.823
2025-07-21 06:00:00;SUDESTE/CENTRO-OESTE;SUL;-147.883
2025-07-21 07:00:00;SUDESTE/CENTRO-OESTE;SUL;1409.805
2025-07-21 08:00:00;SUDESTE/CENTRO-OESTE;SUL;2496.913
2025-07-21 09:00:00;SUDESTE/CENTRO-OESTE;SUL;3670.116
2025-07-21 10:00:00;SUDESTE/CENTRO-OESTE;SUL;3835.997
2025-07-21 11:00:00;SUDESTE/CENTRO-OESTE;SUL;4204.18
2025-07-21 12:00:00;SUDESTE/CENTRO-OESTE;SUL;3396.239
2025-07-21 13:00:00;SUDESTE/CENTRO-OESTE;SUL;2612.42999999
2025-07-21 14:00:00;SUDESTE/CENTRO-OESTE;SUL;2590.20899999
2025-07-21 15:00:00;SUDESTE/CENTRO-OESTE;SUL;2840.678
2025-07-21 16:00:00;SUDESTE/CENTRO-OESTE;SUL;1238.938
2025-07-21 17:00:00;SUDESTE/CENTRO-OESTE;SUL;341.026
2025-07-21 18:00:00;SUDESTE/CENTRO-OESTE;SUL;1739.448
2025-07-21 19:00:00;SUDESTE/CENTRO-OESTE;SUL;1847.607
2025-07-21 20:00:00;SUDESTE/CENTRO-OESTE;SUL;847.604
2025-07-21 21:00:00;SUDESTE/CENTRO-OESTE;SUL;57.06
2025-07-21 22:00:00;SUDESTE/CENTRO-OESTE;SUL;-1106.03299999
2025-07-21 23:00:00;SUDESTE/CENTRO-OESTE;SUL;-1473.946
2025-07-22 00:00:00;SUDESTE/CENTRO-OESTE;SUL;-712.016
2025-07-22 01:00:00;SUDESTE/CENTRO-OESTE;SUL;1363.19599999
2025-07-22 02:00:00;SUDESTE/CENTRO-OESTE;SUL;2864.292
2025-07-22 03:00:00;SUDESTE/CENTRO-OESTE;SUL;3200.503
2025-07-22 04:00:00;SUDESTE/CENTRO-OESTE;SUL;3372.986
2025-07-22 05:00:00;SUDESTE/CENTRO-OESTE;SUL;2051.12199999
2025-07-22 06:00:00;SUDESTE/CENTRO-OESTE;SUL;1070.207
2025-07-22 07:00:00;SUDESTE/CENTRO-OESTE;SUL;2378.62399999
2025-07-22 08:00:00;SUDESTE/CENTRO-OESTE;SUL;3726.44
2025-07-22 09:00:00;SUDESTE/CENTRO-OESTE;SUL;4492.487
2025-07-22 10:00:00;SUDESTE/CENTRO-OESTE;SUL;4455.768
2025-07-22 11:00:00;SUDESTE/CENTRO-OESTE;SUL;4494.631
2025-07-22 12:00:00;SUDESTE/CENTRO-OESTE;SUL;2858.927
2025-07-22 13:00:00;SUDESTE/CENTRO-OESTE;SUL;2983.903
2025-07-22 14:00:00;SUDESTE/CENTRO-OESTE;SUL;3068.228
2025-07-22 15:00:00;SUDESTE/CENTRO-OESTE;SUL;2954.301
2025-07-22 16:00:00;SUDESTE/CENTRO-OESTE;SUL;1040.068
2025-07-22 17:00:00;SUDESTE/CENTRO-OESTE;SUL;821.495
2025-07-22 18:00:00;SUDESTE/CENTRO-OESTE;SUL;2132.89199999
2025-07-22 19:00:00;SUDESTE/CENTRO-OESTE;SUL;2167.559
2025-07-22 20:00:00;SUDESTE/CENTRO-OESTE;SUL;1045.575
2025-07-22 21:00:00;SUDESTE/CENTRO-OESTE;SUL;194.543
2025-07-22 22:00:00;SUDESTE/CENTRO-OESTE;SUL;-917.399
2025-07-22 23:00:00;SUDESTE/CENTRO-OESTE;SUL;-2002.708
2025-07-23 00:00:00;SUDESTE/CENTRO-OESTE;SUL;189.756
2025-07-23 01:00:00;SUDESTE/CENTRO-OESTE;SUL;1791.603
2025-07-23 02:00:00;SUDESTE/CENTRO-OESTE;SUL;1753.131
2025-07-23 03:00:00;SUDESTE/CENTRO-OESTE;SUL;1927.857
2025-07-23 04:00:00;SUDESTE/CENTRO-OESTE;SUL;1360.37899999
2025-07-23 05:00:00;SUDESTE/CENTRO-OESTE;SUL;670.099
2025-07-23 06:00:00;SUDESTE/CENTRO-OESTE;SUL;321.007
2025-07-23 07:00:00;SUDESTE/CENTRO-OESTE;SUL;3035.93
2025-07-23 08:00:00;SUDESTE/CENTRO-OESTE;SUL;4546.211
2025-07-23 09:00:00;SUDESTE/CENTRO-OESTE;SUL;4507.617
2025-07-23 10:00:00;SUDESTE/CENTRO-OESTE;SUL;3796.883
2025-07-23 11:00:00;SUDESTE/CENTRO-OESTE;SUL;3591.107
2025-07-23 12:00:00;SUDESTE/CENTRO-OESTE;SUL;2870.147
2025-07-23 13:00:00;SUDESTE/CENTRO-OESTE;SUL;3281.949
2025-07-23 14:00:00;SUDESTE/CENTRO-OESTE;SUL;2491.087
2025-07-23 15:00:00;SUDESTE/CENTRO-OESTE;SUL;3161.7
2025-07-23 16:00:00;SUDESTE/CENTRO-OESTE;SUL;1766.999
2025-07-23 17:00:00;SUDESTE/CENTRO-OESTE;SUL;1282.48
2025-07-23 18:00:00;SUDESTE/CENTRO-OESTE;SUL;1761.631
2025-07-23 19:00:00;SUDESTE/CENTRO-OESTE;SUL;1884.29
2025-07-23 20:00:00;SUDESTE/CENTRO-OESTE;SUL;1205.565
2025-07-23 21:00:00;SUDESTE/CENTRO-OESTE;SUL;382.218
2025-07-23 22:00:00;SUDESTE/CENTRO-OESTE;SUL;-328.894
2025-07-23 23:00:00;SUDESTE/CENTRO-OESTE;SUL;-697.264
2025-07-24 00:00:00;SUDESTE/CENTRO-OESTE;SUL;317.089
2025-07-24 01:00:00;SUDESTE/CENTRO-OESTE;SUL;1881.166
2025-07-24 02:00:00;SUDESTE/CENTRO-OESTE;SUL;2183.466
2025-07-24 03:00:00;SUDESTE/CENTRO-OESTE;SUL;2339.163
2025-07-24 04:00:00;SUDESTE/CENTRO-OESTE;SUL;1920.884
2025-07-24 05:00:00;SUDESTE/CENTRO-OESTE;SUL;974.647
2025-07-24 06:00:00;SUDESTE/CENTRO-OESTE;SUL;398.39
2025-07-24 07:00:00;SUDESTE/CENTRO-OESTE;SUL;2574.967
2025-07-24 08:00:00;SUDESTE/CENTRO-OESTE;SUL;4399.033
2025-07-24 09:00:00;SUDESTE/CENTRO-OESTE;SUL;4443.586
2025-07-24 10:00:00;SUDESTE/CENTRO-OESTE;SUL;4107.152
2025-07-24 11:00:00;SUDESTE/CENTRO-OESTE;SUL;3170.859
2025-07-24 12:00:00;SUDESTE/CENTRO-OESTE;SUL;3174.257
2025-07-24 13:00:00;SUDESTE/CENTRO-OESTE;SUL;3147.879
2025-07-24 14:00:00;SUDESTE/CENTRO-OESTE;SUL;3002.755
2025-07-24 15:00:00;SUDESTE/CENTRO-OESTE;SUL;3451.828
2025-07-24 16:00:00;SUDESTE/CENTRO-OESTE;SUL;1698.114
2025-07-24 17:00:00;SUDESTE/CENTRO-OESTE;SUL;881.263
2025-07-24 18:00:00;SUDESTE/CENTRO-OESTE;SUL;1535.75
2025-07-24 19:00:00;SUDESTE/CENTRO-OESTE;SUL;1531.566
2025-07-24 20:00:00;SUDESTE/CENTRO-OESTE;SUL;625.792
2025-07-24 21:00:00;SUDESTE/CENTRO-OESTE;SUL;-781.808
2025-07-24 22:00:00;SUDESTE/CENTRO-OESTE;SUL;-1936.58
2025-07-24 23:00:00;SUDESTE/CENTRO-OESTE;SUL;-1944.482
2025-07-25 00:00:00;SUDESTE/CENTRO-OESTE;SUL;1686.872
2025-07-25 01:00:00;SUDESTE/CENTRO-OESTE;SUL;3497.776
2025-07-25 02:00:00;SUDESTE/CENTRO-OESTE;SUL;3540.305
2025-07-25 03:00:00;SUDESTE/CENTRO-OESTE;SUL;3563.429
2025-07-25 04:00:00;SUDESTE/CENTRO-OESTE;SUL;3695.458
2025-07-25 05:00:00;SUDESTE/CENTRO-OESTE;SUL;2775.296
2025-07-25 06:00:00;SUDESTE/CENTRO-OESTE;SUL;2556.996
2025-07-25 07:00:00;SUDESTE/CENTRO-OESTE;SUL;3411.02
2025-07-25 08:00:00;SUDESTE/CENTRO-OESTE;SUL;3996.547
2025-07-25 09:00:00;SUDESTE/CENTRO-OESTE;SUL;3732.221
2025-07-25 10:00:00;SUDESTE/CENTRO-OESTE;SUL;2696.827
2025-07-25 11:00:00;SUDESTE/CENTRO-OESTE;SUL;2521.311
2025-07-25 12:00:00;SUDESTE/CENTRO-OESTE;SUL;1827.341
2025-07-25 13:00:00;SUDESTE/CENTRO-OESTE;SUL;1906.769
2025-07-25 14:00:00;SUDESTE/CENTRO-OESTE;SUL;1541.731
2025-07-25 15:00:00;SUDESTE/CENTRO-OESTE;SUL;2150.119
2025-07-25 16:00:00;SUDESTE/CENTRO-OESTE;SUL;1377.54
2025-07-25 17:00:00;SUDESTE/CENTRO-OESTE;SUL;-680.565
2025-07-25 18:00:00;SUDESTE/CENTRO-OESTE;SUL;266.083
2025-07-25 19:00:00;SUDESTE/CENTRO-OESTE;SUL;385.533
2025-07-25 20:00:00;SUDESTE/CENTRO-OESTE;SUL;-616.69899999
2025-07-25 21:00:00;SUDESTE/CENTRO-OESTE;SUL;-1301.478
2025-07-25 22:00:00;SUDESTE/CENTRO-OESTE;SUL;-1737.879
2025-07-25 23:00:00;SUDESTE/CENTRO-OESTE;SUL;-2312.009
2025-07-26 00:00:00;SUDESTE/CENTRO-OESTE;SUL;-1576.899
2025-07-26 01:00:00;SUDESTE/CENTRO-OESTE;SUL;-909.833
2025-07-26 02:00:00;SUDESTE/CENTRO-OESTE;SUL;579.72
2025-07-26 03:00:00;SUDESTE/CENTRO-OESTE;SUL;901.912
2025-07-26 04:00:00;SUDESTE/CENTRO-OESTE;SUL;780.866
2025-07-26 05:00:00;SUDESTE/CENTRO-OESTE;SUL;689.155
2025-07-26 06:00:00;SUDESTE/CENTRO-OESTE;SUL;-597.505
2025-07-26 07:00:00;SUDESTE/CENTRO-OESTE;SUL;584.934
2025-07-26 08:00:00;SUDESTE/CENTRO-OESTE;SUL;1579.257
2025-07-26 09:00:00;SUDESTE/CENTRO-OESTE;SUL;2536.506
2025-07-26 10:00:00;SUDESTE/CENTRO-OESTE;SUL;2686.773
2025-07-26 11:00:00;SUDESTE/CENTRO-OESTE;SUL;1947.056
2025-07-26 12:00:00;SUDESTE/CENTRO-OESTE;SUL;1827.423
2025-07-26 13:00:00;SUDESTE/CENTRO-OESTE;SUL;2282.658
2025-07-26 14:00:00;SUDESTE/CENTRO-OESTE;SUL;1740.496
2025-07-26 15:00:00;SUDESTE/CENTRO-OESTE;SUL;1053.699
2025-07-26 16:00:00;SUDESTE/CENTRO-OESTE;SUL;159.22999999
2025-07-26 17:00:00;SUDESTE/CENTRO-OESTE;SUL;-1074.723
2025-07-26 18:00:00;SUDESTE/CENTRO-OESTE;SUL;-406.556
2025-07-26 19:00:00;SUDESTE/CENTRO-OESTE;SUL;-1232.133
2025-07-26 20:00:00;SUDESTE/CENTRO-OESTE;SUL;-2026.482
2025-07-26 21:00:00;SUDESTE/CENTRO-OESTE;SUL;-1899.791
2025-07-26 22:00:00;SUDESTE/CENTRO-OESTE;SUL;-1909.167
2025-07-26 23:00:00;SUDESTE/CENTRO-OESTE;SUL;-2263.439
2025-07-27 00:00:00;SUDESTE/CENTRO-OESTE;SUL;-994.039
2025-07-27 01:00:00;SUDESTE/CENTRO-OESTE;SUL;497.657
2025-07-27 02:00:00;SUDESTE/CENTRO-OESTE;SUL;1232.868
2025-07-27 03:00:00;SUDESTE/CENTRO-OESTE;SUL;1726.143
2025-07-27 04:00:00;SUDESTE/CENTRO-OESTE;SUL;1939.147
2025-07-27 05:00:00;SUDESTE/CENTRO-OESTE;SUL;1669.235
2025-07-27 06:00:00;SUDESTE/CENTRO-OESTE;SUL;1711.229
2025-07-27 07:00:00;SUDESTE/CENTRO-OESTE;SUL;1775.468
2025-07-27 08:00:00;SUDESTE/CENTRO-OESTE;SUL;2515.952
2025-07-27 09:00:00;SUDESTE/CENTRO-OESTE;SUL;3538.562
2025-07-27 10:00:00;SUDESTE/CENTRO-OESTE;SUL;4497.826
2025-07-27 11:00:00;SUDESTE/CENTRO-OESTE;SUL;4455.064
2025-07-27 12:00:00;SUDESTE/CENTRO-OESTE;SUL;4166.532
2025-07-27 13:00:00;SUDESTE/CENTRO-OESTE;SUL;4233.191
2025-07-27 14:00:00;SUDESTE/CENTRO-OESTE;SUL;3274.228
2025-07-27 15:00:00;SUDESTE/CENTRO-OESTE;SUL;2824.611
2025-07-27 16:00:00;SUDESTE/CENTRO-OESTE;SUL;748.397
2025-07-27 17:00:00;SUDESTE/CENTRO-OESTE;SUL;-1962.612
2025-07-27 18:00:00;SUDESTE/CENTRO-OESTE;SUL;-2246.794
2025-07-27 19:00:00;SUDESTE/CENTRO-OESTE;SUL;-2406.163
2025-07-27 20:00:00;SUDESTE/CENTRO-OESTE;SUL;-2991.011
2025-07-27 21:00:00;SUDESTE/CENTRO-OESTE;SUL;-3485.243
2025-07-27 22:00:00;SUDESTE/CENTRO-OESTE;SUL;-4176.8
2025-07-27 23:00:00;SUDESTE/CENTRO-OESTE;SUL;-4327.491
2025-07-28 00:00:00;SUDESTE/CENTRO-OESTE;SUL;-2702.484
2025-07-28 01:00:00;SUDESTE/CENTRO-OESTE;SUL;-62.363
2025-07-28 02:00:00;SUDESTE/CENTRO-OESTE;SUL;1253.23
2025-07-28 03:00:00;SUDESTE/CENTRO-OESTE;SUL;1849.871
2025-07-28 04:00:00;SUDESTE/CENTRO-OESTE;SUL;1348.905
2025-07-28 05:00:00;SUDESTE/CENTRO-OESTE;SUL;430.088
2025-07-28 06:00:00;SUDESTE/CENTRO-OESTE;SUL;-244.219
2025-07-28 07:00:00;SUDESTE/CENTRO-OESTE;SUL;1464.443
2025-07-28 08:00:00;SUDESTE/CENTRO-OESTE;SUL;1880.82
2025-07-28 09:00:00;SUDESTE/CENTRO-OESTE;SUL;2333.347
2025-07-28 10:00:00;SUDESTE/CENTRO-OESTE;SUL;2596.908
2025-07-28 11:00:00;SUDESTE/CENTRO-OESTE;SUL;2665.962
2025-07-28 12:00:00;SUDESTE/CENTRO-OESTE;SUL;2566.67999999
2025-07-28 13:00:00;SUDESTE/CENTRO-OESTE;SUL;2148.041
2025-07-28 14:00:00;SUDESTE/CENTRO-OESTE;SUL;1404.768
2025-07-28 15:00:00;SUDESTE/CENTRO-OESTE;SUL;922.429
2025-07-28 16:00:00;SUDESTE/CENTRO-OESTE;SUL;-578.964
2025-07-28 17:00:00;SUDESTE/CENTRO-OESTE;SUL;-1408.349
2025-07-28 18:00:00;SUDESTE/CENTRO-OESTE;SUL;-778.657
2025-07-28 19:00:00;SUDESTE/CENTRO-OESTE;SUL;-670.87699999
2025-07-28 20:00:00;SUDESTE/CENTRO-OESTE;SUL;-1264.81199999
2025-07-28 21:00:00;SUDESTE/CENTRO-OESTE;SUL;-1965.065
2025-07-28 22:00:00;SUDESTE/CENTRO-OESTE;SUL;-2918.463
2025-07-28 23:00:00;SUDESTE/CENTRO-OESTE;SUL;-2588.701
2025-07-29 00:00:00;SUDESTE/CENTRO-OESTE;SUL;-3495.747
2025-07-29 01:00:00;SUDESTE/CENTRO-OESTE;SUL;-4027.61
2025-07-29 02:00:00;SUDESTE/CENTRO-OESTE;SUL;-4181.353
2025-07-29 03:00:00;SUDESTE/CENTRO-OESTE;SUL;-3884.797
2025-07-29 04:00:00;SUDESTE/CENTRO-OESTE;SUL;-4814.678
2025-07-29 05:00:00;SUDESTE/CENTRO-OESTE;SUL;-4832.892
2025-07-29 06:00:00;SUDESTE/CENTRO-OESTE;SUL;-3331.855
2025-07-29 07:00:00;SUDESTE/CENTRO-OESTE;SUL;-1323.18
2025-07-29 08:00:00;SUDESTE/CENTRO-OESTE;SUL;1720.411
2025-07-29 09:00:00;SUDESTE/CENTRO-OESTE;SUL;3185.622
2025-07-29 10:00:00;SUDESTE/CENTRO-OESTE;SUL;3029.374
2025-07-29 11:00:00;SUDESTE/CENTRO-OESTE;SUL;3587.068
2025-07-29 12:00:00;SUDESTE/CENTRO-OESTE;SUL;3536.448
2025-07-29 13:00:00;SUDESTE/CENTRO-OESTE;SUL;2483.0
2025-07-29 14:00:00;SUDESTE/CENTRO-OESTE;SUL;2673.913
2025-07-29 15:00:00;SUDESTE/CENTRO-OESTE;SUL;2875.935
2025-07-29 16:00:00;SUDESTE/CENTRO-OESTE;SUL;946.666
2025-07-29 17:00:00;SUDESTE/CENTRO-OESTE;SUL;107.326
2025-07-29 18:00:00;SUDESTE/CENTRO-OESTE;SUL;752.668
2025-07-29 19:00:00;SUDESTE/CENTRO-OESTE;SUL;836.568
2025-07-29 20:00:00;SUDESTE/CENTRO-OESTE;SUL;298.181
2025-07-29 21:00:00;SUDESTE/CENTRO-OESTE;SUL;-335.807
2025-07-29 22:00:00;SUDESTE/CENTRO-OESTE;SUL;-1087.75399999
2025-07-29 23:00:00;SUDESTE/CENTRO-OESTE;SUL;-1852.253
2025-07-30 00:00:00;SUDESTE/CENTRO-OESTE;SUL;-2119.67299999
2025-07-30 01:00:00;SUDESTE/CENTRO-OESTE;SUL;-2735.204
2025-07-30 02:00:00;SUDESTE/CENTRO-OESTE;SUL;-3558.875
2025-07-30 03:00:00;SUDESTE/CENTRO-OESTE;SUL;-3695.847
2025-07-30 04:00:00;SUDESTE/CENTRO-OESTE;SUL;-3838.439
2025-07-30 05:00:00;SUDESTE/CENTRO-OESTE;SUL;-4021.824
2025-07-30 06:00:00;SUDESTE/CENTRO-OESTE;SUL;-2780.977
2025-07-30 07:00:00;SUDESTE/CENTRO-OESTE;SUL;-474.935
2025-07-30 08:00:00;SUDESTE/CENTRO-OESTE;SUL;3043.858
2025-07-30 09:00:00;SUDESTE/CENTRO-OESTE;SUL;4323.82399999
2025-07-30 10:00:00;SUDESTE/CENTRO-OESTE;SUL;4006.549
2025-07-30 11:00:00;SUDESTE/CENTRO-OESTE;SUL;3626.591
2025-07-30 12:00:00;SUDESTE/CENTRO-OESTE;SUL;3030.698
2025-07-30 13:00:00;SUDESTE/CENTRO-OESTE;SUL;2842.705
2025-07-30 14:00:00;SUDESTE/CENTRO-OESTE;SUL;2712.628
2025-07-30 15:00:00;SUDESTE/CENTRO-OESTE;SUL;2340.493
2025-07-30 16:00:00;SUDESTE/CENTRO-OESTE;SUL;276.882
2025-07-30 17:00:00;SUDESTE/CENTRO-OESTE;SUL;-288.128
2025-07-30 18:00:00;SUDESTE/CENTRO-OESTE;SUL;1076.611
2025-07-30 19:00:00;SUDESTE/CENTRO-OESTE;SUL;1055.72
2025-07-30 20:00:00;SUDESTE/CENTRO-OESTE;SUL;84.31999999
2025-07-30 21:00:00;SUDESTE/CENTRO-OESTE;SUL;-860.895
2025-07-30 22:00:00;SUDESTE/CENTRO-OESTE;SUL;-1873.887
2025-07-30 23:00:00;SUDESTE/CENTRO-OESTE;SUL;-1445.937
2025-07-31 00:00:00;SUDESTE/CENTRO-OESTE;SUL;-847.993
2025-07-31 01:00:00;SUDESTE/CENTRO-OESTE;SUL;752.166
2025-07-31 02:00:00;SUDESTE/CENTRO-OESTE;SUL;1875.678
2025-07-31 03:00:00;SUDESTE/CENTRO-OESTE;SUL;2532.876
2025-07-31 04:00:00;SUDESTE/CENTRO-OESTE;SUL;1675.788
2025-07-31 05:00:00;SUDESTE/CENTRO-OESTE;SUL;311.16
2025-07-31 06:00:00;SUDESTE/CENTRO-OESTE;SUL;-685.681
2025-07-31 07:00:00;SUDESTE/CENTRO-OESTE;SUL;634.357
2025-07-31 08:00:00;SUDESTE/CENTRO-OESTE;SUL;3022.56
2025-07-31 09:00:00;SUDESTE/CENTRO-OESTE;SUL;4104.56099999
2025-07-31 10:00:00;SUDESTE/CENTRO-OESTE;SUL;3855.422
2025-07-31 11:00:00;SUDESTE/CENTRO-OESTE;SUL;3577.376
2025-07-31 12:00:00;SUDESTE/CENTRO-OESTE;SUL;2350.944
2025-07-31 13:00:00;SUDESTE/CENTRO-OESTE;SUL;2768.073
2025-07-31 14:00:00;SUDESTE/CENTRO-OESTE;SUL;3472.858
2025-07-31 15:00:00;SUDESTE/CENTRO-OESTE;SUL;1808.092
2025-07-31 16:00:00;SUDESTE/CENTRO-OESTE;SUL;1616.693
2025-07-31 17:00:00;SUDESTE/CENTRO-OESTE;SUL;813.436
2025-07-31 18:00:00;SUDESTE/CENTRO-OESTE;SUL;1385.655
2025-07-31 19:00:00;SUDESTE/CENTRO-OESTE;SUL;75.794
2025-07-31 20:00:00;SUDESTE/CENTRO-OESTE;SUL;-709.466
2025-07-31 21:00:00;SUDESTE/CENTRO-OESTE;SUL;-1091.497
2025-07-31 22:00:00;SUDESTE/CENTRO-OESTE;SUL;-2253.438
2025-07-31 23:00:00;SUDESTE/CENTRO-OESTE;SUL;-2764.213
2025-08-01 00:00:00;SUDESTE/CENTRO-OESTE;SUL;-2108.49699999
2025-08-01 01:00:00;SUDESTE/CENTRO-OESTE;SUL;-401.307
2025-08-01 02:00:00;SUDESTE/CENTRO-OESTE;SUL;1025.44599999
2025-08-01 03:00:00;SUDESTE/CENTRO-OESTE;SUL;1555.038
2025-08-01 04:00:00;SUDESTE/CENTRO-OESTE;SUL;991.333
2025-08-01 05:00:00;SUDESTE/CENTRO-OESTE;SUL;-407.036
2025-08-01 06:00:00;SUDESTE/CENTRO-OESTE;SUL;-1562.225
2025-08-01 07:00:00;SUDESTE/CENTRO-OESTE;SUL;1539.774
2025-08-01 08:00:00;SUDESTE/CENTRO-OESTE;SUL;2873.283
2025-08-01 09:00:00;SUDESTE/CENTRO-OESTE;SUL;4191.465
2025-08-01 10:00:00;SUDESTE/CENTRO-OESTE;SUL;4026.962
2025-08-01 11:00:00;SUDESTE/CENTRO-OESTE;SUL;3971.267
2025-08-01 12:00:00;SUDESTE/CENTRO-OESTE;SUL;3103.156
2025-08-01 13:00:00;SUDESTE/CENTRO-OESTE;SUL;3041.907
2025-08-01 14:00:00;SUDESTE/CENTRO-OESTE;SUL;3138.31
2025-08-01 15:00:00;SUDESTE/CENTRO-OESTE;SUL;1782.193
2025-08-01 16:00:00;SUDESTE/CENTRO-OESTE;SUL;468.56
2025-08-01 17:00:00;SUDESTE/CENTRO-OESTE;SUL;-313.181
2025-08-01 18:00:00;SUDESTE/CENTRO-OESTE;SUL;145.219
2025-08-01 19:00:00;SUDESTE/CENTRO-OESTE;SUL;-354.355
2025-08-01 20:00:00;SUDESTE/CENTRO-OESTE;SUL;-1560.524
2025-08-01 21:00:00;SUDESTE/CENTRO-OESTE;SUL;-2314.137
2025-08-01 22:00:00;SUDESTE/CENTRO-OESTE;SUL;-2803.638
2025-08-01 23:00:00;SUDESTE/CENTRO-OESTE;SUL;-2882.859
2025-08-02 00:00:00;SUDESTE/CENTRO-OESTE;SUL;-2904.74
2025-08-02 01:00:00;SUDESTE/CENTRO-OESTE;SUL;-1309.58
2025-08-02 02:00:00;SUDESTE/CENTRO-OESTE;SUL;-537.63699999
2025-08-02 03:00:00;SUDESTE/CENTRO-OESTE;SUL;-396.0
2025-08-02 04:00:00;SUDESTE/CENTRO-OESTE;SUL;-677.601
2025-08-02 05:00:00;SUDESTE/CENTRO-OESTE;SUL;-687.047
2025-08-02 06:00:00;SUDESTE/CENTRO-OESTE;SUL;-99.873
2025-08-02 07:00:00;SUDESTE/CENTRO-OESTE;SUL;2728.915
2025-08-02 08:00:00;SUDESTE/CENTRO-OESTE;SUL;3076.407
2025-08-02 09:00:00;SUDESTE/CENTRO-OESTE;SUL;2578.527
2025-08-02 10:00:00;SUDESTE/CENTRO-OESTE;SUL;1974.233
2025-08-02 11:00:00;SUDESTE/CENTRO-OESTE;SUL;1274.967
2025-08-02 12:00:00;SUDESTE/CENTRO-OESTE;SUL;787.653
2025-08-02 13:00:00;SUDESTE/CENTRO-OESTE;SUL;669.99199999
2025-08-02 14:00:00;SUDESTE/CENTRO-OESTE;SUL;470.016
2025-08-02 15:00:00;SUDESTE/CENTRO-OESTE;SUL;1239.76
2025-08-02 16:00:00;SUDESTE/CENTRO-OESTE;SUL;358.927
2025-08-02 17:00:00;SUDESTE/CENTRO-OESTE;SUL;-640.807
2025-08-02 18:00:00;SUDESTE/CENTRO-OESTE;SUL;-603.292
2025-08-02 19:00:00;SUDESTE/CENTRO-OESTE;SUL;-580.168
2025-08-02 20:00:00;SUDESTE/CENTRO-OESTE;SUL;-1868.156
2025-08-02 21:00:00;SUDESTE/CENTRO-OESTE;SUL;-3018.461
2025-08-02 22:00:00;SUDESTE/CENTRO-OESTE;SUL;-3207.591
2025-08-02 23:00:00;SUDESTE/CENTRO-OESTE;SUL;-2738.618
2025-08-03 00:00:00;SUDESTE/CENTRO-OESTE;SUL;-1674.334
2025-08-03 01:00:00;SUDESTE/CENTRO-OESTE;SUL;-650.467
2025-08-03 02:00:00;SUDESTE/CENTRO-OESTE;SUL;191.04
2025-08-03 03:00:00;SUDESTE/CENTRO-OESTE;SUL;429.306
2025-08-03 04:00:00;SUDESTE/CENTRO-OESTE;SUL;96.757
2025-08-03 05:00:00;SUDESTE/CENTRO-OESTE;SUL;334.67399999
2025-08-03 06:00:00;SUDESTE/CENTRO-OESTE;SUL;1144.32199999
2025-08-03 07:00:00;SUDESTE/CENTRO-OESTE;SUL;1386.385
2025-08-03 08:00:00;SUDESTE/CENTRO-OESTE;SUL;1927.705
2025-08-03 09:00:00;SUDESTE/CENTRO-OESTE;SUL;2323.348
2025-08-03 10:00:00;SUDESTE/CENTRO-OESTE;SUL;2381.98
2025-08-03 11:00:00;SUDESTE/CENTRO-OESTE;SUL;2357.301
2025-08-03 12:00:00;SUDESTE/CENTRO-OESTE;SUL;2589.07499999
2025-08-03 13:00:00;SUDESTE/CENTRO-OESTE;SUL;2276.292
2025-08-03 14:00:00;SUDESTE/CENTRO-OESTE;SUL;2150.302
2025-08-03 15:00:00;SUDESTE/CENTRO-OESTE;SUL;1981.1
2025-08-03 16:00:00;SUDESTE/CENTRO-OESTE;SUL;1043.604
2025-08-03 17:00:00;SUDESTE/CENTRO-OESTE;SUL;-2169.705
2025-08-03 18:00:00;SUDESTE/CENTRO-OESTE;SUL;-1687.451
2025-08-03 19:00:00;SUDESTE/CENTRO-OESTE;SUL;-1075.141
2025-08-03 20:00:00;SUDESTE/CENTRO-OESTE;SUL;-1455.698
2025-08-03 21:00:00;SUDESTE/CENTRO-OESTE;SUL;-2479.167
2025-08-03 22:00:00;SUDESTE/CENTRO-OESTE;SUL;-3101.249
2025-08-03 23:00:00;SUDESTE/CENTRO-OESTE;SUL;-3189.108
2025-08-04 00:00:00;SUDESTE/CENTRO-OESTE;SUL;-1272.93599999
2025-08-04 01:00:00;SUDESTE/CENTRO-OESTE;SUL;544.633
2025-08-04 02:00:00;SUDESTE/CENTRO-OESTE;SUL;890.554
2025-08-04 03:00:00;SUDESTE/CENTRO-OESTE;SUL;1456.081
2025-08-04 04:00:00;SUDESTE/CENTRO-OESTE;SUL;1282.68699999
2025-08-04 05:00:00;SUDESTE/CENTRO-OESTE;SUL;-36.328
2025-08-04 06:00:00;SUDESTE/CENTRO-OESTE;SUL;-296.838
2025-08-04 07:00:00;SUDESTE/CENTRO-OESTE;SUL;1528.943
2025-08-04 08:00:00;SUDESTE/CENTRO-OESTE;SUL;3111.873
2025-08-04 09:00:00;SUDESTE/CENTRO-OESTE;SUL;3824.07
2025-08-04 10:00:00;SUDESTE/CENTRO-OESTE;SUL;4055.09
2025-08-04 11:00:00;SUDESTE/CENTRO-OESTE;SUL;3959.102
2025-08-04 12:00:00;SUDESTE/CENTRO-OESTE;SUL;4570.187
2025-08-04 13:00:00;SUDESTE/CENTRO-OESTE;SUL;4120.524
2025-08-04 14:00:00;SUDESTE/CENTRO-OESTE;SUL;3600.532
2025-08-04 15:00:00;SUDESTE/CENTRO-OESTE;SUL;2623.618
2025-08-04 16:00:00;SUDESTE/CENTRO-OESTE;SUL;2351.17299999
2025-08-04 17:00:00;SUDESTE/CENTRO-OESTE;SUL;2041.472
2025-08-04 18:00:00;SUDESTE/CENTRO-OESTE;SUL;1557.855
2025-08-04 19:00:00;SUDESTE/CENTRO-OESTE;SUL;1329.086
2025-08-04 20:00:00;SUDESTE/CENTRO-OESTE;SUL;543.12
2025-08-04 21:00:00;SUDESTE/CENTRO-OESTE;SUL;-287.728
2025-08-04 22:00:00;SUDESTE/CENTRO-OESTE;SUL;-873.402
2025-08-04 23:00:00;SUDESTE/CENTRO-OESTE;SUL;-1469.634
2025-08-05 00:00:00;SUDESTE/CENTRO-OESTE;SUL;-1044.315
2025-08-05 01:00:00;SUDESTE/CENTRO-OESTE;SUL;-965.028
2025-08-05 02:00:00;SUDESTE/CENTRO-OESTE;SUL;-489.715
2025-08-05 03:00:00;SUDESTE/CENTRO-OESTE;SUL;-194.503
2025-08-05 04:00:00;SUDESTE/CENTRO-OESTE;SUL;-198.306
2025-08-05 05:00:00;SUDESTE/CENTRO-OESTE;SUL;-587.346
2025-08-05 06:00:00;SUDESTE/CENTRO-OESTE;SUL;-839.15
2025-08-05 07:00:00;SUDESTE/CENTRO-OESTE;SUL;341.52499999
2025-08-05 08:00:00;SUDESTE/CENTRO-OESTE;SUL;703.637
2025-08-05 09:00:00;SUDESTE/CENTRO-OESTE;SUL;1787.555
2025-08-05 10:00:00;SUDESTE/CENTRO-OESTE;SUL;1698.865
2025-08-05 11:00:00;SUDESTE/CENTRO-OESTE;SUL;1735.648
2025-08-05 12:00:00;SUDESTE/CENTRO-OESTE;SUL;1775.35
2025-08-05 13:00:00;SUDESTE/CENTRO-OESTE;SUL;1504.17
2025-08-05 14:00:00;SUDESTE/CENTRO-OESTE;SUL;1393.658
2025-08-05 15:00:00;SUDESTE/CENTRO-OESTE;SUL;487.314
2025-08-05 16:00:00;SUDESTE/CENTRO-OESTE;SUL;387.481
2025-08-05 17:00:00;SUDESTE/CENTRO-OESTE;SUL;1050.959
2025-08-05 18:00:00;SUDESTE/CENTRO-OESTE;SUL;1254.689
2025-08-05 19:00:00;SUDESTE/CENTRO-OESTE;SUL;802.813
2025-08-05 20:00:00;SUDESTE/CENTRO-OESTE;SUL;603.221
2025-08-05 21:00:00;SUDESTE/CENTRO-OESTE;SUL;-533.53099999
2025-08-05 22:00:00;SUDESTE/CENTRO-OESTE;SUL;-1459.401
2025-08-05 23:00:00;SUDESTE/CENTRO-OESTE;SUL;-1891.352
2025-08-06 00:00:00;SUDESTE/CENTRO-OESTE;SUL;-675.243
2025-08-06 01:00:00;SUDESTE/CENTRO-OESTE;SUL;444.595
2025-08-06 02:00:00;SUDESTE/CENTRO-OESTE;SUL;1080.32199999
2025-08-06 03:00:00;SUDESTE/CENTRO-OESTE;SUL;1509.172
2025-08-06 04:00:00;SUDESTE/CENTRO-OESTE;SUL;1487.771
2025-08-06 05:00:00;SUDESTE/CENTRO-OESTE;SUL;151.34299999
2025-08-06 06:00:00;SUDESTE/CENTRO-OESTE;SUL;-1259.07199999
2025-08-06 07:00:00;SUDESTE/CENTRO-OESTE;SUL;690.723
2025-08-06 08:00:00;SUDESTE/CENTRO-OESTE;SUL;2175.76899999
2025-08-06 09:00:00;SUDESTE/CENTRO-OESTE;SUL;3711.357
2025-08-06 10:00:00;SUDESTE/CENTRO-OESTE;SUL;3379.775
2025-08-06 11:00:00;SUDESTE/CENTRO-OESTE;SUL;3368.269
2025-08-06 12:00:00;SUDESTE/CENTRO-OESTE;SUL;4017.172
2025-08-06 13:00:00;SUDESTE/CENTRO-OESTE;SUL;3801.063
2025-08-06 14:00:00;SUDESTE/CENTRO-OESTE;SUL;3018.488
2025-08-06 15:00:00;SUDESTE/CENTRO-OESTE;SUL;777.61
2025-08-06 16:00:00;SUDESTE/CENTRO-OESTE;SUL;-383.986
2025-08-06 17:00:00;SUDESTE/CENTRO-OESTE;SUL;-429.772
2025-08-06 18:00:00;SUDESTE/CENTRO-OESTE;SUL;331.32799999
2025-08-06 19:00:00;SUDESTE/CENTRO-OESTE;SUL;411.923
2025-08-06 20:00:00;SUDESTE/CENTRO-OESTE;SUL;293.342
2025-08-06 21:00:00;SUDESTE/CENTRO-OESTE;SUL;-427.628
2025-08-06 22:00:00;SUDESTE/CENTRO-OESTE;SUL;-766.412
2025-08-06 23:00:00;SUDESTE/CENTRO-OESTE;SUL;-1543.112
2025-08-07 00:00:00;SUDESTE/CENTRO-OESTE;SUL;-370.023
2025-08-07 01:00:00;SUDESTE/CENTRO-OESTE;SUL;1003.043
2025-08-07 02:00:00;SUDESTE/CENTRO-OESTE;SUL;1909.366
2025-08-07 03:00:00;SUDESTE/CENTRO-OESTE;SUL;2159.09
2025-08-07 04:00:00;SUDESTE/CENTRO-OESTE;SUL;1654.04
2025-08-07 05:00:00;SUDESTE/CENTRO-OESTE;SUL;787.468
2025-08-07 06:00:00;SUDESTE/CENTRO-OESTE;SUL;-446.514
2025-08-07 07:00:00;SUDESTE/CENTRO-OESTE;SUL;1315.78
2025-08-07 08:00:00;SUDESTE/CENTRO-OESTE;SUL;3231.978
2025-08-07 09:00:00;SUDESTE/CENTRO-OESTE;SUL;4133.613
2025-08-07 10:00:00;SUDESTE/CENTRO-OESTE;SUL;3763.86
2025-08-07 11:00:00;SUDESTE/CENTRO-OESTE;SUL;3688.735
2025-08-07 12:00:00;SUDESTE/CENTRO-OESTE;SUL;2947.179
2025-08-07 13:00:00;SUDESTE/CENTRO-OESTE;SUL;1881.661
2025-08-07 14:00:00;SUDESTE/CENTRO-OESTE;SUL;1895.002
2025-08-07 15:00:00;SUDESTE/CENTRO-OESTE;SUL;699.434
2025-08-07 16:00:00;SUDESTE/CENTRO-OESTE;SUL;285.959
2025-08-07 17:00:00;SUDESTE/CENTRO-OESTE;SUL;373.459
2025-08-07 18:00:00;SUDESTE/CENTRO-OESTE;SUL;1153.948
2025-08-07 19:00:00;SUDESTE/CENTRO-OESTE;SUL;1396.978
2025-08-07 20:00:00;SUDESTE/CENTRO-OESTE;SUL;502.536
2025-08-07 21:00:00;SUDESTE/CENTRO-OESTE;SUL;-919.386
2025-08-07 22:00:00;SUDESTE/CENTRO-OESTE;SUL;-1269.224
2025-08-07 23:00:00;SUDESTE/CENTRO-OESTE;SUL;-2150.92099999
2025-08-08 00:00:00;SUDESTE/CENTRO-OESTE;SUL;-1758.499
2025-08-08 01:00:00;SUDESTE/CENTRO-OESTE;SUL;-508.736
2025-08-08 02:00:00;SUDESTE/CENTRO-OESTE;SUL;-20.303
2025-08-08 03:00:00;SUDESTE/CENTRO-OESTE;SUL;72.97199999
2025-08-08 04:00:00;SUDESTE/CENTRO-OESTE;SUL;178.246
2025-08-08 05:00:00;SUDESTE/CENTRO-OESTE;SUL;-921.71
2025-08-08 06:00:00;SUDESTE/CENTRO-OESTE;SUL;-1979.164
2025-08-08 07:00:00;SUDESTE/CENTRO-OESTE;SUL;-527.052
2025-08-08 08:00:00;SUDESTE/CENTRO-OESTE;SUL;2140.48799999
2025-08-08 09:00:00;SUDESTE/CENTRO-OESTE;SUL;3435.384
2025-08-08 10:00:00;SUDESTE/CENTRO-OESTE;SUL;2182.945
2025-08-08 11:00:00;SUDESTE/CENTRO-OESTE;SUL;1266.204
2025-08-08 12:00:00;SUDESTE/CENTRO-OESTE;SUL;1203.953
2025-08-08 13:00:00;SUDESTE/CENTRO-OESTE;SUL;783.615
2025-08-08 14:00:00;SUDESTE/CENTRO-OESTE;SUL;-326.058
2025-08-08 15:00:00;SUDESTE/CENTRO-OESTE;SUL;-1729.23
2025-08-08 16:00:00;SUDESTE/CENTRO-OESTE;SUL;-2551.44099999
2025-08-08 17:00:00;SUDESTE/CENTRO-OESTE;SUL;-1776.225
2025-08-08 18:00:00;SUDESTE/CENTRO-OESTE;SUL;-199.869
2025-08-08 19:00:00;SUDESTE/CENTRO-OESTE;SUL;-61.079
2025-08-08 20:00:00;SUDESTE/CENTRO-OESTE;SUL;-139.57
2025-08-08 21:00:00;SUDESTE/CENTRO-OESTE;SUL;-873.351
2025-08-08 22:00:00;SUDESTE/CENTRO-OESTE;SUL;-1614.9
2025-08-08 23:00:00;SUDESTE/CENTRO-OESTE;SUL;-2423.717
2025-08-09 00:00:00;SUDESTE/CENTRO-OESTE;SUL;-3343.74
2025-08-09 01:00:00;SUDESTE/CENTRO-OESTE;SUL;-3562.932
2025-08-09 02:00:00;SUDESTE/CENTRO-OESTE;SUL;-3315.139
2025-08-09 03:00:00;SUDESTE/CENTRO-OESTE;SUL;-3170.689
2025-08-09 04:00:00;SUDESTE/CENTRO-OESTE;SUL;-3497.757
2025-08-09 05:00:00;SUDESTE/CENTRO-OESTE;SUL;-4010.631
2025-08-09 06:00:00;SUDESTE/CENTRO-OESTE;SUL;-2911.089
2025-08-09 07:00:00;SUDESTE/CENTRO-OESTE;SUL;126.92
2025-08-09 08:00:00;SUDESTE/CENTRO-OESTE;SUL;2187.437
2025-08-09 09:00:00;SUDESTE/CENTRO-OESTE;SUL;2577.395
2025-08-09 10:00:00;SUDESTE/CENTRO-OESTE;SUL;3031.046
2025-08-09 11:00:00;SUDESTE/CENTRO-OESTE;SUL;3397.24
2025-08-09 12:00:00;SUDESTE/CENTRO-OESTE;SUL;3300.002
2025-08-09 13:00:00;SUDESTE/CENTRO-OESTE;SUL;3194.686
2025-08-09 14:00:00;SUDESTE/CENTRO-OESTE;SUL;3246.814
2025-08-09 15:00:00;SUDESTE/CENTRO-OESTE;SUL;2870.346
2025-08-09 16:00:00;SUDESTE/CENTRO-OESTE;SUL;1271.46
2025-08-09 17:00:00;SUDESTE/CENTRO-OESTE;SUL;-1249.761
2025-08-09 18:00:00;SUDESTE/CENTRO-OESTE;SUL;-852.6
2025-08-09 19:00:00;SUDESTE/CENTRO-OESTE;SUL;-1169.268
2025-08-09 20:00:00;SUDESTE/CENTRO-OESTE;SUL;-2197.121
2025-08-09 21:00:00;SUDESTE/CENTRO-OESTE;SUL;-2721.13299999
2025-08-09 22:00:00;SUDESTE/CENTRO-OESTE;SUL;-3397.471
2025-08-09 23:00:00;SUDESTE/CENTRO-OESTE;SUL;-4106.512
2025-08-10 00:00:00;SUDESTE/CENTRO-OESTE;SUL;-4095.434
2025-08-10 01:00:00;SUDESTE/CENTRO-OESTE;SUL;-3609.564
2025-08-10 02:00:00;SUDESTE/CENTRO-OESTE;SUL;-2777.556
2025-08-10 03:00:00;SUDESTE/CENTRO-OESTE;SUL;-2289.766
2025-08-10 04:00:00;SUDESTE/CENTRO-OESTE;SUL;-2572.72899999
2025-08-10 05:00:00;SUDESTE/CENTRO-OESTE;SUL;-2665.246
2025-08-10 06:00:00;SUDESTE/CENTRO-OESTE;SUL;-1178.921
2025-08-10 07:00:00;SUDESTE/CENTRO-OESTE;SUL;-216.893
2025-08-10 08:00:00;SUDESTE/CENTRO-OESTE;SUL;246.455
2025-08-10 09:00:00;SUDESTE/CENTRO-OESTE;SUL;630.26
2025-08-10 10:00:00;SUDESTE/CENTRO-OESTE;SUL;410.298
2025-08-10 11:00:00;SUDESTE/CENTRO-OESTE;SUL;-391.94
2025-08-10 12:00:00;SUDESTE/CENTRO-OESTE;SUL;-884.752
2025-08-10 13:00:00;SUDESTE/CENTRO-OESTE;SUL;-867.002
2025-08-10 14:00:00;SUDESTE/CENTRO-OESTE;SUL;-1505.116
2025-08-10 15:00:00;SUDESTE/CENTRO-OESTE;SUL;-625.977
2025-08-10 16:00:00;SUDESTE/CENTRO-OESTE;SUL;305.374
2025-08-10 17:00:00;SUDESTE/CENTRO-OESTE;SUL;-1979.251
2025-08-10 18:00:00;SUDESTE/CENTRO-OESTE;SUL;-1607.507
2025-08-10 19:00:00;SUDESTE/CENTRO-OESTE;SUL;-1104.19
2025-08-10 20:00:00;SUDESTE/CENTRO-OESTE;SUL;-1788.002
2025-08-10 21:00:00;SUDESTE/CENTRO-OESTE;SUL;-2533.835
2025-08-10 22:00:00;SUDESTE/CENTRO-OESTE;SUL;-3317.622
2025-08-10 23:00:00;SUDESTE/CENTRO-OESTE;SUL;-3044.704
2025-08-11 00:00:00;SUDESTE/CENTRO-OESTE;SUL;-3265.922
2025-08-11 01:00:00;SUDESTE/CENTRO-OESTE;SUL;-2385.554
2025-08-11 02:00:00;SUDESTE/CENTRO-OESTE;SUL;-1255.66699999
2025-08-11 03:00:00;SUDESTE/CENTRO-OESTE;SUL;-1066.099
2025-08-11 04:00:00;SUDESTE/CENTRO-OESTE;SUL;-1019.417
2025-08-11 05:00:00;SUDESTE/CENTRO-OESTE;SUL;-2185.896
2025-08-11 06:00:00;SUDESTE/CENTRO-OESTE;SUL;-1686.579
2025-08-11 07:00:00;SUDESTE/CENTRO-OESTE;SUL;1020.965
2025-08-11 08:00:00;SUDESTE/CENTRO-OESTE;SUL;3955.577
2025-08-11 09:00:00;SUDESTE/CENTRO-OESTE;SUL;3966.768
2025-08-11 10:00:00;SUDESTE/CENTRO-OESTE;SUL;3186.893
2025-08-11 11:00:00;SUDESTE/CENTRO-OESTE;SUL;2086.34299999
2025-08-11 12:00:00;SUDESTE/CENTRO-OESTE;SUL;908.073
2025-08-11 13:00:00;SUDESTE/CENTRO-OESTE;SUL;836.69
2025-08-11 14:00:00;SUDESTE/CENTRO-OESTE;SUL;874.098
2025-08-11 15:00:00;SUDESTE/CENTRO-OESTE;SUL;1273.43
2025-08-11 16:00:00;SUDESTE/CENTRO-OESTE;SUL;1152.233
2025-08-11 17:00:00;SUDESTE/CENTRO-OESTE;SUL;-715.116
2025-08-11 18:00:00;SUDESTE/CENTRO-OESTE;SUL;899.984
2025-08-11 19:00:00;SUDESTE/CENTRO-OESTE;SUL;1245.969
2025-08-11 20:00:00;SUDESTE/CENTRO-OESTE;SUL;259.872
2025-08-11 21:00:00;SUDESTE/CENTRO-OESTE;SUL;-707.371
2025-08-11 22:00:00;SUDESTE/CENTRO-OESTE;SUL;-1950.891
2025-08-11 23:00:00;SUDESTE/CENTRO-OESTE;SUL;-2799.421
2025-08-12 00:00:00;SUDESTE/CENTRO-OESTE;SUL;-2842.435
2025-08-12 01:00:00;SUDESTE/CENTRO-OESTE;SUL;-2324.648
2025-08-12 02:00:00;SUDESTE/CENTRO-OESTE;SUL;-1958.758
2025-08-12 03:00:00;SUDESTE/CENTRO-OESTE;SUL;-1678.314
2025-08-12 04:00:00;SUDESTE/CENTRO-OESTE;SUL;-1616.381
2025-08-12 05:00:00;SUDESTE/CENTRO-OESTE;SUL;-2688.123
2025-08-12 06:00:00;SUDESTE/CENTRO-OESTE;SUL;-2286.411
2025-08-12 07:00:00;SUDESTE/CENTRO-OESTE;SUL;2447.217
2025-08-12 08:00:00;SUDESTE/CENTRO-OESTE;SUL;4497.063
2025-08-12 09:00:00;SUDESTE/CENTRO-OESTE;SUL;4446.383
2025-08-12 10:00:00;SUDESTE/CENTRO-OESTE;SUL;4338.066
2025-08-12 11:00:00;SUDESTE/CENTRO-OESTE;SUL;3532.744
2025-08-12 12:00:00;SUDESTE/CENTRO-OESTE;SUL;2826.566
2025-08-12 13:00:00;SUDESTE/CENTRO-OESTE;SUL;2851.302
2025-08-12 14:00:00;SUDESTE/CENTRO-OESTE;SUL;3184.569
2025-08-12 15:00:00;SUDESTE/CENTRO-OESTE;SUL;2295.525
2025-08-12 16:00:00;SUDESTE/CENTRO-OESTE;SUL;1433.214
2025-08-12 17:00:00;SUDESTE/CENTRO-OESTE;SUL;877.758
2025-08-12 18:00:00;SUDESTE/CENTRO-OESTE;SUL;1506.355
2025-08-12 19:00:00;SUDESTE/CENTRO-OESTE;SUL;2096.573
2025-08-12 20:00:00;SUDESTE/CENTRO-OESTE;SUL;1321.926
2025-08-12 21:00:00;SUDESTE/CENTRO-OESTE;SUL;656.041
2025-08-12 22:00:00;SUDESTE/CENTRO-OESTE;SUL;-1091.096
2025-08-12 23:00:00;SUDESTE/CENTRO-OESTE;SUL;-1057.757
2025-08-13 00:00:00;SUDESTE/CENTRO-OESTE;SUL;-422.493
2025-08-13 01:00:00;SUDESTE/CENTRO-OESTE;SUL;1083.977
2025-08-13 02:00:00;SUDESTE/CENTRO-OESTE;SUL;1829.27
2025-08-13 03:00:00;SUDESTE/CENTRO-OESTE;SUL;1422.156
2025-08-13 04:00:00;SUDESTE/CENTRO-OESTE;SUL;1357.625
2025-08-13 05:00:00;SUDESTE/CENTRO-OESTE;SUL;853.541
2025-08-13 06:00:00;SUDESTE/CENTRO-OESTE;SUL;933.42
2025-08-13 07:00:00;SUDESTE/CENTRO-OESTE;SUL;1878.398
2025-08-13 08:00:00;SUDESTE/CENTRO-OESTE;SUL;3063.032
2025-08-13 09:00:00;SUDESTE/CENTRO-OESTE;SUL;3432.86
2025-08-13 10:00:00;SUDESTE/CENTRO-OESTE;SUL;3072.362
2025-08-13 11:00:00;SUDESTE/CENTRO-OESTE;SUL;3037.715
2025-08-13 12:00:00;SUDESTE/CENTRO-OESTE;SUL;1830.568
2025-08-13 13:00:00;SUDESTE/CENTRO-OESTE;SUL;2590.125
2025-08-13 14:00:00;SUDESTE/CENTRO-OESTE;SUL;2549.08399999
2025-08-13 15:00:00;SUDESTE/CENTRO-OESTE;SUL;2499.504
2025-08-13 16:00:00;SUDESTE/CENTRO-OESTE;SUL;906.197
2025-08-13 17:00:00;SUDESTE/CENTRO-OESTE;SUL;1034.159
2025-08-13 18:00:00;SUDESTE/CENTRO-OESTE;SUL;2300.828
2025-08-13 19:00:00;SUDESTE/CENTRO-OESTE;SUL;2522.114
2025-08-13 20:00:00;SUDESTE/CENTRO-OESTE;SUL;1775.906
2025-08-13 21:00:00;SUDESTE/CENTRO-OESTE;SUL;888.936
2025-08-13 22:00:00;SUDESTE/CENTRO-OESTE;SUL;273.89
2025-08-13 23:00:00;SUDESTE/CENTRO-OESTE;SUL;-22.274
2025-08-14 00:00:00;SUDESTE/CENTRO-OESTE;SUL;171.721
2025-08-14 01:00:00;SUDESTE/CENTRO-OESTE;SUL;1361.823
2025-08-14 02:00:00;SUDESTE/CENTRO-OESTE;SUL;1688.717
2025-08-14 03:00:00;SUDESTE/CENTRO-OESTE;SUL;2331.433
2025-08-14 04:00:00;SUDESTE/CENTRO-OESTE;SUL;1891.536
2025-08-14 05:00:00;SUDESTE/CENTRO-OESTE;SUL;-102.66
2025-08-14 06:00:00;SUDESTE/CENTRO-OESTE;SUL;9.516
2025-08-14 07:00:00;SUDESTE/CENTRO-OESTE;SUL;2158.608
2025-08-14 08:00:00;SUDESTE/CENTRO-OESTE;SUL;3912.664
2025-08-14 09:00:00;SUDESTE/CENTRO-OESTE;SUL;4571.059
2025-08-14 10:00:00;SUDESTE/CENTRO-OESTE;SUL;4692.319
2025-08-14 11:00:00;SUDESTE/CENTRO-OESTE;SUL;4368.383
2025-08-14 12:00:00;SUDESTE/CENTRO-OESTE;SUL;4472.455
2025-08-14 13:00:00;SUDESTE/CENTRO-OESTE;SUL;4458.823
2025-08-14 14:00:00;SUDESTE/CENTRO-OESTE;SUL;4221.407
2025-08-14 15:00:00;SUDESTE/CENTRO-OESTE;SUL;3996.768
2025-08-14 16:00:00;SUDESTE/CENTRO-OESTE;SUL;2421.647
2025-08-14 17:00:00;SUDESTE/CENTRO-OESTE;SUL;678.775
2025-08-14 18:00:00;SUDESTE/CENTRO-OESTE;SUL;2317.707
2025-08-14 19:00:00;SUDESTE/CENTRO-OESTE;SUL;2508.48
2025-08-14 20:00:00;SUDESTE/CENTRO-OESTE;SUL;1399.53
2025-08-14 21:00:00;SUDESTE/CENTRO-OESTE;SUL;669.482
2025-08-14 22:00:00;SUDESTE/CENTRO-OESTE;SUL;-73.525
2025-08-14 23:00:00;SUDESTE/CENTRO-OESTE;SUL;-710.753
2025-08-15 00:00:00;SUDESTE/CENTRO-OESTE;SUL;676.364
2025-08-15 01:00:00;SUDESTE/CENTRO-OESTE;SUL;1435.632
2025-08-15 02:00:00;SUDESTE/CENTRO-OESTE;SUL;2058.524
2025-08-15 03:00:00;SUDESTE/CENTRO-OESTE;SUL;2564.957
2025-08-15 04:00:00;SUDESTE/CENTRO-OESTE;SUL;2906.129
2025-08-15 05:00:00;SUDESTE/CENTRO-OESTE;SUL;1480.279
2025-08-15 06:00:00;SUDESTE/CENTRO-OESTE;SUL;1193.021
2025-08-15 07:00:00;SUDESTE/CENTRO-OESTE;SUL;2423.87399999
2025-08-15 08:00:00;SUDESTE/CENTRO-OESTE;SUL;2504.64
2025-08-15 09:00:00;SUDESTE/CENTRO-OESTE;SUL;3803.304
2025-08-15 10:00:00;SUDESTE/CENTRO-OESTE;SUL;4499.029
2025-08-15 11:00:00;SUDESTE/CENTRO-OESTE;SUL;4519.901
2025-08-15 12:00:00;SUDESTE/CENTRO-OESTE;SUL;3935.682
2025-08-15 13:00:00;SUDESTE/CENTRO-OESTE;SUL;4239.319
2025-08-15 14:00:00;SUDESTE/CENTRO-OESTE;SUL;4226.432
2025-08-15 15:00:00;SUDESTE/CENTRO-OESTE;SUL;3362.07
2025-08-15 16:00:00;SUDESTE/CENTRO-OESTE;SUL;2729.254
2025-08-15 17:00:00;SUDESTE/CENTRO-OESTE;SUL;1357.093
2025-08-15 18:00:00;SUDESTE/CENTRO-OESTE;SUL;1508.141
2025-08-15 19:00:00;SUDESTE/CENTRO-OESTE;SUL;1360.803
2025-08-15 20:00:00;SUDESTE/CENTRO-OESTE;SUL;643.426
2025-08-15 21:00:00;SUDESTE/CENTRO-OESTE;SUL;53.021
2025-08-15 22:00:00;SUDESTE/CENTRO-OESTE;SUL;-835.863
2025-08-15 23:00:00;SUDESTE/CENTRO-OESTE;SUL;-142.08099999
2025-08-16 00:00:00;SUDESTE/CENTRO-OESTE;SUL;-618.13
2025-08-16 01:00:00;SUDESTE/CENTRO-OESTE;SUL;-1243.92699999
2025-08-16 02:00:00;SUDESTE/CENTRO-OESTE;SUL;-730.655
2025-08-16 03:00:00;SUDESTE/CENTRO-OESTE;SUL;-637.162
2025-08-16 04:00:00;SUDESTE/CENTRO-OESTE;SUL;-1143.645
2025-08-16 05:00:00;SUDESTE/CENTRO-OESTE;SUL;-1630.286
2025-08-16 06:00:00;SUDESTE/CENTRO-OESTE;SUL;-643.764
2025-08-16 07:00:00;SUDESTE/CENTRO-OESTE;SUL;3065.924
2025-08-16 08:00:00;SUDESTE/CENTRO-OESTE;SUL;3800.093
2025-08-16 09:00:00;SUDESTE/CENTRO-OESTE;SUL;3704.151
2025-08-16 10:00:00;SUDESTE/CENTRO-OESTE;SUL;3089.535
2025-08-16 11:00:00;SUDESTE/CENTRO-OESTE;SUL;3089.918
2025-08-16 12:00:00;SUDESTE/CENTRO-OESTE;SUL;2810.317
2025-08-16 13:00:00;SUDESTE/CENTRO-OESTE;SUL;2609.818
2025-08-16 14:00:00;SUDESTE/CENTRO-OESTE;SUL;2606.288
2025-08-16 15:00:00;SUDESTE/CENTRO-OESTE;SUL;2608.289
2025-08-16 16:00:00;SUDESTE/CENTRO-OESTE;SUL;2075.001
2025-08-16 17:00:00;SUDESTE/CENTRO-OESTE;SUL;610.307
2025-08-16 18:00:00;SUDESTE/CENTRO-OESTE;SUL;1018.634
2025-08-16 19:00:00;SUDESTE/CENTRO-OESTE;SUL;454.463
2025-08-16 20:00:00;SUDESTE/CENTRO-OESTE;SUL;70.947
2025-08-16 21:00:00;SUDESTE/CENTRO-OESTE;SUL;-189.939
2025-08-16 22:00:00;SUDESTE/CENTRO-OESTE;SUL;-415.903
2025-08-16 23:00:00;SUDESTE/CENTRO-OESTE;SUL;-708.305
2025-08-17 00:00:00;SUDESTE/CENTRO-OESTE;SUL;-1110.95
2025-08-17 01:00:00;SUDESTE/CENTRO-OESTE;SUL;-348.738
2025-08-17 02:00:00;SUDESTE/CENTRO-OESTE;SUL;714.84
2025-08-17 03:00:00;SUDESTE/CENTRO-OESTE;SUL;1236.241
2025-08-17 04:00:00;SUDESTE/CENTRO-OESTE;SUL;1354.727
2025-08-17 05:00:00;SUDESTE/CENTRO-OESTE;SUL;765.724
2025-08-17 06:00:00;SUDESTE/CENTRO-OESTE;SUL;1118.035
2025-08-17 07:00:00;SUDESTE/CENTRO-OESTE;SUL;1646.008
2025-08-17 08:00:00;SUDESTE/CENTRO-OESTE;SUL;2222.731
2025-08-17 09:00:00;SUDESTE/CENTRO-OESTE;SUL;1706.279
2025-08-17 10:00:00;SUDESTE/CENTRO-OESTE;SUL;1102.594
2025-08-17 11:00:00;SUDESTE/CENTRO-OESTE;SUL;741.931
2025-08-17 12:00:00;SUDESTE/CENTRO-OESTE;SUL;397.908
2025-08-17 13:00:00;SUDESTE/CENTRO-OESTE;SUL;1.781
2025-08-17 14:00:00;SUDESTE/CENTRO-OESTE;SUL;321.0
2025-08-17 15:00:00;SUDESTE/CENTRO-OESTE;SUL;847.193
2025-08-17 16:00:00;SUDESTE/CENTRO-OESTE;SUL;987.591
2025-08-17 17:00:00;SUDESTE/CENTRO-OESTE;SUL;-142.178
2025-08-17 18:00:00;SUDESTE/CENTRO-OESTE;SUL;959.096
2025-08-17 19:00:00;SUDESTE/CENTRO-OESTE;SUL;803.355
2025-08-17 20:00:00;SUDESTE/CENTRO-OESTE;SUL;-254.503
2025-08-17 21:00:00;SUDESTE/CENTRO-OESTE;SUL;-979.594
2025-08-17 22:00:00;SUDESTE/CENTRO-OESTE;SUL;-1702.159
2025-08-17 23:00:00;SUDESTE/CENTRO-OESTE;SUL;-925.487
2025-08-18 00:00:00;SUDESTE/CENTRO-OESTE;SUL;533.663
2025-08-18 01:00:00;SUDESTE/CENTRO-OESTE;SUL;1494.75
2025-08-18 02:00:00;SUDESTE/CENTRO-OESTE;SUL;1674.381
2025-08-18 03:00:00;SUDESTE/CENTRO-OESTE;SUL;1887.041
2025-08-18 04:00:00;SUDESTE/CENTRO-OESTE;SUL;1850.266
2025-08-18 05:00:00;SUDESTE/CENTRO-OESTE;SUL;703.675
2025-08-18 06:00:00;SUDESTE/CENTRO-OESTE;SUL;-0.274
2025-08-18 07:00:00;SUDESTE/CENTRO-OESTE;SUL;1773.447
2025-08-18 08:00:00;SUDESTE/CENTRO-OESTE;SUL;2950.325
2025-08-18 09:00:00;SUDESTE/CENTRO-OESTE;SUL;3520.148
2025-08-18 10:00:00;SUDESTE/CENTRO-OESTE;SUL;4504.905
2025-08-18 11:00:00;SUDESTE/CENTRO-OESTE;SUL;4432.379
2025-08-18 12:00:00;SUDESTE/CENTRO-OESTE;SUL;3854.688
2025-08-18 13:00:00;SUDESTE/CENTRO-OESTE;SUL;3569.683
2025-08-18 14:00:00;SUDESTE/CENTRO-OESTE;SUL;3849.778
2025-08-18 15:00:00;SUDESTE/CENTRO-OESTE;SUL;3335.512
2025-08-18 16:00:00;SUDESTE/CENTRO-OESTE;SUL;1738.512
2025-08-18 17:00:00;SUDESTE/CENTRO-OESTE;SUL;456.368
2025-08-18 18:00:00;SUDESTE/CENTRO-OESTE;SUL;554.332
2025-08-18 19:00:00;SUDESTE/CENTRO-OESTE;SUL;-473.776
2025-08-18 20:00:00;SUDESTE/CENTRO-OESTE;SUL;-1317.349
2025-08-18 21:00:00;SUDESTE/CENTRO-OESTE;SUL;-2105.606
2025-08-18 22:00:00;SUDESTE/CENTRO-OESTE;SUL;-2840.388
2025-08-18 23:00:00;SUDESTE/CENTRO-OESTE;SUL;-2350.378
2025-08-19 00:00:00;SUDESTE/CENTRO-OESTE;SUL;866.788
2025-08-19 01:00:00;SUDESTE/CENTRO-OESTE;SUL;3592.96
2025-08-19 02:00:00;SUDESTE/CENTRO-OESTE;SUL;4206.395
2025-08-19 03:00:00;SUDESTE/CENTRO-OESTE;SUL;4199.999
2025-08-19 04:00:00;SUDESTE/CENTRO-OESTE;SUL;4262.85499999
2025-08-19 05:00:00;SUDESTE/CENTRO-OESTE;SUL;4022.121
2025-08-19 06:00:00;SUDESTE/CENTRO-OESTE;SUL;2494.828
2025-08-19 07:00:00;SUDESTE/CENTRO-OESTE;SUL;3327.698
2025-08-19 08:00:00;SUDESTE/CENTRO-OESTE;SUL;3272.76
2025-08-19 09:00:00;SUDESTE/CENTRO-OESTE;SUL;3549.191
2025-08-19 10:00:00;SUDESTE/CENTRO-OESTE;SUL;3841.293
2025-08-19 11:00:00;SUDESTE/CENTRO-OESTE;SUL;2156.919
2025-08-19 12:00:00;SUDESTE/CENTRO-OESTE;SUL;1785.523
2025-08-19 13:00:00;SUDESTE/CENTRO-OESTE;SUL;2634.574
2025-08-19 14:00:00;SUDESTE/CENTRO-OESTE;SUL;2731.415
2025-08-19 15:00:00;SUDESTE/CENTRO-OESTE;SUL;3108.806
2025-08-19 16:00:00;SUDESTE/CENTRO-OESTE;SUL;2016.885
2025-08-19 17:00:00;SUDESTE/CENTRO-OESTE;SUL;556.519
2025-08-19 18:00:00;SUDESTE/CENTRO-OESTE;SUL;1052.049
2025-08-19 19:00:00;SUDESTE/CENTRO-OESTE;SUL;923.526
2025-08-19 20:00:00;SUDESTE/CENTRO-OESTE;SUL;-112.96
2025-08-19 21:00:00;SUDESTE/CENTRO-OESTE;SUL;-1081.519
2025-08-19 22:00:00;SUDESTE/CENTRO-OESTE;SUL;-1111.958
2025-08-19 23:00:00;SUDESTE/CENTRO-OESTE;SUL;215.485
2025-08-20 00:00:00;SUDESTE/CENTRO-OESTE;SUL;2304.639
2025-08-20 01:00:00;SUDESTE/CENTRO-OESTE;SUL;3765.344
2025-08-20 02:00:00;SUDESTE/CENTRO-OESTE;SUL;3559.633
2025-08-20 03:00:00;SUDESTE/CENTRO-OESTE;SUL;3502.074
2025-08-20 04:00:00;SUDESTE/CENTRO-OESTE;SUL;3536.745
2025-08-20 05:00:00;SUDESTE/CENTRO-OESTE;SUL;3410.79
2025-08-20 06:00:00;SUDESTE/CENTRO-OESTE;SUL;2655.041
2025-08-20 07:00:00;SUDESTE/CENTRO-OESTE;SUL;3456.011
2025-08-20 08:00:00;SUDESTE/CENTRO-OESTE;SUL;3736.056
2025-08-20 09:00:00;SUDESTE/CENTRO-OESTE;SUL;4075.987
2025-08-20 10:00:00;SUDESTE/CENTRO-OESTE;SUL;3784.134
2025-08-20 11:00:00;SUDESTE/CENTRO-OESTE;SUL;3083.635
2025-08-20 12:00:00;SUDESTE/CENTRO-OESTE;SUL;2341.324
2025-08-20 13:00:00;SUDESTE/CENTRO-OESTE;SUL;2107.811
2025-08-20 14:00:00;SUDESTE/CENTRO-OESTE;SUL;1822.189
2025-08-20 15:00:00;SUDESTE/CENTRO-OESTE;SUL;1585.813
2025-08-20 16:00:00;SUDESTE/CENTRO-OESTE;SUL;1292.34099999
2025-08-20 17:00:00;SUDESTE/CENTRO-OESTE;SUL;-202.591
2025-08-20 18:00:00;SUDESTE/CENTRO-OESTE;SUL;630.707
2025-08-20 19:00:00;SUDESTE/CENTRO-OESTE;SUL;451.532
2025-08-20 20:00:00;SUDESTE/CENTRO-OESTE;SUL;-475.547
2025-08-20 21:00:00;SUDESTE/CENTRO-OESTE;SUL;-1016.43
2025-08-20 22:00:00;SUDESTE/CENTRO-OESTE;SUL;-1284.568
2025-08-20 23:00:00;SUDESTE/CENTRO-OESTE;SUL;-61.53
2025-08-21 00:00:00;SUDESTE/CENTRO-OESTE;SUL;1707.115
2025-08-21 01:00:00;SUDESTE/CENTRO-OESTE;SUL;3130.852
2025-08-21 02:00:00;SUDESTE/CENTRO-OESTE;SUL;3614.06
2025-08-21 03:00:00;SUDESTE/CENTRO-OESTE;SUL;3545.708
2025-08-21 04:00:00;SUDESTE/CENTRO-OESTE;SUL;3461.148
2025-08-21 05:00:00;SUDESTE/CENTRO-OESTE;SUL;2784.807
2025-08-21 06:00:00;SUDESTE/CENTRO-OESTE;SUL;1910.18
2025-08-21 07:00:00;SUDESTE/CENTRO-OESTE;SUL;3494.848
2025-08-21 08:00:00;SUDESTE/CENTRO-OESTE;SUL;3737.22
2025-08-21 09:00:00;SUDESTE/CENTRO-OESTE;SUL;3652.399
2025-08-21 10:00:00;SUDESTE/CENTRO-OESTE;SUL;2908.003
2025-08-21 11:00:00;SUDESTE/CENTRO-OESTE;SUL;2075.448
2025-08-21 12:00:00;SUDESTE/CENTRO-OESTE;SUL;2103.585
2025-08-21 13:00:00;SUDESTE/CENTRO-OESTE;SUL;1987.634
2025-08-21 14:00:00;SUDESTE/CENTRO-OESTE;SUL;2096.175
2025-08-21 15:00:00;SUDESTE/CENTRO-OESTE;SUL;2278.65299999
2025-08-21 16:00:00;SUDESTE/CENTRO-OESTE;SUL;1983.068
2025-08-21 17:00:00;SUDESTE/CENTRO-OESTE;SUL;1090.176
2025-08-21 18:00:00;SUDESTE/CENTRO-OESTE;SUL;1375.933
2025-08-21 19:00:00;SUDESTE/CENTRO-OESTE;SUL;761.951
2025-08-21 20:00:00;SUDESTE/CENTRO-OESTE;SUL;-266.672
2025-08-21 21:00:00;SUDESTE/CENTRO-OESTE;SUL;-1063.44
2025-08-21 22:00:00;SUDESTE/CENTRO-OESTE;SUL;-959.448
2025-08-21 23:00:00;SUDESTE/CENTRO-OESTE;SUL;-103.671
2025-08-22 00:00:00;SUDESTE/CENTRO-OESTE;SUL;2084.64399999
2025-08-22 01:00:00;SUDESTE/CENTRO-OESTE;SUL;3597.802
2025-08-22 02:00:00;SUDESTE/CENTRO-OESTE;SUL;3628.843
2025-08-22 03:00:00;SUDESTE/CENTRO-OESTE;SUL;3703.344
2025-08-22 04:00:00;SUDESTE/CENTRO-OESTE;SUL;3130.757
2025-08-22 05:00:00;SUDESTE/CENTRO-OESTE;SUL;2356.842
2025-08-22 06:00:00;SUDESTE/CENTRO-OESTE;SUL;2065.73799999
2025-08-22 07:00:00;SUDESTE/CENTRO-OESTE;SUL;3106.395
2025-08-22 08:00:00;SUDESTE/CENTRO-OESTE;SUL;3443.252
2025-08-22 09:00:00;SUDESTE/CENTRO-OESTE;SUL;3442.252
2025-08-22 10:00:00;SUDESTE/CENTRO-OESTE;SUL;3158.935
2025-08-22 11:00:00;SUDESTE/CENTRO-OESTE;SUL;3752.979
2025-08-22 12:00:00;SUDESTE/CENTRO-OESTE;SUL;3190.28
2025-08-22 13:00:00;SUDESTE/CENTRO-OESTE;SUL;3024.743
2025-08-22 14:00:00;SUDESTE/CENTRO-OESTE;SUL;1849.26
2025-08-22 15:00:00;SUDESTE/CENTRO-OESTE;SUL;1507.73
2025-08-22 16:00:00;SUDESTE/CENTRO-OESTE;SUL;1377.248
2025-08-22 17:00:00;SUDESTE/CENTRO-OESTE;SUL;-425.149
2025-08-22 18:00:00;SUDESTE/CENTRO-OESTE;SUL;495.796
2025-08-22 19:00:00;SUDESTE/CENTRO-OESTE;SUL;561.77
2025-08-22 20:00:00;SUDESTE/CENTRO-OESTE;SUL;378.648
2025-08-22 21:00:00;SUDESTE/CENTRO-OESTE;SUL;-840.734
2025-08-22 22:00:00;SUDESTE/CENTRO-OESTE;SUL;-577.99
2025-08-22 23:00:00;SUDESTE/CENTRO-OESTE;SUL;-743.97
2025-08-23 00:00:00;SUDESTE/CENTRO-OESTE;SUL;1184.313
2025-08-23 01:00:00;SUDESTE/CENTRO-OESTE;SUL;3169.224
2025-08-23 02:00:00;SUDESTE/CENTRO-OESTE;SUL;3699.733
2025-08-23 03:00:00;SUDESTE/CENTRO-OESTE;SUL;3864.643
2025-08-23 04:00:00;SUDESTE/CENTRO-OESTE;SUL;3865.087
2025-08-23 05:00:00;SUDESTE/CENTRO-OESTE;SUL;3614.84
2025-08-23 06:00:00;SUDESTE/CENTRO-OESTE;SUL;4070.493
2025-08-23 07:00:00;SUDESTE/CENTRO-OESTE;SUL;4816.972
2025-08-23 08:00:00;SUDESTE/CENTRO-OESTE;SUL;5631.515
2025-08-23 09:00:00;SUDESTE/CENTRO-OESTE;SUL;5940.273
2025-08-23 10:00:00;SUDESTE/CENTRO-OESTE;SUL;6029.301
2025-08-23 11:00:00;SUDESTE/CENTRO-OESTE;SUL;5800.634
2025-08-23 12:00:00;SUDESTE/CENTRO-OESTE;SUL;5519.439
2025-08-23 13:00:00;SUDESTE/CENTRO-OESTE;SUL;5378.657
2025-08-23 14:00:00;SUDESTE/CENTRO-OESTE;SUL;5435.986
2025-08-23 15:00:00;SUDESTE/CENTRO-OESTE;SUL;5191.656
2025-08-23 16:00:00;SUDESTE/CENTRO-OESTE;SUL;2019.829
2025-08-23 17:00:00;SUDESTE/CENTRO-OESTE;SUL;385.693
2025-08-23 18:00:00;SUDESTE/CENTRO-OESTE;SUL;1992.807
2025-08-23 19:00:00;SUDESTE/CENTRO-OESTE;SUL;1792.402
2025-08-23 20:00:00;SUDESTE/CENTRO-OESTE;SUL;822.764
2025-08-23 21:00:00;SUDESTE/CENTRO-OESTE;SUL;262.839
2025-08-23 22:00:00;SUDESTE/CENTRO-OESTE;SUL;-719.547
2025-08-23 23:00:00;SUDESTE/CENTRO-OESTE;SUL;-403.953
2025-08-24 00:00:00;SUDESTE/CENTRO-OESTE;SUL;88.919
2025-08-24 01:00:00;SUDESTE/CENTRO-OESTE;SUL;813.678
2025-08-24 02:00:00;SUDESTE/CENTRO-OESTE;SUL;1487.934
2025-08-24 03:00:00;SUDESTE/CENTRO-OESTE;SUL;1865.207
2025-08-24 04:00:00;SUDESTE/CENTRO-OESTE;SUL;1924.298
2025-08-24 05:00:00;SUDESTE/CENTRO-OESTE;SUL;1810.517
2025-08-24 06:00:00;SUDESTE/CENTRO-OESTE;SUL;2904.956
2025-08-24 07:00:00;SUDESTE/CENTRO-OESTE;SUL;4605.924
2025-08-24 08:00:00;SUDESTE/CENTRO-OESTE;SUL;5182.924
2025-08-24 09:00:00;SUDESTE/CENTRO-OESTE;SUL;5715.007
2025-08-24 10:00:00;SUDESTE/CENTRO-OESTE;SUL;5320.135
2025-08-24 11:00:00;SUDESTE/CENTRO-OESTE;SUL;5153.611
2025-08-24 12:00:00;SUDESTE/CENTRO-OESTE;SUL;4577.142
2025-08-24 13:00:00;SUDESTE/CENTRO-OESTE;SUL;4581.39999999
2025-08-24 14:00:00;SUDESTE/CENTRO-OESTE;SUL;4718.41799999
2025-08-24 15:00:00;SUDESTE/CENTRO-OESTE;SUL;4172.894
2025-08-24 16:00:00;SUDESTE/CENTRO-OESTE;SUL;3167.531
2025-08-24 17:00:00;SUDESTE/CENTRO-OESTE;SUL;-1658.912
2025-08-24 18:00:00;SUDESTE/CENTRO-OESTE;SUL;-1167.53
2025-08-24 19:00:00;SUDESTE/CENTRO-OESTE;SUL;-243.323
2025-08-24 20:00:00;SUDESTE/CENTRO-OESTE;SUL;-386.472
2025-08-24 21:00:00;SUDESTE/CENTRO-OESTE;SUL;-457.116
2025-08-24 22:00:00;SUDESTE/CENTRO-OESTE;SUL;-870.88
2025-08-24 23:00:00;SUDESTE/CENTRO-OESTE;SUL;-220.708
2025-08-25 00:00:00;SUDESTE/CENTRO-OESTE;SUL;111.688
2025-08-25 01:00:00;SUDESTE/CENTRO-OESTE;SUL;1744.631
2025-08-25 02:00:00;SUDESTE/CENTRO-OESTE;SUL;2660.59299999
2025-08-25 03:00:00;SUDESTE/CENTRO-OESTE;SUL;2911.845
2025-08-25 04:00:00;SUDESTE/CENTRO-OESTE;SUL;2986.606
2025-08-25 05:00:00;SUDESTE/CENTRO-OESTE;SUL;2829.191
2025-08-25 06:00:00;SUDESTE/CENTRO-OESTE;SUL;2562.69999999
2025-08-25 07:00:00;SUDESTE/CENTRO-OESTE;SUL;2950.457
2025-08-25 08:00:00;SUDESTE/CENTRO-OESTE;SUL;3067.828
2025-08-25 09:00:00;SUDESTE/CENTRO-OESTE;SUL;4770.631
2025-08-25 10:00:00;SUDESTE/CENTRO-OESTE;SUL;5489.283
2025-08-25 11:00:00;SUDESTE/CENTRO-OESTE;SUL;4026.484
2025-08-25 12:00:00;SUDESTE/CENTRO-OESTE;SUL;3662.14
2025-08-25 13:00:00;SUDESTE/CENTRO-OESTE;SUL;3820.402
2025-08-25 14:00:00;SUDESTE/CENTRO-OESTE;SUL;3918.804
2025-08-25 15:00:00;SUDESTE/CENTRO-OESTE;SUL;4213.618
2025-08-25 16:00:00;SUDESTE/CENTRO-OESTE;SUL;3720.082
2025-08-25 17:00:00;SUDESTE/CENTRO-OESTE;SUL;2149.452
2025-08-25 18:00:00;SUDESTE/CENTRO-OESTE;SUL;3414.745
2025-08-25 19:00:00;SUDESTE/CENTRO-OESTE;SUL;4011.171
2025-08-25 20:00:00;SUDESTE/CENTRO-OESTE;SUL;3684.309
2025-08-25 21:00:00;SUDESTE/CENTRO-OESTE;SUL;2262.963
2025-08-25 22:00:00;SUDESTE/CENTRO-OESTE;SUL;355.363
2025-08-25 23:00:00;SUDESTE/CENTRO-OESTE;SUL;171.344
2025-08-26 00:00:00;SUDESTE/CENTRO-OESTE;SUL;608.384
2025-08-26 01:00:00;SUDESTE/CENTRO-OESTE;SUL;628.92999999
2025-08-26 02:00:00;SUDESTE/CENTRO-OESTE;SUL;813.21
2025-08-26 03:00:00;SUDESTE/CENTRO-OESTE;SUL;879.754
2025-08-26 04:00:00;SUDESTE/CENTRO-OESTE;SUL;516.927
2025-08-26 05:00:00;SUDESTE/CENTRO-OESTE;SUL;-6.039
2025-08-26 06:00:00;SUDESTE/CENTRO-OESTE;SUL;1060.06
2025-08-26 07:00:00;SUDESTE/CENTRO-OESTE;SUL;4182.73499999
2025-08-26 08:00:00;SUDESTE/CENTRO-OESTE;SUL;4809.34199999
2025-08-26 09:00:00;SUDESTE/CENTRO-OESTE;SUL;4718.234
2025-08-26 10:00:00;SUDESTE/CENTRO-OESTE;SUL;4216.263
2025-08-26 11:00:00;SUDESTE/CENTRO-OESTE;SUL;3015.655
2025-08-26 12:00:00;SUDESTE/CENTRO-OESTE;SUL;3052.883
2025-08-26 13:00:00;SUDESTE/CENTRO-OESTE;SUL;3290.464
2025-08-26 14:00:00;SUDESTE/CENTRO-OESTE;SUL;2874.819
2025-08-26 15:00:00;SUDESTE/CENTRO-OESTE;SUL;1958.821
2025-08-26 16:00:00;SUDESTE/CENTRO-OESTE;SUL;1722.007
2025-08-26 17:00:00;SUDESTE/CENTRO-OESTE;SUL;1193.092
2025-08-26 18:00:00;SUDESTE/CENTRO-OESTE;SUL;448.789
2025-08-26 19:00:00;SUDESTE/CENTRO-OESTE;SUL;1715.941
2025-08-26 20:00:00;SUDESTE/CENTRO-OESTE;SUL;1427.09
2025-08-26 21:00:00;SUDESTE/CENTRO-OESTE;SUL;942.355
2025-08-26 22:00:00;SUDESTE/CENTRO-OESTE;SUL;-445.56
2025-08-26 23:00:00;SUDESTE/CENTRO-OESTE;SUL;-96.667
2025-08-27 00:00:00;SUDESTE/CENTRO-OESTE;SUL;-320.704
2025-08-27 01:00:00;SUDESTE/CENTRO-OESTE;SUL;-252.947
2025-08-27 02:00:00;SUDESTE/CENTRO-OESTE;SUL;351.089
2025-08-27 03:00:00;SUDESTE/CENTRO-OESTE;SUL;923.172
2025-08-27 04:00:00;SUDESTE/CENTRO-OESTE;SUL;1259.048
2025-08-27 05:00:00;SUDESTE/CENTRO-OESTE;SUL;1052.553
2025-08-27 06:00:00;SUDESTE/CENTRO-OESTE;SUL;621.761
2025-08-27 07:00:00;SUDESTE/CENTRO-OESTE;SUL;2468.199
2025-08-27 08:00:00;SUDESTE/CENTRO-OESTE;SUL;3040.982
2025-08-27 09:00:00;SUDESTE/CENTRO-OESTE;SUL;3758.555
2025-08-27 10:00:00;SUDESTE/CENTRO-OESTE;SUL;2979.768
2025-08-27 11:00:00;SUDESTE/CENTRO-OESTE;SUL;1985.413
2025-08-27 12:00:00;SUDESTE/CENTRO-OESTE;SUL;1679.841
2025-08-27 13:00:00;SUDESTE/CENTRO-OESTE;SUL;1579.037
2025-08-27 14:00:00;SUDESTE/CENTRO-OESTE;SUL;1794.151
2025-08-27 15:00:00;SUDESTE/CENTRO-OESTE;SUL;2347.021
2025-08-27 16:00:00;SUDESTE/CENTRO-OESTE;SUL;2523.275
2025-08-27 17:00:00;SUDESTE/CENTRO-OESTE;SUL;1264.854
2025-08-27 18:00:00;SUDESTE/CENTRO-OESTE;SUL;2125.176
2025-08-27 19:00:00;SUDESTE/CENTRO-OESTE;SUL;1779.227
2025-08-27 20:00:00;SUDESTE/CENTRO-OESTE;SUL;-117.472
2025-08-27 21:00:00;SUDESTE/CENTRO-OESTE;SUL;-875.246
2025-08-27 22:00:00;SUDESTE/CENTRO-OESTE;SUL;-1191.791
2025-08-27 23:00:00;SUDESTE/CENTRO-OESTE;SUL;-472.801
2025-08-28 00:00:00;SUDESTE/CENTRO-OESTE;SUL;-490.551
2025-08-28 01:00:00;SUDESTE/CENTRO-OESTE;SUL;-395.412
2025-08-28 02:00:00;SUDESTE/CENTRO-OESTE;SUL;287.742
2025-08-28 03:00:00;SUDESTE/CENTRO-OESTE;SUL;669.197
2025-08-28 04:00:00;SUDESTE/CENTRO-OESTE;SUL;551.018
2025-08-28 05:00:00;SUDESTE/CENTRO-OESTE;SUL;-797.933
2025-08-28 06:00:00;SUDESTE/CENTRO-OESTE;SUL;-919.058
2025-08-28 07:00:00;SUDESTE/CENTRO-OESTE;SUL;897.478
2025-08-28 08:00:00;SUDESTE/CENTRO-OESTE;SUL;1411.564
2025-08-28 09:00:00;SUDESTE/CENTRO-OESTE;SUL;2656.051
2025-08-28 10:00:00;SUDESTE/CENTRO-OESTE;SUL;2835.039
2025-08-28 11:00:00;SUDESTE/CENTRO-OESTE;SUL;2473.373
2025-08-28 12:00:00;SUDESTE/CENTRO-OESTE;SUL;1394.683
2025-08-28 13:00:00;SUDESTE/CENTRO-OESTE;SUL;1203.249
2025-08-28 14:00:00;SUDESTE/CENTRO-OESTE;SUL;703.264
2025-08-28 15:00:00;SUDESTE/CENTRO-OESTE;SUL;553.596
2025-08-28 16:00:00;SUDESTE/CENTRO-OESTE;SUL;362.665
2025-08-28 17:00:00;SUDESTE/CENTRO-OESTE;SUL;-845.295
2025-08-28 18:00:00;SUDESTE/CENTRO-OESTE;SUL;415.594
2025-08-28 19:00:00;SUDESTE/CENTRO-OESTE;SUL;821.194
2025-08-28 20:00:00;SUDESTE/CENTRO-OESTE;SUL;203.355
2025-08-28 21:00:00;SUDESTE/CENTRO-OESTE;SUL;-869.15
2025-08-28 22:00:00;SUDESTE/CENTRO-OESTE;SUL;-1839.901
2025-08-28 23:00:00;SUDESTE/CENTRO-OESTE;SUL;-2787.255
2025-08-29 00:00:00;SUDESTE/CENTRO-OESTE;SUL;-1690.248
2025-08-29 01:00:00;SUDESTE/CENTRO-OESTE;SUL;-1316.93599999
2025-08-29 02:00:00;SUDESTE/CENTRO-OESTE;SUL;-1864.46
2025-08-29 03:00:00;SUDESTE/CENTRO-OESTE;SUL;-1254.669
2025-08-29 04:00:00;SUDESTE/CENTRO-OESTE;SUL;-972.252
2025-08-29 05:00:00;SUDESTE/CENTRO-OESTE;SUL;-1691.738
2025-08-29 06:00:00;SUDESTE/CENTRO-OESTE;SUL;-1041.333
2025-08-29 07:00:00;SUDESTE/CENTRO-OESTE;SUL;257.228
2025-08-29 08:00:00;SUDESTE/CENTRO-OESTE;SUL;352.808
2025-08-29 09:00:00;SUDESTE/CENTRO-OESTE;SUL;1154.60899999
2025-08-29 10:00:00;SUDESTE/CENTRO-OESTE;SUL;1128.786
2025-08-29 11:00:00;SUDESTE/CENTRO-OESTE;SUL;984.318
2025-08-29 12:00:00;SUDESTE/CENTRO-OESTE;SUL;402.559
2025-08-29 13:00:00;SUDESTE/CENTRO-OESTE;SUL;96.698
2025-08-29 14:00:00;SUDESTE/CENTRO-OESTE;SUL;434.603
2025-08-29 15:00:00;SUDESTE/CENTRO-OESTE;SUL;297.875
2025-08-29 16:00:00;SUDESTE/CENTRO-OESTE;SUL;-280.831
2025-08-29 17:00:00;SUDESTE/CENTRO-OESTE;SUL;-1724.399
2025-08-29 18:00:00;SUDESTE/CENTRO-OESTE;SUL;-192.918
2025-08-29 19:00:00;SUDESTE/CENTRO-OESTE;SUL;-687.104
2025-08-29 20:00:00;SUDESTE/CENTRO-OESTE;SUL;-1356.872
2025-08-29 21:00:00;SUDESTE/CENTRO-OESTE;SUL;-1960.484
2025-08-29 22:00:00;SUDESTE/CENTRO-OESTE;SUL;-2105.206
2025-08-29 23:00:00;SUDESTE/CENTRO-OESTE;SUL;-1529.909
2025-08-30 00:00:00;SUDESTE/CENTRO-OESTE;SUL;-161.09
2025-08-30 01:00:00;SUDESTE/CENTRO-OESTE;SUL;671.686
2025-08-30 02:00:00;SUDESTE/CENTRO-OESTE;SUL;927.97
2025-08-30 03:00:00;SUDESTE/CENTRO-OESTE;SUL;1086.228
2025-08-30 04:00:00;SUDESTE/CENTRO-OESTE;SUL;886.241
2025-08-30 05:00:00;SUDESTE/CENTRO-OESTE;SUL;647.445
2025-08-30 06:00:00;SUDESTE/CENTRO-OESTE;SUL;287.968
2025-08-30 07:00:00;SUDESTE/CENTRO-OESTE;SUL;903.426
2025-08-30 08:00:00;SUDESTE/CENTRO-OESTE;SUL;834.473
2025-08-30 09:00:00;SUDESTE/CENTRO-OESTE;SUL;534.1
2025-08-30 10:00:00;SUDESTE/CENTRO-OESTE;SUL;-299.526
2025-08-30 11:00:00;SUDESTE/CENTRO-OESTE;SUL;-533.017
2025-08-30 12:00:00;SUDESTE/CENTRO-OESTE;SUL;-949.293
2025-08-30 13:00:00;SUDESTE/CENTRO-OESTE;SUL;-1244.54299999
2025-08-30 14:00:00;SUDESTE/CENTRO-OESTE;SUL;-1191.5
2025-08-30 15:00:00;SUDESTE/CENTRO-OESTE;SUL;-1563.155
2025-08-30 16:00:00;SUDESTE/CENTRO-OESTE;SUL;-1571.794
2025-08-30 17:00:00;SUDESTE/CENTRO-OESTE;SUL;-1931.615
2025-08-30 18:00:00;SUDESTE/CENTRO-OESTE;SUL;-923.557
2025-08-30 19:00:00;SUDESTE/CENTRO-OESTE;SUL;-1344.941
2025-08-30 20:00:00;SUDESTE/CENTRO-OESTE;SUL;-2486.757
2025-08-30 21:00:00;SUDESTE/CENTRO-OESTE;SUL;-2388.994
2025-08-30 22:00:00;SUDESTE/CENTRO-OESTE;SUL;-2139.929
2025-08-30 23:00:00;SUDESTE/CENTRO-OESTE;SUL;-2379.058
2025-08-31 00:00:00;SUDESTE/CENTRO-OESTE;SUL;-1879.851
2025-08-31 01:00:00;SUDESTE/CENTRO-OESTE;SUL;-464.252
2025-08-31 02:00:00;SUDESTE/CENTRO-OESTE;SUL;-328.97199999
2025-08-31 03:00:00;SUDESTE/CENTRO-OESTE;SUL;-494.101
2025-08-31 04:00:00;SUDESTE/CENTRO-OESTE;SUL;-686.921
2025-08-31 05:00:00;SUDESTE/CENTRO-OESTE;SUL;-856.119
2025-08-31 06:00:00;SUDESTE/CENTRO-OESTE;SUL;839.784
2025-08-31 07:00:00;SUDESTE/CENTRO-OESTE;SUL;1660.067
2025-08-31 08:00:00;SUDESTE/CENTRO-OESTE;SUL;898.189
2025-08-31 09:00:00;SUDESTE/CENTRO-OESTE;SUL;583.087
2025-08-31 10:00:00;SUDESTE/CENTRO-OESTE;SUL;66.137
2025-08-31 11:00:00;SUDESTE/CENTRO-OESTE;SUL;-117.754
2025-08-31 12:00:00;SUDESTE/CENTRO-OESTE;SUL;-660.154
2025-08-31 13:00:00;SUDESTE/CENTRO-OESTE;SUL;-687.652
2025-08-31 14:00:00;SUDESTE/CENTRO-OESTE;SUL;-435.477
2025-08-31 15:00:00;SUDESTE/CENTRO-OESTE;SUL;-327.235
2025-08-31 16:00:00;SUDESTE/CENTRO-OESTE;SUL;-633.53599999
2025-08-31 17:00:00;SUDESTE/CENTRO-OESTE;SUL;-1969.046
2025-08-31 18:00:00;SUDESTE/CENTRO-OESTE;SUL;-1702.293
2025-08-31 19:00:00;SUDESTE/CENTRO-OESTE;SUL;-1987.232
2025-08-31 20:00:00;SUDESTE/CENTRO-OESTE;SUL;-2292.297
2025-08-31 21:00:00;SUDESTE/CENTRO-OESTE;SUL;-1807.836
2025-08-31 22:00:00;SUDESTE/CENTRO-OESTE;SUL;-2328.884
2025-08-31 23:00:00;SUDESTE/CENTRO-OESTE;SUL;-2739.756
2025-09-01 00:00:00;SUDESTE/CENTRO-OESTE;SUL;-2841.478
2025-09-01 01:00:00;SUDESTE/CENTRO-OESTE;SUL;-2091.03699999
2025-09-01 02:00:00;SUDESTE/CENTRO-OESTE;SUL;-1471.865
2025-09-01 03:00:00;SUDESTE/CENTRO-OESTE;SUL;-1094.698
2025-09-01 04:00:00;SUDESTE/CENTRO-OESTE;SUL;-1119.111
2025-09-01 05:00:00;SUDESTE/CENTRO-OESTE;SUL;-1869.55
2025-09-01 06:00:00;SUDESTE/CENTRO-OESTE;SUL;-1415.591
2025-09-01 07:00:00;SUDESTE/CENTRO-OESTE;SUL;541.427
2025-09-01 08:00:00;SUDESTE/CENTRO-OESTE;SUL;907.749
2025-09-01 09:00:00;SUDESTE/CENTRO-OESTE;SUL;933.552
2025-09-01 10:00:00;SUDESTE/CENTRO-OESTE;SUL;1325.217
2025-09-01 11:00:00;SUDESTE/CENTRO-OESTE;SUL;1451.461
2025-09-01 12:00:00;SUDESTE/CENTRO-OESTE;SUL;1904.603
2025-09-01 13:00:00;SUDESTE/CENTRO-OESTE;SUL;1540.747
2025-09-01 14:00:00;SUDESTE/CENTRO-OESTE;SUL;1187.52299999
2025-09-01 15:00:00;SUDESTE/CENTRO-OESTE;SUL;1425.487
2025-09-01 16:00:00;SUDESTE/CENTRO-OESTE;SUL;2047.813
2025-09-01 17:00:00;SUDESTE/CENTRO-OESTE;SUL;322.89299999
2025-09-01 18:00:00;SUDESTE/CENTRO-OESTE;SUL;1456.172
2025-09-01 19:00:00;SUDESTE/CENTRO-OESTE;SUL;1504.348
2025-09-01 20:00:00;SUDESTE/CENTRO-OESTE;SUL;674.812
2025-09-01 21:00:00;SUDESTE/CENTRO-OESTE;SUL;-863.776
2025-09-01 22:00:00;SUDESTE/CENTRO-OESTE;SUL;-1062.01399999
2025-09-01 23:00:00;SUDESTE/CENTRO-OESTE;SUL;473.916
2025-09-02 00:00:00;SUDESTE/CENTRO-OESTE;SUL;1019.708
2025-09-02 01:00:00;SUDESTE/CENTRO-OESTE;SUL;811.231
2025-09-02 02:00:00;SUDESTE/CENTRO-OESTE;SUL;636.90099999
2025-09-02 03:00:00;SUDESTE/CENTRO-OESTE;SUL;1280.48399999
2025-09-02 04:00:00;SUDESTE/CENTRO-OESTE;SUL;759.675
2025-09-02 05:00:00;SUDESTE/CENTRO-OESTE;SUL;94.364
2025-09-02 06:00:00;SUDESTE/CENTRO-OESTE;SUL;-232.861
2025-09-02 07:00:00;SUDESTE/CENTRO-OESTE;SUL;1219.083
2025-09-02 08:00:00;SUDESTE/CENTRO-OESTE;SUL;1175.82
2025-09-02 09:00:00;SUDESTE/CENTRO-OESTE;SUL;1297.712
2025-09-02 10:00:00;SUDESTE/CENTRO-OESTE;SUL;2021.733
2025-09-02 11:00:00;SUDESTE/CENTRO-OESTE;SUL;2016.412
2025-09-02 12:00:00;SUDESTE/CENTRO-OESTE;SUL;1009.929
2025-09-02 13:00:00;SUDESTE/CENTRO-OESTE;SUL;1441.209
2025-09-02 14:00:00;SUDESTE/CENTRO-OESTE;SUL;1432.222
2025-09-02 15:00:00;SUDESTE/CENTRO-OESTE;SUL;1277.986
2025-09-02 16:00:00;SUDESTE/CENTRO-OESTE;SUL;1767.566
2025-09-02 17:00:00;SUDESTE/CENTRO-OESTE;SUL;729.325
2025-09-02 18:00:00;SUDESTE/CENTRO-OESTE;SUL;733.846
2025-09-02 19:00:00;SUDESTE/CENTRO-OESTE;SUL;643.37199999
2025-09-02 20:00:00;SUDESTE/CENTRO-OESTE;SUL;-470.74
2025-09-02 21:00:00;SUDESTE/CENTRO-OESTE;SUL;-733.777
2025-09-02 22:00:00;SUDESTE/CENTRO-OESTE;SUL;-166.502
2025-09-02 23:00:00;SUDESTE/CENTRO-OESTE;SUL;789.843
2025-09-03 00:00:00;SUDESTE/CENTRO-OESTE;SUL;1499.624
2025-09-03 01:00:00;SUDESTE/CENTRO-OESTE;SUL;1619.29
2025-09-03 02:00:00;SUDESTE/CENTRO-OESTE;SUL;1216.851
2025-09-03 03:00:00;SUDESTE/CENTRO-OESTE;SUL;1149.468
2025-09-03 04:00:00;SUDESTE/CENTRO-OESTE;SUL;779.827
2025-09-03 05:00:00;SUDESTE/CENTRO-OESTE;SUL;-375.509
2025-09-03 06:00:00;SUDESTE/CENTRO-OESTE;SUL;-803.978
2025-09-03 07:00:00;SUDESTE/CENTRO-OESTE;SUL;1786.19
2025-09-03 08:00:00;SUDESTE/CENTRO-OESTE;SUL;2529.096
2025-09-03 09:00:00;SUDESTE/CENTRO-OESTE;SUL;3144.555
2025-09-03 10:00:00;SUDESTE/CENTRO-OESTE;SUL;2873.953
2025-09-03 11:00:00;SUDESTE/CENTRO-OESTE;SUL;2026.268
2025-09-03 12:00:00;SUDESTE/CENTRO-OESTE;SUL;1165.932
2025-09-03 13:00:00;SUDESTE/CENTRO-OESTE;SUL;1442.955
2025-09-03 14:00:00;SUDESTE/CENTRO-OESTE;SUL;1106.101
2025-09-03 15:00:00;SUDESTE/CENTRO-OESTE;SUL;412.523
2025-09-03 16:00:00;SUDESTE/CENTRO-OESTE;SUL;-48.116
2025-09-03 17:00:00;SUDESTE/CENTRO-OESTE;SUL;995.609
2025-09-03 18:00:00;SUDESTE/CENTRO-OESTE;SUL;1021.087
2025-09-03 19:00:00;SUDESTE/CENTRO-OESTE;SUL;283.166
2025-09-03 20:00:00;SUDESTE/CENTRO-OESTE;SUL;-241.812
2025-09-03 21:00:00;SUDESTE/CENTRO-OESTE;SUL;-288.423
2025-09-03 22:00:00;SUDESTE/CENTRO-OESTE;SUL;-646.154
2025-09-03 23:00:00;SUDESTE/CENTRO-OESTE;SUL;129.417
2025-09-04 00:00:00;SUDESTE/CENTRO-OESTE;SUL;1493.333
2025-09-04 01:00:00;SUDESTE/CENTRO-OESTE;SUL;1466.185
2025-09-04 02:00:00;SUDESTE/CENTRO-OESTE;SUL;1608.379
2025-09-04 03:00:00;SUDESTE/CENTRO-OESTE;SUL;1497.894
2025-09-04 04:00:00;SUDESTE/CENTRO-OESTE;SUL;1005.0
2025-09-04 05:00:00;SUDESTE/CENTRO-OESTE;SUL;-397.078
2025-09-04 06:00:00;SUDESTE/CENTRO-OESTE;SUL;-687.147
2025-09-04 07:00:00;SUDESTE/CENTRO-OESTE;SUL;1792.923
2025-09-04 08:00:00;SUDESTE/CENTRO-OESTE;SUL;2722.886
2025-09-04 09:00:00;SUDESTE/CENTRO-OESTE;SUL;3353.734
2025-09-04 10:00:00;SUDESTE/CENTRO-OESTE;SUL;3060.447
2025-09-04 11:00:00;SUDESTE/CENTRO-OESTE;SUL;2864.142
2025-09-04 12:00:00;SUDESTE/CENTRO-OESTE;SUL;2518.966
2025-09-04 13:00:00;SUDESTE/CENTRO-OESTE;SUL;2613.143
2025-09-04 14:00:00;SUDESTE/CENTRO-OESTE;SUL;1856.91
2025-09-04 15:00:00;SUDESTE/CENTRO-OESTE;SUL;1236.115
2025-09-04 16:00:00;SUDESTE/CENTRO-OESTE;SUL;979.368
2025-09-04 17:00:00;SUDESTE/CENTRO-OESTE;SUL;1021.435
2025-09-04 18:00:00;SUDESTE/CENTRO-OESTE;SUL;1708.781
2025-09-04 19:00:00;SUDESTE/CENTRO-OESTE;SUL;898.767
2025-09-04 20:00:00;SUDESTE/CENTRO-OESTE;SUL;214.457
2025-09-04 21:00:00;SUDESTE/CENTRO-OESTE;SUL;64.834
2025-09-04 22:00:00;SUDESTE/CENTRO-OESTE;SUL;-1020.224
2025-09-04 23:00:00;SUDESTE/CENTRO-OESTE;SUL;178.572
2025-09-05 00:00:00;SUDESTE/CENTRO-OESTE;SUL;758.437
2025-09-05 01:00:00;SUDESTE/CENTRO-OESTE;SUL;829.288
2025-09-05 02:00:00;SUDESTE/CENTRO-OESTE;SUL;364.096
2025-09-05 03:00:00;SUDESTE/CENTRO-OESTE;SUL;-76.489
2025-09-05 04:00:00;SUDESTE/CENTRO-OESTE;SUL;-600.028
2025-09-05 05:00:00;SUDESTE/CENTRO-OESTE;SUL;-1896.093
2025-09-05 06:00:00;SUDESTE/CENTRO-OESTE;SUL;-1143.701
2025-09-05 07:00:00;SUDESTE/CENTRO-OESTE;SUL;2103.92
2025-09-05 08:00:00;SUDESTE/CENTRO-OESTE;SUL;4057.195
2025-09-05 09:00:00;SUDESTE/CENTRO-OESTE;SUL;4181.871
2025-09-05 10:00:00;SUDESTE/CENTRO-OESTE;SUL;4146.009
2025-09-05 11:00:00;SUDESTE/CENTRO-OESTE;SUL;3229.656
2025-09-05 12:00:00;SUDESTE/CENTRO-OESTE;SUL;2382.512
2025-09-05 13:00:00;SUDESTE/CENTRO-OESTE;SUL;2562.18199999
2025-09-05 14:00:00;SUDESTE/CENTRO-OESTE;SUL;2226.55
2025-09-05 15:00:00;SUDESTE/CENTRO-OESTE;SUL;1964.049
2025-09-05 16:00:00;SUDESTE/CENTRO-OESTE;SUL;861.622
2025-09-05 17:00:00;SUDESTE/CENTRO-OESTE;SUL;567.63
2025-09-05 18:00:00;SUDESTE/CENTRO-OESTE;SUL;761.656
2025-09-05 19:00:00;SUDESTE/CENTRO-OESTE;SUL;971.052
2025-09-05 20:00:00;SUDESTE/CENTRO-OESTE;SUL;395.767
2025-09-05 21:00:00;SUDESTE/CENTRO-OESTE;SUL;112.491
2025-09-05 22:00:00;SUDESTE/CENTRO-OESTE;SUL;-279.829
2025-09-05 23:00:00;SUDESTE/CENTRO-OESTE;SUL;-455.598
2025-09-06 00:00:00;SUDESTE/CENTRO-OESTE;SUL;-592.952
2025-09-06 01:00:00;SUDESTE/CENTRO-OESTE;SUL;-1207.248
2025-09-06 02:00:00;SUDESTE/CENTRO-OESTE;SUL;-1186.906
2025-09-06 03:00:00;SUDESTE/CENTRO-OESTE;SUL;-697.664
2025-09-06 04:00:00;SUDESTE/CENTRO-OESTE;SUL;-750.991
2025-09-06 05:00:00;SUDESTE/CENTRO-OESTE;SUL;-755.285
2025-09-06 06:00:00;SUDESTE/CENTRO-OESTE;SUL;-453.168
2025-09-06 07:00:00;SUDESTE/CENTRO-OESTE;SUL;975.263
2025-09-06 08:00:00;SUDESTE/CENTRO-OESTE;SUL;1620.178
2025-09-06 09:00:00;SUDESTE/CENTRO-OESTE;SUL;1941.451
2025-09-06 10:00:00;SUDESTE/CENTRO-OESTE;SUL;2164.777
2025-09-06 11:00:00;SUDESTE/CENTRO-OESTE;SUL;1913.12
2025-09-06 12:00:00;SUDESTE/CENTRO-OESTE;SUL;1353.88
2025-09-06 13:00:00;SUDESTE/CENTRO-OESTE;SUL;1571.044
2025-09-06 14:00:00;SUDESTE/CENTRO-OESTE;SUL;1347.852
2025-09-06 15:00:00;SUDESTE/CENTRO-OESTE;SUL;1737.233
2025-09-06 16:00:00;SUDESTE/CENTRO-OESTE;SUL;-32.609
2025-09-06 17:00:00;SUDESTE/CENTRO-OESTE;SUL;-1256.458
2025-09-06 18:00:00;SUDESTE/CENTRO-OESTE;SUL;-335.877
2025-09-06 19:00:00;SUDESTE/CENTRO-OESTE;SUL;-383.396
2025-09-06 20:00:00;SUDESTE/CENTRO-OESTE;SUL;-1165.179
2025-09-06 21:00:00;SUDESTE/CENTRO-OESTE;SUL;-1617.834
2025-09-06 22:00:00;SUDESTE/CENTRO-OESTE;SUL;-2071.877
2025-09-06 23:00:00;SUDESTE/CENTRO-OESTE;SUL;-1884.641
2025-09-07 00:00:00;SUDESTE/CENTRO-OESTE;SUL;-2309.35399999
2025-09-07 01:00:00;SUDESTE/CENTRO-OESTE;SUL;-2290.349
2025-09-07 02:00:00;SUDESTE/CENTRO-OESTE;SUL;-1645.302
2025-09-07 03:00:00;SUDESTE/CENTRO-OESTE;SUL;-1990.927
2025-09-07 04:00:00;SUDESTE/CENTRO-OESTE;SUL;-1897.158
2025-09-07 05:00:00;SUDESTE/CENTRO-OESTE;SUL;-1371.07099999
2025-09-07 06:00:00;SUDESTE/CENTRO-OESTE;SUL;-127.403
2025-09-07 07:00:00;SUDESTE/CENTRO-OESTE;SUL;1026.26299999
2025-09-07 08:00:00;SUDESTE/CENTRO-OESTE;SUL;1312.326
2025-09-07 09:00:00;SUDESTE/CENTRO-OESTE;SUL;474.685
2025-09-07 10:00:00;SUDESTE/CENTRO-OESTE;SUL;302.91699999
2025-09-07 11:00:00;SUDESTE/CENTRO-OESTE;SUL;708.821
2025-09-07 12:00:00;SUDESTE/CENTRO-OESTE;SUL;680.05499999
2025-09-07 13:00:00;SUDESTE/CENTRO-OESTE;SUL;586.256
2025-09-07 14:00:00;SUDESTE/CENTRO-OESTE;SUL;631.895
2025-09-07 15:00:00;SUDESTE/CENTRO-OESTE;SUL;-506.678
2025-09-07 16:00:00;SUDESTE/CENTRO-OESTE;SUL;-548.215
2025-09-07 17:00:00;SUDESTE/CENTRO-OESTE;SUL;-2302.286
2025-09-07 18:00:00;SUDESTE/CENTRO-OESTE;SUL;-1544.966
2025-09-07 19:00:00;SUDESTE/CENTRO-OESTE;SUL;-2113.08399999
2025-09-07 20:00:00;SUDESTE/CENTRO-OESTE;SUL;-2938.174
2025-09-07 21:00:00;SUDESTE/CENTRO-OESTE;SUL;-2806.245
2025-09-07 22:00:00;SUDESTE/CENTRO-OESTE;SUL;-2975.971
2025-09-07 23:00:00;SUDESTE/CENTRO-OESTE;SUL;-2087.00799999
2025-09-08 00:00:00;SUDESTE/CENTRO-OESTE;SUL;-2245.629
2025-09-08 01:00:00;SUDESTE/CENTRO-OESTE;SUL;-2308.688
2025-09-08 02:00:00;SUDESTE/CENTRO-OESTE;SUL;-2505.588
2025-09-08 03:00:00;SUDESTE/CENTRO-OESTE;SUL;-2150.886
2025-09-08 04:00:00;SUDESTE/CENTRO-OESTE;SUL;-1777.104
2025-09-08 05:00:00;SUDESTE/CENTRO-OESTE;SUL;-973.094
2025-09-08 06:00:00;SUDESTE/CENTRO-OESTE;SUL;898.915
2025-09-08 07:00:00;SUDESTE/CENTRO-OESTE;SUL;1554.307
2025-09-08 08:00:00;SUDESTE/CENTRO-OESTE;SUL;1483.172
2025-09-08 09:00:00;SUDESTE/CENTRO-OESTE;SUL;1635.123
2025-09-08 10:00:00;SUDESTE/CENTRO-OESTE;SUL;2655.06
2025-09-08 11:00:00;SUDESTE/CENTRO-OESTE;SUL;2588.542
2025-09-08 12:00:00;SUDESTE/CENTRO-OESTE;SUL;2398.823
2025-09-08 13:00:00;SUDESTE/CENTRO-OESTE;SUL;1723.508
2025-09-08 14:00:00;SUDESTE/CENTRO-OESTE;SUL;1069.74
2025-09-08 15:00:00;SUDESTE/CENTRO-OESTE;SUL;809.025
2025-09-08 16:00:00;SUDESTE/CENTRO-OESTE;SUL;1045.796
2025-09-08 17:00:00;SUDESTE/CENTRO-OESTE;SUL;1146.856
2025-09-08 18:00:00;SUDESTE/CENTRO-OESTE;SUL;598.003
2025-09-08 19:00:00;SUDESTE/CENTRO-OESTE;SUL;45.151
2025-09-08 20:00:00;SUDESTE/CENTRO-OESTE;SUL;-233.565
2025-09-08 21:00:00;SUDESTE/CENTRO-OESTE;SUL;-812.891
2025-09-08 22:00:00;SUDESTE/CENTRO-OESTE;SUL;-1297.808
2025-09-08 23:00:00;SUDESTE/CENTRO-OESTE;SUL;-1852.153
2025-09-09 00:00:00;SUDESTE/CENTRO-OESTE;SUL;-2796.474
2025-09-09 01:00:00;SUDESTE/CENTRO-OESTE;SUL;-2453.183
2025-09-09 02:00:00;SUDESTE/CENTRO-OESTE;SUL;-2328.945
2025-09-09 03:00:00;SUDESTE/CENTRO-OESTE;SUL;-2368.856
2025-09-09 04:00:00;SUDESTE/CENTRO-OESTE;SUL;-2465.201
2025-09-09 05:00:00;SUDESTE/CENTRO-OESTE;SUL;-2643.544
2025-09-09 06:00:00;SUDESTE/CENTRO-OESTE;SUL;-1384.484
2025-09-09 07:00:00;SUDESTE/CENTRO-OESTE;SUL;-363.904
2025-09-09 08:00:00;SUDESTE/CENTRO-OESTE;SUL;740.992
2025-09-09 09:00:00;SUDESTE/CENTRO-OESTE;SUL;514.9
2025-09-09 10:00:00;SUDESTE/CENTRO-OESTE;SUL;40.013
2025-09-09 11:00:00;SUDESTE/CENTRO-OESTE;SUL;-352.898
2025-09-09 12:00:00;SUDESTE/CENTRO-OESTE;SUL;-954.625
2025-09-09 13:00:00;SUDESTE/CENTRO-OESTE;SUL;-591.508
2025-09-09 14:00:00;SUDESTE/CENTRO-OESTE;SUL;262.112
2025-09-09 15:00:00;SUDESTE/CENTRO-OESTE;SUL;40.232
2025-09-09 16:00:00;SUDESTE/CENTRO-OESTE;SUL;-607.844
2025-09-09 17:00:00;SUDESTE/CENTRO-OESTE;SUL;-1539.94
2025-09-09 18:00:00;SUDESTE/CENTRO-OESTE;SUL;-607.87199999
2025-09-09 19:00:00;SUDESTE/CENTRO-OESTE;SUL;-279.603
2025-09-09 20:00:00;SUDESTE/CENTRO-OESTE;SUL;-1064.003
2025-09-09 21:00:00;SUDESTE/CENTRO-OESTE;SUL;-1921.823
2025-09-09 22:00:00;SUDESTE/CENTRO-OESTE;SUL;-2767.128
2025-09-09 23:00:00;SUDESTE/CENTRO-OESTE;SUL;-2051.853
2025-09-10 00:00:00;SUDESTE/CENTRO-OESTE;SUL;-2061.522
2025-09-10 01:00:00;SUDESTE/CENTRO-OESTE;SUL;-2899.125
2025-09-10 02:00:00;SUDESTE/CENTRO-OESTE;SUL;-3658.722
2025-09-10 03:00:00;SUDESTE/CENTRO-OESTE;SUL;-3919.953
2025-09-10 04:00:00;SUDESTE/CENTRO-OESTE;SUL;-3911.561
2025-09-10 05:00:00;SUDESTE/CENTRO-OESTE;SUL;-4172.069
2025-09-10 06:00:00;SUDESTE/CENTRO-OESTE;SUL;-2230.82499999
2025-09-10 07:00:00;SUDESTE/CENTRO-OESTE;SUL;-130.805
2025-09-10 08:00:00;SUDESTE/CENTRO-OESTE;SUL;577.278
2025-09-10 09:00:00;SUDESTE/CENTRO-OESTE;SUL;-218.76
2025-09-10 10:00:00;SUDESTE/CENTRO-OESTE;SUL;-548.22299999
2025-09-10 11:00:00;SUDESTE/CENTRO-OESTE;SUL;-891.344
2025-09-10 12:00:00;SUDESTE/CENTRO-OESTE;SUL;-960.473
2025-09-10 13:00:00;SUDESTE/CENTRO-OESTE;SUL;-276.80399999
2025-09-10 14:00:00;SUDESTE/CENTRO-OESTE;SUL;116.551
2025-09-10 15:00:00;SUDESTE/CENTRO-OESTE;SUL;-117.825
2025-09-10 16:00:00;SUDESTE/CENTRO-OESTE;SUL;-1245.259
2025-09-10 17:00:00;SUDESTE/CENTRO-OESTE;SUL;-1434.136
2025-09-10 18:00:00;SUDESTE/CENTRO-OESTE;SUL;315.568
2025-09-10 19:00:00;SUDESTE/CENTRO-OESTE;SUL;745.404
2025-09-10 20:00:00;SUDESTE/CENTRO-OESTE;SUL;163.74199999
2025-09-10 21:00:00;SUDESTE/CENTRO-OESTE;SUL;-953.849
2025-09-10 22:00:00;SUDESTE/CENTRO-OESTE;SUL;-2495.563
2025-09-10 23:00:00;SUDESTE/CENTRO-OESTE;SUL;-3409.692
2025-09-11 00:00:00;SUDESTE/CENTRO-OESTE;SUL;-3554.013
2025-09-11 01:00:00;SUDESTE/CENTRO-OESTE;SUL;-3886.396
2025-09-11 02:00:00;SUDESTE/CENTRO-OESTE;SUL;-3387.36
2025-09-11 03:00:00;SUDESTE/CENTRO-OESTE;SUL;-2500.847
2025-09-11 04:00:00;SUDESTE/CENTRO-OESTE;SUL;-2537.206
2025-09-11 05:00:00;SUDESTE/CENTRO-OESTE;SUL;-3475.73
2025-09-11 06:00:00;SUDESTE/CENTRO-OESTE;SUL;-2644.413
2025-09-11 07:00:00;SUDESTE/CENTRO-OESTE;SUL;-205.403
2025-09-11 08:00:00;SUDESTE/CENTRO-OESTE;SUL;2030.541
2025-09-11 09:00:00;SUDESTE/CENTRO-OESTE;SUL;2948.2
2025-09-11 10:00:00;SUDESTE/CENTRO-OESTE;SUL;2709.58
2025-09-11 11:00:00;SUDESTE/CENTRO-OESTE;SUL;2454.433
2025-09-11 12:00:00;SUDESTE/CENTRO-OESTE;SUL;1974.192
2025-09-11 13:00:00;SUDESTE/CENTRO-OESTE;SUL;1772.35
2025-09-11 14:00:00;SUDESTE/CENTRO-OESTE;SUL;1394.266
2025-09-11 15:00:00;SUDESTE/CENTRO-OESTE;SUL;745.767
2025-09-11 16:00:00;SUDESTE/CENTRO-OESTE;SUL;-717.72
2025-09-11 17:00:00;SUDESTE/CENTRO-OESTE;SUL;-1094.019
2025-09-11 18:00:00;SUDESTE/CENTRO-OESTE;SUL;-748.365
2025-09-11 19:00:00;SUDESTE/CENTRO-OESTE;SUL;-312.767
2025-09-11 20:00:00;SUDESTE/CENTRO-OESTE;SUL;-884.415
2025-09-11 21:00:00;SUDESTE/CENTRO-OESTE;SUL;-1573.707
2025-09-11 22:00:00;SUDESTE/CENTRO-OESTE;SUL;-2428.76
2025-09-11 23:00:00;SUDESTE/CENTRO-OESTE;SUL;-3124.949
2025-09-12 00:00:00;SUDESTE/CENTRO-OESTE;SUL;-3766.967
2025-09-12 01:00:00;SUDESTE/CENTRO-OESTE;SUL;-3125.438
2025-09-12 02:00:00;SUDESTE/CENTRO-OESTE;SUL;-2133.332
2025-09-12 03:00:00;SUDESTE/CENTRO-OESTE;SUL;-1675.247
2025-09-12 04:00:00;SUDESTE/CENTRO-OESTE;SUL;-2331.376
2025-09-12 05:00:00;SUDESTE/CENTRO-OESTE;SUL;-2555.875
2025-09-12 06:00:00;SUDESTE/CENTRO-OESTE;SUL;-2036.424
2025-09-12 07:00:00;SUDESTE/CENTRO-OESTE;SUL;188.839
2025-09-12 08:00:00;SUDESTE/CENTRO-OESTE;SUL;1136.718
2025-09-12 09:00:00;SUDESTE/CENTRO-OESTE;SUL;1418.681
2025-09-12 10:00:00;SUDESTE/CENTRO-OESTE;SUL;1235.353
2025-09-12 11:00:00;SUDESTE/CENTRO-OESTE;SUL;1047.852
2025-09-12 12:00:00;SUDESTE/CENTRO-OESTE;SUL;378.246
2025-09-12 13:00:00;SUDESTE/CENTRO-OESTE;SUL;864.713
2025-09-12 14:00:00;SUDESTE/CENTRO-OESTE;SUL;447.669
2025-09-12 15:00:00;SUDESTE/CENTRO-OESTE;SUL;-654.162
2025-09-12 16:00:00;SUDESTE/CENTRO-OESTE;SUL;-1600.503
2025-09-12 17:00:00;SUDESTE/CENTRO-OESTE;SUL;-1127.567
2025-09-12 18:00:00;SUDESTE/CENTRO-OESTE;SUL;694.36
2025-09-12 19:00:00;SUDESTE/CENTRO-OESTE;SUL;770.047
2025-09-12 20:00:00;SUDESTE/CENTRO-OESTE;SUL;-662.327
2025-09-12 21:00:00;SUDESTE/CENTRO-OESTE;SUL;-1495.193
2025-09-12 22:00:00;SUDESTE/CENTRO-OESTE;SUL;-2164.311
2025-09-12 23:00:00;SUDESTE/CENTRO-OESTE;SUL;-2775.048
2025-09-13 00:00:00;SUDESTE/CENTRO-OESTE;SUL;-1877.276
2025-09-13 01:00:00;SUDESTE/CENTRO-OESTE;SUL;-1360.468
2025-09-13 02:00:00;SUDESTE/CENTRO-OESTE;SUL;-1346.297
2025-09-13 03:00:00;SUDESTE/CENTRO-OESTE;SUL;-1891.501
2025-09-13 04:00:00;SUDESTE/CENTRO-OESTE;SUL;-2207.348
2025-09-13 05:00:00;SUDESTE/CENTRO-OESTE;SUL;-2203.516
2025-09-13 06:00:00;SUDESTE/CENTRO-OESTE;SUL;-1259.01299999
2025-09-13 07:00:00;SUDESTE/CENTRO-OESTE;SUL;-1139.23499999
2025-09-13 08:00:00;SUDESTE/CENTRO-OESTE;SUL;-1477.296
2025-09-13 09:00:00;SUDESTE/CENTRO-OESTE;SUL;-1139.248
2025-09-13 10:00:00;SUDESTE/CENTRO-OESTE;SUL;-1875.418
2025-09-13 11:00:00;SUDESTE/CENTRO-OESTE;SUL;-2101.645
2025-09-13 12:00:00;SUDESTE/CENTRO-OESTE;SUL;-2251.887
2025-09-13 13:00:00;SUDESTE/CENTRO-OESTE;SUL;-2457.199
2025-09-13 14:00:00;SUDESTE/CENTRO-OESTE;SUL;-1885.747
2025-09-13 15:00:00;SUDESTE/CENTRO-OESTE;SUL;-1193.067
2025-09-13 16:00:00;SUDESTE/CENTRO-OESTE;SUL;-1834.832
2025-09-13 17:00:00;SUDESTE/CENTRO-OESTE;SUL;-1861.148
2025-09-13 18:00:00;SUDESTE/CENTRO-OESTE;SUL;82.638
2025-09-13 19:00:00;SUDESTE/CENTRO-OESTE;SUL;-84.044
2025-09-13 20:00:00;SUDESTE/CENTRO-OESTE;SUL;-1163.58999999
2025-09-13 21:00:00;SUDESTE/CENTRO-OESTE;SUL;-1649.702
2025-09-13 22:00:00;SUDESTE/CENTRO-OESTE;SUL;-2956.524
2025-09-13 23:00:00;SUDESTE/CENTRO-OESTE;SUL;-2658.878
2025-09-14 00:00:00;SUDESTE/CENTRO-OESTE;SUL;-2899.717
2025-09-14 01:00:00;SUDESTE/CENTRO-OESTE;SUL;-2399.395
2025-09-14 02:00:00;SUDESTE/CENTRO-OESTE;SUL;-2299.86299999
2025-09-14 03:00:00;SUDESTE/CENTRO-OESTE;SUL;-2000.641
2025-09-14 04:00:00;SUDESTE/CENTRO-OESTE;SUL;-985.034
2025-09-14 05:00:00;SUDESTE/CENTRO-OESTE;SUL;-490.536
2025-09-14 06:00:00;SUDESTE/CENTRO-OESTE;SUL;-468.756
2025-09-14 07:00:00;SUDESTE/CENTRO-OESTE;SUL;-326.106
2025-09-14 08:00:00;SUDESTE/CENTRO-OESTE;SUL;-827.375
2025-09-14 09:00:00;SUDESTE/CENTRO-OESTE;SUL;-945.786
2025-09-14 10:00:00;SUDESTE/CENTRO-OESTE;SUL;-877.928
2025-09-14 11:00:00;SUDESTE/CENTRO-OESTE;SUL;-476.035
2025-09-14 12:00:00;SUDESTE/CENTRO-OESTE;SUL;-1072.279
2025-09-14 13:00:00;SUDESTE/CENTRO-OESTE;SUL;-1433.208
2025-09-14 14:00:00;SUDESTE/CENTRO-OESTE;SUL;-1415.951
2025-09-14 15:00:00;SUDESTE/CENTRO-OESTE;SUL;-1341.334
2025-09-14 16:00:00;SUDESTE/CENTRO-OESTE;SUL;-1911.681
2025-09-14 17:00:00;SUDESTE/CENTRO-OESTE;SUL;-2524.466
2025-09-14 18:00:00;SUDESTE/CENTRO-OESTE;SUL;-2097.706
2025-09-14 19:00:00;SUDESTE/CENTRO-OESTE;SUL;-1974.217
2025-09-14 20:00:00;SUDESTE/CENTRO-OESTE;SUL;-2274.12
2025-09-14 21:00:00;SUDESTE/CENTRO-OESTE;SUL;-2394.844
2025-09-14 22:00:00;SUDESTE/CENTRO-OESTE;SUL;-2835.833
2025-09-14 23:00:00;SUDESTE/CENTRO-OESTE;SUL;-2618.14199999
2025-09-15 00:00:00;SUDESTE/CENTRO-OESTE;SUL;-1322.919
2025-09-15 01:00:00;SUDESTE/CENTRO-OESTE;SUL;-508.116
2025-09-15 02:00:00;SUDESTE/CENTRO-OESTE;SUL;-258.491
2025-09-15 03:00:00;SUDESTE/CENTRO-OESTE;SUL;1.026
2025-09-15 04:00:00;SUDESTE/CENTRO-OESTE;SUL;137.65
2025-09-15 05:00:00;SUDESTE/CENTRO-OESTE;SUL;-738.527
2025-09-15 06:00:00;SUDESTE/CENTRO-OESTE;SUL;81.73099999
2025-09-15 07:00:00;SUDESTE/CENTRO-OESTE;SUL;2272.054
2025-09-15 08:00:00;SUDESTE/CENTRO-OESTE;SUL;3083.511
2025-09-15 09:00:00;SUDESTE/CENTRO-OESTE;SUL;2988.258
2025-09-15 10:00:00;SUDESTE/CENTRO-OESTE;SUL;2522.407
2025-09-15 11:00:00;SUDESTE/CENTRO-OESTE;SUL;2764.997
2025-09-15 12:00:00;SUDESTE/CENTRO-OESTE;SUL;2207.965
2025-09-15 13:00:00;SUDESTE/CENTRO-OESTE;SUL;1579.879
2025-09-15 14:00:00;SUDESTE/CENTRO-OESTE;SUL;976.5
2025-09-15 15:00:00;SUDESTE/CENTRO-OESTE;SUL;-591.032
2025-09-15 16:00:00;SUDESTE/CENTRO-OESTE;SUL;-1359.857
2025-09-15 17:00:00;SUDESTE/CENTRO-OESTE;SUL;-1695.958
2025-09-15 18:00:00;SUDESTE/CENTRO-OESTE;SUL;-590.39
2025-09-15 19:00:00;SUDESTE/CENTRO-OESTE;SUL;-394.973
2025-09-15 20:00:00;SUDESTE/CENTRO-OESTE;SUL;-1067.401
2025-09-15 21:00:00;SUDESTE/CENTRO-OESTE;SUL;-1672.118
2025-09-15 22:00:00;SUDESTE/CENTRO-OESTE;SUL;-2748.036
2025-09-15 23:00:00;SUDESTE/CENTRO-OESTE;SUL;-2184.588
2025-09-16 00:00:00;SUDESTE/CENTRO-OESTE;SUL;-2083.294
2025-09-16 01:00:00;SUDESTE/CENTRO-OESTE;SUL;-1065.15799999
2025-09-16 02:00:00;SUDESTE/CENTRO-OESTE;SUL;-265.922
2025-09-16 03:00:00;SUDESTE/CENTRO-OESTE;SUL;-182.173
2025-09-16 04:00:00;SUDESTE/CENTRO-OESTE;SUL;-433.682
2025-09-16 05:00:00;SUDESTE/CENTRO-OESTE;SUL;-815.041
2025-09-16 06:00:00;SUDESTE/CENTRO-OESTE;SUL;197.181
2025-09-16 07:00:00;SUDESTE/CENTRO-OESTE;SUL;2786.99
2025-09-16 08:00:00;SUDESTE/CENTRO-OESTE;SUL;3162.355
2025-09-16 09:00:00;SUDESTE/CENTRO-OESTE;SUL;2672.964
2025-09-16 10:00:00;SUDESTE/CENTRO-OESTE;SUL;2807.714
2025-09-16 11:00:00;SUDESTE/CENTRO-OESTE;SUL;2030.397
2025-09-16 12:00:00;SUDESTE/CENTRO-OESTE;SUL;544.505
2025-09-16 13:00:00;SUDESTE/CENTRO-OESTE;SUL;20.80999999
2025-09-16 14:00:00;SUDESTE/CENTRO-OESTE;SUL;-713.871
2025-09-16 15:00:00;SUDESTE/CENTRO-OESTE;SUL;-512.724
2025-09-16 16:00:00;SUDESTE/CENTRO-OESTE;SUL;-1038.135
2025-09-16 17:00:00;SUDESTE/CENTRO-OESTE;SUL;-1357.682
2025-09-16 18:00:00;SUDESTE/CENTRO-OESTE;SUL;-530.907
2025-09-16 19:00:00;SUDESTE/CENTRO-OESTE;SUL;-92.718
2025-09-16 20:00:00;SUDESTE/CENTRO-OESTE;SUL;-1000.135
2025-09-16 21:00:00;SUDESTE/CENTRO-OESTE;SUL;-1733.682
2025-09-16 22:00:00;SUDESTE/CENTRO-OESTE;SUL;-2603.635
2025-09-16 23:00:00;SUDESTE/CENTRO-OESTE;SUL;-2791.092
2025-09-17 00:00:00;SUDESTE/CENTRO-OESTE;SUL;-3622.157
2025-09-17 01:00:00;SUDESTE/CENTRO-OESTE;SUL;-2275.714
2025-09-17 02:00:00;SUDESTE/CENTRO-OESTE;SUL;-1037.156
2025-09-17 03:00:00;SUDESTE/CENTRO-OESTE;SUL;-553.677
2025-09-17 04:00:00;SUDESTE/CENTRO-OESTE;SUL;-464.643
2025-09-17 05:00:00;SUDESTE/CENTRO-OESTE;SUL;-1596.729
2025-09-17 06:00:00;SUDESTE/CENTRO-OESTE;SUL;-691.525
2025-09-17 07:00:00;SUDESTE/CENTRO-OESTE;SUL;922.954
2025-09-17 08:00:00;SUDESTE/CENTRO-OESTE;SUL;1297.14
2025-09-17 09:00:00;SUDESTE/CENTRO-OESTE;SUL;1465.536
2025-09-17 10:00:00;SUDESTE/CENTRO-OESTE;SUL;1236.987
2025-09-17 11:00:00;SUDESTE/CENTRO-OESTE;SUL;1159.7
2025-09-17 12:00:00;SUDESTE/CENTRO-OESTE;SUL;252.174
2025-09-17 13:00:00;SUDESTE/CENTRO-OESTE;SUL;-773.115
2025-09-17 14:00:00;SUDESTE/CENTRO-OESTE;SUL;-1133.47
2025-09-17 15:00:00;SUDESTE/CENTRO-OESTE;SUL;-1425.831
2025-09-17 16:00:00;SUDESTE/CENTRO-OESTE;SUL;-2658.66199999
2025-09-17 17:00:00;SUDESTE/CENTRO-OESTE;SUL;-2518.698
2025-09-17 18:00:00;SUDESTE/CENTRO-OESTE;SUL;-1357.171
2025-09-17 19:00:00;SUDESTE/CENTRO-OESTE;SUL;-977.28
2025-09-17 20:00:00;SUDESTE/CENTRO-OESTE;SUL;-1773.176
2025-09-17 21:00:00;SUDESTE/CENTRO-OESTE;SUL;-2402.002
2025-09-17 22:00:00;SUDESTE/CENTRO-OESTE;SUL;-3333.55
2025-09-17 23:00:00;SUDESTE/CENTRO-OESTE;SUL;-3429.151
2025-09-18 00:00:00;SUDESTE/CENTRO-OESTE;SUL;-2387.103
2025-09-18 01:00:00;SUDESTE/CENTRO-OESTE;SUL;-2199.083
2025-09-18 02:00:00;SUDESTE/CENTRO-OESTE;SUL;-633.15599999
2025-09-18 03:00:00;SUDESTE/CENTRO-OESTE;SUL;90.041
2025-09-18 04:00:00;SUDESTE/CENTRO-OESTE;SUL;818.498
2025-09-18 05:00:00;SUDESTE/CENTRO-OESTE;SUL;541.77
2025-09-18 06:00:00;SUDESTE/CENTRO-OESTE;SUL;1317.307
2025-09-18 07:00:00;SUDESTE/CENTRO-OESTE;SUL;2538.94099999
2025-09-18 08:00:00;SUDESTE/CENTRO-OESTE;SUL;2859.643
2025-09-18 09:00:00;SUDESTE/CENTRO-OESTE;SUL;2962.992
2025-09-18 10:00:00;SUDESTE/CENTRO-OESTE;SUL;2436.18199999
2025-09-18 11:00:00;SUDESTE/CENTRO-OESTE;SUL;2310.554
2025-09-18 12:00:00;SUDESTE/CENTRO-OESTE;SUL;1051.34099999
2025-09-18 13:00:00;SUDESTE/CENTRO-OESTE;SUL;1327.008
2025-09-18 14:00:00;SUDESTE/CENTRO-OESTE;SUL;1946.812
2025-09-18 15:00:00;SUDESTE/CENTRO-OESTE;SUL;926.073
2025-09-18 16:00:00;SUDESTE/CENTRO-OESTE;SUL;-411.134
2025-09-18 17:00:00;SUDESTE/CENTRO-OESTE;SUL;-727.028
2025-09-18 18:00:00;SUDESTE/CENTRO-OESTE;SUL;269.434
2025-09-18 19:00:00;SUDESTE/CENTRO-OESTE;SUL;629.226
2025-09-18 20:00:00;SUDESTE/CENTRO-OESTE;SUL;-57.542
2025-09-18 21:00:00;SUDESTE/CENTRO-OESTE;SUL;-643.095
2025-09-18 22:00:00;SUDESTE/CENTRO-OESTE;SUL;-1541.787
2025-09-18 23:00:00;SUDESTE/CENTRO-OESTE;SUL;-404.3
2025-09-19 00:00:00;SUDESTE/CENTRO-OESTE;SUL;-224.723
2025-09-19 01:00:00;SUDESTE/CENTRO-OESTE;SUL;1039.44699999
2025-09-19 02:00:00;SUDESTE/CENTRO-OESTE;SUL;2430.409
2025-09-19 03:00:00;SUDESTE/CENTRO-OESTE;SUL;3597.875
2025-09-19 04:00:00;SUDESTE/CENTRO-OESTE;SUL;3494.245
2025-09-19 05:00:00;SUDESTE/CENTRO-OESTE;SUL;3024.973
2025-09-19 06:00:00;SUDESTE/CENTRO-OESTE;SUL;1873.01
2025-09-19 07:00:00;SUDESTE/CENTRO-OESTE;SUL;2363.531
2025-09-19 08:00:00;SUDESTE/CENTRO-OESTE;SUL;1498.015
2025-09-19 09:00:00;SUDESTE/CENTRO-OESTE;SUL;1211.683
2025-09-19 10:00:00;SUDESTE/CENTRO-OESTE;SUL;900.78
2025-09-19 11:00:00;SUDESTE/CENTRO-OESTE;SUL;440.638
2025-09-19 12:00:00;SUDESTE/CENTRO-OESTE;SUL;253.19
2025-09-19 13:00:00;SUDESTE/CENTRO-OESTE;SUL;616.78599999
2025-09-19 14:00:00;SUDESTE/CENTRO-OESTE;SUL;334.469
2025-09-19 15:00:00;SUDESTE/CENTRO-OESTE;SUL;279.55399999
2025-09-19 16:00:00;SUDESTE/CENTRO-OESTE;SUL;480.166
2025-09-19 17:00:00;SUDESTE/CENTRO-OESTE;SUL;907.137
2025-09-19 18:00:00;SUDESTE/CENTRO-OESTE;SUL;1426.022
2025-09-19 19:00:00;SUDESTE/CENTRO-OESTE;SUL;636.92499999
2025-09-19 20:00:00;SUDESTE/CENTRO-OESTE;SUL;-123.441
2025-09-19 21:00:00;SUDESTE/CENTRO-OESTE;SUL;104.373
2025-09-19 22:00:00;SUDESTE/CENTRO-OESTE;SUL;430.108
2025-09-19 23:00:00;SUDESTE/CENTRO-OESTE;SUL;256.5
2025-09-20 00:00:00;SUDESTE/CENTRO-OESTE;SUL;-209.0
2025-09-20 01:00:00;SUDESTE/CENTRO-OESTE;SUL;-154.86
2025-09-20 02:00:00;SUDESTE/CENTRO-OESTE;SUL;66.215
2025-09-20 03:00:00;SUDESTE/CENTRO-OESTE;SUL;141.119
2025-09-20 04:00:00;SUDESTE/CENTRO-OESTE;SUL;415.245
2025-09-20 05:00:00;SUDESTE/CENTRO-OESTE;SUL;1029.092
2025-09-20 06:00:00;SUDESTE/CENTRO-OESTE;SUL;2123.056
2025-09-20 07:00:00;SUDESTE/CENTRO-OESTE;SUL;1039.511
2025-09-20 08:00:00;SUDESTE/CENTRO-OESTE;SUL;990.049
2025-09-20 09:00:00;SUDESTE/CENTRO-OESTE;SUL;385.741
2025-09-20 10:00:00;SUDESTE/CENTRO-OESTE;SUL;-163.002
2025-09-20 11:00:00;SUDESTE/CENTRO-OESTE;SUL;161.787
2025-09-20 12:00:00;SUDESTE/CENTRO-OESTE;SUL;-239.733
2025-09-20 13:00:00;SUDESTE/CENTRO-OESTE;SUL;359.029
2025-09-20 14:00:00;SUDESTE/CENTRO-OESTE;SUL;740.521
2025-09-20 15:00:00;SUDESTE/CENTRO-OESTE;SUL;1395.932
2025-09-20 16:00:00;SUDESTE/CENTRO-OESTE;SUL;-724.806
2025-09-20 17:00:00;SUDESTE/CENTRO-OESTE;SUL;-2404.361
2025-09-20 18:00:00;SUDESTE/CENTRO-OESTE;SUL;-1417.881
2025-09-20 19:00:00;SUDESTE/CENTRO-OESTE;SUL;-1741.733
2025-09-20 20:00:00;SUDESTE/CENTRO-OESTE;SUL;-2286.965
2025-09-20 21:00:00;SUDESTE/CENTRO-OESTE;SUL;-2591.92999999
2025-09-20 22:00:00;SUDESTE/CENTRO-OESTE;SUL;-2325.788
2025-09-20 23:00:00;SUDESTE/CENTRO-OESTE;SUL;-2828.046
2025-09-21 00:00:00;SUDESTE/CENTRO-OESTE;SUL;-3130.543
2025-09-21 01:00:00;SUDESTE/CENTRO-OESTE;SUL;-3356.353
2025-09-21 02:00:00;SUDESTE/CENTRO-OESTE;SUL;-2606.185
2025-09-21 03:00:00;SUDESTE/CENTRO-OESTE;SUL;-2179.46
2025-09-21 04:00:00;SUDESTE/CENTRO-OESTE;SUL;-1697.339
2025-09-21 05:00:00;SUDESTE/CENTRO-OESTE;SUL;-1596.808
2025-09-21 06:00:00;SUDESTE/CENTRO-OESTE;SUL;-1480.167
2025-09-21 07:00:00;SUDESTE/CENTRO-OESTE;SUL;1249.391
2025-09-21 08:00:00;SUDESTE/CENTRO-OESTE;SUL;1948.888
2025-09-21 09:00:00;SUDESTE/CENTRO-OESTE;SUL;2146.562
2025-09-21 10:00:00;SUDESTE/CENTRO-OESTE;SUL;2539.433
2025-09-21 11:00:00;SUDESTE/CENTRO-OESTE;SUL;2115.813
2025-09-21 12:00:00;SUDESTE/CENTRO-OESTE;SUL;1173.987
2025-09-21 13:00:00;SUDESTE/CENTRO-OESTE;SUL;-44.03
2025-09-21 14:00:00;SUDESTE/CENTRO-OESTE;SUL;166.556
2025-09-21 15:00:00;SUDESTE/CENTRO-OESTE;SUL;-735.592
2025-09-21 16:00:00;SUDESTE/CENTRO-OESTE;SUL;-4153.966
2025-09-21 17:00:00;SUDESTE/CENTRO-OESTE;SUL;-4136.164
2025-09-21 18:00:00;SUDESTE/CENTRO-OESTE;SUL;-2321.895
2025-09-21 19:00:00;SUDESTE/CENTRO-OESTE;SUL;-2106.716
2025-09-21 20:00:00;SUDESTE/CENTRO-OESTE;SUL;-3269.16
2025-09-21 21:00:00;SUDESTE/CENTRO-OESTE;SUL;-4027.108
2025-09-21 22:00:00;SUDESTE/CENTRO-OESTE;SUL;-4238.98899999
2025-09-21 23:00:00;SUDESTE/CENTRO-OESTE;SUL;-4499.92699999
2025-09-22 00:00:00;SUDESTE/CENTRO-OESTE;SUL;-4526.974
2025-09-22 01:00:00;SUDESTE/CENTRO-OESTE;SUL;-2707.44099999
2025-09-22 02:00:00;SUDESTE/CENTRO-OESTE;SUL;-1830.494
2025-09-22 03:00:00;SUDESTE/CENTRO-OESTE;SUL;-1584.295
2025-09-22 04:00:00;SUDESTE/CENTRO-OESTE;SUL;-1407.942
2025-09-22 05:00:00;SUDESTE/CENTRO-OESTE;SUL;-1091.546
2025-09-22 06:00:00;SUDESTE/CENTRO-OESTE;SUL;-775.93
2025-09-22 07:00:00;SUDESTE/CENTRO-OESTE;SUL;-326.992
2025-09-22 08:00:00;SUDESTE/CENTRO-OESTE;SUL;469.213
2025-09-22 09:00:00;SUDESTE/CENTRO-OESTE;SUL;99.474
2025-09-22 10:00:00;SUDESTE/CENTRO-OESTE;SUL;-434.172
2025-09-22 11:00:00;SUDESTE/CENTRO-OESTE;SUL;-349.573
2025-09-22 12:00:00;SUDESTE/CENTRO-OESTE;SUL;-1382.827
2025-09-22 13:00:00;SUDESTE/CENTRO-OESTE;SUL;-1721.362
2025-09-22 14:00:00;SUDESTE/CENTRO-OESTE;SUL;-2228.831
2025-09-22 15:00:00;SUDESTE/CENTRO-OESTE;SUL;-3351.505
2025-09-22 16:00:00;SUDESTE/CENTRO-OESTE;SUL;-3970.947
2025-09-22 17:00:00;SUDESTE/CENTRO-OESTE;SUL;-3377.468
2025-09-22 18:00:00;SUDESTE/CENTRO-OESTE;SUL;-1888.563
2025-09-22 19:00:00;SUDESTE/CENTRO-OESTE;SUL;-992.506
2025-09-22 20:00:00;SUDESTE/CENTRO-OESTE;SUL;-1869.749
2025-09-22 21:00:00;SUDESTE/CENTRO-OESTE;SUL;-2454.49699999
2025-09-22 22:00:00;SUDESTE/CENTRO-OESTE;SUL;-3085.329
2025-09-22 23:00:00;SUDESTE/CENTRO-OESTE;SUL;-3962.014
2025-09-23 00:00:00;SUDESTE/CENTRO-OESTE;SUL;-3806.685
2025-09-23 01:00:00;SUDESTE/CENTRO-OESTE;SUL;-3226.475
2025-09-23 02:00:00;SUDESTE/CENTRO-OESTE;SUL;-2715.759
2025-09-23 03:00:00;SUDESTE/CENTRO-OESTE;SUL;-1728.534
2025-09-23 04:00:00;SUDESTE/CENTRO-OESTE;SUL;-1402.488
2025-09-23 05:00:00;SUDESTE/CENTRO-OESTE;SUL;-1984.477
2025-09-23 06:00:00;SUDESTE/CENTRO-OESTE;SUL;-1526.901
2025-09-23 07:00:00;SUDESTE/CENTRO-OESTE;SUL;-1457.448
2025-09-23 08:00:00;SUDESTE/CENTRO-OESTE;SUL;-1341.877
2025-09-23 09:00:00;SUDESTE/CENTRO-OESTE;SUL;-1522.058
2025-09-23 10:00:00;SUDESTE/CENTRO-OESTE;SUL;-1915.889
2025-09-23 11:00:00;SUDESTE/CENTRO-OESTE;SUL;-1918.876
2025-09-23 12:00:00;SUDESTE/CENTRO-OESTE;SUL;-2424.804
2025-09-23 13:00:00;SUDESTE/CENTRO-OESTE;SUL;-2238.574
2025-09-23 14:00:00;SUDESTE/CENTRO-OESTE;SUL;-2784.344
2025-09-23 15:00:00;SUDESTE/CENTRO-OESTE;SUL;-2968.617
2025-09-23 16:00:00;SUDESTE/CENTRO-OESTE;SUL;-2314.282
2025-09-23 17:00:00;SUDESTE/CENTRO-OESTE;SUL;-940.805
2025-09-23 18:00:00;SUDESTE/CENTRO-OESTE;SUL;224.909
2025-09-23 19:00:00;SUDESTE/CENTRO-OESTE;SUL;705.417
2025-09-23 20:00:00;SUDESTE/CENTRO-OESTE;SUL;249.202
2025-09-23 21:00:00;SUDESTE/CENTRO-OESTE;SUL;-610.969
2025-09-23 22:00:00;SUDESTE/CENTRO-OESTE;SUL;-2172.645
2025-09-23 23:00:00;SUDESTE/CENTRO-OESTE;SUL;-1501.055
2025-09-24 00:00:00;SUDESTE/CENTRO-OESTE;SUL;-389.441
2025-09-24 01:00:00;SUDESTE/CENTRO-OESTE;SUL;182.74
2025-09-24 02:00:00;SUDESTE/CENTRO-OESTE;SUL;258.933
2025-09-24 03:00:00;SUDESTE/CENTRO-OESTE;SUL;8.007
2025-09-24 04:00:00;SUDESTE/CENTRO-OESTE;SUL;-494.041
2025-09-24 05:00:00;SUDESTE/CENTRO-OESTE;SUL;-57.628
2025-09-24 06:00:00;SUDESTE/CENTRO-OESTE;SUL;90.052
2025-09-24 07:00:00;SUDESTE/CENTRO-OESTE;SUL;598.681
2025-09-24 08:00:00;SUDESTE/CENTRO-OESTE;SUL;419.116
2025-09-24 09:00:00;SUDESTE/CENTRO-OESTE;SUL;334.894
2025-09-24 10:00:00;SUDESTE/CENTRO-OESTE;SUL;146.282
2025-09-24 11:00:00;SUDESTE/CENTRO-OESTE;SUL;-302.466
2025-09-24 12:00:00;SUDESTE/CENTRO-OESTE;SUL;-1203.67699999
2025-09-24 13:00:00;SUDESTE/CENTRO-OESTE;SUL;-1835.033
2025-09-24 14:00:00;SUDESTE/CENTRO-OESTE;SUL;-1889.243
2025-09-24 15:00:00;SUDESTE/CENTRO-OESTE;SUL;-571.054
2025-09-24 16:00:00;SUDESTE/CENTRO-OESTE;SUL;-277.74599999
2025-09-24 17:00:00;SUDESTE/CENTRO-OESTE;SUL;938.699
2025-09-24 18:00:00;SUDESTE/CENTRO-OESTE;SUL;1685.692
2025-09-24 19:00:00;SUDESTE/CENTRO-OESTE;SUL;2017.039
2025-09-24 20:00:00;SUDESTE/CENTRO-OESTE;SUL;1193.41
2025-09-24 21:00:00;SUDESTE/CENTRO-OESTE;SUL;196.209
2025-09-24 22:00:00;SUDESTE/CENTRO-OESTE;SUL;-297.22
2025-09-24 23:00:00;SUDESTE/CENTRO-OESTE;SUL;503.757
2025-09-25 00:00:00;SUDESTE/CENTRO-OESTE;SUL;1240.223
2025-09-25 01:00:00;SUDESTE/CENTRO-OESTE;SUL;1271.326
2025-09-25 02:00:00;SUDESTE/CENTRO-OESTE;SUL;504.943
2025-09-25 03:00:00;SUDESTE/CENTRO-OESTE;SUL;63.048
2025-09-25 04:00:00;SUDESTE/CENTRO-OESTE;SUL;107.388
2025-09-25 05:00:00;SUDESTE/CENTRO-OESTE;SUL;1351.817
2025-09-25 06:00:00;SUDESTE/CENTRO-OESTE;SUL;1967.91
2025-09-25 07:00:00;SUDESTE/CENTRO-OESTE;SUL;1155.509
2025-09-25 08:00:00;SUDESTE/CENTRO-OESTE;SUL;623.361
2025-09-25 09:00:00;SUDESTE/CENTRO-OESTE;SUL;795.954
2025-09-25 10:00:00;SUDESTE/CENTRO-OESTE;SUL;505.34
2025-09-25 11:00:00;SUDESTE/CENTRO-OESTE;SUL;690.218
2025-09-25 12:00:00;SUDESTE/CENTRO-OESTE;SUL;-280.582
2025-09-25 13:00:00;SUDESTE/CENTRO-OESTE;SUL;42.567
2025-09-25 14:00:00;SUDESTE/CENTRO-OESTE;SUL;68.913
2025-09-25 15:00:00;SUDESTE/CENTRO-OESTE;SUL;481.122
2025-09-25 16:00:00;SUDESTE/CENTRO-OESTE;SUL;471.793
2025-09-25 17:00:00;SUDESTE/CENTRO-OESTE;SUL;-822.667
2025-09-25 18:00:00;SUDESTE/CENTRO-OESTE;SUL;-289.116
2025-09-25 19:00:00;SUDESTE/CENTRO-OESTE;SUL;-670.289
2025-09-25 20:00:00;SUDESTE/CENTRO-OESTE;SUL;-1659.125
2025-09-25 21:00:00;SUDESTE/CENTRO-OESTE;SUL;-2641.309
2025-09-25 22:00:00;SUDESTE/CENTRO-OESTE;SUL;-3429.792
2025-09-25 23:00:00;SUDESTE/CENTRO-OESTE;SUL;-1738.856
2025-09-26 00:00:00;SUDESTE/CENTRO-OESTE;SUL;-140.60499999
2025-09-26 01:00:00;SUDESTE/CENTRO-OESTE;SUL;-85.35599999
2025-09-26 02:00:00;SUDESTE/CENTRO-OESTE;SUL;-30.312
2025-09-26 03:00:00;SUDESTE/CENTRO-OESTE;SUL;-46.65
2025-09-26 04:00:00;SUDESTE/CENTRO-OESTE;SUL;152.346
2025-09-26 05:00:00;SUDESTE/CENTRO-OESTE;SUL;443.799
2025-09-26 06:00:00;SUDESTE/CENTRO-OESTE;SUL;1755.216
2025-09-26 07:00:00;SUDESTE/CENTRO-OESTE;SUL;1838.855
2025-09-26 08:00:00;SUDESTE/CENTRO-OESTE;SUL;1552.598
2025-09-26 09:00:00;SUDESTE/CENTRO-OESTE;SUL;609.57899999
2025-09-26 10:00:00;SUDESTE/CENTRO-OESTE;SUL;270.815
2025-09-26 11:00:00;SUDESTE/CENTRO-OESTE;SUL;-93.012
2025-09-26 12:00:00;SUDESTE/CENTRO-OESTE;SUL;-1189.275
2025-09-26 13:00:00;SUDESTE/CENTRO-OESTE;SUL;-844.528
2025-09-26 14:00:00;SUDESTE/CENTRO-OESTE;SUL;26.933
2025-09-26 15:00:00;SUDESTE/CENTRO-OESTE;SUL;450.314
2025-09-26 16:00:00;SUDESTE/CENTRO-OESTE;SUL;-1288.028
2025-09-26 17:00:00;SUDESTE/CENTRO-OESTE;SUL;-2712.123
2025-09-26 18:00:00;SUDESTE/CENTRO-OESTE;SUL;-1732.657
2025-09-26 19:00:00;SUDESTE/CENTRO-OESTE;SUL;-2185.05699999
2025-09-26 20:00:00;SUDESTE/CENTRO-OESTE;SUL;-2476.419
2025-09-26 21:00:00;SUDESTE/CENTRO-OESTE;SUL;-2444.232
2025-09-26 22:00:00;SUDESTE/CENTRO-OESTE;SUL;-1604.787
2025-09-26 23:00:00;SUDESTE/CENTRO-OESTE;SUL;-87.257
2025-09-27 00:00:00;SUDESTE/CENTRO-OESTE;SUL;200.696
2025-09-27 01:00:00;SUDESTE/CENTRO-OESTE;SUL;-52.209
2025-09-27 02:00:00;SUDESTE/CENTRO-OESTE;SUL;64.795
2025-09-27 03:00:00;SUDESTE/CENTRO-OESTE;SUL;-66.354
2025-09-27 04:00:00;SUDESTE/CENTRO-OESTE;SUL;-17.402
2025-09-27 05:00:00;SUDESTE/CENTRO-OESTE;SUL;-33.183
2025-09-27 06:00:00;SUDESTE/CENTRO-OESTE;SUL;873.08
2025-09-27 07:00:00;SUDESTE/CENTRO-OESTE;SUL;1988.779
2025-09-27 08:00:00;SUDESTE/CENTRO-OESTE;SUL;1404.647
2025-09-27 09:00:00;SUDESTE/CENTRO-OESTE;SUL;536.963
2025-09-27 10:00:00;SUDESTE/CENTRO-OESTE;SUL;281.375
2025-09-27 11:00:00;SUDESTE/CENTRO-OESTE;SUL;255.971
2025-09-27 12:00:00;SUDESTE/CENTRO-OESTE;SUL;-5.36599999
2025-09-27 13:00:00;SUDESTE/CENTRO-OESTE;SUL;-2.541
2025-09-27 14:00:00;SUDESTE/CENTRO-OESTE;SUL;157.299
2025-09-27 15:00:00;SUDESTE/CENTRO-OESTE;SUL;540.749
2025-09-27 16:00:00;SUDESTE/CENTRO-OESTE;SUL;144.404
2025-09-27 17:00:00;SUDESTE/CENTRO-OESTE;SUL;-2669.612
2025-09-27 18:00:00;SUDESTE/CENTRO-OESTE;SUL;-1660.515
2025-09-27 19:00:00;SUDESTE/CENTRO-OESTE;SUL;-2069.93199999
2025-09-27 20:00:00;SUDESTE/CENTRO-OESTE;SUL;-2521.08
2025-09-27 21:00:00;SUDESTE/CENTRO-OESTE;SUL;-2894.572
2025-09-27 22:00:00;SUDESTE/CENTRO-OESTE;SUL;-2051.444
2025-09-27 23:00:00;SUDESTE/CENTRO-OESTE;SUL;-1549.012
2025-09-28 00:00:00;SUDESTE/CENTRO-OESTE;SUL;-1897.115
2025-09-28 01:00:00;SUDESTE/CENTRO-OESTE;SUL;-2325.245
2025-09-28 02:00:00;SUDESTE/CENTRO-OESTE;SUL;-1812.859
2025-09-28 03:00:00;SUDESTE/CENTRO-OESTE;SUL;-1406.901
2025-09-28 04:00:00;SUDESTE/CENTRO-OESTE;SUL;-1194.56099999
2025-09-28 05:00:00;SUDESTE/CENTRO-OESTE;SUL;-852.923
2025-09-28 06:00:00;SUDESTE/CENTRO-OESTE;SUL;629.581
2025-09-28 07:00:00;SUDESTE/CENTRO-OESTE;SUL;1037.969
2025-09-28 08:00:00;SUDESTE/CENTRO-OESTE;SUL;1391.39
2025-09-28 09:00:00;SUDESTE/CENTRO-OESTE;SUL;2003.812
2025-09-28 10:00:00;SUDESTE/CENTRO-OESTE;SUL;2357.934
2025-09-28 11:00:00;SUDESTE/CENTRO-OESTE;SUL;2221.371
2025-09-28 12:00:00;SUDESTE/CENTRO-OESTE;SUL;1113.98
2025-09-28 13:00:00;SUDESTE/CENTRO-OESTE;SUL;567.808
2025-09-28 14:00:00;SUDESTE/CENTRO-OESTE;SUL;-768.885
2025-09-28 15:00:00;SUDESTE/CENTRO-OESTE;SUL;-1746.236
2025-09-28 16:00:00;SUDESTE/CENTRO-OESTE;SUL;-2054.406
2025-09-28 17:00:00;SUDESTE/CENTRO-OESTE;SUL;-2598.654
2025-09-28 18:00:00;SUDESTE/CENTRO-OESTE;SUL;-1774.105
2025-09-28 19:00:00;SUDESTE/CENTRO-OESTE;SUL;-1470.017
2025-09-28 20:00:00;SUDESTE/CENTRO-OESTE;SUL;-2320.96
2025-09-28 21:00:00;SUDESTE/CENTRO-OESTE;SUL;-3066.763
2025-09-28 22:00:00;SUDESTE/CENTRO-OESTE;SUL;-3620.664
2025-09-28 23:00:00;SUDESTE/CENTRO-OESTE;SUL;-3522.609
2025-09-29 00:00:00;SUDESTE/CENTRO-OESTE;SUL;-2321.214
2025-09-29 01:00:00;SUDESTE/CENTRO-OESTE;SUL;-1462.933
2025-09-29 02:00:00;SUDESTE/CENTRO-OESTE;SUL;-807.695
2025-09-29 03:00:00;SUDESTE/CENTRO-OESTE;SUL;-137.356
2025-09-29 04:00:00;SUDESTE/CENTRO-OESTE;SUL;185.103
2025-09-29 05:00:00;SUDESTE/CENTRO-OESTE;SUL;474.816
2025-09-29 06:00:00;SUDESTE/CENTRO-OESTE;SUL;1252.867
2025-09-29 07:00:00;SUDESTE/CENTRO-OESTE;SUL;2703.627
2025-09-29 08:00:00;SUDESTE/CENTRO-OESTE;SUL;4175.78399999
2025-09-29 09:00:00;SUDESTE/CENTRO-OESTE;SUL;3431.997
2025-09-29 10:00:00;SUDESTE/CENTRO-OESTE;SUL;2880.497
2025-09-29 11:00:00;SUDESTE/CENTRO-OESTE;SUL;2700.231
2025-09-29 12:00:00;SUDESTE/CENTRO-OESTE;SUL;2019.144
2025-09-29 13:00:00;SUDESTE/CENTRO-OESTE;SUL;2745.163
2025-09-29 14:00:00;SUDESTE/CENTRO-OESTE;SUL;2461.866
2025-09-29 15:00:00;SUDESTE/CENTRO-OESTE;SUL;992.218
2025-09-29 16:00:00;SUDESTE/CENTRO-OESTE;SUL;-1193.924
2025-09-29 17:00:00;SUDESTE/CENTRO-OESTE;SUL;-1447.55
2025-09-29 18:00:00;SUDESTE/CENTRO-OESTE;SUL;-643.77599999
2025-09-29 19:00:00;SUDESTE/CENTRO-OESTE;SUL;-835.69
2025-09-29 20:00:00;SUDESTE/CENTRO-OESTE;SUL;-1474.014
2025-09-29 21:00:00;SUDESTE/CENTRO-OESTE;SUL;-2202.781
2025-09-29 22:00:00;SUDESTE/CENTRO-OESTE;SUL;-2947.063
2025-09-29 23:00:00;SUDESTE/CENTRO-OESTE;SUL;-1295.337
2025-09-30 00:00:00;SUDESTE/CENTRO-OESTE;SUL;-650.131
2025-09-30 01:00:00;SUDESTE/CENTRO-OESTE;SUL;54.408
2025-09-30 02:00:00;SUDESTE/CENTRO-OESTE;SUL;293.994
2025-09-30 03:00:00;SUDESTE/CENTRO-OESTE;SUL;669.665
2025-09-30 04:00:00;SUDESTE/CENTRO-OESTE;SUL;662.641
2025-09-30 05:00:00;SUDESTE/CENTRO-OESTE;SUL;161.81299999
2025-09-30 06:00:00;SUDESTE/CENTRO-OESTE;SUL;765.685
2025-09-30 07:00:00;SUDESTE/CENTRO-OESTE;SUL;2973.636
2025-09-30 08:00:00;SUDESTE/CENTRO-OESTE;SUL;4095.276
2025-09-30 09:00:00;SUDESTE/CENTRO-OESTE;SUL;4053.49
2025-09-30 10:00:00;SUDESTE/CENTRO-OESTE;SUL;4023.819
2025-09-30 11:00:00;SUDESTE/CENTRO-OESTE;SUL;3934.523
2025-09-30 12:00:00;SUDESTE/CENTRO-OESTE;SUL;3415.458
2025-09-30 13:00:00;SUDESTE/CENTRO-OESTE;SUL;3272.596
2025-09-30 14:00:00;SUDESTE/CENTRO-OESTE;SUL;2481.701
2025-09-30 15:00:00;SUDESTE/CENTRO-OESTE;SUL;2150.14399999
2025-09-30 16:00:00;SUDESTE/CENTRO-OESTE;SUL;244.824
2025-09-30 17:00:00;SUDESTE/CENTRO-OESTE;SUL;-764.383
2025-09-30 18:00:00;SUDESTE/CENTRO-OESTE;SUL;108.048
2025-09-30 19:00:00;SUDESTE/CENTRO-OESTE;SUL;-225.603
2025-09-30 20:00:00;SUDESTE/CENTRO-OESTE;SUL;-1126.892
2025-09-30 21:00:00;SUDESTE/CENTRO-OESTE;SUL;-1925.355
2025-09-30 22:00:00;SUDESTE/CENTRO-OESTE;SUL;-2690.875
2025-09-30 23:00:00;SUDESTE/CENTRO-OESTE;SUL;-2025.605
2025-10-01 00:00:00;SUDESTE/CENTRO-OESTE;SUL;-1279.464
2025-10-01 01:00:00;SUDESTE/CENTRO-OESTE;SUL;-643.568
2025-10-01 02:00:00;SUDESTE/CENTRO-OESTE;SUL;326.858
2025-10-01 03:00:00;SUDESTE/CENTRO-OESTE;SUL;1183.99499999
2025-10-01 04:00:00;SUDESTE/CENTRO-OESTE;SUL;1506.46
2025-10-01 05:00:00;SUDESTE/CENTRO-OESTE;SUL;683.70399999
2025-10-01 06:00:00;SUDESTE/CENTRO-OESTE;SUL;1310.788
2025-10-01 07:00:00;SUDESTE/CENTRO-OESTE;SUL;3987.036
2025-10-01 08:00:00;SUDESTE/CENTRO-OESTE;SUL;3733.334
2025-10-01 09:00:00;SUDESTE/CENTRO-OESTE;SUL;3061.509
2025-10-01 10:00:00;SUDESTE/CENTRO-OESTE;SUL;2700.277
2025-10-01 11:00:00;SUDESTE/CENTRO-OESTE;SUL;2323.456
2025-10-01 12:00:00;SUDESTE/CENTRO-OESTE;SUL;625.823
2025-10-01 13:00:00;SUDESTE/CENTRO-OESTE;SUL;573.34
2025-10-01 14:00:00;SUDESTE/CENTRO-OESTE;SUL;-299.52499999
2025-10-01 15:00:00;SUDESTE/CENTRO-OESTE;SUL;298.50099999
2025-10-01 16:00:00;SUDESTE/CENTRO-OESTE;SUL;143.302
2025-10-01 17:00:00;SUDESTE/CENTRO-OESTE;SUL;-1946.831
2025-10-01 18:00:00;SUDESTE/CENTRO-OESTE;SUL;-1259.88799999
2025-10-01 19:00:00;SUDESTE/CENTRO-OESTE;SUL;290.032
2025-10-01 20:00:00;SUDESTE/CENTRO-OESTE;SUL;151.815
2025-10-01 21:00:00;SUDESTE/CENTRO-OESTE;SUL;-346.163
2025-10-01 22:00:00;SUDESTE/CENTRO-OESTE;SUL;-894.229
2025-10-01 23:00:00;SUDESTE/CENTRO-OESTE;SUL;-997.594
2025-10-02 00:00:00;SUDESTE/CENTRO-OESTE;SUL;-1807.049
2025-10-02 01:00:00;SUDESTE/CENTRO-OESTE;SUL;-1053.486
2025-10-02 02:00:00;SUDESTE/CENTRO-OESTE;SUL;247.886
2025-10-02 03:00:00;SUDESTE/CENTRO-OESTE;SUL;1120.095
2025-10-02 04:00:00;SUDESTE/CENTRO-OESTE;SUL;1256.786
2025-10-02 05:00:00;SUDESTE/CENTRO-OESTE;SUL;568.98299999
2025-10-02 06:00:00;SUDESTE/CENTRO-OESTE;SUL;1343.511
2025-10-02 07:00:00;SUDESTE/CENTRO-OESTE;SUL;3990.626
2025-10-02 08:00:00;SUDESTE/CENTRO-OESTE;SUL;3931.406
2025-10-02 09:00:00;SUDESTE/CENTRO-OESTE;SUL;3327.995
2025-10-02 10:00:00;SUDESTE/CENTRO-OESTE;SUL;3054.548
2025-10-02 11:00:00;SUDESTE/CENTRO-OESTE;SUL;3107.835
2025-10-02 12:00:00;SUDESTE/CENTRO-OESTE;SUL;2937.775
2025-10-02 13:00:00;SUDESTE/CENTRO-OESTE;SUL;2321.318
2025-10-02 14:00:00;SUDESTE/CENTRO-OESTE;SUL;2468.991
2025-10-02 15:00:00;SUDESTE/CENTRO-OESTE;SUL;2159.964
2025-10-02 16:00:00;SUDESTE/CENTRO-OESTE;SUL;95.769
2025-10-02 17:00:00;SUDESTE/CENTRO-OESTE;SUL;-1444.85
2025-10-02 18:00:00;SUDESTE/CENTRO-OESTE;SUL;166.958
2025-10-02 19:00:00;SUDESTE/CENTRO-OESTE;SUL;419.527
2025-10-02 20:00:00;SUDESTE/CENTRO-OESTE;SUL;-628.823
2025-10-02 21:00:00;SUDESTE/CENTRO-OESTE;SUL;-1920.53
2025-10-02 22:00:00;SUDESTE/CENTRO-OESTE;SUL;-2773.716
2025-10-02 23:00:00;SUDESTE/CENTRO-OESTE;SUL;-2652.649
2025-10-03 00:00:00;SUDESTE/CENTRO-OESTE;SUL;-1773.289
2025-10-03 01:00:00;SUDESTE/CENTRO-OESTE;SUL;-309.58499999
2025-10-03 02:00:00;SUDESTE/CENTRO-OESTE;SUL;-180.223
2025-10-03 03:00:00;SUDESTE/CENTRO-OESTE;SUL;-684.768
2025-10-03 04:00:00;SUDESTE/CENTRO-OESTE;SUL;-769.499
2025-10-03 05:00:00;SUDESTE/CENTRO-OESTE;SUL;-449.638
2025-10-03 06:00:00;SUDESTE/CENTRO-OESTE;SUL;454.052
2025-10-03 07:00:00;SUDESTE/CENTRO-OESTE;SUL;3160.71
2025-10-03 08:00:00;SUDESTE/CENTRO-OESTE;SUL;3232.923
2025-10-03 09:00:00;SUDESTE/CENTRO-OESTE;SUL;3106.051
2025-10-03 10:00:00;SUDESTE/CENTRO-OESTE;SUL;2815.299
2025-10-03 11:00:00;SUDESTE/CENTRO-OESTE;SUL;2661.841
2025-10-03 12:00:00;SUDESTE/CENTRO-OESTE;SUL;1986.503
2025-10-03 13:00:00;SUDESTE/CENTRO-OESTE;SUL;1790.933
2025-10-03 14:00:00;SUDESTE/CENTRO-OESTE;SUL;1084.933
2025-10-03 15:00:00;SUDESTE/CENTRO-OESTE;SUL;591.96799999
2025-10-03 16:00:00;SUDESTE/CENTRO-OESTE;SUL;-276.931
2025-10-03 17:00:00;SUDESTE/CENTRO-OESTE;SUL;-1560.845
2025-10-03 18:00:00;SUDESTE/CENTRO-OESTE;SUL;-394.693
2025-10-03 19:00:00;SUDESTE/CENTRO-OESTE;SUL;-707.972
2025-10-03 20:00:00;SUDESTE/CENTRO-OESTE;SUL;-1313.24499999
2025-10-03 21:00:00;SUDESTE/CENTRO-OESTE;SUL;-2176.77599999
2025-10-03 22:00:00;SUDESTE/CENTRO-OESTE;SUL;-2676.768
2025-10-03 23:00:00;SUDESTE/CENTRO-OESTE;SUL;-2290.71999999
2025-10-04 00:00:00;SUDESTE/CENTRO-OESTE;SUL;-2295.36299999
2025-10-04 01:00:00;SUDESTE/CENTRO-OESTE;SUL;-2290.408
2025-10-04 02:00:00;SUDESTE/CENTRO-OESTE;SUL;-1338.162
2025-10-04 03:00:00;SUDESTE/CENTRO-OESTE;SUL;-511.409
2025-10-04 04:00:00;SUDESTE/CENTRO-OESTE;SUL;-1165.001
2025-10-04 05:00:00;SUDESTE/CENTRO-OESTE;SUL;-1390.994
2025-10-04 06:00:00;SUDESTE/CENTRO-OESTE;SUL;-529.32
2025-10-04 07:00:00;SUDESTE/CENTRO-OESTE;SUL;980.386
2025-10-04 08:00:00;SUDESTE/CENTRO-OESTE;SUL;383.601
2025-10-04 09:00:00;SUDESTE/CENTRO-OESTE;SUL;-406.46
2025-10-04 10:00:00;SUDESTE/CENTRO-OESTE;SUL;-1070.433
2025-10-04 11:00:00;SUDESTE/CENTRO-OESTE;SUL;-1412.407
2025-10-04 12:00:00;SUDESTE/CENTRO-OESTE;SUL;-2081.495
2025-10-04 13:00:00;SUDESTE/CENTRO-OESTE;SUL;-1815.183
2025-10-04 14:00:00;SUDESTE/CENTRO-OESTE;SUL;-1612.371
2025-10-04 15:00:00;SUDESTE/CENTRO-OESTE;SUL;-1990.622
2025-10-04 16:00:00;SUDESTE/CENTRO-OESTE;SUL;-1614.538
2025-10-04 17:00:00;SUDESTE/CENTRO-OESTE;SUL;-1678.755
2025-10-04 18:00:00;SUDESTE/CENTRO-OESTE;SUL;-1315.394
2025-10-04 19:00:00;SUDESTE/CENTRO-OESTE;SUL;-1583.862
2025-10-04 20:00:00;SUDESTE/CENTRO-OESTE;SUL;-2038.181
2025-10-04 21:00:00;SUDESTE/CENTRO-OESTE;SUL;-2386.437
2025-10-04 22:00:00;SUDESTE/CENTRO-OESTE;SUL;-3041.48
2025-10-04 23:00:00;SUDESTE/CENTRO-OESTE;SUL;-3248.895
2025-10-05 00:00:00;SUDESTE/CENTRO-OESTE;SUL;-3433.5
2025-10-05 01:00:00;SUDESTE/CENTRO-OESTE;SUL;-3042.82
2025-10-05 02:00:00;SUDESTE/CENTRO-OESTE;SUL;-2446.36
2025-10-05 03:00:00;SUDESTE/CENTRO-OESTE;SUL;-2466.14199999
2025-10-05 04:00:00;SUDESTE/CENTRO-OESTE;SUL;-2211.512
2025-10-05 05:00:00;SUDESTE/CENTRO-OESTE;SUL;-1270.728
2025-10-05 06:00:00;SUDESTE/CENTRO-OESTE;SUL;-888.425
2025-10-05 07:00:00;SUDESTE/CENTRO-OESTE;SUL;-871.292
2025-10-05 08:00:00;SUDESTE/CENTRO-OESTE;SUL;-1287.564
2025-10-05 09:00:00;SUDESTE/CENTRO-OESTE;SUL;-1695.531
2025-10-05 10:00:00;SUDESTE/CENTRO-OESTE;SUL;-2440.761
2025-10-05 11:00:00;SUDESTE/CENTRO-OESTE;SUL;-2578.3
2025-10-05 12:00:00;SUDESTE/CENTRO-OESTE;SUL;-2533.542
2025-10-05 13:00:00;SUDESTE/CENTRO-OESTE;SUL;-2295.734
2025-10-05 14:00:00;SUDESTE/CENTRO-OESTE;SUL;-1605.017
2025-10-05 15:00:00;SUDESTE/CENTRO-OESTE;SUL;-1243.67699999
2025-10-05 16:00:00;SUDESTE/CENTRO-OESTE;SUL;-454.354
2025-10-05 17:00:00;SUDESTE/CENTRO-OESTE;SUL;-2276.742
2025-10-05 18:00:00;SUDESTE/CENTRO-OESTE;SUL;-2520.799
2025-10-05 19:00:00;SUDESTE/CENTRO-OESTE;SUL;-2209.52599999
2025-10-05 20:00:00;SUDESTE/CENTRO-OESTE;SUL;-2735.339
2025-10-05 21:00:00;SUDESTE/CENTRO-OESTE;SUL;-3047.668
2025-10-05 22:00:00;SUDESTE/CENTRO-OESTE;SUL;-3237.77
2025-10-05 23:00:00;SUDESTE/CENTRO-OESTE;SUL;-2878.404
2025-10-06 00:00:00;SUDESTE/CENTRO-OESTE;SUL;-2709.073
2025-10-06 01:00:00;SUDESTE/CENTRO-OESTE;SUL;-1661.204
2025-10-06 02:00:00;SUDESTE/CENTRO-OESTE;SUL;-1348.012
2025-10-06 03:00:00;SUDESTE/CENTRO-OESTE;SUL;-1366.377
2025-10-06 04:00:00;SUDESTE/CENTRO-OESTE;SUL;-1515.271
2025-10-06 05:00:00;SUDESTE/CENTRO-OESTE;SUL;-1007.013
2025-10-06 06:00:00;SUDESTE/CENTRO-OESTE;SUL;671.038
2025-10-06 07:00:00;SUDESTE/CENTRO-OESTE;SUL;3153.817
2025-10-06 08:00:00;SUDESTE/CENTRO-OESTE;SUL;2947.992
2025-10-06 09:00:00;SUDESTE/CENTRO-OESTE;SUL;3185.807
2025-10-06 10:00:00;SUDESTE/CENTRO-OESTE;SUL;2104.10399999
2025-10-06 11:00:00;SUDESTE/CENTRO-OESTE;SUL;1435.275
2025-10-06 12:00:00;SUDESTE/CENTRO-OESTE;SUL;1111.625
2025-10-06 13:00:00;SUDESTE/CENTRO-OESTE;SUL;916.023
2025-10-06 14:00:00;SUDESTE/CENTRO-OESTE;SUL;1017.304
2025-10-06 15:00:00;SUDESTE/CENTRO-OESTE;SUL;151.458
2025-10-06 16:00:00;SUDESTE/CENTRO-OESTE;SUL;-973.9
2025-10-06 17:00:00;SUDESTE/CENTRO-OESTE;SUL;-1872.812
2025-10-06 18:00:00;SUDESTE/CENTRO-OESTE;SUL;-1541.523
2025-10-06 19:00:00;SUDESTE/CENTRO-OESTE;SUL;-1084.957
2025-10-06 20:00:00;SUDESTE/CENTRO-OESTE;SUL;-1394.473
2025-10-06 21:00:00;SUDESTE/CENTRO-OESTE;SUL;-2446.772
2025-10-06 22:00:00;SUDESTE/CENTRO-OESTE;SUL;-3001.444
2025-10-06 23:00:00;SUDESTE/CENTRO-OESTE;SUL;-2993.963
2025-10-07 00:00:00;SUDESTE/CENTRO-OESTE;SUL;-3726.041
2025-10-07 01:00:00;SUDESTE/CENTRO-OESTE;SUL;-4268.188
2025-10-07 02:00:00;SUDESTE/CENTRO-OESTE;SUL;-2757.449
2025-10-07 03:00:00;SUDESTE/CENTRO-OESTE;SUL;-1939.834
2025-10-07 04:00:00;SUDESTE/CENTRO-OESTE;SUL;-1940.977
2025-10-07 05:00:00;SUDESTE/CENTRO-OESTE;SUL;-2346.48
2025-10-07 06:00:00;SUDESTE/CENTRO-OESTE;SUL;-900.132
2025-10-07 07:00:00;SUDESTE/CENTRO-OESTE;SUL;692.179
2025-10-07 08:00:00;SUDESTE/CENTRO-OESTE;SUL;888.895
2025-10-07 09:00:00;SUDESTE/CENTRO-OESTE;SUL;610.48
2025-10-07 10:00:00;SUDESTE/CENTRO-OESTE;SUL;1137.766
2025-10-07 11:00:00;SUDESTE/CENTRO-OESTE;SUL;416.257
2025-10-07 12:00:00;SUDESTE/CENTRO-OESTE;SUL;-381.09
2025-10-07 13:00:00;SUDESTE/CENTRO-OESTE;SUL;-220.458
2025-10-07 14:00:00;SUDESTE/CENTRO-OESTE;SUL;511.9
2025-10-07 15:00:00;SUDESTE/CENTRO-OESTE;SUL;165.133
2025-10-07 16:00:00;SUDESTE/CENTRO-OESTE;SUL;-2365.917
2025-10-07 17:00:00;SUDESTE/CENTRO-OESTE;SUL;-2370.02799999
2025-10-07 18:00:00;SUDESTE/CENTRO-OESTE;SUL;-580.666
2025-10-07 19:00:00;SUDESTE/CENTRO-OESTE;SUL;-46.08
2025-10-07 20:00:00;SUDESTE/CENTRO-OESTE;SUL;-739.619
2025-10-07 21:00:00;SUDESTE/CENTRO-OESTE;SUL;-1500.219
2025-10-07 22:00:00;SUDESTE/CENTRO-OESTE;SUL;-1835.955
2025-10-07 23:00:00;SUDESTE/CENTRO-OESTE;SUL;-1586.503
2025-10-08 00:00:00;SUDESTE/CENTRO-OESTE;SUL;-1305.547
2025-10-08 01:00:00;SUDESTE/CENTRO-OESTE;SUL;-711.889
2025-10-08 02:00:00;SUDESTE/CENTRO-OESTE;SUL;-709.919
2025-10-08 03:00:00;SUDESTE/CENTRO-OESTE;SUL;-401.929
2025-10-08 04:00:00;SUDESTE/CENTRO-OESTE;SUL;-592.91999999
2025-10-08 05:00:00;SUDESTE/CENTRO-OESTE;SUL;-911.267
2025-10-08 06:00:00;SUDESTE/CENTRO-OESTE;SUL;-339.65499999
2025-10-08 07:00:00;SUDESTE/CENTRO-OESTE;SUL;666.03
2025-10-08 08:00:00;SUDESTE/CENTRO-OESTE;SUL;1257.031
2025-10-08 09:00:00;SUDESTE/CENTRO-OESTE;SUL;1902.748
2025-10-08 10:00:00;SUDESTE/CENTRO-OESTE;SUL;1865.847
2025-10-08 11:00:00;SUDESTE/CENTRO-OESTE;SUL;1586.006
2025-10-08 12:00:00;SUDESTE/CENTRO-OESTE;SUL;949.046
2025-10-08 13:00:00;SUDESTE/CENTRO-OESTE;SUL;1046.607
2025-10-08 14:00:00;SUDESTE/CENTRO-OESTE;SUL;1206.782
2025-10-08 15:00:00;SUDESTE/CENTRO-OESTE;SUL;1484.359
2025-10-08 16:00:00;SUDESTE/CENTRO-OESTE;SUL;622.85
2025-10-08 17:00:00;SUDESTE/CENTRO-OESTE;SUL;-303.279
2025-10-08 18:00:00;SUDESTE/CENTRO-OESTE;SUL;885.511
2025-10-08 19:00:00;SUDESTE/CENTRO-OESTE;SUL;1064.519
2025-10-08 20:00:00;SUDESTE/CENTRO-OESTE;SUL;-254.627
2025-10-08 21:00:00;SUDESTE/CENTRO-OESTE;SUL;-1506.791
2025-10-08 22:00:00;SUDESTE/CENTRO-OESTE;SUL;-1774.138
2025-10-08 23:00:00;SUDESTE/CENTRO-OESTE;SUL;-2027.576
2025-10-09 00:00:00;SUDESTE/CENTRO-OESTE;SUL;-1054.597
2025-10-09 01:00:00;SUDESTE/CENTRO-OESTE;SUL;-476.283
2025-10-09 02:00:00;SUDESTE/CENTRO-OESTE;SUL;-316.33499999
2025-10-09 03:00:00;SUDESTE/CENTRO-OESTE;SUL;-383.278
2025-10-09 04:00:00;SUDESTE/CENTRO-OESTE;SUL;-551.354
2025-10-09 05:00:00;SUDESTE/CENTRO-OESTE;SUL;-976.242
2025-10-09 06:00:00;SUDESTE/CENTRO-OESTE;SUL;-1249.317
2025-10-09 07:00:00;SUDESTE/CENTRO-OESTE;SUL;550.462
2025-10-09 08:00:00;SUDESTE/CENTRO-OESTE;SUL;342.031
2025-10-09 09:00:00;SUDESTE/CENTRO-OESTE;SUL;1502.273
2025-10-09 10:00:00;SUDESTE/CENTRO-OESTE;SUL;1622.737
2025-10-09 11:00:00;SUDESTE/CENTRO-OESTE;SUL;1560.121
2025-10-09 12:00:00;SUDESTE/CENTRO-OESTE;SUL;667.075
2025-10-09 13:00:00;SUDESTE/CENTRO-OESTE;SUL;1694.943
2025-10-09 14:00:00;SUDESTE/CENTRO-OESTE;SUL;2182.672
2025-10-09 15:00:00;SUDESTE/CENTRO-OESTE;SUL;1906.186
2025-10-09 16:00:00;SUDESTE/CENTRO-OESTE;SUL;788.016
2025-10-09 17:00:00;SUDESTE/CENTRO-OESTE;SUL;-232.18
2025-10-09 18:00:00;SUDESTE/CENTRO-OESTE;SUL;-285.85899999
2025-10-09 19:00:00;SUDESTE/CENTRO-OESTE;SUL;-337.774
2025-10-09 20:00:00;SUDESTE/CENTRO-OESTE;SUL;-1248.414
2025-10-09 21:00:00;SUDESTE/CENTRO-OESTE;SUL;-1080.007
2025-10-09 22:00:00;SUDESTE/CENTRO-OESTE;SUL;-1272.42
2025-10-09 23:00:00;SUDESTE/CENTRO-OESTE;SUL;-1920.825
2025-10-10 00:00:00;SUDESTE/CENTRO-OESTE;SUL;-1477.497
2025-10-10 01:00:00;SUDESTE/CENTRO-OESTE;SUL;-756.747
2025-10-10 02:00:00;SUDESTE/CENTRO-OESTE;SUL;-447.094
2025-10-10 03:00:00;SUDESTE/CENTRO-OESTE;SUL;-221.054
2025-10-10 04:00:00;SUDESTE/CENTRO-OESTE;SUL;92.685
2025-10-10 05:00:00;SUDESTE/CENTRO-OESTE;SUL;-307.527
2025-10-10 06:00:00;SUDESTE/CENTRO-OESTE;SUL;782.733
2025-10-10 07:00:00;SUDESTE/CENTRO-OESTE;SUL;2248.67999999
2025-10-10 08:00:00;SUDESTE/CENTRO-OESTE;SUL;1812.641
2025-10-10 09:00:00;SUDESTE/CENTRO-OESTE;SUL;1001.954
2025-10-10 10:00:00;SUDESTE/CENTRO-OESTE;SUL;655.45399999
2025-10-10 11:00:00;SUDESTE/CENTRO-OESTE;SUL;687.614
2025-10-10 12:00:00;SUDESTE/CENTRO-OESTE;SUL;388.291
2025-10-10 13:00:00;SUDESTE/CENTRO-OESTE;SUL;-161.987
2025-10-10 14:00:00;SUDESTE/CENTRO-OESTE;SUL;-529.641
2025-10-10 15:00:00;SUDESTE/CENTRO-OESTE;SUL;-75.477
2025-10-10 16:00:00;SUDESTE/CENTRO-OESTE;SUL;-332.237
2025-10-10 17:00:00;SUDESTE/CENTRO-OESTE;SUL;-1012.722
2025-10-10 18:00:00;SUDESTE/CENTRO-OESTE;SUL;-328.908
2025-10-10 19:00:00;SUDESTE/CENTRO-OESTE;SUL;-740.464
2025-10-10 20:00:00;SUDESTE/CENTRO-OESTE;SUL;-1374.656
2025-10-10 21:00:00;SUDESTE/CENTRO-OESTE;SUL;-1716.642
2025-10-10 22:00:00;SUDESTE/CENTRO-OESTE;SUL;-2268.138
2025-10-10 23:00:00;SUDESTE/CENTRO-OESTE;SUL;-1717.434
2025-10-11 00:00:00;SUDESTE/CENTRO-OESTE;SUL;-1477.938
2025-10-11 01:00:00;SUDESTE/CENTRO-OESTE;SUL;-1878.948
2025-10-11 02:00:00;SUDESTE/CENTRO-OESTE;SUL;-1230.66699999
2025-10-11 03:00:00;SUDESTE/CENTRO-OESTE;SUL;-252.414
2025-10-11 04:00:00;SUDESTE/CENTRO-OESTE;SUL;-0.95
2025-10-11 05:00:00;SUDESTE/CENTRO-OESTE;SUL;-513.818
2025-10-11 06:00:00;SUDESTE/CENTRO-OESTE;SUL;-324.874
2025-10-11 07:00:00;SUDESTE/CENTRO-OESTE;SUL;301.483
2025-10-11 08:00:00;SUDESTE/CENTRO-OESTE;SUL;-139.296
2025-10-11 09:00:00;SUDESTE/CENTRO-OESTE;SUL;-893.55
2025-10-11 10:00:00;SUDESTE/CENTRO-OESTE;SUL;-1368.942
2025-10-11 11:00:00;SUDESTE/CENTRO-OESTE;SUL;-1518.846
2025-10-11 12:00:00;SUDESTE/CENTRO-OESTE;SUL;-1738.17
2025-10-11 13:00:00;SUDESTE/CENTRO-OESTE;SUL;-1527.667
2025-10-11 14:00:00;SUDESTE/CENTRO-OESTE;SUL;-1129.85899999
2025-10-11 15:00:00;SUDESTE/CENTRO-OESTE;SUL;-961.73
2025-10-11 16:00:00;SUDESTE/CENTRO-OESTE;SUL;-2017.7
2025-10-11 17:00:00;SUDESTE/CENTRO-OESTE;SUL;-3104.507
2025-10-11 18:00:00;SUDESTE/CENTRO-OESTE;SUL;-3481.956
2025-10-11 19:00:00;SUDESTE/CENTRO-OESTE;SUL;-3067.695
2025-10-11 20:00:00;SUDESTE/CENTRO-OESTE;SUL;-3584.553
2025-10-11 21:00:00;SUDESTE/CENTRO-OESTE;SUL;-3904.818
2025-10-11 22:00:00;SUDESTE/CENTRO-OESTE;SUL;-4085.88
2025-10-11 23:00:00;SUDESTE/CENTRO-OESTE;SUL;-3398.143
2025-10-12 00:00:00;SUDESTE/CENTRO-OESTE;SUL;-3840.695
2025-10-12 01:00:00;SUDESTE/CENTRO-OESTE;SUL;-4343.228
2025-10-12 02:00:00;SUDESTE/CENTRO-OESTE;SUL;-4538.441
2025-10-12 03:00:00;SUDESTE/CENTRO-OESTE;SUL;-4264.47
2025-10-12 04:00:00;SUDESTE/CENTRO-OESTE;SUL;-4054.433
2025-10-12 05:00:00;SUDESTE/CENTRO-OESTE;SUL;-3415.096
2025-10-12 06:00:00;SUDESTE/CENTRO-OESTE;SUL;-717.888
2025-10-12 07:00:00;SUDESTE/CENTRO-OESTE;SUL;1500.223
2025-10-12 08:00:00;SUDESTE/CENTRO-OESTE;SUL;2238.456
2025-10-12 09:00:00;SUDESTE/CENTRO-OESTE;SUL;2848.448
2025-10-12 10:00:00;SUDESTE/CENTRO-OESTE;SUL;2899.787
2025-10-12 11:00:00;SUDESTE/CENTRO-OESTE;SUL;2576.42
2025-10-12 12:00:00;SUDESTE/CENTRO-OESTE;SUL;2038.122
2025-10-12 13:00:00;SUDESTE/CENTRO-OESTE;SUL;1593.986
2025-10-12 14:00:00;SUDESTE/CENTRO-OESTE;SUL;1309.113
2025-10-12 15:00:00;SUDESTE/CENTRO-OESTE;SUL;501.811
2025-10-12 16:00:00;SUDESTE/CENTRO-OESTE;SUL;-1507.74
2025-10-12 17:00:00;SUDESTE/CENTRO-OESTE;SUL;-3957.311
2025-10-12 18:00:00;SUDESTE/CENTRO-OESTE;SUL;-4011.077
2025-10-12 19:00:00;SUDESTE/CENTRO-OESTE;SUL;-3932.229
2025-10-12 20:00:00;SUDESTE/CENTRO-OESTE;SUL;-4356.702
2025-10-12 21:00:00;SUDESTE/CENTRO-OESTE;SUL;-4218.98899999
2025-10-12 22:00:00;SUDESTE/CENTRO-OESTE;SUL;-4501.779
2025-10-12 23:00:00;SUDESTE/CENTRO-OESTE;SUL;-4541.59599999
2025-10-13 00:00:00;SUDESTE/CENTRO-OESTE;SUL;-3890.564
2025-10-13 01:00:00;SUDESTE/CENTRO-OESTE;SUL;-2414.096
2025-10-13 02:00:00;SUDESTE/CENTRO-OESTE;SUL;-1676.785
2025-10-13 03:00:00;SUDESTE/CENTRO-OESTE;SUL;-1108.85899999
2025-10-13 04:00:00;SUDESTE/CENTRO-OESTE;SUL;-1365.848
2025-10-13 05:00:00;SUDESTE/CENTRO-OESTE;SUL;-2108.542
2025-10-13 06:00:00;SUDESTE/CENTRO-OESTE;SUL;-2609.377
2025-10-13 07:00:00;SUDESTE/CENTRO-OESTE;SUL;-2518.42999999
2025-10-13 08:00:00;SUDESTE/CENTRO-OESTE;SUL;-2648.61499999
2025-10-13 09:00:00;SUDESTE/CENTRO-OESTE;SUL;-2378.645
2025-10-13 10:00:00;SUDESTE/CENTRO-OESTE;SUL;-1589.79
2025-10-13 11:00:00;SUDESTE/CENTRO-OESTE;SUL;-1387.011
2025-10-13 12:00:00;SUDESTE/CENTRO-OESTE;SUL;-1679.137
2025-10-13 13:00:00;SUDESTE/CENTRO-OESTE;SUL;-1303.486
2025-10-13 14:00:00;SUDESTE/CENTRO-OESTE;SUL;-1449.105
2025-10-13 15:00:00;SUDESTE/CENTRO-OESTE;SUL;-1543.199
2025-10-13 16:00:00;SUDESTE/CENTRO-OESTE;SUL;-3246.748
2025-10-13 17:00:00;SUDESTE/CENTRO-OESTE;SUL;-3037.979
2025-10-13 18:00:00;SUDESTE/CENTRO-OESTE;SUL;-1372.922
2025-10-13 19:00:00;SUDESTE/CENTRO-OESTE;SUL;-1188.304
2025-10-13 20:00:00;SUDESTE/CENTRO-OESTE;SUL;-1897.719
2025-10-13 21:00:00;SUDESTE/CENTRO-OESTE;SUL;-2557.239
2025-10-13 22:00:00;SUDESTE/CENTRO-OESTE;SUL;-3721.703
2025-10-13 23:00:00;SUDESTE/CENTRO-OESTE;SUL;-4096.304
2025-10-14 00:00:00;SUDESTE/CENTRO-OESTE;SUL;-1320.766
2025-10-14 01:00:00;SUDESTE/CENTRO-OESTE;SUL;2683.754
2025-10-14 02:00:00;SUDESTE/CENTRO-OESTE;SUL;1073.64799999
2025-10-14 03:00:00;SUDESTE/CENTRO-OESTE;SUL;-306.846
2025-10-14 04:00:00;SUDESTE/CENTRO-OESTE;SUL;-406.328
2025-10-14 05:00:00;SUDESTE/CENTRO-OESTE;SUL;123.945
2025-10-14 06:00:00;SUDESTE/CENTRO-OESTE;SUL;1218.797
2025-10-14 07:00:00;SUDESTE/CENTRO-OESTE;SUL;1270.413
2025-10-14 08:00:00;SUDESTE/CENTRO-OESTE;SUL;56.858
2025-10-14 09:00:00;SUDESTE/CENTRO-OESTE;SUL;-172.469
2025-10-14 10:00:00;SUDESTE/CENTRO-OESTE;SUL;-371.074
2025-10-14 11:00:00;SUDESTE/CENTRO-OESTE;SUL;-505.81
2025-10-14 12:00:00;SUDESTE/CENTRO-OESTE;SUL;-1311.439
2025-10-14 13:00:00;SUDESTE/CENTRO-OESTE;SUL;-2237.346
2025-10-14 14:00:00;SUDESTE/CENTRO-OESTE;SUL;-3046.83
2025-10-14 15:00:00;SUDESTE/CENTRO-OESTE;SUL;-3322.872
2025-10-14 16:00:00;SUDESTE/CENTRO-OESTE;SUL;-2662.07499999
2025-10-14 17:00:00;SUDESTE/CENTRO-OESTE;SUL;-1827.944
2025-10-14 18:00:00;SUDESTE/CENTRO-OESTE;SUL;-965.437
2025-10-14 19:00:00;SUDESTE/CENTRO-OESTE;SUL;-14.958
2025-10-14 20:00:00;SUDESTE/CENTRO-OESTE;SUL;-466.739
2025-10-14 21:00:00;SUDESTE/CENTRO-OESTE;SUL;-733.328
2025-10-14 22:00:00;SUDESTE/CENTRO-OESTE;SUL;-1315.107
2025-10-14 23:00:00;SUDESTE/CENTRO-OESTE;SUL;-2184.165
2025-10-15 00:00:00;SUDESTE/CENTRO-OESTE;SUL;-3363.844
2025-10-15 01:00:00;SUDESTE/CENTRO-OESTE;SUL;-3504.162
2025-10-15 02:00:00;SUDESTE/CENTRO-OESTE;SUL;-2622.731
2025-10-15 03:00:00;SUDESTE/CENTRO-OESTE;SUL;-3176.814
2025-10-15 04:00:00;SUDESTE/CENTRO-OESTE;SUL;-2811.923
2025-10-15 05:00:00;SUDESTE/CENTRO-OESTE;SUL;-1643.858
2025-10-15 06:00:00;SUDESTE/CENTRO-OESTE;SUL;-1127.221
2025-10-15 07:00:00;SUDESTE/CENTRO-OESTE;SUL;-742.058
2025-10-15 08:00:00;SUDESTE/CENTRO-OESTE;SUL;-125.303
2025-10-15 09:00:00;SUDESTE/CENTRO-OESTE;SUL;-307.25
2025-10-15 10:00:00;SUDESTE/CENTRO-OESTE;SUL;-969.524
2025-10-15 11:00:00;SUDESTE/CENTRO-OESTE;SUL;-1412.456
2025-10-15 12:00:00;SUDESTE/CENTRO-OESTE;SUL;-2398.55
2025-10-15 13:00:00;SUDESTE/CENTRO-OESTE;SUL;-1414.98
2025-10-15 14:00:00;SUDESTE/CENTRO-OESTE;SUL;-684.86
2025-10-15 15:00:00;SUDESTE/CENTRO-OESTE;SUL;-1750.294
2025-10-15 16:00:00;SUDESTE/CENTRO-OESTE;SUL;-2115.138
2025-10-15 17:00:00;SUDESTE/CENTRO-OESTE;SUL;-2406.478
2025-10-15 18:00:00;SUDESTE/CENTRO-OESTE;SUL;-1418.111
2025-10-15 19:00:00;SUDESTE/CENTRO-OESTE;SUL;-464.419
2025-10-15 20:00:00;SUDESTE/CENTRO-OESTE;SUL;-1360.376
2025-10-15 21:00:00;SUDESTE/CENTRO-OESTE;SUL;-1795.088
2025-10-15 22:00:00;SUDESTE/CENTRO-OESTE;SUL;-2587.197
2025-10-15 23:00:00;SUDESTE/CENTRO-OESTE;SUL;-2990.585
2025-10-16 00:00:00;SUDESTE/CENTRO-OESTE;SUL;-2996.137
2025-10-16 01:00:00;SUDESTE/CENTRO-OESTE;SUL;-2588.26
2025-10-16 02:00:00;SUDESTE/CENTRO-OESTE;SUL;-1856.614
2025-10-16 03:00:00;SUDESTE/CENTRO-OESTE;SUL;-1420.854
2025-10-16 04:00:00;SUDESTE/CENTRO-OESTE;SUL;-1534.948
2025-10-16 05:00:00;SUDESTE/CENTRO-OESTE;SUL;-1708.636
2025-10-16 06:00:00;SUDESTE/CENTRO-OESTE;SUL;-702.809
2025-10-16 07:00:00;SUDESTE/CENTRO-OESTE;SUL;467.207
2025-10-16 08:00:00;SUDESTE/CENTRO-OESTE;SUL;1706.515
2025-10-16 09:00:00;SUDESTE/CENTRO-OESTE;SUL;2434.867
2025-10-16 10:00:00;SUDESTE/CENTRO-OESTE;SUL;2438.469
2025-10-16 11:00:00;SUDESTE/CENTRO-OESTE;SUL;2231.025
2025-10-16 12:00:00;SUDESTE/CENTRO-OESTE;SUL;1392.204
2025-10-16 13:00:00;SUDESTE/CENTRO-OESTE;SUL;254.171
2025-10-16 14:00:00;SUDESTE/CENTRO-OESTE;SUL;896.745
2025-10-16 15:00:00;SUDESTE/CENTRO-OESTE;SUL;900.112
2025-10-16 16:00:00;SUDESTE/CENTRO-OESTE;SUL;-942.325
2025-10-16 17:00:00;SUDESTE/CENTRO-OESTE;SUL;-919.208
2025-10-16 18:00:00;SUDESTE/CENTRO-OESTE;SUL;-227.135
2025-10-16 19:00:00;SUDESTE/CENTRO-OESTE;SUL;426.928
2025-10-16 20:00:00;SUDESTE/CENTRO-OESTE;SUL;-431.102
2025-10-16 21:00:00;SUDESTE/CENTRO-OESTE;SUL;-1129.122
2025-10-16 22:00:00;SUDESTE/CENTRO-OESTE;SUL;-2219.105
2025-10-16 23:00:00;SUDESTE/CENTRO-OESTE;SUL;-3330.791
2025-10-17 00:00:00;SUDESTE/CENTRO-OESTE;SUL;-3834.893
2025-10-17 01:00:00;SUDESTE/CENTRO-OESTE;SUL;-4347.505
2025-10-17 02:00:00;SUDESTE/CENTRO-OESTE;SUL;-4504.93999999
2025-10-17 03:00:00;SUDESTE/CENTRO-OESTE;SUL;-4532.796
2025-10-17 04:00:00;SUDESTE/CENTRO-OESTE;SUL;-4417.18599999
2025-10-17 05:00:00;SUDESTE/CENTRO-OESTE;SUL;-3656.994
2025-10-17 06:00:00;SUDESTE/CENTRO-OESTE;SUL;-1791.701
2025-10-17 07:00:00;SUDESTE/CENTRO-OESTE;SUL;-155.235
2025-10-17 08:00:00;SUDESTE/CENTRO-OESTE;SUL;624.159
2025-10-17 09:00:00;SUDESTE/CENTRO-OESTE;SUL;1072.554
2025-10-17 10:00:00;SUDESTE/CENTRO-OESTE;SUL;1322.114
2025-10-17 11:00:00;SUDESTE/CENTRO-OESTE;SUL;1289.489
2025-10-17 12:00:00;SUDESTE/CENTRO-OESTE;SUL;443.908
2025-10-17 13:00:00;SUDESTE/CENTRO-OESTE;SUL;-759.485
2025-10-17 14:00:00;SUDESTE/CENTRO-OESTE;SUL;-503.431
2025-10-17 15:00:00;SUDESTE/CENTRO-OESTE;SUL;-1352.16799999
2025-10-17 16:00:00;SUDESTE/CENTRO-OESTE;SUL;-1717.389
2025-10-17 17:00:00;SUDESTE/CENTRO-OESTE;SUL;-1995.487
2025-10-17 18:00:00;SUDESTE/CENTRO-OESTE;SUL;-1355.176
2025-10-17 19:00:00;SUDESTE/CENTRO-OESTE;SUL;-973.486
2025-10-17 20:00:00;SUDESTE/CENTRO-OESTE;SUL;-1742.058
2025-10-17 21:00:00;SUDESTE/CENTRO-OESTE;SUL;-3024.56
2025-10-17 22:00:00;SUDESTE/CENTRO-OESTE;SUL;-3496.614
2025-10-17 23:00:00;SUDESTE/CENTRO-OESTE;SUL;-3524.899
2025-10-18 00:00:00;SUDESTE/CENTRO-OESTE;SUL;-3384.696
2025-10-18 01:00:00;SUDESTE/CENTRO-OESTE;SUL;-4042.565
2025-10-18 02:00:00;SUDESTE/CENTRO-OESTE;SUL;-4348.579
2025-10-18 03:00:00;SUDESTE/CENTRO-OESTE;SUL;-4373.022
2025-10-18 04:00:00;SUDESTE/CENTRO-OESTE;SUL;-5096.589
2025-10-18 05:00:00;SUDESTE/CENTRO-OESTE;SUL;-4635.277
2025-10-18 06:00:00;SUDESTE/CENTRO-OESTE;SUL;-1623.563
2025-10-18 07:00:00;SUDESTE/CENTRO-OESTE;SUL;-573.1
2025-10-18 08:00:00;SUDESTE/CENTRO-OESTE;SUL;59.526
2025-10-18 09:00:00;SUDESTE/CENTRO-OESTE;SUL;-764.094
2025-10-18 10:00:00;SUDESTE/CENTRO-OESTE;SUL;-2006.268
2025-10-18 11:00:00;SUDESTE/CENTRO-OESTE;SUL;-2978.596
2025-10-18 12:00:00;SUDESTE/CENTRO-OESTE;SUL;-3959.452
2025-10-18 13:00:00;SUDESTE/CENTRO-OESTE;SUL;-3946.774
2025-10-18 14:00:00;SUDESTE/CENTRO-OESTE;SUL;-3994.023
2025-10-18 15:00:00;SUDESTE/CENTRO-OESTE;SUL;-4390.59599999
2025-10-18 16:00:00;SUDESTE/CENTRO-OESTE;SUL;-5079.723
2025-10-18 17:00:00;SUDESTE/CENTRO-OESTE;SUL;-5232.439
2025-10-18 18:00:00;SUDESTE/CENTRO-OESTE;SUL;-4204.639
2025-10-18 19:00:00;SUDESTE/CENTRO-OESTE;SUL;-3548.48
2025-10-18 20:00:00;SUDESTE/CENTRO-OESTE;SUL;-4258.488
2025-10-18 21:00:00;SUDESTE/CENTRO-OESTE;SUL;-5076.669
2025-10-18 22:00:00;SUDESTE/CENTRO-OESTE;SUL;-5554.02
2025-10-18 23:00:00;SUDESTE/CENTRO-OESTE;SUL;-3815.343
2025-10-19 00:00:00;SUDESTE/CENTRO-OESTE;SUL;-5258.353
2025-10-19 01:00:00;SUDESTE/CENTRO-OESTE;SUL;-5800.931
2025-10-19 02:00:00;SUDESTE/CENTRO-OESTE;SUL;-4975.319
2025-10-19 03:00:00;SUDESTE/CENTRO-OESTE;SUL;-4931.85
2025-10-19 04:00:00;SUDESTE/CENTRO-OESTE;SUL;-4944.271
2025-10-19 05:00:00;SUDESTE/CENTRO-OESTE;SUL;-4900.207
2025-10-19 06:00:00;SUDESTE/CENTRO-OESTE;SUL;-3081.193
2025-10-19 07:00:00;SUDESTE/CENTRO-OESTE;SUL;-2358.063
2025-10-19 08:00:00;SUDESTE/CENTRO-OESTE;SUL;-1916.831
2025-10-19 09:00:00;SUDESTE/CENTRO-OESTE;SUL;-2017.46
2025-10-19 10:00:00;SUDESTE/CENTRO-OESTE;SUL;-2183.712
2025-10-19 11:00:00;SUDESTE/CENTRO-OESTE;SUL;-2216.067
2025-10-19 12:00:00;SUDESTE/CENTRO-OESTE;SUL;-2633.024
2025-10-19 13:00:00;SUDESTE/CENTRO-OESTE;SUL;-2632.538
2025-10-19 14:00:00;SUDESTE/CENTRO-OESTE;SUL;-3197.979
2025-10-19 15:00:00;SUDESTE/CENTRO-OESTE;SUL;-3854.627
2025-10-19 16:00:00;SUDESTE/CENTRO-OESTE;SUL;-2911.349
2025-10-19 17:00:00;SUDESTE/CENTRO-OESTE;SUL;-2498.02799999
2025-10-19 18:00:00;SUDESTE/CENTRO-OESTE;SUL;-1049.615
2025-10-19 19:00:00;SUDESTE/CENTRO-OESTE;SUL;-1591.257
2025-10-19 20:00:00;SUDESTE/CENTRO-OESTE;SUL;-3844.147
2025-10-19 21:00:00;SUDESTE/CENTRO-OESTE;SUL;-4718.511
2025-10-19 22:00:00;SUDESTE/CENTRO-OESTE;SUL;-5579.293
2025-10-19 23:00:00;SUDESTE/CENTRO-OESTE;SUL;-5473.068
2025-10-20 00:00:00;SUDESTE/CENTRO-OESTE;SUL;-6386.087
2025-10-20 01:00:00;SUDESTE/CENTRO-OESTE;SUL;-6699.988
2025-10-20 02:00:00;SUDESTE/CENTRO-OESTE;SUL;-6803.068
2025-10-20 03:00:00;SUDESTE/CENTRO-OESTE;SUL;-6887.991
2025-10-20 04:00:00;SUDESTE/CENTRO-OESTE;SUL;-6185.393
2025-10-20 05:00:00;SUDESTE/CENTRO-OESTE;SUL;-5265.27499999
2025-10-20 06:00:00;SUDESTE/CENTRO-OESTE;SUL;-3293.872
2025-10-20 07:00:00;SUDESTE/CENTRO-OESTE;SUL;-1327.979
2025-10-20 08:00:00;SUDESTE/CENTRO-OESTE;SUL;18.24599999
2025-10-20 09:00:00;SUDESTE/CENTRO-OESTE;SUL;-948.12
2025-10-20 10:00:00;SUDESTE/CENTRO-OESTE;SUL;-967.563
2025-10-20 11:00:00;SUDESTE/CENTRO-OESTE;SUL;-932.699
2025-10-20 12:00:00;SUDESTE/CENTRO-OESTE;SUL;-1342.753
2025-10-20 13:00:00;SUDESTE/CENTRO-OESTE;SUL;-1028.865
2025-10-20 14:00:00;SUDESTE/CENTRO-OESTE;SUL;-1065.275
2025-10-20 15:00:00;SUDESTE/CENTRO-OESTE;SUL;-1127.519
2025-10-20 16:00:00;SUDESTE/CENTRO-OESTE;SUL;-1699.108
2025-10-20 17:00:00;SUDESTE/CENTRO-OESTE;SUL;-855.643
2025-10-20 18:00:00;SUDESTE/CENTRO-OESTE;SUL;-668.727
2025-10-20 19:00:00;SUDESTE/CENTRO-OESTE;SUL;434.039
2025-10-20 20:00:00;SUDESTE/CENTRO-OESTE;SUL;-74.512
2025-10-20 21:00:00;SUDESTE/CENTRO-OESTE;SUL;-245.826
2025-10-20 22:00:00;SUDESTE/CENTRO-OESTE;SUL;51.964
2025-10-20 23:00:00;SUDESTE/CENTRO-OESTE;SUL;471.455
2025-10-21 00:00:00;SUDESTE/CENTRO-OESTE;SUL;-1371.387
2025-10-21 01:00:00;SUDESTE/CENTRO-OESTE;SUL;-2314.308
2025-10-21 02:00:00;SUDESTE/CENTRO-OESTE;SUL;-1762.48
2025-10-21 03:00:00;SUDESTE/CENTRO-OESTE;SUL;-2406.331
2025-10-21 04:00:00;SUDESTE/CENTRO-OESTE;SUL;-2890.111
2025-10-21 05:00:00;SUDESTE/CENTRO-OESTE;SUL;-3437.034
2025-10-21 06:00:00;SUDESTE/CENTRO-OESTE;SUL;-948.283
2025-10-21 07:00:00;SUDESTE/CENTRO-OESTE;SUL;884.953
2025-10-21 08:00:00;SUDESTE/CENTRO-OESTE;SUL;503.527
2025-10-21 09:00:00;SUDESTE/CENTRO-OESTE;SUL;-15.88
2025-10-21 10:00:00;SUDESTE/CENTRO-OESTE;SUL;-239.658
2025-10-21 11:00:00;SUDESTE/CENTRO-OESTE;SUL;-222.89
2025-10-21 12:00:00;SUDESTE/CENTRO-OESTE;SUL;-1317.19599999
2025-10-21 13:00:00;SUDESTE/CENTRO-OESTE;SUL;-2017.281
2025-10-21 14:00:00;SUDESTE/CENTRO-OESTE;SUL;-1885.137
2025-10-21 15:00:00;SUDESTE/CENTRO-OESTE;SUL;-481.043
2025-10-21 16:00:00;SUDESTE/CENTRO-OESTE;SUL;-358.532
2025-10-21 17:00:00;SUDESTE/CENTRO-OESTE;SUL;-208.474
2025-10-21 18:00:00;SUDESTE/CENTRO-OESTE;SUL;-379.133
2025-10-21 19:00:00;SUDESTE/CENTRO-OESTE;SUL;23.203
2025-10-21 20:00:00;SUDESTE/CENTRO-OESTE;SUL;-937.073
2025-10-21 21:00:00;SUDESTE/CENTRO-OESTE;SUL;-1751.694
2025-10-21 22:00:00;SUDESTE/CENTRO-OESTE;SUL;-1667.499
2025-10-21 23:00:00;SUDESTE/CENTRO-OESTE;SUL;-322.511
2025-10-22 00:00:00;SUDESTE/CENTRO-OESTE;SUL;-126.146
2025-10-22 01:00:00;SUDESTE/CENTRO-OESTE;SUL;-523.91999999
2025-10-22 02:00:00;SUDESTE/CENTRO-OESTE;SUL;-129.485
2025-10-22 03:00:00;SUDESTE/CENTRO-OESTE;SUL;267.245
2025-10-22 04:00:00;SUDESTE/CENTRO-OESTE;SUL;107.079
2025-10-22 05:00:00;SUDESTE/CENTRO-OESTE;SUL;76.42
2025-10-22 06:00:00;SUDESTE/CENTRO-OESTE;SUL;-374.14
2025-10-22 07:00:00;SUDESTE/CENTRO-OESTE;SUL;1229.682
2025-10-22 08:00:00;SUDESTE/CENTRO-OESTE;SUL;685.316
2025-10-22 09:00:00;SUDESTE/CENTRO-OESTE;SUL;-141.94999999
2025-10-22 10:00:00;SUDESTE/CENTRO-OESTE;SUL;-104.142
2025-10-22 11:00:00;SUDESTE/CENTRO-OESTE;SUL;-189.138
2025-10-22 12:00:00;SUDESTE/CENTRO-OESTE;SUL;-1230.607
2025-10-22 13:00:00;SUDESTE/CENTRO-OESTE;SUL;-1008.706
2025-10-22 14:00:00;SUDESTE/CENTRO-OESTE;SUL;-864.906
2025-10-22 15:00:00;SUDESTE/CENTRO-OESTE;SUL;-1357.028
2025-10-22 16:00:00;SUDESTE/CENTRO-OESTE;SUL;-173.954
2025-10-22 17:00:00;SUDESTE/CENTRO-OESTE;SUL;352.639
2025-10-22 18:00:00;SUDESTE/CENTRO-OESTE;SUL;860.797
2025-10-22 19:00:00;SUDESTE/CENTRO-OESTE;SUL;349.179
2025-10-22 20:00:00;SUDESTE/CENTRO-OESTE;SUL;-460.533
2025-10-22 21:00:00;SUDESTE/CENTRO-OESTE;SUL;-1406.664
2025-10-22 22:00:00;SUDESTE/CENTRO-OESTE;SUL;-1642.63
2025-10-22 23:00:00;SUDESTE/CENTRO-OESTE;SUL;-444.092
2025-10-23 00:00:00;SUDESTE/CENTRO-OESTE;SUL;1311.66
2025-10-23 01:00:00;SUDESTE/CENTRO-OESTE;SUL;1583.764
2025-10-23 02:00:00;SUDESTE/CENTRO-OESTE;SUL;1287.32
2025-10-23 03:00:00;SUDESTE/CENTRO-OESTE;SUL;511.116
2025-10-23 04:00:00;SUDESTE/CENTRO-OESTE;SUL;-71.471
2025-10-23 05:00:00;SUDESTE/CENTRO-OESTE;SUL;-11.923
2025-10-23 06:00:00;SUDESTE/CENTRO-OESTE;SUL;1121.261
2025-10-23 07:00:00;SUDESTE/CENTRO-OESTE;SUL;2192.21099999
2025-10-23 08:00:00;SUDESTE/CENTRO-OESTE;SUL;1448.607
2025-10-23 09:00:00;SUDESTE/CENTRO-OESTE;SUL;709.376
2025-10-23 10:00:00;SUDESTE/CENTRO-OESTE;SUL;354.229
2025-10-23 11:00:00;SUDESTE/CENTRO-OESTE;SUL;261.615
2025-10-23 12:00:00;SUDESTE/CENTRO-OESTE;SUL;-560.178
2025-10-23 13:00:00;SUDESTE/CENTRO-OESTE;SUL;-530.698
2025-10-23 14:00:00;SUDESTE/CENTRO-OESTE;SUL;340.822
2025-10-23 15:00:00;SUDESTE/CENTRO-OESTE;SUL;1745.069
2025-10-23 16:00:00;SUDESTE/CENTRO-OESTE;SUL;1205.91
2025-10-23 17:00:00;SUDESTE/CENTRO-OESTE;SUL;1075.104
2025-10-23 18:00:00;SUDESTE/CENTRO-OESTE;SUL;755.549
2025-10-23 19:00:00;SUDESTE/CENTRO-OESTE;SUL;470.29
2025-10-23 20:00:00;SUDESTE/CENTRO-OESTE;SUL;-204.088
2025-10-23 21:00:00;SUDESTE/CENTRO-OESTE;SUL;-1491.093
2025-10-23 22:00:00;SUDESTE/CENTRO-OESTE;SUL;-953.3
2025-10-23 23:00:00;SUDESTE/CENTRO-OESTE;SUL;773.16
2025-10-24 00:00:00;SUDESTE/CENTRO-OESTE;SUL;1757.662
2025-10-24 01:00:00;SUDESTE/CENTRO-OESTE;SUL;1404.767
2025-10-24 02:00:00;SUDESTE/CENTRO-OESTE;SUL;607.932
2025-10-24 03:00:00;SUDESTE/CENTRO-OESTE;SUL;281.168
2025-10-24 04:00:00;SUDESTE/CENTRO-OESTE;SUL;-334.98
2025-10-24 05:00:00;SUDESTE/CENTRO-OESTE;SUL;-596.792
2025-10-24 06:00:00;SUDESTE/CENTRO-OESTE;SUL;393.369
2025-10-24 07:00:00;SUDESTE/CENTRO-OESTE;SUL;1188.493
2025-10-24 08:00:00;SUDESTE/CENTRO-OESTE;SUL;1136.56099999
2025-10-24 09:00:00;SUDESTE/CENTRO-OESTE;SUL;447.33
2025-10-24 10:00:00;SUDESTE/CENTRO-OESTE;SUL;104.079
2025-10-24 11:00:00;SUDESTE/CENTRO-OESTE;SUL;-449.778
2025-10-24 12:00:00;SUDESTE/CENTRO-OESTE;SUL;-787.158
2025-10-24 13:00:00;SUDESTE/CENTRO-OESTE;SUL;-1446.871
2025-10-24 14:00:00;SUDESTE/CENTRO-OESTE;SUL;-83.08
2025-10-24 15:00:00;SUDESTE/CENTRO-OESTE;SUL;1005.891
2025-10-24 16:00:00;SUDESTE/CENTRO-OESTE;SUL;1148.243
2025-10-24 17:00:00;SUDESTE/CENTRO-OESTE;SUL;-687.154
2025-10-24 18:00:00;SUDESTE/CENTRO-OESTE;SUL;-617.654
2025-10-24 19:00:00;SUDESTE/CENTRO-OESTE;SUL;-304.077
2025-10-24 20:00:00;SUDESTE/CENTRO-OESTE;SUL;-1225.198
2025-10-24 21:00:00;SUDESTE/CENTRO-OESTE;SUL;-1897.746
2025-10-24 22:00:00;SUDESTE/CENTRO-OESTE;SUL;-2335.03
2025-10-24 23:00:00;SUDESTE/CENTRO-OESTE;SUL;-1413.778
2025-10-25 00:00:00;SUDESTE/CENTRO-OESTE;SUL;-963.421
2025-10-25 01:00:00;SUDESTE/CENTRO-OESTE;SUL;-1158.313
2025-10-25 02:00:00;SUDESTE/CENTRO-OESTE;SUL;-1339.622
2025-10-25 03:00:00;SUDESTE/CENTRO-OESTE;SUL;-1222.615
2025-10-25 04:00:00;SUDESTE/CENTRO-OESTE;SUL;-1515.015
2025-10-25 05:00:00;SUDESTE/CENTRO-OESTE;SUL;-1339.651
2025-10-25 06:00:00;SUDESTE/CENTRO-OESTE;SUL;291.015
2025-10-25 07:00:00;SUDESTE/CENTRO-OESTE;SUL;859.907
2025-10-25 08:00:00;SUDESTE/CENTRO-OESTE;SUL;1096.281
2025-10-25 09:00:00;SUDESTE/CENTRO-OESTE;SUL;885.496
2025-10-25 10:00:00;SUDESTE/CENTRO-OESTE;SUL;918.082
2025-10-25 11:00:00;SUDESTE/CENTRO-OESTE;SUL;276.868
2025-10-25 12:00:00;SUDESTE/CENTRO-OESTE;SUL;-370.158
2025-10-25 13:00:00;SUDESTE/CENTRO-OESTE;SUL;-160.216
2025-10-25 14:00:00;SUDESTE/CENTRO-OESTE;SUL;110.557
2025-10-25 15:00:00;SUDESTE/CENTRO-OESTE;SUL;-77.233
2025-10-25 16:00:00;SUDESTE/CENTRO-OESTE;SUL;-558.948
2025-10-25 17:00:00;SUDESTE/CENTRO-OESTE;SUL;-1056.133
2025-10-25 18:00:00;SUDESTE/CENTRO-OESTE;SUL;-1719.045
2025-10-25 19:00:00;SUDESTE/CENTRO-OESTE;SUL;-1489.637
2025-10-25 20:00:00;SUDESTE/CENTRO-OESTE;SUL;-2078.51
2025-10-25 21:00:00;SUDESTE/CENTRO-OESTE;SUL;-2687.156
2025-10-25 22:00:00;SUDESTE/CENTRO-OESTE;SUL;-2852.514
2025-10-25 23:00:00;SUDESTE/CENTRO-OESTE;SUL;-2869.165
2025-10-26 00:00:00;SUDESTE/CENTRO-OESTE;SUL;-2979.362
2025-10-26 01:00:00;SUDESTE/CENTRO-OESTE;SUL;-3085.282
2025-10-26 02:00:00;SUDESTE/CENTRO-OESTE;SUL;-2503.859
2025-10-26 03:00:00;SUDESTE/CENTRO-OESTE;SUL;-1979.706
2025-10-26 04:00:00;SUDESTE/CENTRO-OESTE;SUL;-1677.141
2025-10-26 05:00:00;SUDESTE/CENTRO-OESTE;SUL;-833.483
2025-10-26 06:00:00;SUDESTE/CENTRO-OESTE;SUL;568.095
2025-10-26 07:00:00;SUDESTE/CENTRO-OESTE;SUL;747.476
2025-10-26 08:00:00;SUDESTE/CENTRO-OESTE;SUL;735.12
2025-10-26 09:00:00;SUDESTE/CENTRO-OESTE;SUL;853.118
2025-10-26 10:00:00;SUDESTE/CENTRO-OESTE;SUL;1202.60899999
2025-10-26 11:00:00;SUDESTE/CENTRO-OESTE;SUL;793.587
2025-10-26 12:00:00;SUDESTE/CENTRO-OESTE;SUL;651.457
2025-10-26 13:00:00;SUDESTE/CENTRO-OESTE;SUL;479.493
2025-10-26 14:00:00;SUDESTE/CENTRO-OESTE;SUL;725.707
2025-10-26 15:00:00;SUDESTE/CENTRO-OESTE;SUL;46.754
2025-10-26 16:00:00;SUDESTE/CENTRO-OESTE;SUL;-891.919
2025-10-26 17:00:00;SUDESTE/CENTRO-OESTE;SUL;-2253.666
2025-10-26 18:00:00;SUDESTE/CENTRO-OESTE;SUL;-2343.956
2025-10-26 19:00:00;SUDESTE/CENTRO-OESTE;SUL;-2131.636
2025-10-26 20:00:00;SUDESTE/CENTRO-OESTE;SUL;-2630.8
2025-10-26 21:00:00;SUDESTE/CENTRO-OESTE;SUL;-3339.479
2025-10-26 22:00:00;SUDESTE/CENTRO-OESTE;SUL;-4029.271
2025-10-26 23:00:00;SUDESTE/CENTRO-OESTE;SUL;-4142.661
2025-10-27 00:00:00;SUDESTE/CENTRO-OESTE;SUL;-3109.118
2025-10-27 01:00:00;SUDESTE/CENTRO-OESTE;SUL;-2850.057
2025-10-27 02:00:00;SUDESTE/CENTRO-OESTE;SUL;-2133.966
2025-10-27 03:00:00;SUDESTE/CENTRO-OESTE;SUL;-1945.238
2025-10-27 04:00:00;SUDESTE/CENTRO-OESTE;SUL;-1481.348
2025-10-27 05:00:00;SUDESTE/CENTRO-OESTE;SUL;-557.62
2025-10-27 06:00:00;SUDESTE/CENTRO-OESTE;SUL;956.912
2025-10-27 07:00:00;SUDESTE/CENTRO-OESTE;SUL;786.8
2025-10-27 08:00:00;SUDESTE/CENTRO-OESTE;SUL;-252.351
2025-10-27 09:00:00;SUDESTE/CENTRO-OESTE;SUL;-400.652
2025-10-27 10:00:00;SUDESTE/CENTRO-OESTE;SUL;-184.157
2025-10-27 11:00:00;SUDESTE/CENTRO-OESTE;SUL;-247.352
2025-10-27 12:00:00;SUDESTE/CENTRO-OESTE;SUL;-785.708
2025-10-27 13:00:00;SUDESTE/CENTRO-OESTE;SUL;-1091.281
2025-10-27 14:00:00;SUDESTE/CENTRO-OESTE;SUL;-1461.55
2025-10-27 15:00:00;SUDESTE/CENTRO-OESTE;SUL;-1703.825
2025-10-27 16:00:00;SUDESTE/CENTRO-OESTE;SUL;-1388.336
2025-10-27 17:00:00;SUDESTE/CENTRO-OESTE;SUL;-1546.645
2025-10-27 18:00:00;SUDESTE/CENTRO-OESTE;SUL;-231.505
2025-10-27 19:00:00;SUDESTE/CENTRO-OESTE;SUL;314.90499999
2025-10-27 20:00:00;SUDESTE/CENTRO-OESTE;SUL;-945.737
2025-10-27 21:00:00;SUDESTE/CENTRO-OESTE;SUL;-2020.714
2025-10-27 22:00:00;SUDESTE/CENTRO-OESTE;SUL;-2847.585
2025-10-27 23:00:00;SUDESTE/CENTRO-OESTE;SUL;-2873.527
2025-10-28 00:00:00;SUDESTE/CENTRO-OESTE;SUL;-2303.025
2025-10-28 01:00:00;SUDESTE/CENTRO-OESTE;SUL;-2432.268
2025-10-28 02:00:00;SUDESTE/CENTRO-OESTE;SUL;-1470.899
2025-10-28 03:00:00;SUDESTE/CENTRO-OESTE;SUL;-994.701
2025-10-28 04:00:00;SUDESTE/CENTRO-OESTE;SUL;-768.306
2025-10-28 05:00:00;SUDESTE/CENTRO-OESTE;SUL;-1129.305
2025-10-28 06:00:00;SUDESTE/CENTRO-OESTE;SUL;-456.816
2025-10-28 07:00:00;SUDESTE/CENTRO-OESTE;SUL;-855.122
2025-10-28 08:00:00;SUDESTE/CENTRO-OESTE;SUL;-125.639
2025-10-28 09:00:00;SUDESTE/CENTRO-OESTE;SUL;311.748
2025-10-28 10:00:00;SUDESTE/CENTRO-OESTE;SUL;926.63
2025-10-28 11:00:00;SUDESTE/CENTRO-OESTE;SUL;935.024
2025-10-28 12:00:00;SUDESTE/CENTRO-OESTE;SUL;1083.232
2025-10-28 13:00:00;SUDESTE/CENTRO-OESTE;SUL;670.601
2025-10-28 14:00:00;SUDESTE/CENTRO-OESTE;SUL;-128.472
2025-10-28 15:00:00;SUDESTE/CENTRO-OESTE;SUL;-817.243
2025-10-28 16:00:00;SUDESTE/CENTRO-OESTE;SUL;-1088.113
2025-10-28 17:00:00;SUDESTE/CENTRO-OESTE;SUL;-1572.241
2025-10-28 18:00:00;SUDESTE/CENTRO-OESTE;SUL;-337.20999999
2025-10-28 19:00:00;SUDESTE/CENTRO-OESTE;SUL;-902.928
2025-10-28 20:00:00;SUDESTE/CENTRO-OESTE;SUL;-1691.145
2025-10-28 21:00:00;SUDESTE/CENTRO-OESTE;SUL;-2427.645
2025-10-28 22:00:00;SUDESTE/CENTRO-OESTE;SUL;-3181.574
2025-10-28 23:00:00;SUDESTE/CENTRO-OESTE;SUL;-2835.074
2025-10-29 00:00:00;SUDESTE/CENTRO-OESTE;SUL;-1189.152
2025-10-29 01:00:00;SUDESTE/CENTRO-OESTE;SUL;-547.174
2025-10-29 02:00:00;SUDESTE/CENTRO-OESTE;SUL;-153.514
2025-10-29 03:00:00;SUDESTE/CENTRO-OESTE;SUL;-61.698
2025-10-29 04:00:00;SUDESTE/CENTRO-OESTE;SUL;-727.395
2025-10-29 05:00:00;SUDESTE/CENTRO-OESTE;SUL;-919.105
2025-10-29 06:00:00;SUDESTE/CENTRO-OESTE;SUL;-344.007
2025-10-29 07:00:00;SUDESTE/CENTRO-OESTE;SUL;2.38
2025-10-29 08:00:00;SUDESTE/CENTRO-OESTE;SUL;20.533
2025-10-29 09:00:00;SUDESTE/CENTRO-OESTE;SUL;599.13
2025-10-29 10:00:00;SUDESTE/CENTRO-OESTE;SUL;831.226
2025-10-29 11:00:00;SUDESTE/CENTRO-OESTE;SUL;316.27999999
2025-10-29 12:00:00;SUDESTE/CENTRO-OESTE;SUL;-24.72
2025-10-29 13:00:00;SUDESTE/CENTRO-OESTE;SUL;-1704.807
2025-10-29 14:00:00;SUDESTE/CENTRO-OESTE;SUL;-1683.333
2025-10-29 15:00:00;SUDESTE/CENTRO-OESTE;SUL;-1098.00399999
2025-10-29 16:00:00;SUDESTE/CENTRO-OESTE;SUL;-896.653
2025-10-29 17:00:00;SUDESTE/CENTRO-OESTE;SUL;-1421.791
2025-10-29 18:00:00;SUDESTE/CENTRO-OESTE;SUL;648.724
2025-10-29 19:00:00;SUDESTE/CENTRO-OESTE;SUL;-578.17999999
2025-10-29 20:00:00;SUDESTE/CENTRO-OESTE;SUL;-1079.381
2025-10-29 21:00:00;SUDESTE/CENTRO-OESTE;SUL;-893.609
2025-10-29 22:00:00;SUDESTE/CENTRO-OESTE;SUL;-2009.617
2025-10-29 23:00:00;SUDESTE/CENTRO-OESTE;SUL;-1175.826
2025-10-30 00:00:00;SUDESTE/CENTRO-OESTE;SUL;-524.648
2025-10-30 01:00:00;SUDESTE/CENTRO-OESTE;SUL;-281.708
2025-10-30 02:00:00;SUDESTE/CENTRO-OESTE;SUL;236.109
2025-10-30 03:00:00;SUDESTE/CENTRO-OESTE;SUL;359.986
2025-10-30 04:00:00;SUDESTE/CENTRO-OESTE;SUL;-189.402
2025-10-30 05:00:00;SUDESTE/CENTRO-OESTE;SUL;-423.038
2025-10-30 06:00:00;SUDESTE/CENTRO-OESTE;SUL;264.918
2025-10-30 07:00:00;SUDESTE/CENTRO-OESTE;SUL;135.166
2025-10-30 08:00:00;SUDESTE/CENTRO-OESTE;SUL;-179.75
2025-10-30 09:00:00;SUDESTE/CENTRO-OESTE;SUL;-571.44399999
2025-10-30 10:00:00;SUDESTE/CENTRO-OESTE;SUL;-992.15
2025-10-30 11:00:00;SUDESTE/CENTRO-OESTE;SUL;-1906.713
2025-10-30 12:00:00;SUDESTE/CENTRO-OESTE;SUL;-2394.492
2025-10-30 13:00:00;SUDESTE/CENTRO-OESTE;SUL;-2304.69
2025-10-30 14:00:00;SUDESTE/CENTRO-OESTE;SUL;-2408.26
2025-10-30 15:00:00;SUDESTE/CENTRO-OESTE;SUL;-2442.009
2025-10-30 16:00:00;SUDESTE/CENTRO-OESTE;SUL;-3296.337
2025-10-30 17:00:00;SUDESTE/CENTRO-OESTE;SUL;-1361.34099999
2025-10-30 18:00:00;SUDESTE/CENTRO-OESTE;SUL;244.953
2025-10-30 19:00:00;SUDESTE/CENTRO-OESTE;SUL;980.654
2025-10-30 20:00:00;SUDESTE/CENTRO-OESTE;SUL;563.216
2025-10-30 21:00:00;SUDESTE/CENTRO-OESTE;SUL;-195.12
2025-10-30 22:00:00;SUDESTE/CENTRO-OESTE;SUL;-1475.175
2025-10-30 23:00:00;SUDESTE/CENTRO-OESTE;SUL;-311.594
2025-10-31 00:00:00;SUDESTE/CENTRO-OESTE;SUL;-812.668
2025-10-31 01:00:00;SUDESTE/CENTRO-OESTE;SUL;-629.994
2025-10-31 02:00:00;SUDESTE/CENTRO-OESTE;SUL;-781.471
2025-10-31 03:00:00;SUDESTE/CENTRO-OESTE;SUL;-173.76
2025-10-31 04:00:00;SUDESTE/CENTRO-OESTE;SUL;-420.771
2025-10-31 05:00:00;SUDESTE/CENTRO-OESTE;SUL;-683.92999999
2025-10-31 06:00:00;SUDESTE/CENTRO-OESTE;SUL;-702.754
2025-10-31 07:00:00;SUDESTE/CENTRO-OESTE;SUL;-190.426
2025-10-31 08:00:00;SUDESTE/CENTRO-OESTE;SUL;-193.154
2025-10-31 09:00:00;SUDESTE/CENTRO-OESTE;SUL;-77.622
2025-10-31 10:00:00;SUDESTE/CENTRO-OESTE;SUL;-264.623
2025-10-31 11:00:00;SUDESTE/CENTRO-OESTE;SUL;-434.824
2025-10-31 12:00:00;SUDESTE/CENTRO-OESTE;SUL;-1303.252
2025-10-31 13:00:00;SUDESTE/CENTRO-OESTE;SUL;-1826.676
2025-10-31 14:00:00;SUDESTE/CENTRO-OESTE;SUL;-1253.027
2025-10-31 15:00:00;SUDESTE/CENTRO-OESTE;SUL;-1048.762
2025-10-31 16:00:00;SUDESTE/CENTRO-OESTE;SUL;-1622.11
2025-10-31 17:00:00;SUDESTE/CENTRO-OESTE;SUL;-838.623
2025-10-31 18:00:00;SUDESTE/CENTRO-OESTE;SUL;479.464
2025-10-31 19:00:00;SUDESTE/CENTRO-OESTE;SUL;1588.425
2025-10-31 20:00:00;SUDESTE/CENTRO-OESTE;SUL;705.411
2025-10-31 21:00:00;SUDESTE/CENTRO-OESTE;SUL;-203.737
2025-10-31 22:00:00;SUDESTE/CENTRO-OESTE;SUL;-396.177
2025-10-31 23:00:00;SUDESTE/CENTRO-OESTE;SUL;-309.895
