din_instante;nom_subsistema_origem;nom_subsistema_destino;val_intercambiomwmed
2024-01-01 00:00:00;NORDESTE;SUDESTE/CENTRO-OESTE;-2794.053
2024-01-01 01:00:00;NORDESTE;SUDESTE/CENTRO-OESTE;-2783.053
2024-01-01 02:00:00;NORDESTE;SUDESTE/CENTRO-OESTE;-2853.529
2024-01-01 03:00:00;NORDESTE;SUDESTE/CENTRO-OESTE;-2929.844
2024-01-01 04:00:00;NORDESTE;SUDESTE/CENTRO-OESTE;-2947.045
2024-01-01 05:00:00;NORDESTE;SUDESTE/CENTRO-OESTE;-2911.838
2024-01-01 06:00:00;NORDESTE;SUDESTE/CENTRO-OESTE;-2808.473
2024-01-01 07:00:00;NORDESTE;SUDESTE/CENTRO-OESTE;-2175.20899999
2024-01-01 08:00:00;NORDESTE;SUDESTE/CENTRO-OESTE;-1272.824
2024-01-01 09:00:00;NORDESTE;SUDESTE/CENTRO-OESTE;-5.928
2024-01-01 10:00:00;NORDESTE;SUDESTE/CENTRO-OESTE;-299.56
2024-01-01 11:00:00;NORDESTE;SUDESTE/CENTRO-OESTE;-713.072
2024-01-01 12:00:00;NORDESTE;SUDESTE/CENTRO-OESTE;-854.596
2024-01-01 13:00:00;NORDESTE;SUDESTE/CENTRO-OESTE;-1043.551
2024-01-01 14:00:00;NORDESTE;SUDESTE/CENTRO-OESTE;-883.055
2024-01-01 15:00:00;NORDESTE;SUDESTE/CENTRO-OESTE;-1108.346
2024-01-01 16:00:00;NORDESTE;SUDESTE/CENTRO-OESTE;-1688.127
2024-01-01 17:00:00;NORDESTE;SUDESTE/CENTRO-OESTE;-2581.851
2024-01-01 18:00:00;NORDESTE;SUDESTE/CENTRO-OESTE;-3110.51
2024-01-01 19:00:00;NORDESTE;SUDESTE/CENTRO-OESTE;-2815.549
2024-01-01 20:00:00;NORDESTE;SUDESTE/CENTRO-OESTE;-2541.454
2024-01-01 21:00:00;NORDESTE;SUDESTE/CENTRO-OESTE;-2753.023
2024-01-01 22:00:00;NORDESTE;SUDESTE/CENTRO-OESTE;-2733.701
2024-01-01 23:00:00;NORDESTE;SUDESTE/CENTRO-OESTE;-2795.449
2024-01-02 00:00:00;NORDESTE;SUDESTE/CENTRO-OESTE;-2707.039
2024-01-02 01:00:00;NORDESTE;SUDESTE/CENTRO-OESTE;-2652.73
2024-01-02 02:00:00;NORDESTE;SUDESTE/CENTRO-OESTE;-2908.152
2024-01-02 03:00:00;NORDESTE;SUDESTE/CENTRO-OESTE;-2784.827
2024-01-02 04:00:00;NORDESTE;SUDESTE/CENTRO-OESTE;-2731.244
2024-01-02 05:00:00;NORDESTE;SUDESTE/CENTRO-OESTE;-2473.014
2024-01-02 06:00:00;NORDESTE;SUDESTE/CENTRO-OESTE;-1882.302
2024-01-02 07:00:00;NORDESTE;SUDESTE/CENTRO-OESTE;-1685.777
2024-01-02 08:00:00;NORDESTE;SUDESTE/CENTRO-OESTE;-1998.608
2024-01-02 09:00:00;NORDESTE;SUDESTE/CENTRO-OESTE;-1906.808
2024-01-02 10:00:00;NORDESTE;SUDESTE/CENTRO-OESTE;-1666.645
2024-01-02 11:00:00;NORDESTE;SUDESTE/CENTRO-OESTE;-1451.553
2024-01-02 12:00:00;NORDESTE;SUDESTE/CENTRO-OESTE;-912.465
2024-01-02 13:00:00;NORDESTE;SUDESTE/CENTRO-OESTE;-996.651
2024-01-02 14:00:00;NORDESTE;SUDESTE/CENTRO-OESTE;-694.88
2024-01-02 15:00:00;NORDESTE;SUDESTE/CENTRO-OESTE;-694.519
2024-01-02 16:00:00;NORDESTE;SUDESTE/CENTRO-OESTE;-1449.843
2024-01-02 17:00:00;NORDESTE;SUDESTE/CENTRO-OESTE;-1673.109
2024-01-02 18:00:00;NORDESTE;SUDESTE/CENTRO-OESTE;-1351.791
2024-01-02 19:00:00;NORDESTE;SUDESTE/CENTRO-OESTE;-1179.604
2024-01-02 20:00:00;NORDESTE;SUDESTE/CENTRO-OESTE;-1311.208
2024-01-02 21:00:00;NORDESTE;SUDESTE/CENTRO-OESTE;-1565.11999999
2024-01-02 22:00:00;NORDESTE;SUDESTE/CENTRO-OESTE;-2006.213
2024-01-02 23:00:00;NORDESTE;SUDESTE/CENTRO-OESTE;-2582.031
2024-01-03 00:00:00;NORDESTE;SUDESTE/CENTRO-OESTE;-3095.157
2024-01-03 01:00:00;NORDESTE;SUDESTE/CENTRO-OESTE;-3288.848
2024-01-03 02:00:00;NORDESTE;SUDESTE/CENTRO-OESTE;-3075.375
2024-01-03 03:00:00;NORDESTE;SUDESTE/CENTRO-OESTE;-3055.067
2024-01-03 04:00:00;NORDESTE;SUDESTE/CENTRO-OESTE;-2706.957
2024-01-03 05:00:00;NORDESTE;SUDESTE/CENTRO-OESTE;-2290.944
2024-01-03 06:00:00;NORDESTE;SUDESTE/CENTRO-OESTE;-2027.918
2024-01-03 07:00:00;NORDESTE;SUDESTE/CENTRO-OESTE;-1714.567
2024-01-03 08:00:00;NORDESTE;SUDESTE/CENTRO-OESTE;-1366.663
2024-01-03 09:00:00;NORDESTE;SUDESTE/CENTRO-OESTE;-667.511
2024-01-03 10:00:00;NORDESTE;SUDESTE/CENTRO-OESTE;-306.004
2024-01-03 11:00:00;NORDESTE;SUDESTE/CENTRO-OESTE;-403.17
2024-01-03 12:00:00;NORDESTE;SUDESTE/CENTRO-OESTE;122.694
2024-01-03 13:00:00;NORDESTE;SUDESTE/CENTRO-OESTE;422.779
2024-01-03 14:00:00;NORDESTE;SUDESTE/CENTRO-OESTE;-41.363
2024-01-03 15:00:00;NORDESTE;SUDESTE/CENTRO-OESTE;298.141
2024-01-03 16:00:00;NORDESTE;SUDESTE/CENTRO-OESTE;-122.805
2024-01-03 17:00:00;NORDESTE;SUDESTE/CENTRO-OESTE;-730.978
2024-01-03 18:00:00;NORDESTE;SUDESTE/CENTRO-OESTE;-876.402
2024-01-03 19:00:00;NORDESTE;SUDESTE/CENTRO-OESTE;-569.763
2024-01-03 20:00:00;NORDESTE;SUDESTE/CENTRO-OESTE;-469.421
2024-01-03 21:00:00;NORDESTE;SUDESTE/CENTRO-OESTE;-1070.426
2024-01-03 22:00:00;NORDESTE;SUDESTE/CENTRO-OESTE;-1886.235
2024-01-03 23:00:00;NORDESTE;SUDESTE/CENTRO-OESTE;-2623.256
2024-01-04 00:00:00;NORDESTE;SUDESTE/CENTRO-OESTE;-2880.08
2024-01-04 01:00:00;NORDESTE;SUDESTE/CENTRO-OESTE;-3068.31
2024-01-04 02:00:00;NORDESTE;SUDESTE/CENTRO-OESTE;-3119.505
2024-01-04 03:00:00;NORDESTE;SUDESTE/CENTRO-OESTE;-3047.135
2024-01-04 04:00:00;NORDESTE;SUDESTE/CENTRO-OESTE;-3148.245
2024-01-04 05:00:00;NORDESTE;SUDESTE/CENTRO-OESTE;-2790.943
2024-01-04 06:00:00;NORDESTE;SUDESTE/CENTRO-OESTE;-2273.927
2024-01-04 07:00:00;NORDESTE;SUDESTE/CENTRO-OESTE;-1264.104
2024-01-04 08:00:00;NORDESTE;SUDESTE/CENTRO-OESTE;-761.07
2024-01-04 09:00:00;NORDESTE;SUDESTE/CENTRO-OESTE;-418.337
2024-01-04 10:00:00;NORDESTE;SUDESTE/CENTRO-OESTE;120.186
2024-01-04 11:00:00;NORDESTE;SUDESTE/CENTRO-OESTE;455.749
2024-01-04 12:00:00;NORDESTE;SUDESTE/CENTRO-OESTE;892.945
2024-01-04 13:00:00;NORDESTE;SUDESTE/CENTRO-OESTE;589.033
2024-01-04 14:00:00;NORDESTE;SUDESTE/CENTRO-OESTE;-113.538
2024-01-04 15:00:00;NORDESTE;SUDESTE/CENTRO-OESTE;-181.513
2024-01-04 16:00:00;NORDESTE;SUDESTE/CENTRO-OESTE;-211.538
2024-01-04 17:00:00;NORDESTE;SUDESTE/CENTRO-OESTE;-704.346
2024-01-04 18:00:00;NORDESTE;SUDESTE/CENTRO-OESTE;-672.70399999
2024-01-04 19:00:00;NORDESTE;SUDESTE/CENTRO-OESTE;217.66399999
2024-01-04 20:00:00;NORDESTE;SUDESTE/CENTRO-OESTE;668.38699999
2024-01-04 21:00:00;NORDESTE;SUDESTE/CENTRO-OESTE;386.148
2024-01-04 22:00:00;NORDESTE;SUDESTE/CENTRO-OESTE;-624.65599999
2024-01-04 23:00:00;NORDESTE;SUDESTE/CENTRO-OESTE;-1797.91
2024-01-05 00:00:00;NORDESTE;SUDESTE/CENTRO-OESTE;-2219.623
2024-01-05 01:00:00;NORDESTE;SUDESTE/CENTRO-OESTE;-2632.38299999
2024-01-05 02:00:00;NORDESTE;SUDESTE/CENTRO-OESTE;-2727.04
2024-01-05 03:00:00;NORDESTE;SUDESTE/CENTRO-OESTE;-2613.261
2024-01-05 04:00:00;NORDESTE;SUDESTE/CENTRO-OESTE;-2915.093
2024-01-05 05:00:00;NORDESTE;SUDESTE/CENTRO-OESTE;-2668.243
2024-01-05 06:00:00;NORDESTE;SUDESTE/CENTRO-OESTE;-1598.398
2024-01-05 07:00:00;NORDESTE;SUDESTE/CENTRO-OESTE;-530.648
2024-01-05 08:00:00;NORDESTE;SUDESTE/CENTRO-OESTE;203.435
2024-01-05 09:00:00;NORDESTE;SUDESTE/CENTRO-OESTE;118.459
2024-01-05 10:00:00;NORDESTE;SUDESTE/CENTRO-OESTE;255.817
2024-01-05 11:00:00;NORDESTE;SUDESTE/CENTRO-OESTE;755.008
2024-01-05 12:00:00;NORDESTE;SUDESTE/CENTRO-OESTE;986.874
2024-01-05 13:00:00;NORDESTE;SUDESTE/CENTRO-OESTE;426.373
2024-01-05 14:00:00;NORDESTE;SUDESTE/CENTRO-OESTE;-202.456
2024-01-05 15:00:00;NORDESTE;SUDESTE/CENTRO-OESTE;-26.389
2024-01-05 16:00:00;NORDESTE;SUDESTE/CENTRO-OESTE;-109.488
2024-01-05 17:00:00;NORDESTE;SUDESTE/CENTRO-OESTE;-531.509
2024-01-05 18:00:00;NORDESTE;SUDESTE/CENTRO-OESTE;-484.742
2024-01-05 19:00:00;NORDESTE;SUDESTE/CENTRO-OESTE;280.54199999
2024-01-05 20:00:00;NORDESTE;SUDESTE/CENTRO-OESTE;709.245
2024-01-05 21:00:00;NORDESTE;SUDESTE/CENTRO-OESTE;113.345
2024-01-05 22:00:00;NORDESTE;SUDESTE/CENTRO-OESTE;-435.15499999
2024-01-05 23:00:00;NORDESTE;SUDESTE/CENTRO-OESTE;-1533.932
2024-01-06 00:00:00;NORDESTE;SUDESTE/CENTRO-OESTE;-2105.676
2024-01-06 01:00:00;NORDESTE;SUDESTE/CENTRO-OESTE;-2539.965
2024-01-06 02:00:00;NORDESTE;SUDESTE/CENTRO-OESTE;-2943.623
2024-01-06 03:00:00;NORDESTE;SUDESTE/CENTRO-OESTE;-2675.036
2024-01-06 04:00:00;NORDESTE;SUDESTE/CENTRO-OESTE;-2603.439
2024-01-06 05:00:00;NORDESTE;SUDESTE/CENTRO-OESTE;-2210.56599999
2024-01-06 06:00:00;NORDESTE;SUDESTE/CENTRO-OESTE;-1043.133
2024-01-06 07:00:00;NORDESTE;SUDESTE/CENTRO-OESTE;629.039
2024-01-06 08:00:00;NORDESTE;SUDESTE/CENTRO-OESTE;1807.413
2024-01-06 09:00:00;NORDESTE;SUDESTE/CENTRO-OESTE;2205.328
2024-01-06 10:00:00;NORDESTE;SUDESTE/CENTRO-OESTE;2628.576
2024-01-06 11:00:00;NORDESTE;SUDESTE/CENTRO-OESTE;2723.953
2024-01-06 12:00:00;NORDESTE;SUDESTE/CENTRO-OESTE;2328.734
2024-01-06 13:00:00;NORDESTE;SUDESTE/CENTRO-OESTE;2058.09
2024-01-06 14:00:00;NORDESTE;SUDESTE/CENTRO-OESTE;1660.58
2024-01-06 15:00:00;NORDESTE;SUDESTE/CENTRO-OESTE;1670.89
2024-01-06 16:00:00;NORDESTE;SUDESTE/CENTRO-OESTE;1641.916
2024-01-06 17:00:00;NORDESTE;SUDESTE/CENTRO-OESTE;877.374
2024-01-06 18:00:00;NORDESTE;SUDESTE/CENTRO-OESTE;423.212
2024-01-06 19:00:00;NORDESTE;SUDESTE/CENTRO-OESTE;794.918
2024-01-06 20:00:00;NORDESTE;SUDESTE/CENTRO-OESTE;817.633
2024-01-06 21:00:00;NORDESTE;SUDESTE/CENTRO-OESTE;387.588
2024-01-06 22:00:00;NORDESTE;SUDESTE/CENTRO-OESTE;-200.925
2024-01-06 23:00:00;NORDESTE;SUDESTE/CENTRO-OESTE;-964.058
2024-01-07 00:00:00;NORDESTE;SUDESTE/CENTRO-OESTE;-1594.012
2024-01-07 01:00:00;NORDESTE;SUDESTE/CENTRO-OESTE;-2085.379
2024-01-07 02:00:00;NORDESTE;SUDESTE/CENTRO-OESTE;-2260.688
2024-01-07 03:00:00;NORDESTE;SUDESTE/CENTRO-OESTE;-2034.202
2024-01-07 04:00:00;NORDESTE;SUDESTE/CENTRO-OESTE;-1920.775
2024-01-07 05:00:00;NORDESTE;SUDESTE/CENTRO-OESTE;-1696.296
2024-01-07 06:00:00;NORDESTE;SUDESTE/CENTRO-OESTE;-407.889
2024-01-07 07:00:00;NORDESTE;SUDESTE/CENTRO-OESTE;569.14599999
2024-01-07 08:00:00;NORDESTE;SUDESTE/CENTRO-OESTE;1625.818
2024-01-07 09:00:00;NORDESTE;SUDESTE/CENTRO-OESTE;1701.952
2024-01-07 10:00:00;NORDESTE;SUDESTE/CENTRO-OESTE;1623.769
2024-01-07 11:00:00;NORDESTE;SUDESTE/CENTRO-OESTE;1904.209
2024-01-07 12:00:00;NORDESTE;SUDESTE/CENTRO-OESTE;1874.693
2024-01-07 13:00:00;NORDESTE;SUDESTE/CENTRO-OESTE;1725.954
2024-01-07 14:00:00;NORDESTE;SUDESTE/CENTRO-OESTE;1859.376
2024-01-07 15:00:00;NORDESTE;SUDESTE/CENTRO-OESTE;1977.481
2024-01-07 16:00:00;NORDESTE;SUDESTE/CENTRO-OESTE;1610.94699999
2024-01-07 17:00:00;NORDESTE;SUDESTE/CENTRO-OESTE;337.495
2024-01-07 18:00:00;NORDESTE;SUDESTE/CENTRO-OESTE;101.757
2024-01-07 19:00:00;NORDESTE;SUDESTE/CENTRO-OESTE;490.806
2024-01-07 20:00:00;NORDESTE;SUDESTE/CENTRO-OESTE;712.389
2024-01-07 21:00:00;NORDESTE;SUDESTE/CENTRO-OESTE;862.826
2024-01-07 22:00:00;NORDESTE;SUDESTE/CENTRO-OESTE;621.014
2024-01-07 23:00:00;NORDESTE;SUDESTE/CENTRO-OESTE;-118.786
2024-01-08 00:00:00;NORDESTE;SUDESTE/CENTRO-OESTE;-726.0
2024-01-08 01:00:00;NORDESTE;SUDESTE/CENTRO-OESTE;-1124.04299999
2024-01-08 02:00:00;NORDESTE;SUDESTE/CENTRO-OESTE;-1202.084
2024-01-08 03:00:00;NORDESTE;SUDESTE/CENTRO-OESTE;-1730.592
2024-01-08 04:00:00;NORDESTE;SUDESTE/CENTRO-OESTE;-2022.086
2024-01-08 05:00:00;NORDESTE;SUDESTE/CENTRO-OESTE;-2310.344
2024-01-08 06:00:00;NORDESTE;SUDESTE/CENTRO-OESTE;-1703.728
2024-01-08 07:00:00;NORDESTE;SUDESTE/CENTRO-OESTE;-1049.154
2024-01-08 08:00:00;NORDESTE;SUDESTE/CENTRO-OESTE;-697.809
2024-01-08 09:00:00;NORDESTE;SUDESTE/CENTRO-OESTE;-404.015
2024-01-08 10:00:00;NORDESTE;SUDESTE/CENTRO-OESTE;-97.906
2024-01-08 11:00:00;NORDESTE;SUDESTE/CENTRO-OESTE;346.35
2024-01-08 12:00:00;NORDESTE;SUDESTE/CENTRO-OESTE;504.304
2024-01-08 13:00:00;NORDESTE;SUDESTE/CENTRO-OESTE;284.868
2024-01-08 14:00:00;NORDESTE;SUDESTE/CENTRO-OESTE;28.88
2024-01-08 15:00:00;NORDESTE;SUDESTE/CENTRO-OESTE;39.36099999
2024-01-08 16:00:00;NORDESTE;SUDESTE/CENTRO-OESTE;51.725
2024-01-08 17:00:00;NORDESTE;SUDESTE/CENTRO-OESTE;-402.734
2024-01-08 18:00:00;NORDESTE;SUDESTE/CENTRO-OESTE;-655.089
2024-01-08 19:00:00;NORDESTE;SUDESTE/CENTRO-OESTE;129.03299999
2024-01-08 20:00:00;NORDESTE;SUDESTE/CENTRO-OESTE;310.022
2024-01-08 21:00:00;NORDESTE;SUDESTE/CENTRO-OESTE;9.707
2024-01-08 22:00:00;NORDESTE;SUDESTE/CENTRO-OESTE;-308.157
2024-01-08 23:00:00;NORDESTE;SUDESTE/CENTRO-OESTE;-1126.674
2024-01-09 00:00:00;NORDESTE;SUDESTE/CENTRO-OESTE;-2003.634
2024-01-09 01:00:00;NORDESTE;SUDESTE/CENTRO-OESTE;-2522.293
2024-01-09 02:00:00;NORDESTE;SUDESTE/CENTRO-OESTE;-2189.598
2024-01-09 03:00:00;NORDESTE;SUDESTE/CENTRO-OESTE;-1412.173
2024-01-09 04:00:00;NORDESTE;SUDESTE/CENTRO-OESTE;-621.354
2024-01-09 05:00:00;NORDESTE;SUDESTE/CENTRO-OESTE;843.327
2024-01-09 06:00:00;NORDESTE;SUDESTE/CENTRO-OESTE;2380.771
2024-01-09 07:00:00;NORDESTE;SUDESTE/CENTRO-OESTE;3326.223
2024-01-09 08:00:00;NORDESTE;SUDESTE/CENTRO-OESTE;3283.393
2024-01-09 09:00:00;NORDESTE;SUDESTE/CENTRO-OESTE;2486.761
2024-01-09 10:00:00;NORDESTE;SUDESTE/CENTRO-OESTE;2059.013
2024-01-09 11:00:00;NORDESTE;SUDESTE/CENTRO-OESTE;1757.258
2024-01-09 12:00:00;NORDESTE;SUDESTE/CENTRO-OESTE;2195.88299999
2024-01-09 13:00:00;NORDESTE;SUDESTE/CENTRO-OESTE;2281.196
2024-01-09 14:00:00;NORDESTE;SUDESTE/CENTRO-OESTE;2487.978
2024-01-09 15:00:00;NORDESTE;SUDESTE/CENTRO-OESTE;2858.219
2024-01-09 16:00:00;NORDESTE;SUDESTE/CENTRO-OESTE;2798.48999999
2024-01-09 17:00:00;NORDESTE;SUDESTE/CENTRO-OESTE;2211.915
2024-01-09 18:00:00;NORDESTE;SUDESTE/CENTRO-OESTE;2013.4
2024-01-09 19:00:00;NORDESTE;SUDESTE/CENTRO-OESTE;3106.726
2024-01-09 20:00:00;NORDESTE;SUDESTE/CENTRO-OESTE;3548.793
2024-01-09 21:00:00;NORDESTE;SUDESTE/CENTRO-OESTE;3258.743
2024-01-09 22:00:00;NORDESTE;SUDESTE/CENTRO-OESTE;3207.052
2024-01-09 23:00:00;NORDESTE;SUDESTE/CENTRO-OESTE;2958.931
2024-01-10 00:00:00;NORDESTE;SUDESTE/CENTRO-OESTE;2386.934
2024-01-10 01:00:00;NORDESTE;SUDESTE/CENTRO-OESTE;1844.838
2024-01-10 02:00:00;NORDESTE;SUDESTE/CENTRO-OESTE;1160.32099999
2024-01-10 03:00:00;NORDESTE;SUDESTE/CENTRO-OESTE;1364.46
2024-01-10 04:00:00;NORDESTE;SUDESTE/CENTRO-OESTE;1411.215
2024-01-10 05:00:00;NORDESTE;SUDESTE/CENTRO-OESTE;1798.991
2024-01-10 06:00:00;NORDESTE;SUDESTE/CENTRO-OESTE;2857.747
2024-01-10 07:00:00;NORDESTE;SUDESTE/CENTRO-OESTE;3479.154
2024-01-10 08:00:00;NORDESTE;SUDESTE/CENTRO-OESTE;2891.694
2024-01-10 09:00:00;NORDESTE;SUDESTE/CENTRO-OESTE;2115.08
2024-01-10 10:00:00;NORDESTE;SUDESTE/CENTRO-OESTE;2015.534
2024-01-10 11:00:00;NORDESTE;SUDESTE/CENTRO-OESTE;2150.454
2024-01-10 12:00:00;NORDESTE;SUDESTE/CENTRO-OESTE;1911.531
2024-01-10 13:00:00;NORDESTE;SUDESTE/CENTRO-OESTE;1773.438
2024-01-10 14:00:00;NORDESTE;SUDESTE/CENTRO-OESTE;1677.977
2024-01-10 15:00:00;NORDESTE;SUDESTE/CENTRO-OESTE;2478.31599999
2024-01-10 16:00:00;NORDESTE;SUDESTE/CENTRO-OESTE;3386.456
2024-01-10 17:00:00;NORDESTE;SUDESTE/CENTRO-OESTE;2805.368
2024-01-10 18:00:00;NORDESTE;SUDESTE/CENTRO-OESTE;2555.098
2024-01-10 19:00:00;NORDESTE;SUDESTE/CENTRO-OESTE;3574.715
2024-01-10 20:00:00;NORDESTE;SUDESTE/CENTRO-OESTE;4560.914
2024-01-10 21:00:00;NORDESTE;SUDESTE/CENTRO-OESTE;4351.41799999
2024-01-10 22:00:00;NORDESTE;SUDESTE/CENTRO-OESTE;3478.387
2024-01-10 23:00:00;NORDESTE;SUDESTE/CENTRO-OESTE;2781.507
2024-01-11 00:00:00;NORDESTE;SUDESTE/CENTRO-OESTE;2152.937
2024-01-11 01:00:00;NORDESTE;SUDESTE/CENTRO-OESTE;1571.596
2024-01-11 02:00:00;NORDESTE;SUDESTE/CENTRO-OESTE;1309.353
2024-01-11 03:00:00;NORDESTE;SUDESTE/CENTRO-OESTE;1004.331
2024-01-11 04:00:00;NORDESTE;SUDESTE/CENTRO-OESTE;727.442
2024-01-11 05:00:00;NORDESTE;SUDESTE/CENTRO-OESTE;1274.25
2024-01-11 06:00:00;NORDESTE;SUDESTE/CENTRO-OESTE;2364.299
2024-01-11 07:00:00;NORDESTE;SUDESTE/CENTRO-OESTE;3514.868
2024-01-11 08:00:00;NORDESTE;SUDESTE/CENTRO-OESTE;3229.05699999
2024-01-11 09:00:00;NORDESTE;SUDESTE/CENTRO-OESTE;3520.665
2024-01-11 10:00:00;NORDESTE;SUDESTE/CENTRO-OESTE;3904.343
2024-01-11 11:00:00;NORDESTE;SUDESTE/CENTRO-OESTE;3255.83
2024-01-11 12:00:00;NORDESTE;SUDESTE/CENTRO-OESTE;2896.469
2024-01-11 13:00:00;NORDESTE;SUDESTE/CENTRO-OESTE;2145.937
2024-01-11 14:00:00;NORDESTE;SUDESTE/CENTRO-OESTE;1921.944
2024-01-11 15:00:00;NORDESTE;SUDESTE/CENTRO-OESTE;1619.693
2024-01-11 16:00:00;NORDESTE;SUDESTE/CENTRO-OESTE;1868.72
2024-01-11 17:00:00;NORDESTE;SUDESTE/CENTRO-OESTE;1384.53
2024-01-11 18:00:00;NORDESTE;SUDESTE/CENTRO-OESTE;1761.998
2024-01-11 19:00:00;NORDESTE;SUDESTE/CENTRO-OESTE;2675.879
2024-01-11 20:00:00;NORDESTE;SUDESTE/CENTRO-OESTE;3040.764
2024-01-11 21:00:00;NORDESTE;SUDESTE/CENTRO-OESTE;2811.186
2024-01-11 22:00:00;NORDESTE;SUDESTE/CENTRO-OESTE;2423.524
2024-01-11 23:00:00;NORDESTE;SUDESTE/CENTRO-OESTE;1492.48
2024-01-12 00:00:00;NORDESTE;SUDESTE/CENTRO-OESTE;433.76799999
2024-01-12 01:00:00;NORDESTE;SUDESTE/CENTRO-OESTE;-28.001
2024-01-12 02:00:00;NORDESTE;SUDESTE/CENTRO-OESTE;18.056
2024-01-12 03:00:00;NORDESTE;SUDESTE/CENTRO-OESTE;342.199
2024-01-12 04:00:00;NORDESTE;SUDESTE/CENTRO-OESTE;291.89299999
2024-01-12 05:00:00;NORDESTE;SUDESTE/CENTRO-OESTE;478.522
2024-01-12 06:00:00;NORDESTE;SUDESTE/CENTRO-OESTE;1220.48499999
2024-01-12 07:00:00;NORDESTE;SUDESTE/CENTRO-OESTE;2720.074
2024-01-12 08:00:00;NORDESTE;SUDESTE/CENTRO-OESTE;2979.609
2024-01-12 09:00:00;NORDESTE;SUDESTE/CENTRO-OESTE;2507.491
2024-01-12 10:00:00;NORDESTE;SUDESTE/CENTRO-OESTE;2098.109
2024-01-12 11:00:00;NORDESTE;SUDESTE/CENTRO-OESTE;1799.052
2024-01-12 12:00:00;NORDESTE;SUDESTE/CENTRO-OESTE;2190.56
2024-01-12 13:00:00;NORDESTE;SUDESTE/CENTRO-OESTE;2469.34299999
2024-01-12 14:00:00;NORDESTE;SUDESTE/CENTRO-OESTE;2583.683
2024-01-12 15:00:00;NORDESTE;SUDESTE/CENTRO-OESTE;2573.15
2024-01-12 16:00:00;NORDESTE;SUDESTE/CENTRO-OESTE;2184.402
2024-01-12 17:00:00;NORDESTE;SUDESTE/CENTRO-OESTE;1677.282
2024-01-12 18:00:00;NORDESTE;SUDESTE/CENTRO-OESTE;1402.544
2024-01-12 19:00:00;NORDESTE;SUDESTE/CENTRO-OESTE;1972.804
2024-01-12 20:00:00;NORDESTE;SUDESTE/CENTRO-OESTE;2047.998
2024-01-12 21:00:00;NORDESTE;SUDESTE/CENTRO-OESTE;2118.862
2024-01-12 22:00:00;NORDESTE;SUDESTE/CENTRO-OESTE;1761.309
2024-01-12 23:00:00;NORDESTE;SUDESTE/CENTRO-OESTE;1303.323
2024-01-13 00:00:00;NORDESTE;SUDESTE/CENTRO-OESTE;712.64
2024-01-13 01:00:00;NORDESTE;SUDESTE/CENTRO-OESTE;347.562
2024-01-13 02:00:00;NORDESTE;SUDESTE/CENTRO-OESTE;495.302
2024-01-13 03:00:00;NORDESTE;SUDESTE/CENTRO-OESTE;560.434
2024-01-13 04:00:00;NORDESTE;SUDESTE/CENTRO-OESTE;484.171
2024-01-13 05:00:00;NORDESTE;SUDESTE/CENTRO-OESTE;773.99
2024-01-13 06:00:00;NORDESTE;SUDESTE/CENTRO-OESTE;1620.35999999
2024-01-13 07:00:00;NORDESTE;SUDESTE/CENTRO-OESTE;2350.583
2024-01-13 08:00:00;NORDESTE;SUDESTE/CENTRO-OESTE;2790.559
2024-01-13 09:00:00;NORDESTE;SUDESTE/CENTRO-OESTE;2880.442
2024-01-13 10:00:00;NORDESTE;SUDESTE/CENTRO-OESTE;2738.434
2024-01-13 11:00:00;NORDESTE;SUDESTE/CENTRO-OESTE;2458.426
2024-01-13 12:00:00;NORDESTE;SUDESTE/CENTRO-OESTE;2307.879
2024-01-13 13:00:00;NORDESTE;SUDESTE/CENTRO-OESTE;1398.402
2024-01-13 14:00:00;NORDESTE;SUDESTE/CENTRO-OESTE;888.697
2024-01-13 15:00:00;NORDESTE;SUDESTE/CENTRO-OESTE;726.652
2024-01-13 16:00:00;NORDESTE;SUDESTE/CENTRO-OESTE;1125.065
2024-01-13 17:00:00;NORDESTE;SUDESTE/CENTRO-OESTE;1307.005
2024-01-13 18:00:00;NORDESTE;SUDESTE/CENTRO-OESTE;1302.76399999
2024-01-13 19:00:00;NORDESTE;SUDESTE/CENTRO-OESTE;1954.824
2024-01-13 20:00:00;NORDESTE;SUDESTE/CENTRO-OESTE;2081.96799999
2024-01-13 21:00:00;NORDESTE;SUDESTE/CENTRO-OESTE;1275.316
2024-01-13 22:00:00;NORDESTE;SUDESTE/CENTRO-OESTE;1098.151
2024-01-13 23:00:00;NORDESTE;SUDESTE/CENTRO-OESTE;293.25099999
2024-01-14 00:00:00;NORDESTE;SUDESTE/CENTRO-OESTE;-139.15
2024-01-14 01:00:00;NORDESTE;SUDESTE/CENTRO-OESTE;-105.333
2024-01-14 02:00:00;NORDESTE;SUDESTE/CENTRO-OESTE;28.507
2024-01-14 03:00:00;NORDESTE;SUDESTE/CENTRO-OESTE;332.015
2024-01-14 04:00:00;NORDESTE;SUDESTE/CENTRO-OESTE;229.128
2024-01-14 05:00:00;NORDESTE;SUDESTE/CENTRO-OESTE;747.643
2024-01-14 06:00:00;NORDESTE;SUDESTE/CENTRO-OESTE;1948.364
2024-01-14 07:00:00;NORDESTE;SUDESTE/CENTRO-OESTE;2963.212
2024-01-14 08:00:00;NORDESTE;SUDESTE/CENTRO-OESTE;3861.422
2024-01-14 09:00:00;NORDESTE;SUDESTE/CENTRO-OESTE;3247.09
2024-01-14 10:00:00;NORDESTE;SUDESTE/CENTRO-OESTE;2602.832
2024-01-14 11:00:00;NORDESTE;SUDESTE/CENTRO-OESTE;2418.30699999
2024-01-14 12:00:00;NORDESTE;SUDESTE/CENTRO-OESTE;2698.387
2024-01-14 13:00:00;NORDESTE;SUDESTE/CENTRO-OESTE;2914.486
2024-01-14 14:00:00;NORDESTE;SUDESTE/CENTRO-OESTE;2763.259
2024-01-14 15:00:00;NORDESTE;SUDESTE/CENTRO-OESTE;2997.154
2024-01-14 16:00:00;NORDESTE;SUDESTE/CENTRO-OESTE;2885.75
2024-01-14 17:00:00;NORDESTE;SUDESTE/CENTRO-OESTE;2570.179
2024-01-14 18:00:00;NORDESTE;SUDESTE/CENTRO-OESTE;2062.975
2024-01-14 19:00:00;NORDESTE;SUDESTE/CENTRO-OESTE;2866.922
2024-01-14 20:00:00;NORDESTE;SUDESTE/CENTRO-OESTE;3593.702
2024-01-14 21:00:00;NORDESTE;SUDESTE/CENTRO-OESTE;3471.733
2024-01-14 22:00:00;NORDESTE;SUDESTE/CENTRO-OESTE;3322.113
2024-01-14 23:00:00;NORDESTE;SUDESTE/CENTRO-OESTE;3087.338
2024-01-15 00:00:00;NORDESTE;SUDESTE/CENTRO-OESTE;2151.286
2024-01-15 01:00:00;NORDESTE;SUDESTE/CENTRO-OESTE;1953.276
2024-01-15 02:00:00;NORDESTE;SUDESTE/CENTRO-OESTE;1155.443
2024-01-15 03:00:00;NORDESTE;SUDESTE/CENTRO-OESTE;672.45899999
2024-01-15 04:00:00;NORDESTE;SUDESTE/CENTRO-OESTE;843.872
2024-01-15 05:00:00;NORDESTE;SUDESTE/CENTRO-OESTE;1679.671
2024-01-15 06:00:00;NORDESTE;SUDESTE/CENTRO-OESTE;2872.734
2024-01-15 07:00:00;NORDESTE;SUDESTE/CENTRO-OESTE;3648.455
2024-01-15 08:00:00;NORDESTE;SUDESTE/CENTRO-OESTE;3495.358
2024-01-15 09:00:00;NORDESTE;SUDESTE/CENTRO-OESTE;3225.969
2024-01-15 10:00:00;NORDESTE;SUDESTE/CENTRO-OESTE;2848.159
2024-01-15 11:00:00;NORDESTE;SUDESTE/CENTRO-OESTE;2323.90099999
2024-01-15 12:00:00;NORDESTE;SUDESTE/CENTRO-OESTE;2259.917
2024-01-15 13:00:00;NORDESTE;SUDESTE/CENTRO-OESTE;2222.145
2024-01-15 14:00:00;NORDESTE;SUDESTE/CENTRO-OESTE;2066.703
2024-01-15 15:00:00;NORDESTE;SUDESTE/CENTRO-OESTE;2277.899
2024-01-15 16:00:00;NORDESTE;SUDESTE/CENTRO-OESTE;2630.63
2024-01-15 17:00:00;NORDESTE;SUDESTE/CENTRO-OESTE;2439.583
2024-01-15 18:00:00;NORDESTE;SUDESTE/CENTRO-OESTE;2953.419
2024-01-15 19:00:00;NORDESTE;SUDESTE/CENTRO-OESTE;3382.244
2024-01-15 20:00:00;NORDESTE;SUDESTE/CENTRO-OESTE;3481.56599999
2024-01-15 21:00:00;NORDESTE;SUDESTE/CENTRO-OESTE;3532.829
2024-01-15 22:00:00;NORDESTE;SUDESTE/CENTRO-OESTE;2871.42
2024-01-15 23:00:00;NORDESTE;SUDESTE/CENTRO-OESTE;2676.485
2024-01-16 00:00:00;NORDESTE;SUDESTE/CENTRO-OESTE;1766.148
2024-01-16 01:00:00;NORDESTE;SUDESTE/CENTRO-OESTE;1518.911
2024-01-16 02:00:00;NORDESTE;SUDESTE/CENTRO-OESTE;2479.84
2024-01-16 03:00:00;NORDESTE;SUDESTE/CENTRO-OESTE;3067.477
2024-01-16 04:00:00;NORDESTE;SUDESTE/CENTRO-OESTE;3326.767
2024-01-16 05:00:00;NORDESTE;SUDESTE/CENTRO-OESTE;3721.27
2024-01-16 06:00:00;NORDESTE;SUDESTE/CENTRO-OESTE;4221.41
2024-01-16 07:00:00;NORDESTE;SUDESTE/CENTRO-OESTE;5342.416
2024-01-16 08:00:00;NORDESTE;SUDESTE/CENTRO-OESTE;5243.424
2024-01-16 09:00:00;NORDESTE;SUDESTE/CENTRO-OESTE;4457.326
2024-01-16 10:00:00;NORDESTE;SUDESTE/CENTRO-OESTE;4185.518
2024-01-16 11:00:00;NORDESTE;SUDESTE/CENTRO-OESTE;3626.039
2024-01-16 12:00:00;NORDESTE;SUDESTE/CENTRO-OESTE;3162.87
2024-01-16 13:00:00;NORDESTE;SUDESTE/CENTRO-OESTE;2551.534
2024-01-16 14:00:00;NORDESTE;SUDESTE/CENTRO-OESTE;2388.813
2024-01-16 15:00:00;NORDESTE;SUDESTE/CENTRO-OESTE;3131.518
2024-01-16 16:00:00;NORDESTE;SUDESTE/CENTRO-OESTE;2995.785
2024-01-16 17:00:00;NORDESTE;SUDESTE/CENTRO-OESTE;3584.715
2024-01-16 18:00:00;NORDESTE;SUDESTE/CENTRO-OESTE;3426.391
2024-01-16 19:00:00;NORDESTE;SUDESTE/CENTRO-OESTE;3720.018
2024-01-16 20:00:00;NORDESTE;SUDESTE/CENTRO-OESTE;4392.608
2024-01-16 21:00:00;NORDESTE;SUDESTE/CENTRO-OESTE;4508.363
2024-01-16 22:00:00;NORDESTE;SUDESTE/CENTRO-OESTE;4289.367
2024-01-16 23:00:00;NORDESTE;SUDESTE/CENTRO-OESTE;4049.727
2024-01-17 00:00:00;NORDESTE;SUDESTE/CENTRO-OESTE;4009.186
2024-01-17 01:00:00;NORDESTE;SUDESTE/CENTRO-OESTE;3650.33
2024-01-17 02:00:00;NORDESTE;SUDESTE/CENTRO-OESTE;3884.42
2024-01-17 03:00:00;NORDESTE;SUDESTE/CENTRO-OESTE;4064.161
2024-01-17 04:00:00;NORDESTE;SUDESTE/CENTRO-OESTE;3836.743
2024-01-17 05:00:00;NORDESTE;SUDESTE/CENTRO-OESTE;4181.255
2024-01-17 06:00:00;NORDESTE;SUDESTE/CENTRO-OESTE;4963.546
2024-01-17 07:00:00;NORDESTE;SUDESTE/CENTRO-OESTE;5282.477
2024-01-17 08:00:00;NORDESTE;SUDESTE/CENTRO-OESTE;4911.90899999
2024-01-17 09:00:00;NORDESTE;SUDESTE/CENTRO-OESTE;4041.765
2024-01-17 10:00:00;NORDESTE;SUDESTE/CENTRO-OESTE;2987.471
2024-01-17 11:00:00;NORDESTE;SUDESTE/CENTRO-OESTE;2130.09299999
2024-01-17 12:00:00;NORDESTE;SUDESTE/CENTRO-OESTE;1796.299
2024-01-17 13:00:00;NORDESTE;SUDESTE/CENTRO-OESTE;1399.641
2024-01-17 14:00:00;NORDESTE;SUDESTE/CENTRO-OESTE;1088.568
2024-01-17 15:00:00;NORDESTE;SUDESTE/CENTRO-OESTE;1653.578
2024-01-17 16:00:00;NORDESTE;SUDESTE/CENTRO-OESTE;1960.941
2024-01-17 17:00:00;NORDESTE;SUDESTE/CENTRO-OESTE;1945.587
2024-01-17 18:00:00;NORDESTE;SUDESTE/CENTRO-OESTE;2640.558
2024-01-17 19:00:00;NORDESTE;SUDESTE/CENTRO-OESTE;3535.37
2024-01-17 20:00:00;NORDESTE;SUDESTE/CENTRO-OESTE;3899.756
2024-01-17 21:00:00;NORDESTE;SUDESTE/CENTRO-OESTE;3301.979
2024-01-17 22:00:00;NORDESTE;SUDESTE/CENTRO-OESTE;2859.837
2024-01-17 23:00:00;NORDESTE;SUDESTE/CENTRO-OESTE;2275.148
2024-01-18 00:00:00;NORDESTE;SUDESTE/CENTRO-OESTE;1472.878
2024-01-18 01:00:00;NORDESTE;SUDESTE/CENTRO-OESTE;1162.205
2024-01-18 02:00:00;NORDESTE;SUDESTE/CENTRO-OESTE;1487.005
2024-01-18 03:00:00;NORDESTE;SUDESTE/CENTRO-OESTE;2081.366
2024-01-18 04:00:00;NORDESTE;SUDESTE/CENTRO-OESTE;2142.294
2024-01-18 05:00:00;NORDESTE;SUDESTE/CENTRO-OESTE;2239.034
2024-01-18 06:00:00;NORDESTE;SUDESTE/CENTRO-OESTE;2983.676
2024-01-18 07:00:00;NORDESTE;SUDESTE/CENTRO-OESTE;4453.95
2024-01-18 08:00:00;NORDESTE;SUDESTE/CENTRO-OESTE;4330.03
2024-01-18 09:00:00;NORDESTE;SUDESTE/CENTRO-OESTE;3149.04
2024-01-18 10:00:00;NORDESTE;SUDESTE/CENTRO-OESTE;1735.612
2024-01-18 11:00:00;NORDESTE;SUDESTE/CENTRO-OESTE;1087.628
2024-01-18 12:00:00;NORDESTE;SUDESTE/CENTRO-OESTE;894.272
2024-01-18 13:00:00;NORDESTE;SUDESTE/CENTRO-OESTE;537.214
2024-01-18 14:00:00;NORDESTE;SUDESTE/CENTRO-OESTE;425.27
2024-01-18 15:00:00;NORDESTE;SUDESTE/CENTRO-OESTE;524.099
2024-01-18 16:00:00;NORDESTE;SUDESTE/CENTRO-OESTE;719.78
2024-01-18 17:00:00;NORDESTE;SUDESTE/CENTRO-OESTE;608.711
2024-01-18 18:00:00;NORDESTE;SUDESTE/CENTRO-OESTE;1269.065
2024-01-18 19:00:00;NORDESTE;SUDESTE/CENTRO-OESTE;2401.853
2024-01-18 20:00:00;NORDESTE;SUDESTE/CENTRO-OESTE;2905.98999999
2024-01-18 21:00:00;NORDESTE;SUDESTE/CENTRO-OESTE;2470.67099999
2024-01-18 22:00:00;NORDESTE;SUDESTE/CENTRO-OESTE;1677.641
2024-01-18 23:00:00;NORDESTE;SUDESTE/CENTRO-OESTE;1085.78299999
2024-01-19 00:00:00;NORDESTE;SUDESTE/CENTRO-OESTE;21.715
2024-01-19 01:00:00;NORDESTE;SUDESTE/CENTRO-OESTE;-579.682
2024-01-19 02:00:00;NORDESTE;SUDESTE/CENTRO-OESTE;67.49299999
2024-01-19 03:00:00;NORDESTE;SUDESTE/CENTRO-OESTE;537.523
2024-01-19 04:00:00;NORDESTE;SUDESTE/CENTRO-OESTE;1190.796
2024-01-19 05:00:00;NORDESTE;SUDESTE/CENTRO-OESTE;1471.459
2024-01-19 06:00:00;NORDESTE;SUDESTE/CENTRO-OESTE;2512.844
2024-01-19 07:00:00;NORDESTE;SUDESTE/CENTRO-OESTE;3214.434
2024-01-19 08:00:00;NORDESTE;SUDESTE/CENTRO-OESTE;2727.748
2024-01-19 09:00:00;NORDESTE;SUDESTE/CENTRO-OESTE;1989.493
2024-01-19 10:00:00;NORDESTE;SUDESTE/CENTRO-OESTE;948.006
2024-01-19 11:00:00;NORDESTE;SUDESTE/CENTRO-OESTE;362.597
2024-01-19 12:00:00;NORDESTE;SUDESTE/CENTRO-OESTE;401.889
2024-01-19 13:00:00;NORDESTE;SUDESTE/CENTRO-OESTE;597.797
2024-01-19 14:00:00;NORDESTE;SUDESTE/CENTRO-OESTE;1133.992
2024-01-19 15:00:00;NORDESTE;SUDESTE/CENTRO-OESTE;1715.305
2024-01-19 16:00:00;NORDESTE;SUDESTE/CENTRO-OESTE;1604.53
2024-01-19 17:00:00;NORDESTE;SUDESTE/CENTRO-OESTE;587.277
2024-01-19 18:00:00;NORDESTE;SUDESTE/CENTRO-OESTE;38.956
2024-01-19 19:00:00;NORDESTE;SUDESTE/CENTRO-OESTE;379.639
2024-01-19 20:00:00;NORDESTE;SUDESTE/CENTRO-OESTE;538.359
2024-01-19 21:00:00;NORDESTE;SUDESTE/CENTRO-OESTE;750.306
2024-01-19 22:00:00;NORDESTE;SUDESTE/CENTRO-OESTE;402.776
2024-01-19 23:00:00;NORDESTE;SUDESTE/CENTRO-OESTE;121.245
2024-01-20 00:00:00;NORDESTE;SUDESTE/CENTRO-OESTE;-687.307
2024-01-20 01:00:00;NORDESTE;SUDESTE/CENTRO-OESTE;-1453.405
2024-01-20 02:00:00;NORDESTE;SUDESTE/CENTRO-OESTE;-1375.64
2024-01-20 03:00:00;NORDESTE;SUDESTE/CENTRO-OESTE;-975.315
2024-01-20 04:00:00;NORDESTE;SUDESTE/CENTRO-OESTE;-890.546
2024-01-20 05:00:00;NORDESTE;SUDESTE/CENTRO-OESTE;-887.545
2024-01-20 06:00:00;NORDESTE;SUDESTE/CENTRO-OESTE;-330.083
2024-01-20 07:00:00;NORDESTE;SUDESTE/CENTRO-OESTE;584.708
2024-01-20 08:00:00;NORDESTE;SUDESTE/CENTRO-OESTE;1252.333
2024-01-20 09:00:00;NORDESTE;SUDESTE/CENTRO-OESTE;1377.26399999
2024-01-20 10:00:00;NORDESTE;SUDESTE/CENTRO-OESTE;1472.26
2024-01-20 11:00:00;NORDESTE;SUDESTE/CENTRO-OESTE;1476.638
2024-01-20 12:00:00;NORDESTE;SUDESTE/CENTRO-OESTE;1355.77
2024-01-20 13:00:00;NORDESTE;SUDESTE/CENTRO-OESTE;1279.201
2024-01-20 14:00:00;NORDESTE;SUDESTE/CENTRO-OESTE;1208.741
2024-01-20 15:00:00;NORDESTE;SUDESTE/CENTRO-OESTE;1320.663
2024-01-20 16:00:00;NORDESTE;SUDESTE/CENTRO-OESTE;890.019
2024-01-20 17:00:00;NORDESTE;SUDESTE/CENTRO-OESTE;89.455
2024-01-20 18:00:00;NORDESTE;SUDESTE/CENTRO-OESTE;51.242
2024-01-20 19:00:00;NORDESTE;SUDESTE/CENTRO-OESTE;41.93
2024-01-20 20:00:00;NORDESTE;SUDESTE/CENTRO-OESTE;-133.12799999
2024-01-20 21:00:00;NORDESTE;SUDESTE/CENTRO-OESTE;-400.795
2024-01-20 22:00:00;NORDESTE;SUDESTE/CENTRO-OESTE;-869.734
2024-01-20 23:00:00;NORDESTE;SUDESTE/CENTRO-OESTE;-1268.30199999
2024-01-21 00:00:00;NORDESTE;SUDESTE/CENTRO-OESTE;-2154.741
2024-01-21 01:00:00;NORDESTE;SUDESTE/CENTRO-OESTE;-2638.071
2024-01-21 02:00:00;NORDESTE;SUDESTE/CENTRO-OESTE;-2986.752
2024-01-21 03:00:00;NORDESTE;SUDESTE/CENTRO-OESTE;-3076.662
2024-01-21 04:00:00;NORDESTE;SUDESTE/CENTRO-OESTE;-3087.084
2024-01-21 05:00:00;NORDESTE;SUDESTE/CENTRO-OESTE;-2625.79599999
2024-01-21 06:00:00;NORDESTE;SUDESTE/CENTRO-OESTE;-1474.703
2024-01-21 07:00:00;NORDESTE;SUDESTE/CENTRO-OESTE;-356.978
2024-01-21 08:00:00;NORDESTE;SUDESTE/CENTRO-OESTE;118.679
2024-01-21 09:00:00;NORDESTE;SUDESTE/CENTRO-OESTE;537.058
2024-01-21 10:00:00;NORDESTE;SUDESTE/CENTRO-OESTE;912.748
2024-01-21 11:00:00;NORDESTE;SUDESTE/CENTRO-OESTE;400.928
2024-01-21 12:00:00;NORDESTE;SUDESTE/CENTRO-OESTE;244.6
2024-01-21 13:00:00;NORDESTE;SUDESTE/CENTRO-OESTE;206.469
2024-01-21 14:00:00;NORDESTE;SUDESTE/CENTRO-OESTE;232.021
2024-01-21 15:00:00;NORDESTE;SUDESTE/CENTRO-OESTE;884.6
2024-01-21 16:00:00;NORDESTE;SUDESTE/CENTRO-OESTE;900.842
2024-01-21 17:00:00;NORDESTE;SUDESTE/CENTRO-OESTE;283.039
2024-01-21 18:00:00;NORDESTE;SUDESTE/CENTRO-OESTE;-488.488
2024-01-21 19:00:00;NORDESTE;SUDESTE/CENTRO-OESTE;-750.64
2024-01-21 20:00:00;NORDESTE;SUDESTE/CENTRO-OESTE;-804.808
2024-01-21 21:00:00;NORDESTE;SUDESTE/CENTRO-OESTE;-1163.305
2024-01-21 22:00:00;NORDESTE;SUDESTE/CENTRO-OESTE;-1734.564
2024-01-21 23:00:00;NORDESTE;SUDESTE/CENTRO-OESTE;-2285.259
2024-01-22 00:00:00;NORDESTE;SUDESTE/CENTRO-OESTE;-2951.966
2024-01-22 01:00:00;NORDESTE;SUDESTE/CENTRO-OESTE;-3286.716
2024-01-22 02:00:00;NORDESTE;SUDESTE/CENTRO-OESTE;-3072.111
2024-01-22 03:00:00;NORDESTE;SUDESTE/CENTRO-OESTE;-2609.301
2024-01-22 04:00:00;NORDESTE;SUDESTE/CENTRO-OESTE;-2394.89
2024-01-22 05:00:00;NORDESTE;SUDESTE/CENTRO-OESTE;-2264.12199999
2024-01-22 06:00:00;NORDESTE;SUDESTE/CENTRO-OESTE;-1607.659
2024-01-22 07:00:00;NORDESTE;SUDESTE/CENTRO-OESTE;-536.642
2024-01-22 08:00:00;NORDESTE;SUDESTE/CENTRO-OESTE;-120.255
2024-01-22 09:00:00;NORDESTE;SUDESTE/CENTRO-OESTE;-2.14699999
2024-01-22 10:00:00;NORDESTE;SUDESTE/CENTRO-OESTE;340.556
2024-01-22 11:00:00;NORDESTE;SUDESTE/CENTRO-OESTE;623.70399999
2024-01-22 12:00:00;NORDESTE;SUDESTE/CENTRO-OESTE;892.677
2024-01-22 13:00:00;NORDESTE;SUDESTE/CENTRO-OESTE;617.251
2024-01-22 14:00:00;NORDESTE;SUDESTE/CENTRO-OESTE;49.195
2024-01-22 15:00:00;NORDESTE;SUDESTE/CENTRO-OESTE;-39.279
2024-01-22 16:00:00;NORDESTE;SUDESTE/CENTRO-OESTE;-337.731
2024-01-22 17:00:00;NORDESTE;SUDESTE/CENTRO-OESTE;-832.924
2024-01-22 18:00:00;NORDESTE;SUDESTE/CENTRO-OESTE;-677.47
2024-01-22 19:00:00;NORDESTE;SUDESTE/CENTRO-OESTE;-324.30399999
2024-01-22 20:00:00;NORDESTE;SUDESTE/CENTRO-OESTE;78.739
2024-01-22 21:00:00;NORDESTE;SUDESTE/CENTRO-OESTE;-560.335
2024-01-22 22:00:00;NORDESTE;SUDESTE/CENTRO-OESTE;-1225.746
2024-01-22 23:00:00;NORDESTE;SUDESTE/CENTRO-OESTE;-1712.561
2024-01-23 00:00:00;NORDESTE;SUDESTE/CENTRO-OESTE;-2333.71
2024-01-23 01:00:00;NORDESTE;SUDESTE/CENTRO-OESTE;-2944.467
2024-01-23 02:00:00;NORDESTE;SUDESTE/CENTRO-OESTE;-2709.058
2024-01-23 03:00:00;NORDESTE;SUDESTE/CENTRO-OESTE;-2715.66199999
2024-01-23 04:00:00;NORDESTE;SUDESTE/CENTRO-OESTE;-2631.76699999
2024-01-23 05:00:00;NORDESTE;SUDESTE/CENTRO-OESTE;-2038.506
2024-01-23 06:00:00;NORDESTE;SUDESTE/CENTRO-OESTE;-1352.156
2024-01-23 07:00:00;NORDESTE;SUDESTE/CENTRO-OESTE;-613.7
2024-01-23 08:00:00;NORDESTE;SUDESTE/CENTRO-OESTE;-94.284
2024-01-23 09:00:00;NORDESTE;SUDESTE/CENTRO-OESTE;176.484
2024-01-23 10:00:00;NORDESTE;SUDESTE/CENTRO-OESTE;653.5
2024-01-23 11:00:00;NORDESTE;SUDESTE/CENTRO-OESTE;1450.685
2024-01-23 12:00:00;NORDESTE;SUDESTE/CENTRO-OESTE;1567.119
2024-01-23 13:00:00;NORDESTE;SUDESTE/CENTRO-OESTE;1394.432
2024-01-23 14:00:00;NORDESTE;SUDESTE/CENTRO-OESTE;958.872
2024-01-23 15:00:00;NORDESTE;SUDESTE/CENTRO-OESTE;372.687
2024-01-23 16:00:00;NORDESTE;SUDESTE/CENTRO-OESTE;268.218
2024-01-23 17:00:00;NORDESTE;SUDESTE/CENTRO-OESTE;-484.564
2024-01-23 18:00:00;NORDESTE;SUDESTE/CENTRO-OESTE;5.198
2024-01-23 19:00:00;NORDESTE;SUDESTE/CENTRO-OESTE;254.264
2024-01-23 20:00:00;NORDESTE;SUDESTE/CENTRO-OESTE;-192.082
2024-01-23 21:00:00;NORDESTE;SUDESTE/CENTRO-OESTE;-927.976
2024-01-23 22:00:00;NORDESTE;SUDESTE/CENTRO-OESTE;-1286.935
2024-01-23 23:00:00;NORDESTE;SUDESTE/CENTRO-OESTE;-2032.223
2024-01-24 00:00:00;NORDESTE;SUDESTE/CENTRO-OESTE;-3213.791
2024-01-24 01:00:00;NORDESTE;SUDESTE/CENTRO-OESTE;-3369.337
2024-01-24 02:00:00;NORDESTE;SUDESTE/CENTRO-OESTE;-3726.266
2024-01-24 03:00:00;NORDESTE;SUDESTE/CENTRO-OESTE;-3871.121
2024-01-24 04:00:00;NORDESTE;SUDESTE/CENTRO-OESTE;-3436.235
2024-01-24 05:00:00;NORDESTE;SUDESTE/CENTRO-OESTE;-2590.40099999
2024-01-24 06:00:00;NORDESTE;SUDESTE/CENTRO-OESTE;-1610.584
2024-01-24 07:00:00;NORDESTE;SUDESTE/CENTRO-OESTE;-560.838
2024-01-24 08:00:00;NORDESTE;SUDESTE/CENTRO-OESTE;-181.546
2024-01-24 09:00:00;NORDESTE;SUDESTE/CENTRO-OESTE;115.66
2024-01-24 10:00:00;NORDESTE;SUDESTE/CENTRO-OESTE;795.467
2024-01-24 11:00:00;NORDESTE;SUDESTE/CENTRO-OESTE;1149.429
2024-01-24 12:00:00;NORDESTE;SUDESTE/CENTRO-OESTE;890.451
2024-01-24 13:00:00;NORDESTE;SUDESTE/CENTRO-OESTE;580.255
2024-01-24 14:00:00;NORDESTE;SUDESTE/CENTRO-OESTE;38.008
2024-01-24 15:00:00;NORDESTE;SUDESTE/CENTRO-OESTE;-365.845
2024-01-24 16:00:00;NORDESTE;SUDESTE/CENTRO-OESTE;-854.301
2024-01-24 17:00:00;NORDESTE;SUDESTE/CENTRO-OESTE;-1150.564
2024-01-24 18:00:00;NORDESTE;SUDESTE/CENTRO-OESTE;-1407.946
2024-01-24 19:00:00;NORDESTE;SUDESTE/CENTRO-OESTE;-1120.064
2024-01-24 20:00:00;NORDESTE;SUDESTE/CENTRO-OESTE;-1053.305
2024-01-24 21:00:00;NORDESTE;SUDESTE/CENTRO-OESTE;-1282.99499999
2024-01-24 22:00:00;NORDESTE;SUDESTE/CENTRO-OESTE;-1522.859
2024-01-24 23:00:00;NORDESTE;SUDESTE/CENTRO-OESTE;-2399.994
2024-01-25 00:00:00;NORDESTE;SUDESTE/CENTRO-OESTE;-3491.509
2024-01-25 01:00:00;NORDESTE;SUDESTE/CENTRO-OESTE;-3243.354
2024-01-25 02:00:00;NORDESTE;SUDESTE/CENTRO-OESTE;-2977.832
2024-01-25 03:00:00;NORDESTE;SUDESTE/CENTRO-OESTE;-2823.055
2024-01-25 04:00:00;NORDESTE;SUDESTE/CENTRO-OESTE;-2734.107
2024-01-25 05:00:00;NORDESTE;SUDESTE/CENTRO-OESTE;-2155.79799999
2024-01-25 06:00:00;NORDESTE;SUDESTE/CENTRO-OESTE;-1379.587
2024-01-25 07:00:00;NORDESTE;SUDESTE/CENTRO-OESTE;-809.98
2024-01-25 08:00:00;NORDESTE;SUDESTE/CENTRO-OESTE;-108.782
2024-01-25 09:00:00;NORDESTE;SUDESTE/CENTRO-OESTE;427.20299999
2024-01-25 10:00:00;NORDESTE;SUDESTE/CENTRO-OESTE;718.266
2024-01-25 11:00:00;NORDESTE;SUDESTE/CENTRO-OESTE;789.886
2024-01-25 12:00:00;NORDESTE;SUDESTE/CENTRO-OESTE;1115.278
2024-01-25 13:00:00;NORDESTE;SUDESTE/CENTRO-OESTE;221.811
2024-01-25 14:00:00;NORDESTE;SUDESTE/CENTRO-OESTE;-53.196
2024-01-25 15:00:00;NORDESTE;SUDESTE/CENTRO-OESTE;-461.517
2024-01-25 16:00:00;NORDESTE;SUDESTE/CENTRO-OESTE;-793.928
2024-01-25 17:00:00;NORDESTE;SUDESTE/CENTRO-OESTE;-757.013
2024-01-25 18:00:00;NORDESTE;SUDESTE/CENTRO-OESTE;-869.988
2024-01-25 19:00:00;NORDESTE;SUDESTE/CENTRO-OESTE;-579.561
2024-01-25 20:00:00;NORDESTE;SUDESTE/CENTRO-OESTE;-706.695
2024-01-25 21:00:00;NORDESTE;SUDESTE/CENTRO-OESTE;-1184.435
2024-01-25 22:00:00;NORDESTE;SUDESTE/CENTRO-OESTE;-1777.658
2024-01-25 23:00:00;NORDESTE;SUDESTE/CENTRO-OESTE;-2387.844
2024-01-26 00:00:00;NORDESTE;SUDESTE/CENTRO-OESTE;-2746.71099999
2024-01-26 01:00:00;NORDESTE;SUDESTE/CENTRO-OESTE;-2736.852
2024-01-26 02:00:00;NORDESTE;SUDESTE/CENTRO-OESTE;-2787.952
2024-01-26 03:00:00;NORDESTE;SUDESTE/CENTRO-OESTE;-2861.599
2024-01-26 04:00:00;NORDESTE;SUDESTE/CENTRO-OESTE;-2407.756
2024-01-26 05:00:00;NORDESTE;SUDESTE/CENTRO-OESTE;-1599.91799999
2024-01-26 06:00:00;NORDESTE;SUDESTE/CENTRO-OESTE;-849.724
2024-01-26 07:00:00;NORDESTE;SUDESTE/CENTRO-OESTE;61.556
2024-01-26 08:00:00;NORDESTE;SUDESTE/CENTRO-OESTE;962.66
2024-01-26 09:00:00;NORDESTE;SUDESTE/CENTRO-OESTE;1705.099
2024-01-26 10:00:00;NORDESTE;SUDESTE/CENTRO-OESTE;2240.482
2024-01-26 11:00:00;NORDESTE;SUDESTE/CENTRO-OESTE;2757.649
2024-01-26 12:00:00;NORDESTE;SUDESTE/CENTRO-OESTE;3135.14399999
2024-01-26 13:00:00;NORDESTE;SUDESTE/CENTRO-OESTE;2870.212
2024-01-26 14:00:00;NORDESTE;SUDESTE/CENTRO-OESTE;2266.906
2024-01-26 15:00:00;NORDESTE;SUDESTE/CENTRO-OESTE;1335.998
2024-01-26 16:00:00;NORDESTE;SUDESTE/CENTRO-OESTE;1111.89799999
2024-01-26 17:00:00;NORDESTE;SUDESTE/CENTRO-OESTE;934.917
2024-01-26 18:00:00;NORDESTE;SUDESTE/CENTRO-OESTE;1054.48
2024-01-26 19:00:00;NORDESTE;SUDESTE/CENTRO-OESTE;1680.445
2024-01-26 20:00:00;NORDESTE;SUDESTE/CENTRO-OESTE;1593.89899999
2024-01-26 21:00:00;NORDESTE;SUDESTE/CENTRO-OESTE;841.573
2024-01-26 22:00:00;NORDESTE;SUDESTE/CENTRO-OESTE;-391.029
2024-01-26 23:00:00;NORDESTE;SUDESTE/CENTRO-OESTE;-1413.152
2024-01-27 00:00:00;NORDESTE;SUDESTE/CENTRO-OESTE;-1651.825
2024-01-27 01:00:00;NORDESTE;SUDESTE/CENTRO-OESTE;-1556.652
2024-01-27 02:00:00;NORDESTE;SUDESTE/CENTRO-OESTE;-1809.187
2024-01-27 03:00:00;NORDESTE;SUDESTE/CENTRO-OESTE;-1555.641
2024-01-27 04:00:00;NORDESTE;SUDESTE/CENTRO-OESTE;-1463.369
2024-01-27 05:00:00;NORDESTE;SUDESTE/CENTRO-OESTE;-1037.384
2024-01-27 06:00:00;NORDESTE;SUDESTE/CENTRO-OESTE;-178.602
2024-01-27 07:00:00;NORDESTE;SUDESTE/CENTRO-OESTE;873.886
2024-01-27 08:00:00;NORDESTE;SUDESTE/CENTRO-OESTE;2079.96
2024-01-27 09:00:00;NORDESTE;SUDESTE/CENTRO-OESTE;2723.57
2024-01-27 10:00:00;NORDESTE;SUDESTE/CENTRO-OESTE;3110.055
2024-01-27 11:00:00;NORDESTE;SUDESTE/CENTRO-OESTE;3485.125
2024-01-27 12:00:00;NORDESTE;SUDESTE/CENTRO-OESTE;3790.547
2024-01-27 13:00:00;NORDESTE;SUDESTE/CENTRO-OESTE;3878.07
2024-01-27 14:00:00;NORDESTE;SUDESTE/CENTRO-OESTE;3678.469
2024-01-27 15:00:00;NORDESTE;SUDESTE/CENTRO-OESTE;2693.756
2024-01-27 16:00:00;NORDESTE;SUDESTE/CENTRO-OESTE;1890.254
2024-01-27 17:00:00;NORDESTE;SUDESTE/CENTRO-OESTE;1732.798
2024-01-27 18:00:00;NORDESTE;SUDESTE/CENTRO-OESTE;1077.794
2024-01-27 19:00:00;NORDESTE;SUDESTE/CENTRO-OESTE;1416.329
2024-01-27 20:00:00;NORDESTE;SUDESTE/CENTRO-OESTE;1508.536
2024-01-27 21:00:00;NORDESTE;SUDESTE/CENTRO-OESTE;1234.348
2024-01-27 22:00:00;NORDESTE;SUDESTE/CENTRO-OESTE;549.311
2024-01-27 23:00:00;NORDESTE;SUDESTE/CENTRO-OESTE;-671.068
2024-01-28 00:00:00;NORDESTE;SUDESTE/CENTRO-OESTE;-1229.964
2024-01-28 01:00:00;NORDESTE;SUDESTE/CENTRO-OESTE;-1205.624
2024-01-28 02:00:00;NORDESTE;SUDESTE/CENTRO-OESTE;-1037.162
2024-01-28 03:00:00;NORDESTE;SUDESTE/CENTRO-OESTE;-574.908
2024-01-28 04:00:00;NORDESTE;SUDESTE/CENTRO-OESTE;-190.32
2024-01-28 05:00:00;NORDESTE;SUDESTE/CENTRO-OESTE;-53.686
2024-01-28 06:00:00;NORDESTE;SUDESTE/CENTRO-OESTE;363.323
2024-01-28 07:00:00;NORDESTE;SUDESTE/CENTRO-OESTE;1844.442
2024-01-28 08:00:00;NORDESTE;SUDESTE/CENTRO-OESTE;2804.186
2024-01-28 09:00:00;NORDESTE;SUDESTE/CENTRO-OESTE;3176.111
2024-01-28 10:00:00;NORDESTE;SUDESTE/CENTRO-OESTE;3714.893
2024-01-28 11:00:00;NORDESTE;SUDESTE/CENTRO-OESTE;3897.482
2024-01-28 12:00:00;NORDESTE;SUDESTE/CENTRO-OESTE;4066.196
2024-01-28 13:00:00;NORDESTE;SUDESTE/CENTRO-OESTE;4331.733
2024-01-28 14:00:00;NORDESTE;SUDESTE/CENTRO-OESTE;3675.058
2024-01-28 15:00:00;NORDESTE;SUDESTE/CENTRO-OESTE;2608.027
2024-01-28 16:00:00;NORDESTE;SUDESTE/CENTRO-OESTE;1637.286
2024-01-28 17:00:00;NORDESTE;SUDESTE/CENTRO-OESTE;984.224
2024-01-28 18:00:00;NORDESTE;SUDESTE/CENTRO-OESTE;445.489
2024-01-28 19:00:00;NORDESTE;SUDESTE/CENTRO-OESTE;915.036
2024-01-28 20:00:00;NORDESTE;SUDESTE/CENTRO-OESTE;1082.807
2024-01-28 21:00:00;NORDESTE;SUDESTE/CENTRO-OESTE;823.516
2024-01-28 22:00:00;NORDESTE;SUDESTE/CENTRO-OESTE;193.29
2024-01-28 23:00:00;NORDESTE;SUDESTE/CENTRO-OESTE;-274.36
2024-01-29 00:00:00;NORDESTE;SUDESTE/CENTRO-OESTE;-500.701
2024-01-29 01:00:00;NORDESTE;SUDESTE/CENTRO-OESTE;-527.113
2024-01-29 02:00:00;NORDESTE;SUDESTE/CENTRO-OESTE;-55.135
2024-01-29 03:00:00;NORDESTE;SUDESTE/CENTRO-OESTE;14.592
2024-01-29 04:00:00;NORDESTE;SUDESTE/CENTRO-OESTE;624.825
2024-01-29 05:00:00;NORDESTE;SUDESTE/CENTRO-OESTE;968.233
2024-01-29 06:00:00;NORDESTE;SUDESTE/CENTRO-OESTE;2046.577
2024-01-29 07:00:00;NORDESTE;SUDESTE/CENTRO-OESTE;2837.965
2024-01-29 08:00:00;NORDESTE;SUDESTE/CENTRO-OESTE;3744.543
2024-01-29 09:00:00;NORDESTE;SUDESTE/CENTRO-OESTE;3235.162
2024-01-29 10:00:00;NORDESTE;SUDESTE/CENTRO-OESTE;2909.897
2024-01-29 11:00:00;NORDESTE;SUDESTE/CENTRO-OESTE;2660.9
2024-01-29 12:00:00;NORDESTE;SUDESTE/CENTRO-OESTE;2741.751
2024-01-29 13:00:00;NORDESTE;SUDESTE/CENTRO-OESTE;2353.973
2024-01-29 14:00:00;NORDESTE;SUDESTE/CENTRO-OESTE;1814.231
2024-01-29 15:00:00;NORDESTE;SUDESTE/CENTRO-OESTE;2070.366
2024-01-29 16:00:00;NORDESTE;SUDESTE/CENTRO-OESTE;1894.953
2024-01-29 17:00:00;NORDESTE;SUDESTE/CENTRO-OESTE;1623.371
2024-01-29 18:00:00;NORDESTE;SUDESTE/CENTRO-OESTE;1500.853
2024-01-29 19:00:00;NORDESTE;SUDESTE/CENTRO-OESTE;1930.86
2024-01-29 20:00:00;NORDESTE;SUDESTE/CENTRO-OESTE;2022.497
2024-01-29 21:00:00;NORDESTE;SUDESTE/CENTRO-OESTE;1899.137
2024-01-29 22:00:00;NORDESTE;SUDESTE/CENTRO-OESTE;1387.182
2024-01-29 23:00:00;NORDESTE;SUDESTE/CENTRO-OESTE;1226.843
2024-01-30 00:00:00;NORDESTE;SUDESTE/CENTRO-OESTE;951.994
2024-01-30 01:00:00;NORDESTE;SUDESTE/CENTRO-OESTE;494.066
2024-01-30 02:00:00;NORDESTE;SUDESTE/CENTRO-OESTE;506.782
2024-01-30 03:00:00;NORDESTE;SUDESTE/CENTRO-OESTE;595.59299999
2024-01-30 04:00:00;NORDESTE;SUDESTE/CENTRO-OESTE;169.566
2024-01-30 05:00:00;NORDESTE;SUDESTE/CENTRO-OESTE;365.339
2024-01-30 06:00:00;NORDESTE;SUDESTE/CENTRO-OESTE;1558.633
2024-01-30 07:00:00;NORDESTE;SUDESTE/CENTRO-OESTE;2495.42
2024-01-30 08:00:00;NORDESTE;SUDESTE/CENTRO-OESTE;2802.831
2024-01-30 09:00:00;NORDESTE;SUDESTE/CENTRO-OESTE;2362.119
2024-01-30 10:00:00;NORDESTE;SUDESTE/CENTRO-OESTE;2246.986
2024-01-30 11:00:00;NORDESTE;SUDESTE/CENTRO-OESTE;2096.42299999
2024-01-30 12:00:00;NORDESTE;SUDESTE/CENTRO-OESTE;2050.352
2024-01-30 13:00:00;NORDESTE;SUDESTE/CENTRO-OESTE;1690.881
2024-01-30 14:00:00;NORDESTE;SUDESTE/CENTRO-OESTE;1657.56
2024-01-30 15:00:00;NORDESTE;SUDESTE/CENTRO-OESTE;1517.558
2024-01-30 16:00:00;NORDESTE;SUDESTE/CENTRO-OESTE;1551.974
2024-01-30 17:00:00;NORDESTE;SUDESTE/CENTRO-OESTE;1307.959
2024-01-30 18:00:00;NORDESTE;SUDESTE/CENTRO-OESTE;1460.866
2024-01-30 19:00:00;NORDESTE;SUDESTE/CENTRO-OESTE;2216.14199999
2024-01-30 20:00:00;NORDESTE;SUDESTE/CENTRO-OESTE;2290.838
2024-01-30 21:00:00;NORDESTE;SUDESTE/CENTRO-OESTE;1918.76
2024-01-30 22:00:00;NORDESTE;SUDESTE/CENTRO-OESTE;1316.741
2024-01-30 23:00:00;NORDESTE;SUDESTE/CENTRO-OESTE;674.303
2024-01-31 00:00:00;NORDESTE;SUDESTE/CENTRO-OESTE;332.63
2024-01-31 01:00:00;NORDESTE;SUDESTE/CENTRO-OESTE;385.783
2024-01-31 02:00:00;NORDESTE;SUDESTE/CENTRO-OESTE;245.13
2024-01-31 03:00:00;NORDESTE;SUDESTE/CENTRO-OESTE;483.064
2024-01-31 04:00:00;NORDESTE;SUDESTE/CENTRO-OESTE;874.686
2024-01-31 05:00:00;NORDESTE;SUDESTE/CENTRO-OESTE;808.488
2024-01-31 06:00:00;NORDESTE;SUDESTE/CENTRO-OESTE;2130.036
2024-01-31 07:00:00;NORDESTE;SUDESTE/CENTRO-OESTE;2835.861
2024-01-31 08:00:00;NORDESTE;SUDESTE/CENTRO-OESTE;3116.75
2024-01-31 09:00:00;NORDESTE;SUDESTE/CENTRO-OESTE;2844.043
2024-01-31 10:00:00;NORDESTE;SUDESTE/CENTRO-OESTE;2344.077
2024-01-31 11:00:00;NORDESTE;SUDESTE/CENTRO-OESTE;2360.648
2024-01-31 12:00:00;NORDESTE;SUDESTE/CENTRO-OESTE;2652.188
2024-01-31 13:00:00;NORDESTE;SUDESTE/CENTRO-OESTE;2503.647
2024-01-31 14:00:00;NORDESTE;SUDESTE/CENTRO-OESTE;2784.514
2024-01-31 15:00:00;NORDESTE;SUDESTE/CENTRO-OESTE;2680.014
2024-01-31 16:00:00;NORDESTE;SUDESTE/CENTRO-OESTE;2964.087
2024-01-31 17:00:00;NORDESTE;SUDESTE/CENTRO-OESTE;3371.221
2024-01-31 18:00:00;NORDESTE;SUDESTE/CENTRO-OESTE;4250.28799999
2024-01-31 19:00:00;NORDESTE;SUDESTE/CENTRO-OESTE;4845.219
2024-01-31 20:00:00;NORDESTE;SUDESTE/CENTRO-OESTE;5017.947
2024-01-31 21:00:00;NORDESTE;SUDESTE/CENTRO-OESTE;4767.262
2024-01-31 22:00:00;NORDESTE;SUDESTE/CENTRO-OESTE;4569.635
2024-01-31 23:00:00;NORDESTE;SUDESTE/CENTRO-OESTE;3887.069
2024-02-01 00:00:00;NORDESTE;SUDESTE/CENTRO-OESTE;4021.149
2024-02-01 01:00:00;NORDESTE;SUDESTE/CENTRO-OESTE;3590.351
2024-02-01 02:00:00;NORDESTE;SUDESTE/CENTRO-OESTE;2978.43
2024-02-01 03:00:00;NORDESTE;SUDESTE/CENTRO-OESTE;2525.617
2024-02-01 04:00:00;NORDESTE;SUDESTE/CENTRO-OESTE;2131.059
2024-02-01 05:00:00;NORDESTE;SUDESTE/CENTRO-OESTE;2496.27599999
2024-02-01 06:00:00;NORDESTE;SUDESTE/CENTRO-OESTE;3170.943
2024-02-01 07:00:00;NORDESTE;SUDESTE/CENTRO-OESTE;4059.199
2024-02-01 08:00:00;NORDESTE;SUDESTE/CENTRO-OESTE;4714.906
2024-02-01 09:00:00;NORDESTE;SUDESTE/CENTRO-OESTE;4353.82
2024-02-01 10:00:00;NORDESTE;SUDESTE/CENTRO-OESTE;4548.155
2024-02-01 11:00:00;NORDESTE;SUDESTE/CENTRO-OESTE;5142.198
2024-02-01 12:00:00;NORDESTE;SUDESTE/CENTRO-OESTE;5148.551
2024-02-01 13:00:00;NORDESTE;SUDESTE/CENTRO-OESTE;4951.633
2024-02-01 14:00:00;NORDESTE;SUDESTE/CENTRO-OESTE;5110.035
2024-02-01 15:00:00;NORDESTE;SUDESTE/CENTRO-OESTE;5313.943
2024-02-01 16:00:00;NORDESTE;SUDESTE/CENTRO-OESTE;4917.02499999
2024-02-01 17:00:00;NORDESTE;SUDESTE/CENTRO-OESTE;3991.202
2024-02-01 18:00:00;NORDESTE;SUDESTE/CENTRO-OESTE;3074.125
2024-02-01 19:00:00;NORDESTE;SUDESTE/CENTRO-OESTE;3833.647
2024-02-01 20:00:00;NORDESTE;SUDESTE/CENTRO-OESTE;4534.588
2024-02-01 21:00:00;NORDESTE;SUDESTE/CENTRO-OESTE;4005.132
2024-02-01 22:00:00;NORDESTE;SUDESTE/CENTRO-OESTE;4114.955
2024-02-01 23:00:00;NORDESTE;SUDESTE/CENTRO-OESTE;4149.66299999
2024-02-02 00:00:00;NORDESTE;SUDESTE/CENTRO-OESTE;3613.787
2024-02-02 01:00:00;NORDESTE;SUDESTE/CENTRO-OESTE;3385.388
2024-02-02 02:00:00;NORDESTE;SUDESTE/CENTRO-OESTE;3263.271
2024-02-02 03:00:00;NORDESTE;SUDESTE/CENTRO-OESTE;3120.905
2024-02-02 04:00:00;NORDESTE;SUDESTE/CENTRO-OESTE;3035.729
2024-02-02 05:00:00;NORDESTE;SUDESTE/CENTRO-OESTE;3198.105
2024-02-02 06:00:00;NORDESTE;SUDESTE/CENTRO-OESTE;4128.858
2024-02-02 07:00:00;NORDESTE;SUDESTE/CENTRO-OESTE;4919.868
2024-02-02 08:00:00;NORDESTE;SUDESTE/CENTRO-OESTE;5008.582
2024-02-02 09:00:00;NORDESTE;SUDESTE/CENTRO-OESTE;5272.941
2024-02-02 10:00:00;NORDESTE;SUDESTE/CENTRO-OESTE;5039.678
2024-02-02 11:00:00;NORDESTE;SUDESTE/CENTRO-OESTE;4754.786
2024-02-02 12:00:00;NORDESTE;SUDESTE/CENTRO-OESTE;4503.398
2024-02-02 13:00:00;NORDESTE;SUDESTE/CENTRO-OESTE;4414.73499999
2024-02-02 14:00:00;NORDESTE;SUDESTE/CENTRO-OESTE;3781.405
2024-02-02 15:00:00;NORDESTE;SUDESTE/CENTRO-OESTE;3032.304
2024-02-02 16:00:00;NORDESTE;SUDESTE/CENTRO-OESTE;3207.208
2024-02-02 17:00:00;NORDESTE;SUDESTE/CENTRO-OESTE;3051.326
2024-02-02 18:00:00;NORDESTE;SUDESTE/CENTRO-OESTE;2752.65
2024-02-02 19:00:00;NORDESTE;SUDESTE/CENTRO-OESTE;3769.81
2024-02-02 20:00:00;NORDESTE;SUDESTE/CENTRO-OESTE;4237.533
2024-02-02 21:00:00;NORDESTE;SUDESTE/CENTRO-OESTE;3676.83
2024-02-02 22:00:00;NORDESTE;SUDESTE/CENTRO-OESTE;3379.754
2024-02-02 23:00:00;NORDESTE;SUDESTE/CENTRO-OESTE;3375.852
2024-02-03 00:00:00;NORDESTE;SUDESTE/CENTRO-OESTE;3339.82
2024-02-03 01:00:00;NORDESTE;SUDESTE/CENTRO-OESTE;3298.025
2024-02-03 02:00:00;NORDESTE;SUDESTE/CENTRO-OESTE;3404.067
2024-02-03 03:00:00;NORDESTE;SUDESTE/CENTRO-OESTE;3441.48
2024-02-03 04:00:00;NORDESTE;SUDESTE/CENTRO-OESTE;3885.024
2024-02-03 05:00:00;NORDESTE;SUDESTE/CENTRO-OESTE;4406.35099999
2024-02-03 06:00:00;NORDESTE;SUDESTE/CENTRO-OESTE;4853.675
2024-02-03 07:00:00;NORDESTE;SUDESTE/CENTRO-OESTE;5198.162
2024-02-03 08:00:00;NORDESTE;SUDESTE/CENTRO-OESTE;5094.433
2024-02-03 09:00:00;NORDESTE;SUDESTE/CENTRO-OESTE;4632.201
2024-02-03 10:00:00;NORDESTE;SUDESTE/CENTRO-OESTE;4696.152
2024-02-03 11:00:00;NORDESTE;SUDESTE/CENTRO-OESTE;4624.439
2024-02-03 12:00:00;NORDESTE;SUDESTE/CENTRO-OESTE;4174.579
2024-02-03 13:00:00;NORDESTE;SUDESTE/CENTRO-OESTE;3792.981
2024-02-03 14:00:00;NORDESTE;SUDESTE/CENTRO-OESTE;3402.81
2024-02-03 15:00:00;NORDESTE;SUDESTE/CENTRO-OESTE;3124.58599999
2024-02-03 16:00:00;NORDESTE;SUDESTE/CENTRO-OESTE;3036.149
2024-02-03 17:00:00;NORDESTE;SUDESTE/CENTRO-OESTE;2334.803
2024-02-03 18:00:00;NORDESTE;SUDESTE/CENTRO-OESTE;2483.837
2024-02-03 19:00:00;NORDESTE;SUDESTE/CENTRO-OESTE;4046.127
2024-02-03 20:00:00;NORDESTE;SUDESTE/CENTRO-OESTE;5077.956
2024-02-03 21:00:00;NORDESTE;SUDESTE/CENTRO-OESTE;4950.152
2024-02-03 22:00:00;NORDESTE;SUDESTE/CENTRO-OESTE;5404.196
2024-02-03 23:00:00;NORDESTE;SUDESTE/CENTRO-OESTE;4836.56099999
2024-02-04 00:00:00;NORDESTE;SUDESTE/CENTRO-OESTE;4584.513
2024-02-04 01:00:00;NORDESTE;SUDESTE/CENTRO-OESTE;4417.04699999
2024-02-04 02:00:00;NORDESTE;SUDESTE/CENTRO-OESTE;4283.499
2024-02-04 03:00:00;NORDESTE;SUDESTE/CENTRO-OESTE;4462.22
2024-02-04 04:00:00;NORDESTE;SUDESTE/CENTRO-OESTE;4741.966
2024-02-04 05:00:00;NORDESTE;SUDESTE/CENTRO-OESTE;4721.7
2024-02-04 06:00:00;NORDESTE;SUDESTE/CENTRO-OESTE;4333.758
2024-02-04 07:00:00;NORDESTE;SUDESTE/CENTRO-OESTE;4952.464
2024-02-04 08:00:00;NORDESTE;SUDESTE/CENTRO-OESTE;4889.075
2024-02-04 09:00:00;NORDESTE;SUDESTE/CENTRO-OESTE;4826.08299999
2024-02-04 10:00:00;NORDESTE;SUDESTE/CENTRO-OESTE;4593.92
2024-02-04 11:00:00;NORDESTE;SUDESTE/CENTRO-OESTE;4387.213
2024-02-04 12:00:00;NORDESTE;SUDESTE/CENTRO-OESTE;4410.511
2024-02-04 13:00:00;NORDESTE;SUDESTE/CENTRO-OESTE;4329.823
2024-02-04 14:00:00;NORDESTE;SUDESTE/CENTRO-OESTE;4240.997
2024-02-04 15:00:00;NORDESTE;SUDESTE/CENTRO-OESTE;3623.236
2024-02-04 16:00:00;NORDESTE;SUDESTE/CENTRO-OESTE;3811.853
2024-02-04 17:00:00;NORDESTE;SUDESTE/CENTRO-OESTE;3712.419
2024-02-04 18:00:00;NORDESTE;SUDESTE/CENTRO-OESTE;3922.072
2024-02-04 19:00:00;NORDESTE;SUDESTE/CENTRO-OESTE;4788.403
2024-02-04 20:00:00;NORDESTE;SUDESTE/CENTRO-OESTE;5437.474
2024-02-04 21:00:00;NORDESTE;SUDESTE/CENTRO-OESTE;5177.246
2024-02-04 22:00:00;NORDESTE;SUDESTE/CENTRO-OESTE;5052.85099999
2024-02-04 23:00:00;NORDESTE;SUDESTE/CENTRO-OESTE;5041.54299999
2024-02-05 00:00:00;NORDESTE;SUDESTE/CENTRO-OESTE;4354.549
2024-02-05 01:00:00;NORDESTE;SUDESTE/CENTRO-OESTE;4516.59199999
2024-02-05 02:00:00;NORDESTE;SUDESTE/CENTRO-OESTE;4677.773
2024-02-05 03:00:00;NORDESTE;SUDESTE/CENTRO-OESTE;4482.268
2024-02-05 04:00:00;NORDESTE;SUDESTE/CENTRO-OESTE;4540.37299999
2024-02-05 05:00:00;NORDESTE;SUDESTE/CENTRO-OESTE;4610.294
2024-02-05 06:00:00;NORDESTE;SUDESTE/CENTRO-OESTE;4983.194
2024-02-05 07:00:00;NORDESTE;SUDESTE/CENTRO-OESTE;5436.78799999
2024-02-05 08:00:00;NORDESTE;SUDESTE/CENTRO-OESTE;5219.5
2024-02-05 09:00:00;NORDESTE;SUDESTE/CENTRO-OESTE;5148.91299999
2024-02-05 10:00:00;NORDESTE;SUDESTE/CENTRO-OESTE;4981.566
2024-02-05 11:00:00;NORDESTE;SUDESTE/CENTRO-OESTE;4826.259
2024-02-05 12:00:00;NORDESTE;SUDESTE/CENTRO-OESTE;4468.368
2024-02-05 13:00:00;NORDESTE;SUDESTE/CENTRO-OESTE;4054.458
2024-02-05 14:00:00;NORDESTE;SUDESTE/CENTRO-OESTE;4335.139
2024-02-05 15:00:00;NORDESTE;SUDESTE/CENTRO-OESTE;4653.515
2024-02-05 16:00:00;NORDESTE;SUDESTE/CENTRO-OESTE;4824.746
2024-02-05 17:00:00;NORDESTE;SUDESTE/CENTRO-OESTE;4668.942
2024-02-05 18:00:00;NORDESTE;SUDESTE/CENTRO-OESTE;4538.62299999
2024-02-05 19:00:00;NORDESTE;SUDESTE/CENTRO-OESTE;5219.977
2024-02-05 20:00:00;NORDESTE;SUDESTE/CENTRO-OESTE;5312.551
2024-02-05 21:00:00;NORDESTE;SUDESTE/CENTRO-OESTE;4979.786
2024-02-05 22:00:00;NORDESTE;SUDESTE/CENTRO-OESTE;4514.285
2024-02-05 23:00:00;NORDESTE;SUDESTE/CENTRO-OESTE;4353.74399999
2024-02-06 00:00:00;NORDESTE;SUDESTE/CENTRO-OESTE;3653.679
2024-02-06 01:00:00;NORDESTE;SUDESTE/CENTRO-OESTE;3210.564
2024-02-06 02:00:00;NORDESTE;SUDESTE/CENTRO-OESTE;2921.036
2024-02-06 03:00:00;NORDESTE;SUDESTE/CENTRO-OESTE;2603.41
2024-02-06 04:00:00;NORDESTE;SUDESTE/CENTRO-OESTE;2466.667
2024-02-06 05:00:00;NORDESTE;SUDESTE/CENTRO-OESTE;2829.18
2024-02-06 06:00:00;NORDESTE;SUDESTE/CENTRO-OESTE;3631.709
2024-02-06 07:00:00;NORDESTE;SUDESTE/CENTRO-OESTE;4929.006
2024-02-06 08:00:00;NORDESTE;SUDESTE/CENTRO-OESTE;5027.031
2024-02-06 09:00:00;NORDESTE;SUDESTE/CENTRO-OESTE;4742.536
2024-02-06 10:00:00;NORDESTE;SUDESTE/CENTRO-OESTE;4301.734
2024-02-06 11:00:00;NORDESTE;SUDESTE/CENTRO-OESTE;4053.165
2024-02-06 12:00:00;NORDESTE;SUDESTE/CENTRO-OESTE;3927.807
2024-02-06 13:00:00;NORDESTE;SUDESTE/CENTRO-OESTE;3703.508
2024-02-06 14:00:00;NORDESTE;SUDESTE/CENTRO-OESTE;3203.493
2024-02-06 15:00:00;NORDESTE;SUDESTE/CENTRO-OESTE;3377.138
2024-02-06 16:00:00;NORDESTE;SUDESTE/CENTRO-OESTE;3718.416
2024-02-06 17:00:00;NORDESTE;SUDESTE/CENTRO-OESTE;3429.674
2024-02-06 18:00:00;NORDESTE;SUDESTE/CENTRO-OESTE;3741.884
2024-02-06 19:00:00;NORDESTE;SUDESTE/CENTRO-OESTE;4603.894
2024-02-06 20:00:00;NORDESTE;SUDESTE/CENTRO-OESTE;4899.466
2024-02-06 21:00:00;NORDESTE;SUDESTE/CENTRO-OESTE;4830.86899999
2024-02-06 22:00:00;NORDESTE;SUDESTE/CENTRO-OESTE;4946.95799999
2024-02-06 23:00:00;NORDESTE;SUDESTE/CENTRO-OESTE;4861.323
2024-02-07 00:00:00;NORDESTE;SUDESTE/CENTRO-OESTE;4144.908
2024-02-07 01:00:00;NORDESTE;SUDESTE/CENTRO-OESTE;3567.094
2024-02-07 02:00:00;NORDESTE;SUDESTE/CENTRO-OESTE;3692.408
2024-02-07 03:00:00;NORDESTE;SUDESTE/CENTRO-OESTE;3601.3
2024-02-07 04:00:00;NORDESTE;SUDESTE/CENTRO-OESTE;3076.793
2024-02-07 05:00:00;NORDESTE;SUDESTE/CENTRO-OESTE;2738.564
2024-02-07 06:00:00;NORDESTE;SUDESTE/CENTRO-OESTE;3278.872
2024-02-07 07:00:00;NORDESTE;SUDESTE/CENTRO-OESTE;4406.975
2024-02-07 08:00:00;NORDESTE;SUDESTE/CENTRO-OESTE;4540.676
2024-02-07 09:00:00;NORDESTE;SUDESTE/CENTRO-OESTE;4081.195
2024-02-07 10:00:00;NORDESTE;SUDESTE/CENTRO-OESTE;3691.59
2024-02-07 11:00:00;NORDESTE;SUDESTE/CENTRO-OESTE;3026.025
2024-02-07 12:00:00;NORDESTE;SUDESTE/CENTRO-OESTE;2877.523
2024-02-07 13:00:00;NORDESTE;SUDESTE/CENTRO-OESTE;2977.7
2024-02-07 14:00:00;NORDESTE;SUDESTE/CENTRO-OESTE;2632.56599999
2024-02-07 15:00:00;NORDESTE;SUDESTE/CENTRO-OESTE;2285.931
2024-02-07 16:00:00;NORDESTE;SUDESTE/CENTRO-OESTE;2572.518
2024-02-07 17:00:00;NORDESTE;SUDESTE/CENTRO-OESTE;2364.30499999
2024-02-07 18:00:00;NORDESTE;SUDESTE/CENTRO-OESTE;2440.232
2024-02-07 19:00:00;NORDESTE;SUDESTE/CENTRO-OESTE;3116.235
2024-02-07 20:00:00;NORDESTE;SUDESTE/CENTRO-OESTE;3345.593
2024-02-07 21:00:00;NORDESTE;SUDESTE/CENTRO-OESTE;3300.137
2024-02-07 22:00:00;NORDESTE;SUDESTE/CENTRO-OESTE;3041.325
2024-02-07 23:00:00;NORDESTE;SUDESTE/CENTRO-OESTE;2600.242
2024-02-08 00:00:00;NORDESTE;SUDESTE/CENTRO-OESTE;2429.533
2024-02-08 01:00:00;NORDESTE;SUDESTE/CENTRO-OESTE;2089.688
2024-02-08 02:00:00;NORDESTE;SUDESTE/CENTRO-OESTE;2291.076
2024-02-08 03:00:00;NORDESTE;SUDESTE/CENTRO-OESTE;2421.15299999
2024-02-08 04:00:00;NORDESTE;SUDESTE/CENTRO-OESTE;2240.116
2024-02-08 05:00:00;NORDESTE;SUDESTE/CENTRO-OESTE;2461.861
2024-02-08 06:00:00;NORDESTE;SUDESTE/CENTRO-OESTE;2990.844
2024-02-08 07:00:00;NORDESTE;SUDESTE/CENTRO-OESTE;4152.269
2024-02-08 08:00:00;NORDESTE;SUDESTE/CENTRO-OESTE;4613.404
2024-02-08 09:00:00;NORDESTE;SUDESTE/CENTRO-OESTE;4146.424
2024-02-08 10:00:00;NORDESTE;SUDESTE/CENTRO-OESTE;3427.696
2024-02-08 11:00:00;NORDESTE;SUDESTE/CENTRO-OESTE;3184.772
2024-02-08 12:00:00;NORDESTE;SUDESTE/CENTRO-OESTE;3478.344
2024-02-08 13:00:00;NORDESTE;SUDESTE/CENTRO-OESTE;3057.563
2024-02-08 14:00:00;NORDESTE;SUDESTE/CENTRO-OESTE;2615.929
2024-02-08 15:00:00;NORDESTE;SUDESTE/CENTRO-OESTE;2295.327
2024-02-08 16:00:00;NORDESTE;SUDESTE/CENTRO-OESTE;1513.978
2024-02-08 17:00:00;NORDESTE;SUDESTE/CENTRO-OESTE;1579.123
2024-02-08 18:00:00;NORDESTE;SUDESTE/CENTRO-OESTE;1445.871
2024-02-08 19:00:00;NORDESTE;SUDESTE/CENTRO-OESTE;1847.377
2024-02-08 20:00:00;NORDESTE;SUDESTE/CENTRO-OESTE;2089.51699999
2024-02-08 21:00:00;NORDESTE;SUDESTE/CENTRO-OESTE;1909.733
2024-02-08 22:00:00;NORDESTE;SUDESTE/CENTRO-OESTE;1712.325
2024-02-08 23:00:00;NORDESTE;SUDESTE/CENTRO-OESTE;1445.632
2024-02-09 00:00:00;NORDESTE;SUDESTE/CENTRO-OESTE;1394.882
2024-02-09 01:00:00;NORDESTE;SUDESTE/CENTRO-OESTE;1593.073
2024-02-09 02:00:00;NORDESTE;SUDESTE/CENTRO-OESTE;1563.84099999
2024-02-09 03:00:00;NORDESTE;SUDESTE/CENTRO-OESTE;1670.002
2024-02-09 04:00:00;NORDESTE;SUDESTE/CENTRO-OESTE;1796.462
2024-02-09 05:00:00;NORDESTE;SUDESTE/CENTRO-OESTE;1801.333
2024-02-09 06:00:00;NORDESTE;SUDESTE/CENTRO-OESTE;2711.514
2024-02-09 07:00:00;NORDESTE;SUDESTE/CENTRO-OESTE;3285.988
2024-02-09 08:00:00;NORDESTE;SUDESTE/CENTRO-OESTE;3416.058
2024-02-09 09:00:00;NORDESTE;SUDESTE/CENTRO-OESTE;3428.117
2024-02-09 10:00:00;NORDESTE;SUDESTE/CENTRO-OESTE;3429.488
2024-02-09 11:00:00;NORDESTE;SUDESTE/CENTRO-OESTE;3428.738
2024-02-09 12:00:00;NORDESTE;SUDESTE/CENTRO-OESTE;3567.329
2024-02-09 13:00:00;NORDESTE;SUDESTE/CENTRO-OESTE;2944.755
2024-02-09 14:00:00;NORDESTE;SUDESTE/CENTRO-OESTE;2546.665
2024-02-09 15:00:00;NORDESTE;SUDESTE/CENTRO-OESTE;2967.875
2024-02-09 16:00:00;NORDESTE;SUDESTE/CENTRO-OESTE;3001.04799999
2024-02-09 17:00:00;NORDESTE;SUDESTE/CENTRO-OESTE;3097.238
2024-02-09 18:00:00;NORDESTE;SUDESTE/CENTRO-OESTE;1997.63
2024-02-09 19:00:00;NORDESTE;SUDESTE/CENTRO-OESTE;2041.423
2024-02-09 20:00:00;NORDESTE;SUDESTE/CENTRO-OESTE;2001.028
2024-02-09 21:00:00;NORDESTE;SUDESTE/CENTRO-OESTE;2156.208
2024-02-09 22:00:00;NORDESTE;SUDESTE/CENTRO-OESTE;2027.435
2024-02-09 23:00:00;NORDESTE;SUDESTE/CENTRO-OESTE;2006.22
2024-02-10 00:00:00;NORDESTE;SUDESTE/CENTRO-OESTE;1094.939
2024-02-10 01:00:00;NORDESTE;SUDESTE/CENTRO-OESTE;885.356
2024-02-10 02:00:00;NORDESTE;SUDESTE/CENTRO-OESTE;1233.012
2024-02-10 03:00:00;NORDESTE;SUDESTE/CENTRO-OESTE;1464.401
2024-02-10 04:00:00;NORDESTE;SUDESTE/CENTRO-OESTE;2014.462
2024-02-10 05:00:00;NORDESTE;SUDESTE/CENTRO-OESTE;2147.493
2024-02-10 06:00:00;NORDESTE;SUDESTE/CENTRO-OESTE;2607.976
2024-02-10 07:00:00;NORDESTE;SUDESTE/CENTRO-OESTE;3487.212
2024-02-10 08:00:00;NORDESTE;SUDESTE/CENTRO-OESTE;3905.364
2024-02-10 09:00:00;NORDESTE;SUDESTE/CENTRO-OESTE;4006.82
2024-02-10 10:00:00;NORDESTE;SUDESTE/CENTRO-OESTE;4057.595
2024-02-10 11:00:00;NORDESTE;SUDESTE/CENTRO-OESTE;4062.419
2024-02-10 12:00:00;NORDESTE;SUDESTE/CENTRO-OESTE;4218.544
2024-02-10 13:00:00;NORDESTE;SUDESTE/CENTRO-OESTE;3788.172
2024-02-10 14:00:00;NORDESTE;SUDESTE/CENTRO-OESTE;3446.313
2024-02-10 15:00:00;NORDESTE;SUDESTE/CENTRO-OESTE;2805.46
2024-02-10 16:00:00;NORDESTE;SUDESTE/CENTRO-OESTE;2765.64399999
2024-02-10 17:00:00;NORDESTE;SUDESTE/CENTRO-OESTE;2558.032
2024-02-10 18:00:00;NORDESTE;SUDESTE/CENTRO-OESTE;2346.777
2024-02-10 19:00:00;NORDESTE;SUDESTE/CENTRO-OESTE;3538.275
2024-02-10 20:00:00;NORDESTE;SUDESTE/CENTRO-OESTE;4034.188
2024-02-10 21:00:00;NORDESTE;SUDESTE/CENTRO-OESTE;4180.47999999
2024-02-10 22:00:00;NORDESTE;SUDESTE/CENTRO-OESTE;4534.644
2024-02-10 23:00:00;NORDESTE;SUDESTE/CENTRO-OESTE;4726.59
2024-02-11 00:00:00;NORDESTE;SUDESTE/CENTRO-OESTE;4110.558
2024-02-11 01:00:00;NORDESTE;SUDESTE/CENTRO-OESTE;4083.393
2024-02-11 02:00:00;NORDESTE;SUDESTE/CENTRO-OESTE;3672.173
2024-02-11 03:00:00;NORDESTE;SUDESTE/CENTRO-OESTE;3356.949
2024-02-11 04:00:00;NORDESTE;SUDESTE/CENTRO-OESTE;2934.272
2024-02-11 05:00:00;NORDESTE;SUDESTE/CENTRO-OESTE;3077.46999999
2024-02-11 06:00:00;NORDESTE;SUDESTE/CENTRO-OESTE;4040.744
2024-02-11 07:00:00;NORDESTE;SUDESTE/CENTRO-OESTE;5229.337
2024-02-11 08:00:00;NORDESTE;SUDESTE/CENTRO-OESTE;5703.599
2024-02-11 09:00:00;NORDESTE;SUDESTE/CENTRO-OESTE;4927.863
2024-02-11 10:00:00;NORDESTE;SUDESTE/CENTRO-OESTE;4686.37299999
2024-02-11 11:00:00;NORDESTE;SUDESTE/CENTRO-OESTE;4855.468
2024-02-11 12:00:00;NORDESTE;SUDESTE/CENTRO-OESTE;4661.778
2024-02-11 13:00:00;NORDESTE;SUDESTE/CENTRO-OESTE;4687.665
2024-02-11 14:00:00;NORDESTE;SUDESTE/CENTRO-OESTE;4279.73899999
2024-02-11 15:00:00;NORDESTE;SUDESTE/CENTRO-OESTE;4590.916
2024-02-11 16:00:00;NORDESTE;SUDESTE/CENTRO-OESTE;4429.171
2024-02-11 17:00:00;NORDESTE;SUDESTE/CENTRO-OESTE;4170.182
2024-02-11 18:00:00;NORDESTE;SUDESTE/CENTRO-OESTE;4782.692
2024-02-11 19:00:00;NORDESTE;SUDESTE/CENTRO-OESTE;4733.243
2024-02-11 20:00:00;NORDESTE;SUDESTE/CENTRO-OESTE;4753.299
2024-02-11 21:00:00;NORDESTE;SUDESTE/CENTRO-OESTE;4744.349
2024-02-11 22:00:00;NORDESTE;SUDESTE/CENTRO-OESTE;4636.977
2024-02-11 23:00:00;NORDESTE;SUDESTE/CENTRO-OESTE;4482.285
2024-02-12 00:00:00;NORDESTE;SUDESTE/CENTRO-OESTE;4661.741
2024-02-12 01:00:00;NORDESTE;SUDESTE/CENTRO-OESTE;4761.11899999
2024-02-12 02:00:00;NORDESTE;SUDESTE/CENTRO-OESTE;4760.25699999
2024-02-12 03:00:00;NORDESTE;SUDESTE/CENTRO-OESTE;4658.622
2024-02-12 04:00:00;NORDESTE;SUDESTE/CENTRO-OESTE;4604.381
2024-02-12 05:00:00;NORDESTE;SUDESTE/CENTRO-OESTE;4779.414
2024-02-12 06:00:00;NORDESTE;SUDESTE/CENTRO-OESTE;4601.375
2024-02-12 07:00:00;NORDESTE;SUDESTE/CENTRO-OESTE;4404.03399999
2024-02-12 08:00:00;NORDESTE;SUDESTE/CENTRO-OESTE;5236.012
2024-02-12 09:00:00;NORDESTE;SUDESTE/CENTRO-OESTE;5280.929
2024-02-12 10:00:00;NORDESTE;SUDESTE/CENTRO-OESTE;5166.22999999
2024-02-12 11:00:00;NORDESTE;SUDESTE/CENTRO-OESTE;4830.728
2024-02-12 12:00:00;NORDESTE;SUDESTE/CENTRO-OESTE;4858.56499999
2024-02-12 13:00:00;NORDESTE;SUDESTE/CENTRO-OESTE;4774.386
2024-02-12 14:00:00;NORDESTE;SUDESTE/CENTRO-OESTE;4802.383
2024-02-12 15:00:00;NORDESTE;SUDESTE/CENTRO-OESTE;4200.352
2024-02-12 16:00:00;NORDESTE;SUDESTE/CENTRO-OESTE;4298.769
2024-02-12 17:00:00;NORDESTE;SUDESTE/CENTRO-OESTE;4237.737
2024-02-12 18:00:00;NORDESTE;SUDESTE/CENTRO-OESTE;3872.908
2024-02-12 19:00:00;NORDESTE;SUDESTE/CENTRO-OESTE;4235.905
2024-02-12 20:00:00;NORDESTE;SUDESTE/CENTRO-OESTE;4176.464
2024-02-12 21:00:00;NORDESTE;SUDESTE/CENTRO-OESTE;4024.534
2024-02-12 22:00:00;NORDESTE;SUDESTE/CENTRO-OESTE;4217.358
2024-02-12 23:00:00;NORDESTE;SUDESTE/CENTRO-OESTE;4422.469
2024-02-13 00:00:00;NORDESTE;SUDESTE/CENTRO-OESTE;4552.415
2024-02-13 01:00:00;NORDESTE;SUDESTE/CENTRO-OESTE;4620.345
2024-02-13 02:00:00;NORDESTE;SUDESTE/CENTRO-OESTE;4666.134
2024-02-13 03:00:00;NORDESTE;SUDESTE/CENTRO-OESTE;4425.269
2024-02-13 04:00:00;NORDESTE;SUDESTE/CENTRO-OESTE;4300.779
2024-02-13 05:00:00;NORDESTE;SUDESTE/CENTRO-OESTE;4165.6
2024-02-13 06:00:00;NORDESTE;SUDESTE/CENTRO-OESTE;4631.131
2024-02-13 07:00:00;NORDESTE;SUDESTE/CENTRO-OESTE;5235.957
2024-02-13 08:00:00;NORDESTE;SUDESTE/CENTRO-OESTE;5257.675
2024-02-13 09:00:00;NORDESTE;SUDESTE/CENTRO-OESTE;5083.481
2024-02-13 10:00:00;NORDESTE;SUDESTE/CENTRO-OESTE;4814.349
2024-02-13 11:00:00;NORDESTE;SUDESTE/CENTRO-OESTE;4840.99
2024-02-13 12:00:00;NORDESTE;SUDESTE/CENTRO-OESTE;4387.984
2024-02-13 13:00:00;NORDESTE;SUDESTE/CENTRO-OESTE;4461.42
2024-02-13 14:00:00;NORDESTE;SUDESTE/CENTRO-OESTE;4153.74399999
2024-02-13 15:00:00;NORDESTE;SUDESTE/CENTRO-OESTE;3461.685
2024-02-13 16:00:00;NORDESTE;SUDESTE/CENTRO-OESTE;2622.308
2024-02-13 17:00:00;NORDESTE;SUDESTE/CENTRO-OESTE;2029.732
2024-02-13 18:00:00;NORDESTE;SUDESTE/CENTRO-OESTE;2141.804
2024-02-13 19:00:00;NORDESTE;SUDESTE/CENTRO-OESTE;2676.076
2024-02-13 20:00:00;NORDESTE;SUDESTE/CENTRO-OESTE;3041.821
2024-02-13 21:00:00;NORDESTE;SUDESTE/CENTRO-OESTE;3136.088
2024-02-13 22:00:00;NORDESTE;SUDESTE/CENTRO-OESTE;2762.934
2024-02-13 23:00:00;NORDESTE;SUDESTE/CENTRO-OESTE;2341.477
2024-02-14 00:00:00;NORDESTE;SUDESTE/CENTRO-OESTE;1855.231
2024-02-14 01:00:00;NORDESTE;SUDESTE/CENTRO-OESTE;1137.594
2024-02-14 02:00:00;NORDESTE;SUDESTE/CENTRO-OESTE;1149.837
2024-02-14 03:00:00;NORDESTE;SUDESTE/CENTRO-OESTE;1229.997
2024-02-14 04:00:00;NORDESTE;SUDESTE/CENTRO-OESTE;1471.99499999
2024-02-14 05:00:00;NORDESTE;SUDESTE/CENTRO-OESTE;1735.721
2024-02-14 06:00:00;NORDESTE;SUDESTE/CENTRO-OESTE;2471.572
2024-02-14 07:00:00;NORDESTE;SUDESTE/CENTRO-OESTE;3984.33
2024-02-14 08:00:00;NORDESTE;SUDESTE/CENTRO-OESTE;4027.21
2024-02-14 09:00:00;NORDESTE;SUDESTE/CENTRO-OESTE;3409.512
2024-02-14 10:00:00;NORDESTE;SUDESTE/CENTRO-OESTE;2788.216
2024-02-14 11:00:00;NORDESTE;SUDESTE/CENTRO-OESTE;2143.197
2024-02-14 12:00:00;NORDESTE;SUDESTE/CENTRO-OESTE;1942.927
2024-02-14 13:00:00;NORDESTE;SUDESTE/CENTRO-OESTE;1599.914
2024-02-14 14:00:00;NORDESTE;SUDESTE/CENTRO-OESTE;1014.609
2024-02-14 15:00:00;NORDESTE;SUDESTE/CENTRO-OESTE;1084.029
2024-02-14 16:00:00;NORDESTE;SUDESTE/CENTRO-OESTE;1294.749
2024-02-14 17:00:00;NORDESTE;SUDESTE/CENTRO-OESTE;930.941
2024-02-14 18:00:00;NORDESTE;SUDESTE/CENTRO-OESTE;976.91
2024-02-14 19:00:00;NORDESTE;SUDESTE/CENTRO-OESTE;1256.43
2024-02-14 20:00:00;NORDESTE;SUDESTE/CENTRO-OESTE;1474.751
2024-02-14 21:00:00;NORDESTE;SUDESTE/CENTRO-OESTE;1251.986
2024-02-14 22:00:00;NORDESTE;SUDESTE/CENTRO-OESTE;932.453
2024-02-14 23:00:00;NORDESTE;SUDESTE/CENTRO-OESTE;464.312
2024-02-15 00:00:00;NORDESTE;SUDESTE/CENTRO-OESTE;-352.871
2024-02-15 01:00:00;NORDESTE;SUDESTE/CENTRO-OESTE;-215.934
2024-02-15 02:00:00;NORDESTE;SUDESTE/CENTRO-OESTE;-76.141
2024-02-15 03:00:00;NORDESTE;SUDESTE/CENTRO-OESTE;353.039
2024-02-15 04:00:00;NORDESTE;SUDESTE/CENTRO-OESTE;521.408
2024-02-15 05:00:00;NORDESTE;SUDESTE/CENTRO-OESTE;194.986
2024-02-15 06:00:00;NORDESTE;SUDESTE/CENTRO-OESTE;485.841
2024-02-15 07:00:00;NORDESTE;SUDESTE/CENTRO-OESTE;1299.037
2024-02-15 08:00:00;NORDESTE;SUDESTE/CENTRO-OESTE;1186.89799999
2024-02-15 09:00:00;NORDESTE;SUDESTE/CENTRO-OESTE;1617.625
2024-02-15 10:00:00;NORDESTE;SUDESTE/CENTRO-OESTE;1776.164
2024-02-15 11:00:00;NORDESTE;SUDESTE/CENTRO-OESTE;1380.01
2024-02-15 12:00:00;NORDESTE;SUDESTE/CENTRO-OESTE;1618.52
2024-02-15 13:00:00;NORDESTE;SUDESTE/CENTRO-OESTE;1782.225
2024-02-15 14:00:00;NORDESTE;SUDESTE/CENTRO-OESTE;959.968
2024-02-15 15:00:00;NORDESTE;SUDESTE/CENTRO-OESTE;1042.08099999
2024-02-15 16:00:00;NORDESTE;SUDESTE/CENTRO-OESTE;944.403
2024-02-15 17:00:00;NORDESTE;SUDESTE/CENTRO-OESTE;590.61
2024-02-15 18:00:00;NORDESTE;SUDESTE/CENTRO-OESTE;499.943
2024-02-15 19:00:00;NORDESTE;SUDESTE/CENTRO-OESTE;203.442
2024-02-15 20:00:00;NORDESTE;SUDESTE/CENTRO-OESTE;185.751
2024-02-15 21:00:00;NORDESTE;SUDESTE/CENTRO-OESTE;-19.80099999
2024-02-15 22:00:00;NORDESTE;SUDESTE/CENTRO-OESTE;457.612
2024-02-15 23:00:00;NORDESTE;SUDESTE/CENTRO-OESTE;-157.786
2024-02-16 00:00:00;NORDESTE;SUDESTE/CENTRO-OESTE;-212.13999999
2024-02-16 01:00:00;NORDESTE;SUDESTE/CENTRO-OESTE;674.219
2024-02-16 02:00:00;NORDESTE;SUDESTE/CENTRO-OESTE;731.824
2024-02-16 03:00:00;NORDESTE;SUDESTE/CENTRO-OESTE;484.505
2024-02-16 04:00:00;NORDESTE;SUDESTE/CENTRO-OESTE;882.978
2024-02-16 05:00:00;NORDESTE;SUDESTE/CENTRO-OESTE;1234.058
2024-02-16 06:00:00;NORDESTE;SUDESTE/CENTRO-OESTE;2177.543
2024-02-16 07:00:00;NORDESTE;SUDESTE/CENTRO-OESTE;2908.577
2024-02-16 08:00:00;NORDESTE;SUDESTE/CENTRO-OESTE;2237.802
2024-02-16 09:00:00;NORDESTE;SUDESTE/CENTRO-OESTE;1866.996
2024-02-16 10:00:00;NORDESTE;SUDESTE/CENTRO-OESTE;1006.168
2024-02-16 11:00:00;NORDESTE;SUDESTE/CENTRO-OESTE;889.14
2024-02-16 12:00:00;NORDESTE;SUDESTE/CENTRO-OESTE;742.969
2024-02-16 13:00:00;NORDESTE;SUDESTE/CENTRO-OESTE;548.296
2024-02-16 14:00:00;NORDESTE;SUDESTE/CENTRO-OESTE;726.782
2024-02-16 15:00:00;NORDESTE;SUDESTE/CENTRO-OESTE;1024.493
2024-02-16 16:00:00;NORDESTE;SUDESTE/CENTRO-OESTE;781.613
2024-02-16 17:00:00;NORDESTE;SUDESTE/CENTRO-OESTE;195.24
2024-02-16 18:00:00;NORDESTE;SUDESTE/CENTRO-OESTE;525.022
2024-02-16 19:00:00;NORDESTE;SUDESTE/CENTRO-OESTE;1129.739
2024-02-16 20:00:00;NORDESTE;SUDESTE/CENTRO-OESTE;1182.952
2024-02-16 21:00:00;NORDESTE;SUDESTE/CENTRO-OESTE;581.914
2024-02-16 22:00:00;NORDESTE;SUDESTE/CENTRO-OESTE;113.789
2024-02-16 23:00:00;NORDESTE;SUDESTE/CENTRO-OESTE;-530.515
2024-02-17 00:00:00;NORDESTE;SUDESTE/CENTRO-OESTE;-801.479
2024-02-17 01:00:00;NORDESTE;SUDESTE/CENTRO-OESTE;-1196.515
2024-02-17 02:00:00;NORDESTE;SUDESTE/CENTRO-OESTE;-1783.624
2024-02-17 03:00:00;NORDESTE;SUDESTE/CENTRO-OESTE;-1486.079
2024-02-17 04:00:00;NORDESTE;SUDESTE/CENTRO-OESTE;-1056.088
2024-02-17 05:00:00;NORDESTE;SUDESTE/CENTRO-OESTE;-1192.545
2024-02-17 06:00:00;NORDESTE;SUDESTE/CENTRO-OESTE;-834.296
2024-02-17 07:00:00;NORDESTE;SUDESTE/CENTRO-OESTE;447.837
2024-02-17 08:00:00;NORDESTE;SUDESTE/CENTRO-OESTE;1483.699
2024-02-17 09:00:00;NORDESTE;SUDESTE/CENTRO-OESTE;2124.657
2024-02-17 10:00:00;NORDESTE;SUDESTE/CENTRO-OESTE;1742.237
2024-02-17 11:00:00;NORDESTE;SUDESTE/CENTRO-OESTE;1452.588
2024-02-17 12:00:00;NORDESTE;SUDESTE/CENTRO-OESTE;1764.718
2024-02-17 13:00:00;NORDESTE;SUDESTE/CENTRO-OESTE;1678.664
2024-02-17 14:00:00;NORDESTE;SUDESTE/CENTRO-OESTE;1397.695
2024-02-17 15:00:00;NORDESTE;SUDESTE/CENTRO-OESTE;909.771
2024-02-17 16:00:00;NORDESTE;SUDESTE/CENTRO-OESTE;617.898
2024-02-17 17:00:00;NORDESTE;SUDESTE/CENTRO-OESTE;969.388
2024-02-17 18:00:00;NORDESTE;SUDESTE/CENTRO-OESTE;801.475
2024-02-17 19:00:00;NORDESTE;SUDESTE/CENTRO-OESTE;689.693
2024-02-17 20:00:00;NORDESTE;SUDESTE/CENTRO-OESTE;877.303
2024-02-17 21:00:00;NORDESTE;SUDESTE/CENTRO-OESTE;754.191
2024-02-17 22:00:00;NORDESTE;SUDESTE/CENTRO-OESTE;694.125
2024-02-17 23:00:00;NORDESTE;SUDESTE/CENTRO-OESTE;356.504
2024-02-18 00:00:00;NORDESTE;SUDESTE/CENTRO-OESTE;-489.578
2024-02-18 01:00:00;NORDESTE;SUDESTE/CENTRO-OESTE;-1127.983
2024-02-18 02:00:00;NORDESTE;SUDESTE/CENTRO-OESTE;-994.606
2024-02-18 03:00:00;NORDESTE;SUDESTE/CENTRO-OESTE;-479.545
2024-02-18 04:00:00;NORDESTE;SUDESTE/CENTRO-OESTE;4.535
2024-02-18 05:00:00;NORDESTE;SUDESTE/CENTRO-OESTE;562.618
2024-02-18 06:00:00;NORDESTE;SUDESTE/CENTRO-OESTE;1022.519
2024-02-18 07:00:00;NORDESTE;SUDESTE/CENTRO-OESTE;1770.601
2024-02-18 08:00:00;NORDESTE;SUDESTE/CENTRO-OESTE;1960.07
2024-02-18 09:00:00;NORDESTE;SUDESTE/CENTRO-OESTE;1341.96
2024-02-18 10:00:00;NORDESTE;SUDESTE/CENTRO-OESTE;1489.377
2024-02-18 11:00:00;NORDESTE;SUDESTE/CENTRO-OESTE;1663.84099999
2024-02-18 12:00:00;NORDESTE;SUDESTE/CENTRO-OESTE;1234.499
2024-02-18 13:00:00;NORDESTE;SUDESTE/CENTRO-OESTE;1067.891
2024-02-18 14:00:00;NORDESTE;SUDESTE/CENTRO-OESTE;1381.895
2024-02-18 15:00:00;NORDESTE;SUDESTE/CENTRO-OESTE;1479.828
2024-02-18 16:00:00;NORDESTE;SUDESTE/CENTRO-OESTE;935.725
2024-02-18 17:00:00;NORDESTE;SUDESTE/CENTRO-OESTE;738.239
2024-02-18 18:00:00;NORDESTE;SUDESTE/CENTRO-OESTE;44.639
2024-02-18 19:00:00;NORDESTE;SUDESTE/CENTRO-OESTE;412.644
2024-02-18 20:00:00;NORDESTE;SUDESTE/CENTRO-OESTE;563.34299999
2024-02-18 21:00:00;NORDESTE;SUDESTE/CENTRO-OESTE;226.096
2024-02-18 22:00:00;NORDESTE;SUDESTE/CENTRO-OESTE;326.81099999
2024-02-18 23:00:00;NORDESTE;SUDESTE/CENTRO-OESTE;217.023
2024-02-19 00:00:00;NORDESTE;SUDESTE/CENTRO-OESTE;742.105
2024-02-19 01:00:00;NORDESTE;SUDESTE/CENTRO-OESTE;795.662
2024-02-19 02:00:00;NORDESTE;SUDESTE/CENTRO-OESTE;388.269
2024-02-19 03:00:00;NORDESTE;SUDESTE/CENTRO-OESTE;522.975
2024-02-19 04:00:00;NORDESTE;SUDESTE/CENTRO-OESTE;309.408
2024-02-19 05:00:00;NORDESTE;SUDESTE/CENTRO-OESTE;482.125
2024-02-19 06:00:00;NORDESTE;SUDESTE/CENTRO-OESTE;722.9
2024-02-19 07:00:00;NORDESTE;SUDESTE/CENTRO-OESTE;673.83
2024-02-19 08:00:00;NORDESTE;SUDESTE/CENTRO-OESTE;442.435
2024-02-19 09:00:00;NORDESTE;SUDESTE/CENTRO-OESTE;291.192
2024-02-19 10:00:00;NORDESTE;SUDESTE/CENTRO-OESTE;759.42999999
2024-02-19 11:00:00;NORDESTE;SUDESTE/CENTRO-OESTE;1565.911
2024-02-19 12:00:00;NORDESTE;SUDESTE/CENTRO-OESTE;2006.791
2024-02-19 13:00:00;NORDESTE;SUDESTE/CENTRO-OESTE;1707.526
2024-02-19 14:00:00;NORDESTE;SUDESTE/CENTRO-OESTE;985.679
2024-02-19 15:00:00;NORDESTE;SUDESTE/CENTRO-OESTE;208.643
2024-02-19 16:00:00;NORDESTE;SUDESTE/CENTRO-OESTE;-688.63199999
2024-02-19 17:00:00;NORDESTE;SUDESTE/CENTRO-OESTE;-694.671
2024-02-19 18:00:00;NORDESTE;SUDESTE/CENTRO-OESTE;-694.832
2024-02-19 19:00:00;NORDESTE;SUDESTE/CENTRO-OESTE;-435.984
2024-02-19 20:00:00;NORDESTE;SUDESTE/CENTRO-OESTE;-683.541
2024-02-19 21:00:00;NORDESTE;SUDESTE/CENTRO-OESTE;-1164.142
2024-02-19 22:00:00;NORDESTE;SUDESTE/CENTRO-OESTE;-1357.794
2024-02-19 23:00:00;NORDESTE;SUDESTE/CENTRO-OESTE;-1593.945
2024-02-20 00:00:00;NORDESTE;SUDESTE/CENTRO-OESTE;-1217.934
2024-02-20 01:00:00;NORDESTE;SUDESTE/CENTRO-OESTE;-950.235
2024-02-20 02:00:00;NORDESTE;SUDESTE/CENTRO-OESTE;-1106.904
2024-02-20 03:00:00;NORDESTE;SUDESTE/CENTRO-OESTE;-1554.73
2024-02-20 04:00:00;NORDESTE;SUDESTE/CENTRO-OESTE;-1598.44699999
2024-02-20 05:00:00;NORDESTE;SUDESTE/CENTRO-OESTE;-1280.883
2024-02-20 06:00:00;NORDESTE;SUDESTE/CENTRO-OESTE;-870.908
2024-02-20 07:00:00;NORDESTE;SUDESTE/CENTRO-OESTE;-877.589
2024-02-20 08:00:00;NORDESTE;SUDESTE/CENTRO-OESTE;-829.86
2024-02-20 09:00:00;NORDESTE;SUDESTE/CENTRO-OESTE;-238.032
2024-02-20 10:00:00;NORDESTE;SUDESTE/CENTRO-OESTE;494.398
2024-02-20 11:00:00;NORDESTE;SUDESTE/CENTRO-OESTE;945.114
2024-02-20 12:00:00;NORDESTE;SUDESTE/CENTRO-OESTE;1266.921
2024-02-20 13:00:00;NORDESTE;SUDESTE/CENTRO-OESTE;1137.555
2024-02-20 14:00:00;NORDESTE;SUDESTE/CENTRO-OESTE;602.203
2024-02-20 15:00:00;NORDESTE;SUDESTE/CENTRO-OESTE;-260.526
2024-02-20 16:00:00;NORDESTE;SUDESTE/CENTRO-OESTE;-638.576
2024-02-20 17:00:00;NORDESTE;SUDESTE/CENTRO-OESTE;-639.349
2024-02-20 18:00:00;NORDESTE;SUDESTE/CENTRO-OESTE;-727.179
2024-02-20 19:00:00;NORDESTE;SUDESTE/CENTRO-OESTE;-338.37
2024-02-20 20:00:00;NORDESTE;SUDESTE/CENTRO-OESTE;-296.367
2024-02-20 21:00:00;NORDESTE;SUDESTE/CENTRO-OESTE;-676.827
2024-02-20 22:00:00;NORDESTE;SUDESTE/CENTRO-OESTE;-858.842
2024-02-20 23:00:00;NORDESTE;SUDESTE/CENTRO-OESTE;-1508.58
2024-02-21 00:00:00;NORDESTE;SUDESTE/CENTRO-OESTE;-1679.354
2024-02-21 01:00:00;NORDESTE;SUDESTE/CENTRO-OESTE;-1609.90799999
2024-02-21 02:00:00;NORDESTE;SUDESTE/CENTRO-OESTE;-1813.598
2024-02-21 03:00:00;NORDESTE;SUDESTE/CENTRO-OESTE;-1851.132
2024-02-21 04:00:00;NORDESTE;SUDESTE/CENTRO-OESTE;-1687.653
2024-02-21 05:00:00;NORDESTE;SUDESTE/CENTRO-OESTE;-1218.955
2024-02-21 06:00:00;NORDESTE;SUDESTE/CENTRO-OESTE;-231.433
2024-02-21 07:00:00;NORDESTE;SUDESTE/CENTRO-OESTE;-109.392
2024-02-21 08:00:00;NORDESTE;SUDESTE/CENTRO-OESTE;-76.741
2024-02-21 09:00:00;NORDESTE;SUDESTE/CENTRO-OESTE;188.71
2024-02-21 10:00:00;NORDESTE;SUDESTE/CENTRO-OESTE;558.673
2024-02-21 11:00:00;NORDESTE;SUDESTE/CENTRO-OESTE;1273.353
2024-02-21 12:00:00;NORDESTE;SUDESTE/CENTRO-OESTE;1624.359
2024-02-21 13:00:00;NORDESTE;SUDESTE/CENTRO-OESTE;1284.688
2024-02-21 14:00:00;NORDESTE;SUDESTE/CENTRO-OESTE;1029.68699999
2024-02-21 15:00:00;NORDESTE;SUDESTE/CENTRO-OESTE;523.298
2024-02-21 16:00:00;NORDESTE;SUDESTE/CENTRO-OESTE;91.221
2024-02-21 17:00:00;NORDESTE;SUDESTE/CENTRO-OESTE;-595.345
2024-02-21 18:00:00;NORDESTE;SUDESTE/CENTRO-OESTE;-536.706
2024-02-21 19:00:00;NORDESTE;SUDESTE/CENTRO-OESTE;-254.703
2024-02-21 20:00:00;NORDESTE;SUDESTE/CENTRO-OESTE;-348.836
2024-02-21 21:00:00;NORDESTE;SUDESTE/CENTRO-OESTE;-697.269
2024-02-21 22:00:00;NORDESTE;SUDESTE/CENTRO-OESTE;-1447.721
2024-02-21 23:00:00;NORDESTE;SUDESTE/CENTRO-OESTE;-1866.957
2024-02-22 00:00:00;NORDESTE;SUDESTE/CENTRO-OESTE;-1709.688
2024-02-22 01:00:00;NORDESTE;SUDESTE/CENTRO-OESTE;-1836.254
2024-02-22 02:00:00;NORDESTE;SUDESTE/CENTRO-OESTE;-2207.51899999
2024-02-22 03:00:00;NORDESTE;SUDESTE/CENTRO-OESTE;-2440.542
2024-02-22 04:00:00;NORDESTE;SUDESTE/CENTRO-OESTE;-2253.972
2024-02-22 05:00:00;NORDESTE;SUDESTE/CENTRO-OESTE;-1740.32
2024-02-22 06:00:00;NORDESTE;SUDESTE/CENTRO-OESTE;-944.086
2024-02-22 07:00:00;NORDESTE;SUDESTE/CENTRO-OESTE;-25.035
2024-02-22 08:00:00;NORDESTE;SUDESTE/CENTRO-OESTE;225.149
2024-02-22 09:00:00;NORDESTE;SUDESTE/CENTRO-OESTE;445.282
2024-02-22 10:00:00;NORDESTE;SUDESTE/CENTRO-OESTE;914.365
2024-02-22 11:00:00;NORDESTE;SUDESTE/CENTRO-OESTE;1424.722
2024-02-22 12:00:00;NORDESTE;SUDESTE/CENTRO-OESTE;1675.164
2024-02-22 13:00:00;NORDESTE;SUDESTE/CENTRO-OESTE;1136.556
2024-02-22 14:00:00;NORDESTE;SUDESTE/CENTRO-OESTE;871.45
2024-02-22 15:00:00;NORDESTE;SUDESTE/CENTRO-OESTE;154.392
2024-02-22 16:00:00;NORDESTE;SUDESTE/CENTRO-OESTE;-325.103
2024-02-22 17:00:00;NORDESTE;SUDESTE/CENTRO-OESTE;-659.6
2024-02-22 18:00:00;NORDESTE;SUDESTE/CENTRO-OESTE;-493.456
2024-02-22 19:00:00;NORDESTE;SUDESTE/CENTRO-OESTE;62.295
2024-02-22 20:00:00;NORDESTE;SUDESTE/CENTRO-OESTE;-141.995
2024-02-22 21:00:00;NORDESTE;SUDESTE/CENTRO-OESTE;-203.16
2024-02-22 22:00:00;NORDESTE;SUDESTE/CENTRO-OESTE;-296.13799999
2024-02-22 23:00:00;NORDESTE;SUDESTE/CENTRO-OESTE;-840.956
2024-02-23 00:00:00;NORDESTE;SUDESTE/CENTRO-OESTE;-1023.837
2024-02-23 01:00:00;NORDESTE;SUDESTE/CENTRO-OESTE;-1396.848
2024-02-23 02:00:00;NORDESTE;SUDESTE/CENTRO-OESTE;-1050.608
2024-02-23 03:00:00;NORDESTE;SUDESTE/CENTRO-OESTE;-1156.64799999
2024-02-23 04:00:00;NORDESTE;SUDESTE/CENTRO-OESTE;-713.333
2024-02-23 05:00:00;NORDESTE;SUDESTE/CENTRO-OESTE;-528.955
2024-02-23 06:00:00;NORDESTE;SUDESTE/CENTRO-OESTE;383.483
2024-02-23 07:00:00;NORDESTE;SUDESTE/CENTRO-OESTE;1056.452
2024-02-23 08:00:00;NORDESTE;SUDESTE/CENTRO-OESTE;1227.641
2024-02-23 09:00:00;NORDESTE;SUDESTE/CENTRO-OESTE;1587.491
2024-02-23 10:00:00;NORDESTE;SUDESTE/CENTRO-OESTE;2369.44999999
2024-02-23 11:00:00;NORDESTE;SUDESTE/CENTRO-OESTE;2179.554
2024-02-23 12:00:00;NORDESTE;SUDESTE/CENTRO-OESTE;1940.473
2024-02-23 13:00:00;NORDESTE;SUDESTE/CENTRO-OESTE;1753.69
2024-02-23 14:00:00;NORDESTE;SUDESTE/CENTRO-OESTE;905.379
2024-02-23 15:00:00;NORDESTE;SUDESTE/CENTRO-OESTE;965.883
2024-02-23 16:00:00;NORDESTE;SUDESTE/CENTRO-OESTE;1468.118
2024-02-23 17:00:00;NORDESTE;SUDESTE/CENTRO-OESTE;493.33
2024-02-23 18:00:00;NORDESTE;SUDESTE/CENTRO-OESTE;1205.046
2024-02-23 19:00:00;NORDESTE;SUDESTE/CENTRO-OESTE;2120.496
2024-02-23 20:00:00;NORDESTE;SUDESTE/CENTRO-OESTE;2160.76699999
2024-02-23 21:00:00;NORDESTE;SUDESTE/CENTRO-OESTE;2334.707
2024-02-23 22:00:00;NORDESTE;SUDESTE/CENTRO-OESTE;2777.169
2024-02-23 23:00:00;NORDESTE;SUDESTE/CENTRO-OESTE;2248.04799999
2024-02-24 00:00:00;NORDESTE;SUDESTE/CENTRO-OESTE;2175.632
2024-02-24 01:00:00;NORDESTE;SUDESTE/CENTRO-OESTE;2445.725
2024-02-24 02:00:00;NORDESTE;SUDESTE/CENTRO-OESTE;3038.83599999
2024-02-24 03:00:00;NORDESTE;SUDESTE/CENTRO-OESTE;3103.783
2024-02-24 04:00:00;NORDESTE;SUDESTE/CENTRO-OESTE;3083.727
2024-02-24 05:00:00;NORDESTE;SUDESTE/CENTRO-OESTE;3370.631
2024-02-24 06:00:00;NORDESTE;SUDESTE/CENTRO-OESTE;4624.439
2024-02-24 07:00:00;NORDESTE;SUDESTE/CENTRO-OESTE;5644.942
2024-02-24 08:00:00;NORDESTE;SUDESTE/CENTRO-OESTE;5716.878
2024-02-24 09:00:00;NORDESTE;SUDESTE/CENTRO-OESTE;5453.262
2024-02-24 10:00:00;NORDESTE;SUDESTE/CENTRO-OESTE;5299.832
2024-02-24 11:00:00;NORDESTE;SUDESTE/CENTRO-OESTE;5146.626
2024-02-24 12:00:00;NORDESTE;SUDESTE/CENTRO-OESTE;5522.628
2024-02-24 13:00:00;NORDESTE;SUDESTE/CENTRO-OESTE;5442.323
2024-02-24 14:00:00;NORDESTE;SUDESTE/CENTRO-OESTE;4941.397
2024-02-24 15:00:00;NORDESTE;SUDESTE/CENTRO-OESTE;4472.979
2024-02-24 16:00:00;NORDESTE;SUDESTE/CENTRO-OESTE;3772.641
2024-02-24 17:00:00;NORDESTE;SUDESTE/CENTRO-OESTE;2645.407
2024-02-24 18:00:00;NORDESTE;SUDESTE/CENTRO-OESTE;2371.525
2024-02-24 19:00:00;NORDESTE;SUDESTE/CENTRO-OESTE;3190.069
2024-02-24 20:00:00;NORDESTE;SUDESTE/CENTRO-OESTE;3673.697
2024-02-24 21:00:00;NORDESTE;SUDESTE/CENTRO-OESTE;3940.452
2024-02-24 22:00:00;NORDESTE;SUDESTE/CENTRO-OESTE;3928.349
2024-02-24 23:00:00;NORDESTE;SUDESTE/CENTRO-OESTE;3696.695
2024-02-25 00:00:00;NORDESTE;SUDESTE/CENTRO-OESTE;4300.161
2024-02-25 01:00:00;NORDESTE;SUDESTE/CENTRO-OESTE;4510.27499999
2024-02-25 02:00:00;NORDESTE;SUDESTE/CENTRO-OESTE;4427.92199999
2024-02-25 03:00:00;NORDESTE;SUDESTE/CENTRO-OESTE;4340.854
2024-02-25 04:00:00;NORDESTE;SUDESTE/CENTRO-OESTE;4055.182
2024-02-25 05:00:00;NORDESTE;SUDESTE/CENTRO-OESTE;3762.082
2024-02-25 06:00:00;NORDESTE;SUDESTE/CENTRO-OESTE;5048.978
2024-02-25 07:00:00;NORDESTE;SUDESTE/CENTRO-OESTE;5496.296
2024-02-25 08:00:00;NORDESTE;SUDESTE/CENTRO-OESTE;5170.90899999
2024-02-25 09:00:00;NORDESTE;SUDESTE/CENTRO-OESTE;4927.375
2024-02-25 10:00:00;NORDESTE;SUDESTE/CENTRO-OESTE;4684.031
2024-02-25 11:00:00;NORDESTE;SUDESTE/CENTRO-OESTE;4381.853
2024-02-25 12:00:00;NORDESTE;SUDESTE/CENTRO-OESTE;4490.075
2024-02-25 13:00:00;NORDESTE;SUDESTE/CENTRO-OESTE;4467.523
2024-02-25 14:00:00;NORDESTE;SUDESTE/CENTRO-OESTE;4211.055
2024-02-25 15:00:00;NORDESTE;SUDESTE/CENTRO-OESTE;3917.215
2024-02-25 16:00:00;NORDESTE;SUDESTE/CENTRO-OESTE;3783.709
2024-02-25 17:00:00;NORDESTE;SUDESTE/CENTRO-OESTE;2421.48999999
2024-02-25 18:00:00;NORDESTE;SUDESTE/CENTRO-OESTE;1578.03
2024-02-25 19:00:00;NORDESTE;SUDESTE/CENTRO-OESTE;2531.478
2024-02-25 20:00:00;NORDESTE;SUDESTE/CENTRO-OESTE;3565.001
2024-02-25 21:00:00;NORDESTE;SUDESTE/CENTRO-OESTE;3420.662
2024-02-25 22:00:00;NORDESTE;SUDESTE/CENTRO-OESTE;3931.771
2024-02-25 23:00:00;NORDESTE;SUDESTE/CENTRO-OESTE;4196.66299999
2024-02-26 00:00:00;NORDESTE;SUDESTE/CENTRO-OESTE;4296.07399999
2024-02-26 01:00:00;NORDESTE;SUDESTE/CENTRO-OESTE;4452.79299999
2024-02-26 02:00:00;NORDESTE;SUDESTE/CENTRO-OESTE;4931.75
2024-02-26 03:00:00;NORDESTE;SUDESTE/CENTRO-OESTE;4949.27
2024-02-26 04:00:00;NORDESTE;SUDESTE/CENTRO-OESTE;4753.79299999
2024-02-26 05:00:00;NORDESTE;SUDESTE/CENTRO-OESTE;4548.85999999
2024-02-26 06:00:00;NORDESTE;SUDESTE/CENTRO-OESTE;4865.224
2024-02-26 07:00:00;NORDESTE;SUDESTE/CENTRO-OESTE;4556.084
2024-02-26 08:00:00;NORDESTE;SUDESTE/CENTRO-OESTE;3960.565
2024-02-26 09:00:00;NORDESTE;SUDESTE/CENTRO-OESTE;3706.73
2024-02-26 10:00:00;NORDESTE;SUDESTE/CENTRO-OESTE;3744.199
2024-02-26 11:00:00;NORDESTE;SUDESTE/CENTRO-OESTE;3401.498
2024-02-26 12:00:00;NORDESTE;SUDESTE/CENTRO-OESTE;3342.242
2024-02-26 13:00:00;NORDESTE;SUDESTE/CENTRO-OESTE;2689.656
2024-02-26 14:00:00;NORDESTE;SUDESTE/CENTRO-OESTE;2160.101
2024-02-26 15:00:00;NORDESTE;SUDESTE/CENTRO-OESTE;1729.883
2024-02-26 16:00:00;NORDESTE;SUDESTE/CENTRO-OESTE;1312.815
2024-02-26 17:00:00;NORDESTE;SUDESTE/CENTRO-OESTE;1004.854
2024-02-26 18:00:00;NORDESTE;SUDESTE/CENTRO-OESTE;1245.067
2024-02-26 19:00:00;NORDESTE;SUDESTE/CENTRO-OESTE;1892.455
2024-02-26 20:00:00;NORDESTE;SUDESTE/CENTRO-OESTE;2526.88
2024-02-26 21:00:00;NORDESTE;SUDESTE/CENTRO-OESTE;2728.85
2024-02-26 22:00:00;NORDESTE;SUDESTE/CENTRO-OESTE;2891.239
2024-02-26 23:00:00;NORDESTE;SUDESTE/CENTRO-OESTE;3171.44
2024-02-27 00:00:00;NORDESTE;SUDESTE/CENTRO-OESTE;3160.737
2024-02-27 01:00:00;NORDESTE;SUDESTE/CENTRO-OESTE;2992.543
2024-02-27 02:00:00;NORDESTE;SUDESTE/CENTRO-OESTE;3387.058
2024-02-27 03:00:00;NORDESTE;SUDESTE/CENTRO-OESTE;3322.51
2024-02-27 04:00:00;NORDESTE;SUDESTE/CENTRO-OESTE;3689.003
2024-02-27 05:00:00;NORDESTE;SUDESTE/CENTRO-OESTE;3929.743
2024-02-27 06:00:00;NORDESTE;SUDESTE/CENTRO-OESTE;4577.919
2024-02-27 07:00:00;NORDESTE;SUDESTE/CENTRO-OESTE;4564.937
2024-02-27 08:00:00;NORDESTE;SUDESTE/CENTRO-OESTE;3519.842
2024-02-27 09:00:00;NORDESTE;SUDESTE/CENTRO-OESTE;3524.512
2024-02-27 10:00:00;NORDESTE;SUDESTE/CENTRO-OESTE;3532.677
2024-02-27 11:00:00;NORDESTE;SUDESTE/CENTRO-OESTE;3487.497
2024-02-27 12:00:00;NORDESTE;SUDESTE/CENTRO-OESTE;2729.589
2024-02-27 13:00:00;NORDESTE;SUDESTE/CENTRO-OESTE;2620.419
2024-02-27 14:00:00;NORDESTE;SUDESTE/CENTRO-OESTE;2663.34499999
2024-02-27 15:00:00;NORDESTE;SUDESTE/CENTRO-OESTE;2723.91
2024-02-27 16:00:00;NORDESTE;SUDESTE/CENTRO-OESTE;2417.621
2024-02-27 17:00:00;NORDESTE;SUDESTE/CENTRO-OESTE;1868.174
2024-02-27 18:00:00;NORDESTE;SUDESTE/CENTRO-OESTE;2431.016
2024-02-27 19:00:00;NORDESTE;SUDESTE/CENTRO-OESTE;3473.221
2024-02-27 20:00:00;NORDESTE;SUDESTE/CENTRO-OESTE;3394.199
2024-02-27 21:00:00;NORDESTE;SUDESTE/CENTRO-OESTE;3177.407
2024-02-27 22:00:00;NORDESTE;SUDESTE/CENTRO-OESTE;2973.58599999
2024-02-27 23:00:00;NORDESTE;SUDESTE/CENTRO-OESTE;2609.18199999
2024-02-28 00:00:00;NORDESTE;SUDESTE/CENTRO-OESTE;2481.213
2024-02-28 01:00:00;NORDESTE;SUDESTE/CENTRO-OESTE;1903.605
2024-02-28 02:00:00;NORDESTE;SUDESTE/CENTRO-OESTE;1514.643
2024-02-28 03:00:00;NORDESTE;SUDESTE/CENTRO-OESTE;1391.413
2024-02-28 04:00:00;NORDESTE;SUDESTE/CENTRO-OESTE;1244.486
2024-02-28 05:00:00;NORDESTE;SUDESTE/CENTRO-OESTE;1463.428
2024-02-28 06:00:00;NORDESTE;SUDESTE/CENTRO-OESTE;2063.939
2024-02-28 07:00:00;NORDESTE;SUDESTE/CENTRO-OESTE;2559.168
2024-02-28 08:00:00;NORDESTE;SUDESTE/CENTRO-OESTE;2693.698
2024-02-28 09:00:00;NORDESTE;SUDESTE/CENTRO-OESTE;2636.262
2024-02-28 10:00:00;NORDESTE;SUDESTE/CENTRO-OESTE;2061.505
2024-02-28 11:00:00;NORDESTE;SUDESTE/CENTRO-OESTE;1369.457
2024-02-28 12:00:00;NORDESTE;SUDESTE/CENTRO-OESTE;1434.614
2024-02-28 13:00:00;NORDESTE;SUDESTE/CENTRO-OESTE;1504.81199999
2024-02-28 14:00:00;NORDESTE;SUDESTE/CENTRO-OESTE;1595.207
2024-02-28 15:00:00;NORDESTE;SUDESTE/CENTRO-OESTE;1520.412
2024-02-28 16:00:00;NORDESTE;SUDESTE/CENTRO-OESTE;1186.806
2024-02-28 17:00:00;NORDESTE;SUDESTE/CENTRO-OESTE;408.135
2024-02-28 18:00:00;NORDESTE;SUDESTE/CENTRO-OESTE;313.98899999
2024-02-28 19:00:00;NORDESTE;SUDESTE/CENTRO-OESTE;348.963
2024-02-28 20:00:00;NORDESTE;SUDESTE/CENTRO-OESTE;494.028
2024-02-28 21:00:00;NORDESTE;SUDESTE/CENTRO-OESTE;180.446
2024-02-28 22:00:00;NORDESTE;SUDESTE/CENTRO-OESTE;-306.77
2024-02-28 23:00:00;NORDESTE;SUDESTE/CENTRO-OESTE;-410.515
2024-02-29 00:00:00;NORDESTE;SUDESTE/CENTRO-OESTE;-451.772
2024-02-29 01:00:00;NORDESTE;SUDESTE/CENTRO-OESTE;-601.85799999
2024-02-29 02:00:00;NORDESTE;SUDESTE/CENTRO-OESTE;-713.436
2024-02-29 03:00:00;NORDESTE;SUDESTE/CENTRO-OESTE;-801.482
2024-02-29 04:00:00;NORDESTE;SUDESTE/CENTRO-OESTE;-858.566
2024-02-29 05:00:00;NORDESTE;SUDESTE/CENTRO-OESTE;-783.92999999
2024-02-29 06:00:00;NORDESTE;SUDESTE/CENTRO-OESTE;256.463
2024-02-29 07:00:00;NORDESTE;SUDESTE/CENTRO-OESTE;1214.077
2024-02-29 08:00:00;NORDESTE;SUDESTE/CENTRO-OESTE;1343.732
2024-02-29 09:00:00;NORDESTE;SUDESTE/CENTRO-OESTE;1124.57199999
2024-02-29 10:00:00;NORDESTE;SUDESTE/CENTRO-OESTE;995.622
2024-02-29 11:00:00;NORDESTE;SUDESTE/CENTRO-OESTE;1168.286
2024-02-29 12:00:00;NORDESTE;SUDESTE/CENTRO-OESTE;1637.738
2024-02-29 13:00:00;NORDESTE;SUDESTE/CENTRO-OESTE;1774.06
2024-02-29 14:00:00;NORDESTE;SUDESTE/CENTRO-OESTE;1771.694
2024-02-29 15:00:00;NORDESTE;SUDESTE/CENTRO-OESTE;1760.116
2024-02-29 16:00:00;NORDESTE;SUDESTE/CENTRO-OESTE;860.604
2024-02-29 17:00:00;NORDESTE;SUDESTE/CENTRO-OESTE;305.866
2024-02-29 18:00:00;NORDESTE;SUDESTE/CENTRO-OESTE;-45.207
2024-02-29 19:00:00;NORDESTE;SUDESTE/CENTRO-OESTE;-35.968
2024-02-29 20:00:00;NORDESTE;SUDESTE/CENTRO-OESTE;-283.853
2024-02-29 21:00:00;NORDESTE;SUDESTE/CENTRO-OESTE;-75.108
2024-02-29 22:00:00;NORDESTE;SUDESTE/CENTRO-OESTE;-712.121
2024-02-29 23:00:00;NORDESTE;SUDESTE/CENTRO-OESTE;-1482.964
2024-03-01 00:00:00;NORDESTE;SUDESTE/CENTRO-OESTE;-1562.182
2024-03-01 01:00:00;NORDESTE;SUDESTE/CENTRO-OESTE;-1848.966
2024-03-01 02:00:00;NORDESTE;SUDESTE/CENTRO-OESTE;-1916.796
2024-03-01 03:00:00;NORDESTE;SUDESTE/CENTRO-OESTE;-1780.251
2024-03-01 04:00:00;NORDESTE;SUDESTE/CENTRO-OESTE;-1642.742
2024-03-01 05:00:00;NORDESTE;SUDESTE/CENTRO-OESTE;-1467.531
2024-03-01 06:00:00;NORDESTE;SUDESTE/CENTRO-OESTE;-770.641
2024-03-01 07:00:00;NORDESTE;SUDESTE/CENTRO-OESTE;474.326
2024-03-01 08:00:00;NORDESTE;SUDESTE/CENTRO-OESTE;926.844
2024-03-01 09:00:00;NORDESTE;SUDESTE/CENTRO-OESTE;1095.44599999
2024-03-01 10:00:00;NORDESTE;SUDESTE/CENTRO-OESTE;1516.81199999
2024-03-01 11:00:00;NORDESTE;SUDESTE/CENTRO-OESTE;1590.391
2024-03-01 12:00:00;NORDESTE;SUDESTE/CENTRO-OESTE;1658.378
2024-03-01 13:00:00;NORDESTE;SUDESTE/CENTRO-OESTE;1622.212
2024-03-01 14:00:00;NORDESTE;SUDESTE/CENTRO-OESTE;1379.28
2024-03-01 15:00:00;NORDESTE;SUDESTE/CENTRO-OESTE;1516.795
2024-03-01 16:00:00;NORDESTE;SUDESTE/CENTRO-OESTE;-313.968
2024-03-01 17:00:00;NORDESTE;SUDESTE/CENTRO-OESTE;-1184.733
2024-03-01 18:00:00;NORDESTE;SUDESTE/CENTRO-OESTE;-1527.371
2024-03-01 19:00:00;NORDESTE;SUDESTE/CENTRO-OESTE;-1330.748
2024-03-01 20:00:00;NORDESTE;SUDESTE/CENTRO-OESTE;-1411.836
2024-03-01 21:00:00;NORDESTE;SUDESTE/CENTRO-OESTE;-1953.513
2024-03-01 22:00:00;NORDESTE;SUDESTE/CENTRO-OESTE;-2109.597
2024-03-01 23:00:00;NORDESTE;SUDESTE/CENTRO-OESTE;-1967.23
2024-03-02 00:00:00;NORDESTE;SUDESTE/CENTRO-OESTE;-2094.831
2024-03-02 01:00:00;NORDESTE;SUDESTE/CENTRO-OESTE;-1684.617
2024-03-02 02:00:00;NORDESTE;SUDESTE/CENTRO-OESTE;-1803.179
2024-03-02 03:00:00;NORDESTE;SUDESTE/CENTRO-OESTE;-1853.258
2024-03-02 04:00:00;NORDESTE;SUDESTE/CENTRO-OESTE;-1951.911
2024-03-02 05:00:00;NORDESTE;SUDESTE/CENTRO-OESTE;-1978.325
2024-03-02 06:00:00;NORDESTE;SUDESTE/CENTRO-OESTE;-1113.722
2024-03-02 07:00:00;NORDESTE;SUDESTE/CENTRO-OESTE;578.298
2024-03-02 08:00:00;NORDESTE;SUDESTE/CENTRO-OESTE;1287.143
2024-03-02 09:00:00;NORDESTE;SUDESTE/CENTRO-OESTE;1471.74499999
2024-03-02 10:00:00;NORDESTE;SUDESTE/CENTRO-OESTE;1844.035
2024-03-02 11:00:00;NORDESTE;SUDESTE/CENTRO-OESTE;1518.183
2024-03-02 12:00:00;NORDESTE;SUDESTE/CENTRO-OESTE;1815.339
2024-03-02 13:00:00;NORDESTE;SUDESTE/CENTRO-OESTE;2308.873
2024-03-02 14:00:00;NORDESTE;SUDESTE/CENTRO-OESTE;1604.76399999
2024-03-02 15:00:00;NORDESTE;SUDESTE/CENTRO-OESTE;1602.502
2024-03-02 16:00:00;NORDESTE;SUDESTE/CENTRO-OESTE;1316.614
2024-03-02 17:00:00;NORDESTE;SUDESTE/CENTRO-OESTE;-114.527
2024-03-02 18:00:00;NORDESTE;SUDESTE/CENTRO-OESTE;-567.472
2024-03-02 19:00:00;NORDESTE;SUDESTE/CENTRO-OESTE;-304.42899999
2024-03-02 20:00:00;NORDESTE;SUDESTE/CENTRO-OESTE;-277.51299999
2024-03-02 21:00:00;NORDESTE;SUDESTE/CENTRO-OESTE;-730.696
2024-03-02 22:00:00;NORDESTE;SUDESTE/CENTRO-OESTE;-1031.422
2024-03-02 23:00:00;NORDESTE;SUDESTE/CENTRO-OESTE;-1231.467
2024-03-03 00:00:00;NORDESTE;SUDESTE/CENTRO-OESTE;-1783.862
2024-03-03 01:00:00;NORDESTE;SUDESTE/CENTRO-OESTE;-1852.143
2024-03-03 02:00:00;NORDESTE;SUDESTE/CENTRO-OESTE;-1046.25
2024-03-03 03:00:00;NORDESTE;SUDESTE/CENTRO-OESTE;-940.144
2024-03-03 04:00:00;NORDESTE;SUDESTE/CENTRO-OESTE;-1090.14899999
2024-03-03 05:00:00;NORDESTE;SUDESTE/CENTRO-OESTE;-805.982
2024-03-03 06:00:00;NORDESTE;SUDESTE/CENTRO-OESTE;365.254
2024-03-03 07:00:00;NORDESTE;SUDESTE/CENTRO-OESTE;1840.79299999
2024-03-03 08:00:00;NORDESTE;SUDESTE/CENTRO-OESTE;2383.726
2024-03-03 09:00:00;NORDESTE;SUDESTE/CENTRO-OESTE;3229.189
2024-03-03 10:00:00;NORDESTE;SUDESTE/CENTRO-OESTE;3330.017
2024-03-03 11:00:00;NORDESTE;SUDESTE/CENTRO-OESTE;3319.277
2024-03-03 12:00:00;NORDESTE;SUDESTE/CENTRO-OESTE;2948.875
2024-03-03 13:00:00;NORDESTE;SUDESTE/CENTRO-OESTE;2732.286
2024-03-03 14:00:00;NORDESTE;SUDESTE/CENTRO-OESTE;2807.664
2024-03-03 15:00:00;NORDESTE;SUDESTE/CENTRO-OESTE;1939.296
2024-03-03 16:00:00;NORDESTE;SUDESTE/CENTRO-OESTE;1209.769
2024-03-03 17:00:00;NORDESTE;SUDESTE/CENTRO-OESTE;922.756
2024-03-03 18:00:00;NORDESTE;SUDESTE/CENTRO-OESTE;427.531
2024-03-03 19:00:00;NORDESTE;SUDESTE/CENTRO-OESTE;581.437
2024-03-03 20:00:00;NORDESTE;SUDESTE/CENTRO-OESTE;746.335
2024-03-03 21:00:00;NORDESTE;SUDESTE/CENTRO-OESTE;458.983
2024-03-03 22:00:00;NORDESTE;SUDESTE/CENTRO-OESTE;204.437
2024-03-03 23:00:00;NORDESTE;SUDESTE/CENTRO-OESTE;-219.559
2024-03-04 00:00:00;NORDESTE;SUDESTE/CENTRO-OESTE;-191.192
2024-03-04 01:00:00;NORDESTE;SUDESTE/CENTRO-OESTE;-138.6
2024-03-04 02:00:00;NORDESTE;SUDESTE/CENTRO-OESTE;217.26
2024-03-04 03:00:00;NORDESTE;SUDESTE/CENTRO-OESTE;679.90599999
2024-03-04 04:00:00;NORDESTE;SUDESTE/CENTRO-OESTE;641.062
2024-03-04 05:00:00;NORDESTE;SUDESTE/CENTRO-OESTE;783.943
2024-03-04 06:00:00;NORDESTE;SUDESTE/CENTRO-OESTE;1109.80199999
2024-03-04 07:00:00;NORDESTE;SUDESTE/CENTRO-OESTE;593.51199999
2024-03-04 08:00:00;NORDESTE;SUDESTE/CENTRO-OESTE;67.32599999
2024-03-04 09:00:00;NORDESTE;SUDESTE/CENTRO-OESTE;50.101
2024-03-04 10:00:00;NORDESTE;SUDESTE/CENTRO-OESTE;572.779
2024-03-04 11:00:00;NORDESTE;SUDESTE/CENTRO-OESTE;721.53599999
2024-03-04 12:00:00;NORDESTE;SUDESTE/CENTRO-OESTE;1226.98399999
2024-03-04 13:00:00;NORDESTE;SUDESTE/CENTRO-OESTE;986.363
2024-03-04 14:00:00;NORDESTE;SUDESTE/CENTRO-OESTE;643.226
2024-03-04 15:00:00;NORDESTE;SUDESTE/CENTRO-OESTE;331.157
2024-03-04 16:00:00;NORDESTE;SUDESTE/CENTRO-OESTE;538.24
2024-03-04 17:00:00;NORDESTE;SUDESTE/CENTRO-OESTE;761.501
2024-03-04 18:00:00;NORDESTE;SUDESTE/CENTRO-OESTE;523.35299999
2024-03-04 19:00:00;NORDESTE;SUDESTE/CENTRO-OESTE;344.674
2024-03-04 20:00:00;NORDESTE;SUDESTE/CENTRO-OESTE;395.993
2024-03-04 21:00:00;NORDESTE;SUDESTE/CENTRO-OESTE;258.43599999
2024-03-04 22:00:00;NORDESTE;SUDESTE/CENTRO-OESTE;-62.388
2024-03-04 23:00:00;NORDESTE;SUDESTE/CENTRO-OESTE;-313.726
2024-03-05 00:00:00;NORDESTE;SUDESTE/CENTRO-OESTE;-535.04499999
2024-03-05 01:00:00;NORDESTE;SUDESTE/CENTRO-OESTE;-695.652
2024-03-05 02:00:00;NORDESTE;SUDESTE/CENTRO-OESTE;-703.114
2024-03-05 03:00:00;NORDESTE;SUDESTE/CENTRO-OESTE;-996.794
2024-03-05 04:00:00;NORDESTE;SUDESTE/CENTRO-OESTE;-864.993
2024-03-05 05:00:00;NORDESTE;SUDESTE/CENTRO-OESTE;-688.587
2024-03-05 06:00:00;NORDESTE;SUDESTE/CENTRO-OESTE;840.527
2024-03-05 07:00:00;NORDESTE;SUDESTE/CENTRO-OESTE;1919.229
2024-03-05 08:00:00;NORDESTE;SUDESTE/CENTRO-OESTE;2175.567
2024-03-05 09:00:00;NORDESTE;SUDESTE/CENTRO-OESTE;2446.385
2024-03-05 10:00:00;NORDESTE;SUDESTE/CENTRO-OESTE;2452.28
2024-03-05 11:00:00;NORDESTE;SUDESTE/CENTRO-OESTE;2146.926
2024-03-05 12:00:00;NORDESTE;SUDESTE/CENTRO-OESTE;2365.596
2024-03-05 13:00:00;NORDESTE;SUDESTE/CENTRO-OESTE;2180.918
2024-03-05 14:00:00;NORDESTE;SUDESTE/CENTRO-OESTE;1929.481
2024-03-05 15:00:00;NORDESTE;SUDESTE/CENTRO-OESTE;1731.506
2024-03-05 16:00:00;NORDESTE;SUDESTE/CENTRO-OESTE;1410.273
2024-03-05 17:00:00;NORDESTE;SUDESTE/CENTRO-OESTE;1287.83
2024-03-05 18:00:00;NORDESTE;SUDESTE/CENTRO-OESTE;1495.537
2024-03-05 19:00:00;NORDESTE;SUDESTE/CENTRO-OESTE;2482.14
2024-03-05 20:00:00;NORDESTE;SUDESTE/CENTRO-OESTE;3332.446
2024-03-05 21:00:00;NORDESTE;SUDESTE/CENTRO-OESTE;3847.03
2024-03-05 22:00:00;NORDESTE;SUDESTE/CENTRO-OESTE;4327.914
2024-03-05 23:00:00;NORDESTE;SUDESTE/CENTRO-OESTE;4560.665
2024-03-06 00:00:00;NORDESTE;SUDESTE/CENTRO-OESTE;4042.149
2024-03-06 01:00:00;NORDESTE;SUDESTE/CENTRO-OESTE;3835.827
2024-03-06 02:00:00;NORDESTE;SUDESTE/CENTRO-OESTE;3625.814
2024-03-06 03:00:00;NORDESTE;SUDESTE/CENTRO-OESTE;3235.155
2024-03-06 04:00:00;NORDESTE;SUDESTE/CENTRO-OESTE;2992.864
2024-03-06 05:00:00;NORDESTE;SUDESTE/CENTRO-OESTE;3338.116
2024-03-06 06:00:00;NORDESTE;SUDESTE/CENTRO-OESTE;4423.51599999
2024-03-06 07:00:00;NORDESTE;SUDESTE/CENTRO-OESTE;4635.227
2024-03-06 08:00:00;NORDESTE;SUDESTE/CENTRO-OESTE;3789.138
2024-03-06 09:00:00;NORDESTE;SUDESTE/CENTRO-OESTE;3575.255
2024-03-06 10:00:00;NORDESTE;SUDESTE/CENTRO-OESTE;3215.212
2024-03-06 11:00:00;NORDESTE;SUDESTE/CENTRO-OESTE;2659.931
2024-03-06 12:00:00;NORDESTE;SUDESTE/CENTRO-OESTE;2300.447
2024-03-06 13:00:00;NORDESTE;SUDESTE/CENTRO-OESTE;2196.963
2024-03-06 14:00:00;NORDESTE;SUDESTE/CENTRO-OESTE;1789.32199999
2024-03-06 15:00:00;NORDESTE;SUDESTE/CENTRO-OESTE;1841.327
2024-03-06 16:00:00;NORDESTE;SUDESTE/CENTRO-OESTE;2690.684
2024-03-06 17:00:00;NORDESTE;SUDESTE/CENTRO-OESTE;2939.674
2024-03-06 18:00:00;NORDESTE;SUDESTE/CENTRO-OESTE;3060.031
2024-03-06 19:00:00;NORDESTE;SUDESTE/CENTRO-OESTE;3880.654
2024-03-06 20:00:00;NORDESTE;SUDESTE/CENTRO-OESTE;4007.565
2024-03-06 21:00:00;NORDESTE;SUDESTE/CENTRO-OESTE;3584.168
2024-03-06 22:00:00;NORDESTE;SUDESTE/CENTRO-OESTE;2854.224
2024-03-06 23:00:00;NORDESTE;SUDESTE/CENTRO-OESTE;2544.16
2024-03-07 00:00:00;NORDESTE;SUDESTE/CENTRO-OESTE;2601.744
2024-03-07 01:00:00;NORDESTE;SUDESTE/CENTRO-OESTE;2413.92999999
2024-03-07 02:00:00;NORDESTE;SUDESTE/CENTRO-OESTE;2003.015
2024-03-07 03:00:00;NORDESTE;SUDESTE/CENTRO-OESTE;2462.42299999
2024-03-07 04:00:00;NORDESTE;SUDESTE/CENTRO-OESTE;2665.802
2024-03-07 05:00:00;NORDESTE;SUDESTE/CENTRO-OESTE;3089.87399999
2024-03-07 06:00:00;NORDESTE;SUDESTE/CENTRO-OESTE;4046.605
2024-03-07 07:00:00;NORDESTE;SUDESTE/CENTRO-OESTE;4366.845
2024-03-07 08:00:00;NORDESTE;SUDESTE/CENTRO-OESTE;3957.498
2024-03-07 09:00:00;NORDESTE;SUDESTE/CENTRO-OESTE;3887.978
2024-03-07 10:00:00;NORDESTE;SUDESTE/CENTRO-OESTE;3390.67
2024-03-07 11:00:00;NORDESTE;SUDESTE/CENTRO-OESTE;3117.854
2024-03-07 12:00:00;NORDESTE;SUDESTE/CENTRO-OESTE;3235.645
2024-03-07 13:00:00;NORDESTE;SUDESTE/CENTRO-OESTE;3213.701
2024-03-07 14:00:00;NORDESTE;SUDESTE/CENTRO-OESTE;3255.679
2024-03-07 15:00:00;NORDESTE;SUDESTE/CENTRO-OESTE;3418.658
2024-03-07 16:00:00;NORDESTE;SUDESTE/CENTRO-OESTE;2879.801
2024-03-07 17:00:00;NORDESTE;SUDESTE/CENTRO-OESTE;2740.78699999
2024-03-07 18:00:00;NORDESTE;SUDESTE/CENTRO-OESTE;3408.327
2024-03-07 19:00:00;NORDESTE;SUDESTE/CENTRO-OESTE;4322.902
2024-03-07 20:00:00;NORDESTE;SUDESTE/CENTRO-OESTE;4598.943
2024-03-07 21:00:00;NORDESTE;SUDESTE/CENTRO-OESTE;4355.138
2024-03-07 22:00:00;NORDESTE;SUDESTE/CENTRO-OESTE;4346.04699999
2024-03-07 23:00:00;NORDESTE;SUDESTE/CENTRO-OESTE;4738.402
2024-03-08 00:00:00;NORDESTE;SUDESTE/CENTRO-OESTE;4623.29
2024-03-08 01:00:00;NORDESTE;SUDESTE/CENTRO-OESTE;4619.725
2024-03-08 02:00:00;NORDESTE;SUDESTE/CENTRO-OESTE;4341.143
2024-03-08 03:00:00;NORDESTE;SUDESTE/CENTRO-OESTE;4518.664
2024-03-08 04:00:00;NORDESTE;SUDESTE/CENTRO-OESTE;4419.539
2024-03-08 05:00:00;NORDESTE;SUDESTE/CENTRO-OESTE;4248.943
2024-03-08 06:00:00;NORDESTE;SUDESTE/CENTRO-OESTE;4638.3
2024-03-08 07:00:00;NORDESTE;SUDESTE/CENTRO-OESTE;4437.587
2024-03-08 08:00:00;NORDESTE;SUDESTE/CENTRO-OESTE;3787.628
2024-03-08 09:00:00;NORDESTE;SUDESTE/CENTRO-OESTE;4078.254
2024-03-08 10:00:00;NORDESTE;SUDESTE/CENTRO-OESTE;4021.144
2024-03-08 11:00:00;NORDESTE;SUDESTE/CENTRO-OESTE;4351.701
2024-03-08 12:00:00;NORDESTE;SUDESTE/CENTRO-OESTE;4456.011
2024-03-08 13:00:00;NORDESTE;SUDESTE/CENTRO-OESTE;3719.183
2024-03-08 14:00:00;NORDESTE;SUDESTE/CENTRO-OESTE;3341.922
2024-03-08 15:00:00;NORDESTE;SUDESTE/CENTRO-OESTE;2746.574
2024-03-08 16:00:00;NORDESTE;SUDESTE/CENTRO-OESTE;2257.327
2024-03-08 17:00:00;NORDESTE;SUDESTE/CENTRO-OESTE;1741.435
2024-03-08 18:00:00;NORDESTE;SUDESTE/CENTRO-OESTE;1614.48
2024-03-08 19:00:00;NORDESTE;SUDESTE/CENTRO-OESTE;2093.46
2024-03-08 20:00:00;NORDESTE;SUDESTE/CENTRO-OESTE;2271.838
2024-03-08 21:00:00;NORDESTE;SUDESTE/CENTRO-OESTE;2132.636
2024-03-08 22:00:00;NORDESTE;SUDESTE/CENTRO-OESTE;2280.967
2024-03-08 23:00:00;NORDESTE;SUDESTE/CENTRO-OESTE;2192.29599999
2024-03-09 00:00:00;NORDESTE;SUDESTE/CENTRO-OESTE;2207.797
2024-03-09 01:00:00;NORDESTE;SUDESTE/CENTRO-OESTE;2146.686
2024-03-09 02:00:00;NORDESTE;SUDESTE/CENTRO-OESTE;2176.42999999
2024-03-09 03:00:00;NORDESTE;SUDESTE/CENTRO-OESTE;2644.6
2024-03-09 04:00:00;NORDESTE;SUDESTE/CENTRO-OESTE;3387.815
2024-03-09 05:00:00;NORDESTE;SUDESTE/CENTRO-OESTE;3925.735
2024-03-09 06:00:00;NORDESTE;SUDESTE/CENTRO-OESTE;4459.005
2024-03-09 07:00:00;NORDESTE;SUDESTE/CENTRO-OESTE;4702.104
2024-03-09 08:00:00;NORDESTE;SUDESTE/CENTRO-OESTE;4223.633
2024-03-09 09:00:00;NORDESTE;SUDESTE/CENTRO-OESTE;3518.708
2024-03-09 10:00:00;NORDESTE;SUDESTE/CENTRO-OESTE;3098.497
2024-03-09 11:00:00;NORDESTE;SUDESTE/CENTRO-OESTE;2653.55699999
2024-03-09 12:00:00;NORDESTE;SUDESTE/CENTRO-OESTE;2452.04799999
2024-03-09 13:00:00;NORDESTE;SUDESTE/CENTRO-OESTE;1955.815
2024-03-09 14:00:00;NORDESTE;SUDESTE/CENTRO-OESTE;1322.075
2024-03-09 15:00:00;NORDESTE;SUDESTE/CENTRO-OESTE;1042.655
2024-03-09 16:00:00;NORDESTE;SUDESTE/CENTRO-OESTE;761.261
2024-03-09 17:00:00;NORDESTE;SUDESTE/CENTRO-OESTE;185.575
2024-03-09 18:00:00;NORDESTE;SUDESTE/CENTRO-OESTE;1031.088
2024-03-09 19:00:00;NORDESTE;SUDESTE/CENTRO-OESTE;1550.977
2024-03-09 20:00:00;NORDESTE;SUDESTE/CENTRO-OESTE;1743.93699999
2024-03-09 21:00:00;NORDESTE;SUDESTE/CENTRO-OESTE;1655.176
2024-03-09 22:00:00;NORDESTE;SUDESTE/CENTRO-OESTE;1627.046
2024-03-09 23:00:00;NORDESTE;SUDESTE/CENTRO-OESTE;1886.926
2024-03-10 00:00:00;NORDESTE;SUDESTE/CENTRO-OESTE;1950.282
2024-03-10 01:00:00;NORDESTE;SUDESTE/CENTRO-OESTE;1895.42
2024-03-10 02:00:00;NORDESTE;SUDESTE/CENTRO-OESTE;1754.23499999
2024-03-10 03:00:00;NORDESTE;SUDESTE/CENTRO-OESTE;2200.335
2024-03-10 04:00:00;NORDESTE;SUDESTE/CENTRO-OESTE;2280.687
2024-03-10 05:00:00;NORDESTE;SUDESTE/CENTRO-OESTE;2497.864
2024-03-10 06:00:00;NORDESTE;SUDESTE/CENTRO-OESTE;2982.875
2024-03-10 07:00:00;NORDESTE;SUDESTE/CENTRO-OESTE;3700.251
2024-03-10 08:00:00;NORDESTE;SUDESTE/CENTRO-OESTE;4135.26599999
2024-03-10 09:00:00;NORDESTE;SUDESTE/CENTRO-OESTE;3692.581
2024-03-10 10:00:00;NORDESTE;SUDESTE/CENTRO-OESTE;3013.277
2024-03-10 11:00:00;NORDESTE;SUDESTE/CENTRO-OESTE;2907.305
2024-03-10 12:00:00;NORDESTE;SUDESTE/CENTRO-OESTE;2674.371
2024-03-10 13:00:00;NORDESTE;SUDESTE/CENTRO-OESTE;2464.81599999
2024-03-10 14:00:00;NORDESTE;SUDESTE/CENTRO-OESTE;1884.567
2024-03-10 15:00:00;NORDESTE;SUDESTE/CENTRO-OESTE;2010.161
2024-03-10 16:00:00;NORDESTE;SUDESTE/CENTRO-OESTE;2161.525
2024-03-10 17:00:00;NORDESTE;SUDESTE/CENTRO-OESTE;1432.914
2024-03-10 18:00:00;NORDESTE;SUDESTE/CENTRO-OESTE;865.969
2024-03-10 19:00:00;NORDESTE;SUDESTE/CENTRO-OESTE;1331.435
2024-03-10 20:00:00;NORDESTE;SUDESTE/CENTRO-OESTE;1821.351
2024-03-10 21:00:00;NORDESTE;SUDESTE/CENTRO-OESTE;2150.19099999
2024-03-10 22:00:00;NORDESTE;SUDESTE/CENTRO-OESTE;1818.59
2024-03-10 23:00:00;NORDESTE;SUDESTE/CENTRO-OESTE;1684.85
2024-03-11 00:00:00;NORDESTE;SUDESTE/CENTRO-OESTE;1481.185
2024-03-11 01:00:00;NORDESTE;SUDESTE/CENTRO-OESTE;1104.0
2024-03-11 02:00:00;NORDESTE;SUDESTE/CENTRO-OESTE;1120.29299999
2024-03-11 03:00:00;NORDESTE;SUDESTE/CENTRO-OESTE;807.724
2024-03-11 04:00:00;NORDESTE;SUDESTE/CENTRO-OESTE;707.13199999
2024-03-11 05:00:00;NORDESTE;SUDESTE/CENTRO-OESTE;748.361
2024-03-11 06:00:00;NORDESTE;SUDESTE/CENTRO-OESTE;1376.976
2024-03-11 07:00:00;NORDESTE;SUDESTE/CENTRO-OESTE;1644.29
2024-03-11 08:00:00;NORDESTE;SUDESTE/CENTRO-OESTE;2038.773
2024-03-11 09:00:00;NORDESTE;SUDESTE/CENTRO-OESTE;1587.083
2024-03-11 10:00:00;NORDESTE;SUDESTE/CENTRO-OESTE;1209.94699999
2024-03-11 11:00:00;NORDESTE;SUDESTE/CENTRO-OESTE;1142.38
2024-03-11 12:00:00;NORDESTE;SUDESTE/CENTRO-OESTE;997.39
2024-03-11 13:00:00;NORDESTE;SUDESTE/CENTRO-OESTE;994.163
2024-03-11 14:00:00;NORDESTE;SUDESTE/CENTRO-OESTE;588.789
2024-03-11 15:00:00;NORDESTE;SUDESTE/CENTRO-OESTE;670.32899999
2024-03-11 16:00:00;NORDESTE;SUDESTE/CENTRO-OESTE;25.138
2024-03-11 17:00:00;NORDESTE;SUDESTE/CENTRO-OESTE;-39.941
2024-03-11 18:00:00;NORDESTE;SUDESTE/CENTRO-OESTE;161.45599999
2024-03-11 19:00:00;NORDESTE;SUDESTE/CENTRO-OESTE;813.369
2024-03-11 20:00:00;NORDESTE;SUDESTE/CENTRO-OESTE;882.823
2024-03-11 21:00:00;NORDESTE;SUDESTE/CENTRO-OESTE;624.676
2024-03-11 22:00:00;NORDESTE;SUDESTE/CENTRO-OESTE;355.13099999
2024-03-11 23:00:00;NORDESTE;SUDESTE/CENTRO-OESTE;443.581
2024-03-12 00:00:00;NORDESTE;SUDESTE/CENTRO-OESTE;120.875
2024-03-12 01:00:00;NORDESTE;SUDESTE/CENTRO-OESTE;-126.45
2024-03-12 02:00:00;NORDESTE;SUDESTE/CENTRO-OESTE;150.241
2024-03-12 03:00:00;NORDESTE;SUDESTE/CENTRO-OESTE;149.339
2024-03-12 04:00:00;NORDESTE;SUDESTE/CENTRO-OESTE;-101.249
2024-03-12 05:00:00;NORDESTE;SUDESTE/CENTRO-OESTE;371.307
2024-03-12 06:00:00;NORDESTE;SUDESTE/CENTRO-OESTE;1227.01
2024-03-12 07:00:00;NORDESTE;SUDESTE/CENTRO-OESTE;1600.63
2024-03-12 08:00:00;NORDESTE;SUDESTE/CENTRO-OESTE;1214.146
2024-03-12 09:00:00;NORDESTE;SUDESTE/CENTRO-OESTE;964.128
2024-03-12 10:00:00;NORDESTE;SUDESTE/CENTRO-OESTE;670.11
2024-03-12 11:00:00;NORDESTE;SUDESTE/CENTRO-OESTE;331.902
2024-03-12 12:00:00;NORDESTE;SUDESTE/CENTRO-OESTE;652.155
2024-03-12 13:00:00;NORDESTE;SUDESTE/CENTRO-OESTE;845.924
2024-03-12 14:00:00;NORDESTE;SUDESTE/CENTRO-OESTE;476.006
2024-03-12 15:00:00;NORDESTE;SUDESTE/CENTRO-OESTE;223.381
2024-03-12 16:00:00;NORDESTE;SUDESTE/CENTRO-OESTE;339.067
2024-03-12 17:00:00;NORDESTE;SUDESTE/CENTRO-OESTE;207.084
2024-03-12 18:00:00;NORDESTE;SUDESTE/CENTRO-OESTE;151.417
2024-03-12 19:00:00;NORDESTE;SUDESTE/CENTRO-OESTE;967.756
2024-03-12 20:00:00;NORDESTE;SUDESTE/CENTRO-OESTE;1574.177
2024-03-12 21:00:00;NORDESTE;SUDESTE/CENTRO-OESTE;1472.77399999
2024-03-12 22:00:00;NORDESTE;SUDESTE/CENTRO-OESTE;1263.779
2024-03-12 23:00:00;NORDESTE;SUDESTE/CENTRO-OESTE;1047.048
2024-03-13 00:00:00;NORDESTE;SUDESTE/CENTRO-OESTE;974.732
2024-03-13 01:00:00;NORDESTE;SUDESTE/CENTRO-OESTE;630.876
2024-03-13 02:00:00;NORDESTE;SUDESTE/CENTRO-OESTE;647.044
2024-03-13 03:00:00;NORDESTE;SUDESTE/CENTRO-OESTE;455.567
2024-03-13 04:00:00;NORDESTE;SUDESTE/CENTRO-OESTE;634.91099999
2024-03-13 05:00:00;NORDESTE;SUDESTE/CENTRO-OESTE;765.897
2024-03-13 06:00:00;NORDESTE;SUDESTE/CENTRO-OESTE;1968.436
2024-03-13 07:00:00;NORDESTE;SUDESTE/CENTRO-OESTE;2606.02599999
2024-03-13 08:00:00;NORDESTE;SUDESTE/CENTRO-OESTE;2604.717
2024-03-13 09:00:00;NORDESTE;SUDESTE/CENTRO-OESTE;2267.114
2024-03-13 10:00:00;NORDESTE;SUDESTE/CENTRO-OESTE;2295.607
2024-03-13 11:00:00;NORDESTE;SUDESTE/CENTRO-OESTE;1965.626
2024-03-13 12:00:00;NORDESTE;SUDESTE/CENTRO-OESTE;1699.607
2024-03-13 13:00:00;NORDESTE;SUDESTE/CENTRO-OESTE;1140.49
2024-03-13 14:00:00;NORDESTE;SUDESTE/CENTRO-OESTE;1190.346
2024-03-13 15:00:00;NORDESTE;SUDESTE/CENTRO-OESTE;1712.124
2024-03-13 16:00:00;NORDESTE;SUDESTE/CENTRO-OESTE;1674.267
2024-03-13 17:00:00;NORDESTE;SUDESTE/CENTRO-OESTE;1740.568
2024-03-13 18:00:00;NORDESTE;SUDESTE/CENTRO-OESTE;1869.818
2024-03-13 19:00:00;NORDESTE;SUDESTE/CENTRO-OESTE;2475.5
2024-03-13 20:00:00;NORDESTE;SUDESTE/CENTRO-OESTE;3055.396
2024-03-13 21:00:00;NORDESTE;SUDESTE/CENTRO-OESTE;3054.31
2024-03-13 22:00:00;NORDESTE;SUDESTE/CENTRO-OESTE;3093.112
2024-03-13 23:00:00;NORDESTE;SUDESTE/CENTRO-OESTE;2786.949
2024-03-14 00:00:00;NORDESTE;SUDESTE/CENTRO-OESTE;2233.435
2024-03-14 01:00:00;NORDESTE;SUDESTE/CENTRO-OESTE;1912.574
2024-03-14 02:00:00;NORDESTE;SUDESTE/CENTRO-OESTE;1437.305
2024-03-14 03:00:00;NORDESTE;SUDESTE/CENTRO-OESTE;935.89
2024-03-14 04:00:00;NORDESTE;SUDESTE/CENTRO-OESTE;557.613
2024-03-14 05:00:00;NORDESTE;SUDESTE/CENTRO-OESTE;459.71
2024-03-14 06:00:00;NORDESTE;SUDESTE/CENTRO-OESTE;1764.046
2024-03-14 07:00:00;NORDESTE;SUDESTE/CENTRO-OESTE;2647.457
2024-03-14 08:00:00;NORDESTE;SUDESTE/CENTRO-OESTE;2985.474
2024-03-14 09:00:00;NORDESTE;SUDESTE/CENTRO-OESTE;2966.047
2024-03-14 10:00:00;NORDESTE;SUDESTE/CENTRO-OESTE;2468.552
2024-03-14 11:00:00;NORDESTE;SUDESTE/CENTRO-OESTE;2358.453
2024-03-14 12:00:00;NORDESTE;SUDESTE/CENTRO-OESTE;1994.261
2024-03-14 13:00:00;NORDESTE;SUDESTE/CENTRO-OESTE;1638.09099999
2024-03-14 14:00:00;NORDESTE;SUDESTE/CENTRO-OESTE;2149.667
2024-03-14 15:00:00;NORDESTE;SUDESTE/CENTRO-OESTE;2764.783
2024-03-14 16:00:00;NORDESTE;SUDESTE/CENTRO-OESTE;2826.694
2024-03-14 17:00:00;NORDESTE;SUDESTE/CENTRO-OESTE;2885.116
2024-03-14 18:00:00;NORDESTE;SUDESTE/CENTRO-OESTE;3095.651
2024-03-14 19:00:00;NORDESTE;SUDESTE/CENTRO-OESTE;3808.297
2024-03-14 20:00:00;NORDESTE;SUDESTE/CENTRO-OESTE;4280.691
2024-03-14 21:00:00;NORDESTE;SUDESTE/CENTRO-OESTE;4319.414
2024-03-14 22:00:00;NORDESTE;SUDESTE/CENTRO-OESTE;4247.334
2024-03-14 23:00:00;NORDESTE;SUDESTE/CENTRO-OESTE;4196.753
2024-03-15 00:00:00;NORDESTE;SUDESTE/CENTRO-OESTE;3930.367
2024-03-15 01:00:00;NORDESTE;SUDESTE/CENTRO-OESTE;4030.018
2024-03-15 02:00:00;NORDESTE;SUDESTE/CENTRO-OESTE;4069.787
2024-03-15 03:00:00;NORDESTE;SUDESTE/CENTRO-OESTE;4008.705
2024-03-15 04:00:00;NORDESTE;SUDESTE/CENTRO-OESTE;3788.505
2024-03-15 05:00:00;NORDESTE;SUDESTE/CENTRO-OESTE;3751.251
2024-03-15 06:00:00;NORDESTE;SUDESTE/CENTRO-OESTE;4281.973
2024-03-15 07:00:00;NORDESTE;SUDESTE/CENTRO-OESTE;4513.66299999
2024-03-15 08:00:00;NORDESTE;SUDESTE/CENTRO-OESTE;4094.114
2024-03-15 09:00:00;NORDESTE;SUDESTE/CENTRO-OESTE;4026.988
2024-03-15 10:00:00;NORDESTE;SUDESTE/CENTRO-OESTE;3436.457
2024-03-15 11:00:00;NORDESTE;SUDESTE/CENTRO-OESTE;3546.936
2024-03-15 12:00:00;NORDESTE;SUDESTE/CENTRO-OESTE;3464.88
2024-03-15 13:00:00;NORDESTE;SUDESTE/CENTRO-OESTE;3380.842
2024-03-15 14:00:00;NORDESTE;SUDESTE/CENTRO-OESTE;3211.88
2024-03-15 15:00:00;NORDESTE;SUDESTE/CENTRO-OESTE;3171.372
2024-03-15 16:00:00;NORDESTE;SUDESTE/CENTRO-OESTE;2949.422
2024-03-15 17:00:00;NORDESTE;SUDESTE/CENTRO-OESTE;3129.735
2024-03-15 18:00:00;NORDESTE;SUDESTE/CENTRO-OESTE;3447.282
2024-03-15 19:00:00;NORDESTE;SUDESTE/CENTRO-OESTE;3946.889
2024-03-15 20:00:00;NORDESTE;SUDESTE/CENTRO-OESTE;3923.947
2024-03-15 21:00:00;NORDESTE;SUDESTE/CENTRO-OESTE;3688.989
2024-03-15 22:00:00;NORDESTE;SUDESTE/CENTRO-OESTE;3340.397
2024-03-15 23:00:00;NORDESTE;SUDESTE/CENTRO-OESTE;3062.496
2024-03-16 00:00:00;NORDESTE;SUDESTE/CENTRO-OESTE;2232.226
2024-03-16 01:00:00;NORDESTE;SUDESTE/CENTRO-OESTE;1736.364
2024-03-16 02:00:00;NORDESTE;SUDESTE/CENTRO-OESTE;2015.586
2024-03-16 03:00:00;NORDESTE;SUDESTE/CENTRO-OESTE;1855.147
2024-03-16 04:00:00;NORDESTE;SUDESTE/CENTRO-OESTE;2305.351
2024-03-16 05:00:00;NORDESTE;SUDESTE/CENTRO-OESTE;3187.322
2024-03-16 06:00:00;NORDESTE;SUDESTE/CENTRO-OESTE;4192.72999999
2024-03-16 07:00:00;NORDESTE;SUDESTE/CENTRO-OESTE;4632.43599999
2024-03-16 08:00:00;NORDESTE;SUDESTE/CENTRO-OESTE;4787.353
2024-03-16 09:00:00;NORDESTE;SUDESTE/CENTRO-OESTE;4456.201
2024-03-16 10:00:00;NORDESTE;SUDESTE/CENTRO-OESTE;3922.07
2024-03-16 11:00:00;NORDESTE;SUDESTE/CENTRO-OESTE;3624.62
2024-03-16 12:00:00;NORDESTE;SUDESTE/CENTRO-OESTE;3970.112
2024-03-16 13:00:00;NORDESTE;SUDESTE/CENTRO-OESTE;3554.99
2024-03-16 14:00:00;NORDESTE;SUDESTE/CENTRO-OESTE;3118.763
2024-03-16 15:00:00;NORDESTE;SUDESTE/CENTRO-OESTE;2929.95
2024-03-16 16:00:00;NORDESTE;SUDESTE/CENTRO-OESTE;2451.84299999
2024-03-16 17:00:00;NORDESTE;SUDESTE/CENTRO-OESTE;1593.796
2024-03-16 18:00:00;NORDESTE;SUDESTE/CENTRO-OESTE;2251.84499999
2024-03-16 19:00:00;NORDESTE;SUDESTE/CENTRO-OESTE;3051.844
2024-03-16 20:00:00;NORDESTE;SUDESTE/CENTRO-OESTE;3008.89399999
2024-03-16 21:00:00;NORDESTE;SUDESTE/CENTRO-OESTE;2291.268
2024-03-16 22:00:00;NORDESTE;SUDESTE/CENTRO-OESTE;2092.406
2024-03-16 23:00:00;NORDESTE;SUDESTE/CENTRO-OESTE;2047.22
2024-03-17 00:00:00;NORDESTE;SUDESTE/CENTRO-OESTE;1528.621
2024-03-17 01:00:00;NORDESTE;SUDESTE/CENTRO-OESTE;1480.063
2024-03-17 02:00:00;NORDESTE;SUDESTE/CENTRO-OESTE;1376.084
2024-03-17 03:00:00;NORDESTE;SUDESTE/CENTRO-OESTE;1253.939
2024-03-17 04:00:00;NORDESTE;SUDESTE/CENTRO-OESTE;1955.901
2024-03-17 05:00:00;NORDESTE;SUDESTE/CENTRO-OESTE;2681.02
2024-03-17 06:00:00;NORDESTE;SUDESTE/CENTRO-OESTE;3974.131
2024-03-17 07:00:00;NORDESTE;SUDESTE/CENTRO-OESTE;4434.555
2024-03-17 08:00:00;NORDESTE;SUDESTE/CENTRO-OESTE;4332.454
2024-03-17 09:00:00;NORDESTE;SUDESTE/CENTRO-OESTE;4059.29
2024-03-17 10:00:00;NORDESTE;SUDESTE/CENTRO-OESTE;3426.741
2024-03-17 11:00:00;NORDESTE;SUDESTE/CENTRO-OESTE;3353.668
2024-03-17 12:00:00;NORDESTE;SUDESTE/CENTRO-OESTE;2829.0
2024-03-17 13:00:00;NORDESTE;SUDESTE/CENTRO-OESTE;2388.116
2024-03-17 14:00:00;NORDESTE;SUDESTE/CENTRO-OESTE;1825.989
2024-03-17 15:00:00;NORDESTE;SUDESTE/CENTRO-OESTE;1642.752
2024-03-17 16:00:00;NORDESTE;SUDESTE/CENTRO-OESTE;1310.493
2024-03-17 17:00:00;NORDESTE;SUDESTE/CENTRO-OESTE;1039.02299999
2024-03-17 18:00:00;NORDESTE;SUDESTE/CENTRO-OESTE;1986.68
2024-03-17 19:00:00;NORDESTE;SUDESTE/CENTRO-OESTE;2798.534
2024-03-17 20:00:00;NORDESTE;SUDESTE/CENTRO-OESTE;3280.08599999
2024-03-17 21:00:00;NORDESTE;SUDESTE/CENTRO-OESTE;3133.491
2024-03-17 22:00:00;NORDESTE;SUDESTE/CENTRO-OESTE;2833.373
2024-03-17 23:00:00;NORDESTE;SUDESTE/CENTRO-OESTE;1940.461
2024-03-18 00:00:00;NORDESTE;SUDESTE/CENTRO-OESTE;1415.14899999
2024-03-18 01:00:00;NORDESTE;SUDESTE/CENTRO-OESTE;1250.2
2024-03-18 02:00:00;NORDESTE;SUDESTE/CENTRO-OESTE;1136.95599999
2024-03-18 03:00:00;NORDESTE;SUDESTE/CENTRO-OESTE;417.617
2024-03-18 04:00:00;NORDESTE;SUDESTE/CENTRO-OESTE;-31.993
2024-03-18 05:00:00;NORDESTE;SUDESTE/CENTRO-OESTE;497.556
2024-03-18 06:00:00;NORDESTE;SUDESTE/CENTRO-OESTE;1386.444
2024-03-18 07:00:00;NORDESTE;SUDESTE/CENTRO-OESTE;1942.981
2024-03-18 08:00:00;NORDESTE;SUDESTE/CENTRO-OESTE;2412.411
2024-03-18 09:00:00;NORDESTE;SUDESTE/CENTRO-OESTE;2220.467
2024-03-18 10:00:00;NORDESTE;SUDESTE/CENTRO-OESTE;1976.583
2024-03-18 11:00:00;NORDESTE;SUDESTE/CENTRO-OESTE;1699.44
2024-03-18 12:00:00;NORDESTE;SUDESTE/CENTRO-OESTE;1913.925
2024-03-18 13:00:00;NORDESTE;SUDESTE/CENTRO-OESTE;2217.65
2024-03-18 14:00:00;NORDESTE;SUDESTE/CENTRO-OESTE;2236.299
2024-03-18 15:00:00;NORDESTE;SUDESTE/CENTRO-OESTE;2884.568
2024-03-18 16:00:00;NORDESTE;SUDESTE/CENTRO-OESTE;2682.59
2024-03-18 17:00:00;NORDESTE;SUDESTE/CENTRO-OESTE;2281.44999999
2024-03-18 18:00:00;NORDESTE;SUDESTE/CENTRO-OESTE;2883.412
2024-03-18 19:00:00;NORDESTE;SUDESTE/CENTRO-OESTE;3123.318
2024-03-18 20:00:00;NORDESTE;SUDESTE/CENTRO-OESTE;3211.96999999
2024-03-18 21:00:00;NORDESTE;SUDESTE/CENTRO-OESTE;2613.00799999
2024-03-18 22:00:00;NORDESTE;SUDESTE/CENTRO-OESTE;2187.657
2024-03-18 23:00:00;NORDESTE;SUDESTE/CENTRO-OESTE;1894.994
2024-03-19 00:00:00;NORDESTE;SUDESTE/CENTRO-OESTE;1597.553
2024-03-19 01:00:00;NORDESTE;SUDESTE/CENTRO-OESTE;1713.867
2024-03-19 02:00:00;NORDESTE;SUDESTE/CENTRO-OESTE;1690.759
2024-03-19 03:00:00;NORDESTE;SUDESTE/CENTRO-OESTE;1779.584
2024-03-19 04:00:00;NORDESTE;SUDESTE/CENTRO-OESTE;1669.4
2024-03-19 05:00:00;NORDESTE;SUDESTE/CENTRO-OESTE;2378.736
2024-03-19 06:00:00;NORDESTE;SUDESTE/CENTRO-OESTE;3348.80699999
2024-03-19 07:00:00;NORDESTE;SUDESTE/CENTRO-OESTE;4181.408
2024-03-19 08:00:00;NORDESTE;SUDESTE/CENTRO-OESTE;3567.514
2024-03-19 09:00:00;NORDESTE;SUDESTE/CENTRO-OESTE;2952.121
2024-03-19 10:00:00;NORDESTE;SUDESTE/CENTRO-OESTE;2315.937
2024-03-19 11:00:00;NORDESTE;SUDESTE/CENTRO-OESTE;2076.76899999
2024-03-19 12:00:00;NORDESTE;SUDESTE/CENTRO-OESTE;2895.527
2024-03-19 13:00:00;NORDESTE;SUDESTE/CENTRO-OESTE;3551.641
2024-03-19 14:00:00;NORDESTE;SUDESTE/CENTRO-OESTE;3696.169
2024-03-19 15:00:00;NORDESTE;SUDESTE/CENTRO-OESTE;3351.162
2024-03-19 16:00:00;NORDESTE;SUDESTE/CENTRO-OESTE;2774.677
2024-03-19 17:00:00;NORDESTE;SUDESTE/CENTRO-OESTE;2122.36
2024-03-19 18:00:00;NORDESTE;SUDESTE/CENTRO-OESTE;2508.385
2024-03-19 19:00:00;NORDESTE;SUDESTE/CENTRO-OESTE;3026.455
2024-03-19 20:00:00;NORDESTE;SUDESTE/CENTRO-OESTE;3157.701
2024-03-19 21:00:00;NORDESTE;SUDESTE/CENTRO-OESTE;2448.596
2024-03-19 22:00:00;NORDESTE;SUDESTE/CENTRO-OESTE;1803.534
2024-03-19 23:00:00;NORDESTE;SUDESTE/CENTRO-OESTE;1590.802
2024-03-20 00:00:00;NORDESTE;SUDESTE/CENTRO-OESTE;1479.51399999
2024-03-20 01:00:00;NORDESTE;SUDESTE/CENTRO-OESTE;1580.176
2024-03-20 02:00:00;NORDESTE;SUDESTE/CENTRO-OESTE;1674.532
2024-03-20 03:00:00;NORDESTE;SUDESTE/CENTRO-OESTE;1744.862
2024-03-20 04:00:00;NORDESTE;SUDESTE/CENTRO-OESTE;2129.13
2024-03-20 05:00:00;NORDESTE;SUDESTE/CENTRO-OESTE;2611.668
2024-03-20 06:00:00;NORDESTE;SUDESTE/CENTRO-OESTE;2929.62399999
2024-03-20 07:00:00;NORDESTE;SUDESTE/CENTRO-OESTE;3412.276
2024-03-20 08:00:00;NORDESTE;SUDESTE/CENTRO-OESTE;3374.295
2024-03-20 09:00:00;NORDESTE;SUDESTE/CENTRO-OESTE;2483.569
2024-03-20 10:00:00;NORDESTE;SUDESTE/CENTRO-OESTE;1708.773
2024-03-20 11:00:00;NORDESTE;SUDESTE/CENTRO-OESTE;1137.7
2024-03-20 12:00:00;NORDESTE;SUDESTE/CENTRO-OESTE;1469.422
2024-03-20 13:00:00;NORDESTE;SUDESTE/CENTRO-OESTE;1813.02
2024-03-20 14:00:00;NORDESTE;SUDESTE/CENTRO-OESTE;2132.879
2024-03-20 15:00:00;NORDESTE;SUDESTE/CENTRO-OESTE;2147.75799999
2024-03-20 16:00:00;NORDESTE;SUDESTE/CENTRO-OESTE;1425.025
2024-03-20 17:00:00;NORDESTE;SUDESTE/CENTRO-OESTE;1117.651
2024-03-20 18:00:00;NORDESTE;SUDESTE/CENTRO-OESTE;1565.003
2024-03-20 19:00:00;NORDESTE;SUDESTE/CENTRO-OESTE;1889.094
2024-03-20 20:00:00;NORDESTE;SUDESTE/CENTRO-OESTE;2095.605
2024-03-20 21:00:00;NORDESTE;SUDESTE/CENTRO-OESTE;2021.893
2024-03-20 22:00:00;NORDESTE;SUDESTE/CENTRO-OESTE;1692.71599999
2024-03-20 23:00:00;NORDESTE;SUDESTE/CENTRO-OESTE;1356.98399999
2024-03-21 00:00:00;NORDESTE;SUDESTE/CENTRO-OESTE;1203.522
2024-03-21 01:00:00;NORDESTE;SUDESTE/CENTRO-OESTE;1360.105
2024-03-21 02:00:00;NORDESTE;SUDESTE/CENTRO-OESTE;1383.471
2024-03-21 03:00:00;NORDESTE;SUDESTE/CENTRO-OESTE;1196.021
2024-03-21 04:00:00;NORDESTE;SUDESTE/CENTRO-OESTE;1041.122
2024-03-21 05:00:00;NORDESTE;SUDESTE/CENTRO-OESTE;1206.426
2024-03-21 06:00:00;NORDESTE;SUDESTE/CENTRO-OESTE;2336.952
2024-03-21 07:00:00;NORDESTE;SUDESTE/CENTRO-OESTE;2704.272
2024-03-21 08:00:00;NORDESTE;SUDESTE/CENTRO-OESTE;2676.486
2024-03-21 09:00:00;NORDESTE;SUDESTE/CENTRO-OESTE;2664.984
2024-03-21 10:00:00;NORDESTE;SUDESTE/CENTRO-OESTE;2616.86299999
2024-03-21 11:00:00;NORDESTE;SUDESTE/CENTRO-OESTE;2696.80499999
2024-03-21 12:00:00;NORDESTE;SUDESTE/CENTRO-OESTE;2562.512
2024-03-21 13:00:00;NORDESTE;SUDESTE/CENTRO-OESTE;2956.349
2024-03-21 14:00:00;NORDESTE;SUDESTE/CENTRO-OESTE;3324.024
2024-03-21 15:00:00;NORDESTE;SUDESTE/CENTRO-OESTE;3145.504
2024-03-21 16:00:00;NORDESTE;SUDESTE/CENTRO-OESTE;2857.737
2024-03-21 17:00:00;NORDESTE;SUDESTE/CENTRO-OESTE;1978.083
2024-03-21 18:00:00;NORDESTE;SUDESTE/CENTRO-OESTE;1999.448
2024-03-21 19:00:00;NORDESTE;SUDESTE/CENTRO-OESTE;2669.27
2024-03-21 20:00:00;NORDESTE;SUDESTE/CENTRO-OESTE;2687.91
2024-03-21 21:00:00;NORDESTE;SUDESTE/CENTRO-OESTE;2240.939
2024-03-21 22:00:00;NORDESTE;SUDESTE/CENTRO-OESTE;1854.687
2024-03-21 23:00:00;NORDESTE;SUDESTE/CENTRO-OESTE;1584.337
2024-03-22 00:00:00;NORDESTE;SUDESTE/CENTRO-OESTE;1289.753
2024-03-22 01:00:00;NORDESTE;SUDESTE/CENTRO-OESTE;1552.758
2024-03-22 02:00:00;NORDESTE;SUDESTE/CENTRO-OESTE;1384.242
2024-03-22 03:00:00;NORDESTE;SUDESTE/CENTRO-OESTE;1216.45599999
2024-03-22 04:00:00;NORDESTE;SUDESTE/CENTRO-OESTE;1153.772
2024-03-22 05:00:00;NORDESTE;SUDESTE/CENTRO-OESTE;1781.48
2024-03-22 06:00:00;NORDESTE;SUDESTE/CENTRO-OESTE;2807.239
2024-03-22 07:00:00;NORDESTE;SUDESTE/CENTRO-OESTE;3836.04
2024-03-22 08:00:00;NORDESTE;SUDESTE/CENTRO-OESTE;3765.239
2024-03-22 09:00:00;NORDESTE;SUDESTE/CENTRO-OESTE;3014.225
2024-03-22 10:00:00;NORDESTE;SUDESTE/CENTRO-OESTE;2247.149
2024-03-22 11:00:00;NORDESTE;SUDESTE/CENTRO-OESTE;1952.862
2024-03-22 12:00:00;NORDESTE;SUDESTE/CENTRO-OESTE;1933.181
2024-03-22 13:00:00;NORDESTE;SUDESTE/CENTRO-OESTE;1701.01399999
2024-03-22 14:00:00;NORDESTE;SUDESTE/CENTRO-OESTE;2283.733
2024-03-22 15:00:00;NORDESTE;SUDESTE/CENTRO-OESTE;3067.829
2024-03-22 16:00:00;NORDESTE;SUDESTE/CENTRO-OESTE;2939.092
2024-03-22 17:00:00;NORDESTE;SUDESTE/CENTRO-OESTE;1907.335
2024-03-22 18:00:00;NORDESTE;SUDESTE/CENTRO-OESTE;2590.871
2024-03-22 19:00:00;NORDESTE;SUDESTE/CENTRO-OESTE;2690.887
2024-03-22 20:00:00;NORDESTE;SUDESTE/CENTRO-OESTE;1953.986
2024-03-22 21:00:00;NORDESTE;SUDESTE/CENTRO-OESTE;1656.797
2024-03-22 22:00:00;NORDESTE;SUDESTE/CENTRO-OESTE;1180.719
2024-03-22 23:00:00;NORDESTE;SUDESTE/CENTRO-OESTE;1405.169
2024-03-23 00:00:00;NORDESTE;SUDESTE/CENTRO-OESTE;1272.887
2024-03-23 01:00:00;NORDESTE;SUDESTE/CENTRO-OESTE;2055.94099999
2024-03-23 02:00:00;NORDESTE;SUDESTE/CENTRO-OESTE;2177.435
2024-03-23 03:00:00;NORDESTE;SUDESTE/CENTRO-OESTE;2202.797
2024-03-23 04:00:00;NORDESTE;SUDESTE/CENTRO-OESTE;2657.061
2024-03-23 05:00:00;NORDESTE;SUDESTE/CENTRO-OESTE;2666.06
2024-03-23 06:00:00;NORDESTE;SUDESTE/CENTRO-OESTE;3553.948
2024-03-23 07:00:00;NORDESTE;SUDESTE/CENTRO-OESTE;4428.443
2024-03-23 08:00:00;NORDESTE;SUDESTE/CENTRO-OESTE;4468.414
2024-03-23 09:00:00;NORDESTE;SUDESTE/CENTRO-OESTE;3534.159
2024-03-23 10:00:00;NORDESTE;SUDESTE/CENTRO-OESTE;3059.635
2024-03-23 11:00:00;NORDESTE;SUDESTE/CENTRO-OESTE;2668.361
2024-03-23 12:00:00;NORDESTE;SUDESTE/CENTRO-OESTE;2519.681
2024-03-23 13:00:00;NORDESTE;SUDESTE/CENTRO-OESTE;2429.791
2024-03-23 14:00:00;NORDESTE;SUDESTE/CENTRO-OESTE;2468.237
2024-03-23 15:00:00;NORDESTE;SUDESTE/CENTRO-OESTE;2256.683
2024-03-23 16:00:00;NORDESTE;SUDESTE/CENTRO-OESTE;1599.879
2024-03-23 17:00:00;NORDESTE;SUDESTE/CENTRO-OESTE;1150.055
2024-03-23 18:00:00;NORDESTE;SUDESTE/CENTRO-OESTE;1759.786
2024-03-23 19:00:00;NORDESTE;SUDESTE/CENTRO-OESTE;2337.571
2024-03-23 20:00:00;NORDESTE;SUDESTE/CENTRO-OESTE;2774.227
2024-03-23 21:00:00;NORDESTE;SUDESTE/CENTRO-OESTE;3218.448
2024-03-23 22:00:00;NORDESTE;SUDESTE/CENTRO-OESTE;2785.206
2024-03-23 23:00:00;NORDESTE;SUDESTE/CENTRO-OESTE;2641.14399999
2024-03-24 00:00:00;NORDESTE;SUDESTE/CENTRO-OESTE;2350.439
2024-03-24 01:00:00;NORDESTE;SUDESTE/CENTRO-OESTE;2764.46099999
2024-03-24 02:00:00;NORDESTE;SUDESTE/CENTRO-OESTE;3549.868
2024-03-24 03:00:00;NORDESTE;SUDESTE/CENTRO-OESTE;3868.848
2024-03-24 04:00:00;NORDESTE;SUDESTE/CENTRO-OESTE;4192.666
2024-03-24 05:00:00;NORDESTE;SUDESTE/CENTRO-OESTE;4565.128
2024-03-24 06:00:00;NORDESTE;SUDESTE/CENTRO-OESTE;4498.094
2024-03-24 07:00:00;NORDESTE;SUDESTE/CENTRO-OESTE;3698.396
2024-03-24 08:00:00;NORDESTE;SUDESTE/CENTRO-OESTE;3438.36499999
2024-03-24 09:00:00;NORDESTE;SUDESTE/CENTRO-OESTE;3837.961
2024-03-24 10:00:00;NORDESTE;SUDESTE/CENTRO-OESTE;4078.417
2024-03-24 11:00:00;NORDESTE;SUDESTE/CENTRO-OESTE;4179.228
2024-03-24 12:00:00;NORDESTE;SUDESTE/CENTRO-OESTE;3798.967
2024-03-24 13:00:00;NORDESTE;SUDESTE/CENTRO-OESTE;3549.21
2024-03-24 14:00:00;NORDESTE;SUDESTE/CENTRO-OESTE;3497.15299999
2024-03-24 15:00:00;NORDESTE;SUDESTE/CENTRO-OESTE;3293.189
2024-03-24 16:00:00;NORDESTE;SUDESTE/CENTRO-OESTE;3458.245
2024-03-24 17:00:00;NORDESTE;SUDESTE/CENTRO-OESTE;2585.789
2024-03-24 18:00:00;NORDESTE;SUDESTE/CENTRO-OESTE;3051.098
2024-03-24 19:00:00;NORDESTE;SUDESTE/CENTRO-OESTE;3680.091
2024-03-24 20:00:00;NORDESTE;SUDESTE/CENTRO-OESTE;3794.454
2024-03-24 21:00:00;NORDESTE;SUDESTE/CENTRO-OESTE;3532.693
2024-03-24 22:00:00;NORDESTE;SUDESTE/CENTRO-OESTE;3388.57
2024-03-24 23:00:00;NORDESTE;SUDESTE/CENTRO-OESTE;3319.205
2024-03-25 00:00:00;NORDESTE;SUDESTE/CENTRO-OESTE;3685.606
2024-03-25 01:00:00;NORDESTE;SUDESTE/CENTRO-OESTE;3965.934
2024-03-25 02:00:00;NORDESTE;SUDESTE/CENTRO-OESTE;3948.542
2024-03-25 03:00:00;NORDESTE;SUDESTE/CENTRO-OESTE;3947.684
2024-03-25 04:00:00;NORDESTE;SUDESTE/CENTRO-OESTE;3910.686
2024-03-25 05:00:00;NORDESTE;SUDESTE/CENTRO-OESTE;3563.56
2024-03-25 06:00:00;NORDESTE;SUDESTE/CENTRO-OESTE;4234.429
2024-03-25 07:00:00;NORDESTE;SUDESTE/CENTRO-OESTE;4620.80599999
2024-03-25 08:00:00;NORDESTE;SUDESTE/CENTRO-OESTE;4911.236
2024-03-25 09:00:00;NORDESTE;SUDESTE/CENTRO-OESTE;4317.283
2024-03-25 10:00:00;NORDESTE;SUDESTE/CENTRO-OESTE;4106.925
2024-03-25 11:00:00;NORDESTE;SUDESTE/CENTRO-OESTE;3701.865
2024-03-25 12:00:00;NORDESTE;SUDESTE/CENTRO-OESTE;2984.406
2024-03-25 13:00:00;NORDESTE;SUDESTE/CENTRO-OESTE;2356.61499999
2024-03-25 14:00:00;NORDESTE;SUDESTE/CENTRO-OESTE;1751.534
2024-03-25 15:00:00;NORDESTE;SUDESTE/CENTRO-OESTE;1707.94
2024-03-25 16:00:00;NORDESTE;SUDESTE/CENTRO-OESTE;1355.673
2024-03-25 17:00:00;NORDESTE;SUDESTE/CENTRO-OESTE;993.318
2024-03-25 18:00:00;NORDESTE;SUDESTE/CENTRO-OESTE;1640.01
2024-03-25 19:00:00;NORDESTE;SUDESTE/CENTRO-OESTE;1928.953
2024-03-25 20:00:00;NORDESTE;SUDESTE/CENTRO-OESTE;2105.541
2024-03-25 21:00:00;NORDESTE;SUDESTE/CENTRO-OESTE;1836.384
2024-03-25 22:00:00;NORDESTE;SUDESTE/CENTRO-OESTE;1639.579
2024-03-25 23:00:00;NORDESTE;SUDESTE/CENTRO-OESTE;1353.705
2024-03-26 00:00:00;NORDESTE;SUDESTE/CENTRO-OESTE;937.948
2024-03-26 01:00:00;NORDESTE;SUDESTE/CENTRO-OESTE;698.691
2024-03-26 02:00:00;NORDESTE;SUDESTE/CENTRO-OESTE;764.032
2024-03-26 03:00:00;NORDESTE;SUDESTE/CENTRO-OESTE;810.466
2024-03-26 04:00:00;NORDESTE;SUDESTE/CENTRO-OESTE;589.537
2024-03-26 05:00:00;NORDESTE;SUDESTE/CENTRO-OESTE;691.651
2024-03-26 06:00:00;NORDESTE;SUDESTE/CENTRO-OESTE;1788.288
2024-03-26 07:00:00;NORDESTE;SUDESTE/CENTRO-OESTE;2693.777
2024-03-26 08:00:00;NORDESTE;SUDESTE/CENTRO-OESTE;2188.96099999
2024-03-26 09:00:00;NORDESTE;SUDESTE/CENTRO-OESTE;1597.799
2024-03-26 10:00:00;NORDESTE;SUDESTE/CENTRO-OESTE;1202.68599999
2024-03-26 11:00:00;NORDESTE;SUDESTE/CENTRO-OESTE;1050.407
2024-03-26 12:00:00;NORDESTE;SUDESTE/CENTRO-OESTE;1110.842
2024-03-26 13:00:00;NORDESTE;SUDESTE/CENTRO-OESTE;720.45399999
2024-03-26 14:00:00;NORDESTE;SUDESTE/CENTRO-OESTE;167.36
2024-03-26 15:00:00;NORDESTE;SUDESTE/CENTRO-OESTE;-336.31
2024-03-26 16:00:00;NORDESTE;SUDESTE/CENTRO-OESTE;-961.711
2024-03-26 17:00:00;NORDESTE;SUDESTE/CENTRO-OESTE;-1101.862
2024-03-26 18:00:00;NORDESTE;SUDESTE/CENTRO-OESTE;-704.009
2024-03-26 19:00:00;NORDESTE;SUDESTE/CENTRO-OESTE;-161.903
2024-03-26 20:00:00;NORDESTE;SUDESTE/CENTRO-OESTE;772.374
2024-03-26 21:00:00;NORDESTE;SUDESTE/CENTRO-OESTE;975.567
2024-03-26 22:00:00;NORDESTE;SUDESTE/CENTRO-OESTE;1236.36999999
2024-03-26 23:00:00;NORDESTE;SUDESTE/CENTRO-OESTE;1555.927
2024-03-27 00:00:00;NORDESTE;SUDESTE/CENTRO-OESTE;1186.313
2024-03-27 01:00:00;NORDESTE;SUDESTE/CENTRO-OESTE;1325.88899999
2024-03-27 02:00:00;NORDESTE;SUDESTE/CENTRO-OESTE;1375.076
2024-03-27 03:00:00;NORDESTE;SUDESTE/CENTRO-OESTE;1724.416
2024-03-27 04:00:00;NORDESTE;SUDESTE/CENTRO-OESTE;2444.829
2024-03-27 05:00:00;NORDESTE;SUDESTE/CENTRO-OESTE;3153.162
2024-03-27 06:00:00;NORDESTE;SUDESTE/CENTRO-OESTE;3327.881
2024-03-27 07:00:00;NORDESTE;SUDESTE/CENTRO-OESTE;2944.866
2024-03-27 08:00:00;NORDESTE;SUDESTE/CENTRO-OESTE;3255.672
2024-03-27 09:00:00;NORDESTE;SUDESTE/CENTRO-OESTE;2990.236
2024-03-27 10:00:00;NORDESTE;SUDESTE/CENTRO-OESTE;2790.906
2024-03-27 11:00:00;NORDESTE;SUDESTE/CENTRO-OESTE;2368.406
2024-03-27 12:00:00;NORDESTE;SUDESTE/CENTRO-OESTE;1736.965
2024-03-27 13:00:00;NORDESTE;SUDESTE/CENTRO-OESTE;1232.039
2024-03-27 14:00:00;NORDESTE;SUDESTE/CENTRO-OESTE;737.116
2024-03-27 15:00:00;NORDESTE;SUDESTE/CENTRO-OESTE;481.734
2024-03-27 16:00:00;NORDESTE;SUDESTE/CENTRO-OESTE;299.711
2024-03-27 17:00:00;NORDESTE;SUDESTE/CENTRO-OESTE;1011.047
2024-03-27 18:00:00;NORDESTE;SUDESTE/CENTRO-OESTE;2150.29799999
2024-03-27 19:00:00;NORDESTE;SUDESTE/CENTRO-OESTE;3042.438
2024-03-27 20:00:00;NORDESTE;SUDESTE/CENTRO-OESTE;3530.065
2024-03-27 21:00:00;NORDESTE;SUDESTE/CENTRO-OESTE;3124.87399999
2024-03-27 22:00:00;NORDESTE;SUDESTE/CENTRO-OESTE;2548.484
2024-03-27 23:00:00;NORDESTE;SUDESTE/CENTRO-OESTE;1998.765
2024-03-28 00:00:00;NORDESTE;SUDESTE/CENTRO-OESTE;2027.623
2024-03-28 01:00:00;NORDESTE;SUDESTE/CENTRO-OESTE;2876.11
2024-03-28 02:00:00;NORDESTE;SUDESTE/CENTRO-OESTE;3446.43
2024-03-28 03:00:00;NORDESTE;SUDESTE/CENTRO-OESTE;3678.314
2024-03-28 04:00:00;NORDESTE;SUDESTE/CENTRO-OESTE;4023.739
2024-03-28 05:00:00;NORDESTE;SUDESTE/CENTRO-OESTE;4907.078
2024-03-28 06:00:00;NORDESTE;SUDESTE/CENTRO-OESTE;4987.975
2024-03-28 07:00:00;NORDESTE;SUDESTE/CENTRO-OESTE;4663.18099999
2024-03-28 08:00:00;NORDESTE;SUDESTE/CENTRO-OESTE;4105.077
2024-03-28 09:00:00;NORDESTE;SUDESTE/CENTRO-OESTE;3623.52
2024-03-28 10:00:00;NORDESTE;SUDESTE/CENTRO-OESTE;3353.351
2024-03-28 11:00:00;NORDESTE;SUDESTE/CENTRO-OESTE;3100.80699999
2024-03-28 12:00:00;NORDESTE;SUDESTE/CENTRO-OESTE;2673.24699999
2024-03-28 13:00:00;NORDESTE;SUDESTE/CENTRO-OESTE;3025.471
2024-03-28 14:00:00;NORDESTE;SUDESTE/CENTRO-OESTE;3002.527
2024-03-28 15:00:00;NORDESTE;SUDESTE/CENTRO-OESTE;3000.85
2024-03-28 16:00:00;NORDESTE;SUDESTE/CENTRO-OESTE;3093.606
2024-03-28 17:00:00;NORDESTE;SUDESTE/CENTRO-OESTE;2672.331
2024-03-28 18:00:00;NORDESTE;SUDESTE/CENTRO-OESTE;3847.806
2024-03-28 19:00:00;NORDESTE;SUDESTE/CENTRO-OESTE;4632.903
2024-03-28 20:00:00;NORDESTE;SUDESTE/CENTRO-OESTE;4622.088
2024-03-28 21:00:00;NORDESTE;SUDESTE/CENTRO-OESTE;4062.933
2024-03-28 22:00:00;NORDESTE;SUDESTE/CENTRO-OESTE;3733.456
2024-03-28 23:00:00;NORDESTE;SUDESTE/CENTRO-OESTE;3973.66
2024-03-29 00:00:00;NORDESTE;SUDESTE/CENTRO-OESTE;4527.68599999
2024-03-29 01:00:00;NORDESTE;SUDESTE/CENTRO-OESTE;4797.374
2024-03-29 02:00:00;NORDESTE;SUDESTE/CENTRO-OESTE;4618.35499999
2024-03-29 03:00:00;NORDESTE;SUDESTE/CENTRO-OESTE;4415.97999999
2024-03-29 04:00:00;NORDESTE;SUDESTE/CENTRO-OESTE;4336.884
2024-03-29 05:00:00;NORDESTE;SUDESTE/CENTRO-OESTE;4672.13199999
2024-03-29 06:00:00;NORDESTE;SUDESTE/CENTRO-OESTE;5026.069
2024-03-29 07:00:00;NORDESTE;SUDESTE/CENTRO-OESTE;4804.563
2024-03-29 08:00:00;NORDESTE;SUDESTE/CENTRO-OESTE;4748.745
2024-03-29 09:00:00;NORDESTE;SUDESTE/CENTRO-OESTE;4559.013
2024-03-29 10:00:00;NORDESTE;SUDESTE/CENTRO-OESTE;4234.915
2024-03-29 11:00:00;NORDESTE;SUDESTE/CENTRO-OESTE;4141.97999999
2024-03-29 12:00:00;NORDESTE;SUDESTE/CENTRO-OESTE;4036.173
2024-03-29 13:00:00;NORDESTE;SUDESTE/CENTRO-OESTE;3640.913
2024-03-29 14:00:00;NORDESTE;SUDESTE/CENTRO-OESTE;3395.578
2024-03-29 15:00:00;NORDESTE;SUDESTE/CENTRO-OESTE;3323.219
2024-03-29 16:00:00;NORDESTE;SUDESTE/CENTRO-OESTE;3186.408
2024-03-29 17:00:00;NORDESTE;SUDESTE/CENTRO-OESTE;2421.205
2024-03-29 18:00:00;NORDESTE;SUDESTE/CENTRO-OESTE;3064.972
2024-03-29 19:00:00;NORDESTE;SUDESTE/CENTRO-OESTE;4103.539
2024-03-29 20:00:00;NORDESTE;SUDESTE/CENTRO-OESTE;4144.267
2024-03-29 21:00:00;NORDESTE;SUDESTE/CENTRO-OESTE;4110.946
2024-03-29 22:00:00;NORDESTE;SUDESTE/CENTRO-OESTE;3726.468
2024-03-29 23:00:00;NORDESTE;SUDESTE/CENTRO-OESTE;3234.312
2024-03-30 00:00:00;NORDESTE;SUDESTE/CENTRO-OESTE;3173.098
2024-03-30 01:00:00;NORDESTE;SUDESTE/CENTRO-OESTE;3202.522
2024-03-30 02:00:00;NORDESTE;SUDESTE/CENTRO-OESTE;2835.726
2024-03-30 03:00:00;NORDESTE;SUDESTE/CENTRO-OESTE;2650.882
2024-03-30 04:00:00;NORDESTE;SUDESTE/CENTRO-OESTE;2987.282
2024-03-30 05:00:00;NORDESTE;SUDESTE/CENTRO-OESTE;3183.678
2024-03-30 06:00:00;NORDESTE;SUDESTE/CENTRO-OESTE;3367.54
2024-03-30 07:00:00;NORDESTE;SUDESTE/CENTRO-OESTE;3120.933
2024-03-30 08:00:00;NORDESTE;SUDESTE/CENTRO-OESTE;3318.231
2024-03-30 09:00:00;NORDESTE;SUDESTE/CENTRO-OESTE;3615.474
2024-03-30 10:00:00;NORDESTE;SUDESTE/CENTRO-OESTE;3530.987
2024-03-30 11:00:00;NORDESTE;SUDESTE/CENTRO-OESTE;2947.458
2024-03-30 12:00:00;NORDESTE;SUDESTE/CENTRO-OESTE;2235.95899999
2024-03-30 13:00:00;NORDESTE;SUDESTE/CENTRO-OESTE;1135.746
2024-03-30 14:00:00;NORDESTE;SUDESTE/CENTRO-OESTE;154.04
2024-03-30 15:00:00;NORDESTE;SUDESTE/CENTRO-OESTE;-220.491
2024-03-30 16:00:00;NORDESTE;SUDESTE/CENTRO-OESTE;-328.353
2024-03-30 17:00:00;NORDESTE;SUDESTE/CENTRO-OESTE;-39.001
2024-03-30 18:00:00;NORDESTE;SUDESTE/CENTRO-OESTE;185.51
2024-03-30 19:00:00;NORDESTE;SUDESTE/CENTRO-OESTE;125.25
2024-03-30 20:00:00;NORDESTE;SUDESTE/CENTRO-OESTE;199.409
2024-03-30 21:00:00;NORDESTE;SUDESTE/CENTRO-OESTE;192.018
2024-03-30 22:00:00;NORDESTE;SUDESTE/CENTRO-OESTE;-17.66
2024-03-30 23:00:00;NORDESTE;SUDESTE/CENTRO-OESTE;-573.898
2024-03-31 00:00:00;NORDESTE;SUDESTE/CENTRO-OESTE;-668.897
2024-03-31 01:00:00;NORDESTE;SUDESTE/CENTRO-OESTE;-689.662
2024-03-31 02:00:00;NORDESTE;SUDESTE/CENTRO-OESTE;-632.705
2024-03-31 03:00:00;NORDESTE;SUDESTE/CENTRO-OESTE;-525.6
2024-03-31 04:00:00;NORDESTE;SUDESTE/CENTRO-OESTE;-819.516
2024-03-31 05:00:00;NORDESTE;SUDESTE/CENTRO-OESTE;-1029.352
2024-03-31 06:00:00;NORDESTE;SUDESTE/CENTRO-OESTE;-690.014
2024-03-31 07:00:00;NORDESTE;SUDESTE/CENTRO-OESTE;-287.479
2024-03-31 08:00:00;NORDESTE;SUDESTE/CENTRO-OESTE;435.471
2024-03-31 09:00:00;NORDESTE;SUDESTE/CENTRO-OESTE;714.57
2024-03-31 10:00:00;NORDESTE;SUDESTE/CENTRO-OESTE;912.115
2024-03-31 11:00:00;NORDESTE;SUDESTE/CENTRO-OESTE;1161.502
2024-03-31 12:00:00;NORDESTE;SUDESTE/CENTRO-OESTE;1252.157
2024-03-31 13:00:00;NORDESTE;SUDESTE/CENTRO-OESTE;1388.271
2024-03-31 14:00:00;NORDESTE;SUDESTE/CENTRO-OESTE;1541.663
2024-03-31 15:00:00;NORDESTE;SUDESTE/CENTRO-OESTE;841.065
2024-03-31 16:00:00;NORDESTE;SUDESTE/CENTRO-OESTE;-243.499
2024-03-31 17:00:00;NORDESTE;SUDESTE/CENTRO-OESTE;284.556
2024-03-31 18:00:00;NORDESTE;SUDESTE/CENTRO-OESTE;1428.268
2024-03-31 19:00:00;NORDESTE;SUDESTE/CENTRO-OESTE;1487.326
2024-03-31 20:00:00;NORDESTE;SUDESTE/CENTRO-OESTE;1100.939
2024-03-31 21:00:00;NORDESTE;SUDESTE/CENTRO-OESTE;1085.906
2024-03-31 22:00:00;NORDESTE;SUDESTE/CENTRO-OESTE;900.525
2024-03-31 23:00:00;NORDESTE;SUDESTE/CENTRO-OESTE;693.385
2024-04-01 00:00:00;NORDESTE;SUDESTE/CENTRO-OESTE;499.113
2024-04-01 01:00:00;NORDESTE;SUDESTE/CENTRO-OESTE;523.003
2024-04-01 02:00:00;NORDESTE;SUDESTE/CENTRO-OESTE;446.412
2024-04-01 03:00:00;NORDESTE;SUDESTE/CENTRO-OESTE;-546.933
2024-04-01 04:00:00;NORDESTE;SUDESTE/CENTRO-OESTE;-1221.37899999
2024-04-01 05:00:00;NORDESTE;SUDESTE/CENTRO-OESTE;-1367.471
2024-04-01 06:00:00;NORDESTE;SUDESTE/CENTRO-OESTE;-960.928
2024-04-01 07:00:00;NORDESTE;SUDESTE/CENTRO-OESTE;65.34999999
2024-04-01 08:00:00;NORDESTE;SUDESTE/CENTRO-OESTE;-318.361
2024-04-01 09:00:00;NORDESTE;SUDESTE/CENTRO-OESTE;55.592
2024-04-01 10:00:00;NORDESTE;SUDESTE/CENTRO-OESTE;-156.85
2024-04-01 11:00:00;NORDESTE;SUDESTE/CENTRO-OESTE;23.386
2024-04-01 12:00:00;NORDESTE;SUDESTE/CENTRO-OESTE;297.628
2024-04-01 13:00:00;NORDESTE;SUDESTE/CENTRO-OESTE;209.195
2024-04-01 14:00:00;NORDESTE;SUDESTE/CENTRO-OESTE;102.774
2024-04-01 15:00:00;NORDESTE;SUDESTE/CENTRO-OESTE;810.072
2024-04-01 16:00:00;NORDESTE;SUDESTE/CENTRO-OESTE;538.653
2024-04-01 17:00:00;NORDESTE;SUDESTE/CENTRO-OESTE;617.091
2024-04-01 18:00:00;NORDESTE;SUDESTE/CENTRO-OESTE;598.22299999
2024-04-01 19:00:00;NORDESTE;SUDESTE/CENTRO-OESTE;695.88199999
2024-04-01 20:00:00;NORDESTE;SUDESTE/CENTRO-OESTE;548.467
2024-04-01 21:00:00;NORDESTE;SUDESTE/CENTRO-OESTE;238.572
2024-04-01 22:00:00;NORDESTE;SUDESTE/CENTRO-OESTE;110.997
2024-04-01 23:00:00;NORDESTE;SUDESTE/CENTRO-OESTE;-59.308
2024-04-02 00:00:00;NORDESTE;SUDESTE/CENTRO-OESTE;-506.968
2024-04-02 01:00:00;NORDESTE;SUDESTE/CENTRO-OESTE;-1103.86999999
2024-04-02 02:00:00;NORDESTE;SUDESTE/CENTRO-OESTE;-1784.581
2024-04-02 03:00:00;NORDESTE;SUDESTE/CENTRO-OESTE;-2029.271
2024-04-02 04:00:00;NORDESTE;SUDESTE/CENTRO-OESTE;-2095.31
2024-04-02 05:00:00;NORDESTE;SUDESTE/CENTRO-OESTE;-1822.126
2024-04-02 06:00:00;NORDESTE;SUDESTE/CENTRO-OESTE;-347.151
2024-04-02 07:00:00;NORDESTE;SUDESTE/CENTRO-OESTE;869.34
2024-04-02 08:00:00;NORDESTE;SUDESTE/CENTRO-OESTE;1162.166
2024-04-02 09:00:00;NORDESTE;SUDESTE/CENTRO-OESTE;737.877
2024-04-02 10:00:00;NORDESTE;SUDESTE/CENTRO-OESTE;439.281
2024-04-02 11:00:00;NORDESTE;SUDESTE/CENTRO-OESTE;734.193
2024-04-02 12:00:00;NORDESTE;SUDESTE/CENTRO-OESTE;730.815
2024-04-02 13:00:00;NORDESTE;SUDESTE/CENTRO-OESTE;660.457
2024-04-02 14:00:00;NORDESTE;SUDESTE/CENTRO-OESTE;661.22799999
2024-04-02 15:00:00;NORDESTE;SUDESTE/CENTRO-OESTE;1122.371
2024-04-02 16:00:00;NORDESTE;SUDESTE/CENTRO-OESTE;792.802
2024-04-02 17:00:00;NORDESTE;SUDESTE/CENTRO-OESTE;408.967
2024-04-02 18:00:00;NORDESTE;SUDESTE/CENTRO-OESTE;209.489
2024-04-02 19:00:00;NORDESTE;SUDESTE/CENTRO-OESTE;198.559
2024-04-02 20:00:00;NORDESTE;SUDESTE/CENTRO-OESTE;184.90199999
2024-04-02 21:00:00;NORDESTE;SUDESTE/CENTRO-OESTE;-114.532
2024-04-02 22:00:00;NORDESTE;SUDESTE/CENTRO-OESTE;-626.915
2024-04-02 23:00:00;NORDESTE;SUDESTE/CENTRO-OESTE;-901.602
2024-04-03 00:00:00;NORDESTE;SUDESTE/CENTRO-OESTE;-846.447
2024-04-03 01:00:00;NORDESTE;SUDESTE/CENTRO-OESTE;-1295.52399999
2024-04-03 02:00:00;NORDESTE;SUDESTE/CENTRO-OESTE;-2170.789
2024-04-03 03:00:00;NORDESTE;SUDESTE/CENTRO-OESTE;-2106.482
2024-04-03 04:00:00;NORDESTE;SUDESTE/CENTRO-OESTE;-1688.976
2024-04-03 05:00:00;NORDESTE;SUDESTE/CENTRO-OESTE;-740.919
2024-04-03 06:00:00;NORDESTE;SUDESTE/CENTRO-OESTE;1017.787
2024-04-03 07:00:00;NORDESTE;SUDESTE/CENTRO-OESTE;1523.243
2024-04-03 08:00:00;NORDESTE;SUDESTE/CENTRO-OESTE;799.942
2024-04-03 09:00:00;NORDESTE;SUDESTE/CENTRO-OESTE;989.506
2024-04-03 10:00:00;NORDESTE;SUDESTE/CENTRO-OESTE;787.585
2024-04-03 11:00:00;NORDESTE;SUDESTE/CENTRO-OESTE;1110.77299999
2024-04-03 12:00:00;NORDESTE;SUDESTE/CENTRO-OESTE;891.911
2024-04-03 13:00:00;NORDESTE;SUDESTE/CENTRO-OESTE;761.861
2024-04-03 14:00:00;NORDESTE;SUDESTE/CENTRO-OESTE;505.324
2024-04-03 15:00:00;NORDESTE;SUDESTE/CENTRO-OESTE;569.665
2024-04-03 16:00:00;NORDESTE;SUDESTE/CENTRO-OESTE;103.497
2024-04-03 17:00:00;NORDESTE;SUDESTE/CENTRO-OESTE;-227.715
2024-04-03 18:00:00;NORDESTE;SUDESTE/CENTRO-OESTE;-26.098
2024-04-03 19:00:00;NORDESTE;SUDESTE/CENTRO-OESTE;-70.166
2024-04-03 20:00:00;NORDESTE;SUDESTE/CENTRO-OESTE;-121.134
2024-04-03 21:00:00;NORDESTE;SUDESTE/CENTRO-OESTE;-395.855
2024-04-03 22:00:00;NORDESTE;SUDESTE/CENTRO-OESTE;-528.806
2024-04-03 23:00:00;NORDESTE;SUDESTE/CENTRO-OESTE;-505.668
2024-04-04 00:00:00;NORDESTE;SUDESTE/CENTRO-OESTE;-347.983
2024-04-04 01:00:00;NORDESTE;SUDESTE/CENTRO-OESTE;-714.478
2024-04-04 02:00:00;NORDESTE;SUDESTE/CENTRO-OESTE;-1165.07099999
2024-04-04 03:00:00;NORDESTE;SUDESTE/CENTRO-OESTE;-1573.938
2024-04-04 04:00:00;NORDESTE;SUDESTE/CENTRO-OESTE;-1211.162
2024-04-04 05:00:00;NORDESTE;SUDESTE/CENTRO-OESTE;-686.50199999
2024-04-04 06:00:00;NORDESTE;SUDESTE/CENTRO-OESTE;945.989
2024-04-04 07:00:00;NORDESTE;SUDESTE/CENTRO-OESTE;577.488
2024-04-04 08:00:00;NORDESTE;SUDESTE/CENTRO-OESTE;129.19999999
2024-04-04 09:00:00;NORDESTE;SUDESTE/CENTRO-OESTE;289.669
2024-04-04 10:00:00;NORDESTE;SUDESTE/CENTRO-OESTE;462.587
2024-04-04 11:00:00;NORDESTE;SUDESTE/CENTRO-OESTE;611.164
2024-04-04 12:00:00;NORDESTE;SUDESTE/CENTRO-OESTE;740.927
2024-04-04 13:00:00;NORDESTE;SUDESTE/CENTRO-OESTE;712.216
2024-04-04 14:00:00;NORDESTE;SUDESTE/CENTRO-OESTE;295.73899999
2024-04-04 15:00:00;NORDESTE;SUDESTE/CENTRO-OESTE;1263.627
2024-04-04 16:00:00;NORDESTE;SUDESTE/CENTRO-OESTE;1194.10999999
2024-04-04 17:00:00;NORDESTE;SUDESTE/CENTRO-OESTE;714.03599999
2024-04-04 18:00:00;NORDESTE;SUDESTE/CENTRO-OESTE;1041.18599999
2024-04-04 19:00:00;NORDESTE;SUDESTE/CENTRO-OESTE;1289.262
2024-04-04 20:00:00;NORDESTE;SUDESTE/CENTRO-OESTE;1164.602
2024-04-04 21:00:00;NORDESTE;SUDESTE/CENTRO-OESTE;1093.694
2024-04-04 22:00:00;NORDESTE;SUDESTE/CENTRO-OESTE;1323.972
2024-04-04 23:00:00;NORDESTE;SUDESTE/CENTRO-OESTE;2333.697
2024-04-05 00:00:00;NORDESTE;SUDESTE/CENTRO-OESTE;2644.254
2024-04-05 01:00:00;NORDESTE;SUDESTE/CENTRO-OESTE;2300.299
2024-04-05 02:00:00;NORDESTE;SUDESTE/CENTRO-OESTE;2122.916
2024-04-05 03:00:00;NORDESTE;SUDESTE/CENTRO-OESTE;1389.775
2024-04-05 04:00:00;NORDESTE;SUDESTE/CENTRO-OESTE;426.722
2024-04-05 05:00:00;NORDESTE;SUDESTE/CENTRO-OESTE;75.023
2024-04-05 06:00:00;NORDESTE;SUDESTE/CENTRO-OESTE;699.096
2024-04-05 07:00:00;NORDESTE;SUDESTE/CENTRO-OESTE;1752.928
2024-04-05 08:00:00;NORDESTE;SUDESTE/CENTRO-OESTE;2153.811
2024-04-05 09:00:00;NORDESTE;SUDESTE/CENTRO-OESTE;2738.454
2024-04-05 10:00:00;NORDESTE;SUDESTE/CENTRO-OESTE;2717.494
2024-04-05 11:00:00;NORDESTE;SUDESTE/CENTRO-OESTE;2306.376
2024-04-05 12:00:00;NORDESTE;SUDESTE/CENTRO-OESTE;1992.434
2024-04-05 13:00:00;NORDESTE;SUDESTE/CENTRO-OESTE;1635.095
2024-04-05 14:00:00;NORDESTE;SUDESTE/CENTRO-OESTE;1441.749
2024-04-05 15:00:00;NORDESTE;SUDESTE/CENTRO-OESTE;1427.838
2024-04-05 16:00:00;NORDESTE;SUDESTE/CENTRO-OESTE;2132.424
2024-04-05 17:00:00;NORDESTE;SUDESTE/CENTRO-OESTE;2257.135
2024-04-05 18:00:00;NORDESTE;SUDESTE/CENTRO-OESTE;2569.808
2024-04-05 19:00:00;NORDESTE;SUDESTE/CENTRO-OESTE;2486.036
2024-04-05 20:00:00;NORDESTE;SUDESTE/CENTRO-OESTE;2492.414
2024-04-05 21:00:00;NORDESTE;SUDESTE/CENTRO-OESTE;2387.955
2024-04-05 22:00:00;NORDESTE;SUDESTE/CENTRO-OESTE;2649.224
2024-04-05 23:00:00;NORDESTE;SUDESTE/CENTRO-OESTE;2063.495
2024-04-06 00:00:00;NORDESTE;SUDESTE/CENTRO-OESTE;2402.605
2024-04-06 01:00:00;NORDESTE;SUDESTE/CENTRO-OESTE;1902.523
2024-04-06 02:00:00;NORDESTE;SUDESTE/CENTRO-OESTE;1271.992
2024-04-06 03:00:00;NORDESTE;SUDESTE/CENTRO-OESTE;1498.848
2024-04-06 04:00:00;NORDESTE;SUDESTE/CENTRO-OESTE;1424.295
2024-04-06 05:00:00;NORDESTE;SUDESTE/CENTRO-OESTE;2041.734
2024-04-06 06:00:00;NORDESTE;SUDESTE/CENTRO-OESTE;2665.03699999
2024-04-06 07:00:00;NORDESTE;SUDESTE/CENTRO-OESTE;3068.621
2024-04-06 08:00:00;NORDESTE;SUDESTE/CENTRO-OESTE;3835.931
2024-04-06 09:00:00;NORDESTE;SUDESTE/CENTRO-OESTE;4008.644
2024-04-06 10:00:00;NORDESTE;SUDESTE/CENTRO-OESTE;3283.678
2024-04-06 11:00:00;NORDESTE;SUDESTE/CENTRO-OESTE;2524.327
2024-04-06 12:00:00;NORDESTE;SUDESTE/CENTRO-OESTE;2030.064
2024-04-06 13:00:00;NORDESTE;SUDESTE/CENTRO-OESTE;2005.308
2024-04-06 14:00:00;NORDESTE;SUDESTE/CENTRO-OESTE;2320.496
2024-04-06 15:00:00;NORDESTE;SUDESTE/CENTRO-OESTE;2610.242
2024-04-06 16:00:00;NORDESTE;SUDESTE/CENTRO-OESTE;2534.826
2024-04-06 17:00:00;NORDESTE;SUDESTE/CENTRO-OESTE;2176.356
2024-04-06 18:00:00;NORDESTE;SUDESTE/CENTRO-OESTE;2559.789
2024-04-06 19:00:00;NORDESTE;SUDESTE/CENTRO-OESTE;3026.223
2024-04-06 20:00:00;NORDESTE;SUDESTE/CENTRO-OESTE;3753.686
2024-04-06 21:00:00;NORDESTE;SUDESTE/CENTRO-OESTE;3891.666
2024-04-06 22:00:00;NORDESTE;SUDESTE/CENTRO-OESTE;3769.059
2024-04-06 23:00:00;NORDESTE;SUDESTE/CENTRO-OESTE;3091.614
2024-04-07 00:00:00;NORDESTE;SUDESTE/CENTRO-OESTE;3003.335
2024-04-07 01:00:00;NORDESTE;SUDESTE/CENTRO-OESTE;2894.79799999
2024-04-07 02:00:00;NORDESTE;SUDESTE/CENTRO-OESTE;2717.26
2024-04-07 03:00:00;NORDESTE;SUDESTE/CENTRO-OESTE;2603.079
2024-04-07 04:00:00;NORDESTE;SUDESTE/CENTRO-OESTE;2365.29
2024-04-07 05:00:00;NORDESTE;SUDESTE/CENTRO-OESTE;2510.689
2024-04-07 06:00:00;NORDESTE;SUDESTE/CENTRO-OESTE;3641.028
2024-04-07 07:00:00;NORDESTE;SUDESTE/CENTRO-OESTE;4247.439
2024-04-07 08:00:00;NORDESTE;SUDESTE/CENTRO-OESTE;4970.52499999
2024-04-07 09:00:00;NORDESTE;SUDESTE/CENTRO-OESTE;4875.794
2024-04-07 10:00:00;NORDESTE;SUDESTE/CENTRO-OESTE;3968.907
2024-04-07 11:00:00;NORDESTE;SUDESTE/CENTRO-OESTE;3165.397
2024-04-07 12:00:00;NORDESTE;SUDESTE/CENTRO-OESTE;2915.368
2024-04-07 13:00:00;NORDESTE;SUDESTE/CENTRO-OESTE;2597.466
2024-04-07 14:00:00;NORDESTE;SUDESTE/CENTRO-OESTE;2552.451
2024-04-07 15:00:00;NORDESTE;SUDESTE/CENTRO-OESTE;2353.879
2024-04-07 16:00:00;NORDESTE;SUDESTE/CENTRO-OESTE;2677.163
2024-04-07 17:00:00;NORDESTE;SUDESTE/CENTRO-OESTE;2950.104
2024-04-07 18:00:00;NORDESTE;SUDESTE/CENTRO-OESTE;3744.218
2024-04-07 19:00:00;NORDESTE;SUDESTE/CENTRO-OESTE;4458.868
2024-04-07 20:00:00;NORDESTE;SUDESTE/CENTRO-OESTE;4582.22099999
2024-04-07 21:00:00;NORDESTE;SUDESTE/CENTRO-OESTE;4660.621
2024-04-07 22:00:00;NORDESTE;SUDESTE/CENTRO-OESTE;4774.483
2024-04-07 23:00:00;NORDESTE;SUDESTE/CENTRO-OESTE;4586.312
2024-04-08 00:00:00;NORDESTE;SUDESTE/CENTRO-OESTE;5067.47099999
2024-04-08 01:00:00;NORDESTE;SUDESTE/CENTRO-OESTE;5169.539
2024-04-08 02:00:00;NORDESTE;SUDESTE/CENTRO-OESTE;5017.048
2024-04-08 03:00:00;NORDESTE;SUDESTE/CENTRO-OESTE;5236.674
2024-04-08 04:00:00;NORDESTE;SUDESTE/CENTRO-OESTE;5291.31
2024-04-08 05:00:00;NORDESTE;SUDESTE/CENTRO-OESTE;5244.39
2024-04-08 06:00:00;NORDESTE;SUDESTE/CENTRO-OESTE;5469.876
2024-04-08 07:00:00;NORDESTE;SUDESTE/CENTRO-OESTE;5151.836
2024-04-08 08:00:00;NORDESTE;SUDESTE/CENTRO-OESTE;4735.20799999
2024-04-08 09:00:00;NORDESTE;SUDESTE/CENTRO-OESTE;4324.89099999
2024-04-08 10:00:00;NORDESTE;SUDESTE/CENTRO-OESTE;4140.753
2024-04-08 11:00:00;NORDESTE;SUDESTE/CENTRO-OESTE;3626.579
2024-04-08 12:00:00;NORDESTE;SUDESTE/CENTRO-OESTE;2747.161
2024-04-08 13:00:00;NORDESTE;SUDESTE/CENTRO-OESTE;2005.919
2024-04-08 14:00:00;NORDESTE;SUDESTE/CENTRO-OESTE;1304.214
2024-04-08 15:00:00;NORDESTE;SUDESTE/CENTRO-OESTE;1148.117
2024-04-08 16:00:00;NORDESTE;SUDESTE/CENTRO-OESTE;954.271
2024-04-08 17:00:00;NORDESTE;SUDESTE/CENTRO-OESTE;813.544
2024-04-08 18:00:00;NORDESTE;SUDESTE/CENTRO-OESTE;1640.772
2024-04-08 19:00:00;NORDESTE;SUDESTE/CENTRO-OESTE;2898.24899999
2024-04-08 20:00:00;NORDESTE;SUDESTE/CENTRO-OESTE;3534.388
2024-04-08 21:00:00;NORDESTE;SUDESTE/CENTRO-OESTE;3214.742
2024-04-08 22:00:00;NORDESTE;SUDESTE/CENTRO-OESTE;2375.766
2024-04-08 23:00:00;NORDESTE;SUDESTE/CENTRO-OESTE;1958.198
2024-04-09 00:00:00;NORDESTE;SUDESTE/CENTRO-OESTE;1768.936
2024-04-09 01:00:00;NORDESTE;SUDESTE/CENTRO-OESTE;1591.14
2024-04-09 02:00:00;NORDESTE;SUDESTE/CENTRO-OESTE;2015.43
2024-04-09 03:00:00;NORDESTE;SUDESTE/CENTRO-OESTE;2046.728
2024-04-09 04:00:00;NORDESTE;SUDESTE/CENTRO-OESTE;2358.73
2024-04-09 05:00:00;NORDESTE;SUDESTE/CENTRO-OESTE;2757.419
2024-04-09 06:00:00;NORDESTE;SUDESTE/CENTRO-OESTE;3235.619
2024-04-09 07:00:00;NORDESTE;SUDESTE/CENTRO-OESTE;3698.277
2024-04-09 08:00:00;NORDESTE;SUDESTE/CENTRO-OESTE;3781.093
2024-04-09 09:00:00;NORDESTE;SUDESTE/CENTRO-OESTE;3216.68199999
2024-04-09 10:00:00;NORDESTE;SUDESTE/CENTRO-OESTE;2727.418
2024-04-09 11:00:00;NORDESTE;SUDESTE/CENTRO-OESTE;2340.353
2024-04-09 12:00:00;NORDESTE;SUDESTE/CENTRO-OESTE;2284.014
2024-04-09 13:00:00;NORDESTE;SUDESTE/CENTRO-OESTE;1884.895
2024-04-09 14:00:00;NORDESTE;SUDESTE/CENTRO-OESTE;1080.49399999
2024-04-09 15:00:00;NORDESTE;SUDESTE/CENTRO-OESTE;604.703
2024-04-09 16:00:00;NORDESTE;SUDESTE/CENTRO-OESTE;843.606
2024-04-09 17:00:00;NORDESTE;SUDESTE/CENTRO-OESTE;612.391
2024-04-09 18:00:00;NORDESTE;SUDESTE/CENTRO-OESTE;1299.843
2024-04-09 19:00:00;NORDESTE;SUDESTE/CENTRO-OESTE;1386.994
2024-04-09 20:00:00;NORDESTE;SUDESTE/CENTRO-OESTE;1721.556
2024-04-09 21:00:00;NORDESTE;SUDESTE/CENTRO-OESTE;1753.765
2024-04-09 22:00:00;NORDESTE;SUDESTE/CENTRO-OESTE;2052.716
2024-04-09 23:00:00;NORDESTE;SUDESTE/CENTRO-OESTE;2439.957
2024-04-10 00:00:00;NORDESTE;SUDESTE/CENTRO-OESTE;3212.111
2024-04-10 01:00:00;NORDESTE;SUDESTE/CENTRO-OESTE;3201.265
2024-04-10 02:00:00;NORDESTE;SUDESTE/CENTRO-OESTE;2811.546
2024-04-10 03:00:00;NORDESTE;SUDESTE/CENTRO-OESTE;1988.675
2024-04-10 04:00:00;NORDESTE;SUDESTE/CENTRO-OESTE;1123.458
2024-04-10 05:00:00;NORDESTE;SUDESTE/CENTRO-OESTE;290.692
2024-04-10 06:00:00;NORDESTE;SUDESTE/CENTRO-OESTE;622.312
2024-04-10 07:00:00;NORDESTE;SUDESTE/CENTRO-OESTE;665.633
2024-04-10 08:00:00;NORDESTE;SUDESTE/CENTRO-OESTE;614.403
2024-04-10 09:00:00;NORDESTE;SUDESTE/CENTRO-OESTE;430.939
2024-04-10 10:00:00;NORDESTE;SUDESTE/CENTRO-OESTE;465.675
2024-04-10 11:00:00;NORDESTE;SUDESTE/CENTRO-OESTE;594.267
2024-04-10 12:00:00;NORDESTE;SUDESTE/CENTRO-OESTE;682.607
2024-04-10 13:00:00;NORDESTE;SUDESTE/CENTRO-OESTE;612.798
2024-04-10 14:00:00;NORDESTE;SUDESTE/CENTRO-OESTE;931.446
2024-04-10 15:00:00;NORDESTE;SUDESTE/CENTRO-OESTE;516.16999999
2024-04-10 16:00:00;NORDESTE;SUDESTE/CENTRO-OESTE;160.999
2024-04-10 17:00:00;NORDESTE;SUDESTE/CENTRO-OESTE;334.197
2024-04-10 18:00:00;NORDESTE;SUDESTE/CENTRO-OESTE;1139.962
2024-04-10 19:00:00;NORDESTE;SUDESTE/CENTRO-OESTE;1512.589
2024-04-10 20:00:00;NORDESTE;SUDESTE/CENTRO-OESTE;1990.568
2024-04-10 21:00:00;NORDESTE;SUDESTE/CENTRO-OESTE;2161.358
2024-04-10 22:00:00;NORDESTE;SUDESTE/CENTRO-OESTE;1621.315
2024-04-10 23:00:00;NORDESTE;SUDESTE/CENTRO-OESTE;1299.325
2024-04-11 00:00:00;NORDESTE;SUDESTE/CENTRO-OESTE;646.043
2024-04-11 01:00:00;NORDESTE;SUDESTE/CENTRO-OESTE;-233.803
2024-04-11 02:00:00;NORDESTE;SUDESTE/CENTRO-OESTE;-333.25
2024-04-11 03:00:00;NORDESTE;SUDESTE/CENTRO-OESTE;-659.881
2024-04-11 04:00:00;NORDESTE;SUDESTE/CENTRO-OESTE;-926.312
2024-04-11 05:00:00;NORDESTE;SUDESTE/CENTRO-OESTE;-1189.695
2024-04-11 06:00:00;NORDESTE;SUDESTE/CENTRO-OESTE;-178.837
2024-04-11 07:00:00;NORDESTE;SUDESTE/CENTRO-OESTE;980.417
2024-04-11 08:00:00;NORDESTE;SUDESTE/CENTRO-OESTE;1099.424
2024-04-11 09:00:00;NORDESTE;SUDESTE/CENTRO-OESTE;495.508
2024-04-11 10:00:00;NORDESTE;SUDESTE/CENTRO-OESTE;392.889
2024-04-11 11:00:00;NORDESTE;SUDESTE/CENTRO-OESTE;427.923
2024-04-11 12:00:00;NORDESTE;SUDESTE/CENTRO-OESTE;974.188
2024-04-11 13:00:00;NORDESTE;SUDESTE/CENTRO-OESTE;993.973
2024-04-11 14:00:00;NORDESTE;SUDESTE/CENTRO-OESTE;1118.915
2024-04-11 15:00:00;NORDESTE;SUDESTE/CENTRO-OESTE;1519.161
2024-04-11 16:00:00;NORDESTE;SUDESTE/CENTRO-OESTE;850.654
2024-04-11 17:00:00;NORDESTE;SUDESTE/CENTRO-OESTE;569.672
2024-04-11 18:00:00;NORDESTE;SUDESTE/CENTRO-OESTE;1272.832
2024-04-11 19:00:00;NORDESTE;SUDESTE/CENTRO-OESTE;1889.03
2024-04-11 20:00:00;NORDESTE;SUDESTE/CENTRO-OESTE;2511.429
2024-04-11 21:00:00;NORDESTE;SUDESTE/CENTRO-OESTE;2997.385
2024-04-11 22:00:00;NORDESTE;SUDESTE/CENTRO-OESTE;3680.463
2024-04-11 23:00:00;NORDESTE;SUDESTE/CENTRO-OESTE;3791.405
2024-04-12 00:00:00;NORDESTE;SUDESTE/CENTRO-OESTE;2787.515
2024-04-12 01:00:00;NORDESTE;SUDESTE/CENTRO-OESTE;2272.05
2024-04-12 02:00:00;NORDESTE;SUDESTE/CENTRO-OESTE;1851.479
2024-04-12 03:00:00;NORDESTE;SUDESTE/CENTRO-OESTE;1551.887
2024-04-12 04:00:00;NORDESTE;SUDESTE/CENTRO-OESTE;1395.404
2024-04-12 05:00:00;NORDESTE;SUDESTE/CENTRO-OESTE;1539.665
2024-04-12 06:00:00;NORDESTE;SUDESTE/CENTRO-OESTE;2413.04599999
2024-04-12 07:00:00;NORDESTE;SUDESTE/CENTRO-OESTE;2633.411
2024-04-12 08:00:00;NORDESTE;SUDESTE/CENTRO-OESTE;2404.24699999
2024-04-12 09:00:00;NORDESTE;SUDESTE/CENTRO-OESTE;2401.898
2024-04-12 10:00:00;NORDESTE;SUDESTE/CENTRO-OESTE;2335.275
2024-04-12 11:00:00;NORDESTE;SUDESTE/CENTRO-OESTE;2276.873
2024-04-12 12:00:00;NORDESTE;SUDESTE/CENTRO-OESTE;2035.193
2024-04-12 13:00:00;NORDESTE;SUDESTE/CENTRO-OESTE;2167.203
2024-04-12 14:00:00;NORDESTE;SUDESTE/CENTRO-OESTE;2319.55
2024-04-12 15:00:00;NORDESTE;SUDESTE/CENTRO-OESTE;2116.484
2024-04-12 16:00:00;NORDESTE;SUDESTE/CENTRO-OESTE;1833.002
2024-04-12 17:00:00;NORDESTE;SUDESTE/CENTRO-OESTE;1894.315
2024-04-12 18:00:00;NORDESTE;SUDESTE/CENTRO-OESTE;2945.224
2024-04-12 19:00:00;NORDESTE;SUDESTE/CENTRO-OESTE;3563.88
2024-04-12 20:00:00;NORDESTE;SUDESTE/CENTRO-OESTE;3784.94
2024-04-12 21:00:00;NORDESTE;SUDESTE/CENTRO-OESTE;3612.996
2024-04-12 22:00:00;NORDESTE;SUDESTE/CENTRO-OESTE;3209.733
2024-04-12 23:00:00;NORDESTE;SUDESTE/CENTRO-OESTE;3179.69
2024-04-13 00:00:00;NORDESTE;SUDESTE/CENTRO-OESTE;2970.214
2024-04-13 01:00:00;NORDESTE;SUDESTE/CENTRO-OESTE;2801.138
2024-04-13 02:00:00;NORDESTE;SUDESTE/CENTRO-OESTE;3100.514
2024-04-13 03:00:00;NORDESTE;SUDESTE/CENTRO-OESTE;3382.58
2024-04-13 04:00:00;NORDESTE;SUDESTE/CENTRO-OESTE;3437.141
2024-04-13 05:00:00;NORDESTE;SUDESTE/CENTRO-OESTE;3763.782
2024-04-13 06:00:00;NORDESTE;SUDESTE/CENTRO-OESTE;4764.838
2024-04-13 07:00:00;NORDESTE;SUDESTE/CENTRO-OESTE;5165.426
2024-04-13 08:00:00;NORDESTE;SUDESTE/CENTRO-OESTE;5182.32
2024-04-13 09:00:00;NORDESTE;SUDESTE/CENTRO-OESTE;5136.189
2024-04-13 10:00:00;NORDESTE;SUDESTE/CENTRO-OESTE;4881.521
2024-04-13 11:00:00;NORDESTE;SUDESTE/CENTRO-OESTE;4728.187
2024-04-13 12:00:00;NORDESTE;SUDESTE/CENTRO-OESTE;3908.213
2024-04-13 13:00:00;NORDESTE;SUDESTE/CENTRO-OESTE;3682.917
2024-04-13 14:00:00;NORDESTE;SUDESTE/CENTRO-OESTE;3465.332
2024-04-13 15:00:00;NORDESTE;SUDESTE/CENTRO-OESTE;3355.991
2024-04-13 16:00:00;NORDESTE;SUDESTE/CENTRO-OESTE;3176.684
2024-04-13 17:00:00;NORDESTE;SUDESTE/CENTRO-OESTE;3041.431
2024-04-13 18:00:00;NORDESTE;SUDESTE/CENTRO-OESTE;3913.889
2024-04-13 19:00:00;NORDESTE;SUDESTE/CENTRO-OESTE;4165.58299999
2024-04-13 20:00:00;NORDESTE;SUDESTE/CENTRO-OESTE;4333.207
2024-04-13 21:00:00;NORDESTE;SUDESTE/CENTRO-OESTE;4396.84199999
2024-04-13 22:00:00;NORDESTE;SUDESTE/CENTRO-OESTE;4572.93999999
2024-04-13 23:00:00;NORDESTE;SUDESTE/CENTRO-OESTE;4294.67199999
2024-04-14 00:00:00;NORDESTE;SUDESTE/CENTRO-OESTE;4387.00699999
2024-04-14 01:00:00;NORDESTE;SUDESTE/CENTRO-OESTE;4076.697
2024-04-14 02:00:00;NORDESTE;SUDESTE/CENTRO-OESTE;4092.285
2024-04-14 03:00:00;NORDESTE;SUDESTE/CENTRO-OESTE;3941.774
2024-04-14 04:00:00;NORDESTE;SUDESTE/CENTRO-OESTE;3595.493
2024-04-14 05:00:00;NORDESTE;SUDESTE/CENTRO-OESTE;3421.937
2024-04-14 06:00:00;NORDESTE;SUDESTE/CENTRO-OESTE;4525.237
2024-04-14 07:00:00;NORDESTE;SUDESTE/CENTRO-OESTE;5166.60099999
2024-04-14 08:00:00;NORDESTE;SUDESTE/CENTRO-OESTE;5268.935
2024-04-14 09:00:00;NORDESTE;SUDESTE/CENTRO-OESTE;4790.539
2024-04-14 10:00:00;NORDESTE;SUDESTE/CENTRO-OESTE;4288.157
2024-04-14 11:00:00;NORDESTE;SUDESTE/CENTRO-OESTE;3645.084
2024-04-14 12:00:00;NORDESTE;SUDESTE/CENTRO-OESTE;3172.356
2024-04-14 13:00:00;NORDESTE;SUDESTE/CENTRO-OESTE;2642.338
2024-04-14 14:00:00;NORDESTE;SUDESTE/CENTRO-OESTE;2525.315
2024-04-14 15:00:00;NORDESTE;SUDESTE/CENTRO-OESTE;2388.64
2024-04-14 16:00:00;NORDESTE;SUDESTE/CENTRO-OESTE;2359.07
2024-04-14 17:00:00;NORDESTE;SUDESTE/CENTRO-OESTE;1548.308
2024-04-14 18:00:00;NORDESTE;SUDESTE/CENTRO-OESTE;2893.88
2024-04-14 19:00:00;NORDESTE;SUDESTE/CENTRO-OESTE;4108.29
2024-04-14 20:00:00;NORDESTE;SUDESTE/CENTRO-OESTE;4268.587
2024-04-14 21:00:00;NORDESTE;SUDESTE/CENTRO-OESTE;4034.569
2024-04-14 22:00:00;NORDESTE;SUDESTE/CENTRO-OESTE;4093.051
2024-04-14 23:00:00;NORDESTE;SUDESTE/CENTRO-OESTE;3981.263
2024-04-15 00:00:00;NORDESTE;SUDESTE/CENTRO-OESTE;4209.345
2024-04-15 01:00:00;NORDESTE;SUDESTE/CENTRO-OESTE;3809.785
2024-04-15 02:00:00;NORDESTE;SUDESTE/CENTRO-OESTE;3757.599
2024-04-15 03:00:00;NORDESTE;SUDESTE/CENTRO-OESTE;3328.59499999
2024-04-15 04:00:00;NORDESTE;SUDESTE/CENTRO-OESTE;3549.889
2024-04-15 05:00:00;NORDESTE;SUDESTE/CENTRO-OESTE;4037.806
2024-04-15 06:00:00;NORDESTE;SUDESTE/CENTRO-OESTE;4417.24
2024-04-15 07:00:00;NORDESTE;SUDESTE/CENTRO-OESTE;4855.01599999
2024-04-15 08:00:00;NORDESTE;SUDESTE/CENTRO-OESTE;5009.464
2024-04-15 09:00:00;NORDESTE;SUDESTE/CENTRO-OESTE;4368.501
2024-04-15 10:00:00;NORDESTE;SUDESTE/CENTRO-OESTE;3385.94099999
2024-04-15 11:00:00;NORDESTE;SUDESTE/CENTRO-OESTE;3096.164
2024-04-15 12:00:00;NORDESTE;SUDESTE/CENTRO-OESTE;2818.459
2024-04-15 13:00:00;NORDESTE;SUDESTE/CENTRO-OESTE;2666.004
2024-04-15 14:00:00;NORDESTE;SUDESTE/CENTRO-OESTE;2488.516
2024-04-15 15:00:00;NORDESTE;SUDESTE/CENTRO-OESTE;1837.693
2024-04-15 16:00:00;NORDESTE;SUDESTE/CENTRO-OESTE;1479.744
2024-04-15 17:00:00;NORDESTE;SUDESTE/CENTRO-OESTE;1493.518
2024-04-15 18:00:00;NORDESTE;SUDESTE/CENTRO-OESTE;3261.971
2024-04-15 19:00:00;NORDESTE;SUDESTE/CENTRO-OESTE;3980.905
2024-04-15 20:00:00;NORDESTE;SUDESTE/CENTRO-OESTE;4086.942
2024-04-15 21:00:00;NORDESTE;SUDESTE/CENTRO-OESTE;4251.863
2024-04-15 22:00:00;NORDESTE;SUDESTE/CENTRO-OESTE;4279.823
2024-04-15 23:00:00;NORDESTE;SUDESTE/CENTRO-OESTE;3933.251
2024-04-16 00:00:00;NORDESTE;SUDESTE/CENTRO-OESTE;3873.479
2024-04-16 01:00:00;NORDESTE;SUDESTE/CENTRO-OESTE;4074.124
2024-04-16 02:00:00;NORDESTE;SUDESTE/CENTRO-OESTE;3997.127
2024-04-16 03:00:00;NORDESTE;SUDESTE/CENTRO-OESTE;3922.377
2024-04-16 04:00:00;NORDESTE;SUDESTE/CENTRO-OESTE;3748.81
2024-04-16 05:00:00;NORDESTE;SUDESTE/CENTRO-OESTE;3383.177
2024-04-16 06:00:00;NORDESTE;SUDESTE/CENTRO-OESTE;3809.865
2024-04-16 07:00:00;NORDESTE;SUDESTE/CENTRO-OESTE;4269.959
2024-04-16 08:00:00;NORDESTE;SUDESTE/CENTRO-OESTE;3250.55
2024-04-16 09:00:00;NORDESTE;SUDESTE/CENTRO-OESTE;3418.15299999
2024-04-16 10:00:00;NORDESTE;SUDESTE/CENTRO-OESTE;3188.731
2024-04-16 11:00:00;NORDESTE;SUDESTE/CENTRO-OESTE;2741.783
2024-04-16 12:00:00;NORDESTE;SUDESTE/CENTRO-OESTE;2714.202
2024-04-16 13:00:00;NORDESTE;SUDESTE/CENTRO-OESTE;2787.439
2024-04-16 14:00:00;NORDESTE;SUDESTE/CENTRO-OESTE;3001.314
2024-04-16 15:00:00;NORDESTE;SUDESTE/CENTRO-OESTE;3145.096
2024-04-16 16:00:00;NORDESTE;SUDESTE/CENTRO-OESTE;2562.489
2024-04-16 17:00:00;NORDESTE;SUDESTE/CENTRO-OESTE;2466.969
2024-04-16 18:00:00;NORDESTE;SUDESTE/CENTRO-OESTE;3594.727
2024-04-16 19:00:00;NORDESTE;SUDESTE/CENTRO-OESTE;4147.27499999
2024-04-16 20:00:00;NORDESTE;SUDESTE/CENTRO-OESTE;4563.914
2024-04-16 21:00:00;NORDESTE;SUDESTE/CENTRO-OESTE;4567.754
2024-04-16 22:00:00;NORDESTE;SUDESTE/CENTRO-OESTE;4658.039
2024-04-16 23:00:00;NORDESTE;SUDESTE/CENTRO-OESTE;3910.848
2024-04-17 00:00:00;NORDESTE;SUDESTE/CENTRO-OESTE;3960.75
2024-04-17 01:00:00;NORDESTE;SUDESTE/CENTRO-OESTE;3312.496
2024-04-17 02:00:00;NORDESTE;SUDESTE/CENTRO-OESTE;3320.328
2024-04-17 03:00:00;NORDESTE;SUDESTE/CENTRO-OESTE;3691.539
2024-04-17 04:00:00;NORDESTE;SUDESTE/CENTRO-OESTE;3740.412
2024-04-17 05:00:00;NORDESTE;SUDESTE/CENTRO-OESTE;4098.642
2024-04-17 06:00:00;NORDESTE;SUDESTE/CENTRO-OESTE;4759.164
2024-04-17 07:00:00;NORDESTE;SUDESTE/CENTRO-OESTE;4632.996
2024-04-17 08:00:00;NORDESTE;SUDESTE/CENTRO-OESTE;4655.484
2024-04-17 09:00:00;NORDESTE;SUDESTE/CENTRO-OESTE;3726.684
2024-04-17 10:00:00;NORDESTE;SUDESTE/CENTRO-OESTE;3051.359
2024-04-17 11:00:00;NORDESTE;SUDESTE/CENTRO-OESTE;3006.181
2024-04-17 12:00:00;NORDESTE;SUDESTE/CENTRO-OESTE;2984.156
2024-04-17 13:00:00;NORDESTE;SUDESTE/CENTRO-OESTE;2582.899
2024-04-17 14:00:00;NORDESTE;SUDESTE/CENTRO-OESTE;2192.818
2024-04-17 15:00:00;NORDESTE;SUDESTE/CENTRO-OESTE;1776.522
2024-04-17 16:00:00;NORDESTE;SUDESTE/CENTRO-OESTE;1510.728
2024-04-17 17:00:00;NORDESTE;SUDESTE/CENTRO-OESTE;1958.174
2024-04-17 18:00:00;NORDESTE;SUDESTE/CENTRO-OESTE;2958.743
2024-04-17 19:00:00;NORDESTE;SUDESTE/CENTRO-OESTE;3558.627
2024-04-17 20:00:00;NORDESTE;SUDESTE/CENTRO-OESTE;3581.282
2024-04-17 21:00:00;NORDESTE;SUDESTE/CENTRO-OESTE;3777.759
2024-04-17 22:00:00;NORDESTE;SUDESTE/CENTRO-OESTE;3768.495
2024-04-17 23:00:00;NORDESTE;SUDESTE/CENTRO-OESTE;3088.542
2024-04-18 00:00:00;NORDESTE;SUDESTE/CENTRO-OESTE;2765.313
2024-04-18 01:00:00;NORDESTE;SUDESTE/CENTRO-OESTE;2666.166
2024-04-18 02:00:00;NORDESTE;SUDESTE/CENTRO-OESTE;2472.311
2024-04-18 03:00:00;NORDESTE;SUDESTE/CENTRO-OESTE;2557.809
2024-04-18 04:00:00;NORDESTE;SUDESTE/CENTRO-OESTE;2474.112
2024-04-18 05:00:00;NORDESTE;SUDESTE/CENTRO-OESTE;2767.338
2024-04-18 06:00:00;NORDESTE;SUDESTE/CENTRO-OESTE;3458.793
2024-04-18 07:00:00;NORDESTE;SUDESTE/CENTRO-OESTE;3465.855
2024-04-18 08:00:00;NORDESTE;SUDESTE/CENTRO-OESTE;3310.412
2024-04-18 09:00:00;NORDESTE;SUDESTE/CENTRO-OESTE;2876.114
2024-04-18 10:00:00;NORDESTE;SUDESTE/CENTRO-OESTE;1738.178
2024-04-18 11:00:00;NORDESTE;SUDESTE/CENTRO-OESTE;1268.16799999
2024-04-18 12:00:00;NORDESTE;SUDESTE/CENTRO-OESTE;932.335
2024-04-18 13:00:00;NORDESTE;SUDESTE/CENTRO-OESTE;1135.06
2024-04-18 14:00:00;NORDESTE;SUDESTE/CENTRO-OESTE;1374.529
2024-04-18 15:00:00;NORDESTE;SUDESTE/CENTRO-OESTE;821.119
2024-04-18 16:00:00;NORDESTE;SUDESTE/CENTRO-OESTE;-230.495
2024-04-18 17:00:00;NORDESTE;SUDESTE/CENTRO-OESTE;512.879
2024-04-18 18:00:00;NORDESTE;SUDESTE/CENTRO-OESTE;2002.012
2024-04-18 19:00:00;NORDESTE;SUDESTE/CENTRO-OESTE;1999.344
2024-04-18 20:00:00;NORDESTE;SUDESTE/CENTRO-OESTE;2340.42
2024-04-18 21:00:00;NORDESTE;SUDESTE/CENTRO-OESTE;2417.058
2024-04-18 22:00:00;NORDESTE;SUDESTE/CENTRO-OESTE;2433.94
2024-04-18 23:00:00;NORDESTE;SUDESTE/CENTRO-OESTE;2143.569
2024-04-19 00:00:00;NORDESTE;SUDESTE/CENTRO-OESTE;2675.449
2024-04-19 01:00:00;NORDESTE;SUDESTE/CENTRO-OESTE;2604.085
2024-04-19 02:00:00;NORDESTE;SUDESTE/CENTRO-OESTE;2623.95899999
2024-04-19 03:00:00;NORDESTE;SUDESTE/CENTRO-OESTE;2511.873
2024-04-19 04:00:00;NORDESTE;SUDESTE/CENTRO-OESTE;2861.53
2024-04-19 05:00:00;NORDESTE;SUDESTE/CENTRO-OESTE;3611.098
2024-04-19 06:00:00;NORDESTE;SUDESTE/CENTRO-OESTE;3991.665
2024-04-19 07:00:00;NORDESTE;SUDESTE/CENTRO-OESTE;4190.621
2024-04-19 08:00:00;NORDESTE;SUDESTE/CENTRO-OESTE;3669.495
2024-04-19 09:00:00;NORDESTE;SUDESTE/CENTRO-OESTE;2633.181
2024-04-19 10:00:00;NORDESTE;SUDESTE/CENTRO-OESTE;2099.79
2024-04-19 11:00:00;NORDESTE;SUDESTE/CENTRO-OESTE;1278.935
2024-04-19 12:00:00;NORDESTE;SUDESTE/CENTRO-OESTE;649.54
2024-04-19 13:00:00;NORDESTE;SUDESTE/CENTRO-OESTE;646.71
2024-04-19 14:00:00;NORDESTE;SUDESTE/CENTRO-OESTE;283.084
2024-04-19 15:00:00;NORDESTE;SUDESTE/CENTRO-OESTE;-299.958
2024-04-19 16:00:00;NORDESTE;SUDESTE/CENTRO-OESTE;-370.987
2024-04-19 17:00:00;NORDESTE;SUDESTE/CENTRO-OESTE;302.187
2024-04-19 18:00:00;NORDESTE;SUDESTE/CENTRO-OESTE;2087.19999999
2024-04-19 19:00:00;NORDESTE;SUDESTE/CENTRO-OESTE;3267.606
2024-04-19 20:00:00;NORDESTE;SUDESTE/CENTRO-OESTE;3750.456
2024-04-19 21:00:00;NORDESTE;SUDESTE/CENTRO-OESTE;4035.268
2024-04-19 22:00:00;NORDESTE;SUDESTE/CENTRO-OESTE;4195.013
2024-04-19 23:00:00;NORDESTE;SUDESTE/CENTRO-OESTE;4083.271
2024-04-20 00:00:00;NORDESTE;SUDESTE/CENTRO-OESTE;3944.293
2024-04-20 01:00:00;NORDESTE;SUDESTE/CENTRO-OESTE;4234.884
2024-04-20 02:00:00;NORDESTE;SUDESTE/CENTRO-OESTE;4210.402
2024-04-20 03:00:00;NORDESTE;SUDESTE/CENTRO-OESTE;4311.84599999
2024-04-20 04:00:00;NORDESTE;SUDESTE/CENTRO-OESTE;4377.992
2024-04-20 05:00:00;NORDESTE;SUDESTE/CENTRO-OESTE;4307.63
2024-04-20 06:00:00;NORDESTE;SUDESTE/CENTRO-OESTE;4413.139
2024-04-20 07:00:00;NORDESTE;SUDESTE/CENTRO-OESTE;4586.743
2024-04-20 08:00:00;NORDESTE;SUDESTE/CENTRO-OESTE;3564.599
2024-04-20 09:00:00;NORDESTE;SUDESTE/CENTRO-OESTE;3652.984
2024-04-20 10:00:00;NORDESTE;SUDESTE/CENTRO-OESTE;3245.863
2024-04-20 11:00:00;NORDESTE;SUDESTE/CENTRO-OESTE;2746.058
2024-04-20 12:00:00;NORDESTE;SUDESTE/CENTRO-OESTE;2321.985
2024-04-20 13:00:00;NORDESTE;SUDESTE/CENTRO-OESTE;2093.237
2024-04-20 14:00:00;NORDESTE;SUDESTE/CENTRO-OESTE;1538.932
2024-04-20 15:00:00;NORDESTE;SUDESTE/CENTRO-OESTE;1826.04
2024-04-20 16:00:00;NORDESTE;SUDESTE/CENTRO-OESTE;1614.978
2024-04-20 17:00:00;NORDESTE;SUDESTE/CENTRO-OESTE;1565.772
2024-04-20 18:00:00;NORDESTE;SUDESTE/CENTRO-OESTE;2077.221
2024-04-20 19:00:00;NORDESTE;SUDESTE/CENTRO-OESTE;2881.257
2024-04-20 20:00:00;NORDESTE;SUDESTE/CENTRO-OESTE;3490.33
2024-04-20 21:00:00;NORDESTE;SUDESTE/CENTRO-OESTE;3864.966
2024-04-20 22:00:00;NORDESTE;SUDESTE/CENTRO-OESTE;3809.14
2024-04-20 23:00:00;NORDESTE;SUDESTE/CENTRO-OESTE;3213.333
2024-04-21 00:00:00;NORDESTE;SUDESTE/CENTRO-OESTE;3052.324
2024-04-21 01:00:00;NORDESTE;SUDESTE/CENTRO-OESTE;2803.131
2024-04-21 02:00:00;NORDESTE;SUDESTE/CENTRO-OESTE;3060.436
2024-04-21 03:00:00;NORDESTE;SUDESTE/CENTRO-OESTE;3067.989
2024-04-21 04:00:00;NORDESTE;SUDESTE/CENTRO-OESTE;3086.942
2024-04-21 05:00:00;NORDESTE;SUDESTE/CENTRO-OESTE;3499.856
2024-04-21 06:00:00;NORDESTE;SUDESTE/CENTRO-OESTE;3972.474
2024-04-21 07:00:00;NORDESTE;SUDESTE/CENTRO-OESTE;3835.828
2024-04-21 08:00:00;NORDESTE;SUDESTE/CENTRO-OESTE;2721.907
2024-04-21 09:00:00;NORDESTE;SUDESTE/CENTRO-OESTE;2062.806
2024-04-21 10:00:00;NORDESTE;SUDESTE/CENTRO-OESTE;1653.057
2024-04-21 11:00:00;NORDESTE;SUDESTE/CENTRO-OESTE;1310.76
2024-04-21 12:00:00;NORDESTE;SUDESTE/CENTRO-OESTE;1224.603
2024-04-21 13:00:00;NORDESTE;SUDESTE/CENTRO-OESTE;1135.058
2024-04-21 14:00:00;NORDESTE;SUDESTE/CENTRO-OESTE;1325.005
2024-04-21 15:00:00;NORDESTE;SUDESTE/CENTRO-OESTE;1762.428
2024-04-21 16:00:00;NORDESTE;SUDESTE/CENTRO-OESTE;1658.323
2024-04-21 17:00:00;NORDESTE;SUDESTE/CENTRO-OESTE;1971.152
2024-04-21 18:00:00;NORDESTE;SUDESTE/CENTRO-OESTE;3045.085
2024-04-21 19:00:00;NORDESTE;SUDESTE/CENTRO-OESTE;3794.771
2024-04-21 20:00:00;NORDESTE;SUDESTE/CENTRO-OESTE;4094.177
2024-04-21 21:00:00;NORDESTE;SUDESTE/CENTRO-OESTE;3991.706
2024-04-21 22:00:00;NORDESTE;SUDESTE/CENTRO-OESTE;3317.869
2024-04-21 23:00:00;NORDESTE;SUDESTE/CENTRO-OESTE;2289.081
2024-04-22 00:00:00;NORDESTE;SUDESTE/CENTRO-OESTE;1947.274
2024-04-22 01:00:00;NORDESTE;SUDESTE/CENTRO-OESTE;1974.0
2024-04-22 02:00:00;NORDESTE;SUDESTE/CENTRO-OESTE;1800.982
2024-04-22 03:00:00;NORDESTE;SUDESTE/CENTRO-OESTE;1836.854
2024-04-22 04:00:00;NORDESTE;SUDESTE/CENTRO-OESTE;1883.077
2024-04-22 05:00:00;NORDESTE;SUDESTE/CENTRO-OESTE;2290.301
2024-04-22 06:00:00;NORDESTE;SUDESTE/CENTRO-OESTE;3391.572
2024-04-22 07:00:00;NORDESTE;SUDESTE/CENTRO-OESTE;4060.975
2024-04-22 08:00:00;NORDESTE;SUDESTE/CENTRO-OESTE;3991.309
2024-04-22 09:00:00;NORDESTE;SUDESTE/CENTRO-OESTE;3404.71999999
2024-04-22 10:00:00;NORDESTE;SUDESTE/CENTRO-OESTE;3068.031
2024-04-22 11:00:00;NORDESTE;SUDESTE/CENTRO-OESTE;2606.889
2024-04-22 12:00:00;NORDESTE;SUDESTE/CENTRO-OESTE;2154.835
2024-04-22 13:00:00;NORDESTE;SUDESTE/CENTRO-OESTE;2052.876
2024-04-22 14:00:00;NORDESTE;SUDESTE/CENTRO-OESTE;2250.483
2024-04-22 15:00:00;NORDESTE;SUDESTE/CENTRO-OESTE;1928.579
2024-04-22 16:00:00;NORDESTE;SUDESTE/CENTRO-OESTE;1629.522
2024-04-22 17:00:00;NORDESTE;SUDESTE/CENTRO-OESTE;2523.429
2024-04-22 18:00:00;NORDESTE;SUDESTE/CENTRO-OESTE;3783.886
2024-04-22 19:00:00;NORDESTE;SUDESTE/CENTRO-OESTE;4022.567
2024-04-22 20:00:00;NORDESTE;SUDESTE/CENTRO-OESTE;4248.537
2024-04-22 21:00:00;NORDESTE;SUDESTE/CENTRO-OESTE;4244.674
2024-04-22 22:00:00;NORDESTE;SUDESTE/CENTRO-OESTE;4167.603
2024-04-22 23:00:00;NORDESTE;SUDESTE/CENTRO-OESTE;3980.53
2024-04-23 00:00:00;NORDESTE;SUDESTE/CENTRO-OESTE;3188.0
2024-04-23 01:00:00;NORDESTE;SUDESTE/CENTRO-OESTE;2651.281
2024-04-23 02:00:00;NORDESTE;SUDESTE/CENTRO-OESTE;2332.88
2024-04-23 03:00:00;NORDESTE;SUDESTE/CENTRO-OESTE;1679.513
2024-04-23 04:00:00;NORDESTE;SUDESTE/CENTRO-OESTE;1186.406
2024-04-23 05:00:00;NORDESTE;SUDESTE/CENTRO-OESTE;1368.21499999
2024-04-23 06:00:00;NORDESTE;SUDESTE/CENTRO-OESTE;2020.125
2024-04-23 07:00:00;NORDESTE;SUDESTE/CENTRO-OESTE;2580.549
2024-04-23 08:00:00;NORDESTE;SUDESTE/CENTRO-OESTE;2319.582
2024-04-23 09:00:00;NORDESTE;SUDESTE/CENTRO-OESTE;2094.308
2024-04-23 10:00:00;NORDESTE;SUDESTE/CENTRO-OESTE;1912.637
2024-04-23 11:00:00;NORDESTE;SUDESTE/CENTRO-OESTE;1530.606
2024-04-23 12:00:00;NORDESTE;SUDESTE/CENTRO-OESTE;1229.998
2024-04-23 13:00:00;NORDESTE;SUDESTE/CENTRO-OESTE;973.072
2024-04-23 14:00:00;NORDESTE;SUDESTE/CENTRO-OESTE;1024.501
2024-04-23 15:00:00;NORDESTE;SUDESTE/CENTRO-OESTE;380.368
2024-04-23 16:00:00;NORDESTE;SUDESTE/CENTRO-OESTE;-324.369
2024-04-23 17:00:00;NORDESTE;SUDESTE/CENTRO-OESTE;512.051
2024-04-23 18:00:00;NORDESTE;SUDESTE/CENTRO-OESTE;2593.11499999
2024-04-23 19:00:00;NORDESTE;SUDESTE/CENTRO-OESTE;3868.5
2024-04-23 20:00:00;NORDESTE;SUDESTE/CENTRO-OESTE;4104.179
2024-04-23 21:00:00;NORDESTE;SUDESTE/CENTRO-OESTE;4132.597
2024-04-23 22:00:00;NORDESTE;SUDESTE/CENTRO-OESTE;3874.738
2024-04-23 23:00:00;NORDESTE;SUDESTE/CENTRO-OESTE;3764.05
2024-04-24 00:00:00;NORDESTE;SUDESTE/CENTRO-OESTE;3982.838
2024-04-24 01:00:00;NORDESTE;SUDESTE/CENTRO-OESTE;3717.205
2024-04-24 02:00:00;NORDESTE;SUDESTE/CENTRO-OESTE;3380.133
2024-04-24 03:00:00;NORDESTE;SUDESTE/CENTRO-OESTE;2776.933
2024-04-24 04:00:00;NORDESTE;SUDESTE/CENTRO-OESTE;2513.099
2024-04-24 05:00:00;NORDESTE;SUDESTE/CENTRO-OESTE;2636.005
2024-04-24 06:00:00;NORDESTE;SUDESTE/CENTRO-OESTE;3232.675
2024-04-24 07:00:00;NORDESTE;SUDESTE/CENTRO-OESTE;3531.056
2024-04-24 08:00:00;NORDESTE;SUDESTE/CENTRO-OESTE;3754.589
2024-04-24 09:00:00;NORDESTE;SUDESTE/CENTRO-OESTE;3233.443
2024-04-24 10:00:00;NORDESTE;SUDESTE/CENTRO-OESTE;2784.399
2024-04-24 11:00:00;NORDESTE;SUDESTE/CENTRO-OESTE;2464.754
2024-04-24 12:00:00;NORDESTE;SUDESTE/CENTRO-OESTE;2212.679
2024-04-24 13:00:00;NORDESTE;SUDESTE/CENTRO-OESTE;2485.76
2024-04-24 14:00:00;NORDESTE;SUDESTE/CENTRO-OESTE;2385.674
2024-04-24 15:00:00;NORDESTE;SUDESTE/CENTRO-OESTE;1626.476
2024-04-24 16:00:00;NORDESTE;SUDESTE/CENTRO-OESTE;1045.04199999
2024-04-24 17:00:00;NORDESTE;SUDESTE/CENTRO-OESTE;1783.986
2024-04-24 18:00:00;NORDESTE;SUDESTE/CENTRO-OESTE;3002.649
2024-04-24 19:00:00;NORDESTE;SUDESTE/CENTRO-OESTE;3478.467
2024-04-24 20:00:00;NORDESTE;SUDESTE/CENTRO-OESTE;4166.066
2024-04-24 21:00:00;NORDESTE;SUDESTE/CENTRO-OESTE;4268.876
2024-04-24 22:00:00;NORDESTE;SUDESTE/CENTRO-OESTE;4150.017
2024-04-24 23:00:00;NORDESTE;SUDESTE/CENTRO-OESTE;4003.36
2024-04-25 00:00:00;NORDESTE;SUDESTE/CENTRO-OESTE;4092.75
2024-04-25 01:00:00;NORDESTE;SUDESTE/CENTRO-OESTE;3826.506
2024-04-25 02:00:00;NORDESTE;SUDESTE/CENTRO-OESTE;3533.101
2024-04-25 03:00:00;NORDESTE;SUDESTE/CENTRO-OESTE;3744.332
2024-04-25 04:00:00;NORDESTE;SUDESTE/CENTRO-OESTE;3821.742
2024-04-25 05:00:00;NORDESTE;SUDESTE/CENTRO-OESTE;4128.563
2024-04-25 06:00:00;NORDESTE;SUDESTE/CENTRO-OESTE;4138.48899999
2024-04-25 07:00:00;NORDESTE;SUDESTE/CENTRO-OESTE;3999.761
2024-04-25 08:00:00;NORDESTE;SUDESTE/CENTRO-OESTE;3573.608
2024-04-25 09:00:00;NORDESTE;SUDESTE/CENTRO-OESTE;3198.79799999
2024-04-25 10:00:00;NORDESTE;SUDESTE/CENTRO-OESTE;2665.78
2024-04-25 11:00:00;NORDESTE;SUDESTE/CENTRO-OESTE;2338.012
2024-04-25 12:00:00;NORDESTE;SUDESTE/CENTRO-OESTE;2973.399
2024-04-25 13:00:00;NORDESTE;SUDESTE/CENTRO-OESTE;3007.096
2024-04-25 14:00:00;NORDESTE;SUDESTE/CENTRO-OESTE;2429.458
2024-04-25 15:00:00;NORDESTE;SUDESTE/CENTRO-OESTE;2158.357
2024-04-25 16:00:00;NORDESTE;SUDESTE/CENTRO-OESTE;1337.549
2024-04-25 17:00:00;NORDESTE;SUDESTE/CENTRO-OESTE;1703.957
2024-04-25 18:00:00;NORDESTE;SUDESTE/CENTRO-OESTE;3663.572
2024-04-25 19:00:00;NORDESTE;SUDESTE/CENTRO-OESTE;4112.77
2024-04-25 20:00:00;NORDESTE;SUDESTE/CENTRO-OESTE;4290.115
2024-04-25 21:00:00;NORDESTE;SUDESTE/CENTRO-OESTE;4272.357
2024-04-25 22:00:00;NORDESTE;SUDESTE/CENTRO-OESTE;4284.782
2024-04-25 23:00:00;NORDESTE;SUDESTE/CENTRO-OESTE;3781.943
2024-04-26 00:00:00;NORDESTE;SUDESTE/CENTRO-OESTE;3237.602
2024-04-26 01:00:00;NORDESTE;SUDESTE/CENTRO-OESTE;3050.459
2024-04-26 02:00:00;NORDESTE;SUDESTE/CENTRO-OESTE;3144.669
2024-04-26 03:00:00;NORDESTE;SUDESTE/CENTRO-OESTE;3394.263
2024-04-26 04:00:00;NORDESTE;SUDESTE/CENTRO-OESTE;3459.679
2024-04-26 05:00:00;NORDESTE;SUDESTE/CENTRO-OESTE;4122.156
2024-04-26 06:00:00;NORDESTE;SUDESTE/CENTRO-OESTE;4547.42
2024-04-26 07:00:00;NORDESTE;SUDESTE/CENTRO-OESTE;3749.41
2024-04-26 08:00:00;NORDESTE;SUDESTE/CENTRO-OESTE;3083.748
2024-04-26 09:00:00;NORDESTE;SUDESTE/CENTRO-OESTE;2772.164
2024-04-26 10:00:00;NORDESTE;SUDESTE/CENTRO-OESTE;2768.718
2024-04-26 11:00:00;NORDESTE;SUDESTE/CENTRO-OESTE;3182.481
2024-04-26 12:00:00;NORDESTE;SUDESTE/CENTRO-OESTE;3481.943
2024-04-26 13:00:00;NORDESTE;SUDESTE/CENTRO-OESTE;3152.637
2024-04-26 14:00:00;NORDESTE;SUDESTE/CENTRO-OESTE;2885.204
2024-04-26 15:00:00;NORDESTE;SUDESTE/CENTRO-OESTE;2636.848
2024-04-26 16:00:00;NORDESTE;SUDESTE/CENTRO-OESTE;2615.692
2024-04-26 17:00:00;NORDESTE;SUDESTE/CENTRO-OESTE;2933.895
2024-04-26 18:00:00;NORDESTE;SUDESTE/CENTRO-OESTE;3792.352
2024-04-26 19:00:00;NORDESTE;SUDESTE/CENTRO-OESTE;4448.67199999
2024-04-26 20:00:00;NORDESTE;SUDESTE/CENTRO-OESTE;4749.019
2024-04-26 21:00:00;NORDESTE;SUDESTE/CENTRO-OESTE;4734.908
2024-04-26 22:00:00;NORDESTE;SUDESTE/CENTRO-OESTE;4626.837
2024-04-26 23:00:00;NORDESTE;SUDESTE/CENTRO-OESTE;4347.579
2024-04-27 00:00:00;NORDESTE;SUDESTE/CENTRO-OESTE;4282.271
2024-04-27 01:00:00;NORDESTE;SUDESTE/CENTRO-OESTE;4165.789
2024-04-27 02:00:00;NORDESTE;SUDESTE/CENTRO-OESTE;4291.602
2024-04-27 03:00:00;NORDESTE;SUDESTE/CENTRO-OESTE;4492.536
2024-04-27 04:00:00;NORDESTE;SUDESTE/CENTRO-OESTE;4518.711
2024-04-27 05:00:00;NORDESTE;SUDESTE/CENTRO-OESTE;4719.839
2024-04-27 06:00:00;NORDESTE;SUDESTE/CENTRO-OESTE;5153.772
2024-04-27 07:00:00;NORDESTE;SUDESTE/CENTRO-OESTE;4887.763
2024-04-27 08:00:00;NORDESTE;SUDESTE/CENTRO-OESTE;4496.549
2024-04-27 09:00:00;NORDESTE;SUDESTE/CENTRO-OESTE;4623.527
2024-04-27 10:00:00;NORDESTE;SUDESTE/CENTRO-OESTE;4669.182
2024-04-27 11:00:00;NORDESTE;SUDESTE/CENTRO-OESTE;4270.52
2024-04-27 12:00:00;NORDESTE;SUDESTE/CENTRO-OESTE;4737.17699999
2024-04-27 13:00:00;NORDESTE;SUDESTE/CENTRO-OESTE;4268.952
2024-04-27 14:00:00;NORDESTE;SUDESTE/CENTRO-OESTE;4116.07
2024-04-27 15:00:00;NORDESTE;SUDESTE/CENTRO-OESTE;4051.248
2024-04-27 16:00:00;NORDESTE;SUDESTE/CENTRO-OESTE;3928.219
2024-04-27 17:00:00;NORDESTE;SUDESTE/CENTRO-OESTE;2604.20899999
2024-04-27 18:00:00;NORDESTE;SUDESTE/CENTRO-OESTE;3187.732
2024-04-27 19:00:00;NORDESTE;SUDESTE/CENTRO-OESTE;3656.84
2024-04-27 20:00:00;NORDESTE;SUDESTE/CENTRO-OESTE;3863.98
2024-04-27 21:00:00;NORDESTE;SUDESTE/CENTRO-OESTE;4113.85
2024-04-27 22:00:00;NORDESTE;SUDESTE/CENTRO-OESTE;4379.72599999
2024-04-27 23:00:00;NORDESTE;SUDESTE/CENTRO-OESTE;4447.564
2024-04-28 00:00:00;NORDESTE;SUDESTE/CENTRO-OESTE;3854.821
2024-04-28 01:00:00;NORDESTE;SUDESTE/CENTRO-OESTE;3428.468
2024-04-28 02:00:00;NORDESTE;SUDESTE/CENTRO-OESTE;3282.116
2024-04-28 03:00:00;NORDESTE;SUDESTE/CENTRO-OESTE;3343.01
2024-04-28 04:00:00;NORDESTE;SUDESTE/CENTRO-OESTE;3361.163
2024-04-28 05:00:00;NORDESTE;SUDESTE/CENTRO-OESTE;3791.882
2024-04-28 06:00:00;NORDESTE;SUDESTE/CENTRO-OESTE;4323.214
2024-04-28 07:00:00;NORDESTE;SUDESTE/CENTRO-OESTE;4851.685
2024-04-28 08:00:00;NORDESTE;SUDESTE/CENTRO-OESTE;4124.963
2024-04-28 09:00:00;NORDESTE;SUDESTE/CENTRO-OESTE;3921.907
2024-04-28 10:00:00;NORDESTE;SUDESTE/CENTRO-OESTE;3522.091
2024-04-28 11:00:00;NORDESTE;SUDESTE/CENTRO-OESTE;3360.911
2024-04-28 12:00:00;NORDESTE;SUDESTE/CENTRO-OESTE;3151.53
2024-04-28 13:00:00;NORDESTE;SUDESTE/CENTRO-OESTE;3259.202
2024-04-28 14:00:00;NORDESTE;SUDESTE/CENTRO-OESTE;2691.166
2024-04-28 15:00:00;NORDESTE;SUDESTE/CENTRO-OESTE;2885.337
2024-04-28 16:00:00;NORDESTE;SUDESTE/CENTRO-OESTE;2302.404
2024-04-28 17:00:00;NORDESTE;SUDESTE/CENTRO-OESTE;1847.845
2024-04-28 18:00:00;NORDESTE;SUDESTE/CENTRO-OESTE;2698.195
2024-04-28 19:00:00;NORDESTE;SUDESTE/CENTRO-OESTE;3457.547
2024-04-28 20:00:00;NORDESTE;SUDESTE/CENTRO-OESTE;3639.817
2024-04-28 21:00:00;NORDESTE;SUDESTE/CENTRO-OESTE;3630.697
2024-04-28 22:00:00;NORDESTE;SUDESTE/CENTRO-OESTE;3249.966
2024-04-28 23:00:00;NORDESTE;SUDESTE/CENTRO-OESTE;2491.895
2024-04-29 00:00:00;NORDESTE;SUDESTE/CENTRO-OESTE;1881.667
2024-04-29 01:00:00;NORDESTE;SUDESTE/CENTRO-OESTE;1803.358
2024-04-29 02:00:00;NORDESTE;SUDESTE/CENTRO-OESTE;2351.618
2024-04-29 03:00:00;NORDESTE;SUDESTE/CENTRO-OESTE;2372.065
2024-04-29 04:00:00;NORDESTE;SUDESTE/CENTRO-OESTE;2185.799
2024-04-29 05:00:00;NORDESTE;SUDESTE/CENTRO-OESTE;2255.8
2024-04-29 06:00:00;NORDESTE;SUDESTE/CENTRO-OESTE;2990.96999999
2024-04-29 07:00:00;NORDESTE;SUDESTE/CENTRO-OESTE;3490.493
2024-04-29 08:00:00;NORDESTE;SUDESTE/CENTRO-OESTE;3602.49
2024-04-29 09:00:00;NORDESTE;SUDESTE/CENTRO-OESTE;3443.265
2024-04-29 10:00:00;NORDESTE;SUDESTE/CENTRO-OESTE;3242.854
2024-04-29 11:00:00;NORDESTE;SUDESTE/CENTRO-OESTE;3168.918
2024-04-29 12:00:00;NORDESTE;SUDESTE/CENTRO-OESTE;3407.18
2024-04-29 13:00:00;NORDESTE;SUDESTE/CENTRO-OESTE;2922.128
2024-04-29 14:00:00;NORDESTE;SUDESTE/CENTRO-OESTE;2626.936
2024-04-29 15:00:00;NORDESTE;SUDESTE/CENTRO-OESTE;2417.945
2024-04-29 16:00:00;NORDESTE;SUDESTE/CENTRO-OESTE;2680.373
2024-04-29 17:00:00;NORDESTE;SUDESTE/CENTRO-OESTE;3351.202
2024-04-29 18:00:00;NORDESTE;SUDESTE/CENTRO-OESTE;4260.626
2024-04-29 19:00:00;NORDESTE;SUDESTE/CENTRO-OESTE;4749.149
2024-04-29 20:00:00;NORDESTE;SUDESTE/CENTRO-OESTE;4643.099
2024-04-29 21:00:00;NORDESTE;SUDESTE/CENTRO-OESTE;4462.814
2024-04-29 22:00:00;NORDESTE;SUDESTE/CENTRO-OESTE;4580.621
2024-04-29 23:00:00;NORDESTE;SUDESTE/CENTRO-OESTE;4472.26599999
2024-04-30 00:00:00;NORDESTE;SUDESTE/CENTRO-OESTE;4322.74399999
2024-04-30 01:00:00;NORDESTE;SUDESTE/CENTRO-OESTE;4057.759
2024-04-30 02:00:00;NORDESTE;SUDESTE/CENTRO-OESTE;4062.089
2024-04-30 03:00:00;NORDESTE;SUDESTE/CENTRO-OESTE;4277.469
2024-04-30 04:00:00;NORDESTE;SUDESTE/CENTRO-OESTE;3836.743
2024-04-30 05:00:00;NORDESTE;SUDESTE/CENTRO-OESTE;3815.89
2024-04-30 06:00:00;NORDESTE;SUDESTE/CENTRO-OESTE;4420.64
2024-04-30 07:00:00;NORDESTE;SUDESTE/CENTRO-OESTE;4185.822
2024-04-30 08:00:00;NORDESTE;SUDESTE/CENTRO-OESTE;3681.463
2024-04-30 09:00:00;NORDESTE;SUDESTE/CENTRO-OESTE;3322.4
2024-04-30 10:00:00;NORDESTE;SUDESTE/CENTRO-OESTE;2955.187
2024-04-30 11:00:00;NORDESTE;SUDESTE/CENTRO-OESTE;2459.782
2024-04-30 12:00:00;NORDESTE;SUDESTE/CENTRO-OESTE;2427.168
2024-04-30 13:00:00;NORDESTE;SUDESTE/CENTRO-OESTE;2414.93199999
2024-04-30 14:00:00;NORDESTE;SUDESTE/CENTRO-OESTE;1437.177
2024-04-30 15:00:00;NORDESTE;SUDESTE/CENTRO-OESTE;1213.482
2024-04-30 16:00:00;NORDESTE;SUDESTE/CENTRO-OESTE;983.666
2024-04-30 17:00:00;NORDESTE;SUDESTE/CENTRO-OESTE;722.207
2024-04-30 18:00:00;NORDESTE;SUDESTE/CENTRO-OESTE;1835.787
2024-04-30 19:00:00;NORDESTE;SUDESTE/CENTRO-OESTE;3259.765
2024-04-30 20:00:00;NORDESTE;SUDESTE/CENTRO-OESTE;3740.808
2024-04-30 21:00:00;NORDESTE;SUDESTE/CENTRO-OESTE;4019.048
2024-04-30 22:00:00;NORDESTE;SUDESTE/CENTRO-OESTE;4106.965
2024-04-30 23:00:00;NORDESTE;SUDESTE/CENTRO-OESTE;4112.035
2024-05-01 00:00:00;NORDESTE;SUDESTE/CENTRO-OESTE;3947.074
2024-05-01 01:00:00;NORDESTE;SUDESTE/CENTRO-OESTE;3866.787
2024-05-01 02:00:00;NORDESTE;SUDESTE/CENTRO-OESTE;4071.865
2024-05-01 03:00:00;NORDESTE;SUDESTE/CENTRO-OESTE;3931.639
2024-05-01 04:00:00;NORDESTE;SUDESTE/CENTRO-OESTE;3593.597
2024-05-01 05:00:00;NORDESTE;SUDESTE/CENTRO-OESTE;3734.171
2024-05-01 06:00:00;NORDESTE;SUDESTE/CENTRO-OESTE;4198.631
2024-05-01 07:00:00;NORDESTE;SUDESTE/CENTRO-OESTE;4819.919
2024-05-01 08:00:00;NORDESTE;SUDESTE/CENTRO-OESTE;5144.578
2024-05-01 09:00:00;NORDESTE;SUDESTE/CENTRO-OESTE;4883.045
2024-05-01 10:00:00;NORDESTE;SUDESTE/CENTRO-OESTE;4251.356
2024-05-01 11:00:00;NORDESTE;SUDESTE/CENTRO-OESTE;3435.263
2024-05-01 12:00:00;NORDESTE;SUDESTE/CENTRO-OESTE;2836.30699999
2024-05-01 13:00:00;NORDESTE;SUDESTE/CENTRO-OESTE;2200.268
2024-05-01 14:00:00;NORDESTE;SUDESTE/CENTRO-OESTE;2243.922
2024-05-01 15:00:00;NORDESTE;SUDESTE/CENTRO-OESTE;2931.738
2024-05-01 16:00:00;NORDESTE;SUDESTE/CENTRO-OESTE;2331.851
2024-05-01 17:00:00;NORDESTE;SUDESTE/CENTRO-OESTE;1858.32
2024-05-01 18:00:00;NORDESTE;SUDESTE/CENTRO-OESTE;2809.393
2024-05-01 19:00:00;NORDESTE;SUDESTE/CENTRO-OESTE;3358.607
2024-05-01 20:00:00;NORDESTE;SUDESTE/CENTRO-OESTE;4228.609
2024-05-01 21:00:00;NORDESTE;SUDESTE/CENTRO-OESTE;4275.646
2024-05-01 22:00:00;NORDESTE;SUDESTE/CENTRO-OESTE;4434.37299999
2024-05-01 23:00:00;NORDESTE;SUDESTE/CENTRO-OESTE;3885.381
2024-05-02 00:00:00;NORDESTE;SUDESTE/CENTRO-OESTE;3704.098
2024-05-02 01:00:00;NORDESTE;SUDESTE/CENTRO-OESTE;3794.479
2024-05-02 02:00:00;NORDESTE;SUDESTE/CENTRO-OESTE;4038.486
2024-05-02 03:00:00;NORDESTE;SUDESTE/CENTRO-OESTE;4156.01599999
2024-05-02 04:00:00;NORDESTE;SUDESTE/CENTRO-OESTE;4391.109
2024-05-02 05:00:00;NORDESTE;SUDESTE/CENTRO-OESTE;4461.82399999
2024-05-02 06:00:00;NORDESTE;SUDESTE/CENTRO-OESTE;4654.46699999
2024-05-02 07:00:00;NORDESTE;SUDESTE/CENTRO-OESTE;4260.814
2024-05-02 08:00:00;NORDESTE;SUDESTE/CENTRO-OESTE;3683.892
2024-05-02 09:00:00;NORDESTE;SUDESTE/CENTRO-OESTE;3058.992
2024-05-02 10:00:00;NORDESTE;SUDESTE/CENTRO-OESTE;3001.552
2024-05-02 11:00:00;NORDESTE;SUDESTE/CENTRO-OESTE;2788.457
2024-05-02 12:00:00;NORDESTE;SUDESTE/CENTRO-OESTE;2609.681
2024-05-02 13:00:00;NORDESTE;SUDESTE/CENTRO-OESTE;2480.926
2024-05-02 14:00:00;NORDESTE;SUDESTE/CENTRO-OESTE;2055.925
2024-05-02 15:00:00;NORDESTE;SUDESTE/CENTRO-OESTE;1555.244
2024-05-02 16:00:00;NORDESTE;SUDESTE/CENTRO-OESTE;1549.613
2024-05-02 17:00:00;NORDESTE;SUDESTE/CENTRO-OESTE;2028.124
2024-05-02 18:00:00;NORDESTE;SUDESTE/CENTRO-OESTE;3333.29
2024-05-02 19:00:00;NORDESTE;SUDESTE/CENTRO-OESTE;3730.676
2024-05-02 20:00:00;NORDESTE;SUDESTE/CENTRO-OESTE;4269.888
2024-05-02 21:00:00;NORDESTE;SUDESTE/CENTRO-OESTE;4629.353
2024-05-02 22:00:00;NORDESTE;SUDESTE/CENTRO-OESTE;4610.854
2024-05-02 23:00:00;NORDESTE;SUDESTE/CENTRO-OESTE;4437.675
2024-05-03 00:00:00;NORDESTE;SUDESTE/CENTRO-OESTE;4207.194
2024-05-03 01:00:00;NORDESTE;SUDESTE/CENTRO-OESTE;3921.801
2024-05-03 02:00:00;NORDESTE;SUDESTE/CENTRO-OESTE;3818.808
2024-05-03 03:00:00;NORDESTE;SUDESTE/CENTRO-OESTE;3834.377
2024-05-03 04:00:00;NORDESTE;SUDESTE/CENTRO-OESTE;3665.518
2024-05-03 05:00:00;NORDESTE;SUDESTE/CENTRO-OESTE;4119.90899999
2024-05-03 06:00:00;NORDESTE;SUDESTE/CENTRO-OESTE;4418.03399999
2024-05-03 07:00:00;NORDESTE;SUDESTE/CENTRO-OESTE;4137.268
2024-05-03 08:00:00;NORDESTE;SUDESTE/CENTRO-OESTE;3511.427
2024-05-03 09:00:00;NORDESTE;SUDESTE/CENTRO-OESTE;3344.71099999
2024-05-03 10:00:00;NORDESTE;SUDESTE/CENTRO-OESTE;3158.592
2024-05-03 11:00:00;NORDESTE;SUDESTE/CENTRO-OESTE;2900.412
2024-05-03 12:00:00;NORDESTE;SUDESTE/CENTRO-OESTE;2536.163
2024-05-03 13:00:00;NORDESTE;SUDESTE/CENTRO-OESTE;2333.14199999
2024-05-03 14:00:00;NORDESTE;SUDESTE/CENTRO-OESTE;2071.3
2024-05-03 15:00:00;NORDESTE;SUDESTE/CENTRO-OESTE;2223.84499999
2024-05-03 16:00:00;NORDESTE;SUDESTE/CENTRO-OESTE;2165.635
2024-05-03 17:00:00;NORDESTE;SUDESTE/CENTRO-OESTE;2722.842
2024-05-03 18:00:00;NORDESTE;SUDESTE/CENTRO-OESTE;4103.063
2024-05-03 19:00:00;NORDESTE;SUDESTE/CENTRO-OESTE;4401.082
2024-05-03 20:00:00;NORDESTE;SUDESTE/CENTRO-OESTE;4530.276
2024-05-03 21:00:00;NORDESTE;SUDESTE/CENTRO-OESTE;4908.611
2024-05-03 22:00:00;NORDESTE;SUDESTE/CENTRO-OESTE;4886.308
2024-05-03 23:00:00;NORDESTE;SUDESTE/CENTRO-OESTE;4712.29299999
2024-05-04 00:00:00;NORDESTE;SUDESTE/CENTRO-OESTE;4542.68599999
2024-05-04 01:00:00;NORDESTE;SUDESTE/CENTRO-OESTE;4364.825
2024-05-04 02:00:00;NORDESTE;SUDESTE/CENTRO-OESTE;4509.551
2024-05-04 03:00:00;NORDESTE;SUDESTE/CENTRO-OESTE;4627.421
2024-05-04 04:00:00;NORDESTE;SUDESTE/CENTRO-OESTE;4533.56499999
2024-05-04 05:00:00;NORDESTE;SUDESTE/CENTRO-OESTE;4585.863
2024-05-04 06:00:00;NORDESTE;SUDESTE/CENTRO-OESTE;4373.07399999
2024-05-04 07:00:00;NORDESTE;SUDESTE/CENTRO-OESTE;4601.71699999
2024-05-04 08:00:00;NORDESTE;SUDESTE/CENTRO-OESTE;4824.408
2024-05-04 09:00:00;NORDESTE;SUDESTE/CENTRO-OESTE;4598.758
2024-05-04 10:00:00;NORDESTE;SUDESTE/CENTRO-OESTE;4592.156
2024-05-04 11:00:00;NORDESTE;SUDESTE/CENTRO-OESTE;4386.519
2024-05-04 12:00:00;NORDESTE;SUDESTE/CENTRO-OESTE;3746.454
2024-05-04 13:00:00;NORDESTE;SUDESTE/CENTRO-OESTE;3187.13
2024-05-04 14:00:00;NORDESTE;SUDESTE/CENTRO-OESTE;2947.892
2024-05-04 15:00:00;NORDESTE;SUDESTE/CENTRO-OESTE;2827.058
2024-05-04 16:00:00;NORDESTE;SUDESTE/CENTRO-OESTE;2729.44099999
2024-05-04 17:00:00;NORDESTE;SUDESTE/CENTRO-OESTE;2968.46999999
2024-05-04 18:00:00;NORDESTE;SUDESTE/CENTRO-OESTE;3743.92
2024-05-04 19:00:00;NORDESTE;SUDESTE/CENTRO-OESTE;4639.818
2024-05-04 20:00:00;NORDESTE;SUDESTE/CENTRO-OESTE;4869.345
2024-05-04 21:00:00;NORDESTE;SUDESTE/CENTRO-OESTE;4440.102
2024-05-04 22:00:00;NORDESTE;SUDESTE/CENTRO-OESTE;4370.642
2024-05-04 23:00:00;NORDESTE;SUDESTE/CENTRO-OESTE;4543.151
2024-05-05 00:00:00;NORDESTE;SUDESTE/CENTRO-OESTE;4398.819
2024-05-05 01:00:00;NORDESTE;SUDESTE/CENTRO-OESTE;4431.80199999
2024-05-05 02:00:00;NORDESTE;SUDESTE/CENTRO-OESTE;4389.509
2024-05-05 03:00:00;NORDESTE;SUDESTE/CENTRO-OESTE;4319.126
2024-05-05 04:00:00;NORDESTE;SUDESTE/CENTRO-OESTE;4553.51
2024-05-05 05:00:00;NORDESTE;SUDESTE/CENTRO-OESTE;4938.566
2024-05-05 06:00:00;NORDESTE;SUDESTE/CENTRO-OESTE;5068.419
2024-05-05 07:00:00;NORDESTE;SUDESTE/CENTRO-OESTE;5129.87
2024-05-05 08:00:00;NORDESTE;SUDESTE/CENTRO-OESTE;4587.151
2024-05-05 09:00:00;NORDESTE;SUDESTE/CENTRO-OESTE;3762.781
2024-05-05 10:00:00;NORDESTE;SUDESTE/CENTRO-OESTE;3266.523
2024-05-05 11:00:00;NORDESTE;SUDESTE/CENTRO-OESTE;3038.975
2024-05-05 12:00:00;NORDESTE;SUDESTE/CENTRO-OESTE;3181.492
2024-05-05 13:00:00;NORDESTE;SUDESTE/CENTRO-OESTE;3400.24899999
2024-05-05 14:00:00;NORDESTE;SUDESTE/CENTRO-OESTE;4110.02499999
2024-05-05 15:00:00;NORDESTE;SUDESTE/CENTRO-OESTE;4413.68099999
2024-05-05 16:00:00;NORDESTE;SUDESTE/CENTRO-OESTE;4289.277
2024-05-05 17:00:00;NORDESTE;SUDESTE/CENTRO-OESTE;3639.648
2024-05-05 18:00:00;NORDESTE;SUDESTE/CENTRO-OESTE;4458.10499999
2024-05-05 19:00:00;NORDESTE;SUDESTE/CENTRO-OESTE;4785.606
2024-05-05 20:00:00;NORDESTE;SUDESTE/CENTRO-OESTE;4853.193
2024-05-05 21:00:00;NORDESTE;SUDESTE/CENTRO-OESTE;4780.271
2024-05-05 22:00:00;NORDESTE;SUDESTE/CENTRO-OESTE;4419.497
2024-05-05 23:00:00;NORDESTE;SUDESTE/CENTRO-OESTE;3912.382
2024-05-06 00:00:00;NORDESTE;SUDESTE/CENTRO-OESTE;4257.331
2024-05-06 01:00:00;NORDESTE;SUDESTE/CENTRO-OESTE;4254.97
2024-05-06 02:00:00;NORDESTE;SUDESTE/CENTRO-OESTE;4641.245
2024-05-06 03:00:00;NORDESTE;SUDESTE/CENTRO-OESTE;4732.171
2024-05-06 04:00:00;NORDESTE;SUDESTE/CENTRO-OESTE;4857.594
2024-05-06 05:00:00;NORDESTE;SUDESTE/CENTRO-OESTE;4849.844
2024-05-06 06:00:00;NORDESTE;SUDESTE/CENTRO-OESTE;4677.73499999
2024-05-06 07:00:00;NORDESTE;SUDESTE/CENTRO-OESTE;4572.818
2024-05-06 08:00:00;NORDESTE;SUDESTE/CENTRO-OESTE;4338.385
2024-05-06 09:00:00;NORDESTE;SUDESTE/CENTRO-OESTE;3895.127
2024-05-06 10:00:00;NORDESTE;SUDESTE/CENTRO-OESTE;3736.719
2024-05-06 11:00:00;NORDESTE;SUDESTE/CENTRO-OESTE;3768.132
2024-05-06 12:00:00;NORDESTE;SUDESTE/CENTRO-OESTE;3673.236
2024-05-06 13:00:00;NORDESTE;SUDESTE/CENTRO-OESTE;3458.232
2024-05-06 14:00:00;NORDESTE;SUDESTE/CENTRO-OESTE;3598.939
2024-05-06 15:00:00;NORDESTE;SUDESTE/CENTRO-OESTE;3856.431
2024-05-06 16:00:00;NORDESTE;SUDESTE/CENTRO-OESTE;3790.146
2024-05-06 17:00:00;NORDESTE;SUDESTE/CENTRO-OESTE;3345.536
2024-05-06 18:00:00;NORDESTE;SUDESTE/CENTRO-OESTE;3890.054
2024-05-06 19:00:00;NORDESTE;SUDESTE/CENTRO-OESTE;4349.319
2024-05-06 20:00:00;NORDESTE;SUDESTE/CENTRO-OESTE;4556.22
2024-05-06 21:00:00;NORDESTE;SUDESTE/CENTRO-OESTE;4671.881
2024-05-06 22:00:00;NORDESTE;SUDESTE/CENTRO-OESTE;4301.60999999
2024-05-06 23:00:00;NORDESTE;SUDESTE/CENTRO-OESTE;3854.901
2024-05-07 00:00:00;NORDESTE;SUDESTE/CENTRO-OESTE;3837.119
2024-05-07 01:00:00;NORDESTE;SUDESTE/CENTRO-OESTE;4069.366
2024-05-07 02:00:00;NORDESTE;SUDESTE/CENTRO-OESTE;4337.155
2024-05-07 03:00:00;NORDESTE;SUDESTE/CENTRO-OESTE;4143.59199999
2024-05-07 04:00:00;NORDESTE;SUDESTE/CENTRO-OESTE;4093.871
2024-05-07 05:00:00;NORDESTE;SUDESTE/CENTRO-OESTE;4568.389
2024-05-07 06:00:00;NORDESTE;SUDESTE/CENTRO-OESTE;4783.87299999
2024-05-07 07:00:00;NORDESTE;SUDESTE/CENTRO-OESTE;4592.22099999
2024-05-07 08:00:00;NORDESTE;SUDESTE/CENTRO-OESTE;4050.462
2024-05-07 09:00:00;NORDESTE;SUDESTE/CENTRO-OESTE;3773.337
2024-05-07 10:00:00;NORDESTE;SUDESTE/CENTRO-OESTE;3503.456
2024-05-07 11:00:00;NORDESTE;SUDESTE/CENTRO-OESTE;3412.401
2024-05-07 12:00:00;NORDESTE;SUDESTE/CENTRO-OESTE;3227.665
2024-05-07 13:00:00;NORDESTE;SUDESTE/CENTRO-OESTE;3300.123
2024-05-07 14:00:00;NORDESTE;SUDESTE/CENTRO-OESTE;3247.279
2024-05-07 15:00:00;NORDESTE;SUDESTE/CENTRO-OESTE;3075.267
2024-05-07 16:00:00;NORDESTE;SUDESTE/CENTRO-OESTE;3359.41
2024-05-07 17:00:00;NORDESTE;SUDESTE/CENTRO-OESTE;3461.072
2024-05-07 18:00:00;NORDESTE;SUDESTE/CENTRO-OESTE;4041.905
2024-05-07 19:00:00;NORDESTE;SUDESTE/CENTRO-OESTE;4338.22599999
2024-05-07 20:00:00;NORDESTE;SUDESTE/CENTRO-OESTE;4807.577
2024-05-07 21:00:00;NORDESTE;SUDESTE/CENTRO-OESTE;4674.353
2024-05-07 22:00:00;NORDESTE;SUDESTE/CENTRO-OESTE;4611.255
2024-05-07 23:00:00;NORDESTE;SUDESTE/CENTRO-OESTE;4751.895
2024-05-08 00:00:00;NORDESTE;SUDESTE/CENTRO-OESTE;4568.33
2024-05-08 01:00:00;NORDESTE;SUDESTE/CENTRO-OESTE;4058.455
2024-05-08 02:00:00;NORDESTE;SUDESTE/CENTRO-OESTE;3858.753
2024-05-08 03:00:00;NORDESTE;SUDESTE/CENTRO-OESTE;3931.574
2024-05-08 04:00:00;NORDESTE;SUDESTE/CENTRO-OESTE;3859.816
2024-05-08 05:00:00;NORDESTE;SUDESTE/CENTRO-OESTE;4260.693
2024-05-08 06:00:00;NORDESTE;SUDESTE/CENTRO-OESTE;4291.094
2024-05-08 07:00:00;NORDESTE;SUDESTE/CENTRO-OESTE;4026.623
2024-05-08 08:00:00;NORDESTE;SUDESTE/CENTRO-OESTE;3393.635
2024-05-08 09:00:00;NORDESTE;SUDESTE/CENTRO-OESTE;3174.939
2024-05-08 10:00:00;NORDESTE;SUDESTE/CENTRO-OESTE;3075.515
2024-05-08 11:00:00;NORDESTE;SUDESTE/CENTRO-OESTE;3141.224
2024-05-08 12:00:00;NORDESTE;SUDESTE/CENTRO-OESTE;3030.162
2024-05-08 13:00:00;NORDESTE;SUDESTE/CENTRO-OESTE;3187.568
2024-05-08 14:00:00;NORDESTE;SUDESTE/CENTRO-OESTE;3104.402
2024-05-08 15:00:00;NORDESTE;SUDESTE/CENTRO-OESTE;2580.915
2024-05-08 16:00:00;NORDESTE;SUDESTE/CENTRO-OESTE;2194.731
2024-05-08 17:00:00;NORDESTE;SUDESTE/CENTRO-OESTE;1863.819
2024-05-08 18:00:00;NORDESTE;SUDESTE/CENTRO-OESTE;3106.449
2024-05-08 19:00:00;NORDESTE;SUDESTE/CENTRO-OESTE;3698.925
2024-05-08 20:00:00;NORDESTE;SUDESTE/CENTRO-OESTE;3994.911
2024-05-08 21:00:00;NORDESTE;SUDESTE/CENTRO-OESTE;4158.037
2024-05-08 22:00:00;NORDESTE;SUDESTE/CENTRO-OESTE;4158.366
2024-05-08 23:00:00;NORDESTE;SUDESTE/CENTRO-OESTE;3617.291
2024-05-09 00:00:00;NORDESTE;SUDESTE/CENTRO-OESTE;3260.837
2024-05-09 01:00:00;NORDESTE;SUDESTE/CENTRO-OESTE;3193.518
2024-05-09 02:00:00;NORDESTE;SUDESTE/CENTRO-OESTE;3093.401
2024-05-09 03:00:00;NORDESTE;SUDESTE/CENTRO-OESTE;3247.51
2024-05-09 04:00:00;NORDESTE;SUDESTE/CENTRO-OESTE;3255.732
2024-05-09 05:00:00;NORDESTE;SUDESTE/CENTRO-OESTE;3771.729
2024-05-09 06:00:00;NORDESTE;SUDESTE/CENTRO-OESTE;4084.544
2024-05-09 07:00:00;NORDESTE;SUDESTE/CENTRO-OESTE;4158.24799999
2024-05-09 08:00:00;NORDESTE;SUDESTE/CENTRO-OESTE;3884.56
2024-05-09 09:00:00;NORDESTE;SUDESTE/CENTRO-OESTE;3508.954
2024-05-09 10:00:00;NORDESTE;SUDESTE/CENTRO-OESTE;3663.24
2024-05-09 11:00:00;NORDESTE;SUDESTE/CENTRO-OESTE;4128.49
2024-05-09 12:00:00;NORDESTE;SUDESTE/CENTRO-OESTE;4734.392
2024-05-09 13:00:00;NORDESTE;SUDESTE/CENTRO-OESTE;4768.308
2024-05-09 14:00:00;NORDESTE;SUDESTE/CENTRO-OESTE;4516.462
2024-05-09 15:00:00;NORDESTE;SUDESTE/CENTRO-OESTE;3470.032
2024-05-09 16:00:00;NORDESTE;SUDESTE/CENTRO-OESTE;3214.069
2024-05-09 17:00:00;NORDESTE;SUDESTE/CENTRO-OESTE;2858.811
2024-05-09 18:00:00;NORDESTE;SUDESTE/CENTRO-OESTE;3605.286
2024-05-09 19:00:00;NORDESTE;SUDESTE/CENTRO-OESTE;4597.947
2024-05-09 20:00:00;NORDESTE;SUDESTE/CENTRO-OESTE;4885.287
2024-05-09 21:00:00;NORDESTE;SUDESTE/CENTRO-OESTE;4678.183
2024-05-09 22:00:00;NORDESTE;SUDESTE/CENTRO-OESTE;4736.966
2024-05-09 23:00:00;NORDESTE;SUDESTE/CENTRO-OESTE;4483.31
2024-05-10 00:00:00;NORDESTE;SUDESTE/CENTRO-OESTE;4561.133
2024-05-10 01:00:00;NORDESTE;SUDESTE/CENTRO-OESTE;4050.53
2024-05-10 02:00:00;NORDESTE;SUDESTE/CENTRO-OESTE;3919.068
2024-05-10 03:00:00;NORDESTE;SUDESTE/CENTRO-OESTE;4184.28799999
2024-05-10 04:00:00;NORDESTE;SUDESTE/CENTRO-OESTE;4133.451
2024-05-10 05:00:00;NORDESTE;SUDESTE/CENTRO-OESTE;4342.58
2024-05-10 06:00:00;NORDESTE;SUDESTE/CENTRO-OESTE;4628.733
2024-05-10 07:00:00;NORDESTE;SUDESTE/CENTRO-OESTE;4413.305
2024-05-10 08:00:00;NORDESTE;SUDESTE/CENTRO-OESTE;4085.667
2024-05-10 09:00:00;NORDESTE;SUDESTE/CENTRO-OESTE;4090.989
2024-05-10 10:00:00;NORDESTE;SUDESTE/CENTRO-OESTE;4016.489
2024-05-10 11:00:00;NORDESTE;SUDESTE/CENTRO-OESTE;4015.66
2024-05-10 12:00:00;NORDESTE;SUDESTE/CENTRO-OESTE;3515.634
2024-05-10 13:00:00;NORDESTE;SUDESTE/CENTRO-OESTE;3429.319
2024-05-10 14:00:00;NORDESTE;SUDESTE/CENTRO-OESTE;2704.24699999
2024-05-10 15:00:00;NORDESTE;SUDESTE/CENTRO-OESTE;2344.647
2024-05-10 16:00:00;NORDESTE;SUDESTE/CENTRO-OESTE;930.256
2024-05-10 17:00:00;NORDESTE;SUDESTE/CENTRO-OESTE;1111.258
2024-05-10 18:00:00;NORDESTE;SUDESTE/CENTRO-OESTE;1891.099
2024-05-10 19:00:00;NORDESTE;SUDESTE/CENTRO-OESTE;2905.071
2024-05-10 20:00:00;NORDESTE;SUDESTE/CENTRO-OESTE;3442.38
2024-05-10 21:00:00;NORDESTE;SUDESTE/CENTRO-OESTE;3642.521
2024-05-10 22:00:00;NORDESTE;SUDESTE/CENTRO-OESTE;3778.251
2024-05-10 23:00:00;NORDESTE;SUDESTE/CENTRO-OESTE;3445.981
2024-05-11 00:00:00;NORDESTE;SUDESTE/CENTRO-OESTE;2831.502
2024-05-11 01:00:00;NORDESTE;SUDESTE/CENTRO-OESTE;2775.71
2024-05-11 02:00:00;NORDESTE;SUDESTE/CENTRO-OESTE;2615.416
2024-05-11 03:00:00;NORDESTE;SUDESTE/CENTRO-OESTE;2281.61
2024-05-11 04:00:00;NORDESTE;SUDESTE/CENTRO-OESTE;2564.136
2024-05-11 05:00:00;NORDESTE;SUDESTE/CENTRO-OESTE;3018.302
2024-05-11 06:00:00;NORDESTE;SUDESTE/CENTRO-OESTE;4037.741
2024-05-11 07:00:00;NORDESTE;SUDESTE/CENTRO-OESTE;3885.46
2024-05-11 08:00:00;NORDESTE;SUDESTE/CENTRO-OESTE;3633.636
2024-05-11 09:00:00;NORDESTE;SUDESTE/CENTRO-OESTE;3894.856
2024-05-11 10:00:00;NORDESTE;SUDESTE/CENTRO-OESTE;3327.084
2024-05-11 11:00:00;NORDESTE;SUDESTE/CENTRO-OESTE;2634.973
2024-05-11 12:00:00;NORDESTE;SUDESTE/CENTRO-OESTE;2524.257
2024-05-11 13:00:00;NORDESTE;SUDESTE/CENTRO-OESTE;1894.482
2024-05-11 14:00:00;NORDESTE;SUDESTE/CENTRO-OESTE;1523.24
2024-05-11 15:00:00;NORDESTE;SUDESTE/CENTRO-OESTE;1554.295
2024-05-11 16:00:00;NORDESTE;SUDESTE/CENTRO-OESTE;1515.627
2024-05-11 17:00:00;NORDESTE;SUDESTE/CENTRO-OESTE;2399.219
2024-05-11 18:00:00;NORDESTE;SUDESTE/CENTRO-OESTE;3439.982
2024-05-11 19:00:00;NORDESTE;SUDESTE/CENTRO-OESTE;3892.797
2024-05-11 20:00:00;NORDESTE;SUDESTE/CENTRO-OESTE;4163.537
2024-05-11 21:00:00;NORDESTE;SUDESTE/CENTRO-OESTE;4193.61899999
2024-05-11 22:00:00;NORDESTE;SUDESTE/CENTRO-OESTE;4185.798
2024-05-11 23:00:00;NORDESTE;SUDESTE/CENTRO-OESTE;3444.89
2024-05-12 00:00:00;NORDESTE;SUDESTE/CENTRO-OESTE;2758.033
2024-05-12 01:00:00;NORDESTE;SUDESTE/CENTRO-OESTE;2105.425
2024-05-12 02:00:00;NORDESTE;SUDESTE/CENTRO-OESTE;1653.206
2024-05-12 03:00:00;NORDESTE;SUDESTE/CENTRO-OESTE;1627.594
2024-05-12 04:00:00;NORDESTE;SUDESTE/CENTRO-OESTE;1921.467
2024-05-12 05:00:00;NORDESTE;SUDESTE/CENTRO-OESTE;2130.924
2024-05-12 06:00:00;NORDESTE;SUDESTE/CENTRO-OESTE;2365.627
2024-05-12 07:00:00;NORDESTE;SUDESTE/CENTRO-OESTE;2920.697
2024-05-12 08:00:00;NORDESTE;SUDESTE/CENTRO-OESTE;2955.068
2024-05-12 09:00:00;NORDESTE;SUDESTE/CENTRO-OESTE;2618.368
2024-05-12 10:00:00;NORDESTE;SUDESTE/CENTRO-OESTE;2221.05699999
2024-05-12 11:00:00;NORDESTE;SUDESTE/CENTRO-OESTE;1677.31199999
2024-05-12 12:00:00;NORDESTE;SUDESTE/CENTRO-OESTE;1149.12899999
2024-05-12 13:00:00;NORDESTE;SUDESTE/CENTRO-OESTE;1055.575
2024-05-12 14:00:00;NORDESTE;SUDESTE/CENTRO-OESTE;1019.127
2024-05-12 15:00:00;NORDESTE;SUDESTE/CENTRO-OESTE;1657.594
2024-05-12 16:00:00;NORDESTE;SUDESTE/CENTRO-OESTE;1223.90799999
2024-05-12 17:00:00;NORDESTE;SUDESTE/CENTRO-OESTE;1228.2
2024-05-12 18:00:00;NORDESTE;SUDESTE/CENTRO-OESTE;1892.603
2024-05-12 19:00:00;NORDESTE;SUDESTE/CENTRO-OESTE;2685.535
2024-05-12 20:00:00;NORDESTE;SUDESTE/CENTRO-OESTE;3036.87
2024-05-12 21:00:00;NORDESTE;SUDESTE/CENTRO-OESTE;2791.784
2024-05-12 22:00:00;NORDESTE;SUDESTE/CENTRO-OESTE;2533.189
2024-05-12 23:00:00;NORDESTE;SUDESTE/CENTRO-OESTE;2615.723
2024-05-13 00:00:00;NORDESTE;SUDESTE/CENTRO-OESTE;2761.402
2024-05-13 01:00:00;NORDESTE;SUDESTE/CENTRO-OESTE;2373.969
2024-05-13 02:00:00;NORDESTE;SUDESTE/CENTRO-OESTE;2524.795
2024-05-13 03:00:00;NORDESTE;SUDESTE/CENTRO-OESTE;2489.16
2024-05-13 04:00:00;NORDESTE;SUDESTE/CENTRO-OESTE;2559.121
2024-05-13 05:00:00;NORDESTE;SUDESTE/CENTRO-OESTE;2988.64
2024-05-13 06:00:00;NORDESTE;SUDESTE/CENTRO-OESTE;3325.18199999
2024-05-13 07:00:00;NORDESTE;SUDESTE/CENTRO-OESTE;3051.821
2024-05-13 08:00:00;NORDESTE;SUDESTE/CENTRO-OESTE;2604.14199999
2024-05-13 09:00:00;NORDESTE;SUDESTE/CENTRO-OESTE;2667.073
2024-05-13 10:00:00;NORDESTE;SUDESTE/CENTRO-OESTE;2659.98
2024-05-13 11:00:00;NORDESTE;SUDESTE/CENTRO-OESTE;2325.243
2024-05-13 12:00:00;NORDESTE;SUDESTE/CENTRO-OESTE;1895.512
2024-05-13 13:00:00;NORDESTE;SUDESTE/CENTRO-OESTE;1794.148
2024-05-13 14:00:00;NORDESTE;SUDESTE/CENTRO-OESTE;1684.016
2024-05-13 15:00:00;NORDESTE;SUDESTE/CENTRO-OESTE;1613.734
2024-05-13 16:00:00;NORDESTE;SUDESTE/CENTRO-OESTE;1107.645
2024-05-13 17:00:00;NORDESTE;SUDESTE/CENTRO-OESTE;1427.214
2024-05-13 18:00:00;NORDESTE;SUDESTE/CENTRO-OESTE;2519.605
2024-05-13 19:00:00;NORDESTE;SUDESTE/CENTRO-OESTE;2852.603
2024-05-13 20:00:00;NORDESTE;SUDESTE/CENTRO-OESTE;2833.309
2024-05-13 21:00:00;NORDESTE;SUDESTE/CENTRO-OESTE;2393.744
2024-05-13 22:00:00;NORDESTE;SUDESTE/CENTRO-OESTE;2284.90099999
2024-05-13 23:00:00;NORDESTE;SUDESTE/CENTRO-OESTE;1844.336
2024-05-14 00:00:00;NORDESTE;SUDESTE/CENTRO-OESTE;2233.99699999
2024-05-14 01:00:00;NORDESTE;SUDESTE/CENTRO-OESTE;2044.673
2024-05-14 02:00:00;NORDESTE;SUDESTE/CENTRO-OESTE;2354.438
2024-05-14 03:00:00;NORDESTE;SUDESTE/CENTRO-OESTE;2216.597
2024-05-14 04:00:00;NORDESTE;SUDESTE/CENTRO-OESTE;1969.848
2024-05-14 05:00:00;NORDESTE;SUDESTE/CENTRO-OESTE;2192.703
2024-05-14 06:00:00;NORDESTE;SUDESTE/CENTRO-OESTE;2693.63
2024-05-14 07:00:00;NORDESTE;SUDESTE/CENTRO-OESTE;3090.98999999
2024-05-14 08:00:00;NORDESTE;SUDESTE/CENTRO-OESTE;2669.612
2024-05-14 09:00:00;NORDESTE;SUDESTE/CENTRO-OESTE;2343.697
2024-05-14 10:00:00;NORDESTE;SUDESTE/CENTRO-OESTE;2096.451
2024-05-14 11:00:00;NORDESTE;SUDESTE/CENTRO-OESTE;1374.625
2024-05-14 12:00:00;NORDESTE;SUDESTE/CENTRO-OESTE;834.438
2024-05-14 13:00:00;NORDESTE;SUDESTE/CENTRO-OESTE;1045.84999999
2024-05-14 14:00:00;NORDESTE;SUDESTE/CENTRO-OESTE;1235.434
2024-05-14 15:00:00;NORDESTE;SUDESTE/CENTRO-OESTE;1349.653
2024-05-14 16:00:00;NORDESTE;SUDESTE/CENTRO-OESTE;1219.029
2024-05-14 17:00:00;NORDESTE;SUDESTE/CENTRO-OESTE;1789.167
2024-05-14 18:00:00;NORDESTE;SUDESTE/CENTRO-OESTE;3095.437
2024-05-14 19:00:00;NORDESTE;SUDESTE/CENTRO-OESTE;3957.774
2024-05-14 20:00:00;NORDESTE;SUDESTE/CENTRO-OESTE;4598.246
2024-05-14 21:00:00;NORDESTE;SUDESTE/CENTRO-OESTE;4915.21
2024-05-14 22:00:00;NORDESTE;SUDESTE/CENTRO-OESTE;4771.189
2024-05-14 23:00:00;NORDESTE;SUDESTE/CENTRO-OESTE;4548.435
2024-05-15 00:00:00;NORDESTE;SUDESTE/CENTRO-OESTE;4336.689
2024-05-15 01:00:00;NORDESTE;SUDESTE/CENTRO-OESTE;4332.011
2024-05-15 02:00:00;NORDESTE;SUDESTE/CENTRO-OESTE;4526.323
2024-05-15 03:00:00;NORDESTE;SUDESTE/CENTRO-OESTE;4513.417
2024-05-15 04:00:00;NORDESTE;SUDESTE/CENTRO-OESTE;4825.259
2024-05-15 05:00:00;NORDESTE;SUDESTE/CENTRO-OESTE;4996.27499999
2024-05-15 06:00:00;NORDESTE;SUDESTE/CENTRO-OESTE;4830.52
2024-05-15 07:00:00;NORDESTE;SUDESTE/CENTRO-OESTE;4693.585
2024-05-15 08:00:00;NORDESTE;SUDESTE/CENTRO-OESTE;3975.244
2024-05-15 09:00:00;NORDESTE;SUDESTE/CENTRO-OESTE;4080.655
2024-05-15 10:00:00;NORDESTE;SUDESTE/CENTRO-OESTE;4344.281
2024-05-15 11:00:00;NORDESTE;SUDESTE/CENTRO-OESTE;4771.756
2024-05-15 12:00:00;NORDESTE;SUDESTE/CENTRO-OESTE;4283.783
2024-05-15 13:00:00;NORDESTE;SUDESTE/CENTRO-OESTE;3686.789
2024-05-15 14:00:00;NORDESTE;SUDESTE/CENTRO-OESTE;3690.186
2024-05-15 15:00:00;NORDESTE;SUDESTE/CENTRO-OESTE;3756.496
2024-05-15 16:00:00;NORDESTE;SUDESTE/CENTRO-OESTE;3503.138
2024-05-15 17:00:00;NORDESTE;SUDESTE/CENTRO-OESTE;3895.95
2024-05-15 18:00:00;NORDESTE;SUDESTE/CENTRO-OESTE;4634.243
2024-05-15 19:00:00;NORDESTE;SUDESTE/CENTRO-OESTE;5068.263
2024-05-15 20:00:00;NORDESTE;SUDESTE/CENTRO-OESTE;6209.964
2024-05-15 21:00:00;NORDESTE;SUDESTE/CENTRO-OESTE;6136.67
2024-05-15 22:00:00;NORDESTE;SUDESTE/CENTRO-OESTE;5929.452
2024-05-15 23:00:00;NORDESTE;SUDESTE/CENTRO-OESTE;5761.407
2024-05-16 00:00:00;NORDESTE;SUDESTE/CENTRO-OESTE;5788.13
2024-05-16 01:00:00;NORDESTE;SUDESTE/CENTRO-OESTE;5655.769
2024-05-16 02:00:00;NORDESTE;SUDESTE/CENTRO-OESTE;5788.139
2024-05-16 03:00:00;NORDESTE;SUDESTE/CENTRO-OESTE;6005.965
2024-05-16 04:00:00;NORDESTE;SUDESTE/CENTRO-OESTE;5824.309
2024-05-16 05:00:00;NORDESTE;SUDESTE/CENTRO-OESTE;5911.094
2024-05-16 06:00:00;NORDESTE;SUDESTE/CENTRO-OESTE;6300.928
2024-05-16 07:00:00;NORDESTE;SUDESTE/CENTRO-OESTE;6201.978
2024-05-16 08:00:00;NORDESTE;SUDESTE/CENTRO-OESTE;5745.76
2024-05-16 09:00:00;NORDESTE;SUDESTE/CENTRO-OESTE;5719.80599999
2024-05-16 10:00:00;NORDESTE;SUDESTE/CENTRO-OESTE;5470.42
2024-05-16 11:00:00;NORDESTE;SUDESTE/CENTRO-OESTE;5540.84
2024-05-16 12:00:00;NORDESTE;SUDESTE/CENTRO-OESTE;5116.827
2024-05-16 13:00:00;NORDESTE;SUDESTE/CENTRO-OESTE;5075.477
2024-05-16 14:00:00;NORDESTE;SUDESTE/CENTRO-OESTE;4527.343
2024-05-16 15:00:00;NORDESTE;SUDESTE/CENTRO-OESTE;3729.038
2024-05-16 16:00:00;NORDESTE;SUDESTE/CENTRO-OESTE;3698.512
2024-05-16 17:00:00;NORDESTE;SUDESTE/CENTRO-OESTE;3771.186
2024-05-16 18:00:00;NORDESTE;SUDESTE/CENTRO-OESTE;4559.453
2024-05-16 19:00:00;NORDESTE;SUDESTE/CENTRO-OESTE;5113.09
2024-05-16 20:00:00;NORDESTE;SUDESTE/CENTRO-OESTE;5988.229
2024-05-16 21:00:00;NORDESTE;SUDESTE/CENTRO-OESTE;6031.301
2024-05-16 22:00:00;NORDESTE;SUDESTE/CENTRO-OESTE;6264.545
2024-05-16 23:00:00;NORDESTE;SUDESTE/CENTRO-OESTE;5978.559
2024-05-17 00:00:00;NORDESTE;SUDESTE/CENTRO-OESTE;5775.947
2024-05-17 01:00:00;NORDESTE;SUDESTE/CENTRO-OESTE;5478.97999999
2024-05-17 02:00:00;NORDESTE;SUDESTE/CENTRO-OESTE;4947.838
2024-05-17 03:00:00;NORDESTE;SUDESTE/CENTRO-OESTE;4962.81499999
2024-05-17 04:00:00;NORDESTE;SUDESTE/CENTRO-OESTE;4891.972
2024-05-17 05:00:00;NORDESTE;SUDESTE/CENTRO-OESTE;5633.323
2024-05-17 06:00:00;NORDESTE;SUDESTE/CENTRO-OESTE;5925.515
2024-05-17 07:00:00;NORDESTE;SUDESTE/CENTRO-OESTE;6186.917
2024-05-17 08:00:00;NORDESTE;SUDESTE/CENTRO-OESTE;6050.59
2024-05-17 09:00:00;NORDESTE;SUDESTE/CENTRO-OESTE;5620.478
2024-05-17 10:00:00;NORDESTE;SUDESTE/CENTRO-OESTE;5460.705
2024-05-17 11:00:00;NORDESTE;SUDESTE/CENTRO-OESTE;5573.198
2024-05-17 12:00:00;NORDESTE;SUDESTE/CENTRO-OESTE;5495.643
2024-05-17 13:00:00;NORDESTE;SUDESTE/CENTRO-OESTE;4377.844
2024-05-17 14:00:00;NORDESTE;SUDESTE/CENTRO-OESTE;3293.42
2024-05-17 15:00:00;NORDESTE;SUDESTE/CENTRO-OESTE;3174.251
2024-05-17 16:00:00;NORDESTE;SUDESTE/CENTRO-OESTE;3175.638
2024-05-17 17:00:00;NORDESTE;SUDESTE/CENTRO-OESTE;3194.846
2024-05-17 18:00:00;NORDESTE;SUDESTE/CENTRO-OESTE;3722.367
2024-05-17 19:00:00;NORDESTE;SUDESTE/CENTRO-OESTE;4188.81499999
2024-05-17 20:00:00;NORDESTE;SUDESTE/CENTRO-OESTE;4472.077
2024-05-17 21:00:00;NORDESTE;SUDESTE/CENTRO-OESTE;4376.75699999
2024-05-17 22:00:00;NORDESTE;SUDESTE/CENTRO-OESTE;4053.232
2024-05-17 23:00:00;NORDESTE;SUDESTE/CENTRO-OESTE;3609.016
2024-05-18 00:00:00;NORDESTE;SUDESTE/CENTRO-OESTE;2646.748
2024-05-18 01:00:00;NORDESTE;SUDESTE/CENTRO-OESTE;2034.705
2024-05-18 02:00:00;NORDESTE;SUDESTE/CENTRO-OESTE;1592.124
2024-05-18 03:00:00;NORDESTE;SUDESTE/CENTRO-OESTE;1634.196
2024-05-18 04:00:00;NORDESTE;SUDESTE/CENTRO-OESTE;1675.829
2024-05-18 05:00:00;NORDESTE;SUDESTE/CENTRO-OESTE;1769.578
2024-05-18 06:00:00;NORDESTE;SUDESTE/CENTRO-OESTE;2141.759
2024-05-18 07:00:00;NORDESTE;SUDESTE/CENTRO-OESTE;2508.429
2024-05-18 08:00:00;NORDESTE;SUDESTE/CENTRO-OESTE;3003.29
2024-05-18 09:00:00;NORDESTE;SUDESTE/CENTRO-OESTE;2512.27599999
2024-05-18 10:00:00;NORDESTE;SUDESTE/CENTRO-OESTE;2330.655
2024-05-18 11:00:00;NORDESTE;SUDESTE/CENTRO-OESTE;1800.893
2024-05-18 12:00:00;NORDESTE;SUDESTE/CENTRO-OESTE;1487.931
2024-05-18 13:00:00;NORDESTE;SUDESTE/CENTRO-OESTE;1200.52
2024-05-18 14:00:00;NORDESTE;SUDESTE/CENTRO-OESTE;1240.352
2024-05-18 15:00:00;NORDESTE;SUDESTE/CENTRO-OESTE;1485.416
2024-05-18 16:00:00;NORDESTE;SUDESTE/CENTRO-OESTE;1370.75399999
2024-05-18 17:00:00;NORDESTE;SUDESTE/CENTRO-OESTE;1467.026
2024-05-18 18:00:00;NORDESTE;SUDESTE/CENTRO-OESTE;2628.84499999
2024-05-18 19:00:00;NORDESTE;SUDESTE/CENTRO-OESTE;3650.428
2024-05-18 20:00:00;NORDESTE;SUDESTE/CENTRO-OESTE;3869.817
2024-05-18 21:00:00;NORDESTE;SUDESTE/CENTRO-OESTE;3675.703
2024-05-18 22:00:00;NORDESTE;SUDESTE/CENTRO-OESTE;3284.117
2024-05-18 23:00:00;NORDESTE;SUDESTE/CENTRO-OESTE;2939.997
2024-05-19 00:00:00;NORDESTE;SUDESTE/CENTRO-OESTE;2799.451
2024-05-19 01:00:00;NORDESTE;SUDESTE/CENTRO-OESTE;3245.179
2024-05-19 02:00:00;NORDESTE;SUDESTE/CENTRO-OESTE;3014.647
2024-05-19 03:00:00;NORDESTE;SUDESTE/CENTRO-OESTE;2851.108
2024-05-19 04:00:00;NORDESTE;SUDESTE/CENTRO-OESTE;3005.33599999
2024-05-19 05:00:00;NORDESTE;SUDESTE/CENTRO-OESTE;3234.625
2024-05-19 06:00:00;NORDESTE;SUDESTE/CENTRO-OESTE;4644.264
2024-05-19 07:00:00;NORDESTE;SUDESTE/CENTRO-OESTE;5487.587
2024-05-19 08:00:00;NORDESTE;SUDESTE/CENTRO-OESTE;5180.951
2024-05-19 09:00:00;NORDESTE;SUDESTE/CENTRO-OESTE;5193.598
2024-05-19 10:00:00;NORDESTE;SUDESTE/CENTRO-OESTE;5020.046
2024-05-19 11:00:00;NORDESTE;SUDESTE/CENTRO-OESTE;4949.053
2024-05-19 12:00:00;NORDESTE;SUDESTE/CENTRO-OESTE;4276.198
2024-05-19 13:00:00;NORDESTE;SUDESTE/CENTRO-OESTE;3934.095
2024-05-19 14:00:00;NORDESTE;SUDESTE/CENTRO-OESTE;3721.234
2024-05-19 15:00:00;NORDESTE;SUDESTE/CENTRO-OESTE;3157.81
2024-05-19 16:00:00;NORDESTE;SUDESTE/CENTRO-OESTE;2965.198
2024-05-19 17:00:00;NORDESTE;SUDESTE/CENTRO-OESTE;2939.78
2024-05-19 18:00:00;NORDESTE;SUDESTE/CENTRO-OESTE;3305.122
2024-05-19 19:00:00;NORDESTE;SUDESTE/CENTRO-OESTE;4107.185
2024-05-19 20:00:00;NORDESTE;SUDESTE/CENTRO-OESTE;4724.014
2024-05-19 21:00:00;NORDESTE;SUDESTE/CENTRO-OESTE;4740.847
2024-05-19 22:00:00;NORDESTE;SUDESTE/CENTRO-OESTE;4739.608
2024-05-19 23:00:00;NORDESTE;SUDESTE/CENTRO-OESTE;4292.187
2024-05-20 00:00:00;NORDESTE;SUDESTE/CENTRO-OESTE;3761.811
2024-05-20 01:00:00;NORDESTE;SUDESTE/CENTRO-OESTE;3808.255
2024-05-20 02:00:00;NORDESTE;SUDESTE/CENTRO-OESTE;3796.576
2024-05-20 03:00:00;NORDESTE;SUDESTE/CENTRO-OESTE;3925.586
2024-05-20 04:00:00;NORDESTE;SUDESTE/CENTRO-OESTE;4161.769
2024-05-20 05:00:00;NORDESTE;SUDESTE/CENTRO-OESTE;4535.743
2024-05-20 06:00:00;NORDESTE;SUDESTE/CENTRO-OESTE;5318.962
2024-05-20 07:00:00;NORDESTE;SUDESTE/CENTRO-OESTE;5606.434
2024-05-20 08:00:00;NORDESTE;SUDESTE/CENTRO-OESTE;5988.799
2024-05-20 09:00:00;NORDESTE;SUDESTE/CENTRO-OESTE;5815.812
2024-05-20 10:00:00;NORDESTE;SUDESTE/CENTRO-OESTE;5136.637
2024-05-20 11:00:00;NORDESTE;SUDESTE/CENTRO-OESTE;3972.069
2024-05-20 12:00:00;NORDESTE;SUDESTE/CENTRO-OESTE;2899.449
2024-05-20 13:00:00;NORDESTE;SUDESTE/CENTRO-OESTE;2659.23
2024-05-20 14:00:00;NORDESTE;SUDESTE/CENTRO-OESTE;2692.337
2024-05-20 15:00:00;NORDESTE;SUDESTE/CENTRO-OESTE;3136.935
2024-05-20 16:00:00;NORDESTE;SUDESTE/CENTRO-OESTE;2967.134
2024-05-20 17:00:00;NORDESTE;SUDESTE/CENTRO-OESTE;3409.976
2024-05-20 18:00:00;NORDESTE;SUDESTE/CENTRO-OESTE;4057.625
2024-05-20 19:00:00;NORDESTE;SUDESTE/CENTRO-OESTE;4610.009
2024-05-20 20:00:00;NORDESTE;SUDESTE/CENTRO-OESTE;4887.157
2024-05-20 21:00:00;NORDESTE;SUDESTE/CENTRO-OESTE;4490.201
2024-05-20 22:00:00;NORDESTE;SUDESTE/CENTRO-OESTE;5232.62
2024-05-20 23:00:00;NORDESTE;SUDESTE/CENTRO-OESTE;5338.183
2024-05-21 00:00:00;NORDESTE;SUDESTE/CENTRO-OESTE;4995.963
2024-05-21 01:00:00;NORDESTE;SUDESTE/CENTRO-OESTE;4778.028
2024-05-21 02:00:00;NORDESTE;SUDESTE/CENTRO-OESTE;4973.72999999
2024-05-21 03:00:00;NORDESTE;SUDESTE/CENTRO-OESTE;5026.942
2024-05-21 04:00:00;NORDESTE;SUDESTE/CENTRO-OESTE;5129.571
2024-05-21 05:00:00;NORDESTE;SUDESTE/CENTRO-OESTE;5407.459
2024-05-21 06:00:00;NORDESTE;SUDESTE/CENTRO-OESTE;6073.661
2024-05-21 07:00:00;NORDESTE;SUDESTE/CENTRO-OESTE;6026.391
2024-05-21 08:00:00;NORDESTE;SUDESTE/CENTRO-OESTE;5020.987
2024-05-21 09:00:00;NORDESTE;SUDESTE/CENTRO-OESTE;5414.003
2024-05-21 10:00:00;NORDESTE;SUDESTE/CENTRO-OESTE;5105.111
2024-05-21 11:00:00;NORDESTE;SUDESTE/CENTRO-OESTE;4545.087
2024-05-21 12:00:00;NORDESTE;SUDESTE/CENTRO-OESTE;3692.435
2024-05-21 13:00:00;NORDESTE;SUDESTE/CENTRO-OESTE;3613.223
2024-05-21 14:00:00;NORDESTE;SUDESTE/CENTRO-OESTE;3977.496
2024-05-21 15:00:00;NORDESTE;SUDESTE/CENTRO-OESTE;4780.057
2024-05-21 16:00:00;NORDESTE;SUDESTE/CENTRO-OESTE;4601.692
2024-05-21 17:00:00;NORDESTE;SUDESTE/CENTRO-OESTE;4655.85999999
2024-05-21 18:00:00;NORDESTE;SUDESTE/CENTRO-OESTE;4884.67199999
2024-05-21 19:00:00;NORDESTE;SUDESTE/CENTRO-OESTE;4744.089
2024-05-21 20:00:00;NORDESTE;SUDESTE/CENTRO-OESTE;4430.542
2024-05-21 21:00:00;NORDESTE;SUDESTE/CENTRO-OESTE;4865.612
2024-05-21 22:00:00;NORDESTE;SUDESTE/CENTRO-OESTE;5507.868
2024-05-21 23:00:00;NORDESTE;SUDESTE/CENTRO-OESTE;5303.02
2024-05-22 00:00:00;NORDESTE;SUDESTE/CENTRO-OESTE;5190.844
2024-05-22 01:00:00;NORDESTE;SUDESTE/CENTRO-OESTE;4702.627
2024-05-22 02:00:00;NORDESTE;SUDESTE/CENTRO-OESTE;4943.236
2024-05-22 03:00:00;NORDESTE;SUDESTE/CENTRO-OESTE;4815.58299999
2024-05-22 04:00:00;NORDESTE;SUDESTE/CENTRO-OESTE;4858.83
2024-05-22 05:00:00;NORDESTE;SUDESTE/CENTRO-OESTE;5422.345
2024-05-22 06:00:00;NORDESTE;SUDESTE/CENTRO-OESTE;5708.483
2024-05-22 07:00:00;NORDESTE;SUDESTE/CENTRO-OESTE;5965.441
2024-05-22 08:00:00;NORDESTE;SUDESTE/CENTRO-OESTE;5688.4
2024-05-22 09:00:00;NORDESTE;SUDESTE/CENTRO-OESTE;5505.911
2024-05-22 10:00:00;NORDESTE;SUDESTE/CENTRO-OESTE;5371.638
2024-05-22 11:00:00;NORDESTE;SUDESTE/CENTRO-OESTE;4963.04699999
2024-05-22 12:00:00;NORDESTE;SUDESTE/CENTRO-OESTE;4514.678
2024-05-22 13:00:00;NORDESTE;SUDESTE/CENTRO-OESTE;4203.264
2024-05-22 14:00:00;NORDESTE;SUDESTE/CENTRO-OESTE;4578.969
2024-05-22 15:00:00;NORDESTE;SUDESTE/CENTRO-OESTE;4640.506
2024-05-22 16:00:00;NORDESTE;SUDESTE/CENTRO-OESTE;4235.03799999
2024-05-22 17:00:00;NORDESTE;SUDESTE/CENTRO-OESTE;3959.601
2024-05-22 18:00:00;NORDESTE;SUDESTE/CENTRO-OESTE;4636.595
2024-05-22 19:00:00;NORDESTE;SUDESTE/CENTRO-OESTE;5259.745
2024-05-22 20:00:00;NORDESTE;SUDESTE/CENTRO-OESTE;5807.853
2024-05-22 21:00:00;NORDESTE;SUDESTE/CENTRO-OESTE;5793.893
2024-05-22 22:00:00;NORDESTE;SUDESTE/CENTRO-OESTE;5122.398
2024-05-22 23:00:00;NORDESTE;SUDESTE/CENTRO-OESTE;4969.484
2024-05-23 00:00:00;NORDESTE;SUDESTE/CENTRO-OESTE;4950.548
2024-05-23 01:00:00;NORDESTE;SUDESTE/CENTRO-OESTE;4526.303
2024-05-23 02:00:00;NORDESTE;SUDESTE/CENTRO-OESTE;4661.348
2024-05-23 03:00:00;NORDESTE;SUDESTE/CENTRO-OESTE;4748.453
2024-05-23 04:00:00;NORDESTE;SUDESTE/CENTRO-OESTE;4626.465
2024-05-23 05:00:00;NORDESTE;SUDESTE/CENTRO-OESTE;4724.142
2024-05-23 06:00:00;NORDESTE;SUDESTE/CENTRO-OESTE;5553.418
2024-05-23 07:00:00;NORDESTE;SUDESTE/CENTRO-OESTE;5854.59599999
2024-05-23 08:00:00;NORDESTE;SUDESTE/CENTRO-OESTE;5302.392
2024-05-23 09:00:00;NORDESTE;SUDESTE/CENTRO-OESTE;5028.83
2024-05-23 10:00:00;NORDESTE;SUDESTE/CENTRO-OESTE;4619.289
2024-05-23 11:00:00;NORDESTE;SUDESTE/CENTRO-OESTE;4145.807
2024-05-23 12:00:00;NORDESTE;SUDESTE/CENTRO-OESTE;4038.671
2024-05-23 13:00:00;NORDESTE;SUDESTE/CENTRO-OESTE;3644.763
2024-05-23 14:00:00;NORDESTE;SUDESTE/CENTRO-OESTE;3455.132
2024-05-23 15:00:00;NORDESTE;SUDESTE/CENTRO-OESTE;3268.725
2024-05-23 16:00:00;NORDESTE;SUDESTE/CENTRO-OESTE;3552.162
2024-05-23 17:00:00;NORDESTE;SUDESTE/CENTRO-OESTE;4119.91299999
2024-05-23 18:00:00;NORDESTE;SUDESTE/CENTRO-OESTE;4648.789
2024-05-23 19:00:00;NORDESTE;SUDESTE/CENTRO-OESTE;4817.117
2024-05-23 20:00:00;NORDESTE;SUDESTE/CENTRO-OESTE;4863.289
2024-05-23 21:00:00;NORDESTE;SUDESTE/CENTRO-OESTE;4935.308
2024-05-23 22:00:00;NORDESTE;SUDESTE/CENTRO-OESTE;6262.37299999
2024-05-23 23:00:00;NORDESTE;SUDESTE/CENTRO-OESTE;5534.951
2024-05-24 00:00:00;NORDESTE;SUDESTE/CENTRO-OESTE;5108.145
2024-05-24 01:00:00;NORDESTE;SUDESTE/CENTRO-OESTE;4742.554
2024-05-24 02:00:00;NORDESTE;SUDESTE/CENTRO-OESTE;5063.15899999
2024-05-24 03:00:00;NORDESTE;SUDESTE/CENTRO-OESTE;4965.396
2024-05-24 04:00:00;NORDESTE;SUDESTE/CENTRO-OESTE;4958.987
2024-05-24 05:00:00;NORDESTE;SUDESTE/CENTRO-OESTE;4894.705
2024-05-24 06:00:00;NORDESTE;SUDESTE/CENTRO-OESTE;5755.246
2024-05-24 07:00:00;NORDESTE;SUDESTE/CENTRO-OESTE;5977.935
2024-05-24 08:00:00;NORDESTE;SUDESTE/CENTRO-OESTE;5824.875
2024-05-24 09:00:00;NORDESTE;SUDESTE/CENTRO-OESTE;5453.216
2024-05-24 10:00:00;NORDESTE;SUDESTE/CENTRO-OESTE;5035.304
2024-05-24 11:00:00;NORDESTE;SUDESTE/CENTRO-OESTE;4727.04299999
2024-05-24 12:00:00;NORDESTE;SUDESTE/CENTRO-OESTE;4179.73899999
2024-05-24 13:00:00;NORDESTE;SUDESTE/CENTRO-OESTE;3883.409
2024-05-24 14:00:00;NORDESTE;SUDESTE/CENTRO-OESTE;3079.407
2024-05-24 15:00:00;NORDESTE;SUDESTE/CENTRO-OESTE;2697.318
2024-05-24 16:00:00;NORDESTE;SUDESTE/CENTRO-OESTE;2246.154
2024-05-24 17:00:00;NORDESTE;SUDESTE/CENTRO-OESTE;2764.349
2024-05-24 18:00:00;NORDESTE;SUDESTE/CENTRO-OESTE;4251.151
2024-05-24 19:00:00;NORDESTE;SUDESTE/CENTRO-OESTE;4607.812
2024-05-24 20:00:00;NORDESTE;SUDESTE/CENTRO-OESTE;5071.34
2024-05-24 21:00:00;NORDESTE;SUDESTE/CENTRO-OESTE;5012.893
2024-05-24 22:00:00;NORDESTE;SUDESTE/CENTRO-OESTE;5201.97999999
2024-05-24 23:00:00;NORDESTE;SUDESTE/CENTRO-OESTE;5073.89
2024-05-25 00:00:00;NORDESTE;SUDESTE/CENTRO-OESTE;4645.876
2024-05-25 01:00:00;NORDESTE;SUDESTE/CENTRO-OESTE;4790.894
2024-05-25 02:00:00;NORDESTE;SUDESTE/CENTRO-OESTE;4608.615
2024-05-25 03:00:00;NORDESTE;SUDESTE/CENTRO-OESTE;3835.189
2024-05-25 04:00:00;NORDESTE;SUDESTE/CENTRO-OESTE;3375.54
2024-05-25 05:00:00;NORDESTE;SUDESTE/CENTRO-OESTE;3433.921
2024-05-25 06:00:00;NORDESTE;SUDESTE/CENTRO-OESTE;4204.352
2024-05-25 07:00:00;NORDESTE;SUDESTE/CENTRO-OESTE;4980.35
2024-05-25 08:00:00;NORDESTE;SUDESTE/CENTRO-OESTE;5018.58299999
2024-05-25 09:00:00;NORDESTE;SUDESTE/CENTRO-OESTE;4465.61399999
2024-05-25 10:00:00;NORDESTE;SUDESTE/CENTRO-OESTE;3944.026
2024-05-25 11:00:00;NORDESTE;SUDESTE/CENTRO-OESTE;3958.708
2024-05-25 12:00:00;NORDESTE;SUDESTE/CENTRO-OESTE;3493.188
2024-05-25 13:00:00;NORDESTE;SUDESTE/CENTRO-OESTE;2860.463
2024-05-25 14:00:00;NORDESTE;SUDESTE/CENTRO-OESTE;2430.472
2024-05-25 15:00:00;NORDESTE;SUDESTE/CENTRO-OESTE;2289.058
2024-05-25 16:00:00;NORDESTE;SUDESTE/CENTRO-OESTE;2596.16199999
2024-05-25 17:00:00;NORDESTE;SUDESTE/CENTRO-OESTE;3129.123
2024-05-25 18:00:00;NORDESTE;SUDESTE/CENTRO-OESTE;4153.548
2024-05-25 19:00:00;NORDESTE;SUDESTE/CENTRO-OESTE;5275.988
2024-05-25 20:00:00;NORDESTE;SUDESTE/CENTRO-OESTE;5419.946
2024-05-25 21:00:00;NORDESTE;SUDESTE/CENTRO-OESTE;5337.917
2024-05-25 22:00:00;NORDESTE;SUDESTE/CENTRO-OESTE;5275.792
2024-05-25 23:00:00;NORDESTE;SUDESTE/CENTRO-OESTE;4891.769
2024-05-26 00:00:00;NORDESTE;SUDESTE/CENTRO-OESTE;4953.929
2024-05-26 01:00:00;NORDESTE;SUDESTE/CENTRO-OESTE;4211.944
2024-05-26 02:00:00;NORDESTE;SUDESTE/CENTRO-OESTE;3854.195
2024-05-26 03:00:00;NORDESTE;SUDESTE/CENTRO-OESTE;3820.098
2024-05-26 04:00:00;NORDESTE;SUDESTE/CENTRO-OESTE;3410.111
2024-05-26 05:00:00;NORDESTE;SUDESTE/CENTRO-OESTE;3512.811
2024-05-26 06:00:00;NORDESTE;SUDESTE/CENTRO-OESTE;4739.032
2024-05-26 07:00:00;NORDESTE;SUDESTE/CENTRO-OESTE;4852.75
2024-05-26 08:00:00;NORDESTE;SUDESTE/CENTRO-OESTE;5171.48499999
2024-05-26 09:00:00;NORDESTE;SUDESTE/CENTRO-OESTE;5063.79
2024-05-26 10:00:00;NORDESTE;SUDESTE/CENTRO-OESTE;5085.74
2024-05-26 11:00:00;NORDESTE;SUDESTE/CENTRO-OESTE;5157.63
2024-05-26 12:00:00;NORDESTE;SUDESTE/CENTRO-OESTE;5043.057
2024-05-26 13:00:00;NORDESTE;SUDESTE/CENTRO-OESTE;4701.161
2024-05-26 14:00:00;NORDESTE;SUDESTE/CENTRO-OESTE;4557.03799999
2024-05-26 15:00:00;NORDESTE;SUDESTE/CENTRO-OESTE;4324.434
2024-05-26 16:00:00;NORDESTE;SUDESTE/CENTRO-OESTE;3940.408
2024-05-26 17:00:00;NORDESTE;SUDESTE/CENTRO-OESTE;3963.435
2024-05-26 18:00:00;NORDESTE;SUDESTE/CENTRO-OESTE;4445.49399999
2024-05-26 19:00:00;NORDESTE;SUDESTE/CENTRO-OESTE;5017.975
2024-05-26 20:00:00;NORDESTE;SUDESTE/CENTRO-OESTE;5466.087
2024-05-26 21:00:00;NORDESTE;SUDESTE/CENTRO-OESTE;5387.408
2024-05-26 22:00:00;NORDESTE;SUDESTE/CENTRO-OESTE;5171.32
2024-05-26 23:00:00;NORDESTE;SUDESTE/CENTRO-OESTE;4822.28
2024-05-27 00:00:00;NORDESTE;SUDESTE/CENTRO-OESTE;4512.35
2024-05-27 01:00:00;NORDESTE;SUDESTE/CENTRO-OESTE;4459.05
2024-05-27 02:00:00;NORDESTE;SUDESTE/CENTRO-OESTE;4728.799
2024-05-27 03:00:00;NORDESTE;SUDESTE/CENTRO-OESTE;4895.688
2024-05-27 04:00:00;NORDESTE;SUDESTE/CENTRO-OESTE;5154.262
2024-05-27 05:00:00;NORDESTE;SUDESTE/CENTRO-OESTE;5265.227
2024-05-27 06:00:00;NORDESTE;SUDESTE/CENTRO-OESTE;6460.691
2024-05-27 07:00:00;NORDESTE;SUDESTE/CENTRO-OESTE;6372.64
2024-05-27 08:00:00;NORDESTE;SUDESTE/CENTRO-OESTE;5989.792
2024-05-27 09:00:00;NORDESTE;SUDESTE/CENTRO-OESTE;5974.052
2024-05-27 10:00:00;NORDESTE;SUDESTE/CENTRO-OESTE;5731.201
2024-05-27 11:00:00;NORDESTE;SUDESTE/CENTRO-OESTE;4988.25
2024-05-27 12:00:00;NORDESTE;SUDESTE/CENTRO-OESTE;4863.904
2024-05-27 13:00:00;NORDESTE;SUDESTE/CENTRO-OESTE;4583.34
2024-05-27 14:00:00;NORDESTE;SUDESTE/CENTRO-OESTE;4379.532
2024-05-27 15:00:00;NORDESTE;SUDESTE/CENTRO-OESTE;3337.963
2024-05-27 16:00:00;NORDESTE;SUDESTE/CENTRO-OESTE;2815.648
2024-05-27 17:00:00;NORDESTE;SUDESTE/CENTRO-OESTE;3060.655
2024-05-27 18:00:00;NORDESTE;SUDESTE/CENTRO-OESTE;4304.999
2024-05-27 19:00:00;NORDESTE;SUDESTE/CENTRO-OESTE;4745.432
2024-05-27 20:00:00;NORDESTE;SUDESTE/CENTRO-OESTE;4895.19899999
2024-05-27 21:00:00;NORDESTE;SUDESTE/CENTRO-OESTE;4601.827
2024-05-27 22:00:00;NORDESTE;SUDESTE/CENTRO-OESTE;4119.602
2024-05-27 23:00:00;NORDESTE;SUDESTE/CENTRO-OESTE;3968.317
2024-05-28 00:00:00;NORDESTE;SUDESTE/CENTRO-OESTE;4096.215
2024-05-28 01:00:00;NORDESTE;SUDESTE/CENTRO-OESTE;4283.732
2024-05-28 02:00:00;NORDESTE;SUDESTE/CENTRO-OESTE;4200.042
2024-05-28 03:00:00;NORDESTE;SUDESTE/CENTRO-OESTE;4082.107
2024-05-28 04:00:00;NORDESTE;SUDESTE/CENTRO-OESTE;3842.887
2024-05-28 05:00:00;NORDESTE;SUDESTE/CENTRO-OESTE;3773.812
2024-05-28 06:00:00;NORDESTE;SUDESTE/CENTRO-OESTE;4444.183
2024-05-28 07:00:00;NORDESTE;SUDESTE/CENTRO-OESTE;5148.139
2024-05-28 08:00:00;NORDESTE;SUDESTE/CENTRO-OESTE;5436.951
2024-05-28 09:00:00;NORDESTE;SUDESTE/CENTRO-OESTE;5225.804
2024-05-28 10:00:00;NORDESTE;SUDESTE/CENTRO-OESTE;4604.136
2024-05-28 11:00:00;NORDESTE;SUDESTE/CENTRO-OESTE;4449.438
2024-05-28 12:00:00;NORDESTE;SUDESTE/CENTRO-OESTE;4606.85
2024-05-28 13:00:00;NORDESTE;SUDESTE/CENTRO-OESTE;4165.753
2024-05-28 14:00:00;NORDESTE;SUDESTE/CENTRO-OESTE;3622.177
2024-05-28 15:00:00;NORDESTE;SUDESTE/CENTRO-OESTE;3402.214
2024-05-28 16:00:00;NORDESTE;SUDESTE/CENTRO-OESTE;2703.355
2024-05-28 17:00:00;NORDESTE;SUDESTE/CENTRO-OESTE;3237.583
2024-05-28 18:00:00;NORDESTE;SUDESTE/CENTRO-OESTE;5152.572
2024-05-28 19:00:00;NORDESTE;SUDESTE/CENTRO-OESTE;5805.314
2024-05-28 20:00:00;NORDESTE;SUDESTE/CENTRO-OESTE;6100.673
2024-05-28 21:00:00;NORDESTE;SUDESTE/CENTRO-OESTE;6035.645
2024-05-28 22:00:00;NORDESTE;SUDESTE/CENTRO-OESTE;5748.751
2024-05-28 23:00:00;NORDESTE;SUDESTE/CENTRO-OESTE;5062.798
2024-05-29 00:00:00;NORDESTE;SUDESTE/CENTRO-OESTE;4758.97599999
2024-05-29 01:00:00;NORDESTE;SUDESTE/CENTRO-OESTE;4432.411
2024-05-29 02:00:00;NORDESTE;SUDESTE/CENTRO-OESTE;3931.721
2024-05-29 03:00:00;NORDESTE;SUDESTE/CENTRO-OESTE;3887.9
2024-05-29 04:00:00;NORDESTE;SUDESTE/CENTRO-OESTE;3700.07
2024-05-29 05:00:00;NORDESTE;SUDESTE/CENTRO-OESTE;3812.116
2024-05-29 06:00:00;NORDESTE;SUDESTE/CENTRO-OESTE;4651.39099999
2024-05-29 07:00:00;NORDESTE;SUDESTE/CENTRO-OESTE;5138.836
2024-05-29 08:00:00;NORDESTE;SUDESTE/CENTRO-OESTE;5142.792
2024-05-29 09:00:00;NORDESTE;SUDESTE/CENTRO-OESTE;4376.54299999
2024-05-29 10:00:00;NORDESTE;SUDESTE/CENTRO-OESTE;3443.99899999
2024-05-29 11:00:00;NORDESTE;SUDESTE/CENTRO-OESTE;2527.989
2024-05-29 12:00:00;NORDESTE;SUDESTE/CENTRO-OESTE;1883.516
2024-05-29 13:00:00;NORDESTE;SUDESTE/CENTRO-OESTE;1000.472
2024-05-29 14:00:00;NORDESTE;SUDESTE/CENTRO-OESTE;554.386
2024-05-29 15:00:00;NORDESTE;SUDESTE/CENTRO-OESTE;304.169
2024-05-29 16:00:00;NORDESTE;SUDESTE/CENTRO-OESTE;667.838
2024-05-29 17:00:00;NORDESTE;SUDESTE/CENTRO-OESTE;1382.383
2024-05-29 18:00:00;NORDESTE;SUDESTE/CENTRO-OESTE;3538.514
2024-05-29 19:00:00;NORDESTE;SUDESTE/CENTRO-OESTE;4278.904
2024-05-29 20:00:00;NORDESTE;SUDESTE/CENTRO-OESTE;4600.907
2024-05-29 21:00:00;NORDESTE;SUDESTE/CENTRO-OESTE;4567.33299999
2024-05-29 22:00:00;NORDESTE;SUDESTE/CENTRO-OESTE;3974.537
2024-05-29 23:00:00;NORDESTE;SUDESTE/CENTRO-OESTE;3057.846
2024-05-30 00:00:00;NORDESTE;SUDESTE/CENTRO-OESTE;2349.867
2024-05-30 01:00:00;NORDESTE;SUDESTE/CENTRO-OESTE;1639.345
2024-05-30 02:00:00;NORDESTE;SUDESTE/CENTRO-OESTE;1248.941
2024-05-30 03:00:00;NORDESTE;SUDESTE/CENTRO-OESTE;882.344
2024-05-30 04:00:00;NORDESTE;SUDESTE/CENTRO-OESTE;1197.54
2024-05-30 05:00:00;NORDESTE;SUDESTE/CENTRO-OESTE;1573.09
2024-05-30 06:00:00;NORDESTE;SUDESTE/CENTRO-OESTE;2413.48999999
2024-05-30 07:00:00;NORDESTE;SUDESTE/CENTRO-OESTE;3254.572
2024-05-30 08:00:00;NORDESTE;SUDESTE/CENTRO-OESTE;3085.872
2024-05-30 09:00:00;NORDESTE;SUDESTE/CENTRO-OESTE;2171.817
2024-05-30 10:00:00;NORDESTE;SUDESTE/CENTRO-OESTE;1574.47
2024-05-30 11:00:00;NORDESTE;SUDESTE/CENTRO-OESTE;1027.083
2024-05-30 12:00:00;NORDESTE;SUDESTE/CENTRO-OESTE;845.90599999
2024-05-30 13:00:00;NORDESTE;SUDESTE/CENTRO-OESTE;1370.90799999
2024-05-30 14:00:00;NORDESTE;SUDESTE/CENTRO-OESTE;736.301
2024-05-30 15:00:00;NORDESTE;SUDESTE/CENTRO-OESTE;1221.565
2024-05-30 16:00:00;NORDESTE;SUDESTE/CENTRO-OESTE;2015.456
2024-05-30 17:00:00;NORDESTE;SUDESTE/CENTRO-OESTE;3427.878
2024-05-30 18:00:00;NORDESTE;SUDESTE/CENTRO-OESTE;4531.292
2024-05-30 19:00:00;NORDESTE;SUDESTE/CENTRO-OESTE;5619.086
2024-05-30 20:00:00;NORDESTE;SUDESTE/CENTRO-OESTE;6146.741
2024-05-30 21:00:00;NORDESTE;SUDESTE/CENTRO-OESTE;5872.222
2024-05-30 22:00:00;NORDESTE;SUDESTE/CENTRO-OESTE;5530.549
2024-05-30 23:00:00;NORDESTE;SUDESTE/CENTRO-OESTE;5441.394
2024-05-31 00:00:00;NORDESTE;SUDESTE/CENTRO-OESTE;5099.97599999
2024-05-31 01:00:00;NORDESTE;SUDESTE/CENTRO-OESTE;4766.512
2024-05-31 02:00:00;NORDESTE;SUDESTE/CENTRO-OESTE;4548.247
2024-05-31 03:00:00;NORDESTE;SUDESTE/CENTRO-OESTE;4892.046
2024-05-31 04:00:00;NORDESTE;SUDESTE/CENTRO-OESTE;5173.30599999
2024-05-31 05:00:00;NORDESTE;SUDESTE/CENTRO-OESTE;5308.45
2024-05-31 06:00:00;NORDESTE;SUDESTE/CENTRO-OESTE;6050.294
2024-05-31 07:00:00;NORDESTE;SUDESTE/CENTRO-OESTE;6025.63199999
2024-05-31 08:00:00;NORDESTE;SUDESTE/CENTRO-OESTE;5864.62
2024-05-31 09:00:00;NORDESTE;SUDESTE/CENTRO-OESTE;5144.012
2024-05-31 10:00:00;NORDESTE;SUDESTE/CENTRO-OESTE;3797.474
2024-05-31 11:00:00;NORDESTE;SUDESTE/CENTRO-OESTE;3161.253
2024-05-31 12:00:00;NORDESTE;SUDESTE/CENTRO-OESTE;2680.091
2024-05-31 13:00:00;NORDESTE;SUDESTE/CENTRO-OESTE;2793.839
2024-05-31 14:00:00;NORDESTE;SUDESTE/CENTRO-OESTE;2828.117
2024-05-31 15:00:00;NORDESTE;SUDESTE/CENTRO-OESTE;3264.956
2024-05-31 16:00:00;NORDESTE;SUDESTE/CENTRO-OESTE;4228.118
2024-05-31 17:00:00;NORDESTE;SUDESTE/CENTRO-OESTE;5214.79299999
2024-05-31 18:00:00;NORDESTE;SUDESTE/CENTRO-OESTE;6181.80599999
2024-05-31 19:00:00;NORDESTE;SUDESTE/CENTRO-OESTE;6081.642
2024-05-31 20:00:00;NORDESTE;SUDESTE/CENTRO-OESTE;5981.296
2024-05-31 21:00:00;NORDESTE;SUDESTE/CENTRO-OESTE;6298.771
2024-05-31 22:00:00;NORDESTE;SUDESTE/CENTRO-OESTE;6680.497
2024-05-31 23:00:00;NORDESTE;SUDESTE/CENTRO-OESTE;6309.389
2024-06-01 00:00:00;NORDESTE;SUDESTE/CENTRO-OESTE;5692.386
2024-06-01 01:00:00;NORDESTE;SUDESTE/CENTRO-OESTE;5265.206
2024-06-01 02:00:00;NORDESTE;SUDESTE/CENTRO-OESTE;5179.328
2024-06-01 03:00:00;NORDESTE;SUDESTE/CENTRO-OESTE;5106.597
2024-06-01 04:00:00;NORDESTE;SUDESTE/CENTRO-OESTE;4721.78799999
2024-06-01 05:00:00;NORDESTE;SUDESTE/CENTRO-OESTE;4714.515
2024-06-01 06:00:00;NORDESTE;SUDESTE/CENTRO-OESTE;5296.30599999
2024-06-01 07:00:00;NORDESTE;SUDESTE/CENTRO-OESTE;4631.193
2024-06-01 08:00:00;NORDESTE;SUDESTE/CENTRO-OESTE;3804.347
2024-06-01 09:00:00;NORDESTE;SUDESTE/CENTRO-OESTE;3741.306
2024-06-01 10:00:00;NORDESTE;SUDESTE/CENTRO-OESTE;3956.968
2024-06-01 11:00:00;NORDESTE;SUDESTE/CENTRO-OESTE;4013.735
2024-06-01 12:00:00;NORDESTE;SUDESTE/CENTRO-OESTE;4467.571
2024-06-01 13:00:00;NORDESTE;SUDESTE/CENTRO-OESTE;4642.088
2024-06-01 14:00:00;NORDESTE;SUDESTE/CENTRO-OESTE;4676.82
2024-06-01 15:00:00;NORDESTE;SUDESTE/CENTRO-OESTE;4829.95
2024-06-01 16:00:00;NORDESTE;SUDESTE/CENTRO-OESTE;4546.097
2024-06-01 17:00:00;NORDESTE;SUDESTE/CENTRO-OESTE;4364.224
2024-06-01 18:00:00;NORDESTE;SUDESTE/CENTRO-OESTE;4776.147
2024-06-01 19:00:00;NORDESTE;SUDESTE/CENTRO-OESTE;5081.794
2024-06-01 20:00:00;NORDESTE;SUDESTE/CENTRO-OESTE;4466.024
2024-06-01 21:00:00;NORDESTE;SUDESTE/CENTRO-OESTE;4354.839
2024-06-01 22:00:00;NORDESTE;SUDESTE/CENTRO-OESTE;4777.362
2024-06-01 23:00:00;NORDESTE;SUDESTE/CENTRO-OESTE;4482.051
2024-06-02 00:00:00;NORDESTE;SUDESTE/CENTRO-OESTE;4343.843
2024-06-02 01:00:00;NORDESTE;SUDESTE/CENTRO-OESTE;4481.079
2024-06-02 02:00:00;NORDESTE;SUDESTE/CENTRO-OESTE;4721.755
2024-06-02 03:00:00;NORDESTE;SUDESTE/CENTRO-OESTE;4364.414
2024-06-02 04:00:00;NORDESTE;SUDESTE/CENTRO-OESTE;4244.064
2024-06-02 05:00:00;NORDESTE;SUDESTE/CENTRO-OESTE;4408.77499999
2024-06-02 06:00:00;NORDESTE;SUDESTE/CENTRO-OESTE;3598.727
2024-06-02 07:00:00;NORDESTE;SUDESTE/CENTRO-OESTE;3199.08599999
2024-06-02 08:00:00;NORDESTE;SUDESTE/CENTRO-OESTE;3091.325
2024-06-02 09:00:00;NORDESTE;SUDESTE/CENTRO-OESTE;2211.081
2024-06-02 10:00:00;NORDESTE;SUDESTE/CENTRO-OESTE;1579.74
2024-06-02 11:00:00;NORDESTE;SUDESTE/CENTRO-OESTE;1606.193
2024-06-02 12:00:00;NORDESTE;SUDESTE/CENTRO-OESTE;1537.781
2024-06-02 13:00:00;NORDESTE;SUDESTE/CENTRO-OESTE;1563.621
2024-06-02 14:00:00;NORDESTE;SUDESTE/CENTRO-OESTE;1668.534
2024-06-02 15:00:00;NORDESTE;SUDESTE/CENTRO-OESTE;2273.607
2024-06-02 16:00:00;NORDESTE;SUDESTE/CENTRO-OESTE;3942.493
2024-06-02 17:00:00;NORDESTE;SUDESTE/CENTRO-OESTE;4675.474
2024-06-02 18:00:00;NORDESTE;SUDESTE/CENTRO-OESTE;4966.93599999
2024-06-02 19:00:00;NORDESTE;SUDESTE/CENTRO-OESTE;4484.587
2024-06-02 20:00:00;NORDESTE;SUDESTE/CENTRO-OESTE;4384.643
2024-06-02 21:00:00;NORDESTE;SUDESTE/CENTRO-OESTE;5175.24799999
2024-06-02 22:00:00;NORDESTE;SUDESTE/CENTRO-OESTE;4960.097
2024-06-02 23:00:00;NORDESTE;SUDESTE/CENTRO-OESTE;5325.412
2024-06-03 00:00:00;NORDESTE;SUDESTE/CENTRO-OESTE;5403.067
2024-06-03 01:00:00;NORDESTE;SUDESTE/CENTRO-OESTE;5022.969
2024-06-03 02:00:00;NORDESTE;SUDESTE/CENTRO-OESTE;4991.7
2024-06-03 03:00:00;NORDESTE;SUDESTE/CENTRO-OESTE;4975.594
2024-06-03 04:00:00;NORDESTE;SUDESTE/CENTRO-OESTE;4620.845
2024-06-03 05:00:00;NORDESTE;SUDESTE/CENTRO-OESTE;4693.55599999
2024-06-03 06:00:00;NORDESTE;SUDESTE/CENTRO-OESTE;5407.313
2024-06-03 07:00:00;NORDESTE;SUDESTE/CENTRO-OESTE;5733.397
2024-06-03 08:00:00;NORDESTE;SUDESTE/CENTRO-OESTE;5235.451
2024-06-03 09:00:00;NORDESTE;SUDESTE/CENTRO-OESTE;5023.066
2024-06-03 10:00:00;NORDESTE;SUDESTE/CENTRO-OESTE;5551.26
2024-06-03 11:00:00;NORDESTE;SUDESTE/CENTRO-OESTE;6103.052
2024-06-03 12:00:00;NORDESTE;SUDESTE/CENTRO-OESTE;5648.574
2024-06-03 13:00:00;NORDESTE;SUDESTE/CENTRO-OESTE;4998.845
2024-06-03 14:00:00;NORDESTE;SUDESTE/CENTRO-OESTE;4293.2
2024-06-03 15:00:00;NORDESTE;SUDESTE/CENTRO-OESTE;3568.649
2024-06-03 16:00:00;NORDESTE;SUDESTE/CENTRO-OESTE;3381.534
2024-06-03 17:00:00;NORDESTE;SUDESTE/CENTRO-OESTE;3368.783
2024-06-03 18:00:00;NORDESTE;SUDESTE/CENTRO-OESTE;4491.673
2024-06-03 19:00:00;NORDESTE;SUDESTE/CENTRO-OESTE;4818.66799999
2024-06-03 20:00:00;NORDESTE;SUDESTE/CENTRO-OESTE;5139.62
2024-06-03 21:00:00;NORDESTE;SUDESTE/CENTRO-OESTE;5257.16299999
2024-06-03 22:00:00;NORDESTE;SUDESTE/CENTRO-OESTE;5018.219
2024-06-03 23:00:00;NORDESTE;SUDESTE/CENTRO-OESTE;4475.053
2024-06-04 00:00:00;NORDESTE;SUDESTE/CENTRO-OESTE;3861.559
2024-06-04 01:00:00;NORDESTE;SUDESTE/CENTRO-OESTE;3104.118
2024-06-04 02:00:00;NORDESTE;SUDESTE/CENTRO-OESTE;2903.398
2024-06-04 03:00:00;NORDESTE;SUDESTE/CENTRO-OESTE;3009.782
2024-06-04 04:00:00;NORDESTE;SUDESTE/CENTRO-OESTE;2908.369
2024-06-04 05:00:00;NORDESTE;SUDESTE/CENTRO-OESTE;3005.747
2024-06-04 06:00:00;NORDESTE;SUDESTE/CENTRO-OESTE;4112.803
2024-06-04 07:00:00;NORDESTE;SUDESTE/CENTRO-OESTE;5415.30199999
2024-06-04 08:00:00;NORDESTE;SUDESTE/CENTRO-OESTE;5841.854
2024-06-04 09:00:00;NORDESTE;SUDESTE/CENTRO-OESTE;5454.06
2024-06-04 10:00:00;NORDESTE;SUDESTE/CENTRO-OESTE;4781.722
2024-06-04 11:00:00;NORDESTE;SUDESTE/CENTRO-OESTE;3722.825
2024-06-04 12:00:00;NORDESTE;SUDESTE/CENTRO-OESTE;2926.765
2024-06-04 13:00:00;NORDESTE;SUDESTE/CENTRO-OESTE;2253.598
2024-06-04 14:00:00;NORDESTE;SUDESTE/CENTRO-OESTE;2778.576
2024-06-04 15:00:00;NORDESTE;SUDESTE/CENTRO-OESTE;3473.856
2024-06-04 16:00:00;NORDESTE;SUDESTE/CENTRO-OESTE;2898.766
2024-06-04 17:00:00;NORDESTE;SUDESTE/CENTRO-OESTE;2852.068
2024-06-04 18:00:00;NORDESTE;SUDESTE/CENTRO-OESTE;3845.688
2024-06-04 19:00:00;NORDESTE;SUDESTE/CENTRO-OESTE;4679.434
2024-06-04 20:00:00;NORDESTE;SUDESTE/CENTRO-OESTE;4954.057
2024-06-04 21:00:00;NORDESTE;SUDESTE/CENTRO-OESTE;4693.10999999
2024-06-04 22:00:00;NORDESTE;SUDESTE/CENTRO-OESTE;4832.532
2024-06-04 23:00:00;NORDESTE;SUDESTE/CENTRO-OESTE;4232.665
2024-06-05 00:00:00;NORDESTE;SUDESTE/CENTRO-OESTE;3680.343
2024-06-05 01:00:00;NORDESTE;SUDESTE/CENTRO-OESTE;3319.335
2024-06-05 02:00:00;NORDESTE;SUDESTE/CENTRO-OESTE;2926.51899999
2024-06-05 03:00:00;NORDESTE;SUDESTE/CENTRO-OESTE;2561.49899999
2024-06-05 04:00:00;NORDESTE;SUDESTE/CENTRO-OESTE;2850.975
2024-06-05 05:00:00;NORDESTE;SUDESTE/CENTRO-OESTE;3307.381
2024-06-05 06:00:00;NORDESTE;SUDESTE/CENTRO-OESTE;4374.331
2024-06-05 07:00:00;NORDESTE;SUDESTE/CENTRO-OESTE;5522.198
2024-06-05 08:00:00;NORDESTE;SUDESTE/CENTRO-OESTE;5875.401
2024-06-05 09:00:00;NORDESTE;SUDESTE/CENTRO-OESTE;5621.111
2024-06-05 10:00:00;NORDESTE;SUDESTE/CENTRO-OESTE;5347.273
2024-06-05 11:00:00;NORDESTE;SUDESTE/CENTRO-OESTE;5047.893
2024-06-05 12:00:00;NORDESTE;SUDESTE/CENTRO-OESTE;4671.758
2024-06-05 13:00:00;NORDESTE;SUDESTE/CENTRO-OESTE;4499.923
2024-06-05 14:00:00;NORDESTE;SUDESTE/CENTRO-OESTE;3976.111
2024-06-05 15:00:00;NORDESTE;SUDESTE/CENTRO-OESTE;4347.063
2024-06-05 16:00:00;NORDESTE;SUDESTE/CENTRO-OESTE;4216.385
2024-06-05 17:00:00;NORDESTE;SUDESTE/CENTRO-OESTE;4117.368
2024-06-05 18:00:00;NORDESTE;SUDESTE/CENTRO-OESTE;5324.992
2024-06-05 19:00:00;NORDESTE;SUDESTE/CENTRO-OESTE;5851.054
2024-06-05 20:00:00;NORDESTE;SUDESTE/CENTRO-OESTE;5937.057
2024-06-05 21:00:00;NORDESTE;SUDESTE/CENTRO-OESTE;5506.99
2024-06-05 22:00:00;NORDESTE;SUDESTE/CENTRO-OESTE;5096.68599999
2024-06-05 23:00:00;NORDESTE;SUDESTE/CENTRO-OESTE;4912.474
2024-06-06 00:00:00;NORDESTE;SUDESTE/CENTRO-OESTE;4666.466
2024-06-06 01:00:00;NORDESTE;SUDESTE/CENTRO-OESTE;4271.723
2024-06-06 02:00:00;NORDESTE;SUDESTE/CENTRO-OESTE;4570.579
2024-06-06 03:00:00;NORDESTE;SUDESTE/CENTRO-OESTE;4713.424
2024-06-06 04:00:00;NORDESTE;SUDESTE/CENTRO-OESTE;4986.79299999
2024-06-06 05:00:00;NORDESTE;SUDESTE/CENTRO-OESTE;5249.62
2024-06-06 06:00:00;NORDESTE;SUDESTE/CENTRO-OESTE;5879.649
2024-06-06 07:00:00;NORDESTE;SUDESTE/CENTRO-OESTE;6555.28799999
2024-06-06 08:00:00;NORDESTE;SUDESTE/CENTRO-OESTE;7002.027
2024-06-06 09:00:00;NORDESTE;SUDESTE/CENTRO-OESTE;6643.213
2024-06-06 10:00:00;NORDESTE;SUDESTE/CENTRO-OESTE;6442.38
2024-06-06 11:00:00;NORDESTE;SUDESTE/CENTRO-OESTE;6201.344
2024-06-06 12:00:00;NORDESTE;SUDESTE/CENTRO-OESTE;5934.957
2024-06-06 13:00:00;NORDESTE;SUDESTE/CENTRO-OESTE;5264.249
2024-06-06 14:00:00;NORDESTE;SUDESTE/CENTRO-OESTE;4757.803
2024-06-06 15:00:00;NORDESTE;SUDESTE/CENTRO-OESTE;4729.381
2024-06-06 16:00:00;NORDESTE;SUDESTE/CENTRO-OESTE;4466.19899999
2024-06-06 17:00:00;NORDESTE;SUDESTE/CENTRO-OESTE;4676.848
2024-06-06 18:00:00;NORDESTE;SUDESTE/CENTRO-OESTE;5506.031
2024-06-06 19:00:00;NORDESTE;SUDESTE/CENTRO-OESTE;5981.036
2024-06-06 20:00:00;NORDESTE;SUDESTE/CENTRO-OESTE;7062.205
2024-06-06 21:00:00;NORDESTE;SUDESTE/CENTRO-OESTE;7235.881
2024-06-06 22:00:00;NORDESTE;SUDESTE/CENTRO-OESTE;6961.475
2024-06-06 23:00:00;NORDESTE;SUDESTE/CENTRO-OESTE;5873.995
2024-06-07 00:00:00;NORDESTE;SUDESTE/CENTRO-OESTE;4995.993
2024-06-07 01:00:00;NORDESTE;SUDESTE/CENTRO-OESTE;4158.318
2024-06-07 02:00:00;NORDESTE;SUDESTE/CENTRO-OESTE;3903.412
2024-06-07 03:00:00;NORDESTE;SUDESTE/CENTRO-OESTE;3577.972
2024-06-07 04:00:00;NORDESTE;SUDESTE/CENTRO-OESTE;3616.304
2024-06-07 05:00:00;NORDESTE;SUDESTE/CENTRO-OESTE;4063.193
2024-06-07 06:00:00;NORDESTE;SUDESTE/CENTRO-OESTE;4866.78
2024-06-07 07:00:00;NORDESTE;SUDESTE/CENTRO-OESTE;6270.14
2024-06-07 08:00:00;NORDESTE;SUDESTE/CENTRO-OESTE;6727.977
2024-06-07 09:00:00;NORDESTE;SUDESTE/CENTRO-OESTE;6494.097
2024-06-07 10:00:00;NORDESTE;SUDESTE/CENTRO-OESTE;6189.814
2024-06-07 11:00:00;NORDESTE;SUDESTE/CENTRO-OESTE;5522.938
2024-06-07 12:00:00;NORDESTE;SUDESTE/CENTRO-OESTE;5127.77
2024-06-07 13:00:00;NORDESTE;SUDESTE/CENTRO-OESTE;4597.352
2024-06-07 14:00:00;NORDESTE;SUDESTE/CENTRO-OESTE;4051.473
2024-06-07 15:00:00;NORDESTE;SUDESTE/CENTRO-OESTE;3980.077
2024-06-07 16:00:00;NORDESTE;SUDESTE/CENTRO-OESTE;4447.167
2024-06-07 17:00:00;NORDESTE;SUDESTE/CENTRO-OESTE;4401.567
2024-06-07 18:00:00;NORDESTE;SUDESTE/CENTRO-OESTE;5506.809
2024-06-07 19:00:00;NORDESTE;SUDESTE/CENTRO-OESTE;5873.174
2024-06-07 20:00:00;NORDESTE;SUDESTE/CENTRO-OESTE;5999.49
2024-06-07 21:00:00;NORDESTE;SUDESTE/CENTRO-OESTE;5921.057
2024-06-07 22:00:00;NORDESTE;SUDESTE/CENTRO-OESTE;5912.142
2024-06-07 23:00:00;NORDESTE;SUDESTE/CENTRO-OESTE;5701.761
2024-06-08 00:00:00;NORDESTE;SUDESTE/CENTRO-OESTE;4802.18099999
2024-06-08 01:00:00;NORDESTE;SUDESTE/CENTRO-OESTE;3837.633
2024-06-08 02:00:00;NORDESTE;SUDESTE/CENTRO-OESTE;3390.216
2024-06-08 03:00:00;NORDESTE;SUDESTE/CENTRO-OESTE;3323.392
2024-06-08 04:00:00;NORDESTE;SUDESTE/CENTRO-OESTE;3538.312
2024-06-08 05:00:00;NORDESTE;SUDESTE/CENTRO-OESTE;3451.382
2024-06-08 06:00:00;NORDESTE;SUDESTE/CENTRO-OESTE;4422.006
2024-06-08 07:00:00;NORDESTE;SUDESTE/CENTRO-OESTE;5590.334
2024-06-08 08:00:00;NORDESTE;SUDESTE/CENTRO-OESTE;5332.375
2024-06-08 09:00:00;NORDESTE;SUDESTE/CENTRO-OESTE;5332.242
2024-06-08 10:00:00;NORDESTE;SUDESTE/CENTRO-OESTE;4960.02499999
2024-06-08 11:00:00;NORDESTE;SUDESTE/CENTRO-OESTE;4493.943
2024-06-08 12:00:00;NORDESTE;SUDESTE/CENTRO-OESTE;3963.007
2024-06-08 13:00:00;NORDESTE;SUDESTE/CENTRO-OESTE;3662.815
2024-06-08 14:00:00;NORDESTE;SUDESTE/CENTRO-OESTE;3554.951
2024-06-08 15:00:00;NORDESTE;SUDESTE/CENTRO-OESTE;3715.193
2024-06-08 16:00:00;NORDESTE;SUDESTE/CENTRO-OESTE;4156.81099999
2024-06-08 17:00:00;NORDESTE;SUDESTE/CENTRO-OESTE;4653.18099999
2024-06-08 18:00:00;NORDESTE;SUDESTE/CENTRO-OESTE;5929.993
2024-06-08 19:00:00;NORDESTE;SUDESTE/CENTRO-OESTE;6049.717
2024-06-08 20:00:00;NORDESTE;SUDESTE/CENTRO-OESTE;5766.563
2024-06-08 21:00:00;NORDESTE;SUDESTE/CENTRO-OESTE;5299.89999999
2024-06-08 22:00:00;NORDESTE;SUDESTE/CENTRO-OESTE;4667.27
2024-06-08 23:00:00;NORDESTE;SUDESTE/CENTRO-OESTE;4193.23899999
2024-06-09 00:00:00;NORDESTE;SUDESTE/CENTRO-OESTE;3831.682
2024-06-09 01:00:00;NORDESTE;SUDESTE/CENTRO-OESTE;4041.958
2024-06-09 02:00:00;NORDESTE;SUDESTE/CENTRO-OESTE;4160.59
2024-06-09 03:00:00;NORDESTE;SUDESTE/CENTRO-OESTE;4589.70799999
2024-06-09 04:00:00;NORDESTE;SUDESTE/CENTRO-OESTE;4831.425
2024-06-09 05:00:00;NORDESTE;SUDESTE/CENTRO-OESTE;4702.874
2024-06-09 06:00:00;NORDESTE;SUDESTE/CENTRO-OESTE;5157.692
2024-06-09 07:00:00;NORDESTE;SUDESTE/CENTRO-OESTE;5672.617
2024-06-09 08:00:00;NORDESTE;SUDESTE/CENTRO-OESTE;5048.334
2024-06-09 09:00:00;NORDESTE;SUDESTE/CENTRO-OESTE;4393.975
2024-06-09 10:00:00;NORDESTE;SUDESTE/CENTRO-OESTE;4207.103
2024-06-09 11:00:00;NORDESTE;SUDESTE/CENTRO-OESTE;4219.941
2024-06-09 12:00:00;NORDESTE;SUDESTE/CENTRO-OESTE;3915.753
2024-06-09 13:00:00;NORDESTE;SUDESTE/CENTRO-OESTE;3701.556
2024-06-09 14:00:00;NORDESTE;SUDESTE/CENTRO-OESTE;3645.283
2024-06-09 15:00:00;NORDESTE;SUDESTE/CENTRO-OESTE;4354.155
2024-06-09 16:00:00;NORDESTE;SUDESTE/CENTRO-OESTE;4457.963
2024-06-09 17:00:00;NORDESTE;SUDESTE/CENTRO-OESTE;5472.602
2024-06-09 18:00:00;NORDESTE;SUDESTE/CENTRO-OESTE;6028.87299999
2024-06-09 19:00:00;NORDESTE;SUDESTE/CENTRO-OESTE;6287.602
2024-06-09 20:00:00;NORDESTE;SUDESTE/CENTRO-OESTE;5954.89
2024-06-09 21:00:00;NORDESTE;SUDESTE/CENTRO-OESTE;5867.068
2024-06-09 22:00:00;NORDESTE;SUDESTE/CENTRO-OESTE;5669.2
2024-06-09 23:00:00;NORDESTE;SUDESTE/CENTRO-OESTE;4755.227
2024-06-10 00:00:00;NORDESTE;SUDESTE/CENTRO-OESTE;3959.913
2024-06-10 01:00:00;NORDESTE;SUDESTE/CENTRO-OESTE;3528.33
2024-06-10 02:00:00;NORDESTE;SUDESTE/CENTRO-OESTE;3847.233
2024-06-10 03:00:00;NORDESTE;SUDESTE/CENTRO-OESTE;4066.716
2024-06-10 04:00:00;NORDESTE;SUDESTE/CENTRO-OESTE;4112.238
2024-06-10 05:00:00;NORDESTE;SUDESTE/CENTRO-OESTE;4178.327
2024-06-10 06:00:00;NORDESTE;SUDESTE/CENTRO-OESTE;5138.18
2024-06-10 07:00:00;NORDESTE;SUDESTE/CENTRO-OESTE;6247.823
2024-06-10 08:00:00;NORDESTE;SUDESTE/CENTRO-OESTE;6604.115
2024-06-10 09:00:00;NORDESTE;SUDESTE/CENTRO-OESTE;6556.683
2024-06-10 10:00:00;NORDESTE;SUDESTE/CENTRO-OESTE;6793.491
2024-06-10 11:00:00;NORDESTE;SUDESTE/CENTRO-OESTE;6396.021
2024-06-10 12:00:00;NORDESTE;SUDESTE/CENTRO-OESTE;5805.108
2024-06-10 13:00:00;NORDESTE;SUDESTE/CENTRO-OESTE;5324.60999999
2024-06-10 14:00:00;NORDESTE;SUDESTE/CENTRO-OESTE;5584.889
2024-06-10 15:00:00;NORDESTE;SUDESTE/CENTRO-OESTE;6014.028
2024-06-10 16:00:00;NORDESTE;SUDESTE/CENTRO-OESTE;5589.958
2024-06-10 17:00:00;NORDESTE;SUDESTE/CENTRO-OESTE;4376.921
2024-06-10 18:00:00;NORDESTE;SUDESTE/CENTRO-OESTE;4797.254
2024-06-10 19:00:00;NORDESTE;SUDESTE/CENTRO-OESTE;4710.45799999
2024-06-10 20:00:00;NORDESTE;SUDESTE/CENTRO-OESTE;5412.451
2024-06-10 21:00:00;NORDESTE;SUDESTE/CENTRO-OESTE;5883.867
2024-06-10 22:00:00;NORDESTE;SUDESTE/CENTRO-OESTE;6028.177
2024-06-10 23:00:00;NORDESTE;SUDESTE/CENTRO-OESTE;4676.055
2024-06-11 00:00:00;NORDESTE;SUDESTE/CENTRO-OESTE;3673.078
2024-06-11 01:00:00;NORDESTE;SUDESTE/CENTRO-OESTE;3324.399
2024-06-11 02:00:00;NORDESTE;SUDESTE/CENTRO-OESTE;3500.106
2024-06-11 03:00:00;NORDESTE;SUDESTE/CENTRO-OESTE;3394.146
2024-06-11 04:00:00;NORDESTE;SUDESTE/CENTRO-OESTE;4069.019
2024-06-11 05:00:00;NORDESTE;SUDESTE/CENTRO-OESTE;4645.577
2024-06-11 06:00:00;NORDESTE;SUDESTE/CENTRO-OESTE;5766.642
2024-06-11 07:00:00;NORDESTE;SUDESTE/CENTRO-OESTE;6174.41
2024-06-11 08:00:00;NORDESTE;SUDESTE/CENTRO-OESTE;6546.845
2024-06-11 09:00:00;NORDESTE;SUDESTE/CENTRO-OESTE;6373.154
2024-06-11 10:00:00;NORDESTE;SUDESTE/CENTRO-OESTE;6223.21
2024-06-11 11:00:00;NORDESTE;SUDESTE/CENTRO-OESTE;6056.929
2024-06-11 12:00:00;NORDESTE;SUDESTE/CENTRO-OESTE;5935.878
2024-06-11 13:00:00;NORDESTE;SUDESTE/CENTRO-OESTE;5129.47599999
2024-06-11 14:00:00;NORDESTE;SUDESTE/CENTRO-OESTE;4610.941
2024-06-11 15:00:00;NORDESTE;SUDESTE/CENTRO-OESTE;4382.655
2024-06-11 16:00:00;NORDESTE;SUDESTE/CENTRO-OESTE;4829.423
2024-06-11 17:00:00;NORDESTE;SUDESTE/CENTRO-OESTE;4847.434
2024-06-11 18:00:00;NORDESTE;SUDESTE/CENTRO-OESTE;4970.676
2024-06-11 19:00:00;NORDESTE;SUDESTE/CENTRO-OESTE;5087.56
2024-06-11 20:00:00;NORDESTE;SUDESTE/CENTRO-OESTE;5686.511
2024-06-11 21:00:00;NORDESTE;SUDESTE/CENTRO-OESTE;6163.763
2024-06-11 22:00:00;NORDESTE;SUDESTE/CENTRO-OESTE;5902.13199999
2024-06-11 23:00:00;NORDESTE;SUDESTE/CENTRO-OESTE;4681.417
2024-06-12 00:00:00;NORDESTE;SUDESTE/CENTRO-OESTE;3733.052
2024-06-12 01:00:00;NORDESTE;SUDESTE/CENTRO-OESTE;2714.60399999
2024-06-12 02:00:00;NORDESTE;SUDESTE/CENTRO-OESTE;2613.489
2024-06-12 03:00:00;NORDESTE;SUDESTE/CENTRO-OESTE;2369.486
2024-06-12 04:00:00;NORDESTE;SUDESTE/CENTRO-OESTE;2708.242
2024-06-12 05:00:00;NORDESTE;SUDESTE/CENTRO-OESTE;3250.051
2024-06-12 06:00:00;NORDESTE;SUDESTE/CENTRO-OESTE;4606.026
2024-06-12 07:00:00;NORDESTE;SUDESTE/CENTRO-OESTE;5651.734
2024-06-12 08:00:00;NORDESTE;SUDESTE/CENTRO-OESTE;6272.543
2024-06-12 09:00:00;NORDESTE;SUDESTE/CENTRO-OESTE;5767.63
2024-06-12 10:00:00;NORDESTE;SUDESTE/CENTRO-OESTE;5527.11
2024-06-12 11:00:00;NORDESTE;SUDESTE/CENTRO-OESTE;5417.865
2024-06-12 12:00:00;NORDESTE;SUDESTE/CENTRO-OESTE;5506.38199999
2024-06-12 13:00:00;NORDESTE;SUDESTE/CENTRO-OESTE;5193.457
2024-06-12 14:00:00;NORDESTE;SUDESTE/CENTRO-OESTE;5181.274
2024-06-12 15:00:00;NORDESTE;SUDESTE/CENTRO-OESTE;5662.12299999
2024-06-12 16:00:00;NORDESTE;SUDESTE/CENTRO-OESTE;5530.24
2024-06-12 17:00:00;NORDESTE;SUDESTE/CENTRO-OESTE;5533.575
2024-06-12 18:00:00;NORDESTE;SUDESTE/CENTRO-OESTE;6218.759
2024-06-12 19:00:00;NORDESTE;SUDESTE/CENTRO-OESTE;6331.60499999
2024-06-12 20:00:00;NORDESTE;SUDESTE/CENTRO-OESTE;6876.949
2024-06-12 21:00:00;NORDESTE;SUDESTE/CENTRO-OESTE;6938.143
2024-06-12 22:00:00;NORDESTE;SUDESTE/CENTRO-OESTE;6443.669
2024-06-12 23:00:00;NORDESTE;SUDESTE/CENTRO-OESTE;5529.551
2024-06-13 00:00:00;NORDESTE;SUDESTE/CENTRO-OESTE;4641.648
2024-06-13 01:00:00;NORDESTE;SUDESTE/CENTRO-OESTE;4270.755
2024-06-13 02:00:00;NORDESTE;SUDESTE/CENTRO-OESTE;4140.904
2024-06-13 03:00:00;NORDESTE;SUDESTE/CENTRO-OESTE;4354.627
2024-06-13 04:00:00;NORDESTE;SUDESTE/CENTRO-OESTE;4658.128
2024-06-13 05:00:00;NORDESTE;SUDESTE/CENTRO-OESTE;4951.48899999
2024-06-13 06:00:00;NORDESTE;SUDESTE/CENTRO-OESTE;5855.338
2024-06-13 07:00:00;NORDESTE;SUDESTE/CENTRO-OESTE;6719.84
2024-06-13 08:00:00;NORDESTE;SUDESTE/CENTRO-OESTE;5963.899
2024-06-13 09:00:00;NORDESTE;SUDESTE/CENTRO-OESTE;6161.728
2024-06-13 10:00:00;NORDESTE;SUDESTE/CENTRO-OESTE;6248.511
2024-06-13 11:00:00;NORDESTE;SUDESTE/CENTRO-OESTE;6230.696
2024-06-13 12:00:00;NORDESTE;SUDESTE/CENTRO-OESTE;5893.03
2024-06-13 13:00:00;NORDESTE;SUDESTE/CENTRO-OESTE;5219.87299999
2024-06-13 14:00:00;NORDESTE;SUDESTE/CENTRO-OESTE;4713.588
2024-06-13 15:00:00;NORDESTE;SUDESTE/CENTRO-OESTE;4958.357
2024-06-13 16:00:00;NORDESTE;SUDESTE/CENTRO-OESTE;4599.573
2024-06-13 17:00:00;NORDESTE;SUDESTE/CENTRO-OESTE;4721.78799999
2024-06-13 18:00:00;NORDESTE;SUDESTE/CENTRO-OESTE;5664.702
2024-06-13 19:00:00;NORDESTE;SUDESTE/CENTRO-OESTE;5899.497
2024-06-13 20:00:00;NORDESTE;SUDESTE/CENTRO-OESTE;6020.88199999
2024-06-13 21:00:00;NORDESTE;SUDESTE/CENTRO-OESTE;5944.723
2024-06-13 22:00:00;NORDESTE;SUDESTE/CENTRO-OESTE;6102.488
2024-06-13 23:00:00;NORDESTE;SUDESTE/CENTRO-OESTE;5096.277
2024-06-14 00:00:00;NORDESTE;SUDESTE/CENTRO-OESTE;4171.688
2024-06-14 01:00:00;NORDESTE;SUDESTE/CENTRO-OESTE;4098.831
2024-06-14 02:00:00;NORDESTE;SUDESTE/CENTRO-OESTE;3730.201
2024-06-14 03:00:00;NORDESTE;SUDESTE/CENTRO-OESTE;3777.321
2024-06-14 04:00:00;NORDESTE;SUDESTE/CENTRO-OESTE;3965.216
2024-06-14 05:00:00;NORDESTE;SUDESTE/CENTRO-OESTE;4454.782
2024-06-14 06:00:00;NORDESTE;SUDESTE/CENTRO-OESTE;5341.39099999
2024-06-14 07:00:00;NORDESTE;SUDESTE/CENTRO-OESTE;6476.559
2024-06-14 08:00:00;NORDESTE;SUDESTE/CENTRO-OESTE;6646.673
2024-06-14 09:00:00;NORDESTE;SUDESTE/CENTRO-OESTE;6145.078
2024-06-14 10:00:00;NORDESTE;SUDESTE/CENTRO-OESTE;6266.514
2024-06-14 11:00:00;NORDESTE;SUDESTE/CENTRO-OESTE;6253.374
2024-06-14 12:00:00;NORDESTE;SUDESTE/CENTRO-OESTE;5944.234
2024-06-14 13:00:00;NORDESTE;SUDESTE/CENTRO-OESTE;5340.318
2024-06-14 14:00:00;NORDESTE;SUDESTE/CENTRO-OESTE;5388.684
2024-06-14 15:00:00;NORDESTE;SUDESTE/CENTRO-OESTE;5772.894
2024-06-14 16:00:00;NORDESTE;SUDESTE/CENTRO-OESTE;5576.761
2024-06-14 17:00:00;NORDESTE;SUDESTE/CENTRO-OESTE;5193.662
2024-06-14 18:00:00;NORDESTE;SUDESTE/CENTRO-OESTE;6210.082
2024-06-14 19:00:00;NORDESTE;SUDESTE/CENTRO-OESTE;6389.145
2024-06-14 20:00:00;NORDESTE;SUDESTE/CENTRO-OESTE;7159.327
2024-06-14 21:00:00;NORDESTE;SUDESTE/CENTRO-OESTE;6873.069
2024-06-14 22:00:00;NORDESTE;SUDESTE/CENTRO-OESTE;6327.892
2024-06-14 23:00:00;NORDESTE;SUDESTE/CENTRO-OESTE;5246.973
2024-06-15 00:00:00;NORDESTE;SUDESTE/CENTRO-OESTE;4611.661
2024-06-15 01:00:00;NORDESTE;SUDESTE/CENTRO-OESTE;3897.473
2024-06-15 02:00:00;NORDESTE;SUDESTE/CENTRO-OESTE;3464.523
2024-06-15 03:00:00;NORDESTE;SUDESTE/CENTRO-OESTE;3441.827
2024-06-15 04:00:00;NORDESTE;SUDESTE/CENTRO-OESTE;3326.334
2024-06-15 05:00:00;NORDESTE;SUDESTE/CENTRO-OESTE;3729.055
2024-06-15 06:00:00;NORDESTE;SUDESTE/CENTRO-OESTE;4839.762
2024-06-15 07:00:00;NORDESTE;SUDESTE/CENTRO-OESTE;5762.874
2024-06-15 08:00:00;NORDESTE;SUDESTE/CENTRO-OESTE;5747.683
2024-06-15 09:00:00;NORDESTE;SUDESTE/CENTRO-OESTE;5427.10999999
2024-06-15 10:00:00;NORDESTE;SUDESTE/CENTRO-OESTE;5353.638
2024-06-15 11:00:00;NORDESTE;SUDESTE/CENTRO-OESTE;5150.82399999
2024-06-15 12:00:00;NORDESTE;SUDESTE/CENTRO-OESTE;5180.372
2024-06-15 13:00:00;NORDESTE;SUDESTE/CENTRO-OESTE;5116.328
2024-06-15 14:00:00;NORDESTE;SUDESTE/CENTRO-OESTE;5072.006
2024-06-15 15:00:00;NORDESTE;SUDESTE/CENTRO-OESTE;5338.43099999
2024-06-15 16:00:00;NORDESTE;SUDESTE/CENTRO-OESTE;5733.094
2024-06-15 17:00:00;NORDESTE;SUDESTE/CENTRO-OESTE;5180.107
2024-06-15 18:00:00;NORDESTE;SUDESTE/CENTRO-OESTE;5618.756
2024-06-15 19:00:00;NORDESTE;SUDESTE/CENTRO-OESTE;5852.344
2024-06-15 20:00:00;NORDESTE;SUDESTE/CENTRO-OESTE;5781.646
2024-06-15 21:00:00;NORDESTE;SUDESTE/CENTRO-OESTE;5820.218
2024-06-15 22:00:00;NORDESTE;SUDESTE/CENTRO-OESTE;5715.133
2024-06-15 23:00:00;NORDESTE;SUDESTE/CENTRO-OESTE;4982.687
2024-06-16 00:00:00;NORDESTE;SUDESTE/CENTRO-OESTE;4024.748
2024-06-16 01:00:00;NORDESTE;SUDESTE/CENTRO-OESTE;3501.30699999
2024-06-16 02:00:00;NORDESTE;SUDESTE/CENTRO-OESTE;3443.987
2024-06-16 03:00:00;NORDESTE;SUDESTE/CENTRO-OESTE;3699.266
2024-06-16 04:00:00;NORDESTE;SUDESTE/CENTRO-OESTE;4279.164
2024-06-16 05:00:00;NORDESTE;SUDESTE/CENTRO-OESTE;4391.83299999
2024-06-16 06:00:00;NORDESTE;SUDESTE/CENTRO-OESTE;4734.978
2024-06-16 07:00:00;NORDESTE;SUDESTE/CENTRO-OESTE;4652.466
2024-06-16 08:00:00;NORDESTE;SUDESTE/CENTRO-OESTE;4168.173
2024-06-16 09:00:00;NORDESTE;SUDESTE/CENTRO-OESTE;3916.866
2024-06-16 10:00:00;NORDESTE;SUDESTE/CENTRO-OESTE;3646.904
2024-06-16 11:00:00;NORDESTE;SUDESTE/CENTRO-OESTE;3655.802
2024-06-16 12:00:00;NORDESTE;SUDESTE/CENTRO-OESTE;3504.652
2024-06-16 13:00:00;NORDESTE;SUDESTE/CENTRO-OESTE;3060.735
2024-06-16 14:00:00;NORDESTE;SUDESTE/CENTRO-OESTE;2630.077
2024-06-16 15:00:00;NORDESTE;SUDESTE/CENTRO-OESTE;2701.042
2024-06-16 16:00:00;NORDESTE;SUDESTE/CENTRO-OESTE;4453.443
2024-06-16 17:00:00;NORDESTE;SUDESTE/CENTRO-OESTE;5046.661
2024-06-16 18:00:00;NORDESTE;SUDESTE/CENTRO-OESTE;5354.265
2024-06-16 19:00:00;NORDESTE;SUDESTE/CENTRO-OESTE;5805.184
2024-06-16 20:00:00;NORDESTE;SUDESTE/CENTRO-OESTE;5170.308
2024-06-16 21:00:00;NORDESTE;SUDESTE/CENTRO-OESTE;4958.951
2024-06-16 22:00:00;NORDESTE;SUDESTE/CENTRO-OESTE;4881.87299999
2024-06-16 23:00:00;NORDESTE;SUDESTE/CENTRO-OESTE;4614.11399999
2024-06-17 00:00:00;NORDESTE;SUDESTE/CENTRO-OESTE;3980.128
2024-06-17 01:00:00;NORDESTE;SUDESTE/CENTRO-OESTE;3276.081
2024-06-17 02:00:00;NORDESTE;SUDESTE/CENTRO-OESTE;2973.86499999
2024-06-17 03:00:00;NORDESTE;SUDESTE/CENTRO-OESTE;2980.576
2024-06-17 04:00:00;NORDESTE;SUDESTE/CENTRO-OESTE;2831.362
2024-06-17 05:00:00;NORDESTE;SUDESTE/CENTRO-OESTE;2734.933
2024-06-17 06:00:00;NORDESTE;SUDESTE/CENTRO-OESTE;3673.508
2024-06-17 07:00:00;NORDESTE;SUDESTE/CENTRO-OESTE;4342.742
2024-06-17 08:00:00;NORDESTE;SUDESTE/CENTRO-OESTE;5468.281
2024-06-17 09:00:00;NORDESTE;SUDESTE/CENTRO-OESTE;6233.015
2024-06-17 10:00:00;NORDESTE;SUDESTE/CENTRO-OESTE;5912.568
2024-06-17 11:00:00;NORDESTE;SUDESTE/CENTRO-OESTE;5537.979
2024-06-17 12:00:00;NORDESTE;SUDESTE/CENTRO-OESTE;5072.80599999
2024-06-17 13:00:00;NORDESTE;SUDESTE/CENTRO-OESTE;4523.182
2024-06-17 14:00:00;NORDESTE;SUDESTE/CENTRO-OESTE;4134.599
2024-06-17 15:00:00;NORDESTE;SUDESTE/CENTRO-OESTE;3982.178
2024-06-17 16:00:00;NORDESTE;SUDESTE/CENTRO-OESTE;3844.458
2024-06-17 17:00:00;NORDESTE;SUDESTE/CENTRO-OESTE;3463.438
2024-06-17 18:00:00;NORDESTE;SUDESTE/CENTRO-OESTE;4200.058
2024-06-17 19:00:00;NORDESTE;SUDESTE/CENTRO-OESTE;4989.133
2024-06-17 20:00:00;NORDESTE;SUDESTE/CENTRO-OESTE;5711.752
2024-06-17 21:00:00;NORDESTE;SUDESTE/CENTRO-OESTE;5704.173
2024-06-17 22:00:00;NORDESTE;SUDESTE/CENTRO-OESTE;5120.05599999
2024-06-17 23:00:00;NORDESTE;SUDESTE/CENTRO-OESTE;4076.253
2024-06-18 00:00:00;NORDESTE;SUDESTE/CENTRO-OESTE;3371.053
2024-06-18 01:00:00;NORDESTE;SUDESTE/CENTRO-OESTE;2907.341
2024-06-18 02:00:00;NORDESTE;SUDESTE/CENTRO-OESTE;2972.808
2024-06-18 03:00:00;NORDESTE;SUDESTE/CENTRO-OESTE;3322.155
2024-06-18 04:00:00;NORDESTE;SUDESTE/CENTRO-OESTE;3668.134
2024-06-18 05:00:00;NORDESTE;SUDESTE/CENTRO-OESTE;4362.64099999
2024-06-18 06:00:00;NORDESTE;SUDESTE/CENTRO-OESTE;5081.60999999
2024-06-18 07:00:00;NORDESTE;SUDESTE/CENTRO-OESTE;5841.935
2024-06-18 08:00:00;NORDESTE;SUDESTE/CENTRO-OESTE;6359.155
2024-06-18 09:00:00;NORDESTE;SUDESTE/CENTRO-OESTE;6569.756
2024-06-18 10:00:00;NORDESTE;SUDESTE/CENTRO-OESTE;6305.504
2024-06-18 11:00:00;NORDESTE;SUDESTE/CENTRO-OESTE;6124.437
2024-06-18 12:00:00;NORDESTE;SUDESTE/CENTRO-OESTE;5751.305
2024-06-18 13:00:00;NORDESTE;SUDESTE/CENTRO-OESTE;5597.484
2024-06-18 14:00:00;NORDESTE;SUDESTE/CENTRO-OESTE;4559.024
2024-06-18 15:00:00;NORDESTE;SUDESTE/CENTRO-OESTE;4591.024
2024-06-18 16:00:00;NORDESTE;SUDESTE/CENTRO-OESTE;4054.366
2024-06-18 17:00:00;NORDESTE;SUDESTE/CENTRO-OESTE;4252.929
2024-06-18 18:00:00;NORDESTE;SUDESTE/CENTRO-OESTE;4959.26
2024-06-18 19:00:00;NORDESTE;SUDESTE/CENTRO-OESTE;5408.82399999
2024-06-18 20:00:00;NORDESTE;SUDESTE/CENTRO-OESTE;5859.249
2024-06-18 21:00:00;NORDESTE;SUDESTE/CENTRO-OESTE;5687.601
2024-06-18 22:00:00;NORDESTE;SUDESTE/CENTRO-OESTE;5326.79
2024-06-18 23:00:00;NORDESTE;SUDESTE/CENTRO-OESTE;4884.764
2024-06-19 00:00:00;NORDESTE;SUDESTE/CENTRO-OESTE;4283.039
2024-06-19 01:00:00;NORDESTE;SUDESTE/CENTRO-OESTE;3929.916
2024-06-19 02:00:00;NORDESTE;SUDESTE/CENTRO-OESTE;3597.616
2024-06-19 03:00:00;NORDESTE;SUDESTE/CENTRO-OESTE;3347.619
2024-06-19 04:00:00;NORDESTE;SUDESTE/CENTRO-OESTE;3678.263
2024-06-19 05:00:00;NORDESTE;SUDESTE/CENTRO-OESTE;4331.107
2024-06-19 06:00:00;NORDESTE;SUDESTE/CENTRO-OESTE;5398.303
2024-06-19 07:00:00;NORDESTE;SUDESTE/CENTRO-OESTE;6077.164
2024-06-19 08:00:00;NORDESTE;SUDESTE/CENTRO-OESTE;6676.791
2024-06-19 09:00:00;NORDESTE;SUDESTE/CENTRO-OESTE;6683.349
2024-06-19 10:00:00;NORDESTE;SUDESTE/CENTRO-OESTE;6561.35
2024-06-19 11:00:00;NORDESTE;SUDESTE/CENTRO-OESTE;6077.426
2024-06-19 12:00:00;NORDESTE;SUDESTE/CENTRO-OESTE;5681.439
2024-06-19 13:00:00;NORDESTE;SUDESTE/CENTRO-OESTE;5414.578
2024-06-19 14:00:00;NORDESTE;SUDESTE/CENTRO-OESTE;4273.723
2024-06-19 15:00:00;NORDESTE;SUDESTE/CENTRO-OESTE;4108.607
2024-06-19 16:00:00;NORDESTE;SUDESTE/CENTRO-OESTE;4743.706
2024-06-19 17:00:00;NORDESTE;SUDESTE/CENTRO-OESTE;5603.126
2024-06-19 18:00:00;NORDESTE;SUDESTE/CENTRO-OESTE;6409.324
2024-06-19 19:00:00;NORDESTE;SUDESTE/CENTRO-OESTE;6288.782
2024-06-19 20:00:00;NORDESTE;SUDESTE/CENTRO-OESTE;6474.111
2024-06-19 21:00:00;NORDESTE;SUDESTE/CENTRO-OESTE;6545.743
2024-06-19 22:00:00;NORDESTE;SUDESTE/CENTRO-OESTE;6202.238
2024-06-19 23:00:00;NORDESTE;SUDESTE/CENTRO-OESTE;5264.24399999
2024-06-20 00:00:00;NORDESTE;SUDESTE/CENTRO-OESTE;4618.667
2024-06-20 01:00:00;NORDESTE;SUDESTE/CENTRO-OESTE;3991.137
2024-06-20 02:00:00;NORDESTE;SUDESTE/CENTRO-OESTE;3740.265
2024-06-20 03:00:00;NORDESTE;SUDESTE/CENTRO-OESTE;4227.057
2024-06-20 04:00:00;NORDESTE;SUDESTE/CENTRO-OESTE;4463.228
2024-06-20 05:00:00;NORDESTE;SUDESTE/CENTRO-OESTE;4562.261
2024-06-20 06:00:00;NORDESTE;SUDESTE/CENTRO-OESTE;5328.849
2024-06-20 07:00:00;NORDESTE;SUDESTE/CENTRO-OESTE;5844.573
2024-06-20 08:00:00;NORDESTE;SUDESTE/CENTRO-OESTE;6346.912
2024-06-20 09:00:00;NORDESTE;SUDESTE/CENTRO-OESTE;6721.63199999
2024-06-20 10:00:00;NORDESTE;SUDESTE/CENTRO-OESTE;6613.077
2024-06-20 11:00:00;NORDESTE;SUDESTE/CENTRO-OESTE;6488.889
2024-06-20 12:00:00;NORDESTE;SUDESTE/CENTRO-OESTE;6619.266
2024-06-20 13:00:00;NORDESTE;SUDESTE/CENTRO-OESTE;5765.438
2024-06-20 14:00:00;NORDESTE;SUDESTE/CENTRO-OESTE;4115.863
2024-06-20 15:00:00;NORDESTE;SUDESTE/CENTRO-OESTE;3830.959
2024-06-20 16:00:00;NORDESTE;SUDESTE/CENTRO-OESTE;4285.296
2024-06-20 17:00:00;NORDESTE;SUDESTE/CENTRO-OESTE;4828.307
2024-06-20 18:00:00;NORDESTE;SUDESTE/CENTRO-OESTE;7039.197
2024-06-20 19:00:00;NORDESTE;SUDESTE/CENTRO-OESTE;7274.447
2024-06-20 20:00:00;NORDESTE;SUDESTE/CENTRO-OESTE;7489.272
2024-06-20 21:00:00;NORDESTE;SUDESTE/CENTRO-OESTE;7225.552
2024-06-20 22:00:00;NORDESTE;SUDESTE/CENTRO-OESTE;6308.093
2024-06-20 23:00:00;NORDESTE;SUDESTE/CENTRO-OESTE;5763.707
2024-06-21 00:00:00;NORDESTE;SUDESTE/CENTRO-OESTE;5026.678
2024-06-21 01:00:00;NORDESTE;SUDESTE/CENTRO-OESTE;4217.295
2024-06-21 02:00:00;NORDESTE;SUDESTE/CENTRO-OESTE;4073.185
2024-06-21 03:00:00;NORDESTE;SUDESTE/CENTRO-OESTE;4381.567
2024-06-21 04:00:00;NORDESTE;SUDESTE/CENTRO-OESTE;4618.443
2024-06-21 05:00:00;NORDESTE;SUDESTE/CENTRO-OESTE;4397.04699999
2024-06-21 06:00:00;NORDESTE;SUDESTE/CENTRO-OESTE;5081.145
2024-06-21 07:00:00;NORDESTE;SUDESTE/CENTRO-OESTE;6364.068
2024-06-21 08:00:00;NORDESTE;SUDESTE/CENTRO-OESTE;6553.002
2024-06-21 09:00:00;NORDESTE;SUDESTE/CENTRO-OESTE;6122.115
2024-06-21 10:00:00;NORDESTE;SUDESTE/CENTRO-OESTE;5796.128
2024-06-21 11:00:00;NORDESTE;SUDESTE/CENTRO-OESTE;5923.912
2024-06-21 12:00:00;NORDESTE;SUDESTE/CENTRO-OESTE;4647.401
2024-06-21 13:00:00;NORDESTE;SUDESTE/CENTRO-OESTE;4230.18099999
2024-06-21 14:00:00;NORDESTE;SUDESTE/CENTRO-OESTE;4227.005
2024-06-21 15:00:00;NORDESTE;SUDESTE/CENTRO-OESTE;4149.139
2024-06-21 16:00:00;NORDESTE;SUDESTE/CENTRO-OESTE;3769.99
2024-06-21 17:00:00;NORDESTE;SUDESTE/CENTRO-OESTE;4212.212
2024-06-21 18:00:00;NORDESTE;SUDESTE/CENTRO-OESTE;5779.151
2024-06-21 19:00:00;NORDESTE;SUDESTE/CENTRO-OESTE;5552.733
2024-06-21 20:00:00;NORDESTE;SUDESTE/CENTRO-OESTE;5470.973
2024-06-21 21:00:00;NORDESTE;SUDESTE/CENTRO-OESTE;5308.039
2024-06-21 22:00:00;NORDESTE;SUDESTE/CENTRO-OESTE;5013.461
2024-06-21 23:00:00;NORDESTE;SUDESTE/CENTRO-OESTE;4600.796
2024-06-22 00:00:00;NORDESTE;SUDESTE/CENTRO-OESTE;4092.982
2024-06-22 01:00:00;NORDESTE;SUDESTE/CENTRO-OESTE;3464.634
2024-06-22 02:00:00;NORDESTE;SUDESTE/CENTRO-OESTE;3306.544
2024-06-22 03:00:00;NORDESTE;SUDESTE/CENTRO-OESTE;3281.335
2024-06-22 04:00:00;NORDESTE;SUDESTE/CENTRO-OESTE;3474.71999999
2024-06-22 05:00:00;NORDESTE;SUDESTE/CENTRO-OESTE;3654.217
2024-06-22 06:00:00;NORDESTE;SUDESTE/CENTRO-OESTE;4856.65899999
2024-06-22 07:00:00;NORDESTE;SUDESTE/CENTRO-OESTE;5789.706
2024-06-22 08:00:00;NORDESTE;SUDESTE/CENTRO-OESTE;5683.549
2024-06-22 09:00:00;NORDESTE;SUDESTE/CENTRO-OESTE;5317.419
2024-06-22 10:00:00;NORDESTE;SUDESTE/CENTRO-OESTE;5111.638
2024-06-22 11:00:00;NORDESTE;SUDESTE/CENTRO-OESTE;4706.751
2024-06-22 12:00:00;NORDESTE;SUDESTE/CENTRO-OESTE;4511.173
2024-06-22 13:00:00;NORDESTE;SUDESTE/CENTRO-OESTE;4362.669
2024-06-22 14:00:00;NORDESTE;SUDESTE/CENTRO-OESTE;3622.391
2024-06-22 15:00:00;NORDESTE;SUDESTE/CENTRO-OESTE;3248.368
2024-06-22 16:00:00;NORDESTE;SUDESTE/CENTRO-OESTE;3394.533
2024-06-22 17:00:00;NORDESTE;SUDESTE/CENTRO-OESTE;3736.423
2024-06-22 18:00:00;NORDESTE;SUDESTE/CENTRO-OESTE;4813.97999999
2024-06-22 19:00:00;NORDESTE;SUDESTE/CENTRO-OESTE;5501.352
2024-06-22 20:00:00;NORDESTE;SUDESTE/CENTRO-OESTE;5416.169
2024-06-22 21:00:00;NORDESTE;SUDESTE/CENTRO-OESTE;5007.85499999
2024-06-22 22:00:00;NORDESTE;SUDESTE/CENTRO-OESTE;4662.10099999
2024-06-22 23:00:00;NORDESTE;SUDESTE/CENTRO-OESTE;4260.102
2024-06-23 00:00:00;NORDESTE;SUDESTE/CENTRO-OESTE;3531.322
2024-06-23 01:00:00;NORDESTE;SUDESTE/CENTRO-OESTE;2999.699
2024-06-23 02:00:00;NORDESTE;SUDESTE/CENTRO-OESTE;3193.23999999
2024-06-23 03:00:00;NORDESTE;SUDESTE/CENTRO-OESTE;3180.59
2024-06-23 04:00:00;NORDESTE;SUDESTE/CENTRO-OESTE;3324.654
2024-06-23 05:00:00;NORDESTE;SUDESTE/CENTRO-OESTE;3575.338
2024-06-23 06:00:00;NORDESTE;SUDESTE/CENTRO-OESTE;4551.417
2024-06-23 07:00:00;NORDESTE;SUDESTE/CENTRO-OESTE;5549.869
2024-06-23 08:00:00;NORDESTE;SUDESTE/CENTRO-OESTE;5325.72
2024-06-23 09:00:00;NORDESTE;SUDESTE/CENTRO-OESTE;4623.951
2024-06-23 10:00:00;NORDESTE;SUDESTE/CENTRO-OESTE;4150.276
2024-06-23 11:00:00;NORDESTE;SUDESTE/CENTRO-OESTE;4061.605
2024-06-23 12:00:00;NORDESTE;SUDESTE/CENTRO-OESTE;3335.339
2024-06-23 13:00:00;NORDESTE;SUDESTE/CENTRO-OESTE;2956.63
2024-06-23 14:00:00;NORDESTE;SUDESTE/CENTRO-OESTE;2677.059
2024-06-23 15:00:00;NORDESTE;SUDESTE/CENTRO-OESTE;2550.029
2024-06-23 16:00:00;NORDESTE;SUDESTE/CENTRO-OESTE;2767.369
2024-06-23 17:00:00;NORDESTE;SUDESTE/CENTRO-OESTE;3360.512
2024-06-23 18:00:00;NORDESTE;SUDESTE/CENTRO-OESTE;4754.164
2024-06-23 19:00:00;NORDESTE;SUDESTE/CENTRO-OESTE;5235.502
2024-06-23 20:00:00;NORDESTE;SUDESTE/CENTRO-OESTE;5175.594
2024-06-23 21:00:00;NORDESTE;SUDESTE/CENTRO-OESTE;5584.198
2024-06-23 22:00:00;NORDESTE;SUDESTE/CENTRO-OESTE;5623.165
2024-06-23 23:00:00;NORDESTE;SUDESTE/CENTRO-OESTE;4843.853
2024-06-24 00:00:00;NORDESTE;SUDESTE/CENTRO-OESTE;3980.542
2024-06-24 01:00:00;NORDESTE;SUDESTE/CENTRO-OESTE;3655.068
2024-06-24 02:00:00;NORDESTE;SUDESTE/CENTRO-OESTE;3866.867
2024-06-24 03:00:00;NORDESTE;SUDESTE/CENTRO-OESTE;3914.371
2024-06-24 04:00:00;NORDESTE;SUDESTE/CENTRO-OESTE;3868.945
2024-06-24 05:00:00;NORDESTE;SUDESTE/CENTRO-OESTE;4434.353
2024-06-24 06:00:00;NORDESTE;SUDESTE/CENTRO-OESTE;5206.066
2024-06-24 07:00:00;NORDESTE;SUDESTE/CENTRO-OESTE;5920.345
2024-06-24 08:00:00;NORDESTE;SUDESTE/CENTRO-OESTE;5938.98899999
2024-06-24 09:00:00;NORDESTE;SUDESTE/CENTRO-OESTE;5652.906
2024-06-24 10:00:00;NORDESTE;SUDESTE/CENTRO-OESTE;5397.50699999
2024-06-24 11:00:00;NORDESTE;SUDESTE/CENTRO-OESTE;4449.587
2024-06-24 12:00:00;NORDESTE;SUDESTE/CENTRO-OESTE;3689.292
2024-06-24 13:00:00;NORDESTE;SUDESTE/CENTRO-OESTE;3348.944
2024-06-24 14:00:00;NORDESTE;SUDESTE/CENTRO-OESTE;2938.822
2024-06-24 15:00:00;NORDESTE;SUDESTE/CENTRO-OESTE;3051.27
2024-06-24 16:00:00;NORDESTE;SUDESTE/CENTRO-OESTE;3214.369
2024-06-24 17:00:00;NORDESTE;SUDESTE/CENTRO-OESTE;3314.099
2024-06-24 18:00:00;NORDESTE;SUDESTE/CENTRO-OESTE;4931.192
2024-06-24 19:00:00;NORDESTE;SUDESTE/CENTRO-OESTE;5805.503
2024-06-24 20:00:00;NORDESTE;SUDESTE/CENTRO-OESTE;6178.161
2024-06-24 21:00:00;NORDESTE;SUDESTE/CENTRO-OESTE;5952.834
2024-06-24 22:00:00;NORDESTE;SUDESTE/CENTRO-OESTE;5502.09
2024-06-24 23:00:00;NORDESTE;SUDESTE/CENTRO-OESTE;5024.327
2024-06-25 00:00:00;NORDESTE;SUDESTE/CENTRO-OESTE;4520.282
2024-06-25 01:00:00;NORDESTE;SUDESTE/CENTRO-OESTE;3740.896
2024-06-25 02:00:00;NORDESTE;SUDESTE/CENTRO-OESTE;3747.425
2024-06-25 03:00:00;NORDESTE;SUDESTE/CENTRO-OESTE;3887.183
2024-06-25 04:00:00;NORDESTE;SUDESTE/CENTRO-OESTE;3940.826
2024-06-25 05:00:00;NORDESTE;SUDESTE/CENTRO-OESTE;4099.852
2024-06-25 06:00:00;NORDESTE;SUDESTE/CENTRO-OESTE;4769.154
2024-06-25 07:00:00;NORDESTE;SUDESTE/CENTRO-OESTE;5282.984
2024-06-25 08:00:00;NORDESTE;SUDESTE/CENTRO-OESTE;5604.536
2024-06-25 09:00:00;NORDESTE;SUDESTE/CENTRO-OESTE;5904.319
2024-06-25 10:00:00;NORDESTE;SUDESTE/CENTRO-OESTE;5208.496
2024-06-25 11:00:00;NORDESTE;SUDESTE/CENTRO-OESTE;4110.79699999
2024-06-25 12:00:00;NORDESTE;SUDESTE/CENTRO-OESTE;3300.386
2024-06-25 13:00:00;NORDESTE;SUDESTE/CENTRO-OESTE;2905.318
2024-06-25 14:00:00;NORDESTE;SUDESTE/CENTRO-OESTE;2647.746
2024-06-25 15:00:00;NORDESTE;SUDESTE/CENTRO-OESTE;3337.786
2024-06-25 16:00:00;NORDESTE;SUDESTE/CENTRO-OESTE;3904.36
2024-06-25 17:00:00;NORDESTE;SUDESTE/CENTRO-OESTE;4214.486
2024-06-25 18:00:00;NORDESTE;SUDESTE/CENTRO-OESTE;5096.786
2024-06-25 19:00:00;NORDESTE;SUDESTE/CENTRO-OESTE;5850.68
2024-06-25 20:00:00;NORDESTE;SUDESTE/CENTRO-OESTE;6371.77
2024-06-25 21:00:00;NORDESTE;SUDESTE/CENTRO-OESTE;6090.323
2024-06-25 22:00:00;NORDESTE;SUDESTE/CENTRO-OESTE;5921.321
2024-06-25 23:00:00;NORDESTE;SUDESTE/CENTRO-OESTE;5451.233
2024-06-26 00:00:00;NORDESTE;SUDESTE/CENTRO-OESTE;4924.504
2024-06-26 01:00:00;NORDESTE;SUDESTE/CENTRO-OESTE;4389.434
2024-06-26 02:00:00;NORDESTE;SUDESTE/CENTRO-OESTE;4633.962
2024-06-26 03:00:00;NORDESTE;SUDESTE/CENTRO-OESTE;4705.955
2024-06-26 04:00:00;NORDESTE;SUDESTE/CENTRO-OESTE;4717.196
2024-06-26 05:00:00;NORDESTE;SUDESTE/CENTRO-OESTE;4870.504
2024-06-26 06:00:00;NORDESTE;SUDESTE/CENTRO-OESTE;5455.22599999
2024-06-26 07:00:00;NORDESTE;SUDESTE/CENTRO-OESTE;6064.153
2024-06-26 08:00:00;NORDESTE;SUDESTE/CENTRO-OESTE;6991.436
2024-06-26 09:00:00;NORDESTE;SUDESTE/CENTRO-OESTE;6810.83
2024-06-26 10:00:00;NORDESTE;SUDESTE/CENTRO-OESTE;6262.628
2024-06-26 11:00:00;NORDESTE;SUDESTE/CENTRO-OESTE;5631.372
2024-06-26 12:00:00;NORDESTE;SUDESTE/CENTRO-OESTE;4315.97
2024-06-26 13:00:00;NORDESTE;SUDESTE/CENTRO-OESTE;3193.57
2024-06-26 14:00:00;NORDESTE;SUDESTE/CENTRO-OESTE;2511.967
2024-06-26 15:00:00;NORDESTE;SUDESTE/CENTRO-OESTE;2678.435
2024-06-26 16:00:00;NORDESTE;SUDESTE/CENTRO-OESTE;2275.857
2024-06-26 17:00:00;NORDESTE;SUDESTE/CENTRO-OESTE;2699.597
2024-06-26 18:00:00;NORDESTE;SUDESTE/CENTRO-OESTE;4181.29
2024-06-26 19:00:00;NORDESTE;SUDESTE/CENTRO-OESTE;5124.56499999
2024-06-26 20:00:00;NORDESTE;SUDESTE/CENTRO-OESTE;5517.16299999
2024-06-26 21:00:00;NORDESTE;SUDESTE/CENTRO-OESTE;5108.593
2024-06-26 22:00:00;NORDESTE;SUDESTE/CENTRO-OESTE;4300.329
2024-06-26 23:00:00;NORDESTE;SUDESTE/CENTRO-OESTE;3549.128
2024-06-27 00:00:00;NORDESTE;SUDESTE/CENTRO-OESTE;2963.046
2024-06-27 01:00:00;NORDESTE;SUDESTE/CENTRO-OESTE;2048.456
2024-06-27 02:00:00;NORDESTE;SUDESTE/CENTRO-OESTE;1754.422
2024-06-27 03:00:00;NORDESTE;SUDESTE/CENTRO-OESTE;1991.626
2024-06-27 04:00:00;NORDESTE;SUDESTE/CENTRO-OESTE;2401.987
2024-06-27 05:00:00;NORDESTE;SUDESTE/CENTRO-OESTE;2921.012
2024-06-27 06:00:00;NORDESTE;SUDESTE/CENTRO-OESTE;4125.31
2024-06-27 07:00:00;NORDESTE;SUDESTE/CENTRO-OESTE;5154.526
2024-06-27 08:00:00;NORDESTE;SUDESTE/CENTRO-OESTE;5459.97099999
2024-06-27 09:00:00;NORDESTE;SUDESTE/CENTRO-OESTE;4716.886
2024-06-27 10:00:00;NORDESTE;SUDESTE/CENTRO-OESTE;3916.265
2024-06-27 11:00:00;NORDESTE;SUDESTE/CENTRO-OESTE;3061.13
2024-06-27 12:00:00;NORDESTE;SUDESTE/CENTRO-OESTE;1962.952
2024-06-27 13:00:00;NORDESTE;SUDESTE/CENTRO-OESTE;1586.538
2024-06-27 14:00:00;NORDESTE;SUDESTE/CENTRO-OESTE;1453.796
2024-06-27 15:00:00;NORDESTE;SUDESTE/CENTRO-OESTE;1438.157
2024-06-27 16:00:00;NORDESTE;SUDESTE/CENTRO-OESTE;1346.509
2024-06-27 17:00:00;NORDESTE;SUDESTE/CENTRO-OESTE;2247.926
2024-06-27 18:00:00;NORDESTE;SUDESTE/CENTRO-OESTE;3923.122
2024-06-27 19:00:00;NORDESTE;SUDESTE/CENTRO-OESTE;4355.576
2024-06-27 20:00:00;NORDESTE;SUDESTE/CENTRO-OESTE;4766.24799999
2024-06-27 21:00:00;NORDESTE;SUDESTE/CENTRO-OESTE;4866.604
2024-06-27 22:00:00;NORDESTE;SUDESTE/CENTRO-OESTE;4431.895
2024-06-27 23:00:00;NORDESTE;SUDESTE/CENTRO-OESTE;4005.634
2024-06-28 00:00:00;NORDESTE;SUDESTE/CENTRO-OESTE;3811.927
2024-06-28 01:00:00;NORDESTE;SUDESTE/CENTRO-OESTE;3652.988
2024-06-28 02:00:00;NORDESTE;SUDESTE/CENTRO-OESTE;3440.725
2024-06-28 03:00:00;NORDESTE;SUDESTE/CENTRO-OESTE;3520.292
2024-06-28 04:00:00;NORDESTE;SUDESTE/CENTRO-OESTE;3392.875
2024-06-28 05:00:00;NORDESTE;SUDESTE/CENTRO-OESTE;3630.088
2024-06-28 06:00:00;NORDESTE;SUDESTE/CENTRO-OESTE;4575.094
2024-06-28 07:00:00;NORDESTE;SUDESTE/CENTRO-OESTE;5291.045
2024-06-28 08:00:00;NORDESTE;SUDESTE/CENTRO-OESTE;5172.064
2024-06-28 09:00:00;NORDESTE;SUDESTE/CENTRO-OESTE;4870.29699999
2024-06-28 10:00:00;NORDESTE;SUDESTE/CENTRO-OESTE;4155.853
2024-06-28 11:00:00;NORDESTE;SUDESTE/CENTRO-OESTE;3567.92
2024-06-28 12:00:00;NORDESTE;SUDESTE/CENTRO-OESTE;3433.871
2024-06-28 13:00:00;NORDESTE;SUDESTE/CENTRO-OESTE;3298.064
2024-06-28 14:00:00;NORDESTE;SUDESTE/CENTRO-OESTE;2706.608
2024-06-28 15:00:00;NORDESTE;SUDESTE/CENTRO-OESTE;2130.8
2024-06-28 16:00:00;NORDESTE;SUDESTE/CENTRO-OESTE;1893.709
2024-06-28 17:00:00;NORDESTE;SUDESTE/CENTRO-OESTE;2524.625
2024-06-28 18:00:00;NORDESTE;SUDESTE/CENTRO-OESTE;4115.53399999
2024-06-28 19:00:00;NORDESTE;SUDESTE/CENTRO-OESTE;4804.527
2024-06-28 20:00:00;NORDESTE;SUDESTE/CENTRO-OESTE;5001.51599999
2024-06-28 21:00:00;NORDESTE;SUDESTE/CENTRO-OESTE;4917.79699999
2024-06-28 22:00:00;NORDESTE;SUDESTE/CENTRO-OESTE;5008.218
2024-06-28 23:00:00;NORDESTE;SUDESTE/CENTRO-OESTE;4985.834
2024-06-29 00:00:00;NORDESTE;SUDESTE/CENTRO-OESTE;5195.93999999
2024-06-29 01:00:00;NORDESTE;SUDESTE/CENTRO-OESTE;4783.492
2024-06-29 02:00:00;NORDESTE;SUDESTE/CENTRO-OESTE;4205.377
2024-06-29 03:00:00;NORDESTE;SUDESTE/CENTRO-OESTE;3934.23
2024-06-29 04:00:00;NORDESTE;SUDESTE/CENTRO-OESTE;3979.875
2024-06-29 05:00:00;NORDESTE;SUDESTE/CENTRO-OESTE;3997.404
2024-06-29 06:00:00;NORDESTE;SUDESTE/CENTRO-OESTE;4994.35099999
2024-06-29 07:00:00;NORDESTE;SUDESTE/CENTRO-OESTE;5753.00699999
2024-06-29 08:00:00;NORDESTE;SUDESTE/CENTRO-OESTE;5783.444
2024-06-29 09:00:00;NORDESTE;SUDESTE/CENTRO-OESTE;5549.17
2024-06-29 10:00:00;NORDESTE;SUDESTE/CENTRO-OESTE;5241.337
2024-06-29 11:00:00;NORDESTE;SUDESTE/CENTRO-OESTE;4230.62
2024-06-29 12:00:00;NORDESTE;SUDESTE/CENTRO-OESTE;3584.985
2024-06-29 13:00:00;NORDESTE;SUDESTE/CENTRO-OESTE;2662.53
2024-06-29 14:00:00;NORDESTE;SUDESTE/CENTRO-OESTE;2041.269
2024-06-29 15:00:00;NORDESTE;SUDESTE/CENTRO-OESTE;1707.207
2024-06-29 16:00:00;NORDESTE;SUDESTE/CENTRO-OESTE;1577.371
2024-06-29 17:00:00;NORDESTE;SUDESTE/CENTRO-OESTE;2539.422
2024-06-29 18:00:00;NORDESTE;SUDESTE/CENTRO-OESTE;3995.531
2024-06-29 19:00:00;NORDESTE;SUDESTE/CENTRO-OESTE;5103.85499999
2024-06-29 20:00:00;NORDESTE;SUDESTE/CENTRO-OESTE;5513.415
2024-06-29 21:00:00;NORDESTE;SUDESTE/CENTRO-OESTE;5229.512
2024-06-29 22:00:00;NORDESTE;SUDESTE/CENTRO-OESTE;4585.96
2024-06-29 23:00:00;NORDESTE;SUDESTE/CENTRO-OESTE;4361.415
2024-06-30 00:00:00;NORDESTE;SUDESTE/CENTRO-OESTE;4108.428
2024-06-30 01:00:00;NORDESTE;SUDESTE/CENTRO-OESTE;3473.183
2024-06-30 02:00:00;NORDESTE;SUDESTE/CENTRO-OESTE;3262.63
2024-06-30 03:00:00;NORDESTE;SUDESTE/CENTRO-OESTE;3504.239
2024-06-30 04:00:00;NORDESTE;SUDESTE/CENTRO-OESTE;3701.77
2024-06-30 05:00:00;NORDESTE;SUDESTE/CENTRO-OESTE;3651.554
2024-06-30 06:00:00;NORDESTE;SUDESTE/CENTRO-OESTE;4374.675
2024-06-30 07:00:00;NORDESTE;SUDESTE/CENTRO-OESTE;5260.416
2024-06-30 08:00:00;NORDESTE;SUDESTE/CENTRO-OESTE;4498.524
2024-06-30 09:00:00;NORDESTE;SUDESTE/CENTRO-OESTE;3397.876
2024-06-30 10:00:00;NORDESTE;SUDESTE/CENTRO-OESTE;2568.692
2024-06-30 11:00:00;NORDESTE;SUDESTE/CENTRO-OESTE;2095.67299999
2024-06-30 12:00:00;NORDESTE;SUDESTE/CENTRO-OESTE;1686.665
2024-06-30 13:00:00;NORDESTE;SUDESTE/CENTRO-OESTE;1734.326
2024-06-30 14:00:00;NORDESTE;SUDESTE/CENTRO-OESTE;2115.992
2024-06-30 15:00:00;NORDESTE;SUDESTE/CENTRO-OESTE;2490.235
2024-06-30 16:00:00;NORDESTE;SUDESTE/CENTRO-OESTE;2555.366
2024-06-30 17:00:00;NORDESTE;SUDESTE/CENTRO-OESTE;3058.41
2024-06-30 18:00:00;NORDESTE;SUDESTE/CENTRO-OESTE;5174.631
2024-06-30 19:00:00;NORDESTE;SUDESTE/CENTRO-OESTE;5874.197
2024-06-30 20:00:00;NORDESTE;SUDESTE/CENTRO-OESTE;5743.435
2024-06-30 21:00:00;NORDESTE;SUDESTE/CENTRO-OESTE;5634.3
2024-06-30 22:00:00;NORDESTE;SUDESTE/CENTRO-OESTE;5413.014
2024-06-30 23:00:00;NORDESTE;SUDESTE/CENTRO-OESTE;5525.409
2024-07-01 00:00:00;NORDESTE;SUDESTE/CENTRO-OESTE;4805.486
2024-07-01 01:00:00;NORDESTE;SUDESTE/CENTRO-OESTE;4689.16
2024-07-01 02:00:00;NORDESTE;SUDESTE/CENTRO-OESTE;4805.687
2024-07-01 03:00:00;NORDESTE;SUDESTE/CENTRO-OESTE;5038.878
2024-07-01 04:00:00;NORDESTE;SUDESTE/CENTRO-OESTE;5245.651
2024-07-01 05:00:00;NORDESTE;SUDESTE/CENTRO-OESTE;5407.925
2024-07-01 06:00:00;NORDESTE;SUDESTE/CENTRO-OESTE;6183.194
2024-07-01 07:00:00;NORDESTE;SUDESTE/CENTRO-OESTE;6751.675
2024-07-01 08:00:00;NORDESTE;SUDESTE/CENTRO-OESTE;6718.087
2024-07-01 09:00:00;NORDESTE;SUDESTE/CENTRO-OESTE;6567.577
2024-07-01 10:00:00;NORDESTE;SUDESTE/CENTRO-OESTE;6442.905
2024-07-01 11:00:00;NORDESTE;SUDESTE/CENTRO-OESTE;6085.833
2024-07-01 12:00:00;NORDESTE;SUDESTE/CENTRO-OESTE;5151.256
2024-07-01 13:00:00;NORDESTE;SUDESTE/CENTRO-OESTE;4303.706
2024-07-01 14:00:00;NORDESTE;SUDESTE/CENTRO-OESTE;3255.459
2024-07-01 15:00:00;NORDESTE;SUDESTE/CENTRO-OESTE;2924.243
2024-07-01 16:00:00;NORDESTE;SUDESTE/CENTRO-OESTE;3114.521
2024-07-01 17:00:00;NORDESTE;SUDESTE/CENTRO-OESTE;3751.625
2024-07-01 18:00:00;NORDESTE;SUDESTE/CENTRO-OESTE;5471.87
2024-07-01 19:00:00;NORDESTE;SUDESTE/CENTRO-OESTE;6485.504
2024-07-01 20:00:00;NORDESTE;SUDESTE/CENTRO-OESTE;6194.702
2024-07-01 21:00:00;NORDESTE;SUDESTE/CENTRO-OESTE;6073.461
2024-07-01 22:00:00;NORDESTE;SUDESTE/CENTRO-OESTE;5613.48899999
2024-07-01 23:00:00;NORDESTE;SUDESTE/CENTRO-OESTE;5400.381
2024-07-02 00:00:00;NORDESTE;SUDESTE/CENTRO-OESTE;5189.868
2024-07-02 01:00:00;NORDESTE;SUDESTE/CENTRO-OESTE;5095.461
2024-07-02 02:00:00;NORDESTE;SUDESTE/CENTRO-OESTE;5433.093
2024-07-02 03:00:00;NORDESTE;SUDESTE/CENTRO-OESTE;5613.061
2024-07-02 04:00:00;NORDESTE;SUDESTE/CENTRO-OESTE;5635.104
2024-07-02 05:00:00;NORDESTE;SUDESTE/CENTRO-OESTE;5803.709
2024-07-02 06:00:00;NORDESTE;SUDESTE/CENTRO-OESTE;7076.501
2024-07-02 07:00:00;NORDESTE;SUDESTE/CENTRO-OESTE;7195.826
2024-07-02 08:00:00;NORDESTE;SUDESTE/CENTRO-OESTE;7210.215
2024-07-02 09:00:00;NORDESTE;SUDESTE/CENTRO-OESTE;7338.992
2024-07-02 10:00:00;NORDESTE;SUDESTE/CENTRO-OESTE;7099.825
2024-07-02 11:00:00;NORDESTE;SUDESTE/CENTRO-OESTE;6776.076
2024-07-02 12:00:00;NORDESTE;SUDESTE/CENTRO-OESTE;6540.784
2024-07-02 13:00:00;NORDESTE;SUDESTE/CENTRO-OESTE;6323.562
2024-07-02 14:00:00;NORDESTE;SUDESTE/CENTRO-OESTE;6204.528
2024-07-02 15:00:00;NORDESTE;SUDESTE/CENTRO-OESTE;6606.795
2024-07-02 16:00:00;NORDESTE;SUDESTE/CENTRO-OESTE;6531.084
2024-07-02 17:00:00;NORDESTE;SUDESTE/CENTRO-OESTE;6056.526
2024-07-02 18:00:00;NORDESTE;SUDESTE/CENTRO-OESTE;6832.245
2024-07-02 19:00:00;NORDESTE;SUDESTE/CENTRO-OESTE;6327.281
2024-07-02 20:00:00;NORDESTE;SUDESTE/CENTRO-OESTE;6797.928
2024-07-02 21:00:00;NORDESTE;SUDESTE/CENTRO-OESTE;6398.531
2024-07-02 22:00:00;NORDESTE;SUDESTE/CENTRO-OESTE;5822.619
2024-07-02 23:00:00;NORDESTE;SUDESTE/CENTRO-OESTE;5542.912
2024-07-03 00:00:00;NORDESTE;SUDESTE/CENTRO-OESTE;5550.905
2024-07-03 01:00:00;NORDESTE;SUDESTE/CENTRO-OESTE;5230.87
2024-07-03 02:00:00;NORDESTE;SUDESTE/CENTRO-OESTE;5449.854
2024-07-03 03:00:00;NORDESTE;SUDESTE/CENTRO-OESTE;5651.386
2024-07-03 04:00:00;NORDESTE;SUDESTE/CENTRO-OESTE;5865.924
2024-07-03 05:00:00;NORDESTE;SUDESTE/CENTRO-OESTE;5939.369
2024-07-03 06:00:00;NORDESTE;SUDESTE/CENTRO-OESTE;6557.778
2024-07-03 07:00:00;NORDESTE;SUDESTE/CENTRO-OESTE;7294.648
2024-07-03 08:00:00;NORDESTE;SUDESTE/CENTRO-OESTE;7182.078
2024-07-03 09:00:00;NORDESTE;SUDESTE/CENTRO-OESTE;7245.632
2024-07-03 10:00:00;NORDESTE;SUDESTE/CENTRO-OESTE;6930.984
2024-07-03 11:00:00;NORDESTE;SUDESTE/CENTRO-OESTE;6482.613
2024-07-03 12:00:00;NORDESTE;SUDESTE/CENTRO-OESTE;5367.057
2024-07-03 13:00:00;NORDESTE;SUDESTE/CENTRO-OESTE;4686.28
2024-07-03 14:00:00;NORDESTE;SUDESTE/CENTRO-OESTE;3785.24
2024-07-03 15:00:00;NORDESTE;SUDESTE/CENTRO-OESTE;3256.851
2024-07-03 16:00:00;NORDESTE;SUDESTE/CENTRO-OESTE;4156.916
2024-07-03 17:00:00;NORDESTE;SUDESTE/CENTRO-OESTE;4668.131
2024-07-03 18:00:00;NORDESTE;SUDESTE/CENTRO-OESTE;5537.205
2024-07-03 19:00:00;NORDESTE;SUDESTE/CENTRO-OESTE;5994.467
2024-07-03 20:00:00;NORDESTE;SUDESTE/CENTRO-OESTE;6431.598
2024-07-03 21:00:00;NORDESTE;SUDESTE/CENTRO-OESTE;6019.325
2024-07-03 22:00:00;NORDESTE;SUDESTE/CENTRO-OESTE;5268.04
2024-07-03 23:00:00;NORDESTE;SUDESTE/CENTRO-OESTE;5113.774
2024-07-04 00:00:00;NORDESTE;SUDESTE/CENTRO-OESTE;4410.205
2024-07-04 01:00:00;NORDESTE;SUDESTE/CENTRO-OESTE;4360.558
2024-07-04 02:00:00;NORDESTE;SUDESTE/CENTRO-OESTE;4792.823
2024-07-04 03:00:00;NORDESTE;SUDESTE/CENTRO-OESTE;5186.192
2024-07-04 04:00:00;NORDESTE;SUDESTE/CENTRO-OESTE;5163.062
2024-07-04 05:00:00;NORDESTE;SUDESTE/CENTRO-OESTE;4939.89999999
2024-07-04 06:00:00;NORDESTE;SUDESTE/CENTRO-OESTE;5689.583
2024-07-04 07:00:00;NORDESTE;SUDESTE/CENTRO-OESTE;6356.32
2024-07-04 08:00:00;NORDESTE;SUDESTE/CENTRO-OESTE;7104.119
2024-07-04 09:00:00;NORDESTE;SUDESTE/CENTRO-OESTE;6941.254
2024-07-04 10:00:00;NORDESTE;SUDESTE/CENTRO-OESTE;6618.10499999
2024-07-04 11:00:00;NORDESTE;SUDESTE/CENTRO-OESTE;6302.537
2024-07-04 12:00:00;NORDESTE;SUDESTE/CENTRO-OESTE;6161.853
2024-07-04 13:00:00;NORDESTE;SUDESTE/CENTRO-OESTE;6002.634
2024-07-04 14:00:00;NORDESTE;SUDESTE/CENTRO-OESTE;5610.63199999
2024-07-04 15:00:00;NORDESTE;SUDESTE/CENTRO-OESTE;5404.442
2024-07-04 16:00:00;NORDESTE;SUDESTE/CENTRO-OESTE;5424.66799999
2024-07-04 17:00:00;NORDESTE;SUDESTE/CENTRO-OESTE;5281.502
2024-07-04 18:00:00;NORDESTE;SUDESTE/CENTRO-OESTE;6185.936
2024-07-04 19:00:00;NORDESTE;SUDESTE/CENTRO-OESTE;6239.834
2024-07-04 20:00:00;NORDESTE;SUDESTE/CENTRO-OESTE;6163.152
2024-07-04 21:00:00;NORDESTE;SUDESTE/CENTRO-OESTE;6028.077
2024-07-04 22:00:00;NORDESTE;SUDESTE/CENTRO-OESTE;5700.376
2024-07-04 23:00:00;NORDESTE;SUDESTE/CENTRO-OESTE;5150.5
2024-07-05 00:00:00;NORDESTE;SUDESTE/CENTRO-OESTE;4233.89999999
2024-07-05 01:00:00;NORDESTE;SUDESTE/CENTRO-OESTE;3876.202
2024-07-05 02:00:00;NORDESTE;SUDESTE/CENTRO-OESTE;4001.536
2024-07-05 03:00:00;NORDESTE;SUDESTE/CENTRO-OESTE;4201.542
2024-07-05 04:00:00;NORDESTE;SUDESTE/CENTRO-OESTE;4065.305
2024-07-05 05:00:00;NORDESTE;SUDESTE/CENTRO-OESTE;3592.706
2024-07-05 06:00:00;NORDESTE;SUDESTE/CENTRO-OESTE;3891.946
2024-07-05 07:00:00;NORDESTE;SUDESTE/CENTRO-OESTE;5144.295
2024-07-05 08:00:00;NORDESTE;SUDESTE/CENTRO-OESTE;5912.083
2024-07-05 09:00:00;NORDESTE;SUDESTE/CENTRO-OESTE;5949.99799999
2024-07-05 10:00:00;NORDESTE;SUDESTE/CENTRO-OESTE;4953.562
2024-07-05 11:00:00;NORDESTE;SUDESTE/CENTRO-OESTE;4116.041
2024-07-05 12:00:00;NORDESTE;SUDESTE/CENTRO-OESTE;3798.238
2024-07-05 13:00:00;NORDESTE;SUDESTE/CENTRO-OESTE;3095.789
2024-07-05 14:00:00;NORDESTE;SUDESTE/CENTRO-OESTE;2722.478
2024-07-05 15:00:00;NORDESTE;SUDESTE/CENTRO-OESTE;2859.512
2024-07-05 16:00:00;NORDESTE;SUDESTE/CENTRO-OESTE;3246.658
2024-07-05 17:00:00;NORDESTE;SUDESTE/CENTRO-OESTE;3870.302
2024-07-05 18:00:00;NORDESTE;SUDESTE/CENTRO-OESTE;4448.452
2024-07-05 19:00:00;NORDESTE;SUDESTE/CENTRO-OESTE;4493.97999999
2024-07-05 20:00:00;NORDESTE;SUDESTE/CENTRO-OESTE;4132.205
2024-07-05 21:00:00;NORDESTE;SUDESTE/CENTRO-OESTE;4079.581
2024-07-05 22:00:00;NORDESTE;SUDESTE/CENTRO-OESTE;4141.127
2024-07-05 23:00:00;NORDESTE;SUDESTE/CENTRO-OESTE;3705.405
2024-07-06 00:00:00;NORDESTE;SUDESTE/CENTRO-OESTE;2818.717
2024-07-06 01:00:00;NORDESTE;SUDESTE/CENTRO-OESTE;2342.197
2024-07-06 02:00:00;NORDESTE;SUDESTE/CENTRO-OESTE;1559.593
2024-07-06 03:00:00;NORDESTE;SUDESTE/CENTRO-OESTE;1391.914
2024-07-06 04:00:00;NORDESTE;SUDESTE/CENTRO-OESTE;1401.156
2024-07-06 05:00:00;NORDESTE;SUDESTE/CENTRO-OESTE;2039.98
2024-07-06 06:00:00;NORDESTE;SUDESTE/CENTRO-OESTE;2667.893
2024-07-06 07:00:00;NORDESTE;SUDESTE/CENTRO-OESTE;3600.016
2024-07-06 08:00:00;NORDESTE;SUDESTE/CENTRO-OESTE;4657.535
2024-07-06 09:00:00;NORDESTE;SUDESTE/CENTRO-OESTE;4855.424
2024-07-06 10:00:00;NORDESTE;SUDESTE/CENTRO-OESTE;4597.25
2024-07-06 11:00:00;NORDESTE;SUDESTE/CENTRO-OESTE;3882.113
2024-07-06 12:00:00;NORDESTE;SUDESTE/CENTRO-OESTE;3033.82
2024-07-06 13:00:00;NORDESTE;SUDESTE/CENTRO-OESTE;2446.567
2024-07-06 14:00:00;NORDESTE;SUDESTE/CENTRO-OESTE;2062.272
2024-07-06 15:00:00;NORDESTE;SUDESTE/CENTRO-OESTE;1826.551
2024-07-06 16:00:00;NORDESTE;SUDESTE/CENTRO-OESTE;1616.215
2024-07-06 17:00:00;NORDESTE;SUDESTE/CENTRO-OESTE;1540.26399999
2024-07-06 18:00:00;NORDESTE;SUDESTE/CENTRO-OESTE;2509.89399999
2024-07-06 19:00:00;NORDESTE;SUDESTE/CENTRO-OESTE;2316.30699999
2024-07-06 20:00:00;NORDESTE;SUDESTE/CENTRO-OESTE;2599.694
2024-07-06 21:00:00;NORDESTE;SUDESTE/CENTRO-OESTE;3376.684
2024-07-06 22:00:00;NORDESTE;SUDESTE/CENTRO-OESTE;3300.387
2024-07-06 23:00:00;NORDESTE;SUDESTE/CENTRO-OESTE;2867.531
2024-07-07 00:00:00;NORDESTE;SUDESTE/CENTRO-OESTE;2671.621
2024-07-07 01:00:00;NORDESTE;SUDESTE/CENTRO-OESTE;2991.242
2024-07-07 02:00:00;NORDESTE;SUDESTE/CENTRO-OESTE;3433.637
2024-07-07 03:00:00;NORDESTE;SUDESTE/CENTRO-OESTE;3793.454
2024-07-07 04:00:00;NORDESTE;SUDESTE/CENTRO-OESTE;4067.043
2024-07-07 05:00:00;NORDESTE;SUDESTE/CENTRO-OESTE;4447.41299999
2024-07-07 06:00:00;NORDESTE;SUDESTE/CENTRO-OESTE;4375.28
2024-07-07 07:00:00;NORDESTE;SUDESTE/CENTRO-OESTE;5110.274
2024-07-07 08:00:00;NORDESTE;SUDESTE/CENTRO-OESTE;4793.425
2024-07-07 09:00:00;NORDESTE;SUDESTE/CENTRO-OESTE;4557.18
2024-07-07 10:00:00;NORDESTE;SUDESTE/CENTRO-OESTE;4355.067
2024-07-07 11:00:00;NORDESTE;SUDESTE/CENTRO-OESTE;4155.78799999
2024-07-07 12:00:00;NORDESTE;SUDESTE/CENTRO-OESTE;3934.592
2024-07-07 13:00:00;NORDESTE;SUDESTE/CENTRO-OESTE;3822.823
2024-07-07 14:00:00;NORDESTE;SUDESTE/CENTRO-OESTE;3898.691
2024-07-07 15:00:00;NORDESTE;SUDESTE/CENTRO-OESTE;4348.904
2024-07-07 16:00:00;NORDESTE;SUDESTE/CENTRO-OESTE;4355.341
2024-07-07 17:00:00;NORDESTE;SUDESTE/CENTRO-OESTE;4530.99399999
2024-07-07 18:00:00;NORDESTE;SUDESTE/CENTRO-OESTE;5774.608
2024-07-07 19:00:00;NORDESTE;SUDESTE/CENTRO-OESTE;5605.852
2024-07-07 20:00:00;NORDESTE;SUDESTE/CENTRO-OESTE;5537.902
2024-07-07 21:00:00;NORDESTE;SUDESTE/CENTRO-OESTE;5408.545
2024-07-07 22:00:00;NORDESTE;SUDESTE/CENTRO-OESTE;5066.76599999
2024-07-07 23:00:00;NORDESTE;SUDESTE/CENTRO-OESTE;4468.57399999
2024-07-08 00:00:00;NORDESTE;SUDESTE/CENTRO-OESTE;3586.878
2024-07-08 01:00:00;NORDESTE;SUDESTE/CENTRO-OESTE;3522.059
2024-07-08 02:00:00;NORDESTE;SUDESTE/CENTRO-OESTE;3982.043
2024-07-08 03:00:00;NORDESTE;SUDESTE/CENTRO-OESTE;4177.327
2024-07-08 04:00:00;NORDESTE;SUDESTE/CENTRO-OESTE;4241.487
2024-07-08 05:00:00;NORDESTE;SUDESTE/CENTRO-OESTE;4542.54699999
2024-07-08 06:00:00;NORDESTE;SUDESTE/CENTRO-OESTE;5110.374
2024-07-08 07:00:00;NORDESTE;SUDESTE/CENTRO-OESTE;6047.337
2024-07-08 08:00:00;NORDESTE;SUDESTE/CENTRO-OESTE;6484.363
2024-07-08 09:00:00;NORDESTE;SUDESTE/CENTRO-OESTE;6523.866
2024-07-08 10:00:00;NORDESTE;SUDESTE/CENTRO-OESTE;6345.795
2024-07-08 11:00:00;NORDESTE;SUDESTE/CENTRO-OESTE;5859.243
2024-07-08 12:00:00;NORDESTE;SUDESTE/CENTRO-OESTE;5391.801
2024-07-08 13:00:00;NORDESTE;SUDESTE/CENTRO-OESTE;4507.95
2024-07-08 14:00:00;NORDESTE;SUDESTE/CENTRO-OESTE;3954.301
2024-07-08 15:00:00;NORDESTE;SUDESTE/CENTRO-OESTE;3355.006
2024-07-08 16:00:00;NORDESTE;SUDESTE/CENTRO-OESTE;2871.73999999
2024-07-08 17:00:00;NORDESTE;SUDESTE/CENTRO-OESTE;3697.893
2024-07-08 18:00:00;NORDESTE;SUDESTE/CENTRO-OESTE;5682.478
2024-07-08 19:00:00;NORDESTE;SUDESTE/CENTRO-OESTE;6560.535
2024-07-08 20:00:00;NORDESTE;SUDESTE/CENTRO-OESTE;6415.926
2024-07-08 21:00:00;NORDESTE;SUDESTE/CENTRO-OESTE;5534.392
2024-07-08 22:00:00;NORDESTE;SUDESTE/CENTRO-OESTE;5211.51599999
2024-07-08 23:00:00;NORDESTE;SUDESTE/CENTRO-OESTE;5009.588
2024-07-09 00:00:00;NORDESTE;SUDESTE/CENTRO-OESTE;4355.924
2024-07-09 01:00:00;NORDESTE;SUDESTE/CENTRO-OESTE;3778.773
2024-07-09 02:00:00;NORDESTE;SUDESTE/CENTRO-OESTE;3890.162
2024-07-09 03:00:00;NORDESTE;SUDESTE/CENTRO-OESTE;3274.468
2024-07-09 04:00:00;NORDESTE;SUDESTE/CENTRO-OESTE;3299.87399999
2024-07-09 05:00:00;NORDESTE;SUDESTE/CENTRO-OESTE;3466.158
2024-07-09 06:00:00;NORDESTE;SUDESTE/CENTRO-OESTE;4083.467
2024-07-09 07:00:00;NORDESTE;SUDESTE/CENTRO-OESTE;4988.194
2024-07-09 08:00:00;NORDESTE;SUDESTE/CENTRO-OESTE;5423.758
2024-07-09 09:00:00;NORDESTE;SUDESTE/CENTRO-OESTE;5011.469
2024-07-09 10:00:00;NORDESTE;SUDESTE/CENTRO-OESTE;4341.017
2024-07-09 11:00:00;NORDESTE;SUDESTE/CENTRO-OESTE;3690.013
2024-07-09 12:00:00;NORDESTE;SUDESTE/CENTRO-OESTE;3408.873
2024-07-09 13:00:00;NORDESTE;SUDESTE/CENTRO-OESTE;2766.257
2024-07-09 14:00:00;NORDESTE;SUDESTE/CENTRO-OESTE;2449.547
2024-07-09 15:00:00;NORDESTE;SUDESTE/CENTRO-OESTE;2056.759
2024-07-09 16:00:00;NORDESTE;SUDESTE/CENTRO-OESTE;2216.262
2024-07-09 17:00:00;NORDESTE;SUDESTE/CENTRO-OESTE;2840.946
2024-07-09 18:00:00;NORDESTE;SUDESTE/CENTRO-OESTE;4961.317
2024-07-09 19:00:00;NORDESTE;SUDESTE/CENTRO-OESTE;5709.905
2024-07-09 20:00:00;NORDESTE;SUDESTE/CENTRO-OESTE;5783.551
2024-07-09 21:00:00;NORDESTE;SUDESTE/CENTRO-OESTE;5306.21699999
2024-07-09 22:00:00;NORDESTE;SUDESTE/CENTRO-OESTE;4926.18
2024-07-09 23:00:00;NORDESTE;SUDESTE/CENTRO-OESTE;4371.995
2024-07-10 00:00:00;NORDESTE;SUDESTE/CENTRO-OESTE;3929.393
2024-07-10 01:00:00;NORDESTE;SUDESTE/CENTRO-OESTE;3948.243
2024-07-10 02:00:00;NORDESTE;SUDESTE/CENTRO-OESTE;3830.367
2024-07-10 03:00:00;NORDESTE;SUDESTE/CENTRO-OESTE;3391.314
2024-07-10 04:00:00;NORDESTE;SUDESTE/CENTRO-OESTE;3370.382
2024-07-10 05:00:00;NORDESTE;SUDESTE/CENTRO-OESTE;3645.019
2024-07-10 06:00:00;NORDESTE;SUDESTE/CENTRO-OESTE;4282.615
2024-07-10 07:00:00;NORDESTE;SUDESTE/CENTRO-OESTE;4994.38
2024-07-10 08:00:00;NORDESTE;SUDESTE/CENTRO-OESTE;5780.453
2024-07-10 09:00:00;NORDESTE;SUDESTE/CENTRO-OESTE;5669.618
2024-07-10 10:00:00;NORDESTE;SUDESTE/CENTRO-OESTE;5522.745
2024-07-10 11:00:00;NORDESTE;SUDESTE/CENTRO-OESTE;4903.03799999
2024-07-10 12:00:00;NORDESTE;SUDESTE/CENTRO-OESTE;4157.385
2024-07-10 13:00:00;NORDESTE;SUDESTE/CENTRO-OESTE;3941.125
2024-07-10 14:00:00;NORDESTE;SUDESTE/CENTRO-OESTE;3343.047
2024-07-10 15:00:00;NORDESTE;SUDESTE/CENTRO-OESTE;2640.37
2024-07-10 16:00:00;NORDESTE;SUDESTE/CENTRO-OESTE;3007.885
2024-07-10 17:00:00;NORDESTE;SUDESTE/CENTRO-OESTE;3939.663
2024-07-10 18:00:00;NORDESTE;SUDESTE/CENTRO-OESTE;5175.892
2024-07-10 19:00:00;NORDESTE;SUDESTE/CENTRO-OESTE;6097.316
2024-07-10 20:00:00;NORDESTE;SUDESTE/CENTRO-OESTE;7362.002
2024-07-10 21:00:00;NORDESTE;SUDESTE/CENTRO-OESTE;7031.50699999
2024-07-10 22:00:00;NORDESTE;SUDESTE/CENTRO-OESTE;6060.177
2024-07-10 23:00:00;NORDESTE;SUDESTE/CENTRO-OESTE;5584.546
2024-07-11 00:00:00;NORDESTE;SUDESTE/CENTRO-OESTE;5151.303
2024-07-11 01:00:00;NORDESTE;SUDESTE/CENTRO-OESTE;4703.741
2024-07-11 02:00:00;NORDESTE;SUDESTE/CENTRO-OESTE;4848.669
2024-07-11 03:00:00;NORDESTE;SUDESTE/CENTRO-OESTE;4955.003
2024-07-11 04:00:00;NORDESTE;SUDESTE/CENTRO-OESTE;5082.983
2024-07-11 05:00:00;NORDESTE;SUDESTE/CENTRO-OESTE;5277.211
2024-07-11 06:00:00;NORDESTE;SUDESTE/CENTRO-OESTE;5818.238
2024-07-11 07:00:00;NORDESTE;SUDESTE/CENTRO-OESTE;6945.403
2024-07-11 08:00:00;NORDESTE;SUDESTE/CENTRO-OESTE;6838.259
2024-07-11 09:00:00;NORDESTE;SUDESTE/CENTRO-OESTE;6998.403
2024-07-11 10:00:00;NORDESTE;SUDESTE/CENTRO-OESTE;6925.232
2024-07-11 11:00:00;NORDESTE;SUDESTE/CENTRO-OESTE;6848.805
2024-07-11 12:00:00;NORDESTE;SUDESTE/CENTRO-OESTE;6845.883
2024-07-11 13:00:00;NORDESTE;SUDESTE/CENTRO-OESTE;6655.13199999
2024-07-11 14:00:00;NORDESTE;SUDESTE/CENTRO-OESTE;6211.643
2024-07-11 15:00:00;NORDESTE;SUDESTE/CENTRO-OESTE;5712.016
2024-07-11 16:00:00;NORDESTE;SUDESTE/CENTRO-OESTE;5826.24799999
2024-07-11 17:00:00;NORDESTE;SUDESTE/CENTRO-OESTE;6183.156
2024-07-11 18:00:00;NORDESTE;SUDESTE/CENTRO-OESTE;6877.877
2024-07-11 19:00:00;NORDESTE;SUDESTE/CENTRO-OESTE;7366.991
2024-07-11 20:00:00;NORDESTE;SUDESTE/CENTRO-OESTE;7118.515
2024-07-11 21:00:00;NORDESTE;SUDESTE/CENTRO-OESTE;6825.908
2024-07-11 22:00:00;NORDESTE;SUDESTE/CENTRO-OESTE;6478.618
2024-07-11 23:00:00;NORDESTE;SUDESTE/CENTRO-OESTE;5634.379
2024-07-12 00:00:00;NORDESTE;SUDESTE/CENTRO-OESTE;4955.624
2024-07-12 01:00:00;NORDESTE;SUDESTE/CENTRO-OESTE;4373.60099999
2024-07-12 02:00:00;NORDESTE;SUDESTE/CENTRO-OESTE;4137.402
2024-07-12 03:00:00;NORDESTE;SUDESTE/CENTRO-OESTE;4196.779
2024-07-12 04:00:00;NORDESTE;SUDESTE/CENTRO-OESTE;4568.906
2024-07-12 05:00:00;NORDESTE;SUDESTE/CENTRO-OESTE;4907.445
2024-07-12 06:00:00;NORDESTE;SUDESTE/CENTRO-OESTE;5647.041
2024-07-12 07:00:00;NORDESTE;SUDESTE/CENTRO-OESTE;7063.435
2024-07-12 08:00:00;NORDESTE;SUDESTE/CENTRO-OESTE;6817.451
2024-07-12 09:00:00;NORDESTE;SUDESTE/CENTRO-OESTE;6827.073
2024-07-12 10:00:00;NORDESTE;SUDESTE/CENTRO-OESTE;6941.765
2024-07-12 11:00:00;NORDESTE;SUDESTE/CENTRO-OESTE;6884.338
2024-07-12 12:00:00;NORDESTE;SUDESTE/CENTRO-OESTE;6920.286
2024-07-12 13:00:00;NORDESTE;SUDESTE/CENTRO-OESTE;6901.259
2024-07-12 14:00:00;NORDESTE;SUDESTE/CENTRO-OESTE;6923.891
2024-07-12 15:00:00;NORDESTE;SUDESTE/CENTRO-OESTE;6972.372
2024-07-12 16:00:00;NORDESTE;SUDESTE/CENTRO-OESTE;6759.705
2024-07-12 17:00:00;NORDESTE;SUDESTE/CENTRO-OESTE;6330.302
2024-07-12 18:00:00;NORDESTE;SUDESTE/CENTRO-OESTE;6454.349
2024-07-12 19:00:00;NORDESTE;SUDESTE/CENTRO-OESTE;6628.899
2024-07-12 20:00:00;NORDESTE;SUDESTE/CENTRO-OESTE;6874.823
2024-07-12 21:00:00;NORDESTE;SUDESTE/CENTRO-OESTE;6650.122
2024-07-12 22:00:00;NORDESTE;SUDESTE/CENTRO-OESTE;6733.469
2024-07-12 23:00:00;NORDESTE;SUDESTE/CENTRO-OESTE;6960.412
2024-07-13 00:00:00;NORDESTE;SUDESTE/CENTRO-OESTE;6523.649
2024-07-13 01:00:00;NORDESTE;SUDESTE/CENTRO-OESTE;5961.225
2024-07-13 02:00:00;NORDESTE;SUDESTE/CENTRO-OESTE;5916.588
2024-07-13 03:00:00;NORDESTE;SUDESTE/CENTRO-OESTE;6121.637
2024-07-13 04:00:00;NORDESTE;SUDESTE/CENTRO-OESTE;5169.88199999
2024-07-13 05:00:00;NORDESTE;SUDESTE/CENTRO-OESTE;5314.97099999
2024-07-13 06:00:00;NORDESTE;SUDESTE/CENTRO-OESTE;4985.819
2024-07-13 07:00:00;NORDESTE;SUDESTE/CENTRO-OESTE;4563.17699999
2024-07-13 08:00:00;NORDESTE;SUDESTE/CENTRO-OESTE;4466.741
2024-07-13 09:00:00;NORDESTE;SUDESTE/CENTRO-OESTE;4485.781
2024-07-13 10:00:00;NORDESTE;SUDESTE/CENTRO-OESTE;4598.242
2024-07-13 11:00:00;NORDESTE;SUDESTE/CENTRO-OESTE;4620.947
2024-07-13 12:00:00;NORDESTE;SUDESTE/CENTRO-OESTE;4609.841
2024-07-13 13:00:00;NORDESTE;SUDESTE/CENTRO-OESTE;4559.59599999
2024-07-13 14:00:00;NORDESTE;SUDESTE/CENTRO-OESTE;4219.79699999
2024-07-13 15:00:00;NORDESTE;SUDESTE/CENTRO-OESTE;3685.329
2024-07-13 16:00:00;NORDESTE;SUDESTE/CENTRO-OESTE;5359.144
2024-07-13 17:00:00;NORDESTE;SUDESTE/CENTRO-OESTE;6222.264
2024-07-13 18:00:00;NORDESTE;SUDESTE/CENTRO-OESTE;5967.961
2024-07-13 19:00:00;NORDESTE;SUDESTE/CENTRO-OESTE;5596.863
2024-07-13 20:00:00;NORDESTE;SUDESTE/CENTRO-OESTE;5788.46
2024-07-13 21:00:00;NORDESTE;SUDESTE/CENTRO-OESTE;6096.899
2024-07-13 22:00:00;NORDESTE;SUDESTE/CENTRO-OESTE;6100.626
2024-07-13 23:00:00;NORDESTE;SUDESTE/CENTRO-OESTE;5326.749
2024-07-14 00:00:00;NORDESTE;SUDESTE/CENTRO-OESTE;4472.751
2024-07-14 01:00:00;NORDESTE;SUDESTE/CENTRO-OESTE;4067.386
2024-07-14 02:00:00;NORDESTE;SUDESTE/CENTRO-OESTE;4321.375
2024-07-14 03:00:00;NORDESTE;SUDESTE/CENTRO-OESTE;4377.868
2024-07-14 04:00:00;NORDESTE;SUDESTE/CENTRO-OESTE;4815.764
2024-07-14 05:00:00;NORDESTE;SUDESTE/CENTRO-OESTE;5311.555
2024-07-14 06:00:00;NORDESTE;SUDESTE/CENTRO-OESTE;5351.762
2024-07-14 07:00:00;NORDESTE;SUDESTE/CENTRO-OESTE;5448.861
2024-07-14 08:00:00;NORDESTE;SUDESTE/CENTRO-OESTE;5088.45799999
2024-07-14 09:00:00;NORDESTE;SUDESTE/CENTRO-OESTE;4579.258
2024-07-14 10:00:00;NORDESTE;SUDESTE/CENTRO-OESTE;4590.764
2024-07-14 11:00:00;NORDESTE;SUDESTE/CENTRO-OESTE;4431.738
2024-07-14 12:00:00;NORDESTE;SUDESTE/CENTRO-OESTE;4259.332
2024-07-14 13:00:00;NORDESTE;SUDESTE/CENTRO-OESTE;4320.58299999
2024-07-14 14:00:00;NORDESTE;SUDESTE/CENTRO-OESTE;4364.631
2024-07-14 15:00:00;NORDESTE;SUDESTE/CENTRO-OESTE;4117.829
2024-07-14 16:00:00;NORDESTE;SUDESTE/CENTRO-OESTE;3990.295
2024-07-14 17:00:00;NORDESTE;SUDESTE/CENTRO-OESTE;4541.99799999
2024-07-14 18:00:00;NORDESTE;SUDESTE/CENTRO-OESTE;5306.826
2024-07-14 19:00:00;NORDESTE;SUDESTE/CENTRO-OESTE;6138.495
2024-07-14 20:00:00;NORDESTE;SUDESTE/CENTRO-OESTE;6191.697
2024-07-14 21:00:00;NORDESTE;SUDESTE/CENTRO-OESTE;5746.647
2024-07-14 22:00:00;NORDESTE;SUDESTE/CENTRO-OESTE;5373.432
2024-07-14 23:00:00;NORDESTE;SUDESTE/CENTRO-OESTE;5319.535
2024-07-15 00:00:00;NORDESTE;SUDESTE/CENTRO-OESTE;4943.12
2024-07-15 01:00:00;NORDESTE;SUDESTE/CENTRO-OESTE;4251.115
2024-07-15 02:00:00;NORDESTE;SUDESTE/CENTRO-OESTE;4258.495
2024-07-15 03:00:00;NORDESTE;SUDESTE/CENTRO-OESTE;4619.568
2024-07-15 04:00:00;NORDESTE;SUDESTE/CENTRO-OESTE;5112.462
2024-07-15 05:00:00;NORDESTE;SUDESTE/CENTRO-OESTE;5500.229
2024-07-15 06:00:00;NORDESTE;SUDESTE/CENTRO-OESTE;5813.927
2024-07-15 07:00:00;NORDESTE;SUDESTE/CENTRO-OESTE;6928.843
2024-07-15 08:00:00;NORDESTE;SUDESTE/CENTRO-OESTE;6499.281
2024-07-15 09:00:00;NORDESTE;SUDESTE/CENTRO-OESTE;6694.312
2024-07-15 10:00:00;NORDESTE;SUDESTE/CENTRO-OESTE;6357.077
2024-07-15 11:00:00;NORDESTE;SUDESTE/CENTRO-OESTE;6311.327
2024-07-15 12:00:00;NORDESTE;SUDESTE/CENTRO-OESTE;6511.092
2024-07-15 13:00:00;NORDESTE;SUDESTE/CENTRO-OESTE;6282.704
2024-07-15 14:00:00;NORDESTE;SUDESTE/CENTRO-OESTE;6032.487
2024-07-15 15:00:00;NORDESTE;SUDESTE/CENTRO-OESTE;6305.618
2024-07-15 16:00:00;NORDESTE;SUDESTE/CENTRO-OESTE;6190.713
2024-07-15 17:00:00;NORDESTE;SUDESTE/CENTRO-OESTE;5956.005
2024-07-15 18:00:00;NORDESTE;SUDESTE/CENTRO-OESTE;6864.017
2024-07-15 19:00:00;NORDESTE;SUDESTE/CENTRO-OESTE;6552.845
2024-07-15 20:00:00;NORDESTE;SUDESTE/CENTRO-OESTE;6507.476
2024-07-15 21:00:00;NORDESTE;SUDESTE/CENTRO-OESTE;6057.101
2024-07-15 22:00:00;NORDESTE;SUDESTE/CENTRO-OESTE;5823.693
2024-07-15 23:00:00;NORDESTE;SUDESTE/CENTRO-OESTE;5404.53799999
2024-07-16 00:00:00;NORDESTE;SUDESTE/CENTRO-OESTE;5076.07399999
2024-07-16 01:00:00;NORDESTE;SUDESTE/CENTRO-OESTE;5027.242
2024-07-16 02:00:00;NORDESTE;SUDESTE/CENTRO-OESTE;5126.362
2024-07-16 03:00:00;NORDESTE;SUDESTE/CENTRO-OESTE;5200.66799999
2024-07-16 04:00:00;NORDESTE;SUDESTE/CENTRO-OESTE;5031.616
2024-07-16 05:00:00;NORDESTE;SUDESTE/CENTRO-OESTE;5557.802
2024-07-16 06:00:00;NORDESTE;SUDESTE/CENTRO-OESTE;6638.628
2024-07-16 07:00:00;NORDESTE;SUDESTE/CENTRO-OESTE;7005.168
2024-07-16 08:00:00;NORDESTE;SUDESTE/CENTRO-OESTE;7013.991
2024-07-16 09:00:00;NORDESTE;SUDESTE/CENTRO-OESTE;7034.466
2024-07-16 10:00:00;NORDESTE;SUDESTE/CENTRO-OESTE;6971.777
2024-07-16 11:00:00;NORDESTE;SUDESTE/CENTRO-OESTE;6786.437
2024-07-16 12:00:00;NORDESTE;SUDESTE/CENTRO-OESTE;7008.502
2024-07-16 13:00:00;NORDESTE;SUDESTE/CENTRO-OESTE;6801.726
2024-07-16 14:00:00;NORDESTE;SUDESTE/CENTRO-OESTE;6629.883
2024-07-16 15:00:00;NORDESTE;SUDESTE/CENTRO-OESTE;6584.044
2024-07-16 16:00:00;NORDESTE;SUDESTE/CENTRO-OESTE;6185.13199999
2024-07-16 17:00:00;NORDESTE;SUDESTE/CENTRO-OESTE;5333.713
2024-07-16 18:00:00;NORDESTE;SUDESTE/CENTRO-OESTE;5919.09
2024-07-16 19:00:00;NORDESTE;SUDESTE/CENTRO-OESTE;6086.79
2024-07-16 20:00:00;NORDESTE;SUDESTE/CENTRO-OESTE;5742.258
2024-07-16 21:00:00;NORDESTE;SUDESTE/CENTRO-OESTE;4855.146
2024-07-16 22:00:00;NORDESTE;SUDESTE/CENTRO-OESTE;4617.018
2024-07-16 23:00:00;NORDESTE;SUDESTE/CENTRO-OESTE;4468.219
2024-07-17 00:00:00;NORDESTE;SUDESTE/CENTRO-OESTE;4380.69899999
2024-07-17 01:00:00;NORDESTE;SUDESTE/CENTRO-OESTE;3965.379
2024-07-17 02:00:00;NORDESTE;SUDESTE/CENTRO-OESTE;4199.585
2024-07-17 03:00:00;NORDESTE;SUDESTE/CENTRO-OESTE;4767.086
2024-07-17 04:00:00;NORDESTE;SUDESTE/CENTRO-OESTE;5116.313
2024-07-17 05:00:00;NORDESTE;SUDESTE/CENTRO-OESTE;5385.142
2024-07-17 06:00:00;NORDESTE;SUDESTE/CENTRO-OESTE;5511.89
2024-07-17 07:00:00;NORDESTE;SUDESTE/CENTRO-OESTE;6730.0
2024-07-17 08:00:00;NORDESTE;SUDESTE/CENTRO-OESTE;6731.986
2024-07-17 09:00:00;NORDESTE;SUDESTE/CENTRO-OESTE;6595.509
2024-07-17 10:00:00;NORDESTE;SUDESTE/CENTRO-OESTE;6512.898
2024-07-17 11:00:00;NORDESTE;SUDESTE/CENTRO-OESTE;6443.504
2024-07-17 12:00:00;NORDESTE;SUDESTE/CENTRO-OESTE;6454.752
2024-07-17 13:00:00;NORDESTE;SUDESTE/CENTRO-OESTE;6239.777
2024-07-17 14:00:00;NORDESTE;SUDESTE/CENTRO-OESTE;5891.689
2024-07-17 15:00:00;NORDESTE;SUDESTE/CENTRO-OESTE;5458.621
2024-07-17 16:00:00;NORDESTE;SUDESTE/CENTRO-OESTE;5002.636
2024-07-17 17:00:00;NORDESTE;SUDESTE/CENTRO-OESTE;4575.195
2024-07-17 18:00:00;NORDESTE;SUDESTE/CENTRO-OESTE;5436.849
2024-07-17 19:00:00;NORDESTE;SUDESTE/CENTRO-OESTE;5616.71
2024-07-17 20:00:00;NORDESTE;SUDESTE/CENTRO-OESTE;5766.933
2024-07-17 21:00:00;NORDESTE;SUDESTE/CENTRO-OESTE;5786.103
2024-07-17 22:00:00;NORDESTE;SUDESTE/CENTRO-OESTE;5137.064
2024-07-17 23:00:00;NORDESTE;SUDESTE/CENTRO-OESTE;4771.615
2024-07-18 00:00:00;NORDESTE;SUDESTE/CENTRO-OESTE;4209.457
2024-07-18 01:00:00;NORDESTE;SUDESTE/CENTRO-OESTE;3750.095
2024-07-18 02:00:00;NORDESTE;SUDESTE/CENTRO-OESTE;3633.317
2024-07-18 03:00:00;NORDESTE;SUDESTE/CENTRO-OESTE;3797.992
2024-07-18 04:00:00;NORDESTE;SUDESTE/CENTRO-OESTE;4123.474
2024-07-18 05:00:00;NORDESTE;SUDESTE/CENTRO-OESTE;4677.012
2024-07-18 06:00:00;NORDESTE;SUDESTE/CENTRO-OESTE;5261.772
2024-07-18 07:00:00;NORDESTE;SUDESTE/CENTRO-OESTE;6486.473
2024-07-18 08:00:00;NORDESTE;SUDESTE/CENTRO-OESTE;6813.969
2024-07-18 09:00:00;NORDESTE;SUDESTE/CENTRO-OESTE;6742.99799999
2024-07-18 10:00:00;NORDESTE;SUDESTE/CENTRO-OESTE;6177.17199999
2024-07-18 11:00:00;NORDESTE;SUDESTE/CENTRO-OESTE;5422.012
2024-07-18 12:00:00;NORDESTE;SUDESTE/CENTRO-OESTE;5477.67199999
2024-07-18 13:00:00;NORDESTE;SUDESTE/CENTRO-OESTE;4627.678
2024-07-18 14:00:00;NORDESTE;SUDESTE/CENTRO-OESTE;4215.89099999
2024-07-18 15:00:00;NORDESTE;SUDESTE/CENTRO-OESTE;3796.381
2024-07-18 16:00:00;NORDESTE;SUDESTE/CENTRO-OESTE;3419.421
2024-07-18 17:00:00;NORDESTE;SUDESTE/CENTRO-OESTE;3882.642
2024-07-18 18:00:00;NORDESTE;SUDESTE/CENTRO-OESTE;5737.351
2024-07-18 19:00:00;NORDESTE;SUDESTE/CENTRO-OESTE;6320.488
2024-07-18 20:00:00;NORDESTE;SUDESTE/CENTRO-OESTE;6382.1
2024-07-18 21:00:00;NORDESTE;SUDESTE/CENTRO-OESTE;6402.024
2024-07-18 22:00:00;NORDESTE;SUDESTE/CENTRO-OESTE;5885.283
2024-07-18 23:00:00;NORDESTE;SUDESTE/CENTRO-OESTE;5454.28399999
2024-07-19 00:00:00;NORDESTE;SUDESTE/CENTRO-OESTE;5124.321
2024-07-19 01:00:00;NORDESTE;SUDESTE/CENTRO-OESTE;4820.902
2024-07-19 02:00:00;NORDESTE;SUDESTE/CENTRO-OESTE;4699.81499999
2024-07-19 03:00:00;NORDESTE;SUDESTE/CENTRO-OESTE;4752.58
2024-07-19 04:00:00;NORDESTE;SUDESTE/CENTRO-OESTE;4867.058
2024-07-19 05:00:00;NORDESTE;SUDESTE/CENTRO-OESTE;5228.85499999
2024-07-19 06:00:00;NORDESTE;SUDESTE/CENTRO-OESTE;6036.84
2024-07-19 07:00:00;NORDESTE;SUDESTE/CENTRO-OESTE;6985.335
2024-07-19 08:00:00;NORDESTE;SUDESTE/CENTRO-OESTE;6673.372
2024-07-19 09:00:00;NORDESTE;SUDESTE/CENTRO-OESTE;6557.609
2024-07-19 10:00:00;NORDESTE;SUDESTE/CENTRO-OESTE;6332.361
2024-07-19 11:00:00;NORDESTE;SUDESTE/CENTRO-OESTE;6091.517
2024-07-19 12:00:00;NORDESTE;SUDESTE/CENTRO-OESTE;5859.108
2024-07-19 13:00:00;NORDESTE;SUDESTE/CENTRO-OESTE;5780.203
2024-07-19 14:00:00;NORDESTE;SUDESTE/CENTRO-OESTE;5684.87299999
2024-07-19 15:00:00;NORDESTE;SUDESTE/CENTRO-OESTE;5838.591
2024-07-19 16:00:00;NORDESTE;SUDESTE/CENTRO-OESTE;5804.294
2024-07-19 17:00:00;NORDESTE;SUDESTE/CENTRO-OESTE;6239.24
2024-07-19 18:00:00;NORDESTE;SUDESTE/CENTRO-OESTE;6872.052
2024-07-19 19:00:00;NORDESTE;SUDESTE/CENTRO-OESTE;7190.544
2024-07-19 20:00:00;NORDESTE;SUDESTE/CENTRO-OESTE;6903.259
2024-07-19 21:00:00;NORDESTE;SUDESTE/CENTRO-OESTE;6767.451
2024-07-19 22:00:00;NORDESTE;SUDESTE/CENTRO-OESTE;6164.273
2024-07-19 23:00:00;NORDESTE;SUDESTE/CENTRO-OESTE;5812.37
2024-07-20 00:00:00;NORDESTE;SUDESTE/CENTRO-OESTE;5236.06499999
2024-07-20 01:00:00;NORDESTE;SUDESTE/CENTRO-OESTE;4916.965
2024-07-20 02:00:00;NORDESTE;SUDESTE/CENTRO-OESTE;4769.804
2024-07-20 03:00:00;NORDESTE;SUDESTE/CENTRO-OESTE;5122.201
2024-07-20 04:00:00;NORDESTE;SUDESTE/CENTRO-OESTE;4815.916
2024-07-20 05:00:00;NORDESTE;SUDESTE/CENTRO-OESTE;4841.57
2024-07-20 06:00:00;NORDESTE;SUDESTE/CENTRO-OESTE;5635.974
2024-07-20 07:00:00;NORDESTE;SUDESTE/CENTRO-OESTE;6179.823
2024-07-20 08:00:00;NORDESTE;SUDESTE/CENTRO-OESTE;5263.319
2024-07-20 09:00:00;NORDESTE;SUDESTE/CENTRO-OESTE;4508.702
2024-07-20 10:00:00;NORDESTE;SUDESTE/CENTRO-OESTE;3421.331
2024-07-20 11:00:00;NORDESTE;SUDESTE/CENTRO-OESTE;2644.831
2024-07-20 12:00:00;NORDESTE;SUDESTE/CENTRO-OESTE;2491.177
2024-07-20 13:00:00;NORDESTE;SUDESTE/CENTRO-OESTE;2286.9
2024-07-20 14:00:00;NORDESTE;SUDESTE/CENTRO-OESTE;2654.436
2024-07-20 15:00:00;NORDESTE;SUDESTE/CENTRO-OESTE;3490.084
2024-07-20 16:00:00;NORDESTE;SUDESTE/CENTRO-OESTE;4276.666
2024-07-20 17:00:00;NORDESTE;SUDESTE/CENTRO-OESTE;4857.28799999
2024-07-20 18:00:00;NORDESTE;SUDESTE/CENTRO-OESTE;6006.369
2024-07-20 19:00:00;NORDESTE;SUDESTE/CENTRO-OESTE;5558.944
2024-07-20 20:00:00;NORDESTE;SUDESTE/CENTRO-OESTE;5143.313
2024-07-20 21:00:00;NORDESTE;SUDESTE/CENTRO-OESTE;5101.338
2024-07-20 22:00:00;NORDESTE;SUDESTE/CENTRO-OESTE;4663.403
2024-07-20 23:00:00;NORDESTE;SUDESTE/CENTRO-OESTE;4284.178
2024-07-21 00:00:00;NORDESTE;SUDESTE/CENTRO-OESTE;3885.078
2024-07-21 01:00:00;NORDESTE;SUDESTE/CENTRO-OESTE;3457.013
2024-07-21 02:00:00;NORDESTE;SUDESTE/CENTRO-OESTE;4161.13
2024-07-21 03:00:00;NORDESTE;SUDESTE/CENTRO-OESTE;4255.042
2024-07-21 04:00:00;NORDESTE;SUDESTE/CENTRO-OESTE;4685.535
2024-07-21 05:00:00;NORDESTE;SUDESTE/CENTRO-OESTE;4938.316
2024-07-21 06:00:00;NORDESTE;SUDESTE/CENTRO-OESTE;4815.89999999
2024-07-21 07:00:00;NORDESTE;SUDESTE/CENTRO-OESTE;4478.228
2024-07-21 08:00:00;NORDESTE;SUDESTE/CENTRO-OESTE;3529.409
2024-07-21 09:00:00;NORDESTE;SUDESTE/CENTRO-OESTE;2112.415
2024-07-21 10:00:00;NORDESTE;SUDESTE/CENTRO-OESTE;1505.405
2024-07-21 11:00:00;NORDESTE;SUDESTE/CENTRO-OESTE;1365.76399999
2024-07-21 12:00:00;NORDESTE;SUDESTE/CENTRO-OESTE;1197.019
2024-07-21 13:00:00;NORDESTE;SUDESTE/CENTRO-OESTE;1350.134
2024-07-21 14:00:00;NORDESTE;SUDESTE/CENTRO-OESTE;1825.07
2024-07-21 15:00:00;NORDESTE;SUDESTE/CENTRO-OESTE;2570.376
2024-07-21 16:00:00;NORDESTE;SUDESTE/CENTRO-OESTE;3716.701
2024-07-21 17:00:00;NORDESTE;SUDESTE/CENTRO-OESTE;4836.249
2024-07-21 18:00:00;NORDESTE;SUDESTE/CENTRO-OESTE;5269.665
2024-07-21 19:00:00;NORDESTE;SUDESTE/CENTRO-OESTE;5611.577
2024-07-21 20:00:00;NORDESTE;SUDESTE/CENTRO-OESTE;5570.98899999
2024-07-21 21:00:00;NORDESTE;SUDESTE/CENTRO-OESTE;5462.89
2024-07-21 22:00:00;NORDESTE;SUDESTE/CENTRO-OESTE;5118.448
2024-07-21 23:00:00;NORDESTE;SUDESTE/CENTRO-OESTE;4607.593
2024-07-22 00:00:00;NORDESTE;SUDESTE/CENTRO-OESTE;4632.55
2024-07-22 01:00:00;NORDESTE;SUDESTE/CENTRO-OESTE;4631.60099999
2024-07-22 02:00:00;NORDESTE;SUDESTE/CENTRO-OESTE;4565.506
2024-07-22 03:00:00;NORDESTE;SUDESTE/CENTRO-OESTE;4734.64099999
2024-07-22 04:00:00;NORDESTE;SUDESTE/CENTRO-OESTE;5058.75
2024-07-22 05:00:00;NORDESTE;SUDESTE/CENTRO-OESTE;5185.966
2024-07-22 06:00:00;NORDESTE;SUDESTE/CENTRO-OESTE;6044.802
2024-07-22 07:00:00;NORDESTE;SUDESTE/CENTRO-OESTE;6714.641
2024-07-22 08:00:00;NORDESTE;SUDESTE/CENTRO-OESTE;6752.558
2024-07-22 09:00:00;NORDESTE;SUDESTE/CENTRO-OESTE;6832.515
2024-07-22 10:00:00;NORDESTE;SUDESTE/CENTRO-OESTE;6707.551
2024-07-22 11:00:00;NORDESTE;SUDESTE/CENTRO-OESTE;6522.55599999
2024-07-22 12:00:00;NORDESTE;SUDESTE/CENTRO-OESTE;6390.592
2024-07-22 13:00:00;NORDESTE;SUDESTE/CENTRO-OESTE;5968.278
2024-07-22 14:00:00;NORDESTE;SUDESTE/CENTRO-OESTE;5847.166
2024-07-22 15:00:00;NORDESTE;SUDESTE/CENTRO-OESTE;5444.87299999
2024-07-22 16:00:00;NORDESTE;SUDESTE/CENTRO-OESTE;5282.771
2024-07-22 17:00:00;NORDESTE;SUDESTE/CENTRO-OESTE;5358.18999999
2024-07-22 18:00:00;NORDESTE;SUDESTE/CENTRO-OESTE;6893.227
2024-07-22 19:00:00;NORDESTE;SUDESTE/CENTRO-OESTE;6881.203
2024-07-22 20:00:00;NORDESTE;SUDESTE/CENTRO-OESTE;6877.2
2024-07-22 21:00:00;NORDESTE;SUDESTE/CENTRO-OESTE;7001.389
2024-07-22 22:00:00;NORDESTE;SUDESTE/CENTRO-OESTE;6843.164
2024-07-22 23:00:00;NORDESTE;SUDESTE/CENTRO-OESTE;6114.932
2024-07-23 00:00:00;NORDESTE;SUDESTE/CENTRO-OESTE;5694.517
2024-07-23 01:00:00;NORDESTE;SUDESTE/CENTRO-OESTE;5549.948
2024-07-23 02:00:00;NORDESTE;SUDESTE/CENTRO-OESTE;5573.078
2024-07-23 03:00:00;NORDESTE;SUDESTE/CENTRO-OESTE;5905.712
2024-07-23 04:00:00;NORDESTE;SUDESTE/CENTRO-OESTE;6242.194
2024-07-23 05:00:00;NORDESTE;SUDESTE/CENTRO-OESTE;6309.8
2024-07-23 06:00:00;NORDESTE;SUDESTE/CENTRO-OESTE;6918.902
2024-07-23 07:00:00;NORDESTE;SUDESTE/CENTRO-OESTE;7173.888
2024-07-23 08:00:00;NORDESTE;SUDESTE/CENTRO-OESTE;6958.732
2024-07-23 09:00:00;NORDESTE;SUDESTE/CENTRO-OESTE;7033.237
2024-07-23 10:00:00;NORDESTE;SUDESTE/CENTRO-OESTE;6815.83
2024-07-23 11:00:00;NORDESTE;SUDESTE/CENTRO-OESTE;6421.314
2024-07-23 12:00:00;NORDESTE;SUDESTE/CENTRO-OESTE;6153.51
2024-07-23 13:00:00;NORDESTE;SUDESTE/CENTRO-OESTE;5528.356
2024-07-23 14:00:00;NORDESTE;SUDESTE/CENTRO-OESTE;5618.334
2024-07-23 15:00:00;NORDESTE;SUDESTE/CENTRO-OESTE;6318.683
2024-07-23 16:00:00;NORDESTE;SUDESTE/CENTRO-OESTE;6264.32
2024-07-23 17:00:00;NORDESTE;SUDESTE/CENTRO-OESTE;6524.827
2024-07-23 18:00:00;NORDESTE;SUDESTE/CENTRO-OESTE;7640.166
2024-07-23 19:00:00;NORDESTE;SUDESTE/CENTRO-OESTE;7590.172
2024-07-23 20:00:00;NORDESTE;SUDESTE/CENTRO-OESTE;7941.783
2024-07-23 21:00:00;NORDESTE;SUDESTE/CENTRO-OESTE;7959.524
2024-07-23 22:00:00;NORDESTE;SUDESTE/CENTRO-OESTE;7643.716
2024-07-23 23:00:00;NORDESTE;SUDESTE/CENTRO-OESTE;6874.173
2024-07-24 00:00:00;NORDESTE;SUDESTE/CENTRO-OESTE;5876.991
2024-07-24 01:00:00;NORDESTE;SUDESTE/CENTRO-OESTE;5761.622
2024-07-24 02:00:00;NORDESTE;SUDESTE/CENTRO-OESTE;5615.49
2024-07-24 03:00:00;NORDESTE;SUDESTE/CENTRO-OESTE;5721.04
2024-07-24 04:00:00;NORDESTE;SUDESTE/CENTRO-OESTE;5517.585
2024-07-24 05:00:00;NORDESTE;SUDESTE/CENTRO-OESTE;5592.067
2024-07-24 06:00:00;NORDESTE;SUDESTE/CENTRO-OESTE;6314.037
2024-07-24 07:00:00;NORDESTE;SUDESTE/CENTRO-OESTE;7169.933
2024-07-24 08:00:00;NORDESTE;SUDESTE/CENTRO-OESTE;7171.611
2024-07-24 09:00:00;NORDESTE;SUDESTE/CENTRO-OESTE;7115.173
2024-07-24 10:00:00;NORDESTE;SUDESTE/CENTRO-OESTE;6718.193
2024-07-24 11:00:00;NORDESTE;SUDESTE/CENTRO-OESTE;6670.862
2024-07-24 12:00:00;NORDESTE;SUDESTE/CENTRO-OESTE;6589.309
2024-07-24 13:00:00;NORDESTE;SUDESTE/CENTRO-OESTE;6451.366
2024-07-24 14:00:00;NORDESTE;SUDESTE/CENTRO-OESTE;6374.27
2024-07-24 15:00:00;NORDESTE;SUDESTE/CENTRO-OESTE;6788.659
2024-07-24 16:00:00;NORDESTE;SUDESTE/CENTRO-OESTE;6847.698
2024-07-24 17:00:00;NORDESTE;SUDESTE/CENTRO-OESTE;6722.62299999
2024-07-24 18:00:00;NORDESTE;SUDESTE/CENTRO-OESTE;7160.552
2024-07-24 19:00:00;NORDESTE;SUDESTE/CENTRO-OESTE;7295.412
2024-07-24 20:00:00;NORDESTE;SUDESTE/CENTRO-OESTE;7030.851
2024-07-24 21:00:00;NORDESTE;SUDESTE/CENTRO-OESTE;6380.662
2024-07-24 22:00:00;NORDESTE;SUDESTE/CENTRO-OESTE;5576.86
2024-07-24 23:00:00;NORDESTE;SUDESTE/CENTRO-OESTE;5347.47599999
2024-07-25 00:00:00;NORDESTE;SUDESTE/CENTRO-OESTE;5016.572
2024-07-25 01:00:00;NORDESTE;SUDESTE/CENTRO-OESTE;4996.322
2024-07-25 02:00:00;NORDESTE;SUDESTE/CENTRO-OESTE;4948.816
2024-07-25 03:00:00;NORDESTE;SUDESTE/CENTRO-OESTE;4777.519
2024-07-25 04:00:00;NORDESTE;SUDESTE/CENTRO-OESTE;4638.514
2024-07-25 05:00:00;NORDESTE;SUDESTE/CENTRO-OESTE;4591.197
2024-07-25 06:00:00;NORDESTE;SUDESTE/CENTRO-OESTE;5682.561
2024-07-25 07:00:00;NORDESTE;SUDESTE/CENTRO-OESTE;6558.706
2024-07-25 08:00:00;NORDESTE;SUDESTE/CENTRO-OESTE;6624.744
2024-07-25 09:00:00;NORDESTE;SUDESTE/CENTRO-OESTE;6593.914
2024-07-25 10:00:00;NORDESTE;SUDESTE/CENTRO-OESTE;6285.43
2024-07-25 11:00:00;NORDESTE;SUDESTE/CENTRO-OESTE;6537.463
2024-07-25 12:00:00;NORDESTE;SUDESTE/CENTRO-OESTE;6414.953
2024-07-25 13:00:00;NORDESTE;SUDESTE/CENTRO-OESTE;6060.208
2024-07-25 14:00:00;NORDESTE;SUDESTE/CENTRO-OESTE;6264.03799999
2024-07-25 15:00:00;NORDESTE;SUDESTE/CENTRO-OESTE;6031.275
2024-07-25 16:00:00;NORDESTE;SUDESTE/CENTRO-OESTE;5700.707
2024-07-25 17:00:00;NORDESTE;SUDESTE/CENTRO-OESTE;4967.144
2024-07-25 18:00:00;NORDESTE;SUDESTE/CENTRO-OESTE;6013.972
2024-07-25 19:00:00;NORDESTE;SUDESTE/CENTRO-OESTE;6354.272
2024-07-25 20:00:00;NORDESTE;SUDESTE/CENTRO-OESTE;6514.407
2024-07-25 21:00:00;NORDESTE;SUDESTE/CENTRO-OESTE;5924.96
2024-07-25 22:00:00;NORDESTE;SUDESTE/CENTRO-OESTE;5432.34199999
2024-07-25 23:00:00;NORDESTE;SUDESTE/CENTRO-OESTE;5222.53
2024-07-26 00:00:00;NORDESTE;SUDESTE/CENTRO-OESTE;5398.021
2024-07-26 01:00:00;NORDESTE;SUDESTE/CENTRO-OESTE;5615.406
2024-07-26 02:00:00;NORDESTE;SUDESTE/CENTRO-OESTE;5550.05
2024-07-26 03:00:00;NORDESTE;SUDESTE/CENTRO-OESTE;5450.81499999
2024-07-26 04:00:00;NORDESTE;SUDESTE/CENTRO-OESTE;5389.78
2024-07-26 05:00:00;NORDESTE;SUDESTE/CENTRO-OESTE;5359.48899999
2024-07-26 06:00:00;NORDESTE;SUDESTE/CENTRO-OESTE;6307.502
2024-07-26 07:00:00;NORDESTE;SUDESTE/CENTRO-OESTE;6922.418
2024-07-26 08:00:00;NORDESTE;SUDESTE/CENTRO-OESTE;6682.75699999
2024-07-26 09:00:00;NORDESTE;SUDESTE/CENTRO-OESTE;6634.80599999
2024-07-26 10:00:00;NORDESTE;SUDESTE/CENTRO-OESTE;6574.811
2024-07-26 11:00:00;NORDESTE;SUDESTE/CENTRO-OESTE;6533.944
2024-07-26 12:00:00;NORDESTE;SUDESTE/CENTRO-OESTE;6644.696
2024-07-26 13:00:00;NORDESTE;SUDESTE/CENTRO-OESTE;6368.95
2024-07-26 14:00:00;NORDESTE;SUDESTE/CENTRO-OESTE;6795.002
2024-07-26 15:00:00;NORDESTE;SUDESTE/CENTRO-OESTE;6891.972
2024-07-26 16:00:00;NORDESTE;SUDESTE/CENTRO-OESTE;6775.097
2024-07-26 17:00:00;NORDESTE;SUDESTE/CENTRO-OESTE;6036.01
2024-07-26 18:00:00;NORDESTE;SUDESTE/CENTRO-OESTE;6752.227
2024-07-26 19:00:00;NORDESTE;SUDESTE/CENTRO-OESTE;7024.868
2024-07-26 20:00:00;NORDESTE;SUDESTE/CENTRO-OESTE;7504.484
2024-07-26 21:00:00;NORDESTE;SUDESTE/CENTRO-OESTE;7103.147
2024-07-26 22:00:00;NORDESTE;SUDESTE/CENTRO-OESTE;5240.719
2024-07-26 23:00:00;NORDESTE;SUDESTE/CENTRO-OESTE;4983.149
2024-07-27 00:00:00;NORDESTE;SUDESTE/CENTRO-OESTE;5314.607
2024-07-27 01:00:00;NORDESTE;SUDESTE/CENTRO-OESTE;5202.071
2024-07-27 02:00:00;NORDESTE;SUDESTE/CENTRO-OESTE;5173.96
2024-07-27 03:00:00;NORDESTE;SUDESTE/CENTRO-OESTE;5273.214
2024-07-27 04:00:00;NORDESTE;SUDESTE/CENTRO-OESTE;5360.263
2024-07-27 05:00:00;NORDESTE;SUDESTE/CENTRO-OESTE;5389.058
2024-07-27 06:00:00;NORDESTE;SUDESTE/CENTRO-OESTE;5306.858
2024-07-27 07:00:00;NORDESTE;SUDESTE/CENTRO-OESTE;5492.626
2024-07-27 08:00:00;NORDESTE;SUDESTE/CENTRO-OESTE;5363.05599999
2024-07-27 09:00:00;NORDESTE;SUDESTE/CENTRO-OESTE;5461.099
2024-07-27 10:00:00;NORDESTE;SUDESTE/CENTRO-OESTE;5318.392
2024-07-27 11:00:00;NORDESTE;SUDESTE/CENTRO-OESTE;5398.169
2024-07-27 12:00:00;NORDESTE;SUDESTE/CENTRO-OESTE;5450.53399999
2024-07-27 13:00:00;NORDESTE;SUDESTE/CENTRO-OESTE;5080.1
2024-07-27 14:00:00;NORDESTE;SUDESTE/CENTRO-OESTE;4976.6
2024-07-27 15:00:00;NORDESTE;SUDESTE/CENTRO-OESTE;5397.914
2024-07-27 16:00:00;NORDESTE;SUDESTE/CENTRO-OESTE;6362.486
2024-07-27 17:00:00;NORDESTE;SUDESTE/CENTRO-OESTE;6470.586
2024-07-27 18:00:00;NORDESTE;SUDESTE/CENTRO-OESTE;6959.42
2024-07-27 19:00:00;NORDESTE;SUDESTE/CENTRO-OESTE;7048.337
2024-07-27 20:00:00;NORDESTE;SUDESTE/CENTRO-OESTE;7163.985
2024-07-27 21:00:00;NORDESTE;SUDESTE/CENTRO-OESTE;6208.787
2024-07-27 22:00:00;NORDESTE;SUDESTE/CENTRO-OESTE;5123.234
2024-07-27 23:00:00;NORDESTE;SUDESTE/CENTRO-OESTE;4924.755
2024-07-28 00:00:00;NORDESTE;SUDESTE/CENTRO-OESTE;5277.93999999
2024-07-28 01:00:00;NORDESTE;SUDESTE/CENTRO-OESTE;5562.444
2024-07-28 02:00:00;NORDESTE;SUDESTE/CENTRO-OESTE;5645.743
2024-07-28 03:00:00;NORDESTE;SUDESTE/CENTRO-OESTE;5685.041
2024-07-28 04:00:00;NORDESTE;SUDESTE/CENTRO-OESTE;5478.902
2024-07-28 05:00:00;NORDESTE;SUDESTE/CENTRO-OESTE;4875.298
2024-07-28 06:00:00;NORDESTE;SUDESTE/CENTRO-OESTE;4847.42699999
2024-07-28 07:00:00;NORDESTE;SUDESTE/CENTRO-OESTE;5086.118
2024-07-28 08:00:00;NORDESTE;SUDESTE/CENTRO-OESTE;5213.47099999
2024-07-28 09:00:00;NORDESTE;SUDESTE/CENTRO-OESTE;5093.429
2024-07-28 10:00:00;NORDESTE;SUDESTE/CENTRO-OESTE;4856.10499999
2024-07-28 11:00:00;NORDESTE;SUDESTE/CENTRO-OESTE;4698.243
2024-07-28 12:00:00;NORDESTE;SUDESTE/CENTRO-OESTE;4666.606
2024-07-28 13:00:00;NORDESTE;SUDESTE/CENTRO-OESTE;4506.368
2024-07-28 14:00:00;NORDESTE;SUDESTE/CENTRO-OESTE;4814.568
2024-07-28 15:00:00;NORDESTE;SUDESTE/CENTRO-OESTE;4356.213
2024-07-28 16:00:00;NORDESTE;SUDESTE/CENTRO-OESTE;3810.572
2024-07-28 17:00:00;NORDESTE;SUDESTE/CENTRO-OESTE;5152.246
2024-07-28 18:00:00;NORDESTE;SUDESTE/CENTRO-OESTE;4649.50699999
2024-07-28 19:00:00;NORDESTE;SUDESTE/CENTRO-OESTE;4610.58
2024-07-28 20:00:00;NORDESTE;SUDESTE/CENTRO-OESTE;5302.85099999
2024-07-28 21:00:00;NORDESTE;SUDESTE/CENTRO-OESTE;5208.12299999
2024-07-28 22:00:00;NORDESTE;SUDESTE/CENTRO-OESTE;5131.1
2024-07-28 23:00:00;NORDESTE;SUDESTE/CENTRO-OESTE;4635.42199999
2024-07-29 00:00:00;NORDESTE;SUDESTE/CENTRO-OESTE;4378.791
2024-07-29 01:00:00;NORDESTE;SUDESTE/CENTRO-OESTE;4118.238
2024-07-29 02:00:00;NORDESTE;SUDESTE/CENTRO-OESTE;4205.35099999
2024-07-29 03:00:00;NORDESTE;SUDESTE/CENTRO-OESTE;4320.17699999
2024-07-29 04:00:00;NORDESTE;SUDESTE/CENTRO-OESTE;4790.59
2024-07-29 05:00:00;NORDESTE;SUDESTE/CENTRO-OESTE;4985.709
2024-07-29 06:00:00;NORDESTE;SUDESTE/CENTRO-OESTE;6054.039
2024-07-29 07:00:00;NORDESTE;SUDESTE/CENTRO-OESTE;6835.929
2024-07-29 08:00:00;NORDESTE;SUDESTE/CENTRO-OESTE;7180.653
2024-07-29 09:00:00;NORDESTE;SUDESTE/CENTRO-OESTE;6947.271
2024-07-29 10:00:00;NORDESTE;SUDESTE/CENTRO-OESTE;6767.719
2024-07-29 11:00:00;NORDESTE;SUDESTE/CENTRO-OESTE;6588.959
2024-07-29 12:00:00;NORDESTE;SUDESTE/CENTRO-OESTE;6173.56499999
2024-07-29 13:00:00;NORDESTE;SUDESTE/CENTRO-OESTE;5332.582
2024-07-29 14:00:00;NORDESTE;SUDESTE/CENTRO-OESTE;4522.253
2024-07-29 15:00:00;NORDESTE;SUDESTE/CENTRO-OESTE;4330.397
2024-07-29 16:00:00;NORDESTE;SUDESTE/CENTRO-OESTE;4311.923
2024-07-29 17:00:00;NORDESTE;SUDESTE/CENTRO-OESTE;4516.47099999
2024-07-29 18:00:00;NORDESTE;SUDESTE/CENTRO-OESTE;5472.689
2024-07-29 19:00:00;NORDESTE;SUDESTE/CENTRO-OESTE;5595.021
2024-07-29 20:00:00;NORDESTE;SUDESTE/CENTRO-OESTE;5833.075
2024-07-29 21:00:00;NORDESTE;SUDESTE/CENTRO-OESTE;5500.014
2024-07-29 22:00:00;NORDESTE;SUDESTE/CENTRO-OESTE;5390.425
2024-07-29 23:00:00;NORDESTE;SUDESTE/CENTRO-OESTE;5042.821
2024-07-30 00:00:00;NORDESTE;SUDESTE/CENTRO-OESTE;4668.31099999
2024-07-30 01:00:00;NORDESTE;SUDESTE/CENTRO-OESTE;3949.551
2024-07-30 02:00:00;NORDESTE;SUDESTE/CENTRO-OESTE;4107.167
2024-07-30 03:00:00;NORDESTE;SUDESTE/CENTRO-OESTE;4106.807
2024-07-30 04:00:00;NORDESTE;SUDESTE/CENTRO-OESTE;4366.347
2024-07-30 05:00:00;NORDESTE;SUDESTE/CENTRO-OESTE;4712.47999999
2024-07-30 06:00:00;NORDESTE;SUDESTE/CENTRO-OESTE;5835.286
2024-07-30 07:00:00;NORDESTE;SUDESTE/CENTRO-OESTE;6853.259
2024-07-30 08:00:00;NORDESTE;SUDESTE/CENTRO-OESTE;6507.144
2024-07-30 09:00:00;NORDESTE;SUDESTE/CENTRO-OESTE;6456.427
2024-07-30 10:00:00;NORDESTE;SUDESTE/CENTRO-OESTE;6146.438
2024-07-30 11:00:00;NORDESTE;SUDESTE/CENTRO-OESTE;5462.737
2024-07-30 12:00:00;NORDESTE;SUDESTE/CENTRO-OESTE;5013.6
2024-07-30 13:00:00;NORDESTE;SUDESTE/CENTRO-OESTE;4456.447
2024-07-30 14:00:00;NORDESTE;SUDESTE/CENTRO-OESTE;3635.75
2024-07-30 15:00:00;NORDESTE;SUDESTE/CENTRO-OESTE;3152.448
2024-07-30 16:00:00;NORDESTE;SUDESTE/CENTRO-OESTE;3337.95
2024-07-30 17:00:00;NORDESTE;SUDESTE/CENTRO-OESTE;3847.104
2024-07-30 18:00:00;NORDESTE;SUDESTE/CENTRO-OESTE;5378.513
2024-07-30 19:00:00;NORDESTE;SUDESTE/CENTRO-OESTE;6340.076
2024-07-30 20:00:00;NORDESTE;SUDESTE/CENTRO-OESTE;7054.054
2024-07-30 21:00:00;NORDESTE;SUDESTE/CENTRO-OESTE;6912.912
2024-07-30 22:00:00;NORDESTE;SUDESTE/CENTRO-OESTE;6630.176
2024-07-30 23:00:00;NORDESTE;SUDESTE/CENTRO-OESTE;5852.338
2024-07-31 00:00:00;NORDESTE;SUDESTE/CENTRO-OESTE;5593.115
2024-07-31 01:00:00;NORDESTE;SUDESTE/CENTRO-OESTE;5241.695
2024-07-31 02:00:00;NORDESTE;SUDESTE/CENTRO-OESTE;5498.201
2024-07-31 03:00:00;NORDESTE;SUDESTE/CENTRO-OESTE;5732.71
2024-07-31 04:00:00;NORDESTE;SUDESTE/CENTRO-OESTE;5761.703
2024-07-31 05:00:00;NORDESTE;SUDESTE/CENTRO-OESTE;5941.266
2024-07-31 06:00:00;NORDESTE;SUDESTE/CENTRO-OESTE;6545.164
2024-07-31 07:00:00;NORDESTE;SUDESTE/CENTRO-OESTE;7700.94099999
2024-07-31 08:00:00;NORDESTE;SUDESTE/CENTRO-OESTE;7536.308
2024-07-31 09:00:00;NORDESTE;SUDESTE/CENTRO-OESTE;7171.142
2024-07-31 10:00:00;NORDESTE;SUDESTE/CENTRO-OESTE;7141.456
2024-07-31 11:00:00;NORDESTE;SUDESTE/CENTRO-OESTE;7128.907
2024-07-31 12:00:00;NORDESTE;SUDESTE/CENTRO-OESTE;6991.1
2024-07-31 13:00:00;NORDESTE;SUDESTE/CENTRO-OESTE;6725.47099999
2024-07-31 14:00:00;NORDESTE;SUDESTE/CENTRO-OESTE;6818.321
2024-07-31 15:00:00;NORDESTE;SUDESTE/CENTRO-OESTE;6829.699
2024-07-31 16:00:00;NORDESTE;SUDESTE/CENTRO-OESTE;6163.358
2024-07-31 17:00:00;NORDESTE;SUDESTE/CENTRO-OESTE;6373.65
2024-07-31 18:00:00;NORDESTE;SUDESTE/CENTRO-OESTE;7243.757
2024-07-31 19:00:00;NORDESTE;SUDESTE/CENTRO-OESTE;7556.949
2024-07-31 20:00:00;NORDESTE;SUDESTE/CENTRO-OESTE;7074.938
2024-07-31 21:00:00;NORDESTE;SUDESTE/CENTRO-OESTE;6757.759
2024-07-31 22:00:00;NORDESTE;SUDESTE/CENTRO-OESTE;6486.347
2024-07-31 23:00:00;NORDESTE;SUDESTE/CENTRO-OESTE;5942.475
2024-08-01 00:00:00;NORDESTE;SUDESTE/CENTRO-OESTE;5656.772
2024-08-01 01:00:00;NORDESTE;SUDESTE/CENTRO-OESTE;5692.366
2024-08-01 02:00:00;NORDESTE;SUDESTE/CENTRO-OESTE;5720.343
2024-08-01 03:00:00;NORDESTE;SUDESTE/CENTRO-OESTE;5726.635
2024-08-01 04:00:00;NORDESTE;SUDESTE/CENTRO-OESTE;6071.069
2024-08-01 05:00:00;NORDESTE;SUDESTE/CENTRO-OESTE;6235.344
2024-08-01 06:00:00;NORDESTE;SUDESTE/CENTRO-OESTE;6361.43
2024-08-01 07:00:00;NORDESTE;SUDESTE/CENTRO-OESTE;6281.164
2024-08-01 08:00:00;NORDESTE;SUDESTE/CENTRO-OESTE;7081.244
2024-08-01 09:00:00;NORDESTE;SUDESTE/CENTRO-OESTE;6729.852
2024-08-01 10:00:00;NORDESTE;SUDESTE/CENTRO-OESTE;6431.52
2024-08-01 11:00:00;NORDESTE;SUDESTE/CENTRO-OESTE;6486.036
2024-08-01 12:00:00;NORDESTE;SUDESTE/CENTRO-OESTE;6505.011
2024-08-01 13:00:00;NORDESTE;SUDESTE/CENTRO-OESTE;6348.55
2024-08-01 14:00:00;NORDESTE;SUDESTE/CENTRO-OESTE;6559.536
2024-08-01 15:00:00;NORDESTE;SUDESTE/CENTRO-OESTE;6309.578
2024-08-01 16:00:00;NORDESTE;SUDESTE/CENTRO-OESTE;6461.459
2024-08-01 17:00:00;NORDESTE;SUDESTE/CENTRO-OESTE;6390.613
2024-08-01 18:00:00;NORDESTE;SUDESTE/CENTRO-OESTE;6660.756
2024-08-01 19:00:00;NORDESTE;SUDESTE/CENTRO-OESTE;6649.22
2024-08-01 20:00:00;NORDESTE;SUDESTE/CENTRO-OESTE;6944.905
2024-08-01 21:00:00;NORDESTE;SUDESTE/CENTRO-OESTE;7193.498
2024-08-01 22:00:00;NORDESTE;SUDESTE/CENTRO-OESTE;6915.52
2024-08-01 23:00:00;NORDESTE;SUDESTE/CENTRO-OESTE;5947.733
2024-08-02 00:00:00;NORDESTE;SUDESTE/CENTRO-OESTE;5393.648
2024-08-02 01:00:00;NORDESTE;SUDESTE/CENTRO-OESTE;4958.852
2024-08-02 02:00:00;NORDESTE;SUDESTE/CENTRO-OESTE;4496.316
2024-08-02 03:00:00;NORDESTE;SUDESTE/CENTRO-OESTE;4750.832
2024-08-02 04:00:00;NORDESTE;SUDESTE/CENTRO-OESTE;5402.911
2024-08-02 05:00:00;NORDESTE;SUDESTE/CENTRO-OESTE;5560.292
2024-08-02 06:00:00;NORDESTE;SUDESTE/CENTRO-OESTE;6794.05
2024-08-02 07:00:00;NORDESTE;SUDESTE/CENTRO-OESTE;6952.136
2024-08-02 08:00:00;NORDESTE;SUDESTE/CENTRO-OESTE;6948.708
2024-08-02 09:00:00;NORDESTE;SUDESTE/CENTRO-OESTE;7156.201
2024-08-02 10:00:00;NORDESTE;SUDESTE/CENTRO-OESTE;7032.503
2024-08-02 11:00:00;NORDESTE;SUDESTE/CENTRO-OESTE;7039.945
2024-08-02 12:00:00;NORDESTE;SUDESTE/CENTRO-OESTE;6988.591
2024-08-02 13:00:00;NORDESTE;SUDESTE/CENTRO-OESTE;6758.962
2024-08-02 14:00:00;NORDESTE;SUDESTE/CENTRO-OESTE;6798.836
2024-08-02 15:00:00;NORDESTE;SUDESTE/CENTRO-OESTE;6803.438
2024-08-02 16:00:00;NORDESTE;SUDESTE/CENTRO-OESTE;6645.129
2024-08-02 17:00:00;NORDESTE;SUDESTE/CENTRO-OESTE;6415.204
2024-08-02 18:00:00;NORDESTE;SUDESTE/CENTRO-OESTE;7181.019
2024-08-02 19:00:00;NORDESTE;SUDESTE/CENTRO-OESTE;7522.743
2024-08-02 20:00:00;NORDESTE;SUDESTE/CENTRO-OESTE;7605.46699999
2024-08-02 21:00:00;NORDESTE;SUDESTE/CENTRO-OESTE;7006.874
2024-08-02 22:00:00;NORDESTE;SUDESTE/CENTRO-OESTE;6632.958
2024-08-02 23:00:00;NORDESTE;SUDESTE/CENTRO-OESTE;5978.418
2024-08-03 00:00:00;NORDESTE;SUDESTE/CENTRO-OESTE;5432.72
2024-08-03 01:00:00;NORDESTE;SUDESTE/CENTRO-OESTE;5472.61399999
2024-08-03 02:00:00;NORDESTE;SUDESTE/CENTRO-OESTE;4798.20799999
2024-08-03 03:00:00;NORDESTE;SUDESTE/CENTRO-OESTE;5271.347
2024-08-03 04:00:00;NORDESTE;SUDESTE/CENTRO-OESTE;5754.608
2024-08-03 05:00:00;NORDESTE;SUDESTE/CENTRO-OESTE;5969.876
2024-08-03 06:00:00;NORDESTE;SUDESTE/CENTRO-OESTE;6248.47
2024-08-03 07:00:00;NORDESTE;SUDESTE/CENTRO-OESTE;5175.182
2024-08-03 08:00:00;NORDESTE;SUDESTE/CENTRO-OESTE;4968.233
2024-08-03 09:00:00;NORDESTE;SUDESTE/CENTRO-OESTE;4826.41
2024-08-03 10:00:00;NORDESTE;SUDESTE/CENTRO-OESTE;4512.35
2024-08-03 11:00:00;NORDESTE;SUDESTE/CENTRO-OESTE;4672.495
2024-08-03 12:00:00;NORDESTE;SUDESTE/CENTRO-OESTE;4659.079
2024-08-03 13:00:00;NORDESTE;SUDESTE/CENTRO-OESTE;4719.96699999
2024-08-03 14:00:00;NORDESTE;SUDESTE/CENTRO-OESTE;4623.932
2024-08-03 15:00:00;NORDESTE;SUDESTE/CENTRO-OESTE;5020.37299999
2024-08-03 16:00:00;NORDESTE;SUDESTE/CENTRO-OESTE;5114.808
2024-08-03 17:00:00;NORDESTE;SUDESTE/CENTRO-OESTE;4872.089
2024-08-03 18:00:00;NORDESTE;SUDESTE/CENTRO-OESTE;6484.996
2024-08-03 19:00:00;NORDESTE;SUDESTE/CENTRO-OESTE;6578.884
2024-08-03 20:00:00;NORDESTE;SUDESTE/CENTRO-OESTE;6378.664
2024-08-03 21:00:00;NORDESTE;SUDESTE/CENTRO-OESTE;6178.051
2024-08-03 22:00:00;NORDESTE;SUDESTE/CENTRO-OESTE;5506.055
2024-08-03 23:00:00;NORDESTE;SUDESTE/CENTRO-OESTE;5421.379
2024-08-04 00:00:00;NORDESTE;SUDESTE/CENTRO-OESTE;4873.795
2024-08-04 01:00:00;NORDESTE;SUDESTE/CENTRO-OESTE;4970.508
2024-08-04 02:00:00;NORDESTE;SUDESTE/CENTRO-OESTE;5276.352
2024-08-04 03:00:00;NORDESTE;SUDESTE/CENTRO-OESTE;5480.161
2024-08-04 04:00:00;NORDESTE;SUDESTE/CENTRO-OESTE;5598.923
2024-08-04 05:00:00;NORDESTE;SUDESTE/CENTRO-OESTE;5213.464
2024-08-04 06:00:00;NORDESTE;SUDESTE/CENTRO-OESTE;5492.792
2024-08-04 07:00:00;NORDESTE;SUDESTE/CENTRO-OESTE;5040.676
2024-08-04 08:00:00;NORDESTE;SUDESTE/CENTRO-OESTE;4620.50699999
2024-08-04 09:00:00;NORDESTE;SUDESTE/CENTRO-OESTE;4453.536
2024-08-04 10:00:00;NORDESTE;SUDESTE/CENTRO-OESTE;4419.691
2024-08-04 11:00:00;NORDESTE;SUDESTE/CENTRO-OESTE;4423.599
2024-08-04 12:00:00;NORDESTE;SUDESTE/CENTRO-OESTE;4831.68099999
2024-08-04 13:00:00;NORDESTE;SUDESTE/CENTRO-OESTE;4954.126
2024-08-04 14:00:00;NORDESTE;SUDESTE/CENTRO-OESTE;5521.227
2024-08-04 15:00:00;NORDESTE;SUDESTE/CENTRO-OESTE;5958.287
2024-08-04 16:00:00;NORDESTE;SUDESTE/CENTRO-OESTE;6904.753
2024-08-04 17:00:00;NORDESTE;SUDESTE/CENTRO-OESTE;6419.895
2024-08-04 18:00:00;NORDESTE;SUDESTE/CENTRO-OESTE;6596.06
2024-08-04 19:00:00;NORDESTE;SUDESTE/CENTRO-OESTE;6834.13199999
2024-08-04 20:00:00;NORDESTE;SUDESTE/CENTRO-OESTE;7110.791
2024-08-04 21:00:00;NORDESTE;SUDESTE/CENTRO-OESTE;7121.413
2024-08-04 22:00:00;NORDESTE;SUDESTE/CENTRO-OESTE;5776.24799999
2024-08-04 23:00:00;NORDESTE;SUDESTE/CENTRO-OESTE;5553.734
2024-08-05 00:00:00;NORDESTE;SUDESTE/CENTRO-OESTE;5646.822
2024-08-05 01:00:00;NORDESTE;SUDESTE/CENTRO-OESTE;5259.01
2024-08-05 02:00:00;NORDESTE;SUDESTE/CENTRO-OESTE;5467.05599999
2024-08-05 03:00:00;NORDESTE;SUDESTE/CENTRO-OESTE;5499.67199999
2024-08-05 04:00:00;NORDESTE;SUDESTE/CENTRO-OESTE;5655.487
2024-08-05 05:00:00;NORDESTE;SUDESTE/CENTRO-OESTE;5764.828
2024-08-05 06:00:00;NORDESTE;SUDESTE/CENTRO-OESTE;6947.344
2024-08-05 07:00:00;NORDESTE;SUDESTE/CENTRO-OESTE;6916.513
2024-08-05 08:00:00;NORDESTE;SUDESTE/CENTRO-OESTE;6400.025
2024-08-05 09:00:00;NORDESTE;SUDESTE/CENTRO-OESTE;6733.21
2024-08-05 10:00:00;NORDESTE;SUDESTE/CENTRO-OESTE;6592.575
2024-08-05 11:00:00;NORDESTE;SUDESTE/CENTRO-OESTE;6408.583
2024-08-05 12:00:00;NORDESTE;SUDESTE/CENTRO-OESTE;6400.58
2024-08-05 13:00:00;NORDESTE;SUDESTE/CENTRO-OESTE;6322.569
2024-08-05 14:00:00;NORDESTE;SUDESTE/CENTRO-OESTE;6496.953
2024-08-05 15:00:00;NORDESTE;SUDESTE/CENTRO-OESTE;6363.676
2024-08-05 16:00:00;NORDESTE;SUDESTE/CENTRO-OESTE;6271.32
2024-08-05 17:00:00;NORDESTE;SUDESTE/CENTRO-OESTE;6225.193
2024-08-05 18:00:00;NORDESTE;SUDESTE/CENTRO-OESTE;7338.801
2024-08-05 19:00:00;NORDESTE;SUDESTE/CENTRO-OESTE;7037.363
2024-08-05 20:00:00;NORDESTE;SUDESTE/CENTRO-OESTE;6669.871
2024-08-05 21:00:00;NORDESTE;SUDESTE/CENTRO-OESTE;6625.314
2024-08-05 22:00:00;NORDESTE;SUDESTE/CENTRO-OESTE;6657.03799999
2024-08-05 23:00:00;NORDESTE;SUDESTE/CENTRO-OESTE;6481.837
2024-08-06 00:00:00;NORDESTE;SUDESTE/CENTRO-OESTE;6043.104
2024-08-06 01:00:00;NORDESTE;SUDESTE/CENTRO-OESTE;6249.495
2024-08-06 02:00:00;NORDESTE;SUDESTE/CENTRO-OESTE;6440.557
2024-08-06 03:00:00;NORDESTE;SUDESTE/CENTRO-OESTE;6514.278
2024-08-06 04:00:00;NORDESTE;SUDESTE/CENTRO-OESTE;6396.778
2024-08-06 05:00:00;NORDESTE;SUDESTE/CENTRO-OESTE;6636.963
2024-08-06 06:00:00;NORDESTE;SUDESTE/CENTRO-OESTE;6860.185
2024-08-06 07:00:00;NORDESTE;SUDESTE/CENTRO-OESTE;6789.552
2024-08-06 08:00:00;NORDESTE;SUDESTE/CENTRO-OESTE;6630.37299999
2024-08-06 09:00:00;NORDESTE;SUDESTE/CENTRO-OESTE;6211.639
2024-08-06 10:00:00;NORDESTE;SUDESTE/CENTRO-OESTE;6025.589
2024-08-06 11:00:00;NORDESTE;SUDESTE/CENTRO-OESTE;6343.341
2024-08-06 12:00:00;NORDESTE;SUDESTE/CENTRO-OESTE;6373.89
2024-08-06 13:00:00;NORDESTE;SUDESTE/CENTRO-OESTE;6143.54
2024-08-06 14:00:00;NORDESTE;SUDESTE/CENTRO-OESTE;6507.85
2024-08-06 15:00:00;NORDESTE;SUDESTE/CENTRO-OESTE;6600.137
2024-08-06 16:00:00;NORDESTE;SUDESTE/CENTRO-OESTE;6505.985
2024-08-06 17:00:00;NORDESTE;SUDESTE/CENTRO-OESTE;6491.988
2024-08-06 18:00:00;NORDESTE;SUDESTE/CENTRO-OESTE;6646.603
2024-08-06 19:00:00;NORDESTE;SUDESTE/CENTRO-OESTE;6925.952
2024-08-06 20:00:00;NORDESTE;SUDESTE/CENTRO-OESTE;6920.451
2024-08-06 21:00:00;NORDESTE;SUDESTE/CENTRO-OESTE;7035.619
2024-08-06 22:00:00;NORDESTE;SUDESTE/CENTRO-OESTE;7069.35
2024-08-06 23:00:00;NORDESTE;SUDESTE/CENTRO-OESTE;6682.641
2024-08-07 00:00:00;NORDESTE;SUDESTE/CENTRO-OESTE;5911.659
2024-08-07 01:00:00;NORDESTE;SUDESTE/CENTRO-OESTE;5401.772
2024-08-07 02:00:00;NORDESTE;SUDESTE/CENTRO-OESTE;5436.945
2024-08-07 03:00:00;NORDESTE;SUDESTE/CENTRO-OESTE;5869.057
2024-08-07 04:00:00;NORDESTE;SUDESTE/CENTRO-OESTE;6370.0
2024-08-07 05:00:00;NORDESTE;SUDESTE/CENTRO-OESTE;6673.389
2024-08-07 06:00:00;NORDESTE;SUDESTE/CENTRO-OESTE;7032.875
2024-08-07 07:00:00;NORDESTE;SUDESTE/CENTRO-OESTE;6891.57
2024-08-07 08:00:00;NORDESTE;SUDESTE/CENTRO-OESTE;6851.186
2024-08-07 09:00:00;NORDESTE;SUDESTE/CENTRO-OESTE;6615.39
2024-08-07 10:00:00;NORDESTE;SUDESTE/CENTRO-OESTE;6552.062
2024-08-07 11:00:00;NORDESTE;SUDESTE/CENTRO-OESTE;6636.682
2024-08-07 12:00:00;NORDESTE;SUDESTE/CENTRO-OESTE;6804.807
2024-08-07 13:00:00;NORDESTE;SUDESTE/CENTRO-OESTE;6435.875
2024-08-07 14:00:00;NORDESTE;SUDESTE/CENTRO-OESTE;6466.164
2024-08-07 15:00:00;NORDESTE;SUDESTE/CENTRO-OESTE;5937.082
2024-08-07 16:00:00;NORDESTE;SUDESTE/CENTRO-OESTE;5310.368
2024-08-07 17:00:00;NORDESTE;SUDESTE/CENTRO-OESTE;5289.03
2024-08-07 18:00:00;NORDESTE;SUDESTE/CENTRO-OESTE;6449.854
2024-08-07 19:00:00;NORDESTE;SUDESTE/CENTRO-OESTE;7522.57
2024-08-07 20:00:00;NORDESTE;SUDESTE/CENTRO-OESTE;7684.501
2024-08-07 21:00:00;NORDESTE;SUDESTE/CENTRO-OESTE;7431.62899999
2024-08-07 22:00:00;NORDESTE;SUDESTE/CENTRO-OESTE;7382.654
2024-08-07 23:00:00;NORDESTE;SUDESTE/CENTRO-OESTE;7192.303
2024-08-08 00:00:00;NORDESTE;SUDESTE/CENTRO-OESTE;6772.053
2024-08-08 01:00:00;NORDESTE;SUDESTE/CENTRO-OESTE;6751.083
2024-08-08 02:00:00;NORDESTE;SUDESTE/CENTRO-OESTE;6603.698
2024-08-08 03:00:00;NORDESTE;SUDESTE/CENTRO-OESTE;6543.376
2024-08-08 04:00:00;NORDESTE;SUDESTE/CENTRO-OESTE;6570.135
2024-08-08 05:00:00;NORDESTE;SUDESTE/CENTRO-OESTE;6511.186
2024-08-08 06:00:00;NORDESTE;SUDESTE/CENTRO-OESTE;6883.917
2024-08-08 07:00:00;NORDESTE;SUDESTE/CENTRO-OESTE;6923.81
2024-08-08 08:00:00;NORDESTE;SUDESTE/CENTRO-OESTE;6840.285
2024-08-08 09:00:00;NORDESTE;SUDESTE/CENTRO-OESTE;6668.884
2024-08-08 10:00:00;NORDESTE;SUDESTE/CENTRO-OESTE;6483.479
2024-08-08 11:00:00;NORDESTE;SUDESTE/CENTRO-OESTE;6278.025
2024-08-08 12:00:00;NORDESTE;SUDESTE/CENTRO-OESTE;5998.309
2024-08-08 13:00:00;NORDESTE;SUDESTE/CENTRO-OESTE;5848.704
2024-08-08 14:00:00;NORDESTE;SUDESTE/CENTRO-OESTE;5965.535
2024-08-08 15:00:00;NORDESTE;SUDESTE/CENTRO-OESTE;5848.824
2024-08-08 16:00:00;NORDESTE;SUDESTE/CENTRO-OESTE;5968.032
2024-08-08 17:00:00;NORDESTE;SUDESTE/CENTRO-OESTE;5745.635
2024-08-08 18:00:00;NORDESTE;SUDESTE/CENTRO-OESTE;6884.555
2024-08-08 19:00:00;NORDESTE;SUDESTE/CENTRO-OESTE;7570.988
2024-08-08 20:00:00;NORDESTE;SUDESTE/CENTRO-OESTE;7297.456
2024-08-08 21:00:00;NORDESTE;SUDESTE/CENTRO-OESTE;6962.93099999
2024-08-08 22:00:00;NORDESTE;SUDESTE/CENTRO-OESTE;6902.003
2024-08-08 23:00:00;NORDESTE;SUDESTE/CENTRO-OESTE;5717.264
2024-08-09 00:00:00;NORDESTE;SUDESTE/CENTRO-OESTE;5216.548
2024-08-09 01:00:00;NORDESTE;SUDESTE/CENTRO-OESTE;4730.50699999
2024-08-09 02:00:00;NORDESTE;SUDESTE/CENTRO-OESTE;5356.85999999
2024-08-09 03:00:00;NORDESTE;SUDESTE/CENTRO-OESTE;5273.979
2024-08-09 04:00:00;NORDESTE;SUDESTE/CENTRO-OESTE;5330.483
2024-08-09 05:00:00;NORDESTE;SUDESTE/CENTRO-OESTE;5254.195
2024-08-09 06:00:00;NORDESTE;SUDESTE/CENTRO-OESTE;5630.37
2024-08-09 07:00:00;NORDESTE;SUDESTE/CENTRO-OESTE;6937.851
2024-08-09 08:00:00;NORDESTE;SUDESTE/CENTRO-OESTE;6681.72
2024-08-09 09:00:00;NORDESTE;SUDESTE/CENTRO-OESTE;6100.17199999
2024-08-09 10:00:00;NORDESTE;SUDESTE/CENTRO-OESTE;5087.582
2024-08-09 11:00:00;NORDESTE;SUDESTE/CENTRO-OESTE;4873.022
2024-08-09 12:00:00;NORDESTE;SUDESTE/CENTRO-OESTE;4875.18099999
2024-08-09 13:00:00;NORDESTE;SUDESTE/CENTRO-OESTE;4652.347
2024-08-09 14:00:00;NORDESTE;SUDESTE/CENTRO-OESTE;3951.807
2024-08-09 15:00:00;NORDESTE;SUDESTE/CENTRO-OESTE;3258.266
2024-08-09 16:00:00;NORDESTE;SUDESTE/CENTRO-OESTE;2399.935
2024-08-09 17:00:00;NORDESTE;SUDESTE/CENTRO-OESTE;2724.594
2024-08-09 18:00:00;NORDESTE;SUDESTE/CENTRO-OESTE;4524.738
2024-08-09 19:00:00;NORDESTE;SUDESTE/CENTRO-OESTE;5343.176
2024-08-09 20:00:00;NORDESTE;SUDESTE/CENTRO-OESTE;6056.019
2024-08-09 21:00:00;NORDESTE;SUDESTE/CENTRO-OESTE;6384.638
2024-08-09 22:00:00;NORDESTE;SUDESTE/CENTRO-OESTE;6257.452
2024-08-09 23:00:00;NORDESTE;SUDESTE/CENTRO-OESTE;5686.771
2024-08-10 00:00:00;NORDESTE;SUDESTE/CENTRO-OESTE;5371.81099999
2024-08-10 01:00:00;NORDESTE;SUDESTE/CENTRO-OESTE;5194.251
2024-08-10 02:00:00;NORDESTE;SUDESTE/CENTRO-OESTE;4929.591
2024-08-10 03:00:00;NORDESTE;SUDESTE/CENTRO-OESTE;4834.617
2024-08-10 04:00:00;NORDESTE;SUDESTE/CENTRO-OESTE;4870.948
2024-08-10 05:00:00;NORDESTE;SUDESTE/CENTRO-OESTE;4884.20799999
2024-08-10 06:00:00;NORDESTE;SUDESTE/CENTRO-OESTE;4605.21
2024-08-10 07:00:00;NORDESTE;SUDESTE/CENTRO-OESTE;5009.639
2024-08-10 08:00:00;NORDESTE;SUDESTE/CENTRO-OESTE;4426.666
2024-08-10 09:00:00;NORDESTE;SUDESTE/CENTRO-OESTE;3900.734
2024-08-10 10:00:00;NORDESTE;SUDESTE/CENTRO-OESTE;3717.49
2024-08-10 11:00:00;NORDESTE;SUDESTE/CENTRO-OESTE;3295.044
2024-08-10 12:00:00;NORDESTE;SUDESTE/CENTRO-OESTE;3560.152
2024-08-10 13:00:00;NORDESTE;SUDESTE/CENTRO-OESTE;3402.355
2024-08-10 14:00:00;NORDESTE;SUDESTE/CENTRO-OESTE;3118.966
2024-08-10 15:00:00;NORDESTE;SUDESTE/CENTRO-OESTE;2688.347
2024-08-10 16:00:00;NORDESTE;SUDESTE/CENTRO-OESTE;2000.534
2024-08-10 17:00:00;NORDESTE;SUDESTE/CENTRO-OESTE;1654.01399999
2024-08-10 18:00:00;NORDESTE;SUDESTE/CENTRO-OESTE;2744.78
2024-08-10 19:00:00;NORDESTE;SUDESTE/CENTRO-OESTE;2977.536
2024-08-10 20:00:00;NORDESTE;SUDESTE/CENTRO-OESTE;2970.616
2024-08-10 21:00:00;NORDESTE;SUDESTE/CENTRO-OESTE;2709.059
2024-08-10 22:00:00;NORDESTE;SUDESTE/CENTRO-OESTE;2250.03
2024-08-10 23:00:00;NORDESTE;SUDESTE/CENTRO-OESTE;2185.352
2024-08-11 00:00:00;NORDESTE;SUDESTE/CENTRO-OESTE;1898.947
2024-08-11 01:00:00;NORDESTE;SUDESTE/CENTRO-OESTE;1459.973
2024-08-11 02:00:00;NORDESTE;SUDESTE/CENTRO-OESTE;722.368
2024-08-11 03:00:00;NORDESTE;SUDESTE/CENTRO-OESTE;587.572
2024-08-11 04:00:00;NORDESTE;SUDESTE/CENTRO-OESTE;441.241
2024-08-11 05:00:00;NORDESTE;SUDESTE/CENTRO-OESTE;238.599
2024-08-11 06:00:00;NORDESTE;SUDESTE/CENTRO-OESTE;1359.432
2024-08-11 07:00:00;NORDESTE;SUDESTE/CENTRO-OESTE;3217.08599999
2024-08-11 08:00:00;NORDESTE;SUDESTE/CENTRO-OESTE;2737.01699999
2024-08-11 09:00:00;NORDESTE;SUDESTE/CENTRO-OESTE;2226.53699999
2024-08-11 10:00:00;NORDESTE;SUDESTE/CENTRO-OESTE;1650.568
2024-08-11 11:00:00;NORDESTE;SUDESTE/CENTRO-OESTE;1420.725
2024-08-11 12:00:00;NORDESTE;SUDESTE/CENTRO-OESTE;967.593
2024-08-11 13:00:00;NORDESTE;SUDESTE/CENTRO-OESTE;798.043
2024-08-11 14:00:00;NORDESTE;SUDESTE/CENTRO-OESTE;794.45899999
2024-08-11 15:00:00;NORDESTE;SUDESTE/CENTRO-OESTE;1027.587
2024-08-11 16:00:00;NORDESTE;SUDESTE/CENTRO-OESTE;1459.196
2024-08-11 17:00:00;NORDESTE;SUDESTE/CENTRO-OESTE;2942.17299999
2024-08-11 18:00:00;NORDESTE;SUDESTE/CENTRO-OESTE;5168.112
2024-08-11 19:00:00;NORDESTE;SUDESTE/CENTRO-OESTE;5821.78
2024-08-11 20:00:00;NORDESTE;SUDESTE/CENTRO-OESTE;6017.54699999
2024-08-11 21:00:00;NORDESTE;SUDESTE/CENTRO-OESTE;6250.47099999
2024-08-11 22:00:00;NORDESTE;SUDESTE/CENTRO-OESTE;5799.677
2024-08-11 23:00:00;NORDESTE;SUDESTE/CENTRO-OESTE;5674.102
2024-08-12 00:00:00;NORDESTE;SUDESTE/CENTRO-OESTE;5588.264
2024-08-12 01:00:00;NORDESTE;SUDESTE/CENTRO-OESTE;5534.48899999
2024-08-12 02:00:00;NORDESTE;SUDESTE/CENTRO-OESTE;5561.244
2024-08-12 03:00:00;NORDESTE;SUDESTE/CENTRO-OESTE;5649.06499999
2024-08-12 04:00:00;NORDESTE;SUDESTE/CENTRO-OESTE;5344.22
2024-08-12 05:00:00;NORDESTE;SUDESTE/CENTRO-OESTE;5354.877
2024-08-12 06:00:00;NORDESTE;SUDESTE/CENTRO-OESTE;5900.679
2024-08-12 07:00:00;NORDESTE;SUDESTE/CENTRO-OESTE;6092.997
2024-08-12 08:00:00;NORDESTE;SUDESTE/CENTRO-OESTE;6098.978
2024-08-12 09:00:00;NORDESTE;SUDESTE/CENTRO-OESTE;5499.901
2024-08-12 10:00:00;NORDESTE;SUDESTE/CENTRO-OESTE;4989.93099999
2024-08-12 11:00:00;NORDESTE;SUDESTE/CENTRO-OESTE;4637.594
2024-08-12 12:00:00;NORDESTE;SUDESTE/CENTRO-OESTE;4211.228
2024-08-12 13:00:00;NORDESTE;SUDESTE/CENTRO-OESTE;3354.739
2024-08-12 14:00:00;NORDESTE;SUDESTE/CENTRO-OESTE;2291.085
2024-08-12 15:00:00;NORDESTE;SUDESTE/CENTRO-OESTE;1766.839
2024-08-12 16:00:00;NORDESTE;SUDESTE/CENTRO-OESTE;1354.544
2024-08-12 17:00:00;NORDESTE;SUDESTE/CENTRO-OESTE;1863.443
2024-08-12 18:00:00;NORDESTE;SUDESTE/CENTRO-OESTE;3926.289
2024-08-12 19:00:00;NORDESTE;SUDESTE/CENTRO-OESTE;4507.441
2024-08-12 20:00:00;NORDESTE;SUDESTE/CENTRO-OESTE;4506.094
2024-08-12 21:00:00;NORDESTE;SUDESTE/CENTRO-OESTE;4236.881
2024-08-12 22:00:00;NORDESTE;SUDESTE/CENTRO-OESTE;4025.138
2024-08-12 23:00:00;NORDESTE;SUDESTE/CENTRO-OESTE;3861.106
2024-08-13 00:00:00;NORDESTE;SUDESTE/CENTRO-OESTE;3280.516
2024-08-13 01:00:00;NORDESTE;SUDESTE/CENTRO-OESTE;2904.456
2024-08-13 02:00:00;NORDESTE;SUDESTE/CENTRO-OESTE;2440.129
2024-08-13 03:00:00;NORDESTE;SUDESTE/CENTRO-OESTE;2119.112
2024-08-13 04:00:00;NORDESTE;SUDESTE/CENTRO-OESTE;2070.498
2024-08-13 05:00:00;NORDESTE;SUDESTE/CENTRO-OESTE;2153.869
2024-08-13 06:00:00;NORDESTE;SUDESTE/CENTRO-OESTE;3430.431
2024-08-13 07:00:00;NORDESTE;SUDESTE/CENTRO-OESTE;4289.81499999
2024-08-13 08:00:00;NORDESTE;SUDESTE/CENTRO-OESTE;4296.826
2024-08-13 09:00:00;NORDESTE;SUDESTE/CENTRO-OESTE;3971.965
2024-08-13 10:00:00;NORDESTE;SUDESTE/CENTRO-OESTE;4190.597
2024-08-13 11:00:00;NORDESTE;SUDESTE/CENTRO-OESTE;4378.577
2024-08-13 12:00:00;NORDESTE;SUDESTE/CENTRO-OESTE;4459.018
2024-08-13 13:00:00;NORDESTE;SUDESTE/CENTRO-OESTE;4132.81
2024-08-13 14:00:00;NORDESTE;SUDESTE/CENTRO-OESTE;3625.006
2024-08-13 15:00:00;NORDESTE;SUDESTE/CENTRO-OESTE;3584.603
2024-08-13 16:00:00;NORDESTE;SUDESTE/CENTRO-OESTE;4006.794
2024-08-13 17:00:00;NORDESTE;SUDESTE/CENTRO-OESTE;5129.625
2024-08-13 18:00:00;NORDESTE;SUDESTE/CENTRO-OESTE;6714.586
2024-08-13 19:00:00;NORDESTE;SUDESTE/CENTRO-OESTE;6979.771
2024-08-13 20:00:00;NORDESTE;SUDESTE/CENTRO-OESTE;6390.78799999
2024-08-13 21:00:00;NORDESTE;SUDESTE/CENTRO-OESTE;6242.189
2024-08-13 22:00:00;NORDESTE;SUDESTE/CENTRO-OESTE;5700.222
2024-08-13 23:00:00;NORDESTE;SUDESTE/CENTRO-OESTE;5701.487
2024-08-14 00:00:00;NORDESTE;SUDESTE/CENTRO-OESTE;5919.618
2024-08-14 01:00:00;NORDESTE;SUDESTE/CENTRO-OESTE;6168.684
2024-08-14 02:00:00;NORDESTE;SUDESTE/CENTRO-OESTE;6297.47099999
2024-08-14 03:00:00;NORDESTE;SUDESTE/CENTRO-OESTE;6539.192
2024-08-14 04:00:00;NORDESTE;SUDESTE/CENTRO-OESTE;6677.529
2024-08-14 05:00:00;NORDESTE;SUDESTE/CENTRO-OESTE;6800.345
2024-08-14 06:00:00;NORDESTE;SUDESTE/CENTRO-OESTE;7064.281
2024-08-14 07:00:00;NORDESTE;SUDESTE/CENTRO-OESTE;7092.521
2024-08-14 08:00:00;NORDESTE;SUDESTE/CENTRO-OESTE;7109.734
2024-08-14 09:00:00;NORDESTE;SUDESTE/CENTRO-OESTE;6988.481
2024-08-14 10:00:00;NORDESTE;SUDESTE/CENTRO-OESTE;6843.56
2024-08-14 11:00:00;NORDESTE;SUDESTE/CENTRO-OESTE;6796.586
2024-08-14 12:00:00;NORDESTE;SUDESTE/CENTRO-OESTE;6754.334
2024-08-14 13:00:00;NORDESTE;SUDESTE/CENTRO-OESTE;6229.569
2024-08-14 14:00:00;NORDESTE;SUDESTE/CENTRO-OESTE;5831.014
2024-08-14 15:00:00;NORDESTE;SUDESTE/CENTRO-OESTE;6097.34
2024-08-14 16:00:00;NORDESTE;SUDESTE/CENTRO-OESTE;6657.887
2024-08-14 17:00:00;NORDESTE;SUDESTE/CENTRO-OESTE;7044.064
2024-08-14 18:00:00;NORDESTE;SUDESTE/CENTRO-OESTE;7399.042
2024-08-14 19:00:00;NORDESTE;SUDESTE/CENTRO-OESTE;7501.172
2024-08-14 20:00:00;NORDESTE;SUDESTE/CENTRO-OESTE;7339.556
2024-08-14 21:00:00;NORDESTE;SUDESTE/CENTRO-OESTE;6983.761
2024-08-14 22:00:00;NORDESTE;SUDESTE/CENTRO-OESTE;6460.125
2024-08-14 23:00:00;NORDESTE;SUDESTE/CENTRO-OESTE;6141.889
2024-08-15 00:00:00;NORDESTE;SUDESTE/CENTRO-OESTE;6237.082
2024-08-15 01:00:00;NORDESTE;SUDESTE/CENTRO-OESTE;6289.381
2024-08-15 02:00:00;NORDESTE;SUDESTE/CENTRO-OESTE;6228.242
2024-08-15 03:00:00;NORDESTE;SUDESTE/CENTRO-OESTE;6382.901
2024-08-15 04:00:00;NORDESTE;SUDESTE/CENTRO-OESTE;6368.115
2024-08-15 05:00:00;NORDESTE;SUDESTE/CENTRO-OESTE;6397.972
2024-08-15 06:00:00;NORDESTE;SUDESTE/CENTRO-OESTE;7062.552
2024-08-15 07:00:00;NORDESTE;SUDESTE/CENTRO-OESTE;7058.822
2024-08-15 08:00:00;NORDESTE;SUDESTE/CENTRO-OESTE;6893.874
2024-08-15 09:00:00;NORDESTE;SUDESTE/CENTRO-OESTE;6852.92199999
2024-08-15 10:00:00;NORDESTE;SUDESTE/CENTRO-OESTE;6672.754
2024-08-15 11:00:00;NORDESTE;SUDESTE/CENTRO-OESTE;6606.053
2024-08-15 12:00:00;NORDESTE;SUDESTE/CENTRO-OESTE;6622.511
2024-08-15 13:00:00;NORDESTE;SUDESTE/CENTRO-OESTE;6280.764
2024-08-15 14:00:00;NORDESTE;SUDESTE/CENTRO-OESTE;6253.003
2024-08-15 15:00:00;NORDESTE;SUDESTE/CENTRO-OESTE;6456.314
2024-08-15 16:00:00;NORDESTE;SUDESTE/CENTRO-OESTE;5619.657
2024-08-15 17:00:00;NORDESTE;SUDESTE/CENTRO-OESTE;6605.144
2024-08-15 18:00:00;NORDESTE;SUDESTE/CENTRO-OESTE;6993.726
2024-08-15 19:00:00;NORDESTE;SUDESTE/CENTRO-OESTE;7382.993
2024-08-15 20:00:00;NORDESTE;SUDESTE/CENTRO-OESTE;7216.603
2024-08-15 21:00:00;NORDESTE;SUDESTE/CENTRO-OESTE;6680.099
2024-08-15 22:00:00;NORDESTE;SUDESTE/CENTRO-OESTE;6115.0
2024-08-15 23:00:00;NORDESTE;SUDESTE/CENTRO-OESTE;5689.352
2024-08-16 00:00:00;NORDESTE;SUDESTE/CENTRO-OESTE;5463.32
2024-08-16 01:00:00;NORDESTE;SUDESTE/CENTRO-OESTE;5483.956
2024-08-16 02:00:00;NORDESTE;SUDESTE/CENTRO-OESTE;5773.559
2024-08-16 03:00:00;NORDESTE;SUDESTE/CENTRO-OESTE;5873.053
2024-08-16 04:00:00;NORDESTE;SUDESTE/CENTRO-OESTE;5949.992
2024-08-16 05:00:00;NORDESTE;SUDESTE/CENTRO-OESTE;5975.775
2024-08-16 06:00:00;NORDESTE;SUDESTE/CENTRO-OESTE;6892.084
2024-08-16 07:00:00;NORDESTE;SUDESTE/CENTRO-OESTE;7061.523
2024-08-16 08:00:00;NORDESTE;SUDESTE/CENTRO-OESTE;6882.154
2024-08-16 09:00:00;NORDESTE;SUDESTE/CENTRO-OESTE;6618.802
2024-08-16 10:00:00;NORDESTE;SUDESTE/CENTRO-OESTE;6544.528
2024-08-16 11:00:00;NORDESTE;SUDESTE/CENTRO-OESTE;6423.462
2024-08-16 12:00:00;NORDESTE;SUDESTE/CENTRO-OESTE;6561.347
2024-08-16 13:00:00;NORDESTE;SUDESTE/CENTRO-OESTE;5944.532
2024-08-16 14:00:00;NORDESTE;SUDESTE/CENTRO-OESTE;5561.03
2024-08-16 15:00:00;NORDESTE;SUDESTE/CENTRO-OESTE;5434.015
2024-08-16 16:00:00;NORDESTE;SUDESTE/CENTRO-OESTE;5521.893
2024-08-16 17:00:00;NORDESTE;SUDESTE/CENTRO-OESTE;5931.075
2024-08-16 18:00:00;NORDESTE;SUDESTE/CENTRO-OESTE;6527.177
2024-08-16 19:00:00;NORDESTE;SUDESTE/CENTRO-OESTE;6318.24799999
2024-08-16 20:00:00;NORDESTE;SUDESTE/CENTRO-OESTE;5969.347
2024-08-16 21:00:00;NORDESTE;SUDESTE/CENTRO-OESTE;5742.11399999
2024-08-16 22:00:00;NORDESTE;SUDESTE/CENTRO-OESTE;5476.43999999
2024-08-16 23:00:00;NORDESTE;SUDESTE/CENTRO-OESTE;4775.81
2024-08-17 00:00:00;NORDESTE;SUDESTE/CENTRO-OESTE;4815.085
2024-08-17 01:00:00;NORDESTE;SUDESTE/CENTRO-OESTE;5272.492
2024-08-17 02:00:00;NORDESTE;SUDESTE/CENTRO-OESTE;5301.941
2024-08-17 03:00:00;NORDESTE;SUDESTE/CENTRO-OESTE;4896.194
2024-08-17 04:00:00;NORDESTE;SUDESTE/CENTRO-OESTE;4603.691
2024-08-17 05:00:00;NORDESTE;SUDESTE/CENTRO-OESTE;4508.067
2024-08-17 06:00:00;NORDESTE;SUDESTE/CENTRO-OESTE;5160.60499999
2024-08-17 07:00:00;NORDESTE;SUDESTE/CENTRO-OESTE;5891.978
2024-08-17 08:00:00;NORDESTE;SUDESTE/CENTRO-OESTE;6545.202
2024-08-17 09:00:00;NORDESTE;SUDESTE/CENTRO-OESTE;6450.209
2024-08-17 10:00:00;NORDESTE;SUDESTE/CENTRO-OESTE;6170.428
2024-08-17 11:00:00;NORDESTE;SUDESTE/CENTRO-OESTE;5373.911
2024-08-17 12:00:00;NORDESTE;SUDESTE/CENTRO-OESTE;4561.17699999
2024-08-17 13:00:00;NORDESTE;SUDESTE/CENTRO-OESTE;4341.044
2024-08-17 14:00:00;NORDESTE;SUDESTE/CENTRO-OESTE;4580.749
2024-08-17 15:00:00;NORDESTE;SUDESTE/CENTRO-OESTE;5088.581
2024-08-17 16:00:00;NORDESTE;SUDESTE/CENTRO-OESTE;4761.403
2024-08-17 17:00:00;NORDESTE;SUDESTE/CENTRO-OESTE;4544.209
2024-08-17 18:00:00;NORDESTE;SUDESTE/CENTRO-OESTE;4631.05
2024-08-17 19:00:00;NORDESTE;SUDESTE/CENTRO-OESTE;4577.22999999
2024-08-17 20:00:00;NORDESTE;SUDESTE/CENTRO-OESTE;4387.259
2024-08-17 21:00:00;NORDESTE;SUDESTE/CENTRO-OESTE;4660.798
2024-08-17 22:00:00;NORDESTE;SUDESTE/CENTRO-OESTE;4364.298
2024-08-17 23:00:00;NORDESTE;SUDESTE/CENTRO-OESTE;3856.823
2024-08-18 00:00:00;NORDESTE;SUDESTE/CENTRO-OESTE;3383.82
2024-08-18 01:00:00;NORDESTE;SUDESTE/CENTRO-OESTE;2843.783
2024-08-18 02:00:00;NORDESTE;SUDESTE/CENTRO-OESTE;2412.558
2024-08-18 03:00:00;NORDESTE;SUDESTE/CENTRO-OESTE;2707.19
2024-08-18 04:00:00;NORDESTE;SUDESTE/CENTRO-OESTE;3478.389
2024-08-18 05:00:00;NORDESTE;SUDESTE/CENTRO-OESTE;3967.852
2024-08-18 06:00:00;NORDESTE;SUDESTE/CENTRO-OESTE;4499.625
2024-08-18 07:00:00;NORDESTE;SUDESTE/CENTRO-OESTE;5226.05199999
2024-08-18 08:00:00;NORDESTE;SUDESTE/CENTRO-OESTE;3874.378
2024-08-18 09:00:00;NORDESTE;SUDESTE/CENTRO-OESTE;3422.447
2024-08-18 10:00:00;NORDESTE;SUDESTE/CENTRO-OESTE;2920.846
2024-08-18 11:00:00;NORDESTE;SUDESTE/CENTRO-OESTE;2374.339
2024-08-18 12:00:00;NORDESTE;SUDESTE/CENTRO-OESTE;2133.384
2024-08-18 13:00:00;NORDESTE;SUDESTE/CENTRO-OESTE;2177.625
2024-08-18 14:00:00;NORDESTE;SUDESTE/CENTRO-OESTE;2733.082
2024-08-18 15:00:00;NORDESTE;SUDESTE/CENTRO-OESTE;3467.77799999
2024-08-18 16:00:00;NORDESTE;SUDESTE/CENTRO-OESTE;4377.886
2024-08-18 17:00:00;NORDESTE;SUDESTE/CENTRO-OESTE;4315.205
2024-08-18 18:00:00;NORDESTE;SUDESTE/CENTRO-OESTE;4325.229
2024-08-18 19:00:00;NORDESTE;SUDESTE/CENTRO-OESTE;4416.68
2024-08-18 20:00:00;NORDESTE;SUDESTE/CENTRO-OESTE;4247.228
2024-08-18 21:00:00;NORDESTE;SUDESTE/CENTRO-OESTE;4155.706
2024-08-18 22:00:00;NORDESTE;SUDESTE/CENTRO-OESTE;4137.886
2024-08-18 23:00:00;NORDESTE;SUDESTE/CENTRO-OESTE;4208.322
2024-08-19 00:00:00;NORDESTE;SUDESTE/CENTRO-OESTE;4282.012
2024-08-19 01:00:00;NORDESTE;SUDESTE/CENTRO-OESTE;4683.062
2024-08-19 02:00:00;NORDESTE;SUDESTE/CENTRO-OESTE;4730.354
2024-08-19 03:00:00;NORDESTE;SUDESTE/CENTRO-OESTE;5220.109
2024-08-19 04:00:00;NORDESTE;SUDESTE/CENTRO-OESTE;5140.841
2024-08-19 05:00:00;NORDESTE;SUDESTE/CENTRO-OESTE;5359.31499999
2024-08-19 06:00:00;NORDESTE;SUDESTE/CENTRO-OESTE;6404.968
2024-08-19 07:00:00;NORDESTE;SUDESTE/CENTRO-OESTE;7209.248
2024-08-19 08:00:00;NORDESTE;SUDESTE/CENTRO-OESTE;6370.77
2024-08-19 09:00:00;NORDESTE;SUDESTE/CENTRO-OESTE;5887.577
2024-08-19 10:00:00;NORDESTE;SUDESTE/CENTRO-OESTE;5651.298
2024-08-19 11:00:00;NORDESTE;SUDESTE/CENTRO-OESTE;5329.29299999
2024-08-19 12:00:00;NORDESTE;SUDESTE/CENTRO-OESTE;5003.026
2024-08-19 13:00:00;NORDESTE;SUDESTE/CENTRO-OESTE;5322.30599999
2024-08-19 14:00:00;NORDESTE;SUDESTE/CENTRO-OESTE;5469.94899999
2024-08-19 15:00:00;NORDESTE;SUDESTE/CENTRO-OESTE;5335.084
2024-08-19 16:00:00;NORDESTE;SUDESTE/CENTRO-OESTE;5852.184
2024-08-19 17:00:00;NORDESTE;SUDESTE/CENTRO-OESTE;6145.578
2024-08-19 18:00:00;NORDESTE;SUDESTE/CENTRO-OESTE;6262.073
2024-08-19 19:00:00;NORDESTE;SUDESTE/CENTRO-OESTE;7043.731
2024-08-19 20:00:00;NORDESTE;SUDESTE/CENTRO-OESTE;6997.384
2024-08-19 21:00:00;NORDESTE;SUDESTE/CENTRO-OESTE;6959.834
2024-08-19 22:00:00;NORDESTE;SUDESTE/CENTRO-OESTE;6518.475
2024-08-19 23:00:00;NORDESTE;SUDESTE/CENTRO-OESTE;6622.043
2024-08-20 00:00:00;NORDESTE;SUDESTE/CENTRO-OESTE;6588.664
2024-08-20 01:00:00;NORDESTE;SUDESTE/CENTRO-OESTE;6895.403
2024-08-20 02:00:00;NORDESTE;SUDESTE/CENTRO-OESTE;7015.694
2024-08-20 03:00:00;NORDESTE;SUDESTE/CENTRO-OESTE;6934.262
2024-08-20 04:00:00;NORDESTE;SUDESTE/CENTRO-OESTE;6831.521
2024-08-20 05:00:00;NORDESTE;SUDESTE/CENTRO-OESTE;7042.57
2024-08-20 06:00:00;NORDESTE;SUDESTE/CENTRO-OESTE;7172.375
2024-08-20 07:00:00;NORDESTE;SUDESTE/CENTRO-OESTE;6316.529
2024-08-20 08:00:00;NORDESTE;SUDESTE/CENTRO-OESTE;6035.106
2024-08-20 09:00:00;NORDESTE;SUDESTE/CENTRO-OESTE;5733.335
2024-08-20 10:00:00;NORDESTE;SUDESTE/CENTRO-OESTE;5382.794
2024-08-20 11:00:00;NORDESTE;SUDESTE/CENTRO-OESTE;4816.205
2024-08-20 12:00:00;NORDESTE;SUDESTE/CENTRO-OESTE;4112.117
2024-08-20 13:00:00;NORDESTE;SUDESTE/CENTRO-OESTE;3594.275
2024-08-20 14:00:00;NORDESTE;SUDESTE/CENTRO-OESTE;3673.29
2024-08-20 15:00:00;NORDESTE;SUDESTE/CENTRO-OESTE;3676.014
2024-08-20 16:00:00;NORDESTE;SUDESTE/CENTRO-OESTE;3389.627
2024-08-20 17:00:00;NORDESTE;SUDESTE/CENTRO-OESTE;3982.947
2024-08-20 18:00:00;NORDESTE;SUDESTE/CENTRO-OESTE;5762.25
2024-08-20 19:00:00;NORDESTE;SUDESTE/CENTRO-OESTE;6680.023
2024-08-20 20:00:00;NORDESTE;SUDESTE/CENTRO-OESTE;6703.79699999
2024-08-20 21:00:00;NORDESTE;SUDESTE/CENTRO-OESTE;6404.05599999
2024-08-20 22:00:00;NORDESTE;SUDESTE/CENTRO-OESTE;6473.145
2024-08-20 23:00:00;NORDESTE;SUDESTE/CENTRO-OESTE;6469.38199999
2024-08-21 00:00:00;NORDESTE;SUDESTE/CENTRO-OESTE;6715.434
2024-08-21 01:00:00;NORDESTE;SUDESTE/CENTRO-OESTE;6728.508
2024-08-21 02:00:00;NORDESTE;SUDESTE/CENTRO-OESTE;6765.154
2024-08-21 03:00:00;NORDESTE;SUDESTE/CENTRO-OESTE;6665.349
2024-08-21 04:00:00;NORDESTE;SUDESTE/CENTRO-OESTE;6550.58
2024-08-21 05:00:00;NORDESTE;SUDESTE/CENTRO-OESTE;6723.341
2024-08-21 06:00:00;NORDESTE;SUDESTE/CENTRO-OESTE;7213.03
2024-08-21 07:00:00;NORDESTE;SUDESTE/CENTRO-OESTE;6878.627
2024-08-21 08:00:00;NORDESTE;SUDESTE/CENTRO-OESTE;6135.003
2024-08-21 09:00:00;NORDESTE;SUDESTE/CENTRO-OESTE;6122.043
2024-08-21 10:00:00;NORDESTE;SUDESTE/CENTRO-OESTE;6076.852
2024-08-21 11:00:00;NORDESTE;SUDESTE/CENTRO-OESTE;6027.745
2024-08-21 12:00:00;NORDESTE;SUDESTE/CENTRO-OESTE;5723.044
2024-08-21 13:00:00;NORDESTE;SUDESTE/CENTRO-OESTE;5335.683
2024-08-21 14:00:00;NORDESTE;SUDESTE/CENTRO-OESTE;4833.957
2024-08-21 15:00:00;NORDESTE;SUDESTE/CENTRO-OESTE;4740.722
2024-08-21 16:00:00;NORDESTE;SUDESTE/CENTRO-OESTE;5419.053
2024-08-21 17:00:00;NORDESTE;SUDESTE/CENTRO-OESTE;6138.392
2024-08-21 18:00:00;NORDESTE;SUDESTE/CENTRO-OESTE;7005.93999999
2024-08-21 19:00:00;NORDESTE;SUDESTE/CENTRO-OESTE;7093.842
2024-08-21 20:00:00;NORDESTE;SUDESTE/CENTRO-OESTE;6969.954
2024-08-21 21:00:00;NORDESTE;SUDESTE/CENTRO-OESTE;6723.12
2024-08-21 22:00:00;NORDESTE;SUDESTE/CENTRO-OESTE;6967.281
2024-08-21 23:00:00;NORDESTE;SUDESTE/CENTRO-OESTE;6885.866
2024-08-22 00:00:00;NORDESTE;SUDESTE/CENTRO-OESTE;7088.88
2024-08-22 01:00:00;NORDESTE;SUDESTE/CENTRO-OESTE;7120.363
2024-08-22 02:00:00;NORDESTE;SUDESTE/CENTRO-OESTE;7053.954
2024-08-22 03:00:00;NORDESTE;SUDESTE/CENTRO-OESTE;6975.63
2024-08-22 04:00:00;NORDESTE;SUDESTE/CENTRO-OESTE;7024.437
2024-08-22 05:00:00;NORDESTE;SUDESTE/CENTRO-OESTE;7224.257
2024-08-22 06:00:00;NORDESTE;SUDESTE/CENTRO-OESTE;7163.806
2024-08-22 07:00:00;NORDESTE;SUDESTE/CENTRO-OESTE;6808.987
2024-08-22 08:00:00;NORDESTE;SUDESTE/CENTRO-OESTE;6726.169
2024-08-22 09:00:00;NORDESTE;SUDESTE/CENTRO-OESTE;6789.546
2024-08-22 10:00:00;NORDESTE;SUDESTE/CENTRO-OESTE;6580.208
2024-08-22 11:00:00;NORDESTE;SUDESTE/CENTRO-OESTE;6517.503
2024-08-22 12:00:00;NORDESTE;SUDESTE/CENTRO-OESTE;6360.301
2024-08-22 13:00:00;NORDESTE;SUDESTE/CENTRO-OESTE;6328.953
2024-08-22 14:00:00;NORDESTE;SUDESTE/CENTRO-OESTE;6660.223
2024-08-22 15:00:00;NORDESTE;SUDESTE/CENTRO-OESTE;6693.558
2024-08-22 16:00:00;NORDESTE;SUDESTE/CENTRO-OESTE;6472.455
2024-08-22 17:00:00;NORDESTE;SUDESTE/CENTRO-OESTE;7245.674
2024-08-22 18:00:00;NORDESTE;SUDESTE/CENTRO-OESTE;7269.78
2024-08-22 19:00:00;NORDESTE;SUDESTE/CENTRO-OESTE;7283.01
2024-08-22 20:00:00;NORDESTE;SUDESTE/CENTRO-OESTE;7019.238
2024-08-22 21:00:00;NORDESTE;SUDESTE/CENTRO-OESTE;6921.841
2024-08-22 22:00:00;NORDESTE;SUDESTE/CENTRO-OESTE;6905.15
2024-08-22 23:00:00;NORDESTE;SUDESTE/CENTRO-OESTE;6621.212
2024-08-23 00:00:00;NORDESTE;SUDESTE/CENTRO-OESTE;6094.599
2024-08-23 01:00:00;NORDESTE;SUDESTE/CENTRO-OESTE;5569.12
2024-08-23 02:00:00;NORDESTE;SUDESTE/CENTRO-OESTE;5837.392
2024-08-23 03:00:00;NORDESTE;SUDESTE/CENTRO-OESTE;6170.061
2024-08-23 04:00:00;NORDESTE;SUDESTE/CENTRO-OESTE;6353.445
2024-08-23 05:00:00;NORDESTE;SUDESTE/CENTRO-OESTE;6892.76
2024-08-23 06:00:00;NORDESTE;SUDESTE/CENTRO-OESTE;6693.05599999
2024-08-23 07:00:00;NORDESTE;SUDESTE/CENTRO-OESTE;6522.558
2024-08-23 08:00:00;NORDESTE;SUDESTE/CENTRO-OESTE;6481.997
2024-08-23 09:00:00;NORDESTE;SUDESTE/CENTRO-OESTE;6401.15
2024-08-23 10:00:00;NORDESTE;SUDESTE/CENTRO-OESTE;6302.454
2024-08-23 11:00:00;NORDESTE;SUDESTE/CENTRO-OESTE;6548.189
2024-08-23 12:00:00;NORDESTE;SUDESTE/CENTRO-OESTE;6360.959
2024-08-23 13:00:00;NORDESTE;SUDESTE/CENTRO-OESTE;5975.95
2024-08-23 14:00:00;NORDESTE;SUDESTE/CENTRO-OESTE;5767.9
2024-08-23 15:00:00;NORDESTE;SUDESTE/CENTRO-OESTE;6241.966
2024-08-23 16:00:00;NORDESTE;SUDESTE/CENTRO-OESTE;5994.082
2024-08-23 17:00:00;NORDESTE;SUDESTE/CENTRO-OESTE;5776.662
2024-08-23 18:00:00;NORDESTE;SUDESTE/CENTRO-OESTE;6267.664
2024-08-23 19:00:00;NORDESTE;SUDESTE/CENTRO-OESTE;6262.738
2024-08-23 20:00:00;NORDESTE;SUDESTE/CENTRO-OESTE;6226.135
2024-08-23 21:00:00;NORDESTE;SUDESTE/CENTRO-OESTE;6179.035
2024-08-23 22:00:00;NORDESTE;SUDESTE/CENTRO-OESTE;6115.87
2024-08-23 23:00:00;NORDESTE;SUDESTE/CENTRO-OESTE;5560.348
2024-08-24 00:00:00;NORDESTE;SUDESTE/CENTRO-OESTE;5102.469
2024-08-24 01:00:00;NORDESTE;SUDESTE/CENTRO-OESTE;4579.587
2024-08-24 02:00:00;NORDESTE;SUDESTE/CENTRO-OESTE;4412.082
2024-08-24 03:00:00;NORDESTE;SUDESTE/CENTRO-OESTE;4769.705
2024-08-24 04:00:00;NORDESTE;SUDESTE/CENTRO-OESTE;4613.162
2024-08-24 05:00:00;NORDESTE;SUDESTE/CENTRO-OESTE;4551.939
2024-08-24 06:00:00;NORDESTE;SUDESTE/CENTRO-OESTE;5580.427
2024-08-24 07:00:00;NORDESTE;SUDESTE/CENTRO-OESTE;6451.53799999
2024-08-24 08:00:00;NORDESTE;SUDESTE/CENTRO-OESTE;5676.603
2024-08-24 09:00:00;NORDESTE;SUDESTE/CENTRO-OESTE;5763.894
2024-08-24 10:00:00;NORDESTE;SUDESTE/CENTRO-OESTE;5392.983
2024-08-24 11:00:00;NORDESTE;SUDESTE/CENTRO-OESTE;5115.975
2024-08-24 12:00:00;NORDESTE;SUDESTE/CENTRO-OESTE;5225.838
2024-08-24 13:00:00;NORDESTE;SUDESTE/CENTRO-OESTE;4970.504
2024-08-24 14:00:00;NORDESTE;SUDESTE/CENTRO-OESTE;4278.786
2024-08-24 15:00:00;NORDESTE;SUDESTE/CENTRO-OESTE;3733.213
2024-08-24 16:00:00;NORDESTE;SUDESTE/CENTRO-OESTE;2954.906
2024-08-24 17:00:00;NORDESTE;SUDESTE/CENTRO-OESTE;2739.317
2024-08-24 18:00:00;NORDESTE;SUDESTE/CENTRO-OESTE;3285.795
2024-08-24 19:00:00;NORDESTE;SUDESTE/CENTRO-OESTE;4068.85
2024-08-24 20:00:00;NORDESTE;SUDESTE/CENTRO-OESTE;4382.567
2024-08-24 21:00:00;NORDESTE;SUDESTE/CENTRO-OESTE;4256.441
2024-08-24 22:00:00;NORDESTE;SUDESTE/CENTRO-OESTE;4150.151
2024-08-24 23:00:00;NORDESTE;SUDESTE/CENTRO-OESTE;4451.148
2024-08-25 00:00:00;NORDESTE;SUDESTE/CENTRO-OESTE;4807.972
2024-08-25 01:00:00;NORDESTE;SUDESTE/CENTRO-OESTE;4927.791
2024-08-25 02:00:00;NORDESTE;SUDESTE/CENTRO-OESTE;5400.433
2024-08-25 03:00:00;NORDESTE;SUDESTE/CENTRO-OESTE;5838.402
2024-08-25 04:00:00;NORDESTE;SUDESTE/CENTRO-OESTE;5879.207
2024-08-25 05:00:00;NORDESTE;SUDESTE/CENTRO-OESTE;5436.32399999
2024-08-25 06:00:00;NORDESTE;SUDESTE/CENTRO-OESTE;5387.16
2024-08-25 07:00:00;NORDESTE;SUDESTE/CENTRO-OESTE;5319.29299999
2024-08-25 08:00:00;NORDESTE;SUDESTE/CENTRO-OESTE;5352.505
2024-08-25 09:00:00;NORDESTE;SUDESTE/CENTRO-OESTE;5229.881
2024-08-25 10:00:00;NORDESTE;SUDESTE/CENTRO-OESTE;5017.182
2024-08-25 11:00:00;NORDESTE;SUDESTE/CENTRO-OESTE;5055.374
2024-08-25 12:00:00;NORDESTE;SUDESTE/CENTRO-OESTE;4569.064
2024-08-25 13:00:00;NORDESTE;SUDESTE/CENTRO-OESTE;4126.18099999
2024-08-25 14:00:00;NORDESTE;SUDESTE/CENTRO-OESTE;3591.036
2024-08-25 15:00:00;NORDESTE;SUDESTE/CENTRO-OESTE;3302.425
2024-08-25 16:00:00;NORDESTE;SUDESTE/CENTRO-OESTE;3362.23
2024-08-25 17:00:00;NORDESTE;SUDESTE/CENTRO-OESTE;3487.905
2024-08-25 18:00:00;NORDESTE;SUDESTE/CENTRO-OESTE;4775.52
2024-08-25 19:00:00;NORDESTE;SUDESTE/CENTRO-OESTE;5832.591
2024-08-25 20:00:00;NORDESTE;SUDESTE/CENTRO-OESTE;6186.526
2024-08-25 21:00:00;NORDESTE;SUDESTE/CENTRO-OESTE;6286.82
2024-08-25 22:00:00;NORDESTE;SUDESTE/CENTRO-OESTE;6377.729
2024-08-25 23:00:00;NORDESTE;SUDESTE/CENTRO-OESTE;6562.982
2024-08-26 00:00:00;NORDESTE;SUDESTE/CENTRO-OESTE;6507.469
2024-08-26 01:00:00;NORDESTE;SUDESTE/CENTRO-OESTE;6364.358
2024-08-26 02:00:00;NORDESTE;SUDESTE/CENTRO-OESTE;6329.352
2024-08-26 03:00:00;NORDESTE;SUDESTE/CENTRO-OESTE;6400.549
2024-08-26 04:00:00;NORDESTE;SUDESTE/CENTRO-OESTE;6619.206
2024-08-26 05:00:00;NORDESTE;SUDESTE/CENTRO-OESTE;6542.906
2024-08-26 06:00:00;NORDESTE;SUDESTE/CENTRO-OESTE;7051.957
2024-08-26 07:00:00;NORDESTE;SUDESTE/CENTRO-OESTE;6630.606
2024-08-26 08:00:00;NORDESTE;SUDESTE/CENTRO-OESTE;6494.249
2024-08-26 09:00:00;NORDESTE;SUDESTE/CENTRO-OESTE;6615.04699999
2024-08-26 10:00:00;NORDESTE;SUDESTE/CENTRO-OESTE;6108.946
2024-08-26 11:00:00;NORDESTE;SUDESTE/CENTRO-OESTE;5062.97999999
2024-08-26 12:00:00;NORDESTE;SUDESTE/CENTRO-OESTE;4402.462
2024-08-26 13:00:00;NORDESTE;SUDESTE/CENTRO-OESTE;3668.401
2024-08-26 14:00:00;NORDESTE;SUDESTE/CENTRO-OESTE;3145.39
2024-08-26 15:00:00;NORDESTE;SUDESTE/CENTRO-OESTE;2812.787
2024-08-26 16:00:00;NORDESTE;SUDESTE/CENTRO-OESTE;2893.96099999
2024-08-26 17:00:00;NORDESTE;SUDESTE/CENTRO-OESTE;3536.506
2024-08-26 18:00:00;NORDESTE;SUDESTE/CENTRO-OESTE;5307.829
2024-08-26 19:00:00;NORDESTE;SUDESTE/CENTRO-OESTE;6698.714
2024-08-26 20:00:00;NORDESTE;SUDESTE/CENTRO-OESTE;6850.609
2024-08-26 21:00:00;NORDESTE;SUDESTE/CENTRO-OESTE;6718.66
2024-08-26 22:00:00;NORDESTE;SUDESTE/CENTRO-OESTE;6755.117
2024-08-26 23:00:00;NORDESTE;SUDESTE/CENTRO-OESTE;6482.496
2024-08-27 00:00:00;NORDESTE;SUDESTE/CENTRO-OESTE;6417.85
2024-08-27 01:00:00;NORDESTE;SUDESTE/CENTRO-OESTE;6330.25699999
2024-08-27 02:00:00;NORDESTE;SUDESTE/CENTRO-OESTE;6177.224
2024-08-27 03:00:00;NORDESTE;SUDESTE/CENTRO-OESTE;6098.528
2024-08-27 04:00:00;NORDESTE;SUDESTE/CENTRO-OESTE;5986.266
2024-08-27 05:00:00;NORDESTE;SUDESTE/CENTRO-OESTE;6230.018
2024-08-27 06:00:00;NORDESTE;SUDESTE/CENTRO-OESTE;7158.05
2024-08-27 07:00:00;NORDESTE;SUDESTE/CENTRO-OESTE;7102.088
2024-08-27 08:00:00;NORDESTE;SUDESTE/CENTRO-OESTE;6926.591
2024-08-27 09:00:00;NORDESTE;SUDESTE/CENTRO-OESTE;6864.396
2024-08-27 10:00:00;NORDESTE;SUDESTE/CENTRO-OESTE;6819.159
2024-08-27 11:00:00;NORDESTE;SUDESTE/CENTRO-OESTE;6753.641
2024-08-27 12:00:00;NORDESTE;SUDESTE/CENTRO-OESTE;6638.203
2024-08-27 13:00:00;NORDESTE;SUDESTE/CENTRO-OESTE;6186.735
2024-08-27 14:00:00;NORDESTE;SUDESTE/CENTRO-OESTE;6218.92
2024-08-27 15:00:00;NORDESTE;SUDESTE/CENTRO-OESTE;5654.932
2024-08-27 16:00:00;NORDESTE;SUDESTE/CENTRO-OESTE;5131.187
2024-08-27 17:00:00;NORDESTE;SUDESTE/CENTRO-OESTE;6115.077
2024-08-27 18:00:00;NORDESTE;SUDESTE/CENTRO-OESTE;6991.98899999
2024-08-27 19:00:00;NORDESTE;SUDESTE/CENTRO-OESTE;7075.895
2024-08-27 20:00:00;NORDESTE;SUDESTE/CENTRO-OESTE;7166.233
2024-08-27 21:00:00;NORDESTE;SUDESTE/CENTRO-OESTE;7082.405
2024-08-27 22:00:00;NORDESTE;SUDESTE/CENTRO-OESTE;6637.804
2024-08-27 23:00:00;NORDESTE;SUDESTE/CENTRO-OESTE;6071.561
2024-08-28 00:00:00;NORDESTE;SUDESTE/CENTRO-OESTE;5769.967
2024-08-28 01:00:00;NORDESTE;SUDESTE/CENTRO-OESTE;5904.773
2024-08-28 02:00:00;NORDESTE;SUDESTE/CENTRO-OESTE;5716.075
2024-08-28 03:00:00;NORDESTE;SUDESTE/CENTRO-OESTE;5727.64
2024-08-28 04:00:00;NORDESTE;SUDESTE/CENTRO-OESTE;5729.377
2024-08-28 05:00:00;NORDESTE;SUDESTE/CENTRO-OESTE;5834.066
2024-08-28 06:00:00;NORDESTE;SUDESTE/CENTRO-OESTE;6514.699
2024-08-28 07:00:00;NORDESTE;SUDESTE/CENTRO-OESTE;6259.622
2024-08-28 08:00:00;NORDESTE;SUDESTE/CENTRO-OESTE;6756.24799999
2024-08-28 09:00:00;NORDESTE;SUDESTE/CENTRO-OESTE;6550.16299999
2024-08-28 10:00:00;NORDESTE;SUDESTE/CENTRO-OESTE;6762.139
2024-08-28 11:00:00;NORDESTE;SUDESTE/CENTRO-OESTE;6983.752
2024-08-28 12:00:00;NORDESTE;SUDESTE/CENTRO-OESTE;6942.369
2024-08-28 13:00:00;NORDESTE;SUDESTE/CENTRO-OESTE;6791.732
2024-08-28 14:00:00;NORDESTE;SUDESTE/CENTRO-OESTE;6028.92199999
2024-08-28 15:00:00;NORDESTE;SUDESTE/CENTRO-OESTE;6095.858
2024-08-28 16:00:00;NORDESTE;SUDESTE/CENTRO-OESTE;6556.946
2024-08-28 17:00:00;NORDESTE;SUDESTE/CENTRO-OESTE;6834.602
2024-08-28 18:00:00;NORDESTE;SUDESTE/CENTRO-OESTE;7325.482
2024-08-28 19:00:00;NORDESTE;SUDESTE/CENTRO-OESTE;7497.171
2024-08-28 20:00:00;NORDESTE;SUDESTE/CENTRO-OESTE;7232.735
2024-08-28 21:00:00;NORDESTE;SUDESTE/CENTRO-OESTE;7076.487
2024-08-28 22:00:00;NORDESTE;SUDESTE/CENTRO-OESTE;6997.141
2024-08-28 23:00:00;NORDESTE;SUDESTE/CENTRO-OESTE;7052.975
2024-08-29 00:00:00;NORDESTE;SUDESTE/CENTRO-OESTE;6870.438
2024-08-29 01:00:00;NORDESTE;SUDESTE/CENTRO-OESTE;6667.857
2024-08-29 02:00:00;NORDESTE;SUDESTE/CENTRO-OESTE;6689.957
2024-08-29 03:00:00;NORDESTE;SUDESTE/CENTRO-OESTE;6767.603
2024-08-29 04:00:00;NORDESTE;SUDESTE/CENTRO-OESTE;6803.569
2024-08-29 05:00:00;NORDESTE;SUDESTE/CENTRO-OESTE;6679.22999999
2024-08-29 06:00:00;NORDESTE;SUDESTE/CENTRO-OESTE;7368.942
2024-08-29 07:00:00;NORDESTE;SUDESTE/CENTRO-OESTE;7166.125
2024-08-29 08:00:00;NORDESTE;SUDESTE/CENTRO-OESTE;7012.38199999
2024-08-29 09:00:00;NORDESTE;SUDESTE/CENTRO-OESTE;6895.124
2024-08-29 10:00:00;NORDESTE;SUDESTE/CENTRO-OESTE;6911.659
2024-08-29 11:00:00;NORDESTE;SUDESTE/CENTRO-OESTE;6911.734
2024-08-29 12:00:00;NORDESTE;SUDESTE/CENTRO-OESTE;6761.194
2024-08-29 13:00:00;NORDESTE;SUDESTE/CENTRO-OESTE;6640.453
2024-08-29 14:00:00;NORDESTE;SUDESTE/CENTRO-OESTE;6575.582
2024-08-29 15:00:00;NORDESTE;SUDESTE/CENTRO-OESTE;6362.48899999
2024-08-29 16:00:00;NORDESTE;SUDESTE/CENTRO-OESTE;5793.768
2024-08-29 17:00:00;NORDESTE;SUDESTE/CENTRO-OESTE;6389.723
2024-08-29 18:00:00;NORDESTE;SUDESTE/CENTRO-OESTE;7310.898
2024-08-29 19:00:00;NORDESTE;SUDESTE/CENTRO-OESTE;7753.208
2024-08-29 20:00:00;NORDESTE;SUDESTE/CENTRO-OESTE;7498.64699999
2024-08-29 21:00:00;NORDESTE;SUDESTE/CENTRO-OESTE;6804.742
2024-08-29 22:00:00;NORDESTE;SUDESTE/CENTRO-OESTE;6394.734
2024-08-29 23:00:00;NORDESTE;SUDESTE/CENTRO-OESTE;5751.001
2024-08-30 00:00:00;NORDESTE;SUDESTE/CENTRO-OESTE;5665.685
2024-08-30 01:00:00;NORDESTE;SUDESTE/CENTRO-OESTE;5781.847
2024-08-30 02:00:00;NORDESTE;SUDESTE/CENTRO-OESTE;5856.228
2024-08-30 03:00:00;NORDESTE;SUDESTE/CENTRO-OESTE;5967.98899999
2024-08-30 04:00:00;NORDESTE;SUDESTE/CENTRO-OESTE;6126.214
2024-08-30 05:00:00;NORDESTE;SUDESTE/CENTRO-OESTE;6164.155
2024-08-30 06:00:00;NORDESTE;SUDESTE/CENTRO-OESTE;6967.28799999
2024-08-30 07:00:00;NORDESTE;SUDESTE/CENTRO-OESTE;6924.767
2024-08-30 08:00:00;NORDESTE;SUDESTE/CENTRO-OESTE;6859.49799999
2024-08-30 09:00:00;NORDESTE;SUDESTE/CENTRO-OESTE;6825.987
2024-08-30 10:00:00;NORDESTE;SUDESTE/CENTRO-OESTE;6654.089
2024-08-30 11:00:00;NORDESTE;SUDESTE/CENTRO-OESTE;6665.261
2024-08-30 12:00:00;NORDESTE;SUDESTE/CENTRO-OESTE;6706.201
2024-08-30 13:00:00;NORDESTE;SUDESTE/CENTRO-OESTE;6537.554
2024-08-30 14:00:00;NORDESTE;SUDESTE/CENTRO-OESTE;6245.559
2024-08-30 15:00:00;NORDESTE;SUDESTE/CENTRO-OESTE;6093.597
2024-08-30 16:00:00;NORDESTE;SUDESTE/CENTRO-OESTE;5994.157
2024-08-30 17:00:00;NORDESTE;SUDESTE/CENTRO-OESTE;5008.91
2024-08-30 18:00:00;NORDESTE;SUDESTE/CENTRO-OESTE;5688.25
2024-08-30 19:00:00;NORDESTE;SUDESTE/CENTRO-OESTE;6512.824
2024-08-30 20:00:00;NORDESTE;SUDESTE/CENTRO-OESTE;6062.783
2024-08-30 21:00:00;NORDESTE;SUDESTE/CENTRO-OESTE;5554.649
2024-08-30 22:00:00;NORDESTE;SUDESTE/CENTRO-OESTE;5195.691
2024-08-30 23:00:00;NORDESTE;SUDESTE/CENTRO-OESTE;4460.698
2024-08-31 00:00:00;NORDESTE;SUDESTE/CENTRO-OESTE;4045.264
2024-08-31 01:00:00;NORDESTE;SUDESTE/CENTRO-OESTE;3901.583
2024-08-31 02:00:00;NORDESTE;SUDESTE/CENTRO-OESTE;4211.26599999
2024-08-31 03:00:00;NORDESTE;SUDESTE/CENTRO-OESTE;4504.654
2024-08-31 04:00:00;NORDESTE;SUDESTE/CENTRO-OESTE;4378.646
2024-08-31 05:00:00;NORDESTE;SUDESTE/CENTRO-OESTE;4499.223
2024-08-31 06:00:00;NORDESTE;SUDESTE/CENTRO-OESTE;5422.026
2024-08-31 07:00:00;NORDESTE;SUDESTE/CENTRO-OESTE;6402.758
2024-08-31 08:00:00;NORDESTE;SUDESTE/CENTRO-OESTE;5214.92699999
2024-08-31 09:00:00;NORDESTE;SUDESTE/CENTRO-OESTE;5212.881
2024-08-31 10:00:00;NORDESTE;SUDESTE/CENTRO-OESTE;5438.608
2024-08-31 11:00:00;NORDESTE;SUDESTE/CENTRO-OESTE;5568.001
2024-08-31 12:00:00;NORDESTE;SUDESTE/CENTRO-OESTE;5685.888
2024-08-31 13:00:00;NORDESTE;SUDESTE/CENTRO-OESTE;5743.002
2024-08-31 14:00:00;NORDESTE;SUDESTE/CENTRO-OESTE;5601.559
2024-08-31 15:00:00;NORDESTE;SUDESTE/CENTRO-OESTE;5349.089
2024-08-31 16:00:00;NORDESTE;SUDESTE/CENTRO-OESTE;4717.081
2024-08-31 17:00:00;NORDESTE;SUDESTE/CENTRO-OESTE;4121.386
2024-08-31 18:00:00;NORDESTE;SUDESTE/CENTRO-OESTE;5684.24799999
2024-08-31 19:00:00;NORDESTE;SUDESTE/CENTRO-OESTE;6545.077
2024-08-31 20:00:00;NORDESTE;SUDESTE/CENTRO-OESTE;6425.263
2024-08-31 21:00:00;NORDESTE;SUDESTE/CENTRO-OESTE;5771.218
2024-08-31 22:00:00;NORDESTE;SUDESTE/CENTRO-OESTE;5787.837
2024-08-31 23:00:00;NORDESTE;SUDESTE/CENTRO-OESTE;5556.561
2024-09-01 00:00:00;NORDESTE;SUDESTE/CENTRO-OESTE;4836.254
2024-09-01 01:00:00;NORDESTE;SUDESTE/CENTRO-OESTE;4653.831
2024-09-01 02:00:00;NORDESTE;SUDESTE/CENTRO-OESTE;4835.956
2024-09-01 03:00:00;NORDESTE;SUDESTE/CENTRO-OESTE;4988.658
2024-09-01 04:00:00;NORDESTE;SUDESTE/CENTRO-OESTE;5417.398
2024-09-01 05:00:00;NORDESTE;SUDESTE/CENTRO-OESTE;5898.25699999
2024-09-01 06:00:00;NORDESTE;SUDESTE/CENTRO-OESTE;5569.827
2024-09-01 07:00:00;NORDESTE;SUDESTE/CENTRO-OESTE;5012.514
2024-09-01 08:00:00;NORDESTE;SUDESTE/CENTRO-OESTE;4266.357
2024-09-01 09:00:00;NORDESTE;SUDESTE/CENTRO-OESTE;3747.548
2024-09-01 10:00:00;NORDESTE;SUDESTE/CENTRO-OESTE;3090.08599999
2024-09-01 11:00:00;NORDESTE;SUDESTE/CENTRO-OESTE;2997.696
2024-09-01 12:00:00;NORDESTE;SUDESTE/CENTRO-OESTE;2923.782
2024-09-01 13:00:00;NORDESTE;SUDESTE/CENTRO-OESTE;3056.28
2024-09-01 14:00:00;NORDESTE;SUDESTE/CENTRO-OESTE;3404.195
2024-09-01 15:00:00;NORDESTE;SUDESTE/CENTRO-OESTE;4114.309
2024-09-01 16:00:00;NORDESTE;SUDESTE/CENTRO-OESTE;4431.56099999
2024-09-01 17:00:00;NORDESTE;SUDESTE/CENTRO-OESTE;5160.067
2024-09-01 18:00:00;NORDESTE;SUDESTE/CENTRO-OESTE;6352.92199999
2024-09-01 19:00:00;NORDESTE;SUDESTE/CENTRO-OESTE;6866.895
2024-09-01 20:00:00;NORDESTE;SUDESTE/CENTRO-OESTE;6572.474
2024-09-01 21:00:00;NORDESTE;SUDESTE/CENTRO-OESTE;6119.716
2024-09-01 22:00:00;NORDESTE;SUDESTE/CENTRO-OESTE;6008.308
2024-09-01 23:00:00;NORDESTE;SUDESTE/CENTRO-OESTE;5758.897
2024-09-02 00:00:00;NORDESTE;SUDESTE/CENTRO-OESTE;5167.47
2024-09-02 01:00:00;NORDESTE;SUDESTE/CENTRO-OESTE;5347.19899999
2024-09-02 02:00:00;NORDESTE;SUDESTE/CENTRO-OESTE;5671.625
2024-09-02 03:00:00;NORDESTE;SUDESTE/CENTRO-OESTE;5699.02
2024-09-02 04:00:00;NORDESTE;SUDESTE/CENTRO-OESTE;5979.378
2024-09-02 05:00:00;NORDESTE;SUDESTE/CENTRO-OESTE;6350.509
2024-09-02 06:00:00;NORDESTE;SUDESTE/CENTRO-OESTE;7025.383
2024-09-02 07:00:00;NORDESTE;SUDESTE/CENTRO-OESTE;7032.588
2024-09-02 08:00:00;NORDESTE;SUDESTE/CENTRO-OESTE;7105.814
2024-09-02 09:00:00;NORDESTE;SUDESTE/CENTRO-OESTE;7034.259
2024-09-02 10:00:00;NORDESTE;SUDESTE/CENTRO-OESTE;6860.009
2024-09-02 11:00:00;NORDESTE;SUDESTE/CENTRO-OESTE;6469.777
2024-09-02 12:00:00;NORDESTE;SUDESTE/CENTRO-OESTE;6244.924
2024-09-02 13:00:00;NORDESTE;SUDESTE/CENTRO-OESTE;5826.987
2024-09-02 14:00:00;NORDESTE;SUDESTE/CENTRO-OESTE;5039.747
2024-09-02 15:00:00;NORDESTE;SUDESTE/CENTRO-OESTE;4536.255
2024-09-02 16:00:00;NORDESTE;SUDESTE/CENTRO-OESTE;4467.129
2024-09-02 17:00:00;NORDESTE;SUDESTE/CENTRO-OESTE;4385.70799999
2024-09-02 18:00:00;NORDESTE;SUDESTE/CENTRO-OESTE;5840.874
2024-09-02 19:00:00;NORDESTE;SUDESTE/CENTRO-OESTE;6308.25
2024-09-02 20:00:00;NORDESTE;SUDESTE/CENTRO-OESTE;6419.921
2024-09-02 21:00:00;NORDESTE;SUDESTE/CENTRO-OESTE;5932.036
2024-09-02 22:00:00;NORDESTE;SUDESTE/CENTRO-OESTE;5162.03399999
2024-09-02 23:00:00;NORDESTE;SUDESTE/CENTRO-OESTE;4974.943
2024-09-03 00:00:00;NORDESTE;SUDESTE/CENTRO-OESTE;4789.647
2024-09-03 01:00:00;NORDESTE;SUDESTE/CENTRO-OESTE;4718.01
2024-09-03 02:00:00;NORDESTE;SUDESTE/CENTRO-OESTE;4625.972
2024-09-03 03:00:00;NORDESTE;SUDESTE/CENTRO-OESTE;4334.862
2024-09-03 04:00:00;NORDESTE;SUDESTE/CENTRO-OESTE;4062.784
2024-09-03 05:00:00;NORDESTE;SUDESTE/CENTRO-OESTE;4089.35
2024-09-03 06:00:00;NORDESTE;SUDESTE/CENTRO-OESTE;5083.473
2024-09-03 07:00:00;NORDESTE;SUDESTE/CENTRO-OESTE;6387.802
2024-09-03 08:00:00;NORDESTE;SUDESTE/CENTRO-OESTE;6528.949
2024-09-03 09:00:00;NORDESTE;SUDESTE/CENTRO-OESTE;6100.80599999
2024-09-03 10:00:00;NORDESTE;SUDESTE/CENTRO-OESTE;5780.50699999
2024-09-03 11:00:00;NORDESTE;SUDESTE/CENTRO-OESTE;5538.50699999
2024-09-03 12:00:00;NORDESTE;SUDESTE/CENTRO-OESTE;5546.84
2024-09-03 13:00:00;NORDESTE;SUDESTE/CENTRO-OESTE;5172.761
2024-09-03 14:00:00;NORDESTE;SUDESTE/CENTRO-OESTE;4654.307
2024-09-03 15:00:00;NORDESTE;SUDESTE/CENTRO-OESTE;4501.32
2024-09-03 16:00:00;NORDESTE;SUDESTE/CENTRO-OESTE;4120.408
2024-09-03 17:00:00;NORDESTE;SUDESTE/CENTRO-OESTE;4375.843
2024-09-03 18:00:00;NORDESTE;SUDESTE/CENTRO-OESTE;6147.626
2024-09-03 19:00:00;NORDESTE;SUDESTE/CENTRO-OESTE;7002.47099999
2024-09-03 20:00:00;NORDESTE;SUDESTE/CENTRO-OESTE;6509.75699999
2024-09-03 21:00:00;NORDESTE;SUDESTE/CENTRO-OESTE;5858.588
2024-09-03 22:00:00;NORDESTE;SUDESTE/CENTRO-OESTE;5715.744
2024-09-03 23:00:00;NORDESTE;SUDESTE/CENTRO-OESTE;5260.32
2024-09-04 00:00:00;NORDESTE;SUDESTE/CENTRO-OESTE;4960.347
2024-09-04 01:00:00;NORDESTE;SUDESTE/CENTRO-OESTE;4849.642
2024-09-04 02:00:00;NORDESTE;SUDESTE/CENTRO-OESTE;5271.658
2024-09-04 03:00:00;NORDESTE;SUDESTE/CENTRO-OESTE;5151.07399999
2024-09-04 04:00:00;NORDESTE;SUDESTE/CENTRO-OESTE;5402.401
2024-09-04 05:00:00;NORDESTE;SUDESTE/CENTRO-OESTE;5758.29
2024-09-04 06:00:00;NORDESTE;SUDESTE/CENTRO-OESTE;6618.176
2024-09-04 07:00:00;NORDESTE;SUDESTE/CENTRO-OESTE;6282.48899999
2024-09-04 08:00:00;NORDESTE;SUDESTE/CENTRO-OESTE;5939.762
2024-09-04 09:00:00;NORDESTE;SUDESTE/CENTRO-OESTE;6000.816
2024-09-04 10:00:00;NORDESTE;SUDESTE/CENTRO-OESTE;6262.274
2024-09-04 11:00:00;NORDESTE;SUDESTE/CENTRO-OESTE;6263.75699999
2024-09-04 12:00:00;NORDESTE;SUDESTE/CENTRO-OESTE;7199.587
2024-09-04 13:00:00;NORDESTE;SUDESTE/CENTRO-OESTE;6907.299
2024-09-04 14:00:00;NORDESTE;SUDESTE/CENTRO-OESTE;6496.111
2024-09-04 15:00:00;NORDESTE;SUDESTE/CENTRO-OESTE;6448.774
2024-09-04 16:00:00;NORDESTE;SUDESTE/CENTRO-OESTE;7062.185
2024-09-04 17:00:00;NORDESTE;SUDESTE/CENTRO-OESTE;7070.964
2024-09-04 18:00:00;NORDESTE;SUDESTE/CENTRO-OESTE;7380.472
2024-09-04 19:00:00;NORDESTE;SUDESTE/CENTRO-OESTE;7896.563
2024-09-04 20:00:00;NORDESTE;SUDESTE/CENTRO-OESTE;7568.932
2024-09-04 21:00:00;NORDESTE;SUDESTE/CENTRO-OESTE;7456.75
2024-09-04 22:00:00;NORDESTE;SUDESTE/CENTRO-OESTE;7289.66
2024-09-04 23:00:00;NORDESTE;SUDESTE/CENTRO-OESTE;6676.542
2024-09-05 00:00:00;NORDESTE;SUDESTE/CENTRO-OESTE;6361.869
2024-09-05 01:00:00;NORDESTE;SUDESTE/CENTRO-OESTE;6312.252
2024-09-05 02:00:00;NORDESTE;SUDESTE/CENTRO-OESTE;6354.798
2024-09-05 03:00:00;NORDESTE;SUDESTE/CENTRO-OESTE;6467.919
2024-09-05 04:00:00;NORDESTE;SUDESTE/CENTRO-OESTE;6514.587
2024-09-05 05:00:00;NORDESTE;SUDESTE/CENTRO-OESTE;6961.419
2024-09-05 06:00:00;NORDESTE;SUDESTE/CENTRO-OESTE;7146.408
2024-09-05 07:00:00;NORDESTE;SUDESTE/CENTRO-OESTE;7031.777
2024-09-05 08:00:00;NORDESTE;SUDESTE/CENTRO-OESTE;7054.826
2024-09-05 09:00:00;NORDESTE;SUDESTE/CENTRO-OESTE;6916.175
2024-09-05 10:00:00;NORDESTE;SUDESTE/CENTRO-OESTE;6771.653
2024-09-05 11:00:00;NORDESTE;SUDESTE/CENTRO-OESTE;6816.279
2024-09-05 12:00:00;NORDESTE;SUDESTE/CENTRO-OESTE;6772.4
2024-09-05 13:00:00;NORDESTE;SUDESTE/CENTRO-OESTE;6566.173
2024-09-05 14:00:00;NORDESTE;SUDESTE/CENTRO-OESTE;6176.41299999
2024-09-05 15:00:00;NORDESTE;SUDESTE/CENTRO-OESTE;5620.25
2024-09-05 16:00:00;NORDESTE;SUDESTE/CENTRO-OESTE;5156.54699999
2024-09-05 17:00:00;NORDESTE;SUDESTE/CENTRO-OESTE;4548.128
2024-09-05 18:00:00;NORDESTE;SUDESTE/CENTRO-OESTE;5987.642
2024-09-05 19:00:00;NORDESTE;SUDESTE/CENTRO-OESTE;6682.384
2024-09-05 20:00:00;NORDESTE;SUDESTE/CENTRO-OESTE;6482.781
2024-09-05 21:00:00;NORDESTE;SUDESTE/CENTRO-OESTE;6300.103
2024-09-05 22:00:00;NORDESTE;SUDESTE/CENTRO-OESTE;5944.875
2024-09-05 23:00:00;NORDESTE;SUDESTE/CENTRO-OESTE;5351.868
2024-09-06 00:00:00;NORDESTE;SUDESTE/CENTRO-OESTE;4906.233
2024-09-06 01:00:00;NORDESTE;SUDESTE/CENTRO-OESTE;4839.964
2024-09-06 02:00:00;NORDESTE;SUDESTE/CENTRO-OESTE;5101.042
2024-09-06 03:00:00;NORDESTE;SUDESTE/CENTRO-OESTE;5581.84
2024-09-06 04:00:00;NORDESTE;SUDESTE/CENTRO-OESTE;5941.817
2024-09-06 05:00:00;NORDESTE;SUDESTE/CENTRO-OESTE;6104.67
2024-09-06 06:00:00;NORDESTE;SUDESTE/CENTRO-OESTE;6700.225
2024-09-06 07:00:00;NORDESTE;SUDESTE/CENTRO-OESTE;7005.842
2024-09-06 08:00:00;NORDESTE;SUDESTE/CENTRO-OESTE;6786.863
2024-09-06 09:00:00;NORDESTE;SUDESTE/CENTRO-OESTE;5886.849
2024-09-06 10:00:00;NORDESTE;SUDESTE/CENTRO-OESTE;5934.449
2024-09-06 11:00:00;NORDESTE;SUDESTE/CENTRO-OESTE;5521.50699999
2024-09-06 12:00:00;NORDESTE;SUDESTE/CENTRO-OESTE;5363.296
2024-09-06 13:00:00;NORDESTE;SUDESTE/CENTRO-OESTE;4695.627
2024-09-06 14:00:00;NORDESTE;SUDESTE/CENTRO-OESTE;4081.055
2024-09-06 15:00:00;NORDESTE;SUDESTE/CENTRO-OESTE;4050.482
2024-09-06 16:00:00;NORDESTE;SUDESTE/CENTRO-OESTE;4299.5
2024-09-06 17:00:00;NORDESTE;SUDESTE/CENTRO-OESTE;4327.99799999
2024-09-06 18:00:00;NORDESTE;SUDESTE/CENTRO-OESTE;5973.948
2024-09-06 19:00:00;NORDESTE;SUDESTE/CENTRO-OESTE;7417.12899999
2024-09-06 20:00:00;NORDESTE;SUDESTE/CENTRO-OESTE;7800.624
2024-09-06 21:00:00;NORDESTE;SUDESTE/CENTRO-OESTE;7192.287
2024-09-06 22:00:00;NORDESTE;SUDESTE/CENTRO-OESTE;6779.31
2024-09-06 23:00:00;NORDESTE;SUDESTE/CENTRO-OESTE;6453.755
2024-09-07 00:00:00;NORDESTE;SUDESTE/CENTRO-OESTE;6042.014
2024-09-07 01:00:00;NORDESTE;SUDESTE/CENTRO-OESTE;6188.524
2024-09-07 02:00:00;NORDESTE;SUDESTE/CENTRO-OESTE;6476.508
2024-09-07 03:00:00;NORDESTE;SUDESTE/CENTRO-OESTE;6740.843
2024-09-07 04:00:00;NORDESTE;SUDESTE/CENTRO-OESTE;6803.402
2024-09-07 05:00:00;NORDESTE;SUDESTE/CENTRO-OESTE;6800.217
2024-09-07 06:00:00;NORDESTE;SUDESTE/CENTRO-OESTE;6714.055
2024-09-07 07:00:00;NORDESTE;SUDESTE/CENTRO-OESTE;6403.563
2024-09-07 08:00:00;NORDESTE;SUDESTE/CENTRO-OESTE;5771.015
2024-09-07 09:00:00;NORDESTE;SUDESTE/CENTRO-OESTE;5235.706
2024-09-07 10:00:00;NORDESTE;SUDESTE/CENTRO-OESTE;4858.279
2024-09-07 11:00:00;NORDESTE;SUDESTE/CENTRO-OESTE;4631.45
2024-09-07 12:00:00;NORDESTE;SUDESTE/CENTRO-OESTE;4353.64999999
2024-09-07 13:00:00;NORDESTE;SUDESTE/CENTRO-OESTE;4188.224
2024-09-07 14:00:00;NORDESTE;SUDESTE/CENTRO-OESTE;4389.377
2024-09-07 15:00:00;NORDESTE;SUDESTE/CENTRO-OESTE;5209.776
2024-09-07 16:00:00;NORDESTE;SUDESTE/CENTRO-OESTE;6161.036
2024-09-07 17:00:00;NORDESTE;SUDESTE/CENTRO-OESTE;6633.183
2024-09-07 18:00:00;NORDESTE;SUDESTE/CENTRO-OESTE;6962.30599999
2024-09-07 19:00:00;NORDESTE;SUDESTE/CENTRO-OESTE;7743.59699999
2024-09-07 20:00:00;NORDESTE;SUDESTE/CENTRO-OESTE;7809.603
2024-09-07 21:00:00;NORDESTE;SUDESTE/CENTRO-OESTE;7299.352
2024-09-07 22:00:00;NORDESTE;SUDESTE/CENTRO-OESTE;6992.245
2024-09-07 23:00:00;NORDESTE;SUDESTE/CENTRO-OESTE;6651.705
2024-09-08 00:00:00;NORDESTE;SUDESTE/CENTRO-OESTE;6533.942
2024-09-08 01:00:00;NORDESTE;SUDESTE/CENTRO-OESTE;6783.139
2024-09-08 02:00:00;NORDESTE;SUDESTE/CENTRO-OESTE;7068.253
2024-09-08 03:00:00;NORDESTE;SUDESTE/CENTRO-OESTE;6931.541
2024-09-08 04:00:00;NORDESTE;SUDESTE/CENTRO-OESTE;6525.43
2024-09-08 05:00:00;NORDESTE;SUDESTE/CENTRO-OESTE;6505.709
2024-09-08 06:00:00;NORDESTE;SUDESTE/CENTRO-OESTE;6462.705
2024-09-08 07:00:00;NORDESTE;SUDESTE/CENTRO-OESTE;5852.921
2024-09-08 08:00:00;NORDESTE;SUDESTE/CENTRO-OESTE;4030.45
2024-09-08 09:00:00;NORDESTE;SUDESTE/CENTRO-OESTE;3264.186
2024-09-08 10:00:00;NORDESTE;SUDESTE/CENTRO-OESTE;2853.07
2024-09-08 11:00:00;NORDESTE;SUDESTE/CENTRO-OESTE;2651.136
2024-09-08 12:00:00;NORDESTE;SUDESTE/CENTRO-OESTE;2989.449
2024-09-08 13:00:00;NORDESTE;SUDESTE/CENTRO-OESTE;3289.681
2024-09-08 14:00:00;NORDESTE;SUDESTE/CENTRO-OESTE;3717.436
2024-09-08 15:00:00;NORDESTE;SUDESTE/CENTRO-OESTE;4177.174
2024-09-08 16:00:00;NORDESTE;SUDESTE/CENTRO-OESTE;5562.774
2024-09-08 17:00:00;NORDESTE;SUDESTE/CENTRO-OESTE;6559.506
2024-09-08 18:00:00;NORDESTE;SUDESTE/CENTRO-OESTE;6430.464
2024-09-08 19:00:00;NORDESTE;SUDESTE/CENTRO-OESTE;6832.866
2024-09-08 20:00:00;NORDESTE;SUDESTE/CENTRO-OESTE;6765.857
2024-09-08 21:00:00;NORDESTE;SUDESTE/CENTRO-OESTE;6479.938
2024-09-08 22:00:00;NORDESTE;SUDESTE/CENTRO-OESTE;5981.228
2024-09-08 23:00:00;NORDESTE;SUDESTE/CENTRO-OESTE;6083.365
2024-09-09 00:00:00;NORDESTE;SUDESTE/CENTRO-OESTE;6731.778
2024-09-09 01:00:00;NORDESTE;SUDESTE/CENTRO-OESTE;7046.103
2024-09-09 02:00:00;NORDESTE;SUDESTE/CENTRO-OESTE;7069.542
2024-09-09 03:00:00;NORDESTE;SUDESTE/CENTRO-OESTE;6952.43
2024-09-09 04:00:00;NORDESTE;SUDESTE/CENTRO-OESTE;6835.186
2024-09-09 05:00:00;NORDESTE;SUDESTE/CENTRO-OESTE;6961.63
2024-09-09 06:00:00;NORDESTE;SUDESTE/CENTRO-OESTE;7187.687
2024-09-09 07:00:00;NORDESTE;SUDESTE/CENTRO-OESTE;6857.134
2024-09-09 08:00:00;NORDESTE;SUDESTE/CENTRO-OESTE;6548.93099999
2024-09-09 09:00:00;NORDESTE;SUDESTE/CENTRO-OESTE;6535.237
2024-09-09 10:00:00;NORDESTE;SUDESTE/CENTRO-OESTE;6306.042
2024-09-09 11:00:00;NORDESTE;SUDESTE/CENTRO-OESTE;6411.77
2024-09-09 12:00:00;NORDESTE;SUDESTE/CENTRO-OESTE;6520.939
2024-09-09 13:00:00;NORDESTE;SUDESTE/CENTRO-OESTE;6312.543
2024-09-09 14:00:00;NORDESTE;SUDESTE/CENTRO-OESTE;6208.543
2024-09-09 15:00:00;NORDESTE;SUDESTE/CENTRO-OESTE;6176.16299999
2024-09-09 16:00:00;NORDESTE;SUDESTE/CENTRO-OESTE;6997.186
2024-09-09 17:00:00;NORDESTE;SUDESTE/CENTRO-OESTE;6834.206
2024-09-09 18:00:00;NORDESTE;SUDESTE/CENTRO-OESTE;6982.121
2024-09-09 19:00:00;NORDESTE;SUDESTE/CENTRO-OESTE;7064.394
2024-09-09 20:00:00;NORDESTE;SUDESTE/CENTRO-OESTE;7643.082
2024-09-09 21:00:00;NORDESTE;SUDESTE/CENTRO-OESTE;7085.349
2024-09-09 22:00:00;NORDESTE;SUDESTE/CENTRO-OESTE;6827.716
2024-09-09 23:00:00;NORDESTE;SUDESTE/CENTRO-OESTE;6197.074
2024-09-10 00:00:00;NORDESTE;SUDESTE/CENTRO-OESTE;6170.233
2024-09-10 01:00:00;NORDESTE;SUDESTE/CENTRO-OESTE;6200.726
2024-09-10 02:00:00;NORDESTE;SUDESTE/CENTRO-OESTE;6287.551
2024-09-10 03:00:00;NORDESTE;SUDESTE/CENTRO-OESTE;5968.88
2024-09-10 04:00:00;NORDESTE;SUDESTE/CENTRO-OESTE;5840.29
2024-09-10 05:00:00;NORDESTE;SUDESTE/CENTRO-OESTE;6011.136
2024-09-10 06:00:00;NORDESTE;SUDESTE/CENTRO-OESTE;6876.886
2024-09-10 07:00:00;NORDESTE;SUDESTE/CENTRO-OESTE;6675.2
2024-09-10 08:00:00;NORDESTE;SUDESTE/CENTRO-OESTE;6356.459
2024-09-10 09:00:00;NORDESTE;SUDESTE/CENTRO-OESTE;6423.725
2024-09-10 10:00:00;NORDESTE;SUDESTE/CENTRO-OESTE;6161.201
2024-09-10 11:00:00;NORDESTE;SUDESTE/CENTRO-OESTE;5648.865
2024-09-10 12:00:00;NORDESTE;SUDESTE/CENTRO-OESTE;5507.523
2024-09-10 13:00:00;NORDESTE;SUDESTE/CENTRO-OESTE;5493.66
2024-09-10 14:00:00;NORDESTE;SUDESTE/CENTRO-OESTE;5637.973
2024-09-10 15:00:00;NORDESTE;SUDESTE/CENTRO-OESTE;5815.674
2024-09-10 16:00:00;NORDESTE;SUDESTE/CENTRO-OESTE;5809.99
2024-09-10 17:00:00;NORDESTE;SUDESTE/CENTRO-OESTE;5867.353
2024-09-10 18:00:00;NORDESTE;SUDESTE/CENTRO-OESTE;6716.045
2024-09-10 19:00:00;NORDESTE;SUDESTE/CENTRO-OESTE;7732.112
2024-09-10 20:00:00;NORDESTE;SUDESTE/CENTRO-OESTE;7424.716
2024-09-10 21:00:00;NORDESTE;SUDESTE/CENTRO-OESTE;7532.652
2024-09-10 22:00:00;NORDESTE;SUDESTE/CENTRO-OESTE;6915.43999999
2024-09-10 23:00:00;NORDESTE;SUDESTE/CENTRO-OESTE;6429.14
2024-09-11 00:00:00;NORDESTE;SUDESTE/CENTRO-OESTE;6564.229
2024-09-11 01:00:00;NORDESTE;SUDESTE/CENTRO-OESTE;6469.856
2024-09-11 02:00:00;NORDESTE;SUDESTE/CENTRO-OESTE;6670.758
2024-09-11 03:00:00;NORDESTE;SUDESTE/CENTRO-OESTE;6540.73899999
2024-09-11 04:00:00;NORDESTE;SUDESTE/CENTRO-OESTE;6450.834
2024-09-11 05:00:00;NORDESTE;SUDESTE/CENTRO-OESTE;6714.281
2024-09-11 06:00:00;NORDESTE;SUDESTE/CENTRO-OESTE;6906.6
2024-09-11 07:00:00;NORDESTE;SUDESTE/CENTRO-OESTE;6065.418
2024-09-11 08:00:00;NORDESTE;SUDESTE/CENTRO-OESTE;5455.661
2024-09-11 09:00:00;NORDESTE;SUDESTE/CENTRO-OESTE;4871.736
2024-09-11 10:00:00;NORDESTE;SUDESTE/CENTRO-OESTE;4833.05
2024-09-11 11:00:00;NORDESTE;SUDESTE/CENTRO-OESTE;4795.7
2024-09-11 12:00:00;NORDESTE;SUDESTE/CENTRO-OESTE;4731.455
2024-09-11 13:00:00;NORDESTE;SUDESTE/CENTRO-OESTE;4795.424
2024-09-11 14:00:00;NORDESTE;SUDESTE/CENTRO-OESTE;5099.108
2024-09-11 15:00:00;NORDESTE;SUDESTE/CENTRO-OESTE;5533.941
2024-09-11 16:00:00;NORDESTE;SUDESTE/CENTRO-OESTE;6266.313
2024-09-11 17:00:00;NORDESTE;SUDESTE/CENTRO-OESTE;6392.63199999
2024-09-11 18:00:00;NORDESTE;SUDESTE/CENTRO-OESTE;7413.59
2024-09-11 19:00:00;NORDESTE;SUDESTE/CENTRO-OESTE;7862.516
2024-09-11 20:00:00;NORDESTE;SUDESTE/CENTRO-OESTE;7258.074
2024-09-11 21:00:00;NORDESTE;SUDESTE/CENTRO-OESTE;7101.633
2024-09-11 22:00:00;NORDESTE;SUDESTE/CENTRO-OESTE;7136.859
2024-09-11 23:00:00;NORDESTE;SUDESTE/CENTRO-OESTE;7053.1
2024-09-12 00:00:00;NORDESTE;SUDESTE/CENTRO-OESTE;6813.956
2024-09-12 01:00:00;NORDESTE;SUDESTE/CENTRO-OESTE;6768.354
2024-09-12 02:00:00;NORDESTE;SUDESTE/CENTRO-OESTE;6654.078
2024-09-12 03:00:00;NORDESTE;SUDESTE/CENTRO-OESTE;6417.966
2024-09-12 04:00:00;NORDESTE;SUDESTE/CENTRO-OESTE;6465.695
2024-09-12 05:00:00;NORDESTE;SUDESTE/CENTRO-OESTE;7185.668
2024-09-12 06:00:00;NORDESTE;SUDESTE/CENTRO-OESTE;7255.559
2024-09-12 07:00:00;NORDESTE;SUDESTE/CENTRO-OESTE;6145.735
2024-09-12 08:00:00;NORDESTE;SUDESTE/CENTRO-OESTE;5179.138
2024-09-12 09:00:00;NORDESTE;SUDESTE/CENTRO-OESTE;5127.98899999
2024-09-12 10:00:00;NORDESTE;SUDESTE/CENTRO-OESTE;5073.379
2024-09-12 11:00:00;NORDESTE;SUDESTE/CENTRO-OESTE;5177.107
2024-09-12 12:00:00;NORDESTE;SUDESTE/CENTRO-OESTE;5524.904
2024-09-12 13:00:00;NORDESTE;SUDESTE/CENTRO-OESTE;5724.492
2024-09-12 14:00:00;NORDESTE;SUDESTE/CENTRO-OESTE;5925.832
2024-09-12 15:00:00;NORDESTE;SUDESTE/CENTRO-OESTE;6235.959
2024-09-12 16:00:00;NORDESTE;SUDESTE/CENTRO-OESTE;6382.533
2024-09-12 17:00:00;NORDESTE;SUDESTE/CENTRO-OESTE;7610.259
2024-09-12 18:00:00;NORDESTE;SUDESTE/CENTRO-OESTE;7728.666
2024-09-12 19:00:00;NORDESTE;SUDESTE/CENTRO-OESTE;7706.297
2024-09-12 20:00:00;NORDESTE;SUDESTE/CENTRO-OESTE;7821.736
2024-09-12 21:00:00;NORDESTE;SUDESTE/CENTRO-OESTE;7450.605
2024-09-12 22:00:00;NORDESTE;SUDESTE/CENTRO-OESTE;7310.119
2024-09-12 23:00:00;NORDESTE;SUDESTE/CENTRO-OESTE;7351.546
2024-09-13 00:00:00;NORDESTE;SUDESTE/CENTRO-OESTE;7151.33
2024-09-13 01:00:00;NORDESTE;SUDESTE/CENTRO-OESTE;7210.345
2024-09-13 02:00:00;NORDESTE;SUDESTE/CENTRO-OESTE;7222.267
2024-09-13 03:00:00;NORDESTE;SUDESTE/CENTRO-OESTE;7196.192
2024-09-13 04:00:00;NORDESTE;SUDESTE/CENTRO-OESTE;7180.747
2024-09-13 05:00:00;NORDESTE;SUDESTE/CENTRO-OESTE;7079.511
2024-09-13 06:00:00;NORDESTE;SUDESTE/CENTRO-OESTE;6922.28
2024-09-13 07:00:00;NORDESTE;SUDESTE/CENTRO-OESTE;5931.789
2024-09-13 08:00:00;NORDESTE;SUDESTE/CENTRO-OESTE;5398.359
2024-09-13 09:00:00;NORDESTE;SUDESTE/CENTRO-OESTE;5526.734
2024-09-13 10:00:00;NORDESTE;SUDESTE/CENTRO-OESTE;5730.016
2024-09-13 11:00:00;NORDESTE;SUDESTE/CENTRO-OESTE;5654.716
2024-09-13 12:00:00;NORDESTE;SUDESTE/CENTRO-OESTE;5597.025
2024-09-13 13:00:00;NORDESTE;SUDESTE/CENTRO-OESTE;5329.363
2024-09-13 14:00:00;NORDESTE;SUDESTE/CENTRO-OESTE;5473.572
2024-09-13 15:00:00;NORDESTE;SUDESTE/CENTRO-OESTE;5480.662
2024-09-13 16:00:00;NORDESTE;SUDESTE/CENTRO-OESTE;6323.813
2024-09-13 17:00:00;NORDESTE;SUDESTE/CENTRO-OESTE;6586.972
2024-09-13 18:00:00;NORDESTE;SUDESTE/CENTRO-OESTE;7069.877
2024-09-13 19:00:00;NORDESTE;SUDESTE/CENTRO-OESTE;7280.041
2024-09-13 20:00:00;NORDESTE;SUDESTE/CENTRO-OESTE;7440.242
2024-09-13 21:00:00;NORDESTE;SUDESTE/CENTRO-OESTE;7069.781
2024-09-13 22:00:00;NORDESTE;SUDESTE/CENTRO-OESTE;6823.598
2024-09-13 23:00:00;NORDESTE;SUDESTE/CENTRO-OESTE;6332.028
2024-09-14 00:00:00;NORDESTE;SUDESTE/CENTRO-OESTE;5837.885
2024-09-14 01:00:00;NORDESTE;SUDESTE/CENTRO-OESTE;6078.885
2024-09-14 02:00:00;NORDESTE;SUDESTE/CENTRO-OESTE;6283.692
2024-09-14 03:00:00;NORDESTE;SUDESTE/CENTRO-OESTE;6102.717
2024-09-14 04:00:00;NORDESTE;SUDESTE/CENTRO-OESTE;5903.512
2024-09-14 05:00:00;NORDESTE;SUDESTE/CENTRO-OESTE;6161.621
2024-09-14 06:00:00;NORDESTE;SUDESTE/CENTRO-OESTE;6700.814
2024-09-14 07:00:00;NORDESTE;SUDESTE/CENTRO-OESTE;6079.93999999
2024-09-14 08:00:00;NORDESTE;SUDESTE/CENTRO-OESTE;5217.039
2024-09-14 09:00:00;NORDESTE;SUDESTE/CENTRO-OESTE;5103.487
2024-09-14 10:00:00;NORDESTE;SUDESTE/CENTRO-OESTE;5223.776
2024-09-14 11:00:00;NORDESTE;SUDESTE/CENTRO-OESTE;5109.557
2024-09-14 12:00:00;NORDESTE;SUDESTE/CENTRO-OESTE;4810.50699999
2024-09-14 13:00:00;NORDESTE;SUDESTE/CENTRO-OESTE;4860.787
2024-09-14 14:00:00;NORDESTE;SUDESTE/CENTRO-OESTE;4864.549
2024-09-14 15:00:00;NORDESTE;SUDESTE/CENTRO-OESTE;5013.568
2024-09-14 16:00:00;NORDESTE;SUDESTE/CENTRO-OESTE;4991.394
2024-09-14 17:00:00;NORDESTE;SUDESTE/CENTRO-OESTE;4773.13
2024-09-14 18:00:00;NORDESTE;SUDESTE/CENTRO-OESTE;5417.808
2024-09-14 19:00:00;NORDESTE;SUDESTE/CENTRO-OESTE;6456.66299999
2024-09-14 20:00:00;NORDESTE;SUDESTE/CENTRO-OESTE;7063.266
2024-09-14 21:00:00;NORDESTE;SUDESTE/CENTRO-OESTE;7048.612
2024-09-14 22:00:00;NORDESTE;SUDESTE/CENTRO-OESTE;7110.41
2024-09-14 23:00:00;NORDESTE;SUDESTE/CENTRO-OESTE;7071.268
2024-09-15 00:00:00;NORDESTE;SUDESTE/CENTRO-OESTE;6567.795
2024-09-15 01:00:00;NORDESTE;SUDESTE/CENTRO-OESTE;6546.901
2024-09-15 02:00:00;NORDESTE;SUDESTE/CENTRO-OESTE;6705.225
2024-09-15 03:00:00;NORDESTE;SUDESTE/CENTRO-OESTE;6936.253
2024-09-15 04:00:00;NORDESTE;SUDESTE/CENTRO-OESTE;6934.649
2024-09-15 05:00:00;NORDESTE;SUDESTE/CENTRO-OESTE;5894.834
2024-09-15 06:00:00;NORDESTE;SUDESTE/CENTRO-OESTE;5435.921
2024-09-15 07:00:00;NORDESTE;SUDESTE/CENTRO-OESTE;4507.944
2024-09-15 08:00:00;NORDESTE;SUDESTE/CENTRO-OESTE;4227.651
2024-09-15 09:00:00;NORDESTE;SUDESTE/CENTRO-OESTE;4179.05599999
2024-09-15 10:00:00;NORDESTE;SUDESTE/CENTRO-OESTE;3687.951
2024-09-15 11:00:00;NORDESTE;SUDESTE/CENTRO-OESTE;3439.14399999
2024-09-15 12:00:00;NORDESTE;SUDESTE/CENTRO-OESTE;3277.725
2024-09-15 13:00:00;NORDESTE;SUDESTE/CENTRO-OESTE;3255.17299999
2024-09-15 14:00:00;NORDESTE;SUDESTE/CENTRO-OESTE;4139.593
2024-09-15 15:00:00;NORDESTE;SUDESTE/CENTRO-OESTE;3914.162
2024-09-15 16:00:00;NORDESTE;SUDESTE/CENTRO-OESTE;3333.268
2024-09-15 17:00:00;NORDESTE;SUDESTE/CENTRO-OESTE;3860.667
2024-09-15 18:00:00;NORDESTE;SUDESTE/CENTRO-OESTE;5995.167
2024-09-15 19:00:00;NORDESTE;SUDESTE/CENTRO-OESTE;7280.385
2024-09-15 20:00:00;NORDESTE;SUDESTE/CENTRO-OESTE;7174.318
2024-09-15 21:00:00;NORDESTE;SUDESTE/CENTRO-OESTE;6696.535
2024-09-15 22:00:00;NORDESTE;SUDESTE/CENTRO-OESTE;6661.68999999
2024-09-15 23:00:00;NORDESTE;SUDESTE/CENTRO-OESTE;6481.827
2024-09-16 00:00:00;NORDESTE;SUDESTE/CENTRO-OESTE;6421.291
2024-09-16 01:00:00;NORDESTE;SUDESTE/CENTRO-OESTE;6468.848
2024-09-16 02:00:00;NORDESTE;SUDESTE/CENTRO-OESTE;6796.82
2024-09-16 03:00:00;NORDESTE;SUDESTE/CENTRO-OESTE;6919.342
2024-09-16 04:00:00;NORDESTE;SUDESTE/CENTRO-OESTE;6879.512
2024-09-16 05:00:00;NORDESTE;SUDESTE/CENTRO-OESTE;6917.72099999
2024-09-16 06:00:00;NORDESTE;SUDESTE/CENTRO-OESTE;7089.48
2024-09-16 07:00:00;NORDESTE;SUDESTE/CENTRO-OESTE;6474.483
2024-09-16 08:00:00;NORDESTE;SUDESTE/CENTRO-OESTE;5752.252
2024-09-16 09:00:00;NORDESTE;SUDESTE/CENTRO-OESTE;5048.298
2024-09-16 10:00:00;NORDESTE;SUDESTE/CENTRO-OESTE;5140.871
2024-09-16 11:00:00;NORDESTE;SUDESTE/CENTRO-OESTE;4551.097
2024-09-16 12:00:00;NORDESTE;SUDESTE/CENTRO-OESTE;3689.559
2024-09-16 13:00:00;NORDESTE;SUDESTE/CENTRO-OESTE;4149.24
2024-09-16 14:00:00;NORDESTE;SUDESTE/CENTRO-OESTE;3657.352
2024-09-16 15:00:00;NORDESTE;SUDESTE/CENTRO-OESTE;3289.061
2024-09-16 16:00:00;NORDESTE;SUDESTE/CENTRO-OESTE;3023.348
2024-09-16 17:00:00;NORDESTE;SUDESTE/CENTRO-OESTE;3302.37
2024-09-16 18:00:00;NORDESTE;SUDESTE/CENTRO-OESTE;5358.518
2024-09-16 19:00:00;NORDESTE;SUDESTE/CENTRO-OESTE;6760.218
2024-09-16 20:00:00;NORDESTE;SUDESTE/CENTRO-OESTE;7222.768
2024-09-16 21:00:00;NORDESTE;SUDESTE/CENTRO-OESTE;6442.245
2024-09-16 22:00:00;NORDESTE;SUDESTE/CENTRO-OESTE;5968.412
2024-09-16 23:00:00;NORDESTE;SUDESTE/CENTRO-OESTE;6142.031
2024-09-17 00:00:00;NORDESTE;SUDESTE/CENTRO-OESTE;6042.184
2024-09-17 01:00:00;NORDESTE;SUDESTE/CENTRO-OESTE;6119.351
2024-09-17 02:00:00;NORDESTE;SUDESTE/CENTRO-OESTE;6471.45
2024-09-17 03:00:00;NORDESTE;SUDESTE/CENTRO-OESTE;6839.516
2024-09-17 04:00:00;NORDESTE;SUDESTE/CENTRO-OESTE;6749.973
2024-09-17 05:00:00;NORDESTE;SUDESTE/CENTRO-OESTE;6871.827
2024-09-17 06:00:00;NORDESTE;SUDESTE/CENTRO-OESTE;7039.133
2024-09-17 07:00:00;NORDESTE;SUDESTE/CENTRO-OESTE;6469.711
2024-09-17 08:00:00;NORDESTE;SUDESTE/CENTRO-OESTE;5673.593
2024-09-17 09:00:00;NORDESTE;SUDESTE/CENTRO-OESTE;5528.231
2024-09-17 10:00:00;NORDESTE;SUDESTE/CENTRO-OESTE;5546.261
2024-09-17 11:00:00;NORDESTE;SUDESTE/CENTRO-OESTE;5402.803
2024-09-17 12:00:00;NORDESTE;SUDESTE/CENTRO-OESTE;5532.735
2024-09-17 13:00:00;NORDESTE;SUDESTE/CENTRO-OESTE;5173.115
2024-09-17 14:00:00;NORDESTE;SUDESTE/CENTRO-OESTE;4863.381
2024-09-17 15:00:00;NORDESTE;SUDESTE/CENTRO-OESTE;4520.734
2024-09-17 16:00:00;NORDESTE;SUDESTE/CENTRO-OESTE;4322.173
2024-09-17 17:00:00;NORDESTE;SUDESTE/CENTRO-OESTE;4951.497
2024-09-17 18:00:00;NORDESTE;SUDESTE/CENTRO-OESTE;7031.476
2024-09-17 19:00:00;NORDESTE;SUDESTE/CENTRO-OESTE;7796.859
2024-09-17 20:00:00;NORDESTE;SUDESTE/CENTRO-OESTE;7242.629
2024-09-17 21:00:00;NORDESTE;SUDESTE/CENTRO-OESTE;6929.426
2024-09-17 22:00:00;NORDESTE;SUDESTE/CENTRO-OESTE;6401.483
2024-09-17 23:00:00;NORDESTE;SUDESTE/CENTRO-OESTE;5821.674
2024-09-18 00:00:00;NORDESTE;SUDESTE/CENTRO-OESTE;6004.407
2024-09-18 01:00:00;NORDESTE;SUDESTE/CENTRO-OESTE;6364.694
2024-09-18 02:00:00;NORDESTE;SUDESTE/CENTRO-OESTE;6373.198
2024-09-18 03:00:00;NORDESTE;SUDESTE/CENTRO-OESTE;6404.945
2024-09-18 04:00:00;NORDESTE;SUDESTE/CENTRO-OESTE;6392.897
2024-09-18 05:00:00;NORDESTE;SUDESTE/CENTRO-OESTE;6449.329
2024-09-18 06:00:00;NORDESTE;SUDESTE/CENTRO-OESTE;6869.812
2024-09-18 07:00:00;NORDESTE;SUDESTE/CENTRO-OESTE;6306.569
2024-09-18 08:00:00;NORDESTE;SUDESTE/CENTRO-OESTE;4960.96
2024-09-18 09:00:00;NORDESTE;SUDESTE/CENTRO-OESTE;6027.607
2024-09-18 10:00:00;NORDESTE;SUDESTE/CENTRO-OESTE;5862.573
2024-09-18 11:00:00;NORDESTE;SUDESTE/CENTRO-OESTE;5484.617
2024-09-18 12:00:00;NORDESTE;SUDESTE/CENTRO-OESTE;4995.479
2024-09-18 13:00:00;NORDESTE;SUDESTE/CENTRO-OESTE;4628.637
2024-09-18 14:00:00;NORDESTE;SUDESTE/CENTRO-OESTE;4758.861
2024-09-18 15:00:00;NORDESTE;SUDESTE/CENTRO-OESTE;4935.299
2024-09-18 16:00:00;NORDESTE;SUDESTE/CENTRO-OESTE;5102.897
2024-09-18 17:00:00;NORDESTE;SUDESTE/CENTRO-OESTE;5526.312
2024-09-18 18:00:00;NORDESTE;SUDESTE/CENTRO-OESTE;7093.209
2024-09-18 19:00:00;NORDESTE;SUDESTE/CENTRO-OESTE;7622.70899999
2024-09-18 20:00:00;NORDESTE;SUDESTE/CENTRO-OESTE;7547.01699999
2024-09-18 21:00:00;NORDESTE;SUDESTE/CENTRO-OESTE;7119.359
2024-09-18 22:00:00;NORDESTE;SUDESTE/CENTRO-OESTE;6734.838
2024-09-18 23:00:00;NORDESTE;SUDESTE/CENTRO-OESTE;6467.361
2024-09-19 00:00:00;NORDESTE;SUDESTE/CENTRO-OESTE;6362.259
2024-09-19 01:00:00;NORDESTE;SUDESTE/CENTRO-OESTE;6848.057
2024-09-19 02:00:00;NORDESTE;SUDESTE/CENTRO-OESTE;6820.057
2024-09-19 03:00:00;NORDESTE;SUDESTE/CENTRO-OESTE;6893.72099999
2024-09-19 04:00:00;NORDESTE;SUDESTE/CENTRO-OESTE;6706.254
2024-09-19 05:00:00;NORDESTE;SUDESTE/CENTRO-OESTE;6858.574
2024-09-19 06:00:00;NORDESTE;SUDESTE/CENTRO-OESTE;6874.792
2024-09-19 07:00:00;NORDESTE;SUDESTE/CENTRO-OESTE;6465.67
2024-09-19 08:00:00;NORDESTE;SUDESTE/CENTRO-OESTE;5952.333
2024-09-19 09:00:00;NORDESTE;SUDESTE/CENTRO-OESTE;5597.094
2024-09-19 10:00:00;NORDESTE;SUDESTE/CENTRO-OESTE;5060.892
2024-09-19 11:00:00;NORDESTE;SUDESTE/CENTRO-OESTE;5010.639
2024-09-19 12:00:00;NORDESTE;SUDESTE/CENTRO-OESTE;5190.31099999
2024-09-19 13:00:00;NORDESTE;SUDESTE/CENTRO-OESTE;4820.551
2024-09-19 14:00:00;NORDESTE;SUDESTE/CENTRO-OESTE;4471.945
2024-09-19 15:00:00;NORDESTE;SUDESTE/CENTRO-OESTE;4602.942
2024-09-19 16:00:00;NORDESTE;SUDESTE/CENTRO-OESTE;4539.887
2024-09-19 17:00:00;NORDESTE;SUDESTE/CENTRO-OESTE;4907.704
2024-09-19 18:00:00;NORDESTE;SUDESTE/CENTRO-OESTE;6550.308
2024-09-19 19:00:00;NORDESTE;SUDESTE/CENTRO-OESTE;7648.16
2024-09-19 20:00:00;NORDESTE;SUDESTE/CENTRO-OESTE;7479.35299999
2024-09-19 21:00:00;NORDESTE;SUDESTE/CENTRO-OESTE;7199.579
2024-09-19 22:00:00;NORDESTE;SUDESTE/CENTRO-OESTE;6481.661
2024-09-19 23:00:00;NORDESTE;SUDESTE/CENTRO-OESTE;6436.344
2024-09-20 00:00:00;NORDESTE;SUDESTE/CENTRO-OESTE;6314.194
2024-09-20 01:00:00;NORDESTE;SUDESTE/CENTRO-OESTE;6475.791
2024-09-20 02:00:00;NORDESTE;SUDESTE/CENTRO-OESTE;6673.089
2024-09-20 03:00:00;NORDESTE;SUDESTE/CENTRO-OESTE;6809.598
2024-09-20 04:00:00;NORDESTE;SUDESTE/CENTRO-OESTE;6785.926
2024-09-20 05:00:00;NORDESTE;SUDESTE/CENTRO-OESTE;6896.386
2024-09-20 06:00:00;NORDESTE;SUDESTE/CENTRO-OESTE;7003.615
2024-09-20 07:00:00;NORDESTE;SUDESTE/CENTRO-OESTE;6495.425
2024-09-20 08:00:00;NORDESTE;SUDESTE/CENTRO-OESTE;6264.217
2024-09-20 09:00:00;NORDESTE;SUDESTE/CENTRO-OESTE;5903.463
2024-09-20 10:00:00;NORDESTE;SUDESTE/CENTRO-OESTE;5175.014
2024-09-20 11:00:00;NORDESTE;SUDESTE/CENTRO-OESTE;4979.99799999
2024-09-20 12:00:00;NORDESTE;SUDESTE/CENTRO-OESTE;4825.16
2024-09-20 13:00:00;NORDESTE;SUDESTE/CENTRO-OESTE;4703.08
2024-09-20 14:00:00;NORDESTE;SUDESTE/CENTRO-OESTE;4584.184
2024-09-20 15:00:00;NORDESTE;SUDESTE/CENTRO-OESTE;4161.331
2024-09-20 16:00:00;NORDESTE;SUDESTE/CENTRO-OESTE;4023.946
2024-09-20 17:00:00;NORDESTE;SUDESTE/CENTRO-OESTE;4858.383
2024-09-20 18:00:00;NORDESTE;SUDESTE/CENTRO-OESTE;6727.647
2024-09-20 19:00:00;NORDESTE;SUDESTE/CENTRO-OESTE;7666.66499999
2024-09-20 20:00:00;NORDESTE;SUDESTE/CENTRO-OESTE;7275.637
2024-09-20 21:00:00;NORDESTE;SUDESTE/CENTRO-OESTE;6583.421
2024-09-20 22:00:00;NORDESTE;SUDESTE/CENTRO-OESTE;6760.67
2024-09-20 23:00:00;NORDESTE;SUDESTE/CENTRO-OESTE;6604.54699999
2024-09-21 00:00:00;NORDESTE;SUDESTE/CENTRO-OESTE;5886.86
2024-09-21 01:00:00;NORDESTE;SUDESTE/CENTRO-OESTE;5773.083
2024-09-21 02:00:00;NORDESTE;SUDESTE/CENTRO-OESTE;5989.277
2024-09-21 03:00:00;NORDESTE;SUDESTE/CENTRO-OESTE;6316.557
2024-09-21 04:00:00;NORDESTE;SUDESTE/CENTRO-OESTE;6487.91
2024-09-21 05:00:00;NORDESTE;SUDESTE/CENTRO-OESTE;6501.457
2024-09-21 06:00:00;NORDESTE;SUDESTE/CENTRO-OESTE;6533.258
2024-09-21 07:00:00;NORDESTE;SUDESTE/CENTRO-OESTE;6428.912
2024-09-21 08:00:00;NORDESTE;SUDESTE/CENTRO-OESTE;6161.03799999
2024-09-21 09:00:00;NORDESTE;SUDESTE/CENTRO-OESTE;5915.16
2024-09-21 10:00:00;NORDESTE;SUDESTE/CENTRO-OESTE;5354.629
2024-09-21 11:00:00;NORDESTE;SUDESTE/CENTRO-OESTE;4566.019
2024-09-21 12:00:00;NORDESTE;SUDESTE/CENTRO-OESTE;4327.232
2024-09-21 13:00:00;NORDESTE;SUDESTE/CENTRO-OESTE;3994.251
2024-09-21 14:00:00;NORDESTE;SUDESTE/CENTRO-OESTE;3880.97
2024-09-21 15:00:00;NORDESTE;SUDESTE/CENTRO-OESTE;3878.339
2024-09-21 16:00:00;NORDESTE;SUDESTE/CENTRO-OESTE;3249.71099999
2024-09-21 17:00:00;NORDESTE;SUDESTE/CENTRO-OESTE;3037.532
2024-09-21 18:00:00;NORDESTE;SUDESTE/CENTRO-OESTE;5326.17199999
2024-09-21 19:00:00;NORDESTE;SUDESTE/CENTRO-OESTE;6765.575
2024-09-21 20:00:00;NORDESTE;SUDESTE/CENTRO-OESTE;6645.952
2024-09-21 21:00:00;NORDESTE;SUDESTE/CENTRO-OESTE;6510.56499999
2024-09-21 22:00:00;NORDESTE;SUDESTE/CENTRO-OESTE;6379.363
2024-09-21 23:00:00;NORDESTE;SUDESTE/CENTRO-OESTE;6426.277
2024-09-22 00:00:00;NORDESTE;SUDESTE/CENTRO-OESTE;6430.253
2024-09-22 01:00:00;NORDESTE;SUDESTE/CENTRO-OESTE;6747.968
2024-09-22 02:00:00;NORDESTE;SUDESTE/CENTRO-OESTE;6847.218
2024-09-22 03:00:00;NORDESTE;SUDESTE/CENTRO-OESTE;6738.074
2024-09-22 04:00:00;NORDESTE;SUDESTE/CENTRO-OESTE;6203.967
2024-09-22 05:00:00;NORDESTE;SUDESTE/CENTRO-OESTE;6294.344
2024-09-22 06:00:00;NORDESTE;SUDESTE/CENTRO-OESTE;6172.43099999
2024-09-22 07:00:00;NORDESTE;SUDESTE/CENTRO-OESTE;5944.43
2024-09-22 08:00:00;NORDESTE;SUDESTE/CENTRO-OESTE;6210.664
2024-09-22 09:00:00;NORDESTE;SUDESTE/CENTRO-OESTE;5659.012
2024-09-22 10:00:00;NORDESTE;SUDESTE/CENTRO-OESTE;5026.291
2024-09-22 11:00:00;NORDESTE;SUDESTE/CENTRO-OESTE;4330.138
2024-09-22 12:00:00;NORDESTE;SUDESTE/CENTRO-OESTE;3209.334
2024-09-22 13:00:00;NORDESTE;SUDESTE/CENTRO-OESTE;2421.868
2024-09-22 14:00:00;NORDESTE;SUDESTE/CENTRO-OESTE;2245.369
2024-09-22 15:00:00;NORDESTE;SUDESTE/CENTRO-OESTE;2770.334
2024-09-22 16:00:00;NORDESTE;SUDESTE/CENTRO-OESTE;3405.573
2024-09-22 17:00:00;NORDESTE;SUDESTE/CENTRO-OESTE;3441.088
2024-09-22 18:00:00;NORDESTE;SUDESTE/CENTRO-OESTE;5017.62
2024-09-22 19:00:00;NORDESTE;SUDESTE/CENTRO-OESTE;6345.338
2024-09-22 20:00:00;NORDESTE;SUDESTE/CENTRO-OESTE;6968.68
2024-09-22 21:00:00;NORDESTE;SUDESTE/CENTRO-OESTE;6892.17
2024-09-22 22:00:00;NORDESTE;SUDESTE/CENTRO-OESTE;6725.235
2024-09-22 23:00:00;NORDESTE;SUDESTE/CENTRO-OESTE;6668.36399999
2024-09-23 00:00:00;NORDESTE;SUDESTE/CENTRO-OESTE;6663.88199999
2024-09-23 01:00:00;NORDESTE;SUDESTE/CENTRO-OESTE;6663.041
2024-09-23 02:00:00;NORDESTE;SUDESTE/CENTRO-OESTE;6801.962
2024-09-23 03:00:00;NORDESTE;SUDESTE/CENTRO-OESTE;6719.095
2024-09-23 04:00:00;NORDESTE;SUDESTE/CENTRO-OESTE;6609.75
2024-09-23 05:00:00;NORDESTE;SUDESTE/CENTRO-OESTE;6865.127
2024-09-23 06:00:00;NORDESTE;SUDESTE/CENTRO-OESTE;6785.878
2024-09-23 07:00:00;NORDESTE;SUDESTE/CENTRO-OESTE;6431.494
2024-09-23 08:00:00;NORDESTE;SUDESTE/CENTRO-OESTE;5425.188
2024-09-23 09:00:00;NORDESTE;SUDESTE/CENTRO-OESTE;5001.533
2024-09-23 10:00:00;NORDESTE;SUDESTE/CENTRO-OESTE;4223.277
2024-09-23 11:00:00;NORDESTE;SUDESTE/CENTRO-OESTE;3946.524
2024-09-23 12:00:00;NORDESTE;SUDESTE/CENTRO-OESTE;2993.275
2024-09-23 13:00:00;NORDESTE;SUDESTE/CENTRO-OESTE;2848.67
2024-09-23 14:00:00;NORDESTE;SUDESTE/CENTRO-OESTE;3118.196
2024-09-23 15:00:00;NORDESTE;SUDESTE/CENTRO-OESTE;3922.04
2024-09-23 16:00:00;NORDESTE;SUDESTE/CENTRO-OESTE;4179.898
2024-09-23 17:00:00;NORDESTE;SUDESTE/CENTRO-OESTE;5113.625
2024-09-23 18:00:00;NORDESTE;SUDESTE/CENTRO-OESTE;6484.715
2024-09-23 19:00:00;NORDESTE;SUDESTE/CENTRO-OESTE;7413.333
2024-09-23 20:00:00;NORDESTE;SUDESTE/CENTRO-OESTE;7379.957
2024-09-23 21:00:00;NORDESTE;SUDESTE/CENTRO-OESTE;7266.602
2024-09-23 22:00:00;NORDESTE;SUDESTE/CENTRO-OESTE;7459.058
2024-09-23 23:00:00;NORDESTE;SUDESTE/CENTRO-OESTE;7158.965
2024-09-24 00:00:00;NORDESTE;SUDESTE/CENTRO-OESTE;6645.308
2024-09-24 01:00:00;NORDESTE;SUDESTE/CENTRO-OESTE;6768.883
2024-09-24 02:00:00;NORDESTE;SUDESTE/CENTRO-OESTE;6543.158
2024-09-24 03:00:00;NORDESTE;SUDESTE/CENTRO-OESTE;6731.729
2024-09-24 04:00:00;NORDESTE;SUDESTE/CENTRO-OESTE;6699.444
2024-09-24 05:00:00;NORDESTE;SUDESTE/CENTRO-OESTE;6577.729
2024-09-24 06:00:00;NORDESTE;SUDESTE/CENTRO-OESTE;6569.266
2024-09-24 07:00:00;NORDESTE;SUDESTE/CENTRO-OESTE;5995.401
2024-09-24 08:00:00;NORDESTE;SUDESTE/CENTRO-OESTE;5139.237
2024-09-24 09:00:00;NORDESTE;SUDESTE/CENTRO-OESTE;4690.017
2024-09-24 10:00:00;NORDESTE;SUDESTE/CENTRO-OESTE;3855.427
2024-09-24 11:00:00;NORDESTE;SUDESTE/CENTRO-OESTE;3712.509
2024-09-24 12:00:00;NORDESTE;SUDESTE/CENTRO-OESTE;3538.465
2024-09-24 13:00:00;NORDESTE;SUDESTE/CENTRO-OESTE;3332.517
2024-09-24 14:00:00;NORDESTE;SUDESTE/CENTRO-OESTE;3356.33599999
2024-09-24 15:00:00;NORDESTE;SUDESTE/CENTRO-OESTE;3093.459
2024-09-24 16:00:00;NORDESTE;SUDESTE/CENTRO-OESTE;3895.278
2024-09-24 17:00:00;NORDESTE;SUDESTE/CENTRO-OESTE;5057.32399999
2024-09-24 18:00:00;NORDESTE;SUDESTE/CENTRO-OESTE;6548.486
2024-09-24 19:00:00;NORDESTE;SUDESTE/CENTRO-OESTE;7841.719
2024-09-24 20:00:00;NORDESTE;SUDESTE/CENTRO-OESTE;7833.27099999
2024-09-24 21:00:00;NORDESTE;SUDESTE/CENTRO-OESTE;7830.922
2024-09-24 22:00:00;NORDESTE;SUDESTE/CENTRO-OESTE;7830.922
2024-09-24 23:00:00;NORDESTE;SUDESTE/CENTRO-OESTE;7182.027
2024-09-25 00:00:00;NORDESTE;SUDESTE/CENTRO-OESTE;6551.005
2024-09-25 01:00:00;NORDESTE;SUDESTE/CENTRO-OESTE;6689.59
2024-09-25 02:00:00;NORDESTE;SUDESTE/CENTRO-OESTE;6630.046
2024-09-25 03:00:00;NORDESTE;SUDESTE/CENTRO-OESTE;6723.344
2024-09-25 04:00:00;NORDESTE;SUDESTE/CENTRO-OESTE;6766.37299999
2024-09-25 05:00:00;NORDESTE;SUDESTE/CENTRO-OESTE;7317.653
2024-09-25 06:00:00;NORDESTE;SUDESTE/CENTRO-OESTE;7282.155
2024-09-25 07:00:00;NORDESTE;SUDESTE/CENTRO-OESTE;6555.645
2024-09-25 08:00:00;NORDESTE;SUDESTE/CENTRO-OESTE;6035.872
2024-09-25 09:00:00;NORDESTE;SUDESTE/CENTRO-OESTE;5768.46
2024-09-25 10:00:00;NORDESTE;SUDESTE/CENTRO-OESTE;5613.867
2024-09-25 11:00:00;NORDESTE;SUDESTE/CENTRO-OESTE;5921.633
2024-09-25 12:00:00;NORDESTE;SUDESTE/CENTRO-OESTE;5644.576
2024-09-25 13:00:00;NORDESTE;SUDESTE/CENTRO-OESTE;5074.621
2024-09-25 14:00:00;NORDESTE;SUDESTE/CENTRO-OESTE;5842.521
2024-09-25 15:00:00;NORDESTE;SUDESTE/CENTRO-OESTE;5814.363
2024-09-25 16:00:00;NORDESTE;SUDESTE/CENTRO-OESTE;5795.13
2024-09-25 17:00:00;NORDESTE;SUDESTE/CENTRO-OESTE;6415.752
2024-09-25 18:00:00;NORDESTE;SUDESTE/CENTRO-OESTE;7582.795
2024-09-25 19:00:00;NORDESTE;SUDESTE/CENTRO-OESTE;8054.86
2024-09-25 20:00:00;NORDESTE;SUDESTE/CENTRO-OESTE;7753.052
2024-09-25 21:00:00;NORDESTE;SUDESTE/CENTRO-OESTE;7888.617
2024-09-25 22:00:00;NORDESTE;SUDESTE/CENTRO-OESTE;7859.332
2024-09-25 23:00:00;NORDESTE;SUDESTE/CENTRO-OESTE;7722.795
2024-09-26 00:00:00;NORDESTE;SUDESTE/CENTRO-OESTE;6709.033
2024-09-26 01:00:00;NORDESTE;SUDESTE/CENTRO-OESTE;6844.955
2024-09-26 02:00:00;NORDESTE;SUDESTE/CENTRO-OESTE;6711.924
2024-09-26 03:00:00;NORDESTE;SUDESTE/CENTRO-OESTE;6570.215
2024-09-26 04:00:00;NORDESTE;SUDESTE/CENTRO-OESTE;6363.912
2024-09-26 05:00:00;NORDESTE;SUDESTE/CENTRO-OESTE;6580.8
2024-09-26 06:00:00;NORDESTE;SUDESTE/CENTRO-OESTE;6565.676
2024-09-26 07:00:00;NORDESTE;SUDESTE/CENTRO-OESTE;6065.502
2024-09-26 08:00:00;NORDESTE;SUDESTE/CENTRO-OESTE;5541.875
2024-09-26 09:00:00;NORDESTE;SUDESTE/CENTRO-OESTE;4911.85099999
2024-09-26 10:00:00;NORDESTE;SUDESTE/CENTRO-OESTE;4800.61399999
2024-09-26 11:00:00;NORDESTE;SUDESTE/CENTRO-OESTE;4467.136
2024-09-26 12:00:00;NORDESTE;SUDESTE/CENTRO-OESTE;4045.877
2024-09-26 13:00:00;NORDESTE;SUDESTE/CENTRO-OESTE;4042.996
2024-09-26 14:00:00;NORDESTE;SUDESTE/CENTRO-OESTE;4445.745
2024-09-26 15:00:00;NORDESTE;SUDESTE/CENTRO-OESTE;4543.112
2024-09-26 16:00:00;NORDESTE;SUDESTE/CENTRO-OESTE;4479.318
2024-09-26 17:00:00;NORDESTE;SUDESTE/CENTRO-OESTE;4813.902
2024-09-26 18:00:00;NORDESTE;SUDESTE/CENTRO-OESTE;6421.95
2024-09-26 19:00:00;NORDESTE;SUDESTE/CENTRO-OESTE;7567.273
2024-09-26 20:00:00;NORDESTE;SUDESTE/CENTRO-OESTE;8018.352
2024-09-26 21:00:00;NORDESTE;SUDESTE/CENTRO-OESTE;7697.743
2024-09-26 22:00:00;NORDESTE;SUDESTE/CENTRO-OESTE;7762.516
2024-09-26 23:00:00;NORDESTE;SUDESTE/CENTRO-OESTE;7375.173
2024-09-27 00:00:00;NORDESTE;SUDESTE/CENTRO-OESTE;6799.474
2024-09-27 01:00:00;NORDESTE;SUDESTE/CENTRO-OESTE;6743.687
2024-09-27 02:00:00;NORDESTE;SUDESTE/CENTRO-OESTE;6930.5
2024-09-27 03:00:00;NORDESTE;SUDESTE/CENTRO-OESTE;6789.019
2024-09-27 04:00:00;NORDESTE;SUDESTE/CENTRO-OESTE;6619.707
2024-09-27 05:00:00;NORDESTE;SUDESTE/CENTRO-OESTE;6682.488
2024-09-27 06:00:00;NORDESTE;SUDESTE/CENTRO-OESTE;7446.55
2024-09-27 07:00:00;NORDESTE;SUDESTE/CENTRO-OESTE;6520.26
2024-09-27 08:00:00;NORDESTE;SUDESTE/CENTRO-OESTE;5732.77
2024-09-27 09:00:00;NORDESTE;SUDESTE/CENTRO-OESTE;5197.066
2024-09-27 10:00:00;NORDESTE;SUDESTE/CENTRO-OESTE;3918.43
2024-09-27 11:00:00;NORDESTE;SUDESTE/CENTRO-OESTE;3809.039
2024-09-27 12:00:00;NORDESTE;SUDESTE/CENTRO-OESTE;4184.941
2024-09-27 13:00:00;NORDESTE;SUDESTE/CENTRO-OESTE;3377.957
2024-09-27 14:00:00;NORDESTE;SUDESTE/CENTRO-OESTE;3040.162
2024-09-27 15:00:00;NORDESTE;SUDESTE/CENTRO-OESTE;2989.866
2024-09-27 16:00:00;NORDESTE;SUDESTE/CENTRO-OESTE;2307.37199999
2024-09-27 17:00:00;NORDESTE;SUDESTE/CENTRO-OESTE;2843.074
2024-09-27 18:00:00;NORDESTE;SUDESTE/CENTRO-OESTE;5096.53399999
2024-09-27 19:00:00;NORDESTE;SUDESTE/CENTRO-OESTE;6026.337
2024-09-27 20:00:00;NORDESTE;SUDESTE/CENTRO-OESTE;6382.063
2024-09-27 21:00:00;NORDESTE;SUDESTE/CENTRO-OESTE;6253.509
2024-09-27 22:00:00;NORDESTE;SUDESTE/CENTRO-OESTE;6311.568
2024-09-27 23:00:00;NORDESTE;SUDESTE/CENTRO-OESTE;5816.56499999
2024-09-28 00:00:00;NORDESTE;SUDESTE/CENTRO-OESTE;5842.345
2024-09-28 01:00:00;NORDESTE;SUDESTE/CENTRO-OESTE;5470.505
2024-09-28 02:00:00;NORDESTE;SUDESTE/CENTRO-OESTE;5650.545
2024-09-28 03:00:00;NORDESTE;SUDESTE/CENTRO-OESTE;5585.49
2024-09-28 04:00:00;NORDESTE;SUDESTE/CENTRO-OESTE;5308.139
2024-09-28 05:00:00;NORDESTE;SUDESTE/CENTRO-OESTE;5445.317
2024-09-28 06:00:00;NORDESTE;SUDESTE/CENTRO-OESTE;5782.836
2024-09-28 07:00:00;NORDESTE;SUDESTE/CENTRO-OESTE;5377.78
2024-09-28 08:00:00;NORDESTE;SUDESTE/CENTRO-OESTE;4870.886
2024-09-28 09:00:00;NORDESTE;SUDESTE/CENTRO-OESTE;4211.98899999
2024-09-28 10:00:00;NORDESTE;SUDESTE/CENTRO-OESTE;3593.843
2024-09-28 11:00:00;NORDESTE;SUDESTE/CENTRO-OESTE;3476.637
2024-09-28 12:00:00;NORDESTE;SUDESTE/CENTRO-OESTE;3690.406
2024-09-28 13:00:00;NORDESTE;SUDESTE/CENTRO-OESTE;3765.225
2024-09-28 14:00:00;NORDESTE;SUDESTE/CENTRO-OESTE;3651.671
2024-09-28 15:00:00;NORDESTE;SUDESTE/CENTRO-OESTE;3007.123
2024-09-28 16:00:00;NORDESTE;SUDESTE/CENTRO-OESTE;2677.812
2024-09-28 17:00:00;NORDESTE;SUDESTE/CENTRO-OESTE;3251.295
2024-09-28 18:00:00;NORDESTE;SUDESTE/CENTRO-OESTE;5655.474
2024-09-28 19:00:00;NORDESTE;SUDESTE/CENTRO-OESTE;6350.586
2024-09-28 20:00:00;NORDESTE;SUDESTE/CENTRO-OESTE;6146.616
2024-09-28 21:00:00;NORDESTE;SUDESTE/CENTRO-OESTE;6148.752
2024-09-28 22:00:00;NORDESTE;SUDESTE/CENTRO-OESTE;6154.412
2024-09-28 23:00:00;NORDESTE;SUDESTE/CENTRO-OESTE;6194.214
2024-09-29 00:00:00;NORDESTE;SUDESTE/CENTRO-OESTE;6323.178
2024-09-29 01:00:00;NORDESTE;SUDESTE/CENTRO-OESTE;6107.212
2024-09-29 02:00:00;NORDESTE;SUDESTE/CENTRO-OESTE;6406.025
2024-09-29 03:00:00;NORDESTE;SUDESTE/CENTRO-OESTE;6343.195
2024-09-29 04:00:00;NORDESTE;SUDESTE/CENTRO-OESTE;6343.32
2024-09-29 05:00:00;NORDESTE;SUDESTE/CENTRO-OESTE;6369.14
2024-09-29 06:00:00;NORDESTE;SUDESTE/CENTRO-OESTE;5814.577
2024-09-29 07:00:00;NORDESTE;SUDESTE/CENTRO-OESTE;5113.323
2024-09-29 08:00:00;NORDESTE;SUDESTE/CENTRO-OESTE;3011.324
2024-09-29 09:00:00;NORDESTE;SUDESTE/CENTRO-OESTE;989.52
2024-09-29 10:00:00;NORDESTE;SUDESTE/CENTRO-OESTE;280.401
2024-09-29 11:00:00;NORDESTE;SUDESTE/CENTRO-OESTE;388.669
2024-09-29 12:00:00;NORDESTE;SUDESTE/CENTRO-OESTE;482.58
2024-09-29 13:00:00;NORDESTE;SUDESTE/CENTRO-OESTE;433.355
2024-09-29 14:00:00;NORDESTE;SUDESTE/CENTRO-OESTE;739.835
2024-09-29 15:00:00;NORDESTE;SUDESTE/CENTRO-OESTE;1745.971
2024-09-29 16:00:00;NORDESTE;SUDESTE/CENTRO-OESTE;3367.543
2024-09-29 17:00:00;NORDESTE;SUDESTE/CENTRO-OESTE;5129.932
2024-09-29 18:00:00;NORDESTE;SUDESTE/CENTRO-OESTE;6167.893
2024-09-29 19:00:00;NORDESTE;SUDESTE/CENTRO-OESTE;6204.877
2024-09-29 20:00:00;NORDESTE;SUDESTE/CENTRO-OESTE;6346.73899999
2024-09-29 21:00:00;NORDESTE;SUDESTE/CENTRO-OESTE;6083.99799999
2024-09-29 22:00:00;NORDESTE;SUDESTE/CENTRO-OESTE;6208.135
2024-09-29 23:00:00;NORDESTE;SUDESTE/CENTRO-OESTE;6346.043
2024-09-30 00:00:00;NORDESTE;SUDESTE/CENTRO-OESTE;6227.164
2024-09-30 01:00:00;NORDESTE;SUDESTE/CENTRO-OESTE;6083.653
2024-09-30 02:00:00;NORDESTE;SUDESTE/CENTRO-OESTE;6253.713
2024-09-30 03:00:00;NORDESTE;SUDESTE/CENTRO-OESTE;6296.386
2024-09-30 04:00:00;NORDESTE;SUDESTE/CENTRO-OESTE;6254.43999999
2024-09-30 05:00:00;NORDESTE;SUDESTE/CENTRO-OESTE;6277.798
2024-09-30 06:00:00;NORDESTE;SUDESTE/CENTRO-OESTE;6271.637
2024-09-30 07:00:00;NORDESTE;SUDESTE/CENTRO-OESTE;6075.935
2024-09-30 08:00:00;NORDESTE;SUDESTE/CENTRO-OESTE;6099.813
2024-09-30 09:00:00;NORDESTE;SUDESTE/CENTRO-OESTE;6054.537
2024-09-30 10:00:00;NORDESTE;SUDESTE/CENTRO-OESTE;6038.948
2024-09-30 11:00:00;NORDESTE;SUDESTE/CENTRO-OESTE;5933.287
2024-09-30 12:00:00;NORDESTE;SUDESTE/CENTRO-OESTE;5954.499
2024-09-30 13:00:00;NORDESTE;SUDESTE/CENTRO-OESTE;5358.218
2024-09-30 14:00:00;NORDESTE;SUDESTE/CENTRO-OESTE;5772.044
2024-09-30 15:00:00;NORDESTE;SUDESTE/CENTRO-OESTE;5871.794
2024-09-30 16:00:00;NORDESTE;SUDESTE/CENTRO-OESTE;6050.519
2024-09-30 17:00:00;NORDESTE;SUDESTE/CENTRO-OESTE;6446.385
2024-09-30 18:00:00;NORDESTE;SUDESTE/CENTRO-OESTE;6585.50699999
2024-09-30 19:00:00;NORDESTE;SUDESTE/CENTRO-OESTE;6422.72099999
2024-09-30 20:00:00;NORDESTE;SUDESTE/CENTRO-OESTE;6449.419
2024-09-30 21:00:00;NORDESTE;SUDESTE/CENTRO-OESTE;6017.135
2024-09-30 22:00:00;NORDESTE;SUDESTE/CENTRO-OESTE;6328.723
2024-09-30 23:00:00;NORDESTE;SUDESTE/CENTRO-OESTE;6222.074
2024-10-01 00:00:00;NORDESTE;SUDESTE/CENTRO-OESTE;5844.72099999
2024-10-01 01:00:00;NORDESTE;SUDESTE/CENTRO-OESTE;6236.936
2024-10-01 02:00:00;NORDESTE;SUDESTE/CENTRO-OESTE;6307.206
2024-10-01 03:00:00;NORDESTE;SUDESTE/CENTRO-OESTE;6285.515
2024-10-01 04:00:00;NORDESTE;SUDESTE/CENTRO-OESTE;6333.146
2024-10-01 05:00:00;NORDESTE;SUDESTE/CENTRO-OESTE;6408.102
2024-10-01 06:00:00;NORDESTE;SUDESTE/CENTRO-OESTE;5997.409
2024-10-01 07:00:00;NORDESTE;SUDESTE/CENTRO-OESTE;4343.303
2024-10-01 08:00:00;NORDESTE;SUDESTE/CENTRO-OESTE;5850.97099999
2024-10-01 09:00:00;NORDESTE;SUDESTE/CENTRO-OESTE;5595.724
2024-10-01 10:00:00;NORDESTE;SUDESTE/CENTRO-OESTE;5391.938
2024-10-01 11:00:00;NORDESTE;SUDESTE/CENTRO-OESTE;4859.437
2024-10-01 12:00:00;NORDESTE;SUDESTE/CENTRO-OESTE;5144.732
2024-10-01 13:00:00;NORDESTE;SUDESTE/CENTRO-OESTE;5886.153
2024-10-01 14:00:00;NORDESTE;SUDESTE/CENTRO-OESTE;5827.888
2024-10-01 15:00:00;NORDESTE;SUDESTE/CENTRO-OESTE;5569.682
2024-10-01 16:00:00;NORDESTE;SUDESTE/CENTRO-OESTE;5821.009
2024-10-01 17:00:00;NORDESTE;SUDESTE/CENTRO-OESTE;6309.813
2024-10-01 18:00:00;NORDESTE;SUDESTE/CENTRO-OESTE;6698.558
2024-10-01 19:00:00;NORDESTE;SUDESTE/CENTRO-OESTE;6582.067
2024-10-01 20:00:00;NORDESTE;SUDESTE/CENTRO-OESTE;6499.108
2024-10-01 21:00:00;NORDESTE;SUDESTE/CENTRO-OESTE;6358.59
2024-10-01 22:00:00;NORDESTE;SUDESTE/CENTRO-OESTE;6438.63
2024-10-01 23:00:00;NORDESTE;SUDESTE/CENTRO-OESTE;6334.957
2024-10-02 00:00:00;NORDESTE;SUDESTE/CENTRO-OESTE;6359.535
2024-10-02 01:00:00;NORDESTE;SUDESTE/CENTRO-OESTE;6426.011
2024-10-02 02:00:00;NORDESTE;SUDESTE/CENTRO-OESTE;6538.52
2024-10-02 03:00:00;NORDESTE;SUDESTE/CENTRO-OESTE;6445.627
2024-10-02 04:00:00;NORDESTE;SUDESTE/CENTRO-OESTE;6058.22999999
2024-10-02 05:00:00;NORDESTE;SUDESTE/CENTRO-OESTE;6211.043
2024-10-02 06:00:00;NORDESTE;SUDESTE/CENTRO-OESTE;6052.319
2024-10-02 07:00:00;NORDESTE;SUDESTE/CENTRO-OESTE;5589.968
2024-10-02 08:00:00;NORDESTE;SUDESTE/CENTRO-OESTE;5121.407
2024-10-02 09:00:00;NORDESTE;SUDESTE/CENTRO-OESTE;4911.892
2024-10-02 10:00:00;NORDESTE;SUDESTE/CENTRO-OESTE;4470.92699999
2024-10-02 11:00:00;NORDESTE;SUDESTE/CENTRO-OESTE;4219.82399999
2024-10-02 12:00:00;NORDESTE;SUDESTE/CENTRO-OESTE;4250.002
2024-10-02 13:00:00;NORDESTE;SUDESTE/CENTRO-OESTE;3475.256
2024-10-02 14:00:00;NORDESTE;SUDESTE/CENTRO-OESTE;3177.008
2024-10-02 15:00:00;NORDESTE;SUDESTE/CENTRO-OESTE;3139.203
2024-10-02 16:00:00;NORDESTE;SUDESTE/CENTRO-OESTE;3159.504
2024-10-02 17:00:00;NORDESTE;SUDESTE/CENTRO-OESTE;3860.287
2024-10-02 18:00:00;NORDESTE;SUDESTE/CENTRO-OESTE;5808.68999999
2024-10-02 19:00:00;NORDESTE;SUDESTE/CENTRO-OESTE;6788.036
2024-10-02 20:00:00;NORDESTE;SUDESTE/CENTRO-OESTE;6917.54699999
2024-10-02 21:00:00;NORDESTE;SUDESTE/CENTRO-OESTE;6827.349
2024-10-02 22:00:00;NORDESTE;SUDESTE/CENTRO-OESTE;7086.534
2024-10-02 23:00:00;NORDESTE;SUDESTE/CENTRO-OESTE;7088.201
2024-10-03 00:00:00;NORDESTE;SUDESTE/CENTRO-OESTE;7050.131
2024-10-03 01:00:00;NORDESTE;SUDESTE/CENTRO-OESTE;6667.863
2024-10-03 02:00:00;NORDESTE;SUDESTE/CENTRO-OESTE;6858.738
2024-10-03 03:00:00;NORDESTE;SUDESTE/CENTRO-OESTE;6687.722
2024-10-03 04:00:00;NORDESTE;SUDESTE/CENTRO-OESTE;6178.974
2024-10-03 05:00:00;NORDESTE;SUDESTE/CENTRO-OESTE;6278.586
2024-10-03 06:00:00;NORDESTE;SUDESTE/CENTRO-OESTE;6741.383
2024-10-03 07:00:00;NORDESTE;SUDESTE/CENTRO-OESTE;5855.24
2024-10-03 08:00:00;NORDESTE;SUDESTE/CENTRO-OESTE;5505.359
2024-10-03 09:00:00;NORDESTE;SUDESTE/CENTRO-OESTE;5044.566
2024-10-03 10:00:00;NORDESTE;SUDESTE/CENTRO-OESTE;4868.539
2024-10-03 11:00:00;NORDESTE;SUDESTE/CENTRO-OESTE;4537.299
2024-10-03 12:00:00;NORDESTE;SUDESTE/CENTRO-OESTE;4279.30199999
2024-10-03 13:00:00;NORDESTE;SUDESTE/CENTRO-OESTE;3581.286
2024-10-03 14:00:00;NORDESTE;SUDESTE/CENTRO-OESTE;3201.803
2024-10-03 15:00:00;NORDESTE;SUDESTE/CENTRO-OESTE;2958.285
2024-10-03 16:00:00;NORDESTE;SUDESTE/CENTRO-OESTE;3155.205
2024-10-03 17:00:00;NORDESTE;SUDESTE/CENTRO-OESTE;3628.963
2024-10-03 18:00:00;NORDESTE;SUDESTE/CENTRO-OESTE;5404.93099999
2024-10-03 19:00:00;NORDESTE;SUDESTE/CENTRO-OESTE;6815.403
2024-10-03 20:00:00;NORDESTE;SUDESTE/CENTRO-OESTE;7435.834
2024-10-03 21:00:00;NORDESTE;SUDESTE/CENTRO-OESTE;7011.529
2024-10-03 22:00:00;NORDESTE;SUDESTE/CENTRO-OESTE;7162.525
2024-10-03 23:00:00;NORDESTE;SUDESTE/CENTRO-OESTE;7080.735
2024-10-04 00:00:00;NORDESTE;SUDESTE/CENTRO-OESTE;6493.832
2024-10-04 01:00:00;NORDESTE;SUDESTE/CENTRO-OESTE;6216.414
2024-10-04 02:00:00;NORDESTE;SUDESTE/CENTRO-OESTE;6075.696
2024-10-04 03:00:00;NORDESTE;SUDESTE/CENTRO-OESTE;6236.256
2024-10-04 04:00:00;NORDESTE;SUDESTE/CENTRO-OESTE;6093.61
2024-10-04 05:00:00;NORDESTE;SUDESTE/CENTRO-OESTE;6288.349
2024-10-04 06:00:00;NORDESTE;SUDESTE/CENTRO-OESTE;6676.671
2024-10-04 07:00:00;NORDESTE;SUDESTE/CENTRO-OESTE;6585.078
2024-10-04 08:00:00;NORDESTE;SUDESTE/CENTRO-OESTE;6355.658
2024-10-04 09:00:00;NORDESTE;SUDESTE/CENTRO-OESTE;5821.17199999
2024-10-04 10:00:00;NORDESTE;SUDESTE/CENTRO-OESTE;4862.448
2024-10-04 11:00:00;NORDESTE;SUDESTE/CENTRO-OESTE;3868.943
2024-10-04 12:00:00;NORDESTE;SUDESTE/CENTRO-OESTE;3305.261
2024-10-04 13:00:00;NORDESTE;SUDESTE/CENTRO-OESTE;2901.951
2024-10-04 14:00:00;NORDESTE;SUDESTE/CENTRO-OESTE;2525.245
2024-10-04 15:00:00;NORDESTE;SUDESTE/CENTRO-OESTE;2347.889
2024-10-04 16:00:00;NORDESTE;SUDESTE/CENTRO-OESTE;2332.859
2024-10-04 17:00:00;NORDESTE;SUDESTE/CENTRO-OESTE;2740.37199999
2024-10-04 18:00:00;NORDESTE;SUDESTE/CENTRO-OESTE;5101.915
2024-10-04 19:00:00;NORDESTE;SUDESTE/CENTRO-OESTE;6441.803
2024-10-04 20:00:00;NORDESTE;SUDESTE/CENTRO-OESTE;6867.412
2024-10-04 21:00:00;NORDESTE;SUDESTE/CENTRO-OESTE;6939.61399999
2024-10-04 22:00:00;NORDESTE;SUDESTE/CENTRO-OESTE;6936.981
2024-10-04 23:00:00;NORDESTE;SUDESTE/CENTRO-OESTE;6603.67199999
2024-10-05 00:00:00;NORDESTE;SUDESTE/CENTRO-OESTE;6265.718
2024-10-05 01:00:00;NORDESTE;SUDESTE/CENTRO-OESTE;6002.646
2024-10-05 02:00:00;NORDESTE;SUDESTE/CENTRO-OESTE;5600.073
2024-10-05 03:00:00;NORDESTE;SUDESTE/CENTRO-OESTE;5448.919
2024-10-05 04:00:00;NORDESTE;SUDESTE/CENTRO-OESTE;5300.325
2024-10-05 05:00:00;NORDESTE;SUDESTE/CENTRO-OESTE;5632.97099999
2024-10-05 06:00:00;NORDESTE;SUDESTE/CENTRO-OESTE;6686.006
2024-10-05 07:00:00;NORDESTE;SUDESTE/CENTRO-OESTE;6233.867
2024-10-05 08:00:00;NORDESTE;SUDESTE/CENTRO-OESTE;5230.522
2024-10-05 09:00:00;NORDESTE;SUDESTE/CENTRO-OESTE;4050.608
2024-10-05 10:00:00;NORDESTE;SUDESTE/CENTRO-OESTE;2844.974
2024-10-05 11:00:00;NORDESTE;SUDESTE/CENTRO-OESTE;2207.66199999
2024-10-05 12:00:00;NORDESTE;SUDESTE/CENTRO-OESTE;2224.697
2024-10-05 13:00:00;NORDESTE;SUDESTE/CENTRO-OESTE;2328.841
2024-10-05 14:00:00;NORDESTE;SUDESTE/CENTRO-OESTE;2922.957
2024-10-05 15:00:00;NORDESTE;SUDESTE/CENTRO-OESTE;3725.941
2024-10-05 16:00:00;NORDESTE;SUDESTE/CENTRO-OESTE;3476.134
2024-10-05 17:00:00;NORDESTE;SUDESTE/CENTRO-OESTE;4201.523
2024-10-05 18:00:00;NORDESTE;SUDESTE/CENTRO-OESTE;5991.509
2024-10-05 19:00:00;NORDESTE;SUDESTE/CENTRO-OESTE;7046.48
2024-10-05 20:00:00;NORDESTE;SUDESTE/CENTRO-OESTE;7177.295
2024-10-05 21:00:00;NORDESTE;SUDESTE/CENTRO-OESTE;7147.241
2024-10-05 22:00:00;NORDESTE;SUDESTE/CENTRO-OESTE;6648.243
2024-10-05 23:00:00;NORDESTE;SUDESTE/CENTRO-OESTE;6324.319
2024-10-06 00:00:00;NORDESTE;SUDESTE/CENTRO-OESTE;5963.314
2024-10-06 01:00:00;NORDESTE;SUDESTE/CENTRO-OESTE;5987.046
2024-10-06 02:00:00;NORDESTE;SUDESTE/CENTRO-OESTE;6197.854
2024-10-06 03:00:00;NORDESTE;SUDESTE/CENTRO-OESTE;6144.131
2024-10-06 04:00:00;NORDESTE;SUDESTE/CENTRO-OESTE;6081.274
2024-10-06 05:00:00;NORDESTE;SUDESTE/CENTRO-OESTE;6248.917
2024-10-06 06:00:00;NORDESTE;SUDESTE/CENTRO-OESTE;5990.113
2024-10-06 07:00:00;NORDESTE;SUDESTE/CENTRO-OESTE;5163.649
2024-10-06 08:00:00;NORDESTE;SUDESTE/CENTRO-OESTE;3652.493
2024-10-06 09:00:00;NORDESTE;SUDESTE/CENTRO-OESTE;2352.92999999
2024-10-06 10:00:00;NORDESTE;SUDESTE/CENTRO-OESTE;1628.522
2024-10-06 11:00:00;NORDESTE;SUDESTE/CENTRO-OESTE;1665.81
2024-10-06 12:00:00;NORDESTE;SUDESTE/CENTRO-OESTE;1710.513
2024-10-06 13:00:00;NORDESTE;SUDESTE/CENTRO-OESTE;1963.607
2024-10-06 14:00:00;NORDESTE;SUDESTE/CENTRO-OESTE;2610.617
2024-10-06 15:00:00;NORDESTE;SUDESTE/CENTRO-OESTE;4079.597
2024-10-06 16:00:00;NORDESTE;SUDESTE/CENTRO-OESTE;5047.964
2024-10-06 17:00:00;NORDESTE;SUDESTE/CENTRO-OESTE;4409.465
2024-10-06 18:00:00;NORDESTE;SUDESTE/CENTRO-OESTE;5361.827
2024-10-06 19:00:00;NORDESTE;SUDESTE/CENTRO-OESTE;6209.331
2024-10-06 20:00:00;NORDESTE;SUDESTE/CENTRO-OESTE;6303.261
2024-10-06 21:00:00;NORDESTE;SUDESTE/CENTRO-OESTE;5985.017
2024-10-06 22:00:00;NORDESTE;SUDESTE/CENTRO-OESTE;5891.828
2024-10-06 23:00:00;NORDESTE;SUDESTE/CENTRO-OESTE;5728.894
2024-10-07 00:00:00;NORDESTE;SUDESTE/CENTRO-OESTE;5298.83299999
2024-10-07 01:00:00;NORDESTE;SUDESTE/CENTRO-OESTE;5031.133
2024-10-07 02:00:00;NORDESTE;SUDESTE/CENTRO-OESTE;4840.715
2024-10-07 03:00:00;NORDESTE;SUDESTE/CENTRO-OESTE;4679.667
2024-10-07 04:00:00;NORDESTE;SUDESTE/CENTRO-OESTE;4812.548
2024-10-07 05:00:00;NORDESTE;SUDESTE/CENTRO-OESTE;4744.523
2024-10-07 06:00:00;NORDESTE;SUDESTE/CENTRO-OESTE;5942.714
2024-10-07 07:00:00;NORDESTE;SUDESTE/CENTRO-OESTE;6484.686
2024-10-07 08:00:00;NORDESTE;SUDESTE/CENTRO-OESTE;5503.773
2024-10-07 09:00:00;NORDESTE;SUDESTE/CENTRO-OESTE;4387.322
2024-10-07 10:00:00;NORDESTE;SUDESTE/CENTRO-OESTE;3921.646
2024-10-07 11:00:00;NORDESTE;SUDESTE/CENTRO-OESTE;3516.103
2024-10-07 12:00:00;NORDESTE;SUDESTE/CENTRO-OESTE;3428.85
2024-10-07 13:00:00;NORDESTE;SUDESTE/CENTRO-OESTE;3483.546
2024-10-07 14:00:00;NORDESTE;SUDESTE/CENTRO-OESTE;3417.415
2024-10-07 15:00:00;NORDESTE;SUDESTE/CENTRO-OESTE;3590.03
2024-10-07 16:00:00;NORDESTE;SUDESTE/CENTRO-OESTE;3764.424
2024-10-07 17:00:00;NORDESTE;SUDESTE/CENTRO-OESTE;5236.51599999
2024-10-07 18:00:00;NORDESTE;SUDESTE/CENTRO-OESTE;7004.424
2024-10-07 19:00:00;NORDESTE;SUDESTE/CENTRO-OESTE;7576.018
2024-10-07 20:00:00;NORDESTE;SUDESTE/CENTRO-OESTE;7842.86899999
2024-10-07 21:00:00;NORDESTE;SUDESTE/CENTRO-OESTE;7082.598
2024-10-07 22:00:00;NORDESTE;SUDESTE/CENTRO-OESTE;6484.388
2024-10-07 23:00:00;NORDESTE;SUDESTE/CENTRO-OESTE;6187.74799999
2024-10-08 00:00:00;NORDESTE;SUDESTE/CENTRO-OESTE;5907.209
2024-10-08 01:00:00;NORDESTE;SUDESTE/CENTRO-OESTE;5971.92
2024-10-08 02:00:00;NORDESTE;SUDESTE/CENTRO-OESTE;5646.384
2024-10-08 03:00:00;NORDESTE;SUDESTE/CENTRO-OESTE;4951.093
2024-10-08 04:00:00;NORDESTE;SUDESTE/CENTRO-OESTE;4458.24
2024-10-08 05:00:00;NORDESTE;SUDESTE/CENTRO-OESTE;4633.595
2024-10-08 06:00:00;NORDESTE;SUDESTE/CENTRO-OESTE;5330.22999999
2024-10-08 07:00:00;NORDESTE;SUDESTE/CENTRO-OESTE;6103.993
2024-10-08 08:00:00;NORDESTE;SUDESTE/CENTRO-OESTE;5302.957
2024-10-08 09:00:00;NORDESTE;SUDESTE/CENTRO-OESTE;4415.262
2024-10-08 10:00:00;NORDESTE;SUDESTE/CENTRO-OESTE;3366.659
2024-10-08 11:00:00;NORDESTE;SUDESTE/CENTRO-OESTE;2921.664
2024-10-08 12:00:00;NORDESTE;SUDESTE/CENTRO-OESTE;3020.472
2024-10-08 13:00:00;NORDESTE;SUDESTE/CENTRO-OESTE;2986.978
2024-10-08 14:00:00;NORDESTE;SUDESTE/CENTRO-OESTE;3134.485
2024-10-08 15:00:00;NORDESTE;SUDESTE/CENTRO-OESTE;2996.997
2024-10-08 16:00:00;NORDESTE;SUDESTE/CENTRO-OESTE;2947.405
2024-10-08 17:00:00;NORDESTE;SUDESTE/CENTRO-OESTE;3232.246
2024-10-08 18:00:00;NORDESTE;SUDESTE/CENTRO-OESTE;4419.24799999
2024-10-08 19:00:00;NORDESTE;SUDESTE/CENTRO-OESTE;5368.90899999
2024-10-08 20:00:00;NORDESTE;SUDESTE/CENTRO-OESTE;5257.374
2024-10-08 21:00:00;NORDESTE;SUDESTE/CENTRO-OESTE;4805.454
2024-10-08 22:00:00;NORDESTE;SUDESTE/CENTRO-OESTE;3907.437
2024-10-08 23:00:00;NORDESTE;SUDESTE/CENTRO-OESTE;2980.322
2024-10-09 00:00:00;NORDESTE;SUDESTE/CENTRO-OESTE;1932.32
2024-10-09 01:00:00;NORDESTE;SUDESTE/CENTRO-OESTE;1218.02399999
2024-10-09 02:00:00;NORDESTE;SUDESTE/CENTRO-OESTE;985.511
2024-10-09 03:00:00;NORDESTE;SUDESTE/CENTRO-OESTE;952.536
2024-10-09 04:00:00;NORDESTE;SUDESTE/CENTRO-OESTE;1051.61899999
2024-10-09 05:00:00;NORDESTE;SUDESTE/CENTRO-OESTE;1580.954
2024-10-09 06:00:00;NORDESTE;SUDESTE/CENTRO-OESTE;3256.677
2024-10-09 07:00:00;NORDESTE;SUDESTE/CENTRO-OESTE;4108.147
2024-10-09 08:00:00;NORDESTE;SUDESTE/CENTRO-OESTE;3715.689
2024-10-09 09:00:00;NORDESTE;SUDESTE/CENTRO-OESTE;3177.195
2024-10-09 10:00:00;NORDESTE;SUDESTE/CENTRO-OESTE;2597.801
2024-10-09 11:00:00;NORDESTE;SUDESTE/CENTRO-OESTE;2650.431
2024-10-09 12:00:00;NORDESTE;SUDESTE/CENTRO-OESTE;2832.681
2024-10-09 13:00:00;NORDESTE;SUDESTE/CENTRO-OESTE;2627.357
2024-10-09 14:00:00;NORDESTE;SUDESTE/CENTRO-OESTE;2380.91
2024-10-09 15:00:00;NORDESTE;SUDESTE/CENTRO-OESTE;2934.823
2024-10-09 16:00:00;NORDESTE;SUDESTE/CENTRO-OESTE;3033.53
2024-10-09 17:00:00;NORDESTE;SUDESTE/CENTRO-OESTE;2553.993
2024-10-09 18:00:00;NORDESTE;SUDESTE/CENTRO-OESTE;3891.963
2024-10-09 19:00:00;NORDESTE;SUDESTE/CENTRO-OESTE;4216.633
2024-10-09 20:00:00;NORDESTE;SUDESTE/CENTRO-OESTE;4363.85099999
2024-10-09 21:00:00;NORDESTE;SUDESTE/CENTRO-OESTE;4015.207
2024-10-09 22:00:00;NORDESTE;SUDESTE/CENTRO-OESTE;3182.872
2024-10-09 23:00:00;NORDESTE;SUDESTE/CENTRO-OESTE;2220.706
2024-10-10 00:00:00;NORDESTE;SUDESTE/CENTRO-OESTE;585.96
2024-10-10 01:00:00;NORDESTE;SUDESTE/CENTRO-OESTE;-407.255
2024-10-10 02:00:00;NORDESTE;SUDESTE/CENTRO-OESTE;-983.649
2024-10-10 03:00:00;NORDESTE;SUDESTE/CENTRO-OESTE;-681.494
2024-10-10 04:00:00;NORDESTE;SUDESTE/CENTRO-OESTE;-176.641
2024-10-10 05:00:00;NORDESTE;SUDESTE/CENTRO-OESTE;855.679
2024-10-10 06:00:00;NORDESTE;SUDESTE/CENTRO-OESTE;2873.564
2024-10-10 07:00:00;NORDESTE;SUDESTE/CENTRO-OESTE;4642.997
2024-10-10 08:00:00;NORDESTE;SUDESTE/CENTRO-OESTE;5626.919
2024-10-10 09:00:00;NORDESTE;SUDESTE/CENTRO-OESTE;5903.302
2024-10-10 10:00:00;NORDESTE;SUDESTE/CENTRO-OESTE;5679.946
2024-10-10 11:00:00;NORDESTE;SUDESTE/CENTRO-OESTE;4685.107
2024-10-10 12:00:00;NORDESTE;SUDESTE/CENTRO-OESTE;3728.912
2024-10-10 13:00:00;NORDESTE;SUDESTE/CENTRO-OESTE;3555.883
2024-10-10 14:00:00;NORDESTE;SUDESTE/CENTRO-OESTE;3246.315
2024-10-10 15:00:00;NORDESTE;SUDESTE/CENTRO-OESTE;3318.734
2024-10-10 16:00:00;NORDESTE;SUDESTE/CENTRO-OESTE;3096.785
2024-10-10 17:00:00;NORDESTE;SUDESTE/CENTRO-OESTE;4279.73499999
2024-10-10 18:00:00;NORDESTE;SUDESTE/CENTRO-OESTE;5931.113
2024-10-10 19:00:00;NORDESTE;SUDESTE/CENTRO-OESTE;6471.743
2024-10-10 20:00:00;NORDESTE;SUDESTE/CENTRO-OESTE;7109.064
2024-10-10 21:00:00;NORDESTE;SUDESTE/CENTRO-OESTE;6924.202
2024-10-10 22:00:00;NORDESTE;SUDESTE/CENTRO-OESTE;6728.046
2024-10-10 23:00:00;NORDESTE;SUDESTE/CENTRO-OESTE;6337.609
2024-10-11 00:00:00;NORDESTE;SUDESTE/CENTRO-OESTE;5898.532
2024-10-11 01:00:00;NORDESTE;SUDESTE/CENTRO-OESTE;6074.128
2024-10-11 02:00:00;NORDESTE;SUDESTE/CENTRO-OESTE;6159.946
2024-10-11 03:00:00;NORDESTE;SUDESTE/CENTRO-OESTE;5969.585
2024-10-11 04:00:00;NORDESTE;SUDESTE/CENTRO-OESTE;5843.13199999
2024-10-11 05:00:00;NORDESTE;SUDESTE/CENTRO-OESTE;5901.979
2024-10-11 06:00:00;NORDESTE;SUDESTE/CENTRO-OESTE;6576.028
2024-10-11 07:00:00;NORDESTE;SUDESTE/CENTRO-OESTE;6377.849
2024-10-11 08:00:00;NORDESTE;SUDESTE/CENTRO-OESTE;6416.936
2024-10-11 09:00:00;NORDESTE;SUDESTE/CENTRO-OESTE;6316.211
2024-10-11 10:00:00;NORDESTE;SUDESTE/CENTRO-OESTE;6233.261
2024-10-11 11:00:00;NORDESTE;SUDESTE/CENTRO-OESTE;5671.17199999
2024-10-11 12:00:00;NORDESTE;SUDESTE/CENTRO-OESTE;4822.682
2024-10-11 13:00:00;NORDESTE;SUDESTE/CENTRO-OESTE;4157.093
2024-10-11 14:00:00;NORDESTE;SUDESTE/CENTRO-OESTE;3749.59
2024-10-11 15:00:00;NORDESTE;SUDESTE/CENTRO-OESTE;3553.614
2024-10-11 16:00:00;NORDESTE;SUDESTE/CENTRO-OESTE;3132.838
2024-10-11 17:00:00;NORDESTE;SUDESTE/CENTRO-OESTE;3471.787
2024-10-11 18:00:00;NORDESTE;SUDESTE/CENTRO-OESTE;5601.258
2024-10-11 19:00:00;NORDESTE;SUDESTE/CENTRO-OESTE;6918.711
2024-10-11 20:00:00;NORDESTE;SUDESTE/CENTRO-OESTE;7294.524
2024-10-11 21:00:00;NORDESTE;SUDESTE/CENTRO-OESTE;7094.898
2024-10-11 22:00:00;NORDESTE;SUDESTE/CENTRO-OESTE;6135.012
2024-10-11 23:00:00;NORDESTE;SUDESTE/CENTRO-OESTE;5823.464
2024-10-12 00:00:00;NORDESTE;SUDESTE/CENTRO-OESTE;5463.35999999
2024-10-12 01:00:00;NORDESTE;SUDESTE/CENTRO-OESTE;5174.886
2024-10-12 02:00:00;NORDESTE;SUDESTE/CENTRO-OESTE;5430.29
2024-10-12 03:00:00;NORDESTE;SUDESTE/CENTRO-OESTE;5179.161
2024-10-12 04:00:00;NORDESTE;SUDESTE/CENTRO-OESTE;5059.242
2024-10-12 05:00:00;NORDESTE;SUDESTE/CENTRO-OESTE;5532.285
2024-10-12 06:00:00;NORDESTE;SUDESTE/CENTRO-OESTE;6023.116
2024-10-12 07:00:00;NORDESTE;SUDESTE/CENTRO-OESTE;5269.212
2024-10-12 08:00:00;NORDESTE;SUDESTE/CENTRO-OESTE;4917.29299999
2024-10-12 09:00:00;NORDESTE;SUDESTE/CENTRO-OESTE;4138.251
2024-10-12 10:00:00;NORDESTE;SUDESTE/CENTRO-OESTE;3363.35
2024-10-12 11:00:00;NORDESTE;SUDESTE/CENTRO-OESTE;3061.56599999
2024-10-12 12:00:00;NORDESTE;SUDESTE/CENTRO-OESTE;2899.518
2024-10-12 13:00:00;NORDESTE;SUDESTE/CENTRO-OESTE;2873.478
2024-10-12 14:00:00;NORDESTE;SUDESTE/CENTRO-OESTE;2851.67
2024-10-12 15:00:00;NORDESTE;SUDESTE/CENTRO-OESTE;3115.779
2024-10-12 16:00:00;NORDESTE;SUDESTE/CENTRO-OESTE;2111.06
2024-10-12 17:00:00;NORDESTE;SUDESTE/CENTRO-OESTE;2110.567
2024-10-12 18:00:00;NORDESTE;SUDESTE/CENTRO-OESTE;3956.57
2024-10-12 19:00:00;NORDESTE;SUDESTE/CENTRO-OESTE;5401.53799999
2024-10-12 20:00:00;NORDESTE;SUDESTE/CENTRO-OESTE;5941.514
2024-10-12 21:00:00;NORDESTE;SUDESTE/CENTRO-OESTE;5726.93099999
2024-10-12 22:00:00;NORDESTE;SUDESTE/CENTRO-OESTE;5243.58
2024-10-12 23:00:00;NORDESTE;SUDESTE/CENTRO-OESTE;5208.587
2024-10-13 00:00:00;NORDESTE;SUDESTE/CENTRO-OESTE;5267.637
2024-10-13 01:00:00;NORDESTE;SUDESTE/CENTRO-OESTE;5293.02499999
2024-10-13 02:00:00;NORDESTE;SUDESTE/CENTRO-OESTE;5390.144
2024-10-13 03:00:00;NORDESTE;SUDESTE/CENTRO-OESTE;5380.81
2024-10-13 04:00:00;NORDESTE;SUDESTE/CENTRO-OESTE;5135.137
2024-10-13 05:00:00;NORDESTE;SUDESTE/CENTRO-OESTE;5072.145
2024-10-13 06:00:00;NORDESTE;SUDESTE/CENTRO-OESTE;4005.819
2024-10-13 07:00:00;NORDESTE;SUDESTE/CENTRO-OESTE;2182.659
2024-10-13 08:00:00;NORDESTE;SUDESTE/CENTRO-OESTE;1198.693
2024-10-13 09:00:00;NORDESTE;SUDESTE/CENTRO-OESTE;366.901
2024-10-13 10:00:00;NORDESTE;SUDESTE/CENTRO-OESTE;182.054
2024-10-13 11:00:00;NORDESTE;SUDESTE/CENTRO-OESTE;484.459
2024-10-13 12:00:00;NORDESTE;SUDESTE/CENTRO-OESTE;943.715
2024-10-13 13:00:00;NORDESTE;SUDESTE/CENTRO-OESTE;949.698
2024-10-13 14:00:00;NORDESTE;SUDESTE/CENTRO-OESTE;996.7
2024-10-13 15:00:00;NORDESTE;SUDESTE/CENTRO-OESTE;2010.837
2024-10-13 16:00:00;NORDESTE;SUDESTE/CENTRO-OESTE;2229.433
2024-10-13 17:00:00;NORDESTE;SUDESTE/CENTRO-OESTE;2781.914
2024-10-13 18:00:00;NORDESTE;SUDESTE/CENTRO-OESTE;4938.462
2024-10-13 19:00:00;NORDESTE;SUDESTE/CENTRO-OESTE;6011.822
2024-10-13 20:00:00;NORDESTE;SUDESTE/CENTRO-OESTE;5774.39
2024-10-13 21:00:00;NORDESTE;SUDESTE/CENTRO-OESTE;5357.46699999
2024-10-13 22:00:00;NORDESTE;SUDESTE/CENTRO-OESTE;5293.795
2024-10-13 23:00:00;NORDESTE;SUDESTE/CENTRO-OESTE;5059.649
2024-10-14 00:00:00;NORDESTE;SUDESTE/CENTRO-OESTE;4877.308
2024-10-14 01:00:00;NORDESTE;SUDESTE/CENTRO-OESTE;5104.216
2024-10-14 02:00:00;NORDESTE;SUDESTE/CENTRO-OESTE;5723.684
2024-10-14 03:00:00;NORDESTE;SUDESTE/CENTRO-OESTE;5984.843
2024-10-14 04:00:00;NORDESTE;SUDESTE/CENTRO-OESTE;5868.453
2024-10-14 05:00:00;NORDESTE;SUDESTE/CENTRO-OESTE;6357.332
2024-10-14 06:00:00;NORDESTE;SUDESTE/CENTRO-OESTE;7050.827
2024-10-14 07:00:00;NORDESTE;SUDESTE/CENTRO-OESTE;6595.35499999
2024-10-14 08:00:00;NORDESTE;SUDESTE/CENTRO-OESTE;6023.644
2024-10-14 09:00:00;NORDESTE;SUDESTE/CENTRO-OESTE;6032.197
2024-10-14 10:00:00;NORDESTE;SUDESTE/CENTRO-OESTE;5672.183
2024-10-14 11:00:00;NORDESTE;SUDESTE/CENTRO-OESTE;5210.303
2024-10-14 12:00:00;NORDESTE;SUDESTE/CENTRO-OESTE;4645.376
2024-10-14 13:00:00;NORDESTE;SUDESTE/CENTRO-OESTE;4882.338
2024-10-14 14:00:00;NORDESTE;SUDESTE/CENTRO-OESTE;4898.54699999
2024-10-14 15:00:00;NORDESTE;SUDESTE/CENTRO-OESTE;4726.125
2024-10-14 16:00:00;NORDESTE;SUDESTE/CENTRO-OESTE;5096.982
2024-10-14 17:00:00;NORDESTE;SUDESTE/CENTRO-OESTE;5491.115
2024-10-14 18:00:00;NORDESTE;SUDESTE/CENTRO-OESTE;6619.246
2024-10-14 19:00:00;NORDESTE;SUDESTE/CENTRO-OESTE;6838.585
2024-10-14 20:00:00;NORDESTE;SUDESTE/CENTRO-OESTE;7153.845
2024-10-14 21:00:00;NORDESTE;SUDESTE/CENTRO-OESTE;6833.893
2024-10-14 22:00:00;NORDESTE;SUDESTE/CENTRO-OESTE;6308.68099999
2024-10-14 23:00:00;NORDESTE;SUDESTE/CENTRO-OESTE;5235.628
2024-10-15 00:00:00;NORDESTE;SUDESTE/CENTRO-OESTE;4422.439
2024-10-15 01:00:00;NORDESTE;SUDESTE/CENTRO-OESTE;4542.629
2024-10-15 02:00:00;NORDESTE;SUDESTE/CENTRO-OESTE;4576.24
2024-10-15 03:00:00;NORDESTE;SUDESTE/CENTRO-OESTE;4540.941
2024-10-15 04:00:00;NORDESTE;SUDESTE/CENTRO-OESTE;4290.249
2024-10-15 05:00:00;NORDESTE;SUDESTE/CENTRO-OESTE;4474.703
2024-10-15 06:00:00;NORDESTE;SUDESTE/CENTRO-OESTE;6290.835
2024-10-15 07:00:00;NORDESTE;SUDESTE/CENTRO-OESTE;6543.336
2024-10-15 08:00:00;NORDESTE;SUDESTE/CENTRO-OESTE;5911.252
2024-10-15 09:00:00;NORDESTE;SUDESTE/CENTRO-OESTE;5670.66299999
2024-10-15 10:00:00;NORDESTE;SUDESTE/CENTRO-OESTE;5332.702
2024-10-15 11:00:00;NORDESTE;SUDESTE/CENTRO-OESTE;5069.318
2024-10-15 12:00:00;NORDESTE;SUDESTE/CENTRO-OESTE;4555.68099999
2024-10-15 13:00:00;NORDESTE;SUDESTE/CENTRO-OESTE;4060.426
2024-10-15 14:00:00;NORDESTE;SUDESTE/CENTRO-OESTE;4190.171
2024-10-15 15:00:00;NORDESTE;SUDESTE/CENTRO-OESTE;4387.838
2024-10-15 16:00:00;NORDESTE;SUDESTE/CENTRO-OESTE;4765.625
2024-10-15 17:00:00;NORDESTE;SUDESTE/CENTRO-OESTE;6051.509
2024-10-15 18:00:00;NORDESTE;SUDESTE/CENTRO-OESTE;7482.77
2024-10-15 19:00:00;NORDESTE;SUDESTE/CENTRO-OESTE;7995.67299999
2024-10-15 20:00:00;NORDESTE;SUDESTE/CENTRO-OESTE;7564.055
2024-10-15 21:00:00;NORDESTE;SUDESTE/CENTRO-OESTE;7483.446
2024-10-15 22:00:00;NORDESTE;SUDESTE/CENTRO-OESTE;7024.401
2024-10-15 23:00:00;NORDESTE;SUDESTE/CENTRO-OESTE;6564.359
2024-10-16 00:00:00;NORDESTE;SUDESTE/CENTRO-OESTE;6050.581
2024-10-16 01:00:00;NORDESTE;SUDESTE/CENTRO-OESTE;5838.64
2024-10-16 02:00:00;NORDESTE;SUDESTE/CENTRO-OESTE;5791.441
2024-10-16 03:00:00;NORDESTE;SUDESTE/CENTRO-OESTE;5561.444
2024-10-16 04:00:00;NORDESTE;SUDESTE/CENTRO-OESTE;4863.746
2024-10-16 05:00:00;NORDESTE;SUDESTE/CENTRO-OESTE;4302.49799999
2024-10-16 06:00:00;NORDESTE;SUDESTE/CENTRO-OESTE;4772.013
2024-10-16 07:00:00;NORDESTE;SUDESTE/CENTRO-OESTE;5038.995
2024-10-16 08:00:00;NORDESTE;SUDESTE/CENTRO-OESTE;4133.754
2024-10-16 09:00:00;NORDESTE;SUDESTE/CENTRO-OESTE;2758.876
2024-10-16 10:00:00;NORDESTE;SUDESTE/CENTRO-OESTE;1925.191
2024-10-16 11:00:00;NORDESTE;SUDESTE/CENTRO-OESTE;2040.044
2024-10-16 12:00:00;NORDESTE;SUDESTE/CENTRO-OESTE;2580.839
2024-10-16 13:00:00;NORDESTE;SUDESTE/CENTRO-OESTE;2961.659
2024-10-16 14:00:00;NORDESTE;SUDESTE/CENTRO-OESTE;2655.025
2024-10-16 15:00:00;NORDESTE;SUDESTE/CENTRO-OESTE;2299.87399999
2024-10-16 16:00:00;NORDESTE;SUDESTE/CENTRO-OESTE;2070.351
2024-10-16 17:00:00;NORDESTE;SUDESTE/CENTRO-OESTE;2649.399
2024-10-16 18:00:00;NORDESTE;SUDESTE/CENTRO-OESTE;4550.696
2024-10-16 19:00:00;NORDESTE;SUDESTE/CENTRO-OESTE;4811.013
2024-10-16 20:00:00;NORDESTE;SUDESTE/CENTRO-OESTE;4053.471
2024-10-16 21:00:00;NORDESTE;SUDESTE/CENTRO-OESTE;3588.668
2024-10-16 22:00:00;NORDESTE;SUDESTE/CENTRO-OESTE;3345.202
2024-10-16 23:00:00;NORDESTE;SUDESTE/CENTRO-OESTE;2090.083
2024-10-17 00:00:00;NORDESTE;SUDESTE/CENTRO-OESTE;1102.65799999
2024-10-17 01:00:00;NORDESTE;SUDESTE/CENTRO-OESTE;626.072
2024-10-17 02:00:00;NORDESTE;SUDESTE/CENTRO-OESTE;943.063
2024-10-17 03:00:00;NORDESTE;SUDESTE/CENTRO-OESTE;1403.05
2024-10-17 04:00:00;NORDESTE;SUDESTE/CENTRO-OESTE;1598.801
2024-10-17 05:00:00;NORDESTE;SUDESTE/CENTRO-OESTE;1835.324
2024-10-17 06:00:00;NORDESTE;SUDESTE/CENTRO-OESTE;2626.87
2024-10-17 07:00:00;NORDESTE;SUDESTE/CENTRO-OESTE;3666.707
2024-10-17 08:00:00;NORDESTE;SUDESTE/CENTRO-OESTE;2895.02
2024-10-17 09:00:00;NORDESTE;SUDESTE/CENTRO-OESTE;1899.95
2024-10-17 10:00:00;NORDESTE;SUDESTE/CENTRO-OESTE;1225.06
2024-10-17 11:00:00;NORDESTE;SUDESTE/CENTRO-OESTE;1251.242
2024-10-17 12:00:00;NORDESTE;SUDESTE/CENTRO-OESTE;921.414
2024-10-17 13:00:00;NORDESTE;SUDESTE/CENTRO-OESTE;586.857
2024-10-17 14:00:00;NORDESTE;SUDESTE/CENTRO-OESTE;573.921
2024-10-17 15:00:00;NORDESTE;SUDESTE/CENTRO-OESTE;736.693
2024-10-17 16:00:00;NORDESTE;SUDESTE/CENTRO-OESTE;1126.72499999
2024-10-17 17:00:00;NORDESTE;SUDESTE/CENTRO-OESTE;2021.192
2024-10-17 18:00:00;NORDESTE;SUDESTE/CENTRO-OESTE;2724.719
2024-10-17 19:00:00;NORDESTE;SUDESTE/CENTRO-OESTE;3029.378
2024-10-17 20:00:00;NORDESTE;SUDESTE/CENTRO-OESTE;2831.918
2024-10-17 21:00:00;NORDESTE;SUDESTE/CENTRO-OESTE;2076.777
2024-10-17 22:00:00;NORDESTE;SUDESTE/CENTRO-OESTE;1643.585
2024-10-17 23:00:00;NORDESTE;SUDESTE/CENTRO-OESTE;797.315
2024-10-18 00:00:00;NORDESTE;SUDESTE/CENTRO-OESTE;251.178
2024-10-18 01:00:00;NORDESTE;SUDESTE/CENTRO-OESTE;-812.46
2024-10-18 02:00:00;NORDESTE;SUDESTE/CENTRO-OESTE;-1363.123
2024-10-18 03:00:00;NORDESTE;SUDESTE/CENTRO-OESTE;-1446.942
2024-10-18 04:00:00;NORDESTE;SUDESTE/CENTRO-OESTE;-1210.26399999
2024-10-18 05:00:00;NORDESTE;SUDESTE/CENTRO-OESTE;-384.65
2024-10-18 06:00:00;NORDESTE;SUDESTE/CENTRO-OESTE;654.466
2024-10-18 07:00:00;NORDESTE;SUDESTE/CENTRO-OESTE;1066.71499999
2024-10-18 08:00:00;NORDESTE;SUDESTE/CENTRO-OESTE;739.105
2024-10-18 09:00:00;NORDESTE;SUDESTE/CENTRO-OESTE;454.064
2024-10-18 10:00:00;NORDESTE;SUDESTE/CENTRO-OESTE;285.164
2024-10-18 11:00:00;NORDESTE;SUDESTE/CENTRO-OESTE;1058.646
2024-10-18 12:00:00;NORDESTE;SUDESTE/CENTRO-OESTE;1578.47
2024-10-18 13:00:00;NORDESTE;SUDESTE/CENTRO-OESTE;2034.007
2024-10-18 14:00:00;NORDESTE;SUDESTE/CENTRO-OESTE;2094.34
2024-10-18 15:00:00;NORDESTE;SUDESTE/CENTRO-OESTE;2045.773
2024-10-18 16:00:00;NORDESTE;SUDESTE/CENTRO-OESTE;1445.534
2024-10-18 17:00:00;NORDESTE;SUDESTE/CENTRO-OESTE;1527.009
2024-10-18 18:00:00;NORDESTE;SUDESTE/CENTRO-OESTE;2419.599
2024-10-18 19:00:00;NORDESTE;SUDESTE/CENTRO-OESTE;2346.044
2024-10-18 20:00:00;NORDESTE;SUDESTE/CENTRO-OESTE;2521.688
2024-10-18 21:00:00;NORDESTE;SUDESTE/CENTRO-OESTE;2492.54799999
2024-10-18 22:00:00;NORDESTE;SUDESTE/CENTRO-OESTE;1696.209
2024-10-18 23:00:00;NORDESTE;SUDESTE/CENTRO-OESTE;476.505
2024-10-19 00:00:00;NORDESTE;SUDESTE/CENTRO-OESTE;-207.166
2024-10-19 01:00:00;NORDESTE;SUDESTE/CENTRO-OESTE;-507.188
2024-10-19 02:00:00;NORDESTE;SUDESTE/CENTRO-OESTE;-461.988
2024-10-19 03:00:00;NORDESTE;SUDESTE/CENTRO-OESTE;-248.715
2024-10-19 04:00:00;NORDESTE;SUDESTE/CENTRO-OESTE;128.268
2024-10-19 05:00:00;NORDESTE;SUDESTE/CENTRO-OESTE;814.092
2024-10-19 06:00:00;NORDESTE;SUDESTE/CENTRO-OESTE;2154.87199999
2024-10-19 07:00:00;NORDESTE;SUDESTE/CENTRO-OESTE;3559.608
2024-10-19 08:00:00;NORDESTE;SUDESTE/CENTRO-OESTE;3930.542
2024-10-19 09:00:00;NORDESTE;SUDESTE/CENTRO-OESTE;3926.436
2024-10-19 10:00:00;NORDESTE;SUDESTE/CENTRO-OESTE;3572.732
2024-10-19 11:00:00;NORDESTE;SUDESTE/CENTRO-OESTE;3545.876
2024-10-19 12:00:00;NORDESTE;SUDESTE/CENTRO-OESTE;4026.518
2024-10-19 13:00:00;NORDESTE;SUDESTE/CENTRO-OESTE;4147.513
2024-10-19 14:00:00;NORDESTE;SUDESTE/CENTRO-OESTE;3985.402
2024-10-19 15:00:00;NORDESTE;SUDESTE/CENTRO-OESTE;3551.473
2024-10-19 16:00:00;NORDESTE;SUDESTE/CENTRO-OESTE;3282.096
2024-10-19 17:00:00;NORDESTE;SUDESTE/CENTRO-OESTE;3055.467
2024-10-19 18:00:00;NORDESTE;SUDESTE/CENTRO-OESTE;4001.054
2024-10-19 19:00:00;NORDESTE;SUDESTE/CENTRO-OESTE;4713.905
2024-10-19 20:00:00;NORDESTE;SUDESTE/CENTRO-OESTE;4580.734
2024-10-19 21:00:00;NORDESTE;SUDESTE/CENTRO-OESTE;4813.434
2024-10-19 22:00:00;NORDESTE;SUDESTE/CENTRO-OESTE;4982.31099999
2024-10-19 23:00:00;NORDESTE;SUDESTE/CENTRO-OESTE;5512.939
2024-10-20 00:00:00;NORDESTE;SUDESTE/CENTRO-OESTE;4938.34199999
2024-10-20 01:00:00;NORDESTE;SUDESTE/CENTRO-OESTE;4626.89999999
2024-10-20 02:00:00;NORDESTE;SUDESTE/CENTRO-OESTE;4537.914
2024-10-20 03:00:00;NORDESTE;SUDESTE/CENTRO-OESTE;4355.945
2024-10-20 04:00:00;NORDESTE;SUDESTE/CENTRO-OESTE;4082.227
2024-10-20 05:00:00;NORDESTE;SUDESTE/CENTRO-OESTE;4213.523
2024-10-20 06:00:00;NORDESTE;SUDESTE/CENTRO-OESTE;3484.343
2024-10-20 07:00:00;NORDESTE;SUDESTE/CENTRO-OESTE;3120.321
2024-10-20 08:00:00;NORDESTE;SUDESTE/CENTRO-OESTE;2717.59
2024-10-20 09:00:00;NORDESTE;SUDESTE/CENTRO-OESTE;2759.525
2024-10-20 10:00:00;NORDESTE;SUDESTE/CENTRO-OESTE;2558.523
2024-10-20 11:00:00;NORDESTE;SUDESTE/CENTRO-OESTE;2701.492
2024-10-20 12:00:00;NORDESTE;SUDESTE/CENTRO-OESTE;2633.82499999
2024-10-20 13:00:00;NORDESTE;SUDESTE/CENTRO-OESTE;2610.774
2024-10-20 14:00:00;NORDESTE;SUDESTE/CENTRO-OESTE;2692.021
2024-10-20 15:00:00;NORDESTE;SUDESTE/CENTRO-OESTE;2877.674
2024-10-20 16:00:00;NORDESTE;SUDESTE/CENTRO-OESTE;3396.543
2024-10-20 17:00:00;NORDESTE;SUDESTE/CENTRO-OESTE;3033.105
2024-10-20 18:00:00;NORDESTE;SUDESTE/CENTRO-OESTE;4286.648
2024-10-20 19:00:00;NORDESTE;SUDESTE/CENTRO-OESTE;4975.483
2024-10-20 20:00:00;NORDESTE;SUDESTE/CENTRO-OESTE;5264.656
2024-10-20 21:00:00;NORDESTE;SUDESTE/CENTRO-OESTE;5513.684
2024-10-20 22:00:00;NORDESTE;SUDESTE/CENTRO-OESTE;5387.974
2024-10-20 23:00:00;NORDESTE;SUDESTE/CENTRO-OESTE;5532.751
2024-10-21 00:00:00;NORDESTE;SUDESTE/CENTRO-OESTE;5233.219
2024-10-21 01:00:00;NORDESTE;SUDESTE/CENTRO-OESTE;5523.764
2024-10-21 02:00:00;NORDESTE;SUDESTE/CENTRO-OESTE;5663.442
2024-10-21 03:00:00;NORDESTE;SUDESTE/CENTRO-OESTE;5638.351
2024-10-21 04:00:00;NORDESTE;SUDESTE/CENTRO-OESTE;5980.636
2024-10-21 05:00:00;NORDESTE;SUDESTE/CENTRO-OESTE;6596.888
2024-10-21 06:00:00;NORDESTE;SUDESTE/CENTRO-OESTE;7527.168
2024-10-21 07:00:00;NORDESTE;SUDESTE/CENTRO-OESTE;7385.98499999
2024-10-21 08:00:00;NORDESTE;SUDESTE/CENTRO-OESTE;7348.846
2024-10-21 09:00:00;NORDESTE;SUDESTE/CENTRO-OESTE;7261.55
2024-10-21 10:00:00;NORDESTE;SUDESTE/CENTRO-OESTE;6641.478
2024-10-21 11:00:00;NORDESTE;SUDESTE/CENTRO-OESTE;6188.927
2024-10-21 12:00:00;NORDESTE;SUDESTE/CENTRO-OESTE;6244.294
2024-10-21 13:00:00;NORDESTE;SUDESTE/CENTRO-OESTE;6455.488
2024-10-21 14:00:00;NORDESTE;SUDESTE/CENTRO-OESTE;6465.955
2024-10-21 15:00:00;NORDESTE;SUDESTE/CENTRO-OESTE;6100.33
2024-10-21 16:00:00;NORDESTE;SUDESTE/CENTRO-OESTE;5357.16299999
2024-10-21 17:00:00;NORDESTE;SUDESTE/CENTRO-OESTE;4698.977
2024-10-21 18:00:00;NORDESTE;SUDESTE/CENTRO-OESTE;6071.733
2024-10-21 19:00:00;NORDESTE;SUDESTE/CENTRO-OESTE;7302.817
2024-10-21 20:00:00;NORDESTE;SUDESTE/CENTRO-OESTE;7738.38899999
2024-10-21 21:00:00;NORDESTE;SUDESTE/CENTRO-OESTE;7490.86499999
2024-10-21 22:00:00;NORDESTE;SUDESTE/CENTRO-OESTE;7421.689
2024-10-21 23:00:00;NORDESTE;SUDESTE/CENTRO-OESTE;7240.982
2024-10-22 00:00:00;NORDESTE;SUDESTE/CENTRO-OESTE;7034.501
2024-10-22 01:00:00;NORDESTE;SUDESTE/CENTRO-OESTE;6408.335
2024-10-22 02:00:00;NORDESTE;SUDESTE/CENTRO-OESTE;7152.388
2024-10-22 03:00:00;NORDESTE;SUDESTE/CENTRO-OESTE;7399.73699999
2024-10-22 04:00:00;NORDESTE;SUDESTE/CENTRO-OESTE;7265.368
2024-10-22 05:00:00;NORDESTE;SUDESTE/CENTRO-OESTE;7422.76
2024-10-22 06:00:00;NORDESTE;SUDESTE/CENTRO-OESTE;7579.954
2024-10-22 07:00:00;NORDESTE;SUDESTE/CENTRO-OESTE;7572.20899999
2024-10-22 08:00:00;NORDESTE;SUDESTE/CENTRO-OESTE;6370.41
2024-10-22 09:00:00;NORDESTE;SUDESTE/CENTRO-OESTE;5914.376
2024-10-22 10:00:00;NORDESTE;SUDESTE/CENTRO-OESTE;5527.106
2024-10-22 11:00:00;NORDESTE;SUDESTE/CENTRO-OESTE;5041.286
2024-10-22 12:00:00;NORDESTE;SUDESTE/CENTRO-OESTE;5131.095
2024-10-22 13:00:00;NORDESTE;SUDESTE/CENTRO-OESTE;5047.37299999
2024-10-22 14:00:00;NORDESTE;SUDESTE/CENTRO-OESTE;5068.22599999
2024-10-22 15:00:00;NORDESTE;SUDESTE/CENTRO-OESTE;5234.03
2024-10-22 16:00:00;NORDESTE;SUDESTE/CENTRO-OESTE;5779.591
2024-10-22 17:00:00;NORDESTE;SUDESTE/CENTRO-OESTE;5891.151
2024-10-22 18:00:00;NORDESTE;SUDESTE/CENTRO-OESTE;7423.22699999
2024-10-22 19:00:00;NORDESTE;SUDESTE/CENTRO-OESTE;7775.81
2024-10-22 20:00:00;NORDESTE;SUDESTE/CENTRO-OESTE;7895.062
2024-10-22 21:00:00;NORDESTE;SUDESTE/CENTRO-OESTE;7963.584
2024-10-22 22:00:00;NORDESTE;SUDESTE/CENTRO-OESTE;7844.899
2024-10-22 23:00:00;NORDESTE;SUDESTE/CENTRO-OESTE;7628.319
2024-10-23 00:00:00;NORDESTE;SUDESTE/CENTRO-OESTE;7093.509
2024-10-23 01:00:00;NORDESTE;SUDESTE/CENTRO-OESTE;7377.676
2024-10-23 02:00:00;NORDESTE;SUDESTE/CENTRO-OESTE;7533.11
2024-10-23 03:00:00;NORDESTE;SUDESTE/CENTRO-OESTE;7549.515
2024-10-23 04:00:00;NORDESTE;SUDESTE/CENTRO-OESTE;7381.83899999
2024-10-23 05:00:00;NORDESTE;SUDESTE/CENTRO-OESTE;7705.712
2024-10-23 06:00:00;NORDESTE;SUDESTE/CENTRO-OESTE;7905.251
2024-10-23 07:00:00;NORDESTE;SUDESTE/CENTRO-OESTE;6269.592
2024-10-23 08:00:00;NORDESTE;SUDESTE/CENTRO-OESTE;5892.444
2024-10-23 09:00:00;NORDESTE;SUDESTE/CENTRO-OESTE;5200.049
2024-10-23 10:00:00;NORDESTE;SUDESTE/CENTRO-OESTE;4771.486
2024-10-23 11:00:00;NORDESTE;SUDESTE/CENTRO-OESTE;4957.526
2024-10-23 12:00:00;NORDESTE;SUDESTE/CENTRO-OESTE;4422.888
2024-10-23 13:00:00;NORDESTE;SUDESTE/CENTRO-OESTE;4224.098
2024-10-23 14:00:00;NORDESTE;SUDESTE/CENTRO-OESTE;4442.742
2024-10-23 15:00:00;NORDESTE;SUDESTE/CENTRO-OESTE;4258.06099999
2024-10-23 16:00:00;NORDESTE;SUDESTE/CENTRO-OESTE;3496.867
2024-10-23 17:00:00;NORDESTE;SUDESTE/CENTRO-OESTE;3738.679
2024-10-23 18:00:00;NORDESTE;SUDESTE/CENTRO-OESTE;6183.06499999
2024-10-23 19:00:00;NORDESTE;SUDESTE/CENTRO-OESTE;7563.294
2024-10-23 20:00:00;NORDESTE;SUDESTE/CENTRO-OESTE;7650.50299999
2024-10-23 21:00:00;NORDESTE;SUDESTE/CENTRO-OESTE;6908.988
2024-10-23 22:00:00;NORDESTE;SUDESTE/CENTRO-OESTE;6439.09
2024-10-23 23:00:00;NORDESTE;SUDESTE/CENTRO-OESTE;6729.388
2024-10-24 00:00:00;NORDESTE;SUDESTE/CENTRO-OESTE;6719.575
2024-10-24 01:00:00;NORDESTE;SUDESTE/CENTRO-OESTE;6347.428
2024-10-24 02:00:00;NORDESTE;SUDESTE/CENTRO-OESTE;6210.74799999
2024-10-24 03:00:00;NORDESTE;SUDESTE/CENTRO-OESTE;6189.72999999
2024-10-24 04:00:00;NORDESTE;SUDESTE/CENTRO-OESTE;6014.149
2024-10-24 05:00:00;NORDESTE;SUDESTE/CENTRO-OESTE;6152.209
2024-10-24 06:00:00;NORDESTE;SUDESTE/CENTRO-OESTE;5374.956
2024-10-24 07:00:00;NORDESTE;SUDESTE/CENTRO-OESTE;4646.398
2024-10-24 08:00:00;NORDESTE;SUDESTE/CENTRO-OESTE;4780.694
2024-10-24 09:00:00;NORDESTE;SUDESTE/CENTRO-OESTE;5152.569
2024-10-24 10:00:00;NORDESTE;SUDESTE/CENTRO-OESTE;5443.98499999
2024-10-24 11:00:00;NORDESTE;SUDESTE/CENTRO-OESTE;4733.25699999
2024-10-24 12:00:00;NORDESTE;SUDESTE/CENTRO-OESTE;4677.395
2024-10-24 13:00:00;NORDESTE;SUDESTE/CENTRO-OESTE;4386.781
2024-10-24 14:00:00;NORDESTE;SUDESTE/CENTRO-OESTE;3959.422
2024-10-24 15:00:00;NORDESTE;SUDESTE/CENTRO-OESTE;3770.277
2024-10-24 16:00:00;NORDESTE;SUDESTE/CENTRO-OESTE;3376.306
2024-10-24 17:00:00;NORDESTE;SUDESTE/CENTRO-OESTE;4207.17
2024-10-24 18:00:00;NORDESTE;SUDESTE/CENTRO-OESTE;5926.341
2024-10-24 19:00:00;NORDESTE;SUDESTE/CENTRO-OESTE;7690.428
2024-10-24 20:00:00;NORDESTE;SUDESTE/CENTRO-OESTE;7490.664
2024-10-24 21:00:00;NORDESTE;SUDESTE/CENTRO-OESTE;6615.06499999
2024-10-24 22:00:00;NORDESTE;SUDESTE/CENTRO-OESTE;6402.982
2024-10-24 23:00:00;NORDESTE;SUDESTE/CENTRO-OESTE;6274.014
2024-10-25 00:00:00;NORDESTE;SUDESTE/CENTRO-OESTE;5977.548
2024-10-25 01:00:00;NORDESTE;SUDESTE/CENTRO-OESTE;6072.042
2024-10-25 02:00:00;NORDESTE;SUDESTE/CENTRO-OESTE;6013.367
2024-10-25 03:00:00;NORDESTE;SUDESTE/CENTRO-OESTE;6080.069
2024-10-25 04:00:00;NORDESTE;SUDESTE/CENTRO-OESTE;6130.924
2024-10-25 05:00:00;NORDESTE;SUDESTE/CENTRO-OESTE;6452.679
2024-10-25 06:00:00;NORDESTE;SUDESTE/CENTRO-OESTE;7413.19499999
2024-10-25 07:00:00;NORDESTE;SUDESTE/CENTRO-OESTE;7202.479
2024-10-25 08:00:00;NORDESTE;SUDESTE/CENTRO-OESTE;6642.97099999
2024-10-25 09:00:00;NORDESTE;SUDESTE/CENTRO-OESTE;5966.171
2024-10-25 10:00:00;NORDESTE;SUDESTE/CENTRO-OESTE;5609.31
2024-10-25 11:00:00;NORDESTE;SUDESTE/CENTRO-OESTE;5407.858
2024-10-25 12:00:00;NORDESTE;SUDESTE/CENTRO-OESTE;5410.64
2024-10-25 13:00:00;NORDESTE;SUDESTE/CENTRO-OESTE;5410.64
2024-10-25 14:00:00;NORDESTE;SUDESTE/CENTRO-OESTE;5410.64
2024-10-25 15:00:00;NORDESTE;SUDESTE/CENTRO-OESTE;4697.075
2024-10-25 16:00:00;NORDESTE;SUDESTE/CENTRO-OESTE;3459.286
2024-10-25 17:00:00;NORDESTE;SUDESTE/CENTRO-OESTE;4188.822
2024-10-25 18:00:00;NORDESTE;SUDESTE/CENTRO-OESTE;5689.238
2024-10-25 19:00:00;NORDESTE;SUDESTE/CENTRO-OESTE;6352.198
2024-10-25 20:00:00;NORDESTE;SUDESTE/CENTRO-OESTE;6338.943
2024-10-25 21:00:00;NORDESTE;SUDESTE/CENTRO-OESTE;5809.616
2024-10-25 22:00:00;NORDESTE;SUDESTE/CENTRO-OESTE;5570.023
2024-10-25 23:00:00;NORDESTE;SUDESTE/CENTRO-OESTE;5772.902
2024-10-26 00:00:00;NORDESTE;SUDESTE/CENTRO-OESTE;5262.854
2024-10-26 01:00:00;NORDESTE;SUDESTE/CENTRO-OESTE;4849.173
2024-10-26 02:00:00;NORDESTE;SUDESTE/CENTRO-OESTE;4839.25699999
2024-10-26 03:00:00;NORDESTE;SUDESTE/CENTRO-OESTE;4471.883
2024-10-26 04:00:00;NORDESTE;SUDESTE/CENTRO-OESTE;4300.295
2024-10-26 05:00:00;NORDESTE;SUDESTE/CENTRO-OESTE;5083.115
2024-10-26 06:00:00;NORDESTE;SUDESTE/CENTRO-OESTE;6678.724
2024-10-26 07:00:00;NORDESTE;SUDESTE/CENTRO-OESTE;6612.275
2024-10-26 08:00:00;NORDESTE;SUDESTE/CENTRO-OESTE;6084.151
2024-10-26 09:00:00;NORDESTE;SUDESTE/CENTRO-OESTE;5269.435
2024-10-26 10:00:00;NORDESTE;SUDESTE/CENTRO-OESTE;4880.25
2024-10-26 11:00:00;NORDESTE;SUDESTE/CENTRO-OESTE;4922.032
2024-10-26 12:00:00;NORDESTE;SUDESTE/CENTRO-OESTE;5268.537
2024-10-26 13:00:00;NORDESTE;SUDESTE/CENTRO-OESTE;5296.85499999
2024-10-26 14:00:00;NORDESTE;SUDESTE/CENTRO-OESTE;4989.987
2024-10-26 15:00:00;NORDESTE;SUDESTE/CENTRO-OESTE;4741.60999999
2024-10-26 16:00:00;NORDESTE;SUDESTE/CENTRO-OESTE;4573.032
2024-10-26 17:00:00;NORDESTE;SUDESTE/CENTRO-OESTE;5019.316
2024-10-26 18:00:00;NORDESTE;SUDESTE/CENTRO-OESTE;6526.43099999
2024-10-26 19:00:00;NORDESTE;SUDESTE/CENTRO-OESTE;7235.441
2024-10-26 20:00:00;NORDESTE;SUDESTE/CENTRO-OESTE;6800.192
2024-10-26 21:00:00;NORDESTE;SUDESTE/CENTRO-OESTE;6475.024
2024-10-26 22:00:00;NORDESTE;SUDESTE/CENTRO-OESTE;5988.551
2024-10-26 23:00:00;NORDESTE;SUDESTE/CENTRO-OESTE;5301.011
2024-10-27 00:00:00;NORDESTE;SUDESTE/CENTRO-OESTE;4472.423
2024-10-27 01:00:00;NORDESTE;SUDESTE/CENTRO-OESTE;4349.06099999
2024-10-27 02:00:00;NORDESTE;SUDESTE/CENTRO-OESTE;4147.916
2024-10-27 03:00:00;NORDESTE;SUDESTE/CENTRO-OESTE;3844.937
2024-10-27 04:00:00;NORDESTE;SUDESTE/CENTRO-OESTE;3774.195
2024-10-27 05:00:00;NORDESTE;SUDESTE/CENTRO-OESTE;4271.037
2024-10-27 06:00:00;NORDESTE;SUDESTE/CENTRO-OESTE;5019.138
2024-10-27 07:00:00;NORDESTE;SUDESTE/CENTRO-OESTE;4510.758
2024-10-27 08:00:00;NORDESTE;SUDESTE/CENTRO-OESTE;3173.257
2024-10-27 09:00:00;NORDESTE;SUDESTE/CENTRO-OESTE;2429.774
2024-10-27 10:00:00;NORDESTE;SUDESTE/CENTRO-OESTE;2365.636
2024-10-27 11:00:00;NORDESTE;SUDESTE/CENTRO-OESTE;2781.878
2024-10-27 12:00:00;NORDESTE;SUDESTE/CENTRO-OESTE;2419.728
2024-10-27 13:00:00;NORDESTE;SUDESTE/CENTRO-OESTE;2308.617
2024-10-27 14:00:00;NORDESTE;SUDESTE/CENTRO-OESTE;2256.934
2024-10-27 15:00:00;NORDESTE;SUDESTE/CENTRO-OESTE;2359.381
2024-10-27 16:00:00;NORDESTE;SUDESTE/CENTRO-OESTE;2388.30699999
2024-10-27 17:00:00;NORDESTE;SUDESTE/CENTRO-OESTE;3127.5
2024-10-27 18:00:00;NORDESTE;SUDESTE/CENTRO-OESTE;5212.908
2024-10-27 19:00:00;NORDESTE;SUDESTE/CENTRO-OESTE;5396.597
2024-10-27 20:00:00;NORDESTE;SUDESTE/CENTRO-OESTE;5040.021
2024-10-27 21:00:00;NORDESTE;SUDESTE/CENTRO-OESTE;4417.905
2024-10-27 22:00:00;NORDESTE;SUDESTE/CENTRO-OESTE;4254.486
2024-10-27 23:00:00;NORDESTE;SUDESTE/CENTRO-OESTE;4104.776
2024-10-28 00:00:00;NORDESTE;SUDESTE/CENTRO-OESTE;4495.17
2024-10-28 01:00:00;NORDESTE;SUDESTE/CENTRO-OESTE;4521.25699999
2024-10-28 02:00:00;NORDESTE;SUDESTE/CENTRO-OESTE;4976.094
2024-10-28 03:00:00;NORDESTE;SUDESTE/CENTRO-OESTE;6072.177
2024-10-28 04:00:00;NORDESTE;SUDESTE/CENTRO-OESTE;6086.2
2024-10-28 05:00:00;NORDESTE;SUDESTE/CENTRO-OESTE;6812.466
2024-10-28 06:00:00;NORDESTE;SUDESTE/CENTRO-OESTE;8110.346
2024-10-28 07:00:00;NORDESTE;SUDESTE/CENTRO-OESTE;7581.809
2024-10-28 08:00:00;NORDESTE;SUDESTE/CENTRO-OESTE;6544.601
2024-10-28 09:00:00;NORDESTE;SUDESTE/CENTRO-OESTE;6556.685
2024-10-28 10:00:00;NORDESTE;SUDESTE/CENTRO-OESTE;6079.157
2024-10-28 11:00:00;NORDESTE;SUDESTE/CENTRO-OESTE;5878.599
2024-10-28 12:00:00;NORDESTE;SUDESTE/CENTRO-OESTE;5723.321
2024-10-28 13:00:00;NORDESTE;SUDESTE/CENTRO-OESTE;5586.588
2024-10-28 14:00:00;NORDESTE;SUDESTE/CENTRO-OESTE;4864.89
2024-10-28 15:00:00;NORDESTE;SUDESTE/CENTRO-OESTE;4783.935
2024-10-28 16:00:00;NORDESTE;SUDESTE/CENTRO-OESTE;3677.536
2024-10-28 17:00:00;NORDESTE;SUDESTE/CENTRO-OESTE;3026.52799999
2024-10-28 18:00:00;NORDESTE;SUDESTE/CENTRO-OESTE;4817.88199999
2024-10-28 19:00:00;NORDESTE;SUDESTE/CENTRO-OESTE;5640.262
2024-10-28 20:00:00;NORDESTE;SUDESTE/CENTRO-OESTE;5203.272
2024-10-28 21:00:00;NORDESTE;SUDESTE/CENTRO-OESTE;5031.478
2024-10-28 22:00:00;NORDESTE;SUDESTE/CENTRO-OESTE;5395.404
2024-10-28 23:00:00;NORDESTE;SUDESTE/CENTRO-OESTE;5579.173
2024-10-29 00:00:00;NORDESTE;SUDESTE/CENTRO-OESTE;5552.273
2024-10-29 01:00:00;NORDESTE;SUDESTE/CENTRO-OESTE;5647.841
2024-10-29 02:00:00;NORDESTE;SUDESTE/CENTRO-OESTE;5933.856
2024-10-29 03:00:00;NORDESTE;SUDESTE/CENTRO-OESTE;5846.059
2024-10-29 04:00:00;NORDESTE;SUDESTE/CENTRO-OESTE;6193.72999999
2024-10-29 05:00:00;NORDESTE;SUDESTE/CENTRO-OESTE;6863.406
2024-10-29 06:00:00;NORDESTE;SUDESTE/CENTRO-OESTE;7591.956
2024-10-29 07:00:00;NORDESTE;SUDESTE/CENTRO-OESTE;7077.596
2024-10-29 08:00:00;NORDESTE;SUDESTE/CENTRO-OESTE;6530.144
2024-10-29 09:00:00;NORDESTE;SUDESTE/CENTRO-OESTE;6150.782
2024-10-29 10:00:00;NORDESTE;SUDESTE/CENTRO-OESTE;5712.307
2024-10-29 11:00:00;NORDESTE;SUDESTE/CENTRO-OESTE;5163.961
2024-10-29 12:00:00;NORDESTE;SUDESTE/CENTRO-OESTE;4625.057
2024-10-29 13:00:00;NORDESTE;SUDESTE/CENTRO-OESTE;4133.238
2024-10-29 14:00:00;NORDESTE;SUDESTE/CENTRO-OESTE;3222.922
2024-10-29 15:00:00;NORDESTE;SUDESTE/CENTRO-OESTE;2947.381
2024-10-29 16:00:00;NORDESTE;SUDESTE/CENTRO-OESTE;2645.136
2024-10-29 17:00:00;NORDESTE;SUDESTE/CENTRO-OESTE;3000.505
2024-10-29 18:00:00;NORDESTE;SUDESTE/CENTRO-OESTE;4737.889
2024-10-29 19:00:00;NORDESTE;SUDESTE/CENTRO-OESTE;6044.915
2024-10-29 20:00:00;NORDESTE;SUDESTE/CENTRO-OESTE;5952.567
2024-10-29 21:00:00;NORDESTE;SUDESTE/CENTRO-OESTE;5325.21699999
2024-10-29 22:00:00;NORDESTE;SUDESTE/CENTRO-OESTE;5351.11399999
2024-10-29 23:00:00;NORDESTE;SUDESTE/CENTRO-OESTE;4802.40899999
2024-10-30 00:00:00;NORDESTE;SUDESTE/CENTRO-OESTE;4564.83299999
2024-10-30 01:00:00;NORDESTE;SUDESTE/CENTRO-OESTE;5087.80599999
2024-10-30 02:00:00;NORDESTE;SUDESTE/CENTRO-OESTE;5317.32399999
2024-10-30 03:00:00;NORDESTE;SUDESTE/CENTRO-OESTE;5369.021
2024-10-30 04:00:00;NORDESTE;SUDESTE/CENTRO-OESTE;5667.933
2024-10-30 05:00:00;NORDESTE;SUDESTE/CENTRO-OESTE;6458.473
2024-10-30 06:00:00;NORDESTE;SUDESTE/CENTRO-OESTE;7322.379
2024-10-30 07:00:00;NORDESTE;SUDESTE/CENTRO-OESTE;6752.344
2024-10-30 08:00:00;NORDESTE;SUDESTE/CENTRO-OESTE;6444.411
2024-10-30 09:00:00;NORDESTE;SUDESTE/CENTRO-OESTE;6218.697
2024-10-30 10:00:00;NORDESTE;SUDESTE/CENTRO-OESTE;5181.356
2024-10-30 11:00:00;NORDESTE;SUDESTE/CENTRO-OESTE;4387.301
2024-10-30 12:00:00;NORDESTE;SUDESTE/CENTRO-OESTE;3826.506
2024-10-30 13:00:00;NORDESTE;SUDESTE/CENTRO-OESTE;3042.817
2024-10-30 14:00:00;NORDESTE;SUDESTE/CENTRO-OESTE;2664.13
2024-10-30 15:00:00;NORDESTE;SUDESTE/CENTRO-OESTE;2291.781
2024-10-30 16:00:00;NORDESTE;SUDESTE/CENTRO-OESTE;1952.957
2024-10-30 17:00:00;NORDESTE;SUDESTE/CENTRO-OESTE;2453.473
2024-10-30 18:00:00;NORDESTE;SUDESTE/CENTRO-OESTE;4606.175
2024-10-30 19:00:00;NORDESTE;SUDESTE/CENTRO-OESTE;5269.97099999
2024-10-30 20:00:00;NORDESTE;SUDESTE/CENTRO-OESTE;5386.853
2024-10-30 21:00:00;NORDESTE;SUDESTE/CENTRO-OESTE;5570.242
2024-10-30 22:00:00;NORDESTE;SUDESTE/CENTRO-OESTE;5105.777
2024-10-30 23:00:00;NORDESTE;SUDESTE/CENTRO-OESTE;4598.338
2024-10-31 00:00:00;NORDESTE;SUDESTE/CENTRO-OESTE;4877.975
2024-10-31 01:00:00;NORDESTE;SUDESTE/CENTRO-OESTE;5226.111
2024-10-31 02:00:00;NORDESTE;SUDESTE/CENTRO-OESTE;5219.227
2024-10-31 03:00:00;NORDESTE;SUDESTE/CENTRO-OESTE;5275.401
2024-10-31 04:00:00;NORDESTE;SUDESTE/CENTRO-OESTE;5362.702
2024-10-31 05:00:00;NORDESTE;SUDESTE/CENTRO-OESTE;6079.287
2024-10-31 06:00:00;NORDESTE;SUDESTE/CENTRO-OESTE;5481.157
2024-10-31 07:00:00;NORDESTE;SUDESTE/CENTRO-OESTE;5048.558
2024-10-31 08:00:00;NORDESTE;SUDESTE/CENTRO-OESTE;5636.28
2024-10-31 09:00:00;NORDESTE;SUDESTE/CENTRO-OESTE;4709.017
2024-10-31 10:00:00;NORDESTE;SUDESTE/CENTRO-OESTE;3831.298
2024-10-31 11:00:00;NORDESTE;SUDESTE/CENTRO-OESTE;3373.676
2024-10-31 12:00:00;NORDESTE;SUDESTE/CENTRO-OESTE;2598.64199999
2024-10-31 13:00:00;NORDESTE;SUDESTE/CENTRO-OESTE;2004.643
2024-10-31 14:00:00;NORDESTE;SUDESTE/CENTRO-OESTE;1281.099
2024-10-31 15:00:00;NORDESTE;SUDESTE/CENTRO-OESTE;878.363
2024-10-31 16:00:00;NORDESTE;SUDESTE/CENTRO-OESTE;1415.192
2024-10-31 17:00:00;NORDESTE;SUDESTE/CENTRO-OESTE;2318.118
2024-10-31 18:00:00;NORDESTE;SUDESTE/CENTRO-OESTE;3958.277
2024-10-31 19:00:00;NORDESTE;SUDESTE/CENTRO-OESTE;5085.089
2024-10-31 20:00:00;NORDESTE;SUDESTE/CENTRO-OESTE;4774.93599999
2024-10-31 21:00:00;NORDESTE;SUDESTE/CENTRO-OESTE;3883.779
2024-10-31 22:00:00;NORDESTE;SUDESTE/CENTRO-OESTE;4400.604
2024-10-31 23:00:00;NORDESTE;SUDESTE/CENTRO-OESTE;4764.376
2024-11-01 00:00:00;NORDESTE;SUDESTE/CENTRO-OESTE;4550.638
2024-11-01 01:00:00;NORDESTE;SUDESTE/CENTRO-OESTE;5265.05599999
2024-11-01 02:00:00;NORDESTE;SUDESTE/CENTRO-OESTE;5748.307
2024-11-01 03:00:00;NORDESTE;SUDESTE/CENTRO-OESTE;5865.68999999
2024-11-01 04:00:00;NORDESTE;SUDESTE/CENTRO-OESTE;5763.803
2024-11-01 05:00:00;NORDESTE;SUDESTE/CENTRO-OESTE;5815.824
2024-11-01 06:00:00;NORDESTE;SUDESTE/CENTRO-OESTE;5097.535
2024-11-01 07:00:00;NORDESTE;SUDESTE/CENTRO-OESTE;4835.941
2024-11-01 08:00:00;NORDESTE;SUDESTE/CENTRO-OESTE;5106.157
2024-11-01 09:00:00;NORDESTE;SUDESTE/CENTRO-OESTE;4704.446
2024-11-01 10:00:00;NORDESTE;SUDESTE/CENTRO-OESTE;3659.76
2024-11-01 11:00:00;NORDESTE;SUDESTE/CENTRO-OESTE;3355.578
2024-11-01 12:00:00;NORDESTE;SUDESTE/CENTRO-OESTE;3063.161
2024-11-01 13:00:00;NORDESTE;SUDESTE/CENTRO-OESTE;2592.107
2024-11-01 14:00:00;NORDESTE;SUDESTE/CENTRO-OESTE;1984.851
2024-11-01 15:00:00;NORDESTE;SUDESTE/CENTRO-OESTE;1750.33
2024-11-01 16:00:00;NORDESTE;SUDESTE/CENTRO-OESTE;2189.809
2024-11-01 17:00:00;NORDESTE;SUDESTE/CENTRO-OESTE;2669.33399999
2024-11-01 18:00:00;NORDESTE;SUDESTE/CENTRO-OESTE;4606.309
2024-11-01 19:00:00;NORDESTE;SUDESTE/CENTRO-OESTE;5393.173
2024-11-01 20:00:00;NORDESTE;SUDESTE/CENTRO-OESTE;5660.006
2024-11-01 21:00:00;NORDESTE;SUDESTE/CENTRO-OESTE;5914.106
2024-11-01 22:00:00;NORDESTE;SUDESTE/CENTRO-OESTE;6424.616
2024-11-01 23:00:00;NORDESTE;SUDESTE/CENTRO-OESTE;6076.72
2024-11-02 00:00:00;NORDESTE;SUDESTE/CENTRO-OESTE;5834.78
2024-11-02 01:00:00;NORDESTE;SUDESTE/CENTRO-OESTE;6063.452
2024-11-02 02:00:00;NORDESTE;SUDESTE/CENTRO-OESTE;6461.48899999
2024-11-02 03:00:00;NORDESTE;SUDESTE/CENTRO-OESTE;6417.58
2024-11-02 04:00:00;NORDESTE;SUDESTE/CENTRO-OESTE;6510.079
2024-11-02 05:00:00;NORDESTE;SUDESTE/CENTRO-OESTE;6696.572
2024-11-02 06:00:00;NORDESTE;SUDESTE/CENTRO-OESTE;6334.094
2024-11-02 07:00:00;NORDESTE;SUDESTE/CENTRO-OESTE;5768.585
2024-11-02 08:00:00;NORDESTE;SUDESTE/CENTRO-OESTE;5847.545
2024-11-02 09:00:00;NORDESTE;SUDESTE/CENTRO-OESTE;5515.184
2024-11-02 10:00:00;NORDESTE;SUDESTE/CENTRO-OESTE;4974.573
2024-11-02 11:00:00;NORDESTE;SUDESTE/CENTRO-OESTE;4740.371
2024-11-02 12:00:00;NORDESTE;SUDESTE/CENTRO-OESTE;4646.66299999
2024-11-02 13:00:00;NORDESTE;SUDESTE/CENTRO-OESTE;3935.113
2024-11-02 14:00:00;NORDESTE;SUDESTE/CENTRO-OESTE;3861.528
2024-11-02 15:00:00;NORDESTE;SUDESTE/CENTRO-OESTE;3897.788
2024-11-02 16:00:00;NORDESTE;SUDESTE/CENTRO-OESTE;4222.388
2024-11-02 17:00:00;NORDESTE;SUDESTE/CENTRO-OESTE;4017.028
2024-11-02 18:00:00;NORDESTE;SUDESTE/CENTRO-OESTE;5432.947
2024-11-02 19:00:00;NORDESTE;SUDESTE/CENTRO-OESTE;6484.261
2024-11-02 20:00:00;NORDESTE;SUDESTE/CENTRO-OESTE;6671.441
2024-11-02 21:00:00;NORDESTE;SUDESTE/CENTRO-OESTE;6739.719
2024-11-02 22:00:00;NORDESTE;SUDESTE/CENTRO-OESTE;6543.779
2024-11-02 23:00:00;NORDESTE;SUDESTE/CENTRO-OESTE;6385.12299999
2024-11-03 00:00:00;NORDESTE;SUDESTE/CENTRO-OESTE;6355.734
2024-11-03 01:00:00;NORDESTE;SUDESTE/CENTRO-OESTE;6108.68999999
2024-11-03 02:00:00;NORDESTE;SUDESTE/CENTRO-OESTE;5739.809
2024-11-03 03:00:00;NORDESTE;SUDESTE/CENTRO-OESTE;5429.414
2024-11-03 04:00:00;NORDESTE;SUDESTE/CENTRO-OESTE;5311.358
2024-11-03 05:00:00;NORDESTE;SUDESTE/CENTRO-OESTE;5850.018
2024-11-03 06:00:00;NORDESTE;SUDESTE/CENTRO-OESTE;5028.636
2024-11-03 07:00:00;NORDESTE;SUDESTE/CENTRO-OESTE;3706.184
2024-11-03 08:00:00;NORDESTE;SUDESTE/CENTRO-OESTE;3765.891
2024-11-03 09:00:00;NORDESTE;SUDESTE/CENTRO-OESTE;3441.421
2024-11-03 10:00:00;NORDESTE;SUDESTE/CENTRO-OESTE;3178.264
2024-11-03 11:00:00;NORDESTE;SUDESTE/CENTRO-OESTE;3005.118
2024-11-03 12:00:00;NORDESTE;SUDESTE/CENTRO-OESTE;2663.599
2024-11-03 13:00:00;NORDESTE;SUDESTE/CENTRO-OESTE;2768.667
2024-11-03 14:00:00;NORDESTE;SUDESTE/CENTRO-OESTE;3084.381
2024-11-03 15:00:00;NORDESTE;SUDESTE/CENTRO-OESTE;4067.869
2024-11-03 16:00:00;NORDESTE;SUDESTE/CENTRO-OESTE;4347.834
2024-11-03 17:00:00;NORDESTE;SUDESTE/CENTRO-OESTE;4359.742
2024-11-03 18:00:00;NORDESTE;SUDESTE/CENTRO-OESTE;5459.216
2024-11-03 19:00:00;NORDESTE;SUDESTE/CENTRO-OESTE;6362.24799999
2024-11-03 20:00:00;NORDESTE;SUDESTE/CENTRO-OESTE;6344.118
2024-11-03 21:00:00;NORDESTE;SUDESTE/CENTRO-OESTE;6061.158
2024-11-03 22:00:00;NORDESTE;SUDESTE/CENTRO-OESTE;6358.889
2024-11-03 23:00:00;NORDESTE;SUDESTE/CENTRO-OESTE;6706.908
2024-11-04 00:00:00;NORDESTE;SUDESTE/CENTRO-OESTE;6443.061
2024-11-04 01:00:00;NORDESTE;SUDESTE/CENTRO-OESTE;6411.566
2024-11-04 02:00:00;NORDESTE;SUDESTE/CENTRO-OESTE;6463.877
2024-11-04 03:00:00;NORDESTE;SUDESTE/CENTRO-OESTE;6463.963
2024-11-04 04:00:00;NORDESTE;SUDESTE/CENTRO-OESTE;6365.831
2024-11-04 05:00:00;NORDESTE;SUDESTE/CENTRO-OESTE;6949.847
2024-11-04 06:00:00;NORDESTE;SUDESTE/CENTRO-OESTE;7231.059
2024-11-04 07:00:00;NORDESTE;SUDESTE/CENTRO-OESTE;6676.307
2024-11-04 08:00:00;NORDESTE;SUDESTE/CENTRO-OESTE;6403.177
2024-11-04 09:00:00;NORDESTE;SUDESTE/CENTRO-OESTE;6250.054
2024-11-04 10:00:00;NORDESTE;SUDESTE/CENTRO-OESTE;6262.229
2024-11-04 11:00:00;NORDESTE;SUDESTE/CENTRO-OESTE;6172.704
2024-11-04 12:00:00;NORDESTE;SUDESTE/CENTRO-OESTE;5884.146
2024-11-04 13:00:00;NORDESTE;SUDESTE/CENTRO-OESTE;5979.199
2024-11-04 14:00:00;NORDESTE;SUDESTE/CENTRO-OESTE;5376.10099999
2024-11-04 15:00:00;NORDESTE;SUDESTE/CENTRO-OESTE;4913.77499999
2024-11-04 16:00:00;NORDESTE;SUDESTE/CENTRO-OESTE;4086.489
2024-11-04 17:00:00;NORDESTE;SUDESTE/CENTRO-OESTE;4032.142
2024-11-04 18:00:00;NORDESTE;SUDESTE/CENTRO-OESTE;5070.166
2024-11-04 19:00:00;NORDESTE;SUDESTE/CENTRO-OESTE;6857.928
2024-11-04 20:00:00;NORDESTE;SUDESTE/CENTRO-OESTE;7370.172
2024-11-04 21:00:00;NORDESTE;SUDESTE/CENTRO-OESTE;7423.522
2024-11-04 22:00:00;NORDESTE;SUDESTE/CENTRO-OESTE;7052.086
2024-11-04 23:00:00;NORDESTE;SUDESTE/CENTRO-OESTE;6302.515
2024-11-05 00:00:00;NORDESTE;SUDESTE/CENTRO-OESTE;5873.88199999
2024-11-05 01:00:00;NORDESTE;SUDESTE/CENTRO-OESTE;6154.704
2024-11-05 02:00:00;NORDESTE;SUDESTE/CENTRO-OESTE;6460.691
2024-11-05 03:00:00;NORDESTE;SUDESTE/CENTRO-OESTE;6508.695
2024-11-05 04:00:00;NORDESTE;SUDESTE/CENTRO-OESTE;6429.247
2024-11-05 05:00:00;NORDESTE;SUDESTE/CENTRO-OESTE;7168.506
2024-11-05 06:00:00;NORDESTE;SUDESTE/CENTRO-OESTE;6687.696
2024-11-05 07:00:00;NORDESTE;SUDESTE/CENTRO-OESTE;6568.119
2024-11-05 08:00:00;NORDESTE;SUDESTE/CENTRO-OESTE;6446.891
2024-11-05 09:00:00;NORDESTE;SUDESTE/CENTRO-OESTE;6656.37299999
2024-11-05 10:00:00;NORDESTE;SUDESTE/CENTRO-OESTE;6956.604
2024-11-05 11:00:00;NORDESTE;SUDESTE/CENTRO-OESTE;6406.81
2024-11-05 12:00:00;NORDESTE;SUDESTE/CENTRO-OESTE;5697.683
2024-11-05 13:00:00;NORDESTE;SUDESTE/CENTRO-OESTE;4629.305
2024-11-05 14:00:00;NORDESTE;SUDESTE/CENTRO-OESTE;3461.254
2024-11-05 15:00:00;NORDESTE;SUDESTE/CENTRO-OESTE;2806.134
2024-11-05 16:00:00;NORDESTE;SUDESTE/CENTRO-OESTE;2497.344
2024-11-05 17:00:00;NORDESTE;SUDESTE/CENTRO-OESTE;2876.107
2024-11-05 18:00:00;NORDESTE;SUDESTE/CENTRO-OESTE;4952.015
2024-11-05 19:00:00;NORDESTE;SUDESTE/CENTRO-OESTE;6335.999
2024-11-05 20:00:00;NORDESTE;SUDESTE/CENTRO-OESTE;7219.3
2024-11-05 21:00:00;NORDESTE;SUDESTE/CENTRO-OESTE;7078.815
2024-11-05 22:00:00;NORDESTE;SUDESTE/CENTRO-OESTE;7037.287
2024-11-05 23:00:00;NORDESTE;SUDESTE/CENTRO-OESTE;6376.801
2024-11-06 00:00:00;NORDESTE;SUDESTE/CENTRO-OESTE;6139.737
2024-11-06 01:00:00;NORDESTE;SUDESTE/CENTRO-OESTE;6406.226
2024-11-06 02:00:00;NORDESTE;SUDESTE/CENTRO-OESTE;6617.833
2024-11-06 03:00:00;NORDESTE;SUDESTE/CENTRO-OESTE;6517.034
2024-11-06 04:00:00;NORDESTE;SUDESTE/CENTRO-OESTE;6569.193
2024-11-06 05:00:00;NORDESTE;SUDESTE/CENTRO-OESTE;7160.835
2024-11-06 06:00:00;NORDESTE;SUDESTE/CENTRO-OESTE;8153.71699999
2024-11-06 07:00:00;NORDESTE;SUDESTE/CENTRO-OESTE;8310.767
2024-11-06 08:00:00;NORDESTE;SUDESTE/CENTRO-OESTE;7770.337
2024-11-06 09:00:00;NORDESTE;SUDESTE/CENTRO-OESTE;7525.082
2024-11-06 10:00:00;NORDESTE;SUDESTE/CENTRO-OESTE;7259.49
2024-11-06 11:00:00;NORDESTE;SUDESTE/CENTRO-OESTE;6159.206
2024-11-06 12:00:00;NORDESTE;SUDESTE/CENTRO-OESTE;5630.81
2024-11-06 13:00:00;NORDESTE;SUDESTE/CENTRO-OESTE;4709.674
2024-11-06 14:00:00;NORDESTE;SUDESTE/CENTRO-OESTE;4240.914
2024-11-06 15:00:00;NORDESTE;SUDESTE/CENTRO-OESTE;4092.97
2024-11-06 16:00:00;NORDESTE;SUDESTE/CENTRO-OESTE;3690.402
2024-11-06 17:00:00;NORDESTE;SUDESTE/CENTRO-OESTE;3883.472
2024-11-06 18:00:00;NORDESTE;SUDESTE/CENTRO-OESTE;5448.548
2024-11-06 19:00:00;NORDESTE;SUDESTE/CENTRO-OESTE;7184.546
2024-11-06 20:00:00;NORDESTE;SUDESTE/CENTRO-OESTE;7609.156
2024-11-06 21:00:00;NORDESTE;SUDESTE/CENTRO-OESTE;7618.335
2024-11-06 22:00:00;NORDESTE;SUDESTE/CENTRO-OESTE;7567.94499999
2024-11-06 23:00:00;NORDESTE;SUDESTE/CENTRO-OESTE;7259.547
2024-11-07 00:00:00;NORDESTE;SUDESTE/CENTRO-OESTE;6760.958
2024-11-07 01:00:00;NORDESTE;SUDESTE/CENTRO-OESTE;6887.206
2024-11-07 02:00:00;NORDESTE;SUDESTE/CENTRO-OESTE;6749.263
2024-11-07 03:00:00;NORDESTE;SUDESTE/CENTRO-OESTE;6708.083
2024-11-07 04:00:00;NORDESTE;SUDESTE/CENTRO-OESTE;6573.259
2024-11-07 05:00:00;NORDESTE;SUDESTE/CENTRO-OESTE;6667.481
2024-11-07 06:00:00;NORDESTE;SUDESTE/CENTRO-OESTE;7600.70099999
2024-11-07 07:00:00;NORDESTE;SUDESTE/CENTRO-OESTE;7282.265
2024-11-07 08:00:00;NORDESTE;SUDESTE/CENTRO-OESTE;6512.032
2024-11-07 09:00:00;NORDESTE;SUDESTE/CENTRO-OESTE;5966.836
2024-11-07 10:00:00;NORDESTE;SUDESTE/CENTRO-OESTE;5163.078
2024-11-07 11:00:00;NORDESTE;SUDESTE/CENTRO-OESTE;5034.52
2024-11-07 12:00:00;NORDESTE;SUDESTE/CENTRO-OESTE;4460.258
2024-11-07 13:00:00;NORDESTE;SUDESTE/CENTRO-OESTE;3824.139
2024-11-07 14:00:00;NORDESTE;SUDESTE/CENTRO-OESTE;3393.508
2024-11-07 15:00:00;NORDESTE;SUDESTE/CENTRO-OESTE;3973.268
2024-11-07 16:00:00;NORDESTE;SUDESTE/CENTRO-OESTE;3984.59
2024-11-07 17:00:00;NORDESTE;SUDESTE/CENTRO-OESTE;4321.674
2024-11-07 18:00:00;NORDESTE;SUDESTE/CENTRO-OESTE;5735.203
2024-11-07 19:00:00;NORDESTE;SUDESTE/CENTRO-OESTE;7125.37
2024-11-07 20:00:00;NORDESTE;SUDESTE/CENTRO-OESTE;7306.512
2024-11-07 21:00:00;NORDESTE;SUDESTE/CENTRO-OESTE;6978.572
2024-11-07 22:00:00;NORDESTE;SUDESTE/CENTRO-OESTE;6822.251
2024-11-07 23:00:00;NORDESTE;SUDESTE/CENTRO-OESTE;6209.004
2024-11-08 00:00:00;NORDESTE;SUDESTE/CENTRO-OESTE;5616.265
2024-11-08 01:00:00;NORDESTE;SUDESTE/CENTRO-OESTE;5326.63199999
2024-11-08 02:00:00;NORDESTE;SUDESTE/CENTRO-OESTE;5032.904
2024-11-08 03:00:00;NORDESTE;SUDESTE/CENTRO-OESTE;4641.071
2024-11-08 04:00:00;NORDESTE;SUDESTE/CENTRO-OESTE;4217.303
2024-11-08 05:00:00;NORDESTE;SUDESTE/CENTRO-OESTE;4090.348
2024-11-08 06:00:00;NORDESTE;SUDESTE/CENTRO-OESTE;5556.804
2024-11-08 07:00:00;NORDESTE;SUDESTE/CENTRO-OESTE;6737.455
2024-11-08 08:00:00;NORDESTE;SUDESTE/CENTRO-OESTE;5837.955
2024-11-08 09:00:00;NORDESTE;SUDESTE/CENTRO-OESTE;4582.866
2024-11-08 10:00:00;NORDESTE;SUDESTE/CENTRO-OESTE;3481.761
2024-11-08 11:00:00;NORDESTE;SUDESTE/CENTRO-OESTE;3074.831
2024-11-08 12:00:00;NORDESTE;SUDESTE/CENTRO-OESTE;2713.253
2024-11-08 13:00:00;NORDESTE;SUDESTE/CENTRO-OESTE;2317.975
2024-11-08 14:00:00;NORDESTE;SUDESTE/CENTRO-OESTE;2565.404
2024-11-08 15:00:00;NORDESTE;SUDESTE/CENTRO-OESTE;2224.342
2024-11-08 16:00:00;NORDESTE;SUDESTE/CENTRO-OESTE;2161.648
2024-11-08 17:00:00;NORDESTE;SUDESTE/CENTRO-OESTE;2500.904
2024-11-08 18:00:00;NORDESTE;SUDESTE/CENTRO-OESTE;3610.605
2024-11-08 19:00:00;NORDESTE;SUDESTE/CENTRO-OESTE;4282.308
2024-11-08 20:00:00;NORDESTE;SUDESTE/CENTRO-OESTE;4457.642
2024-11-08 21:00:00;NORDESTE;SUDESTE/CENTRO-OESTE;4457.642
2024-11-08 22:00:00;NORDESTE;SUDESTE/CENTRO-OESTE;4457.642
2024-11-08 23:00:00;NORDESTE;SUDESTE/CENTRO-OESTE;4457.642
2024-11-09 00:00:00;NORDESTE;SUDESTE/CENTRO-OESTE;3027.629
2024-11-09 01:00:00;NORDESTE;SUDESTE/CENTRO-OESTE;3616.37
2024-11-09 02:00:00;NORDESTE;SUDESTE/CENTRO-OESTE;4288.616
2024-11-09 03:00:00;NORDESTE;SUDESTE/CENTRO-OESTE;4878.254
2024-11-09 04:00:00;NORDESTE;SUDESTE/CENTRO-OESTE;4993.43
2024-11-09 05:00:00;NORDESTE;SUDESTE/CENTRO-OESTE;5339.34
2024-11-09 06:00:00;NORDESTE;SUDESTE/CENTRO-OESTE;6302.41
2024-11-09 07:00:00;NORDESTE;SUDESTE/CENTRO-OESTE;6880.24
2024-11-09 08:00:00;NORDESTE;SUDESTE/CENTRO-OESTE;5850.42
2024-11-09 09:00:00;NORDESTE;SUDESTE/CENTRO-OESTE;5228.18
2024-11-09 10:00:00;NORDESTE;SUDESTE/CENTRO-OESTE;4237.09
2024-11-09 11:00:00;NORDESTE;SUDESTE/CENTRO-OESTE;3710.87
2024-11-09 12:00:00;NORDESTE;SUDESTE/CENTRO-OESTE;3524.42
2024-11-09 13:00:00;NORDESTE;SUDESTE/CENTRO-OESTE;3548.47
2024-11-09 14:00:00;NORDESTE;SUDESTE/CENTRO-OESTE;3191.43
2024-11-09 15:00:00;NORDESTE;SUDESTE/CENTRO-OESTE;3120.79
2024-11-09 16:00:00;NORDESTE;SUDESTE/CENTRO-OESTE;2792.14
2024-11-09 17:00:00;NORDESTE;SUDESTE/CENTRO-OESTE;2469.09
2024-11-09 18:00:00;NORDESTE;SUDESTE/CENTRO-OESTE;3040.11
2024-11-09 19:00:00;NORDESTE;SUDESTE/CENTRO-OESTE;3914.99
2024-11-09 20:00:00;NORDESTE;SUDESTE/CENTRO-OESTE;4145.63
2024-11-09 21:00:00;NORDESTE;SUDESTE/CENTRO-OESTE;4086.28
2024-11-09 22:00:00;NORDESTE;SUDESTE/CENTRO-OESTE;3627.61
2024-11-09 23:00:00;NORDESTE;SUDESTE/CENTRO-OESTE;3476.01
2024-11-10 00:00:00;NORDESTE;SUDESTE/CENTRO-OESTE;2897.29
2024-11-10 01:00:00;NORDESTE;SUDESTE/CENTRO-OESTE;3196.82
2024-11-10 02:00:00;NORDESTE;SUDESTE/CENTRO-OESTE;3503.38
2024-11-10 03:00:00;NORDESTE;SUDESTE/CENTRO-OESTE;2595.0
2024-11-10 04:00:00;NORDESTE;SUDESTE/CENTRO-OESTE;2815.46
2024-11-10 05:00:00;NORDESTE;SUDESTE/CENTRO-OESTE;2878.83
2024-11-10 06:00:00;NORDESTE;SUDESTE/CENTRO-OESTE;2312.48999999
2024-11-10 07:00:00;NORDESTE;SUDESTE/CENTRO-OESTE;1994.05
2024-11-10 08:00:00;NORDESTE;SUDESTE/CENTRO-OESTE;790.2
2024-11-10 09:00:00;NORDESTE;SUDESTE/CENTRO-OESTE;161.33
2024-11-10 10:00:00;NORDESTE;SUDESTE/CENTRO-OESTE;-56.08
2024-11-10 11:00:00;NORDESTE;SUDESTE/CENTRO-OESTE;194.88999999
2024-11-10 12:00:00;NORDESTE;SUDESTE/CENTRO-OESTE;110.218
2024-11-10 13:00:00;NORDESTE;SUDESTE/CENTRO-OESTE;-118.994
2024-11-10 14:00:00;NORDESTE;SUDESTE/CENTRO-OESTE;-67.004
2024-11-10 15:00:00;NORDESTE;SUDESTE/CENTRO-OESTE;274.64
2024-11-10 16:00:00;NORDESTE;SUDESTE/CENTRO-OESTE;1523.243
2024-11-10 17:00:00;NORDESTE;SUDESTE/CENTRO-OESTE;3363.85
2024-11-10 18:00:00;NORDESTE;SUDESTE/CENTRO-OESTE;5064.22999999
2024-11-10 19:00:00;NORDESTE;SUDESTE/CENTRO-OESTE;5288.6
2024-11-10 20:00:00;NORDESTE;SUDESTE/CENTRO-OESTE;4617.25
2024-11-10 21:00:00;NORDESTE;SUDESTE/CENTRO-OESTE;4175.97999999
2024-11-10 22:00:00;NORDESTE;SUDESTE/CENTRO-OESTE;4306.13
2024-11-10 23:00:00;NORDESTE;SUDESTE/CENTRO-OESTE;3396.25
2024-11-11 00:00:00;NORDESTE;SUDESTE/CENTRO-OESTE;1211.976
2024-11-11 01:00:00;NORDESTE;SUDESTE/CENTRO-OESTE;338.12599999
2024-11-11 02:00:00;NORDESTE;SUDESTE/CENTRO-OESTE;419.135
2024-11-11 03:00:00;NORDESTE;SUDESTE/CENTRO-OESTE;336.51799999
2024-11-11 04:00:00;NORDESTE;SUDESTE/CENTRO-OESTE;-209.752
2024-11-11 05:00:00;NORDESTE;SUDESTE/CENTRO-OESTE;-199.135
2024-11-11 06:00:00;NORDESTE;SUDESTE/CENTRO-OESTE;1001.404
2024-11-11 07:00:00;NORDESTE;SUDESTE/CENTRO-OESTE;2583.051
2024-11-11 08:00:00;NORDESTE;SUDESTE/CENTRO-OESTE;2612.24699999
2024-11-11 09:00:00;NORDESTE;SUDESTE/CENTRO-OESTE;2448.789
2024-11-11 10:00:00;NORDESTE;SUDESTE/CENTRO-OESTE;2508.167
2024-11-11 11:00:00;NORDESTE;SUDESTE/CENTRO-OESTE;2004.362
2024-11-11 12:00:00;NORDESTE;SUDESTE/CENTRO-OESTE;1604.977
2024-11-11 13:00:00;NORDESTE;SUDESTE/CENTRO-OESTE;851.517
2024-11-11 14:00:00;NORDESTE;SUDESTE/CENTRO-OESTE;367.148
2024-11-11 15:00:00;NORDESTE;SUDESTE/CENTRO-OESTE;202.927
2024-11-11 16:00:00;NORDESTE;SUDESTE/CENTRO-OESTE;-64.303
2024-11-11 17:00:00;NORDESTE;SUDESTE/CENTRO-OESTE;901.097
2024-11-11 18:00:00;NORDESTE;SUDESTE/CENTRO-OESTE;1723.978
2024-11-11 19:00:00;NORDESTE;SUDESTE/CENTRO-OESTE;2392.185
2024-11-11 20:00:00;NORDESTE;SUDESTE/CENTRO-OESTE;2299.524
2024-11-11 21:00:00;NORDESTE;SUDESTE/CENTRO-OESTE;1545.621
2024-11-11 22:00:00;NORDESTE;SUDESTE/CENTRO-OESTE;598.39599999
2024-11-11 23:00:00;NORDESTE;SUDESTE/CENTRO-OESTE;-291.868
2024-11-12 00:00:00;NORDESTE;SUDESTE/CENTRO-OESTE;-1792.79299999
2024-11-12 01:00:00;NORDESTE;SUDESTE/CENTRO-OESTE;-2541.64199999
2024-11-12 02:00:00;NORDESTE;SUDESTE/CENTRO-OESTE;-2855.971
2024-11-12 03:00:00;NORDESTE;SUDESTE/CENTRO-OESTE;-2913.43
2024-11-12 04:00:00;NORDESTE;SUDESTE/CENTRO-OESTE;-2896.919
2024-11-12 05:00:00;NORDESTE;SUDESTE/CENTRO-OESTE;-2201.369
2024-11-12 06:00:00;NORDESTE;SUDESTE/CENTRO-OESTE;-1640.234
2024-11-12 07:00:00;NORDESTE;SUDESTE/CENTRO-OESTE;-1228.106
2024-11-12 08:00:00;NORDESTE;SUDESTE/CENTRO-OESTE;-880.276
2024-11-12 09:00:00;NORDESTE;SUDESTE/CENTRO-OESTE;-455.422
2024-11-12 10:00:00;NORDESTE;SUDESTE/CENTRO-OESTE;-157.174
2024-11-12 11:00:00;NORDESTE;SUDESTE/CENTRO-OESTE;184.049
2024-11-12 12:00:00;NORDESTE;SUDESTE/CENTRO-OESTE;684.916
2024-11-12 13:00:00;NORDESTE;SUDESTE/CENTRO-OESTE;622.102
2024-11-12 14:00:00;NORDESTE;SUDESTE/CENTRO-OESTE;630.499
2024-11-12 15:00:00;NORDESTE;SUDESTE/CENTRO-OESTE;767.98299999
2024-11-12 16:00:00;NORDESTE;SUDESTE/CENTRO-OESTE;946.987
2024-11-12 17:00:00;NORDESTE;SUDESTE/CENTRO-OESTE;1840.684
2024-11-12 18:00:00;NORDESTE;SUDESTE/CENTRO-OESTE;2248.79599999
2024-11-12 19:00:00;NORDESTE;SUDESTE/CENTRO-OESTE;3077.736
2024-11-12 20:00:00;NORDESTE;SUDESTE/CENTRO-OESTE;3288.311
2024-11-12 21:00:00;NORDESTE;SUDESTE/CENTRO-OESTE;3021.337
2024-11-12 22:00:00;NORDESTE;SUDESTE/CENTRO-OESTE;2317.577
2024-11-12 23:00:00;NORDESTE;SUDESTE/CENTRO-OESTE;1553.456
2024-11-13 00:00:00;NORDESTE;SUDESTE/CENTRO-OESTE;588.633
2024-11-13 01:00:00;NORDESTE;SUDESTE/CENTRO-OESTE;526.768
2024-11-13 02:00:00;NORDESTE;SUDESTE/CENTRO-OESTE;487.488
2024-11-13 03:00:00;NORDESTE;SUDESTE/CENTRO-OESTE;856.504
2024-11-13 04:00:00;NORDESTE;SUDESTE/CENTRO-OESTE;1647.442
2024-11-13 05:00:00;NORDESTE;SUDESTE/CENTRO-OESTE;2568.985
2024-11-13 06:00:00;NORDESTE;SUDESTE/CENTRO-OESTE;4093.921
2024-11-13 07:00:00;NORDESTE;SUDESTE/CENTRO-OESTE;5292.338
2024-11-13 08:00:00;NORDESTE;SUDESTE/CENTRO-OESTE;5489.236
2024-11-13 09:00:00;NORDESTE;SUDESTE/CENTRO-OESTE;5066.385
2024-11-13 10:00:00;NORDESTE;SUDESTE/CENTRO-OESTE;4479.65899999
2024-11-13 11:00:00;NORDESTE;SUDESTE/CENTRO-OESTE;4542.712
2024-11-13 12:00:00;NORDESTE;SUDESTE/CENTRO-OESTE;4711.274
2024-11-13 13:00:00;NORDESTE;SUDESTE/CENTRO-OESTE;4315.95799999
2024-11-13 14:00:00;NORDESTE;SUDESTE/CENTRO-OESTE;3628.134
2024-11-13 15:00:00;NORDESTE;SUDESTE/CENTRO-OESTE;3729.971
2024-11-13 16:00:00;NORDESTE;SUDESTE/CENTRO-OESTE;3506.472
2024-11-13 17:00:00;NORDESTE;SUDESTE/CENTRO-OESTE;3918.612
2024-11-13 18:00:00;NORDESTE;SUDESTE/CENTRO-OESTE;4283.212
2024-11-13 19:00:00;NORDESTE;SUDESTE/CENTRO-OESTE;4703.035
2024-11-13 20:00:00;NORDESTE;SUDESTE/CENTRO-OESTE;3805.034
2024-11-13 21:00:00;NORDESTE;SUDESTE/CENTRO-OESTE;2998.893
2024-11-13 22:00:00;NORDESTE;SUDESTE/CENTRO-OESTE;2495.96799999
2024-11-13 23:00:00;NORDESTE;SUDESTE/CENTRO-OESTE;2342.268
2024-11-14 00:00:00;NORDESTE;SUDESTE/CENTRO-OESTE;2368.685
2024-11-14 01:00:00;NORDESTE;SUDESTE/CENTRO-OESTE;2377.127
2024-11-14 02:00:00;NORDESTE;SUDESTE/CENTRO-OESTE;3103.434
2024-11-14 03:00:00;NORDESTE;SUDESTE/CENTRO-OESTE;3940.521
2024-11-14 04:00:00;NORDESTE;SUDESTE/CENTRO-OESTE;4043.335
2024-11-14 05:00:00;NORDESTE;SUDESTE/CENTRO-OESTE;4947.497
2024-11-14 06:00:00;NORDESTE;SUDESTE/CENTRO-OESTE;6321.13
2024-11-14 07:00:00;NORDESTE;SUDESTE/CENTRO-OESTE;7051.45
2024-11-14 08:00:00;NORDESTE;SUDESTE/CENTRO-OESTE;6966.337
2024-11-14 09:00:00;NORDESTE;SUDESTE/CENTRO-OESTE;6484.07
2024-11-14 10:00:00;NORDESTE;SUDESTE/CENTRO-OESTE;5806.218
2024-11-14 11:00:00;NORDESTE;SUDESTE/CENTRO-OESTE;5095.212
2024-11-14 12:00:00;NORDESTE;SUDESTE/CENTRO-OESTE;5011.231
2024-11-14 13:00:00;NORDESTE;SUDESTE/CENTRO-OESTE;4343.745
2024-11-14 14:00:00;NORDESTE;SUDESTE/CENTRO-OESTE;3721.937
2024-11-14 15:00:00;NORDESTE;SUDESTE/CENTRO-OESTE;3182.86499999
2024-11-14 16:00:00;NORDESTE;SUDESTE/CENTRO-OESTE;3235.141
2024-11-14 17:00:00;NORDESTE;SUDESTE/CENTRO-OESTE;3521.444
2024-11-14 18:00:00;NORDESTE;SUDESTE/CENTRO-OESTE;4337.675
2024-11-14 19:00:00;NORDESTE;SUDESTE/CENTRO-OESTE;4947.242
2024-11-14 20:00:00;NORDESTE;SUDESTE/CENTRO-OESTE;5095.514
2024-11-14 21:00:00;NORDESTE;SUDESTE/CENTRO-OESTE;5848.823
2024-11-14 22:00:00;NORDESTE;SUDESTE/CENTRO-OESTE;6524.098
2024-11-14 23:00:00;NORDESTE;SUDESTE/CENTRO-OESTE;6766.03
2024-11-15 00:00:00;NORDESTE;SUDESTE/CENTRO-OESTE;6959.45
2024-11-15 01:00:00;NORDESTE;SUDESTE/CENTRO-OESTE;6978.868
2024-11-15 02:00:00;NORDESTE;SUDESTE/CENTRO-OESTE;6950.853
2024-11-15 03:00:00;NORDESTE;SUDESTE/CENTRO-OESTE;6837.496
2024-11-15 04:00:00;NORDESTE;SUDESTE/CENTRO-OESTE;6690.57
2024-11-15 05:00:00;NORDESTE;SUDESTE/CENTRO-OESTE;6997.691
2024-11-15 06:00:00;NORDESTE;SUDESTE/CENTRO-OESTE;7191.584
2024-11-15 07:00:00;NORDESTE;SUDESTE/CENTRO-OESTE;6456.004
2024-11-15 08:00:00;NORDESTE;SUDESTE/CENTRO-OESTE;6077.676
2024-11-15 09:00:00;NORDESTE;SUDESTE/CENTRO-OESTE;5641.24799999
2024-11-15 10:00:00;NORDESTE;SUDESTE/CENTRO-OESTE;5717.92
2024-11-15 11:00:00;NORDESTE;SUDESTE/CENTRO-OESTE;5584.896
2024-11-15 12:00:00;NORDESTE;SUDESTE/CENTRO-OESTE;5400.183
2024-11-15 13:00:00;NORDESTE;SUDESTE/CENTRO-OESTE;5677.54699999
2024-11-15 14:00:00;NORDESTE;SUDESTE/CENTRO-OESTE;5587.242
2024-11-15 15:00:00;NORDESTE;SUDESTE/CENTRO-OESTE;5900.941
2024-11-15 16:00:00;NORDESTE;SUDESTE/CENTRO-OESTE;6026.466
2024-11-15 17:00:00;NORDESTE;SUDESTE/CENTRO-OESTE;5391.16799999
2024-11-15 18:00:00;NORDESTE;SUDESTE/CENTRO-OESTE;5937.22
2024-11-15 19:00:00;NORDESTE;SUDESTE/CENTRO-OESTE;7322.382
2024-11-15 20:00:00;NORDESTE;SUDESTE/CENTRO-OESTE;7683.478
2024-11-15 21:00:00;NORDESTE;SUDESTE/CENTRO-OESTE;7847.20099999
2024-11-15 22:00:00;NORDESTE;SUDESTE/CENTRO-OESTE;7793.172
2024-11-15 23:00:00;NORDESTE;SUDESTE/CENTRO-OESTE;7147.013
2024-11-16 00:00:00;NORDESTE;SUDESTE/CENTRO-OESTE;6795.171
2024-11-16 01:00:00;NORDESTE;SUDESTE/CENTRO-OESTE;6896.724
2024-11-16 02:00:00;NORDESTE;SUDESTE/CENTRO-OESTE;6815.7
2024-11-16 03:00:00;NORDESTE;SUDESTE/CENTRO-OESTE;6586.366
2024-11-16 04:00:00;NORDESTE;SUDESTE/CENTRO-OESTE;6700.022
2024-11-16 05:00:00;NORDESTE;SUDESTE/CENTRO-OESTE;7159.495
2024-11-16 06:00:00;NORDESTE;SUDESTE/CENTRO-OESTE;6801.973
2024-11-16 07:00:00;NORDESTE;SUDESTE/CENTRO-OESTE;6498.625
2024-11-16 08:00:00;NORDESTE;SUDESTE/CENTRO-OESTE;6773.256
2024-11-16 09:00:00;NORDESTE;SUDESTE/CENTRO-OESTE;6543.634
2024-11-16 10:00:00;NORDESTE;SUDESTE/CENTRO-OESTE;6268.898
2024-11-16 11:00:00;NORDESTE;SUDESTE/CENTRO-OESTE;6453.49
2024-11-16 12:00:00;NORDESTE;SUDESTE/CENTRO-OESTE;6757.658
2024-11-16 13:00:00;NORDESTE;SUDESTE/CENTRO-OESTE;6982.238
2024-11-16 14:00:00;NORDESTE;SUDESTE/CENTRO-OESTE;7003.155
2024-11-16 15:00:00;NORDESTE;SUDESTE/CENTRO-OESTE;6398.182
2024-11-16 16:00:00;NORDESTE;SUDESTE/CENTRO-OESTE;5804.562
2024-11-16 17:00:00;NORDESTE;SUDESTE/CENTRO-OESTE;4462.203
2024-11-16 18:00:00;NORDESTE;SUDESTE/CENTRO-OESTE;4701.731
2024-11-16 19:00:00;NORDESTE;SUDESTE/CENTRO-OESTE;6100.938
2024-11-16 20:00:00;NORDESTE;SUDESTE/CENTRO-OESTE;6670.313
2024-11-16 21:00:00;NORDESTE;SUDESTE/CENTRO-OESTE;7105.715
2024-11-16 22:00:00;NORDESTE;SUDESTE/CENTRO-OESTE;7222.232
2024-11-16 23:00:00;NORDESTE;SUDESTE/CENTRO-OESTE;7078.253
2024-11-17 00:00:00;NORDESTE;SUDESTE/CENTRO-OESTE;6906.109
2024-11-17 01:00:00;NORDESTE;SUDESTE/CENTRO-OESTE;6684.837
2024-11-17 02:00:00;NORDESTE;SUDESTE/CENTRO-OESTE;6748.42
2024-11-17 03:00:00;NORDESTE;SUDESTE/CENTRO-OESTE;7017.84599999
2024-11-17 04:00:00;NORDESTE;SUDESTE/CENTRO-OESTE;7214.715
2024-11-17 05:00:00;NORDESTE;SUDESTE/CENTRO-OESTE;7030.104
2024-11-17 06:00:00;NORDESTE;SUDESTE/CENTRO-OESTE;5753.729
2024-11-17 07:00:00;NORDESTE;SUDESTE/CENTRO-OESTE;4391.023
2024-11-17 08:00:00;NORDESTE;SUDESTE/CENTRO-OESTE;3059.258
2024-11-17 09:00:00;NORDESTE;SUDESTE/CENTRO-OESTE;2151.652
2024-11-17 10:00:00;NORDESTE;SUDESTE/CENTRO-OESTE;1947.736
2024-11-17 11:00:00;NORDESTE;SUDESTE/CENTRO-OESTE;1682.132
2024-11-17 12:00:00;NORDESTE;SUDESTE/CENTRO-OESTE;1456.621
2024-11-17 13:00:00;NORDESTE;SUDESTE/CENTRO-OESTE;1932.025
2024-11-17 14:00:00;NORDESTE;SUDESTE/CENTRO-OESTE;2272.451
2024-11-17 15:00:00;NORDESTE;SUDESTE/CENTRO-OESTE;3337.199
2024-11-17 16:00:00;NORDESTE;SUDESTE/CENTRO-OESTE;3502.776
2024-11-17 17:00:00;NORDESTE;SUDESTE/CENTRO-OESTE;3109.922
2024-11-17 18:00:00;NORDESTE;SUDESTE/CENTRO-OESTE;4220.553
2024-11-17 19:00:00;NORDESTE;SUDESTE/CENTRO-OESTE;5699.37
2024-11-17 20:00:00;NORDESTE;SUDESTE/CENTRO-OESTE;5849.106
2024-11-17 21:00:00;NORDESTE;SUDESTE/CENTRO-OESTE;6222.29
2024-11-17 22:00:00;NORDESTE;SUDESTE/CENTRO-OESTE;6066.304
2024-11-17 23:00:00;NORDESTE;SUDESTE/CENTRO-OESTE;6000.149
2024-11-18 00:00:00;NORDESTE;SUDESTE/CENTRO-OESTE;6282.084
2024-11-18 01:00:00;NORDESTE;SUDESTE/CENTRO-OESTE;6743.774
2024-11-18 02:00:00;NORDESTE;SUDESTE/CENTRO-OESTE;7014.59599999
2024-11-18 03:00:00;NORDESTE;SUDESTE/CENTRO-OESTE;7157.824
2024-11-18 04:00:00;NORDESTE;SUDESTE/CENTRO-OESTE;7238.739
2024-11-18 05:00:00;NORDESTE;SUDESTE/CENTRO-OESTE;7209.129
2024-11-18 06:00:00;NORDESTE;SUDESTE/CENTRO-OESTE;7067.652
2024-11-18 07:00:00;NORDESTE;SUDESTE/CENTRO-OESTE;6354.451
2024-11-18 08:00:00;NORDESTE;SUDESTE/CENTRO-OESTE;6165.087
2024-11-18 09:00:00;NORDESTE;SUDESTE/CENTRO-OESTE;5909.32
2024-11-18 10:00:00;NORDESTE;SUDESTE/CENTRO-OESTE;5333.29699999
2024-11-18 11:00:00;NORDESTE;SUDESTE/CENTRO-OESTE;4810.884
2024-11-18 12:00:00;NORDESTE;SUDESTE/CENTRO-OESTE;4386.04299999
2024-11-18 13:00:00;NORDESTE;SUDESTE/CENTRO-OESTE;3731.811
2024-11-18 14:00:00;NORDESTE;SUDESTE/CENTRO-OESTE;3337.208
2024-11-18 15:00:00;NORDESTE;SUDESTE/CENTRO-OESTE;2238.993
2024-11-18 16:00:00;NORDESTE;SUDESTE/CENTRO-OESTE;1919.636
2024-11-18 17:00:00;NORDESTE;SUDESTE/CENTRO-OESTE;2513.98
2024-11-18 18:00:00;NORDESTE;SUDESTE/CENTRO-OESTE;4504.532
2024-11-18 19:00:00;NORDESTE;SUDESTE/CENTRO-OESTE;6128.176
2024-11-18 20:00:00;NORDESTE;SUDESTE/CENTRO-OESTE;6452.976
2024-11-18 21:00:00;NORDESTE;SUDESTE/CENTRO-OESTE;6175.886
2024-11-18 22:00:00;NORDESTE;SUDESTE/CENTRO-OESTE;6190.26
2024-11-18 23:00:00;NORDESTE;SUDESTE/CENTRO-OESTE;5816.56
2024-11-19 00:00:00;NORDESTE;SUDESTE/CENTRO-OESTE;5703.902
2024-11-19 01:00:00;NORDESTE;SUDESTE/CENTRO-OESTE;5484.946
2024-11-19 02:00:00;NORDESTE;SUDESTE/CENTRO-OESTE;5479.146
2024-11-19 03:00:00;NORDESTE;SUDESTE/CENTRO-OESTE;5283.513
2024-11-19 04:00:00;NORDESTE;SUDESTE/CENTRO-OESTE;5040.68999999
2024-11-19 05:00:00;NORDESTE;SUDESTE/CENTRO-OESTE;5446.938
2024-11-19 06:00:00;NORDESTE;SUDESTE/CENTRO-OESTE;6369.022
2024-11-19 07:00:00;NORDESTE;SUDESTE/CENTRO-OESTE;6068.893
2024-11-19 08:00:00;NORDESTE;SUDESTE/CENTRO-OESTE;4958.304
2024-11-19 09:00:00;NORDESTE;SUDESTE/CENTRO-OESTE;4160.317
2024-11-19 10:00:00;NORDESTE;SUDESTE/CENTRO-OESTE;3032.008
2024-11-19 11:00:00;NORDESTE;SUDESTE/CENTRO-OESTE;2598.73999999
2024-11-19 12:00:00;NORDESTE;SUDESTE/CENTRO-OESTE;2561.53
2024-11-19 13:00:00;NORDESTE;SUDESTE/CENTRO-OESTE;2395.822
2024-11-19 14:00:00;NORDESTE;SUDESTE/CENTRO-OESTE;2230.089
2024-11-19 15:00:00;NORDESTE;SUDESTE/CENTRO-OESTE;2518.31599999
2024-11-19 16:00:00;NORDESTE;SUDESTE/CENTRO-OESTE;2475.417
2024-11-19 17:00:00;NORDESTE;SUDESTE/CENTRO-OESTE;2813.713
2024-11-19 18:00:00;NORDESTE;SUDESTE/CENTRO-OESTE;3781.942
2024-11-19 19:00:00;NORDESTE;SUDESTE/CENTRO-OESTE;4753.27499999
2024-11-19 20:00:00;NORDESTE;SUDESTE/CENTRO-OESTE;4518.933
2024-11-19 21:00:00;NORDESTE;SUDESTE/CENTRO-OESTE;3605.32
2024-11-19 22:00:00;NORDESTE;SUDESTE/CENTRO-OESTE;3804.44
2024-11-19 23:00:00;NORDESTE;SUDESTE/CENTRO-OESTE;3561.496
2024-11-20 00:00:00;NORDESTE;SUDESTE/CENTRO-OESTE;3272.2
2024-11-20 01:00:00;NORDESTE;SUDESTE/CENTRO-OESTE;3261.835
2024-11-20 02:00:00;NORDESTE;SUDESTE/CENTRO-OESTE;4095.637
2024-11-20 03:00:00;NORDESTE;SUDESTE/CENTRO-OESTE;3799.783
2024-11-20 04:00:00;NORDESTE;SUDESTE/CENTRO-OESTE;3825.16
2024-11-20 05:00:00;NORDESTE;SUDESTE/CENTRO-OESTE;4309.273
2024-11-20 06:00:00;NORDESTE;SUDESTE/CENTRO-OESTE;5296.829
2024-11-20 07:00:00;NORDESTE;SUDESTE/CENTRO-OESTE;5151.79299999
2024-11-20 08:00:00;NORDESTE;SUDESTE/CENTRO-OESTE;4894.70799999
2024-11-20 09:00:00;NORDESTE;SUDESTE/CENTRO-OESTE;4256.495
2024-11-20 10:00:00;NORDESTE;SUDESTE/CENTRO-OESTE;3499.108
2024-11-20 11:00:00;NORDESTE;SUDESTE/CENTRO-OESTE;3299.152
2024-11-20 12:00:00;NORDESTE;SUDESTE/CENTRO-OESTE;3042.804
2024-11-20 13:00:00;NORDESTE;SUDESTE/CENTRO-OESTE;2653.503
2024-11-20 14:00:00;NORDESTE;SUDESTE/CENTRO-OESTE;2126.11499999
2024-11-20 15:00:00;NORDESTE;SUDESTE/CENTRO-OESTE;1992.847
2024-11-20 16:00:00;NORDESTE;SUDESTE/CENTRO-OESTE;2028.488
2024-11-20 17:00:00;NORDESTE;SUDESTE/CENTRO-OESTE;2782.804
2024-11-20 18:00:00;NORDESTE;SUDESTE/CENTRO-OESTE;4167.638
2024-11-20 19:00:00;NORDESTE;SUDESTE/CENTRO-OESTE;5338.67699999
2024-11-20 20:00:00;NORDESTE;SUDESTE/CENTRO-OESTE;5111.603
2024-11-20 21:00:00;NORDESTE;SUDESTE/CENTRO-OESTE;4359.366
2024-11-20 22:00:00;NORDESTE;SUDESTE/CENTRO-OESTE;4293.725
2024-11-20 23:00:00;NORDESTE;SUDESTE/CENTRO-OESTE;3451.92299999
2024-11-21 00:00:00;NORDESTE;SUDESTE/CENTRO-OESTE;2687.492
2024-11-21 01:00:00;NORDESTE;SUDESTE/CENTRO-OESTE;2018.092
2024-11-21 02:00:00;NORDESTE;SUDESTE/CENTRO-OESTE;1298.336
2024-11-21 03:00:00;NORDESTE;SUDESTE/CENTRO-OESTE;977.931
2024-11-21 04:00:00;NORDESTE;SUDESTE/CENTRO-OESTE;604.821
2024-11-21 05:00:00;NORDESTE;SUDESTE/CENTRO-OESTE;846.379
2024-11-21 06:00:00;NORDESTE;SUDESTE/CENTRO-OESTE;2029.602
2024-11-21 07:00:00;NORDESTE;SUDESTE/CENTRO-OESTE;3077.44099999
2024-11-21 08:00:00;NORDESTE;SUDESTE/CENTRO-OESTE;2717.314
2024-11-21 09:00:00;NORDESTE;SUDESTE/CENTRO-OESTE;2060.821
2024-11-21 10:00:00;NORDESTE;SUDESTE/CENTRO-OESTE;1939.164
2024-11-21 11:00:00;NORDESTE;SUDESTE/CENTRO-OESTE;1931.266
2024-11-21 12:00:00;NORDESTE;SUDESTE/CENTRO-OESTE;1941.332
2024-11-21 13:00:00;NORDESTE;SUDESTE/CENTRO-OESTE;1682.98499999
2024-11-21 14:00:00;NORDESTE;SUDESTE/CENTRO-OESTE;1028.738
2024-11-21 15:00:00;NORDESTE;SUDESTE/CENTRO-OESTE;540.075
2024-11-21 16:00:00;NORDESTE;SUDESTE/CENTRO-OESTE;998.514
2024-11-21 17:00:00;NORDESTE;SUDESTE/CENTRO-OESTE;727.936
2024-11-21 18:00:00;NORDESTE;SUDESTE/CENTRO-OESTE;1584.092
2024-11-21 19:00:00;NORDESTE;SUDESTE/CENTRO-OESTE;2334.216
2024-11-21 20:00:00;NORDESTE;SUDESTE/CENTRO-OESTE;2284.381
2024-11-21 21:00:00;NORDESTE;SUDESTE/CENTRO-OESTE;1529.432
2024-11-21 22:00:00;NORDESTE;SUDESTE/CENTRO-OESTE;918.57
2024-11-21 23:00:00;NORDESTE;SUDESTE/CENTRO-OESTE;-28.827
2024-11-22 00:00:00;NORDESTE;SUDESTE/CENTRO-OESTE;-1196.538
2024-11-22 01:00:00;NORDESTE;SUDESTE/CENTRO-OESTE;-1168.756
2024-11-22 02:00:00;NORDESTE;SUDESTE/CENTRO-OESTE;-1180.171
2024-11-22 03:00:00;NORDESTE;SUDESTE/CENTRO-OESTE;-1537.967
2024-11-22 04:00:00;NORDESTE;SUDESTE/CENTRO-OESTE;-1491.719
2024-11-22 05:00:00;NORDESTE;SUDESTE/CENTRO-OESTE;-1237.703
2024-11-22 06:00:00;NORDESTE;SUDESTE/CENTRO-OESTE;-267.733
2024-11-22 07:00:00;NORDESTE;SUDESTE/CENTRO-OESTE;495.063
2024-11-22 08:00:00;NORDESTE;SUDESTE/CENTRO-OESTE;1178.766
2024-11-22 09:00:00;NORDESTE;SUDESTE/CENTRO-OESTE;1430.106
2024-11-22 10:00:00;NORDESTE;SUDESTE/CENTRO-OESTE;1391.582
2024-11-22 11:00:00;NORDESTE;SUDESTE/CENTRO-OESTE;1217.584
2024-11-22 12:00:00;NORDESTE;SUDESTE/CENTRO-OESTE;942.367
2024-11-22 13:00:00;NORDESTE;SUDESTE/CENTRO-OESTE;347.322
2024-11-22 14:00:00;NORDESTE;SUDESTE/CENTRO-OESTE;-231.719
2024-11-22 15:00:00;NORDESTE;SUDESTE/CENTRO-OESTE;-673.98
2024-11-22 16:00:00;NORDESTE;SUDESTE/CENTRO-OESTE;-792.045
2024-11-22 17:00:00;NORDESTE;SUDESTE/CENTRO-OESTE;-534.47299999
2024-11-22 18:00:00;NORDESTE;SUDESTE/CENTRO-OESTE;666.79
2024-11-22 19:00:00;NORDESTE;SUDESTE/CENTRO-OESTE;1187.157
2024-11-22 20:00:00;NORDESTE;SUDESTE/CENTRO-OESTE;865.57899999
2024-11-22 21:00:00;NORDESTE;SUDESTE/CENTRO-OESTE;83.671
2024-11-22 22:00:00;NORDESTE;SUDESTE/CENTRO-OESTE;-514.498
2024-11-22 23:00:00;NORDESTE;SUDESTE/CENTRO-OESTE;-1949.841
2024-11-23 00:00:00;NORDESTE;SUDESTE/CENTRO-OESTE;-2626.328
2024-11-23 01:00:00;NORDESTE;SUDESTE/CENTRO-OESTE;-3355.959
2024-11-23 02:00:00;NORDESTE;SUDESTE/CENTRO-OESTE;-3152.517
2024-11-23 03:00:00;NORDESTE;SUDESTE/CENTRO-OESTE;-3078.692
2024-11-23 04:00:00;NORDESTE;SUDESTE/CENTRO-OESTE;-3104.018
2024-11-23 05:00:00;NORDESTE;SUDESTE/CENTRO-OESTE;-2579.637
2024-11-23 06:00:00;NORDESTE;SUDESTE/CENTRO-OESTE;-1064.568
2024-11-23 07:00:00;NORDESTE;SUDESTE/CENTRO-OESTE;-377.13099999
2024-11-23 08:00:00;NORDESTE;SUDESTE/CENTRO-OESTE;-268.821
2024-11-23 09:00:00;NORDESTE;SUDESTE/CENTRO-OESTE;259.423
2024-11-23 10:00:00;NORDESTE;SUDESTE/CENTRO-OESTE;821.74
2024-11-23 11:00:00;NORDESTE;SUDESTE/CENTRO-OESTE;779.936
2024-11-23 12:00:00;NORDESTE;SUDESTE/CENTRO-OESTE;824.129
2024-11-23 13:00:00;NORDESTE;SUDESTE/CENTRO-OESTE;573.66
2024-11-23 14:00:00;NORDESTE;SUDESTE/CENTRO-OESTE;722.451
2024-11-23 15:00:00;NORDESTE;SUDESTE/CENTRO-OESTE;70.769
2024-11-23 16:00:00;NORDESTE;SUDESTE/CENTRO-OESTE;-219.194
2024-11-23 17:00:00;NORDESTE;SUDESTE/CENTRO-OESTE;-443.068
2024-11-23 18:00:00;NORDESTE;SUDESTE/CENTRO-OESTE;-165.516
2024-11-23 19:00:00;NORDESTE;SUDESTE/CENTRO-OESTE;460.014
2024-11-23 20:00:00;NORDESTE;SUDESTE/CENTRO-OESTE;779.47
2024-11-23 21:00:00;NORDESTE;SUDESTE/CENTRO-OESTE;905.943
2024-11-23 22:00:00;NORDESTE;SUDESTE/CENTRO-OESTE;-343.258
2024-11-23 23:00:00;NORDESTE;SUDESTE/CENTRO-OESTE;-2251.395
2024-11-24 00:00:00;NORDESTE;SUDESTE/CENTRO-OESTE;-3490.266
2024-11-24 01:00:00;NORDESTE;SUDESTE/CENTRO-OESTE;-3612.449
2024-11-24 02:00:00;NORDESTE;SUDESTE/CENTRO-OESTE;-3680.185
2024-11-24 03:00:00;NORDESTE;SUDESTE/CENTRO-OESTE;-3599.151
2024-11-24 04:00:00;NORDESTE;SUDESTE/CENTRO-OESTE;-3318.355
2024-11-24 05:00:00;NORDESTE;SUDESTE/CENTRO-OESTE;-3008.064
2024-11-24 06:00:00;NORDESTE;SUDESTE/CENTRO-OESTE;-1558.989
2024-11-24 07:00:00;NORDESTE;SUDESTE/CENTRO-OESTE;460.524
2024-11-24 08:00:00;NORDESTE;SUDESTE/CENTRO-OESTE;-26.241
2024-11-24 09:00:00;NORDESTE;SUDESTE/CENTRO-OESTE;-83.72199999
2024-11-24 10:00:00;NORDESTE;SUDESTE/CENTRO-OESTE;-104.133
2024-11-24 11:00:00;NORDESTE;SUDESTE/CENTRO-OESTE;-90.665
2024-11-24 12:00:00;NORDESTE;SUDESTE/CENTRO-OESTE;-188.806
2024-11-24 13:00:00;NORDESTE;SUDESTE/CENTRO-OESTE;-223.448
2024-11-24 14:00:00;NORDESTE;SUDESTE/CENTRO-OESTE;-67.46899999
2024-11-24 15:00:00;NORDESTE;SUDESTE/CENTRO-OESTE;84.382
2024-11-24 16:00:00;NORDESTE;SUDESTE/CENTRO-OESTE;789.069
2024-11-24 17:00:00;NORDESTE;SUDESTE/CENTRO-OESTE;1483.225
2024-11-24 18:00:00;NORDESTE;SUDESTE/CENTRO-OESTE;2418.139
2024-11-24 19:00:00;NORDESTE;SUDESTE/CENTRO-OESTE;3247.76
2024-11-24 20:00:00;NORDESTE;SUDESTE/CENTRO-OESTE;2925.165
2024-11-24 21:00:00;NORDESTE;SUDESTE/CENTRO-OESTE;2959.30699999
2024-11-24 22:00:00;NORDESTE;SUDESTE/CENTRO-OESTE;2683.707
2024-11-24 23:00:00;NORDESTE;SUDESTE/CENTRO-OESTE;2202.438
2024-11-25 00:00:00;NORDESTE;SUDESTE/CENTRO-OESTE;784.159
2024-11-25 01:00:00;NORDESTE;SUDESTE/CENTRO-OESTE;703.868
2024-11-25 02:00:00;NORDESTE;SUDESTE/CENTRO-OESTE;928.562
2024-11-25 03:00:00;NORDESTE;SUDESTE/CENTRO-OESTE;1072.156
2024-11-25 04:00:00;NORDESTE;SUDESTE/CENTRO-OESTE;1505.109
2024-11-25 05:00:00;NORDESTE;SUDESTE/CENTRO-OESTE;2374.879
2024-11-25 06:00:00;NORDESTE;SUDESTE/CENTRO-OESTE;3473.094
2024-11-25 07:00:00;NORDESTE;SUDESTE/CENTRO-OESTE;4041.138
2024-11-25 08:00:00;NORDESTE;SUDESTE/CENTRO-OESTE;3942.769
2024-11-25 09:00:00;NORDESTE;SUDESTE/CENTRO-OESTE;3373.577
2024-11-25 10:00:00;NORDESTE;SUDESTE/CENTRO-OESTE;2915.567
2024-11-25 11:00:00;NORDESTE;SUDESTE/CENTRO-OESTE;2474.295
2024-11-25 12:00:00;NORDESTE;SUDESTE/CENTRO-OESTE;2384.56
2024-11-25 13:00:00;NORDESTE;SUDESTE/CENTRO-OESTE;1954.838
2024-11-25 14:00:00;NORDESTE;SUDESTE/CENTRO-OESTE;1469.383
2024-11-25 15:00:00;NORDESTE;SUDESTE/CENTRO-OESTE;884.912
2024-11-25 16:00:00;NORDESTE;SUDESTE/CENTRO-OESTE;862.697
2024-11-25 17:00:00;NORDESTE;SUDESTE/CENTRO-OESTE;1641.85
2024-11-25 18:00:00;NORDESTE;SUDESTE/CENTRO-OESTE;3253.628
2024-11-25 19:00:00;NORDESTE;SUDESTE/CENTRO-OESTE;4940.05599999
2024-11-25 20:00:00;NORDESTE;SUDESTE/CENTRO-OESTE;5242.129
2024-11-25 21:00:00;NORDESTE;SUDESTE/CENTRO-OESTE;5084.654
2024-11-25 22:00:00;NORDESTE;SUDESTE/CENTRO-OESTE;4720.201
2024-11-25 23:00:00;NORDESTE;SUDESTE/CENTRO-OESTE;4190.063
2024-11-26 00:00:00;NORDESTE;SUDESTE/CENTRO-OESTE;3762.456
2024-11-26 01:00:00;NORDESTE;SUDESTE/CENTRO-OESTE;3277.26
2024-11-26 02:00:00;NORDESTE;SUDESTE/CENTRO-OESTE;3273.106
2024-11-26 03:00:00;NORDESTE;SUDESTE/CENTRO-OESTE;3307.61
2024-11-26 04:00:00;NORDESTE;SUDESTE/CENTRO-OESTE;3379.354
2024-11-26 05:00:00;NORDESTE;SUDESTE/CENTRO-OESTE;3734.297
2024-11-26 06:00:00;NORDESTE;SUDESTE/CENTRO-OESTE;4395.464
2024-11-26 07:00:00;NORDESTE;SUDESTE/CENTRO-OESTE;5178.618
2024-11-26 08:00:00;NORDESTE;SUDESTE/CENTRO-OESTE;5472.249
2024-11-26 09:00:00;NORDESTE;SUDESTE/CENTRO-OESTE;5784.65
2024-11-26 10:00:00;NORDESTE;SUDESTE/CENTRO-OESTE;5846.972
2024-11-26 11:00:00;NORDESTE;SUDESTE/CENTRO-OESTE;5050.876
2024-11-26 12:00:00;NORDESTE;SUDESTE/CENTRO-OESTE;4498.18999999
2024-11-26 13:00:00;NORDESTE;SUDESTE/CENTRO-OESTE;3628.11
2024-11-26 14:00:00;NORDESTE;SUDESTE/CENTRO-OESTE;3473.878
2024-11-26 15:00:00;NORDESTE;SUDESTE/CENTRO-OESTE;3021.379
2024-11-26 16:00:00;NORDESTE;SUDESTE/CENTRO-OESTE;2358.821
2024-11-26 17:00:00;NORDESTE;SUDESTE/CENTRO-OESTE;3163.579
2024-11-26 18:00:00;NORDESTE;SUDESTE/CENTRO-OESTE;5030.243
2024-11-26 19:00:00;NORDESTE;SUDESTE/CENTRO-OESTE;6693.59
2024-11-26 20:00:00;NORDESTE;SUDESTE/CENTRO-OESTE;6990.79
2024-11-26 21:00:00;NORDESTE;SUDESTE/CENTRO-OESTE;7120.204
2024-11-26 22:00:00;NORDESTE;SUDESTE/CENTRO-OESTE;7207.668
2024-11-26 23:00:00;NORDESTE;SUDESTE/CENTRO-OESTE;6447.415
2024-11-27 00:00:00;NORDESTE;SUDESTE/CENTRO-OESTE;5325.991
2024-11-27 01:00:00;NORDESTE;SUDESTE/CENTRO-OESTE;4479.77
2024-11-27 02:00:00;NORDESTE;SUDESTE/CENTRO-OESTE;4512.22599999
2024-11-27 03:00:00;NORDESTE;SUDESTE/CENTRO-OESTE;4582.126
2024-11-27 04:00:00;NORDESTE;SUDESTE/CENTRO-OESTE;4516.044
2024-11-27 05:00:00;NORDESTE;SUDESTE/CENTRO-OESTE;5155.219
2024-11-27 06:00:00;NORDESTE;SUDESTE/CENTRO-OESTE;6304.732
2024-11-27 07:00:00;NORDESTE;SUDESTE/CENTRO-OESTE;6844.975
2024-11-27 08:00:00;NORDESTE;SUDESTE/CENTRO-OESTE;6668.439
2024-11-27 09:00:00;NORDESTE;SUDESTE/CENTRO-OESTE;6016.914
2024-11-27 10:00:00;NORDESTE;SUDESTE/CENTRO-OESTE;5680.311
2024-11-27 11:00:00;NORDESTE;SUDESTE/CENTRO-OESTE;5406.78
2024-11-27 12:00:00;NORDESTE;SUDESTE/CENTRO-OESTE;4834.97
2024-11-27 13:00:00;NORDESTE;SUDESTE/CENTRO-OESTE;3746.568
2024-11-27 14:00:00;NORDESTE;SUDESTE/CENTRO-OESTE;3437.018
2024-11-27 15:00:00;NORDESTE;SUDESTE/CENTRO-OESTE;3843.736
2024-11-27 16:00:00;NORDESTE;SUDESTE/CENTRO-OESTE;3576.223
2024-11-27 17:00:00;NORDESTE;SUDESTE/CENTRO-OESTE;3438.855
2024-11-27 18:00:00;NORDESTE;SUDESTE/CENTRO-OESTE;4349.357
2024-11-27 19:00:00;NORDESTE;SUDESTE/CENTRO-OESTE;5860.457
2024-11-27 20:00:00;NORDESTE;SUDESTE/CENTRO-OESTE;6851.615
2024-11-27 21:00:00;NORDESTE;SUDESTE/CENTRO-OESTE;6748.318
2024-11-27 22:00:00;NORDESTE;SUDESTE/CENTRO-OESTE;6735.607
2024-11-27 23:00:00;NORDESTE;SUDESTE/CENTRO-OESTE;6473.341
2024-11-28 00:00:00;NORDESTE;SUDESTE/CENTRO-OESTE;6172.883
2024-11-28 01:00:00;NORDESTE;SUDESTE/CENTRO-OESTE;6161.266
2024-11-28 02:00:00;NORDESTE;SUDESTE/CENTRO-OESTE;6297.81
2024-11-28 03:00:00;NORDESTE;SUDESTE/CENTRO-OESTE;5977.59599999
2024-11-28 04:00:00;NORDESTE;SUDESTE/CENTRO-OESTE;5643.597
2024-11-28 05:00:00;NORDESTE;SUDESTE/CENTRO-OESTE;6541.582
2024-11-28 06:00:00;NORDESTE;SUDESTE/CENTRO-OESTE;7238.592
2024-11-28 07:00:00;NORDESTE;SUDESTE/CENTRO-OESTE;6862.785
2024-11-28 08:00:00;NORDESTE;SUDESTE/CENTRO-OESTE;6347.082
2024-11-28 09:00:00;NORDESTE;SUDESTE/CENTRO-OESTE;5373.669
2024-11-28 10:00:00;NORDESTE;SUDESTE/CENTRO-OESTE;4824.734
2024-11-28 11:00:00;NORDESTE;SUDESTE/CENTRO-OESTE;4942.66
2024-11-28 12:00:00;NORDESTE;SUDESTE/CENTRO-OESTE;4517.04
2024-11-28 13:00:00;NORDESTE;SUDESTE/CENTRO-OESTE;4194.462
2024-11-28 14:00:00;NORDESTE;SUDESTE/CENTRO-OESTE;3674.451
2024-11-28 15:00:00;NORDESTE;SUDESTE/CENTRO-OESTE;4133.049
2024-11-28 16:00:00;NORDESTE;SUDESTE/CENTRO-OESTE;3918.728
2024-11-28 17:00:00;NORDESTE;SUDESTE/CENTRO-OESTE;3440.177
2024-11-28 18:00:00;NORDESTE;SUDESTE/CENTRO-OESTE;4117.39
2024-11-28 19:00:00;NORDESTE;SUDESTE/CENTRO-OESTE;5453.67699999
2024-11-28 20:00:00;NORDESTE;SUDESTE/CENTRO-OESTE;5886.509
2024-11-28 21:00:00;NORDESTE;SUDESTE/CENTRO-OESTE;5728.028
2024-11-28 22:00:00;NORDESTE;SUDESTE/CENTRO-OESTE;5305.863
2024-11-28 23:00:00;NORDESTE;SUDESTE/CENTRO-OESTE;4812.259
2024-11-29 00:00:00;NORDESTE;SUDESTE/CENTRO-OESTE;4376.15899999
2024-11-29 01:00:00;NORDESTE;SUDESTE/CENTRO-OESTE;4092.254
2024-11-29 02:00:00;NORDESTE;SUDESTE/CENTRO-OESTE;4199.588
2024-11-29 03:00:00;NORDESTE;SUDESTE/CENTRO-OESTE;4090.395
2024-11-29 04:00:00;NORDESTE;SUDESTE/CENTRO-OESTE;3988.543
2024-11-29 05:00:00;NORDESTE;SUDESTE/CENTRO-OESTE;4629.08299999
2024-11-29 06:00:00;NORDESTE;SUDESTE/CENTRO-OESTE;5104.29
2024-11-29 07:00:00;NORDESTE;SUDESTE/CENTRO-OESTE;6348.591
2024-11-29 08:00:00;NORDESTE;SUDESTE/CENTRO-OESTE;4492.545
2024-11-29 09:00:00;NORDESTE;SUDESTE/CENTRO-OESTE;3736.142
2024-11-29 10:00:00;NORDESTE;SUDESTE/CENTRO-OESTE;4075.274
2024-11-29 11:00:00;NORDESTE;SUDESTE/CENTRO-OESTE;4074.494
2024-11-29 12:00:00;NORDESTE;SUDESTE/CENTRO-OESTE;3766.685
2024-11-29 13:00:00;NORDESTE;SUDESTE/CENTRO-OESTE;3315.27799999
2024-11-29 14:00:00;NORDESTE;SUDESTE/CENTRO-OESTE;2757.761
2024-11-29 15:00:00;NORDESTE;SUDESTE/CENTRO-OESTE;2235.205
2024-11-29 16:00:00;NORDESTE;SUDESTE/CENTRO-OESTE;1860.502
2024-11-29 17:00:00;NORDESTE;SUDESTE/CENTRO-OESTE;1979.883
2024-11-29 18:00:00;NORDESTE;SUDESTE/CENTRO-OESTE;3161.208
2024-11-29 19:00:00;NORDESTE;SUDESTE/CENTRO-OESTE;4502.597
2024-11-29 20:00:00;NORDESTE;SUDESTE/CENTRO-OESTE;5052.051
2024-11-29 21:00:00;NORDESTE;SUDESTE/CENTRO-OESTE;4426.414
2024-11-29 22:00:00;NORDESTE;SUDESTE/CENTRO-OESTE;4036.27
2024-11-29 23:00:00;NORDESTE;SUDESTE/CENTRO-OESTE;4048.255
2024-11-30 00:00:00;NORDESTE;SUDESTE/CENTRO-OESTE;4422.237
2024-11-30 01:00:00;NORDESTE;SUDESTE/CENTRO-OESTE;4360.893
2024-11-30 02:00:00;NORDESTE;SUDESTE/CENTRO-OESTE;4455.68599999
2024-11-30 03:00:00;NORDESTE;SUDESTE/CENTRO-OESTE;4522.479
2024-11-30 04:00:00;NORDESTE;SUDESTE/CENTRO-OESTE;3850.677
2024-11-30 05:00:00;NORDESTE;SUDESTE/CENTRO-OESTE;4220.703
2024-11-30 06:00:00;NORDESTE;SUDESTE/CENTRO-OESTE;5541.808
2024-11-30 07:00:00;NORDESTE;SUDESTE/CENTRO-OESTE;6608.426
2024-11-30 08:00:00;NORDESTE;SUDESTE/CENTRO-OESTE;5824.23899999
2024-11-30 09:00:00;NORDESTE;SUDESTE/CENTRO-OESTE;5173.867
2024-11-30 10:00:00;NORDESTE;SUDESTE/CENTRO-OESTE;4549.035
2024-11-30 11:00:00;NORDESTE;SUDESTE/CENTRO-OESTE;4473.575
2024-11-30 12:00:00;NORDESTE;SUDESTE/CENTRO-OESTE;4491.972
2024-11-30 13:00:00;NORDESTE;SUDESTE/CENTRO-OESTE;4278.069
2024-11-30 14:00:00;NORDESTE;SUDESTE/CENTRO-OESTE;4327.923
2024-11-30 15:00:00;NORDESTE;SUDESTE/CENTRO-OESTE;3953.15
2024-11-30 16:00:00;NORDESTE;SUDESTE/CENTRO-OESTE;2804.457
2024-11-30 17:00:00;NORDESTE;SUDESTE/CENTRO-OESTE;2453.431
2024-11-30 18:00:00;NORDESTE;SUDESTE/CENTRO-OESTE;3817.761
2024-11-30 19:00:00;NORDESTE;SUDESTE/CENTRO-OESTE;4925.185
2024-11-30 20:00:00;NORDESTE;SUDESTE/CENTRO-OESTE;4546.338
2024-11-30 21:00:00;NORDESTE;SUDESTE/CENTRO-OESTE;3740.567
2024-11-30 22:00:00;NORDESTE;SUDESTE/CENTRO-OESTE;3163.406
2024-11-30 23:00:00;NORDESTE;SUDESTE/CENTRO-OESTE;2426.75799999
2024-12-01 00:00:00;NORDESTE;SUDESTE/CENTRO-OESTE;2142.379
2024-12-01 01:00:00;NORDESTE;SUDESTE/CENTRO-OESTE;2250.232
2024-12-01 02:00:00;NORDESTE;SUDESTE/CENTRO-OESTE;2123.188
2024-12-01 03:00:00;NORDESTE;SUDESTE/CENTRO-OESTE;1494.451
2024-12-01 04:00:00;NORDESTE;SUDESTE/CENTRO-OESTE;1561.691
2024-12-01 05:00:00;NORDESTE;SUDESTE/CENTRO-OESTE;2078.098
2024-12-01 06:00:00;NORDESTE;SUDESTE/CENTRO-OESTE;3427.667
2024-12-01 07:00:00;NORDESTE;SUDESTE/CENTRO-OESTE;4438.765
2024-12-01 08:00:00;NORDESTE;SUDESTE/CENTRO-OESTE;3273.118
2024-12-01 09:00:00;NORDESTE;SUDESTE/CENTRO-OESTE;2511.817
2024-12-01 10:00:00;NORDESTE;SUDESTE/CENTRO-OESTE;1822.783
2024-12-01 11:00:00;NORDESTE;SUDESTE/CENTRO-OESTE;1753.909
2024-12-01 12:00:00;NORDESTE;SUDESTE/CENTRO-OESTE;1865.661
2024-12-01 13:00:00;NORDESTE;SUDESTE/CENTRO-OESTE;1949.924
2024-12-01 14:00:00;NORDESTE;SUDESTE/CENTRO-OESTE;2346.389
2024-12-01 15:00:00;NORDESTE;SUDESTE/CENTRO-OESTE;2530.617
2024-12-01 16:00:00;NORDESTE;SUDESTE/CENTRO-OESTE;2184.783
2024-12-01 17:00:00;NORDESTE;SUDESTE/CENTRO-OESTE;1523.109
2024-12-01 18:00:00;NORDESTE;SUDESTE/CENTRO-OESTE;2487.759
2024-12-01 19:00:00;NORDESTE;SUDESTE/CENTRO-OESTE;3482.179
2024-12-01 20:00:00;NORDESTE;SUDESTE/CENTRO-OESTE;3550.367
2024-12-01 21:00:00;NORDESTE;SUDESTE/CENTRO-OESTE;2957.109
2024-12-01 22:00:00;NORDESTE;SUDESTE/CENTRO-OESTE;1830.506
2024-12-01 23:00:00;NORDESTE;SUDESTE/CENTRO-OESTE;1249.112
2024-12-02 00:00:00;NORDESTE;SUDESTE/CENTRO-OESTE;1033.444
2024-12-02 01:00:00;NORDESTE;SUDESTE/CENTRO-OESTE;741.914
2024-12-02 02:00:00;NORDESTE;SUDESTE/CENTRO-OESTE;333.813
2024-12-02 03:00:00;NORDESTE;SUDESTE/CENTRO-OESTE;183.55
2024-12-02 04:00:00;NORDESTE;SUDESTE/CENTRO-OESTE;216.309
2024-12-02 05:00:00;NORDESTE;SUDESTE/CENTRO-OESTE;1318.951
2024-12-02 06:00:00;NORDESTE;SUDESTE/CENTRO-OESTE;3119.181
2024-12-02 07:00:00;NORDESTE;SUDESTE/CENTRO-OESTE;3448.699
2024-12-02 08:00:00;NORDESTE;SUDESTE/CENTRO-OESTE;3445.355
2024-12-02 09:00:00;NORDESTE;SUDESTE/CENTRO-OESTE;3073.318
2024-12-02 10:00:00;NORDESTE;SUDESTE/CENTRO-OESTE;2654.274
2024-12-02 11:00:00;NORDESTE;SUDESTE/CENTRO-OESTE;2798.114
2024-12-02 12:00:00;NORDESTE;SUDESTE/CENTRO-OESTE;2932.489
2024-12-02 13:00:00;NORDESTE;SUDESTE/CENTRO-OESTE;2512.775
2024-12-02 14:00:00;NORDESTE;SUDESTE/CENTRO-OESTE;2807.753
2024-12-02 15:00:00;NORDESTE;SUDESTE/CENTRO-OESTE;2300.117
2024-12-02 16:00:00;NORDESTE;SUDESTE/CENTRO-OESTE;2114.669
2024-12-02 17:00:00;NORDESTE;SUDESTE/CENTRO-OESTE;1736.832
2024-12-02 18:00:00;NORDESTE;SUDESTE/CENTRO-OESTE;3054.23
2024-12-02 19:00:00;NORDESTE;SUDESTE/CENTRO-OESTE;4038.391
2024-12-02 20:00:00;NORDESTE;SUDESTE/CENTRO-OESTE;3789.725
2024-12-02 21:00:00;NORDESTE;SUDESTE/CENTRO-OESTE;3268.631
2024-12-02 22:00:00;NORDESTE;SUDESTE/CENTRO-OESTE;2715.21799999
2024-12-02 23:00:00;NORDESTE;SUDESTE/CENTRO-OESTE;2246.663
2024-12-03 00:00:00;NORDESTE;SUDESTE/CENTRO-OESTE;2352.717
2024-12-03 01:00:00;NORDESTE;SUDESTE/CENTRO-OESTE;1987.025
2024-12-03 02:00:00;NORDESTE;SUDESTE/CENTRO-OESTE;898.325
2024-12-03 03:00:00;NORDESTE;SUDESTE/CENTRO-OESTE;1118.589
2024-12-03 04:00:00;NORDESTE;SUDESTE/CENTRO-OESTE;1254.84099999
2024-12-03 05:00:00;NORDESTE;SUDESTE/CENTRO-OESTE;1507.674
2024-12-03 06:00:00;NORDESTE;SUDESTE/CENTRO-OESTE;2513.002
2024-12-03 07:00:00;NORDESTE;SUDESTE/CENTRO-OESTE;3730.868
2024-12-03 08:00:00;NORDESTE;SUDESTE/CENTRO-OESTE;3265.783
2024-12-03 09:00:00;NORDESTE;SUDESTE/CENTRO-OESTE;2942.217
2024-12-03 10:00:00;NORDESTE;SUDESTE/CENTRO-OESTE;2540.927
2024-12-03 11:00:00;NORDESTE;SUDESTE/CENTRO-OESTE;1906.365
2024-12-03 12:00:00;NORDESTE;SUDESTE/CENTRO-OESTE;2096.42099999
2024-12-03 13:00:00;NORDESTE;SUDESTE/CENTRO-OESTE;2104.87199999
2024-12-03 14:00:00;NORDESTE;SUDESTE/CENTRO-OESTE;2166.356
2024-12-03 15:00:00;NORDESTE;SUDESTE/CENTRO-OESTE;2741.94099999
2024-12-03 16:00:00;NORDESTE;SUDESTE/CENTRO-OESTE;2597.86
2024-12-03 17:00:00;NORDESTE;SUDESTE/CENTRO-OESTE;2789.796
2024-12-03 18:00:00;NORDESTE;SUDESTE/CENTRO-OESTE;3259.01899999
2024-12-03 19:00:00;NORDESTE;SUDESTE/CENTRO-OESTE;4407.769
2024-12-03 20:00:00;NORDESTE;SUDESTE/CENTRO-OESTE;4227.586
2024-12-03 21:00:00;NORDESTE;SUDESTE/CENTRO-OESTE;3833.518
2024-12-03 22:00:00;NORDESTE;SUDESTE/CENTRO-OESTE;2939.319
2024-12-03 23:00:00;NORDESTE;SUDESTE/CENTRO-OESTE;1535.41
2024-12-04 00:00:00;NORDESTE;SUDESTE/CENTRO-OESTE;708.064
2024-12-04 01:00:00;NORDESTE;SUDESTE/CENTRO-OESTE;631.298
2024-12-04 02:00:00;NORDESTE;SUDESTE/CENTRO-OESTE;743.743
2024-12-04 03:00:00;NORDESTE;SUDESTE/CENTRO-OESTE;1102.672
2024-12-04 04:00:00;NORDESTE;SUDESTE/CENTRO-OESTE;887.226
2024-12-04 05:00:00;NORDESTE;SUDESTE/CENTRO-OESTE;960.801
2024-12-04 06:00:00;NORDESTE;SUDESTE/CENTRO-OESTE;1960.291
2024-12-04 07:00:00;NORDESTE;SUDESTE/CENTRO-OESTE;2951.952
2024-12-04 08:00:00;NORDESTE;SUDESTE/CENTRO-OESTE;3130.517
2024-12-04 09:00:00;NORDESTE;SUDESTE/CENTRO-OESTE;2729.1
2024-12-04 10:00:00;NORDESTE;SUDESTE/CENTRO-OESTE;2632.411
2024-12-04 11:00:00;NORDESTE;SUDESTE/CENTRO-OESTE;2866.743
2024-12-04 12:00:00;NORDESTE;SUDESTE/CENTRO-OESTE;2671.569
2024-12-04 13:00:00;NORDESTE;SUDESTE/CENTRO-OESTE;2513.323
2024-12-04 14:00:00;NORDESTE;SUDESTE/CENTRO-OESTE;2285.952
2024-12-04 15:00:00;NORDESTE;SUDESTE/CENTRO-OESTE;2456.779
2024-12-04 16:00:00;NORDESTE;SUDESTE/CENTRO-OESTE;2342.079
2024-12-04 17:00:00;NORDESTE;SUDESTE/CENTRO-OESTE;2059.373
2024-12-04 18:00:00;NORDESTE;SUDESTE/CENTRO-OESTE;3245.329
2024-12-04 19:00:00;NORDESTE;SUDESTE/CENTRO-OESTE;4589.615
2024-12-04 20:00:00;NORDESTE;SUDESTE/CENTRO-OESTE;4704.92699999
2024-12-04 21:00:00;NORDESTE;SUDESTE/CENTRO-OESTE;3858.228
2024-12-04 22:00:00;NORDESTE;SUDESTE/CENTRO-OESTE;3575.666
2024-12-04 23:00:00;NORDESTE;SUDESTE/CENTRO-OESTE;2884.39
2024-12-05 00:00:00;NORDESTE;SUDESTE/CENTRO-OESTE;2030.071
2024-12-05 01:00:00;NORDESTE;SUDESTE/CENTRO-OESTE;1982.057
2024-12-05 02:00:00;NORDESTE;SUDESTE/CENTRO-OESTE;1808.845
2024-12-05 03:00:00;NORDESTE;SUDESTE/CENTRO-OESTE;1562.824
2024-12-05 04:00:00;NORDESTE;SUDESTE/CENTRO-OESTE;1648.917
2024-12-05 05:00:00;NORDESTE;SUDESTE/CENTRO-OESTE;2013.51
2024-12-05 06:00:00;NORDESTE;SUDESTE/CENTRO-OESTE;3999.352
2024-12-05 07:00:00;NORDESTE;SUDESTE/CENTRO-OESTE;5333.43599999
2024-12-05 08:00:00;NORDESTE;SUDESTE/CENTRO-OESTE;5445.40899999
2024-12-05 09:00:00;NORDESTE;SUDESTE/CENTRO-OESTE;4893.636
2024-12-05 10:00:00;NORDESTE;SUDESTE/CENTRO-OESTE;4743.972
2024-12-05 11:00:00;NORDESTE;SUDESTE/CENTRO-OESTE;4336.91299999
2024-12-05 12:00:00;NORDESTE;SUDESTE/CENTRO-OESTE;4122.714
2024-12-05 13:00:00;NORDESTE;SUDESTE/CENTRO-OESTE;4020.142
2024-12-05 14:00:00;NORDESTE;SUDESTE/CENTRO-OESTE;3767.311
2024-12-05 15:00:00;NORDESTE;SUDESTE/CENTRO-OESTE;3108.231
2024-12-05 16:00:00;NORDESTE;SUDESTE/CENTRO-OESTE;2850.949
2024-12-05 17:00:00;NORDESTE;SUDESTE/CENTRO-OESTE;3627.033
2024-12-05 18:00:00;NORDESTE;SUDESTE/CENTRO-OESTE;4833.272
2024-12-05 19:00:00;NORDESTE;SUDESTE/CENTRO-OESTE;6585.602
2024-12-05 20:00:00;NORDESTE;SUDESTE/CENTRO-OESTE;7119.753
2024-12-05 21:00:00;NORDESTE;SUDESTE/CENTRO-OESTE;7570.66099999
2024-12-05 22:00:00;NORDESTE;SUDESTE/CENTRO-OESTE;7059.578
2024-12-05 23:00:00;NORDESTE;SUDESTE/CENTRO-OESTE;6044.76
2024-12-06 00:00:00;NORDESTE;SUDESTE/CENTRO-OESTE;5873.012
2024-12-06 01:00:00;NORDESTE;SUDESTE/CENTRO-OESTE;5976.934
2024-12-06 02:00:00;NORDESTE;SUDESTE/CENTRO-OESTE;6218.259
2024-12-06 03:00:00;NORDESTE;SUDESTE/CENTRO-OESTE;6049.548
2024-12-06 04:00:00;NORDESTE;SUDESTE/CENTRO-OESTE;5863.554
2024-12-06 05:00:00;NORDESTE;SUDESTE/CENTRO-OESTE;6149.331
2024-12-06 06:00:00;NORDESTE;SUDESTE/CENTRO-OESTE;7226.867
2024-12-06 07:00:00;NORDESTE;SUDESTE/CENTRO-OESTE;7045.11
2024-12-06 08:00:00;NORDESTE;SUDESTE/CENTRO-OESTE;6461.502
2024-12-06 09:00:00;NORDESTE;SUDESTE/CENTRO-OESTE;6445.668
2024-12-06 10:00:00;NORDESTE;SUDESTE/CENTRO-OESTE;6339.17
2024-12-06 11:00:00;NORDESTE;SUDESTE/CENTRO-OESTE;5991.28799999
2024-12-06 12:00:00;NORDESTE;SUDESTE/CENTRO-OESTE;5735.268
2024-12-06 13:00:00;NORDESTE;SUDESTE/CENTRO-OESTE;4265.961
2024-12-06 14:00:00;NORDESTE;SUDESTE/CENTRO-OESTE;3431.118
2024-12-06 15:00:00;NORDESTE;SUDESTE/CENTRO-OESTE;3391.564
2024-12-06 16:00:00;NORDESTE;SUDESTE/CENTRO-OESTE;3572.679
2024-12-06 17:00:00;NORDESTE;SUDESTE/CENTRO-OESTE;3030.657
2024-12-06 18:00:00;NORDESTE;SUDESTE/CENTRO-OESTE;3709.932
2024-12-06 19:00:00;NORDESTE;SUDESTE/CENTRO-OESTE;5163.929
2024-12-06 20:00:00;NORDESTE;SUDESTE/CENTRO-OESTE;5925.467
2024-12-06 21:00:00;NORDESTE;SUDESTE/CENTRO-OESTE;5560.347
2024-12-06 22:00:00;NORDESTE;SUDESTE/CENTRO-OESTE;5445.572
2024-12-06 23:00:00;NORDESTE;SUDESTE/CENTRO-OESTE;5256.18599999
2024-12-07 00:00:00;NORDESTE;SUDESTE/CENTRO-OESTE;5216.97099999
2024-12-07 01:00:00;NORDESTE;SUDESTE/CENTRO-OESTE;5194.265
2024-12-07 02:00:00;NORDESTE;SUDESTE/CENTRO-OESTE;5532.696
2024-12-07 03:00:00;NORDESTE;SUDESTE/CENTRO-OESTE;5633.735
2024-12-07 04:00:00;NORDESTE;SUDESTE/CENTRO-OESTE;5547.541
2024-12-07 05:00:00;NORDESTE;SUDESTE/CENTRO-OESTE;5597.539
2024-12-07 06:00:00;NORDESTE;SUDESTE/CENTRO-OESTE;5767.18099999
2024-12-07 07:00:00;NORDESTE;SUDESTE/CENTRO-OESTE;5609.712
2024-12-07 08:00:00;NORDESTE;SUDESTE/CENTRO-OESTE;5606.267
2024-12-07 09:00:00;NORDESTE;SUDESTE/CENTRO-OESTE;5058.51599999
2024-12-07 10:00:00;NORDESTE;SUDESTE/CENTRO-OESTE;4090.542
2024-12-07 11:00:00;NORDESTE;SUDESTE/CENTRO-OESTE;3154.536
2024-12-07 12:00:00;NORDESTE;SUDESTE/CENTRO-OESTE;2945.785
2024-12-07 13:00:00;NORDESTE;SUDESTE/CENTRO-OESTE;2850.275
2024-12-07 14:00:00;NORDESTE;SUDESTE/CENTRO-OESTE;2891.196
2024-12-07 15:00:00;NORDESTE;SUDESTE/CENTRO-OESTE;3053.08599999
2024-12-07 16:00:00;NORDESTE;SUDESTE/CENTRO-OESTE;4360.68999999
2024-12-07 17:00:00;NORDESTE;SUDESTE/CENTRO-OESTE;4033.258
2024-12-07 18:00:00;NORDESTE;SUDESTE/CENTRO-OESTE;4316.40899999
2024-12-07 19:00:00;NORDESTE;SUDESTE/CENTRO-OESTE;4954.46
2024-12-07 20:00:00;NORDESTE;SUDESTE/CENTRO-OESTE;5389.55199999
2024-12-07 21:00:00;NORDESTE;SUDESTE/CENTRO-OESTE;4923.13199999
2024-12-07 22:00:00;NORDESTE;SUDESTE/CENTRO-OESTE;4359.18
2024-12-07 23:00:00;NORDESTE;SUDESTE/CENTRO-OESTE;3894.431
2024-12-08 00:00:00;NORDESTE;SUDESTE/CENTRO-OESTE;3476.34499999
2024-12-08 01:00:00;NORDESTE;SUDESTE/CENTRO-OESTE;3085.357
2024-12-08 02:00:00;NORDESTE;SUDESTE/CENTRO-OESTE;3175.166
2024-12-08 03:00:00;NORDESTE;SUDESTE/CENTRO-OESTE;3562.094
2024-12-08 04:00:00;NORDESTE;SUDESTE/CENTRO-OESTE;3483.531
2024-12-08 05:00:00;NORDESTE;SUDESTE/CENTRO-OESTE;3702.84
2024-12-08 06:00:00;NORDESTE;SUDESTE/CENTRO-OESTE;4145.438
2024-12-08 07:00:00;NORDESTE;SUDESTE/CENTRO-OESTE;4387.954
2024-12-08 08:00:00;NORDESTE;SUDESTE/CENTRO-OESTE;4270.956
2024-12-08 09:00:00;NORDESTE;SUDESTE/CENTRO-OESTE;3792.159
2024-12-08 10:00:00;NORDESTE;SUDESTE/CENTRO-OESTE;3280.652
2024-12-08 11:00:00;NORDESTE;SUDESTE/CENTRO-OESTE;2879.06
2024-12-08 12:00:00;NORDESTE;SUDESTE/CENTRO-OESTE;2499.99899999
2024-12-08 13:00:00;NORDESTE;SUDESTE/CENTRO-OESTE;2230.42
2024-12-08 14:00:00;NORDESTE;SUDESTE/CENTRO-OESTE;1578.827
2024-12-08 15:00:00;NORDESTE;SUDESTE/CENTRO-OESTE;1501.992
2024-12-08 16:00:00;NORDESTE;SUDESTE/CENTRO-OESTE;1577.28299999
2024-12-08 17:00:00;NORDESTE;SUDESTE/CENTRO-OESTE;2079.268
2024-12-08 18:00:00;NORDESTE;SUDESTE/CENTRO-OESTE;2838.838
2024-12-08 19:00:00;NORDESTE;SUDESTE/CENTRO-OESTE;4618.886
2024-12-08 20:00:00;NORDESTE;SUDESTE/CENTRO-OESTE;5490.42
2024-12-08 21:00:00;NORDESTE;SUDESTE/CENTRO-OESTE;5179.858
2024-12-08 22:00:00;NORDESTE;SUDESTE/CENTRO-OESTE;4631.939
2024-12-08 23:00:00;NORDESTE;SUDESTE/CENTRO-OESTE;4906.522
2024-12-09 00:00:00;NORDESTE;SUDESTE/CENTRO-OESTE;4539.077
2024-12-09 01:00:00;NORDESTE;SUDESTE/CENTRO-OESTE;4465.803
2024-12-09 02:00:00;NORDESTE;SUDESTE/CENTRO-OESTE;5277.90899999
2024-12-09 03:00:00;NORDESTE;SUDESTE/CENTRO-OESTE;5572.07
2024-12-09 04:00:00;NORDESTE;SUDESTE/CENTRO-OESTE;5190.83
2024-12-09 05:00:00;NORDESTE;SUDESTE/CENTRO-OESTE;4985.503
2024-12-09 06:00:00;NORDESTE;SUDESTE/CENTRO-OESTE;5829.841
2024-12-09 07:00:00;NORDESTE;SUDESTE/CENTRO-OESTE;5784.749
2024-12-09 08:00:00;NORDESTE;SUDESTE/CENTRO-OESTE;5108.265
2024-12-09 09:00:00;NORDESTE;SUDESTE/CENTRO-OESTE;5053.73899999
2024-12-09 10:00:00;NORDESTE;SUDESTE/CENTRO-OESTE;4633.785
2024-12-09 11:00:00;NORDESTE;SUDESTE/CENTRO-OESTE;4372.28
2024-12-09 12:00:00;NORDESTE;SUDESTE/CENTRO-OESTE;3988.429
2024-12-09 13:00:00;NORDESTE;SUDESTE/CENTRO-OESTE;3274.397
2024-12-09 14:00:00;NORDESTE;SUDESTE/CENTRO-OESTE;3063.455
2024-12-09 15:00:00;NORDESTE;SUDESTE/CENTRO-OESTE;3166.457
2024-12-09 16:00:00;NORDESTE;SUDESTE/CENTRO-OESTE;3600.715
2024-12-09 17:00:00;NORDESTE;SUDESTE/CENTRO-OESTE;3698.129
2024-12-09 18:00:00;NORDESTE;SUDESTE/CENTRO-OESTE;4941.026
2024-12-09 19:00:00;NORDESTE;SUDESTE/CENTRO-OESTE;6594.045
2024-12-09 20:00:00;NORDESTE;SUDESTE/CENTRO-OESTE;6943.219
2024-12-09 21:00:00;NORDESTE;SUDESTE/CENTRO-OESTE;6135.766
2024-12-09 22:00:00;NORDESTE;SUDESTE/CENTRO-OESTE;5867.544
2024-12-09 23:00:00;NORDESTE;SUDESTE/CENTRO-OESTE;6111.98899999
2024-12-10 00:00:00;NORDESTE;SUDESTE/CENTRO-OESTE;6199.787
2024-12-10 01:00:00;NORDESTE;SUDESTE/CENTRO-OESTE;6404.327
2024-12-10 02:00:00;NORDESTE;SUDESTE/CENTRO-OESTE;6761.67199999
2024-12-10 03:00:00;NORDESTE;SUDESTE/CENTRO-OESTE;6501.685
2024-12-10 04:00:00;NORDESTE;SUDESTE/CENTRO-OESTE;5840.429
2024-12-10 05:00:00;NORDESTE;SUDESTE/CENTRO-OESTE;5993.915
2024-12-10 06:00:00;NORDESTE;SUDESTE/CENTRO-OESTE;6576.286
2024-12-10 07:00:00;NORDESTE;SUDESTE/CENTRO-OESTE;7198.755
2024-12-10 08:00:00;NORDESTE;SUDESTE/CENTRO-OESTE;6487.281
2024-12-10 09:00:00;NORDESTE;SUDESTE/CENTRO-OESTE;6210.142
2024-12-10 10:00:00;NORDESTE;SUDESTE/CENTRO-OESTE;5668.857
2024-12-10 11:00:00;NORDESTE;SUDESTE/CENTRO-OESTE;4338.942
2024-12-10 12:00:00;NORDESTE;SUDESTE/CENTRO-OESTE;3587.075
2024-12-10 13:00:00;NORDESTE;SUDESTE/CENTRO-OESTE;3376.04
2024-12-10 14:00:00;NORDESTE;SUDESTE/CENTRO-OESTE;3320.539
2024-12-10 15:00:00;NORDESTE;SUDESTE/CENTRO-OESTE;3330.277
2024-12-10 16:00:00;NORDESTE;SUDESTE/CENTRO-OESTE;2513.86
2024-12-10 17:00:00;NORDESTE;SUDESTE/CENTRO-OESTE;3108.833
2024-12-10 18:00:00;NORDESTE;SUDESTE/CENTRO-OESTE;4249.251
2024-12-10 19:00:00;NORDESTE;SUDESTE/CENTRO-OESTE;5523.084
2024-12-10 20:00:00;NORDESTE;SUDESTE/CENTRO-OESTE;5637.769
2024-12-10 21:00:00;NORDESTE;SUDESTE/CENTRO-OESTE;4569.7
2024-12-10 22:00:00;NORDESTE;SUDESTE/CENTRO-OESTE;3516.695
2024-12-10 23:00:00;NORDESTE;SUDESTE/CENTRO-OESTE;2754.75
2024-12-11 00:00:00;NORDESTE;SUDESTE/CENTRO-OESTE;2515.631
2024-12-11 01:00:00;NORDESTE;SUDESTE/CENTRO-OESTE;2567.425
2024-12-11 02:00:00;NORDESTE;SUDESTE/CENTRO-OESTE;3044.445
2024-12-11 03:00:00;NORDESTE;SUDESTE/CENTRO-OESTE;3886.987
2024-12-11 04:00:00;NORDESTE;SUDESTE/CENTRO-OESTE;4140.228
2024-12-11 05:00:00;NORDESTE;SUDESTE/CENTRO-OESTE;4559.84
2024-12-11 06:00:00;NORDESTE;SUDESTE/CENTRO-OESTE;6036.722
2024-12-11 07:00:00;NORDESTE;SUDESTE/CENTRO-OESTE;6275.434
2024-12-11 08:00:00;NORDESTE;SUDESTE/CENTRO-OESTE;4278.997
2024-12-11 09:00:00;NORDESTE;SUDESTE/CENTRO-OESTE;3098.25
2024-12-11 10:00:00;NORDESTE;SUDESTE/CENTRO-OESTE;2745.82
2024-12-11 11:00:00;NORDESTE;SUDESTE/CENTRO-OESTE;2709.38
2024-12-11 12:00:00;NORDESTE;SUDESTE/CENTRO-OESTE;2560.415
2024-12-11 13:00:00;NORDESTE;SUDESTE/CENTRO-OESTE;2461.938
2024-12-11 14:00:00;NORDESTE;SUDESTE/CENTRO-OESTE;2090.852
2024-12-11 15:00:00;NORDESTE;SUDESTE/CENTRO-OESTE;1672.076
2024-12-11 16:00:00;NORDESTE;SUDESTE/CENTRO-OESTE;1068.001
2024-12-11 17:00:00;NORDESTE;SUDESTE/CENTRO-OESTE;1283.902
2024-12-11 18:00:00;NORDESTE;SUDESTE/CENTRO-OESTE;2441.099
2024-12-11 19:00:00;NORDESTE;SUDESTE/CENTRO-OESTE;3650.026
2024-12-11 20:00:00;NORDESTE;SUDESTE/CENTRO-OESTE;4099.919
2024-12-11 21:00:00;NORDESTE;SUDESTE/CENTRO-OESTE;3584.786
2024-12-11 22:00:00;NORDESTE;SUDESTE/CENTRO-OESTE;3181.207
2024-12-11 23:00:00;NORDESTE;SUDESTE/CENTRO-OESTE;2763.228
2024-12-12 00:00:00;NORDESTE;SUDESTE/CENTRO-OESTE;2680.74699999
2024-12-12 01:00:00;NORDESTE;SUDESTE/CENTRO-OESTE;1874.747
2024-12-12 02:00:00;NORDESTE;SUDESTE/CENTRO-OESTE;1653.553
2024-12-12 03:00:00;NORDESTE;SUDESTE/CENTRO-OESTE;2155.809
2024-12-12 04:00:00;NORDESTE;SUDESTE/CENTRO-OESTE;2538.966
2024-12-12 05:00:00;NORDESTE;SUDESTE/CENTRO-OESTE;3035.419
2024-12-12 06:00:00;NORDESTE;SUDESTE/CENTRO-OESTE;4230.61399999
2024-12-12 07:00:00;NORDESTE;SUDESTE/CENTRO-OESTE;4300.241
2024-12-12 08:00:00;NORDESTE;SUDESTE/CENTRO-OESTE;4565.822
2024-12-12 09:00:00;NORDESTE;SUDESTE/CENTRO-OESTE;4495.246
2024-12-12 10:00:00;NORDESTE;SUDESTE/CENTRO-OESTE;3717.182
2024-12-12 11:00:00;NORDESTE;SUDESTE/CENTRO-OESTE;3311.911
2024-12-12 12:00:00;NORDESTE;SUDESTE/CENTRO-OESTE;3190.589
2024-12-12 13:00:00;NORDESTE;SUDESTE/CENTRO-OESTE;2729.73799999
2024-12-12 14:00:00;NORDESTE;SUDESTE/CENTRO-OESTE;2202.63299999
2024-12-12 15:00:00;NORDESTE;SUDESTE/CENTRO-OESTE;2019.858
2024-12-12 16:00:00;NORDESTE;SUDESTE/CENTRO-OESTE;2344.10399999
2024-12-12 17:00:00;NORDESTE;SUDESTE/CENTRO-OESTE;3615.501
2024-12-12 18:00:00;NORDESTE;SUDESTE/CENTRO-OESTE;4914.657
2024-12-12 19:00:00;NORDESTE;SUDESTE/CENTRO-OESTE;6009.912
2024-12-12 20:00:00;NORDESTE;SUDESTE/CENTRO-OESTE;6358.442
2024-12-12 21:00:00;NORDESTE;SUDESTE/CENTRO-OESTE;6222.33
2024-12-12 22:00:00;NORDESTE;SUDESTE/CENTRO-OESTE;6565.88
2024-12-12 23:00:00;NORDESTE;SUDESTE/CENTRO-OESTE;6145.369
2024-12-13 00:00:00;NORDESTE;SUDESTE/CENTRO-OESTE;5763.304
2024-12-13 01:00:00;NORDESTE;SUDESTE/CENTRO-OESTE;5635.216
2024-12-13 02:00:00;NORDESTE;SUDESTE/CENTRO-OESTE;5595.807
2024-12-13 03:00:00;NORDESTE;SUDESTE/CENTRO-OESTE;5310.352
2024-12-13 04:00:00;NORDESTE;SUDESTE/CENTRO-OESTE;4976.76599999
2024-12-13 05:00:00;NORDESTE;SUDESTE/CENTRO-OESTE;5230.137
2024-12-13 06:00:00;NORDESTE;SUDESTE/CENTRO-OESTE;6346.128
2024-12-13 07:00:00;NORDESTE;SUDESTE/CENTRO-OESTE;6683.816
2024-12-13 08:00:00;NORDESTE;SUDESTE/CENTRO-OESTE;6807.16
2024-12-13 09:00:00;NORDESTE;SUDESTE/CENTRO-OESTE;6905.189
2024-12-13 10:00:00;NORDESTE;SUDESTE/CENTRO-OESTE;6745.897
2024-12-13 11:00:00;NORDESTE;SUDESTE/CENTRO-OESTE;6130.452
2024-12-13 12:00:00;NORDESTE;SUDESTE/CENTRO-OESTE;5489.60499999
2024-12-13 13:00:00;NORDESTE;SUDESTE/CENTRO-OESTE;5857.506
2024-12-13 14:00:00;NORDESTE;SUDESTE/CENTRO-OESTE;5514.29699999
2024-12-13 15:00:00;NORDESTE;SUDESTE/CENTRO-OESTE;5526.594
2024-12-13 16:00:00;NORDESTE;SUDESTE/CENTRO-OESTE;5629.944
2024-12-13 17:00:00;NORDESTE;SUDESTE/CENTRO-OESTE;5891.546
2024-12-13 18:00:00;NORDESTE;SUDESTE/CENTRO-OESTE;5591.428
2024-12-13 19:00:00;NORDESTE;SUDESTE/CENTRO-OESTE;6572.087
2024-12-13 20:00:00;NORDESTE;SUDESTE/CENTRO-OESTE;6667.511
2024-12-13 21:00:00;NORDESTE;SUDESTE/CENTRO-OESTE;6312.606
2024-12-13 22:00:00;NORDESTE;SUDESTE/CENTRO-OESTE;5584.827
2024-12-13 23:00:00;NORDESTE;SUDESTE/CENTRO-OESTE;5603.242
2024-12-14 00:00:00;NORDESTE;SUDESTE/CENTRO-OESTE;4917.521
2024-12-14 01:00:00;NORDESTE;SUDESTE/CENTRO-OESTE;4340.872
2024-12-14 02:00:00;NORDESTE;SUDESTE/CENTRO-OESTE;4639.856
2024-12-14 03:00:00;NORDESTE;SUDESTE/CENTRO-OESTE;4641.711
2024-12-14 04:00:00;NORDESTE;SUDESTE/CENTRO-OESTE;4572.937
2024-12-14 05:00:00;NORDESTE;SUDESTE/CENTRO-OESTE;4691.755
2024-12-14 06:00:00;NORDESTE;SUDESTE/CENTRO-OESTE;4401.734
2024-12-14 07:00:00;NORDESTE;SUDESTE/CENTRO-OESTE;5052.79699999
2024-12-14 08:00:00;NORDESTE;SUDESTE/CENTRO-OESTE;5869.838
2024-12-14 09:00:00;NORDESTE;SUDESTE/CENTRO-OESTE;5227.702
2024-12-14 10:00:00;NORDESTE;SUDESTE/CENTRO-OESTE;4766.529
2024-12-14 11:00:00;NORDESTE;SUDESTE/CENTRO-OESTE;4408.475
2024-12-14 12:00:00;NORDESTE;SUDESTE/CENTRO-OESTE;3984.325
2024-12-14 13:00:00;NORDESTE;SUDESTE/CENTRO-OESTE;3822.844
2024-12-14 14:00:00;NORDESTE;SUDESTE/CENTRO-OESTE;4215.129
2024-12-14 15:00:00;NORDESTE;SUDESTE/CENTRO-OESTE;4394.993
2024-12-14 16:00:00;NORDESTE;SUDESTE/CENTRO-OESTE;3414.554
2024-12-14 17:00:00;NORDESTE;SUDESTE/CENTRO-OESTE;1942.386
2024-12-14 18:00:00;NORDESTE;SUDESTE/CENTRO-OESTE;2125.19999999
2024-12-14 19:00:00;NORDESTE;SUDESTE/CENTRO-OESTE;3347.518
2024-12-14 20:00:00;NORDESTE;SUDESTE/CENTRO-OESTE;3981.265
2024-12-14 21:00:00;NORDESTE;SUDESTE/CENTRO-OESTE;2954.168
2024-12-14 22:00:00;NORDESTE;SUDESTE/CENTRO-OESTE;2249.34499999
2024-12-14 23:00:00;NORDESTE;SUDESTE/CENTRO-OESTE;2486.123
2024-12-15 00:00:00;NORDESTE;SUDESTE/CENTRO-OESTE;2554.491
2024-12-15 01:00:00;NORDESTE;SUDESTE/CENTRO-OESTE;2402.049
2024-12-15 02:00:00;NORDESTE;SUDESTE/CENTRO-OESTE;2504.54799999
2024-12-15 03:00:00;NORDESTE;SUDESTE/CENTRO-OESTE;2429.902
2024-12-15 04:00:00;NORDESTE;SUDESTE/CENTRO-OESTE;2181.484
2024-12-15 05:00:00;NORDESTE;SUDESTE/CENTRO-OESTE;2518.17
2024-12-15 06:00:00;NORDESTE;SUDESTE/CENTRO-OESTE;2981.925
2024-12-15 07:00:00;NORDESTE;SUDESTE/CENTRO-OESTE;3320.707
2024-12-15 08:00:00;NORDESTE;SUDESTE/CENTRO-OESTE;3380.61499999
2024-12-15 09:00:00;NORDESTE;SUDESTE/CENTRO-OESTE;2460.908
2024-12-15 10:00:00;NORDESTE;SUDESTE/CENTRO-OESTE;1627.321
2024-12-15 11:00:00;NORDESTE;SUDESTE/CENTRO-OESTE;1528.468
2024-12-15 12:00:00;NORDESTE;SUDESTE/CENTRO-OESTE;1258.169
2024-12-15 13:00:00;NORDESTE;SUDESTE/CENTRO-OESTE;987.236
2024-12-15 14:00:00;NORDESTE;SUDESTE/CENTRO-OESTE;1241.909
2024-12-15 15:00:00;NORDESTE;SUDESTE/CENTRO-OESTE;1425.326
2024-12-15 16:00:00;NORDESTE;SUDESTE/CENTRO-OESTE;1219.112
2024-12-15 17:00:00;NORDESTE;SUDESTE/CENTRO-OESTE;1264.276
2024-12-15 18:00:00;NORDESTE;SUDESTE/CENTRO-OESTE;1902.561
2024-12-15 19:00:00;NORDESTE;SUDESTE/CENTRO-OESTE;3556.313
2024-12-15 20:00:00;NORDESTE;SUDESTE/CENTRO-OESTE;3951.443
2024-12-15 21:00:00;NORDESTE;SUDESTE/CENTRO-OESTE;3638.533
2024-12-15 22:00:00;NORDESTE;SUDESTE/CENTRO-OESTE;3073.41
2024-12-15 23:00:00;NORDESTE;SUDESTE/CENTRO-OESTE;2804.02799999
2024-12-16 00:00:00;NORDESTE;SUDESTE/CENTRO-OESTE;2895.138
2024-12-16 01:00:00;NORDESTE;SUDESTE/CENTRO-OESTE;2511.016
2024-12-16 02:00:00;NORDESTE;SUDESTE/CENTRO-OESTE;2400.04
2024-12-16 03:00:00;NORDESTE;SUDESTE/CENTRO-OESTE;2862.517
2024-12-16 04:00:00;NORDESTE;SUDESTE/CENTRO-OESTE;3126.0
2024-12-16 05:00:00;NORDESTE;SUDESTE/CENTRO-OESTE;3790.659
2024-12-16 06:00:00;NORDESTE;SUDESTE/CENTRO-OESTE;5049.403
2024-12-16 07:00:00;NORDESTE;SUDESTE/CENTRO-OESTE;6162.854
2024-12-16 08:00:00;NORDESTE;SUDESTE/CENTRO-OESTE;6304.342
2024-12-16 09:00:00;NORDESTE;SUDESTE/CENTRO-OESTE;5847.492
2024-12-16 10:00:00;NORDESTE;SUDESTE/CENTRO-OESTE;4781.977
2024-12-16 11:00:00;NORDESTE;SUDESTE/CENTRO-OESTE;4224.045
2024-12-16 12:00:00;NORDESTE;SUDESTE/CENTRO-OESTE;3358.235
2024-12-16 13:00:00;NORDESTE;SUDESTE/CENTRO-OESTE;3563.14
2024-12-16 14:00:00;NORDESTE;SUDESTE/CENTRO-OESTE;3026.908
2024-12-16 15:00:00;NORDESTE;SUDESTE/CENTRO-OESTE;3606.337
2024-12-16 16:00:00;NORDESTE;SUDESTE/CENTRO-OESTE;4468.441
2024-12-16 17:00:00;NORDESTE;SUDESTE/CENTRO-OESTE;4183.488
2024-12-16 18:00:00;NORDESTE;SUDESTE/CENTRO-OESTE;3699.019
2024-12-16 19:00:00;NORDESTE;SUDESTE/CENTRO-OESTE;4444.036
2024-12-16 20:00:00;NORDESTE;SUDESTE/CENTRO-OESTE;4479.798
2024-12-16 21:00:00;NORDESTE;SUDESTE/CENTRO-OESTE;4105.795
2024-12-16 22:00:00;NORDESTE;SUDESTE/CENTRO-OESTE;4315.81499999
2024-12-16 23:00:00;NORDESTE;SUDESTE/CENTRO-OESTE;4789.386
2024-12-17 00:00:00;NORDESTE;SUDESTE/CENTRO-OESTE;5005.363
2024-12-17 01:00:00;NORDESTE;SUDESTE/CENTRO-OESTE;3882.736
2024-12-17 02:00:00;NORDESTE;SUDESTE/CENTRO-OESTE;3711.667
2024-12-17 03:00:00;NORDESTE;SUDESTE/CENTRO-OESTE;3893.58
2024-12-17 04:00:00;NORDESTE;SUDESTE/CENTRO-OESTE;3392.96
2024-12-17 05:00:00;NORDESTE;SUDESTE/CENTRO-OESTE;3647.754
2024-12-17 06:00:00;NORDESTE;SUDESTE/CENTRO-OESTE;4991.866
2024-12-17 07:00:00;NORDESTE;SUDESTE/CENTRO-OESTE;5857.076
2024-12-17 08:00:00;NORDESTE;SUDESTE/CENTRO-OESTE;4846.542
2024-12-17 09:00:00;NORDESTE;SUDESTE/CENTRO-OESTE;4634.201
2024-12-17 10:00:00;NORDESTE;SUDESTE/CENTRO-OESTE;5144.831
2024-12-17 11:00:00;NORDESTE;SUDESTE/CENTRO-OESTE;4756.42199999
2024-12-17 12:00:00;NORDESTE;SUDESTE/CENTRO-OESTE;3982.668
2024-12-17 13:00:00;NORDESTE;SUDESTE/CENTRO-OESTE;3676.381
2024-12-17 14:00:00;NORDESTE;SUDESTE/CENTRO-OESTE;3464.617
2024-12-17 15:00:00;NORDESTE;SUDESTE/CENTRO-OESTE;3559.476
2024-12-17 16:00:00;NORDESTE;SUDESTE/CENTRO-OESTE;3258.172
2024-12-17 17:00:00;NORDESTE;SUDESTE/CENTRO-OESTE;2919.709
2024-12-17 18:00:00;NORDESTE;SUDESTE/CENTRO-OESTE;3404.871
2024-12-17 19:00:00;NORDESTE;SUDESTE/CENTRO-OESTE;4453.76599999
2024-12-17 20:00:00;NORDESTE;SUDESTE/CENTRO-OESTE;4622.499
2024-12-17 21:00:00;NORDESTE;SUDESTE/CENTRO-OESTE;4126.387
2024-12-17 22:00:00;NORDESTE;SUDESTE/CENTRO-OESTE;3267.804
2024-12-17 23:00:00;NORDESTE;SUDESTE/CENTRO-OESTE;3098.373
2024-12-18 00:00:00;NORDESTE;SUDESTE/CENTRO-OESTE;2874.802
2024-12-18 01:00:00;NORDESTE;SUDESTE/CENTRO-OESTE;3061.767
2024-12-18 02:00:00;NORDESTE;SUDESTE/CENTRO-OESTE;3218.11499999
2024-12-18 03:00:00;NORDESTE;SUDESTE/CENTRO-OESTE;2948.371
2024-12-18 04:00:00;NORDESTE;SUDESTE/CENTRO-OESTE;2777.31599999
2024-12-18 05:00:00;NORDESTE;SUDESTE/CENTRO-OESTE;3331.177
2024-12-18 06:00:00;NORDESTE;SUDESTE/CENTRO-OESTE;4419.183
2024-12-18 07:00:00;NORDESTE;SUDESTE/CENTRO-OESTE;5850.057
2024-12-18 08:00:00;NORDESTE;SUDESTE/CENTRO-OESTE;5478.388
2024-12-18 09:00:00;NORDESTE;SUDESTE/CENTRO-OESTE;4909.651
2024-12-18 10:00:00;NORDESTE;SUDESTE/CENTRO-OESTE;4251.839
2024-12-18 11:00:00;NORDESTE;SUDESTE/CENTRO-OESTE;3629.797
2024-12-18 12:00:00;NORDESTE;SUDESTE/CENTRO-OESTE;3724.19
2024-12-18 13:00:00;NORDESTE;SUDESTE/CENTRO-OESTE;3263.776
2024-12-18 14:00:00;NORDESTE;SUDESTE/CENTRO-OESTE;2662.952
2024-12-18 15:00:00;NORDESTE;SUDESTE/CENTRO-OESTE;3197.007
2024-12-18 16:00:00;NORDESTE;SUDESTE/CENTRO-OESTE;3259.617
2024-12-18 17:00:00;NORDESTE;SUDESTE/CENTRO-OESTE;3251.76
2024-12-18 18:00:00;NORDESTE;SUDESTE/CENTRO-OESTE;3854.102
2024-12-18 19:00:00;NORDESTE;SUDESTE/CENTRO-OESTE;4813.385
2024-12-18 20:00:00;NORDESTE;SUDESTE/CENTRO-OESTE;5114.901
2024-12-18 21:00:00;NORDESTE;SUDESTE/CENTRO-OESTE;4519.764
2024-12-18 22:00:00;NORDESTE;SUDESTE/CENTRO-OESTE;4056.757
2024-12-18 23:00:00;NORDESTE;SUDESTE/CENTRO-OESTE;3788.758
2024-12-19 00:00:00;NORDESTE;SUDESTE/CENTRO-OESTE;3125.729
2024-12-19 01:00:00;NORDESTE;SUDESTE/CENTRO-OESTE;2404.581
2024-12-19 02:00:00;NORDESTE;SUDESTE/CENTRO-OESTE;2757.476
2024-12-19 03:00:00;NORDESTE;SUDESTE/CENTRO-OESTE;3011.436
2024-12-19 04:00:00;NORDESTE;SUDESTE/CENTRO-OESTE;3199.777
2024-12-19 05:00:00;NORDESTE;SUDESTE/CENTRO-OESTE;3711.077
2024-12-19 06:00:00;NORDESTE;SUDESTE/CENTRO-OESTE;4841.982
2024-12-19 07:00:00;NORDESTE;SUDESTE/CENTRO-OESTE;4916.35099999
2024-12-19 08:00:00;NORDESTE;SUDESTE/CENTRO-OESTE;4724.224
2024-12-19 09:00:00;NORDESTE;SUDESTE/CENTRO-OESTE;4759.829
2024-12-19 10:00:00;NORDESTE;SUDESTE/CENTRO-OESTE;4296.86399999
2024-12-19 11:00:00;NORDESTE;SUDESTE/CENTRO-OESTE;4138.823
2024-12-19 12:00:00;NORDESTE;SUDESTE/CENTRO-OESTE;4038.798
2024-12-19 13:00:00;NORDESTE;SUDESTE/CENTRO-OESTE;4342.469
2024-12-19 14:00:00;NORDESTE;SUDESTE/CENTRO-OESTE;4559.904
2024-12-19 15:00:00;NORDESTE;SUDESTE/CENTRO-OESTE;4865.142
2024-12-19 16:00:00;NORDESTE;SUDESTE/CENTRO-OESTE;4411.546
2024-12-19 17:00:00;NORDESTE;SUDESTE/CENTRO-OESTE;3841.724
2024-12-19 18:00:00;NORDESTE;SUDESTE/CENTRO-OESTE;3946.207
2024-12-19 19:00:00;NORDESTE;SUDESTE/CENTRO-OESTE;4829.942
2024-12-19 20:00:00;NORDESTE;SUDESTE/CENTRO-OESTE;4829.21
2024-12-19 21:00:00;NORDESTE;SUDESTE/CENTRO-OESTE;4849.21699999
2024-12-19 22:00:00;NORDESTE;SUDESTE/CENTRO-OESTE;5277.403
2024-12-19 23:00:00;NORDESTE;SUDESTE/CENTRO-OESTE;5608.684
2024-12-20 00:00:00;NORDESTE;SUDESTE/CENTRO-OESTE;5944.822
2024-12-20 01:00:00;NORDESTE;SUDESTE/CENTRO-OESTE;5090.058
2024-12-20 02:00:00;NORDESTE;SUDESTE/CENTRO-OESTE;4269.52
2024-12-20 03:00:00;NORDESTE;SUDESTE/CENTRO-OESTE;4310.475
2024-12-20 04:00:00;NORDESTE;SUDESTE/CENTRO-OESTE;4317.10499999
2024-12-20 05:00:00;NORDESTE;SUDESTE/CENTRO-OESTE;4359.627
2024-12-20 06:00:00;NORDESTE;SUDESTE/CENTRO-OESTE;5318.524
2024-12-20 07:00:00;NORDESTE;SUDESTE/CENTRO-OESTE;5309.139
2024-12-20 08:00:00;NORDESTE;SUDESTE/CENTRO-OESTE;5926.956
2024-12-20 09:00:00;NORDESTE;SUDESTE/CENTRO-OESTE;6091.813
2024-12-20 10:00:00;NORDESTE;SUDESTE/CENTRO-OESTE;5994.249
2024-12-20 11:00:00;NORDESTE;SUDESTE/CENTRO-OESTE;5540.195
2024-12-20 12:00:00;NORDESTE;SUDESTE/CENTRO-OESTE;5486.608
2024-12-20 13:00:00;NORDESTE;SUDESTE/CENTRO-OESTE;5100.627
2024-12-20 14:00:00;NORDESTE;SUDESTE/CENTRO-OESTE;4792.03799999
2024-12-20 15:00:00;NORDESTE;SUDESTE/CENTRO-OESTE;5154.45
2024-12-20 16:00:00;NORDESTE;SUDESTE/CENTRO-OESTE;5312.372
2024-12-20 17:00:00;NORDESTE;SUDESTE/CENTRO-OESTE;4552.088
2024-12-20 18:00:00;NORDESTE;SUDESTE/CENTRO-OESTE;3851.165
2024-12-20 19:00:00;NORDESTE;SUDESTE/CENTRO-OESTE;4905.702
2024-12-20 20:00:00;NORDESTE;SUDESTE/CENTRO-OESTE;5371.53
2024-12-20 21:00:00;NORDESTE;SUDESTE/CENTRO-OESTE;5292.231
2024-12-20 22:00:00;NORDESTE;SUDESTE/CENTRO-OESTE;4965.126
2024-12-20 23:00:00;NORDESTE;SUDESTE/CENTRO-OESTE;5059.234
2024-12-21 00:00:00;NORDESTE;SUDESTE/CENTRO-OESTE;4953.599
2024-12-21 01:00:00;NORDESTE;SUDESTE/CENTRO-OESTE;4019.705
2024-12-21 02:00:00;NORDESTE;SUDESTE/CENTRO-OESTE;3822.27
2024-12-21 03:00:00;NORDESTE;SUDESTE/CENTRO-OESTE;3712.628
2024-12-21 04:00:00;NORDESTE;SUDESTE/CENTRO-OESTE;3682.25
2024-12-21 05:00:00;NORDESTE;SUDESTE/CENTRO-OESTE;3926.225
2024-12-21 06:00:00;NORDESTE;SUDESTE/CENTRO-OESTE;4467.017
2024-12-21 07:00:00;NORDESTE;SUDESTE/CENTRO-OESTE;5849.521
2024-12-21 08:00:00;NORDESTE;SUDESTE/CENTRO-OESTE;5343.012
2024-12-21 09:00:00;NORDESTE;SUDESTE/CENTRO-OESTE;4777.319
2024-12-21 10:00:00;NORDESTE;SUDESTE/CENTRO-OESTE;4011.452
2024-12-21 11:00:00;NORDESTE;SUDESTE/CENTRO-OESTE;3417.505
2024-12-21 12:00:00;NORDESTE;SUDESTE/CENTRO-OESTE;2781.703
2024-12-21 13:00:00;NORDESTE;SUDESTE/CENTRO-OESTE;2293.25
2024-12-21 14:00:00;NORDESTE;SUDESTE/CENTRO-OESTE;2744.061
2024-12-21 15:00:00;NORDESTE;SUDESTE/CENTRO-OESTE;2628.829
2024-12-21 16:00:00;NORDESTE;SUDESTE/CENTRO-OESTE;2630.676
2024-12-21 17:00:00;NORDESTE;SUDESTE/CENTRO-OESTE;2486.94
2024-12-21 18:00:00;NORDESTE;SUDESTE/CENTRO-OESTE;2351.18199999
2024-12-21 19:00:00;NORDESTE;SUDESTE/CENTRO-OESTE;3424.968
2024-12-21 20:00:00;NORDESTE;SUDESTE/CENTRO-OESTE;3795.44
2024-12-21 21:00:00;NORDESTE;SUDESTE/CENTRO-OESTE;3751.803
2024-12-21 22:00:00;NORDESTE;SUDESTE/CENTRO-OESTE;3867.236
2024-12-21 23:00:00;NORDESTE;SUDESTE/CENTRO-OESTE;3605.45
2024-12-22 00:00:00;NORDESTE;SUDESTE/CENTRO-OESTE;3974.221
2024-12-22 01:00:00;NORDESTE;SUDESTE/CENTRO-OESTE;3555.523
2024-12-22 02:00:00;NORDESTE;SUDESTE/CENTRO-OESTE;3222.18199999
2024-12-22 03:00:00;NORDESTE;SUDESTE/CENTRO-OESTE;3028.688
2024-12-22 04:00:00;NORDESTE;SUDESTE/CENTRO-OESTE;3180.348
2024-12-22 05:00:00;NORDESTE;SUDESTE/CENTRO-OESTE;3488.337
2024-12-22 06:00:00;NORDESTE;SUDESTE/CENTRO-OESTE;3902.682
2024-12-22 07:00:00;NORDESTE;SUDESTE/CENTRO-OESTE;4852.319
2024-12-22 08:00:00;NORDESTE;SUDESTE/CENTRO-OESTE;4889.711
2024-12-22 09:00:00;NORDESTE;SUDESTE/CENTRO-OESTE;4194.51599999
2024-12-22 10:00:00;NORDESTE;SUDESTE/CENTRO-OESTE;3358.443
2024-12-22 11:00:00;NORDESTE;SUDESTE/CENTRO-OESTE;3082.034
2024-12-22 12:00:00;NORDESTE;SUDESTE/CENTRO-OESTE;2789.74899999
2024-12-22 13:00:00;NORDESTE;SUDESTE/CENTRO-OESTE;2485.873
2024-12-22 14:00:00;NORDESTE;SUDESTE/CENTRO-OESTE;2146.797
2024-12-22 15:00:00;NORDESTE;SUDESTE/CENTRO-OESTE;2336.693
2024-12-22 16:00:00;NORDESTE;SUDESTE/CENTRO-OESTE;2191.94
2024-12-22 17:00:00;NORDESTE;SUDESTE/CENTRO-OESTE;2454.136
2024-12-22 18:00:00;NORDESTE;SUDESTE/CENTRO-OESTE;2973.222
2024-12-22 19:00:00;NORDESTE;SUDESTE/CENTRO-OESTE;4059.03
2024-12-22 20:00:00;NORDESTE;SUDESTE/CENTRO-OESTE;3794.548
2024-12-22 21:00:00;NORDESTE;SUDESTE/CENTRO-OESTE;3552.365
2024-12-22 22:00:00;NORDESTE;SUDESTE/CENTRO-OESTE;3440.157
2024-12-22 23:00:00;NORDESTE;SUDESTE/CENTRO-OESTE;3570.844
2024-12-23 00:00:00;NORDESTE;SUDESTE/CENTRO-OESTE;3862.829
2024-12-23 01:00:00;NORDESTE;SUDESTE/CENTRO-OESTE;4211.027
2024-12-23 02:00:00;NORDESTE;SUDESTE/CENTRO-OESTE;4642.81499999
2024-12-23 03:00:00;NORDESTE;SUDESTE/CENTRO-OESTE;4152.381
2024-12-23 04:00:00;NORDESTE;SUDESTE/CENTRO-OESTE;3916.702
2024-12-23 05:00:00;NORDESTE;SUDESTE/CENTRO-OESTE;3894.861
2024-12-23 06:00:00;NORDESTE;SUDESTE/CENTRO-OESTE;5015.156
2024-12-23 07:00:00;NORDESTE;SUDESTE/CENTRO-OESTE;5058.59599999
2024-12-23 08:00:00;NORDESTE;SUDESTE/CENTRO-OESTE;4111.157
2024-12-23 09:00:00;NORDESTE;SUDESTE/CENTRO-OESTE;3024.511
2024-12-23 10:00:00;NORDESTE;SUDESTE/CENTRO-OESTE;2217.322
2024-12-23 11:00:00;NORDESTE;SUDESTE/CENTRO-OESTE;2045.019
2024-12-23 12:00:00;NORDESTE;SUDESTE/CENTRO-OESTE;2023.777
2024-12-23 13:00:00;NORDESTE;SUDESTE/CENTRO-OESTE;2032.5
2024-12-23 14:00:00;NORDESTE;SUDESTE/CENTRO-OESTE;1484.772
2024-12-23 15:00:00;NORDESTE;SUDESTE/CENTRO-OESTE;2013.283
2024-12-23 16:00:00;NORDESTE;SUDESTE/CENTRO-OESTE;2643.827
2024-12-23 17:00:00;NORDESTE;SUDESTE/CENTRO-OESTE;2543.169
2024-12-23 18:00:00;NORDESTE;SUDESTE/CENTRO-OESTE;3187.974
2024-12-23 19:00:00;NORDESTE;SUDESTE/CENTRO-OESTE;4236.071
2024-12-23 20:00:00;NORDESTE;SUDESTE/CENTRO-OESTE;4640.18099999
2024-12-23 21:00:00;NORDESTE;SUDESTE/CENTRO-OESTE;3560.991
2024-12-23 22:00:00;NORDESTE;SUDESTE/CENTRO-OESTE;2338.44
2024-12-23 23:00:00;NORDESTE;SUDESTE/CENTRO-OESTE;1989.139
2024-12-24 00:00:00;NORDESTE;SUDESTE/CENTRO-OESTE;1827.174
2024-12-24 01:00:00;NORDESTE;SUDESTE/CENTRO-OESTE;1031.72499999
2024-12-24 02:00:00;NORDESTE;SUDESTE/CENTRO-OESTE;443.197
2024-12-24 03:00:00;NORDESTE;SUDESTE/CENTRO-OESTE;-80.056
2024-12-24 04:00:00;NORDESTE;SUDESTE/CENTRO-OESTE;-582.941
2024-12-24 05:00:00;NORDESTE;SUDESTE/CENTRO-OESTE;-302.163
2024-12-24 06:00:00;NORDESTE;SUDESTE/CENTRO-OESTE;1231.481
2024-12-24 07:00:00;NORDESTE;SUDESTE/CENTRO-OESTE;2316.625
2024-12-24 08:00:00;NORDESTE;SUDESTE/CENTRO-OESTE;2004.992
2024-12-24 09:00:00;NORDESTE;SUDESTE/CENTRO-OESTE;1223.059
2024-12-24 10:00:00;NORDESTE;SUDESTE/CENTRO-OESTE;593.654
2024-12-24 11:00:00;NORDESTE;SUDESTE/CENTRO-OESTE;499.601
2024-12-24 12:00:00;NORDESTE;SUDESTE/CENTRO-OESTE;764.641
2024-12-24 13:00:00;NORDESTE;SUDESTE/CENTRO-OESTE;730.799
2024-12-24 14:00:00;NORDESTE;SUDESTE/CENTRO-OESTE;468.162
2024-12-24 15:00:00;NORDESTE;SUDESTE/CENTRO-OESTE;1261.554
2024-12-24 16:00:00;NORDESTE;SUDESTE/CENTRO-OESTE;2311.80499999
2024-12-24 17:00:00;NORDESTE;SUDESTE/CENTRO-OESTE;2176.817
2024-12-24 18:00:00;NORDESTE;SUDESTE/CENTRO-OESTE;2665.227
2024-12-24 19:00:00;NORDESTE;SUDESTE/CENTRO-OESTE;2978.179
2024-12-24 20:00:00;NORDESTE;SUDESTE/CENTRO-OESTE;3223.863
2024-12-24 21:00:00;NORDESTE;SUDESTE/CENTRO-OESTE;2908.848
2024-12-24 22:00:00;NORDESTE;SUDESTE/CENTRO-OESTE;2282.878
2024-12-24 23:00:00;NORDESTE;SUDESTE/CENTRO-OESTE;1645.915
2024-12-25 00:00:00;NORDESTE;SUDESTE/CENTRO-OESTE;1400.933
2024-12-25 01:00:00;NORDESTE;SUDESTE/CENTRO-OESTE;821.321
2024-12-25 02:00:00;NORDESTE;SUDESTE/CENTRO-OESTE;681.241
2024-12-25 03:00:00;NORDESTE;SUDESTE/CENTRO-OESTE;-234.11
2024-12-25 04:00:00;NORDESTE;SUDESTE/CENTRO-OESTE;-252.674
2024-12-25 05:00:00;NORDESTE;SUDESTE/CENTRO-OESTE;-81.683
2024-12-25 06:00:00;NORDESTE;SUDESTE/CENTRO-OESTE;856.936
2024-12-25 07:00:00;NORDESTE;SUDESTE/CENTRO-OESTE;2176.313
2024-12-25 08:00:00;NORDESTE;SUDESTE/CENTRO-OESTE;1680.911
2024-12-25 09:00:00;NORDESTE;SUDESTE/CENTRO-OESTE;940.406
2024-12-25 10:00:00;NORDESTE;SUDESTE/CENTRO-OESTE;550.347
2024-12-25 11:00:00;NORDESTE;SUDESTE/CENTRO-OESTE;513.166
2024-12-25 12:00:00;NORDESTE;SUDESTE/CENTRO-OESTE;307.553
2024-12-25 13:00:00;NORDESTE;SUDESTE/CENTRO-OESTE;-90.986
2024-12-25 14:00:00;NORDESTE;SUDESTE/CENTRO-OESTE;165.18799999
2024-12-25 15:00:00;NORDESTE;SUDESTE/CENTRO-OESTE;910.323
2024-12-25 16:00:00;NORDESTE;SUDESTE/CENTRO-OESTE;1886.008
2024-12-25 17:00:00;NORDESTE;SUDESTE/CENTRO-OESTE;2814.796
2024-12-25 18:00:00;NORDESTE;SUDESTE/CENTRO-OESTE;3967.907
2024-12-25 19:00:00;NORDESTE;SUDESTE/CENTRO-OESTE;5246.805
2024-12-25 20:00:00;NORDESTE;SUDESTE/CENTRO-OESTE;5335.781
2024-12-25 21:00:00;NORDESTE;SUDESTE/CENTRO-OESTE;5275.48499999
2024-12-25 22:00:00;NORDESTE;SUDESTE/CENTRO-OESTE;4775.767
2024-12-25 23:00:00;NORDESTE;SUDESTE/CENTRO-OESTE;4424.41
2024-12-26 00:00:00;NORDESTE;SUDESTE/CENTRO-OESTE;4673.698
2024-12-26 01:00:00;NORDESTE;SUDESTE/CENTRO-OESTE;4638.242
2024-12-26 02:00:00;NORDESTE;SUDESTE/CENTRO-OESTE;4431.506
2024-12-26 03:00:00;NORDESTE;SUDESTE/CENTRO-OESTE;4487.481
2024-12-26 04:00:00;NORDESTE;SUDESTE/CENTRO-OESTE;4842.463
2024-12-26 05:00:00;NORDESTE;SUDESTE/CENTRO-OESTE;5052.011
2024-12-26 06:00:00;NORDESTE;SUDESTE/CENTRO-OESTE;6107.292
2024-12-26 07:00:00;NORDESTE;SUDESTE/CENTRO-OESTE;6784.414
2024-12-26 08:00:00;NORDESTE;SUDESTE/CENTRO-OESTE;6632.433
2024-12-26 09:00:00;NORDESTE;SUDESTE/CENTRO-OESTE;5906.901
2024-12-26 10:00:00;NORDESTE;SUDESTE/CENTRO-OESTE;5107.607
2024-12-26 11:00:00;NORDESTE;SUDESTE/CENTRO-OESTE;4086.565
2024-12-26 12:00:00;NORDESTE;SUDESTE/CENTRO-OESTE;3679.218
2024-12-26 13:00:00;NORDESTE;SUDESTE/CENTRO-OESTE;3635.595
2024-12-26 14:00:00;NORDESTE;SUDESTE/CENTRO-OESTE;3471.35
2024-12-26 15:00:00;NORDESTE;SUDESTE/CENTRO-OESTE;3280.43199999
2024-12-26 16:00:00;NORDESTE;SUDESTE/CENTRO-OESTE;2539.233
2024-12-26 17:00:00;NORDESTE;SUDESTE/CENTRO-OESTE;2262.701
2024-12-26 18:00:00;NORDESTE;SUDESTE/CENTRO-OESTE;2315.523
2024-12-26 19:00:00;NORDESTE;SUDESTE/CENTRO-OESTE;3319.81
2024-12-26 20:00:00;NORDESTE;SUDESTE/CENTRO-OESTE;4177.212
2024-12-26 21:00:00;NORDESTE;SUDESTE/CENTRO-OESTE;3857.386
2024-12-26 22:00:00;NORDESTE;SUDESTE/CENTRO-OESTE;3809.101
2024-12-26 23:00:00;NORDESTE;SUDESTE/CENTRO-OESTE;4192.93099999
2024-12-27 00:00:00;NORDESTE;SUDESTE/CENTRO-OESTE;5070.77
2024-12-27 01:00:00;NORDESTE;SUDESTE/CENTRO-OESTE;5366.441
2024-12-27 02:00:00;NORDESTE;SUDESTE/CENTRO-OESTE;5002.938
2024-12-27 03:00:00;NORDESTE;SUDESTE/CENTRO-OESTE;4893.602
2024-12-27 04:00:00;NORDESTE;SUDESTE/CENTRO-OESTE;5049.42199999
2024-12-27 05:00:00;NORDESTE;SUDESTE/CENTRO-OESTE;4915.154
2024-12-27 06:00:00;NORDESTE;SUDESTE/CENTRO-OESTE;5472.16799999
2024-12-27 07:00:00;NORDESTE;SUDESTE/CENTRO-OESTE;5839.679
2024-12-27 08:00:00;NORDESTE;SUDESTE/CENTRO-OESTE;5530.908
2024-12-27 09:00:00;NORDESTE;SUDESTE/CENTRO-OESTE;5095.35
2024-12-27 10:00:00;NORDESTE;SUDESTE/CENTRO-OESTE;4385.691
2024-12-27 11:00:00;NORDESTE;SUDESTE/CENTRO-OESTE;3910.948
2024-12-27 12:00:00;NORDESTE;SUDESTE/CENTRO-OESTE;3110.319
2024-12-27 13:00:00;NORDESTE;SUDESTE/CENTRO-OESTE;2212.422
2024-12-27 14:00:00;NORDESTE;SUDESTE/CENTRO-OESTE;1721.997
2024-12-27 15:00:00;NORDESTE;SUDESTE/CENTRO-OESTE;2091.867
2024-12-27 16:00:00;NORDESTE;SUDESTE/CENTRO-OESTE;2222.96
2024-12-27 17:00:00;NORDESTE;SUDESTE/CENTRO-OESTE;1799.821
2024-12-27 18:00:00;NORDESTE;SUDESTE/CENTRO-OESTE;1946.63
2024-12-27 19:00:00;NORDESTE;SUDESTE/CENTRO-OESTE;3539.724
2024-12-27 20:00:00;NORDESTE;SUDESTE/CENTRO-OESTE;3777.703
2024-12-27 21:00:00;NORDESTE;SUDESTE/CENTRO-OESTE;3458.578
2024-12-27 22:00:00;NORDESTE;SUDESTE/CENTRO-OESTE;3852.075
2024-12-27 23:00:00;NORDESTE;SUDESTE/CENTRO-OESTE;4958.481
2024-12-28 00:00:00;NORDESTE;SUDESTE/CENTRO-OESTE;5295.706
2024-12-28 01:00:00;NORDESTE;SUDESTE/CENTRO-OESTE;5365.888
2024-12-28 02:00:00;NORDESTE;SUDESTE/CENTRO-OESTE;5158.911
2024-12-28 03:00:00;NORDESTE;SUDESTE/CENTRO-OESTE;5271.11399999
2024-12-28 04:00:00;NORDESTE;SUDESTE/CENTRO-OESTE;5170.555
2024-12-28 05:00:00;NORDESTE;SUDESTE/CENTRO-OESTE;5090.527
2024-12-28 06:00:00;NORDESTE;SUDESTE/CENTRO-OESTE;5259.1
2024-12-28 07:00:00;NORDESTE;SUDESTE/CENTRO-OESTE;5800.53799999
2024-12-28 08:00:00;NORDESTE;SUDESTE/CENTRO-OESTE;4784.432
2024-12-28 09:00:00;NORDESTE;SUDESTE/CENTRO-OESTE;3412.236
2024-12-28 10:00:00;NORDESTE;SUDESTE/CENTRO-OESTE;3030.494
2024-12-28 11:00:00;NORDESTE;SUDESTE/CENTRO-OESTE;2668.764
2024-12-28 12:00:00;NORDESTE;SUDESTE/CENTRO-OESTE;2164.23
2024-12-28 13:00:00;NORDESTE;SUDESTE/CENTRO-OESTE;1560.718
2024-12-28 14:00:00;NORDESTE;SUDESTE/CENTRO-OESTE;1631.613
2024-12-28 15:00:00;NORDESTE;SUDESTE/CENTRO-OESTE;2465.367
2024-12-28 16:00:00;NORDESTE;SUDESTE/CENTRO-OESTE;2547.259
2024-12-28 17:00:00;NORDESTE;SUDESTE/CENTRO-OESTE;3229.035
2024-12-28 18:00:00;NORDESTE;SUDESTE/CENTRO-OESTE;3747.116
2024-12-28 19:00:00;NORDESTE;SUDESTE/CENTRO-OESTE;4077.59
2024-12-28 20:00:00;NORDESTE;SUDESTE/CENTRO-OESTE;4250.267
2024-12-28 21:00:00;NORDESTE;SUDESTE/CENTRO-OESTE;3954.694
2024-12-28 22:00:00;NORDESTE;SUDESTE/CENTRO-OESTE;4172.965
2024-12-28 23:00:00;NORDESTE;SUDESTE/CENTRO-OESTE;5024.749
2024-12-29 00:00:00;NORDESTE;SUDESTE/CENTRO-OESTE;5456.727
2024-12-29 01:00:00;NORDESTE;SUDESTE/CENTRO-OESTE;4734.575
2024-12-29 02:00:00;NORDESTE;SUDESTE/CENTRO-OESTE;5152.282
2024-12-29 03:00:00;NORDESTE;SUDESTE/CENTRO-OESTE;4743.144
2024-12-29 04:00:00;NORDESTE;SUDESTE/CENTRO-OESTE;4483.237
2024-12-29 05:00:00;NORDESTE;SUDESTE/CENTRO-OESTE;4680.188
2024-12-29 06:00:00;NORDESTE;SUDESTE/CENTRO-OESTE;5339.097
2024-12-29 07:00:00;NORDESTE;SUDESTE/CENTRO-OESTE;5197.032
2024-12-29 08:00:00;NORDESTE;SUDESTE/CENTRO-OESTE;3905.159
2024-12-29 09:00:00;NORDESTE;SUDESTE/CENTRO-OESTE;2103.228
2024-12-29 10:00:00;NORDESTE;SUDESTE/CENTRO-OESTE;1071.837
2024-12-29 11:00:00;NORDESTE;SUDESTE/CENTRO-OESTE;943.093
2024-12-29 12:00:00;NORDESTE;SUDESTE/CENTRO-OESTE;1072.79299999
2024-12-29 13:00:00;NORDESTE;SUDESTE/CENTRO-OESTE;1066.781
2024-12-29 14:00:00;NORDESTE;SUDESTE/CENTRO-OESTE;1619.154
2024-12-29 15:00:00;NORDESTE;SUDESTE/CENTRO-OESTE;1862.726
2024-12-29 16:00:00;NORDESTE;SUDESTE/CENTRO-OESTE;2563.856
2024-12-29 17:00:00;NORDESTE;SUDESTE/CENTRO-OESTE;2894.755
2024-12-29 18:00:00;NORDESTE;SUDESTE/CENTRO-OESTE;2812.782
2024-12-29 19:00:00;NORDESTE;SUDESTE/CENTRO-OESTE;3776.499
2024-12-29 20:00:00;NORDESTE;SUDESTE/CENTRO-OESTE;4235.392
2024-12-29 21:00:00;NORDESTE;SUDESTE/CENTRO-OESTE;3728.025
2024-12-29 22:00:00;NORDESTE;SUDESTE/CENTRO-OESTE;3195.598
2024-12-29 23:00:00;NORDESTE;SUDESTE/CENTRO-OESTE;3090.532
2024-12-30 00:00:00;NORDESTE;SUDESTE/CENTRO-OESTE;2843.886
2024-12-30 01:00:00;NORDESTE;SUDESTE/CENTRO-OESTE;2916.35
2024-12-30 02:00:00;NORDESTE;SUDESTE/CENTRO-OESTE;2968.439
2024-12-30 03:00:00;NORDESTE;SUDESTE/CENTRO-OESTE;3527.945
2024-12-30 04:00:00;NORDESTE;SUDESTE/CENTRO-OESTE;3165.218
2024-12-30 05:00:00;NORDESTE;SUDESTE/CENTRO-OESTE;2781.141
2024-12-30 06:00:00;NORDESTE;SUDESTE/CENTRO-OESTE;3447.136
2024-12-30 07:00:00;NORDESTE;SUDESTE/CENTRO-OESTE;3288.683
2024-12-30 08:00:00;NORDESTE;SUDESTE/CENTRO-OESTE;2699.014
2024-12-30 09:00:00;NORDESTE;SUDESTE/CENTRO-OESTE;2332.302
2024-12-30 10:00:00;NORDESTE;SUDESTE/CENTRO-OESTE;1220.125
2024-12-30 11:00:00;NORDESTE;SUDESTE/CENTRO-OESTE;872.7
2024-12-30 12:00:00;NORDESTE;SUDESTE/CENTRO-OESTE;988.658
2024-12-30 13:00:00;NORDESTE;SUDESTE/CENTRO-OESTE;1268.275
2024-12-30 14:00:00;NORDESTE;SUDESTE/CENTRO-OESTE;1304.894
2024-12-30 15:00:00;NORDESTE;SUDESTE/CENTRO-OESTE;1625.465
2024-12-30 16:00:00;NORDESTE;SUDESTE/CENTRO-OESTE;1618.26399999
2024-12-30 17:00:00;NORDESTE;SUDESTE/CENTRO-OESTE;1702.151
2024-12-30 18:00:00;NORDESTE;SUDESTE/CENTRO-OESTE;1984.336
2024-12-30 19:00:00;NORDESTE;SUDESTE/CENTRO-OESTE;2892.698
2024-12-30 20:00:00;NORDESTE;SUDESTE/CENTRO-OESTE;3544.37
2024-12-30 21:00:00;NORDESTE;SUDESTE/CENTRO-OESTE;3507.48
2024-12-30 22:00:00;NORDESTE;SUDESTE/CENTRO-OESTE;2931.758
2024-12-30 23:00:00;NORDESTE;SUDESTE/CENTRO-OESTE;2224.719
2024-12-31 00:00:00;NORDESTE;SUDESTE/CENTRO-OESTE;2082.463
2024-12-31 01:00:00;NORDESTE;SUDESTE/CENTRO-OESTE;1815.569
2024-12-31 02:00:00;NORDESTE;SUDESTE/CENTRO-OESTE;1111.598
2024-12-31 03:00:00;NORDESTE;SUDESTE/CENTRO-OESTE;486.075
2024-12-31 04:00:00;NORDESTE;SUDESTE/CENTRO-OESTE;-101.759
2024-12-31 05:00:00;NORDESTE;SUDESTE/CENTRO-OESTE;-38.47099999
2024-12-31 06:00:00;NORDESTE;SUDESTE/CENTRO-OESTE;1128.606
2024-12-31 07:00:00;NORDESTE;SUDESTE/CENTRO-OESTE;2623.817
2024-12-31 08:00:00;NORDESTE;SUDESTE/CENTRO-OESTE;1940.081
2024-12-31 09:00:00;NORDESTE;SUDESTE/CENTRO-OESTE;1551.85
2024-12-31 10:00:00;NORDESTE;SUDESTE/CENTRO-OESTE;935.834
2024-12-31 11:00:00;NORDESTE;SUDESTE/CENTRO-OESTE;737.746
2024-12-31 12:00:00;NORDESTE;SUDESTE/CENTRO-OESTE;920.657
2024-12-31 13:00:00;NORDESTE;SUDESTE/CENTRO-OESTE;1727.253
2024-12-31 14:00:00;NORDESTE;SUDESTE/CENTRO-OESTE;2353.812
2024-12-31 15:00:00;NORDESTE;SUDESTE/CENTRO-OESTE;2773.658
2024-12-31 16:00:00;NORDESTE;SUDESTE/CENTRO-OESTE;2635.929
2024-12-31 17:00:00;NORDESTE;SUDESTE/CENTRO-OESTE;1759.696
2024-12-31 18:00:00;NORDESTE;SUDESTE/CENTRO-OESTE;2279.389
2024-12-31 19:00:00;NORDESTE;SUDESTE/CENTRO-OESTE;3722.886
2024-12-31 20:00:00;NORDESTE;SUDESTE/CENTRO-OESTE;5038.23499999
2024-12-31 21:00:00;NORDESTE;SUDESTE/CENTRO-OESTE;5368.78
2024-12-31 22:00:00;NORDESTE;SUDESTE/CENTRO-OESTE;5079.207
2024-12-31 23:00:00;NORDESTE;SUDESTE/CENTRO-OESTE;4989.831
2025-01-01 00:00:00;NORDESTE;SUDESTE/CENTRO-OESTE;4847.116
2025-01-01 01:00:00;NORDESTE;SUDESTE/CENTRO-OESTE;4948.87299999
2025-01-01 02:00:00;NORDESTE;SUDESTE/CENTRO-OESTE;5208.428
2025-01-01 03:00:00;NORDESTE;SUDESTE/CENTRO-OESTE;5079.298
2025-01-01 04:00:00;NORDESTE;SUDESTE/CENTRO-OESTE;5377.259
2025-01-01 05:00:00;NORDESTE;SUDESTE/CENTRO-OESTE;5469.133
2025-01-01 06:00:00;NORDESTE;SUDESTE/CENTRO-OESTE;4881.502
2025-01-01 07:00:00;NORDESTE;SUDESTE/CENTRO-OESTE;4186.134
2025-01-01 08:00:00;NORDESTE;SUDESTE/CENTRO-OESTE;2498.011
2025-01-01 09:00:00;NORDESTE;SUDESTE/CENTRO-OESTE;1632.818
2025-01-01 10:00:00;NORDESTE;SUDESTE/CENTRO-OESTE;1255.41799999
2025-01-01 11:00:00;NORDESTE;SUDESTE/CENTRO-OESTE;1391.048
2025-01-01 12:00:00;NORDESTE;SUDESTE/CENTRO-OESTE;1558.161
2025-01-01 13:00:00;NORDESTE;SUDESTE/CENTRO-OESTE;1516.087
2025-01-01 14:00:00;NORDESTE;SUDESTE/CENTRO-OESTE;2049.553
2025-01-01 15:00:00;NORDESTE;SUDESTE/CENTRO-OESTE;2654.83
2025-01-01 16:00:00;NORDESTE;SUDESTE/CENTRO-OESTE;2591.15
2025-01-01 17:00:00;NORDESTE;SUDESTE/CENTRO-OESTE;2285.721
2025-01-01 18:00:00;NORDESTE;SUDESTE/CENTRO-OESTE;3198.951
2025-01-01 19:00:00;NORDESTE;SUDESTE/CENTRO-OESTE;3803.737
2025-01-01 20:00:00;NORDESTE;SUDESTE/CENTRO-OESTE;3851.937
2025-01-01 21:00:00;NORDESTE;SUDESTE/CENTRO-OESTE;3858.696
2025-01-01 22:00:00;NORDESTE;SUDESTE/CENTRO-OESTE;3766.816
2025-01-01 23:00:00;NORDESTE;SUDESTE/CENTRO-OESTE;4299.026
2025-01-02 00:00:00;NORDESTE;SUDESTE/CENTRO-OESTE;4286.272
2025-01-02 01:00:00;NORDESTE;SUDESTE/CENTRO-OESTE;4338.178
2025-01-02 02:00:00;NORDESTE;SUDESTE/CENTRO-OESTE;4489.053
2025-01-02 03:00:00;NORDESTE;SUDESTE/CENTRO-OESTE;4547.712
2025-01-02 04:00:00;NORDESTE;SUDESTE/CENTRO-OESTE;4321.654
2025-01-02 05:00:00;NORDESTE;SUDESTE/CENTRO-OESTE;4668.678
2025-01-02 06:00:00;NORDESTE;SUDESTE/CENTRO-OESTE;5473.452
2025-01-02 07:00:00;NORDESTE;SUDESTE/CENTRO-OESTE;6446.338
2025-01-02 08:00:00;NORDESTE;SUDESTE/CENTRO-OESTE;6152.709
2025-01-02 09:00:00;NORDESTE;SUDESTE/CENTRO-OESTE;4740.776
2025-01-02 10:00:00;NORDESTE;SUDESTE/CENTRO-OESTE;4267.947
2025-01-02 11:00:00;NORDESTE;SUDESTE/CENTRO-OESTE;3459.978
2025-01-02 12:00:00;NORDESTE;SUDESTE/CENTRO-OESTE;2646.86299999
2025-01-02 13:00:00;NORDESTE;SUDESTE/CENTRO-OESTE;2406.618
2025-01-02 14:00:00;NORDESTE;SUDESTE/CENTRO-OESTE;2849.941
2025-01-02 15:00:00;NORDESTE;SUDESTE/CENTRO-OESTE;2852.525
2025-01-02 16:00:00;NORDESTE;SUDESTE/CENTRO-OESTE;2767.224
2025-01-02 17:00:00;NORDESTE;SUDESTE/CENTRO-OESTE;3350.594
2025-01-02 18:00:00;NORDESTE;SUDESTE/CENTRO-OESTE;3635.875
2025-01-02 19:00:00;NORDESTE;SUDESTE/CENTRO-OESTE;4729.232
2025-01-02 20:00:00;NORDESTE;SUDESTE/CENTRO-OESTE;5281.761
2025-01-02 21:00:00;NORDESTE;SUDESTE/CENTRO-OESTE;5050.457
2025-01-02 22:00:00;NORDESTE;SUDESTE/CENTRO-OESTE;4442.997
2025-01-02 23:00:00;NORDESTE;SUDESTE/CENTRO-OESTE;4270.664
2025-01-03 00:00:00;NORDESTE;SUDESTE/CENTRO-OESTE;4608.445
2025-01-03 01:00:00;NORDESTE;SUDESTE/CENTRO-OESTE;5062.685
2025-01-03 02:00:00;NORDESTE;SUDESTE/CENTRO-OESTE;5363.38199999
2025-01-03 03:00:00;NORDESTE;SUDESTE/CENTRO-OESTE;5467.428
2025-01-03 04:00:00;NORDESTE;SUDESTE/CENTRO-OESTE;5336.896
2025-01-03 05:00:00;NORDESTE;SUDESTE/CENTRO-OESTE;5305.736
2025-01-03 06:00:00;NORDESTE;SUDESTE/CENTRO-OESTE;5459.821
2025-01-03 07:00:00;NORDESTE;SUDESTE/CENTRO-OESTE;5902.182
2025-01-03 08:00:00;NORDESTE;SUDESTE/CENTRO-OESTE;5602.767
2025-01-03 09:00:00;NORDESTE;SUDESTE/CENTRO-OESTE;4630.82399999
2025-01-03 10:00:00;NORDESTE;SUDESTE/CENTRO-OESTE;3799.671
2025-01-03 11:00:00;NORDESTE;SUDESTE/CENTRO-OESTE;2924.185
2025-01-03 12:00:00;NORDESTE;SUDESTE/CENTRO-OESTE;2324.38299999
2025-01-03 13:00:00;NORDESTE;SUDESTE/CENTRO-OESTE;2650.855
2025-01-03 14:00:00;NORDESTE;SUDESTE/CENTRO-OESTE;2258.004
2025-01-03 15:00:00;NORDESTE;SUDESTE/CENTRO-OESTE;1549.918
2025-01-03 16:00:00;NORDESTE;SUDESTE/CENTRO-OESTE;1670.5
2025-01-03 17:00:00;NORDESTE;SUDESTE/CENTRO-OESTE;2329.353
2025-01-03 18:00:00;NORDESTE;SUDESTE/CENTRO-OESTE;3013.923
2025-01-03 19:00:00;NORDESTE;SUDESTE/CENTRO-OESTE;4232.07399999
2025-01-03 20:00:00;NORDESTE;SUDESTE/CENTRO-OESTE;4550.013
2025-01-03 21:00:00;NORDESTE;SUDESTE/CENTRO-OESTE;4176.278
2025-01-03 22:00:00;NORDESTE;SUDESTE/CENTRO-OESTE;3816.505
2025-01-03 23:00:00;NORDESTE;SUDESTE/CENTRO-OESTE;3867.143
2025-01-04 00:00:00;NORDESTE;SUDESTE/CENTRO-OESTE;4273.379
2025-01-04 01:00:00;NORDESTE;SUDESTE/CENTRO-OESTE;3758.005
2025-01-04 02:00:00;NORDESTE;SUDESTE/CENTRO-OESTE;3629.628
2025-01-04 03:00:00;NORDESTE;SUDESTE/CENTRO-OESTE;3512.642
2025-01-04 04:00:00;NORDESTE;SUDESTE/CENTRO-OESTE;3165.686
2025-01-04 05:00:00;NORDESTE;SUDESTE/CENTRO-OESTE;2742.803
2025-01-04 06:00:00;NORDESTE;SUDESTE/CENTRO-OESTE;3630.802
2025-01-04 07:00:00;NORDESTE;SUDESTE/CENTRO-OESTE;4743.167
2025-01-04 08:00:00;NORDESTE;SUDESTE/CENTRO-OESTE;4312.054
2025-01-04 09:00:00;NORDESTE;SUDESTE/CENTRO-OESTE;3584.788
2025-01-04 10:00:00;NORDESTE;SUDESTE/CENTRO-OESTE;3238.978
2025-01-04 11:00:00;NORDESTE;SUDESTE/CENTRO-OESTE;3048.261
2025-01-04 12:00:00;NORDESTE;SUDESTE/CENTRO-OESTE;2710.128
2025-01-04 13:00:00;NORDESTE;SUDESTE/CENTRO-OESTE;2301.887
2025-01-04 14:00:00;NORDESTE;SUDESTE/CENTRO-OESTE;2368.823
2025-01-04 15:00:00;NORDESTE;SUDESTE/CENTRO-OESTE;1974.888
2025-01-04 16:00:00;NORDESTE;SUDESTE/CENTRO-OESTE;2279.74899999
2025-01-04 17:00:00;NORDESTE;SUDESTE/CENTRO-OESTE;3231.534
2025-01-04 18:00:00;NORDESTE;SUDESTE/CENTRO-OESTE;2783.015
2025-01-04 19:00:00;NORDESTE;SUDESTE/CENTRO-OESTE;3626.501
2025-01-04 20:00:00;NORDESTE;SUDESTE/CENTRO-OESTE;3126.331
2025-01-04 21:00:00;NORDESTE;SUDESTE/CENTRO-OESTE;2334.447
2025-01-04 22:00:00;NORDESTE;SUDESTE/CENTRO-OESTE;2320.33399999
2025-01-04 23:00:00;NORDESTE;SUDESTE/CENTRO-OESTE;2066.531
2025-01-05 00:00:00;NORDESTE;SUDESTE/CENTRO-OESTE;1787.998
2025-01-05 01:00:00;NORDESTE;SUDESTE/CENTRO-OESTE;1567.671
2025-01-05 02:00:00;NORDESTE;SUDESTE/CENTRO-OESTE;1772.141
2025-01-05 03:00:00;NORDESTE;SUDESTE/CENTRO-OESTE;2128.24899999
2025-01-05 04:00:00;NORDESTE;SUDESTE/CENTRO-OESTE;1920.43
2025-01-05 05:00:00;NORDESTE;SUDESTE/CENTRO-OESTE;2117.54599999
2025-01-05 06:00:00;NORDESTE;SUDESTE/CENTRO-OESTE;3020.291
2025-01-05 07:00:00;NORDESTE;SUDESTE/CENTRO-OESTE;3316.511
2025-01-05 08:00:00;NORDESTE;SUDESTE/CENTRO-OESTE;2343.82
2025-01-05 09:00:00;NORDESTE;SUDESTE/CENTRO-OESTE;1448.943
2025-01-05 10:00:00;NORDESTE;SUDESTE/CENTRO-OESTE;972.13
2025-01-05 11:00:00;NORDESTE;SUDESTE/CENTRO-OESTE;1105.507
2025-01-05 12:00:00;NORDESTE;SUDESTE/CENTRO-OESTE;1141.46599999
2025-01-05 13:00:00;NORDESTE;SUDESTE/CENTRO-OESTE;1387.609
2025-01-05 14:00:00;NORDESTE;SUDESTE/CENTRO-OESTE;1599.484
2025-01-05 15:00:00;NORDESTE;SUDESTE/CENTRO-OESTE;2253.01699999
2025-01-05 16:00:00;NORDESTE;SUDESTE/CENTRO-OESTE;1513.088
2025-01-05 17:00:00;NORDESTE;SUDESTE/CENTRO-OESTE;1707.191
2025-01-05 18:00:00;NORDESTE;SUDESTE/CENTRO-OESTE;2281.989
2025-01-05 19:00:00;NORDESTE;SUDESTE/CENTRO-OESTE;3121.114
2025-01-05 20:00:00;NORDESTE;SUDESTE/CENTRO-OESTE;3020.194
2025-01-05 21:00:00;NORDESTE;SUDESTE/CENTRO-OESTE;2414.657
2025-01-05 22:00:00;NORDESTE;SUDESTE/CENTRO-OESTE;1617.638
2025-01-05 23:00:00;NORDESTE;SUDESTE/CENTRO-OESTE;1410.423
2025-01-06 00:00:00;NORDESTE;SUDESTE/CENTRO-OESTE;1110.70599999
2025-01-06 01:00:00;NORDESTE;SUDESTE/CENTRO-OESTE;315.20999999
2025-01-06 02:00:00;NORDESTE;SUDESTE/CENTRO-OESTE;260.233
2025-01-06 03:00:00;NORDESTE;SUDESTE/CENTRO-OESTE;-91.216
2025-01-06 04:00:00;NORDESTE;SUDESTE/CENTRO-OESTE;-65.381
2025-01-06 05:00:00;NORDESTE;SUDESTE/CENTRO-OESTE;410.596
2025-01-06 06:00:00;NORDESTE;SUDESTE/CENTRO-OESTE;1074.13
2025-01-06 07:00:00;NORDESTE;SUDESTE/CENTRO-OESTE;2331.879
2025-01-06 08:00:00;NORDESTE;SUDESTE/CENTRO-OESTE;2778.191
2025-01-06 09:00:00;NORDESTE;SUDESTE/CENTRO-OESTE;2609.213
2025-01-06 10:00:00;NORDESTE;SUDESTE/CENTRO-OESTE;2637.385
2025-01-06 11:00:00;NORDESTE;SUDESTE/CENTRO-OESTE;2813.174
2025-01-06 12:00:00;NORDESTE;SUDESTE/CENTRO-OESTE;2634.934
2025-01-06 13:00:00;NORDESTE;SUDESTE/CENTRO-OESTE;2038.671
2025-01-06 14:00:00;NORDESTE;SUDESTE/CENTRO-OESTE;2024.556
2025-01-06 15:00:00;NORDESTE;SUDESTE/CENTRO-OESTE;1699.266
2025-01-06 16:00:00;NORDESTE;SUDESTE/CENTRO-OESTE;1509.93
2025-01-06 17:00:00;NORDESTE;SUDESTE/CENTRO-OESTE;1442.687
2025-01-06 18:00:00;NORDESTE;SUDESTE/CENTRO-OESTE;1507.523
2025-01-06 19:00:00;NORDESTE;SUDESTE/CENTRO-OESTE;1822.128
2025-01-06 20:00:00;NORDESTE;SUDESTE/CENTRO-OESTE;1624.926
2025-01-06 21:00:00;NORDESTE;SUDESTE/CENTRO-OESTE;612.373
2025-01-06 22:00:00;NORDESTE;SUDESTE/CENTRO-OESTE;6.147
2025-01-06 23:00:00;NORDESTE;SUDESTE/CENTRO-OESTE;-505.443
2025-01-07 00:00:00;NORDESTE;SUDESTE/CENTRO-OESTE;-736.636
2025-01-07 01:00:00;NORDESTE;SUDESTE/CENTRO-OESTE;-975.424
2025-01-07 02:00:00;NORDESTE;SUDESTE/CENTRO-OESTE;-1402.385
2025-01-07 03:00:00;NORDESTE;SUDESTE/CENTRO-OESTE;-1559.091
2025-01-07 04:00:00;NORDESTE;SUDESTE/CENTRO-OESTE;-1195.00399999
2025-01-07 05:00:00;NORDESTE;SUDESTE/CENTRO-OESTE;-620.061
2025-01-07 06:00:00;NORDESTE;SUDESTE/CENTRO-OESTE;406.458
2025-01-07 07:00:00;NORDESTE;SUDESTE/CENTRO-OESTE;1971.121
2025-01-07 08:00:00;NORDESTE;SUDESTE/CENTRO-OESTE;2803.933
2025-01-07 09:00:00;NORDESTE;SUDESTE/CENTRO-OESTE;3047.309
2025-01-07 10:00:00;NORDESTE;SUDESTE/CENTRO-OESTE;2692.668
2025-01-07 11:00:00;NORDESTE;SUDESTE/CENTRO-OESTE;2704.639
2025-01-07 12:00:00;NORDESTE;SUDESTE/CENTRO-OESTE;2918.893
2025-01-07 13:00:00;NORDESTE;SUDESTE/CENTRO-OESTE;2941.057
2025-01-07 14:00:00;NORDESTE;SUDESTE/CENTRO-OESTE;2438.04599999
2025-01-07 15:00:00;NORDESTE;SUDESTE/CENTRO-OESTE;2287.125
2025-01-07 16:00:00;NORDESTE;SUDESTE/CENTRO-OESTE;1601.036
2025-01-07 17:00:00;NORDESTE;SUDESTE/CENTRO-OESTE;2038.014
2025-01-07 18:00:00;NORDESTE;SUDESTE/CENTRO-OESTE;2249.905
2025-01-07 19:00:00;NORDESTE;SUDESTE/CENTRO-OESTE;3017.822
2025-01-07 20:00:00;NORDESTE;SUDESTE/CENTRO-OESTE;2322.683
2025-01-07 21:00:00;NORDESTE;SUDESTE/CENTRO-OESTE;1258.707
2025-01-07 22:00:00;NORDESTE;SUDESTE/CENTRO-OESTE;153.637
2025-01-07 23:00:00;NORDESTE;SUDESTE/CENTRO-OESTE;-782.07
2025-01-08 00:00:00;NORDESTE;SUDESTE/CENTRO-OESTE;-1283.34999999
2025-01-08 01:00:00;NORDESTE;SUDESTE/CENTRO-OESTE;-1868.752
2025-01-08 02:00:00;NORDESTE;SUDESTE/CENTRO-OESTE;-1681.988
2025-01-08 03:00:00;NORDESTE;SUDESTE/CENTRO-OESTE;-1491.189
2025-01-08 04:00:00;NORDESTE;SUDESTE/CENTRO-OESTE;-1558.898
2025-01-08 05:00:00;NORDESTE;SUDESTE/CENTRO-OESTE;-1413.716
2025-01-08 06:00:00;NORDESTE;SUDESTE/CENTRO-OESTE;-1098.674
2025-01-08 07:00:00;NORDESTE;SUDESTE/CENTRO-OESTE;270.49599999
2025-01-08 08:00:00;NORDESTE;SUDESTE/CENTRO-OESTE;912.037
2025-01-08 09:00:00;NORDESTE;SUDESTE/CENTRO-OESTE;1446.655
2025-01-08 10:00:00;NORDESTE;SUDESTE/CENTRO-OESTE;1809.468
2025-01-08 11:00:00;NORDESTE;SUDESTE/CENTRO-OESTE;2359.54599999
2025-01-08 12:00:00;NORDESTE;SUDESTE/CENTRO-OESTE;2184.793
2025-01-08 13:00:00;NORDESTE;SUDESTE/CENTRO-OESTE;1761.59
2025-01-08 14:00:00;NORDESTE;SUDESTE/CENTRO-OESTE;1285.038
2025-01-08 15:00:00;NORDESTE;SUDESTE/CENTRO-OESTE;897.336
2025-01-08 16:00:00;NORDESTE;SUDESTE/CENTRO-OESTE;496.784
2025-01-08 17:00:00;NORDESTE;SUDESTE/CENTRO-OESTE;912.91
2025-01-08 18:00:00;NORDESTE;SUDESTE/CENTRO-OESTE;1366.066
2025-01-08 19:00:00;NORDESTE;SUDESTE/CENTRO-OESTE;1911.109
2025-01-08 20:00:00;NORDESTE;SUDESTE/CENTRO-OESTE;1641.481
2025-01-08 21:00:00;NORDESTE;SUDESTE/CENTRO-OESTE;677.398
2025-01-08 22:00:00;NORDESTE;SUDESTE/CENTRO-OESTE;-644.62199999
2025-01-08 23:00:00;NORDESTE;SUDESTE/CENTRO-OESTE;-967.754
2025-01-09 00:00:00;NORDESTE;SUDESTE/CENTRO-OESTE;-1299.26
2025-01-09 01:00:00;NORDESTE;SUDESTE/CENTRO-OESTE;-1500.396
2025-01-09 02:00:00;NORDESTE;SUDESTE/CENTRO-OESTE;-1230.068
2025-01-09 03:00:00;NORDESTE;SUDESTE/CENTRO-OESTE;-664.345
2025-01-09 04:00:00;NORDESTE;SUDESTE/CENTRO-OESTE;78.93
2025-01-09 05:00:00;NORDESTE;SUDESTE/CENTRO-OESTE;785.9
2025-01-09 06:00:00;NORDESTE;SUDESTE/CENTRO-OESTE;1286.355
2025-01-09 07:00:00;NORDESTE;SUDESTE/CENTRO-OESTE;2752.172
2025-01-09 08:00:00;NORDESTE;SUDESTE/CENTRO-OESTE;2845.539
2025-01-09 09:00:00;NORDESTE;SUDESTE/CENTRO-OESTE;2850.1
2025-01-09 10:00:00;NORDESTE;SUDESTE/CENTRO-OESTE;2515.29599999
2025-01-09 11:00:00;NORDESTE;SUDESTE/CENTRO-OESTE;2984.512
2025-01-09 12:00:00;NORDESTE;SUDESTE/CENTRO-OESTE;2951.042
2025-01-09 13:00:00;NORDESTE;SUDESTE/CENTRO-OESTE;2542.664
2025-01-09 14:00:00;NORDESTE;SUDESTE/CENTRO-OESTE;2879.326
2025-01-09 15:00:00;NORDESTE;SUDESTE/CENTRO-OESTE;3060.455
2025-01-09 16:00:00;NORDESTE;SUDESTE/CENTRO-OESTE;2132.61299999
2025-01-09 17:00:00;NORDESTE;SUDESTE/CENTRO-OESTE;2344.737
2025-01-09 18:00:00;NORDESTE;SUDESTE/CENTRO-OESTE;2144.935
2025-01-09 19:00:00;NORDESTE;SUDESTE/CENTRO-OESTE;1831.839
2025-01-09 20:00:00;NORDESTE;SUDESTE/CENTRO-OESTE;1640.963
2025-01-09 21:00:00;NORDESTE;SUDESTE/CENTRO-OESTE;681.988
2025-01-09 22:00:00;NORDESTE;SUDESTE/CENTRO-OESTE;-19.677
2025-01-09 23:00:00;NORDESTE;SUDESTE/CENTRO-OESTE;-805.145
2025-01-10 00:00:00;NORDESTE;SUDESTE/CENTRO-OESTE;-1607.347
2025-01-10 01:00:00;NORDESTE;SUDESTE/CENTRO-OESTE;-1804.748
2025-01-10 02:00:00;NORDESTE;SUDESTE/CENTRO-OESTE;-1924.292
2025-01-10 03:00:00;NORDESTE;SUDESTE/CENTRO-OESTE;-2087.823
2025-01-10 04:00:00;NORDESTE;SUDESTE/CENTRO-OESTE;-2079.324
2025-01-10 05:00:00;NORDESTE;SUDESTE/CENTRO-OESTE;-1685.047
2025-01-10 06:00:00;NORDESTE;SUDESTE/CENTRO-OESTE;-504.725
2025-01-10 07:00:00;NORDESTE;SUDESTE/CENTRO-OESTE;728.111
2025-01-10 08:00:00;NORDESTE;SUDESTE/CENTRO-OESTE;1648.329
2025-01-10 09:00:00;NORDESTE;SUDESTE/CENTRO-OESTE;2598.812
2025-01-10 10:00:00;NORDESTE;SUDESTE/CENTRO-OESTE;3551.459
2025-01-10 11:00:00;NORDESTE;SUDESTE/CENTRO-OESTE;3546.513
2025-01-10 12:00:00;NORDESTE;SUDESTE/CENTRO-OESTE;3579.64
2025-01-10 13:00:00;NORDESTE;SUDESTE/CENTRO-OESTE;3643.6
2025-01-10 14:00:00;NORDESTE;SUDESTE/CENTRO-OESTE;3181.413
2025-01-10 15:00:00;NORDESTE;SUDESTE/CENTRO-OESTE;3737.557
2025-01-10 16:00:00;NORDESTE;SUDESTE/CENTRO-OESTE;3466.51
2025-01-10 17:00:00;NORDESTE;SUDESTE/CENTRO-OESTE;3062.419
2025-01-10 18:00:00;NORDESTE;SUDESTE/CENTRO-OESTE;2456.659
2025-01-10 19:00:00;NORDESTE;SUDESTE/CENTRO-OESTE;2083.561
2025-01-10 20:00:00;NORDESTE;SUDESTE/CENTRO-OESTE;1665.777
2025-01-10 21:00:00;NORDESTE;SUDESTE/CENTRO-OESTE;730.053
2025-01-10 22:00:00;NORDESTE;SUDESTE/CENTRO-OESTE;213.678
2025-01-10 23:00:00;NORDESTE;SUDESTE/CENTRO-OESTE;-347.935
2025-01-11 00:00:00;NORDESTE;SUDESTE/CENTRO-OESTE;-271.016
2025-01-11 01:00:00;NORDESTE;SUDESTE/CENTRO-OESTE;-60.782
2025-01-11 02:00:00;NORDESTE;SUDESTE/CENTRO-OESTE;-347.544
2025-01-11 03:00:00;NORDESTE;SUDESTE/CENTRO-OESTE;-954.607
2025-01-11 04:00:00;NORDESTE;SUDESTE/CENTRO-OESTE;-1129.433
2025-01-11 05:00:00;NORDESTE;SUDESTE/CENTRO-OESTE;-952.299
2025-01-11 06:00:00;NORDESTE;SUDESTE/CENTRO-OESTE;147.227
2025-01-11 07:00:00;NORDESTE;SUDESTE/CENTRO-OESTE;750.726
2025-01-11 08:00:00;NORDESTE;SUDESTE/CENTRO-OESTE;1600.294
2025-01-11 09:00:00;NORDESTE;SUDESTE/CENTRO-OESTE;2299.072
2025-01-11 10:00:00;NORDESTE;SUDESTE/CENTRO-OESTE;2860.97
2025-01-11 11:00:00;NORDESTE;SUDESTE/CENTRO-OESTE;2696.184
2025-01-11 12:00:00;NORDESTE;SUDESTE/CENTRO-OESTE;2604.477
2025-01-11 13:00:00;NORDESTE;SUDESTE/CENTRO-OESTE;2487.858
2025-01-11 14:00:00;NORDESTE;SUDESTE/CENTRO-OESTE;1551.031
2025-01-11 15:00:00;NORDESTE;SUDESTE/CENTRO-OESTE;1296.986
2025-01-11 16:00:00;NORDESTE;SUDESTE/CENTRO-OESTE;1097.49499999
2025-01-11 17:00:00;NORDESTE;SUDESTE/CENTRO-OESTE;1086.544
2025-01-11 18:00:00;NORDESTE;SUDESTE/CENTRO-OESTE;1090.45
2025-01-11 19:00:00;NORDESTE;SUDESTE/CENTRO-OESTE;1135.27299999
2025-01-11 20:00:00;NORDESTE;SUDESTE/CENTRO-OESTE;717.526
2025-01-11 21:00:00;NORDESTE;SUDESTE/CENTRO-OESTE;579.62699999
2025-01-11 22:00:00;NORDESTE;SUDESTE/CENTRO-OESTE;308.97699999
2025-01-11 23:00:00;NORDESTE;SUDESTE/CENTRO-OESTE;-261.384
2025-01-12 00:00:00;NORDESTE;SUDESTE/CENTRO-OESTE;-813.329
2025-01-12 01:00:00;NORDESTE;SUDESTE/CENTRO-OESTE;-1275.628
2025-01-12 02:00:00;NORDESTE;SUDESTE/CENTRO-OESTE;-1218.19
2025-01-12 03:00:00;NORDESTE;SUDESTE/CENTRO-OESTE;-396.52
2025-01-12 04:00:00;NORDESTE;SUDESTE/CENTRO-OESTE;-344.239
2025-01-12 05:00:00;NORDESTE;SUDESTE/CENTRO-OESTE;-187.202
2025-01-12 06:00:00;NORDESTE;SUDESTE/CENTRO-OESTE;297.204
2025-01-12 07:00:00;NORDESTE;SUDESTE/CENTRO-OESTE;1184.267
2025-01-12 08:00:00;NORDESTE;SUDESTE/CENTRO-OESTE;1972.589
2025-01-12 09:00:00;NORDESTE;SUDESTE/CENTRO-OESTE;1614.919
2025-01-12 10:00:00;NORDESTE;SUDESTE/CENTRO-OESTE;1507.289
2025-01-12 11:00:00;NORDESTE;SUDESTE/CENTRO-OESTE;1768.741
2025-01-12 12:00:00;NORDESTE;SUDESTE/CENTRO-OESTE;1744.75
2025-01-12 13:00:00;NORDESTE;SUDESTE/CENTRO-OESTE;1553.639
2025-01-12 14:00:00;NORDESTE;SUDESTE/CENTRO-OESTE;1416.13
2025-01-12 15:00:00;NORDESTE;SUDESTE/CENTRO-OESTE;742.92
2025-01-12 16:00:00;NORDESTE;SUDESTE/CENTRO-OESTE;29.922
2025-01-12 17:00:00;NORDESTE;SUDESTE/CENTRO-OESTE;610.207
2025-01-12 18:00:00;NORDESTE;SUDESTE/CENTRO-OESTE;1003.958
2025-01-12 19:00:00;NORDESTE;SUDESTE/CENTRO-OESTE;1080.727
2025-01-12 20:00:00;NORDESTE;SUDESTE/CENTRO-OESTE;715.991
2025-01-12 21:00:00;NORDESTE;SUDESTE/CENTRO-OESTE;-47.412
2025-01-12 22:00:00;NORDESTE;SUDESTE/CENTRO-OESTE;-468.015
2025-01-12 23:00:00;NORDESTE;SUDESTE/CENTRO-OESTE;-471.907
2025-01-13 00:00:00;NORDESTE;SUDESTE/CENTRO-OESTE;-239.874
2025-01-13 01:00:00;NORDESTE;SUDESTE/CENTRO-OESTE;451.363
2025-01-13 02:00:00;NORDESTE;SUDESTE/CENTRO-OESTE;949.171
2025-01-13 03:00:00;NORDESTE;SUDESTE/CENTRO-OESTE;719.176
2025-01-13 04:00:00;NORDESTE;SUDESTE/CENTRO-OESTE;641.479
2025-01-13 05:00:00;NORDESTE;SUDESTE/CENTRO-OESTE;1124.627
2025-01-13 06:00:00;NORDESTE;SUDESTE/CENTRO-OESTE;1847.0
2025-01-13 07:00:00;NORDESTE;SUDESTE/CENTRO-OESTE;2242.763
2025-01-13 08:00:00;NORDESTE;SUDESTE/CENTRO-OESTE;2582.049
2025-01-13 09:00:00;NORDESTE;SUDESTE/CENTRO-OESTE;2131.98999999
2025-01-13 10:00:00;NORDESTE;SUDESTE/CENTRO-OESTE;1743.937
2025-01-13 11:00:00;NORDESTE;SUDESTE/CENTRO-OESTE;2059.22899999
2025-01-13 12:00:00;NORDESTE;SUDESTE/CENTRO-OESTE;1917.778
2025-01-13 13:00:00;NORDESTE;SUDESTE/CENTRO-OESTE;2207.17
2025-01-13 14:00:00;NORDESTE;SUDESTE/CENTRO-OESTE;2113.543
2025-01-13 15:00:00;NORDESTE;SUDESTE/CENTRO-OESTE;1323.34099999
2025-01-13 16:00:00;NORDESTE;SUDESTE/CENTRO-OESTE;502.88
2025-01-13 17:00:00;NORDESTE;SUDESTE/CENTRO-OESTE;231.607
2025-01-13 18:00:00;NORDESTE;SUDESTE/CENTRO-OESTE;-64.126
2025-01-13 19:00:00;NORDESTE;SUDESTE/CENTRO-OESTE;-276.633
2025-01-13 20:00:00;NORDESTE;SUDESTE/CENTRO-OESTE;-315.14
2025-01-13 21:00:00;NORDESTE;SUDESTE/CENTRO-OESTE;-598.888
2025-01-13 22:00:00;NORDESTE;SUDESTE/CENTRO-OESTE;-967.691
2025-01-13 23:00:00;NORDESTE;SUDESTE/CENTRO-OESTE;-845.738
2025-01-14 00:00:00;NORDESTE;SUDESTE/CENTRO-OESTE;-1083.451
2025-01-14 01:00:00;NORDESTE;SUDESTE/CENTRO-OESTE;-1196.944
2025-01-14 02:00:00;NORDESTE;SUDESTE/CENTRO-OESTE;-1089.729
2025-01-14 03:00:00;NORDESTE;SUDESTE/CENTRO-OESTE;-923.644
2025-01-14 04:00:00;NORDESTE;SUDESTE/CENTRO-OESTE;-1134.154
2025-01-14 05:00:00;NORDESTE;SUDESTE/CENTRO-OESTE;-1232.52299999
2025-01-14 06:00:00;NORDESTE;SUDESTE/CENTRO-OESTE;-596.143
2025-01-14 07:00:00;NORDESTE;SUDESTE/CENTRO-OESTE;268.42399999
2025-01-14 08:00:00;NORDESTE;SUDESTE/CENTRO-OESTE;1429.616
2025-01-14 09:00:00;NORDESTE;SUDESTE/CENTRO-OESTE;2406.83399999
2025-01-14 10:00:00;NORDESTE;SUDESTE/CENTRO-OESTE;1601.527
2025-01-14 11:00:00;NORDESTE;SUDESTE/CENTRO-OESTE;1495.542
2025-01-14 12:00:00;NORDESTE;SUDESTE/CENTRO-OESTE;2185.534
2025-01-14 13:00:00;NORDESTE;SUDESTE/CENTRO-OESTE;1809.488
2025-01-14 14:00:00;NORDESTE;SUDESTE/CENTRO-OESTE;2531.704
2025-01-14 15:00:00;NORDESTE;SUDESTE/CENTRO-OESTE;2625.435
2025-01-14 16:00:00;NORDESTE;SUDESTE/CENTRO-OESTE;1885.785
2025-01-14 17:00:00;NORDESTE;SUDESTE/CENTRO-OESTE;1051.76399999
2025-01-14 18:00:00;NORDESTE;SUDESTE/CENTRO-OESTE;1243.001
2025-01-14 19:00:00;NORDESTE;SUDESTE/CENTRO-OESTE;937.61
2025-01-14 20:00:00;NORDESTE;SUDESTE/CENTRO-OESTE;907.235
2025-01-14 21:00:00;NORDESTE;SUDESTE/CENTRO-OESTE;759.33
2025-01-14 22:00:00;NORDESTE;SUDESTE/CENTRO-OESTE;749.905
2025-01-14 23:00:00;NORDESTE;SUDESTE/CENTRO-OESTE;137.322
2025-01-15 00:00:00;NORDESTE;SUDESTE/CENTRO-OESTE;18.99899999
2025-01-15 01:00:00;NORDESTE;SUDESTE/CENTRO-OESTE;817.478
2025-01-15 02:00:00;NORDESTE;SUDESTE/CENTRO-OESTE;741.33
2025-01-15 03:00:00;NORDESTE;SUDESTE/CENTRO-OESTE;165.308
2025-01-15 04:00:00;NORDESTE;SUDESTE/CENTRO-OESTE;215.694
2025-01-15 05:00:00;NORDESTE;SUDESTE/CENTRO-OESTE;172.747
2025-01-15 06:00:00;NORDESTE;SUDESTE/CENTRO-OESTE;846.954
2025-01-15 07:00:00;NORDESTE;SUDESTE/CENTRO-OESTE;1375.815
2025-01-15 08:00:00;NORDESTE;SUDESTE/CENTRO-OESTE;1803.564
2025-01-15 09:00:00;NORDESTE;SUDESTE/CENTRO-OESTE;1877.471
2025-01-15 10:00:00;NORDESTE;SUDESTE/CENTRO-OESTE;1905.439
2025-01-15 11:00:00;NORDESTE;SUDESTE/CENTRO-OESTE;2243.323
2025-01-15 12:00:00;NORDESTE;SUDESTE/CENTRO-OESTE;2435.934
2025-01-15 13:00:00;NORDESTE;SUDESTE/CENTRO-OESTE;2163.937
2025-01-15 14:00:00;NORDESTE;SUDESTE/CENTRO-OESTE;2071.339
2025-01-15 15:00:00;NORDESTE;SUDESTE/CENTRO-OESTE;1870.839
2025-01-15 16:00:00;NORDESTE;SUDESTE/CENTRO-OESTE;207.761
2025-01-15 17:00:00;NORDESTE;SUDESTE/CENTRO-OESTE;-433.377
2025-01-15 18:00:00;NORDESTE;SUDESTE/CENTRO-OESTE;-679.708
2025-01-15 19:00:00;NORDESTE;SUDESTE/CENTRO-OESTE;-212.831
2025-01-15 20:00:00;NORDESTE;SUDESTE/CENTRO-OESTE;-265.758
2025-01-15 21:00:00;NORDESTE;SUDESTE/CENTRO-OESTE;-920.982
2025-01-15 22:00:00;NORDESTE;SUDESTE/CENTRO-OESTE;-1777.299
2025-01-15 23:00:00;NORDESTE;SUDESTE/CENTRO-OESTE;-2001.108
2025-01-16 00:00:00;NORDESTE;SUDESTE/CENTRO-OESTE;-1982.928
2025-01-16 01:00:00;NORDESTE;SUDESTE/CENTRO-OESTE;-1785.191
2025-01-16 02:00:00;NORDESTE;SUDESTE/CENTRO-OESTE;-1674.554
2025-01-16 03:00:00;NORDESTE;SUDESTE/CENTRO-OESTE;-1790.252
2025-01-16 04:00:00;NORDESTE;SUDESTE/CENTRO-OESTE;-1490.356
2025-01-16 05:00:00;NORDESTE;SUDESTE/CENTRO-OESTE;-846.138
2025-01-16 06:00:00;NORDESTE;SUDESTE/CENTRO-OESTE;-491.752
2025-01-16 07:00:00;NORDESTE;SUDESTE/CENTRO-OESTE;412.63
2025-01-16 08:00:00;NORDESTE;SUDESTE/CENTRO-OESTE;1219.713
2025-01-16 09:00:00;NORDESTE;SUDESTE/CENTRO-OESTE;1756.205
2025-01-16 10:00:00;NORDESTE;SUDESTE/CENTRO-OESTE;2173.765
2025-01-16 11:00:00;NORDESTE;SUDESTE/CENTRO-OESTE;2316.341
2025-01-16 12:00:00;NORDESTE;SUDESTE/CENTRO-OESTE;2577.965
2025-01-16 13:00:00;NORDESTE;SUDESTE/CENTRO-OESTE;3236.411
2025-01-16 14:00:00;NORDESTE;SUDESTE/CENTRO-OESTE;3140.414
2025-01-16 15:00:00;NORDESTE;SUDESTE/CENTRO-OESTE;3501.095
2025-01-16 16:00:00;NORDESTE;SUDESTE/CENTRO-OESTE;3413.948
2025-01-16 17:00:00;NORDESTE;SUDESTE/CENTRO-OESTE;2411.634
2025-01-16 18:00:00;NORDESTE;SUDESTE/CENTRO-OESTE;3048.658
2025-01-16 19:00:00;NORDESTE;SUDESTE/CENTRO-OESTE;2735.274
2025-01-16 20:00:00;NORDESTE;SUDESTE/CENTRO-OESTE;2608.338
2025-01-16 21:00:00;NORDESTE;SUDESTE/CENTRO-OESTE;2316.741
2025-01-16 22:00:00;NORDESTE;SUDESTE/CENTRO-OESTE;2215.61299999
2025-01-16 23:00:00;NORDESTE;SUDESTE/CENTRO-OESTE;1750.226
2025-01-17 00:00:00;NORDESTE;SUDESTE/CENTRO-OESTE;1474.517
2025-01-17 01:00:00;NORDESTE;SUDESTE/CENTRO-OESTE;1500.741
2025-01-17 02:00:00;NORDESTE;SUDESTE/CENTRO-OESTE;1591.034
2025-01-17 03:00:00;NORDESTE;SUDESTE/CENTRO-OESTE;1302.973
2025-01-17 04:00:00;NORDESTE;SUDESTE/CENTRO-OESTE;1485.595
2025-01-17 05:00:00;NORDESTE;SUDESTE/CENTRO-OESTE;2249.847
2025-01-17 06:00:00;NORDESTE;SUDESTE/CENTRO-OESTE;3046.083
2025-01-17 07:00:00;NORDESTE;SUDESTE/CENTRO-OESTE;4160.82399999
2025-01-17 08:00:00;NORDESTE;SUDESTE/CENTRO-OESTE;4618.782
2025-01-17 09:00:00;NORDESTE;SUDESTE/CENTRO-OESTE;4481.743
2025-01-17 10:00:00;NORDESTE;SUDESTE/CENTRO-OESTE;4188.45799999
2025-01-17 11:00:00;NORDESTE;SUDESTE/CENTRO-OESTE;3374.355
2025-01-17 12:00:00;NORDESTE;SUDESTE/CENTRO-OESTE;2919.483
2025-01-17 13:00:00;NORDESTE;SUDESTE/CENTRO-OESTE;3438.314
2025-01-17 14:00:00;NORDESTE;SUDESTE/CENTRO-OESTE;4226.48499999
2025-01-17 15:00:00;NORDESTE;SUDESTE/CENTRO-OESTE;4245.29299999
2025-01-17 16:00:00;NORDESTE;SUDESTE/CENTRO-OESTE;4208.92199999
2025-01-17 17:00:00;NORDESTE;SUDESTE/CENTRO-OESTE;4050.417
2025-01-17 18:00:00;NORDESTE;SUDESTE/CENTRO-OESTE;3808.726
2025-01-17 19:00:00;NORDESTE;SUDESTE/CENTRO-OESTE;4531.60999999
2025-01-17 20:00:00;NORDESTE;SUDESTE/CENTRO-OESTE;5090.013
2025-01-17 21:00:00;NORDESTE;SUDESTE/CENTRO-OESTE;5269.75699999
2025-01-17 22:00:00;NORDESTE;SUDESTE/CENTRO-OESTE;5230.682
2025-01-17 23:00:00;NORDESTE;SUDESTE/CENTRO-OESTE;4621.529
2025-01-18 00:00:00;NORDESTE;SUDESTE/CENTRO-OESTE;4032.105
2025-01-18 01:00:00;NORDESTE;SUDESTE/CENTRO-OESTE;3822.931
2025-01-18 02:00:00;NORDESTE;SUDESTE/CENTRO-OESTE;4080.933
2025-01-18 03:00:00;NORDESTE;SUDESTE/CENTRO-OESTE;4686.47599999
2025-01-18 04:00:00;NORDESTE;SUDESTE/CENTRO-OESTE;4702.616
2025-01-18 05:00:00;NORDESTE;SUDESTE/CENTRO-OESTE;4752.682
2025-01-18 06:00:00;NORDESTE;SUDESTE/CENTRO-OESTE;4129.502
2025-01-18 07:00:00;NORDESTE;SUDESTE/CENTRO-OESTE;3468.369
2025-01-18 08:00:00;NORDESTE;SUDESTE/CENTRO-OESTE;3745.035
2025-01-18 09:00:00;NORDESTE;SUDESTE/CENTRO-OESTE;4423.874
2025-01-18 10:00:00;NORDESTE;SUDESTE/CENTRO-OESTE;4063.307
2025-01-18 11:00:00;NORDESTE;SUDESTE/CENTRO-OESTE;3091.519
2025-01-18 12:00:00;NORDESTE;SUDESTE/CENTRO-OESTE;2070.447
2025-01-18 13:00:00;NORDESTE;SUDESTE/CENTRO-OESTE;2291.605
2025-01-18 14:00:00;NORDESTE;SUDESTE/CENTRO-OESTE;2483.683
2025-01-18 15:00:00;NORDESTE;SUDESTE/CENTRO-OESTE;2391.731
2025-01-18 16:00:00;NORDESTE;SUDESTE/CENTRO-OESTE;3040.538
2025-01-18 17:00:00;NORDESTE;SUDESTE/CENTRO-OESTE;3002.14
2025-01-18 18:00:00;NORDESTE;SUDESTE/CENTRO-OESTE;2986.78
2025-01-18 19:00:00;NORDESTE;SUDESTE/CENTRO-OESTE;3612.131
2025-01-18 20:00:00;NORDESTE;SUDESTE/CENTRO-OESTE;3757.779
2025-01-18 21:00:00;NORDESTE;SUDESTE/CENTRO-OESTE;3749.799
2025-01-18 22:00:00;NORDESTE;SUDESTE/CENTRO-OESTE;3592.454
2025-01-18 23:00:00;NORDESTE;SUDESTE/CENTRO-OESTE;3001.464
2025-01-19 00:00:00;NORDESTE;SUDESTE/CENTRO-OESTE;1966.566
2025-01-19 01:00:00;NORDESTE;SUDESTE/CENTRO-OESTE;1866.513
2025-01-19 02:00:00;NORDESTE;SUDESTE/CENTRO-OESTE;1768.061
2025-01-19 03:00:00;NORDESTE;SUDESTE/CENTRO-OESTE;990.435
2025-01-19 04:00:00;NORDESTE;SUDESTE/CENTRO-OESTE;290.079
2025-01-19 05:00:00;NORDESTE;SUDESTE/CENTRO-OESTE;62.651
2025-01-19 06:00:00;NORDESTE;SUDESTE/CENTRO-OESTE;-50.171
2025-01-19 07:00:00;NORDESTE;SUDESTE/CENTRO-OESTE;360.353
2025-01-19 08:00:00;NORDESTE;SUDESTE/CENTRO-OESTE;887.99
2025-01-19 09:00:00;NORDESTE;SUDESTE/CENTRO-OESTE;1342.699
2025-01-19 10:00:00;NORDESTE;SUDESTE/CENTRO-OESTE;1740.018
2025-01-19 11:00:00;NORDESTE;SUDESTE/CENTRO-OESTE;2176.589
2025-01-19 12:00:00;NORDESTE;SUDESTE/CENTRO-OESTE;2336.581
2025-01-19 13:00:00;NORDESTE;SUDESTE/CENTRO-OESTE;2167.93199999
2025-01-19 14:00:00;NORDESTE;SUDESTE/CENTRO-OESTE;1605.783
2025-01-19 15:00:00;NORDESTE;SUDESTE/CENTRO-OESTE;852.759
2025-01-19 16:00:00;NORDESTE;SUDESTE/CENTRO-OESTE;287.31599999
2025-01-19 17:00:00;NORDESTE;SUDESTE/CENTRO-OESTE;-624.564
2025-01-19 18:00:00;NORDESTE;SUDESTE/CENTRO-OESTE;-380.221
2025-01-19 19:00:00;NORDESTE;SUDESTE/CENTRO-OESTE;-210.525
2025-01-19 20:00:00;NORDESTE;SUDESTE/CENTRO-OESTE;-136.62299999
2025-01-19 21:00:00;NORDESTE;SUDESTE/CENTRO-OESTE;-346.942
2025-01-19 22:00:00;NORDESTE;SUDESTE/CENTRO-OESTE;-920.694
2025-01-19 23:00:00;NORDESTE;SUDESTE/CENTRO-OESTE;-1730.436
2025-01-20 00:00:00;NORDESTE;SUDESTE/CENTRO-OESTE;-1985.443
2025-01-20 01:00:00;NORDESTE;SUDESTE/CENTRO-OESTE;-2127.835
2025-01-20 02:00:00;NORDESTE;SUDESTE/CENTRO-OESTE;-2079.237
2025-01-20 03:00:00;NORDESTE;SUDESTE/CENTRO-OESTE;-1931.661
2025-01-20 04:00:00;NORDESTE;SUDESTE/CENTRO-OESTE;-1933.489
2025-01-20 05:00:00;NORDESTE;SUDESTE/CENTRO-OESTE;-1580.305
2025-01-20 06:00:00;NORDESTE;SUDESTE/CENTRO-OESTE;-459.353
2025-01-20 07:00:00;NORDESTE;SUDESTE/CENTRO-OESTE;332.79
2025-01-20 08:00:00;NORDESTE;SUDESTE/CENTRO-OESTE;475.866
2025-01-20 09:00:00;NORDESTE;SUDESTE/CENTRO-OESTE;394.976
2025-01-20 10:00:00;NORDESTE;SUDESTE/CENTRO-OESTE;211.091
2025-01-20 11:00:00;NORDESTE;SUDESTE/CENTRO-OESTE;743.938
2025-01-20 12:00:00;NORDESTE;SUDESTE/CENTRO-OESTE;917.964
2025-01-20 13:00:00;NORDESTE;SUDESTE/CENTRO-OESTE;1132.01
2025-01-20 14:00:00;NORDESTE;SUDESTE/CENTRO-OESTE;509.08
2025-01-20 15:00:00;NORDESTE;SUDESTE/CENTRO-OESTE;528.88
2025-01-20 16:00:00;NORDESTE;SUDESTE/CENTRO-OESTE;175.303
2025-01-20 17:00:00;NORDESTE;SUDESTE/CENTRO-OESTE;123.795
2025-01-20 18:00:00;NORDESTE;SUDESTE/CENTRO-OESTE;-3.095
2025-01-20 19:00:00;NORDESTE;SUDESTE/CENTRO-OESTE;45.411
2025-01-20 20:00:00;NORDESTE;SUDESTE/CENTRO-OESTE;211.575
2025-01-20 21:00:00;NORDESTE;SUDESTE/CENTRO-OESTE;-35.149
2025-01-20 22:00:00;NORDESTE;SUDESTE/CENTRO-OESTE;-523.756
2025-01-20 23:00:00;NORDESTE;SUDESTE/CENTRO-OESTE;-1011.58
2025-01-21 00:00:00;NORDESTE;SUDESTE/CENTRO-OESTE;-1727.733
2025-01-21 01:00:00;NORDESTE;SUDESTE/CENTRO-OESTE;-2179.437
2025-01-21 02:00:00;NORDESTE;SUDESTE/CENTRO-OESTE;-2166.75799999
2025-01-21 03:00:00;NORDESTE;SUDESTE/CENTRO-OESTE;-2053.242
2025-01-21 04:00:00;NORDESTE;SUDESTE/CENTRO-OESTE;-2025.537
2025-01-21 05:00:00;NORDESTE;SUDESTE/CENTRO-OESTE;-1751.013
2025-01-21 06:00:00;NORDESTE;SUDESTE/CENTRO-OESTE;-446.088
2025-01-21 07:00:00;NORDESTE;SUDESTE/CENTRO-OESTE;781.032
2025-01-21 08:00:00;NORDESTE;SUDESTE/CENTRO-OESTE;362.052
2025-01-21 09:00:00;NORDESTE;SUDESTE/CENTRO-OESTE;440.82
2025-01-21 10:00:00;NORDESTE;SUDESTE/CENTRO-OESTE;521.57399999
2025-01-21 11:00:00;NORDESTE;SUDESTE/CENTRO-OESTE;644.157
2025-01-21 12:00:00;NORDESTE;SUDESTE/CENTRO-OESTE;909.966
2025-01-21 13:00:00;NORDESTE;SUDESTE/CENTRO-OESTE;849.596
2025-01-21 14:00:00;NORDESTE;SUDESTE/CENTRO-OESTE;774.047
2025-01-21 15:00:00;NORDESTE;SUDESTE/CENTRO-OESTE;1539.88
2025-01-21 16:00:00;NORDESTE;SUDESTE/CENTRO-OESTE;2292.40099999
2025-01-21 17:00:00;NORDESTE;SUDESTE/CENTRO-OESTE;2714.448
2025-01-21 18:00:00;NORDESTE;SUDESTE/CENTRO-OESTE;2279.69
2025-01-21 19:00:00;NORDESTE;SUDESTE/CENTRO-OESTE;2386.51
2025-01-21 20:00:00;NORDESTE;SUDESTE/CENTRO-OESTE;2733.696
2025-01-21 21:00:00;NORDESTE;SUDESTE/CENTRO-OESTE;2309.742
2025-01-21 22:00:00;NORDESTE;SUDESTE/CENTRO-OESTE;2153.33
2025-01-21 23:00:00;NORDESTE;SUDESTE/CENTRO-OESTE;2024.536
2025-01-22 00:00:00;NORDESTE;SUDESTE/CENTRO-OESTE;1160.807
2025-01-22 01:00:00;NORDESTE;SUDESTE/CENTRO-OESTE;1308.816
2025-01-22 02:00:00;NORDESTE;SUDESTE/CENTRO-OESTE;1538.118
2025-01-22 03:00:00;NORDESTE;SUDESTE/CENTRO-OESTE;1309.257
2025-01-22 04:00:00;NORDESTE;SUDESTE/CENTRO-OESTE;1122.357
2025-01-22 05:00:00;NORDESTE;SUDESTE/CENTRO-OESTE;917.034
2025-01-22 06:00:00;NORDESTE;SUDESTE/CENTRO-OESTE;1494.613
2025-01-22 07:00:00;NORDESTE;SUDESTE/CENTRO-OESTE;2089.045
2025-01-22 08:00:00;NORDESTE;SUDESTE/CENTRO-OESTE;2599.32
2025-01-22 09:00:00;NORDESTE;SUDESTE/CENTRO-OESTE;2608.82
2025-01-22 10:00:00;NORDESTE;SUDESTE/CENTRO-OESTE;1882.115
2025-01-22 11:00:00;NORDESTE;SUDESTE/CENTRO-OESTE;2010.787
2025-01-22 12:00:00;NORDESTE;SUDESTE/CENTRO-OESTE;2122.30499999
2025-01-22 13:00:00;NORDESTE;SUDESTE/CENTRO-OESTE;1780.794
2025-01-22 14:00:00;NORDESTE;SUDESTE/CENTRO-OESTE;1702.544
2025-01-22 15:00:00;NORDESTE;SUDESTE/CENTRO-OESTE;2145.84499999
2025-01-22 16:00:00;NORDESTE;SUDESTE/CENTRO-OESTE;2032.206
2025-01-22 17:00:00;NORDESTE;SUDESTE/CENTRO-OESTE;2186.37
2025-01-22 18:00:00;NORDESTE;SUDESTE/CENTRO-OESTE;2779.581
2025-01-22 19:00:00;NORDESTE;SUDESTE/CENTRO-OESTE;3257.265
2025-01-22 20:00:00;NORDESTE;SUDESTE/CENTRO-OESTE;3489.442
2025-01-22 21:00:00;NORDESTE;SUDESTE/CENTRO-OESTE;3637.725
2025-01-22 22:00:00;NORDESTE;SUDESTE/CENTRO-OESTE;3632.0
2025-01-22 23:00:00;NORDESTE;SUDESTE/CENTRO-OESTE;2027.834
2025-01-23 00:00:00;NORDESTE;SUDESTE/CENTRO-OESTE;2353.306
2025-01-23 01:00:00;NORDESTE;SUDESTE/CENTRO-OESTE;2660.82
2025-01-23 02:00:00;NORDESTE;SUDESTE/CENTRO-OESTE;2616.748
2025-01-23 03:00:00;NORDESTE;SUDESTE/CENTRO-OESTE;2835.407
2025-01-23 04:00:00;NORDESTE;SUDESTE/CENTRO-OESTE;2952.096
2025-01-23 05:00:00;NORDESTE;SUDESTE/CENTRO-OESTE;3022.796
2025-01-23 06:00:00;NORDESTE;SUDESTE/CENTRO-OESTE;2249.77
2025-01-23 07:00:00;NORDESTE;SUDESTE/CENTRO-OESTE;1505.773
2025-01-23 08:00:00;NORDESTE;SUDESTE/CENTRO-OESTE;1805.551
2025-01-23 09:00:00;NORDESTE;SUDESTE/CENTRO-OESTE;1542.255
2025-01-23 10:00:00;NORDESTE;SUDESTE/CENTRO-OESTE;1338.96
2025-01-23 11:00:00;NORDESTE;SUDESTE/CENTRO-OESTE;1897.401
2025-01-23 12:00:00;NORDESTE;SUDESTE/CENTRO-OESTE;1993.668
2025-01-23 13:00:00;NORDESTE;SUDESTE/CENTRO-OESTE;1885.739
2025-01-23 14:00:00;NORDESTE;SUDESTE/CENTRO-OESTE;2003.604
2025-01-23 15:00:00;NORDESTE;SUDESTE/CENTRO-OESTE;1865.348
2025-01-23 16:00:00;NORDESTE;SUDESTE/CENTRO-OESTE;1772.25
2025-01-23 17:00:00;NORDESTE;SUDESTE/CENTRO-OESTE;1513.314
2025-01-23 18:00:00;NORDESTE;SUDESTE/CENTRO-OESTE;1683.822
2025-01-23 19:00:00;NORDESTE;SUDESTE/CENTRO-OESTE;2472.545
2025-01-23 20:00:00;NORDESTE;SUDESTE/CENTRO-OESTE;2229.277
2025-01-23 21:00:00;NORDESTE;SUDESTE/CENTRO-OESTE;2114.19999999
2025-01-23 22:00:00;NORDESTE;SUDESTE/CENTRO-OESTE;2384.92
2025-01-23 23:00:00;NORDESTE;SUDESTE/CENTRO-OESTE;2458.17
2025-01-24 00:00:00;NORDESTE;SUDESTE/CENTRO-OESTE;2081.686
2025-01-24 01:00:00;NORDESTE;SUDESTE/CENTRO-OESTE;2270.035
2025-01-24 02:00:00;NORDESTE;SUDESTE/CENTRO-OESTE;2121.79599999
2025-01-24 03:00:00;NORDESTE;SUDESTE/CENTRO-OESTE;2558.543
2025-01-24 04:00:00;NORDESTE;SUDESTE/CENTRO-OESTE;2333.827
2025-01-24 05:00:00;NORDESTE;SUDESTE/CENTRO-OESTE;2259.946
2025-01-24 06:00:00;NORDESTE;SUDESTE/CENTRO-OESTE;1943.216
2025-01-24 07:00:00;NORDESTE;SUDESTE/CENTRO-OESTE;1201.919
2025-01-24 08:00:00;NORDESTE;SUDESTE/CENTRO-OESTE;1243.645
2025-01-24 09:00:00;NORDESTE;SUDESTE/CENTRO-OESTE;1048.727
2025-01-24 10:00:00;NORDESTE;SUDESTE/CENTRO-OESTE;1104.935
2025-01-24 11:00:00;NORDESTE;SUDESTE/CENTRO-OESTE;1143.851
2025-01-24 12:00:00;NORDESTE;SUDESTE/CENTRO-OESTE;1341.467
2025-01-24 13:00:00;NORDESTE;SUDESTE/CENTRO-OESTE;1168.71499999
2025-01-24 14:00:00;NORDESTE;SUDESTE/CENTRO-OESTE;599.216
2025-01-24 15:00:00;NORDESTE;SUDESTE/CENTRO-OESTE;997.946
2025-01-24 16:00:00;NORDESTE;SUDESTE/CENTRO-OESTE;1050.333
2025-01-24 17:00:00;NORDESTE;SUDESTE/CENTRO-OESTE;808.674
2025-01-24 18:00:00;NORDESTE;SUDESTE/CENTRO-OESTE;1486.294
2025-01-24 19:00:00;NORDESTE;SUDESTE/CENTRO-OESTE;1403.223
2025-01-24 20:00:00;NORDESTE;SUDESTE/CENTRO-OESTE;2065.95899999
2025-01-24 21:00:00;NORDESTE;SUDESTE/CENTRO-OESTE;2332.539
2025-01-24 22:00:00;NORDESTE;SUDESTE/CENTRO-OESTE;2402.681
2025-01-24 23:00:00;NORDESTE;SUDESTE/CENTRO-OESTE;2250.969
2025-01-25 00:00:00;NORDESTE;SUDESTE/CENTRO-OESTE;1313.777
2025-01-25 01:00:00;NORDESTE;SUDESTE/CENTRO-OESTE;1233.473
2025-01-25 02:00:00;NORDESTE;SUDESTE/CENTRO-OESTE;1668.713
2025-01-25 03:00:00;NORDESTE;SUDESTE/CENTRO-OESTE;1936.976
2025-01-25 04:00:00;NORDESTE;SUDESTE/CENTRO-OESTE;1918.169
2025-01-25 05:00:00;NORDESTE;SUDESTE/CENTRO-OESTE;1741.623
2025-01-25 06:00:00;NORDESTE;SUDESTE/CENTRO-OESTE;1573.706
2025-01-25 07:00:00;NORDESTE;SUDESTE/CENTRO-OESTE;2005.912
2025-01-25 08:00:00;NORDESTE;SUDESTE/CENTRO-OESTE;2398.302
2025-01-25 09:00:00;NORDESTE;SUDESTE/CENTRO-OESTE;2085.505
2025-01-25 10:00:00;NORDESTE;SUDESTE/CENTRO-OESTE;1756.766
2025-01-25 11:00:00;NORDESTE;SUDESTE/CENTRO-OESTE;1312.59999999
2025-01-25 12:00:00;NORDESTE;SUDESTE/CENTRO-OESTE;1138.36899999
2025-01-25 13:00:00;NORDESTE;SUDESTE/CENTRO-OESTE;1375.963
2025-01-25 14:00:00;NORDESTE;SUDESTE/CENTRO-OESTE;1168.55
2025-01-25 15:00:00;NORDESTE;SUDESTE/CENTRO-OESTE;1221.953
2025-01-25 16:00:00;NORDESTE;SUDESTE/CENTRO-OESTE;1363.882
2025-01-25 17:00:00;NORDESTE;SUDESTE/CENTRO-OESTE;1854.64
2025-01-25 18:00:00;NORDESTE;SUDESTE/CENTRO-OESTE;2067.71099999
2025-01-25 19:00:00;NORDESTE;SUDESTE/CENTRO-OESTE;2480.28699999
2025-01-25 20:00:00;NORDESTE;SUDESTE/CENTRO-OESTE;2898.455
2025-01-25 21:00:00;NORDESTE;SUDESTE/CENTRO-OESTE;2770.47
2025-01-25 22:00:00;NORDESTE;SUDESTE/CENTRO-OESTE;2646.823
2025-01-25 23:00:00;NORDESTE;SUDESTE/CENTRO-OESTE;2132.37199999
2025-01-26 00:00:00;NORDESTE;SUDESTE/CENTRO-OESTE;2575.762
2025-01-26 01:00:00;NORDESTE;SUDESTE/CENTRO-OESTE;2635.678
2025-01-26 02:00:00;NORDESTE;SUDESTE/CENTRO-OESTE;2825.26
2025-01-26 03:00:00;NORDESTE;SUDESTE/CENTRO-OESTE;2692.188
2025-01-26 04:00:00;NORDESTE;SUDESTE/CENTRO-OESTE;2353.503
2025-01-26 05:00:00;NORDESTE;SUDESTE/CENTRO-OESTE;2031.665
2025-01-26 06:00:00;NORDESTE;SUDESTE/CENTRO-OESTE;2150.141
2025-01-26 07:00:00;NORDESTE;SUDESTE/CENTRO-OESTE;2494.831
2025-01-26 08:00:00;NORDESTE;SUDESTE/CENTRO-OESTE;1989.385
2025-01-26 09:00:00;NORDESTE;SUDESTE/CENTRO-OESTE;1592.558
2025-01-26 10:00:00;NORDESTE;SUDESTE/CENTRO-OESTE;753.957
2025-01-26 11:00:00;NORDESTE;SUDESTE/CENTRO-OESTE;341.467
2025-01-26 12:00:00;NORDESTE;SUDESTE/CENTRO-OESTE;278.772
2025-01-26 13:00:00;NORDESTE;SUDESTE/CENTRO-OESTE;841.717
2025-01-26 14:00:00;NORDESTE;SUDESTE/CENTRO-OESTE;1106.282
2025-01-26 15:00:00;NORDESTE;SUDESTE/CENTRO-OESTE;778.592
2025-01-26 16:00:00;NORDESTE;SUDESTE/CENTRO-OESTE;518.067
2025-01-26 17:00:00;NORDESTE;SUDESTE/CENTRO-OESTE;-272.557
2025-01-26 18:00:00;NORDESTE;SUDESTE/CENTRO-OESTE;425.5
2025-01-26 19:00:00;NORDESTE;SUDESTE/CENTRO-OESTE;1557.697
2025-01-26 20:00:00;NORDESTE;SUDESTE/CENTRO-OESTE;2389.063
2025-01-26 21:00:00;NORDESTE;SUDESTE/CENTRO-OESTE;2656.37199999
2025-01-26 22:00:00;NORDESTE;SUDESTE/CENTRO-OESTE;2668.25
2025-01-26 23:00:00;NORDESTE;SUDESTE/CENTRO-OESTE;2293.348
2025-01-27 00:00:00;NORDESTE;SUDESTE/CENTRO-OESTE;2423.32
2025-01-27 01:00:00;NORDESTE;SUDESTE/CENTRO-OESTE;2832.652
2025-01-27 02:00:00;NORDESTE;SUDESTE/CENTRO-OESTE;2809.08
2025-01-27 03:00:00;NORDESTE;SUDESTE/CENTRO-OESTE;2762.05
2025-01-27 04:00:00;NORDESTE;SUDESTE/CENTRO-OESTE;2694.233
2025-01-27 05:00:00;NORDESTE;SUDESTE/CENTRO-OESTE;2735.782
2025-01-27 06:00:00;NORDESTE;SUDESTE/CENTRO-OESTE;2675.043
2025-01-27 07:00:00;NORDESTE;SUDESTE/CENTRO-OESTE;1998.749
2025-01-27 08:00:00;NORDESTE;SUDESTE/CENTRO-OESTE;945.11
2025-01-27 09:00:00;NORDESTE;SUDESTE/CENTRO-OESTE;737.736
2025-01-27 10:00:00;NORDESTE;SUDESTE/CENTRO-OESTE;642.649
2025-01-27 11:00:00;NORDESTE;SUDESTE/CENTRO-OESTE;783.083
2025-01-27 12:00:00;NORDESTE;SUDESTE/CENTRO-OESTE;787.568
2025-01-27 13:00:00;NORDESTE;SUDESTE/CENTRO-OESTE;408.042
2025-01-27 14:00:00;NORDESTE;SUDESTE/CENTRO-OESTE;719.342
2025-01-27 15:00:00;NORDESTE;SUDESTE/CENTRO-OESTE;407.633
2025-01-27 16:00:00;NORDESTE;SUDESTE/CENTRO-OESTE;593.566
2025-01-27 17:00:00;NORDESTE;SUDESTE/CENTRO-OESTE;124.035
2025-01-27 18:00:00;NORDESTE;SUDESTE/CENTRO-OESTE;288.512
2025-01-27 19:00:00;NORDESTE;SUDESTE/CENTRO-OESTE;853.939
2025-01-27 20:00:00;NORDESTE;SUDESTE/CENTRO-OESTE;1691.838
2025-01-27 21:00:00;NORDESTE;SUDESTE/CENTRO-OESTE;1173.13899999
2025-01-27 22:00:00;NORDESTE;SUDESTE/CENTRO-OESTE;571.35
2025-01-27 23:00:00;NORDESTE;SUDESTE/CENTRO-OESTE;-16.373
2025-01-28 00:00:00;NORDESTE;SUDESTE/CENTRO-OESTE;-217.749
2025-01-28 01:00:00;NORDESTE;SUDESTE/CENTRO-OESTE;-77.56999999
2025-01-28 02:00:00;NORDESTE;SUDESTE/CENTRO-OESTE;200.947
2025-01-28 03:00:00;NORDESTE;SUDESTE/CENTRO-OESTE;466.753
2025-01-28 04:00:00;NORDESTE;SUDESTE/CENTRO-OESTE;292.54
2025-01-28 05:00:00;NORDESTE;SUDESTE/CENTRO-OESTE;668.27099999
2025-01-28 06:00:00;NORDESTE;SUDESTE/CENTRO-OESTE;1754.767
2025-01-28 07:00:00;NORDESTE;SUDESTE/CENTRO-OESTE;2157.542
2025-01-28 08:00:00;NORDESTE;SUDESTE/CENTRO-OESTE;1638.461
2025-01-28 09:00:00;NORDESTE;SUDESTE/CENTRO-OESTE;1267.252
2025-01-28 10:00:00;NORDESTE;SUDESTE/CENTRO-OESTE;1028.78299999
2025-01-28 11:00:00;NORDESTE;SUDESTE/CENTRO-OESTE;990.962
2025-01-28 12:00:00;NORDESTE;SUDESTE/CENTRO-OESTE;954.274
2025-01-28 13:00:00;NORDESTE;SUDESTE/CENTRO-OESTE;960.938
2025-01-28 14:00:00;NORDESTE;SUDESTE/CENTRO-OESTE;1072.227
2025-01-28 15:00:00;NORDESTE;SUDESTE/CENTRO-OESTE;1474.223
2025-01-28 16:00:00;NORDESTE;SUDESTE/CENTRO-OESTE;744.852
2025-01-28 17:00:00;NORDESTE;SUDESTE/CENTRO-OESTE;456.986
2025-01-28 18:00:00;NORDESTE;SUDESTE/CENTRO-OESTE;838.961
2025-01-28 19:00:00;NORDESTE;SUDESTE/CENTRO-OESTE;1497.751
2025-01-28 20:00:00;NORDESTE;SUDESTE/CENTRO-OESTE;1920.311
2025-01-28 21:00:00;NORDESTE;SUDESTE/CENTRO-OESTE;1541.619
2025-01-28 22:00:00;NORDESTE;SUDESTE/CENTRO-OESTE;958.086
2025-01-28 23:00:00;NORDESTE;SUDESTE/CENTRO-OESTE;723.064
2025-01-29 00:00:00;NORDESTE;SUDESTE/CENTRO-OESTE;837.129
2025-01-29 01:00:00;NORDESTE;SUDESTE/CENTRO-OESTE;1508.671
2025-01-29 02:00:00;NORDESTE;SUDESTE/CENTRO-OESTE;1909.049
2025-01-29 03:00:00;NORDESTE;SUDESTE/CENTRO-OESTE;2379.841
2025-01-29 04:00:00;NORDESTE;SUDESTE/CENTRO-OESTE;2774.039
2025-01-29 05:00:00;NORDESTE;SUDESTE/CENTRO-OESTE;2692.331
2025-01-29 06:00:00;NORDESTE;SUDESTE/CENTRO-OESTE;2614.705
2025-01-29 07:00:00;NORDESTE;SUDESTE/CENTRO-OESTE;2292.27
2025-01-29 08:00:00;NORDESTE;SUDESTE/CENTRO-OESTE;2320.61499999
2025-01-29 09:00:00;NORDESTE;SUDESTE/CENTRO-OESTE;2229.906
2025-01-29 10:00:00;NORDESTE;SUDESTE/CENTRO-OESTE;1903.656
2025-01-29 11:00:00;NORDESTE;SUDESTE/CENTRO-OESTE;2043.502
2025-01-29 12:00:00;NORDESTE;SUDESTE/CENTRO-OESTE;2266.983
2025-01-29 13:00:00;NORDESTE;SUDESTE/CENTRO-OESTE;2018.031
2025-01-29 14:00:00;NORDESTE;SUDESTE/CENTRO-OESTE;2014.883
2025-01-29 15:00:00;NORDESTE;SUDESTE/CENTRO-OESTE;2066.239
2025-01-29 16:00:00;NORDESTE;SUDESTE/CENTRO-OESTE;1718.497
2025-01-29 17:00:00;NORDESTE;SUDESTE/CENTRO-OESTE;1467.31
2025-01-29 18:00:00;NORDESTE;SUDESTE/CENTRO-OESTE;1399.659
2025-01-29 19:00:00;NORDESTE;SUDESTE/CENTRO-OESTE;1947.346
2025-01-29 20:00:00;NORDESTE;SUDESTE/CENTRO-OESTE;2465.045
2025-01-29 21:00:00;NORDESTE;SUDESTE/CENTRO-OESTE;2406.252
2025-01-29 22:00:00;NORDESTE;SUDESTE/CENTRO-OESTE;2353.356
2025-01-29 23:00:00;NORDESTE;SUDESTE/CENTRO-OESTE;2705.777
2025-01-30 00:00:00;NORDESTE;SUDESTE/CENTRO-OESTE;2502.724
2025-01-30 01:00:00;NORDESTE;SUDESTE/CENTRO-OESTE;2233.965
2025-01-30 02:00:00;NORDESTE;SUDESTE/CENTRO-OESTE;2236.512
2025-01-30 03:00:00;NORDESTE;SUDESTE/CENTRO-OESTE;2413.61499999
2025-01-30 04:00:00;NORDESTE;SUDESTE/CENTRO-OESTE;2742.302
2025-01-30 05:00:00;NORDESTE;SUDESTE/CENTRO-OESTE;2963.465
2025-01-30 06:00:00;NORDESTE;SUDESTE/CENTRO-OESTE;2759.666
2025-01-30 07:00:00;NORDESTE;SUDESTE/CENTRO-OESTE;2368.023
2025-01-30 08:00:00;NORDESTE;SUDESTE/CENTRO-OESTE;2326.243
2025-01-30 09:00:00;NORDESTE;SUDESTE/CENTRO-OESTE;2334.19
2025-01-30 10:00:00;NORDESTE;SUDESTE/CENTRO-OESTE;1821.794
2025-01-30 11:00:00;NORDESTE;SUDESTE/CENTRO-OESTE;1579.727
2025-01-30 12:00:00;NORDESTE;SUDESTE/CENTRO-OESTE;1392.346
2025-01-30 13:00:00;NORDESTE;SUDESTE/CENTRO-OESTE;1318.52
2025-01-30 14:00:00;NORDESTE;SUDESTE/CENTRO-OESTE;729.93
2025-01-30 15:00:00;NORDESTE;SUDESTE/CENTRO-OESTE;275.377
2025-01-30 16:00:00;NORDESTE;SUDESTE/CENTRO-OESTE;643.376
2025-01-30 17:00:00;NORDESTE;SUDESTE/CENTRO-OESTE;406.979
2025-01-30 18:00:00;NORDESTE;SUDESTE/CENTRO-OESTE;304.994
2025-01-30 19:00:00;NORDESTE;SUDESTE/CENTRO-OESTE;1332.99499999
2025-01-30 20:00:00;NORDESTE;SUDESTE/CENTRO-OESTE;2225.107
2025-01-30 21:00:00;NORDESTE;SUDESTE/CENTRO-OESTE;2550.235
2025-01-30 22:00:00;NORDESTE;SUDESTE/CENTRO-OESTE;2766.363
2025-01-30 23:00:00;NORDESTE;SUDESTE/CENTRO-OESTE;2180.65
2025-01-31 00:00:00;NORDESTE;SUDESTE/CENTRO-OESTE;2260.733
2025-01-31 01:00:00;NORDESTE;SUDESTE/CENTRO-OESTE;2487.438
2025-01-31 02:00:00;NORDESTE;SUDESTE/CENTRO-OESTE;2811.259
2025-01-31 03:00:00;NORDESTE;SUDESTE/CENTRO-OESTE;2792.714
2025-01-31 04:00:00;NORDESTE;SUDESTE/CENTRO-OESTE;3049.018
2025-01-31 05:00:00;NORDESTE;SUDESTE/CENTRO-OESTE;2957.13
2025-01-31 06:00:00;NORDESTE;SUDESTE/CENTRO-OESTE;2832.081
2025-01-31 07:00:00;NORDESTE;SUDESTE/CENTRO-OESTE;2276.42999999
2025-01-31 08:00:00;NORDESTE;SUDESTE/CENTRO-OESTE;1778.334
2025-01-31 09:00:00;NORDESTE;SUDESTE/CENTRO-OESTE;1484.7
2025-01-31 10:00:00;NORDESTE;SUDESTE/CENTRO-OESTE;1195.544
2025-01-31 11:00:00;NORDESTE;SUDESTE/CENTRO-OESTE;1350.558
2025-01-31 12:00:00;NORDESTE;SUDESTE/CENTRO-OESTE;1251.077
2025-01-31 13:00:00;NORDESTE;SUDESTE/CENTRO-OESTE;1270.123
2025-01-31 14:00:00;NORDESTE;SUDESTE/CENTRO-OESTE;2146.797
2025-01-31 15:00:00;NORDESTE;SUDESTE/CENTRO-OESTE;2119.683
2025-01-31 16:00:00;NORDESTE;SUDESTE/CENTRO-OESTE;1778.711
2025-01-31 17:00:00;NORDESTE;SUDESTE/CENTRO-OESTE;1940.318
2025-01-31 18:00:00;NORDESTE;SUDESTE/CENTRO-OESTE;2239.538
2025-01-31 19:00:00;NORDESTE;SUDESTE/CENTRO-OESTE;2815.624
2025-01-31 20:00:00;NORDESTE;SUDESTE/CENTRO-OESTE;2788.747
2025-01-31 21:00:00;NORDESTE;SUDESTE/CENTRO-OESTE;2382.364
2025-01-31 22:00:00;NORDESTE;SUDESTE/CENTRO-OESTE;2397.978
2025-01-31 23:00:00;NORDESTE;SUDESTE/CENTRO-OESTE;2707.786
2025-02-01 00:00:00;NORDESTE;SUDESTE/CENTRO-OESTE;2749.694
2025-02-01 01:00:00;NORDESTE;SUDESTE/CENTRO-OESTE;2772.124
2025-02-01 02:00:00;NORDESTE;SUDESTE/CENTRO-OESTE;2844.204
2025-02-01 03:00:00;NORDESTE;SUDESTE/CENTRO-OESTE;2890.775
2025-02-01 04:00:00;NORDESTE;SUDESTE/CENTRO-OESTE;2734.001
2025-02-01 05:00:00;NORDESTE;SUDESTE/CENTRO-OESTE;2595.074
2025-02-01 06:00:00;NORDESTE;SUDESTE/CENTRO-OESTE;2424.42999999
2025-02-01 07:00:00;NORDESTE;SUDESTE/CENTRO-OESTE;2524.891
2025-02-01 08:00:00;NORDESTE;SUDESTE/CENTRO-OESTE;2583.089
2025-02-01 09:00:00;NORDESTE;SUDESTE/CENTRO-OESTE;2117.337
2025-02-01 10:00:00;NORDESTE;SUDESTE/CENTRO-OESTE;1769.353
2025-02-01 11:00:00;NORDESTE;SUDESTE/CENTRO-OESTE;2053.792
2025-02-01 12:00:00;NORDESTE;SUDESTE/CENTRO-OESTE;1879.144
2025-02-01 13:00:00;NORDESTE;SUDESTE/CENTRO-OESTE;1346.66699999
2025-02-01 14:00:00;NORDESTE;SUDESTE/CENTRO-OESTE;1299.313
2025-02-01 15:00:00;NORDESTE;SUDESTE/CENTRO-OESTE;1764.495
2025-02-01 16:00:00;NORDESTE;SUDESTE/CENTRO-OESTE;2424.385
2025-02-01 17:00:00;NORDESTE;SUDESTE/CENTRO-OESTE;2834.464
2025-02-01 18:00:00;NORDESTE;SUDESTE/CENTRO-OESTE;2606.665
2025-02-01 19:00:00;NORDESTE;SUDESTE/CENTRO-OESTE;2958.842
2025-02-01 20:00:00;NORDESTE;SUDESTE/CENTRO-OESTE;2818.289
2025-02-01 21:00:00;NORDESTE;SUDESTE/CENTRO-OESTE;2672.85399999
2025-02-01 22:00:00;NORDESTE;SUDESTE/CENTRO-OESTE;2586.186
2025-02-01 23:00:00;NORDESTE;SUDESTE/CENTRO-OESTE;2605.092
2025-02-02 00:00:00;NORDESTE;SUDESTE/CENTRO-OESTE;2685.826
2025-02-02 01:00:00;NORDESTE;SUDESTE/CENTRO-OESTE;2630.915
2025-02-02 02:00:00;NORDESTE;SUDESTE/CENTRO-OESTE;2676.255
2025-02-02 03:00:00;NORDESTE;SUDESTE/CENTRO-OESTE;2516.869
2025-02-02 04:00:00;NORDESTE;SUDESTE/CENTRO-OESTE;2655.766
2025-02-02 05:00:00;NORDESTE;SUDESTE/CENTRO-OESTE;2588.65099999
2025-02-02 06:00:00;NORDESTE;SUDESTE/CENTRO-OESTE;2529.105
2025-02-02 07:00:00;NORDESTE;SUDESTE/CENTRO-OESTE;2657.844
2025-02-02 08:00:00;NORDESTE;SUDESTE/CENTRO-OESTE;2488.33
2025-02-02 09:00:00;NORDESTE;SUDESTE/CENTRO-OESTE;2507.016
2025-02-02 10:00:00;NORDESTE;SUDESTE/CENTRO-OESTE;2238.337
2025-02-02 11:00:00;NORDESTE;SUDESTE/CENTRO-OESTE;1896.796
2025-02-02 12:00:00;NORDESTE;SUDESTE/CENTRO-OESTE;1952.431
2025-02-02 13:00:00;NORDESTE;SUDESTE/CENTRO-OESTE;2134.418
2025-02-02 14:00:00;NORDESTE;SUDESTE/CENTRO-OESTE;2551.589
2025-02-02 15:00:00;NORDESTE;SUDESTE/CENTRO-OESTE;2453.352
2025-02-02 16:00:00;NORDESTE;SUDESTE/CENTRO-OESTE;2089.37199999
2025-02-02 17:00:00;NORDESTE;SUDESTE/CENTRO-OESTE;2231.714
2025-02-02 18:00:00;NORDESTE;SUDESTE/CENTRO-OESTE;2721.012
2025-02-02 19:00:00;NORDESTE;SUDESTE/CENTRO-OESTE;2932.346
2025-02-02 20:00:00;NORDESTE;SUDESTE/CENTRO-OESTE;2900.581
2025-02-02 21:00:00;NORDESTE;SUDESTE/CENTRO-OESTE;2924.833
2025-02-02 22:00:00;NORDESTE;SUDESTE/CENTRO-OESTE;2800.212
2025-02-02 23:00:00;NORDESTE;SUDESTE/CENTRO-OESTE;2784.891
2025-02-03 00:00:00;NORDESTE;SUDESTE/CENTRO-OESTE;2885.473
2025-02-03 01:00:00;NORDESTE;SUDESTE/CENTRO-OESTE;2746.826
2025-02-03 02:00:00;NORDESTE;SUDESTE/CENTRO-OESTE;2692.035
2025-02-03 03:00:00;NORDESTE;SUDESTE/CENTRO-OESTE;2764.731
2025-02-03 04:00:00;NORDESTE;SUDESTE/CENTRO-OESTE;2679.933
2025-02-03 05:00:00;NORDESTE;SUDESTE/CENTRO-OESTE;2726.466
2025-02-03 06:00:00;NORDESTE;SUDESTE/CENTRO-OESTE;2285.899
2025-02-03 07:00:00;NORDESTE;SUDESTE/CENTRO-OESTE;2650.904
2025-02-03 08:00:00;NORDESTE;SUDESTE/CENTRO-OESTE;1979.485
2025-02-03 09:00:00;NORDESTE;SUDESTE/CENTRO-OESTE;1338.10999999
2025-02-03 10:00:00;NORDESTE;SUDESTE/CENTRO-OESTE;1175.901
2025-02-03 11:00:00;NORDESTE;SUDESTE/CENTRO-OESTE;1059.833
2025-02-03 12:00:00;NORDESTE;SUDESTE/CENTRO-OESTE;875.682
2025-02-03 13:00:00;NORDESTE;SUDESTE/CENTRO-OESTE;786.266
2025-02-03 14:00:00;NORDESTE;SUDESTE/CENTRO-OESTE;595.807
2025-02-03 15:00:00;NORDESTE;SUDESTE/CENTRO-OESTE;859.877
2025-02-03 16:00:00;NORDESTE;SUDESTE/CENTRO-OESTE;1450.954
2025-02-03 17:00:00;NORDESTE;SUDESTE/CENTRO-OESTE;1988.94
2025-02-03 18:00:00;NORDESTE;SUDESTE/CENTRO-OESTE;2539.672
2025-02-03 19:00:00;NORDESTE;SUDESTE/CENTRO-OESTE;2547.674
2025-02-03 20:00:00;NORDESTE;SUDESTE/CENTRO-OESTE;2506.63
2025-02-03 21:00:00;NORDESTE;SUDESTE/CENTRO-OESTE;2118.858
2025-02-03 22:00:00;NORDESTE;SUDESTE/CENTRO-OESTE;2563.404
2025-02-03 23:00:00;NORDESTE;SUDESTE/CENTRO-OESTE;2213.594
2025-02-04 00:00:00;NORDESTE;SUDESTE/CENTRO-OESTE;2579.30699999
2025-02-04 01:00:00;NORDESTE;SUDESTE/CENTRO-OESTE;2776.2
2025-02-04 02:00:00;NORDESTE;SUDESTE/CENTRO-OESTE;2663.561
2025-02-04 03:00:00;NORDESTE;SUDESTE/CENTRO-OESTE;2552.676
2025-02-04 04:00:00;NORDESTE;SUDESTE/CENTRO-OESTE;2409.425
2025-02-04 05:00:00;NORDESTE;SUDESTE/CENTRO-OESTE;2662.544
2025-02-04 06:00:00;NORDESTE;SUDESTE/CENTRO-OESTE;2598.43199999
2025-02-04 07:00:00;NORDESTE;SUDESTE/CENTRO-OESTE;1553.594
2025-02-04 08:00:00;NORDESTE;SUDESTE/CENTRO-OESTE;863.522
2025-02-04 09:00:00;NORDESTE;SUDESTE/CENTRO-OESTE;739.018
2025-02-04 10:00:00;NORDESTE;SUDESTE/CENTRO-OESTE;782.305
2025-02-04 11:00:00;NORDESTE;SUDESTE/CENTRO-OESTE;607.268
2025-02-04 12:00:00;NORDESTE;SUDESTE/CENTRO-OESTE;813.409
2025-02-04 13:00:00;NORDESTE;SUDESTE/CENTRO-OESTE;725.229
2025-02-04 14:00:00;NORDESTE;SUDESTE/CENTRO-OESTE;717.945
2025-02-04 15:00:00;NORDESTE;SUDESTE/CENTRO-OESTE;1047.97
2025-02-04 16:00:00;NORDESTE;SUDESTE/CENTRO-OESTE;842.381
2025-02-04 17:00:00;NORDESTE;SUDESTE/CENTRO-OESTE;1452.017
2025-02-04 18:00:00;NORDESTE;SUDESTE/CENTRO-OESTE;2475.783
2025-02-04 19:00:00;NORDESTE;SUDESTE/CENTRO-OESTE;2689.323
2025-02-04 20:00:00;NORDESTE;SUDESTE/CENTRO-OESTE;2783.273
2025-02-04 21:00:00;NORDESTE;SUDESTE/CENTRO-OESTE;2469.009
2025-02-04 22:00:00;NORDESTE;SUDESTE/CENTRO-OESTE;2491.097
2025-02-04 23:00:00;NORDESTE;SUDESTE/CENTRO-OESTE;2509.61
2025-02-05 00:00:00;NORDESTE;SUDESTE/CENTRO-OESTE;2503.864
2025-02-05 01:00:00;NORDESTE;SUDESTE/CENTRO-OESTE;2683.741
2025-02-05 02:00:00;NORDESTE;SUDESTE/CENTRO-OESTE;2696.598
2025-02-05 03:00:00;NORDESTE;SUDESTE/CENTRO-OESTE;2783.133
2025-02-05 04:00:00;NORDESTE;SUDESTE/CENTRO-OESTE;2755.772
2025-02-05 05:00:00;NORDESTE;SUDESTE/CENTRO-OESTE;2719.561
2025-02-05 06:00:00;NORDESTE;SUDESTE/CENTRO-OESTE;2360.986
2025-02-05 07:00:00;NORDESTE;SUDESTE/CENTRO-OESTE;1476.763
2025-02-05 08:00:00;NORDESTE;SUDESTE/CENTRO-OESTE;1040.599
2025-02-05 09:00:00;NORDESTE;SUDESTE/CENTRO-OESTE;803.164
2025-02-05 10:00:00;NORDESTE;SUDESTE/CENTRO-OESTE;877.332
2025-02-05 11:00:00;NORDESTE;SUDESTE/CENTRO-OESTE;1418.489
2025-02-05 12:00:00;NORDESTE;SUDESTE/CENTRO-OESTE;1759.787
2025-02-05 13:00:00;NORDESTE;SUDESTE/CENTRO-OESTE;1747.267
2025-02-05 14:00:00;NORDESTE;SUDESTE/CENTRO-OESTE;1775.528
2025-02-05 15:00:00;NORDESTE;SUDESTE/CENTRO-OESTE;1967.508
2025-02-05 16:00:00;NORDESTE;SUDESTE/CENTRO-OESTE;1890.985
2025-02-05 17:00:00;NORDESTE;SUDESTE/CENTRO-OESTE;1939.191
2025-02-05 18:00:00;NORDESTE;SUDESTE/CENTRO-OESTE;2685.531
2025-02-05 19:00:00;NORDESTE;SUDESTE/CENTRO-OESTE;2776.617
2025-02-05 20:00:00;NORDESTE;SUDESTE/CENTRO-OESTE;3011.15
2025-02-05 21:00:00;NORDESTE;SUDESTE/CENTRO-OESTE;2742.427
2025-02-05 22:00:00;NORDESTE;SUDESTE/CENTRO-OESTE;2727.641
2025-02-05 23:00:00;NORDESTE;SUDESTE/CENTRO-OESTE;2697.569
2025-02-06 00:00:00;NORDESTE;SUDESTE/CENTRO-OESTE;2633.826
2025-02-06 01:00:00;NORDESTE;SUDESTE/CENTRO-OESTE;2794.733
2025-02-06 02:00:00;NORDESTE;SUDESTE/CENTRO-OESTE;2745.48799999
2025-02-06 03:00:00;NORDESTE;SUDESTE/CENTRO-OESTE;2848.906
2025-02-06 04:00:00;NORDESTE;SUDESTE/CENTRO-OESTE;2768.819
2025-02-06 05:00:00;NORDESTE;SUDESTE/CENTRO-OESTE;2559.035
2025-02-06 06:00:00;NORDESTE;SUDESTE/CENTRO-OESTE;2482.626
2025-02-06 07:00:00;NORDESTE;SUDESTE/CENTRO-OESTE;1286.067
2025-02-06 08:00:00;NORDESTE;SUDESTE/CENTRO-OESTE;1263.16
2025-02-06 09:00:00;NORDESTE;SUDESTE/CENTRO-OESTE;1672.264
2025-02-06 10:00:00;NORDESTE;SUDESTE/CENTRO-OESTE;1257.736
2025-02-06 11:00:00;NORDESTE;SUDESTE/CENTRO-OESTE;733.793
2025-02-06 12:00:00;NORDESTE;SUDESTE/CENTRO-OESTE;899.187
2025-02-06 13:00:00;NORDESTE;SUDESTE/CENTRO-OESTE;1318.253
2025-02-06 14:00:00;NORDESTE;SUDESTE/CENTRO-OESTE;1659.86
2025-02-06 15:00:00;NORDESTE;SUDESTE/CENTRO-OESTE;911.362
2025-02-06 16:00:00;NORDESTE;SUDESTE/CENTRO-OESTE;1737.079
2025-02-06 17:00:00;NORDESTE;SUDESTE/CENTRO-OESTE;2092.21099999
2025-02-06 18:00:00;NORDESTE;SUDESTE/CENTRO-OESTE;2654.779
2025-02-06 19:00:00;NORDESTE;SUDESTE/CENTRO-OESTE;2899.892
2025-02-06 20:00:00;NORDESTE;SUDESTE/CENTRO-OESTE;2825.405
2025-02-06 21:00:00;NORDESTE;SUDESTE/CENTRO-OESTE;2541.437
2025-02-06 22:00:00;NORDESTE;SUDESTE/CENTRO-OESTE;2329.518
2025-02-06 23:00:00;NORDESTE;SUDESTE/CENTRO-OESTE;2550.753
2025-02-07 00:00:00;NORDESTE;SUDESTE/CENTRO-OESTE;2205.714
2025-02-07 01:00:00;NORDESTE;SUDESTE/CENTRO-OESTE;2659.097
2025-02-07 02:00:00;NORDESTE;SUDESTE/CENTRO-OESTE;2836.667
2025-02-07 03:00:00;NORDESTE;SUDESTE/CENTRO-OESTE;2764.305
2025-02-07 04:00:00;NORDESTE;SUDESTE/CENTRO-OESTE;2830.281
2025-02-07 05:00:00;NORDESTE;SUDESTE/CENTRO-OESTE;2730.96999999
2025-02-07 06:00:00;NORDESTE;SUDESTE/CENTRO-OESTE;2492.64199999
2025-02-07 07:00:00;NORDESTE;SUDESTE/CENTRO-OESTE;1878.64
2025-02-07 08:00:00;NORDESTE;SUDESTE/CENTRO-OESTE;1398.174
2025-02-07 09:00:00;NORDESTE;SUDESTE/CENTRO-OESTE;1280.703
2025-02-07 10:00:00;NORDESTE;SUDESTE/CENTRO-OESTE;1165.836
2025-02-07 11:00:00;NORDESTE;SUDESTE/CENTRO-OESTE;1491.876
2025-02-07 12:00:00;NORDESTE;SUDESTE/CENTRO-OESTE;1915.377
2025-02-07 13:00:00;NORDESTE;SUDESTE/CENTRO-OESTE;2085.57499999
2025-02-07 14:00:00;NORDESTE;SUDESTE/CENTRO-OESTE;2105.48
2025-02-07 15:00:00;NORDESTE;SUDESTE/CENTRO-OESTE;1969.19
2025-02-07 16:00:00;NORDESTE;SUDESTE/CENTRO-OESTE;1791.665
2025-02-07 17:00:00;NORDESTE;SUDESTE/CENTRO-OESTE;2194.79
2025-02-07 18:00:00;NORDESTE;SUDESTE/CENTRO-OESTE;2958.19
2025-02-07 19:00:00;NORDESTE;SUDESTE/CENTRO-OESTE;3024.718
2025-02-07 20:00:00;NORDESTE;SUDESTE/CENTRO-OESTE;2846.038
2025-02-07 21:00:00;NORDESTE;SUDESTE/CENTRO-OESTE;2774.756
2025-02-07 22:00:00;NORDESTE;SUDESTE/CENTRO-OESTE;2647.725
2025-02-07 23:00:00;NORDESTE;SUDESTE/CENTRO-OESTE;2633.824
2025-02-08 00:00:00;NORDESTE;SUDESTE/CENTRO-OESTE;2381.69999999
2025-02-08 01:00:00;NORDESTE;SUDESTE/CENTRO-OESTE;2651.675
2025-02-08 02:00:00;NORDESTE;SUDESTE/CENTRO-OESTE;2701.20899999
2025-02-08 03:00:00;NORDESTE;SUDESTE/CENTRO-OESTE;2612.771
2025-02-08 04:00:00;NORDESTE;SUDESTE/CENTRO-OESTE;2749.243
2025-02-08 05:00:00;NORDESTE;SUDESTE/CENTRO-OESTE;2845.844
2025-02-08 06:00:00;NORDESTE;SUDESTE/CENTRO-OESTE;2817.562
2025-02-08 07:00:00;NORDESTE;SUDESTE/CENTRO-OESTE;2750.677
2025-02-08 08:00:00;NORDESTE;SUDESTE/CENTRO-OESTE;2547.024
2025-02-08 09:00:00;NORDESTE;SUDESTE/CENTRO-OESTE;2578.011
2025-02-08 10:00:00;NORDESTE;SUDESTE/CENTRO-OESTE;2613.975
2025-02-08 11:00:00;NORDESTE;SUDESTE/CENTRO-OESTE;2406.166
2025-02-08 12:00:00;NORDESTE;SUDESTE/CENTRO-OESTE;2398.746
2025-02-08 13:00:00;NORDESTE;SUDESTE/CENTRO-OESTE;2460.42999999
2025-02-08 14:00:00;NORDESTE;SUDESTE/CENTRO-OESTE;2709.936
2025-02-08 15:00:00;NORDESTE;SUDESTE/CENTRO-OESTE;2598.088
2025-02-08 16:00:00;NORDESTE;SUDESTE/CENTRO-OESTE;2776.252
2025-02-08 17:00:00;NORDESTE;SUDESTE/CENTRO-OESTE;2648.86499999
2025-02-08 18:00:00;NORDESTE;SUDESTE/CENTRO-OESTE;2915.671
2025-02-08 19:00:00;NORDESTE;SUDESTE/CENTRO-OESTE;2861.265
2025-02-08 20:00:00;NORDESTE;SUDESTE/CENTRO-OESTE;2898.05
2025-02-08 21:00:00;NORDESTE;SUDESTE/CENTRO-OESTE;2689.246
2025-02-08 22:00:00;NORDESTE;SUDESTE/CENTRO-OESTE;2670.66
2025-02-08 23:00:00;NORDESTE;SUDESTE/CENTRO-OESTE;2547.981
2025-02-09 00:00:00;NORDESTE;SUDESTE/CENTRO-OESTE;2779.828
2025-02-09 01:00:00;NORDESTE;SUDESTE/CENTRO-OESTE;2756.802
2025-02-09 02:00:00;NORDESTE;SUDESTE/CENTRO-OESTE;2762.412
2025-02-09 03:00:00;NORDESTE;SUDESTE/CENTRO-OESTE;2840.948
2025-02-09 04:00:00;NORDESTE;SUDESTE/CENTRO-OESTE;2726.55699999
2025-02-09 05:00:00;NORDESTE;SUDESTE/CENTRO-OESTE;2624.96799999
2025-02-09 06:00:00;NORDESTE;SUDESTE/CENTRO-OESTE;2769.643
2025-02-09 07:00:00;NORDESTE;SUDESTE/CENTRO-OESTE;2898.037
2025-02-09 08:00:00;NORDESTE;SUDESTE/CENTRO-OESTE;2060.605
2025-02-09 09:00:00;NORDESTE;SUDESTE/CENTRO-OESTE;1362.142
2025-02-09 10:00:00;NORDESTE;SUDESTE/CENTRO-OESTE;998.703
2025-02-09 11:00:00;NORDESTE;SUDESTE/CENTRO-OESTE;959.949
2025-02-09 12:00:00;NORDESTE;SUDESTE/CENTRO-OESTE;976.245
2025-02-09 13:00:00;NORDESTE;SUDESTE/CENTRO-OESTE;1187.525
2025-02-09 14:00:00;NORDESTE;SUDESTE/CENTRO-OESTE;1640.03
2025-02-09 15:00:00;NORDESTE;SUDESTE/CENTRO-OESTE;2373.893
2025-02-09 16:00:00;NORDESTE;SUDESTE/CENTRO-OESTE;2437.933
2025-02-09 17:00:00;NORDESTE;SUDESTE/CENTRO-OESTE;2713.476
2025-02-09 18:00:00;NORDESTE;SUDESTE/CENTRO-OESTE;2918.058
2025-02-09 19:00:00;NORDESTE;SUDESTE/CENTRO-OESTE;2931.443
2025-02-09 20:00:00;NORDESTE;SUDESTE/CENTRO-OESTE;2842.247
2025-02-09 21:00:00;NORDESTE;SUDESTE/CENTRO-OESTE;2674.01899999
2025-02-09 22:00:00;NORDESTE;SUDESTE/CENTRO-OESTE;2592.58
2025-02-09 23:00:00;NORDESTE;SUDESTE/CENTRO-OESTE;2615.369
2025-02-10 00:00:00;NORDESTE;SUDESTE/CENTRO-OESTE;2674.216
2025-02-10 01:00:00;NORDESTE;SUDESTE/CENTRO-OESTE;2577.86
2025-02-10 02:00:00;NORDESTE;SUDESTE/CENTRO-OESTE;2484.804
2025-02-10 03:00:00;NORDESTE;SUDESTE/CENTRO-OESTE;2798.906
2025-02-10 04:00:00;NORDESTE;SUDESTE/CENTRO-OESTE;2413.291
2025-02-10 05:00:00;NORDESTE;SUDESTE/CENTRO-OESTE;2569.188
2025-02-10 06:00:00;NORDESTE;SUDESTE/CENTRO-OESTE;2556.176
2025-02-10 07:00:00;NORDESTE;SUDESTE/CENTRO-OESTE;1991.984
2025-02-10 08:00:00;NORDESTE;SUDESTE/CENTRO-OESTE;1776.745
2025-02-10 09:00:00;NORDESTE;SUDESTE/CENTRO-OESTE;1945.65
2025-02-10 10:00:00;NORDESTE;SUDESTE/CENTRO-OESTE;1539.312
2025-02-10 11:00:00;NORDESTE;SUDESTE/CENTRO-OESTE;1504.863
2025-02-10 12:00:00;NORDESTE;SUDESTE/CENTRO-OESTE;1326.122
2025-02-10 13:00:00;NORDESTE;SUDESTE/CENTRO-OESTE;1377.046
2025-02-10 14:00:00;NORDESTE;SUDESTE/CENTRO-OESTE;1641.317
2025-02-10 15:00:00;NORDESTE;SUDESTE/CENTRO-OESTE;1927.034
2025-02-10 16:00:00;NORDESTE;SUDESTE/CENTRO-OESTE;1949.017
2025-02-10 17:00:00;NORDESTE;SUDESTE/CENTRO-OESTE;2126.873
2025-02-10 18:00:00;NORDESTE;SUDESTE/CENTRO-OESTE;2246.292
2025-02-10 19:00:00;NORDESTE;SUDESTE/CENTRO-OESTE;2638.462
2025-02-10 20:00:00;NORDESTE;SUDESTE/CENTRO-OESTE;2718.55499999
2025-02-10 21:00:00;NORDESTE;SUDESTE/CENTRO-OESTE;2791.631
2025-02-10 22:00:00;NORDESTE;SUDESTE/CENTRO-OESTE;2707.527
2025-02-10 23:00:00;NORDESTE;SUDESTE/CENTRO-OESTE;2744.589
2025-02-11 00:00:00;NORDESTE;SUDESTE/CENTRO-OESTE;2465.79799999
2025-02-11 01:00:00;NORDESTE;SUDESTE/CENTRO-OESTE;2415.195
2025-02-11 02:00:00;NORDESTE;SUDESTE/CENTRO-OESTE;2693.08
2025-02-11 03:00:00;NORDESTE;SUDESTE/CENTRO-OESTE;2752.616
2025-02-11 04:00:00;NORDESTE;SUDESTE/CENTRO-OESTE;2863.8
2025-02-11 05:00:00;NORDESTE;SUDESTE/CENTRO-OESTE;2842.346
2025-02-11 06:00:00;NORDESTE;SUDESTE/CENTRO-OESTE;2686.018
2025-02-11 07:00:00;NORDESTE;SUDESTE/CENTRO-OESTE;2324.571
2025-02-11 08:00:00;NORDESTE;SUDESTE/CENTRO-OESTE;2168.032
2025-02-11 09:00:00;NORDESTE;SUDESTE/CENTRO-OESTE;1804.525
2025-02-11 10:00:00;NORDESTE;SUDESTE/CENTRO-OESTE;1827.211
2025-02-11 11:00:00;NORDESTE;SUDESTE/CENTRO-OESTE;1620.068
2025-02-11 12:00:00;NORDESTE;SUDESTE/CENTRO-OESTE;1648.364
2025-02-11 13:00:00;NORDESTE;SUDESTE/CENTRO-OESTE;1211.551
2025-02-11 14:00:00;NORDESTE;SUDESTE/CENTRO-OESTE;1356.377
2025-02-11 15:00:00;NORDESTE;SUDESTE/CENTRO-OESTE;1034.198
2025-02-11 16:00:00;NORDESTE;SUDESTE/CENTRO-OESTE;791.126
2025-02-11 17:00:00;NORDESTE;SUDESTE/CENTRO-OESTE;1427.889
2025-02-11 18:00:00;NORDESTE;SUDESTE/CENTRO-OESTE;1884.04
2025-02-11 19:00:00;NORDESTE;SUDESTE/CENTRO-OESTE;2142.581
2025-02-11 20:00:00;NORDESTE;SUDESTE/CENTRO-OESTE;2223.387
2025-02-11 21:00:00;NORDESTE;SUDESTE/CENTRO-OESTE;2073.559
2025-02-11 22:00:00;NORDESTE;SUDESTE/CENTRO-OESTE;2017.42
2025-02-11 23:00:00;NORDESTE;SUDESTE/CENTRO-OESTE;2009.344
2025-02-12 00:00:00;NORDESTE;SUDESTE/CENTRO-OESTE;2027.365
2025-02-12 01:00:00;NORDESTE;SUDESTE/CENTRO-OESTE;2439.38
2025-02-12 02:00:00;NORDESTE;SUDESTE/CENTRO-OESTE;2312.341
2025-02-12 03:00:00;NORDESTE;SUDESTE/CENTRO-OESTE;2241.54599999
2025-02-12 04:00:00;NORDESTE;SUDESTE/CENTRO-OESTE;2069.312
2025-02-12 05:00:00;NORDESTE;SUDESTE/CENTRO-OESTE;2274.24699999
2025-02-12 06:00:00;NORDESTE;SUDESTE/CENTRO-OESTE;2490.33399999
2025-02-12 07:00:00;NORDESTE;SUDESTE/CENTRO-OESTE;2190.726
2025-02-12 08:00:00;NORDESTE;SUDESTE/CENTRO-OESTE;1922.875
2025-02-12 09:00:00;NORDESTE;SUDESTE/CENTRO-OESTE;2099.678
2025-02-12 10:00:00;NORDESTE;SUDESTE/CENTRO-OESTE;1949.939
2025-02-12 11:00:00;NORDESTE;SUDESTE/CENTRO-OESTE;2059.368
2025-02-12 12:00:00;NORDESTE;SUDESTE/CENTRO-OESTE;2025.701
2025-02-12 13:00:00;NORDESTE;SUDESTE/CENTRO-OESTE;1764.999
2025-02-12 14:00:00;NORDESTE;SUDESTE/CENTRO-OESTE;1486.205
2025-02-12 15:00:00;NORDESTE;SUDESTE/CENTRO-OESTE;881.282
2025-02-12 16:00:00;NORDESTE;SUDESTE/CENTRO-OESTE;1399.758
2025-02-12 17:00:00;NORDESTE;SUDESTE/CENTRO-OESTE;1609.822
2025-02-12 18:00:00;NORDESTE;SUDESTE/CENTRO-OESTE;2382.574
2025-02-12 19:00:00;NORDESTE;SUDESTE/CENTRO-OESTE;2539.86
2025-02-12 20:00:00;NORDESTE;SUDESTE/CENTRO-OESTE;2288.64399999
2025-02-12 21:00:00;NORDESTE;SUDESTE/CENTRO-OESTE;1937.951
2025-02-12 22:00:00;NORDESTE;SUDESTE/CENTRO-OESTE;2011.836
2025-02-12 23:00:00;NORDESTE;SUDESTE/CENTRO-OESTE;2461.474
2025-02-13 00:00:00;NORDESTE;SUDESTE/CENTRO-OESTE;2482.464
2025-02-13 01:00:00;NORDESTE;SUDESTE/CENTRO-OESTE;2572.676
2025-02-13 02:00:00;NORDESTE;SUDESTE/CENTRO-OESTE;2560.025
2025-02-13 03:00:00;NORDESTE;SUDESTE/CENTRO-OESTE;2477.097
2025-02-13 04:00:00;NORDESTE;SUDESTE/CENTRO-OESTE;2229.096
2025-02-13 05:00:00;NORDESTE;SUDESTE/CENTRO-OESTE;2567.091
2025-02-13 06:00:00;NORDESTE;SUDESTE/CENTRO-OESTE;2546.71999999
2025-02-13 07:00:00;NORDESTE;SUDESTE/CENTRO-OESTE;2089.844
2025-02-13 08:00:00;NORDESTE;SUDESTE/CENTRO-OESTE;2051.63299999
2025-02-13 09:00:00;NORDESTE;SUDESTE/CENTRO-OESTE;1800.259
2025-02-13 10:00:00;NORDESTE;SUDESTE/CENTRO-OESTE;1735.845
2025-02-13 11:00:00;NORDESTE;SUDESTE/CENTRO-OESTE;1680.394
2025-02-13 12:00:00;NORDESTE;SUDESTE/CENTRO-OESTE;1567.659
2025-02-13 13:00:00;NORDESTE;SUDESTE/CENTRO-OESTE;1564.009
2025-02-13 14:00:00;NORDESTE;SUDESTE/CENTRO-OESTE;3226.807
2025-02-13 15:00:00;NORDESTE;SUDESTE/CENTRO-OESTE;2771.481
2025-02-13 16:00:00;NORDESTE;SUDESTE/CENTRO-OESTE;2669.501
2025-02-13 17:00:00;NORDESTE;SUDESTE/CENTRO-OESTE;3134.392
2025-02-13 18:00:00;NORDESTE;SUDESTE/CENTRO-OESTE;3863.955
2025-02-13 19:00:00;NORDESTE;SUDESTE/CENTRO-OESTE;4637.55199999
2025-02-13 20:00:00;NORDESTE;SUDESTE/CENTRO-OESTE;4762.745
2025-02-13 21:00:00;NORDESTE;SUDESTE/CENTRO-OESTE;4827.12299999
2025-02-13 22:00:00;NORDESTE;SUDESTE/CENTRO-OESTE;5096.85499999
2025-02-13 23:00:00;NORDESTE;SUDESTE/CENTRO-OESTE;4834.51599999
2025-02-14 00:00:00;NORDESTE;SUDESTE/CENTRO-OESTE;4586.222
2025-02-14 01:00:00;NORDESTE;SUDESTE/CENTRO-OESTE;4869.559
2025-02-14 02:00:00;NORDESTE;SUDESTE/CENTRO-OESTE;4872.429
2025-02-14 03:00:00;NORDESTE;SUDESTE/CENTRO-OESTE;4625.509
2025-02-14 04:00:00;NORDESTE;SUDESTE/CENTRO-OESTE;4376.90899999
2025-02-14 05:00:00;NORDESTE;SUDESTE/CENTRO-OESTE;4533.358
2025-02-14 06:00:00;NORDESTE;SUDESTE/CENTRO-OESTE;4399.381
2025-02-14 07:00:00;NORDESTE;SUDESTE/CENTRO-OESTE;3288.408
2025-02-14 08:00:00;NORDESTE;SUDESTE/CENTRO-OESTE;2590.879
2025-02-14 09:00:00;NORDESTE;SUDESTE/CENTRO-OESTE;3054.923
2025-02-14 10:00:00;NORDESTE;SUDESTE/CENTRO-OESTE;2977.981
2025-02-14 11:00:00;NORDESTE;SUDESTE/CENTRO-OESTE;3343.761
2025-02-14 12:00:00;NORDESTE;SUDESTE/CENTRO-OESTE;3381.074
2025-02-14 13:00:00;NORDESTE;SUDESTE/CENTRO-OESTE;3223.006
2025-02-14 14:00:00;NORDESTE;SUDESTE/CENTRO-OESTE;3019.439
2025-02-14 15:00:00;NORDESTE;SUDESTE/CENTRO-OESTE;2727.993
2025-02-14 16:00:00;NORDESTE;SUDESTE/CENTRO-OESTE;2695.934
2025-02-14 17:00:00;NORDESTE;SUDESTE/CENTRO-OESTE;3416.627
2025-02-14 18:00:00;NORDESTE;SUDESTE/CENTRO-OESTE;3770.463
2025-02-14 19:00:00;NORDESTE;SUDESTE/CENTRO-OESTE;4228.72599999
2025-02-14 20:00:00;NORDESTE;SUDESTE/CENTRO-OESTE;3890.236
2025-02-14 21:00:00;NORDESTE;SUDESTE/CENTRO-OESTE;4046.174
2025-02-14 22:00:00;NORDESTE;SUDESTE/CENTRO-OESTE;4042.936
2025-02-14 23:00:00;NORDESTE;SUDESTE/CENTRO-OESTE;3572.212
2025-02-15 00:00:00;NORDESTE;SUDESTE/CENTRO-OESTE;3678.344
2025-02-15 01:00:00;NORDESTE;SUDESTE/CENTRO-OESTE;4223.193
2025-02-15 02:00:00;NORDESTE;SUDESTE/CENTRO-OESTE;4572.036
2025-02-15 03:00:00;NORDESTE;SUDESTE/CENTRO-OESTE;4654.643
2025-02-15 04:00:00;NORDESTE;SUDESTE/CENTRO-OESTE;4486.41
2025-02-15 05:00:00;NORDESTE;SUDESTE/CENTRO-OESTE;4399.883
2025-02-15 06:00:00;NORDESTE;SUDESTE/CENTRO-OESTE;4442.23899999
2025-02-15 07:00:00;NORDESTE;SUDESTE/CENTRO-OESTE;4205.345
2025-02-15 08:00:00;NORDESTE;SUDESTE/CENTRO-OESTE;3117.023
2025-02-15 09:00:00;NORDESTE;SUDESTE/CENTRO-OESTE;2964.037
2025-02-15 10:00:00;NORDESTE;SUDESTE/CENTRO-OESTE;2600.722
2025-02-15 11:00:00;NORDESTE;SUDESTE/CENTRO-OESTE;2523.994
2025-02-15 12:00:00;NORDESTE;SUDESTE/CENTRO-OESTE;2533.617
2025-02-15 13:00:00;NORDESTE;SUDESTE/CENTRO-OESTE;3392.598
2025-02-15 14:00:00;NORDESTE;SUDESTE/CENTRO-OESTE;3867.393
2025-02-15 15:00:00;NORDESTE;SUDESTE/CENTRO-OESTE;3547.254
2025-02-15 16:00:00;NORDESTE;SUDESTE/CENTRO-OESTE;4785.982
2025-02-15 17:00:00;NORDESTE;SUDESTE/CENTRO-OESTE;4701.138
2025-02-15 18:00:00;NORDESTE;SUDESTE/CENTRO-OESTE;4828.916
2025-02-15 19:00:00;NORDESTE;SUDESTE/CENTRO-OESTE;5431.195
2025-02-15 20:00:00;NORDESTE;SUDESTE/CENTRO-OESTE;5440.595
2025-02-15 21:00:00;NORDESTE;SUDESTE/CENTRO-OESTE;5400.06499999
2025-02-15 22:00:00;NORDESTE;SUDESTE/CENTRO-OESTE;5646.46
2025-02-15 23:00:00;NORDESTE;SUDESTE/CENTRO-OESTE;5569.126
2025-02-16 00:00:00;NORDESTE;SUDESTE/CENTRO-OESTE;5809.625
2025-02-16 01:00:00;NORDESTE;SUDESTE/CENTRO-OESTE;5907.067
2025-02-16 02:00:00;NORDESTE;SUDESTE/CENTRO-OESTE;5806.295
2025-02-16 03:00:00;NORDESTE;SUDESTE/CENTRO-OESTE;5621.049
2025-02-16 04:00:00;NORDESTE;SUDESTE/CENTRO-OESTE;5759.824
2025-02-16 05:00:00;NORDESTE;SUDESTE/CENTRO-OESTE;5215.446
2025-02-16 06:00:00;NORDESTE;SUDESTE/CENTRO-OESTE;5133.18
2025-02-16 07:00:00;NORDESTE;SUDESTE/CENTRO-OESTE;5081.804
2025-02-16 08:00:00;NORDESTE;SUDESTE/CENTRO-OESTE;4203.368
2025-02-16 09:00:00;NORDESTE;SUDESTE/CENTRO-OESTE;3709.63
2025-02-16 10:00:00;NORDESTE;SUDESTE/CENTRO-OESTE;3243.521
2025-02-16 11:00:00;NORDESTE;SUDESTE/CENTRO-OESTE;3338.174
2025-02-16 12:00:00;NORDESTE;SUDESTE/CENTRO-OESTE;3840.221
2025-02-16 13:00:00;NORDESTE;SUDESTE/CENTRO-OESTE;4719.692
2025-02-16 14:00:00;NORDESTE;SUDESTE/CENTRO-OESTE;5025.589
2025-02-16 15:00:00;NORDESTE;SUDESTE/CENTRO-OESTE;4598.223
2025-02-16 16:00:00;NORDESTE;SUDESTE/CENTRO-OESTE;4576.898
2025-02-16 17:00:00;NORDESTE;SUDESTE/CENTRO-OESTE;4020.348
2025-02-16 18:00:00;NORDESTE;SUDESTE/CENTRO-OESTE;5010.05199999
2025-02-16 19:00:00;NORDESTE;SUDESTE/CENTRO-OESTE;4842.3
2025-02-16 20:00:00;NORDESTE;SUDESTE/CENTRO-OESTE;4727.732
2025-02-16 21:00:00;NORDESTE;SUDESTE/CENTRO-OESTE;4782.237
2025-02-16 22:00:00;NORDESTE;SUDESTE/CENTRO-OESTE;4772.269
2025-02-16 23:00:00;NORDESTE;SUDESTE/CENTRO-OESTE;4563.993
2025-02-17 00:00:00;NORDESTE;SUDESTE/CENTRO-OESTE;4924.45799999
2025-02-17 01:00:00;NORDESTE;SUDESTE/CENTRO-OESTE;4757.245
2025-02-17 02:00:00;NORDESTE;SUDESTE/CENTRO-OESTE;4731.734
2025-02-17 03:00:00;NORDESTE;SUDESTE/CENTRO-OESTE;4768.884
2025-02-17 04:00:00;NORDESTE;SUDESTE/CENTRO-OESTE;4811.041
2025-02-17 05:00:00;NORDESTE;SUDESTE/CENTRO-OESTE;5375.74799999
2025-02-17 06:00:00;NORDESTE;SUDESTE/CENTRO-OESTE;5659.426
2025-02-17 07:00:00;NORDESTE;SUDESTE/CENTRO-OESTE;5178.097
2025-02-17 08:00:00;NORDESTE;SUDESTE/CENTRO-OESTE;5447.184
2025-02-17 09:00:00;NORDESTE;SUDESTE/CENTRO-OESTE;5371.589
2025-02-17 10:00:00;NORDESTE;SUDESTE/CENTRO-OESTE;5039.48899999
2025-02-17 11:00:00;NORDESTE;SUDESTE/CENTRO-OESTE;4752.671
2025-02-17 12:00:00;NORDESTE;SUDESTE/CENTRO-OESTE;5322.158
2025-02-17 13:00:00;NORDESTE;SUDESTE/CENTRO-OESTE;4796.245
2025-02-17 14:00:00;NORDESTE;SUDESTE/CENTRO-OESTE;3918.544
2025-02-17 15:00:00;NORDESTE;SUDESTE/CENTRO-OESTE;2688.176
2025-02-17 16:00:00;NORDESTE;SUDESTE/CENTRO-OESTE;2883.285
2025-02-17 17:00:00;NORDESTE;SUDESTE/CENTRO-OESTE;3172.144
2025-02-17 18:00:00;NORDESTE;SUDESTE/CENTRO-OESTE;3944.067
2025-02-17 19:00:00;NORDESTE;SUDESTE/CENTRO-OESTE;4674.176
2025-02-17 20:00:00;NORDESTE;SUDESTE/CENTRO-OESTE;4838.889
2025-02-17 21:00:00;NORDESTE;SUDESTE/CENTRO-OESTE;5212.077
2025-02-17 22:00:00;NORDESTE;SUDESTE/CENTRO-OESTE;5081.03399999
2025-02-17 23:00:00;NORDESTE;SUDESTE/CENTRO-OESTE;4825.76
2025-02-18 00:00:00;NORDESTE;SUDESTE/CENTRO-OESTE;4664.06099999
2025-02-18 01:00:00;NORDESTE;SUDESTE/CENTRO-OESTE;4275.685
2025-02-18 02:00:00;NORDESTE;SUDESTE/CENTRO-OESTE;3960.583
2025-02-18 03:00:00;NORDESTE;SUDESTE/CENTRO-OESTE;3879.492
2025-02-18 04:00:00;NORDESTE;SUDESTE/CENTRO-OESTE;3758.679
2025-02-18 05:00:00;NORDESTE;SUDESTE/CENTRO-OESTE;4052.023
2025-02-18 06:00:00;NORDESTE;SUDESTE/CENTRO-OESTE;4623.804
2025-02-18 07:00:00;NORDESTE;SUDESTE/CENTRO-OESTE;4211.238
2025-02-18 08:00:00;NORDESTE;SUDESTE/CENTRO-OESTE;4144.895
2025-02-18 09:00:00;NORDESTE;SUDESTE/CENTRO-OESTE;3934.743
2025-02-18 10:00:00;NORDESTE;SUDESTE/CENTRO-OESTE;3724.721
2025-02-18 11:00:00;NORDESTE;SUDESTE/CENTRO-OESTE;3700.448
2025-02-18 12:00:00;NORDESTE;SUDESTE/CENTRO-OESTE;3596.922
2025-02-18 13:00:00;NORDESTE;SUDESTE/CENTRO-OESTE;3389.054
2025-02-18 14:00:00;NORDESTE;SUDESTE/CENTRO-OESTE;2980.754
2025-02-18 15:00:00;NORDESTE;SUDESTE/CENTRO-OESTE;2788.585
2025-02-18 16:00:00;NORDESTE;SUDESTE/CENTRO-OESTE;3584.62
2025-02-18 17:00:00;NORDESTE;SUDESTE/CENTRO-OESTE;3763.442
2025-02-18 18:00:00;NORDESTE;SUDESTE/CENTRO-OESTE;4443.828
2025-02-18 19:00:00;NORDESTE;SUDESTE/CENTRO-OESTE;4855.523
2025-02-18 20:00:00;NORDESTE;SUDESTE/CENTRO-OESTE;5033.098
2025-02-18 21:00:00;NORDESTE;SUDESTE/CENTRO-OESTE;5048.907
2025-02-18 22:00:00;NORDESTE;SUDESTE/CENTRO-OESTE;5176.789
2025-02-18 23:00:00;NORDESTE;SUDESTE/CENTRO-OESTE;5309.91799999
2025-02-19 00:00:00;NORDESTE;SUDESTE/CENTRO-OESTE;5016.67199999
2025-02-19 01:00:00;NORDESTE;SUDESTE/CENTRO-OESTE;4687.895
2025-02-19 02:00:00;NORDESTE;SUDESTE/CENTRO-OESTE;4293.859
2025-02-19 03:00:00;NORDESTE;SUDESTE/CENTRO-OESTE;4667.622
2025-02-19 04:00:00;NORDESTE;SUDESTE/CENTRO-OESTE;4945.227
2025-02-19 05:00:00;NORDESTE;SUDESTE/CENTRO-OESTE;4472.39
2025-02-19 06:00:00;NORDESTE;SUDESTE/CENTRO-OESTE;4155.59199999
2025-02-19 07:00:00;NORDESTE;SUDESTE/CENTRO-OESTE;4347.274
2025-02-19 08:00:00;NORDESTE;SUDESTE/CENTRO-OESTE;4221.334
2025-02-19 09:00:00;NORDESTE;SUDESTE/CENTRO-OESTE;3849.406
2025-02-19 10:00:00;NORDESTE;SUDESTE/CENTRO-OESTE;3567.916
2025-02-19 11:00:00;NORDESTE;SUDESTE/CENTRO-OESTE;3709.362
2025-02-19 12:00:00;NORDESTE;SUDESTE/CENTRO-OESTE;3347.556
2025-02-19 13:00:00;NORDESTE;SUDESTE/CENTRO-OESTE;2924.273
2025-02-19 14:00:00;NORDESTE;SUDESTE/CENTRO-OESTE;2603.168
2025-02-19 15:00:00;NORDESTE;SUDESTE/CENTRO-OESTE;2583.08
2025-02-19 16:00:00;NORDESTE;SUDESTE/CENTRO-OESTE;2374.081
2025-02-19 17:00:00;NORDESTE;SUDESTE/CENTRO-OESTE;2404.179
2025-02-19 18:00:00;NORDESTE;SUDESTE/CENTRO-OESTE;3466.438
2025-02-19 19:00:00;NORDESTE;SUDESTE/CENTRO-OESTE;4869.291
2025-02-19 20:00:00;NORDESTE;SUDESTE/CENTRO-OESTE;5368.042
2025-02-19 21:00:00;NORDESTE;SUDESTE/CENTRO-OESTE;5460.148
2025-02-19 22:00:00;NORDESTE;SUDESTE/CENTRO-OESTE;5479.883
2025-02-19 23:00:00;NORDESTE;SUDESTE/CENTRO-OESTE;5400.969
2025-02-20 00:00:00;NORDESTE;SUDESTE/CENTRO-OESTE;5132.899
2025-02-20 01:00:00;NORDESTE;SUDESTE/CENTRO-OESTE;5463.416
2025-02-20 02:00:00;NORDESTE;SUDESTE/CENTRO-OESTE;5272.667
2025-02-20 03:00:00;NORDESTE;SUDESTE/CENTRO-OESTE;5066.975
2025-02-20 04:00:00;NORDESTE;SUDESTE/CENTRO-OESTE;4825.579
2025-02-20 05:00:00;NORDESTE;SUDESTE/CENTRO-OESTE;4484.678
2025-02-20 06:00:00;NORDESTE;SUDESTE/CENTRO-OESTE;4353.327
2025-02-20 07:00:00;NORDESTE;SUDESTE/CENTRO-OESTE;4409.768
2025-02-20 08:00:00;NORDESTE;SUDESTE/CENTRO-OESTE;4504.78
2025-02-20 09:00:00;NORDESTE;SUDESTE/CENTRO-OESTE;4405.17
2025-02-20 10:00:00;NORDESTE;SUDESTE/CENTRO-OESTE;4346.932
2025-02-20 11:00:00;NORDESTE;SUDESTE/CENTRO-OESTE;4355.048
2025-02-20 12:00:00;NORDESTE;SUDESTE/CENTRO-OESTE;4049.721
2025-02-20 13:00:00;NORDESTE;SUDESTE/CENTRO-OESTE;4185.966
2025-02-20 14:00:00;NORDESTE;SUDESTE/CENTRO-OESTE;3870.54
2025-02-20 15:00:00;NORDESTE;SUDESTE/CENTRO-OESTE;3634.943
2025-02-20 16:00:00;NORDESTE;SUDESTE/CENTRO-OESTE;3759.906
2025-02-20 17:00:00;NORDESTE;SUDESTE/CENTRO-OESTE;3510.793
2025-02-20 18:00:00;NORDESTE;SUDESTE/CENTRO-OESTE;4566.93599999
2025-02-20 19:00:00;NORDESTE;SUDESTE/CENTRO-OESTE;5007.848
2025-02-20 20:00:00;NORDESTE;SUDESTE/CENTRO-OESTE;5489.414
2025-02-20 21:00:00;NORDESTE;SUDESTE/CENTRO-OESTE;5569.133
2025-02-20 22:00:00;NORDESTE;SUDESTE/CENTRO-OESTE;5535.627
2025-02-20 23:00:00;NORDESTE;SUDESTE/CENTRO-OESTE;5318.289
2025-02-21 00:00:00;NORDESTE;SUDESTE/CENTRO-OESTE;5588.995
2025-02-21 01:00:00;NORDESTE;SUDESTE/CENTRO-OESTE;5688.209
2025-02-21 02:00:00;NORDESTE;SUDESTE/CENTRO-OESTE;5720.29
2025-02-21 03:00:00;NORDESTE;SUDESTE/CENTRO-OESTE;6095.039
2025-02-21 04:00:00;NORDESTE;SUDESTE/CENTRO-OESTE;6155.926
2025-02-21 05:00:00;NORDESTE;SUDESTE/CENTRO-OESTE;5933.103
2025-02-21 06:00:00;NORDESTE;SUDESTE/CENTRO-OESTE;5432.43
2025-02-21 07:00:00;NORDESTE;SUDESTE/CENTRO-OESTE;5567.692
2025-02-21 08:00:00;NORDESTE;SUDESTE/CENTRO-OESTE;5226.283
2025-02-21 09:00:00;NORDESTE;SUDESTE/CENTRO-OESTE;5330.099
2025-02-21 10:00:00;NORDESTE;SUDESTE/CENTRO-OESTE;5118.539
2025-02-21 11:00:00;NORDESTE;SUDESTE/CENTRO-OESTE;5342.948
2025-02-21 12:00:00;NORDESTE;SUDESTE/CENTRO-OESTE;5104.295
2025-02-21 13:00:00;NORDESTE;SUDESTE/CENTRO-OESTE;5093.502
2025-02-21 14:00:00;NORDESTE;SUDESTE/CENTRO-OESTE;4512.917
2025-02-21 15:00:00;NORDESTE;SUDESTE/CENTRO-OESTE;4055.765
2025-02-21 16:00:00;NORDESTE;SUDESTE/CENTRO-OESTE;4453.192
2025-02-21 17:00:00;NORDESTE;SUDESTE/CENTRO-OESTE;4188.15899999
2025-02-21 18:00:00;NORDESTE;SUDESTE/CENTRO-OESTE;4937.202
2025-02-21 19:00:00;NORDESTE;SUDESTE/CENTRO-OESTE;5317.578
2025-02-21 20:00:00;NORDESTE;SUDESTE/CENTRO-OESTE;5344.71699999
2025-02-21 21:00:00;NORDESTE;SUDESTE/CENTRO-OESTE;5726.466
2025-02-21 22:00:00;NORDESTE;SUDESTE/CENTRO-OESTE;5612.672
2025-02-21 23:00:00;NORDESTE;SUDESTE/CENTRO-OESTE;5326.97
2025-02-22 00:00:00;NORDESTE;SUDESTE/CENTRO-OESTE;5362.599
2025-02-22 01:00:00;NORDESTE;SUDESTE/CENTRO-OESTE;5611.245
2025-02-22 02:00:00;NORDESTE;SUDESTE/CENTRO-OESTE;5485.147
2025-02-22 03:00:00;NORDESTE;SUDESTE/CENTRO-OESTE;5511.957
2025-02-22 04:00:00;NORDESTE;SUDESTE/CENTRO-OESTE;5588.344
2025-02-22 05:00:00;NORDESTE;SUDESTE/CENTRO-OESTE;5432.25699999
2025-02-22 06:00:00;NORDESTE;SUDESTE/CENTRO-OESTE;5606.117
2025-02-22 07:00:00;NORDESTE;SUDESTE/CENTRO-OESTE;5844.611
2025-02-22 08:00:00;NORDESTE;SUDESTE/CENTRO-OESTE;5758.775
2025-02-22 09:00:00;NORDESTE;SUDESTE/CENTRO-OESTE;6051.609
2025-02-22 10:00:00;NORDESTE;SUDESTE/CENTRO-OESTE;5770.652
2025-02-22 11:00:00;NORDESTE;SUDESTE/CENTRO-OESTE;4586.61399999
2025-02-22 12:00:00;NORDESTE;SUDESTE/CENTRO-OESTE;3769.947
2025-02-22 13:00:00;NORDESTE;SUDESTE/CENTRO-OESTE;3456.133
2025-02-22 14:00:00;NORDESTE;SUDESTE/CENTRO-OESTE;3627.89
2025-02-22 15:00:00;NORDESTE;SUDESTE/CENTRO-OESTE;4050.83
2025-02-22 16:00:00;NORDESTE;SUDESTE/CENTRO-OESTE;3588.68
2025-02-22 17:00:00;NORDESTE;SUDESTE/CENTRO-OESTE;3698.291
2025-02-22 18:00:00;NORDESTE;SUDESTE/CENTRO-OESTE;4537.318
2025-02-22 19:00:00;NORDESTE;SUDESTE/CENTRO-OESTE;5197.122
2025-02-22 20:00:00;NORDESTE;SUDESTE/CENTRO-OESTE;5535.89
2025-02-22 21:00:00;NORDESTE;SUDESTE/CENTRO-OESTE;5702.195
2025-02-22 22:00:00;NORDESTE;SUDESTE/CENTRO-OESTE;5701.077
2025-02-22 23:00:00;NORDESTE;SUDESTE/CENTRO-OESTE;5593.557
2025-02-23 00:00:00;NORDESTE;SUDESTE/CENTRO-OESTE;5375.587
2025-02-23 01:00:00;NORDESTE;SUDESTE/CENTRO-OESTE;5830.998
2025-02-23 02:00:00;NORDESTE;SUDESTE/CENTRO-OESTE;5540.521
2025-02-23 03:00:00;NORDESTE;SUDESTE/CENTRO-OESTE;5453.366
2025-02-23 04:00:00;NORDESTE;SUDESTE/CENTRO-OESTE;5321.566
2025-02-23 05:00:00;NORDESTE;SUDESTE/CENTRO-OESTE;4692.465
2025-02-23 06:00:00;NORDESTE;SUDESTE/CENTRO-OESTE;4075.716
2025-02-23 07:00:00;NORDESTE;SUDESTE/CENTRO-OESTE;3884.387
2025-02-23 08:00:00;NORDESTE;SUDESTE/CENTRO-OESTE;3684.211
2025-02-23 09:00:00;NORDESTE;SUDESTE/CENTRO-OESTE;2590.855
2025-02-23 10:00:00;NORDESTE;SUDESTE/CENTRO-OESTE;2304.047
2025-02-23 11:00:00;NORDESTE;SUDESTE/CENTRO-OESTE;2309.896
2025-02-23 12:00:00;NORDESTE;SUDESTE/CENTRO-OESTE;2405.652
2025-02-23 13:00:00;NORDESTE;SUDESTE/CENTRO-OESTE;2738.74699999
2025-02-23 14:00:00;NORDESTE;SUDESTE/CENTRO-OESTE;3000.301
2025-02-23 15:00:00;NORDESTE;SUDESTE/CENTRO-OESTE;3129.329
2025-02-23 16:00:00;NORDESTE;SUDESTE/CENTRO-OESTE;3038.914
2025-02-23 17:00:00;NORDESTE;SUDESTE/CENTRO-OESTE;2535.35
2025-02-23 18:00:00;NORDESTE;SUDESTE/CENTRO-OESTE;3181.453
2025-02-23 19:00:00;NORDESTE;SUDESTE/CENTRO-OESTE;4501.712
2025-02-23 20:00:00;NORDESTE;SUDESTE/CENTRO-OESTE;4893.068
2025-02-23 21:00:00;NORDESTE;SUDESTE/CENTRO-OESTE;4804.245
2025-02-23 22:00:00;NORDESTE;SUDESTE/CENTRO-OESTE;4458.59199999
2025-02-23 23:00:00;NORDESTE;SUDESTE/CENTRO-OESTE;3930.893
2025-02-24 00:00:00;NORDESTE;SUDESTE/CENTRO-OESTE;3994.963
2025-02-24 01:00:00;NORDESTE;SUDESTE/CENTRO-OESTE;4868.87
2025-02-24 02:00:00;NORDESTE;SUDESTE/CENTRO-OESTE;5258.16
2025-02-24 03:00:00;NORDESTE;SUDESTE/CENTRO-OESTE;5242.80599999
2025-02-24 04:00:00;NORDESTE;SUDESTE/CENTRO-OESTE;5141.272
2025-02-24 05:00:00;NORDESTE;SUDESTE/CENTRO-OESTE;5362.292
2025-02-24 06:00:00;NORDESTE;SUDESTE/CENTRO-OESTE;5250.517
2025-02-24 07:00:00;NORDESTE;SUDESTE/CENTRO-OESTE;4775.195
2025-02-24 08:00:00;NORDESTE;SUDESTE/CENTRO-OESTE;4910.93599999
2025-02-24 09:00:00;NORDESTE;SUDESTE/CENTRO-OESTE;4997.934
2025-02-24 10:00:00;NORDESTE;SUDESTE/CENTRO-OESTE;4589.825
2025-02-24 11:00:00;NORDESTE;SUDESTE/CENTRO-OESTE;4387.24799999
2025-02-24 12:00:00;NORDESTE;SUDESTE/CENTRO-OESTE;4273.78799999
2025-02-24 13:00:00;NORDESTE;SUDESTE/CENTRO-OESTE;4299.478
2025-02-24 14:00:00;NORDESTE;SUDESTE/CENTRO-OESTE;4167.055
2025-02-24 15:00:00;NORDESTE;SUDESTE/CENTRO-OESTE;3895.295
2025-02-24 16:00:00;NORDESTE;SUDESTE/CENTRO-OESTE;3097.123
2025-02-24 17:00:00;NORDESTE;SUDESTE/CENTRO-OESTE;2953.545
2025-02-24 18:00:00;NORDESTE;SUDESTE/CENTRO-OESTE;3657.618
2025-02-24 19:00:00;NORDESTE;SUDESTE/CENTRO-OESTE;4357.157
2025-02-24 20:00:00;NORDESTE;SUDESTE/CENTRO-OESTE;4561.754
2025-02-24 21:00:00;NORDESTE;SUDESTE/CENTRO-OESTE;4453.941
2025-02-24 22:00:00;NORDESTE;SUDESTE/CENTRO-OESTE;4546.22099999
2025-02-24 23:00:00;NORDESTE;SUDESTE/CENTRO-OESTE;4286.229
2025-02-25 00:00:00;NORDESTE;SUDESTE/CENTRO-OESTE;4390.535
2025-02-25 01:00:00;NORDESTE;SUDESTE/CENTRO-OESTE;4246.508
2025-02-25 02:00:00;NORDESTE;SUDESTE/CENTRO-OESTE;4108.657
2025-02-25 03:00:00;NORDESTE;SUDESTE/CENTRO-OESTE;4133.684
2025-02-25 04:00:00;NORDESTE;SUDESTE/CENTRO-OESTE;4313.022
2025-02-25 05:00:00;NORDESTE;SUDESTE/CENTRO-OESTE;3933.901
2025-02-25 06:00:00;NORDESTE;SUDESTE/CENTRO-OESTE;4195.24399999
2025-02-25 07:00:00;NORDESTE;SUDESTE/CENTRO-OESTE;4119.401
2025-02-25 08:00:00;NORDESTE;SUDESTE/CENTRO-OESTE;5040.015
2025-02-25 09:00:00;NORDESTE;SUDESTE/CENTRO-OESTE;4709.924
2025-02-25 10:00:00;NORDESTE;SUDESTE/CENTRO-OESTE;4936.072
2025-02-25 11:00:00;NORDESTE;SUDESTE/CENTRO-OESTE;4994.372
2025-02-25 12:00:00;NORDESTE;SUDESTE/CENTRO-OESTE;5279.727
2025-02-25 13:00:00;NORDESTE;SUDESTE/CENTRO-OESTE;5265.642
2025-02-25 14:00:00;NORDESTE;SUDESTE/CENTRO-OESTE;4997.403
2025-02-25 15:00:00;NORDESTE;SUDESTE/CENTRO-OESTE;5021.14
2025-02-25 16:00:00;NORDESTE;SUDESTE/CENTRO-OESTE;4415.353
2025-02-25 17:00:00;NORDESTE;SUDESTE/CENTRO-OESTE;4047.84
2025-02-25 18:00:00;NORDESTE;SUDESTE/CENTRO-OESTE;4453.636
2025-02-25 19:00:00;NORDESTE;SUDESTE/CENTRO-OESTE;4793.852
2025-02-25 20:00:00;NORDESTE;SUDESTE/CENTRO-OESTE;4891.211
2025-02-25 21:00:00;NORDESTE;SUDESTE/CENTRO-OESTE;4785.16
2025-02-25 22:00:00;NORDESTE;SUDESTE/CENTRO-OESTE;4795.923
2025-02-25 23:00:00;NORDESTE;SUDESTE/CENTRO-OESTE;4612.36399999
2025-02-26 00:00:00;NORDESTE;SUDESTE/CENTRO-OESTE;5420.43099999
2025-02-26 01:00:00;NORDESTE;SUDESTE/CENTRO-OESTE;5275.595
2025-02-26 02:00:00;NORDESTE;SUDESTE/CENTRO-OESTE;5318.68599999
2025-02-26 03:00:00;NORDESTE;SUDESTE/CENTRO-OESTE;5132.229
2025-02-26 04:00:00;NORDESTE;SUDESTE/CENTRO-OESTE;4924.447
2025-02-26 05:00:00;NORDESTE;SUDESTE/CENTRO-OESTE;5068.176
2025-02-26 06:00:00;NORDESTE;SUDESTE/CENTRO-OESTE;4992.447
2025-02-26 07:00:00;NORDESTE;SUDESTE/CENTRO-OESTE;4860.615
2025-02-26 08:00:00;NORDESTE;SUDESTE/CENTRO-OESTE;5013.527
2025-02-26 09:00:00;NORDESTE;SUDESTE/CENTRO-OESTE;4957.893
2025-02-26 10:00:00;NORDESTE;SUDESTE/CENTRO-OESTE;4883.50699999
2025-02-26 11:00:00;NORDESTE;SUDESTE/CENTRO-OESTE;4871.317
2025-02-26 12:00:00;NORDESTE;SUDESTE/CENTRO-OESTE;4510.703
2025-02-26 13:00:00;NORDESTE;SUDESTE/CENTRO-OESTE;4091.811
2025-02-26 14:00:00;NORDESTE;SUDESTE/CENTRO-OESTE;3182.24
2025-02-26 15:00:00;NORDESTE;SUDESTE/CENTRO-OESTE;2980.323
2025-02-26 16:00:00;NORDESTE;SUDESTE/CENTRO-OESTE;2650.56
2025-02-26 17:00:00;NORDESTE;SUDESTE/CENTRO-OESTE;3212.255
2025-02-26 18:00:00;NORDESTE;SUDESTE/CENTRO-OESTE;4170.04699999
2025-02-26 19:00:00;NORDESTE;SUDESTE/CENTRO-OESTE;5526.405
2025-02-26 20:00:00;NORDESTE;SUDESTE/CENTRO-OESTE;6230.132
2025-02-26 21:00:00;NORDESTE;SUDESTE/CENTRO-OESTE;6233.627
2025-02-26 22:00:00;NORDESTE;SUDESTE/CENTRO-OESTE;6091.326
2025-02-26 23:00:00;NORDESTE;SUDESTE/CENTRO-OESTE;6056.828
2025-02-27 00:00:00;NORDESTE;SUDESTE/CENTRO-OESTE;5568.302
2025-02-27 01:00:00;NORDESTE;SUDESTE/CENTRO-OESTE;5085.193
2025-02-27 02:00:00;NORDESTE;SUDESTE/CENTRO-OESTE;4993.813
2025-02-27 03:00:00;NORDESTE;SUDESTE/CENTRO-OESTE;4686.684
2025-02-27 04:00:00;NORDESTE;SUDESTE/CENTRO-OESTE;4884.518
2025-02-27 05:00:00;NORDESTE;SUDESTE/CENTRO-OESTE;5108.439
2025-02-27 06:00:00;NORDESTE;SUDESTE/CENTRO-OESTE;4746.377
2025-02-27 07:00:00;NORDESTE;SUDESTE/CENTRO-OESTE;5094.768
2025-02-27 08:00:00;NORDESTE;SUDESTE/CENTRO-OESTE;5288.679
2025-02-27 09:00:00;NORDESTE;SUDESTE/CENTRO-OESTE;5222.69899999
2025-02-27 10:00:00;NORDESTE;SUDESTE/CENTRO-OESTE;4783.157
2025-02-27 11:00:00;NORDESTE;SUDESTE/CENTRO-OESTE;4351.85499999
2025-02-27 12:00:00;NORDESTE;SUDESTE/CENTRO-OESTE;4315.09599999
2025-02-27 13:00:00;NORDESTE;SUDESTE/CENTRO-OESTE;3874.274
2025-02-27 14:00:00;NORDESTE;SUDESTE/CENTRO-OESTE;3284.352
2025-02-27 15:00:00;NORDESTE;SUDESTE/CENTRO-OESTE;3118.931
2025-02-27 16:00:00;NORDESTE;SUDESTE/CENTRO-OESTE;2879.096
2025-02-27 17:00:00;NORDESTE;SUDESTE/CENTRO-OESTE;3562.159
2025-02-27 18:00:00;NORDESTE;SUDESTE/CENTRO-OESTE;4658.852
2025-02-27 19:00:00;NORDESTE;SUDESTE/CENTRO-OESTE;4853.225
2025-02-27 20:00:00;NORDESTE;SUDESTE/CENTRO-OESTE;4863.631
2025-02-27 21:00:00;NORDESTE;SUDESTE/CENTRO-OESTE;4977.545
2025-02-27 22:00:00;NORDESTE;SUDESTE/CENTRO-OESTE;5008.245
2025-02-27 23:00:00;NORDESTE;SUDESTE/CENTRO-OESTE;5056.197
2025-02-28 00:00:00;NORDESTE;SUDESTE/CENTRO-OESTE;4516.506
2025-02-28 01:00:00;NORDESTE;SUDESTE/CENTRO-OESTE;3066.775
2025-02-28 02:00:00;NORDESTE;SUDESTE/CENTRO-OESTE;3420.01
2025-02-28 03:00:00;NORDESTE;SUDESTE/CENTRO-OESTE;3538.917
2025-02-28 04:00:00;NORDESTE;SUDESTE/CENTRO-OESTE;3427.767
2025-02-28 05:00:00;NORDESTE;SUDESTE/CENTRO-OESTE;3687.567
2025-02-28 06:00:00;NORDESTE;SUDESTE/CENTRO-OESTE;4137.888
2025-02-28 07:00:00;NORDESTE;SUDESTE/CENTRO-OESTE;4854.482
2025-02-28 08:00:00;NORDESTE;SUDESTE/CENTRO-OESTE;6317.032
2025-02-28 09:00:00;NORDESTE;SUDESTE/CENTRO-OESTE;6232.64
2025-02-28 10:00:00;NORDESTE;SUDESTE/CENTRO-OESTE;6067.536
2025-02-28 11:00:00;NORDESTE;SUDESTE/CENTRO-OESTE;5875.798
2025-02-28 12:00:00;NORDESTE;SUDESTE/CENTRO-OESTE;5990.562
2025-02-28 13:00:00;NORDESTE;SUDESTE/CENTRO-OESTE;5535.161
2025-02-28 14:00:00;NORDESTE;SUDESTE/CENTRO-OESTE;4100.778
2025-02-28 15:00:00;NORDESTE;SUDESTE/CENTRO-OESTE;3246.313
2025-02-28 16:00:00;NORDESTE;SUDESTE/CENTRO-OESTE;3641.71
2025-02-28 17:00:00;NORDESTE;SUDESTE/CENTRO-OESTE;4755.86399999
2025-02-28 18:00:00;NORDESTE;SUDESTE/CENTRO-OESTE;5801.64
2025-02-28 19:00:00;NORDESTE;SUDESTE/CENTRO-OESTE;6431.968
2025-02-28 20:00:00;NORDESTE;SUDESTE/CENTRO-OESTE;6487.878
2025-02-28 21:00:00;NORDESTE;SUDESTE/CENTRO-OESTE;6244.363
2025-02-28 22:00:00;NORDESTE;SUDESTE/CENTRO-OESTE;6137.38
2025-02-28 23:00:00;NORDESTE;SUDESTE/CENTRO-OESTE;5543.177
2025-03-01 00:00:00;NORDESTE;SUDESTE/CENTRO-OESTE;5175.932
2025-03-01 01:00:00;NORDESTE;SUDESTE/CENTRO-OESTE;4657.608
2025-03-01 02:00:00;NORDESTE;SUDESTE/CENTRO-OESTE;4511.049
2025-03-01 03:00:00;NORDESTE;SUDESTE/CENTRO-OESTE;4073.016
2025-03-01 04:00:00;NORDESTE;SUDESTE/CENTRO-OESTE;4783.75699999
2025-03-01 05:00:00;NORDESTE;SUDESTE/CENTRO-OESTE;4832.635
2025-03-01 06:00:00;NORDESTE;SUDESTE/CENTRO-OESTE;5343.93099999
2025-03-01 07:00:00;NORDESTE;SUDESTE/CENTRO-OESTE;5852.918
2025-03-01 08:00:00;NORDESTE;SUDESTE/CENTRO-OESTE;5279.91
2025-03-01 09:00:00;NORDESTE;SUDESTE/CENTRO-OESTE;4518.801
2025-03-01 10:00:00;NORDESTE;SUDESTE/CENTRO-OESTE;3836.161
2025-03-01 11:00:00;NORDESTE;SUDESTE/CENTRO-OESTE;3467.275
2025-03-01 12:00:00;NORDESTE;SUDESTE/CENTRO-OESTE;3287.893
2025-03-01 13:00:00;NORDESTE;SUDESTE/CENTRO-OESTE;3741.845
2025-03-01 14:00:00;NORDESTE;SUDESTE/CENTRO-OESTE;3913.023
2025-03-01 15:00:00;NORDESTE;SUDESTE/CENTRO-OESTE;3916.743
2025-03-01 16:00:00;NORDESTE;SUDESTE/CENTRO-OESTE;4225.749
2025-03-01 17:00:00;NORDESTE;SUDESTE/CENTRO-OESTE;4539.694
2025-03-01 18:00:00;NORDESTE;SUDESTE/CENTRO-OESTE;5730.827
2025-03-01 19:00:00;NORDESTE;SUDESTE/CENTRO-OESTE;6243.576
2025-03-01 20:00:00;NORDESTE;SUDESTE/CENTRO-OESTE;6400.696
2025-03-01 21:00:00;NORDESTE;SUDESTE/CENTRO-OESTE;6127.13
2025-03-01 22:00:00;NORDESTE;SUDESTE/CENTRO-OESTE;6185.705
2025-03-01 23:00:00;NORDESTE;SUDESTE/CENTRO-OESTE;6003.448
2025-03-02 00:00:00;NORDESTE;SUDESTE/CENTRO-OESTE;6136.44
2025-03-02 01:00:00;NORDESTE;SUDESTE/CENTRO-OESTE;6151.816
2025-03-02 02:00:00;NORDESTE;SUDESTE/CENTRO-OESTE;5971.651
2025-03-02 03:00:00;NORDESTE;SUDESTE/CENTRO-OESTE;6104.979
2025-03-02 04:00:00;NORDESTE;SUDESTE/CENTRO-OESTE;5754.204
2025-03-02 05:00:00;NORDESTE;SUDESTE/CENTRO-OESTE;5315.754
2025-03-02 06:00:00;NORDESTE;SUDESTE/CENTRO-OESTE;5272.539
2025-03-02 07:00:00;NORDESTE;SUDESTE/CENTRO-OESTE;4197.013
2025-03-02 08:00:00;NORDESTE;SUDESTE/CENTRO-OESTE;4660.615
2025-03-02 09:00:00;NORDESTE;SUDESTE/CENTRO-OESTE;4805.041
2025-03-02 10:00:00;NORDESTE;SUDESTE/CENTRO-OESTE;3788.133
2025-03-02 11:00:00;NORDESTE;SUDESTE/CENTRO-OESTE;2982.744
2025-03-02 12:00:00;NORDESTE;SUDESTE/CENTRO-OESTE;2940.136
2025-03-02 13:00:00;NORDESTE;SUDESTE/CENTRO-OESTE;3419.128
2025-03-02 14:00:00;NORDESTE;SUDESTE/CENTRO-OESTE;3735.666
2025-03-02 15:00:00;NORDESTE;SUDESTE/CENTRO-OESTE;3513.482
2025-03-02 16:00:00;NORDESTE;SUDESTE/CENTRO-OESTE;4319.6
2025-03-02 17:00:00;NORDESTE;SUDESTE/CENTRO-OESTE;5055.326
2025-03-02 18:00:00;NORDESTE;SUDESTE/CENTRO-OESTE;5516.859
2025-03-02 19:00:00;NORDESTE;SUDESTE/CENTRO-OESTE;6241.851
2025-03-02 20:00:00;NORDESTE;SUDESTE/CENTRO-OESTE;6304.32
2025-03-02 21:00:00;NORDESTE;SUDESTE/CENTRO-OESTE;6085.579
2025-03-02 22:00:00;NORDESTE;SUDESTE/CENTRO-OESTE;6145.104
2025-03-02 23:00:00;NORDESTE;SUDESTE/CENTRO-OESTE;6071.433
2025-03-03 00:00:00;NORDESTE;SUDESTE/CENTRO-OESTE;6141.075
2025-03-03 01:00:00;NORDESTE;SUDESTE/CENTRO-OESTE;6287.324
2025-03-03 02:00:00;NORDESTE;SUDESTE/CENTRO-OESTE;6159.732
2025-03-03 03:00:00;NORDESTE;SUDESTE/CENTRO-OESTE;5962.847
2025-03-03 04:00:00;NORDESTE;SUDESTE/CENTRO-OESTE;5895.323
2025-03-03 05:00:00;NORDESTE;SUDESTE/CENTRO-OESTE;5903.384
2025-03-03 06:00:00;NORDESTE;SUDESTE/CENTRO-OESTE;5305.559
2025-03-03 07:00:00;NORDESTE;SUDESTE/CENTRO-OESTE;5886.166
2025-03-03 08:00:00;NORDESTE;SUDESTE/CENTRO-OESTE;5318.17699999
2025-03-03 09:00:00;NORDESTE;SUDESTE/CENTRO-OESTE;5027.33299999
2025-03-03 10:00:00;NORDESTE;SUDESTE/CENTRO-OESTE;4225.254
2025-03-03 11:00:00;NORDESTE;SUDESTE/CENTRO-OESTE;3984.242
2025-03-03 12:00:00;NORDESTE;SUDESTE/CENTRO-OESTE;4057.463
2025-03-03 13:00:00;NORDESTE;SUDESTE/CENTRO-OESTE;5219.091
2025-03-03 14:00:00;NORDESTE;SUDESTE/CENTRO-OESTE;5611.567
2025-03-03 15:00:00;NORDESTE;SUDESTE/CENTRO-OESTE;5493.544
2025-03-03 16:00:00;NORDESTE;SUDESTE/CENTRO-OESTE;5299.165
2025-03-03 17:00:00;NORDESTE;SUDESTE/CENTRO-OESTE;5616.475
2025-03-03 18:00:00;NORDESTE;SUDESTE/CENTRO-OESTE;5817.25
2025-03-03 19:00:00;NORDESTE;SUDESTE/CENTRO-OESTE;5922.28
2025-03-03 20:00:00;NORDESTE;SUDESTE/CENTRO-OESTE;5951.87
2025-03-03 21:00:00;NORDESTE;SUDESTE/CENTRO-OESTE;5792.276
2025-03-03 22:00:00;NORDESTE;SUDESTE/CENTRO-OESTE;5890.256
2025-03-03 23:00:00;NORDESTE;SUDESTE/CENTRO-OESTE;5854.886
2025-03-04 00:00:00;NORDESTE;SUDESTE/CENTRO-OESTE;5979.688
2025-03-04 01:00:00;NORDESTE;SUDESTE/CENTRO-OESTE;6053.668
2025-03-04 02:00:00;NORDESTE;SUDESTE/CENTRO-OESTE;6107.861
2025-03-04 03:00:00;NORDESTE;SUDESTE/CENTRO-OESTE;6219.396
2025-03-04 04:00:00;NORDESTE;SUDESTE/CENTRO-OESTE;6209.431
2025-03-04 05:00:00;NORDESTE;SUDESTE/CENTRO-OESTE;6011.264
2025-03-04 06:00:00;NORDESTE;SUDESTE/CENTRO-OESTE;5849.348
2025-03-04 07:00:00;NORDESTE;SUDESTE/CENTRO-OESTE;5867.0
2025-03-04 08:00:00;NORDESTE;SUDESTE/CENTRO-OESTE;6194.286
2025-03-04 09:00:00;NORDESTE;SUDESTE/CENTRO-OESTE;4947.532
2025-03-04 10:00:00;NORDESTE;SUDESTE/CENTRO-OESTE;3873.71
2025-03-04 11:00:00;NORDESTE;SUDESTE/CENTRO-OESTE;3998.896
2025-03-04 12:00:00;NORDESTE;SUDESTE/CENTRO-OESTE;4136.915
2025-03-04 13:00:00;NORDESTE;SUDESTE/CENTRO-OESTE;4972.091
2025-03-04 14:00:00;NORDESTE;SUDESTE/CENTRO-OESTE;5219.82
2025-03-04 15:00:00;NORDESTE;SUDESTE/CENTRO-OESTE;5630.785
2025-03-04 16:00:00;NORDESTE;SUDESTE/CENTRO-OESTE;5148.73899999
2025-03-04 17:00:00;NORDESTE;SUDESTE/CENTRO-OESTE;4508.05599999
2025-03-04 18:00:00;NORDESTE;SUDESTE/CENTRO-OESTE;5349.022
2025-03-04 19:00:00;NORDESTE;SUDESTE/CENTRO-OESTE;5995.845
2025-03-04 20:00:00;NORDESTE;SUDESTE/CENTRO-OESTE;5367.687
2025-03-04 21:00:00;NORDESTE;SUDESTE/CENTRO-OESTE;5109.573
2025-03-04 22:00:00;NORDESTE;SUDESTE/CENTRO-OESTE;5119.762
2025-03-04 23:00:00;NORDESTE;SUDESTE/CENTRO-OESTE;5432.039
2025-03-05 00:00:00;NORDESTE;SUDESTE/CENTRO-OESTE;6114.276
2025-03-05 01:00:00;NORDESTE;SUDESTE/CENTRO-OESTE;6207.04
2025-03-05 02:00:00;NORDESTE;SUDESTE/CENTRO-OESTE;6160.781
2025-03-05 03:00:00;NORDESTE;SUDESTE/CENTRO-OESTE;6041.434
2025-03-05 04:00:00;NORDESTE;SUDESTE/CENTRO-OESTE;6048.679
2025-03-05 05:00:00;NORDESTE;SUDESTE/CENTRO-OESTE;5993.27
2025-03-05 06:00:00;NORDESTE;SUDESTE/CENTRO-OESTE;5826.843
2025-03-05 07:00:00;NORDESTE;SUDESTE/CENTRO-OESTE;5917.157
2025-03-05 08:00:00;NORDESTE;SUDESTE/CENTRO-OESTE;5658.375
2025-03-05 09:00:00;NORDESTE;SUDESTE/CENTRO-OESTE;5981.493
2025-03-05 10:00:00;NORDESTE;SUDESTE/CENTRO-OESTE;6038.405
2025-03-05 11:00:00;NORDESTE;SUDESTE/CENTRO-OESTE;5906.834
2025-03-05 12:00:00;NORDESTE;SUDESTE/CENTRO-OESTE;5402.803
2025-03-05 13:00:00;NORDESTE;SUDESTE/CENTRO-OESTE;5503.019
2025-03-05 14:00:00;NORDESTE;SUDESTE/CENTRO-OESTE;4999.309
2025-03-05 15:00:00;NORDESTE;SUDESTE/CENTRO-OESTE;4688.08
2025-03-05 16:00:00;NORDESTE;SUDESTE/CENTRO-OESTE;3979.578
2025-03-05 17:00:00;NORDESTE;SUDESTE/CENTRO-OESTE;4050.088
2025-03-05 18:00:00;NORDESTE;SUDESTE/CENTRO-OESTE;4789.975
2025-03-05 19:00:00;NORDESTE;SUDESTE/CENTRO-OESTE;6025.839
2025-03-05 20:00:00;NORDESTE;SUDESTE/CENTRO-OESTE;5960.739
2025-03-05 21:00:00;NORDESTE;SUDESTE/CENTRO-OESTE;5892.598
2025-03-05 22:00:00;NORDESTE;SUDESTE/CENTRO-OESTE;5943.018
2025-03-05 23:00:00;NORDESTE;SUDESTE/CENTRO-OESTE;5941.484
2025-03-06 00:00:00;NORDESTE;SUDESTE/CENTRO-OESTE;6220.029
2025-03-06 01:00:00;NORDESTE;SUDESTE/CENTRO-OESTE;6134.418
2025-03-06 02:00:00;NORDESTE;SUDESTE/CENTRO-OESTE;6061.695
2025-03-06 03:00:00;NORDESTE;SUDESTE/CENTRO-OESTE;6043.6
2025-03-06 04:00:00;NORDESTE;SUDESTE/CENTRO-OESTE;5861.933
2025-03-06 05:00:00;NORDESTE;SUDESTE/CENTRO-OESTE;5906.251
2025-03-06 06:00:00;NORDESTE;SUDESTE/CENTRO-OESTE;6010.393
2025-03-06 07:00:00;NORDESTE;SUDESTE/CENTRO-OESTE;5536.041
2025-03-06 08:00:00;NORDESTE;SUDESTE/CENTRO-OESTE;5345.728
2025-03-06 09:00:00;NORDESTE;SUDESTE/CENTRO-OESTE;5746.756
2025-03-06 10:00:00;NORDESTE;SUDESTE/CENTRO-OESTE;5712.489
2025-03-06 11:00:00;NORDESTE;SUDESTE/CENTRO-OESTE;5723.431
2025-03-06 12:00:00;NORDESTE;SUDESTE/CENTRO-OESTE;5738.467
2025-03-06 13:00:00;NORDESTE;SUDESTE/CENTRO-OESTE;5816.517
2025-03-06 14:00:00;NORDESTE;SUDESTE/CENTRO-OESTE;6219.568
2025-03-06 15:00:00;NORDESTE;SUDESTE/CENTRO-OESTE;6022.412
2025-03-06 16:00:00;NORDESTE;SUDESTE/CENTRO-OESTE;5475.727
2025-03-06 17:00:00;NORDESTE;SUDESTE/CENTRO-OESTE;5595.341
2025-03-06 18:00:00;NORDESTE;SUDESTE/CENTRO-OESTE;5911.087
2025-03-06 19:00:00;NORDESTE;SUDESTE/CENTRO-OESTE;5925.667
2025-03-06 20:00:00;NORDESTE;SUDESTE/CENTRO-OESTE;5923.472
2025-03-06 21:00:00;NORDESTE;SUDESTE/CENTRO-OESTE;5464.488
2025-03-06 22:00:00;NORDESTE;SUDESTE/CENTRO-OESTE;5457.999
2025-03-06 23:00:00;NORDESTE;SUDESTE/CENTRO-OESTE;5401.722
2025-03-07 00:00:00;NORDESTE;SUDESTE/CENTRO-OESTE;5470.767
2025-03-07 01:00:00;NORDESTE;SUDESTE/CENTRO-OESTE;5883.084
2025-03-07 02:00:00;NORDESTE;SUDESTE/CENTRO-OESTE;6125.382
2025-03-07 03:00:00;NORDESTE;SUDESTE/CENTRO-OESTE;6170.225
2025-03-07 04:00:00;NORDESTE;SUDESTE/CENTRO-OESTE;6103.767
2025-03-07 05:00:00;NORDESTE;SUDESTE/CENTRO-OESTE;6090.863
2025-03-07 06:00:00;NORDESTE;SUDESTE/CENTRO-OESTE;5984.198
2025-03-07 07:00:00;NORDESTE;SUDESTE/CENTRO-OESTE;5357.41
2025-03-07 08:00:00;NORDESTE;SUDESTE/CENTRO-OESTE;5009.725
2025-03-07 09:00:00;NORDESTE;SUDESTE/CENTRO-OESTE;5062.714
2025-03-07 10:00:00;NORDESTE;SUDESTE/CENTRO-OESTE;5425.287
2025-03-07 11:00:00;NORDESTE;SUDESTE/CENTRO-OESTE;5656.392
2025-03-07 12:00:00;NORDESTE;SUDESTE/CENTRO-OESTE;5715.433
2025-03-07 13:00:00;NORDESTE;SUDESTE/CENTRO-OESTE;6135.775
2025-03-07 14:00:00;NORDESTE;SUDESTE/CENTRO-OESTE;5912.28
2025-03-07 15:00:00;NORDESTE;SUDESTE/CENTRO-OESTE;4908.792
2025-03-07 16:00:00;NORDESTE;SUDESTE/CENTRO-OESTE;4750.28399999
2025-03-07 17:00:00;NORDESTE;SUDESTE/CENTRO-OESTE;4633.847
2025-03-07 18:00:00;NORDESTE;SUDESTE/CENTRO-OESTE;5321.229
2025-03-07 19:00:00;NORDESTE;SUDESTE/CENTRO-OESTE;6129.179
2025-03-07 20:00:00;NORDESTE;SUDESTE/CENTRO-OESTE;5968.138
2025-03-07 21:00:00;NORDESTE;SUDESTE/CENTRO-OESTE;6163.895
2025-03-07 22:00:00;NORDESTE;SUDESTE/CENTRO-OESTE;5958.439
2025-03-07 23:00:00;NORDESTE;SUDESTE/CENTRO-OESTE;6143.567
2025-03-08 00:00:00;NORDESTE;SUDESTE/CENTRO-OESTE;5615.904
2025-03-08 01:00:00;NORDESTE;SUDESTE/CENTRO-OESTE;5634.683
2025-03-08 02:00:00;NORDESTE;SUDESTE/CENTRO-OESTE;5985.628
2025-03-08 03:00:00;NORDESTE;SUDESTE/CENTRO-OESTE;5845.99
2025-03-08 04:00:00;NORDESTE;SUDESTE/CENTRO-OESTE;5958.62
2025-03-08 05:00:00;NORDESTE;SUDESTE/CENTRO-OESTE;6030.247
2025-03-08 06:00:00;NORDESTE;SUDESTE/CENTRO-OESTE;6295.545
2025-03-08 07:00:00;NORDESTE;SUDESTE/CENTRO-OESTE;6413.256
2025-03-08 08:00:00;NORDESTE;SUDESTE/CENTRO-OESTE;5873.818
2025-03-08 09:00:00;NORDESTE;SUDESTE/CENTRO-OESTE;5716.362
2025-03-08 10:00:00;NORDESTE;SUDESTE/CENTRO-OESTE;5367.665
2025-03-08 11:00:00;NORDESTE;SUDESTE/CENTRO-OESTE;4742.611
2025-03-08 12:00:00;NORDESTE;SUDESTE/CENTRO-OESTE;4046.03
2025-03-08 13:00:00;NORDESTE;SUDESTE/CENTRO-OESTE;3960.94
2025-03-08 14:00:00;NORDESTE;SUDESTE/CENTRO-OESTE;3598.118
2025-03-08 15:00:00;NORDESTE;SUDESTE/CENTRO-OESTE;3110.818
2025-03-08 16:00:00;NORDESTE;SUDESTE/CENTRO-OESTE;3319.71
2025-03-08 17:00:00;NORDESTE;SUDESTE/CENTRO-OESTE;4411.704
2025-03-08 18:00:00;NORDESTE;SUDESTE/CENTRO-OESTE;5230.511
2025-03-08 19:00:00;NORDESTE;SUDESTE/CENTRO-OESTE;5828.041
2025-03-08 20:00:00;NORDESTE;SUDESTE/CENTRO-OESTE;6046.904
2025-03-08 21:00:00;NORDESTE;SUDESTE/CENTRO-OESTE;5800.96
2025-03-08 22:00:00;NORDESTE;SUDESTE/CENTRO-OESTE;5715.004
2025-03-08 23:00:00;NORDESTE;SUDESTE/CENTRO-OESTE;5438.709
2025-03-09 00:00:00;NORDESTE;SUDESTE/CENTRO-OESTE;5795.161
2025-03-09 01:00:00;NORDESTE;SUDESTE/CENTRO-OESTE;6266.989
2025-03-09 02:00:00;NORDESTE;SUDESTE/CENTRO-OESTE;6074.917
2025-03-09 03:00:00;NORDESTE;SUDESTE/CENTRO-OESTE;6051.589
2025-03-09 04:00:00;NORDESTE;SUDESTE/CENTRO-OESTE;6147.736
2025-03-09 05:00:00;NORDESTE;SUDESTE/CENTRO-OESTE;6102.306
2025-03-09 06:00:00;NORDESTE;SUDESTE/CENTRO-OESTE;5979.87
2025-03-09 07:00:00;NORDESTE;SUDESTE/CENTRO-OESTE;5672.798
2025-03-09 08:00:00;NORDESTE;SUDESTE/CENTRO-OESTE;6161.385
2025-03-09 09:00:00;NORDESTE;SUDESTE/CENTRO-OESTE;5167.17
2025-03-09 10:00:00;NORDESTE;SUDESTE/CENTRO-OESTE;4140.907
2025-03-09 11:00:00;NORDESTE;SUDESTE/CENTRO-OESTE;3769.721
2025-03-09 12:00:00;NORDESTE;SUDESTE/CENTRO-OESTE;3391.795
2025-03-09 13:00:00;NORDESTE;SUDESTE/CENTRO-OESTE;2463.983
2025-03-09 14:00:00;NORDESTE;SUDESTE/CENTRO-OESTE;1498.495
2025-03-09 15:00:00;NORDESTE;SUDESTE/CENTRO-OESTE;1554.158
2025-03-09 16:00:00;NORDESTE;SUDESTE/CENTRO-OESTE;1877.635
2025-03-09 17:00:00;NORDESTE;SUDESTE/CENTRO-OESTE;2999.142
2025-03-09 18:00:00;NORDESTE;SUDESTE/CENTRO-OESTE;3556.78
2025-03-09 19:00:00;NORDESTE;SUDESTE/CENTRO-OESTE;4423.178
2025-03-09 20:00:00;NORDESTE;SUDESTE/CENTRO-OESTE;5073.595
2025-03-09 21:00:00;NORDESTE;SUDESTE/CENTRO-OESTE;5332.987
2025-03-09 22:00:00;NORDESTE;SUDESTE/CENTRO-OESTE;5307.296
2025-03-09 23:00:00;NORDESTE;SUDESTE/CENTRO-OESTE;5106.828
2025-03-10 00:00:00;NORDESTE;SUDESTE/CENTRO-OESTE;5190.375
2025-03-10 01:00:00;NORDESTE;SUDESTE/CENTRO-OESTE;5105.883
2025-03-10 02:00:00;NORDESTE;SUDESTE/CENTRO-OESTE;5260.752
2025-03-10 03:00:00;NORDESTE;SUDESTE/CENTRO-OESTE;5055.434
2025-03-10 04:00:00;NORDESTE;SUDESTE/CENTRO-OESTE;4741.059
2025-03-10 05:00:00;NORDESTE;SUDESTE/CENTRO-OESTE;4988.72099999
2025-03-10 06:00:00;NORDESTE;SUDESTE/CENTRO-OESTE;4910.93
2025-03-10 07:00:00;NORDESTE;SUDESTE/CENTRO-OESTE;4528.033
2025-03-10 08:00:00;NORDESTE;SUDESTE/CENTRO-OESTE;3723.531
2025-03-10 09:00:00;NORDESTE;SUDESTE/CENTRO-OESTE;3560.167
2025-03-10 10:00:00;NORDESTE;SUDESTE/CENTRO-OESTE;3628.214
2025-03-10 11:00:00;NORDESTE;SUDESTE/CENTRO-OESTE;3618.561
2025-03-10 12:00:00;NORDESTE;SUDESTE/CENTRO-OESTE;3385.832
2025-03-10 13:00:00;NORDESTE;SUDESTE/CENTRO-OESTE;3073.764
2025-03-10 14:00:00;NORDESTE;SUDESTE/CENTRO-OESTE;2049.882
2025-03-10 15:00:00;NORDESTE;SUDESTE/CENTRO-OESTE;1363.52299999
2025-03-10 16:00:00;NORDESTE;SUDESTE/CENTRO-OESTE;1058.678
2025-03-10 17:00:00;NORDESTE;SUDESTE/CENTRO-OESTE;2124.054
2025-03-10 18:00:00;NORDESTE;SUDESTE/CENTRO-OESTE;3707.04
2025-03-10 19:00:00;NORDESTE;SUDESTE/CENTRO-OESTE;4913.167
2025-03-10 20:00:00;NORDESTE;SUDESTE/CENTRO-OESTE;5619.41
2025-03-10 21:00:00;NORDESTE;SUDESTE/CENTRO-OESTE;5959.232
2025-03-10 22:00:00;NORDESTE;SUDESTE/CENTRO-OESTE;6083.129
2025-03-10 23:00:00;NORDESTE;SUDESTE/CENTRO-OESTE;6025.57
2025-03-11 00:00:00;NORDESTE;SUDESTE/CENTRO-OESTE;5897.353
2025-03-11 01:00:00;NORDESTE;SUDESTE/CENTRO-OESTE;5982.479
2025-03-11 02:00:00;NORDESTE;SUDESTE/CENTRO-OESTE;6047.429
2025-03-11 03:00:00;NORDESTE;SUDESTE/CENTRO-OESTE;5920.08
2025-03-11 04:00:00;NORDESTE;SUDESTE/CENTRO-OESTE;5937.863
2025-03-11 05:00:00;NORDESTE;SUDESTE/CENTRO-OESTE;6120.951
2025-03-11 06:00:00;NORDESTE;SUDESTE/CENTRO-OESTE;6019.87
2025-03-11 07:00:00;NORDESTE;SUDESTE/CENTRO-OESTE;5475.759
2025-03-11 08:00:00;NORDESTE;SUDESTE/CENTRO-OESTE;5521.673
2025-03-11 09:00:00;NORDESTE;SUDESTE/CENTRO-OESTE;5349.867
2025-03-11 10:00:00;NORDESTE;SUDESTE/CENTRO-OESTE;5348.627
2025-03-11 11:00:00;NORDESTE;SUDESTE/CENTRO-OESTE;5565.119
2025-03-11 12:00:00;NORDESTE;SUDESTE/CENTRO-OESTE;5650.287
2025-03-11 13:00:00;NORDESTE;SUDESTE/CENTRO-OESTE;5318.912
2025-03-11 14:00:00;NORDESTE;SUDESTE/CENTRO-OESTE;4753.325
2025-03-11 15:00:00;NORDESTE;SUDESTE/CENTRO-OESTE;4020.031
2025-03-11 16:00:00;NORDESTE;SUDESTE/CENTRO-OESTE;3292.987
2025-03-11 17:00:00;NORDESTE;SUDESTE/CENTRO-OESTE;4060.801
2025-03-11 18:00:00;NORDESTE;SUDESTE/CENTRO-OESTE;4439.301
2025-03-11 19:00:00;NORDESTE;SUDESTE/CENTRO-OESTE;5232.53399999
2025-03-11 20:00:00;NORDESTE;SUDESTE/CENTRO-OESTE;5825.569
2025-03-11 21:00:00;NORDESTE;SUDESTE/CENTRO-OESTE;5748.716
2025-03-11 22:00:00;NORDESTE;SUDESTE/CENTRO-OESTE;5593.043
2025-03-11 23:00:00;NORDESTE;SUDESTE/CENTRO-OESTE;5334.808
2025-03-12 00:00:00;NORDESTE;SUDESTE/CENTRO-OESTE;5489.437
2025-03-12 01:00:00;NORDESTE;SUDESTE/CENTRO-OESTE;5561.769
2025-03-12 02:00:00;NORDESTE;SUDESTE/CENTRO-OESTE;5431.401
2025-03-12 03:00:00;NORDESTE;SUDESTE/CENTRO-OESTE;5311.438
2025-03-12 04:00:00;NORDESTE;SUDESTE/CENTRO-OESTE;5534.722
2025-03-12 05:00:00;NORDESTE;SUDESTE/CENTRO-OESTE;5827.48
2025-03-12 06:00:00;NORDESTE;SUDESTE/CENTRO-OESTE;5985.826
2025-03-12 07:00:00;NORDESTE;SUDESTE/CENTRO-OESTE;5673.191
2025-03-12 08:00:00;NORDESTE;SUDESTE/CENTRO-OESTE;5795.251
2025-03-12 09:00:00;NORDESTE;SUDESTE/CENTRO-OESTE;5938.93
2025-03-12 10:00:00;NORDESTE;SUDESTE/CENTRO-OESTE;5659.876
2025-03-12 11:00:00;NORDESTE;SUDESTE/CENTRO-OESTE;5722.683
2025-03-12 12:00:00;NORDESTE;SUDESTE/CENTRO-OESTE;5468.395
2025-03-12 13:00:00;NORDESTE;SUDESTE/CENTRO-OESTE;5380.40899999
2025-03-12 14:00:00;NORDESTE;SUDESTE/CENTRO-OESTE;5003.07399999
2025-03-12 15:00:00;NORDESTE;SUDESTE/CENTRO-OESTE;4414.594
2025-03-12 16:00:00;NORDESTE;SUDESTE/CENTRO-OESTE;4448.914
2025-03-12 17:00:00;NORDESTE;SUDESTE/CENTRO-OESTE;4622.756
2025-03-12 18:00:00;NORDESTE;SUDESTE/CENTRO-OESTE;5089.224
2025-03-12 19:00:00;NORDESTE;SUDESTE/CENTRO-OESTE;5815.789
2025-03-12 20:00:00;NORDESTE;SUDESTE/CENTRO-OESTE;6094.336
2025-03-12 21:00:00;NORDESTE;SUDESTE/CENTRO-OESTE;5652.614
2025-03-12 22:00:00;NORDESTE;SUDESTE/CENTRO-OESTE;5919.0
2025-03-12 23:00:00;NORDESTE;SUDESTE/CENTRO-OESTE;5703.431
2025-03-13 00:00:00;NORDESTE;SUDESTE/CENTRO-OESTE;5673.594
2025-03-13 01:00:00;NORDESTE;SUDESTE/CENTRO-OESTE;5756.128
2025-03-13 02:00:00;NORDESTE;SUDESTE/CENTRO-OESTE;5681.984
2025-03-13 03:00:00;NORDESTE;SUDESTE/CENTRO-OESTE;5654.595
2025-03-13 04:00:00;NORDESTE;SUDESTE/CENTRO-OESTE;5358.308
2025-03-13 05:00:00;NORDESTE;SUDESTE/CENTRO-OESTE;5587.62
2025-03-13 06:00:00;NORDESTE;SUDESTE/CENTRO-OESTE;5892.4
2025-03-13 07:00:00;NORDESTE;SUDESTE/CENTRO-OESTE;5986.729
2025-03-13 08:00:00;NORDESTE;SUDESTE/CENTRO-OESTE;5787.974
2025-03-13 09:00:00;NORDESTE;SUDESTE/CENTRO-OESTE;5317.279
2025-03-13 10:00:00;NORDESTE;SUDESTE/CENTRO-OESTE;4528.43999999
2025-03-13 11:00:00;NORDESTE;SUDESTE/CENTRO-OESTE;3852.067
2025-03-13 12:00:00;NORDESTE;SUDESTE/CENTRO-OESTE;3209.568
2025-03-13 13:00:00;NORDESTE;SUDESTE/CENTRO-OESTE;3242.648
2025-03-13 14:00:00;NORDESTE;SUDESTE/CENTRO-OESTE;3577.534
2025-03-13 15:00:00;NORDESTE;SUDESTE/CENTRO-OESTE;2807.963
2025-03-13 16:00:00;NORDESTE;SUDESTE/CENTRO-OESTE;1943.162
2025-03-13 17:00:00;NORDESTE;SUDESTE/CENTRO-OESTE;2130.841
2025-03-13 18:00:00;NORDESTE;SUDESTE/CENTRO-OESTE;3651.001
2025-03-13 19:00:00;NORDESTE;SUDESTE/CENTRO-OESTE;4888.52499999
2025-03-13 20:00:00;NORDESTE;SUDESTE/CENTRO-OESTE;5776.295
2025-03-13 21:00:00;NORDESTE;SUDESTE/CENTRO-OESTE;5943.648
2025-03-13 22:00:00;NORDESTE;SUDESTE/CENTRO-OESTE;5489.53
2025-03-13 23:00:00;NORDESTE;SUDESTE/CENTRO-OESTE;4926.25
2025-03-14 00:00:00;NORDESTE;SUDESTE/CENTRO-OESTE;4879.888
2025-03-14 01:00:00;NORDESTE;SUDESTE/CENTRO-OESTE;5249.258
2025-03-14 02:00:00;NORDESTE;SUDESTE/CENTRO-OESTE;5329.182
2025-03-14 03:00:00;NORDESTE;SUDESTE/CENTRO-OESTE;5055.997
2025-03-14 04:00:00;NORDESTE;SUDESTE/CENTRO-OESTE;4595.82
2025-03-14 05:00:00;NORDESTE;SUDESTE/CENTRO-OESTE;4547.76599999
2025-03-14 06:00:00;NORDESTE;SUDESTE/CENTRO-OESTE;4518.529
2025-03-14 07:00:00;NORDESTE;SUDESTE/CENTRO-OESTE;3740.753
2025-03-14 08:00:00;NORDESTE;SUDESTE/CENTRO-OESTE;3145.789
2025-03-14 09:00:00;NORDESTE;SUDESTE/CENTRO-OESTE;2877.297
2025-03-14 10:00:00;NORDESTE;SUDESTE/CENTRO-OESTE;1982.167
2025-03-14 11:00:00;NORDESTE;SUDESTE/CENTRO-OESTE;1717.236
2025-03-14 12:00:00;NORDESTE;SUDESTE/CENTRO-OESTE;1184.14799999
2025-03-14 13:00:00;NORDESTE;SUDESTE/CENTRO-OESTE;746.872
2025-03-14 14:00:00;NORDESTE;SUDESTE/CENTRO-OESTE;364.99
2025-03-14 15:00:00;NORDESTE;SUDESTE/CENTRO-OESTE;-86.454
2025-03-14 16:00:00;NORDESTE;SUDESTE/CENTRO-OESTE;-630.413
2025-03-14 17:00:00;NORDESTE;SUDESTE/CENTRO-OESTE;-68.881
2025-03-14 18:00:00;NORDESTE;SUDESTE/CENTRO-OESTE;1183.592
2025-03-14 19:00:00;NORDESTE;SUDESTE/CENTRO-OESTE;2273.245
2025-03-14 20:00:00;NORDESTE;SUDESTE/CENTRO-OESTE;2649.484
2025-03-14 21:00:00;NORDESTE;SUDESTE/CENTRO-OESTE;2830.145
2025-03-14 22:00:00;NORDESTE;SUDESTE/CENTRO-OESTE;2118.739
2025-03-14 23:00:00;NORDESTE;SUDESTE/CENTRO-OESTE;1554.795
2025-03-15 00:00:00;NORDESTE;SUDESTE/CENTRO-OESTE;1654.003
2025-03-15 01:00:00;NORDESTE;SUDESTE/CENTRO-OESTE;2174.931
2025-03-15 02:00:00;NORDESTE;SUDESTE/CENTRO-OESTE;2866.579
2025-03-15 03:00:00;NORDESTE;SUDESTE/CENTRO-OESTE;3589.722
2025-03-15 04:00:00;NORDESTE;SUDESTE/CENTRO-OESTE;4048.755
2025-03-15 05:00:00;NORDESTE;SUDESTE/CENTRO-OESTE;4164.559
2025-03-15 06:00:00;NORDESTE;SUDESTE/CENTRO-OESTE;4564.923
2025-03-15 07:00:00;NORDESTE;SUDESTE/CENTRO-OESTE;4375.908
2025-03-15 08:00:00;NORDESTE;SUDESTE/CENTRO-OESTE;3933.77
2025-03-15 09:00:00;NORDESTE;SUDESTE/CENTRO-OESTE;3795.207
2025-03-15 10:00:00;NORDESTE;SUDESTE/CENTRO-OESTE;2829.298
2025-03-15 11:00:00;NORDESTE;SUDESTE/CENTRO-OESTE;2216.407
2025-03-15 12:00:00;NORDESTE;SUDESTE/CENTRO-OESTE;1803.717
2025-03-15 13:00:00;NORDESTE;SUDESTE/CENTRO-OESTE;1518.387
2025-03-15 14:00:00;NORDESTE;SUDESTE/CENTRO-OESTE;1714.019
2025-03-15 15:00:00;NORDESTE;SUDESTE/CENTRO-OESTE;1754.604
2025-03-15 16:00:00;NORDESTE;SUDESTE/CENTRO-OESTE;1468.38
2025-03-15 17:00:00;NORDESTE;SUDESTE/CENTRO-OESTE;2062.831
2025-03-15 18:00:00;NORDESTE;SUDESTE/CENTRO-OESTE;3161.457
2025-03-15 19:00:00;NORDESTE;SUDESTE/CENTRO-OESTE;4456.879
2025-03-15 20:00:00;NORDESTE;SUDESTE/CENTRO-OESTE;4995.746
2025-03-15 21:00:00;NORDESTE;SUDESTE/CENTRO-OESTE;4985.645
2025-03-15 22:00:00;NORDESTE;SUDESTE/CENTRO-OESTE;5089.15899999
2025-03-15 23:00:00;NORDESTE;SUDESTE/CENTRO-OESTE;4497.586
2025-03-16 00:00:00;NORDESTE;SUDESTE/CENTRO-OESTE;4556.78
2025-03-16 01:00:00;NORDESTE;SUDESTE/CENTRO-OESTE;4592.358
2025-03-16 02:00:00;NORDESTE;SUDESTE/CENTRO-OESTE;4465.0
2025-03-16 03:00:00;NORDESTE;SUDESTE/CENTRO-OESTE;4646.702
2025-03-16 04:00:00;NORDESTE;SUDESTE/CENTRO-OESTE;5040.378
2025-03-16 05:00:00;NORDESTE;SUDESTE/CENTRO-OESTE;5000.466
2025-03-16 06:00:00;NORDESTE;SUDESTE/CENTRO-OESTE;5171.678
2025-03-16 07:00:00;NORDESTE;SUDESTE/CENTRO-OESTE;5590.284
2025-03-16 08:00:00;NORDESTE;SUDESTE/CENTRO-OESTE;6190.869
2025-03-16 09:00:00;NORDESTE;SUDESTE/CENTRO-OESTE;4729.21
2025-03-16 10:00:00;NORDESTE;SUDESTE/CENTRO-OESTE;3236.881
2025-03-16 11:00:00;NORDESTE;SUDESTE/CENTRO-OESTE;2394.193
2025-03-16 12:00:00;NORDESTE;SUDESTE/CENTRO-OESTE;2389.786
2025-03-16 13:00:00;NORDESTE;SUDESTE/CENTRO-OESTE;1921.844
2025-03-16 14:00:00;NORDESTE;SUDESTE/CENTRO-OESTE;1492.863
2025-03-16 15:00:00;NORDESTE;SUDESTE/CENTRO-OESTE;1353.087
2025-03-16 16:00:00;NORDESTE;SUDESTE/CENTRO-OESTE;1332.237
2025-03-16 17:00:00;NORDESTE;SUDESTE/CENTRO-OESTE;1343.41799999
2025-03-16 18:00:00;NORDESTE;SUDESTE/CENTRO-OESTE;2736.17099999
2025-03-16 19:00:00;NORDESTE;SUDESTE/CENTRO-OESTE;3812.684
2025-03-16 20:00:00;NORDESTE;SUDESTE/CENTRO-OESTE;3968.457
2025-03-16 21:00:00;NORDESTE;SUDESTE/CENTRO-OESTE;4473.49399999
2025-03-16 22:00:00;NORDESTE;SUDESTE/CENTRO-OESTE;4489.988
2025-03-16 23:00:00;NORDESTE;SUDESTE/CENTRO-OESTE;3554.758
2025-03-17 00:00:00;NORDESTE;SUDESTE/CENTRO-OESTE;3492.814
2025-03-17 01:00:00;NORDESTE;SUDESTE/CENTRO-OESTE;3603.511
2025-03-17 02:00:00;NORDESTE;SUDESTE/CENTRO-OESTE;3952.723
2025-03-17 03:00:00;NORDESTE;SUDESTE/CENTRO-OESTE;4272.295
2025-03-17 04:00:00;NORDESTE;SUDESTE/CENTRO-OESTE;4670.233
2025-03-17 05:00:00;NORDESTE;SUDESTE/CENTRO-OESTE;4781.884
2025-03-17 06:00:00;NORDESTE;SUDESTE/CENTRO-OESTE;4812.07399999
2025-03-17 07:00:00;NORDESTE;SUDESTE/CENTRO-OESTE;4766.267
2025-03-17 08:00:00;NORDESTE;SUDESTE/CENTRO-OESTE;4964.41
2025-03-17 09:00:00;NORDESTE;SUDESTE/CENTRO-OESTE;4407.304
2025-03-17 10:00:00;NORDESTE;SUDESTE/CENTRO-OESTE;3407.897
2025-03-17 11:00:00;NORDESTE;SUDESTE/CENTRO-OESTE;2781.128
2025-03-17 12:00:00;NORDESTE;SUDESTE/CENTRO-OESTE;2674.239
2025-03-17 13:00:00;NORDESTE;SUDESTE/CENTRO-OESTE;2130.152
2025-03-17 14:00:00;NORDESTE;SUDESTE/CENTRO-OESTE;1503.84
2025-03-17 15:00:00;NORDESTE;SUDESTE/CENTRO-OESTE;1118.605
2025-03-17 16:00:00;NORDESTE;SUDESTE/CENTRO-OESTE;1111.207
2025-03-17 17:00:00;NORDESTE;SUDESTE/CENTRO-OESTE;1211.969
2025-03-17 18:00:00;NORDESTE;SUDESTE/CENTRO-OESTE;2530.712
2025-03-17 19:00:00;NORDESTE;SUDESTE/CENTRO-OESTE;3874.333
2025-03-17 20:00:00;NORDESTE;SUDESTE/CENTRO-OESTE;4562.86399999
2025-03-17 21:00:00;NORDESTE;SUDESTE/CENTRO-OESTE;4847.014
2025-03-17 22:00:00;NORDESTE;SUDESTE/CENTRO-OESTE;4903.298
2025-03-17 23:00:00;NORDESTE;SUDESTE/CENTRO-OESTE;4883.445
2025-03-18 00:00:00;NORDESTE;SUDESTE/CENTRO-OESTE;4810.745
2025-03-18 01:00:00;NORDESTE;SUDESTE/CENTRO-OESTE;4754.313
2025-03-18 02:00:00;NORDESTE;SUDESTE/CENTRO-OESTE;4109.54699999
2025-03-18 03:00:00;NORDESTE;SUDESTE/CENTRO-OESTE;3571.966
2025-03-18 04:00:00;NORDESTE;SUDESTE/CENTRO-OESTE;3258.219
2025-03-18 05:00:00;NORDESTE;SUDESTE/CENTRO-OESTE;3381.226
2025-03-18 06:00:00;NORDESTE;SUDESTE/CENTRO-OESTE;3390.928
2025-03-18 07:00:00;NORDESTE;SUDESTE/CENTRO-OESTE;3138.175
2025-03-18 08:00:00;NORDESTE;SUDESTE/CENTRO-OESTE;4210.282
2025-03-18 09:00:00;NORDESTE;SUDESTE/CENTRO-OESTE;4438.798
2025-03-18 10:00:00;NORDESTE;SUDESTE/CENTRO-OESTE;3801.657
2025-03-18 11:00:00;NORDESTE;SUDESTE/CENTRO-OESTE;3339.562
2025-03-18 12:00:00;NORDESTE;SUDESTE/CENTRO-OESTE;3327.024
2025-03-18 13:00:00;NORDESTE;SUDESTE/CENTRO-OESTE;2775.191
2025-03-18 14:00:00;NORDESTE;SUDESTE/CENTRO-OESTE;1683.644
2025-03-18 15:00:00;NORDESTE;SUDESTE/CENTRO-OESTE;690.892
2025-03-18 16:00:00;NORDESTE;SUDESTE/CENTRO-OESTE;-99.85
2025-03-18 17:00:00;NORDESTE;SUDESTE/CENTRO-OESTE;-350.037
2025-03-18 18:00:00;NORDESTE;SUDESTE/CENTRO-OESTE;656.57
2025-03-18 19:00:00;NORDESTE;SUDESTE/CENTRO-OESTE;1712.931
2025-03-18 20:00:00;NORDESTE;SUDESTE/CENTRO-OESTE;2155.034
2025-03-18 21:00:00;NORDESTE;SUDESTE/CENTRO-OESTE;2176.46999999
2025-03-18 22:00:00;NORDESTE;SUDESTE/CENTRO-OESTE;2987.363
2025-03-18 23:00:00;NORDESTE;SUDESTE/CENTRO-OESTE;2896.376
2025-03-19 00:00:00;NORDESTE;SUDESTE/CENTRO-OESTE;2991.681
2025-03-19 01:00:00;NORDESTE;SUDESTE/CENTRO-OESTE;3458.706
2025-03-19 02:00:00;NORDESTE;SUDESTE/CENTRO-OESTE;3711.815
2025-03-19 03:00:00;NORDESTE;SUDESTE/CENTRO-OESTE;3514.607
2025-03-19 04:00:00;NORDESTE;SUDESTE/CENTRO-OESTE;2628.922
2025-03-19 05:00:00;NORDESTE;SUDESTE/CENTRO-OESTE;1740.368
2025-03-19 06:00:00;NORDESTE;SUDESTE/CENTRO-OESTE;3130.785
2025-03-19 07:00:00;NORDESTE;SUDESTE/CENTRO-OESTE;3548.707
2025-03-19 08:00:00;NORDESTE;SUDESTE/CENTRO-OESTE;3384.396
2025-03-19 09:00:00;NORDESTE;SUDESTE/CENTRO-OESTE;2857.427
2025-03-19 10:00:00;NORDESTE;SUDESTE/CENTRO-OESTE;2311.119
2025-03-19 11:00:00;NORDESTE;SUDESTE/CENTRO-OESTE;2252.534
2025-03-19 12:00:00;NORDESTE;SUDESTE/CENTRO-OESTE;2224.608
2025-03-19 13:00:00;NORDESTE;SUDESTE/CENTRO-OESTE;1748.154
2025-03-19 14:00:00;NORDESTE;SUDESTE/CENTRO-OESTE;1489.205
2025-03-19 15:00:00;NORDESTE;SUDESTE/CENTRO-OESTE;960.175
2025-03-19 16:00:00;NORDESTE;SUDESTE/CENTRO-OESTE;299.61
2025-03-19 17:00:00;NORDESTE;SUDESTE/CENTRO-OESTE;275.982
2025-03-19 18:00:00;NORDESTE;SUDESTE/CENTRO-OESTE;1534.062
2025-03-19 19:00:00;NORDESTE;SUDESTE/CENTRO-OESTE;2532.692
2025-03-19 20:00:00;NORDESTE;SUDESTE/CENTRO-OESTE;2824.135
2025-03-19 21:00:00;NORDESTE;SUDESTE/CENTRO-OESTE;2849.047
2025-03-19 22:00:00;NORDESTE;SUDESTE/CENTRO-OESTE;3374.96
2025-03-19 23:00:00;NORDESTE;SUDESTE/CENTRO-OESTE;2519.34499999
2025-03-20 00:00:00;NORDESTE;SUDESTE/CENTRO-OESTE;2138.684
2025-03-20 01:00:00;NORDESTE;SUDESTE/CENTRO-OESTE;1423.927
2025-03-20 02:00:00;NORDESTE;SUDESTE/CENTRO-OESTE;453.312
2025-03-20 03:00:00;NORDESTE;SUDESTE/CENTRO-OESTE;-111.832
2025-03-20 04:00:00;NORDESTE;SUDESTE/CENTRO-OESTE;-464.105
2025-03-20 05:00:00;NORDESTE;SUDESTE/CENTRO-OESTE;-480.441
2025-03-20 06:00:00;NORDESTE;SUDESTE/CENTRO-OESTE;183.933
2025-03-20 07:00:00;NORDESTE;SUDESTE/CENTRO-OESTE;966.578
2025-03-20 08:00:00;NORDESTE;SUDESTE/CENTRO-OESTE;1278.525
2025-03-20 09:00:00;NORDESTE;SUDESTE/CENTRO-OESTE;1221.324
2025-03-20 10:00:00;NORDESTE;SUDESTE/CENTRO-OESTE;1525.597
2025-03-20 11:00:00;NORDESTE;SUDESTE/CENTRO-OESTE;1592.94
2025-03-20 12:00:00;NORDESTE;SUDESTE/CENTRO-OESTE;1498.054
2025-03-20 13:00:00;NORDESTE;SUDESTE/CENTRO-OESTE;1683.029
2025-03-20 14:00:00;NORDESTE;SUDESTE/CENTRO-OESTE;1562.009
2025-03-20 15:00:00;NORDESTE;SUDESTE/CENTRO-OESTE;1512.042
2025-03-20 16:00:00;NORDESTE;SUDESTE/CENTRO-OESTE;1904.152
2025-03-20 17:00:00;NORDESTE;SUDESTE/CENTRO-OESTE;2429.79
2025-03-20 18:00:00;NORDESTE;SUDESTE/CENTRO-OESTE;3915.315
2025-03-20 19:00:00;NORDESTE;SUDESTE/CENTRO-OESTE;4360.925
2025-03-20 20:00:00;NORDESTE;SUDESTE/CENTRO-OESTE;4200.53399999
2025-03-20 21:00:00;NORDESTE;SUDESTE/CENTRO-OESTE;3559.138
2025-03-20 22:00:00;NORDESTE;SUDESTE/CENTRO-OESTE;3402.712
2025-03-20 23:00:00;NORDESTE;SUDESTE/CENTRO-OESTE;2680.415
2025-03-21 00:00:00;NORDESTE;SUDESTE/CENTRO-OESTE;2215.11
2025-03-21 01:00:00;NORDESTE;SUDESTE/CENTRO-OESTE;1639.496
2025-03-21 02:00:00;NORDESTE;SUDESTE/CENTRO-OESTE;1378.782
2025-03-21 03:00:00;NORDESTE;SUDESTE/CENTRO-OESTE;1467.345
2025-03-21 04:00:00;NORDESTE;SUDESTE/CENTRO-OESTE;1251.195
2025-03-21 05:00:00;NORDESTE;SUDESTE/CENTRO-OESTE;1749.343
2025-03-21 06:00:00;NORDESTE;SUDESTE/CENTRO-OESTE;3350.993
2025-03-21 07:00:00;NORDESTE;SUDESTE/CENTRO-OESTE;3466.996
2025-03-21 08:00:00;NORDESTE;SUDESTE/CENTRO-OESTE;3287.789
2025-03-21 09:00:00;NORDESTE;SUDESTE/CENTRO-OESTE;2921.269
2025-03-21 10:00:00;NORDESTE;SUDESTE/CENTRO-OESTE;2520.898
2025-03-21 11:00:00;NORDESTE;SUDESTE/CENTRO-OESTE;2950.81
2025-03-21 12:00:00;NORDESTE;SUDESTE/CENTRO-OESTE;3260.202
2025-03-21 13:00:00;NORDESTE;SUDESTE/CENTRO-OESTE;3490.168
2025-03-21 14:00:00;NORDESTE;SUDESTE/CENTRO-OESTE;3414.319
2025-03-21 15:00:00;NORDESTE;SUDESTE/CENTRO-OESTE;3243.838
2025-03-21 16:00:00;NORDESTE;SUDESTE/CENTRO-OESTE;2719.045
2025-03-21 17:00:00;NORDESTE;SUDESTE/CENTRO-OESTE;2416.917
2025-03-21 18:00:00;NORDESTE;SUDESTE/CENTRO-OESTE;3833.169
2025-03-21 19:00:00;NORDESTE;SUDESTE/CENTRO-OESTE;4509.212
2025-03-21 20:00:00;NORDESTE;SUDESTE/CENTRO-OESTE;4703.307
2025-03-21 21:00:00;NORDESTE;SUDESTE/CENTRO-OESTE;4497.662
2025-03-21 22:00:00;NORDESTE;SUDESTE/CENTRO-OESTE;3779.718
2025-03-21 23:00:00;NORDESTE;SUDESTE/CENTRO-OESTE;2445.006
2025-03-22 00:00:00;NORDESTE;SUDESTE/CENTRO-OESTE;1146.185
2025-03-22 01:00:00;NORDESTE;SUDESTE/CENTRO-OESTE;796.255
2025-03-22 02:00:00;NORDESTE;SUDESTE/CENTRO-OESTE;817.262
2025-03-22 03:00:00;NORDESTE;SUDESTE/CENTRO-OESTE;1179.799
2025-03-22 04:00:00;NORDESTE;SUDESTE/CENTRO-OESTE;1608.133
2025-03-22 05:00:00;NORDESTE;SUDESTE/CENTRO-OESTE;2342.069
2025-03-22 06:00:00;NORDESTE;SUDESTE/CENTRO-OESTE;3615.367
2025-03-22 07:00:00;NORDESTE;SUDESTE/CENTRO-OESTE;4550.155
2025-03-22 08:00:00;NORDESTE;SUDESTE/CENTRO-OESTE;4788.54
2025-03-22 09:00:00;NORDESTE;SUDESTE/CENTRO-OESTE;3461.482
2025-03-22 10:00:00;NORDESTE;SUDESTE/CENTRO-OESTE;2613.322
2025-03-22 11:00:00;NORDESTE;SUDESTE/CENTRO-OESTE;1797.119
2025-03-22 12:00:00;NORDESTE;SUDESTE/CENTRO-OESTE;1632.556
2025-03-22 13:00:00;NORDESTE;SUDESTE/CENTRO-OESTE;1676.425
2025-03-22 14:00:00;NORDESTE;SUDESTE/CENTRO-OESTE;2072.908
2025-03-22 15:00:00;NORDESTE;SUDESTE/CENTRO-OESTE;2741.77799999
2025-03-22 16:00:00;NORDESTE;SUDESTE/CENTRO-OESTE;2936.858
2025-03-22 17:00:00;NORDESTE;SUDESTE/CENTRO-OESTE;2284.07
2025-03-22 18:00:00;NORDESTE;SUDESTE/CENTRO-OESTE;2862.504
2025-03-22 19:00:00;NORDESTE;SUDESTE/CENTRO-OESTE;3782.366
2025-03-22 20:00:00;NORDESTE;SUDESTE/CENTRO-OESTE;4731.813
2025-03-22 21:00:00;NORDESTE;SUDESTE/CENTRO-OESTE;5203.777
2025-03-22 22:00:00;NORDESTE;SUDESTE/CENTRO-OESTE;4965.405
2025-03-22 23:00:00;NORDESTE;SUDESTE/CENTRO-OESTE;4814.283
2025-03-23 00:00:00;NORDESTE;SUDESTE/CENTRO-OESTE;4564.518
2025-03-23 01:00:00;NORDESTE;SUDESTE/CENTRO-OESTE;4667.702
2025-03-23 02:00:00;NORDESTE;SUDESTE/CENTRO-OESTE;4641.93599999
2025-03-23 03:00:00;NORDESTE;SUDESTE/CENTRO-OESTE;4539.16799999
2025-03-23 04:00:00;NORDESTE;SUDESTE/CENTRO-OESTE;4293.835
2025-03-23 05:00:00;NORDESTE;SUDESTE/CENTRO-OESTE;4085.459
2025-03-23 06:00:00;NORDESTE;SUDESTE/CENTRO-OESTE;3983.407
2025-03-23 07:00:00;NORDESTE;SUDESTE/CENTRO-OESTE;4020.096
2025-03-23 08:00:00;NORDESTE;SUDESTE/CENTRO-OESTE;4013.708
2025-03-23 09:00:00;NORDESTE;SUDESTE/CENTRO-OESTE;4051.246
2025-03-23 10:00:00;NORDESTE;SUDESTE/CENTRO-OESTE;4116.563
2025-03-23 11:00:00;NORDESTE;SUDESTE/CENTRO-OESTE;4231.354
2025-03-23 12:00:00;NORDESTE;SUDESTE/CENTRO-OESTE;4055.362
2025-03-23 13:00:00;NORDESTE;SUDESTE/CENTRO-OESTE;3737.496
2025-03-23 14:00:00;NORDESTE;SUDESTE/CENTRO-OESTE;3861.433
2025-03-23 15:00:00;NORDESTE;SUDESTE/CENTRO-OESTE;3862.399
2025-03-23 16:00:00;NORDESTE;SUDESTE/CENTRO-OESTE;3541.823
2025-03-23 17:00:00;NORDESTE;SUDESTE/CENTRO-OESTE;3439.846
2025-03-23 18:00:00;NORDESTE;SUDESTE/CENTRO-OESTE;4271.188
2025-03-23 19:00:00;NORDESTE;SUDESTE/CENTRO-OESTE;4775.023
2025-03-23 20:00:00;NORDESTE;SUDESTE/CENTRO-OESTE;5327.899
2025-03-23 21:00:00;NORDESTE;SUDESTE/CENTRO-OESTE;5139.443
2025-03-23 22:00:00;NORDESTE;SUDESTE/CENTRO-OESTE;4758.606
2025-03-23 23:00:00;NORDESTE;SUDESTE/CENTRO-OESTE;4389.85499999
2025-03-24 00:00:00;NORDESTE;SUDESTE/CENTRO-OESTE;4082.151
2025-03-24 01:00:00;NORDESTE;SUDESTE/CENTRO-OESTE;4210.795
2025-03-24 02:00:00;NORDESTE;SUDESTE/CENTRO-OESTE;4105.502
2025-03-24 03:00:00;NORDESTE;SUDESTE/CENTRO-OESTE;3532.927
2025-03-24 04:00:00;NORDESTE;SUDESTE/CENTRO-OESTE;3257.668
2025-03-24 05:00:00;NORDESTE;SUDESTE/CENTRO-OESTE;3361.209
2025-03-24 06:00:00;NORDESTE;SUDESTE/CENTRO-OESTE;3494.34
2025-03-24 07:00:00;NORDESTE;SUDESTE/CENTRO-OESTE;3855.257
2025-03-24 08:00:00;NORDESTE;SUDESTE/CENTRO-OESTE;4150.606
2025-03-24 09:00:00;NORDESTE;SUDESTE/CENTRO-OESTE;3481.99
2025-03-24 10:00:00;NORDESTE;SUDESTE/CENTRO-OESTE;3196.793
2025-03-24 11:00:00;NORDESTE;SUDESTE/CENTRO-OESTE;3035.667
2025-03-24 12:00:00;NORDESTE;SUDESTE/CENTRO-OESTE;3256.431
2025-03-24 13:00:00;NORDESTE;SUDESTE/CENTRO-OESTE;3510.378
2025-03-24 14:00:00;NORDESTE;SUDESTE/CENTRO-OESTE;3993.347
2025-03-24 15:00:00;NORDESTE;SUDESTE/CENTRO-OESTE;3874.471
2025-03-24 16:00:00;NORDESTE;SUDESTE/CENTRO-OESTE;3961.903
2025-03-24 17:00:00;NORDESTE;SUDESTE/CENTRO-OESTE;3240.428
2025-03-24 18:00:00;NORDESTE;SUDESTE/CENTRO-OESTE;4062.41
2025-03-24 19:00:00;NORDESTE;SUDESTE/CENTRO-OESTE;4554.446
2025-03-24 20:00:00;NORDESTE;SUDESTE/CENTRO-OESTE;4574.085
2025-03-24 21:00:00;NORDESTE;SUDESTE/CENTRO-OESTE;4141.751
2025-03-24 22:00:00;NORDESTE;SUDESTE/CENTRO-OESTE;3894.663
2025-03-24 23:00:00;NORDESTE;SUDESTE/CENTRO-OESTE;3507.655
2025-03-25 00:00:00;NORDESTE;SUDESTE/CENTRO-OESTE;3314.996
2025-03-25 01:00:00;NORDESTE;SUDESTE/CENTRO-OESTE;3320.218
2025-03-25 02:00:00;NORDESTE;SUDESTE/CENTRO-OESTE;3485.871
2025-03-25 03:00:00;NORDESTE;SUDESTE/CENTRO-OESTE;3457.973
2025-03-25 04:00:00;NORDESTE;SUDESTE/CENTRO-OESTE;3413.688
2025-03-25 05:00:00;NORDESTE;SUDESTE/CENTRO-OESTE;3637.512
2025-03-25 06:00:00;NORDESTE;SUDESTE/CENTRO-OESTE;4425.522
2025-03-25 07:00:00;NORDESTE;SUDESTE/CENTRO-OESTE;5131.127
2025-03-25 08:00:00;NORDESTE;SUDESTE/CENTRO-OESTE;4812.877
2025-03-25 09:00:00;NORDESTE;SUDESTE/CENTRO-OESTE;4844.608
2025-03-25 10:00:00;NORDESTE;SUDESTE/CENTRO-OESTE;4445.928
2025-03-25 11:00:00;NORDESTE;SUDESTE/CENTRO-OESTE;4408.688
2025-03-25 12:00:00;NORDESTE;SUDESTE/CENTRO-OESTE;4020.476
2025-03-25 13:00:00;NORDESTE;SUDESTE/CENTRO-OESTE;4011.698
2025-03-25 14:00:00;NORDESTE;SUDESTE/CENTRO-OESTE;3573.657
2025-03-25 15:00:00;NORDESTE;SUDESTE/CENTRO-OESTE;3695.228
2025-03-25 16:00:00;NORDESTE;SUDESTE/CENTRO-OESTE;2404.881
2025-03-25 17:00:00;NORDESTE;SUDESTE/CENTRO-OESTE;1550.174
2025-03-25 18:00:00;NORDESTE;SUDESTE/CENTRO-OESTE;2123.299
2025-03-25 19:00:00;NORDESTE;SUDESTE/CENTRO-OESTE;3397.023
2025-03-25 20:00:00;NORDESTE;SUDESTE/CENTRO-OESTE;3841.096
2025-03-25 21:00:00;NORDESTE;SUDESTE/CENTRO-OESTE;3709.555
2025-03-25 22:00:00;NORDESTE;SUDESTE/CENTRO-OESTE;3381.14
2025-03-25 23:00:00;NORDESTE;SUDESTE/CENTRO-OESTE;2810.15
2025-03-26 00:00:00;NORDESTE;SUDESTE/CENTRO-OESTE;2706.93199999
2025-03-26 01:00:00;NORDESTE;SUDESTE/CENTRO-OESTE;2797.996
2025-03-26 02:00:00;NORDESTE;SUDESTE/CENTRO-OESTE;3280.256
2025-03-26 03:00:00;NORDESTE;SUDESTE/CENTRO-OESTE;3541.466
2025-03-26 04:00:00;NORDESTE;SUDESTE/CENTRO-OESTE;3620.845
2025-03-26 05:00:00;NORDESTE;SUDESTE/CENTRO-OESTE;4129.001
2025-03-26 06:00:00;NORDESTE;SUDESTE/CENTRO-OESTE;4446.59199999
2025-03-26 07:00:00;NORDESTE;SUDESTE/CENTRO-OESTE;5053.759
2025-03-26 08:00:00;NORDESTE;SUDESTE/CENTRO-OESTE;4323.867
2025-03-26 09:00:00;NORDESTE;SUDESTE/CENTRO-OESTE;3652.812
2025-03-26 10:00:00;NORDESTE;SUDESTE/CENTRO-OESTE;3406.96
2025-03-26 11:00:00;NORDESTE;SUDESTE/CENTRO-OESTE;3152.484
2025-03-26 12:00:00;NORDESTE;SUDESTE/CENTRO-OESTE;3425.344
2025-03-26 13:00:00;NORDESTE;SUDESTE/CENTRO-OESTE;3237.47
2025-03-26 14:00:00;NORDESTE;SUDESTE/CENTRO-OESTE;2507.427
2025-03-26 15:00:00;NORDESTE;SUDESTE/CENTRO-OESTE;2057.01899999
2025-03-26 16:00:00;NORDESTE;SUDESTE/CENTRO-OESTE;1303.4
2025-03-26 17:00:00;NORDESTE;SUDESTE/CENTRO-OESTE;1099.242
2025-03-26 18:00:00;NORDESTE;SUDESTE/CENTRO-OESTE;2285.784
2025-03-26 19:00:00;NORDESTE;SUDESTE/CENTRO-OESTE;3668.386
2025-03-26 20:00:00;NORDESTE;SUDESTE/CENTRO-OESTE;3953.139
2025-03-26 21:00:00;NORDESTE;SUDESTE/CENTRO-OESTE;3786.964
2025-03-26 22:00:00;NORDESTE;SUDESTE/CENTRO-OESTE;3278.192
2025-03-26 23:00:00;NORDESTE;SUDESTE/CENTRO-OESTE;2947.615
2025-03-27 00:00:00;NORDESTE;SUDESTE/CENTRO-OESTE;2259.837
2025-03-27 01:00:00;NORDESTE;SUDESTE/CENTRO-OESTE;2434.626
2025-03-27 02:00:00;NORDESTE;SUDESTE/CENTRO-OESTE;2805.798
2025-03-27 03:00:00;NORDESTE;SUDESTE/CENTRO-OESTE;3466.809
2025-03-27 04:00:00;NORDESTE;SUDESTE/CENTRO-OESTE;3386.734
2025-03-27 05:00:00;NORDESTE;SUDESTE/CENTRO-OESTE;3811.196
2025-03-27 06:00:00;NORDESTE;SUDESTE/CENTRO-OESTE;4774.724
2025-03-27 07:00:00;NORDESTE;SUDESTE/CENTRO-OESTE;4756.99399999
2025-03-27 08:00:00;NORDESTE;SUDESTE/CENTRO-OESTE;4827.549
2025-03-27 09:00:00;NORDESTE;SUDESTE/CENTRO-OESTE;4420.828
2025-03-27 10:00:00;NORDESTE;SUDESTE/CENTRO-OESTE;4231.258
2025-03-27 11:00:00;NORDESTE;SUDESTE/CENTRO-OESTE;3623.301
2025-03-27 12:00:00;NORDESTE;SUDESTE/CENTRO-OESTE;3099.77
2025-03-27 13:00:00;NORDESTE;SUDESTE/CENTRO-OESTE;3192.728
2025-03-27 14:00:00;NORDESTE;SUDESTE/CENTRO-OESTE;3349.111
2025-03-27 15:00:00;NORDESTE;SUDESTE/CENTRO-OESTE;2392.839
2025-03-27 16:00:00;NORDESTE;SUDESTE/CENTRO-OESTE;1812.042
2025-03-27 17:00:00;NORDESTE;SUDESTE/CENTRO-OESTE;2118.54599999
2025-03-27 18:00:00;NORDESTE;SUDESTE/CENTRO-OESTE;2791.562
2025-03-27 19:00:00;NORDESTE;SUDESTE/CENTRO-OESTE;3428.723
2025-03-27 20:00:00;NORDESTE;SUDESTE/CENTRO-OESTE;4029.904
2025-03-27 21:00:00;NORDESTE;SUDESTE/CENTRO-OESTE;3871.683
2025-03-27 22:00:00;NORDESTE;SUDESTE/CENTRO-OESTE;3797.092
2025-03-27 23:00:00;NORDESTE;SUDESTE/CENTRO-OESTE;3196.842
2025-03-28 00:00:00;NORDESTE;SUDESTE/CENTRO-OESTE;2838.869
2025-03-28 01:00:00;NORDESTE;SUDESTE/CENTRO-OESTE;2463.20899999
2025-03-28 02:00:00;NORDESTE;SUDESTE/CENTRO-OESTE;2627.398
2025-03-28 03:00:00;NORDESTE;SUDESTE/CENTRO-OESTE;2721.56
2025-03-28 04:00:00;NORDESTE;SUDESTE/CENTRO-OESTE;2343.677
2025-03-28 05:00:00;NORDESTE;SUDESTE/CENTRO-OESTE;2648.44
2025-03-28 06:00:00;NORDESTE;SUDESTE/CENTRO-OESTE;3274.195
2025-03-28 07:00:00;NORDESTE;SUDESTE/CENTRO-OESTE;3236.522
2025-03-28 08:00:00;NORDESTE;SUDESTE/CENTRO-OESTE;2546.434
2025-03-28 09:00:00;NORDESTE;SUDESTE/CENTRO-OESTE;2499.462
2025-03-28 10:00:00;NORDESTE;SUDESTE/CENTRO-OESTE;2157.071
2025-03-28 11:00:00;NORDESTE;SUDESTE/CENTRO-OESTE;2214.33399999
2025-03-28 12:00:00;NORDESTE;SUDESTE/CENTRO-OESTE;1896.277
2025-03-28 13:00:00;NORDESTE;SUDESTE/CENTRO-OESTE;1847.926
2025-03-28 14:00:00;NORDESTE;SUDESTE/CENTRO-OESTE;1865.739
2025-03-28 15:00:00;NORDESTE;SUDESTE/CENTRO-OESTE;2047.148
2025-03-28 16:00:00;NORDESTE;SUDESTE/CENTRO-OESTE;1885.333
2025-03-28 17:00:00;NORDESTE;SUDESTE/CENTRO-OESTE;1611.526
2025-03-28 18:00:00;NORDESTE;SUDESTE/CENTRO-OESTE;2345.65299999
2025-03-28 19:00:00;NORDESTE;SUDESTE/CENTRO-OESTE;3377.379
2025-03-28 20:00:00;NORDESTE;SUDESTE/CENTRO-OESTE;3812.583
2025-03-28 21:00:00;NORDESTE;SUDESTE/CENTRO-OESTE;3750.907
2025-03-28 22:00:00;NORDESTE;SUDESTE/CENTRO-OESTE;3474.093
2025-03-28 23:00:00;NORDESTE;SUDESTE/CENTRO-OESTE;3762.464
2025-03-29 00:00:00;NORDESTE;SUDESTE/CENTRO-OESTE;3917.318
2025-03-29 01:00:00;NORDESTE;SUDESTE/CENTRO-OESTE;3790.57
2025-03-29 02:00:00;NORDESTE;SUDESTE/CENTRO-OESTE;3453.434
2025-03-29 03:00:00;NORDESTE;SUDESTE/CENTRO-OESTE;2983.897
2025-03-29 04:00:00;NORDESTE;SUDESTE/CENTRO-OESTE;2647.147
2025-03-29 05:00:00;NORDESTE;SUDESTE/CENTRO-OESTE;2873.989
2025-03-29 06:00:00;NORDESTE;SUDESTE/CENTRO-OESTE;3770.408
2025-03-29 07:00:00;NORDESTE;SUDESTE/CENTRO-OESTE;3805.183
2025-03-29 08:00:00;NORDESTE;SUDESTE/CENTRO-OESTE;2765.887
2025-03-29 09:00:00;NORDESTE;SUDESTE/CENTRO-OESTE;2490.163
2025-03-29 10:00:00;NORDESTE;SUDESTE/CENTRO-OESTE;2365.163
2025-03-29 11:00:00;NORDESTE;SUDESTE/CENTRO-OESTE;2602.592
2025-03-29 12:00:00;NORDESTE;SUDESTE/CENTRO-OESTE;2770.217
2025-03-29 13:00:00;NORDESTE;SUDESTE/CENTRO-OESTE;2927.632
2025-03-29 14:00:00;NORDESTE;SUDESTE/CENTRO-OESTE;2086.42299999
2025-03-29 15:00:00;NORDESTE;SUDESTE/CENTRO-OESTE;2507.98799999
2025-03-29 16:00:00;NORDESTE;SUDESTE/CENTRO-OESTE;2275.40299999
2025-03-29 17:00:00;NORDESTE;SUDESTE/CENTRO-OESTE;2905.165
2025-03-29 18:00:00;NORDESTE;SUDESTE/CENTRO-OESTE;3935.376
2025-03-29 19:00:00;NORDESTE;SUDESTE/CENTRO-OESTE;4687.96
2025-03-29 20:00:00;NORDESTE;SUDESTE/CENTRO-OESTE;5709.857
2025-03-29 21:00:00;NORDESTE;SUDESTE/CENTRO-OESTE;5992.793
2025-03-29 22:00:00;NORDESTE;SUDESTE/CENTRO-OESTE;5917.207
2025-03-29 23:00:00;NORDESTE;SUDESTE/CENTRO-OESTE;5610.818
2025-03-30 00:00:00;NORDESTE;SUDESTE/CENTRO-OESTE;5106.755
2025-03-30 01:00:00;NORDESTE;SUDESTE/CENTRO-OESTE;4756.127
2025-03-30 02:00:00;NORDESTE;SUDESTE/CENTRO-OESTE;4438.54
2025-03-30 03:00:00;NORDESTE;SUDESTE/CENTRO-OESTE;4570.72999999
2025-03-30 04:00:00;NORDESTE;SUDESTE/CENTRO-OESTE;4506.012
2025-03-30 05:00:00;NORDESTE;SUDESTE/CENTRO-OESTE;4629.774
2025-03-30 06:00:00;NORDESTE;SUDESTE/CENTRO-OESTE;5231.106
2025-03-30 07:00:00;NORDESTE;SUDESTE/CENTRO-OESTE;4551.012
2025-03-30 08:00:00;NORDESTE;SUDESTE/CENTRO-OESTE;4236.477
2025-03-30 09:00:00;NORDESTE;SUDESTE/CENTRO-OESTE;3082.843
2025-03-30 10:00:00;NORDESTE;SUDESTE/CENTRO-OESTE;2020.727
2025-03-30 11:00:00;NORDESTE;SUDESTE/CENTRO-OESTE;1390.243
2025-03-30 12:00:00;NORDESTE;SUDESTE/CENTRO-OESTE;1291.842
2025-03-30 13:00:00;NORDESTE;SUDESTE/CENTRO-OESTE;1623.904
2025-03-30 14:00:00;NORDESTE;SUDESTE/CENTRO-OESTE;2206.547
2025-03-30 15:00:00;NORDESTE;SUDESTE/CENTRO-OESTE;2808.755
2025-03-30 16:00:00;NORDESTE;SUDESTE/CENTRO-OESTE;2806.591
2025-03-30 17:00:00;NORDESTE;SUDESTE/CENTRO-OESTE;3514.088
2025-03-30 18:00:00;NORDESTE;SUDESTE/CENTRO-OESTE;4484.499
2025-03-30 19:00:00;NORDESTE;SUDESTE/CENTRO-OESTE;5765.156
2025-03-30 20:00:00;NORDESTE;SUDESTE/CENTRO-OESTE;6243.493
2025-03-30 21:00:00;NORDESTE;SUDESTE/CENTRO-OESTE;6077.27
2025-03-30 22:00:00;NORDESTE;SUDESTE/CENTRO-OESTE;6118.002
2025-03-30 23:00:00;NORDESTE;SUDESTE/CENTRO-OESTE;6097.459
2025-03-31 00:00:00;NORDESTE;SUDESTE/CENTRO-OESTE;6259.945
2025-03-31 01:00:00;NORDESTE;SUDESTE/CENTRO-OESTE;6180.359
2025-03-31 02:00:00;NORDESTE;SUDESTE/CENTRO-OESTE;6156.43
2025-03-31 03:00:00;NORDESTE;SUDESTE/CENTRO-OESTE;6360.168
2025-03-31 04:00:00;NORDESTE;SUDESTE/CENTRO-OESTE;6432.586
2025-03-31 05:00:00;NORDESTE;SUDESTE/CENTRO-OESTE;6585.02
2025-03-31 06:00:00;NORDESTE;SUDESTE/CENTRO-OESTE;6516.101
2025-03-31 07:00:00;NORDESTE;SUDESTE/CENTRO-OESTE;6552.205
2025-03-31 08:00:00;NORDESTE;SUDESTE/CENTRO-OESTE;6314.39
2025-03-31 09:00:00;NORDESTE;SUDESTE/CENTRO-OESTE;6113.174
2025-03-31 10:00:00;NORDESTE;SUDESTE/CENTRO-OESTE;5913.463
2025-03-31 11:00:00;NORDESTE;SUDESTE/CENTRO-OESTE;5503.277
2025-03-31 12:00:00;NORDESTE;SUDESTE/CENTRO-OESTE;4998.93599999
2025-03-31 13:00:00;NORDESTE;SUDESTE/CENTRO-OESTE;4165.533
2025-03-31 14:00:00;NORDESTE;SUDESTE/CENTRO-OESTE;3503.325
2025-03-31 15:00:00;NORDESTE;SUDESTE/CENTRO-OESTE;3032.446
2025-03-31 16:00:00;NORDESTE;SUDESTE/CENTRO-OESTE;3115.575
2025-03-31 17:00:00;NORDESTE;SUDESTE/CENTRO-OESTE;3540.974
2025-03-31 18:00:00;NORDESTE;SUDESTE/CENTRO-OESTE;4590.608
2025-03-31 19:00:00;NORDESTE;SUDESTE/CENTRO-OESTE;5479.202
2025-03-31 20:00:00;NORDESTE;SUDESTE/CENTRO-OESTE;5785.564
2025-03-31 21:00:00;NORDESTE;SUDESTE/CENTRO-OESTE;6156.499
2025-03-31 22:00:00;NORDESTE;SUDESTE/CENTRO-OESTE;6336.759
2025-03-31 23:00:00;NORDESTE;SUDESTE/CENTRO-OESTE;6258.89
2025-04-01 00:00:00;NORDESTE;SUDESTE/CENTRO-OESTE;6249.053
2025-04-01 01:00:00;NORDESTE;SUDESTE/CENTRO-OESTE;6388.226
2025-04-01 02:00:00;NORDESTE;SUDESTE/CENTRO-OESTE;6350.804
2025-04-01 03:00:00;NORDESTE;SUDESTE/CENTRO-OESTE;6430.139
2025-04-01 04:00:00;NORDESTE;SUDESTE/CENTRO-OESTE;6239.325
2025-04-01 05:00:00;NORDESTE;SUDESTE/CENTRO-OESTE;6445.748
2025-04-01 06:00:00;NORDESTE;SUDESTE/CENTRO-OESTE;6764.897
2025-04-01 07:00:00;NORDESTE;SUDESTE/CENTRO-OESTE;6458.15
2025-04-01 08:00:00;NORDESTE;SUDESTE/CENTRO-OESTE;5800.466
2025-04-01 09:00:00;NORDESTE;SUDESTE/CENTRO-OESTE;6121.829
2025-04-01 10:00:00;NORDESTE;SUDESTE/CENTRO-OESTE;6266.727
2025-04-01 11:00:00;NORDESTE;SUDESTE/CENTRO-OESTE;6101.124
2025-04-01 12:00:00;NORDESTE;SUDESTE/CENTRO-OESTE;6180.537
2025-04-01 13:00:00;NORDESTE;SUDESTE/CENTRO-OESTE;6122.078
2025-04-01 14:00:00;NORDESTE;SUDESTE/CENTRO-OESTE;5977.712
2025-04-01 15:00:00;NORDESTE;SUDESTE/CENTRO-OESTE;5673.003
2025-04-01 16:00:00;NORDESTE;SUDESTE/CENTRO-OESTE;4985.93099999
2025-04-01 17:00:00;NORDESTE;SUDESTE/CENTRO-OESTE;5350.741
2025-04-01 18:00:00;NORDESTE;SUDESTE/CENTRO-OESTE;5804.905
2025-04-01 19:00:00;NORDESTE;SUDESTE/CENTRO-OESTE;5846.259
2025-04-01 20:00:00;NORDESTE;SUDESTE/CENTRO-OESTE;5625.352
2025-04-01 21:00:00;NORDESTE;SUDESTE/CENTRO-OESTE;5517.144
2025-04-01 22:00:00;NORDESTE;SUDESTE/CENTRO-OESTE;5671.523
2025-04-01 23:00:00;NORDESTE;SUDESTE/CENTRO-OESTE;5123.844
2025-04-02 00:00:00;NORDESTE;SUDESTE/CENTRO-OESTE;4646.395
2025-04-02 01:00:00;NORDESTE;SUDESTE/CENTRO-OESTE;4743.991
2025-04-02 02:00:00;NORDESTE;SUDESTE/CENTRO-OESTE;4621.821
2025-04-02 03:00:00;NORDESTE;SUDESTE/CENTRO-OESTE;4449.825
2025-04-02 04:00:00;NORDESTE;SUDESTE/CENTRO-OESTE;4330.404
2025-04-02 05:00:00;NORDESTE;SUDESTE/CENTRO-OESTE;4365.524
2025-04-02 06:00:00;NORDESTE;SUDESTE/CENTRO-OESTE;4970.253
2025-04-02 07:00:00;NORDESTE;SUDESTE/CENTRO-OESTE;5018.25
2025-04-02 08:00:00;NORDESTE;SUDESTE/CENTRO-OESTE;5867.554
2025-04-02 09:00:00;NORDESTE;SUDESTE/CENTRO-OESTE;6120.902
2025-04-02 10:00:00;NORDESTE;SUDESTE/CENTRO-OESTE;6141.932
2025-04-02 11:00:00;NORDESTE;SUDESTE/CENTRO-OESTE;5820.778
2025-04-02 12:00:00;NORDESTE;SUDESTE/CENTRO-OESTE;4447.954
2025-04-02 13:00:00;NORDESTE;SUDESTE/CENTRO-OESTE;3281.447
2025-04-02 14:00:00;NORDESTE;SUDESTE/CENTRO-OESTE;2734.471
2025-04-02 15:00:00;NORDESTE;SUDESTE/CENTRO-OESTE;2128.984
2025-04-02 16:00:00;NORDESTE;SUDESTE/CENTRO-OESTE;1806.281
2025-04-02 17:00:00;NORDESTE;SUDESTE/CENTRO-OESTE;2025.804
2025-04-02 18:00:00;NORDESTE;SUDESTE/CENTRO-OESTE;3102.028
2025-04-02 19:00:00;NORDESTE;SUDESTE/CENTRO-OESTE;4286.127
2025-04-02 20:00:00;NORDESTE;SUDESTE/CENTRO-OESTE;4994.223
2025-04-02 21:00:00;NORDESTE;SUDESTE/CENTRO-OESTE;4924.62
2025-04-02 22:00:00;NORDESTE;SUDESTE/CENTRO-OESTE;4997.08299999
2025-04-02 23:00:00;NORDESTE;SUDESTE/CENTRO-OESTE;5397.509
2025-04-03 00:00:00;NORDESTE;SUDESTE/CENTRO-OESTE;5629.776
2025-04-03 01:00:00;NORDESTE;SUDESTE/CENTRO-OESTE;5888.309
2025-04-03 02:00:00;NORDESTE;SUDESTE/CENTRO-OESTE;5826.38
2025-04-03 03:00:00;NORDESTE;SUDESTE/CENTRO-OESTE;5827.39
2025-04-03 04:00:00;NORDESTE;SUDESTE/CENTRO-OESTE;5960.167
2025-04-03 05:00:00;NORDESTE;SUDESTE/CENTRO-OESTE;6221.282
2025-04-03 06:00:00;NORDESTE;SUDESTE/CENTRO-OESTE;6222.659
2025-04-03 07:00:00;NORDESTE;SUDESTE/CENTRO-OESTE;5647.977
2025-04-03 08:00:00;NORDESTE;SUDESTE/CENTRO-OESTE;5712.831
2025-04-03 09:00:00;NORDESTE;SUDESTE/CENTRO-OESTE;5850.122
2025-04-03 10:00:00;NORDESTE;SUDESTE/CENTRO-OESTE;5255.96
2025-04-03 11:00:00;NORDESTE;SUDESTE/CENTRO-OESTE;5169.562
2025-04-03 12:00:00;NORDESTE;SUDESTE/CENTRO-OESTE;4695.809
2025-04-03 13:00:00;NORDESTE;SUDESTE/CENTRO-OESTE;4326.528
2025-04-03 14:00:00;NORDESTE;SUDESTE/CENTRO-OESTE;4359.067
2025-04-03 15:00:00;NORDESTE;SUDESTE/CENTRO-OESTE;3987.873
2025-04-03 16:00:00;NORDESTE;SUDESTE/CENTRO-OESTE;3822.606
2025-04-03 17:00:00;NORDESTE;SUDESTE/CENTRO-OESTE;3839.257
2025-04-03 18:00:00;NORDESTE;SUDESTE/CENTRO-OESTE;5262.305
2025-04-03 19:00:00;NORDESTE;SUDESTE/CENTRO-OESTE;6203.085
2025-04-03 20:00:00;NORDESTE;SUDESTE/CENTRO-OESTE;6740.597
2025-04-03 21:00:00;NORDESTE;SUDESTE/CENTRO-OESTE;6768.804
2025-04-03 22:00:00;NORDESTE;SUDESTE/CENTRO-OESTE;6708.99
2025-04-03 23:00:00;NORDESTE;SUDESTE/CENTRO-OESTE;6490.235
2025-04-04 00:00:00;NORDESTE;SUDESTE/CENTRO-OESTE;6589.432
2025-04-04 01:00:00;NORDESTE;SUDESTE/CENTRO-OESTE;6610.379
2025-04-04 02:00:00;NORDESTE;SUDESTE/CENTRO-OESTE;6438.717
2025-04-04 03:00:00;NORDESTE;SUDESTE/CENTRO-OESTE;6248.798
2025-04-04 04:00:00;NORDESTE;SUDESTE/CENTRO-OESTE;5967.793
2025-04-04 05:00:00;NORDESTE;SUDESTE/CENTRO-OESTE;6158.411
2025-04-04 06:00:00;NORDESTE;SUDESTE/CENTRO-OESTE;5782.335
2025-04-04 07:00:00;NORDESTE;SUDESTE/CENTRO-OESTE;5740.761
2025-04-04 08:00:00;NORDESTE;SUDESTE/CENTRO-OESTE;5997.05
2025-04-04 09:00:00;NORDESTE;SUDESTE/CENTRO-OESTE;6098.881
2025-04-04 10:00:00;NORDESTE;SUDESTE/CENTRO-OESTE;6219.978
2025-04-04 11:00:00;NORDESTE;SUDESTE/CENTRO-OESTE;5739.228
2025-04-04 12:00:00;NORDESTE;SUDESTE/CENTRO-OESTE;4902.629
2025-04-04 13:00:00;NORDESTE;SUDESTE/CENTRO-OESTE;4558.64999999
2025-04-04 14:00:00;NORDESTE;SUDESTE/CENTRO-OESTE;4819.192
2025-04-04 15:00:00;NORDESTE;SUDESTE/CENTRO-OESTE;4466.754
2025-04-04 16:00:00;NORDESTE;SUDESTE/CENTRO-OESTE;4032.7
2025-04-04 17:00:00;NORDESTE;SUDESTE/CENTRO-OESTE;4429.529
2025-04-04 18:00:00;NORDESTE;SUDESTE/CENTRO-OESTE;5431.59
2025-04-04 19:00:00;NORDESTE;SUDESTE/CENTRO-OESTE;5892.496
2025-04-04 20:00:00;NORDESTE;SUDESTE/CENTRO-OESTE;6292.551
2025-04-04 21:00:00;NORDESTE;SUDESTE/CENTRO-OESTE;6313.71
2025-04-04 22:00:00;NORDESTE;SUDESTE/CENTRO-OESTE;6128.747
2025-04-04 23:00:00;NORDESTE;SUDESTE/CENTRO-OESTE;5355.01599999
2025-04-05 00:00:00;NORDESTE;SUDESTE/CENTRO-OESTE;4824.579
2025-04-05 01:00:00;NORDESTE;SUDESTE/CENTRO-OESTE;4928.98499999
2025-04-05 02:00:00;NORDESTE;SUDESTE/CENTRO-OESTE;5548.666
2025-04-05 03:00:00;NORDESTE;SUDESTE/CENTRO-OESTE;5665.609
2025-04-05 04:00:00;NORDESTE;SUDESTE/CENTRO-OESTE;5266.921
2025-04-05 05:00:00;NORDESTE;SUDESTE/CENTRO-OESTE;5408.087
2025-04-05 06:00:00;NORDESTE;SUDESTE/CENTRO-OESTE;5600.785
2025-04-05 07:00:00;NORDESTE;SUDESTE/CENTRO-OESTE;5321.216
2025-04-05 08:00:00;NORDESTE;SUDESTE/CENTRO-OESTE;4670.867
2025-04-05 09:00:00;NORDESTE;SUDESTE/CENTRO-OESTE;3906.894
2025-04-05 10:00:00;NORDESTE;SUDESTE/CENTRO-OESTE;3168.08
2025-04-05 11:00:00;NORDESTE;SUDESTE/CENTRO-OESTE;2353.455
2025-04-05 12:00:00;NORDESTE;SUDESTE/CENTRO-OESTE;1731.41
2025-04-05 13:00:00;NORDESTE;SUDESTE/CENTRO-OESTE;1511.601
2025-04-05 14:00:00;NORDESTE;SUDESTE/CENTRO-OESTE;1388.374
2025-04-05 15:00:00;NORDESTE;SUDESTE/CENTRO-OESTE;1653.459
2025-04-05 16:00:00;NORDESTE;SUDESTE/CENTRO-OESTE;3003.412
2025-04-05 17:00:00;NORDESTE;SUDESTE/CENTRO-OESTE;3420.214
2025-04-05 18:00:00;NORDESTE;SUDESTE/CENTRO-OESTE;4540.68999999
2025-04-05 19:00:00;NORDESTE;SUDESTE/CENTRO-OESTE;5577.173
2025-04-05 20:00:00;NORDESTE;SUDESTE/CENTRO-OESTE;5677.849
2025-04-05 21:00:00;NORDESTE;SUDESTE/CENTRO-OESTE;6355.592
2025-04-05 22:00:00;NORDESTE;SUDESTE/CENTRO-OESTE;6583.158
2025-04-05 23:00:00;NORDESTE;SUDESTE/CENTRO-OESTE;6546.405
2025-04-06 00:00:00;NORDESTE;SUDESTE/CENTRO-OESTE;6111.032
2025-04-06 01:00:00;NORDESTE;SUDESTE/CENTRO-OESTE;5783.799
2025-04-06 02:00:00;NORDESTE;SUDESTE/CENTRO-OESTE;5670.835
2025-04-06 03:00:00;NORDESTE;SUDESTE/CENTRO-OESTE;5479.61899999
2025-04-06 04:00:00;NORDESTE;SUDESTE/CENTRO-OESTE;5395.59599999
2025-04-06 05:00:00;NORDESTE;SUDESTE/CENTRO-OESTE;5864.464
2025-04-06 06:00:00;NORDESTE;SUDESTE/CENTRO-OESTE;5765.594
2025-04-06 07:00:00;NORDESTE;SUDESTE/CENTRO-OESTE;5338.10099999
2025-04-06 08:00:00;NORDESTE;SUDESTE/CENTRO-OESTE;3693.706
2025-04-06 09:00:00;NORDESTE;SUDESTE/CENTRO-OESTE;2116.725
2025-04-06 10:00:00;NORDESTE;SUDESTE/CENTRO-OESTE;1960.922
2025-04-06 11:00:00;NORDESTE;SUDESTE/CENTRO-OESTE;1718.981
2025-04-06 12:00:00;NORDESTE;SUDESTE/CENTRO-OESTE;1770.701
2025-04-06 13:00:00;NORDESTE;SUDESTE/CENTRO-OESTE;1750.341
2025-04-06 14:00:00;NORDESTE;SUDESTE/CENTRO-OESTE;1789.627
2025-04-06 15:00:00;NORDESTE;SUDESTE/CENTRO-OESTE;2298.11299999
2025-04-06 16:00:00;NORDESTE;SUDESTE/CENTRO-OESTE;3606.309
2025-04-06 17:00:00;NORDESTE;SUDESTE/CENTRO-OESTE;5499.288
2025-04-06 18:00:00;NORDESTE;SUDESTE/CENTRO-OESTE;6229.613
2025-04-06 19:00:00;NORDESTE;SUDESTE/CENTRO-OESTE;6666.793
2025-04-06 20:00:00;NORDESTE;SUDESTE/CENTRO-OESTE;6832.534
2025-04-06 21:00:00;NORDESTE;SUDESTE/CENTRO-OESTE;6935.244
2025-04-06 22:00:00;NORDESTE;SUDESTE/CENTRO-OESTE;6580.349
2025-04-06 23:00:00;NORDESTE;SUDESTE/CENTRO-OESTE;5978.798
2025-04-07 00:00:00;NORDESTE;SUDESTE/CENTRO-OESTE;6398.394
2025-04-07 01:00:00;NORDESTE;SUDESTE/CENTRO-OESTE;6645.498
2025-04-07 02:00:00;NORDESTE;SUDESTE/CENTRO-OESTE;6550.75
2025-04-07 03:00:00;NORDESTE;SUDESTE/CENTRO-OESTE;6690.166
2025-04-07 04:00:00;NORDESTE;SUDESTE/CENTRO-OESTE;6750.412
2025-04-07 05:00:00;NORDESTE;SUDESTE/CENTRO-OESTE;6609.551
2025-04-07 06:00:00;NORDESTE;SUDESTE/CENTRO-OESTE;6543.49
2025-04-07 07:00:00;NORDESTE;SUDESTE/CENTRO-OESTE;5956.149
2025-04-07 08:00:00;NORDESTE;SUDESTE/CENTRO-OESTE;5479.33299999
2025-04-07 09:00:00;NORDESTE;SUDESTE/CENTRO-OESTE;4355.83299999
2025-04-07 10:00:00;NORDESTE;SUDESTE/CENTRO-OESTE;3424.126
2025-04-07 11:00:00;NORDESTE;SUDESTE/CENTRO-OESTE;2764.945
2025-04-07 12:00:00;NORDESTE;SUDESTE/CENTRO-OESTE;2320.88
2025-04-07 13:00:00;NORDESTE;SUDESTE/CENTRO-OESTE;2591.131
2025-04-07 14:00:00;NORDESTE;SUDESTE/CENTRO-OESTE;3401.464
2025-04-07 15:00:00;NORDESTE;SUDESTE/CENTRO-OESTE;3401.251
2025-04-07 16:00:00;NORDESTE;SUDESTE/CENTRO-OESTE;2857.362
2025-04-07 17:00:00;NORDESTE;SUDESTE/CENTRO-OESTE;3187.588
2025-04-07 18:00:00;NORDESTE;SUDESTE/CENTRO-OESTE;4645.861
2025-04-07 19:00:00;NORDESTE;SUDESTE/CENTRO-OESTE;5369.742
2025-04-07 20:00:00;NORDESTE;SUDESTE/CENTRO-OESTE;6013.159
2025-04-07 21:00:00;NORDESTE;SUDESTE/CENTRO-OESTE;6095.758
2025-04-07 22:00:00;NORDESTE;SUDESTE/CENTRO-OESTE;6487.285
2025-04-07 23:00:00;NORDESTE;SUDESTE/CENTRO-OESTE;6362.825
2025-04-08 00:00:00;NORDESTE;SUDESTE/CENTRO-OESTE;5535.663
2025-04-08 01:00:00;NORDESTE;SUDESTE/CENTRO-OESTE;6400.656
2025-04-08 02:00:00;NORDESTE;SUDESTE/CENTRO-OESTE;6798.565
2025-04-08 03:00:00;NORDESTE;SUDESTE/CENTRO-OESTE;6702.701
2025-04-08 04:00:00;NORDESTE;SUDESTE/CENTRO-OESTE;6515.344
2025-04-08 05:00:00;NORDESTE;SUDESTE/CENTRO-OESTE;6438.612
2025-04-08 06:00:00;NORDESTE;SUDESTE/CENTRO-OESTE;6392.65
2025-04-08 07:00:00;NORDESTE;SUDESTE/CENTRO-OESTE;5920.797
2025-04-08 08:00:00;NORDESTE;SUDESTE/CENTRO-OESTE;4808.07
2025-04-08 09:00:00;NORDESTE;SUDESTE/CENTRO-OESTE;3857.082
2025-04-08 10:00:00;NORDESTE;SUDESTE/CENTRO-OESTE;4134.573
2025-04-08 11:00:00;NORDESTE;SUDESTE/CENTRO-OESTE;4225.693
2025-04-08 12:00:00;NORDESTE;SUDESTE/CENTRO-OESTE;3716.671
2025-04-08 13:00:00;NORDESTE;SUDESTE/CENTRO-OESTE;3263.801
2025-04-08 14:00:00;NORDESTE;SUDESTE/CENTRO-OESTE;2724.323
2025-04-08 15:00:00;NORDESTE;SUDESTE/CENTRO-OESTE;3242.271
2025-04-08 16:00:00;NORDESTE;SUDESTE/CENTRO-OESTE;3106.483
2025-04-08 17:00:00;NORDESTE;SUDESTE/CENTRO-OESTE;3133.048
2025-04-08 18:00:00;NORDESTE;SUDESTE/CENTRO-OESTE;5126.95799999
2025-04-08 19:00:00;NORDESTE;SUDESTE/CENTRO-OESTE;6105.932
2025-04-08 20:00:00;NORDESTE;SUDESTE/CENTRO-OESTE;6637.141
2025-04-08 21:00:00;NORDESTE;SUDESTE/CENTRO-OESTE;6558.198
2025-04-08 22:00:00;NORDESTE;SUDESTE/CENTRO-OESTE;6638.123
2025-04-08 23:00:00;NORDESTE;SUDESTE/CENTRO-OESTE;6496.716
2025-04-09 00:00:00;NORDESTE;SUDESTE/CENTRO-OESTE;6699.214
2025-04-09 01:00:00;NORDESTE;SUDESTE/CENTRO-OESTE;6570.984
2025-04-09 02:00:00;NORDESTE;SUDESTE/CENTRO-OESTE;6405.355
2025-04-09 03:00:00;NORDESTE;SUDESTE/CENTRO-OESTE;6533.513
2025-04-09 04:00:00;NORDESTE;SUDESTE/CENTRO-OESTE;6604.745
2025-04-09 05:00:00;NORDESTE;SUDESTE/CENTRO-OESTE;6531.452
2025-04-09 06:00:00;NORDESTE;SUDESTE/CENTRO-OESTE;6436.382
2025-04-09 07:00:00;NORDESTE;SUDESTE/CENTRO-OESTE;6008.778
2025-04-09 08:00:00;NORDESTE;SUDESTE/CENTRO-OESTE;6103.311
2025-04-09 09:00:00;NORDESTE;SUDESTE/CENTRO-OESTE;5490.397
2025-04-09 10:00:00;NORDESTE;SUDESTE/CENTRO-OESTE;4745.934
2025-04-09 11:00:00;NORDESTE;SUDESTE/CENTRO-OESTE;3214.45
2025-04-09 12:00:00;NORDESTE;SUDESTE/CENTRO-OESTE;2340.73999999
2025-04-09 13:00:00;NORDESTE;SUDESTE/CENTRO-OESTE;2494.505
2025-04-09 14:00:00;NORDESTE;SUDESTE/CENTRO-OESTE;2317.352
2025-04-09 15:00:00;NORDESTE;SUDESTE/CENTRO-OESTE;1974.599
2025-04-09 16:00:00;NORDESTE;SUDESTE/CENTRO-OESTE;2249.214
2025-04-09 17:00:00;NORDESTE;SUDESTE/CENTRO-OESTE;3091.931
2025-04-09 18:00:00;NORDESTE;SUDESTE/CENTRO-OESTE;4581.97099999
2025-04-09 19:00:00;NORDESTE;SUDESTE/CENTRO-OESTE;5810.308
2025-04-09 20:00:00;NORDESTE;SUDESTE/CENTRO-OESTE;5902.304
2025-04-09 21:00:00;NORDESTE;SUDESTE/CENTRO-OESTE;5893.608
2025-04-09 22:00:00;NORDESTE;SUDESTE/CENTRO-OESTE;5803.491
2025-04-09 23:00:00;NORDESTE;SUDESTE/CENTRO-OESTE;5435.68999999
2025-04-10 00:00:00;NORDESTE;SUDESTE/CENTRO-OESTE;5066.514
2025-04-10 01:00:00;NORDESTE;SUDESTE/CENTRO-OESTE;4641.778
2025-04-10 02:00:00;NORDESTE;SUDESTE/CENTRO-OESTE;4364.148
2025-04-10 03:00:00;NORDESTE;SUDESTE/CENTRO-OESTE;4212.23899999
2025-04-10 04:00:00;NORDESTE;SUDESTE/CENTRO-OESTE;4060.801
2025-04-10 05:00:00;NORDESTE;SUDESTE/CENTRO-OESTE;3752.662
2025-04-10 06:00:00;NORDESTE;SUDESTE/CENTRO-OESTE;3917.876
2025-04-10 07:00:00;NORDESTE;SUDESTE/CENTRO-OESTE;4412.128
2025-04-10 08:00:00;NORDESTE;SUDESTE/CENTRO-OESTE;3289.731
2025-04-10 09:00:00;NORDESTE;SUDESTE/CENTRO-OESTE;2641.05
2025-04-10 10:00:00;NORDESTE;SUDESTE/CENTRO-OESTE;2398.909
2025-04-10 11:00:00;NORDESTE;SUDESTE/CENTRO-OESTE;2028.187
2025-04-10 12:00:00;NORDESTE;SUDESTE/CENTRO-OESTE;2047.762
2025-04-10 13:00:00;NORDESTE;SUDESTE/CENTRO-OESTE;1454.141
2025-04-10 14:00:00;NORDESTE;SUDESTE/CENTRO-OESTE;939.362
2025-04-10 15:00:00;NORDESTE;SUDESTE/CENTRO-OESTE;616.514
2025-04-10 16:00:00;NORDESTE;SUDESTE/CENTRO-OESTE;-28.317
2025-04-10 17:00:00;NORDESTE;SUDESTE/CENTRO-OESTE;-424.738
2025-04-10 18:00:00;NORDESTE;SUDESTE/CENTRO-OESTE;712.301
2025-04-10 19:00:00;NORDESTE;SUDESTE/CENTRO-OESTE;2004.225
2025-04-10 20:00:00;NORDESTE;SUDESTE/CENTRO-OESTE;2650.679
2025-04-10 21:00:00;NORDESTE;SUDESTE/CENTRO-OESTE;2414.036
2025-04-10 22:00:00;NORDESTE;SUDESTE/CENTRO-OESTE;1843.138
2025-04-10 23:00:00;NORDESTE;SUDESTE/CENTRO-OESTE;1985.09
2025-04-11 00:00:00;NORDESTE;SUDESTE/CENTRO-OESTE;1437.669
2025-04-11 01:00:00;NORDESTE;SUDESTE/CENTRO-OESTE;765.559
2025-04-11 02:00:00;NORDESTE;SUDESTE/CENTRO-OESTE;126.256
2025-04-11 03:00:00;NORDESTE;SUDESTE/CENTRO-OESTE;3.553
2025-04-11 04:00:00;NORDESTE;SUDESTE/CENTRO-OESTE;-346.581
2025-04-11 05:00:00;NORDESTE;SUDESTE/CENTRO-OESTE;-289.083
2025-04-11 06:00:00;NORDESTE;SUDESTE/CENTRO-OESTE;690.486
2025-04-11 07:00:00;NORDESTE;SUDESTE/CENTRO-OESTE;288.601
2025-04-11 08:00:00;NORDESTE;SUDESTE/CENTRO-OESTE;-260.54899999
2025-04-11 09:00:00;NORDESTE;SUDESTE/CENTRO-OESTE;-535.61699999
2025-04-11 10:00:00;NORDESTE;SUDESTE/CENTRO-OESTE;-49.244
2025-04-11 11:00:00;NORDESTE;SUDESTE/CENTRO-OESTE;794.687
2025-04-11 12:00:00;NORDESTE;SUDESTE/CENTRO-OESTE;1701.231
2025-04-11 13:00:00;NORDESTE;SUDESTE/CENTRO-OESTE;1838.314
2025-04-11 14:00:00;NORDESTE;SUDESTE/CENTRO-OESTE;1250.045
2025-04-11 15:00:00;NORDESTE;SUDESTE/CENTRO-OESTE;263.225
2025-04-11 16:00:00;NORDESTE;SUDESTE/CENTRO-OESTE;-263.744
2025-04-11 17:00:00;NORDESTE;SUDESTE/CENTRO-OESTE;59.768
2025-04-11 18:00:00;NORDESTE;SUDESTE/CENTRO-OESTE;-340.326
2025-04-11 19:00:00;NORDESTE;SUDESTE/CENTRO-OESTE;864.042
2025-04-11 20:00:00;NORDESTE;SUDESTE/CENTRO-OESTE;985.884
2025-04-11 21:00:00;NORDESTE;SUDESTE/CENTRO-OESTE;701.372
2025-04-11 22:00:00;NORDESTE;SUDESTE/CENTRO-OESTE;170.681
2025-04-11 23:00:00;NORDESTE;SUDESTE/CENTRO-OESTE;-1064.78
2025-04-12 00:00:00;NORDESTE;SUDESTE/CENTRO-OESTE;-846.84
2025-04-12 01:00:00;NORDESTE;SUDESTE/CENTRO-OESTE;-399.792
2025-04-12 02:00:00;NORDESTE;SUDESTE/CENTRO-OESTE;-136.029
2025-04-12 03:00:00;NORDESTE;SUDESTE/CENTRO-OESTE;-72.123
2025-04-12 04:00:00;NORDESTE;SUDESTE/CENTRO-OESTE;-497.317
2025-04-12 05:00:00;NORDESTE;SUDESTE/CENTRO-OESTE;-234.135
2025-04-12 06:00:00;NORDESTE;SUDESTE/CENTRO-OESTE;337.897
2025-04-12 07:00:00;NORDESTE;SUDESTE/CENTRO-OESTE;1062.526
2025-04-12 08:00:00;NORDESTE;SUDESTE/CENTRO-OESTE;1913.649
2025-04-12 09:00:00;NORDESTE;SUDESTE/CENTRO-OESTE;1995.974
2025-04-12 10:00:00;NORDESTE;SUDESTE/CENTRO-OESTE;1890.916
2025-04-12 11:00:00;NORDESTE;SUDESTE/CENTRO-OESTE;1476.154
2025-04-12 12:00:00;NORDESTE;SUDESTE/CENTRO-OESTE;1393.443
2025-04-12 13:00:00;NORDESTE;SUDESTE/CENTRO-OESTE;1506.359
2025-04-12 14:00:00;NORDESTE;SUDESTE/CENTRO-OESTE;1159.825
2025-04-12 15:00:00;NORDESTE;SUDESTE/CENTRO-OESTE;1535.736
2025-04-12 16:00:00;NORDESTE;SUDESTE/CENTRO-OESTE;1459.58
2025-04-12 17:00:00;NORDESTE;SUDESTE/CENTRO-OESTE;700.782
2025-04-12 18:00:00;NORDESTE;SUDESTE/CENTRO-OESTE;279.148
2025-04-12 19:00:00;NORDESTE;SUDESTE/CENTRO-OESTE;471.066
2025-04-12 20:00:00;NORDESTE;SUDESTE/CENTRO-OESTE;1167.589
2025-04-12 21:00:00;NORDESTE;SUDESTE/CENTRO-OESTE;1903.477
2025-04-12 22:00:00;NORDESTE;SUDESTE/CENTRO-OESTE;1889.531
2025-04-12 23:00:00;NORDESTE;SUDESTE/CENTRO-OESTE;1574.435
2025-04-13 00:00:00;NORDESTE;SUDESTE/CENTRO-OESTE;1380.665
2025-04-13 01:00:00;NORDESTE;SUDESTE/CENTRO-OESTE;1578.744
2025-04-13 02:00:00;NORDESTE;SUDESTE/CENTRO-OESTE;2155.31
2025-04-13 03:00:00;NORDESTE;SUDESTE/CENTRO-OESTE;2561.759
2025-04-13 04:00:00;NORDESTE;SUDESTE/CENTRO-OESTE;3066.632
2025-04-13 05:00:00;NORDESTE;SUDESTE/CENTRO-OESTE;3003.701
2025-04-13 06:00:00;NORDESTE;SUDESTE/CENTRO-OESTE;3290.193
2025-04-13 07:00:00;NORDESTE;SUDESTE/CENTRO-OESTE;3691.97
2025-04-13 08:00:00;NORDESTE;SUDESTE/CENTRO-OESTE;3911.704
2025-04-13 09:00:00;NORDESTE;SUDESTE/CENTRO-OESTE;3238.647
2025-04-13 10:00:00;NORDESTE;SUDESTE/CENTRO-OESTE;2632.52
2025-04-13 11:00:00;NORDESTE;SUDESTE/CENTRO-OESTE;2783.915
2025-04-13 12:00:00;NORDESTE;SUDESTE/CENTRO-OESTE;3068.363
2025-04-13 13:00:00;NORDESTE;SUDESTE/CENTRO-OESTE;3439.905
2025-04-13 14:00:00;NORDESTE;SUDESTE/CENTRO-OESTE;3655.705
2025-04-13 15:00:00;NORDESTE;SUDESTE/CENTRO-OESTE;4103.72
2025-04-13 16:00:00;NORDESTE;SUDESTE/CENTRO-OESTE;4129.61899999
2025-04-13 17:00:00;NORDESTE;SUDESTE/CENTRO-OESTE;3693.267
2025-04-13 18:00:00;NORDESTE;SUDESTE/CENTRO-OESTE;5036.78399999
2025-04-13 19:00:00;NORDESTE;SUDESTE/CENTRO-OESTE;5701.463
2025-04-13 20:00:00;NORDESTE;SUDESTE/CENTRO-OESTE;5502.98
2025-04-13 21:00:00;NORDESTE;SUDESTE/CENTRO-OESTE;5239.201
2025-04-13 22:00:00;NORDESTE;SUDESTE/CENTRO-OESTE;4925.942
2025-04-13 23:00:00;NORDESTE;SUDESTE/CENTRO-OESTE;4391.87
2025-04-14 00:00:00;NORDESTE;SUDESTE/CENTRO-OESTE;4635.14
2025-04-14 01:00:00;NORDESTE;SUDESTE/CENTRO-OESTE;4624.153
2025-04-14 02:00:00;NORDESTE;SUDESTE/CENTRO-OESTE;4503.777
2025-04-14 03:00:00;NORDESTE;SUDESTE/CENTRO-OESTE;4280.36899999
2025-04-14 04:00:00;NORDESTE;SUDESTE/CENTRO-OESTE;4067.323
2025-04-14 05:00:00;NORDESTE;SUDESTE/CENTRO-OESTE;3824.372
2025-04-14 06:00:00;NORDESTE;SUDESTE/CENTRO-OESTE;4304.236
2025-04-14 07:00:00;NORDESTE;SUDESTE/CENTRO-OESTE;4756.203
2025-04-14 08:00:00;NORDESTE;SUDESTE/CENTRO-OESTE;4009.989
2025-04-14 09:00:00;NORDESTE;SUDESTE/CENTRO-OESTE;3610.327
2025-04-14 10:00:00;NORDESTE;SUDESTE/CENTRO-OESTE;3090.811
2025-04-14 11:00:00;NORDESTE;SUDESTE/CENTRO-OESTE;2359.306
2025-04-14 12:00:00;NORDESTE;SUDESTE/CENTRO-OESTE;2425.02
2025-04-14 13:00:00;NORDESTE;SUDESTE/CENTRO-OESTE;2599.185
2025-04-14 14:00:00;NORDESTE;SUDESTE/CENTRO-OESTE;2525.878
2025-04-14 15:00:00;NORDESTE;SUDESTE/CENTRO-OESTE;2655.542
2025-04-14 16:00:00;NORDESTE;SUDESTE/CENTRO-OESTE;1510.413
2025-04-14 17:00:00;NORDESTE;SUDESTE/CENTRO-OESTE;960.226
2025-04-14 18:00:00;NORDESTE;SUDESTE/CENTRO-OESTE;2303.80699999
2025-04-14 19:00:00;NORDESTE;SUDESTE/CENTRO-OESTE;3090.586
2025-04-14 20:00:00;NORDESTE;SUDESTE/CENTRO-OESTE;2921.713
2025-04-14 21:00:00;NORDESTE;SUDESTE/CENTRO-OESTE;2115.21099999
2025-04-14 22:00:00;NORDESTE;SUDESTE/CENTRO-OESTE;1477.753
2025-04-14 23:00:00;NORDESTE;SUDESTE/CENTRO-OESTE;328.134
2025-04-15 00:00:00;NORDESTE;SUDESTE/CENTRO-OESTE;80.161
2025-04-15 01:00:00;NORDESTE;SUDESTE/CENTRO-OESTE;332.928
2025-04-15 02:00:00;NORDESTE;SUDESTE/CENTRO-OESTE;387.861
2025-04-15 03:00:00;NORDESTE;SUDESTE/CENTRO-OESTE;451.96
2025-04-15 04:00:00;NORDESTE;SUDESTE/CENTRO-OESTE;855.067
2025-04-15 05:00:00;NORDESTE;SUDESTE/CENTRO-OESTE;1108.46499999
2025-04-15 06:00:00;NORDESTE;SUDESTE/CENTRO-OESTE;2056.09499999
2025-04-15 07:00:00;NORDESTE;SUDESTE/CENTRO-OESTE;2581.424
2025-04-15 08:00:00;NORDESTE;SUDESTE/CENTRO-OESTE;2551.933
2025-04-15 09:00:00;NORDESTE;SUDESTE/CENTRO-OESTE;1997.297
2025-04-15 10:00:00;NORDESTE;SUDESTE/CENTRO-OESTE;1708.372
2025-04-15 11:00:00;NORDESTE;SUDESTE/CENTRO-OESTE;1777.455
2025-04-15 12:00:00;NORDESTE;SUDESTE/CENTRO-OESTE;1846.988
2025-04-15 13:00:00;NORDESTE;SUDESTE/CENTRO-OESTE;2424.1
2025-04-15 14:00:00;NORDESTE;SUDESTE/CENTRO-OESTE;2537.873
2025-04-15 15:00:00;NORDESTE;SUDESTE/CENTRO-OESTE;2286.058
2025-04-15 16:00:00;NORDESTE;SUDESTE/CENTRO-OESTE;1140.038
2025-04-15 17:00:00;NORDESTE;SUDESTE/CENTRO-OESTE;925.554
2025-04-15 18:00:00;NORDESTE;SUDESTE/CENTRO-OESTE;2165.083
2025-04-15 19:00:00;NORDESTE;SUDESTE/CENTRO-OESTE;2723.428
2025-04-15 20:00:00;NORDESTE;SUDESTE/CENTRO-OESTE;2735.602
2025-04-15 21:00:00;NORDESTE;SUDESTE/CENTRO-OESTE;2304.706
2025-04-15 22:00:00;NORDESTE;SUDESTE/CENTRO-OESTE;2158.562
2025-04-15 23:00:00;NORDESTE;SUDESTE/CENTRO-OESTE;1313.53
2025-04-16 00:00:00;NORDESTE;SUDESTE/CENTRO-OESTE;1904.406
2025-04-16 01:00:00;NORDESTE;SUDESTE/CENTRO-OESTE;2164.205
2025-04-16 02:00:00;NORDESTE;SUDESTE/CENTRO-OESTE;2007.434
2025-04-16 03:00:00;NORDESTE;SUDESTE/CENTRO-OESTE;2044.051
2025-04-16 04:00:00;NORDESTE;SUDESTE/CENTRO-OESTE;2283.452
2025-04-16 05:00:00;NORDESTE;SUDESTE/CENTRO-OESTE;2716.407
2025-04-16 06:00:00;NORDESTE;SUDESTE/CENTRO-OESTE;4064.307
2025-04-16 07:00:00;NORDESTE;SUDESTE/CENTRO-OESTE;5579.554
2025-04-16 08:00:00;NORDESTE;SUDESTE/CENTRO-OESTE;5574.891
2025-04-16 09:00:00;NORDESTE;SUDESTE/CENTRO-OESTE;5002.581
2025-04-16 10:00:00;NORDESTE;SUDESTE/CENTRO-OESTE;4214.96
2025-04-16 11:00:00;NORDESTE;SUDESTE/CENTRO-OESTE;3200.559
2025-04-16 12:00:00;NORDESTE;SUDESTE/CENTRO-OESTE;2139.411
2025-04-16 13:00:00;NORDESTE;SUDESTE/CENTRO-OESTE;2074.74699999
2025-04-16 14:00:00;NORDESTE;SUDESTE/CENTRO-OESTE;2056.047
2025-04-16 15:00:00;NORDESTE;SUDESTE/CENTRO-OESTE;1890.341
2025-04-16 16:00:00;NORDESTE;SUDESTE/CENTRO-OESTE;1651.712
2025-04-16 17:00:00;NORDESTE;SUDESTE/CENTRO-OESTE;896.79
2025-04-16 18:00:00;NORDESTE;SUDESTE/CENTRO-OESTE;2810.607
2025-04-16 19:00:00;NORDESTE;SUDESTE/CENTRO-OESTE;3684.121
2025-04-16 20:00:00;NORDESTE;SUDESTE/CENTRO-OESTE;4010.878
2025-04-16 21:00:00;NORDESTE;SUDESTE/CENTRO-OESTE;3929.786
2025-04-16 22:00:00;NORDESTE;SUDESTE/CENTRO-OESTE;3628.302
2025-04-16 23:00:00;NORDESTE;SUDESTE/CENTRO-OESTE;3065.123
2025-04-17 00:00:00;NORDESTE;SUDESTE/CENTRO-OESTE;2707.21799999
2025-04-17 01:00:00;NORDESTE;SUDESTE/CENTRO-OESTE;2964.189
2025-04-17 02:00:00;NORDESTE;SUDESTE/CENTRO-OESTE;3375.374
2025-04-17 03:00:00;NORDESTE;SUDESTE/CENTRO-OESTE;3633.679
2025-04-17 04:00:00;NORDESTE;SUDESTE/CENTRO-OESTE;3785.57
2025-04-17 05:00:00;NORDESTE;SUDESTE/CENTRO-OESTE;3903.785
2025-04-17 06:00:00;NORDESTE;SUDESTE/CENTRO-OESTE;5478.749
2025-04-17 07:00:00;NORDESTE;SUDESTE/CENTRO-OESTE;5838.9
2025-04-17 08:00:00;NORDESTE;SUDESTE/CENTRO-OESTE;5456.56
2025-04-17 09:00:00;NORDESTE;SUDESTE/CENTRO-OESTE;4666.524
2025-04-17 10:00:00;NORDESTE;SUDESTE/CENTRO-OESTE;3316.297
2025-04-17 11:00:00;NORDESTE;SUDESTE/CENTRO-OESTE;2940.377
2025-04-17 12:00:00;NORDESTE;SUDESTE/CENTRO-OESTE;2847.617
2025-04-17 13:00:00;NORDESTE;SUDESTE/CENTRO-OESTE;3256.792
2025-04-17 14:00:00;NORDESTE;SUDESTE/CENTRO-OESTE;3383.345
2025-04-17 15:00:00;NORDESTE;SUDESTE/CENTRO-OESTE;3642.422
2025-04-17 16:00:00;NORDESTE;SUDESTE/CENTRO-OESTE;3336.251
2025-04-17 17:00:00;NORDESTE;SUDESTE/CENTRO-OESTE;3147.306
2025-04-17 18:00:00;NORDESTE;SUDESTE/CENTRO-OESTE;4537.18099999
2025-04-17 19:00:00;NORDESTE;SUDESTE/CENTRO-OESTE;5391.131
2025-04-17 20:00:00;NORDESTE;SUDESTE/CENTRO-OESTE;5850.611
2025-04-17 21:00:00;NORDESTE;SUDESTE/CENTRO-OESTE;5793.581
2025-04-17 22:00:00;NORDESTE;SUDESTE/CENTRO-OESTE;5682.035
2025-04-17 23:00:00;NORDESTE;SUDESTE/CENTRO-OESTE;5381.88
2025-04-18 00:00:00;NORDESTE;SUDESTE/CENTRO-OESTE;5784.631
2025-04-18 01:00:00;NORDESTE;SUDESTE/CENTRO-OESTE;5955.622
2025-04-18 02:00:00;NORDESTE;SUDESTE/CENTRO-OESTE;5738.888
2025-04-18 03:00:00;NORDESTE;SUDESTE/CENTRO-OESTE;5451.6
2025-04-18 04:00:00;NORDESTE;SUDESTE/CENTRO-OESTE;5622.685
2025-04-18 05:00:00;NORDESTE;SUDESTE/CENTRO-OESTE;5698.826
2025-04-18 06:00:00;NORDESTE;SUDESTE/CENTRO-OESTE;5497.002
2025-04-18 07:00:00;NORDESTE;SUDESTE/CENTRO-OESTE;5533.846
2025-04-18 08:00:00;NORDESTE;SUDESTE/CENTRO-OESTE;5239.195
2025-04-18 09:00:00;NORDESTE;SUDESTE/CENTRO-OESTE;3609.108
2025-04-18 10:00:00;NORDESTE;SUDESTE/CENTRO-OESTE;1997.047
2025-04-18 11:00:00;NORDESTE;SUDESTE/CENTRO-OESTE;2258.40099999
2025-04-18 12:00:00;NORDESTE;SUDESTE/CENTRO-OESTE;2610.748
2025-04-18 13:00:00;NORDESTE;SUDESTE/CENTRO-OESTE;3613.814
2025-04-18 14:00:00;NORDESTE;SUDESTE/CENTRO-OESTE;5137.602
2025-04-18 15:00:00;NORDESTE;SUDESTE/CENTRO-OESTE;4326.00699999
2025-04-18 16:00:00;NORDESTE;SUDESTE/CENTRO-OESTE;3392.509
2025-04-18 17:00:00;NORDESTE;SUDESTE/CENTRO-OESTE;2941.055
2025-04-18 18:00:00;NORDESTE;SUDESTE/CENTRO-OESTE;4127.628
2025-04-18 19:00:00;NORDESTE;SUDESTE/CENTRO-OESTE;4890.273
2025-04-18 20:00:00;NORDESTE;SUDESTE/CENTRO-OESTE;4928.5
2025-04-18 21:00:00;NORDESTE;SUDESTE/CENTRO-OESTE;4847.95799999
2025-04-18 22:00:00;NORDESTE;SUDESTE/CENTRO-OESTE;4951.86399999
2025-04-18 23:00:00;NORDESTE;SUDESTE/CENTRO-OESTE;4976.139
2025-04-19 00:00:00;NORDESTE;SUDESTE/CENTRO-OESTE;4562.003
2025-04-19 01:00:00;NORDESTE;SUDESTE/CENTRO-OESTE;4777.77499999
2025-04-19 02:00:00;NORDESTE;SUDESTE/CENTRO-OESTE;4425.705
2025-04-19 03:00:00;NORDESTE;SUDESTE/CENTRO-OESTE;4215.987
2025-04-19 04:00:00;NORDESTE;SUDESTE/CENTRO-OESTE;3883.487
2025-04-19 05:00:00;NORDESTE;SUDESTE/CENTRO-OESTE;3621.044
2025-04-19 06:00:00;NORDESTE;SUDESTE/CENTRO-OESTE;4175.426
2025-04-19 07:00:00;NORDESTE;SUDESTE/CENTRO-OESTE;4165.60499999
2025-04-19 08:00:00;NORDESTE;SUDESTE/CENTRO-OESTE;3892.313
2025-04-19 09:00:00;NORDESTE;SUDESTE/CENTRO-OESTE;3175.777
2025-04-19 10:00:00;NORDESTE;SUDESTE/CENTRO-OESTE;2498.703
2025-04-19 11:00:00;NORDESTE;SUDESTE/CENTRO-OESTE;2251.947
2025-04-19 12:00:00;NORDESTE;SUDESTE/CENTRO-OESTE;1961.077
2025-04-19 13:00:00;NORDESTE;SUDESTE/CENTRO-OESTE;1892.19
2025-04-19 14:00:00;NORDESTE;SUDESTE/CENTRO-OESTE;2252.887
2025-04-19 15:00:00;NORDESTE;SUDESTE/CENTRO-OESTE;2693.22899999
2025-04-19 16:00:00;NORDESTE;SUDESTE/CENTRO-OESTE;2568.969
2025-04-19 17:00:00;NORDESTE;SUDESTE/CENTRO-OESTE;2951.059
2025-04-19 18:00:00;NORDESTE;SUDESTE/CENTRO-OESTE;4850.901
2025-04-19 19:00:00;NORDESTE;SUDESTE/CENTRO-OESTE;5259.919
2025-04-19 20:00:00;NORDESTE;SUDESTE/CENTRO-OESTE;5496.52499999
2025-04-19 21:00:00;NORDESTE;SUDESTE/CENTRO-OESTE;5471.307
2025-04-19 22:00:00;NORDESTE;SUDESTE/CENTRO-OESTE;5504.373
2025-04-19 23:00:00;NORDESTE;SUDESTE/CENTRO-OESTE;5325.281
2025-04-20 00:00:00;NORDESTE;SUDESTE/CENTRO-OESTE;4933.75
2025-04-20 01:00:00;NORDESTE;SUDESTE/CENTRO-OESTE;4292.753
2025-04-20 02:00:00;NORDESTE;SUDESTE/CENTRO-OESTE;3697.035
2025-04-20 03:00:00;NORDESTE;SUDESTE/CENTRO-OESTE;3090.405
2025-04-20 04:00:00;NORDESTE;SUDESTE/CENTRO-OESTE;2478.55
2025-04-20 05:00:00;NORDESTE;SUDESTE/CENTRO-OESTE;1930.337
2025-04-20 06:00:00;NORDESTE;SUDESTE/CENTRO-OESTE;2313.471
2025-04-20 07:00:00;NORDESTE;SUDESTE/CENTRO-OESTE;2144.938
2025-04-20 08:00:00;NORDESTE;SUDESTE/CENTRO-OESTE;1886.447
2025-04-20 09:00:00;NORDESTE;SUDESTE/CENTRO-OESTE;1154.18599999
2025-04-20 10:00:00;NORDESTE;SUDESTE/CENTRO-OESTE;719.97
2025-04-20 11:00:00;NORDESTE;SUDESTE/CENTRO-OESTE;454.14
2025-04-20 12:00:00;NORDESTE;SUDESTE/CENTRO-OESTE;322.541
2025-04-20 13:00:00;NORDESTE;SUDESTE/CENTRO-OESTE;45.864
2025-04-20 14:00:00;NORDESTE;SUDESTE/CENTRO-OESTE;-538.966
2025-04-20 15:00:00;NORDESTE;SUDESTE/CENTRO-OESTE;-394.985
2025-04-20 16:00:00;NORDESTE;SUDESTE/CENTRO-OESTE;-615.922
2025-04-20 17:00:00;NORDESTE;SUDESTE/CENTRO-OESTE;-198.63
2025-04-20 18:00:00;NORDESTE;SUDESTE/CENTRO-OESTE;481.553
2025-04-20 19:00:00;NORDESTE;SUDESTE/CENTRO-OESTE;1099.654
2025-04-20 20:00:00;NORDESTE;SUDESTE/CENTRO-OESTE;1196.126
2025-04-20 21:00:00;NORDESTE;SUDESTE/CENTRO-OESTE;869.974
2025-04-20 22:00:00;NORDESTE;SUDESTE/CENTRO-OESTE;69.277
2025-04-20 23:00:00;NORDESTE;SUDESTE/CENTRO-OESTE;-926.981
2025-04-21 00:00:00;NORDESTE;SUDESTE/CENTRO-OESTE;-1030.769
2025-04-21 01:00:00;NORDESTE;SUDESTE/CENTRO-OESTE;-974.627
2025-04-21 02:00:00;NORDESTE;SUDESTE/CENTRO-OESTE;-561.022
2025-04-21 03:00:00;NORDESTE;SUDESTE/CENTRO-OESTE;-390.635
2025-04-21 04:00:00;NORDESTE;SUDESTE/CENTRO-OESTE;-466.64
2025-04-21 05:00:00;NORDESTE;SUDESTE/CENTRO-OESTE;-384.636
2025-04-21 06:00:00;NORDESTE;SUDESTE/CENTRO-OESTE;536.09299999
2025-04-21 07:00:00;NORDESTE;SUDESTE/CENTRO-OESTE;808.433
2025-04-21 08:00:00;NORDESTE;SUDESTE/CENTRO-OESTE;1142.357
2025-04-21 09:00:00;NORDESTE;SUDESTE/CENTRO-OESTE;1088.306
2025-04-21 10:00:00;NORDESTE;SUDESTE/CENTRO-OESTE;855.956
2025-04-21 11:00:00;NORDESTE;SUDESTE/CENTRO-OESTE;1126.29
2025-04-21 12:00:00;NORDESTE;SUDESTE/CENTRO-OESTE;1398.042
2025-04-21 13:00:00;NORDESTE;SUDESTE/CENTRO-OESTE;1813.155
2025-04-21 14:00:00;NORDESTE;SUDESTE/CENTRO-OESTE;1616.512
2025-04-21 15:00:00;NORDESTE;SUDESTE/CENTRO-OESTE;1354.059
2025-04-21 16:00:00;NORDESTE;SUDESTE/CENTRO-OESTE;314.932
2025-04-21 17:00:00;NORDESTE;SUDESTE/CENTRO-OESTE;449.077
2025-04-21 18:00:00;NORDESTE;SUDESTE/CENTRO-OESTE;1369.98
2025-04-21 19:00:00;NORDESTE;SUDESTE/CENTRO-OESTE;2278.11
2025-04-21 20:00:00;NORDESTE;SUDESTE/CENTRO-OESTE;3177.582
2025-04-21 21:00:00;NORDESTE;SUDESTE/CENTRO-OESTE;3255.417
2025-04-21 22:00:00;NORDESTE;SUDESTE/CENTRO-OESTE;2932.679
2025-04-21 23:00:00;NORDESTE;SUDESTE/CENTRO-OESTE;2728.647
2025-04-22 00:00:00;NORDESTE;SUDESTE/CENTRO-OESTE;3099.122
2025-04-22 01:00:00;NORDESTE;SUDESTE/CENTRO-OESTE;3132.336
2025-04-22 02:00:00;NORDESTE;SUDESTE/CENTRO-OESTE;2677.48799999
2025-04-22 03:00:00;NORDESTE;SUDESTE/CENTRO-OESTE;2842.744
2025-04-22 04:00:00;NORDESTE;SUDESTE/CENTRO-OESTE;2862.33
2025-04-22 05:00:00;NORDESTE;SUDESTE/CENTRO-OESTE;3608.346
2025-04-22 06:00:00;NORDESTE;SUDESTE/CENTRO-OESTE;4392.089
2025-04-22 07:00:00;NORDESTE;SUDESTE/CENTRO-OESTE;4279.05
2025-04-22 08:00:00;NORDESTE;SUDESTE/CENTRO-OESTE;3710.457
2025-04-22 09:00:00;NORDESTE;SUDESTE/CENTRO-OESTE;3363.623
2025-04-22 10:00:00;NORDESTE;SUDESTE/CENTRO-OESTE;2783.791
2025-04-22 11:00:00;NORDESTE;SUDESTE/CENTRO-OESTE;2567.437
2025-04-22 12:00:00;NORDESTE;SUDESTE/CENTRO-OESTE;2123.24699999
2025-04-22 13:00:00;NORDESTE;SUDESTE/CENTRO-OESTE;1536.057
2025-04-22 14:00:00;NORDESTE;SUDESTE/CENTRO-OESTE;1401.733
2025-04-22 15:00:00;NORDESTE;SUDESTE/CENTRO-OESTE;1580.557
2025-04-22 16:00:00;NORDESTE;SUDESTE/CENTRO-OESTE;1425.318
2025-04-22 17:00:00;NORDESTE;SUDESTE/CENTRO-OESTE;2135.947
2025-04-22 18:00:00;NORDESTE;SUDESTE/CENTRO-OESTE;3996.517
2025-04-22 19:00:00;NORDESTE;SUDESTE/CENTRO-OESTE;4743.787
2025-04-22 20:00:00;NORDESTE;SUDESTE/CENTRO-OESTE;4877.149
2025-04-22 21:00:00;NORDESTE;SUDESTE/CENTRO-OESTE;4429.314
2025-04-22 22:00:00;NORDESTE;SUDESTE/CENTRO-OESTE;4270.642
2025-04-22 23:00:00;NORDESTE;SUDESTE/CENTRO-OESTE;4403.56499999
2025-04-23 00:00:00;NORDESTE;SUDESTE/CENTRO-OESTE;4194.381
2025-04-23 01:00:00;NORDESTE;SUDESTE/CENTRO-OESTE;4008.485
2025-04-23 02:00:00;NORDESTE;SUDESTE/CENTRO-OESTE;3733.794
2025-04-23 03:00:00;NORDESTE;SUDESTE/CENTRO-OESTE;4201.653
2025-04-23 04:00:00;NORDESTE;SUDESTE/CENTRO-OESTE;4547.098
2025-04-23 05:00:00;NORDESTE;SUDESTE/CENTRO-OESTE;5236.405
2025-04-23 06:00:00;NORDESTE;SUDESTE/CENTRO-OESTE;5544.906
2025-04-23 07:00:00;NORDESTE;SUDESTE/CENTRO-OESTE;5625.461
2025-04-23 08:00:00;NORDESTE;SUDESTE/CENTRO-OESTE;5623.011
2025-04-23 09:00:00;NORDESTE;SUDESTE/CENTRO-OESTE;5836.792
2025-04-23 10:00:00;NORDESTE;SUDESTE/CENTRO-OESTE;4891.961
2025-04-23 11:00:00;NORDESTE;SUDESTE/CENTRO-OESTE;3941.72
2025-04-23 12:00:00;NORDESTE;SUDESTE/CENTRO-OESTE;3490.819
2025-04-23 13:00:00;NORDESTE;SUDESTE/CENTRO-OESTE;3141.884
2025-04-23 14:00:00;NORDESTE;SUDESTE/CENTRO-OESTE;3167.225
2025-04-23 15:00:00;NORDESTE;SUDESTE/CENTRO-OESTE;3300.018
2025-04-23 16:00:00;NORDESTE;SUDESTE/CENTRO-OESTE;4504.097
2025-04-23 17:00:00;NORDESTE;SUDESTE/CENTRO-OESTE;4627.188
2025-04-23 18:00:00;NORDESTE;SUDESTE/CENTRO-OESTE;5871.89
2025-04-23 19:00:00;NORDESTE;SUDESTE/CENTRO-OESTE;6091.25
2025-04-23 20:00:00;NORDESTE;SUDESTE/CENTRO-OESTE;5950.49
2025-04-23 21:00:00;NORDESTE;SUDESTE/CENTRO-OESTE;5545.471
2025-04-23 22:00:00;NORDESTE;SUDESTE/CENTRO-OESTE;5718.849
2025-04-23 23:00:00;NORDESTE;SUDESTE/CENTRO-OESTE;5212.915
2025-04-24 00:00:00;NORDESTE;SUDESTE/CENTRO-OESTE;5320.51599999
2025-04-24 01:00:00;NORDESTE;SUDESTE/CENTRO-OESTE;5105.079
2025-04-24 02:00:00;NORDESTE;SUDESTE/CENTRO-OESTE;4775.459
2025-04-24 03:00:00;NORDESTE;SUDESTE/CENTRO-OESTE;4788.474
2025-04-24 04:00:00;NORDESTE;SUDESTE/CENTRO-OESTE;4985.70799999
2025-04-24 05:00:00;NORDESTE;SUDESTE/CENTRO-OESTE;5637.62
2025-04-24 06:00:00;NORDESTE;SUDESTE/CENTRO-OESTE;6276.016
2025-04-24 07:00:00;NORDESTE;SUDESTE/CENTRO-OESTE;5869.573
2025-04-24 08:00:00;NORDESTE;SUDESTE/CENTRO-OESTE;6245.796
2025-04-24 09:00:00;NORDESTE;SUDESTE/CENTRO-OESTE;5909.416
2025-04-24 10:00:00;NORDESTE;SUDESTE/CENTRO-OESTE;5518.788
2025-04-24 11:00:00;NORDESTE;SUDESTE/CENTRO-OESTE;5037.004
2025-04-24 12:00:00;NORDESTE;SUDESTE/CENTRO-OESTE;4129.715
2025-04-24 13:00:00;NORDESTE;SUDESTE/CENTRO-OESTE;3361.398
2025-04-24 14:00:00;NORDESTE;SUDESTE/CENTRO-OESTE;3132.083
2025-04-24 15:00:00;NORDESTE;SUDESTE/CENTRO-OESTE;3354.402
2025-04-24 16:00:00;NORDESTE;SUDESTE/CENTRO-OESTE;3157.089
2025-04-24 17:00:00;NORDESTE;SUDESTE/CENTRO-OESTE;3547.961
2025-04-24 18:00:00;NORDESTE;SUDESTE/CENTRO-OESTE;5025.867
2025-04-24 19:00:00;NORDESTE;SUDESTE/CENTRO-OESTE;5312.176
2025-04-24 20:00:00;NORDESTE;SUDESTE/CENTRO-OESTE;5459.712
2025-04-24 21:00:00;NORDESTE;SUDESTE/CENTRO-OESTE;5438.63199999
2025-04-24 22:00:00;NORDESTE;SUDESTE/CENTRO-OESTE;5200.702
2025-04-24 23:00:00;NORDESTE;SUDESTE/CENTRO-OESTE;5024.43099999
2025-04-25 00:00:00;NORDESTE;SUDESTE/CENTRO-OESTE;5490.254
2025-04-25 01:00:00;NORDESTE;SUDESTE/CENTRO-OESTE;5198.589
2025-04-25 02:00:00;NORDESTE;SUDESTE/CENTRO-OESTE;4689.644
2025-04-25 03:00:00;NORDESTE;SUDESTE/CENTRO-OESTE;4476.56099999
2025-04-25 04:00:00;NORDESTE;SUDESTE/CENTRO-OESTE;4556.57399999
2025-04-25 05:00:00;NORDESTE;SUDESTE/CENTRO-OESTE;4719.759
2025-04-25 06:00:00;NORDESTE;SUDESTE/CENTRO-OESTE;5210.77499999
2025-04-25 07:00:00;NORDESTE;SUDESTE/CENTRO-OESTE;5576.12
2025-04-25 08:00:00;NORDESTE;SUDESTE/CENTRO-OESTE;5688.563
2025-04-25 09:00:00;NORDESTE;SUDESTE/CENTRO-OESTE;4599.916
2025-04-25 10:00:00;NORDESTE;SUDESTE/CENTRO-OESTE;3803.859
2025-04-25 11:00:00;NORDESTE;SUDESTE/CENTRO-OESTE;3073.801
2025-04-25 12:00:00;NORDESTE;SUDESTE/CENTRO-OESTE;2655.861
2025-04-25 13:00:00;NORDESTE;SUDESTE/CENTRO-OESTE;2269.861
2025-04-25 14:00:00;NORDESTE;SUDESTE/CENTRO-OESTE;2393.263
2025-04-25 15:00:00;NORDESTE;SUDESTE/CENTRO-OESTE;2211.67099999
2025-04-25 16:00:00;NORDESTE;SUDESTE/CENTRO-OESTE;2461.064
2025-04-25 17:00:00;NORDESTE;SUDESTE/CENTRO-OESTE;3282.998
2025-04-25 18:00:00;NORDESTE;SUDESTE/CENTRO-OESTE;4380.27
2025-04-25 19:00:00;NORDESTE;SUDESTE/CENTRO-OESTE;4693.262
2025-04-25 20:00:00;NORDESTE;SUDESTE/CENTRO-OESTE;5043.03799999
2025-04-25 21:00:00;NORDESTE;SUDESTE/CENTRO-OESTE;4698.336
2025-04-25 22:00:00;NORDESTE;SUDESTE/CENTRO-OESTE;4513.899
2025-04-25 23:00:00;NORDESTE;SUDESTE/CENTRO-OESTE;3844.066
2025-04-26 00:00:00;NORDESTE;SUDESTE/CENTRO-OESTE;3317.798
2025-04-26 01:00:00;NORDESTE;SUDESTE/CENTRO-OESTE;3094.862
2025-04-26 02:00:00;NORDESTE;SUDESTE/CENTRO-OESTE;2824.247
2025-04-26 03:00:00;NORDESTE;SUDESTE/CENTRO-OESTE;2745.101
2025-04-26 04:00:00;NORDESTE;SUDESTE/CENTRO-OESTE;2477.831
2025-04-26 05:00:00;NORDESTE;SUDESTE/CENTRO-OESTE;2210.846
2025-04-26 06:00:00;NORDESTE;SUDESTE/CENTRO-OESTE;3204.941
2025-04-26 07:00:00;NORDESTE;SUDESTE/CENTRO-OESTE;3169.342
2025-04-26 08:00:00;NORDESTE;SUDESTE/CENTRO-OESTE;2822.266
2025-04-26 09:00:00;NORDESTE;SUDESTE/CENTRO-OESTE;2114.9
2025-04-26 10:00:00;NORDESTE;SUDESTE/CENTRO-OESTE;1729.893
2025-04-26 11:00:00;NORDESTE;SUDESTE/CENTRO-OESTE;1640.157
2025-04-26 12:00:00;NORDESTE;SUDESTE/CENTRO-OESTE;1714.765
2025-04-26 13:00:00;NORDESTE;SUDESTE/CENTRO-OESTE;1831.37
2025-04-26 14:00:00;NORDESTE;SUDESTE/CENTRO-OESTE;2180.975
2025-04-26 15:00:00;NORDESTE;SUDESTE/CENTRO-OESTE;2593.623
2025-04-26 16:00:00;NORDESTE;SUDESTE/CENTRO-OESTE;2347.56599999
2025-04-26 17:00:00;NORDESTE;SUDESTE/CENTRO-OESTE;2135.424
2025-04-26 18:00:00;NORDESTE;SUDESTE/CENTRO-OESTE;3662.404
2025-04-26 19:00:00;NORDESTE;SUDESTE/CENTRO-OESTE;4500.34199999
2025-04-26 20:00:00;NORDESTE;SUDESTE/CENTRO-OESTE;5019.366
2025-04-26 21:00:00;NORDESTE;SUDESTE/CENTRO-OESTE;5065.082
2025-04-26 22:00:00;NORDESTE;SUDESTE/CENTRO-OESTE;5188.167
2025-04-26 23:00:00;NORDESTE;SUDESTE/CENTRO-OESTE;5103.626
2025-04-27 00:00:00;NORDESTE;SUDESTE/CENTRO-OESTE;4410.532
2025-04-27 01:00:00;NORDESTE;SUDESTE/CENTRO-OESTE;4013.739
2025-04-27 02:00:00;NORDESTE;SUDESTE/CENTRO-OESTE;3803.697
2025-04-27 03:00:00;NORDESTE;SUDESTE/CENTRO-OESTE;4190.661
2025-04-27 04:00:00;NORDESTE;SUDESTE/CENTRO-OESTE;4387.73499999
2025-04-27 05:00:00;NORDESTE;SUDESTE/CENTRO-OESTE;4394.286
2025-04-27 06:00:00;NORDESTE;SUDESTE/CENTRO-OESTE;4684.46
2025-04-27 07:00:00;NORDESTE;SUDESTE/CENTRO-OESTE;4157.398
2025-04-27 08:00:00;NORDESTE;SUDESTE/CENTRO-OESTE;3850.629
2025-04-27 09:00:00;NORDESTE;SUDESTE/CENTRO-OESTE;3237.361
2025-04-27 10:00:00;NORDESTE;SUDESTE/CENTRO-OESTE;2150.46099999
2025-04-27 11:00:00;NORDESTE;SUDESTE/CENTRO-OESTE;1739.337
2025-04-27 12:00:00;NORDESTE;SUDESTE/CENTRO-OESTE;1840.428
2025-04-27 13:00:00;NORDESTE;SUDESTE/CENTRO-OESTE;1928.886
2025-04-27 14:00:00;NORDESTE;SUDESTE/CENTRO-OESTE;2677.629
2025-04-27 15:00:00;NORDESTE;SUDESTE/CENTRO-OESTE;3347.957
2025-04-27 16:00:00;NORDESTE;SUDESTE/CENTRO-OESTE;2243.688
2025-04-27 17:00:00;NORDESTE;SUDESTE/CENTRO-OESTE;1779.885
2025-04-27 18:00:00;NORDESTE;SUDESTE/CENTRO-OESTE;3883.057
2025-04-27 19:00:00;NORDESTE;SUDESTE/CENTRO-OESTE;5212.519
2025-04-27 20:00:00;NORDESTE;SUDESTE/CENTRO-OESTE;5374.723
2025-04-27 21:00:00;NORDESTE;SUDESTE/CENTRO-OESTE;5113.442
2025-04-27 22:00:00;NORDESTE;SUDESTE/CENTRO-OESTE;5044.521
2025-04-27 23:00:00;NORDESTE;SUDESTE/CENTRO-OESTE;4805.577
2025-04-28 00:00:00;NORDESTE;SUDESTE/CENTRO-OESTE;4145.021
2025-04-28 01:00:00;NORDESTE;SUDESTE/CENTRO-OESTE;3593.635
2025-04-28 02:00:00;NORDESTE;SUDESTE/CENTRO-OESTE;2829.887
2025-04-28 03:00:00;NORDESTE;SUDESTE/CENTRO-OESTE;2589.95899999
2025-04-28 04:00:00;NORDESTE;SUDESTE/CENTRO-OESTE;2605.90099999
2025-04-28 05:00:00;NORDESTE;SUDESTE/CENTRO-OESTE;2526.049
2025-04-28 06:00:00;NORDESTE;SUDESTE/CENTRO-OESTE;3210.435
2025-04-28 07:00:00;NORDESTE;SUDESTE/CENTRO-OESTE;3574.559
2025-04-28 08:00:00;NORDESTE;SUDESTE/CENTRO-OESTE;3356.557
2025-04-28 09:00:00;NORDESTE;SUDESTE/CENTRO-OESTE;2904.965
2025-04-28 10:00:00;NORDESTE;SUDESTE/CENTRO-OESTE;3029.449
2025-04-28 11:00:00;NORDESTE;SUDESTE/CENTRO-OESTE;2664.21
2025-04-28 12:00:00;NORDESTE;SUDESTE/CENTRO-OESTE;2285.01899999
2025-04-28 13:00:00;NORDESTE;SUDESTE/CENTRO-OESTE;2094.26
2025-04-28 14:00:00;NORDESTE;SUDESTE/CENTRO-OESTE;1269.708
2025-04-28 15:00:00;NORDESTE;SUDESTE/CENTRO-OESTE;906.723
2025-04-28 16:00:00;NORDESTE;SUDESTE/CENTRO-OESTE;407.589
2025-04-28 17:00:00;NORDESTE;SUDESTE/CENTRO-OESTE;1.348
2025-04-28 18:00:00;NORDESTE;SUDESTE/CENTRO-OESTE;753.848
2025-04-28 19:00:00;NORDESTE;SUDESTE/CENTRO-OESTE;1908.143
2025-04-28 20:00:00;NORDESTE;SUDESTE/CENTRO-OESTE;2313.317
2025-04-28 21:00:00;NORDESTE;SUDESTE/CENTRO-OESTE;1658.444
2025-04-28 22:00:00;NORDESTE;SUDESTE/CENTRO-OESTE;1103.179
2025-04-28 23:00:00;NORDESTE;SUDESTE/CENTRO-OESTE;244.652
2025-04-29 00:00:00;NORDESTE;SUDESTE/CENTRO-OESTE;-218.886
2025-04-29 01:00:00;NORDESTE;SUDESTE/CENTRO-OESTE;-833.981
2025-04-29 02:00:00;NORDESTE;SUDESTE/CENTRO-OESTE;-814.576
2025-04-29 03:00:00;NORDESTE;SUDESTE/CENTRO-OESTE;-523.88
2025-04-29 04:00:00;NORDESTE;SUDESTE/CENTRO-OESTE;-612.974
2025-04-29 05:00:00;NORDESTE;SUDESTE/CENTRO-OESTE;-209.026
2025-04-29 06:00:00;NORDESTE;SUDESTE/CENTRO-OESTE;1059.858
2025-04-29 07:00:00;NORDESTE;SUDESTE/CENTRO-OESTE;2343.14
2025-04-29 08:00:00;NORDESTE;SUDESTE/CENTRO-OESTE;1900.103
2025-04-29 09:00:00;NORDESTE;SUDESTE/CENTRO-OESTE;768.767
2025-04-29 10:00:00;NORDESTE;SUDESTE/CENTRO-OESTE;1127.625
2025-04-29 11:00:00;NORDESTE;SUDESTE/CENTRO-OESTE;1133.99499999
2025-04-29 12:00:00;NORDESTE;SUDESTE/CENTRO-OESTE;1074.74499999
2025-04-29 13:00:00;NORDESTE;SUDESTE/CENTRO-OESTE;1052.375
2025-04-29 14:00:00;NORDESTE;SUDESTE/CENTRO-OESTE;273.091
2025-04-29 15:00:00;NORDESTE;SUDESTE/CENTRO-OESTE;112.02
2025-04-29 16:00:00;NORDESTE;SUDESTE/CENTRO-OESTE;-76.936
2025-04-29 17:00:00;NORDESTE;SUDESTE/CENTRO-OESTE;-766.563
2025-04-29 18:00:00;NORDESTE;SUDESTE/CENTRO-OESTE;-95.559
2025-04-29 19:00:00;NORDESTE;SUDESTE/CENTRO-OESTE;717.476
2025-04-29 20:00:00;NORDESTE;SUDESTE/CENTRO-OESTE;1000.334
2025-04-29 21:00:00;NORDESTE;SUDESTE/CENTRO-OESTE;175.198
2025-04-29 22:00:00;NORDESTE;SUDESTE/CENTRO-OESTE;-54.136
2025-04-29 23:00:00;NORDESTE;SUDESTE/CENTRO-OESTE;-433.591
2025-04-30 00:00:00;NORDESTE;SUDESTE/CENTRO-OESTE;-79.44499999
2025-04-30 01:00:00;NORDESTE;SUDESTE/CENTRO-OESTE;88.645
2025-04-30 02:00:00;NORDESTE;SUDESTE/CENTRO-OESTE;-240.798
2025-04-30 03:00:00;NORDESTE;SUDESTE/CENTRO-OESTE;-217.382
2025-04-30 04:00:00;NORDESTE;SUDESTE/CENTRO-OESTE;301.563
2025-04-30 05:00:00;NORDESTE;SUDESTE/CENTRO-OESTE;901.308
2025-04-30 06:00:00;NORDESTE;SUDESTE/CENTRO-OESTE;2097.993
2025-04-30 07:00:00;NORDESTE;SUDESTE/CENTRO-OESTE;2605.689
2025-04-30 08:00:00;NORDESTE;SUDESTE/CENTRO-OESTE;2869.035
2025-04-30 09:00:00;NORDESTE;SUDESTE/CENTRO-OESTE;2823.919
2025-04-30 10:00:00;NORDESTE;SUDESTE/CENTRO-OESTE;2463.464
2025-04-30 11:00:00;NORDESTE;SUDESTE/CENTRO-OESTE;2246.819
2025-04-30 12:00:00;NORDESTE;SUDESTE/CENTRO-OESTE;2017.486
2025-04-30 13:00:00;NORDESTE;SUDESTE/CENTRO-OESTE;2153.684
2025-04-30 14:00:00;NORDESTE;SUDESTE/CENTRO-OESTE;2316.248
2025-04-30 15:00:00;NORDESTE;SUDESTE/CENTRO-OESTE;2377.061
2025-04-30 16:00:00;NORDESTE;SUDESTE/CENTRO-OESTE;2084.93199999
2025-04-30 17:00:00;NORDESTE;SUDESTE/CENTRO-OESTE;2759.546
2025-04-30 18:00:00;NORDESTE;SUDESTE/CENTRO-OESTE;3910.293
2025-04-30 19:00:00;NORDESTE;SUDESTE/CENTRO-OESTE;4460.347
2025-04-30 20:00:00;NORDESTE;SUDESTE/CENTRO-OESTE;4947.081
2025-04-30 21:00:00;NORDESTE;SUDESTE/CENTRO-OESTE;4936.99
2025-04-30 22:00:00;NORDESTE;SUDESTE/CENTRO-OESTE;4769.674
2025-04-30 23:00:00;NORDESTE;SUDESTE/CENTRO-OESTE;4334.022
2025-05-01 00:00:00;NORDESTE;SUDESTE/CENTRO-OESTE;4027.414
2025-05-01 01:00:00;NORDESTE;SUDESTE/CENTRO-OESTE;3080.031
2025-05-01 02:00:00;NORDESTE;SUDESTE/CENTRO-OESTE;2961.11
2025-05-01 03:00:00;NORDESTE;SUDESTE/CENTRO-OESTE;2950.074
2025-05-01 04:00:00;NORDESTE;SUDESTE/CENTRO-OESTE;2837.509
2025-05-01 05:00:00;NORDESTE;SUDESTE/CENTRO-OESTE;3134.474
2025-05-01 06:00:00;NORDESTE;SUDESTE/CENTRO-OESTE;3699.339
2025-05-01 07:00:00;NORDESTE;SUDESTE/CENTRO-OESTE;4779.071
2025-05-01 08:00:00;NORDESTE;SUDESTE/CENTRO-OESTE;4331.188
2025-05-01 09:00:00;NORDESTE;SUDESTE/CENTRO-OESTE;3788.32
2025-05-01 10:00:00;NORDESTE;SUDESTE/CENTRO-OESTE;3402.451
2025-05-01 11:00:00;NORDESTE;SUDESTE/CENTRO-OESTE;3370.127
2025-05-01 12:00:00;NORDESTE;SUDESTE/CENTRO-OESTE;3443.38
2025-05-01 13:00:00;NORDESTE;SUDESTE/CENTRO-OESTE;3782.156
2025-05-01 14:00:00;NORDESTE;SUDESTE/CENTRO-OESTE;3799.396
2025-05-01 15:00:00;NORDESTE;SUDESTE/CENTRO-OESTE;3509.149
2025-05-01 16:00:00;NORDESTE;SUDESTE/CENTRO-OESTE;3455.689
2025-05-01 17:00:00;NORDESTE;SUDESTE/CENTRO-OESTE;4127.557
2025-05-01 18:00:00;NORDESTE;SUDESTE/CENTRO-OESTE;5646.942
2025-05-01 19:00:00;NORDESTE;SUDESTE/CENTRO-OESTE;5918.845
2025-05-01 20:00:00;NORDESTE;SUDESTE/CENTRO-OESTE;5751.206
2025-05-01 21:00:00;NORDESTE;SUDESTE/CENTRO-OESTE;5890.548
2025-05-01 22:00:00;NORDESTE;SUDESTE/CENTRO-OESTE;6023.406
2025-05-01 23:00:00;NORDESTE;SUDESTE/CENTRO-OESTE;5433.582
2025-05-02 00:00:00;NORDESTE;SUDESTE/CENTRO-OESTE;4983.58
2025-05-02 01:00:00;NORDESTE;SUDESTE/CENTRO-OESTE;4559.11899999
2025-05-02 02:00:00;NORDESTE;SUDESTE/CENTRO-OESTE;3863.006
2025-05-02 03:00:00;NORDESTE;SUDESTE/CENTRO-OESTE;3682.84
2025-05-02 04:00:00;NORDESTE;SUDESTE/CENTRO-OESTE;4102.912
2025-05-02 05:00:00;NORDESTE;SUDESTE/CENTRO-OESTE;4643.144
2025-05-02 06:00:00;NORDESTE;SUDESTE/CENTRO-OESTE;5494.05
2025-05-02 07:00:00;NORDESTE;SUDESTE/CENTRO-OESTE;5842.939
2025-05-02 08:00:00;NORDESTE;SUDESTE/CENTRO-OESTE;5591.973
2025-05-02 09:00:00;NORDESTE;SUDESTE/CENTRO-OESTE;4406.67199999
2025-05-02 10:00:00;NORDESTE;SUDESTE/CENTRO-OESTE;3811.603
2025-05-02 11:00:00;NORDESTE;SUDESTE/CENTRO-OESTE;3153.015
2025-05-02 12:00:00;NORDESTE;SUDESTE/CENTRO-OESTE;3095.255
2025-05-02 13:00:00;NORDESTE;SUDESTE/CENTRO-OESTE;3979.155
2025-05-02 14:00:00;NORDESTE;SUDESTE/CENTRO-OESTE;5189.51
2025-05-02 15:00:00;NORDESTE;SUDESTE/CENTRO-OESTE;5351.17699999
2025-05-02 16:00:00;NORDESTE;SUDESTE/CENTRO-OESTE;4990.392
2025-05-02 17:00:00;NORDESTE;SUDESTE/CENTRO-OESTE;5577.764
2025-05-02 18:00:00;NORDESTE;SUDESTE/CENTRO-OESTE;6213.314
2025-05-02 19:00:00;NORDESTE;SUDESTE/CENTRO-OESTE;6607.096
2025-05-02 20:00:00;NORDESTE;SUDESTE/CENTRO-OESTE;6672.757
2025-05-02 21:00:00;NORDESTE;SUDESTE/CENTRO-OESTE;6470.944
2025-05-02 22:00:00;NORDESTE;SUDESTE/CENTRO-OESTE;6431.395
2025-05-02 23:00:00;NORDESTE;SUDESTE/CENTRO-OESTE;6289.604
2025-05-03 00:00:00;NORDESTE;SUDESTE/CENTRO-OESTE;5825.791
2025-05-03 01:00:00;NORDESTE;SUDESTE/CENTRO-OESTE;5108.429
2025-05-03 02:00:00;NORDESTE;SUDESTE/CENTRO-OESTE;4874.392
2025-05-03 03:00:00;NORDESTE;SUDESTE/CENTRO-OESTE;4697.049
2025-05-03 04:00:00;NORDESTE;SUDESTE/CENTRO-OESTE;4438.14999999
2025-05-03 05:00:00;NORDESTE;SUDESTE/CENTRO-OESTE;4514.468
2025-05-03 06:00:00;NORDESTE;SUDESTE/CENTRO-OESTE;4511.314
2025-05-03 07:00:00;NORDESTE;SUDESTE/CENTRO-OESTE;3362.021
2025-05-03 08:00:00;NORDESTE;SUDESTE/CENTRO-OESTE;2939.874
2025-05-03 09:00:00;NORDESTE;SUDESTE/CENTRO-OESTE;2203.84299999
2025-05-03 10:00:00;NORDESTE;SUDESTE/CENTRO-OESTE;1863.886
2025-05-03 11:00:00;NORDESTE;SUDESTE/CENTRO-OESTE;1493.577
2025-05-03 12:00:00;NORDESTE;SUDESTE/CENTRO-OESTE;1589.745
2025-05-03 13:00:00;NORDESTE;SUDESTE/CENTRO-OESTE;2018.404
2025-05-03 14:00:00;NORDESTE;SUDESTE/CENTRO-OESTE;2510.96799999
2025-05-03 15:00:00;NORDESTE;SUDESTE/CENTRO-OESTE;2342.455
2025-05-03 16:00:00;NORDESTE;SUDESTE/CENTRO-OESTE;2612.944
2025-05-03 17:00:00;NORDESTE;SUDESTE/CENTRO-OESTE;4351.845
2025-05-03 18:00:00;NORDESTE;SUDESTE/CENTRO-OESTE;6038.413
2025-05-03 19:00:00;NORDESTE;SUDESTE/CENTRO-OESTE;5946.799
2025-05-03 20:00:00;NORDESTE;SUDESTE/CENTRO-OESTE;6437.847
2025-05-03 21:00:00;NORDESTE;SUDESTE/CENTRO-OESTE;6481.674
2025-05-03 22:00:00;NORDESTE;SUDESTE/CENTRO-OESTE;6567.192
2025-05-03 23:00:00;NORDESTE;SUDESTE/CENTRO-OESTE;6032.799
2025-05-04 00:00:00;NORDESTE;SUDESTE/CENTRO-OESTE;6085.652
2025-05-04 01:00:00;NORDESTE;SUDESTE/CENTRO-OESTE;5801.895
2025-05-04 02:00:00;NORDESTE;SUDESTE/CENTRO-OESTE;5525.69
2025-05-04 03:00:00;NORDESTE;SUDESTE/CENTRO-OESTE;5418.214
2025-05-04 04:00:00;NORDESTE;SUDESTE/CENTRO-OESTE;5269.017
2025-05-04 05:00:00;NORDESTE;SUDESTE/CENTRO-OESTE;5186.67
2025-05-04 06:00:00;NORDESTE;SUDESTE/CENTRO-OESTE;5096.737
2025-05-04 07:00:00;NORDESTE;SUDESTE/CENTRO-OESTE;4122.856
2025-05-04 08:00:00;NORDESTE;SUDESTE/CENTRO-OESTE;2339.293
2025-05-04 09:00:00;NORDESTE;SUDESTE/CENTRO-OESTE;135.112
2025-05-04 10:00:00;NORDESTE;SUDESTE/CENTRO-OESTE;-350.763
2025-05-04 11:00:00;NORDESTE;SUDESTE/CENTRO-OESTE;-247.187
2025-05-04 12:00:00;NORDESTE;SUDESTE/CENTRO-OESTE;-7.385
2025-05-04 13:00:00;NORDESTE;SUDESTE/CENTRO-OESTE;344.21
2025-05-04 14:00:00;NORDESTE;SUDESTE/CENTRO-OESTE;1218.949
2025-05-04 15:00:00;NORDESTE;SUDESTE/CENTRO-OESTE;2527.685
2025-05-04 16:00:00;NORDESTE;SUDESTE/CENTRO-OESTE;3422.324
2025-05-04 17:00:00;NORDESTE;SUDESTE/CENTRO-OESTE;4020.256
2025-05-04 18:00:00;NORDESTE;SUDESTE/CENTRO-OESTE;4960.546
2025-05-04 19:00:00;NORDESTE;SUDESTE/CENTRO-OESTE;5798.155
2025-05-04 20:00:00;NORDESTE;SUDESTE/CENTRO-OESTE;5986.223
2025-05-04 21:00:00;NORDESTE;SUDESTE/CENTRO-OESTE;5738.357
2025-05-04 22:00:00;NORDESTE;SUDESTE/CENTRO-OESTE;5115.329
2025-05-04 23:00:00;NORDESTE;SUDESTE/CENTRO-OESTE;4399.93999999
2025-05-05 00:00:00;NORDESTE;SUDESTE/CENTRO-OESTE;4029.428
2025-05-05 01:00:00;NORDESTE;SUDESTE/CENTRO-OESTE;4185.861
2025-05-05 02:00:00;NORDESTE;SUDESTE/CENTRO-OESTE;4485.28399999
2025-05-05 03:00:00;NORDESTE;SUDESTE/CENTRO-OESTE;4942.95
2025-05-05 04:00:00;NORDESTE;SUDESTE/CENTRO-OESTE;5261.943
2025-05-05 05:00:00;NORDESTE;SUDESTE/CENTRO-OESTE;5591.004
2025-05-05 06:00:00;NORDESTE;SUDESTE/CENTRO-OESTE;6174.395
2025-05-05 07:00:00;NORDESTE;SUDESTE/CENTRO-OESTE;6088.362
2025-05-05 08:00:00;NORDESTE;SUDESTE/CENTRO-OESTE;5129.679
2025-05-05 09:00:00;NORDESTE;SUDESTE/CENTRO-OESTE;4087.233
2025-05-05 10:00:00;NORDESTE;SUDESTE/CENTRO-OESTE;3113.102
2025-05-05 11:00:00;NORDESTE;SUDESTE/CENTRO-OESTE;2043.541
2025-05-05 12:00:00;NORDESTE;SUDESTE/CENTRO-OESTE;2268.045
2025-05-05 13:00:00;NORDESTE;SUDESTE/CENTRO-OESTE;2991.662
2025-05-05 14:00:00;NORDESTE;SUDESTE/CENTRO-OESTE;3362.597
2025-05-05 15:00:00;NORDESTE;SUDESTE/CENTRO-OESTE;3582.464
2025-05-05 16:00:00;NORDESTE;SUDESTE/CENTRO-OESTE;4096.392
2025-05-05 17:00:00;NORDESTE;SUDESTE/CENTRO-OESTE;4233.36899999
2025-05-05 18:00:00;NORDESTE;SUDESTE/CENTRO-OESTE;4610.625
2025-05-05 19:00:00;NORDESTE;SUDESTE/CENTRO-OESTE;5068.56099999
2025-05-05 20:00:00;NORDESTE;SUDESTE/CENTRO-OESTE;5625.395
2025-05-05 21:00:00;NORDESTE;SUDESTE/CENTRO-OESTE;6244.147
2025-05-05 22:00:00;NORDESTE;SUDESTE/CENTRO-OESTE;5922.368
2025-05-05 23:00:00;NORDESTE;SUDESTE/CENTRO-OESTE;5287.157
2025-05-06 00:00:00;NORDESTE;SUDESTE/CENTRO-OESTE;5008.037
2025-05-06 01:00:00;NORDESTE;SUDESTE/CENTRO-OESTE;4897.518
2025-05-06 02:00:00;NORDESTE;SUDESTE/CENTRO-OESTE;4526.454
2025-05-06 03:00:00;NORDESTE;SUDESTE/CENTRO-OESTE;4299.089
2025-05-06 04:00:00;NORDESTE;SUDESTE/CENTRO-OESTE;4292.3
2025-05-06 05:00:00;NORDESTE;SUDESTE/CENTRO-OESTE;4769.42
2025-05-06 06:00:00;NORDESTE;SUDESTE/CENTRO-OESTE;5769.419
2025-05-06 07:00:00;NORDESTE;SUDESTE/CENTRO-OESTE;6370.65
2025-05-06 08:00:00;NORDESTE;SUDESTE/CENTRO-OESTE;5611.406
2025-05-06 09:00:00;NORDESTE;SUDESTE/CENTRO-OESTE;5028.56
2025-05-06 10:00:00;NORDESTE;SUDESTE/CENTRO-OESTE;4476.434
2025-05-06 11:00:00;NORDESTE;SUDESTE/CENTRO-OESTE;3962.048
2025-05-06 12:00:00;NORDESTE;SUDESTE/CENTRO-OESTE;3785.526
2025-05-06 13:00:00;NORDESTE;SUDESTE/CENTRO-OESTE;3873.251
2025-05-06 14:00:00;NORDESTE;SUDESTE/CENTRO-OESTE;3634.556
2025-05-06 15:00:00;NORDESTE;SUDESTE/CENTRO-OESTE;3185.712
2025-05-06 16:00:00;NORDESTE;SUDESTE/CENTRO-OESTE;4654.335
2025-05-06 17:00:00;NORDESTE;SUDESTE/CENTRO-OESTE;5108.465
2025-05-06 18:00:00;NORDESTE;SUDESTE/CENTRO-OESTE;5802.214
2025-05-06 19:00:00;NORDESTE;SUDESTE/CENTRO-OESTE;6528.816
2025-05-06 20:00:00;NORDESTE;SUDESTE/CENTRO-OESTE;6825.43
2025-05-06 21:00:00;NORDESTE;SUDESTE/CENTRO-OESTE;6700.635
2025-05-06 22:00:00;NORDESTE;SUDESTE/CENTRO-OESTE;6175.216
2025-05-06 23:00:00;NORDESTE;SUDESTE/CENTRO-OESTE;5710.202
2025-05-07 00:00:00;NORDESTE;SUDESTE/CENTRO-OESTE;5625.613
2025-05-07 01:00:00;NORDESTE;SUDESTE/CENTRO-OESTE;5262.496
2025-05-07 02:00:00;NORDESTE;SUDESTE/CENTRO-OESTE;4682.377
2025-05-07 03:00:00;NORDESTE;SUDESTE/CENTRO-OESTE;4483.64999999
2025-05-07 04:00:00;NORDESTE;SUDESTE/CENTRO-OESTE;4808.786
2025-05-07 05:00:00;NORDESTE;SUDESTE/CENTRO-OESTE;5397.106
2025-05-07 06:00:00;NORDESTE;SUDESTE/CENTRO-OESTE;5887.202
2025-05-07 07:00:00;NORDESTE;SUDESTE/CENTRO-OESTE;5663.234
2025-05-07 08:00:00;NORDESTE;SUDESTE/CENTRO-OESTE;6102.882
2025-05-07 09:00:00;NORDESTE;SUDESTE/CENTRO-OESTE;5146.872
2025-05-07 10:00:00;NORDESTE;SUDESTE/CENTRO-OESTE;4530.878
2025-05-07 11:00:00;NORDESTE;SUDESTE/CENTRO-OESTE;3776.881
2025-05-07 12:00:00;NORDESTE;SUDESTE/CENTRO-OESTE;3315.927
2025-05-07 13:00:00;NORDESTE;SUDESTE/CENTRO-OESTE;3763.11
2025-05-07 14:00:00;NORDESTE;SUDESTE/CENTRO-OESTE;2944.134
2025-05-07 15:00:00;NORDESTE;SUDESTE/CENTRO-OESTE;2831.227
2025-05-07 16:00:00;NORDESTE;SUDESTE/CENTRO-OESTE;2790.045
2025-05-07 17:00:00;NORDESTE;SUDESTE/CENTRO-OESTE;3103.002
2025-05-07 18:00:00;NORDESTE;SUDESTE/CENTRO-OESTE;4639.571
2025-05-07 19:00:00;NORDESTE;SUDESTE/CENTRO-OESTE;5212.109
2025-05-07 20:00:00;NORDESTE;SUDESTE/CENTRO-OESTE;5395.51
2025-05-07 21:00:00;NORDESTE;SUDESTE/CENTRO-OESTE;5017.727
2025-05-07 22:00:00;NORDESTE;SUDESTE/CENTRO-OESTE;5287.904
2025-05-07 23:00:00;NORDESTE;SUDESTE/CENTRO-OESTE;5141.527
2025-05-08 00:00:00;NORDESTE;SUDESTE/CENTRO-OESTE;5960.253
2025-05-08 01:00:00;NORDESTE;SUDESTE/CENTRO-OESTE;5559.228
2025-05-08 02:00:00;NORDESTE;SUDESTE/CENTRO-OESTE;5506.793
2025-05-08 03:00:00;NORDESTE;SUDESTE/CENTRO-OESTE;5438.863
2025-05-08 04:00:00;NORDESTE;SUDESTE/CENTRO-OESTE;5429.187
2025-05-08 05:00:00;NORDESTE;SUDESTE/CENTRO-OESTE;5696.023
2025-05-08 06:00:00;NORDESTE;SUDESTE/CENTRO-OESTE;6301.753
2025-05-08 07:00:00;NORDESTE;SUDESTE/CENTRO-OESTE;6034.251
2025-05-08 08:00:00;NORDESTE;SUDESTE/CENTRO-OESTE;5564.862
2025-05-08 09:00:00;NORDESTE;SUDESTE/CENTRO-OESTE;4930.237
2025-05-08 10:00:00;NORDESTE;SUDESTE/CENTRO-OESTE;4592.689
2025-05-08 11:00:00;NORDESTE;SUDESTE/CENTRO-OESTE;3774.423
2025-05-08 12:00:00;NORDESTE;SUDESTE/CENTRO-OESTE;3720.173
2025-05-08 13:00:00;NORDESTE;SUDESTE/CENTRO-OESTE;4164.555
2025-05-08 14:00:00;NORDESTE;SUDESTE/CENTRO-OESTE;3811.617
2025-05-08 15:00:00;NORDESTE;SUDESTE/CENTRO-OESTE;3522.172
2025-05-08 16:00:00;NORDESTE;SUDESTE/CENTRO-OESTE;3423.221
2025-05-08 17:00:00;NORDESTE;SUDESTE/CENTRO-OESTE;4136.206
2025-05-08 18:00:00;NORDESTE;SUDESTE/CENTRO-OESTE;5266.75
2025-05-08 19:00:00;NORDESTE;SUDESTE/CENTRO-OESTE;5487.564
2025-05-08 20:00:00;NORDESTE;SUDESTE/CENTRO-OESTE;5540.525
2025-05-08 21:00:00;NORDESTE;SUDESTE/CENTRO-OESTE;5362.898
2025-05-08 22:00:00;NORDESTE;SUDESTE/CENTRO-OESTE;5231.486
2025-05-08 23:00:00;NORDESTE;SUDESTE/CENTRO-OESTE;5528.63
2025-05-09 00:00:00;NORDESTE;SUDESTE/CENTRO-OESTE;5867.79
2025-05-09 01:00:00;NORDESTE;SUDESTE/CENTRO-OESTE;5261.125
2025-05-09 02:00:00;NORDESTE;SUDESTE/CENTRO-OESTE;4826.305
2025-05-09 03:00:00;NORDESTE;SUDESTE/CENTRO-OESTE;4835.099
2025-05-09 04:00:00;NORDESTE;SUDESTE/CENTRO-OESTE;5346.432
2025-05-09 05:00:00;NORDESTE;SUDESTE/CENTRO-OESTE;6138.773
2025-05-09 06:00:00;NORDESTE;SUDESTE/CENTRO-OESTE;6583.531
2025-05-09 07:00:00;NORDESTE;SUDESTE/CENTRO-OESTE;5863.185
2025-05-09 08:00:00;NORDESTE;SUDESTE/CENTRO-OESTE;5885.935
2025-05-09 09:00:00;NORDESTE;SUDESTE/CENTRO-OESTE;5562.111
2025-05-09 10:00:00;NORDESTE;SUDESTE/CENTRO-OESTE;5482.905
2025-05-09 11:00:00;NORDESTE;SUDESTE/CENTRO-OESTE;5163.78399999
2025-05-09 12:00:00;NORDESTE;SUDESTE/CENTRO-OESTE;5174.807
2025-05-09 13:00:00;NORDESTE;SUDESTE/CENTRO-OESTE;4503.59199999
2025-05-09 14:00:00;NORDESTE;SUDESTE/CENTRO-OESTE;3749.601
2025-05-09 15:00:00;NORDESTE;SUDESTE/CENTRO-OESTE;3987.541
2025-05-09 16:00:00;NORDESTE;SUDESTE/CENTRO-OESTE;3549.863
2025-05-09 17:00:00;NORDESTE;SUDESTE/CENTRO-OESTE;3534.22
2025-05-09 18:00:00;NORDESTE;SUDESTE/CENTRO-OESTE;4785.92699999
2025-05-09 19:00:00;NORDESTE;SUDESTE/CENTRO-OESTE;5399.704
2025-05-09 20:00:00;NORDESTE;SUDESTE/CENTRO-OESTE;5951.993
2025-05-09 21:00:00;NORDESTE;SUDESTE/CENTRO-OESTE;6595.595
2025-05-09 22:00:00;NORDESTE;SUDESTE/CENTRO-OESTE;6798.017
2025-05-09 23:00:00;NORDESTE;SUDESTE/CENTRO-OESTE;6792.706
2025-05-10 00:00:00;NORDESTE;SUDESTE/CENTRO-OESTE;6570.476
2025-05-10 01:00:00;NORDESTE;SUDESTE/CENTRO-OESTE;5746.334
2025-05-10 02:00:00;NORDESTE;SUDESTE/CENTRO-OESTE;5689.844
2025-05-10 03:00:00;NORDESTE;SUDESTE/CENTRO-OESTE;5564.0
2025-05-10 04:00:00;NORDESTE;SUDESTE/CENTRO-OESTE;5674.848
2025-05-10 05:00:00;NORDESTE;SUDESTE/CENTRO-OESTE;6091.977
2025-05-10 06:00:00;NORDESTE;SUDESTE/CENTRO-OESTE;6520.755
2025-05-10 07:00:00;NORDESTE;SUDESTE/CENTRO-OESTE;6161.899
2025-05-10 08:00:00;NORDESTE;SUDESTE/CENTRO-OESTE;5676.168
2025-05-10 09:00:00;NORDESTE;SUDESTE/CENTRO-OESTE;5348.451
2025-05-10 10:00:00;NORDESTE;SUDESTE/CENTRO-OESTE;4511.816
2025-05-10 11:00:00;NORDESTE;SUDESTE/CENTRO-OESTE;3531.666
2025-05-10 12:00:00;NORDESTE;SUDESTE/CENTRO-OESTE;3154.341
2025-05-10 13:00:00;NORDESTE;SUDESTE/CENTRO-OESTE;2970.749
2025-05-10 14:00:00;NORDESTE;SUDESTE/CENTRO-OESTE;3192.73
2025-05-10 15:00:00;NORDESTE;SUDESTE/CENTRO-OESTE;3185.606
2025-05-10 16:00:00;NORDESTE;SUDESTE/CENTRO-OESTE;3441.515
2025-05-10 17:00:00;NORDESTE;SUDESTE/CENTRO-OESTE;4370.665
2025-05-10 18:00:00;NORDESTE;SUDESTE/CENTRO-OESTE;5114.327
2025-05-10 19:00:00;NORDESTE;SUDESTE/CENTRO-OESTE;6185.602
2025-05-10 20:00:00;NORDESTE;SUDESTE/CENTRO-OESTE;6764.831
2025-05-10 21:00:00;NORDESTE;SUDESTE/CENTRO-OESTE;6962.944
2025-05-10 22:00:00;NORDESTE;SUDESTE/CENTRO-OESTE;6818.272
2025-05-10 23:00:00;NORDESTE;SUDESTE/CENTRO-OESTE;6609.492
2025-05-11 00:00:00;NORDESTE;SUDESTE/CENTRO-OESTE;5836.072
2025-05-11 01:00:00;NORDESTE;SUDESTE/CENTRO-OESTE;5276.937
2025-05-11 02:00:00;NORDESTE;SUDESTE/CENTRO-OESTE;4962.424
2025-05-11 03:00:00;NORDESTE;SUDESTE/CENTRO-OESTE;4485.738
2025-05-11 04:00:00;NORDESTE;SUDESTE/CENTRO-OESTE;4247.553
2025-05-11 05:00:00;NORDESTE;SUDESTE/CENTRO-OESTE;4221.245
2025-05-11 06:00:00;NORDESTE;SUDESTE/CENTRO-OESTE;5033.26
2025-05-11 07:00:00;NORDESTE;SUDESTE/CENTRO-OESTE;4826.495
2025-05-11 08:00:00;NORDESTE;SUDESTE/CENTRO-OESTE;4215.84
2025-05-11 09:00:00;NORDESTE;SUDESTE/CENTRO-OESTE;2820.397
2025-05-11 10:00:00;NORDESTE;SUDESTE/CENTRO-OESTE;2493.149
2025-05-11 11:00:00;NORDESTE;SUDESTE/CENTRO-OESTE;2178.525
2025-05-11 12:00:00;NORDESTE;SUDESTE/CENTRO-OESTE;1748.317
2025-05-11 13:00:00;NORDESTE;SUDESTE/CENTRO-OESTE;1285.862
2025-05-11 14:00:00;NORDESTE;SUDESTE/CENTRO-OESTE;1252.499
2025-05-11 15:00:00;NORDESTE;SUDESTE/CENTRO-OESTE;2637.338
2025-05-11 16:00:00;NORDESTE;SUDESTE/CENTRO-OESTE;3541.065
2025-05-11 17:00:00;NORDESTE;SUDESTE/CENTRO-OESTE;3763.892
2025-05-11 18:00:00;NORDESTE;SUDESTE/CENTRO-OESTE;4804.572
2025-05-11 19:00:00;NORDESTE;SUDESTE/CENTRO-OESTE;6207.667
2025-05-11 20:00:00;NORDESTE;SUDESTE/CENTRO-OESTE;6553.175
2025-05-11 21:00:00;NORDESTE;SUDESTE/CENTRO-OESTE;6444.235
2025-05-11 22:00:00;NORDESTE;SUDESTE/CENTRO-OESTE;6419.182
2025-05-11 23:00:00;NORDESTE;SUDESTE/CENTRO-OESTE;5954.277
2025-05-12 00:00:00;NORDESTE;SUDESTE/CENTRO-OESTE;5930.307
2025-05-12 01:00:00;NORDESTE;SUDESTE/CENTRO-OESTE;6160.495
2025-05-12 02:00:00;NORDESTE;SUDESTE/CENTRO-OESTE;5875.71
2025-05-12 03:00:00;NORDESTE;SUDESTE/CENTRO-OESTE;5708.463
2025-05-12 04:00:00;NORDESTE;SUDESTE/CENTRO-OESTE;5985.397
2025-05-12 05:00:00;NORDESTE;SUDESTE/CENTRO-OESTE;6269.53
2025-05-12 06:00:00;NORDESTE;SUDESTE/CENTRO-OESTE;6242.654
2025-05-12 07:00:00;NORDESTE;SUDESTE/CENTRO-OESTE;5865.606
2025-05-12 08:00:00;NORDESTE;SUDESTE/CENTRO-OESTE;5107.603
2025-05-12 09:00:00;NORDESTE;SUDESTE/CENTRO-OESTE;4374.035
2025-05-12 10:00:00;NORDESTE;SUDESTE/CENTRO-OESTE;4163.831
2025-05-12 11:00:00;NORDESTE;SUDESTE/CENTRO-OESTE;4156.0
2025-05-12 12:00:00;NORDESTE;SUDESTE/CENTRO-OESTE;3291.98
2025-05-12 13:00:00;NORDESTE;SUDESTE/CENTRO-OESTE;3440.891
2025-05-12 14:00:00;NORDESTE;SUDESTE/CENTRO-OESTE;3390.473
2025-05-12 15:00:00;NORDESTE;SUDESTE/CENTRO-OESTE;2968.728
2025-05-12 16:00:00;NORDESTE;SUDESTE/CENTRO-OESTE;3086.916
2025-05-12 17:00:00;NORDESTE;SUDESTE/CENTRO-OESTE;5223.553
2025-05-12 18:00:00;NORDESTE;SUDESTE/CENTRO-OESTE;6631.345
2025-05-12 19:00:00;NORDESTE;SUDESTE/CENTRO-OESTE;6486.557
2025-05-12 20:00:00;NORDESTE;SUDESTE/CENTRO-OESTE;6506.674
2025-05-12 21:00:00;NORDESTE;SUDESTE/CENTRO-OESTE;6358.357
2025-05-12 22:00:00;NORDESTE;SUDESTE/CENTRO-OESTE;6434.031
2025-05-12 23:00:00;NORDESTE;SUDESTE/CENTRO-OESTE;6237.982
2025-05-13 00:00:00;NORDESTE;SUDESTE/CENTRO-OESTE;6334.498
2025-05-13 01:00:00;NORDESTE;SUDESTE/CENTRO-OESTE;6084.016
2025-05-13 02:00:00;NORDESTE;SUDESTE/CENTRO-OESTE;6055.654
2025-05-13 03:00:00;NORDESTE;SUDESTE/CENTRO-OESTE;5967.662
2025-05-13 04:00:00;NORDESTE;SUDESTE/CENTRO-OESTE;6041.324
2025-05-13 05:00:00;NORDESTE;SUDESTE/CENTRO-OESTE;6150.293
2025-05-13 06:00:00;NORDESTE;SUDESTE/CENTRO-OESTE;6498.62
2025-05-13 07:00:00;NORDESTE;SUDESTE/CENTRO-OESTE;6097.271
2025-05-13 08:00:00;NORDESTE;SUDESTE/CENTRO-OESTE;6244.804
2025-05-13 09:00:00;NORDESTE;SUDESTE/CENTRO-OESTE;5390.85
2025-05-13 10:00:00;NORDESTE;SUDESTE/CENTRO-OESTE;4741.752
2025-05-13 11:00:00;NORDESTE;SUDESTE/CENTRO-OESTE;3561.102
2025-05-13 12:00:00;NORDESTE;SUDESTE/CENTRO-OESTE;3605.393
2025-05-13 13:00:00;NORDESTE;SUDESTE/CENTRO-OESTE;3564.562
2025-05-13 14:00:00;NORDESTE;SUDESTE/CENTRO-OESTE;4282.636
2025-05-13 15:00:00;NORDESTE;SUDESTE/CENTRO-OESTE;4312.58299999
2025-05-13 16:00:00;NORDESTE;SUDESTE/CENTRO-OESTE;4124.307
2025-05-13 17:00:00;NORDESTE;SUDESTE/CENTRO-OESTE;4507.80199999
2025-05-13 18:00:00;NORDESTE;SUDESTE/CENTRO-OESTE;6170.575
2025-05-13 19:00:00;NORDESTE;SUDESTE/CENTRO-OESTE;5059.906
2025-05-13 20:00:00;NORDESTE;SUDESTE/CENTRO-OESTE;4829.5
2025-05-13 21:00:00;NORDESTE;SUDESTE/CENTRO-OESTE;4601.291
2025-05-13 22:00:00;NORDESTE;SUDESTE/CENTRO-OESTE;4422.944
2025-05-13 23:00:00;NORDESTE;SUDESTE/CENTRO-OESTE;4564.859
2025-05-14 00:00:00;NORDESTE;SUDESTE/CENTRO-OESTE;4222.995
2025-05-14 01:00:00;NORDESTE;SUDESTE/CENTRO-OESTE;4772.173
2025-05-14 02:00:00;NORDESTE;SUDESTE/CENTRO-OESTE;4566.29
2025-05-14 03:00:00;NORDESTE;SUDESTE/CENTRO-OESTE;4577.509
2025-05-14 04:00:00;NORDESTE;SUDESTE/CENTRO-OESTE;4154.21
2025-05-14 05:00:00;NORDESTE;SUDESTE/CENTRO-OESTE;4355.983
2025-05-14 06:00:00;NORDESTE;SUDESTE/CENTRO-OESTE;4992.462
2025-05-14 07:00:00;NORDESTE;SUDESTE/CENTRO-OESTE;4744.231
2025-05-14 08:00:00;NORDESTE;SUDESTE/CENTRO-OESTE;4929.077
2025-05-14 09:00:00;NORDESTE;SUDESTE/CENTRO-OESTE;4480.117
2025-05-14 10:00:00;NORDESTE;SUDESTE/CENTRO-OESTE;3799.572
2025-05-14 11:00:00;NORDESTE;SUDESTE/CENTRO-OESTE;3637.559
2025-05-14 12:00:00;NORDESTE;SUDESTE/CENTRO-OESTE;3617.401
2025-05-14 13:00:00;NORDESTE;SUDESTE/CENTRO-OESTE;4336.554
2025-05-14 14:00:00;NORDESTE;SUDESTE/CENTRO-OESTE;4135.587
2025-05-14 15:00:00;NORDESTE;SUDESTE/CENTRO-OESTE;4602.691
2025-05-14 16:00:00;NORDESTE;SUDESTE/CENTRO-OESTE;4033.911
2025-05-14 17:00:00;NORDESTE;SUDESTE/CENTRO-OESTE;4232.21699999
2025-05-14 18:00:00;NORDESTE;SUDESTE/CENTRO-OESTE;4618.299
2025-05-14 19:00:00;NORDESTE;SUDESTE/CENTRO-OESTE;4918.99
2025-05-14 20:00:00;NORDESTE;SUDESTE/CENTRO-OESTE;4696.434
2025-05-14 21:00:00;NORDESTE;SUDESTE/CENTRO-OESTE;4609.50699999
2025-05-14 22:00:00;NORDESTE;SUDESTE/CENTRO-OESTE;4201.192
2025-05-14 23:00:00;NORDESTE;SUDESTE/CENTRO-OESTE;4377.363
2025-05-15 00:00:00;NORDESTE;SUDESTE/CENTRO-OESTE;4436.684
2025-05-15 01:00:00;NORDESTE;SUDESTE/CENTRO-OESTE;4794.987
2025-05-15 02:00:00;NORDESTE;SUDESTE/CENTRO-OESTE;4830.729
2025-05-15 03:00:00;NORDESTE;SUDESTE/CENTRO-OESTE;4704.444
2025-05-15 04:00:00;NORDESTE;SUDESTE/CENTRO-OESTE;4752.013
2025-05-15 05:00:00;NORDESTE;SUDESTE/CENTRO-OESTE;4769.253
2025-05-15 06:00:00;NORDESTE;SUDESTE/CENTRO-OESTE;4892.167
2025-05-15 07:00:00;NORDESTE;SUDESTE/CENTRO-OESTE;4248.34
2025-05-15 08:00:00;NORDESTE;SUDESTE/CENTRO-OESTE;3867.47
2025-05-15 09:00:00;NORDESTE;SUDESTE/CENTRO-OESTE;3268.564
2025-05-15 10:00:00;NORDESTE;SUDESTE/CENTRO-OESTE;2970.092
2025-05-15 11:00:00;NORDESTE;SUDESTE/CENTRO-OESTE;2130.543
2025-05-15 12:00:00;NORDESTE;SUDESTE/CENTRO-OESTE;1841.143
2025-05-15 13:00:00;NORDESTE;SUDESTE/CENTRO-OESTE;2066.308
2025-05-15 14:00:00;NORDESTE;SUDESTE/CENTRO-OESTE;1817.553
2025-05-15 15:00:00;NORDESTE;SUDESTE/CENTRO-OESTE;2479.649
2025-05-15 16:00:00;NORDESTE;SUDESTE/CENTRO-OESTE;3495.385
2025-05-15 17:00:00;NORDESTE;SUDESTE/CENTRO-OESTE;4387.73499999
2025-05-15 18:00:00;NORDESTE;SUDESTE/CENTRO-OESTE;4984.634
2025-05-15 19:00:00;NORDESTE;SUDESTE/CENTRO-OESTE;4961.49399999
2025-05-15 20:00:00;NORDESTE;SUDESTE/CENTRO-OESTE;6131.873
2025-05-15 21:00:00;NORDESTE;SUDESTE/CENTRO-OESTE;6127.407
2025-05-15 22:00:00;NORDESTE;SUDESTE/CENTRO-OESTE;5526.773
2025-05-15 23:00:00;NORDESTE;SUDESTE/CENTRO-OESTE;3512.546
2025-05-16 00:00:00;NORDESTE;SUDESTE/CENTRO-OESTE;2739.299
2025-05-16 01:00:00;NORDESTE;SUDESTE/CENTRO-OESTE;3163.586
2025-05-16 02:00:00;NORDESTE;SUDESTE/CENTRO-OESTE;4745.97
2025-05-16 03:00:00;NORDESTE;SUDESTE/CENTRO-OESTE;5788.141
2025-05-16 04:00:00;NORDESTE;SUDESTE/CENTRO-OESTE;5743.694
2025-05-16 05:00:00;NORDESTE;SUDESTE/CENTRO-OESTE;6068.514
2025-05-16 06:00:00;NORDESTE;SUDESTE/CENTRO-OESTE;6075.959
2025-05-16 07:00:00;NORDESTE;SUDESTE/CENTRO-OESTE;6172.504
2025-05-16 08:00:00;NORDESTE;SUDESTE/CENTRO-OESTE;5937.107
2025-05-16 09:00:00;NORDESTE;SUDESTE/CENTRO-OESTE;4215.608
2025-05-16 10:00:00;NORDESTE;SUDESTE/CENTRO-OESTE;3615.343
2025-05-16 11:00:00;NORDESTE;SUDESTE/CENTRO-OESTE;3482.209
2025-05-16 12:00:00;NORDESTE;SUDESTE/CENTRO-OESTE;3208.756
2025-05-16 13:00:00;NORDESTE;SUDESTE/CENTRO-OESTE;3197.437
2025-05-16 14:00:00;NORDESTE;SUDESTE/CENTRO-OESTE;3438.602
2025-05-16 15:00:00;NORDESTE;SUDESTE/CENTRO-OESTE;3280.166
2025-05-16 16:00:00;NORDESTE;SUDESTE/CENTRO-OESTE;4172.265
2025-05-16 17:00:00;NORDESTE;SUDESTE/CENTRO-OESTE;5077.729
2025-05-16 18:00:00;NORDESTE;SUDESTE/CENTRO-OESTE;5884.572
2025-05-16 19:00:00;NORDESTE;SUDESTE/CENTRO-OESTE;6267.833
2025-05-16 20:00:00;NORDESTE;SUDESTE/CENTRO-OESTE;6571.626
2025-05-16 21:00:00;NORDESTE;SUDESTE/CENTRO-OESTE;6363.157
2025-05-16 22:00:00;NORDESTE;SUDESTE/CENTRO-OESTE;6276.642
2025-05-16 23:00:00;NORDESTE;SUDESTE/CENTRO-OESTE;6439.087
2025-05-17 00:00:00;NORDESTE;SUDESTE/CENTRO-OESTE;6023.518
2025-05-17 01:00:00;NORDESTE;SUDESTE/CENTRO-OESTE;5491.773
2025-05-17 02:00:00;NORDESTE;SUDESTE/CENTRO-OESTE;5567.534
2025-05-17 03:00:00;NORDESTE;SUDESTE/CENTRO-OESTE;5771.079
2025-05-17 04:00:00;NORDESTE;SUDESTE/CENTRO-OESTE;5882.258
2025-05-17 05:00:00;NORDESTE;SUDESTE/CENTRO-OESTE;5500.978
2025-05-17 06:00:00;NORDESTE;SUDESTE/CENTRO-OESTE;6124.042
2025-05-17 07:00:00;NORDESTE;SUDESTE/CENTRO-OESTE;5653.975
2025-05-17 08:00:00;NORDESTE;SUDESTE/CENTRO-OESTE;4861.499
2025-05-17 09:00:00;NORDESTE;SUDESTE/CENTRO-OESTE;4703.368
2025-05-17 10:00:00;NORDESTE;SUDESTE/CENTRO-OESTE;4115.465
2025-05-17 11:00:00;NORDESTE;SUDESTE/CENTRO-OESTE;4112.517
2025-05-17 12:00:00;NORDESTE;SUDESTE/CENTRO-OESTE;3664.053
2025-05-17 13:00:00;NORDESTE;SUDESTE/CENTRO-OESTE;4020.087
2025-05-17 14:00:00;NORDESTE;SUDESTE/CENTRO-OESTE;4763.06099999
2025-05-17 15:00:00;NORDESTE;SUDESTE/CENTRO-OESTE;5503.6
2025-05-17 16:00:00;NORDESTE;SUDESTE/CENTRO-OESTE;5853.802
2025-05-17 17:00:00;NORDESTE;SUDESTE/CENTRO-OESTE;6199.823
2025-05-17 18:00:00;NORDESTE;SUDESTE/CENTRO-OESTE;6714.027
2025-05-17 19:00:00;NORDESTE;SUDESTE/CENTRO-OESTE;6679.804
2025-05-17 20:00:00;NORDESTE;SUDESTE/CENTRO-OESTE;6580.375
2025-05-17 21:00:00;NORDESTE;SUDESTE/CENTRO-OESTE;6566.749
2025-05-17 22:00:00;NORDESTE;SUDESTE/CENTRO-OESTE;6498.104
2025-05-17 23:00:00;NORDESTE;SUDESTE/CENTRO-OESTE;6162.614
2025-05-18 00:00:00;NORDESTE;SUDESTE/CENTRO-OESTE;6052.722
2025-05-18 01:00:00;NORDESTE;SUDESTE/CENTRO-OESTE;6484.212
2025-05-18 02:00:00;NORDESTE;SUDESTE/CENTRO-OESTE;6479.824
2025-05-18 03:00:00;NORDESTE;SUDESTE/CENTRO-OESTE;6344.25
2025-05-18 04:00:00;NORDESTE;SUDESTE/CENTRO-OESTE;6569.895
2025-05-18 05:00:00;NORDESTE;SUDESTE/CENTRO-OESTE;6530.467
2025-05-18 06:00:00;NORDESTE;SUDESTE/CENTRO-OESTE;6412.238
2025-05-18 07:00:00;NORDESTE;SUDESTE/CENTRO-OESTE;5589.434
2025-05-18 08:00:00;NORDESTE;SUDESTE/CENTRO-OESTE;4337.954
2025-05-18 09:00:00;NORDESTE;SUDESTE/CENTRO-OESTE;3230.847
2025-05-18 10:00:00;NORDESTE;SUDESTE/CENTRO-OESTE;2363.664
2025-05-18 11:00:00;NORDESTE;SUDESTE/CENTRO-OESTE;2393.951
2025-05-18 12:00:00;NORDESTE;SUDESTE/CENTRO-OESTE;2133.677
2025-05-18 13:00:00;NORDESTE;SUDESTE/CENTRO-OESTE;2081.55499999
2025-05-18 14:00:00;NORDESTE;SUDESTE/CENTRO-OESTE;3125.149
2025-05-18 15:00:00;NORDESTE;SUDESTE/CENTRO-OESTE;4331.403
2025-05-18 16:00:00;NORDESTE;SUDESTE/CENTRO-OESTE;4473.117
2025-05-18 17:00:00;NORDESTE;SUDESTE/CENTRO-OESTE;5306.526
2025-05-18 18:00:00;NORDESTE;SUDESTE/CENTRO-OESTE;6429.301
2025-05-18 19:00:00;NORDESTE;SUDESTE/CENTRO-OESTE;6386.069
2025-05-18 20:00:00;NORDESTE;SUDESTE/CENTRO-OESTE;6556.144
2025-05-18 21:00:00;NORDESTE;SUDESTE/CENTRO-OESTE;6257.595
2025-05-18 22:00:00;NORDESTE;SUDESTE/CENTRO-OESTE;6009.556
2025-05-18 23:00:00;NORDESTE;SUDESTE/CENTRO-OESTE;5625.768
2025-05-19 00:00:00;NORDESTE;SUDESTE/CENTRO-OESTE;5617.512
2025-05-19 01:00:00;NORDESTE;SUDESTE/CENTRO-OESTE;5557.686
2025-05-19 02:00:00;NORDESTE;SUDESTE/CENTRO-OESTE;5459.245
2025-05-19 03:00:00;NORDESTE;SUDESTE/CENTRO-OESTE;5522.835
2025-05-19 04:00:00;NORDESTE;SUDESTE/CENTRO-OESTE;5644.56
2025-05-19 05:00:00;NORDESTE;SUDESTE/CENTRO-OESTE;5900.86
2025-05-19 06:00:00;NORDESTE;SUDESTE/CENTRO-OESTE;6229.279
2025-05-19 07:00:00;NORDESTE;SUDESTE/CENTRO-OESTE;5646.757
2025-05-19 08:00:00;NORDESTE;SUDESTE/CENTRO-OESTE;5238.059
2025-05-19 09:00:00;NORDESTE;SUDESTE/CENTRO-OESTE;5474.049
2025-05-19 10:00:00;NORDESTE;SUDESTE/CENTRO-OESTE;5038.049
2025-05-19 11:00:00;NORDESTE;SUDESTE/CENTRO-OESTE;4745.062
2025-05-19 12:00:00;NORDESTE;SUDESTE/CENTRO-OESTE;4500.972
2025-05-19 13:00:00;NORDESTE;SUDESTE/CENTRO-OESTE;4134.323
2025-05-19 14:00:00;NORDESTE;SUDESTE/CENTRO-OESTE;3452.173
2025-05-19 15:00:00;NORDESTE;SUDESTE/CENTRO-OESTE;3616.331
2025-05-19 16:00:00;NORDESTE;SUDESTE/CENTRO-OESTE;4101.718
2025-05-19 17:00:00;NORDESTE;SUDESTE/CENTRO-OESTE;4652.798
2025-05-19 18:00:00;NORDESTE;SUDESTE/CENTRO-OESTE;5703.492
2025-05-19 19:00:00;NORDESTE;SUDESTE/CENTRO-OESTE;5899.732
2025-05-19 20:00:00;NORDESTE;SUDESTE/CENTRO-OESTE;6232.636
2025-05-19 21:00:00;NORDESTE;SUDESTE/CENTRO-OESTE;6400.633
2025-05-19 22:00:00;NORDESTE;SUDESTE/CENTRO-OESTE;6371.373
2025-05-19 23:00:00;NORDESTE;SUDESTE/CENTRO-OESTE;6165.939
2025-05-20 00:00:00;NORDESTE;SUDESTE/CENTRO-OESTE;5820.648
2025-05-20 01:00:00;NORDESTE;SUDESTE/CENTRO-OESTE;5730.272
2025-05-20 02:00:00;NORDESTE;SUDESTE/CENTRO-OESTE;5590.507
2025-05-20 03:00:00;NORDESTE;SUDESTE/CENTRO-OESTE;5557.871
2025-05-20 04:00:00;NORDESTE;SUDESTE/CENTRO-OESTE;5553.941
2025-05-20 05:00:00;NORDESTE;SUDESTE/CENTRO-OESTE;5930.328
2025-05-20 06:00:00;NORDESTE;SUDESTE/CENTRO-OESTE;5917.795
2025-05-20 07:00:00;NORDESTE;SUDESTE/CENTRO-OESTE;5356.573
2025-05-20 08:00:00;NORDESTE;SUDESTE/CENTRO-OESTE;5331.421
2025-05-20 09:00:00;NORDESTE;SUDESTE/CENTRO-OESTE;4732.461
2025-05-20 10:00:00;NORDESTE;SUDESTE/CENTRO-OESTE;4191.018
2025-05-20 11:00:00;NORDESTE;SUDESTE/CENTRO-OESTE;3882.643
2025-05-20 12:00:00;NORDESTE;SUDESTE/CENTRO-OESTE;3462.229
2025-05-20 13:00:00;NORDESTE;SUDESTE/CENTRO-OESTE;3236.005
2025-05-20 14:00:00;NORDESTE;SUDESTE/CENTRO-OESTE;2690.175
2025-05-20 15:00:00;NORDESTE;SUDESTE/CENTRO-OESTE;2416.389
2025-05-20 16:00:00;NORDESTE;SUDESTE/CENTRO-OESTE;2578.42999999
2025-05-20 17:00:00;NORDESTE;SUDESTE/CENTRO-OESTE;2444.477
2025-05-20 18:00:00;NORDESTE;SUDESTE/CENTRO-OESTE;3858.281
2025-05-20 19:00:00;NORDESTE;SUDESTE/CENTRO-OESTE;5105.236
2025-05-20 20:00:00;NORDESTE;SUDESTE/CENTRO-OESTE;5599.054
2025-05-20 21:00:00;NORDESTE;SUDESTE/CENTRO-OESTE;5635.134
2025-05-20 22:00:00;NORDESTE;SUDESTE/CENTRO-OESTE;5543.196
2025-05-20 23:00:00;NORDESTE;SUDESTE/CENTRO-OESTE;5284.379
2025-05-21 00:00:00;NORDESTE;SUDESTE/CENTRO-OESTE;5096.895
2025-05-21 01:00:00;NORDESTE;SUDESTE/CENTRO-OESTE;5326.944
2025-05-21 02:00:00;NORDESTE;SUDESTE/CENTRO-OESTE;5246.517
2025-05-21 03:00:00;NORDESTE;SUDESTE/CENTRO-OESTE;5145.863
2025-05-21 04:00:00;NORDESTE;SUDESTE/CENTRO-OESTE;5066.60099999
2025-05-21 05:00:00;NORDESTE;SUDESTE/CENTRO-OESTE;5580.749
2025-05-21 06:00:00;NORDESTE;SUDESTE/CENTRO-OESTE;6059.975
2025-05-21 07:00:00;NORDESTE;SUDESTE/CENTRO-OESTE;5890.346
2025-05-21 08:00:00;NORDESTE;SUDESTE/CENTRO-OESTE;6084.611
2025-05-21 09:00:00;NORDESTE;SUDESTE/CENTRO-OESTE;6305.533
2025-05-21 10:00:00;NORDESTE;SUDESTE/CENTRO-OESTE;5458.05199999
2025-05-21 11:00:00;NORDESTE;SUDESTE/CENTRO-OESTE;4730.46
2025-05-21 12:00:00;NORDESTE;SUDESTE/CENTRO-OESTE;3910.666
2025-05-21 13:00:00;NORDESTE;SUDESTE/CENTRO-OESTE;3397.695
2025-05-21 14:00:00;NORDESTE;SUDESTE/CENTRO-OESTE;3048.646
2025-05-21 15:00:00;NORDESTE;SUDESTE/CENTRO-OESTE;3135.383
2025-05-21 16:00:00;NORDESTE;SUDESTE/CENTRO-OESTE;3840.463
2025-05-21 17:00:00;NORDESTE;SUDESTE/CENTRO-OESTE;4696.462
2025-05-21 18:00:00;NORDESTE;SUDESTE/CENTRO-OESTE;6204.954
2025-05-21 19:00:00;NORDESTE;SUDESTE/CENTRO-OESTE;6659.552
2025-05-21 20:00:00;NORDESTE;SUDESTE/CENTRO-OESTE;6608.28
2025-05-21 21:00:00;NORDESTE;SUDESTE/CENTRO-OESTE;6369.133
2025-05-21 22:00:00;NORDESTE;SUDESTE/CENTRO-OESTE;6255.093
2025-05-21 23:00:00;NORDESTE;SUDESTE/CENTRO-OESTE;6128.114
2025-05-22 00:00:00;NORDESTE;SUDESTE/CENTRO-OESTE;6272.137
2025-05-22 01:00:00;NORDESTE;SUDESTE/CENTRO-OESTE;5841.304
2025-05-22 02:00:00;NORDESTE;SUDESTE/CENTRO-OESTE;5864.729
2025-05-22 03:00:00;NORDESTE;SUDESTE/CENTRO-OESTE;6232.817
2025-05-22 04:00:00;NORDESTE;SUDESTE/CENTRO-OESTE;6376.752
2025-05-22 05:00:00;NORDESTE;SUDESTE/CENTRO-OESTE;6364.913
2025-05-22 06:00:00;NORDESTE;SUDESTE/CENTRO-OESTE;6242.304
2025-05-22 07:00:00;NORDESTE;SUDESTE/CENTRO-OESTE;6322.666
2025-05-22 08:00:00;NORDESTE;SUDESTE/CENTRO-OESTE;6226.074
2025-05-22 09:00:00;NORDESTE;SUDESTE/CENTRO-OESTE;5394.273
2025-05-22 10:00:00;NORDESTE;SUDESTE/CENTRO-OESTE;4571.011
2025-05-22 11:00:00;NORDESTE;SUDESTE/CENTRO-OESTE;4433.607
2025-05-22 12:00:00;NORDESTE;SUDESTE/CENTRO-OESTE;3839.292
2025-05-22 13:00:00;NORDESTE;SUDESTE/CENTRO-OESTE;3539.686
2025-05-22 14:00:00;NORDESTE;SUDESTE/CENTRO-OESTE;2979.105
2025-05-22 15:00:00;NORDESTE;SUDESTE/CENTRO-OESTE;3346.195
2025-05-22 16:00:00;NORDESTE;SUDESTE/CENTRO-OESTE;3675.468
2025-05-22 17:00:00;NORDESTE;SUDESTE/CENTRO-OESTE;3886.39
2025-05-22 18:00:00;NORDESTE;SUDESTE/CENTRO-OESTE;5727.929
2025-05-22 19:00:00;NORDESTE;SUDESTE/CENTRO-OESTE;6382.846
2025-05-22 20:00:00;NORDESTE;SUDESTE/CENTRO-OESTE;6493.212
2025-05-22 21:00:00;NORDESTE;SUDESTE/CENTRO-OESTE;6450.809
2025-05-22 22:00:00;NORDESTE;SUDESTE/CENTRO-OESTE;6600.3
2025-05-22 23:00:00;NORDESTE;SUDESTE/CENTRO-OESTE;6209.825
2025-05-23 00:00:00;NORDESTE;SUDESTE/CENTRO-OESTE;6281.861
2025-05-23 01:00:00;NORDESTE;SUDESTE/CENTRO-OESTE;6488.769
2025-05-23 02:00:00;NORDESTE;SUDESTE/CENTRO-OESTE;6404.855
2025-05-23 03:00:00;NORDESTE;SUDESTE/CENTRO-OESTE;6336.561
2025-05-23 04:00:00;NORDESTE;SUDESTE/CENTRO-OESTE;6368.039
2025-05-23 05:00:00;NORDESTE;SUDESTE/CENTRO-OESTE;6426.799
2025-05-23 06:00:00;NORDESTE;SUDESTE/CENTRO-OESTE;6485.809
2025-05-23 07:00:00;NORDESTE;SUDESTE/CENTRO-OESTE;6240.698
2025-05-23 08:00:00;NORDESTE;SUDESTE/CENTRO-OESTE;5401.381
2025-05-23 09:00:00;NORDESTE;SUDESTE/CENTRO-OESTE;4898.61899999
2025-05-23 10:00:00;NORDESTE;SUDESTE/CENTRO-OESTE;4040.11
2025-05-23 11:00:00;NORDESTE;SUDESTE/CENTRO-OESTE;3525.723
2025-05-23 12:00:00;NORDESTE;SUDESTE/CENTRO-OESTE;3036.163
2025-05-23 13:00:00;NORDESTE;SUDESTE/CENTRO-OESTE;2843.064
2025-05-23 14:00:00;NORDESTE;SUDESTE/CENTRO-OESTE;2219.186
2025-05-23 15:00:00;NORDESTE;SUDESTE/CENTRO-OESTE;2296.12199999
2025-05-23 16:00:00;NORDESTE;SUDESTE/CENTRO-OESTE;2033.89
2025-05-23 17:00:00;NORDESTE;SUDESTE/CENTRO-OESTE;2544.193
2025-05-23 18:00:00;NORDESTE;SUDESTE/CENTRO-OESTE;4817.79699999
2025-05-23 19:00:00;NORDESTE;SUDESTE/CENTRO-OESTE;6159.907
2025-05-23 20:00:00;NORDESTE;SUDESTE/CENTRO-OESTE;6544.043
2025-05-23 21:00:00;NORDESTE;SUDESTE/CENTRO-OESTE;6347.98
2025-05-23 22:00:00;NORDESTE;SUDESTE/CENTRO-OESTE;6526.294
2025-05-23 23:00:00;NORDESTE;SUDESTE/CENTRO-OESTE;6301.887
2025-05-24 00:00:00;NORDESTE;SUDESTE/CENTRO-OESTE;6071.401
2025-05-24 01:00:00;NORDESTE;SUDESTE/CENTRO-OESTE;5836.817
2025-05-24 02:00:00;NORDESTE;SUDESTE/CENTRO-OESTE;6131.653
2025-05-24 03:00:00;NORDESTE;SUDESTE/CENTRO-OESTE;5905.403
2025-05-24 04:00:00;NORDESTE;SUDESTE/CENTRO-OESTE;6008.114
2025-05-24 05:00:00;NORDESTE;SUDESTE/CENTRO-OESTE;6227.243
2025-05-24 06:00:00;NORDESTE;SUDESTE/CENTRO-OESTE;6471.788
2025-05-24 07:00:00;NORDESTE;SUDESTE/CENTRO-OESTE;6457.743
2025-05-24 08:00:00;NORDESTE;SUDESTE/CENTRO-OESTE;5464.559
2025-05-24 09:00:00;NORDESTE;SUDESTE/CENTRO-OESTE;4882.541
2025-05-24 10:00:00;NORDESTE;SUDESTE/CENTRO-OESTE;3687.581
2025-05-24 11:00:00;NORDESTE;SUDESTE/CENTRO-OESTE;3353.584
2025-05-24 12:00:00;NORDESTE;SUDESTE/CENTRO-OESTE;2980.579
2025-05-24 13:00:00;NORDESTE;SUDESTE/CENTRO-OESTE;2543.995
2025-05-24 14:00:00;NORDESTE;SUDESTE/CENTRO-OESTE;2396.158
2025-05-24 15:00:00;NORDESTE;SUDESTE/CENTRO-OESTE;3146.743
2025-05-24 16:00:00;NORDESTE;SUDESTE/CENTRO-OESTE;3739.81
2025-05-24 17:00:00;NORDESTE;SUDESTE/CENTRO-OESTE;3839.103
2025-05-24 18:00:00;NORDESTE;SUDESTE/CENTRO-OESTE;4671.265
2025-05-24 19:00:00;NORDESTE;SUDESTE/CENTRO-OESTE;6122.229
2025-05-24 20:00:00;NORDESTE;SUDESTE/CENTRO-OESTE;6415.913
2025-05-24 21:00:00;NORDESTE;SUDESTE/CENTRO-OESTE;6293.752
2025-05-24 22:00:00;NORDESTE;SUDESTE/CENTRO-OESTE;5937.239
2025-05-24 23:00:00;NORDESTE;SUDESTE/CENTRO-OESTE;5420.908
2025-05-25 00:00:00;NORDESTE;SUDESTE/CENTRO-OESTE;5416.987
2025-05-25 01:00:00;NORDESTE;SUDESTE/CENTRO-OESTE;5877.503
2025-05-25 02:00:00;NORDESTE;SUDESTE/CENTRO-OESTE;6007.13
2025-05-25 03:00:00;NORDESTE;SUDESTE/CENTRO-OESTE;6223.151
2025-05-25 04:00:00;NORDESTE;SUDESTE/CENTRO-OESTE;6304.93
2025-05-25 05:00:00;NORDESTE;SUDESTE/CENTRO-OESTE;6321.849
2025-05-25 06:00:00;NORDESTE;SUDESTE/CENTRO-OESTE;6267.634
2025-05-25 07:00:00;NORDESTE;SUDESTE/CENTRO-OESTE;5427.40899999
2025-05-25 08:00:00;NORDESTE;SUDESTE/CENTRO-OESTE;3458.948
2025-05-25 09:00:00;NORDESTE;SUDESTE/CENTRO-OESTE;2018.407
2025-05-25 10:00:00;NORDESTE;SUDESTE/CENTRO-OESTE;1384.299
2025-05-25 11:00:00;NORDESTE;SUDESTE/CENTRO-OESTE;1324.813
2025-05-25 12:00:00;NORDESTE;SUDESTE/CENTRO-OESTE;1261.887
2025-05-25 13:00:00;NORDESTE;SUDESTE/CENTRO-OESTE;1431.108
2025-05-25 14:00:00;NORDESTE;SUDESTE/CENTRO-OESTE;1631.882
2025-05-25 15:00:00;NORDESTE;SUDESTE/CENTRO-OESTE;2463.06599999
2025-05-25 16:00:00;NORDESTE;SUDESTE/CENTRO-OESTE;4539.765
2025-05-25 17:00:00;NORDESTE;SUDESTE/CENTRO-OESTE;4613.368
2025-05-25 18:00:00;NORDESTE;SUDESTE/CENTRO-OESTE;6388.082
2025-05-25 19:00:00;NORDESTE;SUDESTE/CENTRO-OESTE;6464.148
2025-05-25 20:00:00;NORDESTE;SUDESTE/CENTRO-OESTE;6365.72
2025-05-25 21:00:00;NORDESTE;SUDESTE/CENTRO-OESTE;6018.509
2025-05-25 22:00:00;NORDESTE;SUDESTE/CENTRO-OESTE;6244.598
2025-05-25 23:00:00;NORDESTE;SUDESTE/CENTRO-OESTE;6040.64
2025-05-26 00:00:00;NORDESTE;SUDESTE/CENTRO-OESTE;6192.418
2025-05-26 01:00:00;NORDESTE;SUDESTE/CENTRO-OESTE;5945.184
2025-05-26 02:00:00;NORDESTE;SUDESTE/CENTRO-OESTE;5726.374
2025-05-26 03:00:00;NORDESTE;SUDESTE/CENTRO-OESTE;5875.374
2025-05-26 04:00:00;NORDESTE;SUDESTE/CENTRO-OESTE;6139.675
2025-05-26 05:00:00;NORDESTE;SUDESTE/CENTRO-OESTE;6200.304
2025-05-26 06:00:00;NORDESTE;SUDESTE/CENTRO-OESTE;6306.378
2025-05-26 07:00:00;NORDESTE;SUDESTE/CENTRO-OESTE;5888.663
2025-05-26 08:00:00;NORDESTE;SUDESTE/CENTRO-OESTE;5760.569
2025-05-26 09:00:00;NORDESTE;SUDESTE/CENTRO-OESTE;6076.821
2025-05-26 10:00:00;NORDESTE;SUDESTE/CENTRO-OESTE;5064.077
2025-05-26 11:00:00;NORDESTE;SUDESTE/CENTRO-OESTE;4266.32
2025-05-26 12:00:00;NORDESTE;SUDESTE/CENTRO-OESTE;3837.064
2025-05-26 13:00:00;NORDESTE;SUDESTE/CENTRO-OESTE;4338.34599999
2025-05-26 14:00:00;NORDESTE;SUDESTE/CENTRO-OESTE;4898.982
2025-05-26 15:00:00;NORDESTE;SUDESTE/CENTRO-OESTE;4576.71
2025-05-26 16:00:00;NORDESTE;SUDESTE/CENTRO-OESTE;4450.519
2025-05-26 17:00:00;NORDESTE;SUDESTE/CENTRO-OESTE;4808.184
2025-05-26 18:00:00;NORDESTE;SUDESTE/CENTRO-OESTE;6297.136
2025-05-26 19:00:00;NORDESTE;SUDESTE/CENTRO-OESTE;6090.445
2025-05-26 20:00:00;NORDESTE;SUDESTE/CENTRO-OESTE;6544.416
2025-05-26 21:00:00;NORDESTE;SUDESTE/CENTRO-OESTE;6381.995
2025-05-26 22:00:00;NORDESTE;SUDESTE/CENTRO-OESTE;6531.201
2025-05-26 23:00:00;NORDESTE;SUDESTE/CENTRO-OESTE;6285.836
2025-05-27 00:00:00;NORDESTE;SUDESTE/CENTRO-OESTE;5535.024
2025-05-27 01:00:00;NORDESTE;SUDESTE/CENTRO-OESTE;5446.901
2025-05-27 02:00:00;NORDESTE;SUDESTE/CENTRO-OESTE;5846.577
2025-05-27 03:00:00;NORDESTE;SUDESTE/CENTRO-OESTE;5999.499
2025-05-27 04:00:00;NORDESTE;SUDESTE/CENTRO-OESTE;5712.219
2025-05-27 05:00:00;NORDESTE;SUDESTE/CENTRO-OESTE;5938.794
2025-05-27 06:00:00;NORDESTE;SUDESTE/CENTRO-OESTE;6399.582
2025-05-27 07:00:00;NORDESTE;SUDESTE/CENTRO-OESTE;6454.505
2025-05-27 08:00:00;NORDESTE;SUDESTE/CENTRO-OESTE;6158.189
2025-05-27 09:00:00;NORDESTE;SUDESTE/CENTRO-OESTE;5200.755
2025-05-27 10:00:00;NORDESTE;SUDESTE/CENTRO-OESTE;4862.071
2025-05-27 11:00:00;NORDESTE;SUDESTE/CENTRO-OESTE;4745.86399999
2025-05-27 12:00:00;NORDESTE;SUDESTE/CENTRO-OESTE;4663.602
2025-05-27 13:00:00;NORDESTE;SUDESTE/CENTRO-OESTE;4753.522
2025-05-27 14:00:00;NORDESTE;SUDESTE/CENTRO-OESTE;4304.621
2025-05-27 15:00:00;NORDESTE;SUDESTE/CENTRO-OESTE;4548.575
2025-05-27 16:00:00;NORDESTE;SUDESTE/CENTRO-OESTE;5556.237
2025-05-27 17:00:00;NORDESTE;SUDESTE/CENTRO-OESTE;5330.618
2025-05-27 18:00:00;NORDESTE;SUDESTE/CENTRO-OESTE;6168.527
2025-05-27 19:00:00;NORDESTE;SUDESTE/CENTRO-OESTE;6716.625
2025-05-27 20:00:00;NORDESTE;SUDESTE/CENTRO-OESTE;6237.924
2025-05-27 21:00:00;NORDESTE;SUDESTE/CENTRO-OESTE;6350.353
2025-05-27 22:00:00;NORDESTE;SUDESTE/CENTRO-OESTE;6263.639
2025-05-27 23:00:00;NORDESTE;SUDESTE/CENTRO-OESTE;6403.796
2025-05-28 00:00:00;NORDESTE;SUDESTE/CENTRO-OESTE;6412.5
2025-05-28 01:00:00;NORDESTE;SUDESTE/CENTRO-OESTE;6388.917
2025-05-28 02:00:00;NORDESTE;SUDESTE/CENTRO-OESTE;6060.838
2025-05-28 03:00:00;NORDESTE;SUDESTE/CENTRO-OESTE;6119.058
2025-05-28 04:00:00;NORDESTE;SUDESTE/CENTRO-OESTE;6267.751
2025-05-28 05:00:00;NORDESTE;SUDESTE/CENTRO-OESTE;6532.277
2025-05-28 06:00:00;NORDESTE;SUDESTE/CENTRO-OESTE;6565.81
2025-05-28 07:00:00;NORDESTE;SUDESTE/CENTRO-OESTE;5864.046
2025-05-28 08:00:00;NORDESTE;SUDESTE/CENTRO-OESTE;6579.248
2025-05-28 09:00:00;NORDESTE;SUDESTE/CENTRO-OESTE;6499.412
2025-05-28 10:00:00;NORDESTE;SUDESTE/CENTRO-OESTE;6335.461
2025-05-28 11:00:00;NORDESTE;SUDESTE/CENTRO-OESTE;6180.293
2025-05-28 12:00:00;NORDESTE;SUDESTE/CENTRO-OESTE;6359.226
2025-05-28 13:00:00;NORDESTE;SUDESTE/CENTRO-OESTE;5554.127
2025-05-28 14:00:00;NORDESTE;SUDESTE/CENTRO-OESTE;4810.40899999
2025-05-28 15:00:00;NORDESTE;SUDESTE/CENTRO-OESTE;4234.29299999
2025-05-28 16:00:00;NORDESTE;SUDESTE/CENTRO-OESTE;3376.972
2025-05-28 17:00:00;NORDESTE;SUDESTE/CENTRO-OESTE;2647.989
2025-05-28 18:00:00;NORDESTE;SUDESTE/CENTRO-OESTE;5117.521
2025-05-28 19:00:00;NORDESTE;SUDESTE/CENTRO-OESTE;6356.871
2025-05-28 20:00:00;NORDESTE;SUDESTE/CENTRO-OESTE;6249.665
2025-05-28 21:00:00;NORDESTE;SUDESTE/CENTRO-OESTE;6202.151
2025-05-28 22:00:00;NORDESTE;SUDESTE/CENTRO-OESTE;6317.38
2025-05-28 23:00:00;NORDESTE;SUDESTE/CENTRO-OESTE;5762.577
2025-05-29 00:00:00;NORDESTE;SUDESTE/CENTRO-OESTE;5444.759
2025-05-29 01:00:00;NORDESTE;SUDESTE/CENTRO-OESTE;4876.317
2025-05-29 02:00:00;NORDESTE;SUDESTE/CENTRO-OESTE;4463.08299999
2025-05-29 03:00:00;NORDESTE;SUDESTE/CENTRO-OESTE;4711.00699999
2025-05-29 04:00:00;NORDESTE;SUDESTE/CENTRO-OESTE;4681.135
2025-05-29 05:00:00;NORDESTE;SUDESTE/CENTRO-OESTE;4141.262
2025-05-29 06:00:00;NORDESTE;SUDESTE/CENTRO-OESTE;4695.894
2025-05-29 07:00:00;NORDESTE;SUDESTE/CENTRO-OESTE;5832.308
2025-05-29 08:00:00;NORDESTE;SUDESTE/CENTRO-OESTE;6677.113
2025-05-29 09:00:00;NORDESTE;SUDESTE/CENTRO-OESTE;6538.597
2025-05-29 10:00:00;NORDESTE;SUDESTE/CENTRO-OESTE;5283.398
2025-05-29 11:00:00;NORDESTE;SUDESTE/CENTRO-OESTE;5035.256
2025-05-29 12:00:00;NORDESTE;SUDESTE/CENTRO-OESTE;4253.06099999
2025-05-29 13:00:00;NORDESTE;SUDESTE/CENTRO-OESTE;3713.916
2025-05-29 14:00:00;NORDESTE;SUDESTE/CENTRO-OESTE;3388.658
2025-05-29 15:00:00;NORDESTE;SUDESTE/CENTRO-OESTE;1890.335
2025-05-29 16:00:00;NORDESTE;SUDESTE/CENTRO-OESTE;1639.434
2025-05-29 17:00:00;NORDESTE;SUDESTE/CENTRO-OESTE;2345.918
2025-05-29 18:00:00;NORDESTE;SUDESTE/CENTRO-OESTE;4552.402
2025-05-29 19:00:00;NORDESTE;SUDESTE/CENTRO-OESTE;4955.789
2025-05-29 20:00:00;NORDESTE;SUDESTE/CENTRO-OESTE;5319.04699999
2025-05-29 21:00:00;NORDESTE;SUDESTE/CENTRO-OESTE;5719.663
2025-05-29 22:00:00;NORDESTE;SUDESTE/CENTRO-OESTE;6107.276
2025-05-29 23:00:00;NORDESTE;SUDESTE/CENTRO-OESTE;5634.434
2025-05-30 00:00:00;NORDESTE;SUDESTE/CENTRO-OESTE;4701.335
2025-05-30 01:00:00;NORDESTE;SUDESTE/CENTRO-OESTE;4457.24399999
2025-05-30 02:00:00;NORDESTE;SUDESTE/CENTRO-OESTE;3891.067
2025-05-30 03:00:00;NORDESTE;SUDESTE/CENTRO-OESTE;3618.376
2025-05-30 04:00:00;NORDESTE;SUDESTE/CENTRO-OESTE;3321.634
2025-05-30 05:00:00;NORDESTE;SUDESTE/CENTRO-OESTE;3664.444
2025-05-30 06:00:00;NORDESTE;SUDESTE/CENTRO-OESTE;4425.479
2025-05-30 07:00:00;NORDESTE;SUDESTE/CENTRO-OESTE;5019.317
2025-05-30 08:00:00;NORDESTE;SUDESTE/CENTRO-OESTE;5624.045
2025-05-30 09:00:00;NORDESTE;SUDESTE/CENTRO-OESTE;5890.215
2025-05-30 10:00:00;NORDESTE;SUDESTE/CENTRO-OESTE;4277.738
2025-05-30 11:00:00;NORDESTE;SUDESTE/CENTRO-OESTE;3241.051
2025-05-30 12:00:00;NORDESTE;SUDESTE/CENTRO-OESTE;2816.043
2025-05-30 13:00:00;NORDESTE;SUDESTE/CENTRO-OESTE;2309.773
2025-05-30 14:00:00;NORDESTE;SUDESTE/CENTRO-OESTE;2890.204
2025-05-30 15:00:00;NORDESTE;SUDESTE/CENTRO-OESTE;3341.076
2025-05-30 16:00:00;NORDESTE;SUDESTE/CENTRO-OESTE;3569.173
2025-05-30 17:00:00;NORDESTE;SUDESTE/CENTRO-OESTE;4133.91
2025-05-30 18:00:00;NORDESTE;SUDESTE/CENTRO-OESTE;5847.613
2025-05-30 19:00:00;NORDESTE;SUDESTE/CENTRO-OESTE;6386.684
2025-05-30 20:00:00;NORDESTE;SUDESTE/CENTRO-OESTE;6470.223
2025-05-30 21:00:00;NORDESTE;SUDESTE/CENTRO-OESTE;6350.181
2025-05-30 22:00:00;NORDESTE;SUDESTE/CENTRO-OESTE;5896.942
2025-05-30 23:00:00;NORDESTE;SUDESTE/CENTRO-OESTE;5485.559
2025-05-31 00:00:00;NORDESTE;SUDESTE/CENTRO-OESTE;4815.652
2025-05-31 01:00:00;NORDESTE;SUDESTE/CENTRO-OESTE;4235.987
2025-05-31 02:00:00;NORDESTE;SUDESTE/CENTRO-OESTE;4268.44899999
2025-05-31 03:00:00;NORDESTE;SUDESTE/CENTRO-OESTE;4452.704
2025-05-31 04:00:00;NORDESTE;SUDESTE/CENTRO-OESTE;4494.776
2025-05-31 05:00:00;NORDESTE;SUDESTE/CENTRO-OESTE;4717.307
2025-05-31 06:00:00;NORDESTE;SUDESTE/CENTRO-OESTE;5578.376
2025-05-31 07:00:00;NORDESTE;SUDESTE/CENTRO-OESTE;5936.759
2025-05-31 08:00:00;NORDESTE;SUDESTE/CENTRO-OESTE;5971.59
2025-05-31 09:00:00;NORDESTE;SUDESTE/CENTRO-OESTE;4909.897
2025-05-31 10:00:00;NORDESTE;SUDESTE/CENTRO-OESTE;3991.584
2025-05-31 11:00:00;NORDESTE;SUDESTE/CENTRO-OESTE;3424.512
2025-05-31 12:00:00;NORDESTE;SUDESTE/CENTRO-OESTE;3386.517
2025-05-31 13:00:00;NORDESTE;SUDESTE/CENTRO-OESTE;3929.774
2025-05-31 14:00:00;NORDESTE;SUDESTE/CENTRO-OESTE;4264.727
2025-05-31 15:00:00;NORDESTE;SUDESTE/CENTRO-OESTE;4851.02
2025-05-31 16:00:00;NORDESTE;SUDESTE/CENTRO-OESTE;5059.616
2025-05-31 17:00:00;NORDESTE;SUDESTE/CENTRO-OESTE;5204.151
2025-05-31 18:00:00;NORDESTE;SUDESTE/CENTRO-OESTE;6547.148
2025-05-31 19:00:00;NORDESTE;SUDESTE/CENTRO-OESTE;6553.045
2025-05-31 20:00:00;NORDESTE;SUDESTE/CENTRO-OESTE;6433.142
2025-05-31 21:00:00;NORDESTE;SUDESTE/CENTRO-OESTE;6273.138
2025-05-31 22:00:00;NORDESTE;SUDESTE/CENTRO-OESTE;6303.645
2025-05-31 23:00:00;NORDESTE;SUDESTE/CENTRO-OESTE;6078.616
2025-06-01 00:00:00;NORDESTE;SUDESTE/CENTRO-OESTE;5809.632
2025-06-01 01:00:00;NORDESTE;SUDESTE/CENTRO-OESTE;5977.384
2025-06-01 02:00:00;NORDESTE;SUDESTE/CENTRO-OESTE;5964.966
2025-06-01 03:00:00;NORDESTE;SUDESTE/CENTRO-OESTE;5826.228
2025-06-01 04:00:00;NORDESTE;SUDESTE/CENTRO-OESTE;5793.989
2025-06-01 05:00:00;NORDESTE;SUDESTE/CENTRO-OESTE;6101.424
2025-06-01 06:00:00;NORDESTE;SUDESTE/CENTRO-OESTE;6228.336
2025-06-01 07:00:00;NORDESTE;SUDESTE/CENTRO-OESTE;6043.957
2025-06-01 08:00:00;NORDESTE;SUDESTE/CENTRO-OESTE;4765.09
2025-06-01 09:00:00;NORDESTE;SUDESTE/CENTRO-OESTE;2985.092
2025-06-01 10:00:00;NORDESTE;SUDESTE/CENTRO-OESTE;2060.202
2025-06-01 11:00:00;NORDESTE;SUDESTE/CENTRO-OESTE;1729.495
2025-06-01 12:00:00;NORDESTE;SUDESTE/CENTRO-OESTE;1504.913
2025-06-01 13:00:00;NORDESTE;SUDESTE/CENTRO-OESTE;1405.356
2025-06-01 14:00:00;NORDESTE;SUDESTE/CENTRO-OESTE;2272.789
2025-06-01 15:00:00;NORDESTE;SUDESTE/CENTRO-OESTE;3791.612
2025-06-01 16:00:00;NORDESTE;SUDESTE/CENTRO-OESTE;4169.08299999
2025-06-01 17:00:00;NORDESTE;SUDESTE/CENTRO-OESTE;4519.122
2025-06-01 18:00:00;NORDESTE;SUDESTE/CENTRO-OESTE;5494.236
2025-06-01 19:00:00;NORDESTE;SUDESTE/CENTRO-OESTE;6158.685
2025-06-01 20:00:00;NORDESTE;SUDESTE/CENTRO-OESTE;6506.276
2025-06-01 21:00:00;NORDESTE;SUDESTE/CENTRO-OESTE;6319.046
2025-06-01 22:00:00;NORDESTE;SUDESTE/CENTRO-OESTE;5836.057
2025-06-01 23:00:00;NORDESTE;SUDESTE/CENTRO-OESTE;5556.68
2025-06-02 00:00:00;NORDESTE;SUDESTE/CENTRO-OESTE;5268.696
2025-06-02 01:00:00;NORDESTE;SUDESTE/CENTRO-OESTE;5364.626
2025-06-02 02:00:00;NORDESTE;SUDESTE/CENTRO-OESTE;5671.816
2025-06-02 03:00:00;NORDESTE;SUDESTE/CENTRO-OESTE;5791.448
2025-06-02 04:00:00;NORDESTE;SUDESTE/CENTRO-OESTE;5931.091
2025-06-02 05:00:00;NORDESTE;SUDESTE/CENTRO-OESTE;6146.674
2025-06-02 06:00:00;NORDESTE;SUDESTE/CENTRO-OESTE;6272.182
2025-06-02 07:00:00;NORDESTE;SUDESTE/CENTRO-OESTE;5761.291
2025-06-02 08:00:00;NORDESTE;SUDESTE/CENTRO-OESTE;5369.139
2025-06-02 09:00:00;NORDESTE;SUDESTE/CENTRO-OESTE;4931.868
2025-06-02 10:00:00;NORDESTE;SUDESTE/CENTRO-OESTE;4735.274
2025-06-02 11:00:00;NORDESTE;SUDESTE/CENTRO-OESTE;3902.911
2025-06-02 12:00:00;NORDESTE;SUDESTE/CENTRO-OESTE;4614.716
2025-06-02 13:00:00;NORDESTE;SUDESTE/CENTRO-OESTE;4964.262
2025-06-02 14:00:00;NORDESTE;SUDESTE/CENTRO-OESTE;5059.263
2025-06-02 15:00:00;NORDESTE;SUDESTE/CENTRO-OESTE;5301.755
2025-06-02 16:00:00;NORDESTE;SUDESTE/CENTRO-OESTE;5345.63199999
2025-06-02 17:00:00;NORDESTE;SUDESTE/CENTRO-OESTE;5904.038
2025-06-02 18:00:00;NORDESTE;SUDESTE/CENTRO-OESTE;6359.137
2025-06-02 19:00:00;NORDESTE;SUDESTE/CENTRO-OESTE;6505.681
2025-06-02 20:00:00;NORDESTE;SUDESTE/CENTRO-OESTE;5996.836
2025-06-02 21:00:00;NORDESTE;SUDESTE/CENTRO-OESTE;5974.133
2025-06-02 22:00:00;NORDESTE;SUDESTE/CENTRO-OESTE;6120.853
2025-06-02 23:00:00;NORDESTE;SUDESTE/CENTRO-OESTE;5803.829
2025-06-03 00:00:00;NORDESTE;SUDESTE/CENTRO-OESTE;5719.593
2025-06-03 01:00:00;NORDESTE;SUDESTE/CENTRO-OESTE;5593.261
2025-06-03 02:00:00;NORDESTE;SUDESTE/CENTRO-OESTE;5467.213
2025-06-03 03:00:00;NORDESTE;SUDESTE/CENTRO-OESTE;5738.398
2025-06-03 04:00:00;NORDESTE;SUDESTE/CENTRO-OESTE;6063.982
2025-06-03 05:00:00;NORDESTE;SUDESTE/CENTRO-OESTE;6242.937
2025-06-03 06:00:00;NORDESTE;SUDESTE/CENTRO-OESTE;6516.615
2025-06-03 07:00:00;NORDESTE;SUDESTE/CENTRO-OESTE;6149.274
2025-06-03 08:00:00;NORDESTE;SUDESTE/CENTRO-OESTE;6687.526
2025-06-03 09:00:00;NORDESTE;SUDESTE/CENTRO-OESTE;6263.476
2025-06-03 10:00:00;NORDESTE;SUDESTE/CENTRO-OESTE;6232.767
2025-06-03 11:00:00;NORDESTE;SUDESTE/CENTRO-OESTE;5928.79
2025-06-03 12:00:00;NORDESTE;SUDESTE/CENTRO-OESTE;5253.1
2025-06-03 13:00:00;NORDESTE;SUDESTE/CENTRO-OESTE;6023.889
2025-06-03 14:00:00;NORDESTE;SUDESTE/CENTRO-OESTE;6473.765
2025-06-03 15:00:00;NORDESTE;SUDESTE/CENTRO-OESTE;6023.684
2025-06-03 16:00:00;NORDESTE;SUDESTE/CENTRO-OESTE;5625.82
2025-06-03 17:00:00;NORDESTE;SUDESTE/CENTRO-OESTE;5757.32
2025-06-03 18:00:00;NORDESTE;SUDESTE/CENTRO-OESTE;6613.111
2025-06-03 19:00:00;NORDESTE;SUDESTE/CENTRO-OESTE;6414.946
2025-06-03 20:00:00;NORDESTE;SUDESTE/CENTRO-OESTE;6153.819
2025-06-03 21:00:00;NORDESTE;SUDESTE/CENTRO-OESTE;6197.828
2025-06-03 22:00:00;NORDESTE;SUDESTE/CENTRO-OESTE;6293.237
2025-06-03 23:00:00;NORDESTE;SUDESTE/CENTRO-OESTE;6257.204
2025-06-04 00:00:00;NORDESTE;SUDESTE/CENTRO-OESTE;6213.314
2025-06-04 01:00:00;NORDESTE;SUDESTE/CENTRO-OESTE;6171.926
2025-06-04 02:00:00;NORDESTE;SUDESTE/CENTRO-OESTE;6058.21
2025-06-04 03:00:00;NORDESTE;SUDESTE/CENTRO-OESTE;6070.697
2025-06-04 04:00:00;NORDESTE;SUDESTE/CENTRO-OESTE;6143.335
2025-06-04 05:00:00;NORDESTE;SUDESTE/CENTRO-OESTE;6245.458
2025-06-04 06:00:00;NORDESTE;SUDESTE/CENTRO-OESTE;6380.377
2025-06-04 07:00:00;NORDESTE;SUDESTE/CENTRO-OESTE;6361.459
2025-06-04 08:00:00;NORDESTE;SUDESTE/CENTRO-OESTE;6289.044
2025-06-04 09:00:00;NORDESTE;SUDESTE/CENTRO-OESTE;5398.67
2025-06-04 10:00:00;NORDESTE;SUDESTE/CENTRO-OESTE;4251.13
2025-06-04 11:00:00;NORDESTE;SUDESTE/CENTRO-OESTE;3287.527
2025-06-04 12:00:00;NORDESTE;SUDESTE/CENTRO-OESTE;3368.635
2025-06-04 13:00:00;NORDESTE;SUDESTE/CENTRO-OESTE;3660.95
2025-06-04 14:00:00;NORDESTE;SUDESTE/CENTRO-OESTE;3616.181
2025-06-04 15:00:00;NORDESTE;SUDESTE/CENTRO-OESTE;3831.637
2025-06-04 16:00:00;NORDESTE;SUDESTE/CENTRO-OESTE;4538.301
2025-06-04 17:00:00;NORDESTE;SUDESTE/CENTRO-OESTE;5101.338
2025-06-04 18:00:00;NORDESTE;SUDESTE/CENTRO-OESTE;6227.375
2025-06-04 19:00:00;NORDESTE;SUDESTE/CENTRO-OESTE;6327.411
2025-06-04 20:00:00;NORDESTE;SUDESTE/CENTRO-OESTE;6551.387
2025-06-04 21:00:00;NORDESTE;SUDESTE/CENTRO-OESTE;6466.079
2025-06-04 22:00:00;NORDESTE;SUDESTE/CENTRO-OESTE;6403.724
2025-06-04 23:00:00;NORDESTE;SUDESTE/CENTRO-OESTE;5946.086
2025-06-05 00:00:00;NORDESTE;SUDESTE/CENTRO-OESTE;5623.041
2025-06-05 01:00:00;NORDESTE;SUDESTE/CENTRO-OESTE;5450.948
2025-06-05 02:00:00;NORDESTE;SUDESTE/CENTRO-OESTE;5200.526
2025-06-05 03:00:00;NORDESTE;SUDESTE/CENTRO-OESTE;4824.46
2025-06-05 04:00:00;NORDESTE;SUDESTE/CENTRO-OESTE;5109.21
2025-06-05 05:00:00;NORDESTE;SUDESTE/CENTRO-OESTE;5396.529
2025-06-05 06:00:00;NORDESTE;SUDESTE/CENTRO-OESTE;5838.495
2025-06-05 07:00:00;NORDESTE;SUDESTE/CENTRO-OESTE;6477.761
2025-06-05 08:00:00;NORDESTE;SUDESTE/CENTRO-OESTE;6625.166
2025-06-05 09:00:00;NORDESTE;SUDESTE/CENTRO-OESTE;5967.39
2025-06-05 10:00:00;NORDESTE;SUDESTE/CENTRO-OESTE;5412.097
2025-06-05 11:00:00;NORDESTE;SUDESTE/CENTRO-OESTE;5338.569
2025-06-05 12:00:00;NORDESTE;SUDESTE/CENTRO-OESTE;5173.316
2025-06-05 13:00:00;NORDESTE;SUDESTE/CENTRO-OESTE;4864.64
2025-06-05 14:00:00;NORDESTE;SUDESTE/CENTRO-OESTE;4433.375
2025-06-05 15:00:00;NORDESTE;SUDESTE/CENTRO-OESTE;3941.412
2025-06-05 16:00:00;NORDESTE;SUDESTE/CENTRO-OESTE;3575.128
2025-06-05 17:00:00;NORDESTE;SUDESTE/CENTRO-OESTE;3950.565
2025-06-05 18:00:00;NORDESTE;SUDESTE/CENTRO-OESTE;5200.6
2025-06-05 19:00:00;NORDESTE;SUDESTE/CENTRO-OESTE;5370.55
2025-06-05 20:00:00;NORDESTE;SUDESTE/CENTRO-OESTE;5242.746
2025-06-05 21:00:00;NORDESTE;SUDESTE/CENTRO-OESTE;5026.501
2025-06-05 22:00:00;NORDESTE;SUDESTE/CENTRO-OESTE;5270.24799999
2025-06-05 23:00:00;NORDESTE;SUDESTE/CENTRO-OESTE;5234.999
2025-06-06 00:00:00;NORDESTE;SUDESTE/CENTRO-OESTE;5071.5
2025-06-06 01:00:00;NORDESTE;SUDESTE/CENTRO-OESTE;5159.049
2025-06-06 02:00:00;NORDESTE;SUDESTE/CENTRO-OESTE;5009.87299999
2025-06-06 03:00:00;NORDESTE;SUDESTE/CENTRO-OESTE;4931.47999999
2025-06-06 04:00:00;NORDESTE;SUDESTE/CENTRO-OESTE;5136.118
2025-06-06 05:00:00;NORDESTE;SUDESTE/CENTRO-OESTE;5303.863
2025-06-06 06:00:00;NORDESTE;SUDESTE/CENTRO-OESTE;6249.204
2025-06-06 07:00:00;NORDESTE;SUDESTE/CENTRO-OESTE;5719.821
2025-06-06 08:00:00;NORDESTE;SUDESTE/CENTRO-OESTE;6392.767
2025-06-06 09:00:00;NORDESTE;SUDESTE/CENTRO-OESTE;6364.663
2025-06-06 10:00:00;NORDESTE;SUDESTE/CENTRO-OESTE;6476.478
2025-06-06 11:00:00;NORDESTE;SUDESTE/CENTRO-OESTE;6257.955
2025-06-06 12:00:00;NORDESTE;SUDESTE/CENTRO-OESTE;5469.31099999
2025-06-06 13:00:00;NORDESTE;SUDESTE/CENTRO-OESTE;4764.332
2025-06-06 14:00:00;NORDESTE;SUDESTE/CENTRO-OESTE;4139.633
2025-06-06 15:00:00;NORDESTE;SUDESTE/CENTRO-OESTE;3648.037
2025-06-06 16:00:00;NORDESTE;SUDESTE/CENTRO-OESTE;3609.17
2025-06-06 17:00:00;NORDESTE;SUDESTE/CENTRO-OESTE;3322.01
2025-06-06 18:00:00;NORDESTE;SUDESTE/CENTRO-OESTE;4913.18599999
2025-06-06 19:00:00;NORDESTE;SUDESTE/CENTRO-OESTE;5321.466
2025-06-06 20:00:00;NORDESTE;SUDESTE/CENTRO-OESTE;5350.836
2025-06-06 21:00:00;NORDESTE;SUDESTE/CENTRO-OESTE;5186.789
2025-06-06 22:00:00;NORDESTE;SUDESTE/CENTRO-OESTE;5207.064
2025-06-06 23:00:00;NORDESTE;SUDESTE/CENTRO-OESTE;5402.41
2025-06-07 00:00:00;NORDESTE;SUDESTE/CENTRO-OESTE;5515.6
2025-06-07 01:00:00;NORDESTE;SUDESTE/CENTRO-OESTE;4944.49399999
2025-06-07 02:00:00;NORDESTE;SUDESTE/CENTRO-OESTE;4895.434
2025-06-07 03:00:00;NORDESTE;SUDESTE/CENTRO-OESTE;4872.261
2025-06-07 04:00:00;NORDESTE;SUDESTE/CENTRO-OESTE;4852.54699999
2025-06-07 05:00:00;NORDESTE;SUDESTE/CENTRO-OESTE;5275.349
2025-06-07 06:00:00;NORDESTE;SUDESTE/CENTRO-OESTE;6050.254
2025-06-07 07:00:00;NORDESTE;SUDESTE/CENTRO-OESTE;5888.423
2025-06-07 08:00:00;NORDESTE;SUDESTE/CENTRO-OESTE;5668.72
2025-06-07 09:00:00;NORDESTE;SUDESTE/CENTRO-OESTE;5664.981
2025-06-07 10:00:00;NORDESTE;SUDESTE/CENTRO-OESTE;5555.293
2025-06-07 11:00:00;NORDESTE;SUDESTE/CENTRO-OESTE;5386.955
2025-06-07 12:00:00;NORDESTE;SUDESTE/CENTRO-OESTE;5102.379
2025-06-07 13:00:00;NORDESTE;SUDESTE/CENTRO-OESTE;5389.028
2025-06-07 14:00:00;NORDESTE;SUDESTE/CENTRO-OESTE;5461.14099999
2025-06-07 15:00:00;NORDESTE;SUDESTE/CENTRO-OESTE;5079.303
2025-06-07 16:00:00;NORDESTE;SUDESTE/CENTRO-OESTE;5066.216
2025-06-07 17:00:00;NORDESTE;SUDESTE/CENTRO-OESTE;4880.54
2025-06-07 18:00:00;NORDESTE;SUDESTE/CENTRO-OESTE;6218.933
2025-06-07 19:00:00;NORDESTE;SUDESTE/CENTRO-OESTE;6660.367
2025-06-07 20:00:00;NORDESTE;SUDESTE/CENTRO-OESTE;6508.005
2025-06-07 21:00:00;NORDESTE;SUDESTE/CENTRO-OESTE;6473.51
2025-06-07 22:00:00;NORDESTE;SUDESTE/CENTRO-OESTE;6447.49
2025-06-07 23:00:00;NORDESTE;SUDESTE/CENTRO-OESTE;5692.386
2025-06-08 00:00:00;NORDESTE;SUDESTE/CENTRO-OESTE;5243.59199999
2025-06-08 01:00:00;NORDESTE;SUDESTE/CENTRO-OESTE;5413.484
2025-06-08 02:00:00;NORDESTE;SUDESTE/CENTRO-OESTE;6091.434
2025-06-08 03:00:00;NORDESTE;SUDESTE/CENTRO-OESTE;5875.816
2025-06-08 04:00:00;NORDESTE;SUDESTE/CENTRO-OESTE;5719.937
2025-06-08 05:00:00;NORDESTE;SUDESTE/CENTRO-OESTE;5818.87
2025-06-08 06:00:00;NORDESTE;SUDESTE/CENTRO-OESTE;5945.451
2025-06-08 07:00:00;NORDESTE;SUDESTE/CENTRO-OESTE;5647.297
2025-06-08 08:00:00;NORDESTE;SUDESTE/CENTRO-OESTE;5614.519
2025-06-08 09:00:00;NORDESTE;SUDESTE/CENTRO-OESTE;4592.645
2025-06-08 10:00:00;NORDESTE;SUDESTE/CENTRO-OESTE;4092.844
2025-06-08 11:00:00;NORDESTE;SUDESTE/CENTRO-OESTE;4108.838
2025-06-08 12:00:00;NORDESTE;SUDESTE/CENTRO-OESTE;3344.309
2025-06-08 13:00:00;NORDESTE;SUDESTE/CENTRO-OESTE;3034.897
2025-06-08 14:00:00;NORDESTE;SUDESTE/CENTRO-OESTE;3203.303
2025-06-08 15:00:00;NORDESTE;SUDESTE/CENTRO-OESTE;3182.028
2025-06-08 16:00:00;NORDESTE;SUDESTE/CENTRO-OESTE;3098.362
2025-06-08 17:00:00;NORDESTE;SUDESTE/CENTRO-OESTE;4065.277
2025-06-08 18:00:00;NORDESTE;SUDESTE/CENTRO-OESTE;5750.472
2025-06-08 19:00:00;NORDESTE;SUDESTE/CENTRO-OESTE;6460.864
2025-06-08 20:00:00;NORDESTE;SUDESTE/CENTRO-OESTE;6550.515
2025-06-08 21:00:00;NORDESTE;SUDESTE/CENTRO-OESTE;6470.648
2025-06-08 22:00:00;NORDESTE;SUDESTE/CENTRO-OESTE;6484.592
2025-06-08 23:00:00;NORDESTE;SUDESTE/CENTRO-OESTE;5854.416
2025-06-09 00:00:00;NORDESTE;SUDESTE/CENTRO-OESTE;4551.194
2025-06-09 01:00:00;NORDESTE;SUDESTE/CENTRO-OESTE;4660.169
2025-06-09 02:00:00;NORDESTE;SUDESTE/CENTRO-OESTE;4487.12299999
2025-06-09 03:00:00;NORDESTE;SUDESTE/CENTRO-OESTE;3829.146
2025-06-09 04:00:00;NORDESTE;SUDESTE/CENTRO-OESTE;2878.93
2025-06-09 05:00:00;NORDESTE;SUDESTE/CENTRO-OESTE;2601.645
2025-06-09 06:00:00;NORDESTE;SUDESTE/CENTRO-OESTE;3549.448
2025-06-09 07:00:00;NORDESTE;SUDESTE/CENTRO-OESTE;3953.418
2025-06-09 08:00:00;NORDESTE;SUDESTE/CENTRO-OESTE;3711.669
2025-06-09 09:00:00;NORDESTE;SUDESTE/CENTRO-OESTE;3604.924
2025-06-09 10:00:00;NORDESTE;SUDESTE/CENTRO-OESTE;2989.763
2025-06-09 11:00:00;NORDESTE;SUDESTE/CENTRO-OESTE;2440.402
2025-06-09 12:00:00;NORDESTE;SUDESTE/CENTRO-OESTE;2536.483
2025-06-09 13:00:00;NORDESTE;SUDESTE/CENTRO-OESTE;2605.88299999
2025-06-09 14:00:00;NORDESTE;SUDESTE/CENTRO-OESTE;2594.96999999
2025-06-09 15:00:00;NORDESTE;SUDESTE/CENTRO-OESTE;2212.327
2025-06-09 16:00:00;NORDESTE;SUDESTE/CENTRO-OESTE;1647.295
2025-06-09 17:00:00;NORDESTE;SUDESTE/CENTRO-OESTE;1608.294
2025-06-09 18:00:00;NORDESTE;SUDESTE/CENTRO-OESTE;3302.124
2025-06-09 19:00:00;NORDESTE;SUDESTE/CENTRO-OESTE;3984.55
2025-06-09 20:00:00;NORDESTE;SUDESTE/CENTRO-OESTE;3992.323
2025-06-09 21:00:00;NORDESTE;SUDESTE/CENTRO-OESTE;3877.912
2025-06-09 22:00:00;NORDESTE;SUDESTE/CENTRO-OESTE;3852.98
2025-06-09 23:00:00;NORDESTE;SUDESTE/CENTRO-OESTE;3775.624
2025-06-10 00:00:00;NORDESTE;SUDESTE/CENTRO-OESTE;2903.154
2025-06-10 01:00:00;NORDESTE;SUDESTE/CENTRO-OESTE;3052.365
2025-06-10 02:00:00;NORDESTE;SUDESTE/CENTRO-OESTE;2270.902
2025-06-10 03:00:00;NORDESTE;SUDESTE/CENTRO-OESTE;2005.5
2025-06-10 04:00:00;NORDESTE;SUDESTE/CENTRO-OESTE;1793.051
2025-06-10 05:00:00;NORDESTE;SUDESTE/CENTRO-OESTE;2096.889
2025-06-10 06:00:00;NORDESTE;SUDESTE/CENTRO-OESTE;3314.919
2025-06-10 07:00:00;NORDESTE;SUDESTE/CENTRO-OESTE;3800.214
2025-06-10 08:00:00;NORDESTE;SUDESTE/CENTRO-OESTE;3737.452
2025-06-10 09:00:00;NORDESTE;SUDESTE/CENTRO-OESTE;3601.403
2025-06-10 10:00:00;NORDESTE;SUDESTE/CENTRO-OESTE;2496.64399999
2025-06-10 11:00:00;NORDESTE;SUDESTE/CENTRO-OESTE;2155.0
2025-06-10 12:00:00;NORDESTE;SUDESTE/CENTRO-OESTE;2100.24899999
2025-06-10 13:00:00;NORDESTE;SUDESTE/CENTRO-OESTE;1909.054
2025-06-10 14:00:00;NORDESTE;SUDESTE/CENTRO-OESTE;1697.852
2025-06-10 15:00:00;NORDESTE;SUDESTE/CENTRO-OESTE;1902.122
2025-06-10 16:00:00;NORDESTE;SUDESTE/CENTRO-OESTE;2739.5
2025-06-10 17:00:00;NORDESTE;SUDESTE/CENTRO-OESTE;3670.129
2025-06-10 18:00:00;NORDESTE;SUDESTE/CENTRO-OESTE;4902.511
2025-06-10 19:00:00;NORDESTE;SUDESTE/CENTRO-OESTE;5553.293
2025-06-10 20:00:00;NORDESTE;SUDESTE/CENTRO-OESTE;5685.14
2025-06-10 21:00:00;NORDESTE;SUDESTE/CENTRO-OESTE;5466.392
2025-06-10 22:00:00;NORDESTE;SUDESTE/CENTRO-OESTE;4945.941
2025-06-10 23:00:00;NORDESTE;SUDESTE/CENTRO-OESTE;4949.203
2025-06-11 00:00:00;NORDESTE;SUDESTE/CENTRO-OESTE;4824.067
2025-06-11 01:00:00;NORDESTE;SUDESTE/CENTRO-OESTE;4656.021
2025-06-11 02:00:00;NORDESTE;SUDESTE/CENTRO-OESTE;3840.322
2025-06-11 03:00:00;NORDESTE;SUDESTE/CENTRO-OESTE;3405.076
2025-06-11 04:00:00;NORDESTE;SUDESTE/CENTRO-OESTE;3330.269
2025-06-11 05:00:00;NORDESTE;SUDESTE/CENTRO-OESTE;3252.46
2025-06-11 06:00:00;NORDESTE;SUDESTE/CENTRO-OESTE;4230.61399999
2025-06-11 07:00:00;NORDESTE;SUDESTE/CENTRO-OESTE;5759.141
2025-06-11 08:00:00;NORDESTE;SUDESTE/CENTRO-OESTE;5347.31499999
2025-06-11 09:00:00;NORDESTE;SUDESTE/CENTRO-OESTE;4587.656
2025-06-11 10:00:00;NORDESTE;SUDESTE/CENTRO-OESTE;3870.022
2025-06-11 11:00:00;NORDESTE;SUDESTE/CENTRO-OESTE;2905.961
2025-06-11 12:00:00;NORDESTE;SUDESTE/CENTRO-OESTE;2800.495
2025-06-11 13:00:00;NORDESTE;SUDESTE/CENTRO-OESTE;2646.226
2025-06-11 14:00:00;NORDESTE;SUDESTE/CENTRO-OESTE;2167.46
2025-06-11 15:00:00;NORDESTE;SUDESTE/CENTRO-OESTE;2075.58399999
2025-06-11 16:00:00;NORDESTE;SUDESTE/CENTRO-OESTE;2377.097
2025-06-11 17:00:00;NORDESTE;SUDESTE/CENTRO-OESTE;2713.664
2025-06-11 18:00:00;NORDESTE;SUDESTE/CENTRO-OESTE;4576.433
2025-06-11 19:00:00;NORDESTE;SUDESTE/CENTRO-OESTE;5977.784
2025-06-11 20:00:00;NORDESTE;SUDESTE/CENTRO-OESTE;6384.726
2025-06-11 21:00:00;NORDESTE;SUDESTE/CENTRO-OESTE;6040.432
2025-06-11 22:00:00;NORDESTE;SUDESTE/CENTRO-OESTE;5823.363
2025-06-11 23:00:00;NORDESTE;SUDESTE/CENTRO-OESTE;6118.113
2025-06-12 00:00:00;NORDESTE;SUDESTE/CENTRO-OESTE;5710.553
2025-06-12 01:00:00;NORDESTE;SUDESTE/CENTRO-OESTE;5393.884
2025-06-12 02:00:00;NORDESTE;SUDESTE/CENTRO-OESTE;5723.839
2025-06-12 03:00:00;NORDESTE;SUDESTE/CENTRO-OESTE;5899.6
2025-06-12 04:00:00;NORDESTE;SUDESTE/CENTRO-OESTE;5857.243
2025-06-12 05:00:00;NORDESTE;SUDESTE/CENTRO-OESTE;6191.139
2025-06-12 06:00:00;NORDESTE;SUDESTE/CENTRO-OESTE;6478.815
2025-06-12 07:00:00;NORDESTE;SUDESTE/CENTRO-OESTE;5730.328
2025-06-12 08:00:00;NORDESTE;SUDESTE/CENTRO-OESTE;5248.636
2025-06-12 09:00:00;NORDESTE;SUDESTE/CENTRO-OESTE;4513.937
2025-06-12 10:00:00;NORDESTE;SUDESTE/CENTRO-OESTE;4236.96699999
2025-06-12 11:00:00;NORDESTE;SUDESTE/CENTRO-OESTE;3339.582
2025-06-12 12:00:00;NORDESTE;SUDESTE/CENTRO-OESTE;2561.139
2025-06-12 13:00:00;NORDESTE;SUDESTE/CENTRO-OESTE;2383.15
2025-06-12 14:00:00;NORDESTE;SUDESTE/CENTRO-OESTE;2936.649
2025-06-12 15:00:00;NORDESTE;SUDESTE/CENTRO-OESTE;3504.329
2025-06-12 16:00:00;NORDESTE;SUDESTE/CENTRO-OESTE;3753.392
2025-06-12 17:00:00;NORDESTE;SUDESTE/CENTRO-OESTE;5005.993
2025-06-12 18:00:00;NORDESTE;SUDESTE/CENTRO-OESTE;6578.721
2025-06-12 19:00:00;NORDESTE;SUDESTE/CENTRO-OESTE;6596.994
2025-06-12 20:00:00;NORDESTE;SUDESTE/CENTRO-OESTE;6473.196
2025-06-12 21:00:00;NORDESTE;SUDESTE/CENTRO-OESTE;6227.563
2025-06-12 22:00:00;NORDESTE;SUDESTE/CENTRO-OESTE;6153.563
2025-06-12 23:00:00;NORDESTE;SUDESTE/CENTRO-OESTE;6392.146
2025-06-13 00:00:00;NORDESTE;SUDESTE/CENTRO-OESTE;6137.882
2025-06-13 01:00:00;NORDESTE;SUDESTE/CENTRO-OESTE;6425.694
2025-06-13 02:00:00;NORDESTE;SUDESTE/CENTRO-OESTE;6424.991
2025-06-13 03:00:00;NORDESTE;SUDESTE/CENTRO-OESTE;6431.014
2025-06-13 04:00:00;NORDESTE;SUDESTE/CENTRO-OESTE;6503.515
2025-06-13 05:00:00;NORDESTE;SUDESTE/CENTRO-OESTE;6470.669
2025-06-13 06:00:00;NORDESTE;SUDESTE/CENTRO-OESTE;6393.176
2025-06-13 07:00:00;NORDESTE;SUDESTE/CENTRO-OESTE;6504.451
2025-06-13 08:00:00;NORDESTE;SUDESTE/CENTRO-OESTE;6594.411
2025-06-13 09:00:00;NORDESTE;SUDESTE/CENTRO-OESTE;6081.096
2025-06-13 10:00:00;NORDESTE;SUDESTE/CENTRO-OESTE;5310.718
2025-06-13 11:00:00;NORDESTE;SUDESTE/CENTRO-OESTE;4922.834
2025-06-13 12:00:00;NORDESTE;SUDESTE/CENTRO-OESTE;4384.714
2025-06-13 13:00:00;NORDESTE;SUDESTE/CENTRO-OESTE;5035.84599999
2025-06-13 14:00:00;NORDESTE;SUDESTE/CENTRO-OESTE;6111.442
2025-06-13 15:00:00;NORDESTE;SUDESTE/CENTRO-OESTE;6409.518
2025-06-13 16:00:00;NORDESTE;SUDESTE/CENTRO-OESTE;6343.26
2025-06-13 17:00:00;NORDESTE;SUDESTE/CENTRO-OESTE;6818.692
2025-06-13 18:00:00;NORDESTE;SUDESTE/CENTRO-OESTE;6693.502
2025-06-13 19:00:00;NORDESTE;SUDESTE/CENTRO-OESTE;6711.025
2025-06-13 20:00:00;NORDESTE;SUDESTE/CENTRO-OESTE;6678.564
2025-06-13 21:00:00;NORDESTE;SUDESTE/CENTRO-OESTE;6127.88
2025-06-13 22:00:00;NORDESTE;SUDESTE/CENTRO-OESTE;6251.834
2025-06-13 23:00:00;NORDESTE;SUDESTE/CENTRO-OESTE;6458.086
2025-06-14 00:00:00;NORDESTE;SUDESTE/CENTRO-OESTE;6198.288
2025-06-14 01:00:00;NORDESTE;SUDESTE/CENTRO-OESTE;6457.582
2025-06-14 02:00:00;NORDESTE;SUDESTE/CENTRO-OESTE;6321.032
2025-06-14 03:00:00;NORDESTE;SUDESTE/CENTRO-OESTE;6541.909
2025-06-14 04:00:00;NORDESTE;SUDESTE/CENTRO-OESTE;6624.075
2025-06-14 05:00:00;NORDESTE;SUDESTE/CENTRO-OESTE;6190.198
2025-06-14 06:00:00;NORDESTE;SUDESTE/CENTRO-OESTE;6110.638
2025-06-14 07:00:00;NORDESTE;SUDESTE/CENTRO-OESTE;5655.691
2025-06-14 08:00:00;NORDESTE;SUDESTE/CENTRO-OESTE;4661.307
2025-06-14 09:00:00;NORDESTE;SUDESTE/CENTRO-OESTE;4341.41
2025-06-14 10:00:00;NORDESTE;SUDESTE/CENTRO-OESTE;3291.05
2025-06-14 11:00:00;NORDESTE;SUDESTE/CENTRO-OESTE;3099.446
2025-06-14 12:00:00;NORDESTE;SUDESTE/CENTRO-OESTE;3071.532
2025-06-14 13:00:00;NORDESTE;SUDESTE/CENTRO-OESTE;3333.041
2025-06-14 14:00:00;NORDESTE;SUDESTE/CENTRO-OESTE;4184.652
2025-06-14 15:00:00;NORDESTE;SUDESTE/CENTRO-OESTE;4537.96
2025-06-14 16:00:00;NORDESTE;SUDESTE/CENTRO-OESTE;5093.102
2025-06-14 17:00:00;NORDESTE;SUDESTE/CENTRO-OESTE;6446.626
2025-06-14 18:00:00;NORDESTE;SUDESTE/CENTRO-OESTE;6240.568
2025-06-14 19:00:00;NORDESTE;SUDESTE/CENTRO-OESTE;5795.075
2025-06-14 20:00:00;NORDESTE;SUDESTE/CENTRO-OESTE;6221.839
2025-06-14 21:00:00;NORDESTE;SUDESTE/CENTRO-OESTE;6510.094
2025-06-14 22:00:00;NORDESTE;SUDESTE/CENTRO-OESTE;6219.165
2025-06-14 23:00:00;NORDESTE;SUDESTE/CENTRO-OESTE;6320.344
2025-06-15 00:00:00;NORDESTE;SUDESTE/CENTRO-OESTE;6570.793
2025-06-15 01:00:00;NORDESTE;SUDESTE/CENTRO-OESTE;6608.387
2025-06-15 02:00:00;NORDESTE;SUDESTE/CENTRO-OESTE;6013.417
2025-06-15 03:00:00;NORDESTE;SUDESTE/CENTRO-OESTE;5801.858
2025-06-15 04:00:00;NORDESTE;SUDESTE/CENTRO-OESTE;5851.625
2025-06-15 05:00:00;NORDESTE;SUDESTE/CENTRO-OESTE;5992.039
2025-06-15 06:00:00;NORDESTE;SUDESTE/CENTRO-OESTE;6025.954
2025-06-15 07:00:00;NORDESTE;SUDESTE/CENTRO-OESTE;5675.869
2025-06-15 08:00:00;NORDESTE;SUDESTE/CENTRO-OESTE;4876.327
2025-06-15 09:00:00;NORDESTE;SUDESTE/CENTRO-OESTE;3576.111
2025-06-15 10:00:00;NORDESTE;SUDESTE/CENTRO-OESTE;2738.17999999
2025-06-15 11:00:00;NORDESTE;SUDESTE/CENTRO-OESTE;2830.714
2025-06-15 12:00:00;NORDESTE;SUDESTE/CENTRO-OESTE;2580.752
2025-06-15 13:00:00;NORDESTE;SUDESTE/CENTRO-OESTE;2402.931
2025-06-15 14:00:00;NORDESTE;SUDESTE/CENTRO-OESTE;2797.054
2025-06-15 15:00:00;NORDESTE;SUDESTE/CENTRO-OESTE;2671.937
2025-06-15 16:00:00;NORDESTE;SUDESTE/CENTRO-OESTE;3203.515
2025-06-15 17:00:00;NORDESTE;SUDESTE/CENTRO-OESTE;3613.898
2025-06-15 18:00:00;NORDESTE;SUDESTE/CENTRO-OESTE;4678.818
2025-06-15 19:00:00;NORDESTE;SUDESTE/CENTRO-OESTE;5528.492
2025-06-15 20:00:00;NORDESTE;SUDESTE/CENTRO-OESTE;5880.574
2025-06-15 21:00:00;NORDESTE;SUDESTE/CENTRO-OESTE;5541.025
2025-06-15 22:00:00;NORDESTE;SUDESTE/CENTRO-OESTE;5289.636
2025-06-15 23:00:00;NORDESTE;SUDESTE/CENTRO-OESTE;4803.926
2025-06-16 00:00:00;NORDESTE;SUDESTE/CENTRO-OESTE;4787.843
2025-06-16 01:00:00;NORDESTE;SUDESTE/CENTRO-OESTE;4706.549
2025-06-16 02:00:00;NORDESTE;SUDESTE/CENTRO-OESTE;4122.57399999
2025-06-16 03:00:00;NORDESTE;SUDESTE/CENTRO-OESTE;4064.279
2025-06-16 04:00:00;NORDESTE;SUDESTE/CENTRO-OESTE;4332.782
2025-06-16 05:00:00;NORDESTE;SUDESTE/CENTRO-OESTE;4697.689
2025-06-16 06:00:00;NORDESTE;SUDESTE/CENTRO-OESTE;5459.21
2025-06-16 07:00:00;NORDESTE;SUDESTE/CENTRO-OESTE;6327.911
2025-06-16 08:00:00;NORDESTE;SUDESTE/CENTRO-OESTE;6993.555
2025-06-16 09:00:00;NORDESTE;SUDESTE/CENTRO-OESTE;6120.714
2025-06-16 10:00:00;NORDESTE;SUDESTE/CENTRO-OESTE;6073.841
2025-06-16 11:00:00;NORDESTE;SUDESTE/CENTRO-OESTE;6561.426
2025-06-16 12:00:00;NORDESTE;SUDESTE/CENTRO-OESTE;5974.201
2025-06-16 13:00:00;NORDESTE;SUDESTE/CENTRO-OESTE;5956.54
2025-06-16 14:00:00;NORDESTE;SUDESTE/CENTRO-OESTE;5485.362
2025-06-16 15:00:00;NORDESTE;SUDESTE/CENTRO-OESTE;5502.514
2025-06-16 16:00:00;NORDESTE;SUDESTE/CENTRO-OESTE;4833.079
2025-06-16 17:00:00;NORDESTE;SUDESTE/CENTRO-OESTE;5009.401
2025-06-16 18:00:00;NORDESTE;SUDESTE/CENTRO-OESTE;6659.13
2025-06-16 19:00:00;NORDESTE;SUDESTE/CENTRO-OESTE;6496.521
2025-06-16 20:00:00;NORDESTE;SUDESTE/CENTRO-OESTE;6291.55
2025-06-16 21:00:00;NORDESTE;SUDESTE/CENTRO-OESTE;6509.156
2025-06-16 22:00:00;NORDESTE;SUDESTE/CENTRO-OESTE;6137.057
2025-06-16 23:00:00;NORDESTE;SUDESTE/CENTRO-OESTE;6251.403
2025-06-17 00:00:00;NORDESTE;SUDESTE/CENTRO-OESTE;6899.537
2025-06-17 01:00:00;NORDESTE;SUDESTE/CENTRO-OESTE;6539.85
2025-06-17 02:00:00;NORDESTE;SUDESTE/CENTRO-OESTE;6339.13
2025-06-17 03:00:00;NORDESTE;SUDESTE/CENTRO-OESTE;6792.22
2025-06-17 04:00:00;NORDESTE;SUDESTE/CENTRO-OESTE;6833.55
2025-06-17 05:00:00;NORDESTE;SUDESTE/CENTRO-OESTE;7064.82
2025-06-17 06:00:00;NORDESTE;SUDESTE/CENTRO-OESTE;7620.359
2025-06-17 07:00:00;NORDESTE;SUDESTE/CENTRO-OESTE;6907.0
2025-06-17 08:00:00;NORDESTE;SUDESTE/CENTRO-OESTE;7023.714
2025-06-17 09:00:00;NORDESTE;SUDESTE/CENTRO-OESTE;7048.253
2025-06-17 10:00:00;NORDESTE;SUDESTE/CENTRO-OESTE;6163.901
2025-06-17 11:00:00;NORDESTE;SUDESTE/CENTRO-OESTE;5639.859
2025-06-17 12:00:00;NORDESTE;SUDESTE/CENTRO-OESTE;5420.212
2025-06-17 13:00:00;NORDESTE;SUDESTE/CENTRO-OESTE;5232.704
2025-06-17 14:00:00;NORDESTE;SUDESTE/CENTRO-OESTE;5754.067
2025-06-17 15:00:00;NORDESTE;SUDESTE/CENTRO-OESTE;5068.89999999
2025-06-17 16:00:00;NORDESTE;SUDESTE/CENTRO-OESTE;4110.707
2025-06-17 17:00:00;NORDESTE;SUDESTE/CENTRO-OESTE;4346.826
2025-06-17 18:00:00;NORDESTE;SUDESTE/CENTRO-OESTE;5052.689
2025-06-17 19:00:00;NORDESTE;SUDESTE/CENTRO-OESTE;5129.61899999
2025-06-17 20:00:00;NORDESTE;SUDESTE/CENTRO-OESTE;5386.045
2025-06-17 21:00:00;NORDESTE;SUDESTE/CENTRO-OESTE;5550.862
2025-06-17 22:00:00;NORDESTE;SUDESTE/CENTRO-OESTE;5518.468
2025-06-17 23:00:00;NORDESTE;SUDESTE/CENTRO-OESTE;5512.114
2025-06-18 00:00:00;NORDESTE;SUDESTE/CENTRO-OESTE;5825.521
2025-06-18 01:00:00;NORDESTE;SUDESTE/CENTRO-OESTE;6007.7
2025-06-18 02:00:00;NORDESTE;SUDESTE/CENTRO-OESTE;6104.654
2025-06-18 03:00:00;NORDESTE;SUDESTE/CENTRO-OESTE;6505.537
2025-06-18 04:00:00;NORDESTE;SUDESTE/CENTRO-OESTE;7033.83
2025-06-18 05:00:00;NORDESTE;SUDESTE/CENTRO-OESTE;7207.047
2025-06-18 06:00:00;NORDESTE;SUDESTE/CENTRO-OESTE;7687.735
2025-06-18 07:00:00;NORDESTE;SUDESTE/CENTRO-OESTE;7758.305
2025-06-18 08:00:00;NORDESTE;SUDESTE/CENTRO-OESTE;7206.973
2025-06-18 09:00:00;NORDESTE;SUDESTE/CENTRO-OESTE;6520.272
2025-06-18 10:00:00;NORDESTE;SUDESTE/CENTRO-OESTE;6099.794
2025-06-18 11:00:00;NORDESTE;SUDESTE/CENTRO-OESTE;6027.747
2025-06-18 12:00:00;NORDESTE;SUDESTE/CENTRO-OESTE;5988.326
2025-06-18 13:00:00;NORDESTE;SUDESTE/CENTRO-OESTE;6384.296
2025-06-18 14:00:00;NORDESTE;SUDESTE/CENTRO-OESTE;7610.531
2025-06-18 15:00:00;NORDESTE;SUDESTE/CENTRO-OESTE;7490.68
2025-06-18 16:00:00;NORDESTE;SUDESTE/CENTRO-OESTE;7154.607
2025-06-18 17:00:00;NORDESTE;SUDESTE/CENTRO-OESTE;6907.608
2025-06-18 18:00:00;NORDESTE;SUDESTE/CENTRO-OESTE;6839.912
2025-06-18 19:00:00;NORDESTE;SUDESTE/CENTRO-OESTE;6578.081
2025-06-18 20:00:00;NORDESTE;SUDESTE/CENTRO-OESTE;6666.657
2025-06-18 21:00:00;NORDESTE;SUDESTE/CENTRO-OESTE;6584.463
2025-06-18 22:00:00;NORDESTE;SUDESTE/CENTRO-OESTE;6904.66
2025-06-18 23:00:00;NORDESTE;SUDESTE/CENTRO-OESTE;6823.942
2025-06-19 00:00:00;NORDESTE;SUDESTE/CENTRO-OESTE;6691.159
2025-06-19 01:00:00;NORDESTE;SUDESTE/CENTRO-OESTE;6670.849
2025-06-19 02:00:00;NORDESTE;SUDESTE/CENTRO-OESTE;6731.193
2025-06-19 03:00:00;NORDESTE;SUDESTE/CENTRO-OESTE;6653.519
2025-06-19 04:00:00;NORDESTE;SUDESTE/CENTRO-OESTE;6676.948
2025-06-19 05:00:00;NORDESTE;SUDESTE/CENTRO-OESTE;6627.543
2025-06-19 06:00:00;NORDESTE;SUDESTE/CENTRO-OESTE;6446.835
2025-06-19 07:00:00;NORDESTE;SUDESTE/CENTRO-OESTE;6152.921
2025-06-19 08:00:00;NORDESTE;SUDESTE/CENTRO-OESTE;5548.839
2025-06-19 09:00:00;NORDESTE;SUDESTE/CENTRO-OESTE;4278.484
2025-06-19 10:00:00;NORDESTE;SUDESTE/CENTRO-OESTE;3758.392
2025-06-19 11:00:00;NORDESTE;SUDESTE/CENTRO-OESTE;3715.518
2025-06-19 12:00:00;NORDESTE;SUDESTE/CENTRO-OESTE;4088.961
2025-06-19 13:00:00;NORDESTE;SUDESTE/CENTRO-OESTE;4310.896
2025-06-19 14:00:00;NORDESTE;SUDESTE/CENTRO-OESTE;4865.145
2025-06-19 15:00:00;NORDESTE;SUDESTE/CENTRO-OESTE;5530.044
2025-06-19 16:00:00;NORDESTE;SUDESTE/CENTRO-OESTE;6282.292
2025-06-19 17:00:00;NORDESTE;SUDESTE/CENTRO-OESTE;6583.484
2025-06-19 18:00:00;NORDESTE;SUDESTE/CENTRO-OESTE;6494.492
2025-06-19 19:00:00;NORDESTE;SUDESTE/CENTRO-OESTE;6709.462
2025-06-19 20:00:00;NORDESTE;SUDESTE/CENTRO-OESTE;6297.9
2025-06-19 21:00:00;NORDESTE;SUDESTE/CENTRO-OESTE;6526.257
2025-06-19 22:00:00;NORDESTE;SUDESTE/CENTRO-OESTE;7196.555
2025-06-19 23:00:00;NORDESTE;SUDESTE/CENTRO-OESTE;7089.105
2025-06-20 00:00:00;NORDESTE;SUDESTE/CENTRO-OESTE;6862.433
2025-06-20 01:00:00;NORDESTE;SUDESTE/CENTRO-OESTE;6353.427
2025-06-20 02:00:00;NORDESTE;SUDESTE/CENTRO-OESTE;6043.97
2025-06-20 03:00:00;NORDESTE;SUDESTE/CENTRO-OESTE;5935.319
2025-06-20 04:00:00;NORDESTE;SUDESTE/CENTRO-OESTE;6077.633
2025-06-20 05:00:00;NORDESTE;SUDESTE/CENTRO-OESTE;6876.994
2025-06-20 06:00:00;NORDESTE;SUDESTE/CENTRO-OESTE;6997.346
2025-06-20 07:00:00;NORDESTE;SUDESTE/CENTRO-OESTE;5998.234
2025-06-20 08:00:00;NORDESTE;SUDESTE/CENTRO-OESTE;5520.042
2025-06-20 09:00:00;NORDESTE;SUDESTE/CENTRO-OESTE;6020.033
2025-06-20 10:00:00;NORDESTE;SUDESTE/CENTRO-OESTE;6040.59
2025-06-20 11:00:00;NORDESTE;SUDESTE/CENTRO-OESTE;5656.519
2025-06-20 12:00:00;NORDESTE;SUDESTE/CENTRO-OESTE;5385.671
2025-06-20 13:00:00;NORDESTE;SUDESTE/CENTRO-OESTE;4919.276
2025-06-20 14:00:00;NORDESTE;SUDESTE/CENTRO-OESTE;5349.225
2025-06-20 15:00:00;NORDESTE;SUDESTE/CENTRO-OESTE;5280.817
2025-06-20 16:00:00;NORDESTE;SUDESTE/CENTRO-OESTE;4746.898
2025-06-20 17:00:00;NORDESTE;SUDESTE/CENTRO-OESTE;4811.916
2025-06-20 18:00:00;NORDESTE;SUDESTE/CENTRO-OESTE;5780.42
2025-06-20 19:00:00;NORDESTE;SUDESTE/CENTRO-OESTE;6636.778
2025-06-20 20:00:00;NORDESTE;SUDESTE/CENTRO-OESTE;6837.489
2025-06-20 21:00:00;NORDESTE;SUDESTE/CENTRO-OESTE;6694.354
2025-06-20 22:00:00;NORDESTE;SUDESTE/CENTRO-OESTE;6671.431
2025-06-20 23:00:00;NORDESTE;SUDESTE/CENTRO-OESTE;6394.226
2025-06-21 00:00:00;NORDESTE;SUDESTE/CENTRO-OESTE;6148.122
2025-06-21 01:00:00;NORDESTE;SUDESTE/CENTRO-OESTE;5849.937
2025-06-21 02:00:00;NORDESTE;SUDESTE/CENTRO-OESTE;5644.22
2025-06-21 03:00:00;NORDESTE;SUDESTE/CENTRO-OESTE;5483.044
2025-06-21 04:00:00;NORDESTE;SUDESTE/CENTRO-OESTE;5612.24
2025-06-21 05:00:00;NORDESTE;SUDESTE/CENTRO-OESTE;5908.824
2025-06-21 06:00:00;NORDESTE;SUDESTE/CENTRO-OESTE;6843.548
2025-06-21 07:00:00;NORDESTE;SUDESTE/CENTRO-OESTE;6484.319
2025-06-21 08:00:00;NORDESTE;SUDESTE/CENTRO-OESTE;5793.638
2025-06-21 09:00:00;NORDESTE;SUDESTE/CENTRO-OESTE;5474.82
2025-06-21 10:00:00;NORDESTE;SUDESTE/CENTRO-OESTE;4741.691
2025-06-21 11:00:00;NORDESTE;SUDESTE/CENTRO-OESTE;4357.004
2025-06-21 12:00:00;NORDESTE;SUDESTE/CENTRO-OESTE;3982.249
2025-06-21 13:00:00;NORDESTE;SUDESTE/CENTRO-OESTE;3647.483
2025-06-21 14:00:00;NORDESTE;SUDESTE/CENTRO-OESTE;3790.8
2025-06-21 15:00:00;NORDESTE;SUDESTE/CENTRO-OESTE;3124.778
2025-06-21 16:00:00;NORDESTE;SUDESTE/CENTRO-OESTE;3456.485
2025-06-21 17:00:00;NORDESTE;SUDESTE/CENTRO-OESTE;3900.047
2025-06-21 18:00:00;NORDESTE;SUDESTE/CENTRO-OESTE;4796.853
2025-06-21 19:00:00;NORDESTE;SUDESTE/CENTRO-OESTE;4744.692
2025-06-21 20:00:00;NORDESTE;SUDESTE/CENTRO-OESTE;5709.516
2025-06-21 21:00:00;NORDESTE;SUDESTE/CENTRO-OESTE;5815.234
2025-06-21 22:00:00;NORDESTE;SUDESTE/CENTRO-OESTE;5287.196
2025-06-21 23:00:00;NORDESTE;SUDESTE/CENTRO-OESTE;4684.45
2025-06-22 00:00:00;NORDESTE;SUDESTE/CENTRO-OESTE;4200.979
2025-06-22 01:00:00;NORDESTE;SUDESTE/CENTRO-OESTE;4344.468
2025-06-22 02:00:00;NORDESTE;SUDESTE/CENTRO-OESTE;4711.586
2025-06-22 03:00:00;NORDESTE;SUDESTE/CENTRO-OESTE;4668.037
2025-06-22 04:00:00;NORDESTE;SUDESTE/CENTRO-OESTE;4841.99799999
2025-06-22 05:00:00;NORDESTE;SUDESTE/CENTRO-OESTE;4810.634
2025-06-22 06:00:00;NORDESTE;SUDESTE/CENTRO-OESTE;4791.407
2025-06-22 07:00:00;NORDESTE;SUDESTE/CENTRO-OESTE;4931.857
2025-06-22 08:00:00;NORDESTE;SUDESTE/CENTRO-OESTE;3642.397
2025-06-22 09:00:00;NORDESTE;SUDESTE/CENTRO-OESTE;2482.683
2025-06-22 10:00:00;NORDESTE;SUDESTE/CENTRO-OESTE;2001.622
2025-06-22 11:00:00;NORDESTE;SUDESTE/CENTRO-OESTE;2040.176
2025-06-22 12:00:00;NORDESTE;SUDESTE/CENTRO-OESTE;2132.39399999
2025-06-22 13:00:00;NORDESTE;SUDESTE/CENTRO-OESTE;2154.588
2025-06-22 14:00:00;NORDESTE;SUDESTE/CENTRO-OESTE;2569.702
2025-06-22 15:00:00;NORDESTE;SUDESTE/CENTRO-OESTE;3661.935
2025-06-22 16:00:00;NORDESTE;SUDESTE/CENTRO-OESTE;3585.285
2025-06-22 17:00:00;NORDESTE;SUDESTE/CENTRO-OESTE;4158.019
2025-06-22 18:00:00;NORDESTE;SUDESTE/CENTRO-OESTE;6018.348
2025-06-22 19:00:00;NORDESTE;SUDESTE/CENTRO-OESTE;6583.3
2025-06-22 20:00:00;NORDESTE;SUDESTE/CENTRO-OESTE;6572.373
2025-06-22 21:00:00;NORDESTE;SUDESTE/CENTRO-OESTE;6541.394
2025-06-22 22:00:00;NORDESTE;SUDESTE/CENTRO-OESTE;6278.391
2025-06-22 23:00:00;NORDESTE;SUDESTE/CENTRO-OESTE;6008.61
2025-06-23 00:00:00;NORDESTE;SUDESTE/CENTRO-OESTE;6302.339
2025-06-23 01:00:00;NORDESTE;SUDESTE/CENTRO-OESTE;6349.614
2025-06-23 02:00:00;NORDESTE;SUDESTE/CENTRO-OESTE;6180.577
2025-06-23 03:00:00;NORDESTE;SUDESTE/CENTRO-OESTE;6065.867
2025-06-23 04:00:00;NORDESTE;SUDESTE/CENTRO-OESTE;5815.094
2025-06-23 05:00:00;NORDESTE;SUDESTE/CENTRO-OESTE;6370.837
2025-06-23 06:00:00;NORDESTE;SUDESTE/CENTRO-OESTE;7634.424
2025-06-23 07:00:00;NORDESTE;SUDESTE/CENTRO-OESTE;7641.368
2025-06-23 08:00:00;NORDESTE;SUDESTE/CENTRO-OESTE;7664.349
2025-06-23 09:00:00;NORDESTE;SUDESTE/CENTRO-OESTE;7055.224
2025-06-23 10:00:00;NORDESTE;SUDESTE/CENTRO-OESTE;6778.449
2025-06-23 11:00:00;NORDESTE;SUDESTE/CENTRO-OESTE;6559.001
2025-06-23 12:00:00;NORDESTE;SUDESTE/CENTRO-OESTE;5869.624
2025-06-23 13:00:00;NORDESTE;SUDESTE/CENTRO-OESTE;5603.045
2025-06-23 14:00:00;NORDESTE;SUDESTE/CENTRO-OESTE;4921.269
2025-06-23 15:00:00;NORDESTE;SUDESTE/CENTRO-OESTE;4029.421
2025-06-23 16:00:00;NORDESTE;SUDESTE/CENTRO-OESTE;3686.826
2025-06-23 17:00:00;NORDESTE;SUDESTE/CENTRO-OESTE;3316.645
2025-06-23 18:00:00;NORDESTE;SUDESTE/CENTRO-OESTE;4934.956
2025-06-23 19:00:00;NORDESTE;SUDESTE/CENTRO-OESTE;6489.601
2025-06-23 20:00:00;NORDESTE;SUDESTE/CENTRO-OESTE;6540.036
2025-06-23 21:00:00;NORDESTE;SUDESTE/CENTRO-OESTE;6632.178
2025-06-23 22:00:00;NORDESTE;SUDESTE/CENTRO-OESTE;6570.058
2025-06-23 23:00:00;NORDESTE;SUDESTE/CENTRO-OESTE;6375.635
2025-06-24 00:00:00;NORDESTE;SUDESTE/CENTRO-OESTE;5804.746
2025-06-24 01:00:00;NORDESTE;SUDESTE/CENTRO-OESTE;5228.428
2025-06-24 02:00:00;NORDESTE;SUDESTE/CENTRO-OESTE;4642.522
2025-06-24 03:00:00;NORDESTE;SUDESTE/CENTRO-OESTE;4122.247
2025-06-24 04:00:00;NORDESTE;SUDESTE/CENTRO-OESTE;3474.161
2025-06-24 05:00:00;NORDESTE;SUDESTE/CENTRO-OESTE;3350.587
2025-06-24 06:00:00;NORDESTE;SUDESTE/CENTRO-OESTE;4055.972
2025-06-24 07:00:00;NORDESTE;SUDESTE/CENTRO-OESTE;4569.004
2025-06-24 08:00:00;NORDESTE;SUDESTE/CENTRO-OESTE;4772.579
2025-06-24 09:00:00;NORDESTE;SUDESTE/CENTRO-OESTE;4597.02499999
2025-06-24 10:00:00;NORDESTE;SUDESTE/CENTRO-OESTE;4263.716
2025-06-24 11:00:00;NORDESTE;SUDESTE/CENTRO-OESTE;3898.108
2025-06-24 12:00:00;NORDESTE;SUDESTE/CENTRO-OESTE;3904.654
2025-06-24 13:00:00;NORDESTE;SUDESTE/CENTRO-OESTE;3926.425
2025-06-24 14:00:00;NORDESTE;SUDESTE/CENTRO-OESTE;3617.593
2025-06-24 15:00:00;NORDESTE;SUDESTE/CENTRO-OESTE;3566.9
2025-06-24 16:00:00;NORDESTE;SUDESTE/CENTRO-OESTE;3320.129
2025-06-24 17:00:00;NORDESTE;SUDESTE/CENTRO-OESTE;3465.175
2025-06-24 18:00:00;NORDESTE;SUDESTE/CENTRO-OESTE;4461.14
2025-06-24 19:00:00;NORDESTE;SUDESTE/CENTRO-OESTE;5421.098
2025-06-24 20:00:00;NORDESTE;SUDESTE/CENTRO-OESTE;6024.187
2025-06-24 21:00:00;NORDESTE;SUDESTE/CENTRO-OESTE;6580.416
2025-06-24 22:00:00;NORDESTE;SUDESTE/CENTRO-OESTE;6337.823
2025-06-24 23:00:00;NORDESTE;SUDESTE/CENTRO-OESTE;6237.941
2025-06-25 00:00:00;NORDESTE;SUDESTE/CENTRO-OESTE;6203.524
2025-06-25 01:00:00;NORDESTE;SUDESTE/CENTRO-OESTE;5996.765
2025-06-25 02:00:00;NORDESTE;SUDESTE/CENTRO-OESTE;6202.343
2025-06-25 03:00:00;NORDESTE;SUDESTE/CENTRO-OESTE;6188.444
2025-06-25 04:00:00;NORDESTE;SUDESTE/CENTRO-OESTE;6361.913
2025-06-25 05:00:00;NORDESTE;SUDESTE/CENTRO-OESTE;5935.343
2025-06-25 06:00:00;NORDESTE;SUDESTE/CENTRO-OESTE;6855.021
2025-06-25 07:00:00;NORDESTE;SUDESTE/CENTRO-OESTE;7056.491
2025-06-25 08:00:00;NORDESTE;SUDESTE/CENTRO-OESTE;6609.277
2025-06-25 09:00:00;NORDESTE;SUDESTE/CENTRO-OESTE;6231.207
2025-06-25 10:00:00;NORDESTE;SUDESTE/CENTRO-OESTE;5767.99
2025-06-25 11:00:00;NORDESTE;SUDESTE/CENTRO-OESTE;4923.54699999
2025-06-25 12:00:00;NORDESTE;SUDESTE/CENTRO-OESTE;3668.311
2025-06-25 13:00:00;NORDESTE;SUDESTE/CENTRO-OESTE;3220.65
2025-06-25 14:00:00;NORDESTE;SUDESTE/CENTRO-OESTE;3155.743
2025-06-25 15:00:00;NORDESTE;SUDESTE/CENTRO-OESTE;3480.951
2025-06-25 16:00:00;NORDESTE;SUDESTE/CENTRO-OESTE;3830.041
2025-06-25 17:00:00;NORDESTE;SUDESTE/CENTRO-OESTE;4296.523
2025-06-25 18:00:00;NORDESTE;SUDESTE/CENTRO-OESTE;6390.094
2025-06-25 19:00:00;NORDESTE;SUDESTE/CENTRO-OESTE;6720.063
2025-06-25 20:00:00;NORDESTE;SUDESTE/CENTRO-OESTE;7313.451
2025-06-25 21:00:00;NORDESTE;SUDESTE/CENTRO-OESTE;7980.001
2025-06-25 22:00:00;NORDESTE;SUDESTE/CENTRO-OESTE;7443.745
2025-06-25 23:00:00;NORDESTE;SUDESTE/CENTRO-OESTE;6472.268
2025-06-26 00:00:00;NORDESTE;SUDESTE/CENTRO-OESTE;6688.692
2025-06-26 01:00:00;NORDESTE;SUDESTE/CENTRO-OESTE;7012.956
2025-06-26 02:00:00;NORDESTE;SUDESTE/CENTRO-OESTE;6791.579
2025-06-26 03:00:00;NORDESTE;SUDESTE/CENTRO-OESTE;6731.702
2025-06-26 04:00:00;NORDESTE;SUDESTE/CENTRO-OESTE;7082.625
2025-06-26 05:00:00;NORDESTE;SUDESTE/CENTRO-OESTE;7264.981
2025-06-26 06:00:00;NORDESTE;SUDESTE/CENTRO-OESTE;7926.433
2025-06-26 07:00:00;NORDESTE;SUDESTE/CENTRO-OESTE;7594.605
2025-06-26 08:00:00;NORDESTE;SUDESTE/CENTRO-OESTE;6895.147
2025-06-26 09:00:00;NORDESTE;SUDESTE/CENTRO-OESTE;6593.036
2025-06-26 10:00:00;NORDESTE;SUDESTE/CENTRO-OESTE;6279.1
2025-06-26 11:00:00;NORDESTE;SUDESTE/CENTRO-OESTE;5169.161
2025-06-26 12:00:00;NORDESTE;SUDESTE/CENTRO-OESTE;4329.63199999
2025-06-26 13:00:00;NORDESTE;SUDESTE/CENTRO-OESTE;4765.259
2025-06-26 14:00:00;NORDESTE;SUDESTE/CENTRO-OESTE;5185.658
2025-06-26 15:00:00;NORDESTE;SUDESTE/CENTRO-OESTE;5173.987
2025-06-26 16:00:00;NORDESTE;SUDESTE/CENTRO-OESTE;4912.377
2025-06-26 17:00:00;NORDESTE;SUDESTE/CENTRO-OESTE;5777.036
2025-06-26 18:00:00;NORDESTE;SUDESTE/CENTRO-OESTE;6712.919
2025-06-26 19:00:00;NORDESTE;SUDESTE/CENTRO-OESTE;6911.643
2025-06-26 20:00:00;NORDESTE;SUDESTE/CENTRO-OESTE;6674.285
2025-06-26 21:00:00;NORDESTE;SUDESTE/CENTRO-OESTE;6168.247
2025-06-26 22:00:00;NORDESTE;SUDESTE/CENTRO-OESTE;6081.637
2025-06-26 23:00:00;NORDESTE;SUDESTE/CENTRO-OESTE;5774.927
2025-06-27 00:00:00;NORDESTE;SUDESTE/CENTRO-OESTE;5926.535
2025-06-27 01:00:00;NORDESTE;SUDESTE/CENTRO-OESTE;5930.475
2025-06-27 02:00:00;NORDESTE;SUDESTE/CENTRO-OESTE;5648.99
2025-06-27 03:00:00;NORDESTE;SUDESTE/CENTRO-OESTE;5236.348
2025-06-27 04:00:00;NORDESTE;SUDESTE/CENTRO-OESTE;4689.22599999
2025-06-27 05:00:00;NORDESTE;SUDESTE/CENTRO-OESTE;4727.965
2025-06-27 06:00:00;NORDESTE;SUDESTE/CENTRO-OESTE;5582.866
2025-06-27 07:00:00;NORDESTE;SUDESTE/CENTRO-OESTE;6625.651
2025-06-27 08:00:00;NORDESTE;SUDESTE/CENTRO-OESTE;7320.979
2025-06-27 09:00:00;NORDESTE;SUDESTE/CENTRO-OESTE;7356.87
2025-06-27 10:00:00;NORDESTE;SUDESTE/CENTRO-OESTE;6964.422
2025-06-27 11:00:00;NORDESTE;SUDESTE/CENTRO-OESTE;6946.616
2025-06-27 12:00:00;NORDESTE;SUDESTE/CENTRO-OESTE;6732.242
2025-06-27 13:00:00;NORDESTE;SUDESTE/CENTRO-OESTE;5619.067
2025-06-27 14:00:00;NORDESTE;SUDESTE/CENTRO-OESTE;4424.715
2025-06-27 15:00:00;NORDESTE;SUDESTE/CENTRO-OESTE;3522.364
2025-06-27 16:00:00;NORDESTE;SUDESTE/CENTRO-OESTE;2893.006
2025-06-27 17:00:00;NORDESTE;SUDESTE/CENTRO-OESTE;2914.804
2025-06-27 18:00:00;NORDESTE;SUDESTE/CENTRO-OESTE;4805.874
2025-06-27 19:00:00;NORDESTE;SUDESTE/CENTRO-OESTE;6227.438
2025-06-27 20:00:00;NORDESTE;SUDESTE/CENTRO-OESTE;7467.322
2025-06-27 21:00:00;NORDESTE;SUDESTE/CENTRO-OESTE;7320.718
2025-06-27 22:00:00;NORDESTE;SUDESTE/CENTRO-OESTE;6564.672
2025-06-27 23:00:00;NORDESTE;SUDESTE/CENTRO-OESTE;5693.912
2025-06-28 00:00:00;NORDESTE;SUDESTE/CENTRO-OESTE;5029.736
2025-06-28 01:00:00;NORDESTE;SUDESTE/CENTRO-OESTE;4931.161
2025-06-28 02:00:00;NORDESTE;SUDESTE/CENTRO-OESTE;4769.241
2025-06-28 03:00:00;NORDESTE;SUDESTE/CENTRO-OESTE;5075.39099999
2025-06-28 04:00:00;NORDESTE;SUDESTE/CENTRO-OESTE;4918.362
2025-06-28 05:00:00;NORDESTE;SUDESTE/CENTRO-OESTE;4715.594
2025-06-28 06:00:00;NORDESTE;SUDESTE/CENTRO-OESTE;6009.348
2025-06-28 07:00:00;NORDESTE;SUDESTE/CENTRO-OESTE;6294.258
2025-06-28 08:00:00;NORDESTE;SUDESTE/CENTRO-OESTE;5820.231
2025-06-28 09:00:00;NORDESTE;SUDESTE/CENTRO-OESTE;4723.198
2025-06-28 10:00:00;NORDESTE;SUDESTE/CENTRO-OESTE;4246.523
2025-06-28 11:00:00;NORDESTE;SUDESTE/CENTRO-OESTE;3998.929
2025-06-28 12:00:00;NORDESTE;SUDESTE/CENTRO-OESTE;4187.117
2025-06-28 13:00:00;NORDESTE;SUDESTE/CENTRO-OESTE;4393.67
2025-06-28 14:00:00;NORDESTE;SUDESTE/CENTRO-OESTE;4114.97999999
2025-06-28 15:00:00;NORDESTE;SUDESTE/CENTRO-OESTE;4550.304
2025-06-28 16:00:00;NORDESTE;SUDESTE/CENTRO-OESTE;5450.482
2025-06-28 17:00:00;NORDESTE;SUDESTE/CENTRO-OESTE;5593.46
2025-06-28 18:00:00;NORDESTE;SUDESTE/CENTRO-OESTE;5613.542
2025-06-28 19:00:00;NORDESTE;SUDESTE/CENTRO-OESTE;5701.248
2025-06-28 20:00:00;NORDESTE;SUDESTE/CENTRO-OESTE;5910.976
2025-06-28 21:00:00;NORDESTE;SUDESTE/CENTRO-OESTE;6437.01
2025-06-28 22:00:00;NORDESTE;SUDESTE/CENTRO-OESTE;6036.323
2025-06-28 23:00:00;NORDESTE;SUDESTE/CENTRO-OESTE;6055.123
2025-06-29 00:00:00;NORDESTE;SUDESTE/CENTRO-OESTE;5874.65
2025-06-29 01:00:00;NORDESTE;SUDESTE/CENTRO-OESTE;5275.624
2025-06-29 02:00:00;NORDESTE;SUDESTE/CENTRO-OESTE;5474.849
2025-06-29 03:00:00;NORDESTE;SUDESTE/CENTRO-OESTE;5648.949
2025-06-29 04:00:00;NORDESTE;SUDESTE/CENTRO-OESTE;5039.557
2025-06-29 05:00:00;NORDESTE;SUDESTE/CENTRO-OESTE;4633.455
2025-06-29 06:00:00;NORDESTE;SUDESTE/CENTRO-OESTE;4814.916
2025-06-29 07:00:00;NORDESTE;SUDESTE/CENTRO-OESTE;4795.551
2025-06-29 08:00:00;NORDESTE;SUDESTE/CENTRO-OESTE;3706.496
2025-06-29 09:00:00;NORDESTE;SUDESTE/CENTRO-OESTE;3094.572
2025-06-29 10:00:00;NORDESTE;SUDESTE/CENTRO-OESTE;2401.442
2025-06-29 11:00:00;NORDESTE;SUDESTE/CENTRO-OESTE;1616.873
2025-06-29 12:00:00;NORDESTE;SUDESTE/CENTRO-OESTE;1338.166
2025-06-29 13:00:00;NORDESTE;SUDESTE/CENTRO-OESTE;1259.837
2025-06-29 14:00:00;NORDESTE;SUDESTE/CENTRO-OESTE;1130.621
2025-06-29 15:00:00;NORDESTE;SUDESTE/CENTRO-OESTE;2023.145
2025-06-29 16:00:00;NORDESTE;SUDESTE/CENTRO-OESTE;2810.97
2025-06-29 17:00:00;NORDESTE;SUDESTE/CENTRO-OESTE;3029.746
2025-06-29 18:00:00;NORDESTE;SUDESTE/CENTRO-OESTE;5043.912
2025-06-29 19:00:00;NORDESTE;SUDESTE/CENTRO-OESTE;6239.822
2025-06-29 20:00:00;NORDESTE;SUDESTE/CENTRO-OESTE;6264.094
2025-06-29 21:00:00;NORDESTE;SUDESTE/CENTRO-OESTE;6053.666
2025-06-29 22:00:00;NORDESTE;SUDESTE/CENTRO-OESTE;6194.39
2025-06-29 23:00:00;NORDESTE;SUDESTE/CENTRO-OESTE;5680.97
2025-06-30 00:00:00;NORDESTE;SUDESTE/CENTRO-OESTE;5355.30199999
2025-06-30 01:00:00;NORDESTE;SUDESTE/CENTRO-OESTE;5334.466
2025-06-30 02:00:00;NORDESTE;SUDESTE/CENTRO-OESTE;5361.50699999
2025-06-30 03:00:00;NORDESTE;SUDESTE/CENTRO-OESTE;5385.562
2025-06-30 04:00:00;NORDESTE;SUDESTE/CENTRO-OESTE;5235.899
2025-06-30 05:00:00;NORDESTE;SUDESTE/CENTRO-OESTE;5162.066
2025-06-30 06:00:00;NORDESTE;SUDESTE/CENTRO-OESTE;5862.932
2025-06-30 07:00:00;NORDESTE;SUDESTE/CENTRO-OESTE;7187.778
2025-06-30 08:00:00;NORDESTE;SUDESTE/CENTRO-OESTE;7268.849
2025-06-30 09:00:00;NORDESTE;SUDESTE/CENTRO-OESTE;6967.52
2025-06-30 10:00:00;NORDESTE;SUDESTE/CENTRO-OESTE;6817.086
2025-06-30 11:00:00;NORDESTE;SUDESTE/CENTRO-OESTE;6572.295
2025-06-30 12:00:00;NORDESTE;SUDESTE/CENTRO-OESTE;6091.854
2025-06-30 13:00:00;NORDESTE;SUDESTE/CENTRO-OESTE;5461.399
2025-06-30 14:00:00;NORDESTE;SUDESTE/CENTRO-OESTE;4649.032
2025-06-30 15:00:00;NORDESTE;SUDESTE/CENTRO-OESTE;4021.761
2025-06-30 16:00:00;NORDESTE;SUDESTE/CENTRO-OESTE;3789.817
2025-06-30 17:00:00;NORDESTE;SUDESTE/CENTRO-OESTE;3724.51
2025-06-30 18:00:00;NORDESTE;SUDESTE/CENTRO-OESTE;5441.039
2025-06-30 19:00:00;NORDESTE;SUDESTE/CENTRO-OESTE;6651.385
2025-06-30 20:00:00;NORDESTE;SUDESTE/CENTRO-OESTE;6466.309
2025-06-30 21:00:00;NORDESTE;SUDESTE/CENTRO-OESTE;5856.824
2025-06-30 22:00:00;NORDESTE;SUDESTE/CENTRO-OESTE;5376.79299999
2025-06-30 23:00:00;NORDESTE;SUDESTE/CENTRO-OESTE;4511.831
2025-07-01 00:00:00;NORDESTE;SUDESTE/CENTRO-OESTE;4243.59
2025-07-01 01:00:00;NORDESTE;SUDESTE/CENTRO-OESTE;3929.118
2025-07-01 02:00:00;NORDESTE;SUDESTE/CENTRO-OESTE;3670.003
2025-07-01 03:00:00;NORDESTE;SUDESTE/CENTRO-OESTE;3392.032
2025-07-01 04:00:00;NORDESTE;SUDESTE/CENTRO-OESTE;3071.254
2025-07-01 05:00:00;NORDESTE;SUDESTE/CENTRO-OESTE;3185.641
2025-07-01 06:00:00;NORDESTE;SUDESTE/CENTRO-OESTE;4169.697
2025-07-01 07:00:00;NORDESTE;SUDESTE/CENTRO-OESTE;5109.053
2025-07-01 08:00:00;NORDESTE;SUDESTE/CENTRO-OESTE;5900.499
2025-07-01 09:00:00;NORDESTE;SUDESTE/CENTRO-OESTE;6724.211
2025-07-01 10:00:00;NORDESTE;SUDESTE/CENTRO-OESTE;6405.473
2025-07-01 11:00:00;NORDESTE;SUDESTE/CENTRO-OESTE;5250.755
2025-07-01 12:00:00;NORDESTE;SUDESTE/CENTRO-OESTE;4623.599
2025-07-01 13:00:00;NORDESTE;SUDESTE/CENTRO-OESTE;4179.42
2025-07-01 14:00:00;NORDESTE;SUDESTE/CENTRO-OESTE;3704.348
2025-07-01 15:00:00;NORDESTE;SUDESTE/CENTRO-OESTE;2746.235
2025-07-01 16:00:00;NORDESTE;SUDESTE/CENTRO-OESTE;3317.488
2025-07-01 17:00:00;NORDESTE;SUDESTE/CENTRO-OESTE;3477.644
2025-07-01 18:00:00;NORDESTE;SUDESTE/CENTRO-OESTE;5326.625
2025-07-01 19:00:00;NORDESTE;SUDESTE/CENTRO-OESTE;6414.581
2025-07-01 20:00:00;NORDESTE;SUDESTE/CENTRO-OESTE;6874.758
2025-07-01 21:00:00;NORDESTE;SUDESTE/CENTRO-OESTE;6091.853
2025-07-01 22:00:00;NORDESTE;SUDESTE/CENTRO-OESTE;5487.003
2025-07-01 23:00:00;NORDESTE;SUDESTE/CENTRO-OESTE;5474.812
2025-07-02 00:00:00;NORDESTE;SUDESTE/CENTRO-OESTE;6007.44
2025-07-02 01:00:00;NORDESTE;SUDESTE/CENTRO-OESTE;6273.126
2025-07-02 02:00:00;NORDESTE;SUDESTE/CENTRO-OESTE;6369.993
2025-07-02 03:00:00;NORDESTE;SUDESTE/CENTRO-OESTE;6299.03
2025-07-02 04:00:00;NORDESTE;SUDESTE/CENTRO-OESTE;6391.296
2025-07-02 05:00:00;NORDESTE;SUDESTE/CENTRO-OESTE;6355.437
2025-07-02 06:00:00;NORDESTE;SUDESTE/CENTRO-OESTE;6971.027
2025-07-02 07:00:00;NORDESTE;SUDESTE/CENTRO-OESTE;7306.083
2025-07-02 08:00:00;NORDESTE;SUDESTE/CENTRO-OESTE;6367.068
2025-07-02 09:00:00;NORDESTE;SUDESTE/CENTRO-OESTE;6378.235
2025-07-02 10:00:00;NORDESTE;SUDESTE/CENTRO-OESTE;5993.684
2025-07-02 11:00:00;NORDESTE;SUDESTE/CENTRO-OESTE;5828.745
2025-07-02 12:00:00;NORDESTE;SUDESTE/CENTRO-OESTE;5462.825
2025-07-02 13:00:00;NORDESTE;SUDESTE/CENTRO-OESTE;5426.83
2025-07-02 14:00:00;NORDESTE;SUDESTE/CENTRO-OESTE;5803.417
2025-07-02 15:00:00;NORDESTE;SUDESTE/CENTRO-OESTE;4893.301
2025-07-02 16:00:00;NORDESTE;SUDESTE/CENTRO-OESTE;5245.587
2025-07-02 17:00:00;NORDESTE;SUDESTE/CENTRO-OESTE;6135.596
2025-07-02 18:00:00;NORDESTE;SUDESTE/CENTRO-OESTE;7246.006
2025-07-02 19:00:00;NORDESTE;SUDESTE/CENTRO-OESTE;7957.006
2025-07-02 20:00:00;NORDESTE;SUDESTE/CENTRO-OESTE;7321.522
2025-07-02 21:00:00;NORDESTE;SUDESTE/CENTRO-OESTE;7241.597
2025-07-02 22:00:00;NORDESTE;SUDESTE/CENTRO-OESTE;7055.658
2025-07-02 23:00:00;NORDESTE;SUDESTE/CENTRO-OESTE;6427.909
2025-07-03 00:00:00;NORDESTE;SUDESTE/CENTRO-OESTE;6193.774
2025-07-03 01:00:00;NORDESTE;SUDESTE/CENTRO-OESTE;6091.674
2025-07-03 02:00:00;NORDESTE;SUDESTE/CENTRO-OESTE;5625.915
2025-07-03 03:00:00;NORDESTE;SUDESTE/CENTRO-OESTE;5908.861
2025-07-03 04:00:00;NORDESTE;SUDESTE/CENTRO-OESTE;5822.483
2025-07-03 05:00:00;NORDESTE;SUDESTE/CENTRO-OESTE;5973.42
2025-07-03 06:00:00;NORDESTE;SUDESTE/CENTRO-OESTE;6964.455
2025-07-03 07:00:00;NORDESTE;SUDESTE/CENTRO-OESTE;7693.016
2025-07-03 08:00:00;NORDESTE;SUDESTE/CENTRO-OESTE;6894.813
2025-07-03 09:00:00;NORDESTE;SUDESTE/CENTRO-OESTE;6426.653
2025-07-03 10:00:00;NORDESTE;SUDESTE/CENTRO-OESTE;6300.042
2025-07-03 11:00:00;NORDESTE;SUDESTE/CENTRO-OESTE;6186.628
2025-07-03 12:00:00;NORDESTE;SUDESTE/CENTRO-OESTE;6225.19
2025-07-03 13:00:00;NORDESTE;SUDESTE/CENTRO-OESTE;5858.621
2025-07-03 14:00:00;NORDESTE;SUDESTE/CENTRO-OESTE;5414.157
2025-07-03 15:00:00;NORDESTE;SUDESTE/CENTRO-OESTE;5491.463
2025-07-03 16:00:00;NORDESTE;SUDESTE/CENTRO-OESTE;5253.228
2025-07-03 17:00:00;NORDESTE;SUDESTE/CENTRO-OESTE;5322.64999999
2025-07-03 18:00:00;NORDESTE;SUDESTE/CENTRO-OESTE;6600.365
2025-07-03 19:00:00;NORDESTE;SUDESTE/CENTRO-OESTE;6996.367
2025-07-03 20:00:00;NORDESTE;SUDESTE/CENTRO-OESTE;6852.138
2025-07-03 21:00:00;NORDESTE;SUDESTE/CENTRO-OESTE;6313.042
2025-07-03 22:00:00;NORDESTE;SUDESTE/CENTRO-OESTE;6279.552
2025-07-03 23:00:00;NORDESTE;SUDESTE/CENTRO-OESTE;5871.431
2025-07-04 00:00:00;NORDESTE;SUDESTE/CENTRO-OESTE;5939.058
2025-07-04 01:00:00;NORDESTE;SUDESTE/CENTRO-OESTE;5599.534
2025-07-04 02:00:00;NORDESTE;SUDESTE/CENTRO-OESTE;5598.736
2025-07-04 03:00:00;NORDESTE;SUDESTE/CENTRO-OESTE;5612.247
2025-07-04 04:00:00;NORDESTE;SUDESTE/CENTRO-OESTE;5457.933
2025-07-04 05:00:00;NORDESTE;SUDESTE/CENTRO-OESTE;5124.001
2025-07-04 06:00:00;NORDESTE;SUDESTE/CENTRO-OESTE;6025.194
2025-07-04 07:00:00;NORDESTE;SUDESTE/CENTRO-OESTE;7440.265
2025-07-04 08:00:00;NORDESTE;SUDESTE/CENTRO-OESTE;6987.132
2025-07-04 09:00:00;NORDESTE;SUDESTE/CENTRO-OESTE;6930.545
2025-07-04 10:00:00;NORDESTE;SUDESTE/CENTRO-OESTE;6332.794
2025-07-04 11:00:00;NORDESTE;SUDESTE/CENTRO-OESTE;6245.957
2025-07-04 12:00:00;NORDESTE;SUDESTE/CENTRO-OESTE;5186.924
2025-07-04 13:00:00;NORDESTE;SUDESTE/CENTRO-OESTE;4775.11399999
2025-07-04 14:00:00;NORDESTE;SUDESTE/CENTRO-OESTE;4706.268
2025-07-04 15:00:00;NORDESTE;SUDESTE/CENTRO-OESTE;4761.09
2025-07-04 16:00:00;NORDESTE;SUDESTE/CENTRO-OESTE;5111.041
2025-07-04 17:00:00;NORDESTE;SUDESTE/CENTRO-OESTE;4538.362
2025-07-04 18:00:00;NORDESTE;SUDESTE/CENTRO-OESTE;5895.902
2025-07-04 19:00:00;NORDESTE;SUDESTE/CENTRO-OESTE;6845.757
2025-07-04 20:00:00;NORDESTE;SUDESTE/CENTRO-OESTE;7120.555
2025-07-04 21:00:00;NORDESTE;SUDESTE/CENTRO-OESTE;6585.175
2025-07-04 22:00:00;NORDESTE;SUDESTE/CENTRO-OESTE;6083.608
2025-07-04 23:00:00;NORDESTE;SUDESTE/CENTRO-OESTE;5103.877
2025-07-05 00:00:00;NORDESTE;SUDESTE/CENTRO-OESTE;4877.634
2025-07-05 01:00:00;NORDESTE;SUDESTE/CENTRO-OESTE;4464.876
2025-07-05 02:00:00;NORDESTE;SUDESTE/CENTRO-OESTE;4510.656
2025-07-05 03:00:00;NORDESTE;SUDESTE/CENTRO-OESTE;4879.589
2025-07-05 04:00:00;NORDESTE;SUDESTE/CENTRO-OESTE;5185.189
2025-07-05 05:00:00;NORDESTE;SUDESTE/CENTRO-OESTE;5357.238
2025-07-05 06:00:00;NORDESTE;SUDESTE/CENTRO-OESTE;5685.994
2025-07-05 07:00:00;NORDESTE;SUDESTE/CENTRO-OESTE;6070.97
2025-07-05 08:00:00;NORDESTE;SUDESTE/CENTRO-OESTE;4843.42199999
2025-07-05 09:00:00;NORDESTE;SUDESTE/CENTRO-OESTE;3169.093
2025-07-05 10:00:00;NORDESTE;SUDESTE/CENTRO-OESTE;2041.848
2025-07-05 11:00:00;NORDESTE;SUDESTE/CENTRO-OESTE;1162.54299999
2025-07-05 12:00:00;NORDESTE;SUDESTE/CENTRO-OESTE;935.788
2025-07-05 13:00:00;NORDESTE;SUDESTE/CENTRO-OESTE;982.661
2025-07-05 14:00:00;NORDESTE;SUDESTE/CENTRO-OESTE;1742.045
2025-07-05 15:00:00;NORDESTE;SUDESTE/CENTRO-OESTE;2679.222
2025-07-05 16:00:00;NORDESTE;SUDESTE/CENTRO-OESTE;3367.994
2025-07-05 17:00:00;NORDESTE;SUDESTE/CENTRO-OESTE;3334.7
2025-07-05 18:00:00;NORDESTE;SUDESTE/CENTRO-OESTE;3688.72
2025-07-05 19:00:00;NORDESTE;SUDESTE/CENTRO-OESTE;4377.43599999
2025-07-05 20:00:00;NORDESTE;SUDESTE/CENTRO-OESTE;5052.99
2025-07-05 21:00:00;NORDESTE;SUDESTE/CENTRO-OESTE;5448.058
2025-07-05 22:00:00;NORDESTE;SUDESTE/CENTRO-OESTE;5454.902
2025-07-05 23:00:00;NORDESTE;SUDESTE/CENTRO-OESTE;4636.961
2025-07-06 00:00:00;NORDESTE;SUDESTE/CENTRO-OESTE;4191.979
2025-07-06 01:00:00;NORDESTE;SUDESTE/CENTRO-OESTE;4250.35
2025-07-06 02:00:00;NORDESTE;SUDESTE/CENTRO-OESTE;4323.125
2025-07-06 03:00:00;NORDESTE;SUDESTE/CENTRO-OESTE;4266.289
2025-07-06 04:00:00;NORDESTE;SUDESTE/CENTRO-OESTE;3951.893
2025-07-06 05:00:00;NORDESTE;SUDESTE/CENTRO-OESTE;3804.069
2025-07-06 06:00:00;NORDESTE;SUDESTE/CENTRO-OESTE;4537.006
2025-07-06 07:00:00;NORDESTE;SUDESTE/CENTRO-OESTE;3189.581
2025-07-06 08:00:00;NORDESTE;SUDESTE/CENTRO-OESTE;2356.217
2025-07-06 09:00:00;NORDESTE;SUDESTE/CENTRO-OESTE;893.076
2025-07-06 10:00:00;NORDESTE;SUDESTE/CENTRO-OESTE;2.602
2025-07-06 11:00:00;NORDESTE;SUDESTE/CENTRO-OESTE;-410.629
2025-07-06 12:00:00;NORDESTE;SUDESTE/CENTRO-OESTE;-930.229
2025-07-06 13:00:00;NORDESTE;SUDESTE/CENTRO-OESTE;-1015.963
2025-07-06 14:00:00;NORDESTE;SUDESTE/CENTRO-OESTE;-800.256
2025-07-06 15:00:00;NORDESTE;SUDESTE/CENTRO-OESTE;244.726
2025-07-06 16:00:00;NORDESTE;SUDESTE/CENTRO-OESTE;2332.116
2025-07-06 17:00:00;NORDESTE;SUDESTE/CENTRO-OESTE;2725.953
2025-07-06 18:00:00;NORDESTE;SUDESTE/CENTRO-OESTE;3758.364
2025-07-06 19:00:00;NORDESTE;SUDESTE/CENTRO-OESTE;4639.901
2025-07-06 20:00:00;NORDESTE;SUDESTE/CENTRO-OESTE;4694.414
2025-07-06 21:00:00;NORDESTE;SUDESTE/CENTRO-OESTE;4376.269
2025-07-06 22:00:00;NORDESTE;SUDESTE/CENTRO-OESTE;4727.892
2025-07-06 23:00:00;NORDESTE;SUDESTE/CENTRO-OESTE;4444.331
2025-07-07 00:00:00;NORDESTE;SUDESTE/CENTRO-OESTE;5053.55599999
2025-07-07 01:00:00;NORDESTE;SUDESTE/CENTRO-OESTE;5309.442
2025-07-07 02:00:00;NORDESTE;SUDESTE/CENTRO-OESTE;5541.777
2025-07-07 03:00:00;NORDESTE;SUDESTE/CENTRO-OESTE;5481.636
2025-07-07 04:00:00;NORDESTE;SUDESTE/CENTRO-OESTE;5397.218
2025-07-07 05:00:00;NORDESTE;SUDESTE/CENTRO-OESTE;5580.406
2025-07-07 06:00:00;NORDESTE;SUDESTE/CENTRO-OESTE;6249.271
2025-07-07 07:00:00;NORDESTE;SUDESTE/CENTRO-OESTE;7326.029
2025-07-07 08:00:00;NORDESTE;SUDESTE/CENTRO-OESTE;7518.248
2025-07-07 09:00:00;NORDESTE;SUDESTE/CENTRO-OESTE;5181.126
2025-07-07 10:00:00;NORDESTE;SUDESTE/CENTRO-OESTE;4406.81099999
2025-07-07 11:00:00;NORDESTE;SUDESTE/CENTRO-OESTE;3782.692
2025-07-07 12:00:00;NORDESTE;SUDESTE/CENTRO-OESTE;2823.693
2025-07-07 13:00:00;NORDESTE;SUDESTE/CENTRO-OESTE;2626.911
2025-07-07 14:00:00;NORDESTE;SUDESTE/CENTRO-OESTE;3316.351
2025-07-07 15:00:00;NORDESTE;SUDESTE/CENTRO-OESTE;4064.51
2025-07-07 16:00:00;NORDESTE;SUDESTE/CENTRO-OESTE;4372.604
2025-07-07 17:00:00;NORDESTE;SUDESTE/CENTRO-OESTE;5224.408
2025-07-07 18:00:00;NORDESTE;SUDESTE/CENTRO-OESTE;6220.375
2025-07-07 19:00:00;NORDESTE;SUDESTE/CENTRO-OESTE;6409.956
2025-07-07 20:00:00;NORDESTE;SUDESTE/CENTRO-OESTE;6452.76
2025-07-07 21:00:00;NORDESTE;SUDESTE/CENTRO-OESTE;6164.155
2025-07-07 22:00:00;NORDESTE;SUDESTE/CENTRO-OESTE;5757.543
2025-07-07 23:00:00;NORDESTE;SUDESTE/CENTRO-OESTE;5548.342
2025-07-08 00:00:00;NORDESTE;SUDESTE/CENTRO-OESTE;5227.291
2025-07-08 01:00:00;NORDESTE;SUDESTE/CENTRO-OESTE;5611.676
2025-07-08 02:00:00;NORDESTE;SUDESTE/CENTRO-OESTE;5800.717
2025-07-08 03:00:00;NORDESTE;SUDESTE/CENTRO-OESTE;5820.307
2025-07-08 04:00:00;NORDESTE;SUDESTE/CENTRO-OESTE;5694.991
2025-07-08 05:00:00;NORDESTE;SUDESTE/CENTRO-OESTE;5795.294
2025-07-08 06:00:00;NORDESTE;SUDESTE/CENTRO-OESTE;6801.1
2025-07-08 07:00:00;NORDESTE;SUDESTE/CENTRO-OESTE;7885.379
2025-07-08 08:00:00;NORDESTE;SUDESTE/CENTRO-OESTE;7620.035
2025-07-08 09:00:00;NORDESTE;SUDESTE/CENTRO-OESTE;6354.902
2025-07-08 10:00:00;NORDESTE;SUDESTE/CENTRO-OESTE;4482.47599999
2025-07-08 11:00:00;NORDESTE;SUDESTE/CENTRO-OESTE;3225.215
2025-07-08 12:00:00;NORDESTE;SUDESTE/CENTRO-OESTE;1995.732
2025-07-08 13:00:00;NORDESTE;SUDESTE/CENTRO-OESTE;2241.024
2025-07-08 14:00:00;NORDESTE;SUDESTE/CENTRO-OESTE;2506.12199999
2025-07-08 15:00:00;NORDESTE;SUDESTE/CENTRO-OESTE;2887.63
2025-07-08 16:00:00;NORDESTE;SUDESTE/CENTRO-OESTE;2848.276
2025-07-08 17:00:00;NORDESTE;SUDESTE/CENTRO-OESTE;3010.382
2025-07-08 18:00:00;NORDESTE;SUDESTE/CENTRO-OESTE;4797.594
2025-07-08 19:00:00;NORDESTE;SUDESTE/CENTRO-OESTE;5267.977
2025-07-08 20:00:00;NORDESTE;SUDESTE/CENTRO-OESTE;6237.112
2025-07-08 21:00:00;NORDESTE;SUDESTE/CENTRO-OESTE;6283.37
2025-07-08 22:00:00;NORDESTE;SUDESTE/CENTRO-OESTE;5738.943
2025-07-08 23:00:00;NORDESTE;SUDESTE/CENTRO-OESTE;5276.575
2025-07-09 00:00:00;NORDESTE;SUDESTE/CENTRO-OESTE;4935.38199999
2025-07-09 01:00:00;NORDESTE;SUDESTE/CENTRO-OESTE;4838.309
2025-07-09 02:00:00;NORDESTE;SUDESTE/CENTRO-OESTE;4975.019
2025-07-09 03:00:00;NORDESTE;SUDESTE/CENTRO-OESTE;5004.097
2025-07-09 04:00:00;NORDESTE;SUDESTE/CENTRO-OESTE;5131.058
2025-07-09 05:00:00;NORDESTE;SUDESTE/CENTRO-OESTE;5417.68599999
2025-07-09 06:00:00;NORDESTE;SUDESTE/CENTRO-OESTE;6301.622
2025-07-09 07:00:00;NORDESTE;SUDESTE/CENTRO-OESTE;6676.328
2025-07-09 08:00:00;NORDESTE;SUDESTE/CENTRO-OESTE;6266.99
2025-07-09 09:00:00;NORDESTE;SUDESTE/CENTRO-OESTE;5143.14099999
2025-07-09 10:00:00;NORDESTE;SUDESTE/CENTRO-OESTE;3695.617
2025-07-09 11:00:00;NORDESTE;SUDESTE/CENTRO-OESTE;2993.555
2025-07-09 12:00:00;NORDESTE;SUDESTE/CENTRO-OESTE;1760.396
2025-07-09 13:00:00;NORDESTE;SUDESTE/CENTRO-OESTE;1605.122
2025-07-09 14:00:00;NORDESTE;SUDESTE/CENTRO-OESTE;1643.159
2025-07-09 15:00:00;NORDESTE;SUDESTE/CENTRO-OESTE;2264.81599999
2025-07-09 16:00:00;NORDESTE;SUDESTE/CENTRO-OESTE;2818.783
2025-07-09 17:00:00;NORDESTE;SUDESTE/CENTRO-OESTE;3457.403
2025-07-09 18:00:00;NORDESTE;SUDESTE/CENTRO-OESTE;5472.854
2025-07-09 19:00:00;NORDESTE;SUDESTE/CENTRO-OESTE;6216.688
2025-07-09 20:00:00;NORDESTE;SUDESTE/CENTRO-OESTE;6393.447
2025-07-09 21:00:00;NORDESTE;SUDESTE/CENTRO-OESTE;6376.914
2025-07-09 22:00:00;NORDESTE;SUDESTE/CENTRO-OESTE;6306.466
2025-07-09 23:00:00;NORDESTE;SUDESTE/CENTRO-OESTE;6392.009
2025-07-10 00:00:00;NORDESTE;SUDESTE/CENTRO-OESTE;6125.861
2025-07-10 01:00:00;NORDESTE;SUDESTE/CENTRO-OESTE;6169.835
2025-07-10 02:00:00;NORDESTE;SUDESTE/CENTRO-OESTE;6221.809
2025-07-10 03:00:00;NORDESTE;SUDESTE/CENTRO-OESTE;6281.029
2025-07-10 04:00:00;NORDESTE;SUDESTE/CENTRO-OESTE;6460.096
2025-07-10 05:00:00;NORDESTE;SUDESTE/CENTRO-OESTE;6468.512
2025-07-10 06:00:00;NORDESTE;SUDESTE/CENTRO-OESTE;6655.574
2025-07-10 07:00:00;NORDESTE;SUDESTE/CENTRO-OESTE;6682.762
2025-07-10 08:00:00;NORDESTE;SUDESTE/CENTRO-OESTE;5709.025
2025-07-10 09:00:00;NORDESTE;SUDESTE/CENTRO-OESTE;5262.216
2025-07-10 10:00:00;NORDESTE;SUDESTE/CENTRO-OESTE;5026.162
2025-07-10 11:00:00;NORDESTE;SUDESTE/CENTRO-OESTE;4150.769
2025-07-10 12:00:00;NORDESTE;SUDESTE/CENTRO-OESTE;3106.857
2025-07-10 13:00:00;NORDESTE;SUDESTE/CENTRO-OESTE;2997.368
2025-07-10 14:00:00;NORDESTE;SUDESTE/CENTRO-OESTE;4307.345
2025-07-10 15:00:00;NORDESTE;SUDESTE/CENTRO-OESTE;4714.515
2025-07-10 16:00:00;NORDESTE;SUDESTE/CENTRO-OESTE;5949.169
2025-07-10 17:00:00;NORDESTE;SUDESTE/CENTRO-OESTE;5990.267
2025-07-10 18:00:00;NORDESTE;SUDESTE/CENTRO-OESTE;6483.947
2025-07-10 19:00:00;NORDESTE;SUDESTE/CENTRO-OESTE;6733.698
2025-07-10 20:00:00;NORDESTE;SUDESTE/CENTRO-OESTE;6652.024
2025-07-10 21:00:00;NORDESTE;SUDESTE/CENTRO-OESTE;6518.474
2025-07-10 22:00:00;NORDESTE;SUDESTE/CENTRO-OESTE;6182.554
2025-07-10 23:00:00;NORDESTE;SUDESTE/CENTRO-OESTE;6067.382
2025-07-11 00:00:00;NORDESTE;SUDESTE/CENTRO-OESTE;5946.546
2025-07-11 01:00:00;NORDESTE;SUDESTE/CENTRO-OESTE;6290.14
2025-07-11 02:00:00;NORDESTE;SUDESTE/CENTRO-OESTE;6367.413
2025-07-11 03:00:00;NORDESTE;SUDESTE/CENTRO-OESTE;6704.98
2025-07-11 04:00:00;NORDESTE;SUDESTE/CENTRO-OESTE;6434.143
2025-07-11 05:00:00;NORDESTE;SUDESTE/CENTRO-OESTE;6299.079
2025-07-11 06:00:00;NORDESTE;SUDESTE/CENTRO-OESTE;6421.313
2025-07-11 07:00:00;NORDESTE;SUDESTE/CENTRO-OESTE;6095.832
2025-07-11 08:00:00;NORDESTE;SUDESTE/CENTRO-OESTE;5247.665
2025-07-11 09:00:00;NORDESTE;SUDESTE/CENTRO-OESTE;5239.263
2025-07-11 10:00:00;NORDESTE;SUDESTE/CENTRO-OESTE;4467.104
2025-07-11 11:00:00;NORDESTE;SUDESTE/CENTRO-OESTE;3326.803
2025-07-11 12:00:00;NORDESTE;SUDESTE/CENTRO-OESTE;3319.194
2025-07-11 13:00:00;NORDESTE;SUDESTE/CENTRO-OESTE;4819.78
2025-07-11 14:00:00;NORDESTE;SUDESTE/CENTRO-OESTE;5368.271
2025-07-11 15:00:00;NORDESTE;SUDESTE/CENTRO-OESTE;5834.849
2025-07-11 16:00:00;NORDESTE;SUDESTE/CENTRO-OESTE;6118.465
2025-07-11 17:00:00;NORDESTE;SUDESTE/CENTRO-OESTE;6516.521
2025-07-11 18:00:00;NORDESTE;SUDESTE/CENTRO-OESTE;7582.538
2025-07-11 19:00:00;NORDESTE;SUDESTE/CENTRO-OESTE;7773.018
2025-07-11 20:00:00;NORDESTE;SUDESTE/CENTRO-OESTE;7935.361
2025-07-11 21:00:00;NORDESTE;SUDESTE/CENTRO-OESTE;7874.46
2025-07-11 22:00:00;NORDESTE;SUDESTE/CENTRO-OESTE;7613.664
2025-07-11 23:00:00;NORDESTE;SUDESTE/CENTRO-OESTE;7005.522
2025-07-12 00:00:00;NORDESTE;SUDESTE/CENTRO-OESTE;6659.317
2025-07-12 01:00:00;NORDESTE;SUDESTE/CENTRO-OESTE;6421.142
2025-07-12 02:00:00;NORDESTE;SUDESTE/CENTRO-OESTE;5761.341
2025-07-12 03:00:00;NORDESTE;SUDESTE/CENTRO-OESTE;6074.123
2025-07-12 04:00:00;NORDESTE;SUDESTE/CENTRO-OESTE;6207.557
2025-07-12 05:00:00;NORDESTE;SUDESTE/CENTRO-OESTE;6182.461
2025-07-12 06:00:00;NORDESTE;SUDESTE/CENTRO-OESTE;6014.153
2025-07-12 07:00:00;NORDESTE;SUDESTE/CENTRO-OESTE;6051.731
2025-07-12 08:00:00;NORDESTE;SUDESTE/CENTRO-OESTE;5703.663
2025-07-12 09:00:00;NORDESTE;SUDESTE/CENTRO-OESTE;5553.782
2025-07-12 10:00:00;NORDESTE;SUDESTE/CENTRO-OESTE;4790.19899999
2025-07-12 11:00:00;NORDESTE;SUDESTE/CENTRO-OESTE;3765.189
2025-07-12 12:00:00;NORDESTE;SUDESTE/CENTRO-OESTE;3175.602
2025-07-12 13:00:00;NORDESTE;SUDESTE/CENTRO-OESTE;3309.084
2025-07-12 14:00:00;NORDESTE;SUDESTE/CENTRO-OESTE;4591.029
2025-07-12 15:00:00;NORDESTE;SUDESTE/CENTRO-OESTE;4847.442
2025-07-12 16:00:00;NORDESTE;SUDESTE/CENTRO-OESTE;4440.256
2025-07-12 17:00:00;NORDESTE;SUDESTE/CENTRO-OESTE;3994.646
2025-07-12 18:00:00;NORDESTE;SUDESTE/CENTRO-OESTE;4742.904
2025-07-12 19:00:00;NORDESTE;SUDESTE/CENTRO-OESTE;5742.646
2025-07-12 20:00:00;NORDESTE;SUDESTE/CENTRO-OESTE;5539.256
2025-07-12 21:00:00;NORDESTE;SUDESTE/CENTRO-OESTE;5570.792
2025-07-12 22:00:00;NORDESTE;SUDESTE/CENTRO-OESTE;5564.925
2025-07-12 23:00:00;NORDESTE;SUDESTE/CENTRO-OESTE;5188.479
2025-07-13 00:00:00;NORDESTE;SUDESTE/CENTRO-OESTE;5141.31
2025-07-13 01:00:00;NORDESTE;SUDESTE/CENTRO-OESTE;5258.223
2025-07-13 02:00:00;NORDESTE;SUDESTE/CENTRO-OESTE;5507.539
2025-07-13 03:00:00;NORDESTE;SUDESTE/CENTRO-OESTE;5558.262
2025-07-13 04:00:00;NORDESTE;SUDESTE/CENTRO-OESTE;5024.241
2025-07-13 05:00:00;NORDESTE;SUDESTE/CENTRO-OESTE;4989.388
2025-07-13 06:00:00;NORDESTE;SUDESTE/CENTRO-OESTE;5921.903
2025-07-13 07:00:00;NORDESTE;SUDESTE/CENTRO-OESTE;5323.222
2025-07-13 08:00:00;NORDESTE;SUDESTE/CENTRO-OESTE;3665.086
2025-07-13 09:00:00;NORDESTE;SUDESTE/CENTRO-OESTE;2006.875
2025-07-13 10:00:00;NORDESTE;SUDESTE/CENTRO-OESTE;746.561
2025-07-13 11:00:00;NORDESTE;SUDESTE/CENTRO-OESTE;182.822
2025-07-13 12:00:00;NORDESTE;SUDESTE/CENTRO-OESTE;-318.612
2025-07-13 13:00:00;NORDESTE;SUDESTE/CENTRO-OESTE;-392.984
2025-07-13 14:00:00;NORDESTE;SUDESTE/CENTRO-OESTE;378.91
2025-07-13 15:00:00;NORDESTE;SUDESTE/CENTRO-OESTE;2739.089
2025-07-13 16:00:00;NORDESTE;SUDESTE/CENTRO-OESTE;4251.825
2025-07-13 17:00:00;NORDESTE;SUDESTE/CENTRO-OESTE;4274.767
2025-07-13 18:00:00;NORDESTE;SUDESTE/CENTRO-OESTE;5123.617
2025-07-13 19:00:00;NORDESTE;SUDESTE/CENTRO-OESTE;5584.431
2025-07-13 20:00:00;NORDESTE;SUDESTE/CENTRO-OESTE;5573.904
2025-07-13 21:00:00;NORDESTE;SUDESTE/CENTRO-OESTE;5400.711
2025-07-13 22:00:00;NORDESTE;SUDESTE/CENTRO-OESTE;5544.395
2025-07-13 23:00:00;NORDESTE;SUDESTE/CENTRO-OESTE;5151.85
2025-07-14 00:00:00;NORDESTE;SUDESTE/CENTRO-OESTE;5214.193
2025-07-14 01:00:00;NORDESTE;SUDESTE/CENTRO-OESTE;5388.707
2025-07-14 02:00:00;NORDESTE;SUDESTE/CENTRO-OESTE;5424.99799999
2025-07-14 03:00:00;NORDESTE;SUDESTE/CENTRO-OESTE;5286.34199999
2025-07-14 04:00:00;NORDESTE;SUDESTE/CENTRO-OESTE;5172.25699999
2025-07-14 05:00:00;NORDESTE;SUDESTE/CENTRO-OESTE;5004.863
2025-07-14 06:00:00;NORDESTE;SUDESTE/CENTRO-OESTE;5998.085
2025-07-14 07:00:00;NORDESTE;SUDESTE/CENTRO-OESTE;7594.539
2025-07-14 08:00:00;NORDESTE;SUDESTE/CENTRO-OESTE;7088.76
2025-07-14 09:00:00;NORDESTE;SUDESTE/CENTRO-OESTE;5683.278
2025-07-14 10:00:00;NORDESTE;SUDESTE/CENTRO-OESTE;4898.30199999
2025-07-14 11:00:00;NORDESTE;SUDESTE/CENTRO-OESTE;3905.843
2025-07-14 12:00:00;NORDESTE;SUDESTE/CENTRO-OESTE;3135.377
2025-07-14 13:00:00;NORDESTE;SUDESTE/CENTRO-OESTE;3722.495
2025-07-14 14:00:00;NORDESTE;SUDESTE/CENTRO-OESTE;4470.925
2025-07-14 15:00:00;NORDESTE;SUDESTE/CENTRO-OESTE;5042.35
2025-07-14 16:00:00;NORDESTE;SUDESTE/CENTRO-OESTE;5285.068
2025-07-14 17:00:00;NORDESTE;SUDESTE/CENTRO-OESTE;5221.013
2025-07-14 18:00:00;NORDESTE;SUDESTE/CENTRO-OESTE;6506.537
2025-07-14 19:00:00;NORDESTE;SUDESTE/CENTRO-OESTE;7342.619
2025-07-14 20:00:00;NORDESTE;SUDESTE/CENTRO-OESTE;7152.673
2025-07-14 21:00:00;NORDESTE;SUDESTE/CENTRO-OESTE;6662.68
2025-07-14 22:00:00;NORDESTE;SUDESTE/CENTRO-OESTE;6553.692
2025-07-14 23:00:00;NORDESTE;SUDESTE/CENTRO-OESTE;6301.941
2025-07-15 00:00:00;NORDESTE;SUDESTE/CENTRO-OESTE;6102.028
2025-07-15 01:00:00;NORDESTE;SUDESTE/CENTRO-OESTE;6075.759
2025-07-15 02:00:00;NORDESTE;SUDESTE/CENTRO-OESTE;6063.427
2025-07-15 03:00:00;NORDESTE;SUDESTE/CENTRO-OESTE;6029.681
2025-07-15 04:00:00;NORDESTE;SUDESTE/CENTRO-OESTE;5836.701
2025-07-15 05:00:00;NORDESTE;SUDESTE/CENTRO-OESTE;6432.828
2025-07-15 06:00:00;NORDESTE;SUDESTE/CENTRO-OESTE;7128.024
2025-07-15 07:00:00;NORDESTE;SUDESTE/CENTRO-OESTE;6622.148
2025-07-15 08:00:00;NORDESTE;SUDESTE/CENTRO-OESTE;5442.41299999
2025-07-15 09:00:00;NORDESTE;SUDESTE/CENTRO-OESTE;4980.26599999
2025-07-15 10:00:00;NORDESTE;SUDESTE/CENTRO-OESTE;4174.125
2025-07-15 11:00:00;NORDESTE;SUDESTE/CENTRO-OESTE;3861.142
2025-07-15 12:00:00;NORDESTE;SUDESTE/CENTRO-OESTE;3439.134
2025-07-15 13:00:00;NORDESTE;SUDESTE/CENTRO-OESTE;3936.31
2025-07-15 14:00:00;NORDESTE;SUDESTE/CENTRO-OESTE;4182.10099999
2025-07-15 15:00:00;NORDESTE;SUDESTE/CENTRO-OESTE;4881.036
2025-07-15 16:00:00;NORDESTE;SUDESTE/CENTRO-OESTE;4032.473
2025-07-15 17:00:00;NORDESTE;SUDESTE/CENTRO-OESTE;3755.353
2025-07-15 18:00:00;NORDESTE;SUDESTE/CENTRO-OESTE;6040.556
2025-07-15 19:00:00;NORDESTE;SUDESTE/CENTRO-OESTE;6938.309
2025-07-15 20:00:00;NORDESTE;SUDESTE/CENTRO-OESTE;7094.799
2025-07-15 21:00:00;NORDESTE;SUDESTE/CENTRO-OESTE;7249.913
2025-07-15 22:00:00;NORDESTE;SUDESTE/CENTRO-OESTE;6572.233
2025-07-15 23:00:00;NORDESTE;SUDESTE/CENTRO-OESTE;5664.512
2025-07-16 00:00:00;NORDESTE;SUDESTE/CENTRO-OESTE;5844.174
2025-07-16 01:00:00;NORDESTE;SUDESTE/CENTRO-OESTE;6088.032
2025-07-16 02:00:00;NORDESTE;SUDESTE/CENTRO-OESTE;6165.255
2025-07-16 03:00:00;NORDESTE;SUDESTE/CENTRO-OESTE;6218.42
2025-07-16 04:00:00;NORDESTE;SUDESTE/CENTRO-OESTE;6171.897
2025-07-16 05:00:00;NORDESTE;SUDESTE/CENTRO-OESTE;6117.519
2025-07-16 06:00:00;NORDESTE;SUDESTE/CENTRO-OESTE;7126.101
2025-07-16 07:00:00;NORDESTE;SUDESTE/CENTRO-OESTE;7162.689
2025-07-16 08:00:00;NORDESTE;SUDESTE/CENTRO-OESTE;6307.705
2025-07-16 09:00:00;NORDESTE;SUDESTE/CENTRO-OESTE;4372.43099999
2025-07-16 10:00:00;NORDESTE;SUDESTE/CENTRO-OESTE;4238.84199999
2025-07-16 11:00:00;NORDESTE;SUDESTE/CENTRO-OESTE;3945.248
2025-07-16 12:00:00;NORDESTE;SUDESTE/CENTRO-OESTE;3407.371
2025-07-16 13:00:00;NORDESTE;SUDESTE/CENTRO-OESTE;4383.77499999
2025-07-16 14:00:00;NORDESTE;SUDESTE/CENTRO-OESTE;4462.148
2025-07-16 15:00:00;NORDESTE;SUDESTE/CENTRO-OESTE;4062.96
2025-07-16 16:00:00;NORDESTE;SUDESTE/CENTRO-OESTE;3059.981
2025-07-16 17:00:00;NORDESTE;SUDESTE/CENTRO-OESTE;3083.527
2025-07-16 18:00:00;NORDESTE;SUDESTE/CENTRO-OESTE;5458.669
2025-07-16 19:00:00;NORDESTE;SUDESTE/CENTRO-OESTE;6700.567
2025-07-16 20:00:00;NORDESTE;SUDESTE/CENTRO-OESTE;6601.632
2025-07-16 21:00:00;NORDESTE;SUDESTE/CENTRO-OESTE;5878.685
2025-07-16 22:00:00;NORDESTE;SUDESTE/CENTRO-OESTE;5789.086
2025-07-16 23:00:00;NORDESTE;SUDESTE/CENTRO-OESTE;5514.034
2025-07-17 00:00:00;NORDESTE;SUDESTE/CENTRO-OESTE;5678.006
2025-07-17 01:00:00;NORDESTE;SUDESTE/CENTRO-OESTE;6089.195
2025-07-17 02:00:00;NORDESTE;SUDESTE/CENTRO-OESTE;6544.918
2025-07-17 03:00:00;NORDESTE;SUDESTE/CENTRO-OESTE;6700.719
2025-07-17 04:00:00;NORDESTE;SUDESTE/CENTRO-OESTE;6940.488
2025-07-17 05:00:00;NORDESTE;SUDESTE/CENTRO-OESTE;6713.705
2025-07-17 06:00:00;NORDESTE;SUDESTE/CENTRO-OESTE;6829.106
2025-07-17 07:00:00;NORDESTE;SUDESTE/CENTRO-OESTE;6066.299
2025-07-17 08:00:00;NORDESTE;SUDESTE/CENTRO-OESTE;5479.607
2025-07-17 09:00:00;NORDESTE;SUDESTE/CENTRO-OESTE;5341.18599999
2025-07-17 10:00:00;NORDESTE;SUDESTE/CENTRO-OESTE;5326.089
2025-07-17 11:00:00;NORDESTE;SUDESTE/CENTRO-OESTE;4887.484
2025-07-17 12:00:00;NORDESTE;SUDESTE/CENTRO-OESTE;4451.423
2025-07-17 13:00:00;NORDESTE;SUDESTE/CENTRO-OESTE;4308.79
2025-07-17 14:00:00;NORDESTE;SUDESTE/CENTRO-OESTE;4090.977
2025-07-17 15:00:00;NORDESTE;SUDESTE/CENTRO-OESTE;3300.022
2025-07-17 16:00:00;NORDESTE;SUDESTE/CENTRO-OESTE;2733.067
2025-07-17 17:00:00;NORDESTE;SUDESTE/CENTRO-OESTE;2322.583
2025-07-17 18:00:00;NORDESTE;SUDESTE/CENTRO-OESTE;3940.688
2025-07-17 19:00:00;NORDESTE;SUDESTE/CENTRO-OESTE;5276.451
2025-07-17 20:00:00;NORDESTE;SUDESTE/CENTRO-OESTE;6059.93
2025-07-17 21:00:00;NORDESTE;SUDESTE/CENTRO-OESTE;6217.155
2025-07-17 22:00:00;NORDESTE;SUDESTE/CENTRO-OESTE;6103.369
2025-07-17 23:00:00;NORDESTE;SUDESTE/CENTRO-OESTE;5466.915
2025-07-18 00:00:00;NORDESTE;SUDESTE/CENTRO-OESTE;5370.03399999
2025-07-18 01:00:00;NORDESTE;SUDESTE/CENTRO-OESTE;5745.599
2025-07-18 02:00:00;NORDESTE;SUDESTE/CENTRO-OESTE;6177.903
2025-07-18 03:00:00;NORDESTE;SUDESTE/CENTRO-OESTE;6472.418
2025-07-18 04:00:00;NORDESTE;SUDESTE/CENTRO-OESTE;6348.957
2025-07-18 05:00:00;NORDESTE;SUDESTE/CENTRO-OESTE;6029.533
2025-07-18 06:00:00;NORDESTE;SUDESTE/CENTRO-OESTE;6708.595
2025-07-18 07:00:00;NORDESTE;SUDESTE/CENTRO-OESTE;6535.505
2025-07-18 08:00:00;NORDESTE;SUDESTE/CENTRO-OESTE;5942.853
2025-07-18 09:00:00;NORDESTE;SUDESTE/CENTRO-OESTE;5030.933
2025-07-18 10:00:00;NORDESTE;SUDESTE/CENTRO-OESTE;4646.081
2025-07-18 11:00:00;NORDESTE;SUDESTE/CENTRO-OESTE;3869.229
2025-07-18 12:00:00;NORDESTE;SUDESTE/CENTRO-OESTE;3278.627
2025-07-18 13:00:00;NORDESTE;SUDESTE/CENTRO-OESTE;3396.581
2025-07-18 14:00:00;NORDESTE;SUDESTE/CENTRO-OESTE;3793.857
2025-07-18 15:00:00;NORDESTE;SUDESTE/CENTRO-OESTE;4210.326
2025-07-18 16:00:00;NORDESTE;SUDESTE/CENTRO-OESTE;3094.157
2025-07-18 17:00:00;NORDESTE;SUDESTE/CENTRO-OESTE;3364.835
2025-07-18 18:00:00;NORDESTE;SUDESTE/CENTRO-OESTE;5293.289
2025-07-18 19:00:00;NORDESTE;SUDESTE/CENTRO-OESTE;6434.44
2025-07-18 20:00:00;NORDESTE;SUDESTE/CENTRO-OESTE;6874.886
2025-07-18 21:00:00;NORDESTE;SUDESTE/CENTRO-OESTE;6448.491
2025-07-18 22:00:00;NORDESTE;SUDESTE/CENTRO-OESTE;5780.655
2025-07-18 23:00:00;NORDESTE;SUDESTE/CENTRO-OESTE;5031.486
2025-07-19 00:00:00;NORDESTE;SUDESTE/CENTRO-OESTE;4812.247
2025-07-19 01:00:00;NORDESTE;SUDESTE/CENTRO-OESTE;4915.45
2025-07-19 02:00:00;NORDESTE;SUDESTE/CENTRO-OESTE;4754.68
2025-07-19 03:00:00;NORDESTE;SUDESTE/CENTRO-OESTE;4658.135
2025-07-19 04:00:00;NORDESTE;SUDESTE/CENTRO-OESTE;5071.04
2025-07-19 05:00:00;NORDESTE;SUDESTE/CENTRO-OESTE;5574.463
2025-07-19 06:00:00;NORDESTE;SUDESTE/CENTRO-OESTE;5878.784
2025-07-19 07:00:00;NORDESTE;SUDESTE/CENTRO-OESTE;5963.776
2025-07-19 08:00:00;NORDESTE;SUDESTE/CENTRO-OESTE;5000.07399999
2025-07-19 09:00:00;NORDESTE;SUDESTE/CENTRO-OESTE;4119.906
2025-07-19 10:00:00;NORDESTE;SUDESTE/CENTRO-OESTE;2661.933
2025-07-19 11:00:00;NORDESTE;SUDESTE/CENTRO-OESTE;1558.309
2025-07-19 12:00:00;NORDESTE;SUDESTE/CENTRO-OESTE;886.295
2025-07-19 13:00:00;NORDESTE;SUDESTE/CENTRO-OESTE;1069.784
2025-07-19 14:00:00;NORDESTE;SUDESTE/CENTRO-OESTE;1849.729
2025-07-19 15:00:00;NORDESTE;SUDESTE/CENTRO-OESTE;2657.227
2025-07-19 16:00:00;NORDESTE;SUDESTE/CENTRO-OESTE;3810.803
2025-07-19 17:00:00;NORDESTE;SUDESTE/CENTRO-OESTE;4556.396
2025-07-19 18:00:00;NORDESTE;SUDESTE/CENTRO-OESTE;6045.145
2025-07-19 19:00:00;NORDESTE;SUDESTE/CENTRO-OESTE;6117.112
2025-07-19 20:00:00;NORDESTE;SUDESTE/CENTRO-OESTE;5888.133
2025-07-19 21:00:00;NORDESTE;SUDESTE/CENTRO-OESTE;5531.155
2025-07-19 22:00:00;NORDESTE;SUDESTE/CENTRO-OESTE;5689.611
2025-07-19 23:00:00;NORDESTE;SUDESTE/CENTRO-OESTE;5337.521
2025-07-20 00:00:00;NORDESTE;SUDESTE/CENTRO-OESTE;5275.64
2025-07-20 01:00:00;NORDESTE;SUDESTE/CENTRO-OESTE;6002.564
2025-07-20 02:00:00;NORDESTE;SUDESTE/CENTRO-OESTE;6382.873
2025-07-20 03:00:00;NORDESTE;SUDESTE/CENTRO-OESTE;6250.471
2025-07-20 04:00:00;NORDESTE;SUDESTE/CENTRO-OESTE;5975.162
2025-07-20 05:00:00;NORDESTE;SUDESTE/CENTRO-OESTE;6033.284
2025-07-20 06:00:00;NORDESTE;SUDESTE/CENTRO-OESTE;6017.804
2025-07-20 07:00:00;NORDESTE;SUDESTE/CENTRO-OESTE;5301.424
2025-07-20 08:00:00;NORDESTE;SUDESTE/CENTRO-OESTE;2992.186
2025-07-20 09:00:00;NORDESTE;SUDESTE/CENTRO-OESTE;1979.316
2025-07-20 10:00:00;NORDESTE;SUDESTE/CENTRO-OESTE;913.515
2025-07-20 11:00:00;NORDESTE;SUDESTE/CENTRO-OESTE;426.086
2025-07-20 12:00:00;NORDESTE;SUDESTE/CENTRO-OESTE;430.775
2025-07-20 13:00:00;NORDESTE;SUDESTE/CENTRO-OESTE;389.818
2025-07-20 14:00:00;NORDESTE;SUDESTE/CENTRO-OESTE;1115.33
2025-07-20 15:00:00;NORDESTE;SUDESTE/CENTRO-OESTE;2654.444
2025-07-20 16:00:00;NORDESTE;SUDESTE/CENTRO-OESTE;3659.974
2025-07-20 17:00:00;NORDESTE;SUDESTE/CENTRO-OESTE;3457.489
2025-07-20 18:00:00;NORDESTE;SUDESTE/CENTRO-OESTE;4462.694
2025-07-20 19:00:00;NORDESTE;SUDESTE/CENTRO-OESTE;5619.22
2025-07-20 20:00:00;NORDESTE;SUDESTE/CENTRO-OESTE;5796.264
2025-07-20 21:00:00;NORDESTE;SUDESTE/CENTRO-OESTE;6110.746
2025-07-20 22:00:00;NORDESTE;SUDESTE/CENTRO-OESTE;5396.549
2025-07-20 23:00:00;NORDESTE;SUDESTE/CENTRO-OESTE;5468.745
2025-07-21 00:00:00;NORDESTE;SUDESTE/CENTRO-OESTE;5783.261
2025-07-21 01:00:00;NORDESTE;SUDESTE/CENTRO-OESTE;5784.589
2025-07-21 02:00:00;NORDESTE;SUDESTE/CENTRO-OESTE;5669.589
2025-07-21 03:00:00;NORDESTE;SUDESTE/CENTRO-OESTE;5749.59
2025-07-21 04:00:00;NORDESTE;SUDESTE/CENTRO-OESTE;5814.915
2025-07-21 05:00:00;NORDESTE;SUDESTE/CENTRO-OESTE;5800.391
2025-07-21 06:00:00;NORDESTE;SUDESTE/CENTRO-OESTE;5744.604
2025-07-21 07:00:00;NORDESTE;SUDESTE/CENTRO-OESTE;5362.698
2025-07-21 08:00:00;NORDESTE;SUDESTE/CENTRO-OESTE;4994.491
2025-07-21 09:00:00;NORDESTE;SUDESTE/CENTRO-OESTE;4816.134
2025-07-21 10:00:00;NORDESTE;SUDESTE/CENTRO-OESTE;4101.022
2025-07-21 11:00:00;NORDESTE;SUDESTE/CENTRO-OESTE;3634.907
2025-07-21 12:00:00;NORDESTE;SUDESTE/CENTRO-OESTE;3207.13
2025-07-21 13:00:00;NORDESTE;SUDESTE/CENTRO-OESTE;3488.684
2025-07-21 14:00:00;NORDESTE;SUDESTE/CENTRO-OESTE;4091.899
2025-07-21 15:00:00;NORDESTE;SUDESTE/CENTRO-OESTE;4744.31099999
2025-07-21 16:00:00;NORDESTE;SUDESTE/CENTRO-OESTE;3799.32
2025-07-21 17:00:00;NORDESTE;SUDESTE/CENTRO-OESTE;3383.744
2025-07-21 18:00:00;NORDESTE;SUDESTE/CENTRO-OESTE;5539.823
2025-07-21 19:00:00;NORDESTE;SUDESTE/CENTRO-OESTE;6086.557
2025-07-21 20:00:00;NORDESTE;SUDESTE/CENTRO-OESTE;6491.888
2025-07-21 21:00:00;NORDESTE;SUDESTE/CENTRO-OESTE;6489.767
2025-07-21 22:00:00;NORDESTE;SUDESTE/CENTRO-OESTE;6299.605
2025-07-21 23:00:00;NORDESTE;SUDESTE/CENTRO-OESTE;5947.199
2025-07-22 00:00:00;NORDESTE;SUDESTE/CENTRO-OESTE;5868.388
2025-07-22 01:00:00;NORDESTE;SUDESTE/CENTRO-OESTE;6008.045
2025-07-22 02:00:00;NORDESTE;SUDESTE/CENTRO-OESTE;6101.83
2025-07-22 03:00:00;NORDESTE;SUDESTE/CENTRO-OESTE;5950.666
2025-07-22 04:00:00;NORDESTE;SUDESTE/CENTRO-OESTE;5973.93
2025-07-22 05:00:00;NORDESTE;SUDESTE/CENTRO-OESTE;6099.053
2025-07-22 06:00:00;NORDESTE;SUDESTE/CENTRO-OESTE;6894.03
2025-07-22 07:00:00;NORDESTE;SUDESTE/CENTRO-OESTE;6958.419
2025-07-22 08:00:00;NORDESTE;SUDESTE/CENTRO-OESTE;5572.747
2025-07-22 09:00:00;NORDESTE;SUDESTE/CENTRO-OESTE;4925.026
2025-07-22 10:00:00;NORDESTE;SUDESTE/CENTRO-OESTE;4468.28399999
2025-07-22 11:00:00;NORDESTE;SUDESTE/CENTRO-OESTE;3946.215
2025-07-22 12:00:00;NORDESTE;SUDESTE/CENTRO-OESTE;2763.044
2025-07-22 13:00:00;NORDESTE;SUDESTE/CENTRO-OESTE;2935.117
2025-07-22 14:00:00;NORDESTE;SUDESTE/CENTRO-OESTE;3563.774
2025-07-22 15:00:00;NORDESTE;SUDESTE/CENTRO-OESTE;3550.617
2025-07-22 16:00:00;NORDESTE;SUDESTE/CENTRO-OESTE;2870.503
2025-07-22 17:00:00;NORDESTE;SUDESTE/CENTRO-OESTE;2580.949
2025-07-22 18:00:00;NORDESTE;SUDESTE/CENTRO-OESTE;4796.55199999
2025-07-22 19:00:00;NORDESTE;SUDESTE/CENTRO-OESTE;5967.456
2025-07-22 20:00:00;NORDESTE;SUDESTE/CENTRO-OESTE;6553.645
2025-07-22 21:00:00;NORDESTE;SUDESTE/CENTRO-OESTE;6481.792
2025-07-22 22:00:00;NORDESTE;SUDESTE/CENTRO-OESTE;6155.558
2025-07-22 23:00:00;NORDESTE;SUDESTE/CENTRO-OESTE;5424.47999999
2025-07-23 00:00:00;NORDESTE;SUDESTE/CENTRO-OESTE;5546.398
2025-07-23 01:00:00;NORDESTE;SUDESTE/CENTRO-OESTE;5604.817
2025-07-23 02:00:00;NORDESTE;SUDESTE/CENTRO-OESTE;5368.305
2025-07-23 03:00:00;NORDESTE;SUDESTE/CENTRO-OESTE;5090.384
2025-07-23 04:00:00;NORDESTE;SUDESTE/CENTRO-OESTE;4828.10099999
2025-07-23 05:00:00;NORDESTE;SUDESTE/CENTRO-OESTE;5013.84199999
2025-07-23 06:00:00;NORDESTE;SUDESTE/CENTRO-OESTE;5728.749
2025-07-23 07:00:00;NORDESTE;SUDESTE/CENTRO-OESTE;6405.557
2025-07-23 08:00:00;NORDESTE;SUDESTE/CENTRO-OESTE;6210.964
2025-07-23 09:00:00;NORDESTE;SUDESTE/CENTRO-OESTE;5131.30199999
2025-07-23 10:00:00;NORDESTE;SUDESTE/CENTRO-OESTE;4229.313
2025-07-23 11:00:00;NORDESTE;SUDESTE/CENTRO-OESTE;3403.719
2025-07-23 12:00:00;NORDESTE;SUDESTE/CENTRO-OESTE;2881.767
2025-07-23 13:00:00;NORDESTE;SUDESTE/CENTRO-OESTE;3286.883
2025-07-23 14:00:00;NORDESTE;SUDESTE/CENTRO-OESTE;3110.038
2025-07-23 15:00:00;NORDESTE;SUDESTE/CENTRO-OESTE;3422.259
2025-07-23 16:00:00;NORDESTE;SUDESTE/CENTRO-OESTE;2554.59299999
2025-07-23 17:00:00;NORDESTE;SUDESTE/CENTRO-OESTE;2867.979
2025-07-23 18:00:00;NORDESTE;SUDESTE/CENTRO-OESTE;5068.709
2025-07-23 19:00:00;NORDESTE;SUDESTE/CENTRO-OESTE;5134.40899999
2025-07-23 20:00:00;NORDESTE;SUDESTE/CENTRO-OESTE;5183.852
2025-07-23 21:00:00;NORDESTE;SUDESTE/CENTRO-OESTE;5720.331
2025-07-23 22:00:00;NORDESTE;SUDESTE/CENTRO-OESTE;5914.875
2025-07-23 23:00:00;NORDESTE;SUDESTE/CENTRO-OESTE;5883.562
2025-07-24 00:00:00;NORDESTE;SUDESTE/CENTRO-OESTE;5928.844
2025-07-24 01:00:00;NORDESTE;SUDESTE/CENTRO-OESTE;6141.272
2025-07-24 02:00:00;NORDESTE;SUDESTE/CENTRO-OESTE;5856.683
2025-07-24 03:00:00;NORDESTE;SUDESTE/CENTRO-OESTE;5794.36
2025-07-24 04:00:00;NORDESTE;SUDESTE/CENTRO-OESTE;5904.862
2025-07-24 05:00:00;NORDESTE;SUDESTE/CENTRO-OESTE;5994.291
2025-07-24 06:00:00;NORDESTE;SUDESTE/CENTRO-OESTE;6141.37
2025-07-24 07:00:00;NORDESTE;SUDESTE/CENTRO-OESTE;6277.849
2025-07-24 08:00:00;NORDESTE;SUDESTE/CENTRO-OESTE;5910.031
2025-07-24 09:00:00;NORDESTE;SUDESTE/CENTRO-OESTE;5238.743
2025-07-24 10:00:00;NORDESTE;SUDESTE/CENTRO-OESTE;4740.2
2025-07-24 11:00:00;NORDESTE;SUDESTE/CENTRO-OESTE;3920.554
2025-07-24 12:00:00;NORDESTE;SUDESTE/CENTRO-OESTE;3505.685
2025-07-24 13:00:00;NORDESTE;SUDESTE/CENTRO-OESTE;3681.383
2025-07-24 14:00:00;NORDESTE;SUDESTE/CENTRO-OESTE;3613.287
2025-07-24 15:00:00;NORDESTE;SUDESTE/CENTRO-OESTE;4029.87
2025-07-24 16:00:00;NORDESTE;SUDESTE/CENTRO-OESTE;4086.335
2025-07-24 17:00:00;NORDESTE;SUDESTE/CENTRO-OESTE;4050.793
2025-07-24 18:00:00;NORDESTE;SUDESTE/CENTRO-OESTE;5756.444
2025-07-24 19:00:00;NORDESTE;SUDESTE/CENTRO-OESTE;6724.821
2025-07-24 20:00:00;NORDESTE;SUDESTE/CENTRO-OESTE;6686.216
2025-07-24 21:00:00;NORDESTE;SUDESTE/CENTRO-OESTE;6815.947
2025-07-24 22:00:00;NORDESTE;SUDESTE/CENTRO-OESTE;6603.3
2025-07-24 23:00:00;NORDESTE;SUDESTE/CENTRO-OESTE;5953.114
2025-07-25 00:00:00;NORDESTE;SUDESTE/CENTRO-OESTE;6510.92
2025-07-25 01:00:00;NORDESTE;SUDESTE/CENTRO-OESTE;6705.153
2025-07-25 02:00:00;NORDESTE;SUDESTE/CENTRO-OESTE;6266.857
2025-07-25 03:00:00;NORDESTE;SUDESTE/CENTRO-OESTE;6564.614
2025-07-25 04:00:00;NORDESTE;SUDESTE/CENTRO-OESTE;6786.716
2025-07-25 05:00:00;NORDESTE;SUDESTE/CENTRO-OESTE;6617.29
2025-07-25 06:00:00;NORDESTE;SUDESTE/CENTRO-OESTE;6427.746
2025-07-25 07:00:00;NORDESTE;SUDESTE/CENTRO-OESTE;5567.443
2025-07-25 08:00:00;NORDESTE;SUDESTE/CENTRO-OESTE;5080.629
2025-07-25 09:00:00;NORDESTE;SUDESTE/CENTRO-OESTE;4817.91299999
2025-07-25 10:00:00;NORDESTE;SUDESTE/CENTRO-OESTE;4389.92
2025-07-25 11:00:00;NORDESTE;SUDESTE/CENTRO-OESTE;4157.866
2025-07-25 12:00:00;NORDESTE;SUDESTE/CENTRO-OESTE;3775.093
2025-07-25 13:00:00;NORDESTE;SUDESTE/CENTRO-OESTE;4299.375
2025-07-25 14:00:00;NORDESTE;SUDESTE/CENTRO-OESTE;4660.5
2025-07-25 15:00:00;NORDESTE;SUDESTE/CENTRO-OESTE;4492.503
2025-07-25 16:00:00;NORDESTE;SUDESTE/CENTRO-OESTE;3438.108
2025-07-25 17:00:00;NORDESTE;SUDESTE/CENTRO-OESTE;2596.721
2025-07-25 18:00:00;NORDESTE;SUDESTE/CENTRO-OESTE;3905.637
2025-07-25 19:00:00;NORDESTE;SUDESTE/CENTRO-OESTE;5732.122
2025-07-25 20:00:00;NORDESTE;SUDESTE/CENTRO-OESTE;6311.598
2025-07-25 21:00:00;NORDESTE;SUDESTE/CENTRO-OESTE;6238.362
2025-07-25 22:00:00;NORDESTE;SUDESTE/CENTRO-OESTE;6068.931
2025-07-25 23:00:00;NORDESTE;SUDESTE/CENTRO-OESTE;5903.035
2025-07-26 00:00:00;NORDESTE;SUDESTE/CENTRO-OESTE;6071.375
2025-07-26 01:00:00;NORDESTE;SUDESTE/CENTRO-OESTE;5956.068
2025-07-26 02:00:00;NORDESTE;SUDESTE/CENTRO-OESTE;6075.153
2025-07-26 03:00:00;NORDESTE;SUDESTE/CENTRO-OESTE;6081.428
2025-07-26 04:00:00;NORDESTE;SUDESTE/CENTRO-OESTE;6007.23
2025-07-26 05:00:00;NORDESTE;SUDESTE/CENTRO-OESTE;6187.328
2025-07-26 06:00:00;NORDESTE;SUDESTE/CENTRO-OESTE;5525.16
2025-07-26 07:00:00;NORDESTE;SUDESTE/CENTRO-OESTE;6087.653
2025-07-26 08:00:00;NORDESTE;SUDESTE/CENTRO-OESTE;5942.217
2025-07-26 09:00:00;NORDESTE;SUDESTE/CENTRO-OESTE;5535.619
2025-07-26 10:00:00;NORDESTE;SUDESTE/CENTRO-OESTE;4966.356
2025-07-26 11:00:00;NORDESTE;SUDESTE/CENTRO-OESTE;4054.493
2025-07-26 12:00:00;NORDESTE;SUDESTE/CENTRO-OESTE;3909.74
2025-07-26 13:00:00;NORDESTE;SUDESTE/CENTRO-OESTE;4376.126
2025-07-26 14:00:00;NORDESTE;SUDESTE/CENTRO-OESTE;4575.564
2025-07-26 15:00:00;NORDESTE;SUDESTE/CENTRO-OESTE;4567.907
2025-07-26 16:00:00;NORDESTE;SUDESTE/CENTRO-OESTE;4472.973
2025-07-26 17:00:00;NORDESTE;SUDESTE/CENTRO-OESTE;3596.387
2025-07-26 18:00:00;NORDESTE;SUDESTE/CENTRO-OESTE;4798.15899999
2025-07-26 19:00:00;NORDESTE;SUDESTE/CENTRO-OESTE;5823.102
2025-07-26 20:00:00;NORDESTE;SUDESTE/CENTRO-OESTE;6049.813
2025-07-26 21:00:00;NORDESTE;SUDESTE/CENTRO-OESTE;6014.134
2025-07-26 22:00:00;NORDESTE;SUDESTE/CENTRO-OESTE;6299.216
2025-07-26 23:00:00;NORDESTE;SUDESTE/CENTRO-OESTE;6105.525
2025-07-27 00:00:00;NORDESTE;SUDESTE/CENTRO-OESTE;6392.984
2025-07-27 01:00:00;NORDESTE;SUDESTE/CENTRO-OESTE;6620.439
2025-07-27 02:00:00;NORDESTE;SUDESTE/CENTRO-OESTE;6674.689
2025-07-27 03:00:00;NORDESTE;SUDESTE/CENTRO-OESTE;6798.274
2025-07-27 04:00:00;NORDESTE;SUDESTE/CENTRO-OESTE;6787.252
2025-07-27 05:00:00;NORDESTE;SUDESTE/CENTRO-OESTE;6726.08
2025-07-27 06:00:00;NORDESTE;SUDESTE/CENTRO-OESTE;5993.051
2025-07-27 07:00:00;NORDESTE;SUDESTE/CENTRO-OESTE;4717.959
2025-07-27 08:00:00;NORDESTE;SUDESTE/CENTRO-OESTE;3545.776
2025-07-27 09:00:00;NORDESTE;SUDESTE/CENTRO-OESTE;2504.917
2025-07-27 10:00:00;NORDESTE;SUDESTE/CENTRO-OESTE;2124.23
2025-07-27 11:00:00;NORDESTE;SUDESTE/CENTRO-OESTE;2225.347
2025-07-27 12:00:00;NORDESTE;SUDESTE/CENTRO-OESTE;2088.813
2025-07-27 13:00:00;NORDESTE;SUDESTE/CENTRO-OESTE;2345.991
2025-07-27 14:00:00;NORDESTE;SUDESTE/CENTRO-OESTE;2393.564
2025-07-27 15:00:00;NORDESTE;SUDESTE/CENTRO-OESTE;3341.348
2025-07-27 16:00:00;NORDESTE;SUDESTE/CENTRO-OESTE;3924.129
2025-07-27 17:00:00;NORDESTE;SUDESTE/CENTRO-OESTE;3400.52
2025-07-27 18:00:00;NORDESTE;SUDESTE/CENTRO-OESTE;4497.599
2025-07-27 19:00:00;NORDESTE;SUDESTE/CENTRO-OESTE;5829.257
2025-07-27 20:00:00;NORDESTE;SUDESTE/CENTRO-OESTE;5994.201
2025-07-27 21:00:00;NORDESTE;SUDESTE/CENTRO-OESTE;5774.809
2025-07-27 22:00:00;NORDESTE;SUDESTE/CENTRO-OESTE;5694.463
2025-07-27 23:00:00;NORDESTE;SUDESTE/CENTRO-OESTE;5452.905
2025-07-28 00:00:00;NORDESTE;SUDESTE/CENTRO-OESTE;5232.879
2025-07-28 01:00:00;NORDESTE;SUDESTE/CENTRO-OESTE;5316.821
2025-07-28 02:00:00;NORDESTE;SUDESTE/CENTRO-OESTE;5494.84599999
2025-07-28 03:00:00;NORDESTE;SUDESTE/CENTRO-OESTE;5749.749
2025-07-28 04:00:00;NORDESTE;SUDESTE/CENTRO-OESTE;5505.892
2025-07-28 05:00:00;NORDESTE;SUDESTE/CENTRO-OESTE;5184.273
2025-07-28 06:00:00;NORDESTE;SUDESTE/CENTRO-OESTE;5548.957
2025-07-28 07:00:00;NORDESTE;SUDESTE/CENTRO-OESTE;6128.591
2025-07-28 08:00:00;NORDESTE;SUDESTE/CENTRO-OESTE;6091.392
2025-07-28 09:00:00;NORDESTE;SUDESTE/CENTRO-OESTE;5462.514
2025-07-28 10:00:00;NORDESTE;SUDESTE/CENTRO-OESTE;4509.336
2025-07-28 11:00:00;NORDESTE;SUDESTE/CENTRO-OESTE;4049.776
2025-07-28 12:00:00;NORDESTE;SUDESTE/CENTRO-OESTE;3772.055
2025-07-28 13:00:00;NORDESTE;SUDESTE/CENTRO-OESTE;2897.195
2025-07-28 14:00:00;NORDESTE;SUDESTE/CENTRO-OESTE;1748.885
2025-07-28 15:00:00;NORDESTE;SUDESTE/CENTRO-OESTE;1299.60999999
2025-07-28 16:00:00;NORDESTE;SUDESTE/CENTRO-OESTE;909.436
2025-07-28 17:00:00;NORDESTE;SUDESTE/CENTRO-OESTE;1259.73
2025-07-28 18:00:00;NORDESTE;SUDESTE/CENTRO-OESTE;2395.14399999
2025-07-28 19:00:00;NORDESTE;SUDESTE/CENTRO-OESTE;3021.09
2025-07-28 20:00:00;NORDESTE;SUDESTE/CENTRO-OESTE;3272.305
2025-07-28 21:00:00;NORDESTE;SUDESTE/CENTRO-OESTE;2880.83
2025-07-28 22:00:00;NORDESTE;SUDESTE/CENTRO-OESTE;2321.878
2025-07-28 23:00:00;NORDESTE;SUDESTE/CENTRO-OESTE;2336.641
2025-07-29 00:00:00;NORDESTE;SUDESTE/CENTRO-OESTE;1473.853
2025-07-29 01:00:00;NORDESTE;SUDESTE/CENTRO-OESTE;1359.31199999
2025-07-29 02:00:00;NORDESTE;SUDESTE/CENTRO-OESTE;1362.807
2025-07-29 03:00:00;NORDESTE;SUDESTE/CENTRO-OESTE;1515.936
2025-07-29 04:00:00;NORDESTE;SUDESTE/CENTRO-OESTE;1187.999
2025-07-29 05:00:00;NORDESTE;SUDESTE/CENTRO-OESTE;574.734
2025-07-29 06:00:00;NORDESTE;SUDESTE/CENTRO-OESTE;863.042
2025-07-29 07:00:00;NORDESTE;SUDESTE/CENTRO-OESTE;2472.812
2025-07-29 08:00:00;NORDESTE;SUDESTE/CENTRO-OESTE;3299.597
2025-07-29 09:00:00;NORDESTE;SUDESTE/CENTRO-OESTE;3345.656
2025-07-29 10:00:00;NORDESTE;SUDESTE/CENTRO-OESTE;3028.897
2025-07-29 11:00:00;NORDESTE;SUDESTE/CENTRO-OESTE;2695.079
2025-07-29 12:00:00;NORDESTE;SUDESTE/CENTRO-OESTE;2239.763
2025-07-29 13:00:00;NORDESTE;SUDESTE/CENTRO-OESTE;1803.59
2025-07-29 14:00:00;NORDESTE;SUDESTE/CENTRO-OESTE;1467.569
2025-07-29 15:00:00;NORDESTE;SUDESTE/CENTRO-OESTE;1456.312
2025-07-29 16:00:00;NORDESTE;SUDESTE/CENTRO-OESTE;357.369
2025-07-29 17:00:00;NORDESTE;SUDESTE/CENTRO-OESTE;298.157
2025-07-29 18:00:00;NORDESTE;SUDESTE/CENTRO-OESTE;2456.632
2025-07-29 19:00:00;NORDESTE;SUDESTE/CENTRO-OESTE;2503.015
2025-07-29 20:00:00;NORDESTE;SUDESTE/CENTRO-OESTE;2890.578
2025-07-29 21:00:00;NORDESTE;SUDESTE/CENTRO-OESTE;2964.103
2025-07-29 22:00:00;NORDESTE;SUDESTE/CENTRO-OESTE;1941.16
2025-07-29 23:00:00;NORDESTE;SUDESTE/CENTRO-OESTE;1702.881
2025-07-30 00:00:00;NORDESTE;SUDESTE/CENTRO-OESTE;1387.38
2025-07-30 01:00:00;NORDESTE;SUDESTE/CENTRO-OESTE;890.07
2025-07-30 02:00:00;NORDESTE;SUDESTE/CENTRO-OESTE;381.803
2025-07-30 03:00:00;NORDESTE;SUDESTE/CENTRO-OESTE;407.604
2025-07-30 04:00:00;NORDESTE;SUDESTE/CENTRO-OESTE;468.266
2025-07-30 05:00:00;NORDESTE;SUDESTE/CENTRO-OESTE;750.905
2025-07-30 06:00:00;NORDESTE;SUDESTE/CENTRO-OESTE;2208.12399999
2025-07-30 07:00:00;NORDESTE;SUDESTE/CENTRO-OESTE;3884.452
2025-07-30 08:00:00;NORDESTE;SUDESTE/CENTRO-OESTE;4433.868
2025-07-30 09:00:00;NORDESTE;SUDESTE/CENTRO-OESTE;4323.778
2025-07-30 10:00:00;NORDESTE;SUDESTE/CENTRO-OESTE;3454.425
2025-07-30 11:00:00;NORDESTE;SUDESTE/CENTRO-OESTE;2540.855
2025-07-30 12:00:00;NORDESTE;SUDESTE/CENTRO-OESTE;1768.441
2025-07-30 13:00:00;NORDESTE;SUDESTE/CENTRO-OESTE;1976.822
2025-07-30 14:00:00;NORDESTE;SUDESTE/CENTRO-OESTE;2204.251
2025-07-30 15:00:00;NORDESTE;SUDESTE/CENTRO-OESTE;2299.65
2025-07-30 16:00:00;NORDESTE;SUDESTE/CENTRO-OESTE;2158.239
2025-07-30 17:00:00;NORDESTE;SUDESTE/CENTRO-OESTE;2938.262
2025-07-30 18:00:00;NORDESTE;SUDESTE/CENTRO-OESTE;5745.596
2025-07-30 19:00:00;NORDESTE;SUDESTE/CENTRO-OESTE;6795.557
2025-07-30 20:00:00;NORDESTE;SUDESTE/CENTRO-OESTE;7498.954
2025-07-30 21:00:00;NORDESTE;SUDESTE/CENTRO-OESTE;6899.773
2025-07-30 22:00:00;NORDESTE;SUDESTE/CENTRO-OESTE;6183.469
2025-07-30 23:00:00;NORDESTE;SUDESTE/CENTRO-OESTE;5678.897
2025-07-31 00:00:00;NORDESTE;SUDESTE/CENTRO-OESTE;5681.471
2025-07-31 01:00:00;NORDESTE;SUDESTE/CENTRO-OESTE;6059.139
2025-07-31 02:00:00;NORDESTE;SUDESTE/CENTRO-OESTE;6281.148
2025-07-31 03:00:00;NORDESTE;SUDESTE/CENTRO-OESTE;6640.911
2025-07-31 04:00:00;NORDESTE;SUDESTE/CENTRO-OESTE;6535.082
2025-07-31 05:00:00;NORDESTE;SUDESTE/CENTRO-OESTE;6501.406
2025-07-31 06:00:00;NORDESTE;SUDESTE/CENTRO-OESTE;7263.118
2025-07-31 07:00:00;NORDESTE;SUDESTE/CENTRO-OESTE;7366.996
2025-07-31 08:00:00;NORDESTE;SUDESTE/CENTRO-OESTE;6887.365
2025-07-31 09:00:00;NORDESTE;SUDESTE/CENTRO-OESTE;5971.66
2025-07-31 10:00:00;NORDESTE;SUDESTE/CENTRO-OESTE;4812.72099999
2025-07-31 11:00:00;NORDESTE;SUDESTE/CENTRO-OESTE;4415.60999999
2025-07-31 12:00:00;NORDESTE;SUDESTE/CENTRO-OESTE;3456.385
2025-07-31 13:00:00;NORDESTE;SUDESTE/CENTRO-OESTE;4043.705
2025-07-31 14:00:00;NORDESTE;SUDESTE/CENTRO-OESTE;5631.363
2025-07-31 15:00:00;NORDESTE;SUDESTE/CENTRO-OESTE;5585.317
2025-07-31 16:00:00;NORDESTE;SUDESTE/CENTRO-OESTE;6489.287
2025-07-31 17:00:00;NORDESTE;SUDESTE/CENTRO-OESTE;6459.721
2025-07-31 18:00:00;NORDESTE;SUDESTE/CENTRO-OESTE;7261.498
2025-07-31 19:00:00;NORDESTE;SUDESTE/CENTRO-OESTE;5636.29
2025-07-31 20:00:00;NORDESTE;SUDESTE/CENTRO-OESTE;6034.58
2025-07-31 21:00:00;NORDESTE;SUDESTE/CENTRO-OESTE;5885.115
2025-07-31 22:00:00;NORDESTE;SUDESTE/CENTRO-OESTE;5699.144
2025-07-31 23:00:00;NORDESTE;SUDESTE/CENTRO-OESTE;5550.606
2025-08-01 00:00:00;NORDESTE;SUDESTE/CENTRO-OESTE;5392.035
2025-08-01 01:00:00;NORDESTE;SUDESTE/CENTRO-OESTE;5551.345
2025-08-01 02:00:00;NORDESTE;SUDESTE/CENTRO-OESTE;5620.017
2025-08-01 03:00:00;NORDESTE;SUDESTE/CENTRO-OESTE;5772.959
2025-08-01 04:00:00;NORDESTE;SUDESTE/CENTRO-OESTE;5693.52
2025-08-01 05:00:00;NORDESTE;SUDESTE/CENTRO-OESTE;5746.715
2025-08-01 06:00:00;NORDESTE;SUDESTE/CENTRO-OESTE;6075.327
2025-08-01 07:00:00;NORDESTE;SUDESTE/CENTRO-OESTE;6199.171
2025-08-01 08:00:00;NORDESTE;SUDESTE/CENTRO-OESTE;5128.256
2025-08-01 09:00:00;NORDESTE;SUDESTE/CENTRO-OESTE;4812.914
2025-08-01 10:00:00;NORDESTE;SUDESTE/CENTRO-OESTE;4327.21699999
2025-08-01 11:00:00;NORDESTE;SUDESTE/CENTRO-OESTE;3987.896
2025-08-01 12:00:00;NORDESTE;SUDESTE/CENTRO-OESTE;2764.102
2025-08-01 13:00:00;NORDESTE;SUDESTE/CENTRO-OESTE;3882.354
2025-08-01 14:00:00;NORDESTE;SUDESTE/CENTRO-OESTE;5047.996
2025-08-01 15:00:00;NORDESTE;SUDESTE/CENTRO-OESTE;4621.462
2025-08-01 16:00:00;NORDESTE;SUDESTE/CENTRO-OESTE;4545.929
2025-08-01 17:00:00;NORDESTE;SUDESTE/CENTRO-OESTE;5265.888
2025-08-01 18:00:00;NORDESTE;SUDESTE/CENTRO-OESTE;6747.467
2025-08-01 19:00:00;NORDESTE;SUDESTE/CENTRO-OESTE;6614.844
2025-08-01 20:00:00;NORDESTE;SUDESTE/CENTRO-OESTE;6816.316
2025-08-01 21:00:00;NORDESTE;SUDESTE/CENTRO-OESTE;6317.34
2025-08-01 22:00:00;NORDESTE;SUDESTE/CENTRO-OESTE;6304.633
2025-08-01 23:00:00;NORDESTE;SUDESTE/CENTRO-OESTE;6090.816
2025-08-02 00:00:00;NORDESTE;SUDESTE/CENTRO-OESTE;5909.284
2025-08-02 01:00:00;NORDESTE;SUDESTE/CENTRO-OESTE;6201.505
2025-08-02 02:00:00;NORDESTE;SUDESTE/CENTRO-OESTE;6312.119
2025-08-02 03:00:00;NORDESTE;SUDESTE/CENTRO-OESTE;6173.985
2025-08-02 04:00:00;NORDESTE;SUDESTE/CENTRO-OESTE;5897.854
2025-08-02 05:00:00;NORDESTE;SUDESTE/CENTRO-OESTE;5941.318
2025-08-02 06:00:00;NORDESTE;SUDESTE/CENTRO-OESTE;6181.219
2025-08-02 07:00:00;NORDESTE;SUDESTE/CENTRO-OESTE;6551.649
2025-08-02 08:00:00;NORDESTE;SUDESTE/CENTRO-OESTE;4874.818
2025-08-02 09:00:00;NORDESTE;SUDESTE/CENTRO-OESTE;2919.356
2025-08-02 10:00:00;NORDESTE;SUDESTE/CENTRO-OESTE;1608.892
2025-08-02 11:00:00;NORDESTE;SUDESTE/CENTRO-OESTE;1137.018
2025-08-02 12:00:00;NORDESTE;SUDESTE/CENTRO-OESTE;871.116
2025-08-02 13:00:00;NORDESTE;SUDESTE/CENTRO-OESTE;1116.89899999
2025-08-02 14:00:00;NORDESTE;SUDESTE/CENTRO-OESTE;1900.823
2025-08-02 15:00:00;NORDESTE;SUDESTE/CENTRO-OESTE;3148.727
2025-08-02 16:00:00;NORDESTE;SUDESTE/CENTRO-OESTE;4431.152
2025-08-02 17:00:00;NORDESTE;SUDESTE/CENTRO-OESTE;5875.968
2025-08-02 18:00:00;NORDESTE;SUDESTE/CENTRO-OESTE;6237.182
2025-08-02 19:00:00;NORDESTE;SUDESTE/CENTRO-OESTE;6306.398
2025-08-02 20:00:00;NORDESTE;SUDESTE/CENTRO-OESTE;6036.035
2025-08-02 21:00:00;NORDESTE;SUDESTE/CENTRO-OESTE;6234.524
2025-08-02 22:00:00;NORDESTE;SUDESTE/CENTRO-OESTE;6116.63
2025-08-02 23:00:00;NORDESTE;SUDESTE/CENTRO-OESTE;6200.118
2025-08-03 00:00:00;NORDESTE;SUDESTE/CENTRO-OESTE;6559.378
2025-08-03 01:00:00;NORDESTE;SUDESTE/CENTRO-OESTE;6347.53
2025-08-03 02:00:00;NORDESTE;SUDESTE/CENTRO-OESTE;6419.417
2025-08-03 03:00:00;NORDESTE;SUDESTE/CENTRO-OESTE;6261.486
2025-08-03 04:00:00;NORDESTE;SUDESTE/CENTRO-OESTE;5740.231
2025-08-03 05:00:00;NORDESTE;SUDESTE/CENTRO-OESTE;5931.907
2025-08-03 06:00:00;NORDESTE;SUDESTE/CENTRO-OESTE;5910.161
2025-08-03 07:00:00;NORDESTE;SUDESTE/CENTRO-OESTE;3975.037
2025-08-03 08:00:00;NORDESTE;SUDESTE/CENTRO-OESTE;2634.393
2025-08-03 09:00:00;NORDESTE;SUDESTE/CENTRO-OESTE;1426.2
2025-08-03 10:00:00;NORDESTE;SUDESTE/CENTRO-OESTE;855.46
2025-08-03 11:00:00;NORDESTE;SUDESTE/CENTRO-OESTE;935.68
2025-08-03 12:00:00;NORDESTE;SUDESTE/CENTRO-OESTE;1170.634
2025-08-03 13:00:00;NORDESTE;SUDESTE/CENTRO-OESTE;1046.038
2025-08-03 14:00:00;NORDESTE;SUDESTE/CENTRO-OESTE;660.345
2025-08-03 15:00:00;NORDESTE;SUDESTE/CENTRO-OESTE;2137.772
2025-08-03 16:00:00;NORDESTE;SUDESTE/CENTRO-OESTE;4107.365
2025-08-03 17:00:00;NORDESTE;SUDESTE/CENTRO-OESTE;4335.198
2025-08-03 18:00:00;NORDESTE;SUDESTE/CENTRO-OESTE;4795.571
2025-08-03 19:00:00;NORDESTE;SUDESTE/CENTRO-OESTE;5551.263
2025-08-03 20:00:00;NORDESTE;SUDESTE/CENTRO-OESTE;6028.831
2025-08-03 21:00:00;NORDESTE;SUDESTE/CENTRO-OESTE;5989.161
2025-08-03 22:00:00;NORDESTE;SUDESTE/CENTRO-OESTE;6292.293
2025-08-03 23:00:00;NORDESTE;SUDESTE/CENTRO-OESTE;5722.403
2025-08-04 00:00:00;NORDESTE;SUDESTE/CENTRO-OESTE;5753.115
2025-08-04 01:00:00;NORDESTE;SUDESTE/CENTRO-OESTE;6215.806
2025-08-04 02:00:00;NORDESTE;SUDESTE/CENTRO-OESTE;5730.193
2025-08-04 03:00:00;NORDESTE;SUDESTE/CENTRO-OESTE;6045.044
2025-08-04 04:00:00;NORDESTE;SUDESTE/CENTRO-OESTE;6134.524
2025-08-04 05:00:00;NORDESTE;SUDESTE/CENTRO-OESTE;6150.973
2025-08-04 06:00:00;NORDESTE;SUDESTE/CENTRO-OESTE;6906.157
2025-08-04 07:00:00;NORDESTE;SUDESTE/CENTRO-OESTE;6802.928
2025-08-04 08:00:00;NORDESTE;SUDESTE/CENTRO-OESTE;6953.335
2025-08-04 09:00:00;NORDESTE;SUDESTE/CENTRO-OESTE;6385.507
2025-08-04 10:00:00;NORDESTE;SUDESTE/CENTRO-OESTE;6094.773
2025-08-04 11:00:00;NORDESTE;SUDESTE/CENTRO-OESTE;5265.115
2025-08-04 12:00:00;NORDESTE;SUDESTE/CENTRO-OESTE;4779.65899999
2025-08-04 13:00:00;NORDESTE;SUDESTE/CENTRO-OESTE;4577.41799999
2025-08-04 14:00:00;NORDESTE;SUDESTE/CENTRO-OESTE;4325.76599999
2025-08-04 15:00:00;NORDESTE;SUDESTE/CENTRO-OESTE;4455.478
2025-08-04 16:00:00;NORDESTE;SUDESTE/CENTRO-OESTE;4833.621
2025-08-04 17:00:00;NORDESTE;SUDESTE/CENTRO-OESTE;4603.34199999
2025-08-04 18:00:00;NORDESTE;SUDESTE/CENTRO-OESTE;5911.736
2025-08-04 19:00:00;NORDESTE;SUDESTE/CENTRO-OESTE;6004.452
2025-08-04 20:00:00;NORDESTE;SUDESTE/CENTRO-OESTE;5570.442
2025-08-04 21:00:00;NORDESTE;SUDESTE/CENTRO-OESTE;6181.411
2025-08-04 22:00:00;NORDESTE;SUDESTE/CENTRO-OESTE;6506.638
2025-08-04 23:00:00;NORDESTE;SUDESTE/CENTRO-OESTE;6069.975
2025-08-05 00:00:00;NORDESTE;SUDESTE/CENTRO-OESTE;5596.236
2025-08-05 01:00:00;NORDESTE;SUDESTE/CENTRO-OESTE;5291.804
2025-08-05 02:00:00;NORDESTE;SUDESTE/CENTRO-OESTE;5298.648
2025-08-05 03:00:00;NORDESTE;SUDESTE/CENTRO-OESTE;5253.345
2025-08-05 04:00:00;NORDESTE;SUDESTE/CENTRO-OESTE;5230.50699999
2025-08-05 05:00:00;NORDESTE;SUDESTE/CENTRO-OESTE;5377.453
2025-08-05 06:00:00;NORDESTE;SUDESTE/CENTRO-OESTE;6414.906
2025-08-05 07:00:00;NORDESTE;SUDESTE/CENTRO-OESTE;6544.658
2025-08-05 08:00:00;NORDESTE;SUDESTE/CENTRO-OESTE;5486.366
2025-08-05 09:00:00;NORDESTE;SUDESTE/CENTRO-OESTE;4886.505
2025-08-05 10:00:00;NORDESTE;SUDESTE/CENTRO-OESTE;4562.472
2025-08-05 11:00:00;NORDESTE;SUDESTE/CENTRO-OESTE;4532.411
2025-08-05 12:00:00;NORDESTE;SUDESTE/CENTRO-OESTE;4318.481
2025-08-05 13:00:00;NORDESTE;SUDESTE/CENTRO-OESTE;4106.236
2025-08-05 14:00:00;NORDESTE;SUDESTE/CENTRO-OESTE;4224.716
2025-08-05 15:00:00;NORDESTE;SUDESTE/CENTRO-OESTE;4273.673
2025-08-05 16:00:00;NORDESTE;SUDESTE/CENTRO-OESTE;3649.124
2025-08-05 17:00:00;NORDESTE;SUDESTE/CENTRO-OESTE;4049.097
2025-08-05 18:00:00;NORDESTE;SUDESTE/CENTRO-OESTE;6306.143
2025-08-05 19:00:00;NORDESTE;SUDESTE/CENTRO-OESTE;6874.076
2025-08-05 20:00:00;NORDESTE;SUDESTE/CENTRO-OESTE;7696.983
2025-08-05 21:00:00;NORDESTE;SUDESTE/CENTRO-OESTE;6521.47
2025-08-05 22:00:00;NORDESTE;SUDESTE/CENTRO-OESTE;5826.539
2025-08-05 23:00:00;NORDESTE;SUDESTE/CENTRO-OESTE;6285.349
2025-08-06 00:00:00;NORDESTE;SUDESTE/CENTRO-OESTE;7109.436
2025-08-06 01:00:00;NORDESTE;SUDESTE/CENTRO-OESTE;6933.442
2025-08-06 02:00:00;NORDESTE;SUDESTE/CENTRO-OESTE;6824.903
2025-08-06 03:00:00;NORDESTE;SUDESTE/CENTRO-OESTE;7058.697
2025-08-06 04:00:00;NORDESTE;SUDESTE/CENTRO-OESTE;7118.892
2025-08-06 05:00:00;NORDESTE;SUDESTE/CENTRO-OESTE;7296.393
2025-08-06 06:00:00;NORDESTE;SUDESTE/CENTRO-OESTE;6625.598
2025-08-06 07:00:00;NORDESTE;SUDESTE/CENTRO-OESTE;7573.982
2025-08-06 08:00:00;NORDESTE;SUDESTE/CENTRO-OESTE;6485.996
2025-08-06 09:00:00;NORDESTE;SUDESTE/CENTRO-OESTE;5700.051
2025-08-06 10:00:00;NORDESTE;SUDESTE/CENTRO-OESTE;5091.07399999
2025-08-06 11:00:00;NORDESTE;SUDESTE/CENTRO-OESTE;4841.622
2025-08-06 12:00:00;NORDESTE;SUDESTE/CENTRO-OESTE;4620.447
2025-08-06 13:00:00;NORDESTE;SUDESTE/CENTRO-OESTE;4526.932
2025-08-06 14:00:00;NORDESTE;SUDESTE/CENTRO-OESTE;4666.981
2025-08-06 15:00:00;NORDESTE;SUDESTE/CENTRO-OESTE;3857.505
2025-08-06 16:00:00;NORDESTE;SUDESTE/CENTRO-OESTE;3498.483
2025-08-06 17:00:00;NORDESTE;SUDESTE/CENTRO-OESTE;3842.447
2025-08-06 18:00:00;NORDESTE;SUDESTE/CENTRO-OESTE;5139.683
2025-08-06 19:00:00;NORDESTE;SUDESTE/CENTRO-OESTE;6571.122
2025-08-06 20:00:00;NORDESTE;SUDESTE/CENTRO-OESTE;6854.636
2025-08-06 21:00:00;NORDESTE;SUDESTE/CENTRO-OESTE;7015.805
2025-08-06 22:00:00;NORDESTE;SUDESTE/CENTRO-OESTE;7133.81
2025-08-06 23:00:00;NORDESTE;SUDESTE/CENTRO-OESTE;6848.689
2025-08-07 00:00:00;NORDESTE;SUDESTE/CENTRO-OESTE;6901.334
2025-08-07 01:00:00;NORDESTE;SUDESTE/CENTRO-OESTE;6860.051
2025-08-07 02:00:00;NORDESTE;SUDESTE/CENTRO-OESTE;7011.192
2025-08-07 03:00:00;NORDESTE;SUDESTE/CENTRO-OESTE;7030.59
2025-08-07 04:00:00;NORDESTE;SUDESTE/CENTRO-OESTE;6842.038
2025-08-07 05:00:00;NORDESTE;SUDESTE/CENTRO-OESTE;7181.044
2025-08-07 06:00:00;NORDESTE;SUDESTE/CENTRO-OESTE;7283.94
2025-08-07 07:00:00;NORDESTE;SUDESTE/CENTRO-OESTE;7223.037
2025-08-07 08:00:00;NORDESTE;SUDESTE/CENTRO-OESTE;5805.54
2025-08-07 09:00:00;NORDESTE;SUDESTE/CENTRO-OESTE;5091.872
2025-08-07 10:00:00;NORDESTE;SUDESTE/CENTRO-OESTE;4364.84199999
2025-08-07 11:00:00;NORDESTE;SUDESTE/CENTRO-OESTE;4139.473
2025-08-07 12:00:00;NORDESTE;SUDESTE/CENTRO-OESTE;3544.662
2025-08-07 13:00:00;NORDESTE;SUDESTE/CENTRO-OESTE;3485.979
2025-08-07 14:00:00;NORDESTE;SUDESTE/CENTRO-OESTE;3483.895
2025-08-07 15:00:00;NORDESTE;SUDESTE/CENTRO-OESTE;3695.233
2025-08-07 16:00:00;NORDESTE;SUDESTE/CENTRO-OESTE;3731.314
2025-08-07 17:00:00;NORDESTE;SUDESTE/CENTRO-OESTE;4542.89
2025-08-07 18:00:00;NORDESTE;SUDESTE/CENTRO-OESTE;6307.34
2025-08-07 19:00:00;NORDESTE;SUDESTE/CENTRO-OESTE;6791.54
2025-08-07 20:00:00;NORDESTE;SUDESTE/CENTRO-OESTE;6866.618
2025-08-07 21:00:00;NORDESTE;SUDESTE/CENTRO-OESTE;7062.763
2025-08-07 22:00:00;NORDESTE;SUDESTE/CENTRO-OESTE;6933.223
2025-08-07 23:00:00;NORDESTE;SUDESTE/CENTRO-OESTE;6497.204
2025-08-08 00:00:00;NORDESTE;SUDESTE/CENTRO-OESTE;6539.295
2025-08-08 01:00:00;NORDESTE;SUDESTE/CENTRO-OESTE;6497.195
2025-08-08 02:00:00;NORDESTE;SUDESTE/CENTRO-OESTE;6333.471
2025-08-08 03:00:00;NORDESTE;SUDESTE/CENTRO-OESTE;6022.869
2025-08-08 04:00:00;NORDESTE;SUDESTE/CENTRO-OESTE;6085.639
2025-08-08 05:00:00;NORDESTE;SUDESTE/CENTRO-OESTE;6138.434
2025-08-08 06:00:00;NORDESTE;SUDESTE/CENTRO-OESTE;6570.102
2025-08-08 07:00:00;NORDESTE;SUDESTE/CENTRO-OESTE;5450.481
2025-08-08 08:00:00;NORDESTE;SUDESTE/CENTRO-OESTE;5491.162
2025-08-08 09:00:00;NORDESTE;SUDESTE/CENTRO-OESTE;5507.048
2025-08-08 10:00:00;NORDESTE;SUDESTE/CENTRO-OESTE;4883.189
2025-08-08 11:00:00;NORDESTE;SUDESTE/CENTRO-OESTE;3979.454
2025-08-08 12:00:00;NORDESTE;SUDESTE/CENTRO-OESTE;3265.525
2025-08-08 13:00:00;NORDESTE;SUDESTE/CENTRO-OESTE;2793.019
2025-08-08 14:00:00;NORDESTE;SUDESTE/CENTRO-OESTE;3105.463
2025-08-08 15:00:00;NORDESTE;SUDESTE/CENTRO-OESTE;2629.222
2025-08-08 16:00:00;NORDESTE;SUDESTE/CENTRO-OESTE;1641.577
2025-08-08 17:00:00;NORDESTE;SUDESTE/CENTRO-OESTE;2462.948
2025-08-08 18:00:00;NORDESTE;SUDESTE/CENTRO-OESTE;4385.92699999
2025-08-08 19:00:00;NORDESTE;SUDESTE/CENTRO-OESTE;5176.80599999
2025-08-08 20:00:00;NORDESTE;SUDESTE/CENTRO-OESTE;5521.47
2025-08-08 21:00:00;NORDESTE;SUDESTE/CENTRO-OESTE;5820.831
2025-08-08 22:00:00;NORDESTE;SUDESTE/CENTRO-OESTE;5608.301
2025-08-08 23:00:00;NORDESTE;SUDESTE/CENTRO-OESTE;4894.521
2025-08-09 00:00:00;NORDESTE;SUDESTE/CENTRO-OESTE;4395.794
2025-08-09 01:00:00;NORDESTE;SUDESTE/CENTRO-OESTE;4006.275
2025-08-09 02:00:00;NORDESTE;SUDESTE/CENTRO-OESTE;3862.845
2025-08-09 03:00:00;NORDESTE;SUDESTE/CENTRO-OESTE;3524.14
2025-08-09 04:00:00;NORDESTE;SUDESTE/CENTRO-OESTE;3021.3
2025-08-09 05:00:00;NORDESTE;SUDESTE/CENTRO-OESTE;2414.38
2025-08-09 06:00:00;NORDESTE;SUDESTE/CENTRO-OESTE;3588.601
2025-08-09 07:00:00;NORDESTE;SUDESTE/CENTRO-OESTE;5430.39099999
2025-08-09 08:00:00;NORDESTE;SUDESTE/CENTRO-OESTE;4678.764
2025-08-09 09:00:00;NORDESTE;SUDESTE/CENTRO-OESTE;3005.261
2025-08-09 10:00:00;NORDESTE;SUDESTE/CENTRO-OESTE;2300.658
2025-08-09 11:00:00;NORDESTE;SUDESTE/CENTRO-OESTE;1718.688
2025-08-09 12:00:00;NORDESTE;SUDESTE/CENTRO-OESTE;1475.627
2025-08-09 13:00:00;NORDESTE;SUDESTE/CENTRO-OESTE;1413.869
2025-08-09 14:00:00;NORDESTE;SUDESTE/CENTRO-OESTE;1600.372
2025-08-09 15:00:00;NORDESTE;SUDESTE/CENTRO-OESTE;2132.675
2025-08-09 16:00:00;NORDESTE;SUDESTE/CENTRO-OESTE;1232.529
2025-08-09 17:00:00;NORDESTE;SUDESTE/CENTRO-OESTE;678.57
2025-08-09 18:00:00;NORDESTE;SUDESTE/CENTRO-OESTE;1787.95
2025-08-09 19:00:00;NORDESTE;SUDESTE/CENTRO-OESTE;2352.88299999
2025-08-09 20:00:00;NORDESTE;SUDESTE/CENTRO-OESTE;2558.734
2025-08-09 21:00:00;NORDESTE;SUDESTE/CENTRO-OESTE;2386.476
2025-08-09 22:00:00;NORDESTE;SUDESTE/CENTRO-OESTE;2111.65299999
2025-08-09 23:00:00;NORDESTE;SUDESTE/CENTRO-OESTE;2032.411
2025-08-10 00:00:00;NORDESTE;SUDESTE/CENTRO-OESTE;1858.142
2025-08-10 01:00:00;NORDESTE;SUDESTE/CENTRO-OESTE;1953.227
2025-08-10 02:00:00;NORDESTE;SUDESTE/CENTRO-OESTE;1943.032
2025-08-10 03:00:00;NORDESTE;SUDESTE/CENTRO-OESTE;1740.003
2025-08-10 04:00:00;NORDESTE;SUDESTE/CENTRO-OESTE;1231.27399999
2025-08-10 05:00:00;NORDESTE;SUDESTE/CENTRO-OESTE;1334.135
2025-08-10 06:00:00;NORDESTE;SUDESTE/CENTRO-OESTE;2530.645
2025-08-10 07:00:00;NORDESTE;SUDESTE/CENTRO-OESTE;2155.815
2025-08-10 08:00:00;NORDESTE;SUDESTE/CENTRO-OESTE;-17.42
2025-08-10 09:00:00;NORDESTE;SUDESTE/CENTRO-OESTE;-782.719
2025-08-10 10:00:00;NORDESTE;SUDESTE/CENTRO-OESTE;-1236.95
2025-08-10 11:00:00;NORDESTE;SUDESTE/CENTRO-OESTE;-1490.243
2025-08-10 12:00:00;NORDESTE;SUDESTE/CENTRO-OESTE;-1945.649
2025-08-10 13:00:00;NORDESTE;SUDESTE/CENTRO-OESTE;-2351.917
2025-08-10 14:00:00;NORDESTE;SUDESTE/CENTRO-OESTE;-2567.425
2025-08-10 15:00:00;NORDESTE;SUDESTE/CENTRO-OESTE;-1710.006
2025-08-10 16:00:00;NORDESTE;SUDESTE/CENTRO-OESTE;-197.669
2025-08-10 17:00:00;NORDESTE;SUDESTE/CENTRO-OESTE;964.248
2025-08-10 18:00:00;NORDESTE;SUDESTE/CENTRO-OESTE;2532.121
2025-08-10 19:00:00;NORDESTE;SUDESTE/CENTRO-OESTE;3139.627
2025-08-10 20:00:00;NORDESTE;SUDESTE/CENTRO-OESTE;2943.156
2025-08-10 21:00:00;NORDESTE;SUDESTE/CENTRO-OESTE;2244.52599999
2025-08-10 22:00:00;NORDESTE;SUDESTE/CENTRO-OESTE;2087.42299999
2025-08-10 23:00:00;NORDESTE;SUDESTE/CENTRO-OESTE;2912.182
2025-08-11 00:00:00;NORDESTE;SUDESTE/CENTRO-OESTE;2343.073
2025-08-11 01:00:00;NORDESTE;SUDESTE/CENTRO-OESTE;2279.43199999
2025-08-11 02:00:00;NORDESTE;SUDESTE/CENTRO-OESTE;2851.671
2025-08-11 03:00:00;NORDESTE;SUDESTE/CENTRO-OESTE;3027.503
2025-08-11 04:00:00;NORDESTE;SUDESTE/CENTRO-OESTE;3080.076
2025-08-11 05:00:00;NORDESTE;SUDESTE/CENTRO-OESTE;3173.19
2025-08-11 06:00:00;NORDESTE;SUDESTE/CENTRO-OESTE;4661.889
2025-08-11 07:00:00;NORDESTE;SUDESTE/CENTRO-OESTE;5498.722
2025-08-11 08:00:00;NORDESTE;SUDESTE/CENTRO-OESTE;5504.777
2025-08-11 09:00:00;NORDESTE;SUDESTE/CENTRO-OESTE;3906.408
2025-08-11 10:00:00;NORDESTE;SUDESTE/CENTRO-OESTE;2684.21099999
2025-08-11 11:00:00;NORDESTE;SUDESTE/CENTRO-OESTE;1699.945
2025-08-11 12:00:00;NORDESTE;SUDESTE/CENTRO-OESTE;210.391
2025-08-11 13:00:00;NORDESTE;SUDESTE/CENTRO-OESTE;571.969
2025-08-11 14:00:00;NORDESTE;SUDESTE/CENTRO-OESTE;1581.135
2025-08-11 15:00:00;NORDESTE;SUDESTE/CENTRO-OESTE;1770.73
2025-08-11 16:00:00;NORDESTE;SUDESTE/CENTRO-OESTE;974.606
2025-08-11 17:00:00;NORDESTE;SUDESTE/CENTRO-OESTE;1349.674
2025-08-11 18:00:00;NORDESTE;SUDESTE/CENTRO-OESTE;3964.956
2025-08-11 19:00:00;NORDESTE;SUDESTE/CENTRO-OESTE;5117.438
2025-08-11 20:00:00;NORDESTE;SUDESTE/CENTRO-OESTE;5427.128
2025-08-11 21:00:00;NORDESTE;SUDESTE/CENTRO-OESTE;5456.557
2025-08-11 22:00:00;NORDESTE;SUDESTE/CENTRO-OESTE;5008.669
2025-08-11 23:00:00;NORDESTE;SUDESTE/CENTRO-OESTE;4686.372
2025-08-12 00:00:00;NORDESTE;SUDESTE/CENTRO-OESTE;4038.493
2025-08-12 01:00:00;NORDESTE;SUDESTE/CENTRO-OESTE;3658.736
2025-08-12 02:00:00;NORDESTE;SUDESTE/CENTRO-OESTE;3484.279
2025-08-12 03:00:00;NORDESTE;SUDESTE/CENTRO-OESTE;3493.463
2025-08-12 04:00:00;NORDESTE;SUDESTE/CENTRO-OESTE;3431.502
2025-08-12 05:00:00;NORDESTE;SUDESTE/CENTRO-OESTE;3570.564
2025-08-12 06:00:00;NORDESTE;SUDESTE/CENTRO-OESTE;4701.398
2025-08-12 07:00:00;NORDESTE;SUDESTE/CENTRO-OESTE;6317.704
2025-08-12 08:00:00;NORDESTE;SUDESTE/CENTRO-OESTE;5585.495
2025-08-12 09:00:00;NORDESTE;SUDESTE/CENTRO-OESTE;4738.718
2025-08-12 10:00:00;NORDESTE;SUDESTE/CENTRO-OESTE;3857.051
2025-08-12 11:00:00;NORDESTE;SUDESTE/CENTRO-OESTE;3484.173
2025-08-12 12:00:00;NORDESTE;SUDESTE/CENTRO-OESTE;2622.506
2025-08-12 13:00:00;NORDESTE;SUDESTE/CENTRO-OESTE;2598.716
2025-08-12 14:00:00;NORDESTE;SUDESTE/CENTRO-OESTE;3323.093
2025-08-12 15:00:00;NORDESTE;SUDESTE/CENTRO-OESTE;3381.175
2025-08-12 16:00:00;NORDESTE;SUDESTE/CENTRO-OESTE;2779.24
2025-08-12 17:00:00;NORDESTE;SUDESTE/CENTRO-OESTE;3349.771
2025-08-12 18:00:00;NORDESTE;SUDESTE/CENTRO-OESTE;5800.721
2025-08-12 19:00:00;NORDESTE;SUDESTE/CENTRO-OESTE;6305.794
2025-08-12 20:00:00;NORDESTE;SUDESTE/CENTRO-OESTE;6579.785
2025-08-12 21:00:00;NORDESTE;SUDESTE/CENTRO-OESTE;6693.304
2025-08-12 22:00:00;NORDESTE;SUDESTE/CENTRO-OESTE;6321.102
2025-08-12 23:00:00;NORDESTE;SUDESTE/CENTRO-OESTE;6137.539
2025-08-13 00:00:00;NORDESTE;SUDESTE/CENTRO-OESTE;5736.907
2025-08-13 01:00:00;NORDESTE;SUDESTE/CENTRO-OESTE;6225.499
2025-08-13 02:00:00;NORDESTE;SUDESTE/CENTRO-OESTE;6408.776
2025-08-13 03:00:00;NORDESTE;SUDESTE/CENTRO-OESTE;6160.488
2025-08-13 04:00:00;NORDESTE;SUDESTE/CENTRO-OESTE;6084.881
2025-08-13 05:00:00;NORDESTE;SUDESTE/CENTRO-OESTE;6356.446
2025-08-13 06:00:00;NORDESTE;SUDESTE/CENTRO-OESTE;7037.688
2025-08-13 07:00:00;NORDESTE;SUDESTE/CENTRO-OESTE;6865.447
2025-08-13 08:00:00;NORDESTE;SUDESTE/CENTRO-OESTE;6139.342
2025-08-13 09:00:00;NORDESTE;SUDESTE/CENTRO-OESTE;5058.661
2025-08-13 10:00:00;NORDESTE;SUDESTE/CENTRO-OESTE;3754.08
2025-08-13 11:00:00;NORDESTE;SUDESTE/CENTRO-OESTE;2854.279
2025-08-13 12:00:00;NORDESTE;SUDESTE/CENTRO-OESTE;1168.493
2025-08-13 13:00:00;NORDESTE;SUDESTE/CENTRO-OESTE;1793.531
2025-08-13 14:00:00;NORDESTE;SUDESTE/CENTRO-OESTE;2594.102
2025-08-13 15:00:00;NORDESTE;SUDESTE/CENTRO-OESTE;3525.714
2025-08-13 16:00:00;NORDESTE;SUDESTE/CENTRO-OESTE;3565.887
2025-08-13 17:00:00;NORDESTE;SUDESTE/CENTRO-OESTE;3783.731
2025-08-13 18:00:00;NORDESTE;SUDESTE/CENTRO-OESTE;5379.08299999
2025-08-13 19:00:00;NORDESTE;SUDESTE/CENTRO-OESTE;5990.819
2025-08-13 20:00:00;NORDESTE;SUDESTE/CENTRO-OESTE;6609.127
2025-08-13 21:00:00;NORDESTE;SUDESTE/CENTRO-OESTE;6329.364
2025-08-13 22:00:00;NORDESTE;SUDESTE/CENTRO-OESTE;6136.954
2025-08-13 23:00:00;NORDESTE;SUDESTE/CENTRO-OESTE;4751.657
2025-08-14 00:00:00;NORDESTE;SUDESTE/CENTRO-OESTE;4701.97099999
2025-08-14 01:00:00;NORDESTE;SUDESTE/CENTRO-OESTE;5060.278
2025-08-14 02:00:00;NORDESTE;SUDESTE/CENTRO-OESTE;5138.782
2025-08-14 03:00:00;NORDESTE;SUDESTE/CENTRO-OESTE;5310.347
2025-08-14 04:00:00;NORDESTE;SUDESTE/CENTRO-OESTE;5237.227
2025-08-14 05:00:00;NORDESTE;SUDESTE/CENTRO-OESTE;5198.803
2025-08-14 06:00:00;NORDESTE;SUDESTE/CENTRO-OESTE;6232.197
2025-08-14 07:00:00;NORDESTE;SUDESTE/CENTRO-OESTE;6417.856
2025-08-14 08:00:00;NORDESTE;SUDESTE/CENTRO-OESTE;5961.997
2025-08-14 09:00:00;NORDESTE;SUDESTE/CENTRO-OESTE;6100.545
2025-08-14 10:00:00;NORDESTE;SUDESTE/CENTRO-OESTE;5997.304
2025-08-14 11:00:00;NORDESTE;SUDESTE/CENTRO-OESTE;4270.732
2025-08-14 12:00:00;NORDESTE;SUDESTE/CENTRO-OESTE;3302.813
2025-08-14 13:00:00;NORDESTE;SUDESTE/CENTRO-OESTE;3207.541
2025-08-14 14:00:00;NORDESTE;SUDESTE/CENTRO-OESTE;3641.844
2025-08-14 15:00:00;NORDESTE;SUDESTE/CENTRO-OESTE;3487.171
2025-08-14 16:00:00;NORDESTE;SUDESTE/CENTRO-OESTE;2936.053
2025-08-14 17:00:00;NORDESTE;SUDESTE/CENTRO-OESTE;3182.76
2025-08-14 18:00:00;NORDESTE;SUDESTE/CENTRO-OESTE;5081.535
2025-08-14 19:00:00;NORDESTE;SUDESTE/CENTRO-OESTE;5752.307
2025-08-14 20:00:00;NORDESTE;SUDESTE/CENTRO-OESTE;5307.80199999
2025-08-14 21:00:00;NORDESTE;SUDESTE/CENTRO-OESTE;4923.969
2025-08-14 22:00:00;NORDESTE;SUDESTE/CENTRO-OESTE;5902.738
2025-08-14 23:00:00;NORDESTE;SUDESTE/CENTRO-OESTE;5019.04699999
2025-08-15 00:00:00;NORDESTE;SUDESTE/CENTRO-OESTE;4656.15899999
2025-08-15 01:00:00;NORDESTE;SUDESTE/CENTRO-OESTE;4820.415
2025-08-15 02:00:00;NORDESTE;SUDESTE/CENTRO-OESTE;5022.718
2025-08-15 03:00:00;NORDESTE;SUDESTE/CENTRO-OESTE;5067.457
2025-08-15 04:00:00;NORDESTE;SUDESTE/CENTRO-OESTE;5183.85099999
2025-08-15 05:00:00;NORDESTE;SUDESTE/CENTRO-OESTE;5088.228
2025-08-15 06:00:00;NORDESTE;SUDESTE/CENTRO-OESTE;5873.864
2025-08-15 07:00:00;NORDESTE;SUDESTE/CENTRO-OESTE;5618.675
2025-08-15 08:00:00;NORDESTE;SUDESTE/CENTRO-OESTE;4712.304
2025-08-15 09:00:00;NORDESTE;SUDESTE/CENTRO-OESTE;5002.34199999
2025-08-15 10:00:00;NORDESTE;SUDESTE/CENTRO-OESTE;4679.83299999
2025-08-15 11:00:00;NORDESTE;SUDESTE/CENTRO-OESTE;4209.725
2025-08-15 12:00:00;NORDESTE;SUDESTE/CENTRO-OESTE;2968.145
2025-08-15 13:00:00;NORDESTE;SUDESTE/CENTRO-OESTE;3115.609
2025-08-15 14:00:00;NORDESTE;SUDESTE/CENTRO-OESTE;3646.885
2025-08-15 15:00:00;NORDESTE;SUDESTE/CENTRO-OESTE;3069.37
2025-08-15 16:00:00;NORDESTE;SUDESTE/CENTRO-OESTE;2804.988
2025-08-15 17:00:00;NORDESTE;SUDESTE/CENTRO-OESTE;3855.434
2025-08-15 18:00:00;NORDESTE;SUDESTE/CENTRO-OESTE;5429.276
2025-08-15 19:00:00;NORDESTE;SUDESTE/CENTRO-OESTE;5633.536
2025-08-15 20:00:00;NORDESTE;SUDESTE/CENTRO-OESTE;5767.339
2025-08-15 21:00:00;NORDESTE;SUDESTE/CENTRO-OESTE;6081.244
2025-08-15 22:00:00;NORDESTE;SUDESTE/CENTRO-OESTE;5676.695
2025-08-15 23:00:00;NORDESTE;SUDESTE/CENTRO-OESTE;5338.478
2025-08-16 00:00:00;NORDESTE;SUDESTE/CENTRO-OESTE;5095.919
2025-08-16 01:00:00;NORDESTE;SUDESTE/CENTRO-OESTE;4928.969
2025-08-16 02:00:00;NORDESTE;SUDESTE/CENTRO-OESTE;5083.92699999
2025-08-16 03:00:00;NORDESTE;SUDESTE/CENTRO-OESTE;5005.782
2025-08-16 04:00:00;NORDESTE;SUDESTE/CENTRO-OESTE;4938.368
2025-08-16 05:00:00;NORDESTE;SUDESTE/CENTRO-OESTE;5018.086
2025-08-16 06:00:00;NORDESTE;SUDESTE/CENTRO-OESTE;5458.08
2025-08-16 07:00:00;NORDESTE;SUDESTE/CENTRO-OESTE;5934.916
2025-08-16 08:00:00;NORDESTE;SUDESTE/CENTRO-OESTE;5209.251
2025-08-16 09:00:00;NORDESTE;SUDESTE/CENTRO-OESTE;4023.755
2025-08-16 10:00:00;NORDESTE;SUDESTE/CENTRO-OESTE;2456.511
2025-08-16 11:00:00;NORDESTE;SUDESTE/CENTRO-OESTE;1862.093
2025-08-16 12:00:00;NORDESTE;SUDESTE/CENTRO-OESTE;1353.823
2025-08-16 13:00:00;NORDESTE;SUDESTE/CENTRO-OESTE;1021.139
2025-08-16 14:00:00;NORDESTE;SUDESTE/CENTRO-OESTE;1045.57
2025-08-16 15:00:00;NORDESTE;SUDESTE/CENTRO-OESTE;1511.934
2025-08-16 16:00:00;NORDESTE;SUDESTE/CENTRO-OESTE;2478.763
2025-08-16 17:00:00;NORDESTE;SUDESTE/CENTRO-OESTE;4851.92699999
2025-08-16 18:00:00;NORDESTE;SUDESTE/CENTRO-OESTE;6074.428
2025-08-16 19:00:00;NORDESTE;SUDESTE/CENTRO-OESTE;6141.568
2025-08-16 20:00:00;NORDESTE;SUDESTE/CENTRO-OESTE;6383.021
2025-08-16 21:00:00;NORDESTE;SUDESTE/CENTRO-OESTE;6337.244
2025-08-16 22:00:00;NORDESTE;SUDESTE/CENTRO-OESTE;6320.977
2025-08-16 23:00:00;NORDESTE;SUDESTE/CENTRO-OESTE;6199.243
2025-08-17 00:00:00;NORDESTE;SUDESTE/CENTRO-OESTE;5997.724
2025-08-17 01:00:00;NORDESTE;SUDESTE/CENTRO-OESTE;6127.564
2025-08-17 02:00:00;NORDESTE;SUDESTE/CENTRO-OESTE;6353.923
2025-08-17 03:00:00;NORDESTE;SUDESTE/CENTRO-OESTE;6239.607
2025-08-17 04:00:00;NORDESTE;SUDESTE/CENTRO-OESTE;6246.097
2025-08-17 05:00:00;NORDESTE;SUDESTE/CENTRO-OESTE;6013.013
2025-08-17 06:00:00;NORDESTE;SUDESTE/CENTRO-OESTE;5835.533
2025-08-17 07:00:00;NORDESTE;SUDESTE/CENTRO-OESTE;4600.203
2025-08-17 08:00:00;NORDESTE;SUDESTE/CENTRO-OESTE;3432.118
2025-08-17 09:00:00;NORDESTE;SUDESTE/CENTRO-OESTE;1820.209
2025-08-17 10:00:00;NORDESTE;SUDESTE/CENTRO-OESTE;374.878
2025-08-17 11:00:00;NORDESTE;SUDESTE/CENTRO-OESTE;-105.579
2025-08-17 12:00:00;NORDESTE;SUDESTE/CENTRO-OESTE;-222.777
2025-08-17 13:00:00;NORDESTE;SUDESTE/CENTRO-OESTE;-435.806
2025-08-17 14:00:00;NORDESTE;SUDESTE/CENTRO-OESTE;228.7
2025-08-17 15:00:00;NORDESTE;SUDESTE/CENTRO-OESTE;1302.832
2025-08-17 16:00:00;NORDESTE;SUDESTE/CENTRO-OESTE;3262.159
2025-08-17 17:00:00;NORDESTE;SUDESTE/CENTRO-OESTE;6394.325
2025-08-17 18:00:00;NORDESTE;SUDESTE/CENTRO-OESTE;7133.335
2025-08-17 19:00:00;NORDESTE;SUDESTE/CENTRO-OESTE;7055.319
2025-08-17 20:00:00;NORDESTE;SUDESTE/CENTRO-OESTE;6928.75
2025-08-17 21:00:00;NORDESTE;SUDESTE/CENTRO-OESTE;6780.894
2025-08-17 22:00:00;NORDESTE;SUDESTE/CENTRO-OESTE;6706.136
2025-08-17 23:00:00;NORDESTE;SUDESTE/CENTRO-OESTE;6477.78
2025-08-18 00:00:00;NORDESTE;SUDESTE/CENTRO-OESTE;6285.739
2025-08-18 01:00:00;NORDESTE;SUDESTE/CENTRO-OESTE;6219.185
2025-08-18 02:00:00;NORDESTE;SUDESTE/CENTRO-OESTE;5905.31
2025-08-18 03:00:00;NORDESTE;SUDESTE/CENTRO-OESTE;5801.415
2025-08-18 04:00:00;NORDESTE;SUDESTE/CENTRO-OESTE;6015.66
2025-08-18 05:00:00;NORDESTE;SUDESTE/CENTRO-OESTE;6415.512
2025-08-18 06:00:00;NORDESTE;SUDESTE/CENTRO-OESTE;6561.743
2025-08-18 07:00:00;NORDESTE;SUDESTE/CENTRO-OESTE;6120.835
2025-08-18 08:00:00;NORDESTE;SUDESTE/CENTRO-OESTE;5066.108
2025-08-18 09:00:00;NORDESTE;SUDESTE/CENTRO-OESTE;4727.095
2025-08-18 10:00:00;NORDESTE;SUDESTE/CENTRO-OESTE;4418.661
2025-08-18 11:00:00;NORDESTE;SUDESTE/CENTRO-OESTE;4130.736
2025-08-18 12:00:00;NORDESTE;SUDESTE/CENTRO-OESTE;3716.785
2025-08-18 13:00:00;NORDESTE;SUDESTE/CENTRO-OESTE;4004.286
2025-08-18 14:00:00;NORDESTE;SUDESTE/CENTRO-OESTE;4115.528
2025-08-18 15:00:00;NORDESTE;SUDESTE/CENTRO-OESTE;3831.589
2025-08-18 16:00:00;NORDESTE;SUDESTE/CENTRO-OESTE;3316.11
2025-08-18 17:00:00;NORDESTE;SUDESTE/CENTRO-OESTE;4176.353
2025-08-18 18:00:00;NORDESTE;SUDESTE/CENTRO-OESTE;6006.272
2025-08-18 19:00:00;NORDESTE;SUDESTE/CENTRO-OESTE;6527.111
2025-08-18 20:00:00;NORDESTE;SUDESTE/CENTRO-OESTE;6417.255
2025-08-18 21:00:00;NORDESTE;SUDESTE/CENTRO-OESTE;6052.934
2025-08-18 22:00:00;NORDESTE;SUDESTE/CENTRO-OESTE;5732.459
2025-08-18 23:00:00;NORDESTE;SUDESTE/CENTRO-OESTE;5866.919
2025-08-19 00:00:00;NORDESTE;SUDESTE/CENTRO-OESTE;6169.529
2025-08-19 01:00:00;NORDESTE;SUDESTE/CENTRO-OESTE;6495.425
2025-08-19 02:00:00;NORDESTE;SUDESTE/CENTRO-OESTE;6568.018
2025-08-19 03:00:00;NORDESTE;SUDESTE/CENTRO-OESTE;6428.817
2025-08-19 04:00:00;NORDESTE;SUDESTE/CENTRO-OESTE;6434.16
2025-08-19 05:00:00;NORDESTE;SUDESTE/CENTRO-OESTE;6451.475
2025-08-19 06:00:00;NORDESTE;SUDESTE/CENTRO-OESTE;6477.567
2025-08-19 07:00:00;NORDESTE;SUDESTE/CENTRO-OESTE;6758.765
2025-08-19 08:00:00;NORDESTE;SUDESTE/CENTRO-OESTE;5931.334
2025-08-19 09:00:00;NORDESTE;SUDESTE/CENTRO-OESTE;4742.72999999
2025-08-19 10:00:00;NORDESTE;SUDESTE/CENTRO-OESTE;4239.741
2025-08-19 11:00:00;NORDESTE;SUDESTE/CENTRO-OESTE;3242.512
2025-08-19 12:00:00;NORDESTE;SUDESTE/CENTRO-OESTE;2461.702
2025-08-19 13:00:00;NORDESTE;SUDESTE/CENTRO-OESTE;3328.953
2025-08-19 14:00:00;NORDESTE;SUDESTE/CENTRO-OESTE;3885.149
2025-08-19 15:00:00;NORDESTE;SUDESTE/CENTRO-OESTE;4761.959
2025-08-19 16:00:00;NORDESTE;SUDESTE/CENTRO-OESTE;4407.227
2025-08-19 17:00:00;NORDESTE;SUDESTE/CENTRO-OESTE;5167.44899999
2025-08-19 18:00:00;NORDESTE;SUDESTE/CENTRO-OESTE;7171.112
2025-08-19 19:00:00;NORDESTE;SUDESTE/CENTRO-OESTE;7625.189
2025-08-19 20:00:00;NORDESTE;SUDESTE/CENTRO-OESTE;7470.481
2025-08-19 21:00:00;NORDESTE;SUDESTE/CENTRO-OESTE;7051.905
2025-08-19 22:00:00;NORDESTE;SUDESTE/CENTRO-OESTE;6195.57
2025-08-19 23:00:00;NORDESTE;SUDESTE/CENTRO-OESTE;5807.365
2025-08-20 00:00:00;NORDESTE;SUDESTE/CENTRO-OESTE;5768.584
2025-08-20 01:00:00;NORDESTE;SUDESTE/CENTRO-OESTE;5869.791
2025-08-20 02:00:00;NORDESTE;SUDESTE/CENTRO-OESTE;5909.753
2025-08-20 03:00:00;NORDESTE;SUDESTE/CENTRO-OESTE;6095.976
2025-08-20 04:00:00;NORDESTE;SUDESTE/CENTRO-OESTE;6073.583
2025-08-20 05:00:00;NORDESTE;SUDESTE/CENTRO-OESTE;6129.555
2025-08-20 06:00:00;NORDESTE;SUDESTE/CENTRO-OESTE;7141.305
2025-08-20 07:00:00;NORDESTE;SUDESTE/CENTRO-OESTE;7508.697
2025-08-20 08:00:00;NORDESTE;SUDESTE/CENTRO-OESTE;6067.222
2025-08-20 09:00:00;NORDESTE;SUDESTE/CENTRO-OESTE;4178.16
2025-08-20 10:00:00;NORDESTE;SUDESTE/CENTRO-OESTE;4107.12
2025-08-20 11:00:00;NORDESTE;SUDESTE/CENTRO-OESTE;4219.901
2025-08-20 12:00:00;NORDESTE;SUDESTE/CENTRO-OESTE;4085.27
2025-08-20 13:00:00;NORDESTE;SUDESTE/CENTRO-OESTE;4303.43999999
2025-08-20 14:00:00;NORDESTE;SUDESTE/CENTRO-OESTE;4736.071
2025-08-20 15:00:00;NORDESTE;SUDESTE/CENTRO-OESTE;4584.22099999
2025-08-20 16:00:00;NORDESTE;SUDESTE/CENTRO-OESTE;4023.08
2025-08-20 17:00:00;NORDESTE;SUDESTE/CENTRO-OESTE;4006.438
2025-08-20 18:00:00;NORDESTE;SUDESTE/CENTRO-OESTE;5634.707
2025-08-20 19:00:00;NORDESTE;SUDESTE/CENTRO-OESTE;6610.329
2025-08-20 20:00:00;NORDESTE;SUDESTE/CENTRO-OESTE;7057.345
2025-08-20 21:00:00;NORDESTE;SUDESTE/CENTRO-OESTE;7209.706
2025-08-20 22:00:00;NORDESTE;SUDESTE/CENTRO-OESTE;6963.341
2025-08-20 23:00:00;NORDESTE;SUDESTE/CENTRO-OESTE;6743.101
2025-08-21 00:00:00;NORDESTE;SUDESTE/CENTRO-OESTE;6128.153
2025-08-21 01:00:00;NORDESTE;SUDESTE/CENTRO-OESTE;6147.869
2025-08-21 02:00:00;NORDESTE;SUDESTE/CENTRO-OESTE;6312.398
2025-08-21 03:00:00;NORDESTE;SUDESTE/CENTRO-OESTE;6230.294
2025-08-21 04:00:00;NORDESTE;SUDESTE/CENTRO-OESTE;6243.875
2025-08-21 05:00:00;NORDESTE;SUDESTE/CENTRO-OESTE;6166.387
2025-08-21 06:00:00;NORDESTE;SUDESTE/CENTRO-OESTE;6904.377
2025-08-21 07:00:00;NORDESTE;SUDESTE/CENTRO-OESTE;6528.162
2025-08-21 08:00:00;NORDESTE;SUDESTE/CENTRO-OESTE;5528.071
2025-08-21 09:00:00;NORDESTE;SUDESTE/CENTRO-OESTE;4719.907
2025-08-21 10:00:00;NORDESTE;SUDESTE/CENTRO-OESTE;3833.183
2025-08-21 11:00:00;NORDESTE;SUDESTE/CENTRO-OESTE;3398.033
2025-08-21 12:00:00;NORDESTE;SUDESTE/CENTRO-OESTE;3107.169
2025-08-21 13:00:00;NORDESTE;SUDESTE/CENTRO-OESTE;3630.831
2025-08-21 14:00:00;NORDESTE;SUDESTE/CENTRO-OESTE;3995.751
2025-08-21 15:00:00;NORDESTE;SUDESTE/CENTRO-OESTE;3591.551
2025-08-21 16:00:00;NORDESTE;SUDESTE/CENTRO-OESTE;3213.58
2025-08-21 17:00:00;NORDESTE;SUDESTE/CENTRO-OESTE;4341.456
2025-08-21 18:00:00;NORDESTE;SUDESTE/CENTRO-OESTE;6267.947
2025-08-21 19:00:00;NORDESTE;SUDESTE/CENTRO-OESTE;6885.501
2025-08-21 20:00:00;NORDESTE;SUDESTE/CENTRO-OESTE;6948.664
2025-08-21 21:00:00;NORDESTE;SUDESTE/CENTRO-OESTE;7312.181
2025-08-21 22:00:00;NORDESTE;SUDESTE/CENTRO-OESTE;7037.538
2025-08-21 23:00:00;NORDESTE;SUDESTE/CENTRO-OESTE;6846.303
2025-08-22 00:00:00;NORDESTE;SUDESTE/CENTRO-OESTE;7156.825
2025-08-22 01:00:00;NORDESTE;SUDESTE/CENTRO-OESTE;7579.929
2025-08-22 02:00:00;NORDESTE;SUDESTE/CENTRO-OESTE;7574.429
2025-08-22 03:00:00;NORDESTE;SUDESTE/CENTRO-OESTE;7496.548
2025-08-22 04:00:00;NORDESTE;SUDESTE/CENTRO-OESTE;7236.019
2025-08-22 05:00:00;NORDESTE;SUDESTE/CENTRO-OESTE;7091.235
2025-08-22 06:00:00;NORDESTE;SUDESTE/CENTRO-OESTE;7332.124
2025-08-22 07:00:00;NORDESTE;SUDESTE/CENTRO-OESTE;6405.857
2025-08-22 08:00:00;NORDESTE;SUDESTE/CENTRO-OESTE;6108.86
2025-08-22 09:00:00;NORDESTE;SUDESTE/CENTRO-OESTE;5623.347
2025-08-22 10:00:00;NORDESTE;SUDESTE/CENTRO-OESTE;4861.902
2025-08-22 11:00:00;NORDESTE;SUDESTE/CENTRO-OESTE;4733.978
2025-08-22 12:00:00;NORDESTE;SUDESTE/CENTRO-OESTE;4488.462
2025-08-22 13:00:00;NORDESTE;SUDESTE/CENTRO-OESTE;4852.618
2025-08-22 14:00:00;NORDESTE;SUDESTE/CENTRO-OESTE;4526.564
2025-08-22 15:00:00;NORDESTE;SUDESTE/CENTRO-OESTE;4914.914
2025-08-22 16:00:00;NORDESTE;SUDESTE/CENTRO-OESTE;4880.78799999
2025-08-22 17:00:00;NORDESTE;SUDESTE/CENTRO-OESTE;4982.60099999
2025-08-22 18:00:00;NORDESTE;SUDESTE/CENTRO-OESTE;6743.731
2025-08-22 19:00:00;NORDESTE;SUDESTE/CENTRO-OESTE;6767.757
2025-08-22 20:00:00;NORDESTE;SUDESTE/CENTRO-OESTE;6777.07
2025-08-22 21:00:00;NORDESTE;SUDESTE/CENTRO-OESTE;6939.425
2025-08-22 22:00:00;NORDESTE;SUDESTE/CENTRO-OESTE;7723.342
2025-08-22 23:00:00;NORDESTE;SUDESTE/CENTRO-OESTE;7430.296
2025-08-23 00:00:00;NORDESTE;SUDESTE/CENTRO-OESTE;7221.935
2025-08-23 01:00:00;NORDESTE;SUDESTE/CENTRO-OESTE;7313.691
2025-08-23 02:00:00;NORDESTE;SUDESTE/CENTRO-OESTE;7223.74
2025-08-23 03:00:00;NORDESTE;SUDESTE/CENTRO-OESTE;7374.004
2025-08-23 04:00:00;NORDESTE;SUDESTE/CENTRO-OESTE;7120.936
2025-08-23 05:00:00;NORDESTE;SUDESTE/CENTRO-OESTE;6251.886
2025-08-23 06:00:00;NORDESTE;SUDESTE/CENTRO-OESTE;6278.183
2025-08-23 07:00:00;NORDESTE;SUDESTE/CENTRO-OESTE;6040.463
2025-08-23 08:00:00;NORDESTE;SUDESTE/CENTRO-OESTE;5834.847
2025-08-23 09:00:00;NORDESTE;SUDESTE/CENTRO-OESTE;5596.734
2025-08-23 10:00:00;NORDESTE;SUDESTE/CENTRO-OESTE;5296.737
2025-08-23 11:00:00;NORDESTE;SUDESTE/CENTRO-OESTE;4982.115
2025-08-23 12:00:00;NORDESTE;SUDESTE/CENTRO-OESTE;4395.883
2025-08-23 13:00:00;NORDESTE;SUDESTE/CENTRO-OESTE;3967.063
2025-08-23 14:00:00;NORDESTE;SUDESTE/CENTRO-OESTE;4138.943
2025-08-23 15:00:00;NORDESTE;SUDESTE/CENTRO-OESTE;4955.62299999
2025-08-23 16:00:00;NORDESTE;SUDESTE/CENTRO-OESTE;4660.276
2025-08-23 17:00:00;NORDESTE;SUDESTE/CENTRO-OESTE;4734.587
2025-08-23 18:00:00;NORDESTE;SUDESTE/CENTRO-OESTE;6041.651
2025-08-23 19:00:00;NORDESTE;SUDESTE/CENTRO-OESTE;6295.214
2025-08-23 20:00:00;NORDESTE;SUDESTE/CENTRO-OESTE;6461.084
2025-08-23 21:00:00;NORDESTE;SUDESTE/CENTRO-OESTE;6212.477
2025-08-23 22:00:00;NORDESTE;SUDESTE/CENTRO-OESTE;5381.38199999
2025-08-23 23:00:00;NORDESTE;SUDESTE/CENTRO-OESTE;5246.95799999
2025-08-24 00:00:00;NORDESTE;SUDESTE/CENTRO-OESTE;5214.207
2025-08-24 01:00:00;NORDESTE;SUDESTE/CENTRO-OESTE;5083.0
2025-08-24 02:00:00;NORDESTE;SUDESTE/CENTRO-OESTE;5313.125
2025-08-24 03:00:00;NORDESTE;SUDESTE/CENTRO-OESTE;5528.657
2025-08-24 04:00:00;NORDESTE;SUDESTE/CENTRO-OESTE;5703.812
2025-08-24 05:00:00;NORDESTE;SUDESTE/CENTRO-OESTE;5647.271
2025-08-24 06:00:00;NORDESTE;SUDESTE/CENTRO-OESTE;6037.811
2025-08-24 07:00:00;NORDESTE;SUDESTE/CENTRO-OESTE;5786.878
2025-08-24 08:00:00;NORDESTE;SUDESTE/CENTRO-OESTE;4847.743
2025-08-24 09:00:00;NORDESTE;SUDESTE/CENTRO-OESTE;3744.389
2025-08-24 10:00:00;NORDESTE;SUDESTE/CENTRO-OESTE;2716.596
2025-08-24 11:00:00;NORDESTE;SUDESTE/CENTRO-OESTE;2329.589
2025-08-24 12:00:00;NORDESTE;SUDESTE/CENTRO-OESTE;1997.416
2025-08-24 13:00:00;NORDESTE;SUDESTE/CENTRO-OESTE;1920.828
2025-08-24 14:00:00;NORDESTE;SUDESTE/CENTRO-OESTE;1965.138
2025-08-24 15:00:00;NORDESTE;SUDESTE/CENTRO-OESTE;2412.14199999
2025-08-24 16:00:00;NORDESTE;SUDESTE/CENTRO-OESTE;2909.502
2025-08-24 17:00:00;NORDESTE;SUDESTE/CENTRO-OESTE;3323.404
2025-08-24 18:00:00;NORDESTE;SUDESTE/CENTRO-OESTE;4967.19899999
2025-08-24 19:00:00;NORDESTE;SUDESTE/CENTRO-OESTE;6280.588
2025-08-24 20:00:00;NORDESTE;SUDESTE/CENTRO-OESTE;7022.432
2025-08-24 21:00:00;NORDESTE;SUDESTE/CENTRO-OESTE;6672.078
2025-08-24 22:00:00;NORDESTE;SUDESTE/CENTRO-OESTE;5705.708
2025-08-24 23:00:00;NORDESTE;SUDESTE/CENTRO-OESTE;5680.578
2025-08-25 00:00:00;NORDESTE;SUDESTE/CENTRO-OESTE;5672.334
2025-08-25 01:00:00;NORDESTE;SUDESTE/CENTRO-OESTE;5733.92
2025-08-25 02:00:00;NORDESTE;SUDESTE/CENTRO-OESTE;5875.481
2025-08-25 03:00:00;NORDESTE;SUDESTE/CENTRO-OESTE;5970.954
2025-08-25 04:00:00;NORDESTE;SUDESTE/CENTRO-OESTE;5954.635
2025-08-25 05:00:00;NORDESTE;SUDESTE/CENTRO-OESTE;7064.852
2025-08-25 06:00:00;NORDESTE;SUDESTE/CENTRO-OESTE;7567.102
2025-08-25 07:00:00;NORDESTE;SUDESTE/CENTRO-OESTE;6033.288
2025-08-25 08:00:00;NORDESTE;SUDESTE/CENTRO-OESTE;4958.567
2025-08-25 09:00:00;NORDESTE;SUDESTE/CENTRO-OESTE;4737.809
2025-08-25 10:00:00;NORDESTE;SUDESTE/CENTRO-OESTE;4162.455
2025-08-25 11:00:00;NORDESTE;SUDESTE/CENTRO-OESTE;3688.729
2025-08-25 12:00:00;NORDESTE;SUDESTE/CENTRO-OESTE;3080.623
2025-08-25 13:00:00;NORDESTE;SUDESTE/CENTRO-OESTE;2849.641
2025-08-25 14:00:00;NORDESTE;SUDESTE/CENTRO-OESTE;3099.744
2025-08-25 15:00:00;NORDESTE;SUDESTE/CENTRO-OESTE;3870.501
2025-08-25 16:00:00;NORDESTE;SUDESTE/CENTRO-OESTE;4206.271
2025-08-25 17:00:00;NORDESTE;SUDESTE/CENTRO-OESTE;4847.883
2025-08-25 18:00:00;NORDESTE;SUDESTE/CENTRO-OESTE;6584.388
2025-08-25 19:00:00;NORDESTE;SUDESTE/CENTRO-OESTE;7703.59
2025-08-25 20:00:00;NORDESTE;SUDESTE/CENTRO-OESTE;7788.314
2025-08-25 21:00:00;NORDESTE;SUDESTE/CENTRO-OESTE;6889.472
2025-08-25 22:00:00;NORDESTE;SUDESTE/CENTRO-OESTE;5575.036
2025-08-25 23:00:00;NORDESTE;SUDESTE/CENTRO-OESTE;5364.526
2025-08-26 00:00:00;NORDESTE;SUDESTE/CENTRO-OESTE;5653.674
2025-08-26 01:00:00;NORDESTE;SUDESTE/CENTRO-OESTE;5960.78
2025-08-26 02:00:00;NORDESTE;SUDESTE/CENTRO-OESTE;6146.229
2025-08-26 03:00:00;NORDESTE;SUDESTE/CENTRO-OESTE;6205.291
2025-08-26 04:00:00;NORDESTE;SUDESTE/CENTRO-OESTE;6198.821
2025-08-26 05:00:00;NORDESTE;SUDESTE/CENTRO-OESTE;6005.885
2025-08-26 06:00:00;NORDESTE;SUDESTE/CENTRO-OESTE;6588.731
2025-08-26 07:00:00;NORDESTE;SUDESTE/CENTRO-OESTE;6028.876
2025-08-26 08:00:00;NORDESTE;SUDESTE/CENTRO-OESTE;5936.148
2025-08-26 09:00:00;NORDESTE;SUDESTE/CENTRO-OESTE;5693.611
2025-08-26 10:00:00;NORDESTE;SUDESTE/CENTRO-OESTE;5153.87
2025-08-26 11:00:00;NORDESTE;SUDESTE/CENTRO-OESTE;4416.658
2025-08-26 12:00:00;NORDESTE;SUDESTE/CENTRO-OESTE;4282.252
2025-08-26 13:00:00;NORDESTE;SUDESTE/CENTRO-OESTE;4839.482
2025-08-26 14:00:00;NORDESTE;SUDESTE/CENTRO-OESTE;4998.338
2025-08-26 15:00:00;NORDESTE;SUDESTE/CENTRO-OESTE;4990.374
2025-08-26 16:00:00;NORDESTE;SUDESTE/CENTRO-OESTE;3525.127
2025-08-26 17:00:00;NORDESTE;SUDESTE/CENTRO-OESTE;3889.532
2025-08-26 18:00:00;NORDESTE;SUDESTE/CENTRO-OESTE;5227.394
2025-08-26 19:00:00;NORDESTE;SUDESTE/CENTRO-OESTE;6256.013
2025-08-26 20:00:00;NORDESTE;SUDESTE/CENTRO-OESTE;6702.065
2025-08-26 21:00:00;NORDESTE;SUDESTE/CENTRO-OESTE;6630.714
2025-08-26 22:00:00;NORDESTE;SUDESTE/CENTRO-OESTE;5367.378
2025-08-26 23:00:00;NORDESTE;SUDESTE/CENTRO-OESTE;5369.542
2025-08-27 00:00:00;NORDESTE;SUDESTE/CENTRO-OESTE;5417.21699999
2025-08-27 01:00:00;NORDESTE;SUDESTE/CENTRO-OESTE;5608.671
2025-08-27 02:00:00;NORDESTE;SUDESTE/CENTRO-OESTE;5882.346
2025-08-27 03:00:00;NORDESTE;SUDESTE/CENTRO-OESTE;6085.223
2025-08-27 04:00:00;NORDESTE;SUDESTE/CENTRO-OESTE;6460.555
2025-08-27 05:00:00;NORDESTE;SUDESTE/CENTRO-OESTE;6541.587
2025-08-27 06:00:00;NORDESTE;SUDESTE/CENTRO-OESTE;6534.239
2025-08-27 07:00:00;NORDESTE;SUDESTE/CENTRO-OESTE;6073.612
2025-08-27 08:00:00;NORDESTE;SUDESTE/CENTRO-OESTE;6004.121
2025-08-27 09:00:00;NORDESTE;SUDESTE/CENTRO-OESTE;4671.586
2025-08-27 10:00:00;NORDESTE;SUDESTE/CENTRO-OESTE;3988.899
2025-08-27 11:00:00;NORDESTE;SUDESTE/CENTRO-OESTE;3312.55
2025-08-27 12:00:00;NORDESTE;SUDESTE/CENTRO-OESTE;2965.546
2025-08-27 13:00:00;NORDESTE;SUDESTE/CENTRO-OESTE;2990.482
2025-08-27 14:00:00;NORDESTE;SUDESTE/CENTRO-OESTE;3132.578
2025-08-27 15:00:00;NORDESTE;SUDESTE/CENTRO-OESTE;3434.224
2025-08-27 16:00:00;NORDESTE;SUDESTE/CENTRO-OESTE;2999.838
2025-08-27 17:00:00;NORDESTE;SUDESTE/CENTRO-OESTE;3652.033
2025-08-27 18:00:00;NORDESTE;SUDESTE/CENTRO-OESTE;6206.897
2025-08-27 19:00:00;NORDESTE;SUDESTE/CENTRO-OESTE;6301.883
2025-08-27 20:00:00;NORDESTE;SUDESTE/CENTRO-OESTE;5916.429
2025-08-27 21:00:00;NORDESTE;SUDESTE/CENTRO-OESTE;6233.824
2025-08-27 22:00:00;NORDESTE;SUDESTE/CENTRO-OESTE;6345.513
2025-08-27 23:00:00;NORDESTE;SUDESTE/CENTRO-OESTE;6464.011
2025-08-28 00:00:00;NORDESTE;SUDESTE/CENTRO-OESTE;6197.298
2025-08-28 01:00:00;NORDESTE;SUDESTE/CENTRO-OESTE;6388.14
2025-08-28 02:00:00;NORDESTE;SUDESTE/CENTRO-OESTE;6627.346
2025-08-28 03:00:00;NORDESTE;SUDESTE/CENTRO-OESTE;6688.386
2025-08-28 04:00:00;NORDESTE;SUDESTE/CENTRO-OESTE;6551.909
2025-08-28 05:00:00;NORDESTE;SUDESTE/CENTRO-OESTE;6479.981
2025-08-28 06:00:00;NORDESTE;SUDESTE/CENTRO-OESTE;6520.915
2025-08-28 07:00:00;NORDESTE;SUDESTE/CENTRO-OESTE;5790.457
2025-08-28 08:00:00;NORDESTE;SUDESTE/CENTRO-OESTE;4817.84
2025-08-28 09:00:00;NORDESTE;SUDESTE/CENTRO-OESTE;4743.58
2025-08-28 10:00:00;NORDESTE;SUDESTE/CENTRO-OESTE;4193.47099999
2025-08-28 11:00:00;NORDESTE;SUDESTE/CENTRO-OESTE;3991.584
2025-08-28 12:00:00;NORDESTE;SUDESTE/CENTRO-OESTE;3498.692
2025-08-28 13:00:00;NORDESTE;SUDESTE/CENTRO-OESTE;3762.297
2025-08-28 14:00:00;NORDESTE;SUDESTE/CENTRO-OESTE;3872.176
2025-08-28 15:00:00;NORDESTE;SUDESTE/CENTRO-OESTE;4097.813
2025-08-28 16:00:00;NORDESTE;SUDESTE/CENTRO-OESTE;3653.174
2025-08-28 17:00:00;NORDESTE;SUDESTE/CENTRO-OESTE;4249.256
2025-08-28 18:00:00;NORDESTE;SUDESTE/CENTRO-OESTE;6327.304
2025-08-28 19:00:00;NORDESTE;SUDESTE/CENTRO-OESTE;6992.365
2025-08-28 20:00:00;NORDESTE;SUDESTE/CENTRO-OESTE;7163.463
2025-08-28 21:00:00;NORDESTE;SUDESTE/CENTRO-OESTE;6959.625
2025-08-28 22:00:00;NORDESTE;SUDESTE/CENTRO-OESTE;6249.041
2025-08-28 23:00:00;NORDESTE;SUDESTE/CENTRO-OESTE;5354.366
2025-08-29 00:00:00;NORDESTE;SUDESTE/CENTRO-OESTE;5248.832
2025-08-29 01:00:00;NORDESTE;SUDESTE/CENTRO-OESTE;5326.669
2025-08-29 02:00:00;NORDESTE;SUDESTE/CENTRO-OESTE;4847.59599999
2025-08-29 03:00:00;NORDESTE;SUDESTE/CENTRO-OESTE;5144.191
2025-08-29 04:00:00;NORDESTE;SUDESTE/CENTRO-OESTE;5270.916
2025-08-29 05:00:00;NORDESTE;SUDESTE/CENTRO-OESTE;5293.058
2025-08-29 06:00:00;NORDESTE;SUDESTE/CENTRO-OESTE;6842.978
2025-08-29 07:00:00;NORDESTE;SUDESTE/CENTRO-OESTE;7071.369
2025-08-29 08:00:00;NORDESTE;SUDESTE/CENTRO-OESTE;6108.666
2025-08-29 09:00:00;NORDESTE;SUDESTE/CENTRO-OESTE;5586.766
2025-08-29 10:00:00;NORDESTE;SUDESTE/CENTRO-OESTE;4739.32
2025-08-29 11:00:00;NORDESTE;SUDESTE/CENTRO-OESTE;4444.673
2025-08-29 12:00:00;NORDESTE;SUDESTE/CENTRO-OESTE;3468.392
2025-08-29 13:00:00;NORDESTE;SUDESTE/CENTRO-OESTE;3608.339
2025-08-29 14:00:00;NORDESTE;SUDESTE/CENTRO-OESTE;3883.074
2025-08-29 15:00:00;NORDESTE;SUDESTE/CENTRO-OESTE;4471.77499999
2025-08-29 16:00:00;NORDESTE;SUDESTE/CENTRO-OESTE;4167.999
2025-08-29 17:00:00;NORDESTE;SUDESTE/CENTRO-OESTE;4203.242
2025-08-29 18:00:00;NORDESTE;SUDESTE/CENTRO-OESTE;6512.257
2025-08-29 19:00:00;NORDESTE;SUDESTE/CENTRO-OESTE;6621.273
2025-08-29 20:00:00;NORDESTE;SUDESTE/CENTRO-OESTE;7046.839
2025-08-29 21:00:00;NORDESTE;SUDESTE/CENTRO-OESTE;7490.42
2025-08-29 22:00:00;NORDESTE;SUDESTE/CENTRO-OESTE;7554.315
2025-08-29 23:00:00;NORDESTE;SUDESTE/CENTRO-OESTE;7487.098
2025-08-30 00:00:00;NORDESTE;SUDESTE/CENTRO-OESTE;7564.359
2025-08-30 01:00:00;NORDESTE;SUDESTE/CENTRO-OESTE;7310.768
2025-08-30 02:00:00;NORDESTE;SUDESTE/CENTRO-OESTE;7358.455
2025-08-30 03:00:00;NORDESTE;SUDESTE/CENTRO-OESTE;7506.921
2025-08-30 04:00:00;NORDESTE;SUDESTE/CENTRO-OESTE;7385.376
2025-08-30 05:00:00;NORDESTE;SUDESTE/CENTRO-OESTE;6972.377
2025-08-30 06:00:00;NORDESTE;SUDESTE/CENTRO-OESTE;5976.292
2025-08-30 07:00:00;NORDESTE;SUDESTE/CENTRO-OESTE;5470.319
2025-08-30 08:00:00;NORDESTE;SUDESTE/CENTRO-OESTE;5163.349
2025-08-30 09:00:00;NORDESTE;SUDESTE/CENTRO-OESTE;4344.41
2025-08-30 10:00:00;NORDESTE;SUDESTE/CENTRO-OESTE;3040.507
2025-08-30 11:00:00;NORDESTE;SUDESTE/CENTRO-OESTE;2046.682
2025-08-30 12:00:00;NORDESTE;SUDESTE/CENTRO-OESTE;1687.928
2025-08-30 13:00:00;NORDESTE;SUDESTE/CENTRO-OESTE;1571.532
2025-08-30 14:00:00;NORDESTE;SUDESTE/CENTRO-OESTE;1457.669
2025-08-30 15:00:00;NORDESTE;SUDESTE/CENTRO-OESTE;2260.083
2025-08-30 16:00:00;NORDESTE;SUDESTE/CENTRO-OESTE;2891.23
2025-08-30 17:00:00;NORDESTE;SUDESTE/CENTRO-OESTE;3382.421
2025-08-30 18:00:00;NORDESTE;SUDESTE/CENTRO-OESTE;5108.41299999
2025-08-30 19:00:00;NORDESTE;SUDESTE/CENTRO-OESTE;5813.662
2025-08-30 20:00:00;NORDESTE;SUDESTE/CENTRO-OESTE;6396.221
2025-08-30 21:00:00;NORDESTE;SUDESTE/CENTRO-OESTE;6729.385
2025-08-30 22:00:00;NORDESTE;SUDESTE/CENTRO-OESTE;6724.274
2025-08-30 23:00:00;NORDESTE;SUDESTE/CENTRO-OESTE;6146.325
2025-08-31 00:00:00;NORDESTE;SUDESTE/CENTRO-OESTE;6417.989
2025-08-31 01:00:00;NORDESTE;SUDESTE/CENTRO-OESTE;6601.687
2025-08-31 02:00:00;NORDESTE;SUDESTE/CENTRO-OESTE;6244.357
2025-08-31 03:00:00;NORDESTE;SUDESTE/CENTRO-OESTE;5796.645
2025-08-31 04:00:00;NORDESTE;SUDESTE/CENTRO-OESTE;5426.895
2025-08-31 05:00:00;NORDESTE;SUDESTE/CENTRO-OESTE;5509.941
2025-08-31 06:00:00;NORDESTE;SUDESTE/CENTRO-OESTE;5848.645
2025-08-31 07:00:00;NORDESTE;SUDESTE/CENTRO-OESTE;4694.107
2025-08-31 08:00:00;NORDESTE;SUDESTE/CENTRO-OESTE;2439.353
2025-08-31 09:00:00;NORDESTE;SUDESTE/CENTRO-OESTE;353.091
2025-08-31 10:00:00;NORDESTE;SUDESTE/CENTRO-OESTE;-647.90599999
2025-08-31 11:00:00;NORDESTE;SUDESTE/CENTRO-OESTE;-627.607
2025-08-31 12:00:00;NORDESTE;SUDESTE/CENTRO-OESTE;-779.072
2025-08-31 13:00:00;NORDESTE;SUDESTE/CENTRO-OESTE;-507.323
2025-08-31 14:00:00;NORDESTE;SUDESTE/CENTRO-OESTE;-143.56299999
2025-08-31 15:00:00;NORDESTE;SUDESTE/CENTRO-OESTE;879.343
2025-08-31 16:00:00;NORDESTE;SUDESTE/CENTRO-OESTE;2174.399
2025-08-31 17:00:00;NORDESTE;SUDESTE/CENTRO-OESTE;3397.41
2025-08-31 18:00:00;NORDESTE;SUDESTE/CENTRO-OESTE;4936.792
2025-08-31 19:00:00;NORDESTE;SUDESTE/CENTRO-OESTE;5682.46
2025-08-31 20:00:00;NORDESTE;SUDESTE/CENTRO-OESTE;6613.962
2025-08-31 21:00:00;NORDESTE;SUDESTE/CENTRO-OESTE;7503.85
2025-08-31 22:00:00;NORDESTE;SUDESTE/CENTRO-OESTE;7030.6
2025-08-31 23:00:00;NORDESTE;SUDESTE/CENTRO-OESTE;6471.169
2025-09-01 00:00:00;NORDESTE;SUDESTE/CENTRO-OESTE;6430.672
2025-09-01 01:00:00;NORDESTE;SUDESTE/CENTRO-OESTE;6691.516
2025-09-01 02:00:00;NORDESTE;SUDESTE/CENTRO-OESTE;6738.306
2025-09-01 03:00:00;NORDESTE;SUDESTE/CENTRO-OESTE;6956.573
2025-09-01 04:00:00;NORDESTE;SUDESTE/CENTRO-OESTE;7082.794
2025-09-01 05:00:00;NORDESTE;SUDESTE/CENTRO-OESTE;7015.98
2025-09-01 06:00:00;NORDESTE;SUDESTE/CENTRO-OESTE;7650.281
2025-09-01 07:00:00;NORDESTE;SUDESTE/CENTRO-OESTE;7365.125
2025-09-01 08:00:00;NORDESTE;SUDESTE/CENTRO-OESTE;6962.732
2025-09-01 09:00:00;NORDESTE;SUDESTE/CENTRO-OESTE;7281.96
2025-09-01 10:00:00;NORDESTE;SUDESTE/CENTRO-OESTE;7333.058
2025-09-01 11:00:00;NORDESTE;SUDESTE/CENTRO-OESTE;6898.313
2025-09-01 12:00:00;NORDESTE;SUDESTE/CENTRO-OESTE;6719.805
2025-09-01 13:00:00;NORDESTE;SUDESTE/CENTRO-OESTE;6775.267
2025-09-01 14:00:00;NORDESTE;SUDESTE/CENTRO-OESTE;6330.814
2025-09-01 15:00:00;NORDESTE;SUDESTE/CENTRO-OESTE;5578.707
2025-09-01 16:00:00;NORDESTE;SUDESTE/CENTRO-OESTE;5207.138
2025-09-01 17:00:00;NORDESTE;SUDESTE/CENTRO-OESTE;6002.801
2025-09-01 18:00:00;NORDESTE;SUDESTE/CENTRO-OESTE;7545.877
2025-09-01 19:00:00;NORDESTE;SUDESTE/CENTRO-OESTE;7752.431
2025-09-01 20:00:00;NORDESTE;SUDESTE/CENTRO-OESTE;7767.395
2025-09-01 21:00:00;NORDESTE;SUDESTE/CENTRO-OESTE;7270.945
2025-09-01 22:00:00;NORDESTE;SUDESTE/CENTRO-OESTE;6835.722
2025-09-01 23:00:00;NORDESTE;SUDESTE/CENTRO-OESTE;6866.145
2025-09-02 00:00:00;NORDESTE;SUDESTE/CENTRO-OESTE;6507.895
2025-09-02 01:00:00;NORDESTE;SUDESTE/CENTRO-OESTE;6798.348
2025-09-02 02:00:00;NORDESTE;SUDESTE/CENTRO-OESTE;7453.75
2025-09-02 03:00:00;NORDESTE;SUDESTE/CENTRO-OESTE;7418.648
2025-09-02 04:00:00;NORDESTE;SUDESTE/CENTRO-OESTE;7149.826
2025-09-02 05:00:00;NORDESTE;SUDESTE/CENTRO-OESTE;7475.21
2025-09-02 06:00:00;NORDESTE;SUDESTE/CENTRO-OESTE;7852.187
2025-09-02 07:00:00;NORDESTE;SUDESTE/CENTRO-OESTE;7206.819
2025-09-02 08:00:00;NORDESTE;SUDESTE/CENTRO-OESTE;6594.289
2025-09-02 09:00:00;NORDESTE;SUDESTE/CENTRO-OESTE;6139.131
2025-09-02 10:00:00;NORDESTE;SUDESTE/CENTRO-OESTE;5580.01
2025-09-02 11:00:00;NORDESTE;SUDESTE/CENTRO-OESTE;5530.547
2025-09-02 12:00:00;NORDESTE;SUDESTE/CENTRO-OESTE;4930.451
2025-09-02 13:00:00;NORDESTE;SUDESTE/CENTRO-OESTE;6020.031
2025-09-02 14:00:00;NORDESTE;SUDESTE/CENTRO-OESTE;7063.222
2025-09-02 15:00:00;NORDESTE;SUDESTE/CENTRO-OESTE;7319.125
2025-09-02 16:00:00;NORDESTE;SUDESTE/CENTRO-OESTE;7318.59
2025-09-02 17:00:00;NORDESTE;SUDESTE/CENTRO-OESTE;7202.747
2025-09-02 18:00:00;NORDESTE;SUDESTE/CENTRO-OESTE;7905.071
2025-09-02 19:00:00;NORDESTE;SUDESTE/CENTRO-OESTE;7738.724
2025-09-02 20:00:00;NORDESTE;SUDESTE/CENTRO-OESTE;7464.104
2025-09-02 21:00:00;NORDESTE;SUDESTE/CENTRO-OESTE;7741.973
2025-09-02 22:00:00;NORDESTE;SUDESTE/CENTRO-OESTE;7111.758
2025-09-02 23:00:00;NORDESTE;SUDESTE/CENTRO-OESTE;6857.973
2025-09-03 00:00:00;NORDESTE;SUDESTE/CENTRO-OESTE;7153.302
2025-09-03 01:00:00;NORDESTE;SUDESTE/CENTRO-OESTE;6904.224
2025-09-03 02:00:00;NORDESTE;SUDESTE/CENTRO-OESTE;7058.952
2025-09-03 03:00:00;NORDESTE;SUDESTE/CENTRO-OESTE;7040.779
2025-09-03 04:00:00;NORDESTE;SUDESTE/CENTRO-OESTE;7231.238
2025-09-03 05:00:00;NORDESTE;SUDESTE/CENTRO-OESTE;7408.73
2025-09-03 06:00:00;NORDESTE;SUDESTE/CENTRO-OESTE;7594.474
2025-09-03 07:00:00;NORDESTE;SUDESTE/CENTRO-OESTE;7224.989
2025-09-03 08:00:00;NORDESTE;SUDESTE/CENTRO-OESTE;6704.364
2025-09-03 09:00:00;NORDESTE;SUDESTE/CENTRO-OESTE;6852.889
2025-09-03 10:00:00;NORDESTE;SUDESTE/CENTRO-OESTE;6429.476
2025-09-03 11:00:00;NORDESTE;SUDESTE/CENTRO-OESTE;5665.777
2025-09-03 12:00:00;NORDESTE;SUDESTE/CENTRO-OESTE;4888.519
2025-09-03 13:00:00;NORDESTE;SUDESTE/CENTRO-OESTE;5306.028
2025-09-03 14:00:00;NORDESTE;SUDESTE/CENTRO-OESTE;6946.479
2025-09-03 15:00:00;NORDESTE;SUDESTE/CENTRO-OESTE;7271.806
2025-09-03 16:00:00;NORDESTE;SUDESTE/CENTRO-OESTE;6769.042
2025-09-03 17:00:00;NORDESTE;SUDESTE/CENTRO-OESTE;7297.288
2025-09-03 18:00:00;NORDESTE;SUDESTE/CENTRO-OESTE;7891.333
2025-09-03 19:00:00;NORDESTE;SUDESTE/CENTRO-OESTE;7354.824
2025-09-03 20:00:00;NORDESTE;SUDESTE/CENTRO-OESTE;7711.308
2025-09-03 21:00:00;NORDESTE;SUDESTE/CENTRO-OESTE;7730.685
2025-09-03 22:00:00;NORDESTE;SUDESTE/CENTRO-OESTE;7447.971
2025-09-03 23:00:00;NORDESTE;SUDESTE/CENTRO-OESTE;7086.959
2025-09-04 00:00:00;NORDESTE;SUDESTE/CENTRO-OESTE;7252.402
2025-09-04 01:00:00;NORDESTE;SUDESTE/CENTRO-OESTE;7424.077
2025-09-04 02:00:00;NORDESTE;SUDESTE/CENTRO-OESTE;7405.714
2025-09-04 03:00:00;NORDESTE;SUDESTE/CENTRO-OESTE;7654.252
2025-09-04 04:00:00;NORDESTE;SUDESTE/CENTRO-OESTE;7450.599
2025-09-04 05:00:00;NORDESTE;SUDESTE/CENTRO-OESTE;7363.466
2025-09-04 06:00:00;NORDESTE;SUDESTE/CENTRO-OESTE;7378.813
2025-09-04 07:00:00;NORDESTE;SUDESTE/CENTRO-OESTE;5685.517
2025-09-04 08:00:00;NORDESTE;SUDESTE/CENTRO-OESTE;5930.385
2025-09-04 09:00:00;NORDESTE;SUDESTE/CENTRO-OESTE;6059.872
2025-09-04 10:00:00;NORDESTE;SUDESTE/CENTRO-OESTE;6108.338
2025-09-04 11:00:00;NORDESTE;SUDESTE/CENTRO-OESTE;6050.899
2025-09-04 12:00:00;NORDESTE;SUDESTE/CENTRO-OESTE;6033.372
2025-09-04 13:00:00;NORDESTE;SUDESTE/CENTRO-OESTE;5971.306
2025-09-04 14:00:00;NORDESTE;SUDESTE/CENTRO-OESTE;5335.34199999
2025-09-04 15:00:00;NORDESTE;SUDESTE/CENTRO-OESTE;5391.319
2025-09-04 16:00:00;NORDESTE;SUDESTE/CENTRO-OESTE;4684.008
2025-09-04 17:00:00;NORDESTE;SUDESTE/CENTRO-OESTE;5781.422
2025-09-04 18:00:00;NORDESTE;SUDESTE/CENTRO-OESTE;7943.134
2025-09-04 19:00:00;NORDESTE;SUDESTE/CENTRO-OESTE;7651.698
2025-09-04 20:00:00;NORDESTE;SUDESTE/CENTRO-OESTE;7900.018
2025-09-04 21:00:00;NORDESTE;SUDESTE/CENTRO-OESTE;7654.408
2025-09-04 22:00:00;NORDESTE;SUDESTE/CENTRO-OESTE;7265.558
2025-09-04 23:00:00;NORDESTE;SUDESTE/CENTRO-OESTE;6836.548
2025-09-05 00:00:00;NORDESTE;SUDESTE/CENTRO-OESTE;6666.399
2025-09-05 01:00:00;NORDESTE;SUDESTE/CENTRO-OESTE;6768.314
2025-09-05 02:00:00;NORDESTE;SUDESTE/CENTRO-OESTE;6997.026
2025-09-05 03:00:00;NORDESTE;SUDESTE/CENTRO-OESTE;7085.593
2025-09-05 04:00:00;NORDESTE;SUDESTE/CENTRO-OESTE;6958.542
2025-09-05 05:00:00;NORDESTE;SUDESTE/CENTRO-OESTE;7183.9
2025-09-05 06:00:00;NORDESTE;SUDESTE/CENTRO-OESTE;7517.848
2025-09-05 07:00:00;NORDESTE;SUDESTE/CENTRO-OESTE;6884.366
2025-09-05 08:00:00;NORDESTE;SUDESTE/CENTRO-OESTE;5896.534
2025-09-05 09:00:00;NORDESTE;SUDESTE/CENTRO-OESTE;5764.512
2025-09-05 10:00:00;NORDESTE;SUDESTE/CENTRO-OESTE;5669.676
2025-09-05 11:00:00;NORDESTE;SUDESTE/CENTRO-OESTE;5677.208
2025-09-05 12:00:00;NORDESTE;SUDESTE/CENTRO-OESTE;4975.002
2025-09-05 13:00:00;NORDESTE;SUDESTE/CENTRO-OESTE;5260.938
2025-09-05 14:00:00;NORDESTE;SUDESTE/CENTRO-OESTE;4865.197
2025-09-05 15:00:00;NORDESTE;SUDESTE/CENTRO-OESTE;4732.054
2025-09-05 16:00:00;NORDESTE;SUDESTE/CENTRO-OESTE;3684.271
2025-09-05 17:00:00;NORDESTE;SUDESTE/CENTRO-OESTE;4397.683
2025-09-05 18:00:00;NORDESTE;SUDESTE/CENTRO-OESTE;6101.603
2025-09-05 19:00:00;NORDESTE;SUDESTE/CENTRO-OESTE;6611.737
2025-09-05 20:00:00;NORDESTE;SUDESTE/CENTRO-OESTE;6261.328
2025-09-05 21:00:00;NORDESTE;SUDESTE/CENTRO-OESTE;6598.033
2025-09-05 22:00:00;NORDESTE;SUDESTE/CENTRO-OESTE;6429.924
2025-09-05 23:00:00;NORDESTE;SUDESTE/CENTRO-OESTE;5934.572
2025-09-06 00:00:00;NORDESTE;SUDESTE/CENTRO-OESTE;6094.831
2025-09-06 01:00:00;NORDESTE;SUDESTE/CENTRO-OESTE;5966.893
2025-09-06 02:00:00;NORDESTE;SUDESTE/CENTRO-OESTE;6184.766
2025-09-06 03:00:00;NORDESTE;SUDESTE/CENTRO-OESTE;6240.202
2025-09-06 04:00:00;NORDESTE;SUDESTE/CENTRO-OESTE;6253.509
2025-09-06 05:00:00;NORDESTE;SUDESTE/CENTRO-OESTE;6271.283
2025-09-06 06:00:00;NORDESTE;SUDESTE/CENTRO-OESTE;6345.054
2025-09-06 07:00:00;NORDESTE;SUDESTE/CENTRO-OESTE;5658.313
2025-09-06 08:00:00;NORDESTE;SUDESTE/CENTRO-OESTE;5139.604
2025-09-06 09:00:00;NORDESTE;SUDESTE/CENTRO-OESTE;4075.009
2025-09-06 10:00:00;NORDESTE;SUDESTE/CENTRO-OESTE;3597.531
2025-09-06 11:00:00;NORDESTE;SUDESTE/CENTRO-OESTE;3139.478
2025-09-06 12:00:00;NORDESTE;SUDESTE/CENTRO-OESTE;2737.983
2025-09-06 13:00:00;NORDESTE;SUDESTE/CENTRO-OESTE;2709.866
2025-09-06 14:00:00;NORDESTE;SUDESTE/CENTRO-OESTE;3277.955
2025-09-06 15:00:00;NORDESTE;SUDESTE/CENTRO-OESTE;4678.825
2025-09-06 16:00:00;NORDESTE;SUDESTE/CENTRO-OESTE;3531.389
2025-09-06 17:00:00;NORDESTE;SUDESTE/CENTRO-OESTE;3246.252
2025-09-06 18:00:00;NORDESTE;SUDESTE/CENTRO-OESTE;4743.134
2025-09-06 19:00:00;NORDESTE;SUDESTE/CENTRO-OESTE;4782.97599999
2025-09-06 20:00:00;NORDESTE;SUDESTE/CENTRO-OESTE;5360.79299999
2025-09-06 21:00:00;NORDESTE;SUDESTE/CENTRO-OESTE;5780.148
2025-09-06 22:00:00;NORDESTE;SUDESTE/CENTRO-OESTE;5748.394
2025-09-06 23:00:00;NORDESTE;SUDESTE/CENTRO-OESTE;6059.356
2025-09-07 00:00:00;NORDESTE;SUDESTE/CENTRO-OESTE;5846.558
2025-09-07 01:00:00;NORDESTE;SUDESTE/CENTRO-OESTE;6016.688
2025-09-07 02:00:00;NORDESTE;SUDESTE/CENTRO-OESTE;6150.634
2025-09-07 03:00:00;NORDESTE;SUDESTE/CENTRO-OESTE;5812.033
2025-09-07 04:00:00;NORDESTE;SUDESTE/CENTRO-OESTE;5789.574
2025-09-07 05:00:00;NORDESTE;SUDESTE/CENTRO-OESTE;6087.178
2025-09-07 06:00:00;NORDESTE;SUDESTE/CENTRO-OESTE;5805.719
2025-09-07 07:00:00;NORDESTE;SUDESTE/CENTRO-OESTE;5088.603
2025-09-07 08:00:00;NORDESTE;SUDESTE/CENTRO-OESTE;3715.511
2025-09-07 09:00:00;NORDESTE;SUDESTE/CENTRO-OESTE;1440.303
2025-09-07 10:00:00;NORDESTE;SUDESTE/CENTRO-OESTE;394.615
2025-09-07 11:00:00;NORDESTE;SUDESTE/CENTRO-OESTE;495.526
2025-09-07 12:00:00;NORDESTE;SUDESTE/CENTRO-OESTE;583.481
2025-09-07 13:00:00;NORDESTE;SUDESTE/CENTRO-OESTE;532.78599999
2025-09-07 14:00:00;NORDESTE;SUDESTE/CENTRO-OESTE;1213.76
2025-09-07 15:00:00;NORDESTE;SUDESTE/CENTRO-OESTE;2222.79799999
2025-09-07 16:00:00;NORDESTE;SUDESTE/CENTRO-OESTE;4727.341
2025-09-07 17:00:00;NORDESTE;SUDESTE/CENTRO-OESTE;5890.094
2025-09-07 18:00:00;NORDESTE;SUDESTE/CENTRO-OESTE;6065.95
2025-09-07 19:00:00;NORDESTE;SUDESTE/CENTRO-OESTE;6150.834
2025-09-07 20:00:00;NORDESTE;SUDESTE/CENTRO-OESTE;6175.953
2025-09-07 21:00:00;NORDESTE;SUDESTE/CENTRO-OESTE;6149.591
2025-09-07 22:00:00;NORDESTE;SUDESTE/CENTRO-OESTE;6346.94
2025-09-07 23:00:00;NORDESTE;SUDESTE/CENTRO-OESTE;6379.66
2025-09-08 00:00:00;NORDESTE;SUDESTE/CENTRO-OESTE;6382.562
2025-09-08 01:00:00;NORDESTE;SUDESTE/CENTRO-OESTE;6207.49
2025-09-08 02:00:00;NORDESTE;SUDESTE/CENTRO-OESTE;5920.579
2025-09-08 03:00:00;NORDESTE;SUDESTE/CENTRO-OESTE;5984.414
2025-09-08 04:00:00;NORDESTE;SUDESTE/CENTRO-OESTE;6113.564
2025-09-08 05:00:00;NORDESTE;SUDESTE/CENTRO-OESTE;6425.697
2025-09-08 06:00:00;NORDESTE;SUDESTE/CENTRO-OESTE;7423.596
2025-09-08 07:00:00;NORDESTE;SUDESTE/CENTRO-OESTE;7151.809
2025-09-08 08:00:00;NORDESTE;SUDESTE/CENTRO-OESTE;6883.309
2025-09-08 09:00:00;NORDESTE;SUDESTE/CENTRO-OESTE;6529.59
2025-09-08 10:00:00;NORDESTE;SUDESTE/CENTRO-OESTE;6551.595
2025-09-08 11:00:00;NORDESTE;SUDESTE/CENTRO-OESTE;6350.676
2025-09-08 12:00:00;NORDESTE;SUDESTE/CENTRO-OESTE;6302.746
2025-09-08 13:00:00;NORDESTE;SUDESTE/CENTRO-OESTE;6368.009
2025-09-08 14:00:00;NORDESTE;SUDESTE/CENTRO-OESTE;5948.249
2025-09-08 15:00:00;NORDESTE;SUDESTE/CENTRO-OESTE;5578.281
2025-09-08 16:00:00;NORDESTE;SUDESTE/CENTRO-OESTE;5394.78799999
2025-09-08 17:00:00;NORDESTE;SUDESTE/CENTRO-OESTE;6808.302
2025-09-08 18:00:00;NORDESTE;SUDESTE/CENTRO-OESTE;7754.203
2025-09-08 19:00:00;NORDESTE;SUDESTE/CENTRO-OESTE;7875.391
2025-09-08 20:00:00;NORDESTE;SUDESTE/CENTRO-OESTE;8031.118
2025-09-08 21:00:00;NORDESTE;SUDESTE/CENTRO-OESTE;7645.777
2025-09-08 22:00:00;NORDESTE;SUDESTE/CENTRO-OESTE;7433.127
2025-09-08 23:00:00;NORDESTE;SUDESTE/CENTRO-OESTE;7088.258
2025-09-09 00:00:00;NORDESTE;SUDESTE/CENTRO-OESTE;6828.762
2025-09-09 01:00:00;NORDESTE;SUDESTE/CENTRO-OESTE;6781.458
2025-09-09 02:00:00;NORDESTE;SUDESTE/CENTRO-OESTE;6931.306
2025-09-09 03:00:00;NORDESTE;SUDESTE/CENTRO-OESTE;6628.055
2025-09-09 04:00:00;NORDESTE;SUDESTE/CENTRO-OESTE;6554.446
2025-09-09 05:00:00;NORDESTE;SUDESTE/CENTRO-OESTE;6982.566
2025-09-09 06:00:00;NORDESTE;SUDESTE/CENTRO-OESTE;7640.084
2025-09-09 07:00:00;NORDESTE;SUDESTE/CENTRO-OESTE;7527.338
2025-09-09 08:00:00;NORDESTE;SUDESTE/CENTRO-OESTE;7615.208
2025-09-09 09:00:00;NORDESTE;SUDESTE/CENTRO-OESTE;6017.141
2025-09-09 10:00:00;NORDESTE;SUDESTE/CENTRO-OESTE;5596.466
2025-09-09 11:00:00;NORDESTE;SUDESTE/CENTRO-OESTE;4803.441
2025-09-09 12:00:00;NORDESTE;SUDESTE/CENTRO-OESTE;4535.608
2025-09-09 13:00:00;NORDESTE;SUDESTE/CENTRO-OESTE;4710.588
2025-09-09 14:00:00;NORDESTE;SUDESTE/CENTRO-OESTE;4682.997
2025-09-09 15:00:00;NORDESTE;SUDESTE/CENTRO-OESTE;3719.513
2025-09-09 16:00:00;NORDESTE;SUDESTE/CENTRO-OESTE;2970.756
2025-09-09 17:00:00;NORDESTE;SUDESTE/CENTRO-OESTE;2740.8
2025-09-09 18:00:00;NORDESTE;SUDESTE/CENTRO-OESTE;4773.578
2025-09-09 19:00:00;NORDESTE;SUDESTE/CENTRO-OESTE;6223.625
2025-09-09 20:00:00;NORDESTE;SUDESTE/CENTRO-OESTE;6707.81
2025-09-09 21:00:00;NORDESTE;SUDESTE/CENTRO-OESTE;6638.493
2025-09-09 22:00:00;NORDESTE;SUDESTE/CENTRO-OESTE;6334.806
2025-09-09 23:00:00;NORDESTE;SUDESTE/CENTRO-OESTE;6584.177
2025-09-10 00:00:00;NORDESTE;SUDESTE/CENTRO-OESTE;6505.908
2025-09-10 01:00:00;NORDESTE;SUDESTE/CENTRO-OESTE;6360.576
2025-09-10 02:00:00;NORDESTE;SUDESTE/CENTRO-OESTE;5939.963
2025-09-10 03:00:00;NORDESTE;SUDESTE/CENTRO-OESTE;5560.994
2025-09-10 04:00:00;NORDESTE;SUDESTE/CENTRO-OESTE;5494.405
2025-09-10 05:00:00;NORDESTE;SUDESTE/CENTRO-OESTE;5398.216
2025-09-10 06:00:00;NORDESTE;SUDESTE/CENTRO-OESTE;6657.775
2025-09-10 07:00:00;NORDESTE;SUDESTE/CENTRO-OESTE;6995.612
2025-09-10 08:00:00;NORDESTE;SUDESTE/CENTRO-OESTE;5711.347
2025-09-10 09:00:00;NORDESTE;SUDESTE/CENTRO-OESTE;4120.204
2025-09-10 10:00:00;NORDESTE;SUDESTE/CENTRO-OESTE;3613.272
2025-09-10 11:00:00;NORDESTE;SUDESTE/CENTRO-OESTE;3343.295
2025-09-10 12:00:00;NORDESTE;SUDESTE/CENTRO-OESTE;3121.424
2025-09-10 13:00:00;NORDESTE;SUDESTE/CENTRO-OESTE;3685.056
2025-09-10 14:00:00;NORDESTE;SUDESTE/CENTRO-OESTE;4391.774
2025-09-10 15:00:00;NORDESTE;SUDESTE/CENTRO-OESTE;4930.51599999
2025-09-10 16:00:00;NORDESTE;SUDESTE/CENTRO-OESTE;3555.038
2025-09-10 17:00:00;NORDESTE;SUDESTE/CENTRO-OESTE;4106.889
2025-09-10 18:00:00;NORDESTE;SUDESTE/CENTRO-OESTE;6445.187
2025-09-10 19:00:00;NORDESTE;SUDESTE/CENTRO-OESTE;6992.132
2025-09-10 20:00:00;NORDESTE;SUDESTE/CENTRO-OESTE;7893.437
2025-09-10 21:00:00;NORDESTE;SUDESTE/CENTRO-OESTE;7546.86
2025-09-10 22:00:00;NORDESTE;SUDESTE/CENTRO-OESTE;6997.213
2025-09-10 23:00:00;NORDESTE;SUDESTE/CENTRO-OESTE;6092.124
2025-09-11 00:00:00;NORDESTE;SUDESTE/CENTRO-OESTE;6318.086
2025-09-11 01:00:00;NORDESTE;SUDESTE/CENTRO-OESTE;6532.704
2025-09-11 02:00:00;NORDESTE;SUDESTE/CENTRO-OESTE;6940.457
2025-09-11 03:00:00;NORDESTE;SUDESTE/CENTRO-OESTE;7233.74
2025-09-11 04:00:00;NORDESTE;SUDESTE/CENTRO-OESTE;7253.25
2025-09-11 05:00:00;NORDESTE;SUDESTE/CENTRO-OESTE;7179.706
2025-09-11 06:00:00;NORDESTE;SUDESTE/CENTRO-OESTE;6986.463
2025-09-11 07:00:00;NORDESTE;SUDESTE/CENTRO-OESTE;5904.679
2025-09-11 08:00:00;NORDESTE;SUDESTE/CENTRO-OESTE;6165.791
2025-09-11 09:00:00;NORDESTE;SUDESTE/CENTRO-OESTE;5676.621
2025-09-11 10:00:00;NORDESTE;SUDESTE/CENTRO-OESTE;4804.54699999
2025-09-11 11:00:00;NORDESTE;SUDESTE/CENTRO-OESTE;4233.201
2025-09-11 12:00:00;NORDESTE;SUDESTE/CENTRO-OESTE;3529.978
2025-09-11 13:00:00;NORDESTE;SUDESTE/CENTRO-OESTE;3476.752
2025-09-11 14:00:00;NORDESTE;SUDESTE/CENTRO-OESTE;4283.17699999
2025-09-11 15:00:00;NORDESTE;SUDESTE/CENTRO-OESTE;5119.58
2025-09-11 16:00:00;NORDESTE;SUDESTE/CENTRO-OESTE;4656.858
2025-09-11 17:00:00;NORDESTE;SUDESTE/CENTRO-OESTE;5190.67
2025-09-11 18:00:00;NORDESTE;SUDESTE/CENTRO-OESTE;6695.256
2025-09-11 19:00:00;NORDESTE;SUDESTE/CENTRO-OESTE;7439.496
2025-09-11 20:00:00;NORDESTE;SUDESTE/CENTRO-OESTE;7829.856
2025-09-11 21:00:00;NORDESTE;SUDESTE/CENTRO-OESTE;7450.788
2025-09-11 22:00:00;NORDESTE;SUDESTE/CENTRO-OESTE;6970.006
2025-09-11 23:00:00;NORDESTE;SUDESTE/CENTRO-OESTE;6749.2
2025-09-12 00:00:00;NORDESTE;SUDESTE/CENTRO-OESTE;6704.487
2025-09-12 01:00:00;NORDESTE;SUDESTE/CENTRO-OESTE;7211.858
2025-09-12 02:00:00;NORDESTE;SUDESTE/CENTRO-OESTE;7568.707
2025-09-12 03:00:00;NORDESTE;SUDESTE/CENTRO-OESTE;7311.883
2025-09-12 04:00:00;NORDESTE;SUDESTE/CENTRO-OESTE;6948.315
2025-09-12 05:00:00;NORDESTE;SUDESTE/CENTRO-OESTE;7288.427
2025-09-12 06:00:00;NORDESTE;SUDESTE/CENTRO-OESTE;7640.657
2025-09-12 07:00:00;NORDESTE;SUDESTE/CENTRO-OESTE;7128.068
2025-09-12 08:00:00;NORDESTE;SUDESTE/CENTRO-OESTE;6947.063
2025-09-12 09:00:00;NORDESTE;SUDESTE/CENTRO-OESTE;6149.077
2025-09-12 10:00:00;NORDESTE;SUDESTE/CENTRO-OESTE;5014.839
2025-09-12 11:00:00;NORDESTE;SUDESTE/CENTRO-OESTE;4325.071
2025-09-12 12:00:00;NORDESTE;SUDESTE/CENTRO-OESTE;3388.083
2025-09-12 13:00:00;NORDESTE;SUDESTE/CENTRO-OESTE;4326.89
2025-09-12 14:00:00;NORDESTE;SUDESTE/CENTRO-OESTE;5182.295
2025-09-12 15:00:00;NORDESTE;SUDESTE/CENTRO-OESTE;5213.722
2025-09-12 16:00:00;NORDESTE;SUDESTE/CENTRO-OESTE;4168.286
2025-09-12 17:00:00;NORDESTE;SUDESTE/CENTRO-OESTE;5491.03399999
2025-09-12 18:00:00;NORDESTE;SUDESTE/CENTRO-OESTE;7727.547
2025-09-12 19:00:00;NORDESTE;SUDESTE/CENTRO-OESTE;7815.172
2025-09-12 20:00:00;NORDESTE;SUDESTE/CENTRO-OESTE;7969.613
2025-09-12 21:00:00;NORDESTE;SUDESTE/CENTRO-OESTE;7419.755
2025-09-12 22:00:00;NORDESTE;SUDESTE/CENTRO-OESTE;7342.448
2025-09-12 23:00:00;NORDESTE;SUDESTE/CENTRO-OESTE;7314.938
2025-09-13 00:00:00;NORDESTE;SUDESTE/CENTRO-OESTE;6898.792
2025-09-13 01:00:00;NORDESTE;SUDESTE/CENTRO-OESTE;6691.962
2025-09-13 02:00:00;NORDESTE;SUDESTE/CENTRO-OESTE;6779.124
2025-09-13 03:00:00;NORDESTE;SUDESTE/CENTRO-OESTE;6757.866
2025-09-13 04:00:00;NORDESTE;SUDESTE/CENTRO-OESTE;6578.207
2025-09-13 05:00:00;NORDESTE;SUDESTE/CENTRO-OESTE;6629.205
2025-09-13 06:00:00;NORDESTE;SUDESTE/CENTRO-OESTE;6194.867
2025-09-13 07:00:00;NORDESTE;SUDESTE/CENTRO-OESTE;6042.411
2025-09-13 08:00:00;NORDESTE;SUDESTE/CENTRO-OESTE;5689.69
2025-09-13 09:00:00;NORDESTE;SUDESTE/CENTRO-OESTE;4415.01599999
2025-09-13 10:00:00;NORDESTE;SUDESTE/CENTRO-OESTE;2731.414
2025-09-13 11:00:00;NORDESTE;SUDESTE/CENTRO-OESTE;1960.574
2025-09-13 12:00:00;NORDESTE;SUDESTE/CENTRO-OESTE;1306.221
2025-09-13 13:00:00;NORDESTE;SUDESTE/CENTRO-OESTE;1539.018
2025-09-13 14:00:00;NORDESTE;SUDESTE/CENTRO-OESTE;2535.395
2025-09-13 15:00:00;NORDESTE;SUDESTE/CENTRO-OESTE;3592.202
2025-09-13 16:00:00;NORDESTE;SUDESTE/CENTRO-OESTE;3016.634
2025-09-13 17:00:00;NORDESTE;SUDESTE/CENTRO-OESTE;3470.54
2025-09-13 18:00:00;NORDESTE;SUDESTE/CENTRO-OESTE;6218.848
2025-09-13 19:00:00;NORDESTE;SUDESTE/CENTRO-OESTE;6660.613
2025-09-13 20:00:00;NORDESTE;SUDESTE/CENTRO-OESTE;6663.041
2025-09-13 21:00:00;NORDESTE;SUDESTE/CENTRO-OESTE;7205.377
2025-09-13 22:00:00;NORDESTE;SUDESTE/CENTRO-OESTE;7321.913
2025-09-13 23:00:00;NORDESTE;SUDESTE/CENTRO-OESTE;6857.737
2025-09-14 00:00:00;NORDESTE;SUDESTE/CENTRO-OESTE;6941.817
2025-09-14 01:00:00;NORDESTE;SUDESTE/CENTRO-OESTE;7108.333
2025-09-14 02:00:00;NORDESTE;SUDESTE/CENTRO-OESTE;7294.12
2025-09-14 03:00:00;NORDESTE;SUDESTE/CENTRO-OESTE;7278.351
2025-09-14 04:00:00;NORDESTE;SUDESTE/CENTRO-OESTE;7520.73
2025-09-14 05:00:00;NORDESTE;SUDESTE/CENTRO-OESTE;7246.697
2025-09-14 06:00:00;NORDESTE;SUDESTE/CENTRO-OESTE;5921.214
2025-09-14 07:00:00;NORDESTE;SUDESTE/CENTRO-OESTE;4779.762
2025-09-14 08:00:00;NORDESTE;SUDESTE/CENTRO-OESTE;2733.405
2025-09-14 09:00:00;NORDESTE;SUDESTE/CENTRO-OESTE;1511.22
2025-09-14 10:00:00;NORDESTE;SUDESTE/CENTRO-OESTE;741.164
2025-09-14 11:00:00;NORDESTE;SUDESTE/CENTRO-OESTE;901.302
2025-09-14 12:00:00;NORDESTE;SUDESTE/CENTRO-OESTE;904.494
2025-09-14 13:00:00;NORDESTE;SUDESTE/CENTRO-OESTE;742.097
2025-09-14 14:00:00;NORDESTE;SUDESTE/CENTRO-OESTE;1131.49499999
2025-09-14 15:00:00;NORDESTE;SUDESTE/CENTRO-OESTE;2324.135
2025-09-14 16:00:00;NORDESTE;SUDESTE/CENTRO-OESTE;3143.778
2025-09-14 17:00:00;NORDESTE;SUDESTE/CENTRO-OESTE;5538.504
2025-09-14 18:00:00;NORDESTE;SUDESTE/CENTRO-OESTE;6581.708
2025-09-14 19:00:00;NORDESTE;SUDESTE/CENTRO-OESTE;6913.879
2025-09-14 20:00:00;NORDESTE;SUDESTE/CENTRO-OESTE;7088.718
2025-09-14 21:00:00;NORDESTE;SUDESTE/CENTRO-OESTE;6903.474
2025-09-14 22:00:00;NORDESTE;SUDESTE/CENTRO-OESTE;6944.884
2025-09-14 23:00:00;NORDESTE;SUDESTE/CENTRO-OESTE;6606.586
2025-09-15 00:00:00;NORDESTE;SUDESTE/CENTRO-OESTE;6748.198
2025-09-15 01:00:00;NORDESTE;SUDESTE/CENTRO-OESTE;7150.926
2025-09-15 02:00:00;NORDESTE;SUDESTE/CENTRO-OESTE;7266.688
2025-09-15 03:00:00;NORDESTE;SUDESTE/CENTRO-OESTE;7179.155
2025-09-15 04:00:00;NORDESTE;SUDESTE/CENTRO-OESTE;7173.601
2025-09-15 05:00:00;NORDESTE;SUDESTE/CENTRO-OESTE;7466.691
2025-09-15 06:00:00;NORDESTE;SUDESTE/CENTRO-OESTE;7652.727
2025-09-15 07:00:00;NORDESTE;SUDESTE/CENTRO-OESTE;7022.025
2025-09-15 08:00:00;NORDESTE;SUDESTE/CENTRO-OESTE;6377.841
2025-09-15 09:00:00;NORDESTE;SUDESTE/CENTRO-OESTE;4990.29
2025-09-15 10:00:00;NORDESTE;SUDESTE/CENTRO-OESTE;4626.915
2025-09-15 11:00:00;NORDESTE;SUDESTE/CENTRO-OESTE;5073.158
2025-09-15 12:00:00;NORDESTE;SUDESTE/CENTRO-OESTE;4345.53399999
2025-09-15 13:00:00;NORDESTE;SUDESTE/CENTRO-OESTE;4368.49
2025-09-15 14:00:00;NORDESTE;SUDESTE/CENTRO-OESTE;5427.254
2025-09-15 15:00:00;NORDESTE;SUDESTE/CENTRO-OESTE;5915.519
2025-09-15 16:00:00;NORDESTE;SUDESTE/CENTRO-OESTE;6285.751
2025-09-15 17:00:00;NORDESTE;SUDESTE/CENTRO-OESTE;6734.65
2025-09-15 18:00:00;NORDESTE;SUDESTE/CENTRO-OESTE;7465.621
2025-09-15 19:00:00;NORDESTE;SUDESTE/CENTRO-OESTE;7649.846
2025-09-15 20:00:00;NORDESTE;SUDESTE/CENTRO-OESTE;7406.714
2025-09-15 21:00:00;NORDESTE;SUDESTE/CENTRO-OESTE;7203.037
2025-09-15 22:00:00;NORDESTE;SUDESTE/CENTRO-OESTE;7325.031
2025-09-15 23:00:00;NORDESTE;SUDESTE/CENTRO-OESTE;7109.679
2025-09-16 00:00:00;NORDESTE;SUDESTE/CENTRO-OESTE;6881.961
2025-09-16 01:00:00;NORDESTE;SUDESTE/CENTRO-OESTE;6671.333
2025-09-16 02:00:00;NORDESTE;SUDESTE/CENTRO-OESTE;6825.651
2025-09-16 03:00:00;NORDESTE;SUDESTE/CENTRO-OESTE;7009.65
2025-09-16 04:00:00;NORDESTE;SUDESTE/CENTRO-OESTE;6974.437
2025-09-16 05:00:00;NORDESTE;SUDESTE/CENTRO-OESTE;7095.987
2025-09-16 06:00:00;NORDESTE;SUDESTE/CENTRO-OESTE;7327.361
2025-09-16 07:00:00;NORDESTE;SUDESTE/CENTRO-OESTE;6989.348
2025-09-16 08:00:00;NORDESTE;SUDESTE/CENTRO-OESTE;6881.168
2025-09-16 09:00:00;NORDESTE;SUDESTE/CENTRO-OESTE;6570.242
2025-09-16 10:00:00;NORDESTE;SUDESTE/CENTRO-OESTE;5947.89
2025-09-16 11:00:00;NORDESTE;SUDESTE/CENTRO-OESTE;5467.019
2025-09-16 12:00:00;NORDESTE;SUDESTE/CENTRO-OESTE;4476.836
2025-09-16 13:00:00;NORDESTE;SUDESTE/CENTRO-OESTE;4547.125
2025-09-16 14:00:00;NORDESTE;SUDESTE/CENTRO-OESTE;4414.269
2025-09-16 15:00:00;NORDESTE;SUDESTE/CENTRO-OESTE;4367.704
2025-09-16 16:00:00;NORDESTE;SUDESTE/CENTRO-OESTE;3572.052
2025-09-16 17:00:00;NORDESTE;SUDESTE/CENTRO-OESTE;3271.254
2025-09-16 18:00:00;NORDESTE;SUDESTE/CENTRO-OESTE;5120.847
2025-09-16 19:00:00;NORDESTE;SUDESTE/CENTRO-OESTE;6280.537
2025-09-16 20:00:00;NORDESTE;SUDESTE/CENTRO-OESTE;6653.521
2025-09-16 21:00:00;NORDESTE;SUDESTE/CENTRO-OESTE;6710.311
2025-09-16 22:00:00;NORDESTE;SUDESTE/CENTRO-OESTE;6595.342
2025-09-16 23:00:00;NORDESTE;SUDESTE/CENTRO-OESTE;6164.412
2025-09-17 00:00:00;NORDESTE;SUDESTE/CENTRO-OESTE;5636.65
2025-09-17 01:00:00;NORDESTE;SUDESTE/CENTRO-OESTE;6017.805
2025-09-17 02:00:00;NORDESTE;SUDESTE/CENTRO-OESTE;6244.018
2025-09-17 03:00:00;NORDESTE;SUDESTE/CENTRO-OESTE;6316.129
2025-09-17 04:00:00;NORDESTE;SUDESTE/CENTRO-OESTE;6339.628
2025-09-17 05:00:00;NORDESTE;SUDESTE/CENTRO-OESTE;6582.228
2025-09-17 06:00:00;NORDESTE;SUDESTE/CENTRO-OESTE;7403.199
2025-09-17 07:00:00;NORDESTE;SUDESTE/CENTRO-OESTE;7340.061
2025-09-17 08:00:00;NORDESTE;SUDESTE/CENTRO-OESTE;7021.477
2025-09-17 09:00:00;NORDESTE;SUDESTE/CENTRO-OESTE;6737.016
2025-09-17 10:00:00;NORDESTE;SUDESTE/CENTRO-OESTE;5736.029
2025-09-17 11:00:00;NORDESTE;SUDESTE/CENTRO-OESTE;4809.58299999
2025-09-17 12:00:00;NORDESTE;SUDESTE/CENTRO-OESTE;3630.107
2025-09-17 13:00:00;NORDESTE;SUDESTE/CENTRO-OESTE;2644.02799999
2025-09-17 14:00:00;NORDESTE;SUDESTE/CENTRO-OESTE;2622.679
2025-09-17 15:00:00;NORDESTE;SUDESTE/CENTRO-OESTE;3143.816
2025-09-17 16:00:00;NORDESTE;SUDESTE/CENTRO-OESTE;2191.016
2025-09-17 17:00:00;NORDESTE;SUDESTE/CENTRO-OESTE;3458.724
2025-09-17 18:00:00;NORDESTE;SUDESTE/CENTRO-OESTE;6139.997
2025-09-17 19:00:00;NORDESTE;SUDESTE/CENTRO-OESTE;6690.28
2025-09-17 20:00:00;NORDESTE;SUDESTE/CENTRO-OESTE;6788.041
2025-09-17 21:00:00;NORDESTE;SUDESTE/CENTRO-OESTE;6541.585
2025-09-17 22:00:00;NORDESTE;SUDESTE/CENTRO-OESTE;5414.902
2025-09-17 23:00:00;NORDESTE;SUDESTE/CENTRO-OESTE;4939.521
2025-09-18 00:00:00;NORDESTE;SUDESTE/CENTRO-OESTE;5028.646
2025-09-18 01:00:00;NORDESTE;SUDESTE/CENTRO-OESTE;4954.83
2025-09-18 02:00:00;NORDESTE;SUDESTE/CENTRO-OESTE;5117.795
2025-09-18 03:00:00;NORDESTE;SUDESTE/CENTRO-OESTE;5361.49399999
2025-09-18 04:00:00;NORDESTE;SUDESTE/CENTRO-OESTE;5503.998
2025-09-18 05:00:00;NORDESTE;SUDESTE/CENTRO-OESTE;5778.568
2025-09-18 06:00:00;NORDESTE;SUDESTE/CENTRO-OESTE;7184.757
2025-09-18 07:00:00;NORDESTE;SUDESTE/CENTRO-OESTE;7244.166
2025-09-18 08:00:00;NORDESTE;SUDESTE/CENTRO-OESTE;6629.813
2025-09-18 09:00:00;NORDESTE;SUDESTE/CENTRO-OESTE;6538.353
2025-09-18 10:00:00;NORDESTE;SUDESTE/CENTRO-OESTE;5754.306
2025-09-18 11:00:00;NORDESTE;SUDESTE/CENTRO-OESTE;4915.005
2025-09-18 12:00:00;NORDESTE;SUDESTE/CENTRO-OESTE;3982.159
2025-09-18 13:00:00;NORDESTE;SUDESTE/CENTRO-OESTE;5280.752
2025-09-18 14:00:00;NORDESTE;SUDESTE/CENTRO-OESTE;6213.553
2025-09-18 15:00:00;NORDESTE;SUDESTE/CENTRO-OESTE;5165.61899999
2025-09-18 16:00:00;NORDESTE;SUDESTE/CENTRO-OESTE;4255.158
2025-09-18 17:00:00;NORDESTE;SUDESTE/CENTRO-OESTE;5242.227
2025-09-18 18:00:00;NORDESTE;SUDESTE/CENTRO-OESTE;6628.818
2025-09-18 19:00:00;NORDESTE;SUDESTE/CENTRO-OESTE;7151.45
2025-09-18 20:00:00;NORDESTE;SUDESTE/CENTRO-OESTE;7418.553
2025-09-18 21:00:00;NORDESTE;SUDESTE/CENTRO-OESTE;7000.831
2025-09-18 22:00:00;NORDESTE;SUDESTE/CENTRO-OESTE;6000.719
2025-09-18 23:00:00;NORDESTE;SUDESTE/CENTRO-OESTE;5756.039
2025-09-19 00:00:00;NORDESTE;SUDESTE/CENTRO-OESTE;5758.483
2025-09-19 01:00:00;NORDESTE;SUDESTE/CENTRO-OESTE;6124.472
2025-09-19 02:00:00;NORDESTE;SUDESTE/CENTRO-OESTE;6440.484
2025-09-19 03:00:00;NORDESTE;SUDESTE/CENTRO-OESTE;7206.606
2025-09-19 04:00:00;NORDESTE;SUDESTE/CENTRO-OESTE;7136.363
2025-09-19 05:00:00;NORDESTE;SUDESTE/CENTRO-OESTE;7439.859
2025-09-19 06:00:00;NORDESTE;SUDESTE/CENTRO-OESTE;7216.505
2025-09-19 07:00:00;NORDESTE;SUDESTE/CENTRO-OESTE;7241.58
2025-09-19 08:00:00;NORDESTE;SUDESTE/CENTRO-OESTE;5947.049
2025-09-19 09:00:00;NORDESTE;SUDESTE/CENTRO-OESTE;5787.106
2025-09-19 10:00:00;NORDESTE;SUDESTE/CENTRO-OESTE;5347.265
2025-09-19 11:00:00;NORDESTE;SUDESTE/CENTRO-OESTE;5135.904
2025-09-19 12:00:00;NORDESTE;SUDESTE/CENTRO-OESTE;4517.82399999
2025-09-19 13:00:00;NORDESTE;SUDESTE/CENTRO-OESTE;5286.974
2025-09-19 14:00:00;NORDESTE;SUDESTE/CENTRO-OESTE;4860.991
2025-09-19 15:00:00;NORDESTE;SUDESTE/CENTRO-OESTE;4679.704
2025-09-19 16:00:00;NORDESTE;SUDESTE/CENTRO-OESTE;5065.452
2025-09-19 17:00:00;NORDESTE;SUDESTE/CENTRO-OESTE;5194.77499999
2025-09-19 18:00:00;NORDESTE;SUDESTE/CENTRO-OESTE;7021.74
2025-09-19 19:00:00;NORDESTE;SUDESTE/CENTRO-OESTE;7591.237
2025-09-19 20:00:00;NORDESTE;SUDESTE/CENTRO-OESTE;7666.614
2025-09-19 21:00:00;NORDESTE;SUDESTE/CENTRO-OESTE;7347.189
2025-09-19 22:00:00;NORDESTE;SUDESTE/CENTRO-OESTE;7257.368
2025-09-19 23:00:00;NORDESTE;SUDESTE/CENTRO-OESTE;7002.134
2025-09-20 00:00:00;NORDESTE;SUDESTE/CENTRO-OESTE;6845.392
2025-09-20 01:00:00;NORDESTE;SUDESTE/CENTRO-OESTE;6933.928
2025-09-20 02:00:00;NORDESTE;SUDESTE/CENTRO-OESTE;7029.319
2025-09-20 03:00:00;NORDESTE;SUDESTE/CENTRO-OESTE;6978.809
2025-09-20 04:00:00;NORDESTE;SUDESTE/CENTRO-OESTE;7097.807
2025-09-20 05:00:00;NORDESTE;SUDESTE/CENTRO-OESTE;7496.865
2025-09-20 06:00:00;NORDESTE;SUDESTE/CENTRO-OESTE;7620.096
2025-09-20 07:00:00;NORDESTE;SUDESTE/CENTRO-OESTE;7479.875
2025-09-20 08:00:00;NORDESTE;SUDESTE/CENTRO-OESTE;6616.232
2025-09-20 09:00:00;NORDESTE;SUDESTE/CENTRO-OESTE;4949.753
2025-09-20 10:00:00;NORDESTE;SUDESTE/CENTRO-OESTE;3939.443
2025-09-20 11:00:00;NORDESTE;SUDESTE/CENTRO-OESTE;3708.523
2025-09-20 12:00:00;NORDESTE;SUDESTE/CENTRO-OESTE;3120.956
2025-09-20 13:00:00;NORDESTE;SUDESTE/CENTRO-OESTE;3334.818
2025-09-20 14:00:00;NORDESTE;SUDESTE/CENTRO-OESTE;3657.271
2025-09-20 15:00:00;NORDESTE;SUDESTE/CENTRO-OESTE;3574.238
2025-09-20 16:00:00;NORDESTE;SUDESTE/CENTRO-OESTE;2822.664
2025-09-20 17:00:00;NORDESTE;SUDESTE/CENTRO-OESTE;3992.095
2025-09-20 18:00:00;NORDESTE;SUDESTE/CENTRO-OESTE;6212.249
2025-09-20 19:00:00;NORDESTE;SUDESTE/CENTRO-OESTE;6720.116
2025-09-20 20:00:00;NORDESTE;SUDESTE/CENTRO-OESTE;6945.591
2025-09-20 21:00:00;NORDESTE;SUDESTE/CENTRO-OESTE;7615.497
2025-09-20 22:00:00;NORDESTE;SUDESTE/CENTRO-OESTE;7668.985
2025-09-20 23:00:00;NORDESTE;SUDESTE/CENTRO-OESTE;7052.038
2025-09-21 00:00:00;NORDESTE;SUDESTE/CENTRO-OESTE;7308.054
2025-09-21 01:00:00;NORDESTE;SUDESTE/CENTRO-OESTE;7319.065
2025-09-21 02:00:00;NORDESTE;SUDESTE/CENTRO-OESTE;7302.413
2025-09-21 03:00:00;NORDESTE;SUDESTE/CENTRO-OESTE;7097.498
2025-09-21 04:00:00;NORDESTE;SUDESTE/CENTRO-OESTE;6957.269
2025-09-21 05:00:00;NORDESTE;SUDESTE/CENTRO-OESTE;6836.416
2025-09-21 06:00:00;NORDESTE;SUDESTE/CENTRO-OESTE;5986.9
2025-09-21 07:00:00;NORDESTE;SUDESTE/CENTRO-OESTE;6411.179
2025-09-21 08:00:00;NORDESTE;SUDESTE/CENTRO-OESTE;4433.21699999
2025-09-21 09:00:00;NORDESTE;SUDESTE/CENTRO-OESTE;2441.881
2025-09-21 10:00:00;NORDESTE;SUDESTE/CENTRO-OESTE;1832.364
2025-09-21 11:00:00;NORDESTE;SUDESTE/CENTRO-OESTE;1804.491
2025-09-21 12:00:00;NORDESTE;SUDESTE/CENTRO-OESTE;1674.723
2025-09-21 13:00:00;NORDESTE;SUDESTE/CENTRO-OESTE;1864.783
2025-09-21 14:00:00;NORDESTE;SUDESTE/CENTRO-OESTE;3366.876
2025-09-21 15:00:00;NORDESTE;SUDESTE/CENTRO-OESTE;3904.628
2025-09-21 16:00:00;NORDESTE;SUDESTE/CENTRO-OESTE;3205.686
2025-09-21 17:00:00;NORDESTE;SUDESTE/CENTRO-OESTE;4047.965
2025-09-21 18:00:00;NORDESTE;SUDESTE/CENTRO-OESTE;5977.137
2025-09-21 19:00:00;NORDESTE;SUDESTE/CENTRO-OESTE;6647.406
2025-09-21 20:00:00;NORDESTE;SUDESTE/CENTRO-OESTE;6632.803
2025-09-21 21:00:00;NORDESTE;SUDESTE/CENTRO-OESTE;6591.602
2025-09-21 22:00:00;NORDESTE;SUDESTE/CENTRO-OESTE;6526.64
2025-09-21 23:00:00;NORDESTE;SUDESTE/CENTRO-OESTE;6742.47
2025-09-22 00:00:00;NORDESTE;SUDESTE/CENTRO-OESTE;6898.047
2025-09-22 01:00:00;NORDESTE;SUDESTE/CENTRO-OESTE;6955.18
2025-09-22 02:00:00;NORDESTE;SUDESTE/CENTRO-OESTE;6943.62
2025-09-22 03:00:00;NORDESTE;SUDESTE/CENTRO-OESTE;6870.028
2025-09-22 04:00:00;NORDESTE;SUDESTE/CENTRO-OESTE;6767.071
2025-09-22 05:00:00;NORDESTE;SUDESTE/CENTRO-OESTE;6877.804
2025-09-22 06:00:00;NORDESTE;SUDESTE/CENTRO-OESTE;6648.937
2025-09-22 07:00:00;NORDESTE;SUDESTE/CENTRO-OESTE;6454.391
2025-09-22 08:00:00;NORDESTE;SUDESTE/CENTRO-OESTE;6072.441
2025-09-22 09:00:00;NORDESTE;SUDESTE/CENTRO-OESTE;5401.56099999
2025-09-22 10:00:00;NORDESTE;SUDESTE/CENTRO-OESTE;5474.22
2025-09-22 11:00:00;NORDESTE;SUDESTE/CENTRO-OESTE;4879.89999999
2025-09-22 12:00:00;NORDESTE;SUDESTE/CENTRO-OESTE;4378.272
2025-09-22 13:00:00;NORDESTE;SUDESTE/CENTRO-OESTE;3903.015
2025-09-22 14:00:00;NORDESTE;SUDESTE/CENTRO-OESTE;3267.821
2025-09-22 15:00:00;NORDESTE;SUDESTE/CENTRO-OESTE;2553.71799999
2025-09-22 16:00:00;NORDESTE;SUDESTE/CENTRO-OESTE;1687.761
2025-09-22 17:00:00;NORDESTE;SUDESTE/CENTRO-OESTE;3065.558
2025-09-22 18:00:00;NORDESTE;SUDESTE/CENTRO-OESTE;5193.903
2025-09-22 19:00:00;NORDESTE;SUDESTE/CENTRO-OESTE;6278.03
2025-09-22 20:00:00;NORDESTE;SUDESTE/CENTRO-OESTE;6026.167
2025-09-22 21:00:00;NORDESTE;SUDESTE/CENTRO-OESTE;5382.247
2025-09-22 22:00:00;NORDESTE;SUDESTE/CENTRO-OESTE;4941.54
2025-09-22 23:00:00;NORDESTE;SUDESTE/CENTRO-OESTE;4707.308
2025-09-23 00:00:00;NORDESTE;SUDESTE/CENTRO-OESTE;4372.894
2025-09-23 01:00:00;NORDESTE;SUDESTE/CENTRO-OESTE;4009.105
2025-09-23 02:00:00;NORDESTE;SUDESTE/CENTRO-OESTE;4158.743
2025-09-23 03:00:00;NORDESTE;SUDESTE/CENTRO-OESTE;4366.49799999
2025-09-23 04:00:00;NORDESTE;SUDESTE/CENTRO-OESTE;4706.519
2025-09-23 05:00:00;NORDESTE;SUDESTE/CENTRO-OESTE;5314.314
2025-09-23 06:00:00;NORDESTE;SUDESTE/CENTRO-OESTE;6571.8
2025-09-23 07:00:00;NORDESTE;SUDESTE/CENTRO-OESTE;6044.06
2025-09-23 08:00:00;NORDESTE;SUDESTE/CENTRO-OESTE;5789.233
2025-09-23 09:00:00;NORDESTE;SUDESTE/CENTRO-OESTE;4667.232
2025-09-23 10:00:00;NORDESTE;SUDESTE/CENTRO-OESTE;3745.464
2025-09-23 11:00:00;NORDESTE;SUDESTE/CENTRO-OESTE;3237.259
2025-09-23 12:00:00;NORDESTE;SUDESTE/CENTRO-OESTE;2598.607
2025-09-23 13:00:00;NORDESTE;SUDESTE/CENTRO-OESTE;2624.696
2025-09-23 14:00:00;NORDESTE;SUDESTE/CENTRO-OESTE;2692.686
2025-09-23 15:00:00;NORDESTE;SUDESTE/CENTRO-OESTE;3296.943
2025-09-23 16:00:00;NORDESTE;SUDESTE/CENTRO-OESTE;4256.218
2025-09-23 17:00:00;NORDESTE;SUDESTE/CENTRO-OESTE;5871.287
2025-09-23 18:00:00;NORDESTE;SUDESTE/CENTRO-OESTE;7566.805
2025-09-23 19:00:00;NORDESTE;SUDESTE/CENTRO-OESTE;7251.86
2025-09-23 20:00:00;NORDESTE;SUDESTE/CENTRO-OESTE;6962.267
2025-09-23 21:00:00;NORDESTE;SUDESTE/CENTRO-OESTE;6991.068
2025-09-23 22:00:00;NORDESTE;SUDESTE/CENTRO-OESTE;6693.586
2025-09-23 23:00:00;NORDESTE;SUDESTE/CENTRO-OESTE;6740.756
2025-09-24 00:00:00;NORDESTE;SUDESTE/CENTRO-OESTE;7064.556
2025-09-24 01:00:00;NORDESTE;SUDESTE/CENTRO-OESTE;6965.834
2025-09-24 02:00:00;NORDESTE;SUDESTE/CENTRO-OESTE;7119.949
2025-09-24 03:00:00;NORDESTE;SUDESTE/CENTRO-OESTE;6906.282
2025-09-24 04:00:00;NORDESTE;SUDESTE/CENTRO-OESTE;6663.716
2025-09-24 05:00:00;NORDESTE;SUDESTE/CENTRO-OESTE;6984.562
2025-09-24 06:00:00;NORDESTE;SUDESTE/CENTRO-OESTE;7409.011
2025-09-24 07:00:00;NORDESTE;SUDESTE/CENTRO-OESTE;7039.831
2025-09-24 08:00:00;NORDESTE;SUDESTE/CENTRO-OESTE;6494.448
2025-09-24 09:00:00;NORDESTE;SUDESTE/CENTRO-OESTE;5529.612
2025-09-24 10:00:00;NORDESTE;SUDESTE/CENTRO-OESTE;5199.071
2025-09-24 11:00:00;NORDESTE;SUDESTE/CENTRO-OESTE;4710.216
2025-09-24 12:00:00;NORDESTE;SUDESTE/CENTRO-OESTE;3905.418
2025-09-24 13:00:00;NORDESTE;SUDESTE/CENTRO-OESTE;3924.115
2025-09-24 14:00:00;NORDESTE;SUDESTE/CENTRO-OESTE;4149.746
2025-09-24 15:00:00;NORDESTE;SUDESTE/CENTRO-OESTE;5104.468
2025-09-24 16:00:00;NORDESTE;SUDESTE/CENTRO-OESTE;5740.223
2025-09-24 17:00:00;NORDESTE;SUDESTE/CENTRO-OESTE;6119.474
2025-09-24 18:00:00;NORDESTE;SUDESTE/CENTRO-OESTE;7424.194
2025-09-24 19:00:00;NORDESTE;SUDESTE/CENTRO-OESTE;7558.228
2025-09-24 20:00:00;NORDESTE;SUDESTE/CENTRO-OESTE;7639.66
2025-09-24 21:00:00;NORDESTE;SUDESTE/CENTRO-OESTE;7155.258
2025-09-24 22:00:00;NORDESTE;SUDESTE/CENTRO-OESTE;6944.498
2025-09-24 23:00:00;NORDESTE;SUDESTE/CENTRO-OESTE;6928.534
2025-09-25 00:00:00;NORDESTE;SUDESTE/CENTRO-OESTE;6440.283
2025-09-25 01:00:00;NORDESTE;SUDESTE/CENTRO-OESTE;6650.714
2025-09-25 02:00:00;NORDESTE;SUDESTE/CENTRO-OESTE;6725.944
2025-09-25 03:00:00;NORDESTE;SUDESTE/CENTRO-OESTE;6294.115
2025-09-25 04:00:00;NORDESTE;SUDESTE/CENTRO-OESTE;6344.411
2025-09-25 05:00:00;NORDESTE;SUDESTE/CENTRO-OESTE;6939.005
2025-09-25 06:00:00;NORDESTE;SUDESTE/CENTRO-OESTE;7751.667
2025-09-25 07:00:00;NORDESTE;SUDESTE/CENTRO-OESTE;7244.341
2025-09-25 08:00:00;NORDESTE;SUDESTE/CENTRO-OESTE;6982.06
2025-09-25 09:00:00;NORDESTE;SUDESTE/CENTRO-OESTE;6568.945
2025-09-25 10:00:00;NORDESTE;SUDESTE/CENTRO-OESTE;5923.161
2025-09-25 11:00:00;NORDESTE;SUDESTE/CENTRO-OESTE;5650.212
2025-09-25 12:00:00;NORDESTE;SUDESTE/CENTRO-OESTE;4601.626
2025-09-25 13:00:00;NORDESTE;SUDESTE/CENTRO-OESTE;4275.146
2025-09-25 14:00:00;NORDESTE;SUDESTE/CENTRO-OESTE;4178.977
2025-09-25 15:00:00;NORDESTE;SUDESTE/CENTRO-OESTE;4246.61899999
2025-09-25 16:00:00;NORDESTE;SUDESTE/CENTRO-OESTE;4377.287
2025-09-25 17:00:00;NORDESTE;SUDESTE/CENTRO-OESTE;4507.091
2025-09-25 18:00:00;NORDESTE;SUDESTE/CENTRO-OESTE;5674.618
2025-09-25 19:00:00;NORDESTE;SUDESTE/CENTRO-OESTE;6108.533
2025-09-25 20:00:00;NORDESTE;SUDESTE/CENTRO-OESTE;6080.619
2025-09-25 21:00:00;NORDESTE;SUDESTE/CENTRO-OESTE;5827.256
2025-09-25 22:00:00;NORDESTE;SUDESTE/CENTRO-OESTE;5550.573
2025-09-25 23:00:00;NORDESTE;SUDESTE/CENTRO-OESTE;5568.445
2025-09-26 00:00:00;NORDESTE;SUDESTE/CENTRO-OESTE;5676.66
2025-09-26 01:00:00;NORDESTE;SUDESTE/CENTRO-OESTE;5446.591
2025-09-26 02:00:00;NORDESTE;SUDESTE/CENTRO-OESTE;5570.006
2025-09-26 03:00:00;NORDESTE;SUDESTE/CENTRO-OESTE;5838.662
2025-09-26 04:00:00;NORDESTE;SUDESTE/CENTRO-OESTE;6086.461
2025-09-26 05:00:00;NORDESTE;SUDESTE/CENTRO-OESTE;6749.209
2025-09-26 06:00:00;NORDESTE;SUDESTE/CENTRO-OESTE;7474.45
2025-09-26 07:00:00;NORDESTE;SUDESTE/CENTRO-OESTE;7433.027
2025-09-26 08:00:00;NORDESTE;SUDESTE/CENTRO-OESTE;6014.575
2025-09-26 09:00:00;NORDESTE;SUDESTE/CENTRO-OESTE;3639.552
2025-09-26 10:00:00;NORDESTE;SUDESTE/CENTRO-OESTE;2729.823
2025-09-26 11:00:00;NORDESTE;SUDESTE/CENTRO-OESTE;2363.89199999
2025-09-26 12:00:00;NORDESTE;SUDESTE/CENTRO-OESTE;1831.639
2025-09-26 13:00:00;NORDESTE;SUDESTE/CENTRO-OESTE;1971.388
2025-09-26 14:00:00;NORDESTE;SUDESTE/CENTRO-OESTE;2771.981
2025-09-26 15:00:00;NORDESTE;SUDESTE/CENTRO-OESTE;3061.858
2025-09-26 16:00:00;NORDESTE;SUDESTE/CENTRO-OESTE;2629.062
2025-09-26 17:00:00;NORDESTE;SUDESTE/CENTRO-OESTE;4670.042
2025-09-26 18:00:00;NORDESTE;SUDESTE/CENTRO-OESTE;6666.328
2025-09-26 19:00:00;NORDESTE;SUDESTE/CENTRO-OESTE;7245.573
2025-09-26 20:00:00;NORDESTE;SUDESTE/CENTRO-OESTE;7230.23
2025-09-26 21:00:00;NORDESTE;SUDESTE/CENTRO-OESTE;6954.496
2025-09-26 22:00:00;NORDESTE;SUDESTE/CENTRO-OESTE;6871.065
2025-09-26 23:00:00;NORDESTE;SUDESTE/CENTRO-OESTE;6591.075
2025-09-27 00:00:00;NORDESTE;SUDESTE/CENTRO-OESTE;6639.358
2025-09-27 01:00:00;NORDESTE;SUDESTE/CENTRO-OESTE;7018.044
2025-09-27 02:00:00;NORDESTE;SUDESTE/CENTRO-OESTE;6878.848
2025-09-27 03:00:00;NORDESTE;SUDESTE/CENTRO-OESTE;6757.745
2025-09-27 04:00:00;NORDESTE;SUDESTE/CENTRO-OESTE;6570.389
2025-09-27 05:00:00;NORDESTE;SUDESTE/CENTRO-OESTE;6400.387
2025-09-27 06:00:00;NORDESTE;SUDESTE/CENTRO-OESTE;6614.023
2025-09-27 07:00:00;NORDESTE;SUDESTE/CENTRO-OESTE;5943.736
2025-09-27 08:00:00;NORDESTE;SUDESTE/CENTRO-OESTE;3265.354
2025-09-27 09:00:00;NORDESTE;SUDESTE/CENTRO-OESTE;1272.178
2025-09-27 10:00:00;NORDESTE;SUDESTE/CENTRO-OESTE;669.567
2025-09-27 11:00:00;NORDESTE;SUDESTE/CENTRO-OESTE;338.937
2025-09-27 12:00:00;NORDESTE;SUDESTE/CENTRO-OESTE;460.297
2025-09-27 13:00:00;NORDESTE;SUDESTE/CENTRO-OESTE;697.652
2025-09-27 14:00:00;NORDESTE;SUDESTE/CENTRO-OESTE;1014.431
2025-09-27 15:00:00;NORDESTE;SUDESTE/CENTRO-OESTE;2849.985
2025-09-27 16:00:00;NORDESTE;SUDESTE/CENTRO-OESTE;4416.88
2025-09-27 17:00:00;NORDESTE;SUDESTE/CENTRO-OESTE;4697.245
2025-09-27 18:00:00;NORDESTE;SUDESTE/CENTRO-OESTE;5901.106
2025-09-27 19:00:00;NORDESTE;SUDESTE/CENTRO-OESTE;5846.797
2025-09-27 20:00:00;NORDESTE;SUDESTE/CENTRO-OESTE;6179.234
2025-09-27 21:00:00;NORDESTE;SUDESTE/CENTRO-OESTE;6497.904
2025-09-27 22:00:00;NORDESTE;SUDESTE/CENTRO-OESTE;6334.602
2025-09-27 23:00:00;NORDESTE;SUDESTE/CENTRO-OESTE;6077.485
2025-09-28 00:00:00;NORDESTE;SUDESTE/CENTRO-OESTE;6052.005
2025-09-28 01:00:00;NORDESTE;SUDESTE/CENTRO-OESTE;5988.367
2025-09-28 02:00:00;NORDESTE;SUDESTE/CENTRO-OESTE;6089.977
2025-09-28 03:00:00;NORDESTE;SUDESTE/CENTRO-OESTE;6229.94
2025-09-28 04:00:00;NORDESTE;SUDESTE/CENTRO-OESTE;6185.413
2025-09-28 05:00:00;NORDESTE;SUDESTE/CENTRO-OESTE;6087.432
2025-09-28 06:00:00;NORDESTE;SUDESTE/CENTRO-OESTE;5530.393
2025-09-28 07:00:00;NORDESTE;SUDESTE/CENTRO-OESTE;3654.532
2025-09-28 08:00:00;NORDESTE;SUDESTE/CENTRO-OESTE;1581.901
2025-09-28 09:00:00;NORDESTE;SUDESTE/CENTRO-OESTE;606.264
2025-09-28 10:00:00;NORDESTE;SUDESTE/CENTRO-OESTE;316.61
2025-09-28 11:00:00;NORDESTE;SUDESTE/CENTRO-OESTE;518.563
2025-09-28 12:00:00;NORDESTE;SUDESTE/CENTRO-OESTE;7.15
2025-09-28 13:00:00;NORDESTE;SUDESTE/CENTRO-OESTE;-97.816
2025-09-28 14:00:00;NORDESTE;SUDESTE/CENTRO-OESTE;-542.75
2025-09-28 15:00:00;NORDESTE;SUDESTE/CENTRO-OESTE;303.922
2025-09-28 16:00:00;NORDESTE;SUDESTE/CENTRO-OESTE;2074.71999999
2025-09-28 17:00:00;NORDESTE;SUDESTE/CENTRO-OESTE;4539.456
2025-09-28 18:00:00;NORDESTE;SUDESTE/CENTRO-OESTE;6253.027
2025-09-28 19:00:00;NORDESTE;SUDESTE/CENTRO-OESTE;6202.137
2025-09-28 20:00:00;NORDESTE;SUDESTE/CENTRO-OESTE;6013.442
2025-09-28 21:00:00;NORDESTE;SUDESTE/CENTRO-OESTE;5870.542
2025-09-28 22:00:00;NORDESTE;SUDESTE/CENTRO-OESTE;5261.488
2025-09-28 23:00:00;NORDESTE;SUDESTE/CENTRO-OESTE;4881.045
2025-09-29 00:00:00;NORDESTE;SUDESTE/CENTRO-OESTE;5029.768
2025-09-29 01:00:00;NORDESTE;SUDESTE/CENTRO-OESTE;5613.384
2025-09-29 02:00:00;NORDESTE;SUDESTE/CENTRO-OESTE;5920.54
2025-09-29 03:00:00;NORDESTE;SUDESTE/CENTRO-OESTE;6147.882
2025-09-29 04:00:00;NORDESTE;SUDESTE/CENTRO-OESTE;6121.66
2025-09-29 05:00:00;NORDESTE;SUDESTE/CENTRO-OESTE;6355.791
2025-09-29 06:00:00;NORDESTE;SUDESTE/CENTRO-OESTE;6208.522
2025-09-29 07:00:00;NORDESTE;SUDESTE/CENTRO-OESTE;5699.192
2025-09-29 08:00:00;NORDESTE;SUDESTE/CENTRO-OESTE;5443.05
2025-09-29 09:00:00;NORDESTE;SUDESTE/CENTRO-OESTE;4350.337
2025-09-29 10:00:00;NORDESTE;SUDESTE/CENTRO-OESTE;3616.247
2025-09-29 11:00:00;NORDESTE;SUDESTE/CENTRO-OESTE;2795.79
2025-09-29 12:00:00;NORDESTE;SUDESTE/CENTRO-OESTE;1781.538
2025-09-29 13:00:00;NORDESTE;SUDESTE/CENTRO-OESTE;2401.955
2025-09-29 14:00:00;NORDESTE;SUDESTE/CENTRO-OESTE;3317.373
2025-09-29 15:00:00;NORDESTE;SUDESTE/CENTRO-OESTE;3429.902
2025-09-29 16:00:00;NORDESTE;SUDESTE/CENTRO-OESTE;3001.167
2025-09-29 17:00:00;NORDESTE;SUDESTE/CENTRO-OESTE;3750.247
2025-09-29 18:00:00;NORDESTE;SUDESTE/CENTRO-OESTE;6495.125
2025-09-29 19:00:00;NORDESTE;SUDESTE/CENTRO-OESTE;6690.965
2025-09-29 20:00:00;NORDESTE;SUDESTE/CENTRO-OESTE;7127.783
2025-09-29 21:00:00;NORDESTE;SUDESTE/CENTRO-OESTE;6954.909
2025-09-29 22:00:00;NORDESTE;SUDESTE/CENTRO-OESTE;6256.25
2025-09-29 23:00:00;NORDESTE;SUDESTE/CENTRO-OESTE;5863.996
2025-09-30 00:00:00;NORDESTE;SUDESTE/CENTRO-OESTE;5635.008
2025-09-30 01:00:00;NORDESTE;SUDESTE/CENTRO-OESTE;6402.217
2025-09-30 02:00:00;NORDESTE;SUDESTE/CENTRO-OESTE;6556.255
2025-09-30 03:00:00;NORDESTE;SUDESTE/CENTRO-OESTE;6632.791
2025-09-30 04:00:00;NORDESTE;SUDESTE/CENTRO-OESTE;6800.865
2025-09-30 05:00:00;NORDESTE;SUDESTE/CENTRO-OESTE;7001.544
2025-09-30 06:00:00;NORDESTE;SUDESTE/CENTRO-OESTE;5855.305
2025-09-30 07:00:00;NORDESTE;SUDESTE/CENTRO-OESTE;4095.486
2025-09-30 08:00:00;NORDESTE;SUDESTE/CENTRO-OESTE;3800.278
2025-09-30 09:00:00;NORDESTE;SUDESTE/CENTRO-OESTE;4440.609
2025-09-30 10:00:00;NORDESTE;SUDESTE/CENTRO-OESTE;4487.285
2025-09-30 11:00:00;NORDESTE;SUDESTE/CENTRO-OESTE;4586.137
2025-09-30 12:00:00;NORDESTE;SUDESTE/CENTRO-OESTE;3768.529
2025-09-30 13:00:00;NORDESTE;SUDESTE/CENTRO-OESTE;3972.818
2025-09-30 14:00:00;NORDESTE;SUDESTE/CENTRO-OESTE;3748.919
2025-09-30 15:00:00;NORDESTE;SUDESTE/CENTRO-OESTE;3828.525
2025-09-30 16:00:00;NORDESTE;SUDESTE/CENTRO-OESTE;4098.535
2025-09-30 17:00:00;NORDESTE;SUDESTE/CENTRO-OESTE;5347.712
2025-09-30 18:00:00;NORDESTE;SUDESTE/CENTRO-OESTE;6857.083
2025-09-30 19:00:00;NORDESTE;SUDESTE/CENTRO-OESTE;6612.449
2025-09-30 20:00:00;NORDESTE;SUDESTE/CENTRO-OESTE;6528.057
2025-09-30 21:00:00;NORDESTE;SUDESTE/CENTRO-OESTE;6745.386
2025-09-30 22:00:00;NORDESTE;SUDESTE/CENTRO-OESTE;6546.74
2025-09-30 23:00:00;NORDESTE;SUDESTE/CENTRO-OESTE;6334.94
2025-10-01 00:00:00;NORDESTE;SUDESTE/CENTRO-OESTE;6410.339
2025-10-01 01:00:00;NORDESTE;SUDESTE/CENTRO-OESTE;6932.481
2025-10-01 02:00:00;NORDESTE;SUDESTE/CENTRO-OESTE;7268.598
2025-10-01 03:00:00;NORDESTE;SUDESTE/CENTRO-OESTE;7323.985
2025-10-01 04:00:00;NORDESTE;SUDESTE/CENTRO-OESTE;7114.541
2025-10-01 05:00:00;NORDESTE;SUDESTE/CENTRO-OESTE;7099.27
2025-10-01 06:00:00;NORDESTE;SUDESTE/CENTRO-OESTE;5673.655
2025-10-01 07:00:00;NORDESTE;SUDESTE/CENTRO-OESTE;4874.139
2025-10-01 08:00:00;NORDESTE;SUDESTE/CENTRO-OESTE;5083.411
2025-10-01 09:00:00;NORDESTE;SUDESTE/CENTRO-OESTE;4605.61899999
2025-10-01 10:00:00;NORDESTE;SUDESTE/CENTRO-OESTE;4046.768
2025-10-01 11:00:00;NORDESTE;SUDESTE/CENTRO-OESTE;3888.626
2025-10-01 12:00:00;NORDESTE;SUDESTE/CENTRO-OESTE;3130.795
2025-10-01 13:00:00;NORDESTE;SUDESTE/CENTRO-OESTE;3969.31
2025-10-01 14:00:00;NORDESTE;SUDESTE/CENTRO-OESTE;4280.652
2025-10-01 15:00:00;NORDESTE;SUDESTE/CENTRO-OESTE;3597.937
2025-10-01 16:00:00;NORDESTE;SUDESTE/CENTRO-OESTE;2884.985
2025-10-01 17:00:00;NORDESTE;SUDESTE/CENTRO-OESTE;3753.668
2025-10-01 18:00:00;NORDESTE;SUDESTE/CENTRO-OESTE;5745.071
2025-10-01 19:00:00;NORDESTE;SUDESTE/CENTRO-OESTE;6220.03
2025-10-01 20:00:00;NORDESTE;SUDESTE/CENTRO-OESTE;6555.523
2025-10-01 21:00:00;NORDESTE;SUDESTE/CENTRO-OESTE;6563.357
2025-10-01 22:00:00;NORDESTE;SUDESTE/CENTRO-OESTE;6181.876
2025-10-01 23:00:00;NORDESTE;SUDESTE/CENTRO-OESTE;6158.323
2025-10-02 00:00:00;NORDESTE;SUDESTE/CENTRO-OESTE;6458.497
2025-10-02 01:00:00;NORDESTE;SUDESTE/CENTRO-OESTE;6860.477
2025-10-02 02:00:00;NORDESTE;SUDESTE/CENTRO-OESTE;7168.51
2025-10-02 03:00:00;NORDESTE;SUDESTE/CENTRO-OESTE;7335.884
2025-10-02 04:00:00;NORDESTE;SUDESTE/CENTRO-OESTE;7272.489
2025-10-02 05:00:00;NORDESTE;SUDESTE/CENTRO-OESTE;6523.895
2025-10-02 06:00:00;NORDESTE;SUDESTE/CENTRO-OESTE;5489.22
2025-10-02 07:00:00;NORDESTE;SUDESTE/CENTRO-OESTE;4207.777
2025-10-02 08:00:00;NORDESTE;SUDESTE/CENTRO-OESTE;3941.589
2025-10-02 09:00:00;NORDESTE;SUDESTE/CENTRO-OESTE;3776.269
2025-10-02 10:00:00;NORDESTE;SUDESTE/CENTRO-OESTE;3512.577
2025-10-02 11:00:00;NORDESTE;SUDESTE/CENTRO-OESTE;3811.423
2025-10-02 12:00:00;NORDESTE;SUDESTE/CENTRO-OESTE;4099.667
2025-10-02 13:00:00;NORDESTE;SUDESTE/CENTRO-OESTE;4170.667
2025-10-02 14:00:00;NORDESTE;SUDESTE/CENTRO-OESTE;4112.11399999
2025-10-02 15:00:00;NORDESTE;SUDESTE/CENTRO-OESTE;3442.088
2025-10-02 16:00:00;NORDESTE;SUDESTE/CENTRO-OESTE;2311.454
2025-10-02 17:00:00;NORDESTE;SUDESTE/CENTRO-OESTE;3239.294
2025-10-02 18:00:00;NORDESTE;SUDESTE/CENTRO-OESTE;5859.57
2025-10-02 19:00:00;NORDESTE;SUDESTE/CENTRO-OESTE;5853.281
2025-10-02 20:00:00;NORDESTE;SUDESTE/CENTRO-OESTE;5876.761
2025-10-02 21:00:00;NORDESTE;SUDESTE/CENTRO-OESTE;5791.759
2025-10-02 22:00:00;NORDESTE;SUDESTE/CENTRO-OESTE;5822.08
2025-10-02 23:00:00;NORDESTE;SUDESTE/CENTRO-OESTE;5656.631
2025-10-03 00:00:00;NORDESTE;SUDESTE/CENTRO-OESTE;5616.706
2025-10-03 01:00:00;NORDESTE;SUDESTE/CENTRO-OESTE;6271.415
2025-10-03 02:00:00;NORDESTE;SUDESTE/CENTRO-OESTE;6372.948
2025-10-03 03:00:00;NORDESTE;SUDESTE/CENTRO-OESTE;6186.399
2025-10-03 04:00:00;NORDESTE;SUDESTE/CENTRO-OESTE;6340.243
2025-10-03 05:00:00;NORDESTE;SUDESTE/CENTRO-OESTE;6342.21
2025-10-03 06:00:00;NORDESTE;SUDESTE/CENTRO-OESTE;5795.317
2025-10-03 07:00:00;NORDESTE;SUDESTE/CENTRO-OESTE;4557.205
2025-10-03 08:00:00;NORDESTE;SUDESTE/CENTRO-OESTE;4724.035
2025-10-03 09:00:00;NORDESTE;SUDESTE/CENTRO-OESTE;4719.008
2025-10-03 10:00:00;NORDESTE;SUDESTE/CENTRO-OESTE;4267.158
2025-10-03 11:00:00;NORDESTE;SUDESTE/CENTRO-OESTE;4260.077
2025-10-03 12:00:00;NORDESTE;SUDESTE/CENTRO-OESTE;4317.96
2025-10-03 13:00:00;NORDESTE;SUDESTE/CENTRO-OESTE;4229.50699999
2025-10-03 14:00:00;NORDESTE;SUDESTE/CENTRO-OESTE;3497.112
2025-10-03 15:00:00;NORDESTE;SUDESTE/CENTRO-OESTE;3910.303
2025-10-03 16:00:00;NORDESTE;SUDESTE/CENTRO-OESTE;4131.60499999
2025-10-03 17:00:00;NORDESTE;SUDESTE/CENTRO-OESTE;5668.163
2025-10-03 18:00:00;NORDESTE;SUDESTE/CENTRO-OESTE;6734.704
2025-10-03 19:00:00;NORDESTE;SUDESTE/CENTRO-OESTE;6335.12
2025-10-03 20:00:00;NORDESTE;SUDESTE/CENTRO-OESTE;6446.212
2025-10-03 21:00:00;NORDESTE;SUDESTE/CENTRO-OESTE;6216.327
2025-10-03 22:00:00;NORDESTE;SUDESTE/CENTRO-OESTE;5785.077
2025-10-03 23:00:00;NORDESTE;SUDESTE/CENTRO-OESTE;6704.241
2025-10-04 00:00:00;NORDESTE;SUDESTE/CENTRO-OESTE;6638.118
2025-10-04 01:00:00;NORDESTE;SUDESTE/CENTRO-OESTE;6701.182
2025-10-04 02:00:00;NORDESTE;SUDESTE/CENTRO-OESTE;6824.314
2025-10-04 03:00:00;NORDESTE;SUDESTE/CENTRO-OESTE;6895.211
2025-10-04 04:00:00;NORDESTE;SUDESTE/CENTRO-OESTE;6531.386
2025-10-04 05:00:00;NORDESTE;SUDESTE/CENTRO-OESTE;6532.974
2025-10-04 06:00:00;NORDESTE;SUDESTE/CENTRO-OESTE;5895.485
2025-10-04 07:00:00;NORDESTE;SUDESTE/CENTRO-OESTE;5631.364
2025-10-04 08:00:00;NORDESTE;SUDESTE/CENTRO-OESTE;4613.341
2025-10-04 09:00:00;NORDESTE;SUDESTE/CENTRO-OESTE;3551.954
2025-10-04 10:00:00;NORDESTE;SUDESTE/CENTRO-OESTE;2800.908
2025-10-04 11:00:00;NORDESTE;SUDESTE/CENTRO-OESTE;2601.875
2025-10-04 12:00:00;NORDESTE;SUDESTE/CENTRO-OESTE;2702.26899999
2025-10-04 13:00:00;NORDESTE;SUDESTE/CENTRO-OESTE;3679.329
2025-10-04 14:00:00;NORDESTE;SUDESTE/CENTRO-OESTE;4475.21699999
2025-10-04 15:00:00;NORDESTE;SUDESTE/CENTRO-OESTE;4720.807
2025-10-04 16:00:00;NORDESTE;SUDESTE/CENTRO-OESTE;5114.127
2025-10-04 17:00:00;NORDESTE;SUDESTE/CENTRO-OESTE;5628.962
2025-10-04 18:00:00;NORDESTE;SUDESTE/CENTRO-OESTE;7271.446
2025-10-04 19:00:00;NORDESTE;SUDESTE/CENTRO-OESTE;7545.378
2025-10-04 20:00:00;NORDESTE;SUDESTE/CENTRO-OESTE;6939.855
2025-10-04 21:00:00;NORDESTE;SUDESTE/CENTRO-OESTE;6821.936
2025-10-04 22:00:00;NORDESTE;SUDESTE/CENTRO-OESTE;6815.773
2025-10-04 23:00:00;NORDESTE;SUDESTE/CENTRO-OESTE;7031.72
2025-10-05 00:00:00;NORDESTE;SUDESTE/CENTRO-OESTE;6974.346
2025-10-05 01:00:00;NORDESTE;SUDESTE/CENTRO-OESTE;7062.882
2025-10-05 02:00:00;NORDESTE;SUDESTE/CENTRO-OESTE;7054.343
2025-10-05 03:00:00;NORDESTE;SUDESTE/CENTRO-OESTE;6751.128
2025-10-05 04:00:00;NORDESTE;SUDESTE/CENTRO-OESTE;6609.724
2025-10-05 05:00:00;NORDESTE;SUDESTE/CENTRO-OESTE;6877.198
2025-10-05 06:00:00;NORDESTE;SUDESTE/CENTRO-OESTE;5799.05
2025-10-05 07:00:00;NORDESTE;SUDESTE/CENTRO-OESTE;3753.872
2025-10-05 08:00:00;NORDESTE;SUDESTE/CENTRO-OESTE;1776.637
2025-10-05 09:00:00;NORDESTE;SUDESTE/CENTRO-OESTE;495.616
2025-10-05 10:00:00;NORDESTE;SUDESTE/CENTRO-OESTE;-384.489
2025-10-05 11:00:00;NORDESTE;SUDESTE/CENTRO-OESTE;-122.94
2025-10-05 12:00:00;NORDESTE;SUDESTE/CENTRO-OESTE;41.119
2025-10-05 13:00:00;NORDESTE;SUDESTE/CENTRO-OESTE;306.461
2025-10-05 14:00:00;NORDESTE;SUDESTE/CENTRO-OESTE;1410.834
2025-10-05 15:00:00;NORDESTE;SUDESTE/CENTRO-OESTE;2834.508
2025-10-05 16:00:00;NORDESTE;SUDESTE/CENTRO-OESTE;5013.814
2025-10-05 17:00:00;NORDESTE;SUDESTE/CENTRO-OESTE;6535.857
2025-10-05 18:00:00;NORDESTE;SUDESTE/CENTRO-OESTE;6805.354
2025-10-05 19:00:00;NORDESTE;SUDESTE/CENTRO-OESTE;6953.508
2025-10-05 20:00:00;NORDESTE;SUDESTE/CENTRO-OESTE;7056.621
2025-10-05 21:00:00;NORDESTE;SUDESTE/CENTRO-OESTE;6869.708
2025-10-05 22:00:00;NORDESTE;SUDESTE/CENTRO-OESTE;6886.918
2025-10-05 23:00:00;NORDESTE;SUDESTE/CENTRO-OESTE;7099.274
2025-10-06 00:00:00;NORDESTE;SUDESTE/CENTRO-OESTE;6988.906
2025-10-06 01:00:00;NORDESTE;SUDESTE/CENTRO-OESTE;6979.158
2025-10-06 02:00:00;NORDESTE;SUDESTE/CENTRO-OESTE;7208.126
2025-10-06 03:00:00;NORDESTE;SUDESTE/CENTRO-OESTE;7205.902
2025-10-06 04:00:00;NORDESTE;SUDESTE/CENTRO-OESTE;7208.539
2025-10-06 05:00:00;NORDESTE;SUDESTE/CENTRO-OESTE;7327.502
2025-10-06 06:00:00;NORDESTE;SUDESTE/CENTRO-OESTE;6557.351
2025-10-06 07:00:00;NORDESTE;SUDESTE/CENTRO-OESTE;5742.775
2025-10-06 08:00:00;NORDESTE;SUDESTE/CENTRO-OESTE;5703.691
2025-10-06 09:00:00;NORDESTE;SUDESTE/CENTRO-OESTE;5767.009
2025-10-06 10:00:00;NORDESTE;SUDESTE/CENTRO-OESTE;5127.72599999
2025-10-06 11:00:00;NORDESTE;SUDESTE/CENTRO-OESTE;4621.60499999
2025-10-06 12:00:00;NORDESTE;SUDESTE/CENTRO-OESTE;4162.911
2025-10-06 13:00:00;NORDESTE;SUDESTE/CENTRO-OESTE;4134.12
2025-10-06 14:00:00;NORDESTE;SUDESTE/CENTRO-OESTE;4320.893
2025-10-06 15:00:00;NORDESTE;SUDESTE/CENTRO-OESTE;4181.986
2025-10-06 16:00:00;NORDESTE;SUDESTE/CENTRO-OESTE;3688.032
2025-10-06 17:00:00;NORDESTE;SUDESTE/CENTRO-OESTE;4547.34
2025-10-06 18:00:00;NORDESTE;SUDESTE/CENTRO-OESTE;6738.15
2025-10-06 19:00:00;NORDESTE;SUDESTE/CENTRO-OESTE;7135.12
2025-10-06 20:00:00;NORDESTE;SUDESTE/CENTRO-OESTE;7237.4
2025-10-06 21:00:00;NORDESTE;SUDESTE/CENTRO-OESTE;6749.566
2025-10-06 22:00:00;NORDESTE;SUDESTE/CENTRO-OESTE;6199.552
2025-10-06 23:00:00;NORDESTE;SUDESTE/CENTRO-OESTE;5831.85
2025-10-07 00:00:00;NORDESTE;SUDESTE/CENTRO-OESTE;5343.505
2025-10-07 01:00:00;NORDESTE;SUDESTE/CENTRO-OESTE;6329.391
2025-10-07 02:00:00;NORDESTE;SUDESTE/CENTRO-OESTE;7659.057
2025-10-07 03:00:00;NORDESTE;SUDESTE/CENTRO-OESTE;7845.376
2025-10-07 04:00:00;NORDESTE;SUDESTE/CENTRO-OESTE;7629.041
2025-10-07 05:00:00;NORDESTE;SUDESTE/CENTRO-OESTE;7002.635
2025-10-07 06:00:00;NORDESTE;SUDESTE/CENTRO-OESTE;5695.86
2025-10-07 07:00:00;NORDESTE;SUDESTE/CENTRO-OESTE;3771.142
2025-10-07 08:00:00;NORDESTE;SUDESTE/CENTRO-OESTE;4012.486
2025-10-07 09:00:00;NORDESTE;SUDESTE/CENTRO-OESTE;3929.013
2025-10-07 10:00:00;NORDESTE;SUDESTE/CENTRO-OESTE;4313.564
2025-10-07 11:00:00;NORDESTE;SUDESTE/CENTRO-OESTE;3682.825
2025-10-07 12:00:00;NORDESTE;SUDESTE/CENTRO-OESTE;3419.236
2025-10-07 13:00:00;NORDESTE;SUDESTE/CENTRO-OESTE;2923.04
2025-10-07 14:00:00;NORDESTE;SUDESTE/CENTRO-OESTE;2725.806
2025-10-07 15:00:00;NORDESTE;SUDESTE/CENTRO-OESTE;2845.178
2025-10-07 16:00:00;NORDESTE;SUDESTE/CENTRO-OESTE;2328.14199999
2025-10-07 17:00:00;NORDESTE;SUDESTE/CENTRO-OESTE;4374.629
2025-10-07 18:00:00;NORDESTE;SUDESTE/CENTRO-OESTE;6441.384
2025-10-07 19:00:00;NORDESTE;SUDESTE/CENTRO-OESTE;6646.752
2025-10-07 20:00:00;NORDESTE;SUDESTE/CENTRO-OESTE;6724.58
2025-10-07 21:00:00;NORDESTE;SUDESTE/CENTRO-OESTE;6633.303
2025-10-07 22:00:00;NORDESTE;SUDESTE/CENTRO-OESTE;6404.895
2025-10-07 23:00:00;NORDESTE;SUDESTE/CENTRO-OESTE;7217.991
2025-10-08 00:00:00;NORDESTE;SUDESTE/CENTRO-OESTE;7140.746
2025-10-08 01:00:00;NORDESTE;SUDESTE/CENTRO-OESTE;7193.392
2025-10-08 02:00:00;NORDESTE;SUDESTE/CENTRO-OESTE;7203.609
2025-10-08 03:00:00;NORDESTE;SUDESTE/CENTRO-OESTE;7299.744
2025-10-08 04:00:00;NORDESTE;SUDESTE/CENTRO-OESTE;7193.547
2025-10-08 05:00:00;NORDESTE;SUDESTE/CENTRO-OESTE;7257.135
2025-10-08 06:00:00;NORDESTE;SUDESTE/CENTRO-OESTE;5945.332
2025-10-08 07:00:00;NORDESTE;SUDESTE/CENTRO-OESTE;4610.58
2025-10-08 08:00:00;NORDESTE;SUDESTE/CENTRO-OESTE;4612.573
2025-10-08 09:00:00;NORDESTE;SUDESTE/CENTRO-OESTE;4352.658
2025-10-08 10:00:00;NORDESTE;SUDESTE/CENTRO-OESTE;4111.06499999
2025-10-08 11:00:00;NORDESTE;SUDESTE/CENTRO-OESTE;4128.759
2025-10-08 12:00:00;NORDESTE;SUDESTE/CENTRO-OESTE;3873.079
2025-10-08 13:00:00;NORDESTE;SUDESTE/CENTRO-OESTE;3766.825
2025-10-08 14:00:00;NORDESTE;SUDESTE/CENTRO-OESTE;3044.021
2025-10-08 15:00:00;NORDESTE;SUDESTE/CENTRO-OESTE;3230.872
2025-10-08 16:00:00;NORDESTE;SUDESTE/CENTRO-OESTE;3836.804
2025-10-08 17:00:00;NORDESTE;SUDESTE/CENTRO-OESTE;4999.54299999
2025-10-08 18:00:00;NORDESTE;SUDESTE/CENTRO-OESTE;7031.566
2025-10-08 19:00:00;NORDESTE;SUDESTE/CENTRO-OESTE;6861.379
2025-10-08 20:00:00;NORDESTE;SUDESTE/CENTRO-OESTE;7150.069
2025-10-08 21:00:00;NORDESTE;SUDESTE/CENTRO-OESTE;7477.875
2025-10-08 22:00:00;NORDESTE;SUDESTE/CENTRO-OESTE;7457.276
2025-10-08 23:00:00;NORDESTE;SUDESTE/CENTRO-OESTE;7563.413
2025-10-09 00:00:00;NORDESTE;SUDESTE/CENTRO-OESTE;7286.685
2025-10-09 01:00:00;NORDESTE;SUDESTE/CENTRO-OESTE;7515.126
2025-10-09 02:00:00;NORDESTE;SUDESTE/CENTRO-OESTE;7499.496
2025-10-09 03:00:00;NORDESTE;SUDESTE/CENTRO-OESTE;7525.014
2025-10-09 04:00:00;NORDESTE;SUDESTE/CENTRO-OESTE;7417.022
2025-10-09 05:00:00;NORDESTE;SUDESTE/CENTRO-OESTE;7734.076
2025-10-09 06:00:00;NORDESTE;SUDESTE/CENTRO-OESTE;5711.038
2025-10-09 07:00:00;NORDESTE;SUDESTE/CENTRO-OESTE;4572.192
2025-10-09 08:00:00;NORDESTE;SUDESTE/CENTRO-OESTE;3889.034
2025-10-09 09:00:00;NORDESTE;SUDESTE/CENTRO-OESTE;3682.989
2025-10-09 10:00:00;NORDESTE;SUDESTE/CENTRO-OESTE;3507.251
2025-10-09 11:00:00;NORDESTE;SUDESTE/CENTRO-OESTE;3308.334
2025-10-09 12:00:00;NORDESTE;SUDESTE/CENTRO-OESTE;2912.801
2025-10-09 13:00:00;NORDESTE;SUDESTE/CENTRO-OESTE;3714.354
2025-10-09 14:00:00;NORDESTE;SUDESTE/CENTRO-OESTE;3484.033
2025-10-09 15:00:00;NORDESTE;SUDESTE/CENTRO-OESTE;3739.308
2025-10-09 16:00:00;NORDESTE;SUDESTE/CENTRO-OESTE;4578.72599999
2025-10-09 17:00:00;NORDESTE;SUDESTE/CENTRO-OESTE;6016.249
2025-10-09 18:00:00;NORDESTE;SUDESTE/CENTRO-OESTE;6892.829
2025-10-09 19:00:00;NORDESTE;SUDESTE/CENTRO-OESTE;6343.415
2025-10-09 20:00:00;NORDESTE;SUDESTE/CENTRO-OESTE;6412.49
2025-10-09 21:00:00;NORDESTE;SUDESTE/CENTRO-OESTE;6385.656
2025-10-09 22:00:00;NORDESTE;SUDESTE/CENTRO-OESTE;6299.117
2025-10-09 23:00:00;NORDESTE;SUDESTE/CENTRO-OESTE;6526.259
2025-10-10 00:00:00;NORDESTE;SUDESTE/CENTRO-OESTE;6296.755
2025-10-10 01:00:00;NORDESTE;SUDESTE/CENTRO-OESTE;6641.992
2025-10-10 02:00:00;NORDESTE;SUDESTE/CENTRO-OESTE;6683.135
2025-10-10 03:00:00;NORDESTE;SUDESTE/CENTRO-OESTE;6801.835
2025-10-10 04:00:00;NORDESTE;SUDESTE/CENTRO-OESTE;7046.371
2025-10-10 05:00:00;NORDESTE;SUDESTE/CENTRO-OESTE;7044.65
2025-10-10 06:00:00;NORDESTE;SUDESTE/CENTRO-OESTE;6075.291
2025-10-10 07:00:00;NORDESTE;SUDESTE/CENTRO-OESTE;5948.079
2025-10-10 08:00:00;NORDESTE;SUDESTE/CENTRO-OESTE;5568.179
2025-10-10 09:00:00;NORDESTE;SUDESTE/CENTRO-OESTE;5811.624
2025-10-10 10:00:00;NORDESTE;SUDESTE/CENTRO-OESTE;5684.015
2025-10-10 11:00:00;NORDESTE;SUDESTE/CENTRO-OESTE;5568.341
2025-10-10 12:00:00;NORDESTE;SUDESTE/CENTRO-OESTE;4062.971
2025-10-10 13:00:00;NORDESTE;SUDESTE/CENTRO-OESTE;4145.692
2025-10-10 14:00:00;NORDESTE;SUDESTE/CENTRO-OESTE;3717.694
2025-10-10 15:00:00;NORDESTE;SUDESTE/CENTRO-OESTE;3893.638
2025-10-10 16:00:00;NORDESTE;SUDESTE/CENTRO-OESTE;2736.19
2025-10-10 17:00:00;NORDESTE;SUDESTE/CENTRO-OESTE;4378.944
2025-10-10 18:00:00;NORDESTE;SUDESTE/CENTRO-OESTE;6065.314
2025-10-10 19:00:00;NORDESTE;SUDESTE/CENTRO-OESTE;7026.624
2025-10-10 20:00:00;NORDESTE;SUDESTE/CENTRO-OESTE;7055.227
2025-10-10 21:00:00;NORDESTE;SUDESTE/CENTRO-OESTE;6776.872
2025-10-10 22:00:00;NORDESTE;SUDESTE/CENTRO-OESTE;7157.469
2025-10-10 23:00:00;NORDESTE;SUDESTE/CENTRO-OESTE;6676.614
2025-10-11 00:00:00;NORDESTE;SUDESTE/CENTRO-OESTE;6267.116
2025-10-11 01:00:00;NORDESTE;SUDESTE/CENTRO-OESTE;6377.867
2025-10-11 02:00:00;NORDESTE;SUDESTE/CENTRO-OESTE;6546.561
2025-10-11 03:00:00;NORDESTE;SUDESTE/CENTRO-OESTE;6868.158
2025-10-11 04:00:00;NORDESTE;SUDESTE/CENTRO-OESTE;7072.676
2025-10-11 05:00:00;NORDESTE;SUDESTE/CENTRO-OESTE;6705.461
2025-10-11 06:00:00;NORDESTE;SUDESTE/CENTRO-OESTE;6292.122
2025-10-11 07:00:00;NORDESTE;SUDESTE/CENTRO-OESTE;5754.088
2025-10-11 08:00:00;NORDESTE;SUDESTE/CENTRO-OESTE;4495.022
2025-10-11 09:00:00;NORDESTE;SUDESTE/CENTRO-OESTE;3344.699
2025-10-11 10:00:00;NORDESTE;SUDESTE/CENTRO-OESTE;2694.449
2025-10-11 11:00:00;NORDESTE;SUDESTE/CENTRO-OESTE;2393.953
2025-10-11 12:00:00;NORDESTE;SUDESTE/CENTRO-OESTE;2365.71099999
2025-10-11 13:00:00;NORDESTE;SUDESTE/CENTRO-OESTE;2780.144
2025-10-11 14:00:00;NORDESTE;SUDESTE/CENTRO-OESTE;3708.424
2025-10-11 15:00:00;NORDESTE;SUDESTE/CENTRO-OESTE;3877.348
2025-10-11 16:00:00;NORDESTE;SUDESTE/CENTRO-OESTE;3255.955
2025-10-11 17:00:00;NORDESTE;SUDESTE/CENTRO-OESTE;3834.283
2025-10-11 18:00:00;NORDESTE;SUDESTE/CENTRO-OESTE;5722.28
2025-10-11 19:00:00;NORDESTE;SUDESTE/CENTRO-OESTE;6296.608
2025-10-11 20:00:00;NORDESTE;SUDESTE/CENTRO-OESTE;6429.865
2025-10-11 21:00:00;NORDESTE;SUDESTE/CENTRO-OESTE;6376.719
2025-10-11 22:00:00;NORDESTE;SUDESTE/CENTRO-OESTE;6489.386
2025-10-11 23:00:00;NORDESTE;SUDESTE/CENTRO-OESTE;6500.044
2025-10-12 00:00:00;NORDESTE;SUDESTE/CENTRO-OESTE;6175.326
2025-10-12 01:00:00;NORDESTE;SUDESTE/CENTRO-OESTE;6295.102
2025-10-12 02:00:00;NORDESTE;SUDESTE/CENTRO-OESTE;6415.266
2025-10-12 03:00:00;NORDESTE;SUDESTE/CENTRO-OESTE;6625.677
2025-10-12 04:00:00;NORDESTE;SUDESTE/CENTRO-OESTE;6606.291
2025-10-12 05:00:00;NORDESTE;SUDESTE/CENTRO-OESTE;6619.17
2025-10-12 06:00:00;NORDESTE;SUDESTE/CENTRO-OESTE;5916.618
2025-10-12 07:00:00;NORDESTE;SUDESTE/CENTRO-OESTE;5356.127
2025-10-12 08:00:00;NORDESTE;SUDESTE/CENTRO-OESTE;4279.222
2025-10-12 09:00:00;NORDESTE;SUDESTE/CENTRO-OESTE;3512.389
2025-10-12 10:00:00;NORDESTE;SUDESTE/CENTRO-OESTE;3201.778
2025-10-12 11:00:00;NORDESTE;SUDESTE/CENTRO-OESTE;3462.114
2025-10-12 12:00:00;NORDESTE;SUDESTE/CENTRO-OESTE;3474.68
2025-10-12 13:00:00;NORDESTE;SUDESTE/CENTRO-OESTE;3161.865
2025-10-12 14:00:00;NORDESTE;SUDESTE/CENTRO-OESTE;3722.314
2025-10-12 15:00:00;NORDESTE;SUDESTE/CENTRO-OESTE;4677.38199999
2025-10-12 16:00:00;NORDESTE;SUDESTE/CENTRO-OESTE;4392.55199999
2025-10-12 17:00:00;NORDESTE;SUDESTE/CENTRO-OESTE;4228.404
2025-10-12 18:00:00;NORDESTE;SUDESTE/CENTRO-OESTE;5529.279
2025-10-12 19:00:00;NORDESTE;SUDESTE/CENTRO-OESTE;6335.5
2025-10-12 20:00:00;NORDESTE;SUDESTE/CENTRO-OESTE;6152.359
2025-10-12 21:00:00;NORDESTE;SUDESTE/CENTRO-OESTE;6507.293
2025-10-12 22:00:00;NORDESTE;SUDESTE/CENTRO-OESTE;6431.866
2025-10-12 23:00:00;NORDESTE;SUDESTE/CENTRO-OESTE;6056.835
2025-10-13 00:00:00;NORDESTE;SUDESTE/CENTRO-OESTE;5758.547
2025-10-13 01:00:00;NORDESTE;SUDESTE/CENTRO-OESTE;6186.792
2025-10-13 02:00:00;NORDESTE;SUDESTE/CENTRO-OESTE;6552.001
2025-10-13 03:00:00;NORDESTE;SUDESTE/CENTRO-OESTE;6843.688
2025-10-13 04:00:00;NORDESTE;SUDESTE/CENTRO-OESTE;6987.961
2025-10-13 05:00:00;NORDESTE;SUDESTE/CENTRO-OESTE;6803.836
2025-10-13 06:00:00;NORDESTE;SUDESTE/CENTRO-OESTE;6655.853
2025-10-13 07:00:00;NORDESTE;SUDESTE/CENTRO-OESTE;5621.879
2025-10-13 08:00:00;NORDESTE;SUDESTE/CENTRO-OESTE;5530.683
2025-10-13 09:00:00;NORDESTE;SUDESTE/CENTRO-OESTE;5265.655
2025-10-13 10:00:00;NORDESTE;SUDESTE/CENTRO-OESTE;4764.365
2025-10-13 11:00:00;NORDESTE;SUDESTE/CENTRO-OESTE;4227.625
2025-10-13 12:00:00;NORDESTE;SUDESTE/CENTRO-OESTE;4239.774
2025-10-13 13:00:00;NORDESTE;SUDESTE/CENTRO-OESTE;4556.95799999
2025-10-13 14:00:00;NORDESTE;SUDESTE/CENTRO-OESTE;4426.551
2025-10-13 15:00:00;NORDESTE;SUDESTE/CENTRO-OESTE;3964.704
2025-10-13 16:00:00;NORDESTE;SUDESTE/CENTRO-OESTE;3052.314
2025-10-13 17:00:00;NORDESTE;SUDESTE/CENTRO-OESTE;3552.249
2025-10-13 18:00:00;NORDESTE;SUDESTE/CENTRO-OESTE;5617.853
2025-10-13 19:00:00;NORDESTE;SUDESTE/CENTRO-OESTE;6757.584
2025-10-13 20:00:00;NORDESTE;SUDESTE/CENTRO-OESTE;7032.24
2025-10-13 21:00:00;NORDESTE;SUDESTE/CENTRO-OESTE;6140.682
2025-10-13 22:00:00;NORDESTE;SUDESTE/CENTRO-OESTE;5394.75699999
2025-10-13 23:00:00;NORDESTE;SUDESTE/CENTRO-OESTE;5052.651
2025-10-14 00:00:00;NORDESTE;SUDESTE/CENTRO-OESTE;5486.42
2025-10-14 01:00:00;NORDESTE;SUDESTE/CENTRO-OESTE;5077.652
2025-10-14 02:00:00;NORDESTE;SUDESTE/CENTRO-OESTE;4863.956
2025-10-14 03:00:00;NORDESTE;SUDESTE/CENTRO-OESTE;4704.69899999
2025-10-14 04:00:00;NORDESTE;SUDESTE/CENTRO-OESTE;4757.537
2025-10-14 05:00:00;NORDESTE;SUDESTE/CENTRO-OESTE;5900.371
2025-10-14 06:00:00;NORDESTE;SUDESTE/CENTRO-OESTE;5928.361
2025-10-14 07:00:00;NORDESTE;SUDESTE/CENTRO-OESTE;5455.955
2025-10-14 08:00:00;NORDESTE;SUDESTE/CENTRO-OESTE;4882.428
2025-10-14 09:00:00;NORDESTE;SUDESTE/CENTRO-OESTE;4888.693
2025-10-14 10:00:00;NORDESTE;SUDESTE/CENTRO-OESTE;5184.499
2025-10-14 11:00:00;NORDESTE;SUDESTE/CENTRO-OESTE;5014.39999999
2025-10-14 12:00:00;NORDESTE;SUDESTE/CENTRO-OESTE;4184.268
2025-10-14 13:00:00;NORDESTE;SUDESTE/CENTRO-OESTE;3575.51
2025-10-14 14:00:00;NORDESTE;SUDESTE/CENTRO-OESTE;3091.458
2025-10-14 15:00:00;NORDESTE;SUDESTE/CENTRO-OESTE;2872.346
2025-10-14 16:00:00;NORDESTE;SUDESTE/CENTRO-OESTE;2496.42099999
2025-10-14 17:00:00;NORDESTE;SUDESTE/CENTRO-OESTE;2981.416
2025-10-14 18:00:00;NORDESTE;SUDESTE/CENTRO-OESTE;5395.028
2025-10-14 19:00:00;NORDESTE;SUDESTE/CENTRO-OESTE;6534.877
2025-10-14 20:00:00;NORDESTE;SUDESTE/CENTRO-OESTE;6383.701
2025-10-14 21:00:00;NORDESTE;SUDESTE/CENTRO-OESTE;5937.362
2025-10-14 22:00:00;NORDESTE;SUDESTE/CENTRO-OESTE;6251.062
2025-10-14 23:00:00;NORDESTE;SUDESTE/CENTRO-OESTE;6311.242
2025-10-15 00:00:00;NORDESTE;SUDESTE/CENTRO-OESTE;5691.755
2025-10-15 01:00:00;NORDESTE;SUDESTE/CENTRO-OESTE;6107.626
2025-10-15 02:00:00;NORDESTE;SUDESTE/CENTRO-OESTE;6578.502
2025-10-15 03:00:00;NORDESTE;SUDESTE/CENTRO-OESTE;6785.988
2025-10-15 04:00:00;NORDESTE;SUDESTE/CENTRO-OESTE;6948.068
2025-10-15 05:00:00;NORDESTE;SUDESTE/CENTRO-OESTE;7506.264
2025-10-15 06:00:00;NORDESTE;SUDESTE/CENTRO-OESTE;7169.608
2025-10-15 07:00:00;NORDESTE;SUDESTE/CENTRO-OESTE;5218.675
2025-10-15 08:00:00;NORDESTE;SUDESTE/CENTRO-OESTE;4551.264
2025-10-15 09:00:00;NORDESTE;SUDESTE/CENTRO-OESTE;4230.723
2025-10-15 10:00:00;NORDESTE;SUDESTE/CENTRO-OESTE;3640.015
2025-10-15 11:00:00;NORDESTE;SUDESTE/CENTRO-OESTE;3442.958
2025-10-15 12:00:00;NORDESTE;SUDESTE/CENTRO-OESTE;3086.472
2025-10-15 13:00:00;NORDESTE;SUDESTE/CENTRO-OESTE;4652.90899999
2025-10-15 14:00:00;NORDESTE;SUDESTE/CENTRO-OESTE;5043.817
2025-10-15 15:00:00;NORDESTE;SUDESTE/CENTRO-OESTE;4154.04
2025-10-15 16:00:00;NORDESTE;SUDESTE/CENTRO-OESTE;3583.257
2025-10-15 17:00:00;NORDESTE;SUDESTE/CENTRO-OESTE;3901.362
2025-10-15 18:00:00;NORDESTE;SUDESTE/CENTRO-OESTE;6099.765
2025-10-15 19:00:00;NORDESTE;SUDESTE/CENTRO-OESTE;7626.965
2025-10-15 20:00:00;NORDESTE;SUDESTE/CENTRO-OESTE;7620.513
2025-10-15 21:00:00;NORDESTE;SUDESTE/CENTRO-OESTE;7619.559
2025-10-15 22:00:00;NORDESTE;SUDESTE/CENTRO-OESTE;7404.23
2025-10-15 23:00:00;NORDESTE;SUDESTE/CENTRO-OESTE;6793.966
2025-10-16 00:00:00;NORDESTE;SUDESTE/CENTRO-OESTE;6497.436
2025-10-16 01:00:00;NORDESTE;SUDESTE/CENTRO-OESTE;6595.188
2025-10-16 02:00:00;NORDESTE;SUDESTE/CENTRO-OESTE;6818.073
2025-10-16 03:00:00;NORDESTE;SUDESTE/CENTRO-OESTE;7122.429
2025-10-16 04:00:00;NORDESTE;SUDESTE/CENTRO-OESTE;7376.609
2025-10-16 05:00:00;NORDESTE;SUDESTE/CENTRO-OESTE;7663.692
2025-10-16 06:00:00;NORDESTE;SUDESTE/CENTRO-OESTE;7420.803
2025-10-16 07:00:00;NORDESTE;SUDESTE/CENTRO-OESTE;5998.846
2025-10-16 08:00:00;NORDESTE;SUDESTE/CENTRO-OESTE;5332.504
2025-10-16 09:00:00;NORDESTE;SUDESTE/CENTRO-OESTE;4754.963
2025-10-16 10:00:00;NORDESTE;SUDESTE/CENTRO-OESTE;4812.962
2025-10-16 11:00:00;NORDESTE;SUDESTE/CENTRO-OESTE;5052.96699999
2025-10-16 12:00:00;NORDESTE;SUDESTE/CENTRO-OESTE;4980.957
2025-10-16 13:00:00;NORDESTE;SUDESTE/CENTRO-OESTE;5464.054
2025-10-16 14:00:00;NORDESTE;SUDESTE/CENTRO-OESTE;5799.19
2025-10-16 15:00:00;NORDESTE;SUDESTE/CENTRO-OESTE;5762.256
2025-10-16 16:00:00;NORDESTE;SUDESTE/CENTRO-OESTE;4955.337
2025-10-16 17:00:00;NORDESTE;SUDESTE/CENTRO-OESTE;6342.497
2025-10-16 18:00:00;NORDESTE;SUDESTE/CENTRO-OESTE;7286.378
2025-10-16 19:00:00;NORDESTE;SUDESTE/CENTRO-OESTE;7070.671
2025-10-16 20:00:00;NORDESTE;SUDESTE/CENTRO-OESTE;7389.142
2025-10-16 21:00:00;NORDESTE;SUDESTE/CENTRO-OESTE;7296.769
2025-10-16 22:00:00;NORDESTE;SUDESTE/CENTRO-OESTE;7789.369
2025-10-16 23:00:00;NORDESTE;SUDESTE/CENTRO-OESTE;7361.963
2025-10-17 00:00:00;NORDESTE;SUDESTE/CENTRO-OESTE;7119.735
2025-10-17 01:00:00;NORDESTE;SUDESTE/CENTRO-OESTE;6822.411
2025-10-17 02:00:00;NORDESTE;SUDESTE/CENTRO-OESTE;6550.888
2025-10-17 03:00:00;NORDESTE;SUDESTE/CENTRO-OESTE;6717.445
2025-10-17 04:00:00;NORDESTE;SUDESTE/CENTRO-OESTE;6734.174
2025-10-17 05:00:00;NORDESTE;SUDESTE/CENTRO-OESTE;7388.65
2025-10-17 06:00:00;NORDESTE;SUDESTE/CENTRO-OESTE;7318.558
2025-10-17 07:00:00;NORDESTE;SUDESTE/CENTRO-OESTE;5617.895
2025-10-17 08:00:00;NORDESTE;SUDESTE/CENTRO-OESTE;5099.156
2025-10-17 09:00:00;NORDESTE;SUDESTE/CENTRO-OESTE;4685.963
2025-10-17 10:00:00;NORDESTE;SUDESTE/CENTRO-OESTE;4231.977
2025-10-17 11:00:00;NORDESTE;SUDESTE/CENTRO-OESTE;5103.457
2025-10-17 12:00:00;NORDESTE;SUDESTE/CENTRO-OESTE;4540.496
2025-10-17 13:00:00;NORDESTE;SUDESTE/CENTRO-OESTE;4532.32399999
2025-10-17 14:00:00;NORDESTE;SUDESTE/CENTRO-OESTE;4720.064
2025-10-17 15:00:00;NORDESTE;SUDESTE/CENTRO-OESTE;4200.626
2025-10-17 16:00:00;NORDESTE;SUDESTE/CENTRO-OESTE;3673.153
2025-10-17 17:00:00;NORDESTE;SUDESTE/CENTRO-OESTE;4424.353
2025-10-17 18:00:00;NORDESTE;SUDESTE/CENTRO-OESTE;6307.923
2025-10-17 19:00:00;NORDESTE;SUDESTE/CENTRO-OESTE;7422.24
2025-10-17 20:00:00;NORDESTE;SUDESTE/CENTRO-OESTE;7857.993
2025-10-17 21:00:00;NORDESTE;SUDESTE/CENTRO-OESTE;7444.947
2025-10-17 22:00:00;NORDESTE;SUDESTE/CENTRO-OESTE;7247.904
2025-10-17 23:00:00;NORDESTE;SUDESTE/CENTRO-OESTE;6937.477
2025-10-18 00:00:00;NORDESTE;SUDESTE/CENTRO-OESTE;6908.158
2025-10-18 01:00:00;NORDESTE;SUDESTE/CENTRO-OESTE;6924.254
2025-10-18 02:00:00;NORDESTE;SUDESTE/CENTRO-OESTE;6804.746
2025-10-18 03:00:00;NORDESTE;SUDESTE/CENTRO-OESTE;6735.701
2025-10-18 04:00:00;NORDESTE;SUDESTE/CENTRO-OESTE;6633.723
2025-10-18 05:00:00;NORDESTE;SUDESTE/CENTRO-OESTE;6883.969
2025-10-18 06:00:00;NORDESTE;SUDESTE/CENTRO-OESTE;6403.147
2025-10-18 07:00:00;NORDESTE;SUDESTE/CENTRO-OESTE;5955.272
2025-10-18 08:00:00;NORDESTE;SUDESTE/CENTRO-OESTE;5873.052
2025-10-18 09:00:00;NORDESTE;SUDESTE/CENTRO-OESTE;5250.848
2025-10-18 10:00:00;NORDESTE;SUDESTE/CENTRO-OESTE;4450.83
2025-10-18 11:00:00;NORDESTE;SUDESTE/CENTRO-OESTE;4173.645
2025-10-18 12:00:00;NORDESTE;SUDESTE/CENTRO-OESTE;3796.768
2025-10-18 13:00:00;NORDESTE;SUDESTE/CENTRO-OESTE;4007.113
2025-10-18 14:00:00;NORDESTE;SUDESTE/CENTRO-OESTE;3432.818
2025-10-18 15:00:00;NORDESTE;SUDESTE/CENTRO-OESTE;3129.578
2025-10-18 16:00:00;NORDESTE;SUDESTE/CENTRO-OESTE;2722.064
2025-10-18 17:00:00;NORDESTE;SUDESTE/CENTRO-OESTE;1828.141
2025-10-18 18:00:00;NORDESTE;SUDESTE/CENTRO-OESTE;3489.847
2025-10-18 19:00:00;NORDESTE;SUDESTE/CENTRO-OESTE;5070.157
2025-10-18 20:00:00;NORDESTE;SUDESTE/CENTRO-OESTE;5470.338
2025-10-18 21:00:00;NORDESTE;SUDESTE/CENTRO-OESTE;5305.227
2025-10-18 22:00:00;NORDESTE;SUDESTE/CENTRO-OESTE;4539.856
2025-10-18 23:00:00;NORDESTE;SUDESTE/CENTRO-OESTE;4313.714
2025-10-19 00:00:00;NORDESTE;SUDESTE/CENTRO-OESTE;4031.824
2025-10-19 01:00:00;NORDESTE;SUDESTE/CENTRO-OESTE;4259.495
2025-10-19 02:00:00;NORDESTE;SUDESTE/CENTRO-OESTE;4434.789
2025-10-19 03:00:00;NORDESTE;SUDESTE/CENTRO-OESTE;4103.649
2025-10-19 04:00:00;NORDESTE;SUDESTE/CENTRO-OESTE;3824.127
2025-10-19 05:00:00;NORDESTE;SUDESTE/CENTRO-OESTE;3663.967
2025-10-19 06:00:00;NORDESTE;SUDESTE/CENTRO-OESTE;3402.464
2025-10-19 07:00:00;NORDESTE;SUDESTE/CENTRO-OESTE;2382.481
2025-10-19 08:00:00;NORDESTE;SUDESTE/CENTRO-OESTE;1110.65
2025-10-19 09:00:00;NORDESTE;SUDESTE/CENTRO-OESTE;622.56899999
2025-10-19 10:00:00;NORDESTE;SUDESTE/CENTRO-OESTE;130.072
2025-10-19 11:00:00;NORDESTE;SUDESTE/CENTRO-OESTE;146.904
2025-10-19 12:00:00;NORDESTE;SUDESTE/CENTRO-OESTE;-0.56699999
2025-10-19 13:00:00;NORDESTE;SUDESTE/CENTRO-OESTE;142.38
2025-10-19 14:00:00;NORDESTE;SUDESTE/CENTRO-OESTE;409.134
2025-10-19 15:00:00;NORDESTE;SUDESTE/CENTRO-OESTE;933.028
2025-10-19 16:00:00;NORDESTE;SUDESTE/CENTRO-OESTE;892.465
2025-10-19 17:00:00;NORDESTE;SUDESTE/CENTRO-OESTE;1582.207
2025-10-19 18:00:00;NORDESTE;SUDESTE/CENTRO-OESTE;3442.588
2025-10-19 19:00:00;NORDESTE;SUDESTE/CENTRO-OESTE;3096.388
2025-10-19 20:00:00;NORDESTE;SUDESTE/CENTRO-OESTE;2360.146
2025-10-19 21:00:00;NORDESTE;SUDESTE/CENTRO-OESTE;2008.778
2025-10-19 22:00:00;NORDESTE;SUDESTE/CENTRO-OESTE;1231.82199999
2025-10-19 23:00:00;NORDESTE;SUDESTE/CENTRO-OESTE;895.338
2025-10-20 00:00:00;NORDESTE;SUDESTE/CENTRO-OESTE;-196.302
2025-10-20 01:00:00;NORDESTE;SUDESTE/CENTRO-OESTE;-776.83
2025-10-20 02:00:00;NORDESTE;SUDESTE/CENTRO-OESTE;-1322.291
2025-10-20 03:00:00;NORDESTE;SUDESTE/CENTRO-OESTE;-1751.261
2025-10-20 04:00:00;NORDESTE;SUDESTE/CENTRO-OESTE;-1431.566
2025-10-20 05:00:00;NORDESTE;SUDESTE/CENTRO-OESTE;-25.149
2025-10-20 06:00:00;NORDESTE;SUDESTE/CENTRO-OESTE;2894.319
2025-10-20 07:00:00;NORDESTE;SUDESTE/CENTRO-OESTE;4255.237
2025-10-20 08:00:00;NORDESTE;SUDESTE/CENTRO-OESTE;4411.394
2025-10-20 09:00:00;NORDESTE;SUDESTE/CENTRO-OESTE;2351.149
2025-10-20 10:00:00;NORDESTE;SUDESTE/CENTRO-OESTE;2350.869
2025-10-20 11:00:00;NORDESTE;SUDESTE/CENTRO-OESTE;2616.73999999
2025-10-20 12:00:00;NORDESTE;SUDESTE/CENTRO-OESTE;2184.466
2025-10-20 13:00:00;NORDESTE;SUDESTE/CENTRO-OESTE;1821.25
2025-10-20 14:00:00;NORDESTE;SUDESTE/CENTRO-OESTE;2225.891
2025-10-20 15:00:00;NORDESTE;SUDESTE/CENTRO-OESTE;2550.785
2025-10-20 16:00:00;NORDESTE;SUDESTE/CENTRO-OESTE;2867.776
2025-10-20 17:00:00;NORDESTE;SUDESTE/CENTRO-OESTE;4005.449
2025-10-20 18:00:00;NORDESTE;SUDESTE/CENTRO-OESTE;6058.764
2025-10-20 19:00:00;NORDESTE;SUDESTE/CENTRO-OESTE;7101.713
2025-10-20 20:00:00;NORDESTE;SUDESTE/CENTRO-OESTE;6876.969
2025-10-20 21:00:00;NORDESTE;SUDESTE/CENTRO-OESTE;6742.092
2025-10-20 22:00:00;NORDESTE;SUDESTE/CENTRO-OESTE;6579.412
2025-10-20 23:00:00;NORDESTE;SUDESTE/CENTRO-OESTE;6233.548
2025-10-21 00:00:00;NORDESTE;SUDESTE/CENTRO-OESTE;6131.225
2025-10-21 01:00:00;NORDESTE;SUDESTE/CENTRO-OESTE;5741.904
2025-10-21 02:00:00;NORDESTE;SUDESTE/CENTRO-OESTE;5826.023
2025-10-21 03:00:00;NORDESTE;SUDESTE/CENTRO-OESTE;5233.377
2025-10-21 04:00:00;NORDESTE;SUDESTE/CENTRO-OESTE;4804.577
2025-10-21 05:00:00;NORDESTE;SUDESTE/CENTRO-OESTE;5328.924
2025-10-21 06:00:00;NORDESTE;SUDESTE/CENTRO-OESTE;7001.265
2025-10-21 07:00:00;NORDESTE;SUDESTE/CENTRO-OESTE;6494.759
2025-10-21 08:00:00;NORDESTE;SUDESTE/CENTRO-OESTE;4049.639
2025-10-21 09:00:00;NORDESTE;SUDESTE/CENTRO-OESTE;2423.882
2025-10-21 10:00:00;NORDESTE;SUDESTE/CENTRO-OESTE;2314.78
2025-10-21 11:00:00;NORDESTE;SUDESTE/CENTRO-OESTE;2344.916
2025-10-21 12:00:00;NORDESTE;SUDESTE/CENTRO-OESTE;1680.664
2025-10-21 13:00:00;NORDESTE;SUDESTE/CENTRO-OESTE;1549.565
2025-10-21 14:00:00;NORDESTE;SUDESTE/CENTRO-OESTE;3101.718
2025-10-21 15:00:00;NORDESTE;SUDESTE/CENTRO-OESTE;4458.184
2025-10-21 16:00:00;NORDESTE;SUDESTE/CENTRO-OESTE;4163.295
2025-10-21 17:00:00;NORDESTE;SUDESTE/CENTRO-OESTE;5077.006
2025-10-21 18:00:00;NORDESTE;SUDESTE/CENTRO-OESTE;6425.066
2025-10-21 19:00:00;NORDESTE;SUDESTE/CENTRO-OESTE;6705.896
2025-10-21 20:00:00;NORDESTE;SUDESTE/CENTRO-OESTE;6896.733
2025-10-21 21:00:00;NORDESTE;SUDESTE/CENTRO-OESTE;6635.216
2025-10-21 22:00:00;NORDESTE;SUDESTE/CENTRO-OESTE;6249.038
2025-10-21 23:00:00;NORDESTE;SUDESTE/CENTRO-OESTE;5917.846
2025-10-22 00:00:00;NORDESTE;SUDESTE/CENTRO-OESTE;5861.455
2025-10-22 01:00:00;NORDESTE;SUDESTE/CENTRO-OESTE;5900.98
2025-10-22 02:00:00;NORDESTE;SUDESTE/CENTRO-OESTE;6322.414
2025-10-22 03:00:00;NORDESTE;SUDESTE/CENTRO-OESTE;6617.679
2025-10-22 04:00:00;NORDESTE;SUDESTE/CENTRO-OESTE;6475.513
2025-10-22 05:00:00;NORDESTE;SUDESTE/CENTRO-OESTE;6816.022
2025-10-22 06:00:00;NORDESTE;SUDESTE/CENTRO-OESTE;5023.591
2025-10-22 07:00:00;NORDESTE;SUDESTE/CENTRO-OESTE;3666.16
2025-10-22 08:00:00;NORDESTE;SUDESTE/CENTRO-OESTE;3049.416
2025-10-22 09:00:00;NORDESTE;SUDESTE/CENTRO-OESTE;2007.127
2025-10-22 10:00:00;NORDESTE;SUDESTE/CENTRO-OESTE;1890.399
2025-10-22 11:00:00;NORDESTE;SUDESTE/CENTRO-OESTE;2302.17299999
2025-10-22 12:00:00;NORDESTE;SUDESTE/CENTRO-OESTE;1498.614
2025-10-22 13:00:00;NORDESTE;SUDESTE/CENTRO-OESTE;1724.563
2025-10-22 14:00:00;NORDESTE;SUDESTE/CENTRO-OESTE;1978.284
2025-10-22 15:00:00;NORDESTE;SUDESTE/CENTRO-OESTE;2209.234
2025-10-22 16:00:00;NORDESTE;SUDESTE/CENTRO-OESTE;2224.815
2025-10-22 17:00:00;NORDESTE;SUDESTE/CENTRO-OESTE;5028.127
2025-10-22 18:00:00;NORDESTE;SUDESTE/CENTRO-OESTE;7578.677
2025-10-22 19:00:00;NORDESTE;SUDESTE/CENTRO-OESTE;7806.933
2025-10-22 20:00:00;NORDESTE;SUDESTE/CENTRO-OESTE;7827.637
2025-10-22 21:00:00;NORDESTE;SUDESTE/CENTRO-OESTE;7360.648
2025-10-22 22:00:00;NORDESTE;SUDESTE/CENTRO-OESTE;6698.815
2025-10-22 23:00:00;NORDESTE;SUDESTE/CENTRO-OESTE;6404.303
2025-10-23 00:00:00;NORDESTE;SUDESTE/CENTRO-OESTE;6753.411
2025-10-23 01:00:00;NORDESTE;SUDESTE/CENTRO-OESTE;7131.88
2025-10-23 02:00:00;NORDESTE;SUDESTE/CENTRO-OESTE;7316.088
2025-10-23 03:00:00;NORDESTE;SUDESTE/CENTRO-OESTE;7344.758
2025-10-23 04:00:00;NORDESTE;SUDESTE/CENTRO-OESTE;7224.864
2025-10-23 05:00:00;NORDESTE;SUDESTE/CENTRO-OESTE;7498.98
2025-10-23 06:00:00;NORDESTE;SUDESTE/CENTRO-OESTE;6872.54
2025-10-23 07:00:00;NORDESTE;SUDESTE/CENTRO-OESTE;5252.527
2025-10-23 08:00:00;NORDESTE;SUDESTE/CENTRO-OESTE;3341.249
2025-10-23 09:00:00;NORDESTE;SUDESTE/CENTRO-OESTE;2376.695
2025-10-23 10:00:00;NORDESTE;SUDESTE/CENTRO-OESTE;1923.356
2025-10-23 11:00:00;NORDESTE;SUDESTE/CENTRO-OESTE;1598.739
2025-10-23 12:00:00;NORDESTE;SUDESTE/CENTRO-OESTE;1231.736
2025-10-23 13:00:00;NORDESTE;SUDESTE/CENTRO-OESTE;1600.825
2025-10-23 14:00:00;NORDESTE;SUDESTE/CENTRO-OESTE;3350.365
2025-10-23 15:00:00;NORDESTE;SUDESTE/CENTRO-OESTE;4837.96699999
2025-10-23 16:00:00;NORDESTE;SUDESTE/CENTRO-OESTE;5064.575
2025-10-23 17:00:00;NORDESTE;SUDESTE/CENTRO-OESTE;5786.619
2025-10-23 18:00:00;NORDESTE;SUDESTE/CENTRO-OESTE;7181.461
2025-10-23 19:00:00;NORDESTE;SUDESTE/CENTRO-OESTE;7480.812
2025-10-23 20:00:00;NORDESTE;SUDESTE/CENTRO-OESTE;7369.614
2025-10-23 21:00:00;NORDESTE;SUDESTE/CENTRO-OESTE;6790.861
2025-10-23 22:00:00;NORDESTE;SUDESTE/CENTRO-OESTE;6655.466
2025-10-23 23:00:00;NORDESTE;SUDESTE/CENTRO-OESTE;6836.189
2025-10-24 00:00:00;NORDESTE;SUDESTE/CENTRO-OESTE;6706.87
2025-10-24 01:00:00;NORDESTE;SUDESTE/CENTRO-OESTE;7082.212
2025-10-24 02:00:00;NORDESTE;SUDESTE/CENTRO-OESTE;7458.043
2025-10-24 03:00:00;NORDESTE;SUDESTE/CENTRO-OESTE;7517.73
2025-10-24 04:00:00;NORDESTE;SUDESTE/CENTRO-OESTE;7561.193
2025-10-24 05:00:00;NORDESTE;SUDESTE/CENTRO-OESTE;6830.358
2025-10-24 06:00:00;NORDESTE;SUDESTE/CENTRO-OESTE;6455.319
2025-10-24 07:00:00;NORDESTE;SUDESTE/CENTRO-OESTE;5470.93099999
2025-10-24 08:00:00;NORDESTE;SUDESTE/CENTRO-OESTE;4168.72099999
2025-10-24 09:00:00;NORDESTE;SUDESTE/CENTRO-OESTE;2452.781
2025-10-24 10:00:00;NORDESTE;SUDESTE/CENTRO-OESTE;1748.07
2025-10-24 11:00:00;NORDESTE;SUDESTE/CENTRO-OESTE;1561.275
2025-10-24 12:00:00;NORDESTE;SUDESTE/CENTRO-OESTE;1392.473
2025-10-24 13:00:00;NORDESTE;SUDESTE/CENTRO-OESTE;1671.758
2025-10-24 14:00:00;NORDESTE;SUDESTE/CENTRO-OESTE;2948.428
2025-10-24 15:00:00;NORDESTE;SUDESTE/CENTRO-OESTE;4338.39999999
2025-10-24 16:00:00;NORDESTE;SUDESTE/CENTRO-OESTE;4559.319
2025-10-24 17:00:00;NORDESTE;SUDESTE/CENTRO-OESTE;4583.76599999
2025-10-24 18:00:00;NORDESTE;SUDESTE/CENTRO-OESTE;6584.252
2025-10-24 19:00:00;NORDESTE;SUDESTE/CENTRO-OESTE;7616.534
2025-10-24 20:00:00;NORDESTE;SUDESTE/CENTRO-OESTE;7648.23
2025-10-24 21:00:00;NORDESTE;SUDESTE/CENTRO-OESTE;7533.388
2025-10-24 22:00:00;NORDESTE;SUDESTE/CENTRO-OESTE;7484.057
2025-10-24 23:00:00;NORDESTE;SUDESTE/CENTRO-OESTE;7033.481
2025-10-25 00:00:00;NORDESTE;SUDESTE/CENTRO-OESTE;6985.587
2025-10-25 01:00:00;NORDESTE;SUDESTE/CENTRO-OESTE;7454.995
2025-10-25 02:00:00;NORDESTE;SUDESTE/CENTRO-OESTE;7487.129
2025-10-25 03:00:00;NORDESTE;SUDESTE/CENTRO-OESTE;7528.802
2025-10-25 04:00:00;NORDESTE;SUDESTE/CENTRO-OESTE;7375.435
2025-10-25 05:00:00;NORDESTE;SUDESTE/CENTRO-OESTE;7457.997
2025-10-25 06:00:00;NORDESTE;SUDESTE/CENTRO-OESTE;6355.094
2025-10-25 07:00:00;NORDESTE;SUDESTE/CENTRO-OESTE;5220.64099999
2025-10-25 08:00:00;NORDESTE;SUDESTE/CENTRO-OESTE;4080.932
2025-10-25 09:00:00;NORDESTE;SUDESTE/CENTRO-OESTE;3108.018
2025-10-25 10:00:00;NORDESTE;SUDESTE/CENTRO-OESTE;2827.332
2025-10-25 11:00:00;NORDESTE;SUDESTE/CENTRO-OESTE;3135.999
2025-10-25 12:00:00;NORDESTE;SUDESTE/CENTRO-OESTE;3303.332
2025-10-25 13:00:00;NORDESTE;SUDESTE/CENTRO-OESTE;3816.119
2025-10-25 14:00:00;NORDESTE;SUDESTE/CENTRO-OESTE;4520.665
2025-10-25 15:00:00;NORDESTE;SUDESTE/CENTRO-OESTE;5156.246
2025-10-25 16:00:00;NORDESTE;SUDESTE/CENTRO-OESTE;5248.363
2025-10-25 17:00:00;NORDESTE;SUDESTE/CENTRO-OESTE;5764.827
2025-10-25 18:00:00;NORDESTE;SUDESTE/CENTRO-OESTE;6733.978
2025-10-25 19:00:00;NORDESTE;SUDESTE/CENTRO-OESTE;7250.583
2025-10-25 20:00:00;NORDESTE;SUDESTE/CENTRO-OESTE;7670.639
2025-10-25 21:00:00;NORDESTE;SUDESTE/CENTRO-OESTE;7743.118
2025-10-25 22:00:00;NORDESTE;SUDESTE/CENTRO-OESTE;7464.869
2025-10-25 23:00:00;NORDESTE;SUDESTE/CENTRO-OESTE;6970.461
2025-10-26 00:00:00;NORDESTE;SUDESTE/CENTRO-OESTE;6976.456
2025-10-26 01:00:00;NORDESTE;SUDESTE/CENTRO-OESTE;7454.076
2025-10-26 02:00:00;NORDESTE;SUDESTE/CENTRO-OESTE;7548.769
2025-10-26 03:00:00;NORDESTE;SUDESTE/CENTRO-OESTE;7724.053
2025-10-26 04:00:00;NORDESTE;SUDESTE/CENTRO-OESTE;7809.843
2025-10-26 05:00:00;NORDESTE;SUDESTE/CENTRO-OESTE;7653.405
2025-10-26 06:00:00;NORDESTE;SUDESTE/CENTRO-OESTE;7365.847
2025-10-26 07:00:00;NORDESTE;SUDESTE/CENTRO-OESTE;4487.60499999
2025-10-26 08:00:00;NORDESTE;SUDESTE/CENTRO-OESTE;2508.895
2025-10-26 09:00:00;NORDESTE;SUDESTE/CENTRO-OESTE;1695.669
2025-10-26 10:00:00;NORDESTE;SUDESTE/CENTRO-OESTE;1776.653
2025-10-26 11:00:00;NORDESTE;SUDESTE/CENTRO-OESTE;2235.779
2025-10-26 12:00:00;NORDESTE;SUDESTE/CENTRO-OESTE;2949.976
2025-10-26 13:00:00;NORDESTE;SUDESTE/CENTRO-OESTE;3037.248
2025-10-26 14:00:00;NORDESTE;SUDESTE/CENTRO-OESTE;3915.868
2025-10-26 15:00:00;NORDESTE;SUDESTE/CENTRO-OESTE;4929.08299999
2025-10-26 16:00:00;NORDESTE;SUDESTE/CENTRO-OESTE;5685.484
2025-10-26 17:00:00;NORDESTE;SUDESTE/CENTRO-OESTE;6812.31
2025-10-26 18:00:00;NORDESTE;SUDESTE/CENTRO-OESTE;7611.074
2025-10-26 19:00:00;NORDESTE;SUDESTE/CENTRO-OESTE;7863.293
2025-10-26 20:00:00;NORDESTE;SUDESTE/CENTRO-OESTE;7906.74
2025-10-26 21:00:00;NORDESTE;SUDESTE/CENTRO-OESTE;7756.303
2025-10-26 22:00:00;NORDESTE;SUDESTE/CENTRO-OESTE;7294.256
2025-10-26 23:00:00;NORDESTE;SUDESTE/CENTRO-OESTE;6917.034
2025-10-27 00:00:00;NORDESTE;SUDESTE/CENTRO-OESTE;7223.066
2025-10-27 01:00:00;NORDESTE;SUDESTE/CENTRO-OESTE;7268.205
2025-10-27 02:00:00;NORDESTE;SUDESTE/CENTRO-OESTE;7440.985
2025-10-27 03:00:00;NORDESTE;SUDESTE/CENTRO-OESTE;7560.164
2025-10-27 04:00:00;NORDESTE;SUDESTE/CENTRO-OESTE;7342.486
2025-10-27 05:00:00;NORDESTE;SUDESTE/CENTRO-OESTE;7254.695
2025-10-27 06:00:00;NORDESTE;SUDESTE/CENTRO-OESTE;6322.139
2025-10-27 07:00:00;NORDESTE;SUDESTE/CENTRO-OESTE;5599.087
2025-10-27 08:00:00;NORDESTE;SUDESTE/CENTRO-OESTE;5540.89
2025-10-27 09:00:00;NORDESTE;SUDESTE/CENTRO-OESTE;5436.247
2025-10-27 10:00:00;NORDESTE;SUDESTE/CENTRO-OESTE;5184.747
2025-10-27 11:00:00;NORDESTE;SUDESTE/CENTRO-OESTE;3925.492
2025-10-27 12:00:00;NORDESTE;SUDESTE/CENTRO-OESTE;3381.952
2025-10-27 13:00:00;NORDESTE;SUDESTE/CENTRO-OESTE;3642.213
2025-10-27 14:00:00;NORDESTE;SUDESTE/CENTRO-OESTE;4038.375
2025-10-27 15:00:00;NORDESTE;SUDESTE/CENTRO-OESTE;4632.02
2025-10-27 16:00:00;NORDESTE;SUDESTE/CENTRO-OESTE;4177.207
2025-10-27 17:00:00;NORDESTE;SUDESTE/CENTRO-OESTE;5101.482
2025-10-27 18:00:00;NORDESTE;SUDESTE/CENTRO-OESTE;7039.266
2025-10-27 19:00:00;NORDESTE;SUDESTE/CENTRO-OESTE;7964.815
2025-10-27 20:00:00;NORDESTE;SUDESTE/CENTRO-OESTE;7955.871
2025-10-27 21:00:00;NORDESTE;SUDESTE/CENTRO-OESTE;7358.272
2025-10-27 22:00:00;NORDESTE;SUDESTE/CENTRO-OESTE;6920.775
2025-10-27 23:00:00;NORDESTE;SUDESTE/CENTRO-OESTE;6808.877
2025-10-28 00:00:00;NORDESTE;SUDESTE/CENTRO-OESTE;7202.862
2025-10-28 01:00:00;NORDESTE;SUDESTE/CENTRO-OESTE;7331.721
2025-10-28 02:00:00;NORDESTE;SUDESTE/CENTRO-OESTE;7509.302
2025-10-28 03:00:00;NORDESTE;SUDESTE/CENTRO-OESTE;7563.511
2025-10-28 04:00:00;NORDESTE;SUDESTE/CENTRO-OESTE;7585.349
2025-10-28 05:00:00;NORDESTE;SUDESTE/CENTRO-OESTE;7602.101
2025-10-28 06:00:00;NORDESTE;SUDESTE/CENTRO-OESTE;5898.65
2025-10-28 07:00:00;NORDESTE;SUDESTE/CENTRO-OESTE;5505.716
2025-10-28 08:00:00;NORDESTE;SUDESTE/CENTRO-OESTE;5681.27
2025-10-28 09:00:00;NORDESTE;SUDESTE/CENTRO-OESTE;6054.594
2025-10-28 10:00:00;NORDESTE;SUDESTE/CENTRO-OESTE;6000.84
2025-10-28 11:00:00;NORDESTE;SUDESTE/CENTRO-OESTE;5777.256
2025-10-28 12:00:00;NORDESTE;SUDESTE/CENTRO-OESTE;5305.283
2025-10-28 13:00:00;NORDESTE;SUDESTE/CENTRO-OESTE;4847.009
2025-10-28 14:00:00;NORDESTE;SUDESTE/CENTRO-OESTE;4254.89999999
2025-10-28 15:00:00;NORDESTE;SUDESTE/CENTRO-OESTE;4024.571
2025-10-28 16:00:00;NORDESTE;SUDESTE/CENTRO-OESTE;4556.835
2025-10-28 17:00:00;NORDESTE;SUDESTE/CENTRO-OESTE;5023.189
2025-10-28 18:00:00;NORDESTE;SUDESTE/CENTRO-OESTE;5802.584
2025-10-28 19:00:00;NORDESTE;SUDESTE/CENTRO-OESTE;6701.708
2025-10-28 20:00:00;NORDESTE;SUDESTE/CENTRO-OESTE;6444.852
2025-10-28 21:00:00;NORDESTE;SUDESTE/CENTRO-OESTE;6585.343
2025-10-28 22:00:00;NORDESTE;SUDESTE/CENTRO-OESTE;6942.059
2025-10-28 23:00:00;NORDESTE;SUDESTE/CENTRO-OESTE;6697.078
2025-10-29 00:00:00;NORDESTE;SUDESTE/CENTRO-OESTE;7212.106
2025-10-29 01:00:00;NORDESTE;SUDESTE/CENTRO-OESTE;7266.478
2025-10-29 02:00:00;NORDESTE;SUDESTE/CENTRO-OESTE;7360.244
2025-10-29 03:00:00;NORDESTE;SUDESTE/CENTRO-OESTE;7454.026
2025-10-29 04:00:00;NORDESTE;SUDESTE/CENTRO-OESTE;7313.963
2025-10-29 05:00:00;NORDESTE;SUDESTE/CENTRO-OESTE;7602.447
2025-10-29 06:00:00;NORDESTE;SUDESTE/CENTRO-OESTE;6673.562
2025-10-29 07:00:00;NORDESTE;SUDESTE/CENTRO-OESTE;6264.171
2025-10-29 08:00:00;NORDESTE;SUDESTE/CENTRO-OESTE;5855.084
2025-10-29 09:00:00;NORDESTE;SUDESTE/CENTRO-OESTE;5435.642
2025-10-29 10:00:00;NORDESTE;SUDESTE/CENTRO-OESTE;5250.146
2025-10-29 11:00:00;NORDESTE;SUDESTE/CENTRO-OESTE;4263.09
2025-10-29 12:00:00;NORDESTE;SUDESTE/CENTRO-OESTE;3971.425
2025-10-29 13:00:00;NORDESTE;SUDESTE/CENTRO-OESTE;3992.733
2025-10-29 14:00:00;NORDESTE;SUDESTE/CENTRO-OESTE;3793.989
2025-10-29 15:00:00;NORDESTE;SUDESTE/CENTRO-OESTE;4085.048
2025-10-29 16:00:00;NORDESTE;SUDESTE/CENTRO-OESTE;3644.24
2025-10-29 17:00:00;NORDESTE;SUDESTE/CENTRO-OESTE;4177.264
2025-10-29 18:00:00;NORDESTE;SUDESTE/CENTRO-OESTE;6191.58
2025-10-29 19:00:00;NORDESTE;SUDESTE/CENTRO-OESTE;7095.718
2025-10-29 20:00:00;NORDESTE;SUDESTE/CENTRO-OESTE;6625.476
2025-10-29 21:00:00;NORDESTE;SUDESTE/CENTRO-OESTE;6657.282
2025-10-29 22:00:00;NORDESTE;SUDESTE/CENTRO-OESTE;6776.39
2025-10-29 23:00:00;NORDESTE;SUDESTE/CENTRO-OESTE;6866.111
2025-10-30 00:00:00;NORDESTE;SUDESTE/CENTRO-OESTE;6966.206
2025-10-30 01:00:00;NORDESTE;SUDESTE/CENTRO-OESTE;6977.26
2025-10-30 02:00:00;NORDESTE;SUDESTE/CENTRO-OESTE;6767.955
2025-10-30 03:00:00;NORDESTE;SUDESTE/CENTRO-OESTE;6796.534
2025-10-30 04:00:00;NORDESTE;SUDESTE/CENTRO-OESTE;6863.176
2025-10-30 05:00:00;NORDESTE;SUDESTE/CENTRO-OESTE;7008.009
2025-10-30 06:00:00;NORDESTE;SUDESTE/CENTRO-OESTE;6460.685
2025-10-30 07:00:00;NORDESTE;SUDESTE/CENTRO-OESTE;5939.158
2025-10-30 08:00:00;NORDESTE;SUDESTE/CENTRO-OESTE;5615.207
2025-10-30 09:00:00;NORDESTE;SUDESTE/CENTRO-OESTE;5124.077
2025-10-30 10:00:00;NORDESTE;SUDESTE/CENTRO-OESTE;4164.48899999
2025-10-30 11:00:00;NORDESTE;SUDESTE/CENTRO-OESTE;3472.507
2025-10-30 12:00:00;NORDESTE;SUDESTE/CENTRO-OESTE;3263.608
2025-10-30 13:00:00;NORDESTE;SUDESTE/CENTRO-OESTE;3733.114
2025-10-30 14:00:00;NORDESTE;SUDESTE/CENTRO-OESTE;4378.161
2025-10-30 15:00:00;NORDESTE;SUDESTE/CENTRO-OESTE;4166.424
2025-10-30 16:00:00;NORDESTE;SUDESTE/CENTRO-OESTE;3093.69
2025-10-30 17:00:00;NORDESTE;SUDESTE/CENTRO-OESTE;3321.795
2025-10-30 18:00:00;NORDESTE;SUDESTE/CENTRO-OESTE;5819.485
2025-10-30 19:00:00;NORDESTE;SUDESTE/CENTRO-OESTE;7302.667
2025-10-30 20:00:00;NORDESTE;SUDESTE/CENTRO-OESTE;7699.62
2025-10-30 21:00:00;NORDESTE;SUDESTE/CENTRO-OESTE;7667.502
2025-10-30 22:00:00;NORDESTE;SUDESTE/CENTRO-OESTE;7086.659
2025-10-30 23:00:00;NORDESTE;SUDESTE/CENTRO-OESTE;6547.494
2025-10-31 00:00:00;NORDESTE;SUDESTE/CENTRO-OESTE;6241.923
2025-10-31 01:00:00;NORDESTE;SUDESTE/CENTRO-OESTE;6857.131
2025-10-31 02:00:00;NORDESTE;SUDESTE/CENTRO-OESTE;7069.019
2025-10-31 03:00:00;NORDESTE;SUDESTE/CENTRO-OESTE;7472.828
2025-10-31 04:00:00;NORDESTE;SUDESTE/CENTRO-OESTE;7514.223
2025-10-31 05:00:00;NORDESTE;SUDESTE/CENTRO-OESTE;7680.599
2025-10-31 06:00:00;NORDESTE;SUDESTE/CENTRO-OESTE;6893.339
2025-10-31 07:00:00;NORDESTE;SUDESTE/CENTRO-OESTE;5812.673
2025-10-31 08:00:00;NORDESTE;SUDESTE/CENTRO-OESTE;5879.378
2025-10-31 09:00:00;NORDESTE;SUDESTE/CENTRO-OESTE;5293.76
2025-10-31 10:00:00;NORDESTE;SUDESTE/CENTRO-OESTE;3654.342
2025-10-31 11:00:00;NORDESTE;SUDESTE/CENTRO-OESTE;3288.695
2025-10-31 12:00:00;NORDESTE;SUDESTE/CENTRO-OESTE;3045.123
2025-10-31 13:00:00;NORDESTE;SUDESTE/CENTRO-OESTE;2853.358
2025-10-31 14:00:00;NORDESTE;SUDESTE/CENTRO-OESTE;3596.448
2025-10-31 15:00:00;NORDESTE;SUDESTE/CENTRO-OESTE;3757.422
2025-10-31 16:00:00;NORDESTE;SUDESTE/CENTRO-OESTE;2909.314
2025-10-31 17:00:00;NORDESTE;SUDESTE/CENTRO-OESTE;3792.805
2025-10-31 18:00:00;NORDESTE;SUDESTE/CENTRO-OESTE;6362.131
2025-10-31 19:00:00;NORDESTE;SUDESTE/CENTRO-OESTE;7880.011
2025-10-31 20:00:00;NORDESTE;SUDESTE/CENTRO-OESTE;7786.335
2025-10-31 21:00:00;NORDESTE;SUDESTE/CENTRO-OESTE;7456.801
2025-10-31 22:00:00;NORDESTE;SUDESTE/CENTRO-OESTE;7290.612
2025-10-31 23:00:00;NORDESTE;SUDESTE/CENTRO-OESTE;6846.04
